{
    "trial_number": 30,
    "input_chunk_length": 27,
    "output_chunk_length": 6,
    "hidden_size": 32,
    "num_blocks": 1,
    "ff_size": 45,
    "norm_type": "LayerNorm",
    "normalize_before": true,
    "activation": "ReLU",
    "dropout": 0.31044574036320133,
    "batch_size": 118,
    "lr": 0.002006516959165244,
    "loss_function": "huber",
    "optimizer": "AdamW",
    "overall_mae_val": 0.11378436171707063,
    "metrics": {
        "MSE": {
            "Temperature": 6.081038701838219,
            "Precipitation_accumulated": 86.53266484337409,
            "Humidity": 60.71794459569326,
            "Wind_Speed_kmh": 1.2705703733858449,
            "Soil_Moisture": 19815.207008189318,
            "Soil_Temperature": 4.464059365148167,
            "Wind_Dir_Sin": 0.6023862857679015,
            "Wind_Dir_Cos": 0.3992604779294482
        },
        "RMSE": {
            "Temperature": 2.465976216803037,
            "Precipitation_accumulated": 9.3022935259738,
            "Humidity": 7.792172007578713,
            "Wind_Speed_kmh": 1.1271958008198242,
            "Soil_Moisture": 140.76649817406596,
            "Soil_Temperature": 2.1128320721600584,
            "Wind_Dir_Sin": 0.7761354815803112,
            "Wind_Dir_Cos": 0.6318706180298687
        },
        "MAE": {
            "Temperature": 1.9496647555647626,
            "Precipitation_accumulated": 8.895617173700666,
            "Humidity": 6.047947046562717,
            "Wind_Speed_kmh": 0.8814188381509422,
            "Soil_Moisture": 105.98353490155115,
            "Soil_Temperature": 1.7254498347512872,
            "Wind_Dir_Sin": 0.6611089329236015,
            "Wind_Dir_Cos": 0.5260449840874468
        },
        "R2": {
            "Temperature": 0.8004419846649705,
            "Precipitation_accumulated": -24.330510022645697,
            "Humidity": 0.5855626607116731,
            "Wind_Speed_kmh": 0.05720298049380257,
            "Soil_Moisture": 0.649627371108186,
            "Soil_Temperature": 0.7226492360618524,
            "Wind_Dir_Sin": -0.09401665072961052,
            "Wind_Dir_Cos": -0.08938864891267495
        },
        "SMAPE": {
            "Temperature": 31.633518359785587,
            "Precipitation_accumulated": 1.934175590559701,
            "Humidity": 7.151359521162073,
            "Wind_Speed_kmh": 73.46324985382498,
            "Soil_Moisture": 1.2407344052283655,
            "Soil_Temperature": 34.047831320642736,
            "Wind_Dir_Sin": 133.7834446326943,
            "Wind_Dir_Cos": 128.2308573583719
        }
    }
}