{
    "trial_number": 4,
    "input_chunk_length": 60,
    "output_chunk_length": 11,
    "hidden_size": 64,
    "num_blocks": 3,
    "ff_size": 102,
    "norm_type": "LayerNorm",
    "normalize_before": true,
    "activation": "GELU",
    "dropout": 0.19999869615585114,
    "batch_size": 172,
    "lr": 0.0011916996157333045,
    "loss_function": "smoothl1",
    "optimizer": "RMSprop",
    "overall_mae_val": 0.13105093591135022,
    "metrics": {
        "MSE": {
            "Temperature": 9.114465246065441,
            "Precipitation_accumulated": 1224.4979980489866,
            "Humidity": 84.89075411369124,
            "Wind_Speed_kmh": 1.3452084671623794,
            "Soil_Moisture": 119124.25295606843,
            "Soil_Temperature": 4.49977466976986,
            "Wind_Dir_Sin": 0.5828988476431316,
            "Wind_Dir_Cos": 0.39055552791688614
        },
        "RMSE": {
            "Temperature": 3.019017264949878,
            "Precipitation_accumulated": 34.99282780869512,
            "Humidity": 9.213617862364991,
            "Wind_Speed_kmh": 1.1598312235676274,
            "Soil_Moisture": 345.14381488890746,
            "Soil_Temperature": 2.1212672320501866,
            "Wind_Dir_Sin": 0.7634781251896688,
            "Wind_Dir_Cos": 0.6249444198621875
        },
        "MAE": {
            "Temperature": 2.4397961074372554,
            "Precipitation_accumulated": 33.46254997873079,
            "Humidity": 7.307449057908591,
            "Wind_Speed_kmh": 0.9404960168791671,
            "Soil_Moisture": 304.7080695444004,
            "Soil_Temperature": 1.6708976719343862,
            "Wind_Dir_Sin": 0.6568358732351726,
            "Wind_Dir_Cos": 0.5430715550378761
        },
        "R2": {
            "Temperature": 0.7010945112260216,
            "Precipitation_accumulated": -380.93457372170485,
            "Humidity": 0.422789206883874,
            "Wind_Speed_kmh": 0.0034270696542917367,
            "Soil_Moisture": -1.4920917084130063,
            "Soil_Temperature": 0.7191379456302045,
            "Wind_Dir_Sin": -0.06485289880062828,
            "Wind_Dir_Cos": -0.060368818164224125
        },
        "SMAPE": {
            "Temperature": 37.745807369140756,
            "Precipitation_accumulated": 7.494411348093882,
            "Humidity": 8.69033485251181,
            "Wind_Speed_kmh": 74.98456307651524,
            "Soil_Moisture": 3.6138949576566817,
            "Soil_Temperature": 28.20407244006808,
            "Wind_Dir_Sin": 128.38192852089517,
            "Wind_Dir_Cos": 150.53181749950625
        }
    }
}