{
    "trial_number": 82,
    "input_chunk_length": 87,
    "output_chunk_length": 30,
    "num_blocks": 1,
    "hidden_size": 128,
    "ff_size": 294,
    "norm_type": "LayerNorm",
    "normalize_before": true,
    "activation": "GELU",
    "dropout": 0.2,
    "batch_size": 21,
    "lr": 0.0022678111786777508,
    "forecast_horizon": 19,
    "overall_smape_val": 52.78133125493903,
    "metrics": {
        "MSE": {
            "Temperature": 0.9324367220620614,
            "Precipitation_accumulated": 91.98244954435114,
            "Humidity": 20.756718501271436,
            "Wind_Speed_kmh": 0.21691267353164662,
            "Soil_Moisture": 190878.70478330058,
            "Soil_Temperature": 1.5176677866411683,
            "Wind_Dir_Sin": 0.12144311637845187,
            "Wind_Dir_Cos": 0.13519524031909277
        },
        "RMSE": {
            "Temperature": 0.9656276311612367,
            "Precipitation_accumulated": 9.590748122245268,
            "Humidity": 4.5559541812085245,
            "Wind_Speed_kmh": 0.46573884692136924,
            "Soil_Moisture": 436.8966751799567,
            "Soil_Temperature": 1.231936600089943,
            "Wind_Dir_Sin": 0.3484868955620166,
            "Wind_Dir_Cos": 0.36768905384725936
        },
        "MAE": {
            "Temperature": 0.6611450747312366,
            "Precipitation_accumulated": 8.52122239429389,
            "Humidity": 3.0000255151188004,
            "Wind_Speed_kmh": 0.17190268703661077,
            "Soil_Moisture": 242.7653902786778,
            "Soil_Temperature": 0.8912934934244011,
            "Wind_Dir_Sin": 0.20319311224337727,
            "Wind_Dir_Cos": 0.22022688191038725
        },
        "R2": {
            "Temperature": 0.7240591060003023,
            "Precipitation_accumulated": -95.65092114521438,
            "Humidity": 0.6812507926155178,
            "Wind_Speed_kmh": 0.3701522660425707,
            "Soil_Moisture": 0.7449439933758968,
            "Soil_Temperature": 0.7281412878726974,
            "Wind_Dir_Sin": 0.2523917554523809,
            "Wind_Dir_Cos": 0.5335734208511795
        },
        "SMAPE": {
            "Temperature": 11.668901490492997,
            "Precipitation_accumulated": 1.8362413005922438,
            "Humidity": 3.5862195736771216,
            "Wind_Speed_kmh": 169.2493542982517,
            "Soil_Moisture": 3.904601758123317,
            "Soil_Temperature": 21.67256000272733,
            "Wind_Dir_Sin": 162.381892878584,
            "Wind_Dir_Cos": 47.95087873706357
        }
    }
}