{
    "trial_number": 1,
    "fold_smape": [
        162.58583243799347,
        64.37424376688753,
        78.56132669858414
    ],
    "mean_smape": 101.84046763448839,
    "hyperparameters": {
        "input_chunk_length": 60,
        "hidden_size": 176,
        "dropout": 0.4,
        "batch_size": 152,
        "lr": 2.122520441630757e-05,
        "weight_decay": 3.644013626424007e-05,
        "ff_size": 680,
        "num_blocks": 2,
        "activation": "ReLU",
        "norm_type": "LayerNorm",
        "normalize_before": true
    },
    "metrics_per_fold": [
        {
            "Temperature": {
                "MSE": 1986.7349691690806,
                "RMSE": 44.57280526474725,
                "MAE": 42.09318798475534,
                "R2": -97.51661313918252,
                "SMAPE": 109.91954093507964,
                "WAPE": 264.2653871170573
            },
            "Precipitation_accumulated": {
                "MSE": 183427.352592881,
                "RMSE": 428.2841960578058,
                "MAE": 404.34021056119883,
                "R2": -8.168722035191895,
                "SMAPE": 189.58816513214347,
                "WAPE": 99.36348002225544
            },
            "Humidity": {
                "MSE": 25559.270454709567,
                "RMSE": 159.8726695051708,
                "MAE": 151.08598622983067,
                "R2": -326.13837011894924,
                "SMAPE": 177.71430176619944,
                "WAPE": 178.7559015809377
            },
            "Wind_Speed_kmh": {
                "MSE": 47.08578856238653,
                "RMSE": 6.861908521860848,
                "MAE": 6.45630028213875,
                "R2": -266.3292476678447,
                "SMAPE": 180.60553980488314,
                "WAPE": 3419.601942241019
            },
            "Soil_Moisture": {
                "MSE": 183527520.45131347,
                "RMSE": 13547.232944454505,
                "MAE": 12686.692372533951,
                "R2": -211.9753609511589,
                "SMAPE": 92.6693380253208,
                "WAPE": 186.53168149203933
            },
            "Soil_Temperature": {
                "MSE": 287.6352383744851,
                "RMSE": 16.959812451040992,
                "MAE": 15.840213558979796,
                "R2": -12.834728511482563,
                "SMAPE": 175.97870216184003,
                "WAPE": 101.0360450646615
            },
            "Wind_Dir_Sin": {
                "MSE": 31.510999764948377,
                "RMSE": 5.613465931574572,
                "MAE": 5.301837576964696,
                "R2": -289.17649791011974,
                "SMAPE": 192.40293316706308,
                "WAPE": 3800.7408737855812
            },
            "Wind_Dir_Cos": {
                "MSE": 37.77732903019422,
                "RMSE": 6.146326466288153,
                "MAE": 5.798086099416925,
                "R2": -94.13608447633581,
                "SMAPE": 181.80813851141824,
                "WAPE": 629.346418516739
            }
        },
        {
            "Temperature": {
                "MSE": 16.826921436396763,
                "RMSE": 4.102063070748274,
                "MAE": 3.8566318851256587,
                "R2": -5.283695335632436,
                "SMAPE": 39.30376363856732,
                "WAPE": 46.31419996056707
            },
            "Precipitation_accumulated": {
                "MSE": 4851.9155793987375,
                "RMSE": 69.65569308677316,
                "MAE": 69.30770430162525,
                "R2": -20926.804863129073,
                "SMAPE": 14.041300492582579,
                "WAPE": 15.111753408521924
            },
            "Humidity": {
                "MSE": 53.10919473876724,
                "RMSE": 7.287605555926256,
                "MAE": 6.420754076366154,
                "R2": -0.42303005168459795,
                "SMAPE": 7.445745444635343,
                "WAPE": 7.33649251049579
            },
            "Wind_Speed_kmh": {
                "MSE": 0.19374809121580586,
                "RMSE": 0.4401682533029908,
                "MAE": 0.4363392062632075,
                "R2": -183.1150733291988,
                "SMAPE": 196.81042908764036,
                "WAPE": 5283.773012250413
            },
            "Soil_Moisture": {
                "MSE": 58654.90404724265,
                "RMSE": 242.18774545224755,
                "MAE": 206.98641583717318,
                "R2": -0.7583297467679255,
                "SMAPE": 3.5509985949081413,
                "WAPE": 3.532194995708254
            },
            "Soil_Temperature": {
                "MSE": 17.047186765044245,
                "RMSE": 4.128823896104585,
                "MAE": 3.892327134922659,
                "R2": -8.777381627831286,
                "SMAPE": 36.595072911634645,
                "WAPE": 43.47911850744731
            },
            "Wind_Dir_Sin": {
                "MSE": 0.03767061901553573,
                "RMSE": 0.19408920375831246,
                "MAE": 0.08201879144114858,
                "R2": -0.24737771032316092,
                "SMAPE": 197.8800614598033,
                "WAPE": 208.588745183601
            },
            "Wind_Dir_Cos": {
                "MSE": 0.0707181091287645,
                "RMSE": 0.2659287670199757,
                "MAE": 0.17683769976033764,
                "R2": -0.5510114547936225,
                "SMAPE": 19.366578505328622,
                "WAPE": 18.162526098306923
            }
        },
        {
            "Temperature": {
                "MSE": 21.88409743067153,
                "RMSE": 4.67804418861895,
                "MAE": 3.7519527406645254,
                "R2": 0.2147933819245479,
                "SMAPE": 50.76573371667807,
                "WAPE": 45.61014456776404
            },
            "Precipitation_accumulated": {
                "MSE": 12344.70941874543,
                "RMSE": 111.10674785423895,
                "MAE": 101.80071628032245,
                "R2": -2601.6308161780908,
                "SMAPE": 25.15700636992429,
                "WAPE": 21.948232827497943
            },
            "Humidity": {
                "MSE": 357.1327448282319,
                "RMSE": 18.897956101870697,
                "MAE": 16.154050671369042,
                "R2": -1.4966509854697905,
                "SMAPE": 19.5759877973616,
                "WAPE": 18.523677754559994
            },
            "Wind_Speed_kmh": {
                "MSE": 2.4134319852122164,
                "RMSE": 1.5535224443863747,
                "MAE": 1.1549190026183145,
                "R2": -0.7262435800152185,
                "SMAPE": 124.30924544874594,
                "WAPE": 85.28849972916994
            },
            "Soil_Moisture": {
                "MSE": 3977291.2967332695,
                "RMSE": 1994.3147436483714,
                "MAE": 1923.090273464962,
                "R2": -4.929617047831098,
                "SMAPE": 25.937031714472532,
                "WAPE": 23.15182016028726
            },
            "Soil_Temperature": {
                "MSE": 14.009942296842992,
                "RMSE": 3.7429857462783627,
                "MAE": 3.038627675480861,
                "R2": 0.1530503455854385,
                "SMAPE": 48.54665903330116,
                "WAPE": 43.892057595025506
            },
            "Wind_Dir_Sin": {
                "MSE": 0.5561681457411344,
                "RMSE": 0.745766817270073,
                "MAE": 0.6782554330825464,
                "R2": -0.06511395411933973,
                "SMAPE": 184.6662828291396,
                "WAPE": 99.70686850378081
            },
            "Wind_Dir_Cos": {
                "MSE": 0.6433524304483688,
                "RMSE": 0.8020925323479634,
                "MAE": 0.6736157659702169,
                "R2": -0.5218293743915536,
                "SMAPE": 149.53266667905004,
                "WAPE": 115.18511360536121
            }
        }
    ]
}