{
    "trial_number": 160,
    "input_chunk_length": 23,
    "output_chunk_length": 20,
    "num_blocks": 1,
    "hidden_size": 32,
    "ff_size": 111,
    "norm_type": "LayerNorm",
    "normalize_before": true,
    "activation": "ReLU",
    "dropout": 0.3,
    "batch_size": 19,
    "lr": 0.0025505650086125632,
    "forecast_horizon": 3,
    "overall_smape_val": 49.163205517718424,
    "metrics": {
        "MSE": {
            "Temperature": 0.7207284317579556,
            "Precipitation_accumulated": 9.748802108038657,
            "Humidity": 8.170900298148162,
            "Wind_Speed_kmh": 0.13345039371777334,
            "Soil_Moisture": 61065.712956066,
            "Soil_Temperature": 0.808923372901541,
            "Wind_Dir_Sin": 0.08013932067623374,
            "Wind_Dir_Cos": 0.09016196792705232
        },
        "RMSE": {
            "Temperature": 0.8489572614436817,
            "Precipitation_accumulated": 3.1223071770789397,
            "Humidity": 2.85847866847877,
            "Wind_Speed_kmh": 0.3653086280363131,
            "Soil_Moisture": 247.11477688731202,
            "Soil_Temperature": 0.8994016749492637,
            "Wind_Dir_Sin": 0.28308889182769736,
            "Wind_Dir_Cos": 0.3002698252023542
        },
        "MAE": {
            "Temperature": 0.5718984712374172,
            "Precipitation_accumulated": 2.493114923446387,
            "Humidity": 2.1258704827410697,
            "Wind_Speed_kmh": 0.18595074320529567,
            "Soil_Moisture": 172.08748908840246,
            "Soil_Temperature": 0.6142035371434014,
            "Wind_Dir_Sin": 0.16917347696921534,
            "Wind_Dir_Cos": 0.1662363573508901
        },
        "R2": {
            "Temperature": 0.7881906312946594,
            "Precipitation_accumulated": -9.269476775569835,
            "Humidity": 0.8743515562760393,
            "Wind_Speed_kmh": 0.6081275216978979,
            "Soil_Moisture": 0.9175290003014496,
            "Soil_Temperature": 0.8558164290646261,
            "Wind_Dir_Sin": 0.5013889561377411,
            "Wind_Dir_Cos": 0.6861246384232855
        },
        "SMAPE": {
            "Temperature": 9.960766882957534,
            "Precipitation_accumulated": 0.5418702033819979,
            "Humidity": 2.519592764891839,
            "Wind_Speed_kmh": 166.52478945281104,
            "Soil_Moisture": 2.836246017512424,
            "Soil_Temperature": 16.87027966843249,
            "Wind_Dir_Sin": 152.3953428686845,
            "Wind_Dir_Cos": 41.65675628307548
        }
    }
}