{
    "trial_number": 248,
    "input_chunk_length": 78,
    "output_chunk_length": 13,
    "num_blocks": 1,
    "hidden_size": 32,
    "ff_size": 70,
    "norm_type": "LayerNorm",
    "normalize_before": true,
    "activation": "ReLU",
    "dropout": 0.3,
    "batch_size": 24,
    "lr": 0.0042352438594145175,
    "forecast_horizon": 1,
    "overall_smape_val": 47.39959256494128,
    "metrics": {
        "MSE": {
            "Temperature": 1.2753274940046968,
            "Precipitation_accumulated": 349.6391198623628,
            "Humidity": 4.61376301103278,
            "Wind_Speed_kmh": 0.09440136804491414,
            "Soil_Moisture": 27260.40031642336,
            "Soil_Temperature": 1.1550382565393864,
            "Wind_Dir_Sin": 0.06143412954735596,
            "Wind_Dir_Cos": 0.05718366739693878
        },
        "RMSE": {
            "Temperature": 1.1293039865353778,
            "Precipitation_accumulated": 18.698639519022844,
            "Humidity": 2.1479671810883842,
            "Wind_Speed_kmh": 0.3072480562101478,
            "Soil_Moisture": 165.1072388371369,
            "Soil_Temperature": 1.0747270614157747,
            "Wind_Dir_Sin": 0.24785909212162455,
            "Wind_Dir_Cos": 0.23913106740224863
        },
        "MAE": {
            "Temperature": 0.9529257669331009,
            "Precipitation_accumulated": 17.436987883214805,
            "Humidity": 1.548509312394378,
            "Wind_Speed_kmh": 0.13528419654893573,
            "Soil_Moisture": 112.31336145179449,
            "Soil_Temperature": 0.7905672198721396,
            "Wind_Dir_Sin": 0.1570485855531951,
            "Wind_Dir_Cos": 0.14274909602503938
        },
        "R2": {
            "Temperature": 0.6253827437782075,
            "Precipitation_accumulated": -367.37326796302824,
            "Humidity": 0.9290502995911152,
            "Wind_Speed_kmh": 0.7226002616673334,
            "Soil_Moisture": 0.9631601360060437,
            "Soil_Temperature": 0.7941918282317937,
            "Wind_Dir_Sin": 0.6175163914225662,
            "Wind_Dir_Cos": 0.8008182912115095
        },
        "SMAPE": {
            "Temperature": 15.408751956963037,
            "Precipitation_accumulated": 3.714225883812365,
            "Humidity": 1.8420030114419632,
            "Wind_Speed_kmh": 150.74630326261553,
            "Soil_Moisture": 1.8730710076129216,
            "Soil_Temperature": 18.982474494585176,
            "Wind_Dir_Sin": 147.12966284228455,
            "Wind_Dir_Cos": 39.500248060214524
        }
    }
}