{
    "trial_number": 162,
    "input_chunk_length": 25,
    "output_chunk_length": 21,
    "num_blocks": 1,
    "hidden_size": 32,
    "ff_size": 115,
    "norm_type": "LayerNorm",
    "normalize_before": true,
    "activation": "ReLU",
    "dropout": 0.3,
    "batch_size": 19,
    "lr": 0.0024184135884000924,
    "forecast_horizon": 3,
    "overall_smape_val": 50.94406216965828,
    "metrics": {
        "MSE": {
            "Temperature": 1.0308388543834424,
            "Precipitation_accumulated": 154.33587173688417,
            "Humidity": 15.057441153302243,
            "Wind_Speed_kmh": 0.14438853806867202,
            "Soil_Moisture": 55573.439756332606,
            "Soil_Temperature": 0.9884703290804409,
            "Wind_Dir_Sin": 0.08237166177508985,
            "Wind_Dir_Cos": 0.08442086852456392
        },
        "RMSE": {
            "Temperature": 1.0153023462907207,
            "Precipitation_accumulated": 12.42319893332165,
            "Humidity": 3.88039188140866,
            "Wind_Speed_kmh": 0.37998491821212066,
            "Soil_Moisture": 235.74019546172562,
            "Soil_Temperature": 0.9942184513880442,
            "Wind_Dir_Sin": 0.2870046372013697,
            "Wind_Dir_Cos": 0.290552694918777
        },
        "MAE": {
            "Temperature": 0.766016686351605,
            "Precipitation_accumulated": 12.094286831685414,
            "Humidity": 3.182925211251308,
            "Wind_Speed_kmh": 0.17776811972345477,
            "Soil_Moisture": 108.18095045595119,
            "Soil_Temperature": 0.693102292136725,
            "Wind_Dir_Sin": 0.17482896800664693,
            "Wind_Dir_Cos": 0.16715802871587485
        },
        "R2": {
            "Temperature": 0.6970546500415851,
            "Precipitation_accumulated": -161.5788104912235,
            "Humidity": 0.7684534165951904,
            "Wind_Speed_kmh": 0.5760080380800542,
            "Soil_Moisture": 0.924946473044713,
            "Soil_Temperature": 0.8238137423335037,
            "Wind_Dir_Sin": 0.48749977020298496,
            "Wind_Dir_Cos": 0.7061107777260773
        },
        "SMAPE": {
            "Temperature": 13.141015680286033,
            "Precipitation_accumulated": 2.596323696271779,
            "Humidity": 3.85431063674459,
            "Wind_Speed_kmh": 168.9353964673442,
            "Soil_Moisture": 1.6679982544168472,
            "Soil_Temperature": 18.745594723798824,
            "Wind_Dir_Sin": 154.20382515075667,
            "Wind_Dir_Cos": 44.40803274764735
        }
    }
}