{
    "trial_number": 21,
    "input_chunk_length": 79,
    "output_chunk_length": 28,
    "num_blocks": 1,
    "hidden_size": 128,
    "ff_size": 251,
    "norm_type": "LayerNorm",
    "normalize_before": true,
    "activation": "GELU",
    "dropout": 0.15000000000000002,
    "batch_size": 24,
    "lr": 0.0032867051619144627,
    "forecast_horizon": 19,
    "overall_smape_val": 52.75985207252263,
    "metrics": {
        "MSE": {
            "Temperature": 1.1938187595001875,
            "Precipitation_accumulated": 427.20468431814083,
            "Humidity": 22.294062814213575,
            "Wind_Speed_kmh": 0.20305104262893023,
            "Soil_Moisture": 191278.3119579433,
            "Soil_Temperature": 1.2290197156706035,
            "Wind_Dir_Sin": 0.1035037306531596,
            "Wind_Dir_Cos": 0.12474990057691443
        },
        "RMSE": {
            "Temperature": 1.0926201350424527,
            "Precipitation_accumulated": 20.66893041059795,
            "Humidity": 4.721658904899164,
            "Wind_Speed_kmh": 0.45061185362674405,
            "Soil_Moisture": 437.35376065371076,
            "Soil_Temperature": 1.1086116162437607,
            "Wind_Dir_Sin": 0.3217199568773432,
            "Wind_Dir_Cos": 0.3531995195026664
        },
        "MAE": {
            "Temperature": 0.7792008014991555,
            "Precipitation_accumulated": 18.678552009257164,
            "Humidity": 3.016530183631187,
            "Wind_Speed_kmh": 0.2282735372804384,
            "Soil_Moisture": 190.53402984944833,
            "Soil_Temperature": 0.8431191256647271,
            "Wind_Dir_Sin": 0.21194713794367664,
            "Wind_Dir_Cos": 0.2256309409916992
        },
        "R2": {
            "Temperature": 0.6467069475325041,
            "Precipitation_accumulated": -447.8870046561456,
            "Humidity": 0.6576426639415498,
            "Wind_Speed_kmh": 0.4104021816924114,
            "Soil_Moisture": 0.7444100301436,
            "Soil_Temperature": 0.779846604097243,
            "Wind_Dir_Sin": 0.36282726691071543,
            "Wind_Dir_Cos": 0.5696100747488495
        },
        "SMAPE": {
            "Temperature": 13.349225341051634,
            "Precipitation_accumulated": 4.166974375403996,
            "Humidity": 3.521922763713046,
            "Wind_Speed_kmh": 169.18845875516513,
            "Soil_Moisture": 2.8863732076013755,
            "Soil_Temperature": 22.417391829860918,
            "Wind_Dir_Sin": 156.78497448678226,
            "Wind_Dir_Cos": 49.76349582060278
        }
    }
}