{
    "trial_number": 163,
    "input_chunk_length": 30,
    "output_chunk_length": 17,
    "num_blocks": 1,
    "hidden_size": 32,
    "ff_size": 111,
    "norm_type": "LayerNorm",
    "normalize_before": true,
    "activation": "ReLU",
    "dropout": 0.3,
    "batch_size": 21,
    "lr": 0.002018490475084528,
    "forecast_horizon": 1,
    "overall_smape_val": 47.243417882124895,
    "metrics": {
        "MSE": {
            "Temperature": 0.7292488785529395,
            "Precipitation_accumulated": 55.487633429310826,
            "Humidity": 6.149930063976458,
            "Wind_Speed_kmh": 0.1050200335244859,
            "Soil_Moisture": 21277.99652299221,
            "Soil_Temperature": 0.5901181804794848,
            "Wind_Dir_Sin": 0.06156460666707735,
            "Wind_Dir_Cos": 0.062470468089591495
        },
        "RMSE": {
            "Temperature": 0.8539607008246571,
            "Precipitation_accumulated": 7.449002176755678,
            "Humidity": 2.4799052530240866,
            "Wind_Speed_kmh": 0.3240679458454444,
            "Soil_Moisture": 145.8697930450037,
            "Soil_Temperature": 0.7681914998745332,
            "Wind_Dir_Sin": 0.24812216077383606,
            "Wind_Dir_Cos": 0.24994092920046426
        },
        "MAE": {
            "Temperature": 0.5444647468935641,
            "Precipitation_accumulated": 6.198649324219768,
            "Humidity": 1.9881983226276947,
            "Wind_Speed_kmh": 0.13611625878341127,
            "Soil_Moisture": 92.88971939133468,
            "Soil_Temperature": 0.6045618481159603,
            "Wind_Dir_Sin": 0.13058764890806943,
            "Wind_Dir_Cos": 0.14772178038057177
        },
        "R2": {
            "Temperature": 0.7857889716401619,
            "Precipitation_accumulated": -57.46073764839636,
            "Humidity": 0.9054273714251633,
            "Wind_Speed_kmh": 0.6913971648639707,
            "Soil_Moisture": 0.9712447913870638,
            "Soil_Temperature": 0.8948509773039524,
            "Wind_Dir_Sin": 0.6167040520933444,
            "Wind_Dir_Cos": 0.7824033478557934
        },
        "SMAPE": {
            "Temperature": 9.472946432627195,
            "Precipitation_accumulated": 1.340796902850945,
            "Humidity": 2.388799052988571,
            "Wind_Speed_kmh": 154.7436089897688,
            "Soil_Moisture": 1.4949299791252935,
            "Soil_Temperature": 17.938554965573676,
            "Wind_Dir_Sin": 149.3037952734662,
            "Wind_Dir_Cos": 41.26391146059851
        }
    }
}