{
    "trial_number": 241,
    "input_chunk_length": 77,
    "output_chunk_length": 15,
    "num_blocks": 1,
    "hidden_size": 32,
    "ff_size": 68,
    "norm_type": "LayerNorm",
    "normalize_before": true,
    "activation": "ReLU",
    "dropout": 0.3,
    "batch_size": 26,
    "lr": 0.004906584534936524,
    "forecast_horizon": 2,
    "overall_smape_val": 50.35483755921685,
    "metrics": {
        "MSE": {
            "Temperature": 0.6918487130682285,
            "Precipitation_accumulated": 165.50010402825848,
            "Humidity": 37.562460454548635,
            "Wind_Speed_kmh": 0.13242401523237446,
            "Soil_Moisture": 43033.75336512474,
            "Soil_Temperature": 0.9759956802603607,
            "Wind_Dir_Sin": 0.07694578295209932,
            "Wind_Dir_Cos": 0.07374219631991788
        },
        "RMSE": {
            "Temperature": 0.8317744364118367,
            "Precipitation_accumulated": 12.864684373441055,
            "Humidity": 6.128822109879567,
            "Wind_Speed_kmh": 0.3639011063906985,
            "Soil_Moisture": 207.44578415847536,
            "Soil_Temperature": 0.9879249365515381,
            "Wind_Dir_Sin": 0.27739102896831275,
            "Wind_Dir_Cos": 0.2715551441602937
        },
        "MAE": {
            "Temperature": 0.5732723982662928,
            "Precipitation_accumulated": 10.346086371001194,
            "Humidity": 5.466201922040578,
            "Wind_Speed_kmh": 0.18229798652360085,
            "Soil_Moisture": 119.02949467277446,
            "Soil_Temperature": 0.8130455306666379,
            "Wind_Dir_Sin": 0.1627112764202414,
            "Wind_Dir_Cos": 0.15358481631530405
        },
        "R2": {
            "Temperature": 0.7967749712692672,
            "Precipitation_accumulated": -173.36782872897692,
            "Humidity": 0.42237056617386926,
            "Wind_Speed_kmh": 0.6108701819136317,
            "Soil_Moisture": 0.9418439346921279,
            "Soil_Temperature": 0.8260941700668232,
            "Wind_Dir_Sin": 0.5209421709857761,
            "Wind_Dir_Cos": 0.743141751107697
        },
        "SMAPE": {
            "Temperature": 9.95736871088368,
            "Precipitation_accumulated": 2.218166971277595,
            "Humidity": 6.504594584915402,
            "Wind_Speed_kmh": 161.14072450784363,
            "Soil_Moisture": 1.8734326556834406,
            "Soil_Temperature": 20.774584011651292,
            "Wind_Dir_Sin": 157.77175766958123,
            "Wind_Dir_Cos": 42.598071361898526
        }
    }
}