{
    "trial_number": 3,
    "input_chunk_length": 115,
    "output_chunk_length": 59,
    "num_blocks": 2,
    "hidden_size": 64,
    "ff_size": 103,
    "norm_type": "LayerNormNoBias",
    "normalize_before": false,
    "activation": "ReLU",
    "dropout": 0.15000000000000002,
    "batch_size": 58,
    "lr": 0.0016312928239787135,
    "forecast_horizon": 1,
    "overall_smape_val": 54.387226323812,
    "metrics": {
        "MSE": {
            "Temperature": 2.376063293337678,
            "Precipitation_accumulated": 193.18792015258342,
            "Humidity": 22.90497910387868,
            "Wind_Speed_kmh": 0.21436758296075453,
            "Soil_Moisture": 155277.74195480958,
            "Soil_Temperature": 1.4205301239897008,
            "Wind_Dir_Sin": 0.1326130718284927,
            "Wind_Dir_Cos": 0.1624465889996532
        },
        "RMSE": {
            "Temperature": 1.5414484400516542,
            "Precipitation_accumulated": 13.899205738191784,
            "Humidity": 4.785914656978192,
            "Wind_Speed_kmh": 0.4629984697175084,
            "Soil_Moisture": 394.0529684633902,
            "Soil_Temperature": 1.191859943109802,
            "Wind_Dir_Sin": 0.36416077744382724,
            "Wind_Dir_Cos": 0.4030466337778461
        },
        "MAE": {
            "Temperature": 1.3202378310400498,
            "Precipitation_accumulated": 11.08147530165037,
            "Humidity": 3.7349823562375892,
            "Wind_Speed_kmh": 0.2448815868882106,
            "Soil_Moisture": 235.2535430280228,
            "Soil_Temperature": 0.9466433043548077,
            "Wind_Dir_Sin": 0.22889869195753712,
            "Wind_Dir_Cos": 0.2486188604697963
        },
        "R2": {
            "Temperature": 0.30205040215639,
            "Precipitation_accumulated": -202.5391963736846,
            "Humidity": 0.6477709406820651,
            "Wind_Speed_kmh": 0.370077863786602,
            "Soil_Moisture": 0.7901567538075553,
            "Soil_Temperature": 0.7468856930887168,
            "Wind_Dir_Sin": 0.1743624166042519,
            "Wind_Dir_Cos": 0.43416729537104404
        },
        "SMAPE": {
            "Temperature": 21.12371027375192,
            "Precipitation_accumulated": 2.414192973678873,
            "Humidity": 4.419153659829279,
            "Wind_Speed_kmh": 169.0246134164856,
            "Soil_Moisture": 3.7016856141591448,
            "Soil_Temperature": 21.961411845289838,
            "Wind_Dir_Sin": 164.6210978098214,
            "Wind_Dir_Cos": 47.83194499747995
        }
    }
}