{
    "trial_number": 109,
    "input_chunk_length": 73,
    "output_chunk_length": 26,
    "num_blocks": 1,
    "hidden_size": 32,
    "ff_size": 118,
    "norm_type": "LayerNorm",
    "normalize_before": true,
    "activation": "ReLU",
    "dropout": 0.3,
    "batch_size": 25,
    "lr": 0.0021619441460337062,
    "forecast_horizon": 1,
    "overall_smape_val": 49.08619082027043,
    "metrics": {
        "MSE": {
            "Temperature": 0.7205420817328186,
            "Precipitation_accumulated": 97.44876058137864,
            "Humidity": 14.230196577365692,
            "Wind_Speed_kmh": 0.09641346746159458,
            "Soil_Moisture": 18715.709884042928,
            "Soil_Temperature": 0.6353158468154505,
            "Wind_Dir_Sin": 0.06364509240780976,
            "Wind_Dir_Cos": 0.06659799185915498
        },
        "RMSE": {
            "Temperature": 0.848847502047817,
            "Precipitation_accumulated": 9.871613879269116,
            "Humidity": 3.7722932782812224,
            "Wind_Speed_kmh": 0.3105051810543499,
            "Soil_Moisture": 136.80537227771038,
            "Soil_Temperature": 0.7970670278059747,
            "Wind_Dir_Sin": 0.2522797899313573,
            "Wind_Dir_Cos": 0.2580658672880917
        },
        "MAE": {
            "Temperature": 0.5810721084338627,
            "Precipitation_accumulated": 8.430247093254447,
            "Humidity": 3.3625975364422063,
            "Wind_Speed_kmh": 0.14427092138093234,
            "Soil_Moisture": 79.9646777405838,
            "Soil_Temperature": 0.6401081425970389,
            "Wind_Dir_Sin": 0.1366484907270292,
            "Wind_Dir_Cos": 0.15273164371975392
        },
        "R2": {
            "Temperature": 0.78834652360275,
            "Precipitation_accumulated": -101.67020008642172,
            "Humidity": 0.781170341539144,
            "Wind_Speed_kmh": 0.7166876794320748,
            "Soil_Moisture": 0.9747074804964219,
            "Soil_Temperature": 0.8867975219104797,
            "Wind_Dir_Sin": 0.603751126747575,
            "Wind_Dir_Cos": 0.7680263889283431
        },
        "SMAPE": {
            "Temperature": 9.960931405519972,
            "Precipitation_accumulated": 1.811597246047045,
            "Humidity": 4.0624119303925905,
            "Wind_Speed_kmh": 163.35872522469202,
            "Soil_Moisture": 1.291977048181317,
            "Soil_Temperature": 19.35468827268151,
            "Wind_Dir_Sin": 149.4801696558757,
            "Wind_Dir_Cos": 43.369025778773505
        }
    }
}