{
    "trial_number": 7,
    "input_chunk_length": 70,
    "output_chunk_length": 2,
    "hidden_size": 32,
    "num_blocks": 1,
    "ff_size": 92,
    "norm_type": "LayerNormNoBias",
    "normalize_before": true,
    "activation": "ReLU",
    "dropout": 0.34408077866616393,
    "batch_size": 220,
    "lr": 0.0005959801771348672,
    "loss_function": "smoothl1",
    "optimizer": "Adam",
    "overall_mae_val": 0.17375637312499753,
    "metrics": {
        "MSE": {
            "Temperature": 14.932866487147942,
            "Precipitation_accumulated": 13296.625278916741,
            "Humidity": 99.46779320927968,
            "Wind_Speed_kmh": 1.53232985171206,
            "Soil_Moisture": 825165.6649430926,
            "Soil_Temperature": 6.905512820761747,
            "Wind_Dir_Sin": 0.5671998224009189,
            "Wind_Dir_Cos": 0.37789146351666675
        },
        "RMSE": {
            "Temperature": 3.8643067278812047,
            "Precipitation_accumulated": 115.31099374698294,
            "Humidity": 9.973354160425652,
            "Wind_Speed_kmh": 1.237873116160158,
            "Soil_Moisture": 908.3862972013022,
            "Soil_Temperature": 2.6278342452981596,
            "Wind_Dir_Sin": 0.7531266974426806,
            "Wind_Dir_Cos": 0.6147287723188714
        },
        "MAE": {
            "Temperature": 3.0243924650872507,
            "Precipitation_accumulated": 112.96791489395162,
            "Humidity": 8.482496510435762,
            "Wind_Speed_kmh": 0.9607686977149972,
            "Soil_Moisture": 897.0996451018275,
            "Soil_Temperature": 2.1244479065043476,
            "Wind_Dir_Sin": 0.6547442885066218,
            "Wind_Dir_Cos": 0.539056115986137
        },
        "R2": {
            "Temperature": 0.5098790367062557,
            "Precipitation_accumulated": -4153.950708761342,
            "Humidity": 0.32360400197035355,
            "Wind_Speed_kmh": -0.13451362845231785,
            "Soil_Moisture": -16.34567219961698,
            "Soil_Temperature": 0.5686181183027008,
            "Wind_Dir_Sin": -0.03586174575952339,
            "Wind_Dir_Cos": -0.026768847572482102
        },
        "SMAPE": {
            "Temperature": 42.7824326391722,
            "Precipitation_accumulated": 27.837853574704457,
            "Humidity": 10.040931203144625,
            "Wind_Speed_kmh": 79.50428365452503,
            "Soil_Moisture": 11.01541957101858,
            "Soil_Temperature": 33.02444827155213,
            "Wind_Dir_Sin": 127.06654860595617,
            "Wind_Dir_Cos": 158.54155522185863
        }
    }
}