{
    "trial_number": 133,
    "input_chunk_length": 19,
    "output_chunk_length": 18,
    "num_blocks": 1,
    "hidden_size": 32,
    "ff_size": 81,
    "norm_type": "LayerNorm",
    "normalize_before": true,
    "activation": "ReLU",
    "dropout": 0.3,
    "batch_size": 17,
    "lr": 0.004403848247866674,
    "forecast_horizon": 4,
    "overall_smape_val": 51.21309022656969,
    "metrics": {
        "MSE": {
            "Temperature": 1.5822353274683223,
            "Precipitation_accumulated": 44.43636762536215,
            "Humidity": 17.850331627594407,
            "Wind_Speed_kmh": 0.13889889100651498,
            "Soil_Moisture": 55954.62732448454,
            "Soil_Temperature": 1.940109723255165,
            "Wind_Dir_Sin": 0.08509324401307604,
            "Wind_Dir_Cos": 0.09197818060832294
        },
        "RMSE": {
            "Temperature": 1.2578693602549997,
            "Precipitation_accumulated": 6.666060877711975,
            "Humidity": 4.224965281229469,
            "Wind_Speed_kmh": 0.37269141525733457,
            "Soil_Moisture": 236.54730462316527,
            "Soil_Temperature": 1.3928782155146102,
            "Wind_Dir_Sin": 0.29170746307401196,
            "Wind_Dir_Cos": 0.30327904742715567
        },
        "MAE": {
            "Temperature": 1.0109499180810668,
            "Precipitation_accumulated": 5.523064804851532,
            "Humidity": 3.162228138180571,
            "Wind_Speed_kmh": 0.1522812063096506,
            "Soil_Moisture": 77.01760326758101,
            "Soil_Temperature": 0.9569935077910885,
            "Wind_Dir_Sin": 0.19259646283824508,
            "Wind_Dir_Cos": 0.206968372459962
        },
        "R2": {
            "Temperature": 0.5348123211738508,
            "Precipitation_accumulated": -45.802050115340734,
            "Humidity": 0.7255236974905827,
            "Wind_Speed_kmh": 0.5924127231850934,
            "Soil_Moisture": 0.9244812576417357,
            "Soil_Temperature": 0.6540783045495994,
            "Wind_Dir_Sin": 0.47091645701018303,
            "Wind_Dir_Cos": 0.6799816010218946
        },
        "SMAPE": {
            "Temperature": 16.629842000261753,
            "Precipitation_accumulated": 1.194453890875776,
            "Humidity": 3.726505968100088,
            "Wind_Speed_kmh": 162.88476259906267,
            "Soil_Moisture": 1.192442122485367,
            "Soil_Temperature": 21.36597011663435,
            "Wind_Dir_Sin": 154.4726971375992,
            "Wind_Dir_Cos": 48.238047977538095
        }
    }
}