{
    "trial_number": 63,
    "input_chunk_length": 82,
    "output_chunk_length": 36,
    "num_blocks": 1,
    "hidden_size": 128,
    "ff_size": 244,
    "norm_type": "LayerNorm",
    "normalize_before": true,
    "activation": "GELU",
    "dropout": 0.2,
    "batch_size": 20,
    "lr": 0.0031419838100208678,
    "forecast_horizon": 22,
    "overall_smape_val": 54.026956737282255,
    "metrics": {
        "MSE": {
            "Temperature": 1.410775163650319,
            "Precipitation_accumulated": 614.5684530996233,
            "Humidity": 38.42242179838187,
            "Wind_Speed_kmh": 0.23550185437975546,
            "Soil_Moisture": 174982.35504897527,
            "Soil_Temperature": 1.9480781346917104,
            "Wind_Dir_Sin": 0.12094029277397254,
            "Wind_Dir_Cos": 0.1393799440543323
        },
        "RMSE": {
            "Temperature": 1.187760566633831,
            "Precipitation_accumulated": 24.790491183105335,
            "Humidity": 6.198582240995264,
            "Wind_Speed_kmh": 0.4852853329534651,
            "Soil_Moisture": 418.30892298512504,
            "Soil_Temperature": 1.395735696574287,
            "Wind_Dir_Sin": 0.3477647089254063,
            "Wind_Dir_Cos": 0.37333623458530285
        },
        "MAE": {
            "Temperature": 0.8282359934719892,
            "Precipitation_accumulated": 23.005954169178267,
            "Humidity": 4.864821283275418,
            "Wind_Speed_kmh": 0.193684167597883,
            "Soil_Moisture": 175.4054695397577,
            "Soil_Temperature": 1.1812293313729871,
            "Wind_Dir_Sin": 0.22160677232218773,
            "Wind_Dir_Cos": 0.22601993930107225
        },
        "R2": {
            "Temperature": 0.5813676815385718,
            "Precipitation_accumulated": -644.4677007877158,
            "Humidity": 0.40963503357929776,
            "Wind_Speed_kmh": 0.3176220146911434,
            "Soil_Moisture": 0.7666488426625316,
            "Soil_Temperature": 0.6505981860578887,
            "Wind_Dir_Sin": 0.25697812192608915,
            "Wind_Dir_Cos": 0.5199508652565044
        },
        "SMAPE": {
            "Temperature": 14.296884785900046,
            "Precipitation_accumulated": 4.864262617124709,
            "Humidity": 5.8717908647400625,
            "Wind_Speed_kmh": 166.7527334626278,
            "Soil_Moisture": 2.7284634555406164,
            "Soil_Temperature": 28.91222865098649,
            "Wind_Dir_Sin": 160.68644395737962,
            "Wind_Dir_Cos": 48.102846103958306
        }
    }
}