{
    "trial_number": 134,
    "input_chunk_length": 19,
    "output_chunk_length": 16,
    "num_blocks": 1,
    "hidden_size": 32,
    "ff_size": 81,
    "norm_type": "LayerNorm",
    "normalize_before": true,
    "activation": "ReLU",
    "dropout": 0.3,
    "batch_size": 17,
    "lr": 0.003365111654158813,
    "forecast_horizon": 3,
    "overall_smape_val": 51.018597102407185,
    "metrics": {
        "MSE": {
            "Temperature": 1.2843942696885193,
            "Precipitation_accumulated": 187.67844792818818,
            "Humidity": 10.648335877490673,
            "Wind_Speed_kmh": 0.1357205061276649,
            "Soil_Moisture": 47578.13462110635,
            "Soil_Temperature": 1.5399814010223793,
            "Wind_Dir_Sin": 0.10054308796487614,
            "Wind_Dir_Cos": 0.0927753653640341
        },
        "RMSE": {
            "Temperature": 1.1333111971954215,
            "Precipitation_accumulated": 13.699578385052154,
            "Humidity": 3.2631787994976116,
            "Wind_Speed_kmh": 0.3684026413147236,
            "Soil_Moisture": 218.12412663689074,
            "Soil_Temperature": 1.2409598708348224,
            "Wind_Dir_Sin": 0.31708530077074865,
            "Wind_Dir_Cos": 0.3045904879736629
        },
        "MAE": {
            "Temperature": 0.8801502797337739,
            "Precipitation_accumulated": 11.63894453529211,
            "Humidity": 2.419939122257772,
            "Wind_Speed_kmh": 0.1668770661356214,
            "Soil_Moisture": 93.31184836830202,
            "Soil_Temperature": 0.8096157799536892,
            "Wind_Dir_Sin": 0.24847338195203358,
            "Wind_Dir_Cos": 0.2279679290294273
        },
        "R2": {
            "Temperature": 0.6225391875162702,
            "Precipitation_accumulated": -196.70218339792342,
            "Humidity": 0.8362546619789317,
            "Wind_Speed_kmh": 0.6014614149049129,
            "Soil_Moisture": 0.9357443623262393,
            "Soil_Temperature": 0.7255116800778947,
            "Wind_Dir_Sin": 0.37444074119573856,
            "Wind_Dir_Cos": 0.6770267772703438
        },
        "SMAPE": {
            "Temperature": 14.992021902304481,
            "Precipitation_accumulated": 2.4943240578292922,
            "Humidity": 2.8659498793044227,
            "Wind_Speed_kmh": 161.1287363932225,
            "Soil_Moisture": 1.435472385607077,
            "Soil_Temperature": 19.967434954201963,
            "Wind_Dir_Sin": 154.00401951411342,
            "Wind_Dir_Cos": 51.26081773267433
        }
    }
}