{
    "trial_number": 141,
    "input_chunk_length": 18,
    "output_chunk_length": 15,
    "num_blocks": 1,
    "hidden_size": 32,
    "ff_size": 86,
    "norm_type": "LayerNorm",
    "normalize_before": true,
    "activation": "ReLU",
    "dropout": 0.3,
    "batch_size": 20,
    "lr": 0.002860758318071202,
    "forecast_horizon": 5,
    "overall_smape_val": 50.16545274297768,
    "metrics": {
        "MSE": {
            "Temperature": 1.0957739276696847,
            "Precipitation_accumulated": 23.508486348254465,
            "Humidity": 9.56041549289224,
            "Wind_Speed_kmh": 0.15428474864138758,
            "Soil_Moisture": 64394.58754283237,
            "Soil_Temperature": 0.8109168267901966,
            "Wind_Dir_Sin": 0.08464228008307947,
            "Wind_Dir_Cos": 0.10080542399386694
        },
        "RMSE": {
            "Temperature": 1.0467922084490717,
            "Precipitation_accumulated": 4.848555078397529,
            "Humidity": 3.09199215602049,
            "Wind_Speed_kmh": 0.39279097321780143,
            "Soil_Moisture": 253.76088655037515,
            "Soil_Temperature": 0.9005092041673959,
            "Wind_Dir_Sin": 0.2909334633263755,
            "Wind_Dir_Cos": 0.31749869920027535
        },
        "MAE": {
            "Temperature": 0.7645757812321344,
            "Precipitation_accumulated": 4.090075827658913,
            "Humidity": 2.1548036939273114,
            "Wind_Speed_kmh": 0.17500349976293395,
            "Soil_Moisture": 109.04502846730942,
            "Soil_Temperature": 0.6726932448518153,
            "Wind_Dir_Sin": 0.1619015450633792,
            "Wind_Dir_Cos": 0.18178550661973863
        },
        "R2": {
            "Temperature": 0.6777098487669817,
            "Precipitation_accumulated": -23.756004238283822,
            "Humidity": 0.853007149792482,
            "Wind_Speed_kmh": 0.5475802400026615,
            "Soil_Moisture": 0.9131477551360225,
            "Soil_Temperature": 0.8553654965983969,
            "Wind_Dir_Sin": 0.4740683833441127,
            "Wind_Dir_Cos": 0.649465943273213
        },
        "SMAPE": {
            "Temperature": 12.958531909299944,
            "Precipitation_accumulated": 0.8917632169398838,
            "Humidity": 2.5441626894888834,
            "Wind_Speed_kmh": 163.304363919823,
            "Soil_Moisture": 1.73623126589927,
            "Soil_Temperature": 17.57919113120045,
            "Wind_Dir_Sin": 157.78898158342776,
            "Wind_Dir_Cos": 44.52039622774233
        }
    }
}