{
    "trial_number": 215,
    "input_chunk_length": 23,
    "output_chunk_length": 20,
    "num_blocks": 1,
    "hidden_size": 32,
    "ff_size": 41,
    "norm_type": "LayerNorm",
    "normalize_before": true,
    "activation": "ReLU",
    "dropout": 0.3,
    "batch_size": 20,
    "lr": 0.003967992076608238,
    "forecast_horizon": 4,
    "overall_smape_val": 52.26475519551109,
    "metrics": {
        "MSE": {
            "Temperature": 1.1762414014955174,
            "Precipitation_accumulated": 48.1554668855755,
            "Humidity": 18.211056073781943,
            "Wind_Speed_kmh": 0.18059609160021425,
            "Soil_Moisture": 93379.26370672882,
            "Soil_Temperature": 0.8306767402377954,
            "Wind_Dir_Sin": 0.09488976191602166,
            "Wind_Dir_Cos": 0.1066687020458071
        },
        "RMSE": {
            "Temperature": 1.084546634080581,
            "Precipitation_accumulated": 6.93941401600852,
            "Humidity": 4.267441396642951,
            "Wind_Speed_kmh": 0.42496598875699954,
            "Soil_Moisture": 305.5802083033664,
            "Soil_Temperature": 0.9114146916951664,
            "Wind_Dir_Sin": 0.30804181845330947,
            "Wind_Dir_Cos": 0.3266017483814303
        },
        "MAE": {
            "Temperature": 0.7520718960642119,
            "Precipitation_accumulated": 6.061346698664668,
            "Humidity": 3.435651501939641,
            "Wind_Speed_kmh": 0.2567954880737102,
            "Soil_Moisture": 207.47738275101915,
            "Soil_Temperature": 0.5790457634058391,
            "Wind_Dir_Sin": 0.19554217828826626,
            "Wind_Dir_Cos": 0.23513194971039328
        },
        "R2": {
            "Temperature": 0.6541772277475133,
            "Precipitation_accumulated": -49.71914503695818,
            "Humidity": 0.7199770043377645,
            "Wind_Speed_kmh": 0.470055745979324,
            "Soil_Moisture": 0.8739713783351906,
            "Soil_Temperature": 0.8518902807867235,
            "Wind_Dir_Sin": 0.41000473057209874,
            "Wind_Dir_Cos": 0.6288690749914352
        },
        "SMAPE": {
            "Temperature": 12.998245756027398,
            "Precipitation_accumulated": 1.3285269512652893,
            "Humidity": 4.157543027421265,
            "Wind_Speed_kmh": 170.88579488396428,
            "Soil_Moisture": 3.4099972490215715,
            "Soil_Temperature": 17.284980431698383,
            "Wind_Dir_Sin": 155.84172642156386,
            "Wind_Dir_Cos": 52.211226843126894
        }
    }
}