{
    "trial_number": 77,
    "input_chunk_length": 25,
    "output_chunk_length": 2,
    "hidden_size": 128,
    "num_blocks": 1,
    "ff_size": 136,
    "norm_type": "LayerNorm",
    "normalize_before": true,
    "activation": "ReLU",
    "dropout": 0.4856515924926047,
    "batch_size": 68,
    "lr": 0.004995233016855562,
    "loss_function": "smoothl1",
    "optimizer": "AdamW",
    "overall_mae_val": 0.09858671778819356,
    "metrics": {
        "MSE": {
            "Temperature": 3.733266158169912,
            "Precipitation_accumulated": 168.89387783177867,
            "Humidity": 26.025342013436735,
            "Wind_Speed_kmh": 0.8621721704016394,
            "Soil_Moisture": 22605.392768750673,
            "Soil_Temperature": 2.6252432790721416,
            "Wind_Dir_Sin": 0.4785633925129166,
            "Wind_Dir_Cos": 0.35984850822689834
        },
        "RMSE": {
            "Temperature": 1.9321661828553753,
            "Precipitation_accumulated": 12.995917737188808,
            "Humidity": 5.101503897228418,
            "Wind_Speed_kmh": 0.9285322667530943,
            "Soil_Moisture": 150.35089879595225,
            "Soil_Temperature": 1.6202602504141554,
            "Wind_Dir_Sin": 0.6917827639605634,
            "Wind_Dir_Cos": 0.5998737435718439
        },
        "MAE": {
            "Temperature": 1.5527228161822706,
            "Precipitation_accumulated": 10.515189295652409,
            "Humidity": 4.029752348922006,
            "Wind_Speed_kmh": 0.6930461073408755,
            "Soil_Moisture": 123.58870497072725,
            "Soil_Temperature": 1.3050126441894394,
            "Wind_Dir_Sin": 0.5703305574304229,
            "Wind_Dir_Cos": 0.4941577298479092
        },
        "R2": {
            "Temperature": 0.8775907529142082,
            "Precipitation_accumulated": -47.98583846683609,
            "Humidity": 0.8224307400687865,
            "Wind_Speed_kmh": 0.3616265581222037,
            "Soil_Moisture": 0.6088495867541044,
            "Soil_Temperature": 0.837532037308143,
            "Wind_Dir_Sin": 0.12980162799058825,
            "Wind_Dir_Cos": 0.021283432783889444
        },
        "SMAPE": {
            "Temperature": 27.31469433188171,
            "Precipitation_accumulated": 2.3006800077642695,
            "Humidity": 4.676144980909414,
            "Wind_Speed_kmh": 65.85734005874568,
            "Soil_Moisture": 1.4531299083471831,
            "Soil_Temperature": 20.736943325050962,
            "Wind_Dir_Sin": 114.52850604481968,
            "Wind_Dir_Cos": 120.59535865691477
        }
    }
}