{
    "trial_number": 54,
    "fold_smape": [
        114.79708135251474,
        54.191619084460996,
        69.86854365909663
    ],
    "mean_smape": 79.61908136535745,
    "hyperparameters": {
        "input_chunk_length": 48,
        "hidden_size": 64,
        "dropout": 0.4,
        "batch_size": 104,
        "lr": 0.002288556579722316,
        "weight_decay": 0.0009270202556310169,
        "ff_size": 235,
        "num_blocks": 2,
        "activation": "GELU",
        "norm_type": "LayerNorm",
        "normalize_before": false
    },
    "metrics_per_fold": [
        {
            "Temperature": {
                "MSE": 38.2775562299914,
                "RMSE": 6.186885826487458,
                "MAE": 5.009706813093745,
                "R2": -0.8474669469412519,
                "SMAPE": 34.16310810948252,
                "WAPE": 31.5726947904735
            },
            "Precipitation_accumulated": {
                "MSE": 176994.1069793327,
                "RMSE": 420.70667570093616,
                "MAE": 395.67587706449655,
                "R2": -7.496157104277193,
                "SMAPE": 175.063778190633,
                "WAPE": 97.80782694363076
            },
            "Humidity": {
                "MSE": 78.87528053234587,
                "RMSE": 8.881175627829114,
                "MAE": 6.490635094341048,
                "R2": -0.013069432882002685,
                "SMAPE": 7.93336723283019,
                "WAPE": 7.676804699960277
            },
            "Wind_Speed_kmh": {
                "MSE": 21.309879231522125,
                "RMSE": 4.616262474288277,
                "MAE": 4.484832916476242,
                "R2": -117.07345642753675,
                "SMAPE": 199.68475230957185,
                "WAPE": 2307.2796336622246
            },
            "Soil_Moisture": {
                "MSE": 144283.36845682145,
                "RMSE": 379.8465064428281,
                "MAE": 242.0225914994405,
                "R2": 0.8391181075935457,
                "SMAPE": 3.369457372115491,
                "WAPE": 3.550319920676931
            },
            "Soil_Temperature": {
                "MSE": 181.46453278821065,
                "RMSE": 13.470877209306403,
                "MAE": 12.521835001804387,
                "R2": -7.543986853196733,
                "SMAPE": 136.948311530319,
                "WAPE": 80.16076835439273
            },
            "Wind_Dir_Sin": {
                "MSE": 0.64308479406295,
                "RMSE": 0.8019256786404524,
                "MAE": 0.7519918446510413,
                "R2": -4.917041694244642,
                "SMAPE": 187.79162948433535,
                "WAPE": 533.71282471685
            },
            "Wind_Dir_Cos": {
                "MSE": 2.9658370312249955,
                "RMSE": 1.7221605706858452,
                "MAE": 1.6031569043425147,
                "R2": -6.246378705567914,
                "SMAPE": 173.42224659083047,
                "WAPE": 174.00694374726626
            }
        },
        {
            "Temperature": {
                "MSE": 0.9176718955240342,
                "RMSE": 0.9579519275642354,
                "MAE": 0.697388981660195,
                "R2": 0.6597534782702709,
                "SMAPE": 9.22281779120647,
                "WAPE": 8.360451974068242
            },
            "Precipitation_accumulated": {
                "MSE": 190.4478805143203,
                "RMSE": 13.800285522927426,
                "MAE": 13.495677848160069,
                "R2": -821.2931962347357,
                "SMAPE": 2.988792644369458,
                "WAPE": 2.942595324019904
            },
            "Humidity": {
                "MSE": 20.399638158443196,
                "RMSE": 4.516595859543246,
                "MAE": 3.507853805090413,
                "R2": 0.4529658508287969,
                "SMAPE": 4.086082148509798,
                "WAPE": 4.006590922086719
            },
            "Wind_Speed_kmh": {
                "MSE": 0.00243028492186354,
                "RMSE": 0.049297920056159975,
                "MAE": 0.03517044313782504,
                "R2": -1.3233441655645977,
                "SMAPE": 194.19683027983427,
                "WAPE": 428.4533374021075
            },
            "Soil_Moisture": {
                "MSE": 13555.82713183195,
                "RMSE": 116.42949425223811,
                "MAE": 84.08798672850175,
                "R2": 0.6113452348207333,
                "SMAPE": 1.4428702675386866,
                "WAPE": 1.4341630318761265
            },
            "Soil_Temperature": {
                "MSE": 1.6196596810794577,
                "RMSE": 1.2726585092158296,
                "MAE": 1.191152202113321,
                "R2": 0.07650722363835583,
                "SMAPE": 14.963737958098548,
                "WAPE": 13.28926571643865
            },
            "Wind_Dir_Sin": {
                "MSE": 0.028104344876024447,
                "RMSE": 0.1676435053201419,
                "MAE": 0.06918521528767725,
                "R2": 0.06404115157788359,
                "SMAPE": 195.7036974752762,
                "WAPE": 177.00950080747015
            },
            "Wind_Dir_Cos": {
                "MSE": 0.04376882527596146,
                "RMSE": 0.20921000281048097,
                "MAE": 0.07353487307654252,
                "R2": 0.03446775042206118,
                "SMAPE": 10.92812411085479,
                "WAPE": 7.551346725210893
            }
        },
        {
            "Temperature": {
                "MSE": 21.31237439905263,
                "RMSE": 4.616532724789528,
                "MAE": 3.6293676872817335,
                "R2": 0.23337132119693071,
                "SMAPE": 51.29461452351978,
                "WAPE": 44.249315727794404
            },
            "Precipitation_accumulated": {
                "MSE": 1528.012737349525,
                "RMSE": 39.08980349591854,
                "MAE": 36.510831356829456,
                "R2": -318.55098984688016,
                "SMAPE": 8.175300058232354,
                "WAPE": 7.87207535842893
            },
            "Humidity": {
                "MSE": 252.44115018015108,
                "RMSE": 15.88839671521803,
                "MAE": 12.41300485018742,
                "R2": -0.763313182540962,
                "SMAPE": 14.113069966001635,
                "WAPE": 14.24634653864766
            },
            "Wind_Speed_kmh": {
                "MSE": 2.481965858297745,
                "RMSE": 1.5754256117943954,
                "MAE": 1.15304916707156,
                "R2": -0.7709661091428723,
                "SMAPE": 127.53219693668198,
                "WAPE": 85.63988590480648
            },
            "Soil_Moisture": {
                "MSE": 811391.5158860807,
                "RMSE": 900.7727326501845,
                "MAE": 807.3672307405392,
                "R2": -0.14670408621633135,
                "SMAPE": 10.117505401185213,
                "WAPE": 9.73814730973129
            },
            "Soil_Temperature": {
                "MSE": 9.251394753837076,
                "RMSE": 3.041610552624559,
                "MAE": 2.337284350527381,
                "R2": 0.43759218662710264,
                "SMAPE": 40.63043784431703,
                "WAPE": 33.79245666793749
            },
            "Wind_Dir_Sin": {
                "MSE": 0.5355158197645667,
                "RMSE": 0.7317894640978146,
                "MAE": 0.6580787110535021,
                "R2": -0.031216030368651948,
                "SMAPE": 160.70044667818334,
                "WAPE": 97.26011244857821
            },
            "Wind_Dir_Cos": {
                "MSE": 0.6109340566456694,
                "RMSE": 0.7816227073503362,
                "MAE": 0.656113323770465,
                "R2": -0.42794284986527087,
                "SMAPE": 146.38477786465177,
                "WAPE": 111.72377945295554
            }
        }
    ]
}