{
    "trial_number": 5,
    "input_chunk_length": 76,
    "output_chunk_length": 56,
    "num_blocks": 3,
    "hidden_size": 64,
    "ff_size": 142,
    "norm_type": "LayerNorm",
    "normalize_before": false,
    "activation": "GELU",
    "dropout": 0.3,
    "batch_size": 32,
    "lr": 0.00010853666354782207,
    "forecast_horizon": 3,
    "overall_smape_val": 55.52084291691973,
    "metrics": {
        "MSE": {
            "Temperature": 1.870148549160229,
            "Precipitation_accumulated": 131.83211680558748,
            "Humidity": 43.22360762224572,
            "Wind_Speed_kmh": 0.24894990240900122,
            "Soil_Moisture": 278457.16677321726,
            "Soil_Temperature": 2.0368557736507444,
            "Wind_Dir_Sin": 0.14650909348950833,
            "Wind_Dir_Cos": 0.15909426452049333
        },
        "RMSE": {
            "Temperature": 1.36753374699136,
            "Precipitation_accumulated": 11.481816790281382,
            "Humidity": 6.574466337448669,
            "Wind_Speed_kmh": 0.4989487973820573,
            "Soil_Moisture": 527.6904080739172,
            "Soil_Temperature": 1.4271845618737418,
            "Wind_Dir_Sin": 0.3827650630471756,
            "Wind_Dir_Cos": 0.3988662238401408
        },
        "MAE": {
            "Temperature": 1.0769488221081724,
            "Precipitation_accumulated": 7.9860445486948155,
            "Humidity": 5.923878520742639,
            "Wind_Speed_kmh": 0.3003780818047942,
            "Soil_Moisture": 397.7036921484702,
            "Soil_Temperature": 0.9466887716078823,
            "Wind_Dir_Sin": 0.26808095188222425,
            "Wind_Dir_Cos": 0.27129245349826453
        },
        "R2": {
            "Temperature": 0.4503963405236312,
            "Precipitation_accumulated": -137.87315044510305,
            "Humidity": 0.33532672879374514,
            "Wind_Speed_kmh": 0.2689671981305747,
            "Soil_Moisture": 0.6239355965018338,
            "Soil_Temperature": 0.6369481353074418,
            "Wind_Dir_Sin": 0.08844932270830741,
            "Wind_Dir_Cos": 0.4461548372418732
        },
        "SMAPE": {
            "Temperature": 17.848322829419054,
            "Precipitation_accumulated": 1.742329241914504,
            "Humidity": 7.058677546633045,
            "Wind_Speed_kmh": 175.20172647471375,
            "Soil_Moisture": 6.288677062071742,
            "Soil_Temperature": 21.970785899551462,
            "Wind_Dir_Sin": 161.7551651649524,
            "Wind_Dir_Cos": 52.30105911610207
        }
    }
}