{
    "trial_number": 32,
    "fold_smape": [
        105.28874566295224,
        53.30252577211919,
        71.45688724231587
    ],
    "mean_smape": 76.6827195591291,
    "hyperparameters": {
        "input_chunk_length": 60,
        "hidden_size": 96,
        "dropout": 0.5,
        "batch_size": 152,
        "lr": 0.004240357068540493,
        "weight_decay": 0.0040919208756040595,
        "ff_size": 218,
        "num_blocks": 4,
        "activation": "GELU",
        "norm_type": "LayerNorm",
        "normalize_before": false
    },
    "metrics_per_fold": [
        {
            "Temperature": {
                "MSE": 32.89156861475327,
                "RMSE": 5.735117140456093,
                "MAE": 4.760998749389414,
                "R2": -0.6310006070491401,
                "SMAPE": 28.904339220765067,
                "WAPE": 29.89004249397509
            },
            "Precipitation_accumulated": {
                "MSE": 178844.6705383012,
                "RMSE": 422.900308037605,
                "MAE": 398.9312061700583,
                "R2": -7.939654029029464,
                "SMAPE": 176.95738478181866,
                "WAPE": 98.03425902043269
            },
            "Humidity": {
                "MSE": 1003.5248617432874,
                "RMSE": 31.67846053303865,
                "MAE": 29.674023970342276,
                "R2": -11.844321524210475,
                "SMAPE": 42.40802236731031,
                "WAPE": 35.108530186802845
            },
            "Wind_Speed_kmh": {
                "MSE": 11.745496002379362,
                "RMSE": 3.4271702616560153,
                "MAE": 3.358701970807987,
                "R2": -65.68497450438804,
                "SMAPE": 199.9916460258696,
                "WAPE": 1778.9482026661565
            },
            "Soil_Moisture": {
                "MSE": 494110.8120804524,
                "RMSE": 702.9301615953411,
                "MAE": 620.9870191573132,
                "R2": 0.4266068200893004,
                "SMAPE": 9.548861754839749,
                "WAPE": 9.130335115472421
            },
            "Soil_Temperature": {
                "MSE": 22.5150993630314,
                "RMSE": 4.745007835929399,
                "MAE": 3.8148471343032218,
                "R2": -0.08293507032351277,
                "SMAPE": 24.625190741314977,
                "WAPE": 24.332820106314244
            },
            "Wind_Dir_Sin": {
                "MSE": 1.040486888636567,
                "RMSE": 1.0200425915796687,
                "MAE": 0.9628750599412267,
                "R2": -8.581569728606494,
                "SMAPE": 185.68773763696086,
                "WAPE": 690.2585270751551
            },
            "Wind_Dir_Cos": {
                "MSE": 2.6286695476084025,
                "RMSE": 1.6213172260876039,
                "MAE": 1.513443715479051,
                "R2": -5.619878497544451,
                "SMAPE": 174.1867827747384,
                "WAPE": 164.27496343305285
            }
        },
        {
            "Temperature": {
                "MSE": 2.5859584097411004,
                "RMSE": 1.6080915427117637,
                "MAE": 1.329625124805492,
                "R2": 0.034322775033459374,
                "SMAPE": 16.39065612940622,
                "WAPE": 15.967436285620261
            },
            "Precipitation_accumulated": {
                "MSE": 256.3912297222419,
                "RMSE": 16.01222126134416,
                "MAE": 14.294164430404347,
                "R2": -1104.8942672101707,
                "SMAPE": 3.1778673622958573,
                "WAPE": 3.1166793104712656
            },
            "Humidity": {
                "MSE": 25.095207968601404,
                "RMSE": 5.009511749522243,
                "MAE": 3.749865860504647,
                "R2": 0.32758846621097326,
                "SMAPE": 4.3840645944971435,
                "WAPE": 4.284677854618294
            },
            "Wind_Speed_kmh": {
                "MSE": 0.003582062360545896,
                "RMSE": 0.059850333002798704,
                "MAE": 0.04551731184355013,
                "R2": -2.4039647567266873,
                "SMAPE": 193.8885191047818,
                "WAPE": 551.1838965120648
            },
            "Soil_Moisture": {
                "MSE": 29443.644308419814,
                "RMSE": 171.59150418485123,
                "MAE": 144.04318727169485,
                "R2": 0.11735196772208423,
                "SMAPE": 2.452904159312829,
                "WAPE": 2.4580773728029977
            },
            "Soil_Temperature": {
                "MSE": 0.28220285458566413,
                "RMSE": 0.5312276862002433,
                "MAE": 0.4155223370740013,
                "R2": 0.8381430881366745,
                "SMAPE": 4.931324949491654,
                "WAPE": 4.641579268616884
            },
            "Wind_Dir_Sin": {
                "MSE": 0.023528114231496703,
                "RMSE": 0.15338876827035514,
                "MAE": 0.054651680437855905,
                "R2": 0.22091948512440018,
                "SMAPE": 191.9791828931176,
                "WAPE": 138.98919070134346
            },
            "Wind_Dir_Cos": {
                "MSE": 0.044772151810547375,
                "RMSE": 0.21159430949472005,
                "MAE": 0.055387650179607506,
                "R2": 0.018043310696036263,
                "SMAPE": 9.215686984050157,
                "WAPE": 5.68871707375965
            }
        },
        {
            "Temperature": {
                "MSE": 21.107011456081302,
                "RMSE": 4.594236765348659,
                "MAE": 3.8083710382477722,
                "R2": 0.2426754114208467,
                "SMAPE": 51.84971689725069,
                "WAPE": 46.29598655109971
            },
            "Precipitation_accumulated": {
                "MSE": 1118.3343164655591,
                "RMSE": 33.44150589410649,
                "MAE": 18.097573285821685,
                "R2": -234.7780370595816,
                "SMAPE": 3.699004099927803,
                "WAPE": 3.901836515532454
            },
            "Humidity": {
                "MSE": 129.83747776976546,
                "RMSE": 11.394624950816304,
                "MAE": 10.119521388766264,
                "R2": 0.0923294726707129,
                "SMAPE": 11.827947038711878,
                "WAPE": 11.603947334900703
            },
            "Wind_Speed_kmh": {
                "MSE": 2.321758885388763,
                "RMSE": 1.5237318941955516,
                "MAE": 1.1201790786410362,
                "R2": -0.6606730145300614,
                "SMAPE": 120.66153798687263,
                "WAPE": 82.72302458328502
            },
            "Soil_Moisture": {
                "MSE": 913574.3033325337,
                "RMSE": 955.8108093825543,
                "MAE": 879.7511506355219,
                "R2": -0.3620188614171558,
                "SMAPE": 11.057726253075913,
                "WAPE": 10.591203494894325
            },
            "Soil_Temperature": {
                "MSE": 14.054871233273632,
                "RMSE": 3.748982693114711,
                "MAE": 3.200261151134957,
                "R2": 0.1503342353847762,
                "SMAPE": 50.62734750291033,
                "WAPE": 46.226804257125536
            },
            "Wind_Dir_Sin": {
                "MSE": 0.5447231696561122,
                "RMSE": 0.7380536360293283,
                "MAE": 0.6706933320223606,
                "R2": -0.0431957557721927,
                "SMAPE": 179.06566628845204,
                "WAPE": 98.5952026338983
            },
            "Wind_Dir_Cos": {
                "MSE": 0.7210742003351865,
                "RMSE": 0.8491608801253073,
                "MAE": 0.7082835076966988,
                "R2": -0.7056777082838002,
                "SMAPE": 142.86615187132531,
                "WAPE": 121.1131336591298
            }
        }
    ]
}