{
    "trial_number": 123,
    "input_chunk_length": 81,
    "output_chunk_length": 20,
    "num_blocks": 1,
    "hidden_size": 32,
    "ff_size": 102,
    "norm_type": "LayerNorm",
    "normalize_before": true,
    "activation": "ReLU",
    "dropout": 0.3,
    "batch_size": 22,
    "lr": 0.003495037081946697,
    "forecast_horizon": 3,
    "overall_smape_val": 50.52120668137958,
    "metrics": {
        "MSE": {
            "Temperature": 0.8078469104541439,
            "Precipitation_accumulated": 71.35435246925488,
            "Humidity": 12.944510600333667,
            "Wind_Speed_kmh": 0.1504293520727219,
            "Soil_Moisture": 44787.08263066466,
            "Soil_Temperature": 0.9098977521725452,
            "Wind_Dir_Sin": 0.08387323179595904,
            "Wind_Dir_Cos": 0.091385951116756
        },
        "RMSE": {
            "Temperature": 0.8988030431936376,
            "Precipitation_accumulated": 8.447150553249,
            "Humidity": 3.5978480513125715,
            "Wind_Speed_kmh": 0.3878522296864128,
            "Soil_Moisture": 211.62958826842873,
            "Soil_Temperature": 0.9538856074878922,
            "Wind_Dir_Sin": 0.289608756421416,
            "Wind_Dir_Cos": 0.3023010934759516
        },
        "MAE": {
            "Temperature": 0.615642740196316,
            "Precipitation_accumulated": 7.33398602426625,
            "Humidity": 2.6625460478669374,
            "Wind_Speed_kmh": 0.23628728391424877,
            "Soil_Moisture": 91.75738500356667,
            "Soil_Temperature": 0.6495775785695334,
            "Wind_Dir_Sin": 0.1858375016201669,
            "Wind_Dir_Cos": 0.1715543611549781
        },
        "R2": {
            "Temperature": 0.7625880476277419,
            "Precipitation_accumulated": -74.16532363649158,
            "Humidity": 0.8009451159171707,
            "Wind_Speed_kmh": 0.5582693961114483,
            "Soil_Moisture": 0.9395137582232128,
            "Soil_Temperature": 0.8378186222710668,
            "Wind_Dir_Sin": 0.4781572977535037,
            "Wind_Dir_Cos": 0.681863660373839
        },
        "SMAPE": {
            "Temperature": 11.02697491742169,
            "Precipitation_accumulated": 1.6137040834304626,
            "Humidity": 3.105325780577393,
            "Wind_Speed_kmh": 172.69878793441566,
            "Soil_Moisture": 1.3949082901843437,
            "Soil_Temperature": 17.708636356919097,
            "Wind_Dir_Sin": 151.99057683842204,
            "Wind_Dir_Cos": 44.63073924966595
        }
    }
}