{
    "trial_number": 274,
    "input_chunk_length": 77,
    "output_chunk_length": 14,
    "num_blocks": 1,
    "hidden_size": 32,
    "ff_size": 51,
    "norm_type": "LayerNormNoBias",
    "normalize_before": true,
    "activation": "ReLU",
    "dropout": 0.3,
    "batch_size": 25,
    "lr": 0.007548643231737944,
    "forecast_horizon": 1,
    "overall_smape_val": 48.38223584546779,
    "metrics": {
        "MSE": {
            "Temperature": 0.9811208847839477,
            "Precipitation_accumulated": 325.17554557818454,
            "Humidity": 10.764840798393118,
            "Wind_Speed_kmh": 0.11751178050785875,
            "Soil_Moisture": 24834.702682487095,
            "Soil_Temperature": 0.5543591069220685,
            "Wind_Dir_Sin": 0.05990386460990211,
            "Wind_Dir_Cos": 0.05813337631981421
        },
        "RMSE": {
            "Temperature": 0.9905154641821337,
            "Precipitation_accumulated": 18.03262447837764,
            "Humidity": 3.2809816821178868,
            "Wind_Speed_kmh": 0.34279991322615405,
            "Soil_Moisture": 157.59030009009786,
            "Soil_Temperature": 0.7445529577686657,
            "Wind_Dir_Sin": 0.2447526600670606,
            "Wind_Dir_Cos": 0.24110864007707025
        },
        "MAE": {
            "Temperature": 0.7163155641627214,
            "Precipitation_accumulated": 16.472327756828673,
            "Humidity": 2.5862861937490305,
            "Wind_Speed_kmh": 0.18033074062486998,
            "Soil_Moisture": 97.9517994935696,
            "Soil_Temperature": 0.5651056169110702,
            "Wind_Dir_Sin": 0.13302562932833611,
            "Wind_Dir_Cos": 0.15313777581114268
        },
        "R2": {
            "Temperature": 0.7118035833090051,
            "Precipitation_accumulated": -341.5989015000691,
            "Humidity": 0.8344600215119489,
            "Wind_Speed_kmh": 0.6546899919037563,
            "Soil_Moisture": 0.9664382379373215,
            "Soil_Temperature": 0.9012226360012379,
            "Wind_Dir_Sin": 0.6270436893540148,
            "Wind_Dir_Cos": 0.7975102724236112
        },
        "SMAPE": {
            "Temperature": 12.484655131911552,
            "Precipitation_accumulated": 3.514578261500621,
            "Humidity": 3.153293057861253,
            "Wind_Speed_kmh": 160.42289090286948,
            "Soil_Moisture": 1.5826687330763283,
            "Soil_Temperature": 17.922106942941742,
            "Wind_Dir_Sin": 147.22974427358366,
            "Wind_Dir_Cos": 40.74794945999774
        }
    }
}