{
    "trial_number": 47,
    "fold_smape": [
        108.0358473362849,
        53.88678359814318,
        64.03191577230737
    ],
    "mean_smape": 75.31818223557848,
    "hyperparameters": {
        "input_chunk_length": 72,
        "hidden_size": 64,
        "dropout": 0.4,
        "batch_size": 104,
        "lr": 0.0034622439183209846,
        "weight_decay": 0.0003418366393068562,
        "ff_size": 231,
        "num_blocks": 1,
        "activation": "GELU",
        "norm_type": "LayerNorm",
        "normalize_before": false
    },
    "metrics_per_fold": [
        {
            "Temperature": {
                "MSE": 16.00347117465385,
                "RMSE": 4.000433873300976,
                "MAE": 3.219710849221179,
                "R2": 0.20062852114635965,
                "SMAPE": 20.828669395226424,
                "WAPE": 20.215323518778902
            },
            "Precipitation_accumulated": {
                "MSE": 179634.71809287413,
                "RMSE": 423.83336123159785,
                "MAE": 400.95244102464267,
                "R2": -8.37664077044917,
                "SMAPE": 176.56806823340116,
                "WAPE": 97.94963536845927
            },
            "Humidity": {
                "MSE": 1964.7156367045095,
                "RMSE": 44.325112935045176,
                "MAE": 42.03677839395645,
                "R2": -24.556232685426277,
                "SMAPE": 66.53282268327217,
                "WAPE": 49.69646023460246
            },
            "Wind_Speed_kmh": {
                "MSE": 7.081655612623859,
                "RMSE": 2.6611380296076073,
                "MAE": 2.6081478052294482,
                "R2": -39.74948501194649,
                "SMAPE": 199.9886307414942,
                "WAPE": 1409.441044265152
            },
            "Soil_Moisture": {
                "MSE": 612599.4996623051,
                "RMSE": 782.6873575459776,
                "MAE": 709.1272262957414,
                "R2": 0.25859629030684017,
                "SMAPE": 10.912459041381263,
                "WAPE": 10.450294353857107
            },
            "Soil_Temperature": {
                "MSE": 30.392858100910228,
                "RMSE": 5.512971803021509,
                "MAE": 4.465605947810537,
                "R2": -0.4755097545064355,
                "SMAPE": 27.6882488577835,
                "WAPE": 28.48452525187725
            },
            "Wind_Dir_Sin": {
                "MSE": 0.18978317151508137,
                "RMSE": 0.4356411040238069,
                "MAE": 0.3601450843502358,
                "R2": -0.7569871953294642,
                "SMAPE": 185.70912247402129,
                "WAPE": 261.11949118244115
            },
            "Wind_Dir_Cos": {
                "MSE": 1.6859290429553397,
                "RMSE": 1.2984333032371511,
                "MAE": 1.2209868869576421,
                "R2": -3.3576554158281864,
                "SMAPE": 176.05875726369945,
                "WAPE": 132.4989273089265
            }
        },
        {
            "Temperature": {
                "MSE": 0.6902453384190066,
                "RMSE": 0.8308100495414139,
                "MAE": 0.6097389479712757,
                "R2": 0.7404791983996428,
                "SMAPE": 8.089717140581635,
                "WAPE": 7.33501137478204
            },
            "Precipitation_accumulated": {
                "MSE": 1370.1371111080966,
                "RMSE": 37.015363176768865,
                "MAE": 36.314372257142814,
                "R2": -5903.129927397519,
                "SMAPE": 8.256654205371156,
                "WAPE": 7.917888141658069
            },
            "Humidity": {
                "MSE": 19.56333056276064,
                "RMSE": 4.423045394607729,
                "MAE": 3.7519150107316066,
                "R2": 0.4764010361243436,
                "SMAPE": 4.291147771822275,
                "WAPE": 4.288649608226001
            },
            "Wind_Speed_kmh": {
                "MSE": 0.006060823224709505,
                "RMSE": 0.07785128916536646,
                "MAE": 0.0740141697152124,
                "R2": -4.724840268540626,
                "SMAPE": 194.19675195884324,
                "WAPE": 890.8678430359449
            },
            "Soil_Moisture": {
                "MSE": 20832.435914123285,
                "RMSE": 144.3344585125925,
                "MAE": 111.37102750053243,
                "R2": 0.36945626506767737,
                "SMAPE": 1.9109116816871672,
                "WAPE": 1.9011060668568005
            },
            "Soil_Temperature": {
                "MSE": 0.3935274157790144,
                "RMSE": 0.6273176354758524,
                "MAE": 0.5234027721983983,
                "R2": 0.7730250096129382,
                "SMAPE": 6.192259801298823,
                "WAPE": 5.853879774615584
            },
            "Wind_Dir_Sin": {
                "MSE": 0.029929701709398668,
                "RMSE": 0.17300202804995862,
                "MAE": 0.08980600303740517,
                "R2": 0.014639215703460828,
                "SMAPE": 195.24504525575225,
                "WAPE": 227.01856278874266
            },
            "Wind_Dir_Cos": {
                "MSE": 0.0424965800516149,
                "RMSE": 0.20614698652081942,
                "MAE": 0.09042638223648389,
                "R2": 0.07337038508564953,
                "SMAPE": 12.911780969789174,
                "WAPE": 9.288973912416784
            }
        },
        {
            "Temperature": {
                "MSE": 17.943645851476884,
                "RMSE": 4.235994080670662,
                "MAE": 3.3811559964444586,
                "R2": 0.3592168345588551,
                "SMAPE": 47.658208455758775,
                "WAPE": 41.03452140704786
            },
            "Precipitation_accumulated": {
                "MSE": 392.42076885549784,
                "RMSE": 19.809613041538643,
                "MAE": 15.69644292156256,
                "R2": -82.40223707122692,
                "SMAPE": 3.3320650871196507,
                "WAPE": 3.3840066483549887
            },
            "Humidity": {
                "MSE": 132.39050431437397,
                "RMSE": 11.50610726155349,
                "MAE": 9.473520234568944,
                "R2": 0.07480905570956697,
                "SMAPE": 11.089443869085539,
                "WAPE": 10.85447328054728
            },
            "Wind_Speed_kmh": {
                "MSE": 2.1711911610327213,
                "RMSE": 1.4734962371966618,
                "MAE": 1.0864694311323135,
                "R2": -0.5543518620938892,
                "SMAPE": 112.53857529738569,
                "WAPE": 79.78154614290735
            },
            "Soil_Moisture": {
                "MSE": 627978.8598672657,
                "RMSE": 792.4511719136175,
                "MAE": 669.5495914848505,
                "R2": 0.01795650136203275,
                "SMAPE": 8.362657446319295,
                "WAPE": 8.046487148855698
            },
            "Soil_Temperature": {
                "MSE": 16.550641849989457,
                "RMSE": 4.068248007433846,
                "MAE": 3.42489761100997,
                "R2": 0.005271253465282788,
                "SMAPE": 50.69422632064887,
                "WAPE": 49.441591015316185
            },
            "Wind_Dir_Sin": {
                "MSE": 0.5476913393651206,
                "RMSE": 0.7400617132139188,
                "MAE": 0.6468803475023774,
                "R2": -0.042791190073658614,
                "SMAPE": 136.15184437174116,
                "WAPE": 94.59156581926237
            },
            "Wind_Dir_Cos": {
                "MSE": 1.1081482832749234,
                "RMSE": 1.0526862226109561,
                "MAE": 0.8858651149916691,
                "R2": -1.6541586105738095,
                "SMAPE": 142.42830533039998,
                "WAPE": 152.1229895013553
            }
        }
    ]
}