{
    "trial_number": 211,
    "input_chunk_length": 19,
    "output_chunk_length": 17,
    "num_blocks": 1,
    "hidden_size": 32,
    "ff_size": 82,
    "norm_type": "LayerNorm",
    "normalize_before": true,
    "activation": "ReLU",
    "dropout": 0.3,
    "batch_size": 17,
    "lr": 0.003304889246068884,
    "forecast_horizon": 3,
    "overall_smape_val": 51.50059312483808,
    "metrics": {
        "MSE": {
            "Temperature": 1.6536885224817726,
            "Precipitation_accumulated": 75.7706675226106,
            "Humidity": 12.586967571390414,
            "Wind_Speed_kmh": 0.16138914436929108,
            "Soil_Moisture": 48381.939948958156,
            "Soil_Temperature": 0.8434082388304892,
            "Wind_Dir_Sin": 0.08314773532754456,
            "Wind_Dir_Cos": 0.07964120345924888
        },
        "RMSE": {
            "Temperature": 1.285958211794525,
            "Precipitation_accumulated": 8.704634829940346,
            "Humidity": 3.5478116595149767,
            "Wind_Speed_kmh": 0.40173267774639776,
            "Soil_Moisture": 219.95895059978386,
            "Soil_Temperature": 0.9183726034842771,
            "Wind_Dir_Sin": 0.28835349022951773,
            "Wind_Dir_Cos": 0.2822077310408928
        },
        "MAE": {
            "Temperature": 0.921404373600482,
            "Precipitation_accumulated": 7.3576579023196205,
            "Humidity": 2.856078205902643,
            "Wind_Speed_kmh": 0.25978836561795454,
            "Soil_Moisture": 102.39192709229992,
            "Soil_Temperature": 0.7387533309834973,
            "Wind_Dir_Sin": 0.16884172675434483,
            "Wind_Dir_Cos": 0.16287441497570113
        },
        "R2": {
            "Temperature": 0.5140101228866703,
            "Precipitation_accumulated": -78.81751006631342,
            "Humidity": 0.8064432524152079,
            "Wind_Speed_kmh": 0.5260863440478045,
            "Soil_Moisture": 0.9346588001385243,
            "Soil_Temperature": 0.849669800991526,
            "Wind_Dir_Sin": 0.4826711936585609,
            "Wind_Dir_Cos": 0.7227499342915722
        },
        "SMAPE": {
            "Temperature": 15.647073171351641,
            "Precipitation_accumulated": 1.6183421189631797,
            "Humidity": 3.470344503785659,
            "Wind_Speed_kmh": 172.39637967972675,
            "Soil_Moisture": 1.63847645637963,
            "Soil_Temperature": 20.170919899135566,
            "Wind_Dir_Sin": 154.67127330366782,
            "Wind_Dir_Cos": 42.39193586569449
        }
    }
}