{
    "trial_number": 220,
    "input_chunk_length": 80,
    "output_chunk_length": 13,
    "num_blocks": 1,
    "hidden_size": 32,
    "ff_size": 67,
    "norm_type": "LayerNorm",
    "normalize_before": true,
    "activation": "ReLU",
    "dropout": 0.3,
    "batch_size": 22,
    "lr": 0.0035964745069076934,
    "forecast_horizon": 1,
    "overall_smape_val": 48.380224802991876,
    "metrics": {
        "MSE": {
            "Temperature": 0.9551124139873008,
            "Precipitation_accumulated": 52.3512699276246,
            "Humidity": 6.4470386733663965,
            "Wind_Speed_kmh": 0.1093003496493762,
            "Soil_Moisture": 35390.307638513994,
            "Soil_Temperature": 1.3510246297300579,
            "Wind_Dir_Sin": 0.060054998045540986,
            "Wind_Dir_Cos": 0.05467916348540441
        },
        "RMSE": {
            "Temperature": 0.9772985285915972,
            "Precipitation_accumulated": 7.235417743822715,
            "Humidity": 2.5391019422950305,
            "Wind_Speed_kmh": 0.33060603389741117,
            "Soil_Moisture": 188.12311829893207,
            "Soil_Temperature": 1.1623358506602375,
            "Wind_Dir_Sin": 0.2450612128541377,
            "Wind_Dir_Cos": 0.2338357617760902
        },
        "MAE": {
            "Temperature": 0.684283927318302,
            "Precipitation_accumulated": 6.055854502490212,
            "Humidity": 2.046318711703485,
            "Wind_Speed_kmh": 0.19855556472945232,
            "Soil_Moisture": 142.00764765216553,
            "Soil_Temperature": 1.0727435763032251,
            "Wind_Dir_Sin": 0.13507034812852614,
            "Wind_Dir_Cos": 0.12604591178116975
        },
        "R2": {
            "Temperature": 0.7194433636902541,
            "Precipitation_accumulated": -54.1563234481463,
            "Humidity": 0.9008584833451494,
            "Wind_Speed_kmh": 0.6788193961555686,
            "Soil_Moisture": 0.9521733318302867,
            "Soil_Temperature": 0.7592703899768365,
            "Wind_Dir_Sin": 0.6261027455778798,
            "Wind_Dir_Cos": 0.8095419599000551
        },
        "SMAPE": {
            "Temperature": 10.997886151064812,
            "Precipitation_accumulated": 1.3306824076539019,
            "Humidity": 2.452241148870963,
            "Wind_Speed_kmh": 159.35316641353242,
            "Soil_Moisture": 2.365312075066731,
            "Soil_Temperature": 25.403942296401745,
            "Wind_Dir_Sin": 149.02674057544527,
            "Wind_Dir_Cos": 36.11182735589932
        }
    }
}