{
    "trial_number": 22,
    "input_chunk_length": 31,
    "output_chunk_length": 6,
    "hidden_size": 32,
    "num_blocks": 1,
    "ff_size": 118,
    "norm_type": "LayerNorm",
    "normalize_before": true,
    "activation": "ReLU",
    "dropout": 0.4252533744219655,
    "batch_size": 99,
    "lr": 0.0010405950686716075,
    "loss_function": "huber",
    "optimizer": "AdamW",
    "overall_mae_val": 0.11843764954409104,
    "metrics": {
        "MSE": {
            "Temperature": 6.25329350432313,
            "Precipitation_accumulated": 87.23790031314023,
            "Humidity": 65.75235990309503,
            "Wind_Speed_kmh": 1.2208965654710076,
            "Soil_Moisture": 60105.61377409154,
            "Soil_Temperature": 6.752823094555668,
            "Wind_Dir_Sin": 0.6222915669677178,
            "Wind_Dir_Cos": 0.39239252439307615
        },
        "RMSE": {
            "Temperature": 2.500658614110117,
            "Precipitation_accumulated": 9.340123142289947,
            "Humidity": 8.108782886666472,
            "Wind_Speed_kmh": 1.1049418833002067,
            "Soil_Moisture": 245.16446270634646,
            "Soil_Temperature": 2.5986194593583085,
            "Wind_Dir_Sin": 0.7888545917770383,
            "Wind_Dir_Cos": 0.6264124235622056
        },
        "MAE": {
            "Temperature": 1.938464210770349,
            "Precipitation_accumulated": 8.104148677640062,
            "Humidity": 6.365485098901475,
            "Wind_Speed_kmh": 0.8795364714829651,
            "Soil_Moisture": 221.0529681122143,
            "Soil_Temperature": 2.1576328032434238,
            "Wind_Dir_Sin": 0.6621654063415919,
            "Wind_Dir_Cos": 0.5280563544077609
        },
        "R2": {
            "Temperature": 0.7952528425645786,
            "Precipitation_accumulated": -24.695095797176652,
            "Humidity": 0.5520259911951675,
            "Wind_Speed_kmh": 0.09427730949480884,
            "Soil_Moisture": -0.08233102562358652,
            "Soil_Temperature": 0.5810262087952445,
            "Wind_Dir_Sin": -0.12993936319259247,
            "Wind_Dir_Cos": -0.0700265260179671
        },
        "SMAPE": {
            "Temperature": 31.327010649912467,
            "Precipitation_accumulated": 1.7629314029785859,
            "Humidity": 7.549090586670736,
            "Wind_Speed_kmh": 72.67553381223073,
            "Soil_Moisture": 2.6098348100024134,
            "Soil_Temperature": 41.008799249554485,
            "Wind_Dir_Sin": 130.4013269786456,
            "Wind_Dir_Cos": 130.84269572357871
        }
    }
}