{
    "trial_number": 252,
    "input_chunk_length": 82,
    "output_chunk_length": 14,
    "num_blocks": 1,
    "hidden_size": 32,
    "ff_size": 61,
    "norm_type": "LayerNorm",
    "normalize_before": true,
    "activation": "ReLU",
    "dropout": 0.3,
    "batch_size": 24,
    "lr": 0.003945685337946822,
    "forecast_horizon": 2,
    "overall_smape_val": 49.210275092297934,
    "metrics": {
        "MSE": {
            "Temperature": 0.76091559121063,
            "Precipitation_accumulated": 78.3936366751364,
            "Humidity": 9.651695876805574,
            "Wind_Speed_kmh": 0.1230275020936835,
            "Soil_Moisture": 40977.121751647646,
            "Soil_Temperature": 0.6837601247885994,
            "Wind_Dir_Sin": 0.07872822322123292,
            "Wind_Dir_Cos": 0.07074224719571334
        },
        "RMSE": {
            "Temperature": 0.8723047582184967,
            "Precipitation_accumulated": 8.854018109035943,
            "Humidity": 3.1067178624402914,
            "Wind_Speed_kmh": 0.350752764912386,
            "Soil_Moisture": 202.42806562245178,
            "Soil_Temperature": 0.8268978926013776,
            "Wind_Dir_Sin": 0.28058550073236666,
            "Wind_Dir_Cos": 0.265974147607833
        },
        "MAE": {
            "Temperature": 0.621806647868281,
            "Precipitation_accumulated": 7.917398935490375,
            "Humidity": 2.0926111471234363,
            "Wind_Speed_kmh": 0.16633446812972885,
            "Soil_Moisture": 138.07569208364694,
            "Soil_Temperature": 0.5942428001822438,
            "Wind_Dir_Sin": 0.1593168558764375,
            "Wind_Dir_Cos": 0.15057834112720556
        },
        "R2": {
            "Temperature": 0.7764871279449892,
            "Precipitation_accumulated": -81.59407626038619,
            "Humidity": 0.8515777838481269,
            "Wind_Speed_kmh": 0.6384819669957311,
            "Soil_Moisture": 0.9446232786506434,
            "Soil_Temperature": 0.8781655755434767,
            "Wind_Dir_Sin": 0.5098448511208233,
            "Wind_Dir_Cos": 0.7535911507359129
        },
        "SMAPE": {
            "Temperature": 11.126240114098751,
            "Precipitation_accumulated": 1.70764017980582,
            "Humidity": 2.421144704854001,
            "Wind_Speed_kmh": 160.25073592468422,
            "Soil_Moisture": 2.221830535431427,
            "Soil_Temperature": 15.920964474055463,
            "Wind_Dir_Sin": 157.92258068152861,
            "Wind_Dir_Cos": 42.11106412392508
        }
    }
}