{
    "trial_number": 34,
    "fold_smape": [
        104.58017964802137,
        55.00498533840508,
        73.88865146199159
    ],
    "mean_smape": 77.824605482806,
    "hyperparameters": {
        "input_chunk_length": 60,
        "hidden_size": 96,
        "dropout": 0.5,
        "batch_size": 136,
        "lr": 0.004934783100454674,
        "weight_decay": 0.004005633096206801,
        "ff_size": 274,
        "num_blocks": 4,
        "activation": "GELU",
        "norm_type": "LayerNorm",
        "normalize_before": false
    },
    "metrics_per_fold": [
        {
            "Temperature": {
                "MSE": 18.2764970158104,
                "RMSE": 4.275101988936685,
                "MAE": 3.2663536379350817,
                "R2": 0.09371978951019178,
                "SMAPE": 21.28617326261043,
                "WAPE": 20.506505919740203
            },
            "Precipitation_accumulated": {
                "MSE": 177883.88566790795,
                "RMSE": 421.7628310649339,
                "MAE": 397.84907621775,
                "R2": -7.891628643023889,
                "SMAPE": 175.84520953404214,
                "WAPE": 97.76833395265761
            },
            "Humidity": {
                "MSE": 1056.340388906287,
                "RMSE": 32.50139056880931,
                "MAE": 30.394950512341172,
                "R2": -12.52031834124377,
                "SMAPE": 43.73030178358741,
                "WAPE": 35.96148734851211
            },
            "Wind_Speed_kmh": {
                "MSE": 25.11005329117254,
                "RMSE": 5.010993243975943,
                "MAE": 4.85286946703658,
                "R2": -141.56215856584168,
                "SMAPE": 199.99437440205708,
                "WAPE": 2570.3392236618697
            },
            "Soil_Moisture": {
                "MSE": 636645.49709403,
                "RMSE": 797.9006812216857,
                "MAE": 730.0913061127394,
                "R2": 0.261201784843486,
                "SMAPE": 11.375693247503413,
                "WAPE": 10.73448894108621
            },
            "Soil_Temperature": {
                "MSE": 20.173150189681873,
                "RMSE": 4.4914530154151535,
                "MAE": 3.575358212362377,
                "R2": 0.02970839848123219,
                "SMAPE": 23.206080847128792,
                "WAPE": 22.80525146466641
            },
            "Wind_Dir_Sin": {
                "MSE": 0.6096477249017087,
                "RMSE": 0.7807994139993374,
                "MAE": 0.7264945164219264,
                "R2": -4.614085338150163,
                "SMAPE": 185.25276147068763,
                "WAPE": 520.8038464140774
            },
            "Wind_Dir_Cos": {
                "MSE": 2.383535381792395,
                "RMSE": 1.5438702606736083,
                "MAE": 1.4462778975711916,
                "R2": -5.002547804618332,
                "SMAPE": 175.95084263655392,
                "WAPE": 156.9845289306556
            }
        },
        {
            "Temperature": {
                "MSE": 3.746946624259853,
                "RMSE": 1.9357031343312572,
                "MAE": 1.5916874649668091,
                "R2": -0.3992263002308927,
                "SMAPE": 19.104336739115833,
                "WAPE": 19.11453665347658
            },
            "Precipitation_accumulated": {
                "MSE": 197.39391838939304,
                "RMSE": 14.049694601285575,
                "MAE": 13.271843756425753,
                "R2": -850.4207095362469,
                "SMAPE": 2.941055083914651,
                "WAPE": 2.893773962714188
            },
            "Humidity": {
                "MSE": 39.75798257026507,
                "RMSE": 6.30539313368049,
                "MAE": 4.709258413265615,
                "R2": -0.0652920698596322,
                "SMAPE": 5.456679581809451,
                "WAPE": 5.380900540340558
            },
            "Wind_Speed_kmh": {
                "MSE": 0.0055285922121536945,
                "RMSE": 0.07435450364405437,
                "MAE": 0.05412387299798544,
                "R2": -4.2537145226072575,
                "SMAPE": 193.7402825812038,
                "WAPE": 655.403537798795
            },
            "Soil_Moisture": {
                "MSE": 14947.1452561875,
                "RMSE": 122.25851813345155,
                "MAE": 87.06008727146322,
                "R2": 0.5519213515029,
                "SMAPE": 1.495407562015386,
                "WAPE": 1.4856685321228662
            },
            "Soil_Temperature": {
                "MSE": 0.4976166020864248,
                "RMSE": 0.705419451168186,
                "MAE": 0.5654373512584241,
                "R2": 0.7145929419321985,
                "SMAPE": 6.7424856325436595,
                "WAPE": 6.316200245175597
            },
            "Wind_Dir_Sin": {
                "MSE": 0.024146112823240626,
                "RMSE": 0.15539019538967258,
                "MAE": 0.06457516684337956,
                "R2": 0.20045585355958428,
                "SMAPE": 191.77435935924208,
                "WAPE": 164.22642647139196
            },
            "Wind_Dir_Cos": {
                "MSE": 0.06668044304631097,
                "RMSE": 0.2582255662135548,
                "MAE": 0.16480633496223904,
                "R2": -0.4624561127225508,
                "SMAPE": 18.785276167395725,
                "WAPE": 16.926816872051038
            }
        },
        {
            "Temperature": {
                "MSE": 42.19988717059982,
                "RMSE": 6.496144023234077,
                "MAE": 5.67571010514979,
                "R2": -0.5141419833907017,
                "SMAPE": 65.20915944272149,
                "WAPE": 68.99606053533381
            },
            "Precipitation_accumulated": {
                "MSE": 1732.3355536401004,
                "RMSE": 41.6213353178403,
                "MAE": 35.326605823886396,
                "R2": -364.22770548315293,
                "SMAPE": 7.825289923655855,
                "WAPE": 7.61641565952101
            },
            "Humidity": {
                "MSE": 210.61614653214502,
                "RMSE": 14.512620250393967,
                "MAE": 10.951481890532,
                "R2": -0.4723797170943749,
                "SMAPE": 12.717370430552624,
                "WAPE": 12.557947576248495
            },
            "Wind_Speed_kmh": {
                "MSE": 2.252768267659455,
                "RMSE": 1.5009224722348105,
                "MAE": 1.0981262657877255,
                "R2": -0.6113264360201931,
                "SMAPE": 113.84277552148806,
                "WAPE": 81.09446767253809
            },
            "Soil_Moisture": {
                "MSE": 3845912.8385362355,
                "RMSE": 1961.0999052919858,
                "MAE": 1876.5294000304891,
                "R2": -4.733749084606291,
                "SMAPE": 24.99639464156532,
                "WAPE": 22.591280188173233
            },
            "Soil_Temperature": {
                "MSE": 30.580252965819955,
                "RMSE": 5.529941497504287,
                "MAE": 4.84734775799227,
                "R2": -0.848682466532884,
                "SMAPE": 64.42506552022907,
                "WAPE": 70.01847205358759
            },
            "Wind_Dir_Sin": {
                "MSE": 0.5311117915277613,
                "RMSE": 0.7287741704586965,
                "MAE": 0.654372259067918,
                "R2": -0.01712869513537374,
                "SMAPE": 153.4017586337101,
                "WAPE": 96.19592502322978
            },
            "Wind_Dir_Cos": {
                "MSE": 1.6755293474435493,
                "RMSE": 1.2944223991586168,
                "MAE": 1.1385496720747692,
                "R2": -2.963410500862855,
                "SMAPE": 148.69139758201004,
                "WAPE": 194.6866150533024
            }
        }
    ]
}