{
    "trial_number": 59,
    "fold_smape": [
        95.260369110966,
        52.590915616164686,
        82.66789674876495
    ],
    "mean_smape": 76.83972715863187,
    "hyperparameters": {
        "input_chunk_length": 24,
        "hidden_size": 72,
        "dropout": 0.45000000000000007,
        "batch_size": 72,
        "lr": 0.000722971412843138,
        "weight_decay": 0.001473748750632692,
        "ff_size": 198,
        "num_blocks": 3,
        "activation": "GELU",
        "norm_type": "LayerNorm",
        "normalize_before": false
    },
    "metrics_per_fold": [
        {
            "Temperature": {
                "MSE": 76.37022190255546,
                "RMSE": 8.73900577311604,
                "MAE": 7.762548477669693,
                "R2": -2.5781617014207434,
                "SMAPE": 61.358471486398884,
                "WAPE": 49.181074619999215
            },
            "Precipitation_accumulated": {
                "MSE": 174706.79260763506,
                "RMSE": 417.97941648798337,
                "MAE": 390.827833244004,
                "R2": -6.790822800138236,
                "SMAPE": 173.61355662920417,
                "WAPE": 97.74265787377797
            },
            "Humidity": {
                "MSE": 307.5067267426337,
                "RMSE": 17.53586971731467,
                "MAE": 16.162627817056084,
                "R2": -2.928439065160947,
                "SMAPE": 20.716645543912758,
                "WAPE": 19.113497683345408
            },
            "Wind_Speed_kmh": {
                "MSE": 1.1653810631290005,
                "RMSE": 1.0795281668993173,
                "MAE": 1.0266550445248,
                "R2": -4.825617633848198,
                "SMAPE": 178.33704558839895,
                "WAPE": 494.37961134714
            },
            "Soil_Moisture": {
                "MSE": 882778.1210383903,
                "RMSE": 939.5627286341186,
                "MAE": 870.6070950979297,
                "R2": 0.08739952421534236,
                "SMAPE": 13.982489034230325,
                "WAPE": 12.713172231178197
            },
            "Soil_Temperature": {
                "MSE": 38.34714012082318,
                "RMSE": 6.192506771964257,
                "MAE": 4.994158551553326,
                "R2": -0.7586226300642218,
                "SMAPE": 34.37026784110158,
                "WAPE": 32.13243936717628
            },
            "Wind_Dir_Sin": {
                "MSE": 1.5635019641769337,
                "RMSE": 1.2504007214397046,
                "MAE": 1.1853459532216566,
                "R2": -12.684442690586383,
                "SMAPE": 186.36258463130375,
                "WAPE": 804.1622886797828
            },
            "Wind_Dir_Cos": {
                "MSE": 0.39751824016813575,
                "RMSE": 0.630490475874248,
                "MAE": 0.5989789754986101,
                "R2": 0.05914766389512871,
                "SMAPE": 93.34189213317752,
                "WAPE": 65.28191251059658
            }
        },
        {
            "Temperature": {
                "MSE": 0.8074632900791086,
                "RMSE": 0.8985896116020419,
                "MAE": 0.6879110347209411,
                "R2": 0.7043738111561755,
                "SMAPE": 8.83589877309917,
                "WAPE": 8.219771660168437
            },
            "Precipitation_accumulated": {
                "MSE": 155.81184078641226,
                "RMSE": 12.482461327254825,
                "MAE": 11.712366469288662,
                "R2": -673.2062874484346,
                "SMAPE": 2.5908175990032087,
                "WAPE": 2.553791214950861
            },
            "Humidity": {
                "MSE": 20.09638518465117,
                "RMSE": 4.482899194121051,
                "MAE": 3.321366465690651,
                "R2": 0.4590354733072497,
                "SMAPE": 3.8941349010189827,
                "WAPE": 3.791108034264774
            },
            "Wind_Speed_kmh": {
                "MSE": 0.003874441850728497,
                "RMSE": 0.06224501466566216,
                "MAE": 0.05277715758430637,
                "R2": -2.7482452241225763,
                "SMAPE": 194.74368467976433,
                "WAPE": 650.6340619781854
            },
            "Soil_Moisture": {
                "MSE": 21149.391881596955,
                "RMSE": 145.42830495332385,
                "MAE": 118.44788053009505,
                "R2": 0.44091386410110633,
                "SMAPE": 2.0181366371439653,
                "WAPE": 2.0180058895184727
            },
            "Soil_Temperature": {
                "MSE": 0.30002163714427216,
                "RMSE": 0.5477423090690294,
                "MAE": 0.44718233607079033,
                "R2": 0.8309694723986369,
                "SMAPE": 5.333581425224155,
                "WAPE": 4.976972524525048
            },
            "Wind_Dir_Sin": {
                "MSE": 0.024211342550351792,
                "RMSE": 0.15559994392785556,
                "MAE": 0.045825353860746904,
                "R2": 0.1844771771749817,
                "SMAPE": 193.63848967234838,
                "WAPE": 118.64630487619426
            },
            "Wind_Dir_Cos": {
                "MSE": 0.04078968117643807,
                "RMSE": 0.20196455425751833,
                "MAE": 0.05813137800258633,
                "R2": 0.08978496975452666,
                "SMAPE": 9.672581241714994,
                "WAPE": 5.96765283934517
            }
        },
        {
            "Temperature": {
                "MSE": 54.88326155317963,
                "RMSE": 7.40832380185826,
                "MAE": 6.519261257981815,
                "R2": -0.9910922314799551,
                "SMAPE": 70.36310014710581,
                "WAPE": 79.78930632559145
            },
            "Precipitation_accumulated": {
                "MSE": 14751.104929130403,
                "RMSE": 121.45412685096544,
                "MAE": 112.68955259925822,
                "R2": -3032.670655003946,
                "SMAPE": 28.24523298175506,
                "WAPE": 24.299040082784327
            },
            "Humidity": {
                "MSE": 182.11912525393623,
                "RMSE": 13.495151916667565,
                "MAE": 12.022881963455887,
                "R2": -0.26971923911925044,
                "SMAPE": 14.05951666735715,
                "WAPE": 13.82289874599589
            },
            "Wind_Speed_kmh": {
                "MSE": 2.4968689762354557,
                "RMSE": 1.5801484032316255,
                "MAE": 1.14925341783886,
                "R2": -0.774723025186504,
                "SMAPE": 131.54486231050234,
                "WAPE": 86.34249667263231
            },
            "Soil_Moisture": {
                "MSE": 2565329.4202810456,
                "RMSE": 1601.6645779566475,
                "MAE": 1544.395792430886,
                "R2": -2.2736539415272405,
                "SMAPE": 20.23059281379537,
                "WAPE": 18.699570633083933
            },
            "Soil_Temperature": {
                "MSE": 54.965224699424304,
                "RMSE": 7.413853566089926,
                "MAE": 6.703240355851193,
                "R2": -2.3802428698920326,
                "SMAPE": 76.08991183456779,
                "WAPE": 97.02436818141481
            },
            "Wind_Dir_Sin": {
                "MSE": 0.554364728703777,
                "RMSE": 0.7445567330323304,
                "MAE": 0.6738679133388616,
                "R2": -0.07965816622454924,
                "SMAPE": 179.9490245500341,
                "WAPE": 100.60244730186045
            },
            "Wind_Dir_Cos": {
                "MSE": 0.7666310724447366,
                "RMSE": 0.8755747098019315,
                "MAE": 0.7237295932686219,
                "R2": -0.752528553856536,
                "SMAPE": 140.86093268500173,
                "WAPE": 122.24788105391143
            }
        }
    ]
}