{
    "trial_number": 113,
    "input_chunk_length": 74,
    "output_chunk_length": 27,
    "num_blocks": 1,
    "hidden_size": 32,
    "ff_size": 122,
    "norm_type": "LayerNorm",
    "normalize_before": true,
    "activation": "ReLU",
    "dropout": 0.3,
    "batch_size": 25,
    "lr": 0.0021048032451291662,
    "forecast_horizon": 2,
    "overall_smape_val": 49.294232707315864,
    "metrics": {
        "MSE": {
            "Temperature": 0.907633935684482,
            "Precipitation_accumulated": 237.85779902901066,
            "Humidity": 8.18089141635202,
            "Wind_Speed_kmh": 0.11427948146910807,
            "Soil_Moisture": 36886.78195986257,
            "Soil_Temperature": 0.790368251161796,
            "Wind_Dir_Sin": 0.07700164678095658,
            "Wind_Dir_Cos": 0.07904322475578528
        },
        "RMSE": {
            "Temperature": 0.9526982395724692,
            "Precipitation_accumulated": 15.422639171977366,
            "Humidity": 2.8602257631788475,
            "Wind_Speed_kmh": 0.33805248330563714,
            "Soil_Moisture": 192.05931885712437,
            "Soil_Temperature": 0.8890265750593713,
            "Wind_Dir_Sin": 0.2774917057876804,
            "Wind_Dir_Cos": 0.28114626932574666
        },
        "MAE": {
            "Temperature": 0.7000263317490125,
            "Precipitation_accumulated": 15.014968136749156,
            "Humidity": 2.0969039201584834,
            "Wind_Speed_kmh": 0.14134510218328258,
            "Soil_Moisture": 94.8874441602063,
            "Soil_Temperature": 0.6354511059578937,
            "Wind_Dir_Sin": 0.15975665937643585,
            "Wind_Dir_Cos": 0.1721009827777689
        },
        "R2": {
            "Temperature": 0.7333897871422701,
            "Precipitation_accumulated": -249.60254920359625,
            "Humidity": 0.8741955766518955,
            "Wind_Speed_kmh": 0.6641881477687834,
            "Soil_Moisture": 0.9501509877036777,
            "Soil_Temperature": 0.8591698206753753,
            "Wind_Dir_Sin": 0.5205943675903717,
            "Wind_Dir_Cos": 0.7246772497866611
        },
        "SMAPE": {
            "Temperature": 11.8880162630858,
            "Precipitation_accumulated": 3.2129046837653163,
            "Humidity": 2.4647220233504243,
            "Wind_Speed_kmh": 159.0450622654231,
            "Soil_Moisture": 1.4789020263743855,
            "Soil_Temperature": 17.7379411878808,
            "Wind_Dir_Sin": 153.68517705653323,
            "Wind_Dir_Cos": 44.841136152114174
        }
    }
}