{
    "trial_number": 48,
    "input_chunk_length": 61,
    "num_blocks": 3,
    "hidden_size": 128,
    "ff_size": 153,
    "norm_type": "TimeBatchNorm2d",
    "normalize_before": false,
    "activation": "GELU",
    "dropout": 0.15000000000000002,
    "batch_size": 22,
    "lr": 0.0004332871234178122,
    "overall_smape_val": 43.56352294806756,
    "metrics": {
        "MSE": {
            "Temperature": 0.4566398538628184,
            "Precipitation_accumulated": 21.59205493910285,
            "Humidity": 2.5324743743224563,
            "Wind_Speed_kmh": 0.07118395799868514,
            "Soil_Moisture": 11900.478929422512,
            "Soil_Temperature": 0.3879422992809655,
            "Wind_Dir_Sin": 0.0445127923997467,
            "Wind_Dir_Cos": 0.04219187272437487
        },
        "RMSE": {
            "Temperature": 0.6757513254613848,
            "Precipitation_accumulated": 4.646725184374782,
            "Humidity": 1.5913749948778435,
            "Wind_Speed_kmh": 0.26680321961828934,
            "Soil_Moisture": 109.0893162936798,
            "Soil_Temperature": 0.6228501419129369,
            "Wind_Dir_Sin": 0.21098054981383166,
            "Wind_Dir_Cos": 0.20540660340985845
        },
        "MAE": {
            "Temperature": 0.5060549461013598,
            "Precipitation_accumulated": 3.8233779701029085,
            "Humidity": 1.0371502527584398,
            "Wind_Speed_kmh": 0.13697293576472383,
            "Soil_Moisture": 50.53692497211845,
            "Soil_Temperature": 0.4981012149351553,
            "Wind_Dir_Sin": 0.10233564568822529,
            "Wind_Dir_Cos": 0.08639184784800966
        },
        "R2": {
            "Temperature": 0.8658656933691267,
            "Precipitation_accumulated": -21.74898713589506,
            "Humidity": 0.9610560191926425,
            "Wind_Speed_kmh": 0.7908249453236327,
            "Soil_Moisture": 0.9839176233608448,
            "Soil_Temperature": 0.9308752806112381,
            "Wind_Dir_Sin": 0.7228671816406319,
            "Wind_Dir_Cos": 0.8530375946703032
        },
        "SMAPE": {
            "Temperature": 8.374509973775318,
            "Precipitation_accumulated": 0.8274806302564228,
            "Humidity": 1.228493357487318,
            "Wind_Speed_kmh": 155.45763899042373,
            "Soil_Moisture": 0.8082147549233138,
            "Soil_Temperature": 16.241765990658433,
            "Wind_Dir_Sin": 141.6768403333291,
            "Wind_Dir_Cos": 23.89323955368689
        }
    }
}