{
    "trial_number": 108,
    "input_chunk_length": 79,
    "output_chunk_length": 25,
    "num_blocks": 1,
    "hidden_size": 32,
    "ff_size": 118,
    "norm_type": "LayerNorm",
    "normalize_before": true,
    "activation": "ReLU",
    "dropout": 0.3,
    "batch_size": 25,
    "lr": 0.002177687518221997,
    "forecast_horizon": 1,
    "overall_smape_val": 50.82725135763389,
    "metrics": {
        "MSE": {
            "Temperature": 1.1189775380161997,
            "Precipitation_accumulated": 85.69177782410459,
            "Humidity": 21.671123407989185,
            "Wind_Speed_kmh": 0.11300719181461137,
            "Soil_Moisture": 31854.240924436534,
            "Soil_Temperature": 1.1955970871562822,
            "Wind_Dir_Sin": 0.064151735717951,
            "Wind_Dir_Cos": 0.07099819034988163
        },
        "RMSE": {
            "Temperature": 1.0578173462447096,
            "Precipitation_accumulated": 9.256985352916175,
            "Humidity": 4.655225387453242,
            "Wind_Speed_kmh": 0.33616542328831406,
            "Soil_Moisture": 178.4775642046824,
            "Soil_Temperature": 1.0934336226567583,
            "Wind_Dir_Sin": 0.25328192931583376,
            "Wind_Dir_Cos": 0.26645485611990943
        },
        "MAE": {
            "Temperature": 0.8436778295362933,
            "Precipitation_accumulated": 7.738268387339671,
            "Humidity": 4.059603311354003,
            "Wind_Speed_kmh": 0.2239860102735738,
            "Soil_Moisture": 142.3835226120818,
            "Soil_Temperature": 0.8527862666351986,
            "Wind_Dir_Sin": 0.14779042316524,
            "Wind_Dir_Cos": 0.14733137846653077
        },
        "R2": {
            "Temperature": 0.6713092934669365,
            "Precipitation_accumulated": -89.28326191603931,
            "Humidity": 0.6667449737569802,
            "Wind_Speed_kmh": 0.6679267886862839,
            "Soil_Moisture": 0.9569519930131046,
            "Soil_Temperature": 0.7869649344635049,
            "Wind_Dir_Sin": 0.6005968090588208,
            "Wind_Dir_Cos": 0.7526996515173321
        },
        "SMAPE": {
            "Temperature": 13.664799090649172,
            "Precipitation_accumulated": 1.7038426407060803,
            "Humidity": 4.898862152621075,
            "Wind_Speed_kmh": 171.61685022355803,
            "Soil_Moisture": 2.380043475934748,
            "Soil_Temperature": 20.535436027330988,
            "Wind_Dir_Sin": 149.0399513353763,
            "Wind_Dir_Cos": 42.77822591489478
        }
    }
}