{
    "trial_number": 37,
    "input_chunk_length": 89,
    "output_chunk_length": 32,
    "num_blocks": 2,
    "hidden_size": 32,
    "ff_size": 93,
    "norm_type": "LayerNorm",
    "normalize_before": true,
    "activation": "ReLU",
    "dropout": 0.2,
    "batch_size": 19,
    "lr": 0.004030898605156616,
    "forecast_horizon": 17,
    "overall_smape_val": 54.38226375559428,
    "metrics": {
        "MSE": {
            "Temperature": 1.3632235832678683,
            "Precipitation_accumulated": 271.7359514139425,
            "Humidity": 18.883468070860765,
            "Wind_Speed_kmh": 0.20767282842806212,
            "Soil_Moisture": 149473.16628582773,
            "Soil_Temperature": 1.9538479505920272,
            "Wind_Dir_Sin": 0.12321680039963057,
            "Wind_Dir_Cos": 0.15385565594242795
        },
        "RMSE": {
            "Temperature": 1.1675716608704874,
            "Precipitation_accumulated": 16.484415410136403,
            "Humidity": 4.345511255406062,
            "Wind_Speed_kmh": 0.45571134331730445,
            "Soil_Moisture": 386.6175969686684,
            "Soil_Temperature": 1.3978011126737693,
            "Wind_Dir_Sin": 0.3510225069701807,
            "Wind_Dir_Cos": 0.39224438293292097
        },
        "MAE": {
            "Temperature": 0.8957849699163235,
            "Precipitation_accumulated": 13.707902506052225,
            "Humidity": 3.281183769001808,
            "Wind_Speed_kmh": 0.24373855472177122,
            "Soil_Moisture": 172.5703519317396,
            "Soil_Temperature": 1.157044351451528,
            "Wind_Dir_Sin": 0.2155145371350702,
            "Wind_Dir_Cos": 0.2503245733062025
        },
        "R2": {
            "Temperature": 0.5971427921060238,
            "Precipitation_accumulated": -284.6149105233071,
            "Humidity": 0.710030664392862,
            "Wind_Speed_kmh": 0.3961312346651008,
            "Soil_Moisture": 0.8000074428136527,
            "Soil_Temperature": 0.6502763915422274,
            "Wind_Dir_Sin": 0.24046013749527195,
            "Wind_Dir_Cos": 0.46859477730300614
        },
        "SMAPE": {
            "Temperature": 15.419591003265655,
            "Precipitation_accumulated": 2.9299108776750526,
            "Humidity": 3.9150193554713417,
            "Wind_Speed_kmh": 169.00477797119552,
            "Soil_Moisture": 2.696650530828225,
            "Soil_Temperature": 28.142443828542874,
            "Wind_Dir_Sin": 164.29704855227132,
            "Wind_Dir_Cos": 48.65266792550428
        }
    }
}