{
    "trial_number": 4,
    "input_chunk_length": 52,
    "num_blocks": 2,
    "hidden_size": 32,
    "ff_size": 102,
    "norm_type": "LayerNorm",
    "normalize_before": false,
    "activation": "GELU",
    "dropout": 0.05,
    "batch_size": 19,
    "lr": 0.0002854713106618324,
    "overall_smape_val": 44.63331097572152,
    "metrics": {
        "MSE": {
            "Temperature": 0.6957030166672042,
            "Precipitation_accumulated": 37.973581225409696,
            "Humidity": 3.950770834452796,
            "Wind_Speed_kmh": 0.07055461136089995,
            "Soil_Moisture": 14842.583845718449,
            "Soil_Temperature": 0.2482847946470996,
            "Wind_Dir_Sin": 0.049153326511357454,
            "Wind_Dir_Cos": 0.04688191215923121
        },
        "RMSE": {
            "Temperature": 0.834088134831808,
            "Precipitation_accumulated": 6.162270784817046,
            "Humidity": 1.9876546064275846,
            "Wind_Speed_kmh": 0.2656211801812874,
            "Soil_Moisture": 121.8301434199207,
            "Soil_Temperature": 0.4982818425821872,
            "Wind_Dir_Sin": 0.22170549499585582,
            "Wind_Dir_Cos": 0.21652231330565266
        },
        "MAE": {
            "Temperature": 0.6654391180164952,
            "Precipitation_accumulated": 4.864452634062928,
            "Humidity": 1.4557796619041716,
            "Wind_Speed_kmh": 0.11925685289410606,
            "Soil_Moisture": 49.34863802738016,
            "Soil_Temperature": 0.37212981323219296,
            "Wind_Dir_Sin": 0.12454923788753758,
            "Wind_Dir_Cos": 0.10354257304948371
        },
        "R2": {
            "Temperature": 0.7956428003988972,
            "Precipitation_accumulated": -39.00825828005255,
            "Humidity": 0.9392456859144485,
            "Wind_Speed_kmh": 0.7926742892077074,
            "Soil_Moisture": 0.9799416456160501,
            "Soil_Temperature": 0.9557598725627824,
            "Wind_Dir_Sin": 0.6939756152456468,
            "Wind_Dir_Cos": 0.8367012855204269
        },
        "SMAPE": {
            "Temperature": 11.336924519171511,
            "Precipitation_accumulated": 1.052266181819066,
            "Humidity": 1.72214413818258,
            "Wind_Speed_kmh": 154.21488687413486,
            "Soil_Moisture": 0.7555166457465045,
            "Soil_Temperature": 13.40442050217673,
            "Wind_Dir_Sin": 142.23037205395104,
            "Wind_Dir_Cos": 32.34995689059022
        }
    }
}