{
    "trial_number": 242,
    "input_chunk_length": 77,
    "output_chunk_length": 15,
    "num_blocks": 1,
    "hidden_size": 32,
    "ff_size": 66,
    "norm_type": "LayerNorm",
    "normalize_before": true,
    "activation": "ReLU",
    "dropout": 0.3,
    "batch_size": 26,
    "lr": 0.0049629541817266115,
    "forecast_horizon": 2,
    "overall_smape_val": 48.2641438372554,
    "metrics": {
        "MSE": {
            "Temperature": 0.5885186956107427,
            "Precipitation_accumulated": 391.91808878681445,
            "Humidity": 8.51366609259892,
            "Wind_Speed_kmh": 0.12326322339596153,
            "Soil_Moisture": 27861.68921635523,
            "Soil_Temperature": 0.8817010912991436,
            "Wind_Dir_Sin": 0.07321014663740545,
            "Wind_Dir_Cos": 0.06665993702237046
        },
        "RMSE": {
            "Temperature": 0.7671497217693184,
            "Precipitation_accumulated": 19.796921194640706,
            "Humidity": 2.9178187216821607,
            "Wind_Speed_kmh": 0.35108862612730923,
            "Soil_Moisture": 166.9182111585049,
            "Soil_Temperature": 0.9389893989279877,
            "Wind_Dir_Sin": 0.2705737360451037,
            "Wind_Dir_Cos": 0.2581858575181268
        },
        "MAE": {
            "Temperature": 0.542877840838793,
            "Precipitation_accumulated": 17.53672205848935,
            "Humidity": 2.330568721348663,
            "Wind_Speed_kmh": 0.14144922104791688,
            "Soil_Moisture": 66.3828472167904,
            "Soil_Temperature": 0.6623604498839308,
            "Wind_Dir_Sin": 0.15410136361672286,
            "Wind_Dir_Cos": 0.14474076007980083
        },
        "R2": {
            "Temperature": 0.8271273378631381,
            "Precipitation_accumulated": -411.91760257563834,
            "Humidity": 0.8690782215716881,
            "Wind_Speed_kmh": 0.6377892966570953,
            "Soil_Moisture": 0.9623475506794364,
            "Soil_Temperature": 0.8428958620037523,
            "Wind_Dir_Sin": 0.5441999214984715,
            "Wind_Dir_Cos": 0.7678106220140808
        },
        "SMAPE": {
            "Temperature": 9.302947420262669,
            "Precipitation_accumulated": 3.725454955517184,
            "Humidity": 2.768987112962471,
            "Wind_Speed_kmh": 156.9273872112166,
            "Soil_Moisture": 1.0280478737405165,
            "Soil_Temperature": 19.144464583433763,
            "Wind_Dir_Sin": 152.4816390733717,
            "Wind_Dir_Cos": 40.73422246753845
        }
    }
}