{
    "trial_number": 223,
    "input_chunk_length": 79,
    "output_chunk_length": 15,
    "num_blocks": 1,
    "hidden_size": 32,
    "ff_size": 63,
    "norm_type": "LayerNorm",
    "normalize_before": true,
    "activation": "ReLU",
    "dropout": 0.3,
    "batch_size": 24,
    "lr": 0.003604102624018897,
    "forecast_horizon": 1,
    "overall_smape_val": 46.523699381442434,
    "metrics": {
        "MSE": {
            "Temperature": 0.8812610996875014,
            "Precipitation_accumulated": 71.42617806499108,
            "Humidity": 7.030781503266465,
            "Wind_Speed_kmh": 0.08814006643442257,
            "Soil_Moisture": 21001.365363231336,
            "Soil_Temperature": 0.5644483097550486,
            "Wind_Dir_Sin": 0.055854783052852026,
            "Wind_Dir_Cos": 0.05500415579876605
        },
        "RMSE": {
            "Temperature": 0.9387550797132879,
            "Precipitation_accumulated": 8.451400952800137,
            "Humidity": 2.651562087386691,
            "Wind_Speed_kmh": 0.29688392754479415,
            "Soil_Moisture": 144.91847833603325,
            "Soil_Temperature": 0.7512977503992998,
            "Wind_Dir_Sin": 0.23633616535107788,
            "Wind_Dir_Cos": 0.23452964801654833
        },
        "MAE": {
            "Temperature": 0.669898552406387,
            "Precipitation_accumulated": 6.910148326071979,
            "Humidity": 2.0274267717224546,
            "Wind_Speed_kmh": 0.13938251411762576,
            "Soil_Moisture": 90.11339361070654,
            "Soil_Temperature": 0.5386388795529146,
            "Wind_Dir_Sin": 0.12067953874233725,
            "Wind_Dir_Cos": 0.12052400047171533
        },
        "R2": {
            "Temperature": 0.7411365968883319,
            "Precipitation_accumulated": -74.25329157180002,
            "Humidity": 0.8918817806410428,
            "Wind_Speed_kmh": 0.740999183890006,
            "Soil_Moisture": 0.9716186323499179,
            "Soil_Temperature": 0.8994249116592967,
            "Wind_Dir_Sin": 0.6522529229962208,
            "Wind_Dir_Cos": 0.8084099491832684
        },
        "SMAPE": {
            "Temperature": 11.493561945009082,
            "Precipitation_accumulated": 1.5182770785145674,
            "Humidity": 2.387779428850703,
            "Wind_Speed_kmh": 158.4386315013985,
            "Soil_Moisture": 1.4466778684486412,
            "Soil_Temperature": 16.420088748141925,
            "Wind_Dir_Sin": 143.5334310438937,
            "Wind_Dir_Cos": 36.951147437282366
        }
    }
}