{
    "trial_number": 44,
    "input_chunk_length": 36,
    "output_chunk_length": 7,
    "hidden_size": 32,
    "num_blocks": 1,
    "ff_size": 71,
    "norm_type": "LayerNorm",
    "normalize_before": true,
    "activation": "ReLU",
    "dropout": 0.35626333101101293,
    "batch_size": 102,
    "lr": 0.0026092915194160854,
    "loss_function": "huber",
    "optimizer": "AdamW",
    "overall_mae_val": 0.121282355770081,
    "metrics": {
        "MSE": {
            "Temperature": 6.860977535587205,
            "Precipitation_accumulated": 85.05860306374696,
            "Humidity": 71.01813786992757,
            "Wind_Speed_kmh": 1.3318233616699526,
            "Soil_Moisture": 24237.291872813985,
            "Soil_Temperature": 13.18199875330593,
            "Wind_Dir_Sin": 0.6374884017989262,
            "Wind_Dir_Cos": 0.39904107635094516
        },
        "RMSE": {
            "Temperature": 2.6193467765050134,
            "Precipitation_accumulated": 9.222722107043396,
            "Humidity": 8.427225989014865,
            "Wind_Speed_kmh": 1.154046516250516,
            "Soil_Moisture": 155.6833063395494,
            "Soil_Temperature": 3.630702239692196,
            "Wind_Dir_Sin": 0.7984287080252852,
            "Wind_Dir_Cos": 0.6316969814325102
        },
        "MAE": {
            "Temperature": 2.007304759316454,
            "Precipitation_accumulated": 7.937992681915508,
            "Humidity": 6.494543762831873,
            "Wind_Speed_kmh": 0.9001433009165527,
            "Soil_Moisture": 119.72114763265388,
            "Soil_Temperature": 3.182752924027087,
            "Wind_Dir_Sin": 0.6902504697274037,
            "Wind_Dir_Cos": 0.5376907654298477
        },
        "R2": {
            "Temperature": 0.7754645532312576,
            "Precipitation_accumulated": -24.291628970941392,
            "Humidity": 0.5159202695289485,
            "Wind_Speed_kmh": 0.011317194901993566,
            "Soil_Moisture": 0.552555524974838,
            "Soil_Temperature": 0.18281108447532923,
            "Wind_Dir_Sin": -0.15414037165449757,
            "Wind_Dir_Cos": -0.08975259535805358
        },
        "SMAPE": {
            "Temperature": 35.52688410377633,
            "Precipitation_accumulated": 1.7276179285383275,
            "Humidity": 7.756553115024274,
            "Wind_Speed_kmh": 75.2202647199221,
            "Soil_Moisture": 1.404354045020787,
            "Soil_Temperature": 71.71993410287274,
            "Wind_Dir_Sin": 141.2002536108914,
            "Wind_Dir_Cos": 135.50816464049646
        }
    }
}