{
    "trial_number": 41,
    "input_chunk_length": 50,
    "num_blocks": 3,
    "hidden_size": 32,
    "ff_size": 61,
    "norm_type": "LayerNorm",
    "normalize_before": true,
    "activation": "GELU",
    "dropout": 0.25,
    "batch_size": 28,
    "lr": 0.006760145887489371,
    "overall_smape_val": 45.32371311089703,
    "metrics": {
        "MSE": {
            "Temperature": 0.6787431634295352,
            "Precipitation_accumulated": 48.55082313927609,
            "Humidity": 3.638075147474116,
            "Wind_Speed_kmh": 0.07465473019834194,
            "Soil_Moisture": 25072.338395387305,
            "Soil_Temperature": 0.996600863270884,
            "Wind_Dir_Sin": 0.04650232923743738,
            "Wind_Dir_Cos": 0.04629616602525665
        },
        "RMSE": {
            "Temperature": 0.8238587035587688,
            "Precipitation_accumulated": 6.96784207192414,
            "Humidity": 1.907373887698507,
            "Wind_Speed_kmh": 0.2732301780520262,
            "Soil_Moisture": 158.34247186206014,
            "Soil_Temperature": 0.9982989849092726,
            "Wind_Dir_Sin": 0.2156439872508329,
            "Wind_Dir_Cos": 0.21516543873321442
        },
        "MAE": {
            "Temperature": 0.5980985701696949,
            "Precipitation_accumulated": 5.717590609330515,
            "Humidity": 1.4226977429597465,
            "Wind_Speed_kmh": 0.12648658506025656,
            "Soil_Moisture": 119.92915248339185,
            "Soil_Temperature": 0.8031957836086804,
            "Wind_Dir_Sin": 0.09689178956585852,
            "Wind_Dir_Cos": 0.10344646655678906
        },
        "R2": {
            "Temperature": 0.8006246217080805,
            "Precipitation_accumulated": -50.15224345934344,
            "Humidity": 0.9440542695493763,
            "Wind_Speed_kmh": 0.780626032744961,
            "Soil_Moisture": 0.9661170956488102,
            "Soil_Temperature": 0.822422676919011,
            "Wind_Dir_Sin": 0.7104804963455944,
            "Wind_Dir_Cos": 0.8387415519320133
        },
        "SMAPE": {
            "Temperature": 9.991968189943469,
            "Precipitation_accumulated": 1.2372127034254385,
            "Humidity": 1.719397302152536,
            "Wind_Speed_kmh": 156.10400561211858,
            "Soil_Moisture": 1.9974861218776259,
            "Soil_Temperature": 19.69479983113465,
            "Wind_Dir_Sin": 140.54833297310012,
            "Wind_Dir_Cos": 31.29650215342378
        }
    }
}