{
    "trial_number": 89,
    "input_chunk_length": 95,
    "output_chunk_length": 46,
    "num_blocks": 2,
    "hidden_size": 64,
    "ff_size": 146,
    "norm_type": "LayerNorm",
    "normalize_before": true,
    "activation": "GELU",
    "dropout": 0.25,
    "batch_size": 21,
    "lr": 0.002327709106133338,
    "forecast_horizon": 21,
    "overall_smape_val": 54.964916210347155,
    "metrics": {
        "MSE": {
            "Temperature": 1.9054262600602472,
            "Precipitation_accumulated": 266.805289151575,
            "Humidity": 33.449385142098194,
            "Wind_Speed_kmh": 0.21879695384327166,
            "Soil_Moisture": 209068.36441162825,
            "Soil_Temperature": 1.959574968644451,
            "Wind_Dir_Sin": 0.1275339147938474,
            "Wind_Dir_Cos": 0.1407411449445767
        },
        "RMSE": {
            "Temperature": 1.3803717832744362,
            "Precipitation_accumulated": 16.334175496534098,
            "Humidity": 5.783544340808515,
            "Wind_Speed_kmh": 0.467757366423311,
            "Soil_Moisture": 457.23994183757424,
            "Soil_Temperature": 1.3998481948570176,
            "Wind_Dir_Sin": 0.3571189084798611,
            "Wind_Dir_Cos": 0.37515482796383776
        },
        "MAE": {
            "Temperature": 1.0866701144087985,
            "Precipitation_accumulated": 15.476527861374807,
            "Humidity": 4.767365974027817,
            "Wind_Speed_kmh": 0.2062095146126588,
            "Soil_Moisture": 280.8188438171782,
            "Soil_Temperature": 0.9393363108210337,
            "Wind_Dir_Sin": 0.23646649667111147,
            "Wind_Dir_Cos": 0.24207755731571637
        },
        "R2": {
            "Temperature": 0.4350724846810017,
            "Precipitation_accumulated": -279.2618361672273,
            "Humidity": 0.4860061075591481,
            "Wind_Speed_kmh": 0.3655771490634254,
            "Soil_Moisture": 0.72100781723712,
            "Soil_Temperature": 0.6486860138379484,
            "Wind_Dir_Sin": 0.21594476134294527,
            "Wind_Dir_Cos": 0.5149884460796886
        },
        "SMAPE": {
            "Temperature": 18.082231468300847,
            "Precipitation_accumulated": 3.3120420966064605,
            "Humidity": 5.734337002319283,
            "Wind_Speed_kmh": 173.33514483420151,
            "Soil_Moisture": 4.514992292610119,
            "Soil_Temperature": 20.90952748204603,
            "Wind_Dir_Sin": 163.2143243001286,
            "Wind_Dir_Cos": 50.616730206564476
        }
    }
}