{
    "trial_number": 81,
    "input_chunk_length": 49,
    "output_chunk_length": 32,
    "num_blocks": 1,
    "hidden_size": 128,
    "ff_size": 260,
    "norm_type": "LayerNorm",
    "normalize_before": true,
    "activation": "GELU",
    "dropout": 0.15000000000000002,
    "batch_size": 24,
    "lr": 0.002873664808750266,
    "forecast_horizon": 18,
    "overall_smape_val": 55.19418625522272,
    "metrics": {
        "MSE": {
            "Temperature": 1.84572686837969,
            "Precipitation_accumulated": 183.37500061069954,
            "Humidity": 19.10546063702796,
            "Wind_Speed_kmh": 0.25135063230355303,
            "Soil_Moisture": 179846.482582106,
            "Soil_Temperature": 2.118155423903152,
            "Wind_Dir_Sin": 0.11732814912158072,
            "Wind_Dir_Cos": 0.1280766160546962
        },
        "RMSE": {
            "Temperature": 1.3585753083210699,
            "Precipitation_accumulated": 13.541602586499854,
            "Humidity": 4.37097936817688,
            "Wind_Speed_kmh": 0.5013488130070252,
            "Soil_Moisture": 424.0831081074864,
            "Soil_Temperature": 1.45538840997967,
            "Wind_Dir_Sin": 0.3425319680286509,
            "Wind_Dir_Cos": 0.3578779345736423
        },
        "MAE": {
            "Temperature": 0.9820305528785334,
            "Precipitation_accumulated": 12.349157766002271,
            "Humidity": 3.2422504915211974,
            "Wind_Speed_kmh": 0.35304029768349365,
            "Soil_Moisture": 263.0995651798208,
            "Soil_Temperature": 1.2852535469537358,
            "Wind_Dir_Sin": 0.257203449631396,
            "Wind_Dir_Cos": 0.23015494139834874
        },
        "R2": {
            "Temperature": 0.4541538051396248,
            "Precipitation_accumulated": -191.71138548374014,
            "Humidity": 0.7066252591161527,
            "Wind_Speed_kmh": 0.26964021017636575,
            "Soil_Moisture": 0.759527382758437,
            "Soil_Temperature": 0.6207158870622715,
            "Wind_Dir_Sin": 0.2772414730113112,
            "Wind_Dir_Cos": 0.5578832006914302
        },
        "SMAPE": {
            "Temperature": 16.955430908001176,
            "Precipitation_accumulated": 2.7322132329407953,
            "Humidity": 3.854826290606755,
            "Wind_Speed_kmh": 174.13848423232116,
            "Soil_Moisture": 4.196328665040921,
            "Soil_Temperature": 30.887368627222898,
            "Wind_Dir_Sin": 160.3632341682815,
            "Wind_Dir_Cos": 48.42560391736672
        }
    }
}