{
    "trial_number": 140,
    "input_chunk_length": 24,
    "output_chunk_length": 18,
    "num_blocks": 1,
    "hidden_size": 32,
    "ff_size": 82,
    "norm_type": "LayerNorm",
    "normalize_before": true,
    "activation": "ReLU",
    "dropout": 0.3,
    "batch_size": 17,
    "lr": 0.0035122573929090195,
    "forecast_horizon": 3,
    "overall_smape_val": 52.64664885395378,
    "metrics": {
        "MSE": {
            "Temperature": 1.9422569489491905,
            "Precipitation_accumulated": 135.7417905466884,
            "Humidity": 9.02661188963019,
            "Wind_Speed_kmh": 0.17392654149362458,
            "Soil_Moisture": 53207.52179531146,
            "Soil_Temperature": 1.9940307199584042,
            "Wind_Dir_Sin": 0.08499023173215964,
            "Wind_Dir_Cos": 0.08321909299940783
        },
        "RMSE": {
            "Temperature": 1.393648789670192,
            "Precipitation_accumulated": 11.650827891042267,
            "Humidity": 3.0044320411069694,
            "Wind_Speed_kmh": 0.4170450113520417,
            "Soil_Moisture": 230.66755687636584,
            "Soil_Temperature": 1.4121015260803327,
            "Wind_Dir_Sin": 0.2915308418197972,
            "Wind_Dir_Cos": 0.2884771966714316
        },
        "MAE": {
            "Temperature": 0.9501725575764725,
            "Precipitation_accumulated": 9.80069568024788,
            "Humidity": 2.1656371596103536,
            "Wind_Speed_kmh": 0.2830510627571357,
            "Soil_Moisture": 125.84489102456915,
            "Soil_Temperature": 1.1635992132628696,
            "Wind_Dir_Sin": 0.17036763166302263,
            "Wind_Dir_Cos": 0.16339723862739036
        },
        "R2": {
            "Temperature": 0.42920495419189075,
            "Precipitation_accumulated": -141.9916363102725,
            "Humidity": 0.8611928068331366,
            "Wind_Speed_kmh": 0.48927070982074805,
            "Soil_Moisture": 0.9281417132213168,
            "Soil_Temperature": 0.6445813294686054,
            "Wind_Dir_Sin": 0.47120754450524294,
            "Wind_Dir_Cos": 0.7102944455869828
        },
        "SMAPE": {
            "Temperature": 17.58730282972748,
            "Precipitation_accumulated": 2.1021027680133773,
            "Humidity": 2.550395002631581,
            "Wind_Speed_kmh": 165.02178229524944,
            "Soil_Moisture": 1.9939596715456032,
            "Soil_Temperature": 32.11550774583807,
            "Wind_Dir_Sin": 157.4274906582946,
            "Wind_Dir_Cos": 42.374649860329995
        }
    }
}