{
    "trial_number": 86,
    "input_chunk_length": 25,
    "output_chunk_length": 1,
    "hidden_size": 128,
    "num_blocks": 1,
    "ff_size": 160,
    "norm_type": "TimeBatchNorm2d",
    "normalize_before": true,
    "activation": "GELU",
    "dropout": 0.47953549361011144,
    "batch_size": 78,
    "lr": 0.0047764590017168535,
    "loss_function": "smoothl1",
    "optimizer": "AdamW",
    "overall_mae_val": 0.08358354901717624,
    "metrics": {
        "MSE": {
            "Temperature": 2.1017472215747435,
            "Precipitation_accumulated": 37.36280022918873,
            "Humidity": 13.98709419701921,
            "Wind_Speed_kmh": 0.5296900842246063,
            "Soil_Moisture": 10548.483062086425,
            "Soil_Temperature": 3.0013640976663254,
            "Wind_Dir_Sin": 0.35877125487525513,
            "Wind_Dir_Cos": 0.30997869053333404
        },
        "RMSE": {
            "Temperature": 1.4497403979936352,
            "Precipitation_accumulated": 6.112511777427405,
            "Humidity": 3.739932378669327,
            "Wind_Speed_kmh": 0.727798106774541,
            "Soil_Moisture": 102.70580831718537,
            "Soil_Temperature": 1.7324445438934908,
            "Wind_Dir_Sin": 0.5989751704997922,
            "Wind_Dir_Cos": 0.5567572994881469
        },
        "MAE": {
            "Temperature": 1.1622636359617828,
            "Precipitation_accumulated": 5.111136267446415,
            "Humidity": 2.926109516288293,
            "Wind_Speed_kmh": 0.5505578253588336,
            "Soil_Moisture": 92.2642684546986,
            "Soil_Temperature": 1.48196936171536,
            "Wind_Dir_Sin": 0.48639344632207043,
            "Wind_Dir_Cos": 0.4524870691672989
        },
        "R2": {
            "Temperature": 0.9311284923577221,
            "Precipitation_accumulated": -9.82028162649967,
            "Humidity": 0.9045737672875201,
            "Wind_Speed_kmh": 0.6077362684915795,
            "Soil_Moisture": 0.818032241689208,
            "Soil_Temperature": 0.814377598808585,
            "Wind_Dir_Sin": 0.347537539766668,
            "Wind_Dir_Cos": 0.15721815083625057
        },
        "SMAPE": {
            "Temperature": 22.676735920312876,
            "Precipitation_accumulated": 1.1095845034294627,
            "Humidity": 3.363501038239101,
            "Wind_Speed_kmh": 57.095384801344025,
            "Soil_Moisture": 1.081998662738577,
            "Soil_Temperature": 38.65831754455289,
            "Wind_Dir_Sin": 97.43787414550694,
            "Wind_Dir_Cos": 111.8128852718359
        }
    }
}