{
    "trial_number": 65,
    "input_chunk_length": 37,
    "output_chunk_length": 6,
    "hidden_size": 32,
    "num_blocks": 1,
    "ff_size": 35,
    "norm_type": "LayerNorm",
    "normalize_before": true,
    "activation": "ReLU",
    "dropout": 0.4010897800642069,
    "batch_size": 110,
    "lr": 0.0017534081611910372,
    "loss_function": "huber",
    "optimizer": "AdamW",
    "overall_mae_val": 0.11328956420370587,
    "metrics": {
        "MSE": {
            "Temperature": 6.656008062115807,
            "Precipitation_accumulated": 18.687408719076597,
            "Humidity": 58.68767904701734,
            "Wind_Speed_kmh": 1.3383573828959492,
            "Soil_Moisture": 17596.47189220203,
            "Soil_Temperature": 3.9122284493632558,
            "Wind_Dir_Sin": 0.5858303166504426,
            "Wind_Dir_Cos": 0.399581489147017
        },
        "RMSE": {
            "Temperature": 2.579924041927554,
            "Precipitation_accumulated": 4.322893558610551,
            "Humidity": 7.660788408970538,
            "Wind_Speed_kmh": 1.1568739701868778,
            "Soil_Moisture": 132.6516938911902,
            "Soil_Temperature": 1.9779354007053052,
            "Wind_Dir_Sin": 0.7653955295469412,
            "Wind_Dir_Cos": 0.6321245835648358
        },
        "MAE": {
            "Temperature": 2.074277032512395,
            "Precipitation_accumulated": 3.531800024707261,
            "Humidity": 5.902920025096973,
            "Wind_Speed_kmh": 0.9201909130339463,
            "Soil_Moisture": 104.64367159330818,
            "Soil_Temperature": 1.5469403157487895,
            "Wind_Dir_Sin": 0.6615252175682316,
            "Wind_Dir_Cos": 0.5354298313776732
        },
        "R2": {
            "Temperature": 0.7821724767102571,
            "Precipitation_accumulated": -4.556580883382312,
            "Humidity": 0.5999681671873058,
            "Wind_Speed_kmh": 0.006466645932655668,
            "Soil_Moisture": 0.6751516559928591,
            "Soil_Temperature": 0.7574700329099837,
            "Wind_Dir_Sin": -0.060616032350461424,
            "Wind_Dir_Cos": -0.09122842399321418
        },
        "SMAPE": {
            "Temperature": 33.70770734509427,
            "Precipitation_accumulated": 0.7631738931723318,
            "Humidity": 6.989787403391841,
            "Wind_Speed_kmh": 74.72908369777547,
            "Soil_Moisture": 1.2267735809126776,
            "Soil_Temperature": 27.994128869644193,
            "Wind_Dir_Sin": 137.7963472497645,
            "Wind_Dir_Cos": 135.41840338144786
        }
    }
}