{
    "trial_number": 9,
    "input_chunk_length": 72,
    "num_blocks": 3,
    "hidden_size": 32,
    "ff_size": 118,
    "norm_type": "LayerNorm",
    "normalize_before": true,
    "activation": "GELU",
    "dropout": 0.05,
    "batch_size": 33,
    "lr": 0.0007118559752014188,
    "overall_smape_val": 45.154258589168634,
    "metrics": {
        "MSE": {
            "Temperature": 0.6941507151931692,
            "Precipitation_accumulated": 68.19037528960132,
            "Humidity": 5.989478284834439,
            "Wind_Speed_kmh": 0.07258491820588489,
            "Soil_Moisture": 16262.759432033718,
            "Soil_Temperature": 0.9558065294855842,
            "Wind_Dir_Sin": 0.04745603080291132,
            "Wind_Dir_Cos": 0.042927042350731845
        },
        "RMSE": {
            "Temperature": 0.8331570771428214,
            "Precipitation_accumulated": 8.25774638079914,
            "Humidity": 2.447341064264325,
            "Wind_Speed_kmh": 0.2694158833585817,
            "Soil_Moisture": 127.52552462951766,
            "Soil_Temperature": 0.97765358357937,
            "Wind_Dir_Sin": 0.21784405156650782,
            "Wind_Dir_Cos": 0.20718842233757137
        },
        "MAE": {
            "Temperature": 0.6739089888033472,
            "Precipitation_accumulated": 6.8689978146668,
            "Humidity": 2.0082578742298245,
            "Wind_Speed_kmh": 0.11173158708120713,
            "Soil_Moisture": 74.91934946188884,
            "Soil_Temperature": 0.8770342848127202,
            "Wind_Dir_Sin": 0.11865155440157071,
            "Wind_Dir_Cos": 0.09370667226995989
        },
        "R2": {
            "Temperature": 0.7960987765475851,
            "Precipitation_accumulated": -70.84411000389255,
            "Humidity": 0.9078947729004831,
            "Wind_Speed_kmh": 0.786708204190106,
            "Soil_Moisture": 0.9780224120450056,
            "Soil_Temperature": 0.8296915333463377,
            "Wind_Dir_Sin": 0.7045428323963194,
            "Wind_Dir_Cos": 0.8504768575036796
        },
        "SMAPE": {
            "Temperature": 11.57764608909644,
            "Precipitation_accumulated": 1.4846003643856591,
            "Humidity": 2.411686268816978,
            "Wind_Speed_kmh": 153.818030860358,
            "Soil_Moisture": 1.215247592026645,
            "Soil_Temperature": 22.064478655223425,
            "Wind_Dir_Sin": 144.20290686319484,
            "Wind_Dir_Cos": 24.45947202024725
        }
    }
}