{
    "trial_number": 53,
    "fold_smape": [
        107.35844270889918,
        52.957153195277364,
        65.72962925556433
    ],
    "mean_smape": 75.34840838658029,
    "hyperparameters": {
        "input_chunk_length": 48,
        "hidden_size": 64,
        "dropout": 0.4,
        "batch_size": 104,
        "lr": 0.0025249704847784002,
        "weight_decay": 0.00716754630012356,
        "ff_size": 234,
        "num_blocks": 2,
        "activation": "GELU",
        "norm_type": "LayerNorm",
        "normalize_before": false
    },
    "metrics_per_fold": [
        {
            "Temperature": {
                "MSE": 22.491169764989856,
                "RMSE": 4.742485610414633,
                "MAE": 3.6440553037174617,
                "R2": -0.08553671737033319,
                "SMAPE": 24.104595851280546,
                "WAPE": 22.965943955675698
            },
            "Precipitation_accumulated": {
                "MSE": 177206.32909544604,
                "RMSE": 420.95882113984266,
                "MAE": 395.9332186169605,
                "R2": -7.506344293389157,
                "SMAPE": 175.70596489462872,
                "WAPE": 97.87143966173613
            },
            "Humidity": {
                "MSE": 1155.7466289521456,
                "RMSE": 33.996273750988436,
                "MAE": 31.909058832819127,
                "R2": -13.844341269476477,
                "SMAPE": 46.457308251944376,
                "WAPE": 37.740469038640974
            },
            "Wind_Speed_kmh": {
                "MSE": 14.65145427302729,
                "RMSE": 3.827721812387532,
                "MAE": 3.706145595301776,
                "R2": -80.18055615948079,
                "SMAPE": 199.87521051874722,
                "WAPE": 1906.6739855596236
            },
            "Soil_Moisture": {
                "MSE": 472016.43191976857,
                "RMSE": 687.0345201805864,
                "MAE": 649.898719733341,
                "R2": 0.47368225716936807,
                "SMAPE": 9.377668120388174,
                "WAPE": 9.533607407459927
            },
            "Soil_Temperature": {
                "MSE": 41.40602815004989,
                "RMSE": 6.434751599716177,
                "MAE": 5.336766628855309,
                "R2": -0.949541074067692,
                "SMAPE": 38.80849766231124,
                "WAPE": 34.16426693335907
            },
            "Wind_Dir_Sin": {
                "MSE": 0.3487775318387551,
                "RMSE": 0.5905739004043059,
                "MAE": 0.5347541985929636,
                "R2": -2.2091121061457386,
                "SMAPE": 187.63978506308996,
                "WAPE": 379.5322727105997
            },
            "Wind_Dir_Cos": {
                "MSE": 0.8200218602000814,
                "RMSE": 0.9055505840095744,
                "MAE": 0.8670882063392813,
                "R2": -1.0035453341816711,
                "SMAPE": 176.8985113088033,
                "WAPE": 94.11391257818013
            }
        },
        {
            "Temperature": {
                "MSE": 1.3576028725487677,
                "RMSE": 1.165162165772974,
                "MAE": 0.9164830250863484,
                "R2": 0.4966396404553406,
                "SMAPE": 11.728315852926695,
                "WAPE": 10.986999390272318
            },
            "Precipitation_accumulated": {
                "MSE": 60.62522121516508,
                "RMSE": 7.786219956767538,
                "MAE": 6.786314294360224,
                "R2": -260.7603660950562,
                "SMAPE": 1.4935953738745473,
                "WAPE": 1.4796868252628268
            },
            "Humidity": {
                "MSE": 32.036952644405424,
                "RMSE": 5.6601194902939485,
                "MAE": 4.0676211747365745,
                "R2": 0.14090107894306425,
                "SMAPE": 4.7440392323809055,
                "WAPE": 4.645944494476224
            },
            "Wind_Speed_kmh": {
                "MSE": 0.006025123912801549,
                "RMSE": 0.0776216716697183,
                "MAE": 0.055494136152031075,
                "R2": -4.7599980823965415,
                "SMAPE": 194.19115017146896,
                "WAPE": 676.0406102194771
            },
            "Soil_Moisture": {
                "MSE": 30555.377481071344,
                "RMSE": 174.80096533220674,
                "MAE": 148.1163901916761,
                "R2": 0.12395658749708705,
                "SMAPE": 2.5183931088765363,
                "WAPE": 2.526199752096579
            },
            "Soil_Temperature": {
                "MSE": 0.24848159387655255,
                "RMSE": 0.49847928129116115,
                "MAE": 0.4083772901821575,
                "R2": 0.8583214982230785,
                "SMAPE": 4.766927713072414,
                "WAPE": 4.556121637655806
            },
            "Wind_Dir_Sin": {
                "MSE": 0.025262159401645185,
                "RMSE": 0.15894074179279893,
                "MAE": 0.04855623824610915,
                "R2": 0.1586944393644082,
                "SMAPE": 192.9476870244443,
                "WAPE": 124.23052320201758
            },
            "Wind_Dir_Cos": {
                "MSE": 0.048223075056862026,
                "RMSE": 0.21959752971484453,
                "MAE": 0.08080619116447475,
                "R2": -0.06379218193890601,
                "SMAPE": 11.267117085174464,
                "WAPE": 8.298043384007322
            }
        },
        {
            "Temperature": {
                "MSE": 19.880801054445918,
                "RMSE": 4.458789191523403,
                "MAE": 3.4602855784050583,
                "R2": 0.2848665305638569,
                "SMAPE": 49.78248463109341,
                "WAPE": 42.187863633584335
            },
            "Precipitation_accumulated": {
                "MSE": 1699.8036799307204,
                "RMSE": 41.22867545690403,
                "MAE": 38.801014614035935,
                "R2": -354.47736952076394,
                "SMAPE": 8.74054473915051,
                "WAPE": 8.365860202962999
            },
            "Humidity": {
                "MSE": 270.99800718688067,
                "RMSE": 16.462017105655086,
                "MAE": 13.105711523477446,
                "R2": -0.8929336923633213,
                "SMAPE": 14.788883527710974,
                "WAPE": 15.041362687954532
            },
            "Wind_Speed_kmh": {
                "MSE": 2.818157606710914,
                "RMSE": 1.6787369081279278,
                "MAE": 1.248718503588348,
                "R2": -1.0108502278638096,
                "SMAPE": 148.06228596195245,
                "WAPE": 92.74549015644007
            },
            "Soil_Moisture": {
                "MSE": 586047.2873090963,
                "RMSE": 765.5372540308514,
                "MAE": 680.0478817779041,
                "R2": 0.17176504077756583,
                "SMAPE": 8.491580924532867,
                "WAPE": 8.20247119064977
            },
            "Soil_Temperature": {
                "MSE": 7.006843985223331,
                "RMSE": 2.6470443867119666,
                "MAE": 1.9806849387535264,
                "R2": 0.5740421948009451,
                "SMAPE": 35.50972759043951,
                "WAPE": 28.63674244452221
            },
            "Wind_Dir_Sin": {
                "MSE": 0.6195942950369051,
                "RMSE": 0.7871431223334834,
                "MAE": 0.636756515327642,
                "R2": -0.19312174502691848,
                "SMAPE": 118.09803663388693,
                "WAPE": 94.10881896481263
            },
            "Wind_Dir_Cos": {
                "MSE": 0.7816304973264971,
                "RMSE": 0.8840986920737397,
                "MAE": 0.7396856340215033,
                "R2": -0.826913506871886,
                "SMAPE": 142.36349003574827,
                "WAPE": 125.95457468388342
            }
        }
    ]
}