{
    "trial_number": 76,
    "input_chunk_length": 25,
    "output_chunk_length": 2,
    "hidden_size": 32,
    "num_blocks": 1,
    "ff_size": 49,
    "norm_type": "LayerNorm",
    "normalize_before": true,
    "activation": "ReLU",
    "dropout": 0.44569216759185654,
    "batch_size": 77,
    "lr": 0.004267115052181662,
    "loss_function": "huber",
    "optimizer": "AdamW",
    "overall_mae_val": 0.09678247225493576,
    "metrics": {
        "MSE": {
            "Temperature": 3.9996636162842076,
            "Precipitation_accumulated": 51.07512146521796,
            "Humidity": 27.197485401928624,
            "Wind_Speed_kmh": 0.864971777204755,
            "Soil_Moisture": 3250.991487998752,
            "Soil_Temperature": 4.557751171134812,
            "Wind_Dir_Sin": 0.4658800647769438,
            "Wind_Dir_Cos": 0.3634665708857198
        },
        "RMSE": {
            "Temperature": 1.9999159023029462,
            "Precipitation_accumulated": 7.146686047757937,
            "Humidity": 5.215120842504862,
            "Wind_Speed_kmh": 0.9300385890944284,
            "Soil_Moisture": 57.017466516838084,
            "Soil_Temperature": 2.134889030168737,
            "Wind_Dir_Sin": 0.6825540746174942,
            "Wind_Dir_Cos": 0.6028818880060337
        },
        "MAE": {
            "Temperature": 1.5389900674669066,
            "Precipitation_accumulated": 6.477661403090352,
            "Humidity": 3.9215882530151696,
            "Wind_Speed_kmh": 0.7056987949835622,
            "Soil_Moisture": 35.76252505018186,
            "Soil_Temperature": 1.815353887013328,
            "Wind_Dir_Sin": 0.5718703993873974,
            "Wind_Dir_Cos": 0.49954676637059975
        },
        "R2": {
            "Temperature": 0.8688559049575533,
            "Precipitation_accumulated": -13.813785330106485,
            "Humidity": 0.814433279980834,
            "Wind_Speed_kmh": 0.35955366051292814,
            "Soil_Moisture": 0.9437467564931021,
            "Soil_Temperature": 0.7179352659870767,
            "Wind_Dir_Sin": 0.1528644266086573,
            "Wind_Dir_Cos": 0.011443019986674963
        },
        "SMAPE": {
            "Temperature": 26.261197590167797,
            "Precipitation_accumulated": 1.381817320827878,
            "Humidity": 4.710216257299686,
            "Wind_Speed_kmh": 65.75943519732064,
            "Soil_Moisture": 0.4177051704669659,
            "Soil_Temperature": 47.066694195152046,
            "Wind_Dir_Sin": 115.9850591054077,
            "Wind_Dir_Cos": 123.36057903623872
        }
    }
}