{
    "trial_number": 144,
    "input_chunk_length": 15,
    "output_chunk_length": 13,
    "num_blocks": 1,
    "hidden_size": 32,
    "ff_size": 78,
    "norm_type": "LayerNorm",
    "normalize_before": true,
    "activation": "ReLU",
    "dropout": 0.3,
    "batch_size": 16,
    "lr": 0.003119302529746311,
    "forecast_horizon": 5,
    "overall_smape_val": 51.416679554984775,
    "metrics": {
        "MSE": {
            "Temperature": 1.6757327695865165,
            "Precipitation_accumulated": 44.41041454626231,
            "Humidity": 9.677102121406076,
            "Wind_Speed_kmh": 0.1797490133393058,
            "Soil_Moisture": 57008.75602589297,
            "Soil_Temperature": 1.929133730951205,
            "Wind_Dir_Sin": 0.08239684221486625,
            "Wind_Dir_Cos": 0.08873908176394943
        },
        "RMSE": {
            "Temperature": 1.2945009731887096,
            "Precipitation_accumulated": 6.6641139355703025,
            "Humidity": 3.1108040956328438,
            "Wind_Speed_kmh": 0.4239681749132897,
            "Soil_Moisture": 238.7650645004268,
            "Soil_Temperature": 1.3889325868994524,
            "Wind_Dir_Sin": 0.28704850150256184,
            "Wind_Dir_Cos": 0.2978910568713828
        },
        "MAE": {
            "Temperature": 1.0342139452892827,
            "Precipitation_accumulated": 5.396196019853129,
            "Humidity": 2.224703910915067,
            "Wind_Speed_kmh": 0.2375381859840737,
            "Soil_Moisture": 91.75211291104675,
            "Soil_Temperature": 1.0322421400074024,
            "Wind_Dir_Sin": 0.16769585213896654,
            "Wind_Dir_Cos": 0.15837563032997704
        },
        "R2": {
            "Temperature": 0.507131759481902,
            "Precipitation_accumulated": -45.76712887611519,
            "Humidity": 0.8512130750350505,
            "Wind_Speed_kmh": 0.4729096285223352,
            "Soil_Moisture": 0.9231094005461531,
            "Soil_Temperature": 0.6559211870398167,
            "Wind_Dir_Sin": 0.4880205921807673,
            "Wind_Dir_Cos": 0.6914246368050617
        },
        "SMAPE": {
            "Temperature": 17.093726114040727,
            "Precipitation_accumulated": 1.1779824458452086,
            "Humidity": 2.6629052590514295,
            "Wind_Speed_kmh": 170.25053546074278,
            "Soil_Moisture": 1.457632754729341,
            "Soil_Temperature": 23.002193075330936,
            "Wind_Dir_Sin": 153.6397685168221,
            "Wind_Dir_Cos": 42.048692813315334
        }
    }
}