{
    "trial_number": 84,
    "input_chunk_length": 28,
    "output_chunk_length": 1,
    "hidden_size": 128,
    "num_blocks": 1,
    "ff_size": 173,
    "norm_type": "TimeBatchNorm2d",
    "normalize_before": true,
    "activation": "ReLU",
    "dropout": 0.4677130374690211,
    "batch_size": 70,
    "lr": 0.003963844326132475,
    "loss_function": "smoothl1",
    "optimizer": "AdamW",
    "overall_mae_val": 0.08186091878938309,
    "metrics": {
        "MSE": {
            "Temperature": 1.999123815864383,
            "Precipitation_accumulated": 30.193003280509377,
            "Humidity": 10.194216809850314,
            "Wind_Speed_kmh": 0.538446651542181,
            "Soil_Moisture": 11584.117545223817,
            "Soil_Temperature": 0.882009957621823,
            "Wind_Dir_Sin": 0.37099302016604147,
            "Wind_Dir_Cos": 0.31815545232465114
        },
        "RMSE": {
            "Temperature": 1.4139037505659227,
            "Precipitation_accumulated": 5.494816037003366,
            "Humidity": 3.192838362625066,
            "Wind_Speed_kmh": 0.7337892419095424,
            "Soil_Moisture": 107.62953844193432,
            "Soil_Temperature": 0.9391538519443037,
            "Wind_Dir_Sin": 0.6090919636360682,
            "Wind_Dir_Cos": 0.5640527034991066
        },
        "MAE": {
            "Temperature": 1.1751764615490297,
            "Precipitation_accumulated": 4.826068683863434,
            "Humidity": 2.3405716892565644,
            "Wind_Speed_kmh": 0.5520394686505348,
            "Soil_Moisture": 98.33041144583414,
            "Soil_Temperature": 0.740242908835121,
            "Wind_Dir_Sin": 0.5000979059498017,
            "Wind_Dir_Cos": 0.45245053599222834
        },
        "R2": {
            "Temperature": 0.9343719153849516,
            "Precipitation_accumulated": -7.783887423389169,
            "Humidity": 0.9304353609520465,
            "Wind_Speed_kmh": 0.6010784173651158,
            "Soil_Moisture": 0.7982263035149936,
            "Soil_Temperature": 0.9453301416750114,
            "Wind_Dir_Sin": 0.32584476017212216,
            "Wind_Dir_Cos": 0.13317543885009553
        },
        "SMAPE": {
            "Temperature": 24.204948734438535,
            "Precipitation_accumulated": 1.0457888223199912,
            "Humidity": 2.7725030396548407,
            "Wind_Speed_kmh": 57.811062764614256,
            "Soil_Moisture": 1.143482585267024,
            "Soil_Temperature": 13.033170351786488,
            "Wind_Dir_Sin": 100.7456582446531,
            "Wind_Dir_Cos": 110.70299551716587
        }
    }
}