{
    "trial_number": 124,
    "input_chunk_length": 82,
    "output_chunk_length": 17,
    "num_blocks": 1,
    "hidden_size": 32,
    "ff_size": 102,
    "norm_type": "LayerNorm",
    "normalize_before": true,
    "activation": "ReLU",
    "dropout": 0.3,
    "batch_size": 22,
    "lr": 0.0017505418698010712,
    "forecast_horizon": 3,
    "overall_smape_val": 49.55601202655925,
    "metrics": {
        "MSE": {
            "Temperature": 0.8300674758715096,
            "Precipitation_accumulated": 42.56713638891361,
            "Humidity": 7.871976656988978,
            "Wind_Speed_kmh": 0.13370210821783077,
            "Soil_Moisture": 42792.68376520776,
            "Soil_Temperature": 0.5672729101726313,
            "Wind_Dir_Sin": 0.0750296873272522,
            "Wind_Dir_Cos": 0.08976840989298761
        },
        "RMSE": {
            "Temperature": 0.911080389357333,
            "Precipitation_accumulated": 6.524349499292141,
            "Humidity": 2.805704306763095,
            "Wind_Speed_kmh": 0.36565298879925867,
            "Soil_Moisture": 206.86392572221905,
            "Soil_Temperature": 0.753175218772253,
            "Wind_Dir_Sin": 0.27391547478602263,
            "Wind_Dir_Cos": 0.2996137678628731
        },
        "MAE": {
            "Temperature": 0.630967560915942,
            "Precipitation_accumulated": 5.210305442705104,
            "Humidity": 2.0276559284600046,
            "Wind_Speed_kmh": 0.17629083923477448,
            "Soil_Moisture": 82.8272898286522,
            "Soil_Temperature": 0.5244932266173078,
            "Wind_Dir_Sin": 0.14725080923925632,
            "Wind_Dir_Cos": 0.17642019895819808
        },
        "R2": {
            "Temperature": 0.7560578155376214,
            "Precipitation_accumulated": -43.84060848747803,
            "Humidity": 0.8789482700937887,
            "Wind_Speed_kmh": 0.6073883707503878,
            "Soil_Moisture": 0.9422072511879183,
            "Soil_Temperature": 0.8988885268697175,
            "Wind_Dir_Sin": 0.5331800868385116,
            "Wind_Dir_Cos": 0.6874947080112013
        },
        "SMAPE": {
            "Temperature": 11.203380260174656,
            "Precipitation_accumulated": 1.130475797011102,
            "Humidity": 2.43264681983047,
            "Wind_Speed_kmh": 166.23461523409566,
            "Soil_Moisture": 1.2841170637349661,
            "Soil_Temperature": 15.728191133130194,
            "Wind_Dir_Sin": 154.2972003592333,
            "Wind_Dir_Cos": 44.137469545263485
        }
    }
}