{
    "trial_number": 92,
    "input_chunk_length": 61,
    "output_chunk_length": 24,
    "num_blocks": 1,
    "hidden_size": 128,
    "ff_size": 247,
    "norm_type": "LayerNorm",
    "normalize_before": true,
    "activation": "GELU",
    "dropout": 0.15000000000000002,
    "batch_size": 23,
    "lr": 0.0023531230480635856,
    "forecast_horizon": 19,
    "overall_smape_val": 52.87409116191506,
    "metrics": {
        "MSE": {
            "Temperature": 1.098171601515227,
            "Precipitation_accumulated": 149.5779481654552,
            "Humidity": 24.299649734449936,
            "Wind_Speed_kmh": 0.2347983519617396,
            "Soil_Moisture": 183312.31812942022,
            "Soil_Temperature": 2.2442187105376643,
            "Wind_Dir_Sin": 0.11959142899220133,
            "Wind_Dir_Cos": 0.14351051693070782
        },
        "RMSE": {
            "Temperature": 1.0479368308801953,
            "Precipitation_accumulated": 12.230206382782558,
            "Humidity": 4.929467489947564,
            "Wind_Speed_kmh": 0.48455995703497784,
            "Soil_Moisture": 428.1498781144521,
            "Soil_Temperature": 1.4980716640193366,
            "Wind_Dir_Sin": 0.3458199372393115,
            "Wind_Dir_Cos": 0.37882781963671547
        },
        "MAE": {
            "Temperature": 0.7308452533338053,
            "Precipitation_accumulated": 9.997792428179835,
            "Humidity": 3.6040246878701225,
            "Wind_Speed_kmh": 0.29996994181479486,
            "Soil_Moisture": 166.49811456397785,
            "Soil_Temperature": 1.017483317452641,
            "Wind_Dir_Sin": 0.24691042594628684,
            "Wind_Dir_Cos": 0.21430829608278404
        },
        "R2": {
            "Temperature": 0.6750123130961135,
            "Precipitation_accumulated": -156.16961816973273,
            "Humidity": 0.6268439979035214,
            "Wind_Speed_kmh": 0.3182177531988951,
            "Soil_Moisture": 0.7550543530763334,
            "Soil_Temperature": 0.5979947563300179,
            "Wind_Dir_Sin": 0.26379081039734575,
            "Wind_Dir_Cos": 0.5048855320210868
        },
        "SMAPE": {
            "Temperature": 12.699569312455496,
            "Precipitation_accumulated": 2.142914341319908,
            "Humidity": 4.341274180216742,
            "Wind_Speed_kmh": 172.65744239572464,
            "Soil_Moisture": 2.5618767199529766,
            "Soil_Temperature": 22.467506473075353,
            "Wind_Dir_Sin": 158.84778605970772,
            "Wind_Dir_Cos": 47.2743598128677
        }
    }
}