{
    "trial_number": 10,
    "input_chunk_length": 13,
    "output_chunk_length": 12,
    "num_blocks": 1,
    "hidden_size": 128,
    "ff_size": 510,
    "norm_type": "LayerNorm",
    "normalize_before": true,
    "activation": "GELU",
    "dropout": 0.2,
    "batch_size": 17,
    "lr": 0.009129617128416975,
    "forecast_horizon": 19,
    "overall_smape_val": 54.071410401180714,
    "metrics": {
        "MSE": {
            "Temperature": 2.194569429562103,
            "Precipitation_accumulated": 227.33776327873107,
            "Humidity": 26.0671371366161,
            "Wind_Speed_kmh": 0.23283516174266852,
            "Soil_Moisture": 204627.06201739475,
            "Soil_Temperature": 1.5355410201626885,
            "Wind_Dir_Sin": 0.12652647265063238,
            "Wind_Dir_Cos": 0.17093037649977708
        },
        "RMSE": {
            "Temperature": 1.4814079213917088,
            "Precipitation_accumulated": 15.077724074897082,
            "Humidity": 5.105598607079889,
            "Wind_Speed_kmh": 0.4825299594249755,
            "Soil_Moisture": 452.3572283244679,
            "Soil_Temperature": 1.2391694880696056,
            "Wind_Dir_Sin": 0.3557055982840759,
            "Wind_Dir_Cos": 0.4134372703322441
        },
        "MAE": {
            "Temperature": 1.2029856733229718,
            "Precipitation_accumulated": 12.117262850782764,
            "Humidity": 3.71807243276538,
            "Wind_Speed_kmh": 0.22367740659741062,
            "Soil_Moisture": 210.36393745379962,
            "Soil_Temperature": 0.7847688065674998,
            "Wind_Dir_Sin": 0.2111992921060513,
            "Wind_Dir_Cos": 0.24746277247867915
        },
        "R2": {
            "Temperature": 0.35054954828616525,
            "Precipitation_accumulated": -237.87605016854462,
            "Humidity": 0.5997016917404343,
            "Wind_Speed_kmh": 0.32391825419165476,
            "Soil_Moisture": 0.7265731588831197,
            "Soil_Temperature": 0.7249396687242375,
            "Wind_Dir_Sin": 0.22109842922372935,
            "Wind_Dir_Cos": 0.4102864080478158
        },
        "SMAPE": {
            "Temperature": 19.50840297036635,
            "Precipitation_accumulated": 2.6867118690992617,
            "Humidity": 4.347926856388729,
            "Wind_Speed_kmh": 170.0788292392774,
            "Soil_Moisture": 3.431054479125585,
            "Soil_Temperature": 19.267108726410274,
            "Wind_Dir_Sin": 163.93125969399478,
            "Wind_Dir_Cos": 49.31998937478319
        }
    }
}