{
    "trial_number": 267,
    "input_chunk_length": 78,
    "output_chunk_length": 14,
    "num_blocks": 1,
    "hidden_size": 32,
    "ff_size": 60,
    "norm_type": "LayerNorm",
    "normalize_before": true,
    "activation": "ReLU",
    "dropout": 0.3,
    "batch_size": 27,
    "lr": 0.005347736537732792,
    "forecast_horizon": 1,
    "overall_smape_val": 49.040156120968575,
    "metrics": {
        "MSE": {
            "Temperature": 1.0913077863055343,
            "Precipitation_accumulated": 225.3507973443938,
            "Humidity": 7.239178583936823,
            "Wind_Speed_kmh": 0.09622150551449397,
            "Soil_Moisture": 19350.648581568974,
            "Soil_Temperature": 1.0252832396433162,
            "Wind_Dir_Sin": 0.06342114485514053,
            "Wind_Dir_Cos": 0.06580122078590815
        },
        "RMSE": {
            "Temperature": 1.0446567791889996,
            "Precipitation_accumulated": 15.011688690630173,
            "Humidity": 2.69057216664724,
            "Wind_Speed_kmh": 0.3101959147288919,
            "Soil_Moisture": 139.10660869120838,
            "Soil_Temperature": 1.0125627089930362,
            "Wind_Dir_Sin": 0.25183555121376433,
            "Wind_Dir_Cos": 0.25651748631605636
        },
        "MAE": {
            "Temperature": 0.8763361138889402,
            "Precipitation_accumulated": 12.774945811145301,
            "Humidity": 2.1239830877618155,
            "Wind_Speed_kmh": 0.1729606376478131,
            "Soil_Moisture": 78.24375489059564,
            "Soil_Temperature": 0.7121751102439852,
            "Wind_Dir_Sin": 0.13568756236407925,
            "Wind_Dir_Cos": 0.13319158288787755
        },
        "R2": {
            "Temperature": 0.6794370618361719,
            "Precipitation_accumulated": -236.4254050533791,
            "Humidity": 0.8886770840833109,
            "Wind_Speed_kmh": 0.7172517622944143,
            "Soil_Moisture": 0.973849420637071,
            "Soil_Temperature": 0.8173119652956021,
            "Wind_Dir_Sin": 0.605145404955928,
            "Wind_Dir_Cos": 0.7708016957791772
        },
        "SMAPE": {
            "Temperature": 14.211494422725655,
            "Precipitation_accumulated": 2.7274540243118137,
            "Humidity": 2.5887093134807406,
            "Wind_Speed_kmh": 162.79734103101055,
            "Soil_Moisture": 1.2617789923270237,
            "Soil_Temperature": 18.472470579050942,
            "Wind_Dir_Sin": 149.7465123037818,
            "Wind_Dir_Cos": 40.515488301059825
        }
    }
}