{
    "trial_number": 40,
    "fold_smape": [
        127.90808942324765,
        52.263960540072254,
        64.97729392866361
    ],
    "mean_smape": 81.7164479639945,
    "hyperparameters": {
        "input_chunk_length": 36,
        "hidden_size": 96,
        "dropout": 0.4,
        "batch_size": 64,
        "lr": 0.000829143323128568,
        "weight_decay": 0.0007354776635732919,
        "ff_size": 324,
        "num_blocks": 3,
        "activation": "GELU",
        "norm_type": "LayerNorm",
        "normalize_before": false
    },
    "metrics_per_fold": [
        {
            "Temperature": {
                "MSE": 142.50557971956007,
                "RMSE": 11.937570092760087,
                "MAE": 10.877671434991614,
                "R2": -5.850552379413404,
                "SMAPE": 106.9709418599393,
                "WAPE": 68.65555842089226
            },
            "Precipitation_accumulated": {
                "MSE": 175185.2900055911,
                "RMSE": 418.5514185922574,
                "MAE": 392.3120403584329,
                "R2": -7.096265684051019,
                "SMAPE": 170.59290665096648,
                "WAPE": 97.54486332513477
            },
            "Humidity": {
                "MSE": 1692.141474952271,
                "RMSE": 41.13564725335279,
                "MAE": 38.50885163841721,
                "R2": -20.641083442723318,
                "SMAPE": 59.54059881780495,
                "WAPE": 45.568895940348696
            },
            "Wind_Speed_kmh": {
                "MSE": 14.796486672994572,
                "RMSE": 3.8466201622976204,
                "MAE": 3.762265502827684,
                "R2": -73.56800140299204,
                "SMAPE": 199.99234284942509,
                "WAPE": 1842.39728994495
            },
            "Soil_Moisture": {
                "MSE": 510964.0408440963,
                "RMSE": 714.817487785586,
                "MAE": 637.7680631117612,
                "R2": 0.451963264940209,
                "SMAPE": 9.705049038634906,
                "WAPE": 9.334251489379952
            },
            "Soil_Temperature": {
                "MSE": 141.45156987979814,
                "RMSE": 11.893341409368443,
                "MAE": 10.82611100045776,
                "R2": -5.6376800332395565,
                "SMAPE": 108.06308926958162,
                "WAPE": 69.39456680122203
            },
            "Wind_Dir_Sin": {
                "MSE": 0.6069241075183481,
                "RMSE": 0.7790533406117633,
                "MAE": 0.7302554510637874,
                "R2": -4.4126025800297635,
                "SMAPE": 192.42697621758646,
                "WAPE": 504.65507516927005
            },
            "Wind_Dir_Cos": {
                "MSE": 1.2492563544336646,
                "RMSE": 1.1177013708650736,
                "MAE": 1.0526662004335343,
                "R2": -2.0161768426518742,
                "SMAPE": 175.9728106820422,
                "WAPE": 114.55947732081987
            }
        },
        {
            "Temperature": {
                "MSE": 0.860333284971622,
                "RMSE": 0.9275415273569275,
                "MAE": 0.7084275106257616,
                "R2": 0.6821049126555243,
                "SMAPE": 9.156813300945146,
                "WAPE": 8.480696214715518
            },
            "Precipitation_accumulated": {
                "MSE": 10.799544747471954,
                "RMSE": 3.2862660798346734,
                "MAE": 2.6418845349573354,
                "R2": -45.67849906443299,
                "SMAPE": 0.5779929854989679,
                "WAPE": 0.5760393266604178
            },
            "Humidity": {
                "MSE": 24.683817279842255,
                "RMSE": 4.968281119244588,
                "MAE": 3.685657393837849,
                "R2": 0.33769962250231456,
                "SMAPE": 4.308766682633068,
                "WAPE": 4.208044045446422
            },
            "Wind_Speed_kmh": {
                "MSE": 0.0017462147225186125,
                "RMSE": 0.0417877341156303,
                "MAE": 0.02728409333807846,
                "R2": -0.6793565742021168,
                "SMAPE": 194.17477775083645,
                "WAPE": 334.36857129643215
            },
            "Soil_Moisture": {
                "MSE": 12163.247132912698,
                "RMSE": 110.28711227025893,
                "MAE": 70.64955666723739,
                "R2": 0.6652771035751623,
                "SMAPE": 1.2108981322787233,
                "WAPE": 1.2043153748335185
            },
            "Soil_Temperature": {
                "MSE": 0.23563759213479027,
                "RMSE": 0.48542516635913124,
                "MAE": 0.36492905236445944,
                "R2": 0.8660855047783642,
                "SMAPE": 4.166536743263794,
                "WAPE": 4.067109748603154
            },
            "Wind_Dir_Sin": {
                "MSE": 0.026032533890315967,
                "RMSE": 0.16134600673805338,
                "MAE": 0.053299089866647,
                "R2": 0.12808592952763542,
                "SMAPE": 194.42379026657844,
                "WAPE": 137.18079232664974
            },
            "Wind_Dir_Cos": {
                "MSE": 0.04662669262078075,
                "RMSE": 0.21593214818729692,
                "MAE": 0.06594776947727965,
                "R2": -0.03452158861737731,
                "SMAPE": 10.092108458543258,
                "WAPE": 6.771138444088711
            }
        },
        {
            "Temperature": {
                "MSE": 22.1261325234778,
                "RMSE": 4.703842314903615,
                "MAE": 3.894735438530131,
                "R2": 0.2001336444834395,
                "SMAPE": 52.02481662720977,
                "WAPE": 47.552751754132274
            },
            "Precipitation_accumulated": {
                "MSE": 3091.4141141300925,
                "RMSE": 55.60048663573092,
                "MAE": 49.8065254101516,
                "R2": -640.2122295856591,
                "SMAPE": 11.279456713220307,
                "WAPE": 10.739217457913663
            },
            "Humidity": {
                "MSE": 192.56330027520542,
                "RMSE": 13.876717921583815,
                "MAE": 10.760589265789733,
                "R2": -0.3437360789817365,
                "SMAPE": 12.486922364733614,
                "WAPE": 12.360801696264069
            },
            "Wind_Speed_kmh": {
                "MSE": 2.0972801968975836,
                "RMSE": 1.448198949349703,
                "MAE": 1.0488542743524878,
                "R2": -0.493970564546065,
                "SMAPE": 108.64187332366782,
                "WAPE": 78.35474320812156
            },
            "Soil_Moisture": {
                "MSE": 891050.9959971941,
                "RMSE": 943.954975619703,
                "MAE": 837.489928088871,
                "R2": -0.19379686780579797,
                "SMAPE": 10.535593418225167,
                "WAPE": 10.121059256828925
            },
            "Soil_Temperature": {
                "MSE": 12.129721831858948,
                "RMSE": 3.4827750188404285,
                "MAE": 2.908810378800158,
                "R2": 0.25829075707401783,
                "SMAPE": 46.800040643191195,
                "WAPE": 42.074975716023964
            },
            "Wind_Dir_Sin": {
                "MSE": 0.5265133971074447,
                "RMSE": 0.7256124289918446,
                "MAE": 0.6360011553122878,
                "R2": -0.019715310773134265,
                "SMAPE": 137.70719217596118,
                "WAPE": 94.4870957758101
            },
            "Wind_Dir_Cos": {
                "MSE": 0.8437538151907293,
                "RMSE": 0.9185607302681349,
                "MAE": 0.7599883930621338,
                "R2": -0.9496400244828169,
                "SMAPE": 140.34245616309977,
                "WAPE": 128.88092154305986
            }
        }
    ]
}