{
    "trial_number": 227,
    "input_chunk_length": 78,
    "output_chunk_length": 13,
    "num_blocks": 1,
    "hidden_size": 32,
    "ff_size": 64,
    "norm_type": "TimeBatchNorm2d",
    "normalize_before": true,
    "activation": "ReLU",
    "dropout": 0.3,
    "batch_size": 26,
    "lr": 0.005363143656377706,
    "forecast_horizon": 1,
    "overall_smape_val": 46.52687784939582,
    "metrics": {
        "MSE": {
            "Temperature": 0.45699999217016535,
            "Precipitation_accumulated": 27.6804509779417,
            "Humidity": 6.730053889708922,
            "Wind_Speed_kmh": 0.09641126349886558,
            "Soil_Moisture": 23411.10868127026,
            "Soil_Temperature": 0.4723929878842446,
            "Wind_Dir_Sin": 0.05349137546849762,
            "Wind_Dir_Cos": 0.05892270683749563
        },
        "RMSE": {
            "Temperature": 0.6760177454550771,
            "Precipitation_accumulated": 5.261221434034278,
            "Humidity": 2.594234740671885,
            "Wind_Speed_kmh": 0.3105016320389727,
            "Soil_Moisture": 153.00689096008148,
            "Soil_Temperature": 0.6873085099751381,
            "Wind_Dir_Sin": 0.23128202582236612,
            "Wind_Dir_Cos": 0.24273999842938046
        },
        "MAE": {
            "Temperature": 0.4176677022272146,
            "Precipitation_accumulated": 4.207699021944737,
            "Humidity": 2.03972359887033,
            "Wind_Speed_kmh": 0.1571210712864228,
            "Soil_Moisture": 115.69585904915661,
            "Soil_Temperature": 0.5500349312637696,
            "Wind_Dir_Sin": 0.12849191307480573,
            "Wind_Dir_Cos": 0.1336676173351563
        },
        "R2": {
            "Temperature": 0.8657599056203382,
            "Precipitation_accumulated": -28.16360786358455,
            "Humidity": 0.8965063211810674,
            "Wind_Speed_kmh": 0.7166941558073328,
            "Soil_Moisture": 0.9683620911742031,
            "Soil_Temperature": 0.9158276042874416,
            "Wind_Dir_Sin": 0.6669672954153227,
            "Wind_Dir_Cos": 0.7947608824584774
        },
        "SMAPE": {
            "Temperature": 6.924354535157003,
            "Precipitation_accumulated": 0.9095394007524852,
            "Humidity": 2.4896678927418803,
            "Wind_Speed_kmh": 159.72633447492282,
            "Soil_Moisture": 1.9465457889929203,
            "Soil_Temperature": 15.204383060609649,
            "Wind_Dir_Sin": 145.89543507124964,
            "Wind_Dir_Cos": 39.11876257073991
        }
    }
}