{
    "trial_number": 104,
    "input_chunk_length": 68,
    "output_chunk_length": 24,
    "num_blocks": 1,
    "hidden_size": 128,
    "ff_size": 171,
    "norm_type": "LayerNorm",
    "normalize_before": true,
    "activation": "GELU",
    "dropout": 0.3,
    "batch_size": 22,
    "lr": 0.0019292203968515002,
    "forecast_horizon": 20,
    "overall_smape_val": 53.34780654285798,
    "metrics": {
        "MSE": {
            "Temperature": 1.197367309202163,
            "Precipitation_accumulated": 55.06880541623027,
            "Humidity": 22.23772993429482,
            "Wind_Speed_kmh": 0.25930179881170484,
            "Soil_Moisture": 181984.6121205223,
            "Soil_Temperature": 2.0955045304352184,
            "Wind_Dir_Sin": 0.12416938705880963,
            "Wind_Dir_Cos": 0.1460011419608298
        },
        "RMSE": {
            "Temperature": 1.094242801759355,
            "Precipitation_accumulated": 7.420835897406051,
            "Humidity": 4.715689762303582,
            "Wind_Speed_kmh": 0.5092168485151536,
            "Soil_Moisture": 426.59654489988816,
            "Soil_Temperature": 1.4475857592678987,
            "Wind_Dir_Sin": 0.3523767686139505,
            "Wind_Dir_Cos": 0.38210095781197645
        },
        "MAE": {
            "Temperature": 0.8122159749181729,
            "Precipitation_accumulated": 6.1454791786327725,
            "Humidity": 3.238256961372273,
            "Wind_Speed_kmh": 0.34304104108974803,
            "Soil_Moisture": 199.61040857514615,
            "Soil_Temperature": 0.9330944867114273,
            "Wind_Dir_Sin": 0.20891563104101754,
            "Wind_Dir_Cos": 0.218939932107616
        },
        "R2": {
            "Temperature": 0.6453164310417177,
            "Precipitation_accumulated": -56.854983755116386,
            "Humidity": 0.6583219989311948,
            "Wind_Speed_kmh": 0.24759836385017986,
            "Soil_Moisture": 0.7569894682314466,
            "Soil_Temperature": 0.6244756689314327,
            "Wind_Dir_Sin": 0.23611900572524513,
            "Wind_Dir_Cos": 0.4965773496289191
        },
        "SMAPE": {
            "Temperature": 13.839340243092321,
            "Precipitation_accumulated": 1.3253072625968567,
            "Humidity": 3.8480374208114814,
            "Wind_Speed_kmh": 173.4750692820296,
            "Soil_Moisture": 3.169774032734279,
            "Soil_Temperature": 21.842500317299105,
            "Wind_Dir_Sin": 161.69051076865227,
            "Wind_Dir_Cos": 47.591913015648124
        }
    }
}