{
    "trial_number": 1,
    "input_chunk_length": 66,
    "output_chunk_length": 12,
    "hidden_size": 128,
    "num_blocks": 3,
    "ff_size": 198,
    "norm_type": "TimeBatchNorm2d",
    "normalize_before": true,
    "activation": "GELU",
    "dropout": 0.24600048441317526,
    "batch_size": 245,
    "lr": 1.6261016431188903e-06,
    "loss_function": "huber",
    "optimizer": "Adam",
    "overall_mae_val": 0.3890325107237964,
    "metrics": {
        "MSE": {
            "Temperature": 57.04794148644008,
            "Precipitation_accumulated": 120717.17941108563,
            "Humidity": 3083.123731078238,
            "Wind_Speed_kmh": 2.6261784233368757,
            "Soil_Moisture": 6148830.358048736,
            "Soil_Temperature": 73.54673530763502,
            "Wind_Dir_Sin": 0.8544436827678062,
            "Wind_Dir_Cos": 0.4537586171066175
        },
        "RMSE": {
            "Temperature": 7.5530087704463895,
            "Precipitation_accumulated": 347.4437787773522,
            "Humidity": 55.52588343356851,
            "Wind_Speed_kmh": 1.6205488031333322,
            "Soil_Moisture": 2479.6835197356813,
            "Soil_Temperature": 8.575939325090577,
            "Wind_Dir_Sin": 0.9243612295892804,
            "Wind_Dir_Cos": 0.673616075451453
        },
        "MAE": {
            "Temperature": 6.393534483600408,
            "Precipitation_accumulated": 343.59407794301285,
            "Humidity": 54.050975453556894,
            "Wind_Speed_kmh": 1.2605857068927577,
            "Soil_Moisture": 2463.4293293253877,
            "Soil_Temperature": 7.574698450265354,
            "Wind_Dir_Sin": 0.8288872822830138,
            "Wind_Dir_Cos": 0.5605268962222248
        },
        "R2": {
            "Temperature": -0.8850161368155849,
            "Precipitation_accumulated": -38143.81652060253,
            "Humidity": -19.9787349677634,
            "Wind_Speed_kmh": -0.9434965631287568,
            "Soil_Moisture": -132.35598266894337,
            "Soil_Temperature": -3.6270762206640095,
            "Wind_Dir_Sin": -0.5587319071593773,
            "Wind_Dir_Cos": -0.23547570533934548
        },
        "SMAPE": {
            "Temperature": 117.1751176015999,
            "Precipitation_accumulated": 119.55047961406426,
            "Humidity": 89.89030173155308,
            "Wind_Speed_kmh": 116.82090949670695,
            "Soil_Moisture": 33.52432365512505,
            "Soil_Temperature": 143.32179679788163,
            "Wind_Dir_Sin": 157.7366531164543,
            "Wind_Dir_Cos": 132.20176714422573
        }
    }
}