{
    "trial_number": 181,
    "input_chunk_length": 28,
    "output_chunk_length": 15,
    "num_blocks": 1,
    "hidden_size": 32,
    "ff_size": 106,
    "norm_type": "LayerNorm",
    "normalize_before": true,
    "activation": "ReLU",
    "dropout": 0.3,
    "batch_size": 18,
    "lr": 0.0024888654023943156,
    "forecast_horizon": 3,
    "overall_smape_val": 51.10144036735731,
    "metrics": {
        "MSE": {
            "Temperature": 1.5539795594912333,
            "Precipitation_accumulated": 150.78949628865473,
            "Humidity": 7.838221324425713,
            "Wind_Speed_kmh": 0.14691421927756437,
            "Soil_Moisture": 52686.079796792816,
            "Soil_Temperature": 1.3279518529928573,
            "Wind_Dir_Sin": 0.07344028165278185,
            "Wind_Dir_Cos": 0.07258861382367163
        },
        "RMSE": {
            "Temperature": 1.246587164818904,
            "Precipitation_accumulated": 12.279637465685001,
            "Humidity": 2.7996823613448925,
            "Wind_Speed_kmh": 0.3832939071751133,
            "Soil_Moisture": 229.5344849838316,
            "Soil_Temperature": 1.152367932993997,
            "Wind_Dir_Sin": 0.2709986746328879,
            "Wind_Dir_Cos": 0.2694227418457314
        },
        "MAE": {
            "Temperature": 0.9617424462498806,
            "Precipitation_accumulated": 11.076446555969202,
            "Humidity": 1.98356479994655,
            "Wind_Speed_kmh": 0.23432547222436567,
            "Soil_Moisture": 158.9924878951069,
            "Soil_Temperature": 0.928276801522806,
            "Wind_Dir_Sin": 0.16910345333379706,
            "Wind_Dir_Cos": 0.1569279222575217
        },
        "R2": {
            "Temperature": 0.5433128277262413,
            "Precipitation_accumulated": -157.8430263508302,
            "Humidity": 0.8794673444735019,
            "Wind_Speed_kmh": 0.568591462323651,
            "Soil_Moisture": 0.9288459356207766,
            "Soil_Temperature": 0.763304106904497,
            "Wind_Dir_Sin": 0.5430690553970294,
            "Wind_Dir_Cos": 0.7473016845784557
        },
        "SMAPE": {
            "Temperature": 16.02698773964054,
            "Precipitation_accumulated": 2.4468416437605245,
            "Humidity": 2.3041094003289015,
            "Wind_Speed_kmh": 171.40477152992742,
            "Soil_Moisture": 2.5953351552936414,
            "Soil_Temperature": 21.37742524559547,
            "Wind_Dir_Sin": 150.68240189664527,
            "Wind_Dir_Cos": 41.97365032766675
        }
    }
}