{
    "trial_number": 85,
    "input_chunk_length": 75,
    "output_chunk_length": 35,
    "num_blocks": 1,
    "hidden_size": 128,
    "ff_size": 283,
    "norm_type": "LayerNorm",
    "normalize_before": true,
    "activation": "GELU",
    "dropout": 0.2,
    "batch_size": 19,
    "lr": 0.0035017197370125967,
    "forecast_horizon": 16,
    "overall_smape_val": 54.22963348196683,
    "metrics": {
        "MSE": {
            "Temperature": 2.079624049689078,
            "Precipitation_accumulated": 215.24378148891128,
            "Humidity": 26.332671246428532,
            "Wind_Speed_kmh": 0.22037118139038894,
            "Soil_Moisture": 183118.01569578043,
            "Soil_Temperature": 2.574914689448012,
            "Wind_Dir_Sin": 0.13153706371622687,
            "Wind_Dir_Cos": 0.13129327840305116
        },
        "RMSE": {
            "Temperature": 1.442090166976073,
            "Precipitation_accumulated": 14.671188823299605,
            "Humidity": 5.131536928292394,
            "Wind_Speed_kmh": 0.46943708991768957,
            "Soil_Moisture": 427.92290858959683,
            "Soil_Temperature": 1.604654071583035,
            "Wind_Dir_Sin": 0.36268038782959694,
            "Wind_Dir_Cos": 0.36234414360253037
        },
        "MAE": {
            "Temperature": 1.1709395494999393,
            "Precipitation_accumulated": 12.327260915165802,
            "Humidity": 4.091714335518544,
            "Wind_Speed_kmh": 0.266312551689626,
            "Soil_Moisture": 280.454273307176,
            "Soil_Temperature": 1.2342842912392398,
            "Wind_Dir_Sin": 0.2878856700995216,
            "Wind_Dir_Cos": 0.2335477637615752
        },
        "R2": {
            "Temperature": 0.3861721992581494,
            "Precipitation_accumulated": -225.2722151282272,
            "Humidity": 0.5957494674125463,
            "Wind_Speed_kmh": 0.3587557383141572,
            "Soil_Moisture": 0.7548291809935346,
            "Soil_Temperature": 0.5393008331673089,
            "Wind_Dir_Sin": 0.18863131502751096,
            "Wind_Dir_Cos": 0.5462674671604038
        },
        "SMAPE": {
            "Temperature": 18.899401133524403,
            "Precipitation_accumulated": 2.660949855492322,
            "Humidity": 4.912335853053741,
            "Wind_Speed_kmh": 172.34154348846158,
            "Soil_Moisture": 4.492647923315812,
            "Soil_Temperature": 24.45242740775533,
            "Wind_Dir_Sin": 158.1975344225163,
            "Wind_Dir_Cos": 47.88022777161508
        }
    }
}