{
    "trial_number": 72,
    "input_chunk_length": 85,
    "output_chunk_length": 40,
    "num_blocks": 1,
    "hidden_size": 128,
    "ff_size": 242,
    "norm_type": "LayerNorm",
    "normalize_before": true,
    "activation": "GELU",
    "dropout": 0.2,
    "batch_size": 24,
    "lr": 0.003033874277434099,
    "forecast_horizon": 23,
    "overall_smape_val": 53.254940678752035,
    "metrics": {
        "MSE": {
            "Temperature": 1.5411725512694587,
            "Precipitation_accumulated": 214.03128527205448,
            "Humidity": 22.117361187123354,
            "Wind_Speed_kmh": 0.23408385441950633,
            "Soil_Moisture": 182385.89373689293,
            "Soil_Temperature": 1.8752229749549267,
            "Wind_Dir_Sin": 0.12340136726980921,
            "Wind_Dir_Cos": 0.1434185926209442
        },
        "RMSE": {
            "Temperature": 1.2414397090754987,
            "Precipitation_accumulated": 14.62980810783431,
            "Humidity": 4.702909863810208,
            "Wind_Speed_kmh": 0.48382213097326,
            "Soil_Moisture": 427.06661510459105,
            "Soil_Temperature": 1.3693878102841892,
            "Wind_Dir_Sin": 0.35128530750631914,
            "Wind_Dir_Cos": 0.3787064729060545
        },
        "MAE": {
            "Temperature": 0.98276655590831,
            "Precipitation_accumulated": 11.655940254977319,
            "Humidity": 3.0824964908392625,
            "Wind_Speed_kmh": 0.29190586827975934,
            "Soil_Moisture": 166.25788658361532,
            "Soil_Temperature": 1.0038202056074064,
            "Wind_Dir_Sin": 0.21377167619096227,
            "Wind_Dir_Cos": 0.2793796348281689
        },
        "R2": {
            "Temperature": 0.5421465235774319,
            "Precipitation_accumulated": -223.75872078638233,
            "Humidity": 0.6602122898411056,
            "Wind_Speed_kmh": 0.32221016384964885,
            "Soil_Moisture": 0.7569366402533158,
            "Soil_Temperature": 0.6635209117197163,
            "Wind_Dir_Sin": 0.24236507328669177,
            "Wind_Dir_Cos": 0.5063204273566323
        },
        "SMAPE": {
            "Temperature": 16.232196493510088,
            "Precipitation_accumulated": 2.586488922517372,
            "Humidity": 3.6371339456116143,
            "Wind_Speed_kmh": 165.9183945580221,
            "Soil_Moisture": 2.581089049250129,
            "Soil_Temperature": 21.115426945773404,
            "Wind_Dir_Sin": 159.70092459116157,
            "Wind_Dir_Cos": 54.2678709241696
        }
    }
}