{
    "trial_number": 226,
    "input_chunk_length": 76,
    "output_chunk_length": 13,
    "num_blocks": 1,
    "hidden_size": 32,
    "ff_size": 62,
    "norm_type": "LayerNorm",
    "normalize_before": true,
    "activation": "ReLU",
    "dropout": 0.3,
    "batch_size": 24,
    "lr": 0.0049984151879954785,
    "forecast_horizon": 1,
    "overall_smape_val": 48.26124041794374,
    "metrics": {
        "MSE": {
            "Temperature": 0.583431411699736,
            "Precipitation_accumulated": 142.3877478231935,
            "Humidity": 2.8974863715819743,
            "Wind_Speed_kmh": 0.10164510423647158,
            "Soil_Moisture": 30314.663535871463,
            "Soil_Temperature": 0.4664536938908064,
            "Wind_Dir_Sin": 0.05630337386787693,
            "Wind_Dir_Cos": 0.055194510330812255
        },
        "RMSE": {
            "Temperature": 0.7638268204899171,
            "Precipitation_accumulated": 11.932633733723394,
            "Humidity": 1.7022004498830254,
            "Wind_Speed_kmh": 0.3188182934470222,
            "Soil_Moisture": 174.11106666685913,
            "Soil_Temperature": 0.6829741531645296,
            "Wind_Dir_Sin": 0.2372833198264828,
            "Wind_Dir_Cos": 0.23493511940706577
        },
        "MAE": {
            "Temperature": 0.5297695381212351,
            "Precipitation_accumulated": 11.31514151365637,
            "Humidity": 1.2125000328084756,
            "Wind_Speed_kmh": 0.2244454288918231,
            "Soil_Moisture": 126.02673356260648,
            "Soil_Temperature": 0.48534990459394584,
            "Wind_Dir_Sin": 0.11882666811180422,
            "Wind_Dir_Cos": 0.12634497515173157
        },
        "R2": {
            "Temperature": 0.8286216868435543,
            "Precipitation_accumulated": -149.01708048050597,
            "Humidity": 0.9554429238105686,
            "Wind_Speed_kmh": 0.7013144417083168,
            "Soil_Moisture": 0.9590325868761646,
            "Soil_Temperature": 0.9168858854581845,
            "Wind_Dir_Sin": 0.6494600351508228,
            "Wind_Dir_Cos": 0.807746907746884
        },
        "SMAPE": {
            "Temperature": 8.830570076486998,
            "Precipitation_accumulated": 2.428634159498052,
            "Humidity": 1.4530730812659123,
            "Wind_Speed_kmh": 171.3569166274123,
            "Soil_Moisture": 2.14877419514516,
            "Soil_Temperature": 15.493523084276507,
            "Wind_Dir_Sin": 145.47061859211192,
            "Wind_Dir_Cos": 38.90781352735344
        }
    }
}