{
    "trial_number": 2,
    "input_chunk_length": 29,
    "output_chunk_length": 4,
    "hidden_size": 32,
    "num_blocks": 2,
    "ff_size": 128,
    "norm_type": "LayerNorm",
    "normalize_before": true,
    "activation": "ReLU",
    "dropout": 0.43791304560428956,
    "batch_size": 99,
    "lr": 0.0001780130315046721,
    "loss_function": "huber",
    "optimizer": "AdamW",
    "overall_mae_val": 0.16617127755701994,
    "metrics": {
        "MSE": {
            "Temperature": 8.792763076136332,
            "Precipitation_accumulated": 14072.097045147237,
            "Humidity": 89.66095809401277,
            "Wind_Speed_kmh": 1.2889223580237918,
            "Soil_Moisture": 674740.7502601271,
            "Soil_Temperature": 8.406921520883516,
            "Wind_Dir_Sin": 0.6396265722334018,
            "Wind_Dir_Cos": 0.36452645076894186
        },
        "RMSE": {
            "Temperature": 2.965259360686065,
            "Precipitation_accumulated": 118.62587005011696,
            "Humidity": 9.468947042518126,
            "Wind_Speed_kmh": 1.1353071646139612,
            "Soil_Moisture": 821.4260467383093,
            "Soil_Temperature": 2.8994691791573706,
            "Wind_Dir_Sin": 0.7997665735909458,
            "Wind_Dir_Cos": 0.6037602593488096
        },
        "MAE": {
            "Temperature": 2.351592054346564,
            "Precipitation_accumulated": 114.1570042693404,
            "Humidity": 7.614994437333578,
            "Wind_Speed_kmh": 0.897981111995223,
            "Soil_Moisture": 789.7128599130228,
            "Soil_Temperature": 2.383001993456646,
            "Wind_Dir_Sin": 0.6533532601882145,
            "Wind_Dir_Cos": 0.5234280794676233
        },
        "R2": {
            "Temperature": 0.711452856194702,
            "Precipitation_accumulated": -4118.292938532899,
            "Humidity": 0.38800878129263083,
            "Wind_Speed_kmh": 0.04358531965336232,
            "Soil_Moisture": -10.930770664741013,
            "Soil_Temperature": 0.477680309453567,
            "Wind_Dir_Sin": -0.1616501517467559,
            "Wind_Dir_Cos": 0.005383704003174006
        },
        "SMAPE": {
            "Temperature": 37.16801697711263,
            "Precipitation_accumulated": 28.343931306761416,
            "Humidity": 8.971989579978521,
            "Wind_Speed_kmh": 74.54998898473374,
            "Soil_Moisture": 9.660076495134975,
            "Soil_Temperature": 35.735659892618536,
            "Wind_Dir_Sin": 114.69032274402423,
            "Wind_Dir_Cos": 139.0193169003023
        }
    }
}