{
    "trial_number": 4,
    "fold_smape": [
        113.82565191943024,
        71.31673546110866,
        80.93152127817501
    ],
    "mean_smape": 88.69130288623796,
    "hyperparameters": {
        "input_chunk_length": 84,
        "hidden_size": 160,
        "dropout": 0.15000000000000002,
        "batch_size": 160,
        "lr": 3.6644777490157284e-06,
        "weight_decay": 1.9384673364933813e-06,
        "ff_size": 544,
        "num_blocks": 4,
        "activation": "ReLU",
        "norm_type": "LayerNormNoBias",
        "normalize_before": true
    },
    "metrics_per_fold": [
        {
            "Temperature": {
                "MSE": 192.6181948276043,
                "RMSE": 13.87869571781168,
                "MAE": 7.8809704058755745,
                "R2": -8.656433024999131,
                "SMAPE": 38.063104246531594,
                "WAPE": 49.3810755716591
            },
            "Precipitation_accumulated": {
                "MSE": 189253.13168922093,
                "RMSE": 435.0323340732513,
                "MAE": 413.05966595416186,
                "R2": -9.348835159112026,
                "SMAPE": 190.9187575287613,
                "WAPE": 100.30831577633266
            },
            "Humidity": {
                "MSE": 539.2726015246168,
                "RMSE": 23.222243679813044,
                "MAE": 21.700599350162015,
                "R2": -5.985089805021619,
                "SMAPE": 29.408988656732777,
                "WAPE": 25.661186175230775
            },
            "Wind_Speed_kmh": {
                "MSE": 60.516117296017704,
                "RMSE": 7.779210583087316,
                "MAE": 7.476252353072339,
                "R2": -361.3175671502976,
                "SMAPE": 185.49078888552268,
                "WAPE": 4192.618582193494
            },
            "Soil_Moisture": {
                "MSE": 4964393.456790862,
                "RMSE": 2228.091886972093,
                "MAE": 1574.4439261846792,
                "R2": -5.2892175298228565,
                "SMAPE": 20.09067716935758,
                "WAPE": 23.256949807279234
            },
            "Soil_Temperature": {
                "MSE": 1693.072504178658,
                "RMSE": 41.146962271577934,
                "MAE": 35.49829215985526,
                "R2": -81.53208785231986,
                "SMAPE": 101.6938383273495,
                "WAPE": 225.9384969646408
            },
            "Wind_Dir_Sin": {
                "MSE": 8.04648456184534,
                "RMSE": 2.836632609599865,
                "MAE": 2.2250120591821525,
                "R2": -75.78087102505796,
                "SMAPE": 191.83904357945605,
                "WAPE": 1657.8524926253635
            },
            "Wind_Dir_Cos": {
                "MSE": 0.8020526884464503,
                "RMSE": 0.8955739435950838,
                "MAE": 0.8478914829742182,
                "R2": -1.10660633838059,
                "SMAPE": 153.1000169617303,
                "WAPE": 91.81109998296785
            }
        },
        {
            "Temperature": {
                "MSE": 35.25421132505842,
                "RMSE": 5.937525690475656,
                "MAE": 5.600034580806804,
                "R2": -12.281447414737833,
                "SMAPE": 51.67409946077766,
                "WAPE": 67.45018630578281
            },
            "Precipitation_accumulated": {
                "MSE": 7027.764296632976,
                "RMSE": 83.83176186048445,
                "MAE": 82.66142054061979,
                "R2": -30255.093549869747,
                "SMAPE": 19.869815344814274,
                "WAPE": 18.02316800218283
            },
            "Humidity": {
                "MSE": 50.2693405401882,
                "RMSE": 7.090087484663938,
                "MAE": 5.673529409979021,
                "R2": -0.3407468060703778,
                "SMAPE": 6.543345385506563,
                "WAPE": 6.486886965834398
            },
            "Wind_Speed_kmh": {
                "MSE": 0.2967363897615136,
                "RMSE": 0.5447351556137291,
                "MAE": 0.5266178404132282,
                "R2": -277.5906298590718,
                "SMAPE": 196.496812762847,
                "WAPE": 6300.23218501529
            },
            "Soil_Moisture": {
                "MSE": 363721.95582196035,
                "RMSE": 603.0936542710099,
                "MAE": 567.3841024006962,
                "R2": -10.10476186246633,
                "SMAPE": 9.272518482835231,
                "WAPE": 9.688095185766839
            },
            "Soil_Temperature": {
                "MSE": 15.09422597973747,
                "RMSE": 3.885128824085177,
                "MAE": 3.782115799991523,
                "R2": -7.71797193079351,
                "SMAPE": 35.41918737482302,
                "WAPE": 42.33482524034386
            },
            "Wind_Dir_Sin": {
                "MSE": 0.0388121162743213,
                "RMSE": 0.19700790916691974,
                "MAE": 0.09324811672151984,
                "R2": -0.27040863586241315,
                "SMAPE": 198.67052365498068,
                "WAPE": 234.2926407824565
            },
            "Wind_Dir_Cos": {
                "MSE": 0.1690670744194944,
                "RMSE": 0.4111776677052079,
                "MAE": 0.4002987037295667,
                "R2": -2.6649178880652156,
                "SMAPE": 52.58758122228479,
                "WAPE": 41.12717158842358
            }
        },
        {
            "Temperature": {
                "MSE": 73.7441827026751,
                "RMSE": 8.58744331583476,
                "MAE": 7.45483614805973,
                "R2": -1.6270883747027796,
                "SMAPE": 73.45140699652504,
                "WAPE": 90.20128548375725
            },
            "Precipitation_accumulated": {
                "MSE": 26391.440178286084,
                "RMSE": 162.45442492676548,
                "MAE": 148.59546147866624,
                "R2": -5653.574843759591,
                "SMAPE": 39.81598317751561,
                "WAPE": 32.03440884373535
            },
            "Humidity": {
                "MSE": 627.8919222205383,
                "RMSE": 25.05777169304043,
                "MAE": 21.727214669902516,
                "R2": -3.387074566422335,
                "SMAPE": 27.625361997637988,
                "WAPE": 24.874023045765192
            },
            "Wind_Speed_kmh": {
                "MSE": 2.0562493820831276,
                "RMSE": 1.4339628245122422,
                "MAE": 1.1028377286240016,
                "R2": -0.47381254509516846,
                "SMAPE": 108.23037108804684,
                "WAPE": 80.52563820539243
            },
            "Soil_Moisture": {
                "MSE": 3130687.222375439,
                "RMSE": 1769.3748111622474,
                "MAE": 1661.5386281659755,
                "R2": -4.148300073972731,
                "SMAPE": 21.976021344401335,
                "WAPE": 19.93297680902207
            },
            "Soil_Temperature": {
                "MSE": 80.23697357860269,
                "RMSE": 8.957509340134829,
                "MAE": 7.688622942993507,
                "R2": -3.795514062728751,
                "SMAPE": 78.99906340539187,
                "WAPE": 110.8821591229968
            },
            "Wind_Dir_Sin": {
                "MSE": 0.5741335605444399,
                "RMSE": 0.757716015763452,
                "MAE": 0.6767287428895001,
                "R2": -0.08714864134013034,
                "SMAPE": 156.24512629722403,
                "WAPE": 98.43664919443796
            },
            "Wind_Dir_Cos": {
                "MSE": 0.41270741460837457,
                "RMSE": 0.6424230806940039,
                "MAE": 0.5529267951613468,
                "R2": -0.0014079379091729294,
                "SMAPE": 141.10883591865718,
                "WAPE": 95.35990554041277
            }
        }
    ]
}