{
    "trial_number": 74,
    "input_chunk_length": 87,
    "output_chunk_length": 39,
    "num_blocks": 1,
    "hidden_size": 128,
    "ff_size": 286,
    "norm_type": "LayerNorm",
    "normalize_before": true,
    "activation": "GELU",
    "dropout": 0.2,
    "batch_size": 24,
    "lr": 0.0018607895315030996,
    "forecast_horizon": 23,
    "overall_smape_val": 52.679258474453405,
    "metrics": {
        "MSE": {
            "Temperature": 1.2726335335205974,
            "Precipitation_accumulated": 131.573666512079,
            "Humidity": 23.97000304169639,
            "Wind_Speed_kmh": 0.2062837792763277,
            "Soil_Moisture": 200844.0344573469,
            "Soil_Temperature": 1.1443058263113597,
            "Wind_Dir_Sin": 0.1295785379291152,
            "Wind_Dir_Cos": 0.15294898169742238
        },
        "RMSE": {
            "Temperature": 1.1281106034075725,
            "Precipitation_accumulated": 11.470556504027126,
            "Humidity": 4.895916976593496,
            "Wind_Speed_kmh": 0.45418474135127845,
            "Soil_Moisture": 448.15626120511456,
            "Soil_Temperature": 1.069722312710808,
            "Wind_Dir_Sin": 0.3599701903340264,
            "Wind_Dir_Cos": 0.3910869234549046
        },
        "MAE": {
            "Temperature": 0.8339765566248151,
            "Precipitation_accumulated": 9.721279163342832,
            "Humidity": 3.516631830316996,
            "Wind_Speed_kmh": 0.20768937938617923,
            "Soil_Moisture": 195.94950634786238,
            "Soil_Temperature": 0.6484147662679607,
            "Wind_Dir_Sin": 0.21609613926531612,
            "Wind_Dir_Cos": 0.2270998988010292
        },
        "R2": {
            "Temperature": 0.6219244321121662,
            "Precipitation_accumulated": -137.1682539393232,
            "Humidity": 0.6317502627401332,
            "Wind_Speed_kmh": 0.4027052856639636,
            "Soil_Moisture": 0.7323377109925759,
            "Soil_Temperature": 0.7946724276027399,
            "Wind_Dir_Sin": 0.20443972170184033,
            "Wind_Dir_Cos": 0.47351465008313753
        },
        "SMAPE": {
            "Temperature": 14.387233989081414,
            "Precipitation_accumulated": 2.0888309992073197,
            "Humidity": 4.159046914656399,
            "Wind_Speed_kmh": 169.6442155960866,
            "Soil_Moisture": 3.0913843176135605,
            "Soil_Temperature": 17.281129994803788,
            "Wind_Dir_Sin": 164.48210364250846,
            "Wind_Dir_Cos": 46.300122341669756
        }
    }
}