{
    "trial_number": 137,
    "input_chunk_length": 15,
    "output_chunk_length": 14,
    "num_blocks": 1,
    "hidden_size": 32,
    "ff_size": 74,
    "norm_type": "LayerNorm",
    "normalize_before": true,
    "activation": "ReLU",
    "dropout": 0.3,
    "batch_size": 16,
    "lr": 0.003260028450501494,
    "forecast_horizon": 5,
    "overall_smape_val": 52.020604740782375,
    "metrics": {
        "MSE": {
            "Temperature": 1.6752383447732884,
            "Precipitation_accumulated": 110.34367653441748,
            "Humidity": 9.256375133070888,
            "Wind_Speed_kmh": 0.16979665252367876,
            "Soil_Moisture": 78431.30760634676,
            "Soil_Temperature": 1.896761452162971,
            "Wind_Dir_Sin": 0.08618879712241201,
            "Wind_Dir_Cos": 0.08566986013805061
        },
        "RMSE": {
            "Temperature": 1.2943099878982964,
            "Precipitation_accumulated": 10.50445984020204,
            "Humidity": 3.0424291500494944,
            "Wind_Speed_kmh": 0.4120638937394039,
            "Soil_Moisture": 280.05590085971545,
            "Soil_Temperature": 1.3772296294238557,
            "Wind_Dir_Sin": 0.2935792859218988,
            "Wind_Dir_Cos": 0.2926941409356371
        },
        "MAE": {
            "Temperature": 0.97579884689441,
            "Precipitation_accumulated": 8.630987824714353,
            "Humidity": 1.9978657956405461,
            "Wind_Speed_kmh": 0.2670247949204625,
            "Soil_Moisture": 184.64648934743497,
            "Soil_Temperature": 1.114189583059249,
            "Wind_Dir_Sin": 0.1631303609084515,
            "Wind_Dir_Cos": 0.14529795859828037
        },
        "R2": {
            "Temperature": 0.5072771802149612,
            "Precipitation_accumulated": -115.19925177176232,
            "Humidity": 0.8576818168194,
            "Wind_Speed_kmh": 0.5020936193656469,
            "Soil_Moisture": 0.8942157191596674,
            "Soil_Temperature": 0.6616950818608769,
            "Wind_Dir_Sin": 0.46445897530496627,
            "Wind_Dir_Cos": 0.702097343341025
        },
        "SMAPE": {
            "Temperature": 16.892563527737757,
            "Precipitation_accumulated": 1.9031260492035154,
            "Humidity": 2.344125865403693,
            "Wind_Speed_kmh": 173.06180678816165,
            "Soil_Moisture": 2.9931086985634736,
            "Soil_Temperature": 25.95732413713315,
            "Wind_Dir_Sin": 153.00527410609436,
            "Wind_Dir_Cos": 40.00750875396126
        }
    }
}