{
    "trial_number": 3,
    "input_chunk_length": 62,
    "output_chunk_length": 8,
    "hidden_size": 128,
    "num_blocks": 2,
    "ff_size": 198,
    "norm_type": "LayerNormNoBias",
    "normalize_before": true,
    "activation": "GELU",
    "dropout": 0.1645143685751721,
    "batch_size": 77,
    "lr": 0.000224030660747854,
    "loss_function": "mse",
    "optimizer": "Adam",
    "overall_mae_val": 0.18124861734397027,
    "metrics": {
        "MSE": {
            "Temperature": 13.590626894231395,
            "Precipitation_accumulated": 19494.475411089723,
            "Humidity": 229.60927926636464,
            "Wind_Speed_kmh": 1.6648176136637707,
            "Soil_Moisture": 813954.7771444799,
            "Soil_Temperature": 8.762149413971283,
            "Wind_Dir_Sin": 0.5964726587580622,
            "Wind_Dir_Cos": 0.42910846287186255
        },
        "RMSE": {
            "Temperature": 3.6865467438012223,
            "Precipitation_accumulated": 139.6226178349687,
            "Humidity": 15.152863731531562,
            "Wind_Speed_kmh": 1.2902781148511242,
            "Soil_Moisture": 902.1944231397575,
            "Soil_Temperature": 2.96009280495921,
            "Wind_Dir_Sin": 0.7723164239857018,
            "Wind_Dir_Cos": 0.6550637090175753
        },
        "MAE": {
            "Temperature": 2.9214793936262278,
            "Precipitation_accumulated": 124.36608945301096,
            "Humidity": 12.501256547092769,
            "Wind_Speed_kmh": 1.033697365656711,
            "Soil_Moisture": 738.4354925558188,
            "Soil_Temperature": 2.420504365059331,
            "Wind_Dir_Sin": 0.6778844493442687,
            "Wind_Dir_Cos": 0.5356082949951539
        },
        "R2": {
            "Temperature": 0.5545949905022554,
            "Precipitation_accumulated": -6068.496566670509,
            "Humidity": -0.5610623782366737,
            "Wind_Speed_kmh": -0.23410122166697422,
            "Soil_Moisture": -15.951515804064005,
            "Soil_Temperature": 0.45348152054783986,
            "Wind_Dir_Sin": -0.08996197987939825,
            "Wind_Dir_Cos": -0.16420156873556335
        },
        "SMAPE": {
            "Temperature": 42.73946988543883,
            "Precipitation_accumulated": 32.33626165196718,
            "Humidity": 15.092235077002998,
            "Wind_Speed_kmh": 77.27343172900638,
            "Soil_Moisture": 9.198476487319303,
            "Soil_Temperature": 42.70747412035169,
            "Wind_Dir_Sin": 140.0564717797903,
            "Wind_Dir_Cos": 124.8314945074247
        }
    }
}