{
    "trial_number": 12,
    "input_chunk_length": 70,
    "num_blocks": 1,
    "hidden_size": 128,
    "ff_size": 211,
    "norm_type": "LayerNorm",
    "normalize_before": false,
    "activation": "GELU",
    "dropout": 0.2,
    "batch_size": 24,
    "lr": 0.001855831027415954,
    "overall_smape_val": 47.399979022549346,
    "metrics": {
        "MSE": {
            "Temperature": 1.2422828952873222,
            "Precipitation_accumulated": 62.70266766601756,
            "Humidity": 6.950802593265733,
            "Wind_Speed_kmh": 0.0901885154653794,
            "Soil_Moisture": 20066.524551291022,
            "Soil_Temperature": 0.648811323031714,
            "Wind_Dir_Sin": 0.04493005590257757,
            "Wind_Dir_Cos": 0.04344316907718989
        },
        "RMSE": {
            "Temperature": 1.114577451452936,
            "Precipitation_accumulated": 7.918501604850349,
            "Humidity": 2.6364374813876648,
            "Wind_Speed_kmh": 0.3003140280862341,
            "Soil_Moisture": 141.65636078655635,
            "Soil_Temperature": 0.8054882513306535,
            "Wind_Dir_Sin": 0.21196711042654134,
            "Wind_Dir_Cos": 0.208430249909148
        },
        "MAE": {
            "Temperature": 0.9231037942598279,
            "Precipitation_accumulated": 4.962065273902344,
            "Humidity": 2.2787875697504036,
            "Wind_Speed_kmh": 0.2123592183371689,
            "Soil_Moisture": 95.86064708741826,
            "Soil_Temperature": 0.7304462650242304,
            "Wind_Dir_Sin": 0.09238720878203138,
            "Wind_Dir_Cos": 0.09289834788097168
        },
        "R2": {
            "Temperature": 0.6350893304884031,
            "Precipitation_accumulated": -65.06236340837155,
            "Humidity": 0.8931116833668682,
            "Wind_Speed_kmh": 0.734979787805567,
            "Soil_Moisture": 0.972881981675978,
            "Soil_Temperature": 0.8843928575874709,
            "Wind_Dir_Sin": 0.7202693349474939,
            "Wind_Dir_Cos": 0.8486790888748557
        },
        "SMAPE": {
            "Temperature": 15.193334949395805,
            "Precipitation_accumulated": 1.0674516516860284,
            "Humidity": 2.7446569167499977,
            "Wind_Speed_kmh": 171.23821665323794,
            "Soil_Moisture": 1.5720093312017633,
            "Soil_Temperature": 17.303933107469444,
            "Wind_Dir_Sin": 141.3552448469452,
            "Wind_Dir_Cos": 28.724984723708868
        }
    }
}