{
    "trial_number": 289,
    "input_chunk_length": 83,
    "output_chunk_length": 13,
    "num_blocks": 1,
    "hidden_size": 32,
    "ff_size": 55,
    "norm_type": "LayerNormNoBias",
    "normalize_before": true,
    "activation": "ReLU",
    "dropout": 0.3,
    "batch_size": 23,
    "lr": 0.004582266595261255,
    "forecast_horizon": 1,
    "overall_smape_val": 50.273950790112394,
    "metrics": {
        "MSE": {
            "Temperature": 1.772624866427762,
            "Precipitation_accumulated": 182.45915885583244,
            "Humidity": 7.098523881151541,
            "Wind_Speed_kmh": 0.17660330055774975,
            "Soil_Moisture": 54339.77753499045,
            "Soil_Temperature": 1.377781448879264,
            "Wind_Dir_Sin": 0.0689937391850692,
            "Wind_Dir_Cos": 0.07096096684152145
        },
        "RMSE": {
            "Temperature": 1.331399589314854,
            "Precipitation_accumulated": 13.507744402965006,
            "Humidity": 2.6643055157304203,
            "Wind_Speed_kmh": 0.42024195478051657,
            "Soil_Moisture": 233.10893920008826,
            "Soil_Temperature": 1.173789354560376,
            "Wind_Dir_Sin": 0.26266659320337865,
            "Wind_Dir_Cos": 0.26638499740323485
        },
        "MAE": {
            "Temperature": 1.007775419575148,
            "Precipitation_accumulated": 11.796777155688158,
            "Humidity": 2.0336603680162555,
            "Wind_Speed_kmh": 0.23476071889299546,
            "Soil_Moisture": 171.7491092932133,
            "Soil_Temperature": 1.0042770630716624,
            "Wind_Dir_Sin": 0.17390273028909625,
            "Wind_Dir_Cos": 0.173854716165263
        },
        "R2": {
            "Temperature": 0.4793056160920154,
            "Precipitation_accumulated": -191.23557319320292,
            "Humidity": 0.8908400493244498,
            "Wind_Speed_kmh": 0.4810487350130688,
            "Soil_Moisture": 0.9265649076824144,
            "Soil_Temperature": 0.7545027798996349,
            "Wind_Dir_Sin": 0.5704509117783813,
            "Wind_Dir_Cos": 0.7528293081542669
        },
        "SMAPE": {
            "Temperature": 16.535672449913726,
            "Precipitation_accumulated": 2.5236953007124647,
            "Humidity": 2.433015465791114,
            "Wind_Speed_kmh": 159.1672064479674,
            "Soil_Moisture": 2.773699202665048,
            "Soil_Temperature": 23.580185163461987,
            "Wind_Dir_Sin": 150.3897465045369,
            "Wind_Dir_Cos": 44.78838578585096
        }
    }
}