{
    "trial_number": 1,
    "input_chunk_length": 63,
    "num_blocks": 2,
    "hidden_size": 64,
    "ff_size": 207,
    "norm_type": "LayerNorm",
    "normalize_before": false,
    "activation": "ReLU",
    "dropout": 0.1,
    "batch_size": 37,
    "lr": 7.621118388043938e-05,
    "overall_smape_val": 48.77736564369571,
    "metrics": {
        "MSE": {
            "Temperature": 1.0756398117019361,
            "Precipitation_accumulated": 171.36603229478192,
            "Humidity": 15.390285974381676,
            "Wind_Speed_kmh": 0.1784349866327486,
            "Soil_Moisture": 59623.0574219346,
            "Soil_Temperature": 0.4978357758053114,
            "Wind_Dir_Sin": 0.06540598274172123,
            "Wind_Dir_Cos": 0.06870232473089675
        },
        "RMSE": {
            "Temperature": 1.0371305663714363,
            "Precipitation_accumulated": 13.0906849436835,
            "Humidity": 3.9230454973632,
            "Wind_Speed_kmh": 0.42241565623535854,
            "Soil_Moisture": 244.17833118836447,
            "Soil_Temperature": 0.7055747839919674,
            "Wind_Dir_Sin": 0.25574593396908823,
            "Wind_Dir_Cos": 0.26211128310489945
        },
        "MAE": {
            "Temperature": 0.7832382358635046,
            "Precipitation_accumulated": 10.865755936967137,
            "Humidity": 3.2829900402250076,
            "Wind_Speed_kmh": 0.2402863584419168,
            "Soil_Moisture": 115.81061018535046,
            "Soil_Temperature": 0.563194387375867,
            "Wind_Dir_Sin": 0.14480301090947859,
            "Wind_Dir_Cos": 0.15260699202327752
        },
        "R2": {
            "Temperature": 0.684039404124051,
            "Precipitation_accumulated": -179.54806155311448,
            "Humidity": 0.7633306746622397,
            "Wind_Speed_kmh": 0.4756662999018475,
            "Soil_Moisture": 0.9194250524265191,
            "Soil_Temperature": 0.9112941322253043,
            "Wind_Dir_Sin": 0.5927879749264946,
            "Wind_Dir_Cos": 0.7606965929160685
        },
        "SMAPE": {
            "Temperature": 13.643139584935588,
            "Precipitation_accumulated": 2.325907529103468,
            "Humidity": 3.9347167320218213,
            "Wind_Speed_kmh": 161.8394602441383,
            "Soil_Moisture": 1.7620750503189606,
            "Soil_Temperature": 15.56536220984899,
            "Wind_Dir_Sin": 150.1986956691496,
            "Wind_Dir_Cos": 40.94956813004911
        }
    }
}