{
    "trial_number": 39,
    "fold_smape": [
        115.09390043972928,
        53.49943972609691,
        79.8207435111153
    ],
    "mean_smape": 82.8046945589805,
    "hyperparameters": {
        "input_chunk_length": 36,
        "hidden_size": 32,
        "dropout": 0.35,
        "batch_size": 144,
        "lr": 0.0020359436673975185,
        "weight_decay": 0.005447644484485506,
        "ff_size": 65,
        "num_blocks": 4,
        "activation": "GELU",
        "norm_type": "LayerNorm",
        "normalize_before": false
    },
    "metrics_per_fold": [
        {
            "Temperature": {
                "MSE": 47.234055489369794,
                "RMSE": 6.872703652084076,
                "MAE": 5.775319414097578,
                "R2": -1.2706435204770656,
                "SMAPE": 42.517296506874736,
                "WAPE": 36.45153117590882
            },
            "Precipitation_accumulated": {
                "MSE": 177811.27770420432,
                "RMSE": 421.6767455103546,
                "MAE": 395.38580819034127,
                "R2": -7.217626867346395,
                "SMAPE": 175.50839464561938,
                "WAPE": 98.3091280741411
            },
            "Humidity": {
                "MSE": 3748.2926438464538,
                "RMSE": 61.22330147783974,
                "MAE": 57.67318728563761,
                "R2": -46.93754841067004,
                "SMAPE": 107.44143406653025,
                "WAPE": 68.24673700073707
            },
            "Wind_Speed_kmh": {
                "MSE": 14.151081937683214,
                "RMSE": 3.761792383649477,
                "MAE": 3.6515572003878716,
                "R2": -70.3154359614922,
                "SMAPE": 199.93524048819856,
                "WAPE": 1788.1829671556054
            },
            "Soil_Moisture": {
                "MSE": 146224.5327629259,
                "RMSE": 382.3931651624096,
                "MAE": 221.5334590881569,
                "R2": 0.8431662326204902,
                "SMAPE": 3.0485931266338366,
                "WAPE": 3.2423213704866174
            },
            "Soil_Temperature": {
                "MSE": 27.64188680584113,
                "RMSE": 5.257555211868072,
                "MAE": 4.171300478051994,
                "R2": -0.2971082631894042,
                "SMAPE": 28.57230926841748,
                "WAPE": 26.737726008897283
            },
            "Wind_Dir_Sin": {
                "MSE": 2.4540309320112064,
                "RMSE": 1.5665346890545406,
                "MAE": 1.4855763403561142,
                "R2": -20.885263724962755,
                "SMAPE": 184.17379379678812,
                "WAPE": 1026.632034885855
            },
            "Wind_Dir_Cos": {
                "MSE": 1.066951717178796,
                "RMSE": 1.0329335492560963,
                "MAE": 0.9829798881932545,
                "R2": -1.576024568665277,
                "SMAPE": 179.55414161877195,
                "WAPE": 106.97566062434566
            }
        },
        {
            "Temperature": {
                "MSE": 1.6914228844738222,
                "RMSE": 1.3005471481164466,
                "MAE": 0.9688670412908982,
                "R2": 0.37501543298538464,
                "SMAPE": 12.451886878689049,
                "WAPE": 11.598458453964435
            },
            "Precipitation_accumulated": {
                "MSE": 403.1801710616672,
                "RMSE": 20.079346878364028,
                "MAE": 18.711839182725047,
                "R2": -1741.6517207686434,
                "SMAPE": 4.177283797565454,
                "WAPE": 4.079949407618235
            },
            "Humidity": {
                "MSE": 22.898689833468616,
                "RMSE": 4.7852575514248565,
                "MAE": 3.541952787101843,
                "R2": 0.3855970189305503,
                "SMAPE": 4.144423817717754,
                "WAPE": 4.043971466239872
            },
            "Wind_Speed_kmh": {
                "MSE": 0.01888207038528612,
                "RMSE": 0.13741204599774404,
                "MAE": 0.1218447330698818,
                "R2": -17.159123633055586,
                "SMAPE": 193.6465283511037,
                "WAPE": 1493.2161685472668
            },
            "Soil_Moisture": {
                "MSE": 22041.257604674985,
                "RMSE": 148.4629839545029,
                "MAE": 120.65853506291039,
                "R2": 0.39344210426183557,
                "SMAPE": 2.056310155007065,
                "WAPE": 2.056784723583945
            },
            "Soil_Temperature": {
                "MSE": 0.38351070180409885,
                "RMSE": 0.6192824087636423,
                "MAE": 0.507176196665607,
                "R2": 0.782048180093381,
                "SMAPE": 6.035999211960417,
                "WAPE": 5.652444606295894
            },
            "Wind_Dir_Sin": {
                "MSE": 0.027022000406804383,
                "RMSE": 0.16438369872589065,
                "MAE": 0.06050261043171984,
                "R2": 0.09494548374458167,
                "SMAPE": 194.68609671012095,
                "WAPE": 155.72115879689193
            },
            "Wind_Dir_Cos": {
                "MSE": 0.04467801371024188,
                "RMSE": 0.21137174293230843,
                "MAE": 0.06853544013007487,
                "R2": 0.008714383932332925,
                "SMAPE": 10.796988886610952,
                "WAPE": 7.036825614051577
            }
        },
        {
            "Temperature": {
                "MSE": 101.74816954884561,
                "RMSE": 10.087029768412782,
                "MAE": 9.152624277439296,
                "R2": -2.678226977586776,
                "SMAPE": 82.38339912925095,
                "WAPE": 111.74891774630302
            },
            "Precipitation_accumulated": {
                "MSE": 16641.99553044676,
                "RMSE": 129.00385858743434,
                "MAE": 119.32937799704293,
                "R2": -3450.8348771384567,
                "SMAPE": 29.7841737134629,
                "WAPE": 25.729643432758408
            },
            "Humidity": {
                "MSE": 182.9117221893008,
                "RMSE": 13.524486023110112,
                "MAE": 12.017486147156257,
                "R2": -0.2763858950442759,
                "SMAPE": 14.070475318669398,
                "WAPE": 13.804612320336258
            },
            "Wind_Speed_kmh": {
                "MSE": 1.684251425929587,
                "RMSE": 1.297787126584937,
                "MAE": 1.0084758848800681,
                "R2": -0.19975483359623536,
                "SMAPE": 98.32867305447948,
                "WAPE": 75.33827236404537
            },
            "Soil_Moisture": {
                "MSE": 1472478.6546471466,
                "RMSE": 1213.4573147198655,
                "MAE": 1145.5157852761522,
                "R2": -0.9727719442829672,
                "SMAPE": 14.647717513251711,
                "WAPE": 13.843549341386904
            },
            "Soil_Temperature": {
                "MSE": 72.33221099813302,
                "RMSE": 8.50483456618252,
                "MAE": 7.5354522851605825,
                "R2": -3.42297607498931,
                "SMAPE": 79.46167712501385,
                "WAPE": 108.99781375167157
            },
            "Wind_Dir_Sin": {
                "MSE": 0.5386970032928841,
                "RMSE": 0.7339598104071394,
                "MAE": 0.6602937792806041,
                "R2": -0.04331168996495838,
                "SMAPE": 172.76453845068946,
                "WAPE": 98.09611357140355
            },
            "Wind_Dir_Cos": {
                "MSE": 0.6064054961683271,
                "RMSE": 0.7787204223393188,
                "MAE": 0.6446679092265817,
                "R2": -0.4012054287764979,
                "SMAPE": 147.12529378410446,
                "WAPE": 109.32455678118069
            }
        }
    ]
}