{
    "trial_number": 35,
    "fold_smape": [
        104.06677586777181,
        57.7549612235382,
        70.15661979953876
    ],
    "mean_smape": 77.32611896361625,
    "hyperparameters": {
        "input_chunk_length": 60,
        "hidden_size": 112,
        "dropout": 0.5,
        "batch_size": 152,
        "lr": 0.004896906859424822,
        "weight_decay": 0.00529727464456568,
        "ff_size": 323,
        "num_blocks": 4,
        "activation": "GELU",
        "norm_type": "LayerNorm",
        "normalize_before": false
    },
    "metrics_per_fold": [
        {
            "Temperature": {
                "MSE": 17.482929808529985,
                "RMSE": 4.181259356764417,
                "MAE": 3.331963725485616,
                "R2": 0.13307056088775682,
                "SMAPE": 21.537008597397772,
                "WAPE": 20.91841283426531
            },
            "Precipitation_accumulated": {
                "MSE": 179806.4045071555,
                "RMSE": 424.0358528558116,
                "MAE": 400.16443908477817,
                "R2": -7.987726856269131,
                "SMAPE": 181.2950911142567,
                "WAPE": 98.33731647275602
            },
            "Humidity": {
                "MSE": 206.215072652904,
                "RMSE": 14.360190550717077,
                "MAE": 13.139991834046679,
                "R2": -1.6393892142254534,
                "SMAPE": 16.491646264093013,
                "WAPE": 15.546452359175928
            },
            "Wind_Speed_kmh": {
                "MSE": 5.000499555961417,
                "RMSE": 2.236179678818636,
                "MAE": 2.1328439818000104,
                "R2": -27.39030257478612,
                "SMAPE": 181.0182880468463,
                "WAPE": 1129.6682471287265
            },
            "Soil_Moisture": {
                "MSE": 1188060.407064095,
                "RMSE": 1089.9818379514838,
                "MAE": 1040.9218135941283,
                "R2": -0.3786902008158499,
                "SMAPE": 16.875441970000946,
                "WAPE": 15.304611358892334
            },
            "Soil_Temperature": {
                "MSE": 52.85679589768714,
                "RMSE": 7.270267938507297,
                "MAE": 6.255389075008134,
                "R2": -1.5423151397023465,
                "SMAPE": 47.72712785511699,
                "WAPE": 39.89970022349995
            },
            "Wind_Dir_Sin": {
                "MSE": 0.3319630067063226,
                "RMSE": 0.576162309342014,
                "MAE": 0.5227721932600211,
                "R2": -2.0569599009964037,
                "SMAPE": 190.71349982264914,
                "WAPE": 374.7609416091185
            },
            "Wind_Dir_Cos": {
                "MSE": 1.2918077657088765,
                "RMSE": 1.1365772150227527,
                "MAE": 1.0725122258583808,
                "R2": -2.253208627519384,
                "SMAPE": 176.87610327181355,
                "WAPE": 116.41457484173377
            }
        },
        {
            "Temperature": {
                "MSE": 1.6510671634014076,
                "RMSE": 1.284938583513394,
                "MAE": 0.9061872835256456,
                "R2": 0.383440216756434,
                "SMAPE": 11.971903631833367,
                "WAPE": 10.88238138900373
            },
            "Precipitation_accumulated": {
                "MSE": 2971.558046697428,
                "RMSE": 54.51199910751236,
                "MAE": 54.18033589684531,
                "R2": -12816.24422510486,
                "SMAPE": 12.564051712856616,
                "WAPE": 11.813403486873465
            },
            "Humidity": {
                "MSE": 32.861375993640884,
                "RMSE": 5.732484277661901,
                "MAE": 4.992557979785842,
                "R2": 0.11949850099076764,
                "SMAPE": 5.756317407514421,
                "WAPE": 5.7046047537837605
            },
            "Wind_Speed_kmh": {
                "MSE": 0.004252703090265825,
                "RMSE": 0.06521275251257093,
                "MAE": 0.0486156183351942,
                "R2": -3.041261704299708,
                "SMAPE": 193.70981207664803,
                "WAPE": 588.7022950177311
            },
            "Soil_Moisture": {
                "MSE": 77087.295661484,
                "RMSE": 277.64598981704023,
                "MAE": 251.52482162535543,
                "R2": -1.310887508234757,
                "SMAPE": 4.237534649063308,
                "WAPE": 4.292236824567188
            },
            "Soil_Temperature": {
                "MSE": 0.7444512432325748,
                "RMSE": 0.8628158802621652,
                "MAE": 0.7469449969939586,
                "R2": 0.573021401787907,
                "SMAPE": 8.699626772344226,
                "WAPE": 8.343725724248639
            },
            "Wind_Dir_Sin": {
                "MSE": 0.03443076758624467,
                "RMSE": 0.18555529522555986,
                "MAE": 0.11114405428819261,
                "R2": -0.14009732674386233,
                "SMAPE": 195.86322512187138,
                "WAPE": 282.6596004554279
            },
            "Wind_Dir_Cos": {
                "MSE": 0.07275403811732228,
                "RMSE": 0.2697295647816944,
                "MAE": 0.2279798906654095,
                "R2": -0.5956640794367651,
                "SMAPE": 29.237218416174187,
                "WAPE": 23.415203430667795
            }
        },
        {
            "Temperature": {
                "MSE": 21.987148223866,
                "RMSE": 4.6890455557465,
                "MAE": 3.9221242228698436,
                "R2": 0.21109589496761194,
                "SMAPE": 52.69509533087341,
                "WAPE": 47.678812922931165
            },
            "Precipitation_accumulated": {
                "MSE": 2134.3825742002814,
                "RMSE": 46.199378504480784,
                "MAE": 42.57441415658535,
                "R2": -448.9911397421713,
                "SMAPE": 9.532114220654675,
                "WAPE": 9.179043021956424
            },
            "Humidity": {
                "MSE": 325.6389041948469,
                "RMSE": 18.0454676912195,
                "MAE": 14.4427898252277,
                "R2": -1.2764831924230142,
                "SMAPE": 16.14081571528362,
                "WAPE": 16.561393178834354
            },
            "Wind_Speed_kmh": {
                "MSE": 2.1538856053955864,
                "RMSE": 1.4676122121989807,
                "MAE": 1.0692674870538503,
                "R2": -0.5405991224046791,
                "SMAPE": 112.09217991664153,
                "WAPE": 78.96330355051028
            },
            "Soil_Moisture": {
                "MSE": 1214385.5614071477,
                "RMSE": 1101.9916340005252,
                "MAE": 1032.0567465986028,
                "R2": -0.8104887950938218,
                "SMAPE": 13.049560453201812,
                "WAPE": 12.424789684683178
            },
            "Soil_Temperature": {
                "MSE": 12.717280102877506,
                "RMSE": 3.5661295689973893,
                "MAE": 3.0481680097624775,
                "R2": 0.23119626333847187,
                "SMAPE": 48.865750215569,
                "WAPE": 44.02986483779612
            },
            "Wind_Dir_Sin": {
                "MSE": 0.5380116025320467,
                "RMSE": 0.7334927419763925,
                "MAE": 0.6629048105612823,
                "R2": -0.0303424777615926,
                "SMAPE": 167.52137789816,
                "WAPE": 97.45025185683006
            },
            "Wind_Dir_Cos": {
                "MSE": 0.995084518539869,
                "RMSE": 0.9975392315793244,
                "MAE": 0.8349171487977659,
                "R2": -1.3538402571369175,
                "SMAPE": 141.35606464592595,
                "WAPE": 142.7668880297362
            }
        }
    ]
}