{
    "trial_number": 225,
    "input_chunk_length": 78,
    "output_chunk_length": 13,
    "num_blocks": 1,
    "hidden_size": 32,
    "ff_size": 64,
    "norm_type": "LayerNorm",
    "normalize_before": true,
    "activation": "ReLU",
    "dropout": 0.3,
    "batch_size": 24,
    "lr": 0.004455178845461329,
    "forecast_horizon": 1,
    "overall_smape_val": 48.73752333651649,
    "metrics": {
        "MSE": {
            "Temperature": 0.9115061527678182,
            "Precipitation_accumulated": 156.46185407807738,
            "Humidity": 28.205483889318856,
            "Wind_Speed_kmh": 0.11876987146538152,
            "Soil_Moisture": 23564.107652815386,
            "Soil_Temperature": 1.3722422643822327,
            "Wind_Dir_Sin": 0.05401794383415195,
            "Wind_Dir_Cos": 0.0558618246709084
        },
        "RMSE": {
            "Temperature": 0.9547283135886451,
            "Precipitation_accumulated": 12.508471292611155,
            "Humidity": 5.310883531891737,
            "Wind_Speed_kmh": 0.34463005014853465,
            "Soil_Moisture": 153.50605086710877,
            "Soil_Temperature": 1.1714274473403092,
            "Wind_Dir_Sin": 0.23241760654940052,
            "Wind_Dir_Cos": 0.2363510623435156
        },
        "MAE": {
            "Temperature": 0.6718198517981282,
            "Precipitation_accumulated": 10.015011307406244,
            "Humidity": 4.930502457404046,
            "Wind_Speed_kmh": 0.19466119601263335,
            "Soil_Moisture": 95.14599813174242,
            "Soil_Temperature": 1.065031876725606,
            "Wind_Dir_Sin": 0.1336384308577597,
            "Wind_Dir_Cos": 0.13992785887337061
        },
        "R2": {
            "Temperature": 0.732252354329072,
            "Precipitation_accumulated": -163.84529683344547,
            "Humidity": 0.5662606364805801,
            "Wind_Speed_kmh": 0.6509930740556011,
            "Soil_Moisture": 0.9681553274716341,
            "Soil_Temperature": 0.7554897683634079,
            "Wind_Dir_Sin": 0.6636889260440608,
            "Wind_Dir_Cos": 0.805422523589485
        },
        "SMAPE": {
            "Temperature": 10.971709758709553,
            "Precipitation_accumulated": 2.2145055778499025,
            "Humidity": 5.959262611810276,
            "Wind_Speed_kmh": 161.74251056888966,
            "Soil_Moisture": 1.5289966412324667,
            "Soil_Temperature": 24.678818810089894,
            "Wind_Dir_Sin": 144.532015457019,
            "Wind_Dir_Cos": 38.27236726653093
        }
    }
}