{
    "trial_number": 122,
    "input_chunk_length": 81,
    "output_chunk_length": 20,
    "num_blocks": 1,
    "hidden_size": 32,
    "ff_size": 99,
    "norm_type": "LayerNorm",
    "normalize_before": true,
    "activation": "ReLU",
    "dropout": 0.3,
    "batch_size": 22,
    "lr": 0.0021526189058502215,
    "forecast_horizon": 3,
    "overall_smape_val": 52.21556727343109,
    "metrics": {
        "MSE": {
            "Temperature": 0.7858628309997511,
            "Precipitation_accumulated": 57.72865539601322,
            "Humidity": 13.73028233560244,
            "Wind_Speed_kmh": 0.14720080117891118,
            "Soil_Moisture": 46899.20284884676,
            "Soil_Temperature": 1.7850347121584662,
            "Wind_Dir_Sin": 0.07877892139305355,
            "Wind_Dir_Cos": 0.09431152074117444
        },
        "RMSE": {
            "Temperature": 0.886489047309526,
            "Precipitation_accumulated": 7.597937575159013,
            "Humidity": 3.7054395603763988,
            "Wind_Speed_kmh": 0.383667565972042,
            "Soil_Moisture": 216.56223781824653,
            "Soil_Temperature": 1.3360519122243963,
            "Wind_Dir_Sin": 0.28067582972720245,
            "Wind_Dir_Cos": 0.3071018084303224
        },
        "MAE": {
            "Temperature": 0.6211381131619883,
            "Precipitation_accumulated": 6.524347499703502,
            "Humidity": 2.7430072555034393,
            "Wind_Speed_kmh": 0.23367849071537375,
            "Soil_Moisture": 122.65694134335077,
            "Soil_Temperature": 1.2252645684446033,
            "Wind_Dir_Sin": 0.15773207786837518,
            "Wind_Dir_Cos": 0.1744319943857059
        },
        "R2": {
            "Temperature": 0.7690487806661838,
            "Precipitation_accumulated": -59.811890456303956,
            "Humidity": 0.7888618702458003,
            "Wind_Speed_kmh": 0.5677499244548696,
            "Soil_Moisture": 0.9366612791896458,
            "Soil_Temperature": 0.6818330540760238,
            "Wind_Dir_Sin": 0.509853092106604,
            "Wind_Dir_Cos": 0.671679053218579
        },
        "SMAPE": {
            "Temperature": 10.624195871234692,
            "Precipitation_accumulated": 1.4328173430356441,
            "Humidity": 3.219594477629782,
            "Wind_Speed_kmh": 169.57463233181153,
            "Soil_Moisture": 1.9541813401366117,
            "Soil_Temperature": 28.683195299951755,
            "Wind_Dir_Sin": 158.03961128534144,
            "Wind_Dir_Cos": 44.19631023830739
        }
    }
}