{
    "trial_number": 1,
    "input_chunk_length": 53,
    "output_chunk_length": 52,
    "num_blocks": 3,
    "hidden_size": 32,
    "ff_size": 104,
    "norm_type": "LayerNorm",
    "normalize_before": false,
    "activation": "ReLU",
    "dropout": 0.05,
    "batch_size": 35,
    "lr": 4.161058519839692e-05,
    "forecast_horizon": 2,
    "overall_smape_val": 56.55593544237682,
    "metrics": {
        "MSE": {
            "Temperature": 1.5110775026050163,
            "Precipitation_accumulated": 235.4520308216682,
            "Humidity": 38.53909617618105,
            "Wind_Speed_kmh": 0.26851001151434195,
            "Soil_Moisture": 166325.47923097643,
            "Soil_Temperature": 2.9309058643943735,
            "Wind_Dir_Sin": 0.13217651478144368,
            "Wind_Dir_Cos": 0.1550747282391074
        },
        "RMSE": {
            "Temperature": 1.2292589241510579,
            "Precipitation_accumulated": 15.34444625334092,
            "Humidity": 6.207986483247289,
            "Wind_Speed_kmh": 0.5181795166873561,
            "Soil_Moisture": 407.83020882589904,
            "Soil_Temperature": 1.7119888622284825,
            "Wind_Dir_Sin": 0.3635608818085957,
            "Wind_Dir_Cos": 0.39379528722307916
        },
        "MAE": {
            "Temperature": 0.9340237754550327,
            "Precipitation_accumulated": 12.271979447565776,
            "Humidity": 5.217630052275003,
            "Wind_Speed_kmh": 0.3058482987316931,
            "Soil_Moisture": 238.63521148353058,
            "Soil_Temperature": 1.2987943310293313,
            "Wind_Dir_Sin": 0.24372378411748336,
            "Wind_Dir_Cos": 0.2997825691176177
        },
        "R2": {
            "Temperature": 0.5561330633696155,
            "Precipitation_accumulated": -247.0678766050347,
            "Humidity": 0.4073520202076506,
            "Wind_Speed_kmh": 0.21097958137278705,
            "Soil_Moisture": 0.77522677721254,
            "Soil_Temperature": 0.4777624254775916,
            "Wind_Dir_Sin": 0.1770803832448713,
            "Wind_Dir_Cos": 0.45984490385746535
        },
        "SMAPE": {
            "Temperature": 16.138171723539944,
            "Precipitation_accumulated": 2.645277928255613,
            "Humidity": 6.19986253370231,
            "Wind_Speed_kmh": 176.41354500008643,
            "Soil_Moisture": 3.7416100951022018,
            "Soil_Temperature": 26.887924728648205,
            "Wind_Dir_Sin": 163.64769795482587,
            "Wind_Dir_Cos": 56.773393574854055
        }
    }
}