{
    "trial_number": 44,
    "input_chunk_length": 69,
    "num_blocks": 3,
    "hidden_size": 32,
    "ff_size": 67,
    "norm_type": "LayerNorm",
    "normalize_before": true,
    "activation": "GELU",
    "dropout": 0.2,
    "batch_size": 35,
    "lr": 0.00206823746251422,
    "overall_smape_val": 45.656109010711475,
    "metrics": {
        "MSE": {
            "Temperature": 0.9414443298233939,
            "Precipitation_accumulated": 36.85760055819125,
            "Humidity": 2.4231223827283674,
            "Wind_Speed_kmh": 0.07598934593310941,
            "Soil_Moisture": 16062.767055704831,
            "Soil_Temperature": 0.5492592307485377,
            "Wind_Dir_Sin": 0.049211652246425285,
            "Wind_Dir_Cos": 0.04606315030459607
        },
        "RMSE": {
            "Temperature": 0.9702805418142703,
            "Precipitation_accumulated": 6.071046084340923,
            "Humidity": 1.5566381669252387,
            "Wind_Speed_kmh": 0.275661651183311,
            "Soil_Moisture": 126.73897212659108,
            "Soil_Temperature": 0.74112025390522,
            "Wind_Dir_Sin": 0.2218369947651322,
            "Wind_Dir_Cos": 0.21462327530954342
        },
        "MAE": {
            "Temperature": 0.7934389301380622,
            "Precipitation_accumulated": 5.074983713231639,
            "Humidity": 0.9829939475873923,
            "Wind_Speed_kmh": 0.1545775842841033,
            "Soil_Moisture": 75.25205637625102,
            "Soil_Temperature": 0.5491584009626026,
            "Wind_Dir_Sin": 0.11917242238065519,
            "Wind_Dir_Cos": 0.09726879732539544
        },
        "R2": {
            "Temperature": 0.723458254148871,
            "Precipitation_accumulated": -37.83248182366332,
            "Humidity": 0.9627376164103936,
            "Wind_Speed_kmh": 0.7767042457701895,
            "Soil_Moisture": 0.9782926829089058,
            "Soil_Temperature": 0.9021313471937688,
            "Wind_Dir_Sin": 0.6936124842338453,
            "Wind_Dir_Cos": 0.8395531904912121
        },
        "SMAPE": {
            "Temperature": 12.947387034144006,
            "Precipitation_accumulated": 1.096629765319521,
            "Humidity": 1.1605761465894586,
            "Wind_Speed_kmh": 161.09896404905206,
            "Soil_Moisture": 1.2421016578598014,
            "Soil_Temperature": 17.78160225107883,
            "Wind_Dir_Sin": 142.93801496318957,
            "Wind_Dir_Cos": 26.98359621845866
        }
    }
}