{
    "trial_number": 23,
    "input_chunk_length": 87,
    "output_chunk_length": 36,
    "num_blocks": 2,
    "hidden_size": 128,
    "ff_size": 238,
    "norm_type": "LayerNorm",
    "normalize_before": true,
    "activation": "GELU",
    "dropout": 0.05,
    "batch_size": 16,
    "lr": 0.0030417204491742546,
    "forecast_horizon": 17,
    "overall_smape_val": 50.18460879213575,
    "metrics": {
        "MSE": {
            "Temperature": 1.0779711159740712,
            "Precipitation_accumulated": 125.92969211864727,
            "Humidity": 15.899770165320794,
            "Wind_Speed_kmh": 0.19174967489691522,
            "Soil_Moisture": 139816.98774745082,
            "Soil_Temperature": 0.9323818738346821,
            "Wind_Dir_Sin": 0.08593647758853025,
            "Wind_Dir_Cos": 0.08676690243829643
        },
        "RMSE": {
            "Temperature": 1.0382538783814252,
            "Precipitation_accumulated": 11.221839961372078,
            "Humidity": 3.9874515878341135,
            "Wind_Speed_kmh": 0.43789230970287113,
            "Soil_Moisture": 373.9210982914054,
            "Soil_Temperature": 0.9655992304443298,
            "Wind_Dir_Sin": 0.2931492411529156,
            "Wind_Dir_Cos": 0.2945622216753133
        },
        "MAE": {
            "Temperature": 0.736133102280614,
            "Precipitation_accumulated": 9.0481469187711,
            "Humidity": 2.6642483382260784,
            "Wind_Speed_kmh": 0.21563068382411904,
            "Soil_Moisture": 183.53566219288143,
            "Soil_Temperature": 0.6872646670706473,
            "Wind_Dir_Sin": 0.18156311322475116,
            "Wind_Dir_Cos": 0.16814692924379324
        },
        "R2": {
            "Temperature": 0.6814400518727413,
            "Precipitation_accumulated": -131.3615721789605,
            "Humidity": 0.755847507785994,
            "Wind_Speed_kmh": 0.4424324052894636,
            "Soil_Moisture": 0.8129272456553553,
            "Soil_Temperature": 0.833110885993313,
            "Wind_Dir_Sin": 0.47026557936876423,
            "Wind_Dir_Cos": 0.7003140064593738
        },
        "SMAPE": {
            "Temperature": 12.658979237881088,
            "Precipitation_accumulated": 1.9741407648723728,
            "Humidity": 3.1309163940788163,
            "Wind_Speed_kmh": 165.71522034920972,
            "Soil_Moisture": 2.862685058103835,
            "Soil_Temperature": 20.803759587456284,
            "Wind_Dir_Sin": 154.0006218880316,
            "Wind_Dir_Cos": 40.33054705745218
        }
    }
}