{
    "trial_number": 130,
    "input_chunk_length": 18,
    "output_chunk_length": 16,
    "num_blocks": 1,
    "hidden_size": 32,
    "ff_size": 79,
    "norm_type": "LayerNorm",
    "normalize_before": true,
    "activation": "ReLU",
    "dropout": 0.3,
    "batch_size": 19,
    "lr": 0.003554863699908164,
    "forecast_horizon": 2,
    "overall_smape_val": 50.02419540856498,
    "metrics": {
        "MSE": {
            "Temperature": 1.2112438526858653,
            "Precipitation_accumulated": 29.1678528471467,
            "Humidity": 6.520679900370742,
            "Wind_Speed_kmh": 0.11074338683242602,
            "Soil_Moisture": 30671.168356141352,
            "Soil_Temperature": 1.2320621702813281,
            "Wind_Dir_Sin": 0.06746273384552672,
            "Wind_Dir_Cos": 0.06836375204923398
        },
        "RMSE": {
            "Temperature": 1.100565242357701,
            "Precipitation_accumulated": 5.4007270665297185,
            "Humidity": 2.553562198257709,
            "Wind_Speed_kmh": 0.33278128978719046,
            "Soil_Moisture": 175.13185991172867,
            "Soil_Temperature": 1.109982959455382,
            "Wind_Dir_Sin": 0.25973589248605344,
            "Wind_Dir_Cos": 0.2614646286770621
        },
        "MAE": {
            "Temperature": 0.7807979559635985,
            "Precipitation_accumulated": 4.484583862713569,
            "Humidity": 1.9777229488479762,
            "Wind_Speed_kmh": 0.19252945705031568,
            "Soil_Moisture": 102.0534667479891,
            "Soil_Temperature": 0.9704038503134741,
            "Wind_Dir_Sin": 0.1566247570700009,
            "Wind_Dir_Cos": 0.14393511412908527
        },
        "R2": {
            "Temperature": 0.6442068011222373,
            "Precipitation_accumulated": -29.73070678417746,
            "Humidity": 0.8997260404820879,
            "Wind_Speed_kmh": 0.6745790112408938,
            "Soil_Moisture": 0.958550804182606,
            "Soil_Temperature": 0.7804674768694797,
            "Wind_Dir_Sin": 0.5799828193895753,
            "Wind_Dir_Cos": 0.7618759066668739
        },
        "SMAPE": {
            "Temperature": 12.87914237413603,
            "Precipitation_accumulated": 0.9706836093206692,
            "Humidity": 2.377404179491126,
            "Wind_Speed_kmh": 169.43501562784135,
            "Soil_Moisture": 1.675194386227536,
            "Soil_Temperature": 22.597615661904133,
            "Wind_Dir_Sin": 149.1497851078995,
            "Wind_Dir_Cos": 41.10872232169931
        }
    }
}