{
    "trial_number": 0,
    "input_chunk_length": 22,
    "num_blocks": 1,
    "hidden_size": 128,
    "ff_size": 506,
    "norm_type": "LayerNorm",
    "normalize_before": false,
    "activation": "GELU",
    "dropout": 0.25,
    "batch_size": 45,
    "lr": 2.860274958073652e-05,
    "overall_smape_val": 51.39527030621663,
    "metrics": {
        "MSE": {
            "Temperature": 1.3841146717269734,
            "Precipitation_accumulated": 82.61444422558391,
            "Humidity": 12.809706106510594,
            "Wind_Speed_kmh": 0.16752691951345203,
            "Soil_Moisture": 84068.38085902421,
            "Soil_Temperature": 1.1884495891084397,
            "Wind_Dir_Sin": 0.09050387394026708,
            "Wind_Dir_Cos": 0.09095433518480459
        },
        "RMSE": {
            "Temperature": 1.1764840295248267,
            "Precipitation_accumulated": 9.08924882625533,
            "Humidity": 3.579064976570081,
            "Wind_Speed_kmh": 0.4093005246923732,
            "Soil_Moisture": 289.9454791146505,
            "Soil_Temperature": 1.09016035018177,
            "Wind_Dir_Sin": 0.3008386177675118,
            "Wind_Dir_Cos": 0.3015863643880548
        },
        "MAE": {
            "Temperature": 0.8877049728332916,
            "Precipitation_accumulated": 6.862649528845558,
            "Humidity": 2.8230701518767103,
            "Wind_Speed_kmh": 0.22943262506867607,
            "Soil_Moisture": 146.30353431448754,
            "Soil_Temperature": 0.8144625158807883,
            "Wind_Dir_Sin": 0.19369191547479694,
            "Wind_Dir_Cos": 0.17262624421602968
        },
        "R2": {
            "Temperature": 0.5934273799818384,
            "Precipitation_accumulated": -86.04104052289044,
            "Humidity": 0.8030144139589549,
            "Wind_Speed_kmh": 0.5077198074650893,
            "Soil_Moisture": 0.8863894997472688,
            "Soil_Temperature": 0.7882384970469214,
            "Wind_Dir_Sin": 0.4365306621911703,
            "Wind_Dir_Cos": 0.6831885619004505
        },
        "SMAPE": {
            "Temperature": 14.846277972380841,
            "Precipitation_accumulated": 1.4863813551984906,
            "Humidity": 3.3479290678975713,
            "Wind_Speed_kmh": 168.2787653067483,
            "Soil_Moisture": 2.257121165214881,
            "Soil_Temperature": 19.873019667438573,
            "Wind_Dir_Sin": 157.0972867399239,
            "Wind_Dir_Cos": 43.97538117493038
        }
    }
}