{
    "trial_number": 96,
    "input_chunk_length": 73,
    "output_chunk_length": 40,
    "num_blocks": 1,
    "hidden_size": 128,
    "ff_size": 327,
    "norm_type": "LayerNorm",
    "normalize_before": true,
    "activation": "GELU",
    "dropout": 0.15000000000000002,
    "batch_size": 29,
    "lr": 0.003757604878182694,
    "forecast_horizon": 19,
    "overall_smape_val": 52.668710457444135,
    "metrics": {
        "MSE": {
            "Temperature": 1.3180756278554435,
            "Precipitation_accumulated": 25.85801003383328,
            "Humidity": 18.353479110384267,
            "Wind_Speed_kmh": 0.20388997058185196,
            "Soil_Moisture": 154272.22331350902,
            "Soil_Temperature": 0.880007770231569,
            "Wind_Dir_Sin": 0.12615104520308562,
            "Wind_Dir_Cos": 0.14459895357174432
        },
        "RMSE": {
            "Temperature": 1.1480747483746185,
            "Precipitation_accumulated": 5.085077190548171,
            "Humidity": 4.28409606689489,
            "Wind_Speed_kmh": 0.45154177058368805,
            "Soil_Moisture": 392.7750288823222,
            "Soil_Temperature": 0.9380872935028856,
            "Wind_Dir_Sin": 0.3551774840880058,
            "Wind_Dir_Cos": 0.38026169090738593
        },
        "MAE": {
            "Temperature": 0.8285883619417751,
            "Precipitation_accumulated": 4.262319575077706,
            "Humidity": 3.1808898130977403,
            "Wind_Speed_kmh": 0.22650180869582512,
            "Soil_Moisture": 189.68758374473876,
            "Soil_Temperature": 0.5746652959216413,
            "Wind_Dir_Sin": 0.21332706223765777,
            "Wind_Dir_Cos": 0.23741186453653798
        },
        "R2": {
            "Temperature": 0.6099349601919305,
            "Precipitation_accumulated": -26.170405888648837,
            "Humidity": 0.7181559831423117,
            "Wind_Speed_kmh": 0.4079661927688586,
            "Soil_Moisture": 0.7938583182653284,
            "Soil_Temperature": 0.8423648566682412,
            "Wind_Dir_Sin": 0.2234095742551263,
            "Wind_Dir_Cos": 0.5011304014565738
        },
        "SMAPE": {
            "Temperature": 14.276451492008617,
            "Precipitation_accumulated": 0.9237331969090894,
            "Humidity": 3.7771497534699225,
            "Wind_Speed_kmh": 171.38727437378733,
            "Soil_Moisture": 3.0124193709438325,
            "Soil_Temperature": 17.883493854589926,
            "Wind_Dir_Sin": 162.30927668767362,
            "Wind_Dir_Cos": 47.77988493017113
        }
    }
}