{
    "trial_number": 111,
    "input_chunk_length": 74,
    "output_chunk_length": 27,
    "num_blocks": 1,
    "hidden_size": 32,
    "ff_size": 109,
    "norm_type": "LayerNorm",
    "normalize_before": true,
    "activation": "ReLU",
    "dropout": 0.3,
    "batch_size": 23,
    "lr": 0.0020842073818707284,
    "forecast_horizon": 1,
    "overall_smape_val": 49.257076988602364,
    "metrics": {
        "MSE": {
            "Temperature": 0.7177131380464618,
            "Precipitation_accumulated": 236.37439721487883,
            "Humidity": 8.975137652067652,
            "Wind_Speed_kmh": 0.13300151016461795,
            "Soil_Moisture": 42600.55595207647,
            "Soil_Temperature": 0.8359969065276684,
            "Wind_Dir_Sin": 0.07668935153151676,
            "Wind_Dir_Cos": 0.06906612645901547
        },
        "RMSE": {
            "Temperature": 0.847179519373823,
            "Precipitation_accumulated": 15.374472258093245,
            "Humidity": 2.9958534096426765,
            "Wind_Speed_kmh": 0.3646937210381033,
            "Soil_Moisture": 206.3990211994148,
            "Soil_Temperature": 0.9143286643913492,
            "Wind_Dir_Sin": 0.27692842311961546,
            "Wind_Dir_Cos": 0.26280435015238135
        },
        "MAE": {
            "Temperature": 0.5788023497382486,
            "Precipitation_accumulated": 14.799061411307411,
            "Humidity": 2.466100730048213,
            "Wind_Speed_kmh": 0.22110024317856133,
            "Soil_Moisture": 146.44553802444534,
            "Soil_Temperature": 0.5597728053796865,
            "Wind_Dir_Sin": 0.2050936941346292,
            "Wind_Dir_Cos": 0.17029662178090924
        },
        "R2": {
            "Temperature": 0.7891775031956554,
            "Precipitation_accumulated": -248.03966466656522,
            "Humidity": 0.8619817866630823,
            "Wind_Speed_kmh": 0.6091732049904099,
            "Soil_Moisture": 0.942429360202905,
            "Soil_Temperature": 0.8510395703672795,
            "Wind_Dir_Sin": 0.522538690962859,
            "Wind_Dir_Cos": 0.7594294015454295
        },
        "SMAPE": {
            "Temperature": 10.352396224145384,
            "Precipitation_accumulated": 3.1653152145795387,
            "Humidity": 3.0073726679669766,
            "Wind_Speed_kmh": 163.01115515005344,
            "Soil_Moisture": 2.374587535183607,
            "Soil_Temperature": 16.741130391412995,
            "Wind_Dir_Sin": 150.76030954232752,
            "Wind_Dir_Cos": 44.64434918314963
        }
    }
}