{
    "trial_number": 286,
    "input_chunk_length": 82,
    "output_chunk_length": 12,
    "num_blocks": 1,
    "hidden_size": 32,
    "ff_size": 66,
    "norm_type": "LayerNormNoBias",
    "normalize_before": true,
    "activation": "ReLU",
    "dropout": 0.3,
    "batch_size": 27,
    "lr": 0.004998063723256077,
    "forecast_horizon": 1,
    "overall_smape_val": 50.678142787236965,
    "metrics": {
        "MSE": {
            "Temperature": 1.5479154723774569,
            "Precipitation_accumulated": 73.71325229780477,
            "Humidity": 4.968388588984021,
            "Wind_Speed_kmh": 0.10991233098780549,
            "Soil_Moisture": 18224.625238494915,
            "Soil_Temperature": 1.609290144090326,
            "Wind_Dir_Sin": 0.0568478975218926,
            "Wind_Dir_Cos": 0.06266639433719487
        },
        "RMSE": {
            "Temperature": 1.2441525117032304,
            "Precipitation_accumulated": 8.585642218133993,
            "Humidity": 2.228988243348094,
            "Wind_Speed_kmh": 0.3315302866825375,
            "Soil_Moisture": 134.99861198729013,
            "Soil_Temperature": 1.2685780007907776,
            "Wind_Dir_Sin": 0.23842797134961452,
            "Wind_Dir_Cos": 0.25033256747214266
        },
        "MAE": {
            "Temperature": 1.0016123772460321,
            "Precipitation_accumulated": 6.796133770387601,
            "Humidity": 1.6779847658100397,
            "Wind_Speed_kmh": 0.18316011608264757,
            "Soil_Moisture": 74.31469911758875,
            "Soil_Temperature": 1.0976567355876632,
            "Wind_Dir_Sin": 0.12925724838582683,
            "Wind_Dir_Cos": 0.13130722522562635
        },
        "R2": {
            "Temperature": 0.5453122042367204,
            "Precipitation_accumulated": -76.66291040835146,
            "Humidity": 0.9235969248831377,
            "Wind_Speed_kmh": 0.6770210804461607,
            "Soil_Moisture": 0.9753711351508478,
            "Soil_Temperature": 0.7132518680444856,
            "Wind_Dir_Sin": 0.6460698776979832,
            "Wind_Dir_Cos": 0.7817208990627967
        },
        "SMAPE": {
            "Temperature": 18.482932779853215,
            "Precipitation_accumulated": 1.4709048648146836,
            "Humidity": 2.0097622119422307,
            "Wind_Speed_kmh": 168.37060297380734,
            "Soil_Moisture": 1.192449988444919,
            "Soil_Temperature": 27.45630490728471,
            "Wind_Dir_Sin": 147.33453126511748,
            "Wind_Dir_Cos": 39.107653306631214
        }
    }
}