{
    "trial_number": 41,
    "input_chunk_length": 60,
    "output_chunk_length": 28,
    "num_blocks": 1,
    "hidden_size": 128,
    "ff_size": 266,
    "norm_type": "LayerNorm",
    "normalize_before": true,
    "activation": "GELU",
    "dropout": 0.15000000000000002,
    "batch_size": 24,
    "lr": 0.0027273725748702166,
    "forecast_horizon": 19,
    "overall_smape_val": 54.01773399031995,
    "metrics": {
        "MSE": {
            "Temperature": 1.082359002645804,
            "Precipitation_accumulated": 369.1327244792184,
            "Humidity": 19.5334500576604,
            "Wind_Speed_kmh": 0.21342150002375815,
            "Soil_Moisture": 188205.08371058857,
            "Soil_Temperature": 1.643928135925373,
            "Wind_Dir_Sin": 0.11537923748052377,
            "Wind_Dir_Cos": 0.1381760375054455
        },
        "RMSE": {
            "Temperature": 1.0403648411234416,
            "Precipitation_accumulated": 19.212827081905942,
            "Humidity": 4.419666283517388,
            "Wind_Speed_kmh": 0.4619756487346039,
            "Soil_Moisture": 433.8260984664115,
            "Soil_Temperature": 1.2821576096273706,
            "Wind_Dir_Sin": 0.33967519409065444,
            "Wind_Dir_Cos": 0.3717203754241157
        },
        "MAE": {
            "Temperature": 0.7415477138713138,
            "Precipitation_accumulated": 18.517529390963233,
            "Humidity": 2.7617605386342015,
            "Wind_Speed_kmh": 0.205845479374129,
            "Soil_Moisture": 187.8049981956707,
            "Soil_Temperature": 1.0575065603658356,
            "Wind_Dir_Sin": 0.22468166218527266,
            "Wind_Dir_Cos": 0.25733844322834404
        },
        "R2": {
            "Temperature": 0.6796918184880052,
            "Precipitation_accumulated": -386.8676641303916,
            "Humidity": 0.7000358354822688,
            "Wind_Speed_kmh": 0.38028956086723176,
            "Soil_Moisture": 0.7485165402181762,
            "Soil_Temperature": 0.7055243645570133,
            "Wind_Dir_Sin": 0.2897212146528677,
            "Wind_Dir_Cos": 0.5232896044129274
        },
        "SMAPE": {
            "Temperature": 12.776462009310094,
            "Precipitation_accumulated": 3.943837897311723,
            "Humidity": 3.2168681691145715,
            "Wind_Speed_kmh": 174.02079931277174,
            "Soil_Moisture": 2.9537940024009215,
            "Soil_Temperature": 23.459574624034143,
            "Wind_Dir_Sin": 158.8631822215061,
            "Wind_Dir_Cos": 52.90735368611057
        }
    }
}