{
    "trial_number": 292,
    "input_chunk_length": 80,
    "output_chunk_length": 12,
    "num_blocks": 1,
    "hidden_size": 32,
    "ff_size": 62,
    "norm_type": "LayerNorm",
    "normalize_before": true,
    "activation": "ReLU",
    "dropout": 0.3,
    "batch_size": 24,
    "lr": 0.007759942217869125,
    "forecast_horizon": 1,
    "overall_smape_val": 52.24922566407662,
    "metrics": {
        "MSE": {
            "Temperature": 0.9275504022438569,
            "Precipitation_accumulated": 400.64042543889974,
            "Humidity": 10.247911014934553,
            "Wind_Speed_kmh": 0.11315803077724985,
            "Soil_Moisture": 94510.8540054412,
            "Soil_Temperature": 1.6658333928398215,
            "Wind_Dir_Sin": 0.0692924667102855,
            "Wind_Dir_Cos": 0.07134385194515624
        },
        "RMSE": {
            "Temperature": 0.963094181398609,
            "Precipitation_accumulated": 20.016004232585978,
            "Humidity": 3.201235857436086,
            "Wind_Speed_kmh": 0.33638970075977337,
            "Soil_Moisture": 307.42617651306335,
            "Soil_Temperature": 1.2906716828224836,
            "Wind_Dir_Sin": 0.26323462293225314,
            "Wind_Dir_Cos": 0.26710269924723007
        },
        "MAE": {
            "Temperature": 0.7531869341874793,
            "Precipitation_accumulated": 17.850114335527305,
            "Humidity": 2.6498389293737934,
            "Wind_Speed_kmh": 0.22140395934827908,
            "Soil_Moisture": 281.24085466484706,
            "Soil_Temperature": 1.1284215590052222,
            "Wind_Dir_Sin": 0.1688234403500595,
            "Wind_Dir_Cos": 0.18933593282462532
        },
        "R2": {
            "Temperature": 0.7275394843054062,
            "Precipitation_accumulated": -421.1072941011953,
            "Humidity": 0.8424092840079013,
            "Wind_Speed_kmh": 0.6674835462880765,
            "Soil_Moisture": 0.8722774806276238,
            "Soil_Temperature": 0.7031768228370355,
            "Wind_Dir_Sin": 0.5685910598903837,
            "Wind_Dir_Cos": 0.751495645717364
        },
        "SMAPE": {
            "Temperature": 12.248097288355389,
            "Precipitation_accumulated": 3.790683766711166,
            "Humidity": 3.1985312702484845,
            "Wind_Speed_kmh": 168.95439334489438,
            "Soil_Moisture": 4.637974957373104,
            "Soil_Temperature": 28.555202357037604,
            "Wind_Dir_Sin": 148.6153267426212,
            "Wind_Dir_Cos": 47.993595585371686
        }
    }
}