{
    "trial_number": 254,
    "input_chunk_length": 83,
    "output_chunk_length": 13,
    "num_blocks": 1,
    "hidden_size": 32,
    "ff_size": 61,
    "norm_type": "LayerNorm",
    "normalize_before": true,
    "activation": "ReLU",
    "dropout": 0.3,
    "batch_size": 27,
    "lr": 0.004357550930612822,
    "forecast_horizon": 2,
    "overall_smape_val": 53.44903770572898,
    "metrics": {
        "MSE": {
            "Temperature": 1.3129989760754301,
            "Precipitation_accumulated": 135.7320471234391,
            "Humidity": 8.194151693259512,
            "Wind_Speed_kmh": 0.1539875178092603,
            "Soil_Moisture": 38280.44487697813,
            "Soil_Temperature": 3.154220142998341,
            "Wind_Dir_Sin": 0.07816153726900404,
            "Wind_Dir_Cos": 0.0762654860328266
        },
        "RMSE": {
            "Temperature": 1.1458616740581866,
            "Precipitation_accumulated": 11.65040974058162,
            "Humidity": 2.86254287186402,
            "Wind_Speed_kmh": 0.3924124333010618,
            "Soil_Moisture": 195.65389052349082,
            "Soil_Temperature": 1.7760124276024483,
            "Wind_Dir_Sin": 0.27957384940119856,
            "Wind_Dir_Cos": 0.2761620647967903
        },
        "MAE": {
            "Temperature": 0.8464795078959633,
            "Precipitation_accumulated": 9.885377173325647,
            "Humidity": 2.124854362026419,
            "Wind_Speed_kmh": 0.2741066563557806,
            "Soil_Moisture": 110.2636364924925,
            "Soil_Temperature": 1.5774494517127136,
            "Wind_Dir_Sin": 0.15993121810413183,
            "Wind_Dir_Cos": 0.1588780423210024
        },
        "R2": {
            "Temperature": 0.6143170470709,
            "Precipitation_accumulated": -142.0047581227632,
            "Humidity": 0.8739916622610445,
            "Wind_Speed_kmh": 0.5475055284531232,
            "Soil_Moisture": 0.9482675835084345,
            "Soil_Temperature": 0.4379716192865317,
            "Wind_Dir_Sin": 0.513372989136868,
            "Wind_Dir_Cos": 0.7343526478608408
        },
        "SMAPE": {
            "Temperature": 14.56694977391644,
            "Precipitation_accumulated": 2.1204938356493703,
            "Humidity": 2.5109568269475604,
            "Wind_Speed_kmh": 172.11131809553152,
            "Soil_Moisture": 1.78526109387719,
            "Soil_Temperature": 36.75438228904668,
            "Wind_Dir_Sin": 155.30139404327429,
            "Wind_Dir_Cos": 42.44154568758872
        }
    }
}