{
    "trial_number": 253,
    "input_chunk_length": 82,
    "output_chunk_length": 14,
    "num_blocks": 1,
    "hidden_size": 32,
    "ff_size": 61,
    "norm_type": "LayerNorm",
    "normalize_before": true,
    "activation": "ReLU",
    "dropout": 0.3,
    "batch_size": 26,
    "lr": 0.004356086964269407,
    "forecast_horizon": 2,
    "overall_smape_val": 47.746443999992366,
    "metrics": {
        "MSE": {
            "Temperature": 0.9312417269248863,
            "Precipitation_accumulated": 516.3616381528191,
            "Humidity": 5.5011815030894855,
            "Wind_Speed_kmh": 0.1220614246029786,
            "Soil_Moisture": 34348.68060507631,
            "Soil_Temperature": 0.812405227083475,
            "Wind_Dir_Sin": 0.06512379451303452,
            "Wind_Dir_Cos": 0.06496338049377415
        },
        "RMSE": {
            "Temperature": 0.9650086667615407,
            "Precipitation_accumulated": 22.723592104964812,
            "Humidity": 2.345459763690157,
            "Wind_Speed_kmh": 0.34937290192998455,
            "Soil_Moisture": 185.33397045624505,
            "Soil_Temperature": 0.9013352467775101,
            "Wind_Dir_Sin": 0.25519364120807264,
            "Wind_Dir_Cos": 0.25487914880149404
        },
        "MAE": {
            "Temperature": 0.7220139194730624,
            "Precipitation_accumulated": 22.248565286244432,
            "Humidity": 1.639835147466863,
            "Wind_Speed_kmh": 0.16234305125374468,
            "Soil_Moisture": 102.42492023826149,
            "Soil_Temperature": 0.5546520451199678,
            "Wind_Dir_Sin": 0.14746278587852837,
            "Wind_Dir_Cos": 0.12986244957243356
        },
        "R2": {
            "Temperature": 0.7264551871893072,
            "Precipitation_accumulated": -543.0290096027448,
            "Humidity": 0.9154037217330484,
            "Wind_Speed_kmh": 0.6413207991936196,
            "Soil_Moisture": 0.9535809926789484,
            "Soil_Temperature": 0.8552432063835428,
            "Wind_Dir_Sin": 0.5945448545763149,
            "Wind_Dir_Cos": 0.7737200546161627
        },
        "SMAPE": {
            "Temperature": 12.70031740513951,
            "Precipitation_accumulated": 4.72148309338148,
            "Humidity": 1.9680930781785877,
            "Wind_Speed_kmh": 155.67544778236694,
            "Soil_Moisture": 1.599231442417547,
            "Soil_Temperature": 16.74381408126812,
            "Wind_Dir_Sin": 148.46178497003476,
            "Wind_Dir_Cos": 40.10138014715203
        }
    }
}