{
    "trial_number": 217,
    "input_chunk_length": 22,
    "output_chunk_length": 19,
    "num_blocks": 1,
    "hidden_size": 32,
    "ff_size": 72,
    "norm_type": "LayerNorm",
    "normalize_before": true,
    "activation": "ReLU",
    "dropout": 0.3,
    "batch_size": 19,
    "lr": 0.0028681264570479866,
    "forecast_horizon": 4,
    "overall_smape_val": 51.62046270063494,
    "metrics": {
        "MSE": {
            "Temperature": 0.9459381667229293,
            "Precipitation_accumulated": 152.95297758499729,
            "Humidity": 13.761076049420554,
            "Wind_Speed_kmh": 0.16449844832480362,
            "Soil_Moisture": 96255.57308914395,
            "Soil_Temperature": 1.4402681554703667,
            "Wind_Dir_Sin": 0.09432617151510249,
            "Wind_Dir_Cos": 0.0966072790418126
        },
        "RMSE": {
            "Temperature": 0.9725935259515813,
            "Precipitation_accumulated": 12.367415962317969,
            "Humidity": 3.7095924371041833,
            "Wind_Speed_kmh": 0.4055840829283166,
            "Soil_Moisture": 310.25082286618346,
            "Soil_Temperature": 1.2001117262448386,
            "Wind_Dir_Sin": 0.3071256607890368,
            "Wind_Dir_Cos": 0.31081711510438514
        },
        "MAE": {
            "Temperature": 0.6966836364022175,
            "Precipitation_accumulated": 11.579831476480807,
            "Humidity": 2.9292791057572747,
            "Wind_Speed_kmh": 0.24084033064798877,
            "Soil_Moisture": 223.83151756459498,
            "Soil_Temperature": 0.9401621380962782,
            "Wind_Dir_Sin": 0.21068256861238205,
            "Wind_Dir_Cos": 0.17457665640164108
        },
        "R2": {
            "Temperature": 0.7218879060202805,
            "Precipitation_accumulated": -160.0958164397284,
            "Humidity": 0.7884022912629287,
            "Wind_Speed_kmh": 0.5172929451982484,
            "Soil_Moisture": 0.8700893889881145,
            "Soil_Temperature": 0.7432000900404723,
            "Wind_Dir_Sin": 0.4135089618371278,
            "Wind_Dir_Cos": 0.6638756435045814
        },
        "SMAPE": {
            "Temperature": 11.936192222320722,
            "Precipitation_accumulated": 2.484845133043061,
            "Humidity": 3.5273724775730053,
            "Wind_Speed_kmh": 170.13826928253258,
            "Soil_Moisture": 3.6139095597119506,
            "Soil_Temperature": 22.251798307696035,
            "Wind_Dir_Sin": 154.68124629444463,
            "Wind_Dir_Cos": 44.33006832775745
        }
    }
}