{
    "trial_number": 237,
    "input_chunk_length": 74,
    "output_chunk_length": 13,
    "num_blocks": 1,
    "hidden_size": 32,
    "ff_size": 68,
    "norm_type": "LayerNorm",
    "normalize_before": true,
    "activation": "ReLU",
    "dropout": 0.3,
    "batch_size": 25,
    "lr": 0.005676482971838734,
    "forecast_horizon": 1,
    "overall_smape_val": 54.122969175745425,
    "metrics": {
        "MSE": {
            "Temperature": 2.3549560738222173,
            "Precipitation_accumulated": 446.47345682689144,
            "Humidity": 12.530300591386482,
            "Wind_Speed_kmh": 0.09360235613711225,
            "Soil_Moisture": 22253.78787666492,
            "Soil_Temperature": 2.3994238037110436,
            "Wind_Dir_Sin": 0.06285746593164515,
            "Wind_Dir_Cos": 0.06953957803847192
        },
        "RMSE": {
            "Temperature": 1.5345866133334467,
            "Precipitation_accumulated": 21.12991852390566,
            "Humidity": 3.539816462952067,
            "Wind_Speed_kmh": 0.30594502142887087,
            "Soil_Moisture": 149.17703535284818,
            "Soil_Temperature": 1.5490073607672248,
            "Wind_Dir_Sin": 0.2507139125211147,
            "Wind_Dir_Cos": 0.26370357987420634
        },
        "MAE": {
            "Temperature": 1.3053137149392686,
            "Precipitation_accumulated": 18.14801495645685,
            "Humidity": 2.885853134379075,
            "Wind_Speed_kmh": 0.18802260805223045,
            "Soil_Moisture": 77.28406262054912,
            "Soil_Temperature": 1.3610139142260114,
            "Wind_Dir_Sin": 0.166922977964748,
            "Wind_Dir_Cos": 0.1867879326796084
        },
        "R2": {
            "Temperature": 0.30825047915506243,
            "Precipitation_accumulated": -469.3961227645693,
            "Humidity": 0.8073110667222724,
            "Wind_Speed_kmh": 0.7249481693167593,
            "Soil_Moisture": 0.9699261012600474,
            "Soil_Temperature": 0.5724634889424147,
            "Wind_Dir_Sin": 0.6086548214696161,
            "Wind_Dir_Cos": 0.7577802786591664
        },
        "SMAPE": {
            "Temperature": 25.08670831167809,
            "Precipitation_accumulated": 3.8445426153419797,
            "Humidity": 3.42989587309173,
            "Wind_Speed_kmh": 170.08531972370213,
            "Soil_Moisture": 1.1662141245832813,
            "Soil_Temperature": 30.95216372538901,
            "Wind_Dir_Sin": 153.81276830722226,
            "Wind_Dir_Cos": 44.60614072495495
        }
    }
}