{
    "trial_number": 31,
    "input_chunk_length": 28,
    "output_chunk_length": 6,
    "hidden_size": 32,
    "num_blocks": 1,
    "ff_size": 35,
    "norm_type": "LayerNorm",
    "normalize_before": true,
    "activation": "ReLU",
    "dropout": 0.3813867799490145,
    "batch_size": 123,
    "lr": 0.00225144641395415,
    "loss_function": "huber",
    "optimizer": "AdamW",
    "overall_mae_val": 0.11228232615122136,
    "metrics": {
        "MSE": {
            "Temperature": 6.058973245629531,
            "Precipitation_accumulated": 30.32387937301821,
            "Humidity": 58.41547598016416,
            "Wind_Speed_kmh": 1.2757568100939614,
            "Soil_Moisture": 10033.25310711126,
            "Soil_Temperature": 5.412625565409188,
            "Wind_Dir_Sin": 0.5822342727034456,
            "Wind_Dir_Cos": 0.39358251383395837
        },
        "RMSE": {
            "Temperature": 2.46149817095799,
            "Precipitation_accumulated": 5.50671221084035,
            "Humidity": 7.643001765024273,
            "Wind_Speed_kmh": 1.1294940504907325,
            "Soil_Moisture": 100.16612754375234,
            "Soil_Temperature": 2.3265050108283,
            "Wind_Dir_Sin": 0.7630427725255287,
            "Wind_Dir_Cos": 0.6273615495342046
        },
        "MAE": {
            "Temperature": 1.9573049184751745,
            "Precipitation_accumulated": 4.6244565137024125,
            "Humidity": 5.835434768575213,
            "Wind_Speed_kmh": 0.8863410737846038,
            "Soil_Moisture": 73.50866528141789,
            "Soil_Temperature": 1.9422495458497175,
            "Wind_Dir_Sin": 0.6585897415720156,
            "Wind_Dir_Cos": 0.5320460834856557
        },
        "R2": {
            "Temperature": 0.8012826476823052,
            "Precipitation_accumulated": -7.89025886405733,
            "Humidity": 0.6015189623939914,
            "Wind_Speed_kmh": 0.052693313522385155,
            "Soil_Moisture": 0.8218347333061918,
            "Soil_Temperature": 0.6637676760711331,
            "Wind_Dir_Sin": -0.057512277736371686,
            "Wind_Dir_Cos": -0.07357639767381863
        },
        "SMAPE": {
            "Temperature": 31.98795164690329,
            "Precipitation_accumulated": 0.9984815634554355,
            "Humidity": 6.913206486230734,
            "Wind_Speed_kmh": 74.09875365616088,
            "Soil_Moisture": 0.856892114293971,
            "Soil_Temperature": 40.37538575370569,
            "Wind_Dir_Sin": 136.69960929390479,
            "Wind_Dir_Cos": 135.58701942943688
        }
    }
}