{
    "trial_number": 91,
    "input_chunk_length": 84,
    "output_chunk_length": 29,
    "num_blocks": 1,
    "hidden_size": 128,
    "ff_size": 270,
    "norm_type": "LayerNorm",
    "normalize_before": true,
    "activation": "GELU",
    "dropout": 0.15000000000000002,
    "batch_size": 24,
    "lr": 0.0031226963923773467,
    "forecast_horizon": 20,
    "overall_smape_val": 54.508347688992615,
    "metrics": {
        "MSE": {
            "Temperature": 1.6815142900002398,
            "Precipitation_accumulated": 258.6278021353742,
            "Humidity": 47.33084031142524,
            "Wind_Speed_kmh": 0.2763463283982024,
            "Soil_Moisture": 195327.17093182413,
            "Soil_Temperature": 1.6330075273886324,
            "Wind_Dir_Sin": 0.11955034795681331,
            "Wind_Dir_Cos": 0.1483268479175411
        },
        "RMSE": {
            "Temperature": 1.2967321581576667,
            "Precipitation_accumulated": 16.081909157042713,
            "Humidity": 6.879741296838511,
            "Wind_Speed_kmh": 0.525686530546677,
            "Soil_Moisture": 441.9583361945152,
            "Soil_Temperature": 1.2778918292987995,
            "Wind_Dir_Sin": 0.3457605355687854,
            "Wind_Dir_Cos": 0.38513224730933804
        },
        "MAE": {
            "Temperature": 1.0362637388381257,
            "Precipitation_accumulated": 14.076720386424778,
            "Humidity": 6.134079696357379,
            "Wind_Speed_kmh": 0.3927175289845042,
            "Soil_Moisture": 265.3062569358197,
            "Soil_Temperature": 0.8492195578580709,
            "Wind_Dir_Sin": 0.22136829556915655,
            "Wind_Dir_Cos": 0.23062585676608072
        },
        "R2": {
            "Temperature": 0.5019026450379394,
            "Precipitation_accumulated": -270.71294488900526,
            "Humidity": 0.27277168333740576,
            "Wind_Speed_kmh": 0.19814119846584966,
            "Soil_Moisture": 0.7391726744151632,
            "Soil_Temperature": 0.7073573211387008,
            "Wind_Dir_Sin": 0.26453499669857405,
            "Wind_Dir_Cos": 0.48855814484060645
        },
        "SMAPE": {
            "Temperature": 17.107073324907592,
            "Precipitation_accumulated": 3.013174342189876,
            "Humidity": 7.289469798842,
            "Wind_Speed_kmh": 176.74129346651694,
            "Soil_Moisture": 4.264372352097195,
            "Soil_Temperature": 19.478092550348848,
            "Wind_Dir_Sin": 160.04661694012427,
            "Wind_Dir_Cos": 48.12668873691424
        }
    }
}