{
    "trial_number": 213,
    "input_chunk_length": 19,
    "output_chunk_length": 16,
    "num_blocks": 1,
    "hidden_size": 32,
    "ff_size": 76,
    "norm_type": "LayerNorm",
    "normalize_before": true,
    "activation": "ReLU",
    "dropout": 0.3,
    "batch_size": 19,
    "lr": 0.004820653618799238,
    "forecast_horizon": 3,
    "overall_smape_val": 53.9050738565953,
    "metrics": {
        "MSE": {
            "Temperature": 1.2285414176729277,
            "Precipitation_accumulated": 252.5459830759874,
            "Humidity": 18.0120055138852,
            "Wind_Speed_kmh": 0.15662423178254098,
            "Soil_Moisture": 151460.24505672295,
            "Soil_Temperature": 2.6895278939065457,
            "Wind_Dir_Sin": 0.08451877358180118,
            "Wind_Dir_Cos": 0.08206817366218812
        },
        "RMSE": {
            "Temperature": 1.1083958758823165,
            "Precipitation_accumulated": 15.891695412258171,
            "Humidity": 4.244055314658988,
            "Wind_Speed_kmh": 0.39575779434212155,
            "Soil_Moisture": 389.178937067158,
            "Soil_Temperature": 1.6399780162875799,
            "Wind_Dir_Sin": 0.290721126823974,
            "Wind_Dir_Cos": 0.2864754329121227
        },
        "MAE": {
            "Temperature": 0.8366467958250208,
            "Precipitation_accumulated": 14.128120419772971,
            "Humidity": 3.500626731299188,
            "Wind_Speed_kmh": 0.24388707733669363,
            "Soil_Moisture": 337.60520566212494,
            "Soil_Temperature": 1.537281679507274,
            "Wind_Dir_Sin": 0.1793646253840834,
            "Wind_Dir_Cos": 0.18145451054655926
        },
        "R2": {
            "Temperature": 0.6389533551896058,
            "Precipitation_accumulated": -265.03423469061363,
            "Humidity": 0.7230194496829195,
            "Wind_Speed_kmh": 0.5400783455117459,
            "Soil_Moisture": 0.7954485877631179,
            "Soil_Temperature": 0.5206149941214011,
            "Wind_Dir_Sin": 0.4741408641104504,
            "Wind_Dir_Cos": 0.714301070901636
        },
        "SMAPE": {
            "Temperature": 13.905908711867507,
            "Precipitation_accumulated": 3.135830129273828,
            "Humidity": 4.238223665177043,
            "Wind_Speed_kmh": 170.76600681715354,
            "Soil_Moisture": 5.514755355388966,
            "Soil_Temperature": 33.72002238014581,
            "Wind_Dir_Sin": 154.06658560048868,
            "Wind_Dir_Cos": 45.89325819326693
        }
    }
}