{
    "trial_number": 103,
    "input_chunk_length": 68,
    "output_chunk_length": 25,
    "num_blocks": 1,
    "hidden_size": 128,
    "ff_size": 189,
    "norm_type": "LayerNorm",
    "normalize_before": true,
    "activation": "GELU",
    "dropout": 0.3,
    "batch_size": 24,
    "lr": 0.0021851942521249053,
    "forecast_horizon": 20,
    "overall_smape_val": 52.71784714787587,
    "metrics": {
        "MSE": {
            "Temperature": 1.0706916546944463,
            "Precipitation_accumulated": 103.80156998427248,
            "Humidity": 24.345110702897983,
            "Wind_Speed_kmh": 0.23848047826895843,
            "Soil_Moisture": 200518.16383325073,
            "Soil_Temperature": 1.535594987775134,
            "Wind_Dir_Sin": 0.12294022004415041,
            "Wind_Dir_Cos": 0.13980041312801061
        },
        "RMSE": {
            "Temperature": 1.0347423131845175,
            "Precipitation_accumulated": 10.188305550201784,
            "Humidity": 4.934076479230737,
            "Wind_Speed_kmh": 0.48834463063389816,
            "Soil_Moisture": 447.7925455311318,
            "Soil_Temperature": 1.2391912635970017,
            "Wind_Dir_Sin": 0.35062832179410497,
            "Wind_Dir_Cos": 0.37389893437667165
        },
        "MAE": {
            "Temperature": 0.7724550027816041,
            "Precipitation_accumulated": 8.361413366228055,
            "Humidity": 3.693410132220533,
            "Wind_Speed_kmh": 0.2146938913611306,
            "Soil_Moisture": 202.06130344637884,
            "Soil_Temperature": 0.8405004779762446,
            "Wind_Dir_Sin": 0.20938901800085197,
            "Wind_Dir_Cos": 0.23855608330337266
        },
        "R2": {
            "Temperature": 0.6828402325482589,
            "Precipitation_accumulated": -108.0533578820959,
            "Humidity": 0.6259425406575909,
            "Wind_Speed_kmh": 0.3080144339081369,
            "Soil_Moisture": 0.7322409567788004,
            "Soil_Temperature": 0.7248141093463845,
            "Wind_Dir_Sin": 0.24368075136584266,
            "Wind_Dir_Cos": 0.517957917625351
        },
        "SMAPE": {
            "Temperature": 13.060479364160805,
            "Precipitation_accumulated": 1.8447814794269544,
            "Humidity": 4.447014257029642,
            "Wind_Speed_kmh": 165.83241089248207,
            "Soil_Moisture": 3.2179094444091856,
            "Soil_Temperature": 20.644078298941352,
            "Wind_Dir_Sin": 161.58134418560144,
            "Wind_Dir_Cos": 51.11475926095561
        }
    }
}