{
    "trial_number": 153,
    "input_chunk_length": 19,
    "output_chunk_length": 15,
    "num_blocks": 1,
    "hidden_size": 32,
    "ff_size": 79,
    "norm_type": "LayerNorm",
    "normalize_before": true,
    "activation": "ReLU",
    "dropout": 0.3,
    "batch_size": 18,
    "lr": 0.002832248104384764,
    "forecast_horizon": 1,
    "overall_smape_val": 50.34370784367273,
    "metrics": {
        "MSE": {
            "Temperature": 1.0239987343885104,
            "Precipitation_accumulated": 71.67632709627256,
            "Humidity": 8.177241944128777,
            "Wind_Speed_kmh": 0.15911337716399254,
            "Soil_Moisture": 26307.137335431104,
            "Soil_Temperature": 1.2163755668671736,
            "Wind_Dir_Sin": 0.06443037317639655,
            "Wind_Dir_Cos": 0.06143540917622906
        },
        "RMSE": {
            "Temperature": 1.011928225907604,
            "Precipitation_accumulated": 8.466187282140206,
            "Humidity": 2.8595877227545894,
            "Wind_Speed_kmh": 0.39889018183454017,
            "Soil_Moisture": 162.19475125734218,
            "Soil_Temperature": 1.1028941775470453,
            "Wind_Dir_Sin": 0.2538313872955757,
            "Wind_Dir_Cos": 0.2478616734717755
        },
        "MAE": {
            "Temperature": 0.7838844668242156,
            "Precipitation_accumulated": 7.49744354350899,
            "Humidity": 2.314245152606908,
            "Wind_Speed_kmh": 0.28839994717599843,
            "Soil_Moisture": 96.00072694605532,
            "Soil_Temperature": 0.8927240423568217,
            "Wind_Dir_Sin": 0.13785664267865733,
            "Wind_Dir_Cos": 0.1377011518629838
        },
        "R2": {
            "Temperature": 0.6992085577590479,
            "Precipitation_accumulated": -74.5168439344968,
            "Humidity": 0.8742516976447317,
            "Wind_Speed_kmh": 0.5324431191556619,
            "Soil_Moisture": 0.9644483811588147,
            "Soil_Temperature": 0.783262562791216,
            "Wind_Dir_Sin": 0.598862036199234,
            "Wind_Dir_Cos": 0.7860086570716084
        },
        "SMAPE": {
            "Temperature": 13.321400714290261,
            "Precipitation_accumulated": 1.6479122502715557,
            "Humidity": 2.7396381922825856,
            "Wind_Speed_kmh": 173.4779511845704,
            "Soil_Moisture": 1.5322788831444911,
            "Soil_Temperature": 20.638321704401587,
            "Wind_Dir_Sin": 149.02204943109177,
            "Wind_Dir_Cos": 40.370110389329064
        }
    }
}