{
    "trial_number": 90,
    "input_chunk_length": 30,
    "output_chunk_length": 2,
    "hidden_size": 128,
    "num_blocks": 2,
    "ff_size": 172,
    "norm_type": "TimeBatchNorm2d",
    "normalize_before": true,
    "activation": "GELU",
    "dropout": 0.4774875746436183,
    "batch_size": 70,
    "lr": 0.0039960819290334295,
    "loss_function": "smoothl1",
    "optimizer": "AdamW",
    "overall_mae_val": 0.09733631279565169,
    "metrics": {
        "MSE": {
            "Temperature": 4.487718766130254,
            "Precipitation_accumulated": 114.05379862982707,
            "Humidity": 25.887542300605777,
            "Wind_Speed_kmh": 1.0005103997375906,
            "Soil_Moisture": 14248.53060910497,
            "Soil_Temperature": 1.8360185775110318,
            "Wind_Dir_Sin": 0.47042433110556986,
            "Wind_Dir_Cos": 0.34880003088074524
        },
        "RMSE": {
            "Temperature": 2.1184236512393486,
            "Precipitation_accumulated": 10.679597306538625,
            "Humidity": 5.087980178873123,
            "Wind_Speed_kmh": 1.0002551673136164,
            "Soil_Moisture": 119.36720910327496,
            "Soil_Temperature": 1.354997630075799,
            "Wind_Dir_Sin": 0.6858748654860957,
            "Wind_Dir_Cos": 0.5905929485531852
        },
        "MAE": {
            "Temperature": 1.7538104489327808,
            "Precipitation_accumulated": 9.038418966467367,
            "Humidity": 3.845257749562744,
            "Wind_Speed_kmh": 0.7414198685304988,
            "Soil_Moisture": 94.62871633414962,
            "Soil_Temperature": 1.0353123421865014,
            "Wind_Dir_Sin": 0.5673694437094099,
            "Wind_Dir_Cos": 0.488268990720032
        },
        "R2": {
            "Temperature": 0.852646467147081,
            "Precipitation_accumulated": -32.33482956389135,
            "Humidity": 0.8233052936839085,
            "Wind_Speed_kmh": 0.25817851488986543,
            "Soil_Moisture": 0.7490872545090026,
            "Soil_Temperature": 0.885952182848629,
            "Wind_Dir_Sin": 0.14569960272441695,
            "Wind_Dir_Cos": 0.0480908045548325
        },
        "SMAPE": {
            "Temperature": 31.109055542654488,
            "Precipitation_accumulated": 1.922826169480709,
            "Humidity": 4.497844786063677,
            "Wind_Speed_kmh": 73.21309301343516,
            "Soil_Moisture": 1.1034128985782947,
            "Soil_Temperature": 17.05979772749795,
            "Wind_Dir_Sin": 116.27280649971668,
            "Wind_Dir_Cos": 116.28950336547047
        }
    }
}