{
    "trial_number": 3,
    "input_chunk_length": 70,
    "num_blocks": 2,
    "hidden_size": 128,
    "ff_size": 203,
    "norm_type": "TimeBatchNorm2d",
    "normalize_before": false,
    "activation": "ReLU",
    "dropout": 0.2,
    "batch_size": 16,
    "lr": 9.804449595908347e-05,
    "overall_smape_val": 44.043833659379416,
    "metrics": {
        "MSE": {
            "Temperature": 1.0028615754528785,
            "Precipitation_accumulated": 74.01474672323243,
            "Humidity": 2.46552555548916,
            "Wind_Speed_kmh": 0.06441567270211006,
            "Soil_Moisture": 11981.083844188914,
            "Soil_Temperature": 0.2523325888638146,
            "Wind_Dir_Sin": 0.04886136115869883,
            "Wind_Dir_Cos": 0.04087665276497192
        },
        "RMSE": {
            "Temperature": 1.0014297656115871,
            "Precipitation_accumulated": 8.603182360221853,
            "Humidity": 1.570199208855093,
            "Wind_Speed_kmh": 0.25380242847953616,
            "Soil_Moisture": 109.4581374050779,
            "Soil_Temperature": 0.5023271731290421,
            "Wind_Dir_Sin": 0.22104606116983588,
            "Wind_Dir_Cos": 0.20217975359805918
        },
        "MAE": {
            "Temperature": 0.764013608327166,
            "Precipitation_accumulated": 7.9924316948658936,
            "Humidity": 1.0068382318271363,
            "Wind_Speed_kmh": 0.1140395877689155,
            "Soil_Moisture": 40.638927580481216,
            "Soil_Temperature": 0.37748224470167274,
            "Wind_Dir_Sin": 0.1245044803415442,
            "Wind_Dir_Cos": 0.08500149006378474
        },
        "R2": {
            "Temperature": 0.7054174292230557,
            "Precipitation_accumulated": -76.980559322498,
            "Humidity": 0.9620855472866501,
            "Wind_Speed_kmh": 0.8107136461879834,
            "Soil_Moisture": 0.9838086934088716,
            "Soil_Temperature": 0.9550386244805483,
            "Wind_Dir_Sin": 0.6957933664286984,
            "Wind_Dir_Cos": 0.8576187586786932
        },
        "SMAPE": {
            "Temperature": 14.679601806755437,
            "Precipitation_accumulated": 1.7567274687479992,
            "Humidity": 1.1907264260776504,
            "Wind_Speed_kmh": 153.28941531442115,
            "Soil_Moisture": 0.6404018633788291,
            "Soil_Temperature": 12.426328934062148,
            "Wind_Dir_Sin": 144.27164091608358,
            "Wind_Dir_Cos": 24.095826545508835
        }
    }
}