{
    "trial_number": 260,
    "input_chunk_length": 80,
    "output_chunk_length": 14,
    "num_blocks": 1,
    "hidden_size": 32,
    "ff_size": 60,
    "norm_type": "LayerNorm",
    "normalize_before": true,
    "activation": "ReLU",
    "dropout": 0.3,
    "batch_size": 24,
    "lr": 0.004460255234917022,
    "forecast_horizon": 1,
    "overall_smape_val": 49.68285901537767,
    "metrics": {
        "MSE": {
            "Temperature": 0.9476658539797098,
            "Precipitation_accumulated": 118.05055491282663,
            "Humidity": 8.583362595341079,
            "Wind_Speed_kmh": 0.10293120570130951,
            "Soil_Moisture": 23654.740309025965,
            "Soil_Temperature": 0.6660241512751115,
            "Wind_Dir_Sin": 0.06626339140639954,
            "Wind_Dir_Cos": 0.07379173007217563
        },
        "RMSE": {
            "Temperature": 0.9734813064356757,
            "Precipitation_accumulated": 10.865107220493805,
            "Humidity": 2.9297376325092794,
            "Wind_Speed_kmh": 0.3208289352619391,
            "Soil_Moisture": 153.8009762941249,
            "Soil_Temperature": 0.8161030273654862,
            "Wind_Dir_Sin": 0.2574167659776642,
            "Wind_Dir_Cos": 0.2716463327051842
        },
        "MAE": {
            "Temperature": 0.730057943776189,
            "Precipitation_accumulated": 8.92431773916594,
            "Humidity": 2.199731640949272,
            "Wind_Speed_kmh": 0.17621914927552315,
            "Soil_Moisture": 91.04782491188881,
            "Soil_Temperature": 0.5961097729129603,
            "Wind_Dir_Sin": 0.17785100828504816,
            "Wind_Dir_Cos": 0.2030490423626855
        },
        "R2": {
            "Temperature": 0.7216307311636667,
            "Precipitation_accumulated": -123.37586708033588,
            "Humidity": 0.8680064400395031,
            "Wind_Speed_kmh": 0.6975352145932441,
            "Soil_Moisture": 0.9680328459713827,
            "Soil_Temperature": 0.8813258243600628,
            "Wind_Dir_Sin": 0.587449822298501,
            "Wind_Dir_Cos": 0.7429692155242598
        },
        "SMAPE": {
            "Temperature": 12.426193397749783,
            "Precipitation_accumulated": 1.9271431924597726,
            "Humidity": 2.57129421563216,
            "Wind_Speed_kmh": 165.78124459769697,
            "Soil_Moisture": 1.4509515195670408,
            "Soil_Temperature": 17.190823781807694,
            "Wind_Dir_Sin": 147.8271126624409,
            "Wind_Dir_Cos": 48.28810875566736
        }
    }
}