{
    "trial_number": 281,
    "input_chunk_length": 84,
    "output_chunk_length": 15,
    "num_blocks": 1,
    "hidden_size": 32,
    "ff_size": 60,
    "norm_type": "LayerNormNoBias",
    "normalize_before": true,
    "activation": "ReLU",
    "dropout": 0.3,
    "batch_size": 23,
    "lr": 0.005471932835875013,
    "forecast_horizon": 1,
    "overall_smape_val": 48.881180691053224,
    "metrics": {
        "MSE": {
            "Temperature": 0.8808070287404005,
            "Precipitation_accumulated": 226.44219221009345,
            "Humidity": 10.077127524692472,
            "Wind_Speed_kmh": 0.1309458838230758,
            "Soil_Moisture": 24489.67965392789,
            "Soil_Temperature": 0.621835033335237,
            "Wind_Dir_Sin": 0.06308168850741441,
            "Wind_Dir_Cos": 0.0633764139201106
        },
        "RMSE": {
            "Temperature": 0.9385132011540384,
            "Precipitation_accumulated": 15.047996285555545,
            "Humidity": 3.1744491687050953,
            "Wind_Speed_kmh": 0.3618644550423208,
            "Soil_Moisture": 156.49178781625537,
            "Soil_Temperature": 0.7885651738031785,
            "Wind_Dir_Sin": 0.25116068264641744,
            "Wind_Dir_Cos": 0.25174672573860934
        },
        "MAE": {
            "Temperature": 0.7262532995841116,
            "Precipitation_accumulated": 12.369660367377474,
            "Humidity": 2.581728055717889,
            "Wind_Speed_kmh": 0.16746098864589978,
            "Soil_Moisture": 86.23800884837766,
            "Soil_Temperature": 0.5919582815522616,
            "Wind_Dir_Sin": 0.15457232049185637,
            "Wind_Dir_Cos": 0.1438638655387495
        },
        "R2": {
            "Temperature": 0.7412699765991376,
            "Precipitation_accumulated": -237.5752783669663,
            "Humidity": 0.8450355648633514,
            "Wind_Speed_kmh": 0.6152136917022364,
            "Soil_Moisture": 0.9669045040705906,
            "Soil_Temperature": 0.8891995735833165,
            "Wind_Dir_Sin": 0.6072588309910885,
            "Wind_Dir_Cos": 0.779247764333316
        },
        "SMAPE": {
            "Temperature": 12.476576849148579,
            "Precipitation_accumulated": 2.6436182322786155,
            "Humidity": 3.090251928539441,
            "Wind_Speed_kmh": 165.05702491969876,
            "Soil_Moisture": 1.3821498725575714,
            "Soil_Temperature": 16.286810370784245,
            "Wind_Dir_Sin": 148.9236891721517,
            "Wind_Dir_Cos": 41.18932418326667
        }
    }
}