{
    "trial_number": 243,
    "input_chunk_length": 77,
    "output_chunk_length": 15,
    "num_blocks": 1,
    "hidden_size": 32,
    "ff_size": 67,
    "norm_type": "LayerNorm",
    "normalize_before": true,
    "activation": "ReLU",
    "dropout": 0.3,
    "batch_size": 26,
    "lr": 0.005196016009071522,
    "forecast_horizon": 2,
    "overall_smape_val": 49.74039037346158,
    "metrics": {
        "MSE": {
            "Temperature": 1.1112511101641411,
            "Precipitation_accumulated": 31.073061244582576,
            "Humidity": 10.926706975246088,
            "Wind_Speed_kmh": 0.11560405269698809,
            "Soil_Moisture": 35020.61256003504,
            "Soil_Temperature": 1.39836750669923,
            "Wind_Dir_Sin": 0.07521551585922559,
            "Wind_Dir_Cos": 0.07772977119021673
        },
        "RMSE": {
            "Temperature": 1.0541589586794493,
            "Precipitation_accumulated": 5.574321595008901,
            "Humidity": 3.3055569841172137,
            "Wind_Speed_kmh": 0.34000595979627785,
            "Soil_Moisture": 187.1379506140725,
            "Soil_Temperature": 1.182525901069076,
            "Wind_Dir_Sin": 0.2742544728153501,
            "Wind_Dir_Cos": 0.27880059395599704
        },
        "MAE": {
            "Temperature": 0.8180873404407834,
            "Precipitation_accumulated": 4.362715612601342,
            "Humidity": 2.6410862506659725,
            "Wind_Speed_kmh": 0.16589683183377962,
            "Soil_Moisture": 116.6734214685998,
            "Soil_Temperature": 0.923127563544495,
            "Wind_Dir_Sin": 0.174100765125035,
            "Wind_Dir_Cos": 0.1514229299792847
        },
        "R2": {
            "Temperature": 0.6735788698823595,
            "Precipitation_accumulated": -31.73799888521677,
            "Humidity": 0.8319708696576843,
            "Wind_Speed_kmh": 0.660295876717774,
            "Soil_Moisture": 0.9526729399157261,
            "Soil_Temperature": 0.750834694535488,
            "Wind_Dir_Sin": 0.5317146651410809,
            "Wind_Dir_Cos": 0.7292522611056849
        },
        "SMAPE": {
            "Temperature": 13.472453114561974,
            "Precipitation_accumulated": 0.9455076455244913,
            "Humidity": 3.118653466978604,
            "Wind_Speed_kmh": 161.9688728492268,
            "Soil_Moisture": 1.899460665112868,
            "Soil_Temperature": 21.416846314923518,
            "Wind_Dir_Sin": 152.15844604513433,
            "Wind_Dir_Cos": 42.94288288622996
        }
    }
}