{
    "trial_number": 51,
    "input_chunk_length": 55,
    "output_chunk_length": 29,
    "num_blocks": 1,
    "hidden_size": 128,
    "ff_size": 269,
    "norm_type": "LayerNorm",
    "normalize_before": true,
    "activation": "GELU",
    "dropout": 0.15000000000000002,
    "batch_size": 23,
    "lr": 0.002940473261486992,
    "forecast_horizon": 19,
    "overall_smape_val": 54.87911273099305,
    "metrics": {
        "MSE": {
            "Temperature": 1.8384504154496388,
            "Precipitation_accumulated": 230.17434398011474,
            "Humidity": 25.69905005348859,
            "Wind_Speed_kmh": 0.20784008338366164,
            "Soil_Moisture": 171294.45549531802,
            "Soil_Temperature": 2.596373730035252,
            "Wind_Dir_Sin": 0.13194348019057203,
            "Wind_Dir_Cos": 0.14555372356179666
        },
        "RMSE": {
            "Temperature": 1.3558946918730963,
            "Precipitation_accumulated": 15.171497750061288,
            "Humidity": 5.06942304937047,
            "Wind_Speed_kmh": 0.45589481614036986,
            "Soil_Moisture": 413.8773435395057,
            "Soil_Temperature": 1.6113266987284893,
            "Wind_Dir_Sin": 0.3632402513359058,
            "Wind_Dir_Cos": 0.3815150371371968
        },
        "MAE": {
            "Temperature": 1.0419222380460598,
            "Precipitation_accumulated": 11.650716844842929,
            "Humidity": 3.501399570218535,
            "Wind_Speed_kmh": 0.24392526453018953,
            "Soil_Moisture": 184.82146323953103,
            "Soil_Temperature": 1.1289084452450082,
            "Wind_Dir_Sin": 0.2892627520437773,
            "Wind_Dir_Cos": 0.2993600269476733
        },
        "R2": {
            "Temperature": 0.4559377175843107,
            "Precipitation_accumulated": -240.85659851281633,
            "Humidity": 0.6053541972647625,
            "Wind_Speed_kmh": 0.3964962792935952,
            "Soil_Moisture": 0.7711128654970406,
            "Soil_Temperature": 0.5349134872192998,
            "Wind_Dir_Sin": 0.18775113364696605,
            "Wind_Dir_Cos": 0.4978364238040842
        },
        "SMAPE": {
            "Temperature": 17.609550261649964,
            "Precipitation_accumulated": 2.584102214553601,
            "Humidity": 4.09767931124894,
            "Wind_Speed_kmh": 169.32165642680536,
            "Soil_Moisture": 2.8929029942215663,
            "Soil_Temperature": 24.047185979826015,
            "Wind_Dir_Sin": 158.877700595447,
            "Wind_Dir_Cos": 59.60212406419217
        }
    }
}