{
    "trial_number": 6,
    "input_chunk_length": 35,
    "output_chunk_length": 17,
    "hidden_size": 32,
    "num_blocks": 3,
    "ff_size": 116,
    "norm_type": "TimeBatchNorm2d",
    "normalize_before": true,
    "activation": "GELU",
    "dropout": 0.45791807306649834,
    "batch_size": 253,
    "lr": 0.0034697576656838765,
    "loss_function": "huber",
    "optimizer": "AdamW",
    "overall_mae_val": 0.12389559438069492,
    "metrics": {
        "MSE": {
            "Temperature": 7.722195417041429,
            "Precipitation_accumulated": 229.61229414139603,
            "Humidity": 99.8957793616363,
            "Wind_Speed_kmh": 1.2769291352597387,
            "Soil_Moisture": 63936.74953879707,
            "Soil_Temperature": 6.4465875938767025,
            "Wind_Dir_Sin": 0.6157251014800499,
            "Wind_Dir_Cos": 0.38807647134835016
        },
        "RMSE": {
            "Temperature": 2.778883843747599,
            "Precipitation_accumulated": 15.152963213226515,
            "Humidity": 9.994787609631148,
            "Wind_Speed_kmh": 1.1300128916343117,
            "Soil_Moisture": 252.8571722115018,
            "Soil_Temperature": 2.5390131141600474,
            "Wind_Dir_Sin": 0.78468152869814,
            "Wind_Dir_Cos": 0.6229578407471489
        },
        "MAE": {
            "Temperature": 2.2452215998951743,
            "Precipitation_accumulated": 13.404690989112932,
            "Humidity": 7.9041862732106445,
            "Wind_Speed_kmh": 0.913351363171927,
            "Soil_Moisture": 205.1438466402496,
            "Soil_Temperature": 2.1225242237646555,
            "Wind_Dir_Sin": 0.6764758093112302,
            "Wind_Dir_Cos": 0.5251032243766849
        },
        "R2": {
            "Temperature": 0.7464545159381413,
            "Precipitation_accumulated": -68.2848958784487,
            "Humidity": 0.31855225956473576,
            "Wind_Speed_kmh": 0.05064013722492966,
            "Soil_Moisture": -0.21939820074215244,
            "Soil_Temperature": 0.5989461572186972,
            "Wind_Dir_Sin": -0.11738619270690509,
            "Wind_Dir_Cos": -0.05824991305332339
        },
        "SMAPE": {
            "Temperature": 35.494904411245386,
            "Precipitation_accumulated": 2.9344985323720283,
            "Humidity": 9.329769683817535,
            "Wind_Speed_kmh": 73.402411063704,
            "Soil_Moisture": 2.4283263843912968,
            "Soil_Temperature": 47.1102298381423,
            "Wind_Dir_Sin": 133.61517266568137,
            "Wind_Dir_Cos": 123.79864740343635
        }
    }
}