{
    "trial_number": 189,
    "input_chunk_length": 23,
    "output_chunk_length": 19,
    "num_blocks": 1,
    "hidden_size": 32,
    "ff_size": 104,
    "norm_type": "LayerNorm",
    "normalize_before": true,
    "activation": "ReLU",
    "dropout": 0.3,
    "batch_size": 20,
    "lr": 0.0025148228363422245,
    "forecast_horizon": 5,
    "overall_smape_val": 52.56209214129637,
    "metrics": {
        "MSE": {
            "Temperature": 1.4885134260362909,
            "Precipitation_accumulated": 111.92623330203214,
            "Humidity": 14.494962547562407,
            "Wind_Speed_kmh": 0.16974202464460633,
            "Soil_Moisture": 89482.22571901907,
            "Soil_Temperature": 1.4859473901767528,
            "Wind_Dir_Sin": 0.09666800940390474,
            "Wind_Dir_Cos": 0.10356271785464782
        },
        "RMSE": {
            "Temperature": 1.2200464851948432,
            "Precipitation_accumulated": 10.579519521321947,
            "Humidity": 3.8072250455630288,
            "Wind_Speed_kmh": 0.4119976027170623,
            "Soil_Moisture": 299.1357981235597,
            "Soil_Temperature": 1.2189944176150902,
            "Wind_Dir_Sin": 0.31091479444359793,
            "Wind_Dir_Cos": 0.32181161858243684
        },
        "MAE": {
            "Temperature": 0.9390820986982353,
            "Precipitation_accumulated": 9.052961549229003,
            "Humidity": 2.88916360995358,
            "Wind_Speed_kmh": 0.17757469281167731,
            "Soil_Moisture": 133.00272120890287,
            "Soil_Temperature": 0.8119473017595601,
            "Wind_Dir_Sin": 0.1796030486857172,
            "Wind_Dir_Cos": 0.18821761574144777
        },
        "R2": {
            "Temperature": 0.562196904785065,
            "Precipitation_accumulated": -116.86578961116271,
            "Humidity": 0.7771377342227985,
            "Wind_Speed_kmh": 0.5022538084456223,
            "Soil_Moisture": 0.8793107856471238,
            "Soil_Temperature": 0.7349675629375889,
            "Wind_Dir_Sin": 0.3993455467551196,
            "Wind_Dir_Cos": 0.6398779135391564
        },
        "SMAPE": {
            "Temperature": 15.839040009068963,
            "Precipitation_accumulated": 1.9928164200832579,
            "Humidity": 3.469065195955968,
            "Wind_Speed_kmh": 170.3313525021478,
            "Soil_Moisture": 2.108979868350306,
            "Soil_Temperature": 20.567056871505223,
            "Wind_Dir_Sin": 160.3495141685832,
            "Wind_Dir_Cos": 45.83891209467605
        }
    }
}