{
    "trial_number": 155,
    "input_chunk_length": 22,
    "output_chunk_length": 15,
    "num_blocks": 1,
    "hidden_size": 32,
    "ff_size": 46,
    "norm_type": "LayerNorm",
    "normalize_before": true,
    "activation": "ReLU",
    "dropout": 0.3,
    "batch_size": 18,
    "lr": 0.0036443792896159234,
    "forecast_horizon": 2,
    "overall_smape_val": 51.60642573316291,
    "metrics": {
        "MSE": {
            "Temperature": 1.3889165973203212,
            "Precipitation_accumulated": 372.2197184929674,
            "Humidity": 9.403830491544165,
            "Wind_Speed_kmh": 0.16168120434410482,
            "Soil_Moisture": 83288.1381400201,
            "Soil_Temperature": 1.03738762064475,
            "Wind_Dir_Sin": 0.0815806171499818,
            "Wind_Dir_Cos": 0.07565469162304336
        },
        "RMSE": {
            "Temperature": 1.1785230576108052,
            "Precipitation_accumulated": 19.292996617761776,
            "Humidity": 3.066566564016533,
            "Wind_Speed_kmh": 0.40209601383762167,
            "Soil_Moisture": 288.59684360716784,
            "Soil_Temperature": 1.0185222730233985,
            "Wind_Dir_Sin": 0.28562320835321103,
            "Wind_Dir_Cos": 0.2750539794713819
        },
        "MAE": {
            "Temperature": 0.94471640228215,
            "Precipitation_accumulated": 17.80200854261224,
            "Humidity": 2.4134141319234814,
            "Wind_Speed_kmh": 0.2648546975315082,
            "Soil_Moisture": 236.8744445119756,
            "Soil_Temperature": 0.7505010984499778,
            "Wind_Dir_Sin": 0.17065795359264635,
            "Wind_Dir_Cos": 0.14212102844923657
        },
        "R2": {
            "Temperature": 0.5920168527260412,
            "Precipitation_accumulated": -391.1637663300066,
            "Humidity": 0.8553894176021747,
            "Wind_Speed_kmh": 0.5248975231267172,
            "Soil_Moisture": 0.8874439243087845,
            "Soil_Temperature": 0.8151551704793379,
            "Wind_Dir_Sin": 0.49208609176359586,
            "Wind_Dir_Cos": 0.7364801622333379
        },
        "SMAPE": {
            "Temperature": 15.654561576918736,
            "Precipitation_accumulated": 3.791088673315845,
            "Humidity": 2.922846988432168,
            "Wind_Speed_kmh": 171.8274200949317,
            "Soil_Moisture": 3.817182596103468,
            "Soil_Temperature": 19.345639290995194,
            "Wind_Dir_Sin": 154.82260704551248,
            "Wind_Dir_Cos": 40.67005959909358
        }
    }
}