{
    "trial_number": 6,
    "input_chunk_length": 33,
    "output_chunk_length": 25,
    "num_blocks": 2,
    "hidden_size": 128,
    "ff_size": 154,
    "norm_type": "LayerNorm",
    "normalize_before": true,
    "activation": "ReLU",
    "dropout": 0.2,
    "batch_size": 19,
    "lr": 0.0031065285701577503,
    "forecast_horizon": 3,
    "overall_smape_val": 51.282404721001186,
    "metrics": {
        "MSE": {
            "Temperature": 1.4822449450942718,
            "Precipitation_accumulated": 229.35077811215592,
            "Humidity": 13.884717407070958,
            "Wind_Speed_kmh": 0.13530571608125147,
            "Soil_Moisture": 46266.67114778944,
            "Soil_Temperature": 1.1299284507119864,
            "Wind_Dir_Sin": 0.07030689673886534,
            "Wind_Dir_Cos": 0.0776756553809993
        },
        "RMSE": {
            "Temperature": 1.2174748231870225,
            "Precipitation_accumulated": 15.144331550522654,
            "Humidity": 3.726220257455396,
            "Wind_Speed_kmh": 0.3678392530457448,
            "Soil_Moisture": 215.09688781521095,
            "Soil_Temperature": 1.062980926786547,
            "Wind_Dir_Sin": 0.26515447712393114,
            "Wind_Dir_Cos": 0.2787035259572424
        },
        "MAE": {
            "Temperature": 1.0201111296172687,
            "Precipitation_accumulated": 13.433538556328045,
            "Humidity": 3.108653452417218,
            "Wind_Speed_kmh": 0.20443594084201225,
            "Soil_Moisture": 113.81574206036656,
            "Soil_Temperature": 0.8242260230110164,
            "Wind_Dir_Sin": 0.1501471214066834,
            "Wind_Dir_Cos": 0.17860370387880672
        },
        "R2": {
            "Temperature": 0.5643943651267862,
            "Precipitation_accumulated": -240.60019489363873,
            "Humidity": 0.786487036913075,
            "Wind_Speed_kmh": 0.6026794315696431,
            "Soil_Moisture": 0.9375155314238701,
            "Soil_Temperature": 0.7986000598044798,
            "Wind_Dir_Sin": 0.5625643581967885,
            "Wind_Dir_Cos": 0.7295924769727185
        },
        "SMAPE": {
            "Temperature": 16.455901727037816,
            "Precipitation_accumulated": 2.8718634357997157,
            "Humidity": 3.750688171816813,
            "Wind_Speed_kmh": 168.16473450472972,
            "Soil_Moisture": 1.834002532697548,
            "Soil_Temperature": 19.27123324936477,
            "Wind_Dir_Sin": 153.9905598810508,
            "Wind_Dir_Cos": 43.920254265512064
        }
    }
}