{
    "trial_number": 170,
    "input_chunk_length": 25,
    "output_chunk_length": 21,
    "num_blocks": 1,
    "hidden_size": 32,
    "ff_size": 79,
    "norm_type": "LayerNorm",
    "normalize_before": true,
    "activation": "ReLU",
    "dropout": 0.3,
    "batch_size": 20,
    "lr": 0.0031125929588321738,
    "forecast_horizon": 2,
    "overall_smape_val": 50.150864235680714,
    "metrics": {
        "MSE": {
            "Temperature": 1.398609509738003,
            "Precipitation_accumulated": 51.35241170279254,
            "Humidity": 6.300452589142717,
            "Wind_Speed_kmh": 0.12204781988267939,
            "Soil_Moisture": 35996.626443033354,
            "Soil_Temperature": 1.2295790755020182,
            "Wind_Dir_Sin": 0.07070914487156153,
            "Wind_Dir_Cos": 0.06988631624674684
        },
        "RMSE": {
            "Temperature": 1.1826282212673613,
            "Precipitation_accumulated": 7.166059705500125,
            "Humidity": 2.5100702358983336,
            "Wind_Speed_kmh": 0.3493534311877864,
            "Soil_Moisture": 189.72776929862786,
            "Soil_Temperature": 1.108863866983688,
            "Wind_Dir_Sin": 0.2659119118647405,
            "Wind_Dir_Cos": 0.26436020170734253
        },
        "MAE": {
            "Temperature": 1.005866928490032,
            "Precipitation_accumulated": 6.466556079959629,
            "Humidity": 1.9410614090045162,
            "Wind_Speed_kmh": 0.1824874442643302,
            "Soil_Moisture": 123.06534934181127,
            "Soil_Temperature": 0.8735165677568401,
            "Wind_Dir_Sin": 0.14677865367255535,
            "Wind_Dir_Cos": 0.14059713248288913
        },
        "R2": {
            "Temperature": 0.5891696371898123,
            "Precipitation_accumulated": -53.103945016756875,
            "Humidity": 0.9031126604094919,
            "Wind_Speed_kmh": 0.6413607768542113,
            "Soil_Moisture": 0.9513539490612811,
            "Soil_Temperature": 0.7809099221252656,
            "Wind_Dir_Sin": 0.5597709434614528,
            "Wind_Dir_Cos": 0.7565725228091078
        },
        "SMAPE": {
            "Temperature": 16.026563958003532,
            "Precipitation_accumulated": 1.395049465718271,
            "Humidity": 2.326743674034618,
            "Wind_Speed_kmh": 165.4081885861894,
            "Soil_Moisture": 2.0138372831834612,
            "Soil_Temperature": 20.149042338322335,
            "Wind_Dir_Sin": 152.77720514906147,
            "Wind_Dir_Cos": 41.11028343093271
        }
    }
}