{
    "trial_number": 88,
    "input_chunk_length": 28,
    "output_chunk_length": 3,
    "hidden_size": 128,
    "num_blocks": 1,
    "ff_size": 194,
    "norm_type": "TimeBatchNorm2d",
    "normalize_before": true,
    "activation": "GELU",
    "dropout": 0.45366131897958695,
    "batch_size": 68,
    "lr": 0.003920908399962886,
    "loss_function": "smoothl1",
    "optimizer": "AdamW",
    "overall_mae_val": 0.1018469773314678,
    "metrics": {
        "MSE": {
            "Temperature": 3.592624028400407,
            "Precipitation_accumulated": 13.877583512010112,
            "Humidity": 34.743220411796386,
            "Wind_Speed_kmh": 1.0426134469160115,
            "Soil_Moisture": 5208.084712444667,
            "Soil_Temperature": 4.4337416807796535,
            "Wind_Dir_Sin": 0.5457864148854615,
            "Wind_Dir_Cos": 0.36289518541367394
        },
        "RMSE": {
            "Temperature": 1.895421860272907,
            "Precipitation_accumulated": 3.725262878242301,
            "Humidity": 5.89433799605998,
            "Wind_Speed_kmh": 1.0210844465155717,
            "Soil_Moisture": 72.16706113210283,
            "Soil_Temperature": 2.105645193469131,
            "Wind_Dir_Sin": 0.7387735883783756,
            "Wind_Dir_Cos": 0.6024078231677225
        },
        "MAE": {
            "Temperature": 1.476854865392235,
            "Precipitation_accumulated": 3.0151289056950277,
            "Humidity": 4.483036790517305,
            "Wind_Speed_kmh": 0.7792812285434799,
            "Soil_Moisture": 50.439569505786174,
            "Soil_Temperature": 1.7547735153816093,
            "Wind_Dir_Sin": 0.6244967582963334,
            "Wind_Dir_Cos": 0.509406046279007
        },
        "R2": {
            "Temperature": 0.8820047507913179,
            "Precipitation_accumulated": -3.0497665386676074,
            "Humidity": 0.7628791749189763,
            "Wind_Speed_kmh": 0.22724233867286114,
            "Soil_Moisture": 0.9086339462664503,
            "Soil_Temperature": 0.7247355145076113,
            "Wind_Dir_Sin": 0.00883144800637159,
            "Wind_Dir_Cos": 0.009637726217698317
        },
        "SMAPE": {
            "Temperature": 26.019386390697118,
            "Precipitation_accumulated": 0.6484230921331217,
            "Humidity": 5.289049393836946,
            "Wind_Speed_kmh": 70.28600187065511,
            "Soil_Moisture": 0.5877323206074255,
            "Soil_Temperature": 35.89201018978079,
            "Wind_Dir_Sin": 128.32983174781745,
            "Wind_Dir_Cos": 127.16472553760448
        }
    }
}