{
    "trial_number": 221,
    "input_chunk_length": 80,
    "output_chunk_length": 12,
    "num_blocks": 1,
    "hidden_size": 32,
    "ff_size": 42,
    "norm_type": "LayerNorm",
    "normalize_before": true,
    "activation": "ReLU",
    "dropout": 0.3,
    "batch_size": 23,
    "lr": 0.004167406634316836,
    "forecast_horizon": 1,
    "overall_smape_val": 52.13499371857391,
    "metrics": {
        "MSE": {
            "Temperature": 2.5486499009476837,
            "Precipitation_accumulated": 127.28177407391252,
            "Humidity": 20.255908532031224,
            "Wind_Speed_kmh": 0.17478866740384744,
            "Soil_Moisture": 31044.9619591282,
            "Soil_Temperature": 2.7427497513540415,
            "Wind_Dir_Sin": 0.05970167814146831,
            "Wind_Dir_Cos": 0.05954490445070405
        },
        "RMSE": {
            "Temperature": 1.596449153887365,
            "Precipitation_accumulated": 11.28192244583841,
            "Humidity": 4.500656455677463,
            "Wind_Speed_kmh": 0.4180773461978626,
            "Soil_Moisture": 176.19580573648227,
            "Soil_Temperature": 1.6561249202140644,
            "Wind_Dir_Sin": 0.24433926852118615,
            "Wind_Dir_Cos": 0.24401824614299655
        },
        "MAE": {
            "Temperature": 1.4118947243574822,
            "Precipitation_accumulated": 9.608330937437799,
            "Humidity": 4.060539265831985,
            "Wind_Speed_kmh": 0.34910443016684933,
            "Soil_Moisture": 122.60524240191427,
            "Soil_Temperature": 1.3940484953400523,
            "Wind_Dir_Sin": 0.13383481342389836,
            "Wind_Dir_Cos": 0.12849071457286712
        },
        "R2": {
            "Temperature": 0.2513544658518526,
            "Precipitation_accumulated": -133.10170774424893,
            "Humidity": 0.6885079189328178,
            "Wind_Speed_kmh": 0.4863810598775007,
            "Soil_Moisture": 0.9580456573272405,
            "Soil_Temperature": 0.5112886445552731,
            "Wind_Dir_Sin": 0.6283024849228929,
            "Wind_Dir_Cos": 0.7925936485358486
        },
        "SMAPE": {
            "Temperature": 20.931993157703804,
            "Precipitation_accumulated": 2.111360614682263,
            "Humidity": 5.003218970409056,
            "Wind_Speed_kmh": 174.3764645975667,
            "Soil_Moisture": 1.9737162136909443,
            "Soil_Temperature": 26.102786155872106,
            "Wind_Dir_Sin": 147.39772458268237,
            "Wind_Dir_Cos": 39.18268545598377
        }
    }
}