{
    "trial_number": 206,
    "input_chunk_length": 23,
    "output_chunk_length": 20,
    "num_blocks": 1,
    "hidden_size": 32,
    "ff_size": 90,
    "norm_type": "LayerNorm",
    "normalize_before": true,
    "activation": "ReLU",
    "dropout": 0.3,
    "batch_size": 19,
    "lr": 0.001819291934737423,
    "forecast_horizon": 1,
    "overall_smape_val": 51.81828974196754,
    "metrics": {
        "MSE": {
            "Temperature": 1.443186512018759,
            "Precipitation_accumulated": 25.993298683627735,
            "Humidity": 15.839333138929408,
            "Wind_Speed_kmh": 0.14814672489727873,
            "Soil_Moisture": 44633.271968080575,
            "Soil_Temperature": 1.0370217138618614,
            "Wind_Dir_Sin": 0.06964265242202937,
            "Wind_Dir_Cos": 0.07332371665200303
        },
        "RMSE": {
            "Temperature": 1.201326979643244,
            "Precipitation_accumulated": 5.0983623531118045,
            "Humidity": 3.9798659699705223,
            "Wind_Speed_kmh": 0.3848983305981967,
            "Soil_Moisture": 211.2658798009763,
            "Soil_Temperature": 1.0183426308771824,
            "Wind_Dir_Sin": 0.263898943578843,
            "Wind_Dir_Cos": 0.27078352359773117
        },
        "MAE": {
            "Temperature": 0.8153757754861349,
            "Precipitation_accumulated": 4.214086213681531,
            "Humidity": 3.430909757249907,
            "Wind_Speed_kmh": 0.22351101795003264,
            "Soil_Moisture": 152.16717145378541,
            "Soil_Temperature": 0.7979691537425107,
            "Wind_Dir_Sin": 0.16058161813541116,
            "Wind_Dir_Cos": 0.18679555384221957
        },
        "R2": {
            "Temperature": 0.5760754991244819,
            "Precipitation_accumulated": -26.386055613560547,
            "Humidity": 0.7564253000866632,
            "Wind_Speed_kmh": 0.5646687799927419,
            "Soil_Moisture": 0.939682335922311,
            "Soil_Temperature": 0.8152203688444982,
            "Wind_Dir_Sin": 0.5664108337573381,
            "Wind_Dir_Cos": 0.7445993962560908
        },
        "SMAPE": {
            "Temperature": 14.905198442781392,
            "Precipitation_accumulated": 0.912208349582688,
            "Humidity": 4.163556679314456,
            "Wind_Speed_kmh": 169.69447561257556,
            "Soil_Moisture": 2.475302600085853,
            "Soil_Temperature": 24.62099051272714,
            "Wind_Dir_Sin": 152.19249533383413,
            "Wind_Dir_Cos": 45.58209040483886
        }
    }
}