{
    "trial_number": 73,
    "input_chunk_length": 26,
    "output_chunk_length": 5,
    "hidden_size": 32,
    "num_blocks": 1,
    "ff_size": 45,
    "norm_type": "LayerNorm",
    "normalize_before": true,
    "activation": "ReLU",
    "dropout": 0.4667377214085099,
    "batch_size": 96,
    "lr": 0.003342319042850284,
    "loss_function": "huber",
    "optimizer": "AdamW",
    "overall_mae_val": 0.11101651209385441,
    "metrics": {
        "MSE": {
            "Temperature": 5.822949651445573,
            "Precipitation_accumulated": 17.239541360743015,
            "Humidity": 54.541388890448744,
            "Wind_Speed_kmh": 1.2280725527585623,
            "Soil_Moisture": 11283.665151478614,
            "Soil_Temperature": 4.959501825666312,
            "Wind_Dir_Sin": 0.5788751998863892,
            "Wind_Dir_Cos": 0.3979385648381542
        },
        "RMSE": {
            "Temperature": 2.4130788738550537,
            "Precipitation_accumulated": 4.152052668348875,
            "Humidity": 7.385214207485707,
            "Wind_Speed_kmh": 1.1081843496271557,
            "Soil_Moisture": 106.22459767623793,
            "Soil_Temperature": 2.2269938988839444,
            "Wind_Dir_Sin": 0.7608384847563833,
            "Wind_Dir_Cos": 0.6308237193052859
        },
        "MAE": {
            "Temperature": 1.8972789834163013,
            "Precipitation_accumulated": 3.3657461334632788,
            "Humidity": 5.541355872916808,
            "Wind_Speed_kmh": 0.8733007435460127,
            "Soil_Moisture": 81.67942466022596,
            "Soil_Temperature": 1.872725221002487,
            "Wind_Dir_Sin": 0.6601917407505541,
            "Wind_Dir_Cos": 0.5283875527238294
        },
        "R2": {
            "Temperature": 0.8087524912653199,
            "Precipitation_accumulated": -4.030855529299618,
            "Humidity": 0.6277576177026736,
            "Wind_Speed_kmh": 0.08978492784948389,
            "Soil_Moisture": 0.8020493111262292,
            "Soil_Temperature": 0.6920942137295332,
            "Wind_Dir_Sin": -0.051259023691207606,
            "Wind_Dir_Cos": -0.08599771432495396
        },
        "SMAPE": {
            "Temperature": 30.86884736877336,
            "Precipitation_accumulated": 0.725086166259201,
            "Humidity": 6.55185020216261,
            "Wind_Speed_kmh": 71.77720516846615,
            "Soil_Moisture": 0.9526488153043328,
            "Soil_Temperature": 39.505414139350826,
            "Wind_Dir_Sin": 138.38782348723026,
            "Wind_Dir_Cos": 132.57436905752357
        }
    }
}