{
    "trial_number": 35,
    "input_chunk_length": 68,
    "num_blocks": 3,
    "hidden_size": 64,
    "ff_size": 133,
    "norm_type": "LayerNorm",
    "normalize_before": true,
    "activation": "ReLU",
    "dropout": 0.2,
    "batch_size": 31,
    "lr": 0.009883658169100215,
    "overall_smape_val": 48.902509428028424,
    "metrics": {
        "MSE": {
            "Temperature": 1.1980504396292189,
            "Precipitation_accumulated": 296.1491046455533,
            "Humidity": 4.764764960863431,
            "Wind_Speed_kmh": 0.09374836196984708,
            "Soil_Moisture": 21294.225337709642,
            "Soil_Temperature": 1.2090846495776904,
            "Wind_Dir_Sin": 0.050210902956407504,
            "Wind_Dir_Cos": 0.04449769224577719
        },
        "RMSE": {
            "Temperature": 1.0945549048034178,
            "Precipitation_accumulated": 17.20898325426442,
            "Humidity": 2.1828341578927684,
            "Wind_Speed_kmh": 0.3061835429441744,
            "Soil_Moisture": 145.92541018516837,
            "Soil_Temperature": 1.0995838529087676,
            "Wind_Dir_Sin": 0.22407789484107418,
            "Wind_Dir_Cos": 0.2109447611242744
        },
        "MAE": {
            "Temperature": 0.8844308483493201,
            "Precipitation_accumulated": 14.276995642517388,
            "Humidity": 1.6758625812172494,
            "Wind_Speed_kmh": 0.14466624346799128,
            "Soil_Moisture": 94.39158376691304,
            "Soil_Temperature": 0.8954296425761534,
            "Wind_Dir_Sin": 0.12127518711344856,
            "Wind_Dir_Cos": 0.09609643275106874
        },
        "R2": {
            "Temperature": 0.648082260737682,
            "Precipitation_accumulated": -311.01718367656474,
            "Humidity": 0.9267282160605951,
            "Wind_Speed_kmh": 0.7245191291382693,
            "Soil_Moisture": 0.971222859672194,
            "Soil_Temperature": 0.784561680244137,
            "Wind_Dir_Sin": 0.6873912352270868,
            "Wind_Dir_Cos": 0.8450059819155158
        },
        "SMAPE": {
            "Temperature": 15.306725131743262,
            "Precipitation_accumulated": 3.1688250813152012,
            "Humidity": 2.030233742923406,
            "Wind_Speed_kmh": 167.98907013183393,
            "Soil_Moisture": 1.5538074069373855,
            "Soil_Temperature": 23.223166956255103,
            "Wind_Dir_Sin": 147.46442778255832,
            "Wind_Dir_Cos": 30.483819190661052
        }
    }
}