{
    "trial_number": 45,
    "input_chunk_length": 58,
    "num_blocks": 4,
    "hidden_size": 32,
    "ff_size": 74,
    "norm_type": "TimeBatchNorm2d",
    "normalize_before": true,
    "activation": "GELU",
    "dropout": 0.3,
    "batch_size": 38,
    "lr": 0.0052680058428124284,
    "overall_smape_val": 48.23668238948355,
    "metrics": {
        "MSE": {
            "Temperature": 0.8029539364771505,
            "Precipitation_accumulated": 150.1491788236784,
            "Humidity": 10.1289153937926,
            "Wind_Speed_kmh": 0.08592819193775877,
            "Soil_Moisture": 86055.96752468441,
            "Soil_Temperature": 2.2191558251454144,
            "Wind_Dir_Sin": 0.05392430015139598,
            "Wind_Dir_Cos": 0.04538236324383226
        },
        "RMSE": {
            "Temperature": 0.8960769701745216,
            "Precipitation_accumulated": 12.253537400427616,
            "Humidity": 3.182595700649487,
            "Wind_Speed_kmh": 0.2931351086747522,
            "Soil_Moisture": 293.3529742898211,
            "Soil_Temperature": 1.4896831291067958,
            "Wind_Dir_Sin": 0.23221606350852644,
            "Wind_Dir_Cos": 0.21303136680740764
        },
        "MAE": {
            "Temperature": 0.6660435464373995,
            "Precipitation_accumulated": 8.763015509140741,
            "Humidity": 2.6531818255866813,
            "Wind_Speed_kmh": 0.18330019548963683,
            "Soil_Moisture": 261.98349983214354,
            "Soil_Temperature": 1.3583186575485093,
            "Wind_Dir_Sin": 0.13380882484401907,
            "Wind_Dir_Cos": 0.10186585166878649
        },
        "R2": {
            "Temperature": 0.7641387000832197,
            "Precipitation_accumulated": -157.1943796993224,
            "Humidity": 0.844239179399104,
            "Wind_Speed_kmh": 0.7474988079876919,
            "Soil_Moisture": 0.8837034635339631,
            "Soil_Temperature": 0.6045841766225784,
            "Wind_Dir_Sin": 0.6642719435616018,
            "Wind_Dir_Cos": 0.841924502725224
        },
        "SMAPE": {
            "Temperature": 11.066763280939968,
            "Precipitation_accumulated": 1.89368214345583,
            "Humidity": 3.2122369942729048,
            "Wind_Speed_kmh": 164.17214485975364,
            "Soil_Moisture": 4.3354395071617535,
            "Soil_Temperature": 32.993663726187606,
            "Wind_Dir_Sin": 143.00778978100584,
            "Wind_Dir_Cos": 25.211738823090712
        }
    }
}