{
    "trial_number": 15,
    "input_chunk_length": 57,
    "output_chunk_length": 29,
    "num_blocks": 1,
    "hidden_size": 128,
    "ff_size": 251,
    "norm_type": "LayerNorm",
    "normalize_before": true,
    "activation": "GELU",
    "dropout": 0.15000000000000002,
    "batch_size": 24,
    "lr": 0.0031932122875459453,
    "forecast_horizon": 19,
    "overall_smape_val": 53.81593057132649,
    "metrics": {
        "MSE": {
            "Temperature": 1.3801894888712216,
            "Precipitation_accumulated": 229.68631404049341,
            "Humidity": 21.970241565554982,
            "Wind_Speed_kmh": 0.20026942120083688,
            "Soil_Moisture": 167404.90685330878,
            "Soil_Temperature": 1.5186851032364026,
            "Wind_Dir_Sin": 0.11454385942875558,
            "Wind_Dir_Cos": 0.13704973200602297
        },
        "RMSE": {
            "Temperature": 1.1748146614982389,
            "Precipitation_accumulated": 15.155405439660576,
            "Humidity": 4.687242426582498,
            "Wind_Speed_kmh": 0.4475147161835428,
            "Soil_Moisture": 409.1514473313137,
            "Soil_Temperature": 1.2323494241636188,
            "Wind_Dir_Sin": 0.3384432883494007,
            "Wind_Dir_Cos": 0.37020228525229687
        },
        "MAE": {
            "Temperature": 0.9130032771588287,
            "Precipitation_accumulated": 12.79308690492457,
            "Humidity": 3.5927819763219664,
            "Wind_Speed_kmh": 0.22050699093743395,
            "Soil_Moisture": 221.38534423724983,
            "Soil_Temperature": 0.9535725374542111,
            "Wind_Dir_Sin": 0.21983223070265254,
            "Wind_Dir_Cos": 0.27757672646550846
        },
        "R2": {
            "Temperature": 0.591553279233932,
            "Precipitation_accumulated": -240.3437991315811,
            "Humidity": 0.6626154040371414,
            "Wind_Speed_kmh": 0.4184791553642905,
            "Soil_Moisture": 0.7763101594818638,
            "Soil_Temperature": 0.727959056700737,
            "Wind_Dir_Sin": 0.2948638323445101,
            "Wind_Dir_Cos": 0.5271753833792004
        },
        "SMAPE": {
            "Temperature": 15.332024346980957,
            "Precipitation_accumulated": 2.8365305191413888,
            "Humidity": 4.261673975773076,
            "Wind_Speed_kmh": 166.13669418980342,
            "Soil_Moisture": 3.5463697810843766,
            "Soil_Temperature": 22.06026157413938,
            "Wind_Dir_Sin": 161.15349879619083,
            "Wind_Dir_Cos": 55.20039138749854
        }
    }
}