{
    "trial_number": 235,
    "input_chunk_length": 75,
    "output_chunk_length": 12,
    "num_blocks": 1,
    "hidden_size": 32,
    "ff_size": 63,
    "norm_type": "LayerNorm",
    "normalize_before": true,
    "activation": "ReLU",
    "dropout": 0.3,
    "batch_size": 25,
    "lr": 0.005074803941022306,
    "forecast_horizon": 1,
    "overall_smape_val": 47.71688801626327,
    "metrics": {
        "MSE": {
            "Temperature": 0.9747523909209488,
            "Precipitation_accumulated": 47.05466246879625,
            "Humidity": 6.04474018671796,
            "Wind_Speed_kmh": 0.09712191605543369,
            "Soil_Moisture": 21387.00911116465,
            "Soil_Temperature": 1.1892009262876804,
            "Wind_Dir_Sin": 0.05412767129028251,
            "Wind_Dir_Cos": 0.05834142519053735
        },
        "RMSE": {
            "Temperature": 0.9872954932141383,
            "Precipitation_accumulated": 6.859640112192203,
            "Humidity": 2.458605333663368,
            "Wind_Speed_kmh": 0.3116438930180306,
            "Soil_Moisture": 146.24297969873513,
            "Soil_Temperature": 1.0905048951232086,
            "Wind_Dir_Sin": 0.23265354347243997,
            "Wind_Dir_Cos": 0.24153969692482716
        },
        "MAE": {
            "Temperature": 0.7632720735775047,
            "Precipitation_accumulated": 5.680953168840721,
            "Humidity": 1.9540323138539721,
            "Wind_Speed_kmh": 0.17495743773751737,
            "Soil_Moisture": 96.64560883272654,
            "Soil_Temperature": 0.9790055796527475,
            "Wind_Dir_Sin": 0.12041458361175016,
            "Wind_Dir_Cos": 0.12144289049062133
        },
        "R2": {
            "Temperature": 0.7136742774706517,
            "Precipitation_accumulated": -48.57591642877725,
            "Humidity": 0.9070449643226942,
            "Wind_Speed_kmh": 0.714605893345462,
            "Soil_Moisture": 0.9710974711395514,
            "Soil_Temperature": 0.7881046215407506,
            "Wind_Dir_Sin": 0.6630057723363407,
            "Wind_Dir_Cos": 0.7967855982033569
        },
        "SMAPE": {
            "Temperature": 12.037492862580997,
            "Precipitation_accumulated": 1.2326477482228102,
            "Humidity": 2.3583994750387443,
            "Wind_Speed_kmh": 156.81986839660476,
            "Soil_Moisture": 1.585995576007333,
            "Soil_Temperature": 22.105027551008817,
            "Wind_Dir_Sin": 146.67270549446562,
            "Wind_Dir_Cos": 38.9229670261769
        }
    }
}