{
    "trial_number": 71,
    "input_chunk_length": 28,
    "output_chunk_length": 5,
    "hidden_size": 32,
    "num_blocks": 1,
    "ff_size": 34,
    "norm_type": "LayerNorm",
    "normalize_before": true,
    "activation": "ReLU",
    "dropout": 0.42598727245858437,
    "batch_size": 87,
    "lr": 0.0019738804554241935,
    "loss_function": "huber",
    "optimizer": "AdamW",
    "overall_mae_val": 0.11000951152720584,
    "metrics": {
        "MSE": {
            "Temperature": 6.275934852356595,
            "Precipitation_accumulated": 8.304381650315902,
            "Humidity": 58.409792332891946,
            "Wind_Speed_kmh": 1.2326310758863783,
            "Soil_Moisture": 13106.316923203216,
            "Soil_Temperature": 4.3428679177455205,
            "Wind_Dir_Sin": 0.5783286480873255,
            "Wind_Dir_Cos": 0.3996171576073801
        },
        "RMSE": {
            "Temperature": 2.50518160067421,
            "Precipitation_accumulated": 2.881732404356085,
            "Humidity": 7.642629935623728,
            "Wind_Speed_kmh": 1.1102391975994985,
            "Soil_Moisture": 114.48282370383436,
            "Soil_Temperature": 2.0839548742104568,
            "Wind_Dir_Sin": 0.7604792226532725,
            "Wind_Dir_Cos": 0.6321527960923531
        },
        "MAE": {
            "Temperature": 1.991942235204372,
            "Precipitation_accumulated": 2.2670762750139097,
            "Humidity": 5.774209346191951,
            "Wind_Speed_kmh": 0.8736648499692032,
            "Soil_Moisture": 85.35078381426719,
            "Soil_Temperature": 1.7348407868256248,
            "Wind_Dir_Sin": 0.6445598763011633,
            "Wind_Dir_Cos": 0.5260387233653325
        },
        "R2": {
            "Temperature": 0.7940461876801351,
            "Precipitation_accumulated": -1.4309227388980497,
            "Humidity": 0.6013172204030028,
            "Wind_Speed_kmh": 0.08535494858144,
            "Soil_Moisture": 0.7682540125079622,
            "Soil_Temperature": 0.7301788269051808,
            "Wind_Dir_Sin": -0.050324659690639484,
            "Wind_Dir_Cos": -0.09036185516251938
        },
        "SMAPE": {
            "Temperature": 32.14861447665005,
            "Precipitation_accumulated": 0.48840049606966474,
            "Humidity": 6.821143346449795,
            "Wind_Speed_kmh": 72.06607751257724,
            "Soil_Moisture": 0.9964856162706366,
            "Soil_Temperature": 34.22016042375073,
            "Wind_Dir_Sin": 130.4057992443048,
            "Wind_Dir_Cos": 130.33865398616925
        }
    }
}