{
    "trial_number": 258,
    "input_chunk_length": 83,
    "output_chunk_length": 15,
    "num_blocks": 1,
    "hidden_size": 32,
    "ff_size": 62,
    "norm_type": "LayerNorm",
    "normalize_before": true,
    "activation": "ReLU",
    "dropout": 0.3,
    "batch_size": 26,
    "lr": 0.006266086864267592,
    "forecast_horizon": 1,
    "overall_smape_val": 52.53000394140618,
    "metrics": {
        "MSE": {
            "Temperature": 1.441902114294601,
            "Precipitation_accumulated": 376.510112068281,
            "Humidity": 9.437940813358823,
            "Wind_Speed_kmh": 0.14774656308994918,
            "Soil_Moisture": 86468.63166037475,
            "Soil_Temperature": 1.4165577377637295,
            "Wind_Dir_Sin": 0.07824241571807178,
            "Wind_Dir_Cos": 0.07950054467859309
        },
        "RMSE": {
            "Temperature": 1.2007922860739075,
            "Precipitation_accumulated": 19.403868482039375,
            "Humidity": 3.072123176788135,
            "Wind_Speed_kmh": 0.3843781511610008,
            "Soil_Moisture": 294.05549078426463,
            "Soil_Temperature": 1.1901923112521477,
            "Wind_Dir_Sin": 0.27971845795026073,
            "Wind_Dir_Cos": 0.281958409483727
        },
        "MAE": {
            "Temperature": 0.9615173979395121,
            "Precipitation_accumulated": 15.817148545009793,
            "Humidity": 2.3351352113141046,
            "Wind_Speed_kmh": 0.2585410275892522,
            "Soil_Moisture": 232.0752436986239,
            "Soil_Temperature": 0.8510985582819708,
            "Wind_Dir_Sin": 0.16109477342334824,
            "Wind_Dir_Cos": 0.21485610417903261
        },
        "R2": {
            "Temperature": 0.5764527806883026,
            "Precipitation_accumulated": -395.6840451329278,
            "Humidity": 0.854864874597297,
            "Wind_Speed_kmh": 0.5658446610519139,
            "Soil_Moisture": 0.8831457868139754,
            "Soil_Temperature": 0.7475935047495823,
            "Wind_Dir_Sin": 0.5128694468667407,
            "Wind_Dir_Cos": 0.7230843165622917
        },
        "SMAPE": {
            "Temperature": 15.67934623907444,
            "Precipitation_accumulated": 3.533230595132249,
            "Humidity": 2.7452334342880294,
            "Wind_Speed_kmh": 168.3340510820495,
            "Soil_Moisture": 3.725604074328236,
            "Soil_Temperature": 20.70276151503295,
            "Wind_Dir_Sin": 156.69200322787793,
            "Wind_Dir_Cos": 48.8278013634661
        }
    }
}