{
    "trial_number": 284,
    "input_chunk_length": 72,
    "output_chunk_length": 13,
    "num_blocks": 1,
    "hidden_size": 32,
    "ff_size": 64,
    "norm_type": "LayerNormNoBias",
    "normalize_before": true,
    "activation": "ReLU",
    "dropout": 0.3,
    "batch_size": 24,
    "lr": 0.006315487450086994,
    "forecast_horizon": 2,
    "overall_smape_val": 51.114085475298864,
    "metrics": {
        "MSE": {
            "Temperature": 2.410873936144479,
            "Precipitation_accumulated": 58.455304249417146,
            "Humidity": 7.559431310370357,
            "Wind_Speed_kmh": 0.16708528956830257,
            "Soil_Moisture": 54398.814148458034,
            "Soil_Temperature": 0.6723656699812658,
            "Wind_Dir_Sin": 0.06876800781244041,
            "Wind_Dir_Cos": 0.07114052273890602
        },
        "RMSE": {
            "Temperature": 1.5526989199920502,
            "Precipitation_accumulated": 7.645606859459695,
            "Humidity": 2.749441999819301,
            "Wind_Speed_kmh": 0.40876067517350856,
            "Soil_Moisture": 233.2355336316875,
            "Soil_Temperature": 0.8199790667945529,
            "Wind_Dir_Sin": 0.26223654934512924,
            "Wind_Dir_Cos": 0.26672180776776766
        },
        "MAE": {
            "Temperature": 1.3764898362951343,
            "Precipitation_accumulated": 6.268896659631174,
            "Humidity": 2.0238768171757724,
            "Wind_Speed_kmh": 0.3048999540665982,
            "Soil_Moisture": 178.26611360053758,
            "Soil_Temperature": 0.616536508338044,
            "Wind_Dir_Sin": 0.16555378459919934,
            "Wind_Dir_Cos": 0.15851130325087417
        },
        "R2": {
            "Temperature": 0.29182505411292303,
            "Precipitation_accumulated": -60.5874203796406,
            "Humidity": 0.8837522895194693,
            "Wind_Speed_kmh": 0.5090175432263555,
            "Soil_Moisture": 0.9264851252586215,
            "Soil_Temperature": 0.8801958735867803,
            "Wind_Dir_Sin": 0.571856295896433,
            "Wind_Dir_Cos": 0.7522038804387645
        },
        "SMAPE": {
            "Temperature": 21.105351186778755,
            "Precipitation_accumulated": 1.371275039661286,
            "Humidity": 2.3662478578922856,
            "Wind_Speed_kmh": 173.48413640153404,
            "Soil_Moisture": 2.8816599802182017,
            "Soil_Temperature": 15.583596669362555,
            "Wind_Dir_Sin": 149.37480289864908,
            "Wind_Dir_Cos": 42.74561376829468
        }
    }
}