{
    "trial_number": 148,
    "input_chunk_length": 20,
    "output_chunk_length": 14,
    "num_blocks": 1,
    "hidden_size": 32,
    "ff_size": 85,
    "norm_type": "LayerNorm",
    "normalize_before": true,
    "activation": "ReLU",
    "dropout": 0.3,
    "batch_size": 17,
    "lr": 0.004610121777713739,
    "forecast_horizon": 2,
    "overall_smape_val": 50.36283055197399,
    "metrics": {
        "MSE": {
            "Temperature": 1.3932294252704862,
            "Precipitation_accumulated": 656.0490281825582,
            "Humidity": 15.044339081187012,
            "Wind_Speed_kmh": 0.1250775453802512,
            "Soil_Moisture": 36377.70592052605,
            "Soil_Temperature": 1.3345630295875623,
            "Wind_Dir_Sin": 0.07714906650146407,
            "Wind_Dir_Cos": 0.07024312151252804
        },
        "RMSE": {
            "Temperature": 1.1803513990632137,
            "Precipitation_accumulated": 25.613454046312423,
            "Humidity": 3.878703273155477,
            "Wind_Speed_kmh": 0.35366303931885673,
            "Soil_Moisture": 190.72940497082786,
            "Soil_Temperature": 1.1552328897618707,
            "Wind_Dir_Sin": 0.27775720782990326,
            "Wind_Dir_Cos": 0.265034189327581
        },
        "MAE": {
            "Temperature": 0.9042551843371679,
            "Precipitation_accumulated": 24.482800287613244,
            "Humidity": 3.009756064479256,
            "Wind_Speed_kmh": 0.19560413862969253,
            "Soil_Moisture": 85.09991957171675,
            "Soil_Temperature": 0.9386337313848397,
            "Wind_Dir_Sin": 0.17432895826757233,
            "Wind_Dir_Cos": 0.1364679825484553
        },
        "R2": {
            "Temperature": 0.5907499939930156,
            "Precipitation_accumulated": -690.2010433807086,
            "Humidity": 0.768650589961498,
            "Wind_Speed_kmh": 0.6324578861689156,
            "Soil_Moisture": 0.9508389560326108,
            "Soil_Temperature": 0.7622035671339784,
            "Wind_Dir_Sin": 0.5196765450853469,
            "Wind_Dir_Cos": 0.7553297014620663
        },
        "SMAPE": {
            "Temperature": 15.427799585308028,
            "Precipitation_accumulated": 5.178238173134855,
            "Humidity": 3.583595921737528,
            "Wind_Speed_kmh": 163.3369399294318,
            "Soil_Moisture": 1.3212583006380993,
            "Soil_Temperature": 22.039815281656438,
            "Wind_Dir_Sin": 153.10395731148085,
            "Wind_Dir_Cos": 38.911039912404476
        }
    }
}