{
    "trial_number": 190,
    "input_chunk_length": 26,
    "output_chunk_length": 23,
    "num_blocks": 1,
    "hidden_size": 32,
    "ff_size": 32,
    "norm_type": "LayerNorm",
    "normalize_before": true,
    "activation": "ReLU",
    "dropout": 0.3,
    "batch_size": 23,
    "lr": 0.003838075416944214,
    "forecast_horizon": 7,
    "overall_smape_val": 51.20735676553073,
    "metrics": {
        "MSE": {
            "Temperature": 1.1749093175592502,
            "Precipitation_accumulated": 89.1495652761689,
            "Humidity": 11.027936437890213,
            "Wind_Speed_kmh": 0.18179767897320076,
            "Soil_Moisture": 88315.6035080442,
            "Soil_Temperature": 1.3591990235915732,
            "Wind_Dir_Sin": 0.09884214326438676,
            "Wind_Dir_Cos": 0.10589715632077602
        },
        "RMSE": {
            "Temperature": 1.0839323399360543,
            "Precipitation_accumulated": 9.441904748310527,
            "Humidity": 3.32083369621097,
            "Wind_Speed_kmh": 0.4263773903166076,
            "Soil_Moisture": 297.17941299498557,
            "Soil_Temperature": 1.165846912588258,
            "Wind_Dir_Sin": 0.3143917035552732,
            "Wind_Dir_Cos": 0.3254184326690423
        },
        "MAE": {
            "Temperature": 0.8197929556436676,
            "Precipitation_accumulated": 8.161938745361066,
            "Humidity": 2.183371792583932,
            "Wind_Speed_kmh": 0.1813171984674568,
            "Soil_Moisture": 114.69407169101042,
            "Soil_Temperature": 0.7716860898157485,
            "Wind_Dir_Sin": 0.17872484526093427,
            "Wind_Dir_Cos": 0.18986698081242218
        },
        "R2": {
            "Temperature": 0.6541790898835225,
            "Precipitation_accumulated": -92.85017812267003,
            "Humidity": 0.8304932990675451,
            "Wind_Speed_kmh": 0.4676469722787562,
            "Soil_Moisture": 0.8810422639155593,
            "Soil_Temperature": 0.7574209844111319,
            "Wind_Dir_Sin": 0.3866490570941411,
            "Wind_Dir_Cos": 0.632173790756436
        },
        "SMAPE": {
            "Temperature": 14.193339359365513,
            "Precipitation_accumulated": 1.796978041290976,
            "Humidity": 2.5655853370127195,
            "Wind_Speed_kmh": 164.90314764319893,
            "Soil_Moisture": 1.780541285905008,
            "Soil_Temperature": 19.737710354388895,
            "Wind_Dir_Sin": 158.917363153011,
            "Wind_Dir_Cos": 45.764188950072466
        }
    }
}