{
    "trial_number": 2,
    "input_chunk_length": 106,
    "output_chunk_length": 35,
    "num_blocks": 2,
    "hidden_size": 128,
    "ff_size": 421,
    "norm_type": "TimeBatchNorm2d",
    "normalize_before": false,
    "activation": "ReLU",
    "dropout": 0.0,
    "batch_size": 29,
    "lr": 0.005023034309116217,
    "forecast_horizon": 2,
    "overall_smape_val": 56.03667292640324,
    "metrics": {
        "MSE": {
            "Temperature": 2.8837159297375106,
            "Precipitation_accumulated": 186.31409169901895,
            "Humidity": 27.311852802984454,
            "Wind_Speed_kmh": 0.1906356679476996,
            "Soil_Moisture": 85985.1377819409,
            "Soil_Temperature": 1.1787033385669008,
            "Wind_Dir_Sin": 0.11934911034828934,
            "Wind_Dir_Cos": 0.16655906623468414
        },
        "RMSE": {
            "Temperature": 1.6981507382260006,
            "Precipitation_accumulated": 13.6496920001522,
            "Humidity": 5.226074320461244,
            "Wind_Speed_kmh": 0.4366184466415724,
            "Soil_Moisture": 293.23222500595136,
            "Soil_Temperature": 1.085681048267354,
            "Wind_Dir_Sin": 0.3454694058064901,
            "Wind_Dir_Cos": 0.4081164861098901
        },
        "MAE": {
            "Temperature": 1.4221930267869274,
            "Precipitation_accumulated": 9.939434026933581,
            "Humidity": 4.273971751643643,
            "Wind_Speed_kmh": 0.25822188019717557,
            "Soil_Moisture": 154.48052445043677,
            "Soil_Temperature": 0.7788001657203344,
            "Wind_Dir_Sin": 0.2417417240194731,
            "Wind_Dir_Cos": 0.3545748468241313
        },
        "R2": {
            "Temperature": 0.15293149845841636,
            "Precipitation_accumulated": -195.29705867509531,
            "Humidity": 0.5800027506073522,
            "Wind_Speed_kmh": 0.4398144274730771,
            "Soil_Moisture": 0.8837991832614474,
            "Soil_Temperature": 0.7899751131236554,
            "Wind_Dir_Sin": 0.2569427003709419,
            "Wind_Dir_Cos": 0.4198427464165101
        },
        "SMAPE": {
            "Temperature": 22.548335137359178,
            "Precipitation_accumulated": 2.1437416290865285,
            "Humidity": 5.108729370335762,
            "Wind_Speed_kmh": 171.98171377021947,
            "Soil_Moisture": 2.4049239555549353,
            "Soil_Temperature": 19.407252432906787,
            "Wind_Dir_Sin": 161.4990999647387,
            "Wind_Dir_Cos": 63.19958715102462
        }
    }
}