{
    "trial_number": 270,
    "input_chunk_length": 75,
    "output_chunk_length": 13,
    "num_blocks": 1,
    "hidden_size": 32,
    "ff_size": 56,
    "norm_type": "LayerNormNoBias",
    "normalize_before": true,
    "activation": "ReLU",
    "dropout": 0.3,
    "batch_size": 25,
    "lr": 0.005705220637447832,
    "forecast_horizon": 1,
    "overall_smape_val": 47.97446298211429,
    "metrics": {
        "MSE": {
            "Temperature": 0.5220658451182911,
            "Precipitation_accumulated": 50.58882105334183,
            "Humidity": 3.6388904113794025,
            "Wind_Speed_kmh": 0.10429559743347169,
            "Soil_Moisture": 16704.025768139305,
            "Soil_Temperature": 0.7256414886258354,
            "Wind_Dir_Sin": 0.05540284369627429,
            "Wind_Dir_Cos": 0.061021528333495105
        },
        "RMSE": {
            "Temperature": 0.7225412411193504,
            "Precipitation_accumulated": 7.1125818837706065,
            "Humidity": 1.9075875894383991,
            "Wind_Speed_kmh": 0.322948289101323,
            "Soil_Moisture": 129.24405505917596,
            "Soil_Temperature": 0.8518459300987682,
            "Wind_Dir_Sin": 0.23537808669516005,
            "Wind_Dir_Cos": 0.24702535969712727
        },
        "MAE": {
            "Temperature": 0.45171844613438683,
            "Precipitation_accumulated": 5.550884878326217,
            "Humidity": 1.372097839531144,
            "Wind_Speed_kmh": 0.1910446105569353,
            "Soil_Moisture": 70.96897408564584,
            "Soil_Temperature": 0.7122467818539899,
            "Wind_Dir_Sin": 0.12821730566326603,
            "Wind_Dir_Cos": 0.1254413648795306
        },
        "R2": {
            "Temperature": 0.8466473314621372,
            "Precipitation_accumulated": -52.2994401231543,
            "Humidity": 0.9440417325530686,
            "Wind_Speed_kmh": 0.6935259304343009,
            "Soil_Moisture": 0.9774260821445439,
            "Soil_Temperature": 0.87070302884972,
            "Wind_Dir_Sin": 0.6550666585734259,
            "Wind_Dir_Cos": 0.7874502836276376
        },
        "SMAPE": {
            "Temperature": 7.730141604631075,
            "Precipitation_accumulated": 1.1983564771470339,
            "Humidity": 1.6334540749093336,
            "Wind_Speed_kmh": 167.0133338411871,
            "Soil_Moisture": 1.1537817307114646,
            "Soil_Temperature": 20.6550020092212,
            "Wind_Dir_Sin": 145.2702097756091,
            "Wind_Dir_Cos": 39.14142434349792
        }
    }
}