{
    "trial_number": 298,
    "input_chunk_length": 84,
    "output_chunk_length": 15,
    "num_blocks": 1,
    "hidden_size": 32,
    "ff_size": 58,
    "norm_type": "LayerNorm",
    "normalize_before": true,
    "activation": "ReLU",
    "dropout": 0.3,
    "batch_size": 27,
    "lr": 0.005486617057145352,
    "forecast_horizon": 2,
    "overall_smape_val": 49.02237234899857,
    "metrics": {
        "MSE": {
            "Temperature": 0.7961974693830532,
            "Precipitation_accumulated": 110.19728687462917,
            "Humidity": 8.59932895294857,
            "Wind_Speed_kmh": 0.12529289141751543,
            "Soil_Moisture": 40845.9264434765,
            "Soil_Temperature": 0.9888239296834909,
            "Wind_Dir_Sin": 0.0713057172701884,
            "Wind_Dir_Cos": 0.07130193476336363
        },
        "RMSE": {
            "Temperature": 0.892298979817333,
            "Precipitation_accumulated": 10.497489551060728,
            "Humidity": 2.9324612449184335,
            "Wind_Speed_kmh": 0.3539673592543745,
            "Soil_Moisture": 202.10375168085451,
            "Soil_Temperature": 0.9943962639126772,
            "Wind_Dir_Sin": 0.2670313039143321,
            "Wind_Dir_Cos": 0.26702422130466674
        },
        "MAE": {
            "Temperature": 0.6487136866614577,
            "Precipitation_accumulated": 8.602225612682119,
            "Humidity": 2.2240186208036516,
            "Wind_Speed_kmh": 0.16435488612790172,
            "Soil_Moisture": 117.66500384836483,
            "Soil_Temperature": 0.7681070883316121,
            "Wind_Dir_Sin": 0.14000046289961096,
            "Wind_Dir_Cos": 0.1377048599371927
        },
        "R2": {
            "Temperature": 0.7661233582799905,
            "Precipitation_accumulated": -115.10181006818227,
            "Humidity": 0.8677609119778833,
            "Wind_Speed_kmh": 0.6318250888310672,
            "Soil_Moisture": 0.944800576755351,
            "Soil_Temperature": 0.8238083942097782,
            "Wind_Dir_Sin": 0.5560567349997115,
            "Wind_Dir_Cos": 0.7516416513213611
        },
        "SMAPE": {
            "Temperature": 10.640804478791669,
            "Precipitation_accumulated": 1.8497361550093017,
            "Humidity": 2.645252386491028,
            "Wind_Speed_kmh": 159.38265629548272,
            "Soil_Moisture": 1.8936501303136832,
            "Soil_Temperature": 21.52198000129189,
            "Wind_Dir_Sin": 152.9947535198997,
            "Wind_Dir_Cos": 41.250145824708795
        }
    }
}