{
    "trial_number": 125,
    "input_chunk_length": 80,
    "output_chunk_length": 18,
    "num_blocks": 1,
    "hidden_size": 32,
    "ff_size": 98,
    "norm_type": "LayerNorm",
    "normalize_before": true,
    "activation": "ReLU",
    "dropout": 0.3,
    "batch_size": 17,
    "lr": 0.0017859303200551781,
    "forecast_horizon": 3,
    "overall_smape_val": 49.846200900610526,
    "metrics": {
        "MSE": {
            "Temperature": 0.973821981056106,
            "Precipitation_accumulated": 96.1590485104143,
            "Humidity": 6.4196122511136995,
            "Wind_Speed_kmh": 0.14126486960743584,
            "Soil_Moisture": 42666.888671024455,
            "Soil_Temperature": 1.3591780884732851,
            "Wind_Dir_Sin": 0.0783288794257999,
            "Wind_Dir_Cos": 0.0778515763135229
        },
        "RMSE": {
            "Temperature": 0.9868241895373795,
            "Precipitation_accumulated": 9.80607202249781,
            "Humidity": 2.5336953745692674,
            "Wind_Speed_kmh": 0.3758521911701937,
            "Soil_Moisture": 206.55964918401767,
            "Soil_Temperature": 1.1658379340514209,
            "Wind_Dir_Sin": 0.2798729701593205,
            "Wind_Dir_Cos": 0.27901895332310833
        },
        "MAE": {
            "Temperature": 0.7076506666276778,
            "Precipitation_accumulated": 8.306897337037176,
            "Humidity": 1.7087330805945102,
            "Wind_Speed_kmh": 0.15622450844619706,
            "Soil_Moisture": 95.96596973764697,
            "Soil_Temperature": 1.0005714261612269,
            "Wind_Dir_Sin": 0.15229944322969538,
            "Wind_Dir_Cos": 0.14867994024563375
        },
        "R2": {
            "Temperature": 0.713810903039068,
            "Precipitation_accumulated": -100.29481596762729,
            "Humidity": 0.9012820791796323,
            "Wind_Speed_kmh": 0.5851805827777301,
            "Soil_Moisture": 0.9423771410765687,
            "Soil_Temperature": 0.7577383014286488,
            "Wind_Dir_Sin": 0.5126531644453843,
            "Wind_Dir_Cos": 0.728980054156599
        },
        "SMAPE": {
            "Temperature": 12.116689316294206,
            "Precipitation_accumulated": 1.786061391757069,
            "Humidity": 2.0260047284510345,
            "Wind_Speed_kmh": 159.0903599324089,
            "Soil_Moisture": 1.495172663569151,
            "Soil_Temperature": 25.664745022686247,
            "Wind_Dir_Sin": 154.52526464615107,
            "Wind_Dir_Cos": 42.06530950356624
        }
    }
}