{
    "trial_number": 10,
    "input_chunk_length": 27,
    "num_blocks": 4,
    "hidden_size": 128,
    "ff_size": 430,
    "norm_type": "TimeBatchNorm2d",
    "normalize_before": true,
    "activation": "GELU",
    "dropout": 0.2,
    "batch_size": 26,
    "lr": 0.0039833619806514285,
    "overall_smape_val": 47.191054441318656,
    "metrics": {
        "MSE": {
            "Temperature": 1.7524729915744128,
            "Precipitation_accumulated": 24.379859370670573,
            "Humidity": 5.383507397069136,
            "Wind_Speed_kmh": 0.08564261097085564,
            "Soil_Moisture": 28373.698377552733,
            "Soil_Temperature": 0.6630975190325814,
            "Wind_Dir_Sin": 0.0468063686636243,
            "Wind_Dir_Cos": 0.04408683587522485
        },
        "RMSE": {
            "Temperature": 1.3238100285065122,
            "Precipitation_accumulated": 4.937596517605562,
            "Humidity": 2.3202386508868296,
            "Wind_Speed_kmh": 0.2926475883564661,
            "Soil_Moisture": 168.4449416799232,
            "Soil_Temperature": 0.8143080001035121,
            "Wind_Dir_Sin": 0.21634779560611267,
            "Wind_Dir_Cos": 0.20996865450639257
        },
        "MAE": {
            "Temperature": 1.1427341526393384,
            "Precipitation_accumulated": 3.72159192063666,
            "Humidity": 1.7555645216082796,
            "Wind_Speed_kmh": 0.15813408704188103,
            "Soil_Moisture": 126.79313772431884,
            "Soil_Temperature": 0.6574213089900552,
            "Wind_Dir_Sin": 0.10634090270153132,
            "Wind_Dir_Cos": 0.09796706867759435
        },
        "R2": {
            "Temperature": 0.485225068233348,
            "Precipitation_accumulated": -24.686165988486493,
            "Humidity": 0.9172132950787236,
            "Wind_Speed_kmh": 0.748337991647128,
            "Soil_Moisture": 0.9616556185125118,
            "Soil_Temperature": 0.8818473004478572,
            "Wind_Dir_Sin": 0.7085875730188604,
            "Wind_Dir_Cos": 0.8464370736533925
        },
        "SMAPE": {
            "Temperature": 20.377595789204246,
            "Precipitation_accumulated": 0.8135510495912756,
            "Humidity": 2.0731026179107457,
            "Wind_Speed_kmh": 164.30735145320685,
            "Soil_Moisture": 2.084717108679752,
            "Soil_Temperature": 17.455790809999623,
            "Wind_Dir_Sin": 143.83276678691666,
            "Wind_Dir_Cos": 26.58355991504016
        }
    }
}