{
    "trial_number": 222,
    "input_chunk_length": 78,
    "output_chunk_length": 13,
    "num_blocks": 1,
    "hidden_size": 32,
    "ff_size": 61,
    "norm_type": "LayerNorm",
    "normalize_before": true,
    "activation": "ReLU",
    "dropout": 0.3,
    "batch_size": 22,
    "lr": 0.0036803761858357742,
    "forecast_horizon": 1,
    "overall_smape_val": 47.9896800056673,
    "metrics": {
        "MSE": {
            "Temperature": 0.5607601349317969,
            "Precipitation_accumulated": 58.395777383999615,
            "Humidity": 6.137019220698959,
            "Wind_Speed_kmh": 0.10290867550743522,
            "Soil_Moisture": 19968.645815311862,
            "Soil_Temperature": 0.9636454732265248,
            "Wind_Dir_Sin": 0.0535439150273718,
            "Wind_Dir_Cos": 0.05739474882229588
        },
        "RMSE": {
            "Temperature": 0.7488391916371611,
            "Precipitation_accumulated": 7.6417129875440635,
            "Humidity": 2.4773007933432223,
            "Wind_Speed_kmh": 0.32079382086853736,
            "Soil_Moisture": 141.31045897353764,
            "Soil_Temperature": 0.9816544571418829,
            "Wind_Dir_Sin": 0.2313955812615526,
            "Wind_Dir_Cos": 0.23957201176743473
        },
        "MAE": {
            "Temperature": 0.5255209352705148,
            "Precipitation_accumulated": 6.269564564155134,
            "Humidity": 1.9202251150061147,
            "Wind_Speed_kmh": 0.19785506283128393,
            "Soil_Moisture": 81.60284353180472,
            "Soil_Temperature": 0.5984870940181612,
            "Wind_Dir_Sin": 0.12868369534905566,
            "Wind_Dir_Cos": 0.1267009737307403
        },
        "R2": {
            "Temperature": 0.8352811931568549,
            "Precipitation_accumulated": -60.52470398236193,
            "Humidity": 0.9056259122822411,
            "Wind_Speed_kmh": 0.697601419882582,
            "Soil_Moisture": 0.973014255570694,
            "Soil_Temperature": 0.8282947669009124,
            "Wind_Dir_Sin": 0.666640188639019,
            "Wind_Dir_Cos": 0.8000830540203673
        },
        "SMAPE": {
            "Temperature": 9.007285483551405,
            "Precipitation_accumulated": 1.3572284985661485,
            "Humidity": 2.2898639364638393,
            "Wind_Speed_kmh": 169.21453394727146,
            "Soil_Moisture": 1.3010701350617626,
            "Soil_Temperature": 16.620037200293485,
            "Wind_Dir_Sin": 145.1064564038289,
            "Wind_Dir_Cos": 39.02096444030168
        }
    }
}