{
    "trial_number": 53,
    "input_chunk_length": 29,
    "output_chunk_length": 7,
    "hidden_size": 32,
    "num_blocks": 1,
    "ff_size": 35,
    "norm_type": "LayerNorm",
    "normalize_before": true,
    "activation": "ReLU",
    "dropout": 0.4289643833254515,
    "batch_size": 156,
    "lr": 0.0031993742604830284,
    "loss_function": "huber",
    "optimizer": "AdamW",
    "overall_mae_val": 0.11645918035947536,
    "metrics": {
        "MSE": {
            "Temperature": 6.559205020543904,
            "Precipitation_accumulated": 72.26016276090432,
            "Humidity": 65.18147163774194,
            "Wind_Speed_kmh": 1.2929111509825588,
            "Soil_Moisture": 27365.875237840613,
            "Soil_Temperature": 5.8666553460552375,
            "Wind_Dir_Sin": 0.60944370784736,
            "Wind_Dir_Cos": 0.39657807816751744
        },
        "RMSE": {
            "Temperature": 2.5610944966056803,
            "Precipitation_accumulated": 8.500597788444312,
            "Humidity": 8.073504297251716,
            "Wind_Speed_kmh": 1.1370625097076057,
            "Soil_Moisture": 165.42634384474746,
            "Soil_Temperature": 2.4221179463550566,
            "Wind_Dir_Sin": 0.7806687568023714,
            "Wind_Dir_Cos": 0.6297444546540425
        },
        "MAE": {
            "Temperature": 2.0040619733795544,
            "Precipitation_accumulated": 7.1318176386257885,
            "Humidity": 6.100281993565868,
            "Wind_Speed_kmh": 0.9033977476121713,
            "Soil_Moisture": 131.6790453507912,
            "Soil_Temperature": 1.935054323685246,
            "Wind_Dir_Sin": 0.6787901482083959,
            "Wind_Dir_Cos": 0.5290894739850697
        },
        "R2": {
            "Temperature": 0.7851343574091533,
            "Precipitation_accumulated": -20.250500067317063,
            "Humidity": 0.5557592740269611,
            "Wind_Speed_kmh": 0.04032104333021458,
            "Soil_Moisture": 0.5095365692548157,
            "Soil_Temperature": 0.6358634052376431,
            "Wind_Dir_Sin": -0.10678898756057187,
            "Wind_Dir_Cos": -0.08129596270480999
        },
        "SMAPE": {
            "Temperature": 32.37104133765949,
            "Precipitation_accumulated": 1.5190751458941631,
            "Humidity": 7.264095533708291,
            "Wind_Speed_kmh": 73.61559160848202,
            "Soil_Moisture": 1.5316870101908848,
            "Soil_Temperature": 36.298335544584695,
            "Wind_Dir_Sin": 141.2181901273724,
            "Wind_Dir_Cos": 129.91179557212917
        }
    }
}