{
    "trial_number": 54,
    "input_chunk_length": 50,
    "output_chunk_length": 7,
    "hidden_size": 32,
    "num_blocks": 1,
    "ff_size": 36,
    "norm_type": "LayerNorm",
    "normalize_before": true,
    "activation": "ReLU",
    "dropout": 0.4335085842043475,
    "batch_size": 155,
    "lr": 0.003578320027640315,
    "loss_function": "huber",
    "optimizer": "AdamW",
    "overall_mae_val": 0.11318917956519378,
    "metrics": {
        "MSE": {
            "Temperature": 7.036910031022869,
            "Precipitation_accumulated": 14.741151319240581,
            "Humidity": 69.2103472973874,
            "Wind_Speed_kmh": 1.3452760865487763,
            "Soil_Moisture": 15977.335442608883,
            "Soil_Temperature": 5.256915008283601,
            "Wind_Dir_Sin": 0.5767108016448946,
            "Wind_Dir_Cos": 0.3914240908232423
        },
        "RMSE": {
            "Temperature": 2.65271748043829,
            "Precipitation_accumulated": 3.8394207009965164,
            "Humidity": 8.319275647397879,
            "Wind_Speed_kmh": 1.1598603737298625,
            "Soil_Moisture": 126.40148512817753,
            "Soil_Temperature": 2.292796329437833,
            "Wind_Dir_Sin": 0.7594147757615035,
            "Wind_Dir_Cos": 0.6256389460569429
        },
        "MAE": {
            "Temperature": 2.116882611477561,
            "Precipitation_accumulated": 3.0175213408595756,
            "Humidity": 6.349078995452582,
            "Wind_Speed_kmh": 0.9049969809335356,
            "Soil_Moisture": 94.32312102930582,
            "Soil_Temperature": 1.805676375266156,
            "Wind_Dir_Sin": 0.65357896970576,
            "Wind_Dir_Cos": 0.5293723347411855
        },
        "R2": {
            "Temperature": 0.7687450393600257,
            "Precipitation_accumulated": -3.485779833136114,
            "Humidity": 0.5276550185834437,
            "Wind_Speed_kmh": -0.0002931676620332446,
            "Soil_Moisture": 0.6883743573774914,
            "Soil_Temperature": 0.6722722510656303,
            "Wind_Dir_Sin": -0.04648441554408733,
            "Wind_Dir_Cos": -0.06646741240505194
        },
        "SMAPE": {
            "Temperature": 34.01290604683961,
            "Precipitation_accumulated": 0.6492524213138743,
            "Humidity": 7.529896661168623,
            "Wind_Speed_kmh": 73.37211013856994,
            "Soil_Moisture": 1.1018478670486738,
            "Soil_Temperature": 33.10440355619845,
            "Wind_Dir_Sin": 135.2527040412502,
            "Wind_Dir_Cos": 132.81950584669661
        }
    }
}