{
    "trial_number": 2,
    "fold_smape": [
        132.75598917690715,
        52.67945809357365,
        59.848928625616466
    ],
    "mean_smape": 81.76145863203243,
    "hyperparameters": {
        "input_chunk_length": 96,
        "hidden_size": 80,
        "dropout": 0.45000000000000007,
        "batch_size": 160,
        "lr": 0.00037817319239292043,
        "weight_decay": 0.003766047700612206,
        "ff_size": 177,
        "num_blocks": 4,
        "activation": "GELU",
        "norm_type": "LayerNormNoBias",
        "normalize_before": false
    },
    "metrics_per_fold": [
        {
            "Temperature": {
                "MSE": 108.87014504015627,
                "RMSE": 10.434085730918463,
                "MAE": 9.426372706546799,
                "R2": -4.511619616830485,
                "SMAPE": 84.23460167624668,
                "WAPE": 59.16111492342712
            },
            "Precipitation_accumulated": {
                "MSE": 179147.55600588833,
                "RMSE": 423.2582615920076,
                "MAE": 402.75092479475666,
                "R2": -9.299242217454566,
                "SMAPE": 174.44709920630697,
                "WAPE": 97.22070676257934
            },
            "Humidity": {
                "MSE": 2814.458528394591,
                "RMSE": 53.05147055826625,
                "MAE": 50.268309913552564,
                "R2": -36.716761193312294,
                "SMAPE": 86.09738585172848,
                "WAPE": 59.370799985286425
            },
            "Wind_Speed_kmh": {
                "MSE": 5.231988024093691,
                "RMSE": 2.2873539350292273,
                "MAE": 2.237323968422948,
                "R2": -31.257109084611464,
                "SMAPE": 196.77873604292608,
                "WAPE": 1293.5793838715085
            },
            "Soil_Moisture": {
                "MSE": 186782.4629944813,
                "RMSE": 432.1833673274358,
                "MAE": 280.69197744131577,
                "R2": 0.7517822974230388,
                "SMAPE": 4.091850167928613,
                "WAPE": 4.15603395969535
            },
            "Soil_Temperature": {
                "MSE": 198.25138655325262,
                "RMSE": 14.080177078192326,
                "MAE": 13.057439720497108,
                "R2": -8.775038365686909,
                "SMAPE": 151.303713238742,
                "WAPE": 83.22739671286915
            },
            "Wind_Dir_Sin": {
                "MSE": 1.1869837018981122,
                "RMSE": 1.089487816314672,
                "MAE": 1.035035373692411,
                "R2": -10.53334933147388,
                "SMAPE": 187.87454161030465,
                "WAPE": 786.070345925036
            },
            "Wind_Dir_Cos": {
                "MSE": 2.0902160575407813,
                "RMSE": 1.445757952611979,
                "MAE": 1.3625582214176737,
                "R2": -4.65764899625589,
                "SMAPE": 177.21998562107373,
                "WAPE": 147.37609282573814
            }
        },
        {
            "Temperature": {
                "MSE": 1.0215295167434975,
                "RMSE": 1.010707433802432,
                "MAE": 0.7868077086550264,
                "R2": 0.6129669581276452,
                "SMAPE": 10.189854635457008,
                "WAPE": 9.492520667658518
            },
            "Precipitation_accumulated": {
                "MSE": 13.72885537692883,
                "RMSE": 3.705247006196595,
                "MAE": 2.810348621763304,
                "R2": -58.05504238559486,
                "SMAPE": 0.6096644280868788,
                "WAPE": 0.6127536095276157
            },
            "Humidity": {
                "MSE": 32.7488699392141,
                "RMSE": 5.722662836408773,
                "MAE": 4.2535360929795925,
                "R2": 0.12769878730526163,
                "SMAPE": 4.949839021596967,
                "WAPE": 4.865143997724769
            },
            "Wind_Speed_kmh": {
                "MSE": 0.0038365907682192586,
                "RMSE": 0.06194021931039039,
                "MAE": 0.05530624424686051,
                "R2": -2.5800493745401014,
                "SMAPE": 194.47142017782886,
                "WAPE": 657.6299984973281
            },
            "Soil_Moisture": {
                "MSE": 17207.14350027276,
                "RMSE": 131.17600199835624,
                "MAE": 101.12761261553875,
                "R2": 0.4700370695065025,
                "SMAPE": 1.728992310601615,
                "WAPE": 1.7272632607941059
            },
            "Soil_Temperature": {
                "MSE": 0.2881862465472742,
                "RMSE": 0.536829811529943,
                "MAE": 0.44075109063655765,
                "R2": 0.8328657591681691,
                "SMAPE": 5.410564937067938,
                "WAPE": 4.939243437263594
            },
            "Wind_Dir_Sin": {
                "MSE": 0.026730814820339153,
                "RMSE": 0.16349561101246465,
                "MAE": 0.05713366285746402,
                "R2": 0.13012482455689078,
                "SMAPE": 192.50308552966467,
                "WAPE": 142.67803093219328
            },
            "Wind_Dir_Cos": {
                "MSE": 0.04903982124070082,
                "RMSE": 0.22144936495890166,
                "MAE": 0.0805272455786611,
                "R2": -0.05679833180948046,
                "SMAPE": 11.572243708285038,
                "WAPE": 8.274856506965138
            }
        },
        {
            "Temperature": {
                "MSE": 12.152117541460033,
                "RMSE": 3.485988746605478,
                "MAE": 2.8033503165647233,
                "R2": 0.5691667824046722,
                "SMAPE": 41.87304434851126,
                "WAPE": 33.86379013204687
            },
            "Precipitation_accumulated": {
                "MSE": 57.91640373527816,
                "RMSE": 7.610282763161837,
                "MAE": 6.061260024497658,
                "R2": -11.509575849712023,
                "SMAPE": 1.3131786224271564,
                "WAPE": 1.3066380372828699
            },
            "Humidity": {
                "MSE": 97.82032338937745,
                "RMSE": 9.890415733900038,
                "MAE": 7.85004621099684,
                "R2": 0.31678926446359257,
                "SMAPE": 9.250423511795091,
                "WAPE": 8.979716102922213
            },
            "Wind_Speed_kmh": {
                "MSE": 1.7479531824095795,
                "RMSE": 1.322101804858302,
                "MAE": 0.972508891237246,
                "R2": -0.25509489594906953,
                "SMAPE": 98.10320573253655,
                "WAPE": 70.5959477006825
            },
            "Soil_Moisture": {
                "MSE": 365133.05586102256,
                "RMSE": 604.2624064601591,
                "MAE": 464.9835207955672,
                "R2": 0.36531283658231906,
                "SMAPE": 5.747500903600371,
                "WAPE": 5.56830193517535
            },
            "Soil_Temperature": {
                "MSE": 7.092557898288065,
                "RMSE": 2.6631856672579297,
                "MAE": 2.171730692727871,
                "R2": 0.5785928908117145,
                "SMAPE": 38.32405328766744,
                "WAPE": 31.30044401794456
            },
            "Wind_Dir_Sin": {
                "MSE": 0.5777685839358339,
                "RMSE": 0.7601109023924297,
                "MAE": 0.6493439682078018,
                "R2": -0.08746002185094315,
                "SMAPE": 129.94764602065663,
                "WAPE": 94.00571360620732
            },
            "Wind_Dir_Cos": {
                "MSE": 0.5792877897474608,
                "RMSE": 0.761109578015847,
                "MAE": 0.6460396081504614,
                "R2": -0.42439244594520886,
                "SMAPE": 154.2323765777373,
                "WAPE": 111.8978400181962
            }
        }
    ]
}