{
    "trial_number": 293,
    "input_chunk_length": 81,
    "output_chunk_length": 14,
    "num_blocks": 1,
    "hidden_size": 32,
    "ff_size": 65,
    "norm_type": "LayerNorm",
    "normalize_before": true,
    "activation": "ReLU",
    "dropout": 0.3,
    "batch_size": 25,
    "lr": 0.006769489741401055,
    "forecast_horizon": 1,
    "overall_smape_val": 48.38390112712661,
    "metrics": {
        "MSE": {
            "Temperature": 1.1589506502779896,
            "Precipitation_accumulated": 1285.5428245801806,
            "Humidity": 5.951581047641578,
            "Wind_Speed_kmh": 0.08491002309851262,
            "Soil_Moisture": 27719.277922414294,
            "Soil_Temperature": 0.44194860460300905,
            "Wind_Dir_Sin": 0.06745482007273196,
            "Wind_Dir_Cos": 0.06577040683462412
        },
        "RMSE": {
            "Temperature": 1.0765457028282588,
            "Precipitation_accumulated": 35.854467289030815,
            "Humidity": 2.4395862451738775,
            "Wind_Speed_kmh": 0.2913932447715846,
            "Soil_Moisture": 166.4910746028576,
            "Soil_Temperature": 0.6647921514300609,
            "Wind_Dir_Sin": 0.25972065777048225,
            "Wind_Dir_Cos": 0.2564574171955729
        },
        "MAE": {
            "Temperature": 0.7914004233617364,
            "Precipitation_accumulated": 34.90916010602483,
            "Humidity": 1.9072907384825086,
            "Wind_Speed_kmh": 0.12026231691207849,
            "Soil_Moisture": 86.21843296618106,
            "Soil_Temperature": 0.5334937958502707,
            "Wind_Dir_Sin": 0.1518361798441252,
            "Wind_Dir_Cos": 0.14235558670150672
        },
        "R2": {
            "Temperature": 0.6595675112905519,
            "Precipitation_accumulated": -1353.4239888930113,
            "Humidity": 0.9084775504767757,
            "Wind_Speed_kmh": 0.7504907113407342,
            "Soil_Moisture": 0.9625400061327346,
            "Soil_Temperature": 0.9212522755727843,
            "Wind_Dir_Sin": 0.580032089858585,
            "Wind_Dir_Cos": 0.7709090266963895
        },
        "SMAPE": {
            "Temperature": 13.256385384846833,
            "Precipitation_accumulated": 7.3033704342777375,
            "Humidity": 2.2923822459094905,
            "Wind_Speed_kmh": 157.36725404894298,
            "Soil_Moisture": 1.2761459743866734,
            "Soil_Temperature": 15.866175912368643,
            "Wind_Dir_Sin": 149.16170997571552,
            "Wind_Dir_Cos": 40.547785040565
        }
    }
}