{
    "trial_number": 151,
    "input_chunk_length": 20,
    "output_chunk_length": 16,
    "num_blocks": 1,
    "hidden_size": 32,
    "ff_size": 85,
    "norm_type": "LayerNorm",
    "normalize_before": true,
    "activation": "ReLU",
    "dropout": 0.3,
    "batch_size": 17,
    "lr": 0.004496152898866929,
    "forecast_horizon": 2,
    "overall_smape_val": 51.9571014140274,
    "metrics": {
        "MSE": {
            "Temperature": 1.021537204207458,
            "Precipitation_accumulated": 236.39097911315918,
            "Humidity": 12.843753785251137,
            "Wind_Speed_kmh": 0.17177738555923316,
            "Soil_Moisture": 29869.22472402804,
            "Soil_Temperature": 1.0976740435709846,
            "Wind_Dir_Sin": 0.08429615053774148,
            "Wind_Dir_Cos": 0.08907667330519266
        },
        "RMSE": {
            "Temperature": 1.0107112368067637,
            "Precipitation_accumulated": 15.375011515870783,
            "Humidity": 3.583818324811002,
            "Wind_Speed_kmh": 0.4144603546290443,
            "Soil_Moisture": 172.82715273945828,
            "Soil_Temperature": 1.0476994051592206,
            "Wind_Dir_Sin": 0.29033799361733814,
            "Wind_Dir_Cos": 0.2984571548902667
        },
        "MAE": {
            "Temperature": 0.6760159718997892,
            "Precipitation_accumulated": 14.387844939867614,
            "Humidity": 2.6814858578378873,
            "Wind_Speed_kmh": 0.294084221310747,
            "Soil_Moisture": 82.59071717380301,
            "Soil_Temperature": 0.8431104581261399,
            "Wind_Dir_Sin": 0.19606834852825364,
            "Wind_Dir_Cos": 0.21226806143681656
        },
        "R2": {
            "Temperature": 0.6999316125719238,
            "Precipitation_accumulated": -248.05713504591228,
            "Humidity": 0.8024908342691263,
            "Wind_Speed_kmh": 0.4952297536310115,
            "Soil_Moisture": 0.9596345554846759,
            "Soil_Temperature": 0.8044131552996268,
            "Wind_Dir_Sin": 0.4751794143675697,
            "Wind_Dir_Cos": 0.6897288192629598
        },
        "SMAPE": {
            "Temperature": 11.761399294888609,
            "Precipitation_accumulated": 3.1882073547283434,
            "Humidity": 3.150064971292752,
            "Wind_Speed_kmh": 173.80042636319695,
            "Soil_Moisture": 1.3213222737137538,
            "Soil_Temperature": 19.992169173897846,
            "Wind_Dir_Sin": 152.93335975930862,
            "Wind_Dir_Cos": 49.50986212119233
        }
    }
}