{
    "trial_number": 287,
    "input_chunk_length": 78,
    "output_chunk_length": 14,
    "num_blocks": 1,
    "hidden_size": 32,
    "ff_size": 60,
    "norm_type": "LayerNormNoBias",
    "normalize_before": true,
    "activation": "ReLU",
    "dropout": 0.3,
    "batch_size": 28,
    "lr": 0.003661608529919353,
    "forecast_horizon": 2,
    "overall_smape_val": 50.936798027282094,
    "metrics": {
        "MSE": {
            "Temperature": 1.3727192456962276,
            "Precipitation_accumulated": 21.056139369396682,
            "Humidity": 15.360040404191897,
            "Wind_Speed_kmh": 0.14226948009697943,
            "Soil_Moisture": 49726.73151498587,
            "Soil_Temperature": 0.4229259100918184,
            "Wind_Dir_Sin": 0.07607846502501904,
            "Wind_Dir_Cos": 0.08512729648819413
        },
        "RMSE": {
            "Temperature": 1.1716310194324098,
            "Precipitation_accumulated": 4.588696914091917,
            "Humidity": 3.9191887431191543,
            "Wind_Speed_kmh": 0.37718626711079956,
            "Soil_Moisture": 222.99491365272408,
            "Soil_Temperature": 0.6503275406222763,
            "Wind_Dir_Sin": 0.2758232496092725,
            "Wind_Dir_Cos": 0.29176582474339613
        },
        "MAE": {
            "Temperature": 0.899071204855003,
            "Precipitation_accumulated": 3.529065863748757,
            "Humidity": 3.260541189950168,
            "Wind_Speed_kmh": 0.1718729810621998,
            "Soil_Moisture": 129.03679772036128,
            "Soil_Temperature": 0.49956886748575735,
            "Wind_Dir_Sin": 0.160066934273273,
            "Wind_Dir_Cos": 0.2058296138347883
        },
        "R2": {
            "Temperature": 0.5967746952817787,
            "Precipitation_accumulated": -21.18435646801486,
            "Humidity": 0.7637957861425062,
            "Wind_Speed_kmh": 0.5819391459152397,
            "Soil_Moisture": 0.9327990049811413,
            "Soil_Temperature": 0.924641796185879,
            "Wind_Dir_Sin": 0.5263420178295056,
            "Wind_Dir_Cos": 0.7034852581006257
        },
        "SMAPE": {
            "Temperature": 14.670247090867344,
            "Precipitation_accumulated": 0.7671320097100749,
            "Humidity": 3.942284144678812,
            "Wind_Speed_kmh": 166.44587906524774,
            "Soil_Moisture": 2.0479165345000148,
            "Soil_Temperature": 15.951309077863511,
            "Wind_Dir_Sin": 154.74940695820527,
            "Wind_Dir_Cos": 48.92020933718423
        }
    }
}