{
    "trial_number": 269,
    "input_chunk_length": 81,
    "output_chunk_length": 12,
    "num_blocks": 1,
    "hidden_size": 64,
    "ff_size": 72,
    "norm_type": "LayerNorm",
    "normalize_before": true,
    "activation": "ReLU",
    "dropout": 0.3,
    "batch_size": 28,
    "lr": 0.004330700403592642,
    "forecast_horizon": 1,
    "overall_smape_val": 50.034459264180526,
    "metrics": {
        "MSE": {
            "Temperature": 0.7477819642548555,
            "Precipitation_accumulated": 129.90909341347086,
            "Humidity": 13.233802979042618,
            "Wind_Speed_kmh": 0.10316810156119151,
            "Soil_Moisture": 87819.49977024333,
            "Soil_Temperature": 0.6786162417653049,
            "Wind_Dir_Sin": 0.0628412942618984,
            "Wind_Dir_Cos": 0.06761757076137014
        },
        "RMSE": {
            "Temperature": 0.8647438720539484,
            "Precipitation_accumulated": 11.397767036287014,
            "Humidity": 3.637829432373461,
            "Wind_Speed_kmh": 0.32119791649572,
            "Soil_Moisture": 296.34355024235526,
            "Soil_Temperature": 0.8237816711758674,
            "Wind_Dir_Sin": 0.2506816592052526,
            "Wind_Dir_Cos": 0.26003378773030655
        },
        "MAE": {
            "Temperature": 0.6795953123569307,
            "Precipitation_accumulated": 8.669787021326375,
            "Humidity": 2.8915201832549053,
            "Wind_Speed_kmh": 0.18128033085988235,
            "Soil_Moisture": 273.0693295344773,
            "Soil_Temperature": 0.6052303405591123,
            "Wind_Dir_Sin": 0.14492085810739708,
            "Wind_Dir_Cos": 0.1745351016852873
        },
        "R2": {
            "Temperature": 0.7803450258712412,
            "Precipitation_accumulated": -135.8698024914173,
            "Humidity": 0.7964927209334267,
            "Wind_Speed_kmh": 0.696839092800686,
            "Soil_Moisture": 0.8813202157708624,
            "Soil_Temperature": 0.8790821280081419,
            "Wind_Dir_Sin": 0.6087555048950515,
            "Wind_Dir_Cos": 0.7644749995678422
        },
        "SMAPE": {
            "Temperature": 10.655272767502856,
            "Precipitation_accumulated": 1.8706663937535701,
            "Humidity": 3.4730951580459024,
            "Wind_Speed_kmh": 167.49645141270935,
            "Soil_Moisture": 4.4460027074903685,
            "Soil_Temperature": 19.874079732926756,
            "Wind_Dir_Sin": 149.4515475031112,
            "Wind_Dir_Cos": 43.008558437903865
        }
    }
}