{
    "trial_number": 136,
    "input_chunk_length": 21,
    "output_chunk_length": 14,
    "num_blocks": 1,
    "hidden_size": 32,
    "ff_size": 83,
    "norm_type": "LayerNorm",
    "normalize_before": true,
    "activation": "ReLU",
    "dropout": 0.3,
    "batch_size": 18,
    "lr": 0.003316962533080318,
    "forecast_horizon": 5,
    "overall_smape_val": 50.48033911086765,
    "metrics": {
        "MSE": {
            "Temperature": 0.8428685885824528,
            "Precipitation_accumulated": 161.88201271905345,
            "Humidity": 11.551169892384012,
            "Wind_Speed_kmh": 0.159191675193173,
            "Soil_Moisture": 78688.45718192708,
            "Soil_Temperature": 0.8693860246291606,
            "Wind_Dir_Sin": 0.08459430195608547,
            "Wind_Dir_Cos": 0.09437134691343896
        },
        "RMSE": {
            "Temperature": 0.9180787485735921,
            "Precipitation_accumulated": 12.7232862389814,
            "Humidity": 3.398701206694112,
            "Wind_Speed_kmh": 0.398988314607299,
            "Soil_Moisture": 280.5146291763178,
            "Soil_Temperature": 0.9324087218753161,
            "Wind_Dir_Sin": 0.29085099614078247,
            "Wind_Dir_Cos": 0.3071991974492104
        },
        "MAE": {
            "Temperature": 0.6394424800117499,
            "Precipitation_accumulated": 10.91593944212002,
            "Humidity": 2.570502651182221,
            "Wind_Speed_kmh": 0.18390681613113605,
            "Soil_Moisture": 178.90600697550005,
            "Soil_Temperature": 0.7123073042421497,
            "Wind_Dir_Sin": 0.1625978936507944,
            "Wind_Dir_Cos": 0.15779813963085348
        },
        "R2": {
            "Temperature": 0.7520946264331211,
            "Precipitation_accumulated": -169.4725575950307,
            "Humidity": 0.8223989964688103,
            "Wind_Speed_kmh": 0.5331913224172729,
            "Soil_Moisture": 0.8938688884902402,
            "Soil_Temperature": 0.8449369753070061,
            "Wind_Dir_Sin": 0.4743664992959671,
            "Wind_Dir_Cos": 0.6718393736992632
        },
        "SMAPE": {
            "Temperature": 11.221268262489989,
            "Precipitation_accumulated": 2.3384362417173095,
            "Humidity": 3.0828643777296256,
            "Wind_Speed_kmh": 166.75303834890715,
            "Soil_Moisture": 2.853747804948128,
            "Soil_Temperature": 18.38666443294128,
            "Wind_Dir_Sin": 157.35331158973997,
            "Wind_Dir_Cos": 41.85338182846774
        }
    }
}