{
    "trial_number": 24,
    "input_chunk_length": 35,
    "output_chunk_length": 6,
    "hidden_size": 32,
    "num_blocks": 1,
    "ff_size": 69,
    "norm_type": "LayerNorm",
    "normalize_before": true,
    "activation": "ReLU",
    "dropout": 0.40343578486753445,
    "batch_size": 100,
    "lr": 0.0022702219748416998,
    "loss_function": "huber",
    "optimizer": "AdamW",
    "overall_mae_val": 0.11609817373134607,
    "metrics": {
        "MSE": {
            "Temperature": 6.453530175875398,
            "Precipitation_accumulated": 55.53785194293664,
            "Humidity": 65.65824434414199,
            "Wind_Speed_kmh": 1.24992453152531,
            "Soil_Moisture": 36423.19663802131,
            "Soil_Temperature": 5.029085515507618,
            "Wind_Dir_Sin": 0.6062663906967234,
            "Wind_Dir_Cos": 0.38749223181778075
        },
        "RMSE": {
            "Temperature": 2.5403799274666374,
            "Precipitation_accumulated": 7.452372235935122,
            "Humidity": 8.102977498681703,
            "Wind_Speed_kmh": 1.1180002377125462,
            "Soil_Moisture": 190.8486223110382,
            "Soil_Temperature": 2.2425622656924418,
            "Wind_Dir_Sin": 0.7786311005198311,
            "Wind_Dir_Cos": 0.6224887403140564
        },
        "MAE": {
            "Temperature": 1.9860142155897422,
            "Precipitation_accumulated": 6.021061239162657,
            "Humidity": 6.275435589758073,
            "Wind_Speed_kmh": 0.8885950657954602,
            "Soil_Moisture": 157.30958392512323,
            "Soil_Temperature": 1.8959364316347853,
            "Wind_Dir_Sin": 0.6671006042754684,
            "Wind_Dir_Cos": 0.5307548877317396
        },
        "R2": {
            "Temperature": 0.7888609758044253,
            "Precipitation_accumulated": -15.461296200488494,
            "Humidity": 0.5525273482050741,
            "Wind_Speed_kmh": 0.07281667385963941,
            "Soil_Moisture": 0.33263806476216407,
            "Soil_Temperature": 0.6882683037846766,
            "Wind_Dir_Sin": -0.09883880599959838,
            "Wind_Dir_Cos": -0.057782917664611855
        },
        "SMAPE": {
            "Temperature": 31.897106743107322,
            "Precipitation_accumulated": 1.3057737941982654,
            "Humidity": 7.46849029886369,
            "Wind_Speed_kmh": 72.98065425789342,
            "Soil_Moisture": 1.8463260675310476,
            "Soil_Temperature": 38.79809511579517,
            "Wind_Dir_Sin": 135.60557414560057,
            "Wind_Dir_Cos": 135.69522178495404
        }
    }
}