{
    "trial_number": 43,
    "input_chunk_length": 74,
    "output_chunk_length": 23,
    "num_blocks": 1,
    "hidden_size": 128,
    "ff_size": 290,
    "norm_type": "LayerNorm",
    "normalize_before": true,
    "activation": "GELU",
    "dropout": 0.1,
    "batch_size": 21,
    "lr": 0.006844181527207421,
    "forecast_horizon": 21,
    "overall_smape_val": 57.04664185579285,
    "metrics": {
        "MSE": {
            "Temperature": 4.953437339714003,
            "Precipitation_accumulated": 210.75114581376215,
            "Humidity": 24.18116210329209,
            "Wind_Speed_kmh": 0.22134000244996957,
            "Soil_Moisture": 184171.93427732386,
            "Soil_Temperature": 8.006633448591645,
            "Wind_Dir_Sin": 0.12258553741720489,
            "Wind_Dir_Cos": 0.15750190664547545
        },
        "RMSE": {
            "Temperature": 2.225631896723715,
            "Precipitation_accumulated": 14.517270604826589,
            "Humidity": 4.917434504219867,
            "Wind_Speed_kmh": 0.4704678548529852,
            "Soil_Moisture": 429.1525769202882,
            "Soil_Temperature": 2.8295995208848272,
            "Wind_Dir_Sin": 0.35012217498639653,
            "Wind_Dir_Cos": 0.39686509879992654
        },
        "MAE": {
            "Temperature": 1.9627674533046506,
            "Precipitation_accumulated": 10.321115928409139,
            "Humidity": 3.4385708229043868,
            "Wind_Speed_kmh": 0.2669072935578212,
            "Soil_Moisture": 194.89658324837356,
            "Soil_Temperature": 2.480015184391862,
            "Wind_Dir_Sin": 0.22008410749364596,
            "Wind_Dir_Cos": 0.23064745551100144
        },
        "R2": {
            "Temperature": -0.468612618220398,
            "Precipitation_accumulated": -220.38055541528746,
            "Humidity": 0.6284245710223335,
            "Wind_Speed_kmh": 0.35820333458021625,
            "Soil_Moisture": 0.7542309660655938,
            "Soil_Temperature": -0.43543490684051056,
            "Wind_Dir_Sin": 0.2463664825868992,
            "Wind_Dir_Cos": 0.45722876904535603
        },
        "SMAPE": {
            "Temperature": 29.30749039022585,
            "Precipitation_accumulated": 2.2945954839434366,
            "Humidity": 4.085221196555869,
            "Wind_Speed_kmh": 169.31010137378672,
            "Soil_Moisture": 3.080024924718469,
            "Soil_Temperature": 38.91848798299409,
            "Wind_Dir_Sin": 162.26457449005088,
            "Wind_Dir_Cos": 47.11263900406709
        }
    }
}