{
    "trial_number": 101,
    "input_chunk_length": 77,
    "output_chunk_length": 33,
    "num_blocks": 1,
    "hidden_size": 128,
    "ff_size": 373,
    "norm_type": "LayerNorm",
    "normalize_before": true,
    "activation": "GELU",
    "dropout": 0.15000000000000002,
    "batch_size": 26,
    "lr": 0.0034488630056928485,
    "forecast_horizon": 21,
    "overall_smape_val": 54.899270275929354,
    "metrics": {
        "MSE": {
            "Temperature": 1.512581116525581,
            "Precipitation_accumulated": 98.08155339934275,
            "Humidity": 33.568343147006615,
            "Wind_Speed_kmh": 0.23881512747418002,
            "Soil_Moisture": 180568.14616141,
            "Soil_Temperature": 1.5040817806445734,
            "Wind_Dir_Sin": 0.12543138395230016,
            "Wind_Dir_Cos": 0.14364588111312573
        },
        "RMSE": {
            "Temperature": 1.2298703657400567,
            "Precipitation_accumulated": 9.903613148712077,
            "Humidity": 5.793819391990625,
            "Wind_Speed_kmh": 0.4886871468272723,
            "Soil_Moisture": 424.93310786688534,
            "Soil_Temperature": 1.2264101192686618,
            "Wind_Dir_Sin": 0.354162934187501,
            "Wind_Dir_Cos": 0.3790064394085221
        },
        "MAE": {
            "Temperature": 0.9406889962792794,
            "Precipitation_accumulated": 8.001338497991153,
            "Humidity": 4.711292228582979,
            "Wind_Speed_kmh": 0.30141775296301554,
            "Soil_Moisture": 207.28756093899688,
            "Soil_Temperature": 0.9328152621411169,
            "Wind_Dir_Sin": 0.2572039077470198,
            "Wind_Dir_Cos": 0.27383831048234514
        },
        "R2": {
            "Temperature": 0.5515446019673234,
            "Precipitation_accumulated": -102.02837825009244,
            "Humidity": 0.4841781610148356,
            "Wind_Speed_kmh": 0.3075325256699869,
            "Soil_Moisture": 0.7590400566972791,
            "Soil_Temperature": 0.7303471547008538,
            "Wind_Dir_Sin": 0.22887073733464802,
            "Wind_Dir_Cos": 0.5049783626503455
        },
        "SMAPE": {
            "Temperature": 16.056376652529313,
            "Precipitation_accumulated": 1.7499560811679662,
            "Humidity": 5.661352384864022,
            "Wind_Speed_kmh": 173.9892027932671,
            "Soil_Moisture": 3.3011786518312407,
            "Soil_Temperature": 23.029179920329593,
            "Wind_Dir_Sin": 161.08715904826306,
            "Wind_Dir_Cos": 54.319756675182646
        }
    }
}