{
    "trial_number": 291,
    "input_chunk_length": 81,
    "output_chunk_length": 12,
    "num_blocks": 1,
    "hidden_size": 32,
    "ff_size": 62,
    "norm_type": "LayerNorm",
    "normalize_before": true,
    "activation": "ReLU",
    "dropout": 0.3,
    "batch_size": 25,
    "lr": 0.007454502634399118,
    "forecast_horizon": 1,
    "overall_smape_val": 47.908534141931085,
    "metrics": {
        "MSE": {
            "Temperature": 0.523922724694849,
            "Precipitation_accumulated": 171.0870351923393,
            "Humidity": 10.347438096056925,
            "Wind_Speed_kmh": 0.09214624112532963,
            "Soil_Moisture": 16685.07601966893,
            "Soil_Temperature": 0.820270665447407,
            "Wind_Dir_Sin": 0.06392339519082496,
            "Wind_Dir_Cos": 0.06169379496284897
        },
        "RMSE": {
            "Temperature": 0.7238250649810691,
            "Precipitation_accumulated": 13.08002428103019,
            "Humidity": 3.216743399162719,
            "Wind_Speed_kmh": 0.30355599339385414,
            "Soil_Moisture": 129.17072431347952,
            "Soil_Temperature": 0.9056879514752346,
            "Wind_Dir_Sin": 0.2528307639327638,
            "Wind_Dir_Cos": 0.24838235638396092
        },
        "MAE": {
            "Temperature": 0.50182789956831,
            "Precipitation_accumulated": 10.131550300190689,
            "Humidity": 2.515206539921232,
            "Wind_Speed_kmh": 0.16813638234527478,
            "Soil_Moisture": 62.17190373855107,
            "Soil_Temperature": 0.6494751218914475,
            "Wind_Dir_Sin": 0.14034990740377518,
            "Wind_Dir_Cos": 0.1330871155337785
        },
        "R2": {
            "Temperature": 0.8461018879306721,
            "Precipitation_accumulated": -179.25411539966498,
            "Humidity": 0.8408787726722914,
            "Wind_Speed_kmh": 0.7292269836137999,
            "Soil_Moisture": 0.977451690945158,
            "Soil_Temperature": 0.8538417190469361,
            "Wind_Dir_Sin": 0.6020184375484428,
            "Wind_Dir_Cos": 0.7851086496945305
        },
        "SMAPE": {
            "Temperature": 8.379371261111869,
            "Precipitation_accumulated": 2.2390840092195683,
            "Humidity": 3.001427624100082,
            "Wind_Speed_kmh": 156.87573571800934,
            "Soil_Moisture": 0.9867597850716107,
            "Soil_Temperature": 19.629983570540922,
            "Wind_Dir_Sin": 152.27723999159417,
            "Wind_Dir_Cos": 39.878671175801465
        }
    }
}