{
    "trial_number": 25,
    "input_chunk_length": 44,
    "num_blocks": 3,
    "hidden_size": 32,
    "ff_size": 70,
    "norm_type": "LayerNorm",
    "normalize_before": true,
    "activation": "GELU",
    "dropout": 0.25,
    "batch_size": 27,
    "lr": 0.002538197455810866,
    "overall_smape_val": 45.30944397727063,
    "metrics": {
        "MSE": {
            "Temperature": 0.5743736919553065,
            "Precipitation_accumulated": 21.98883939126195,
            "Humidity": 2.30377229297906,
            "Wind_Speed_kmh": 0.07361383689990708,
            "Soil_Moisture": 13041.539853655135,
            "Soil_Temperature": 0.7209568338691307,
            "Wind_Dir_Sin": 0.04755003570536962,
            "Wind_Dir_Cos": 0.04238849267438964
        },
        "RMSE": {
            "Temperature": 0.7578744565924533,
            "Precipitation_accumulated": 4.689225884009209,
            "Humidity": 1.5178182674414813,
            "Wind_Speed_kmh": 0.27131869987140045,
            "Soil_Moisture": 114.19956153004763,
            "Soil_Temperature": 0.849091769992579,
            "Wind_Dir_Sin": 0.21805970674420716,
            "Wind_Dir_Cos": 0.20588465866690903
        },
        "MAE": {
            "Temperature": 0.5222125672214456,
            "Precipitation_accumulated": 4.182496217128355,
            "Humidity": 0.9653022142608721,
            "Wind_Speed_kmh": 0.11572183298010165,
            "Soil_Moisture": 37.42283346077627,
            "Soil_Temperature": 0.704846612898035,
            "Wind_Dir_Sin": 0.10236210051995435,
            "Wind_Dir_Cos": 0.08950765925612438
        },
        "R2": {
            "Temperature": 0.8312823196098322,
            "Precipitation_accumulated": -22.167031848329714,
            "Humidity": 0.964572962762436,
            "Wind_Speed_kmh": 0.7836847122386806,
            "Soil_Moisture": 0.982375586972178,
            "Soil_Temperature": 0.8715377546480941,
            "Wind_Dir_Sin": 0.7039575659559689,
            "Wind_Dir_Cos": 0.852352729578423
        },
        "SMAPE": {
            "Temperature": 8.559895534522468,
            "Precipitation_accumulated": 0.9156258043543967,
            "Humidity": 1.1788312793033757,
            "Wind_Speed_kmh": 160.49836941638225,
            "Soil_Moisture": 0.5712453667417513,
            "Soil_Temperature": 20.3468713177877,
            "Wind_Dir_Sin": 142.58424135053295,
            "Wind_Dir_Cos": 27.820471748540008
        }
    }
}