{
    "trial_number": 145,
    "input_chunk_length": 24,
    "output_chunk_length": 15,
    "num_blocks": 1,
    "hidden_size": 32,
    "ff_size": 108,
    "norm_type": "LayerNorm",
    "normalize_before": true,
    "activation": "ReLU",
    "dropout": 0.3,
    "batch_size": 18,
    "lr": 0.002481983715709729,
    "forecast_horizon": 3,
    "overall_smape_val": 50.867030753578504,
    "metrics": {
        "MSE": {
            "Temperature": 1.6123790028694243,
            "Precipitation_accumulated": 16.319279484704122,
            "Humidity": 8.997287475315357,
            "Wind_Speed_kmh": 0.15138718354669842,
            "Soil_Moisture": 43912.7412547042,
            "Soil_Temperature": 1.047472241662882,
            "Wind_Dir_Sin": 0.07263941410448926,
            "Wind_Dir_Cos": 0.0891341067426722
        },
        "RMSE": {
            "Temperature": 1.2697948664526189,
            "Precipitation_accumulated": 4.039712797304299,
            "Humidity": 2.999547878483582,
            "Wind_Speed_kmh": 0.3890850595264465,
            "Soil_Moisture": 209.5536715371606,
            "Soil_Temperature": 1.0234609135980144,
            "Wind_Dir_Sin": 0.26951700151287167,
            "Wind_Dir_Cos": 0.29855335660928717
        },
        "MAE": {
            "Temperature": 0.9942875078464622,
            "Precipitation_accumulated": 3.4254152527086252,
            "Humidity": 2.137596449748545,
            "Wind_Speed_kmh": 0.25698513642441584,
            "Soil_Moisture": 89.36961767656382,
            "Soil_Temperature": 0.7547295947684953,
            "Wind_Dir_Sin": 0.16477732336226122,
            "Wind_Dir_Cos": 0.15615719234204054
        },
        "R2": {
            "Temperature": 0.5261502617865199,
            "Precipitation_accumulated": -16.190877382156593,
            "Humidity": 0.8616437445373466,
            "Wind_Speed_kmh": 0.5554567570247722,
            "Soil_Moisture": 0.9406945813703222,
            "Soil_Temperature": 0.8132971634669062,
            "Wind_Dir_Sin": 0.5480518952923519,
            "Wind_Dir_Cos": 0.6897028688935765
        },
        "SMAPE": {
            "Temperature": 16.94074343467251,
            "Precipitation_accumulated": 0.7473800900939461,
            "Humidity": 2.4839314809316253,
            "Wind_Speed_kmh": 172.8073851277369,
            "Soil_Moisture": 1.3950041360432894,
            "Soil_Temperature": 19.573637532345735,
            "Wind_Dir_Sin": 151.27258196796453,
            "Wind_Dir_Cos": 41.715582258839596
        }
    }
}