{
    "trial_number": 25,
    "input_chunk_length": 39,
    "output_chunk_length": 6,
    "hidden_size": 32,
    "num_blocks": 1,
    "ff_size": 67,
    "norm_type": "LayerNorm",
    "normalize_before": true,
    "activation": "ReLU",
    "dropout": 0.40374505748384903,
    "batch_size": 98,
    "lr": 0.0018546984121753428,
    "loss_function": "huber",
    "optimizer": "AdamW",
    "overall_mae_val": 0.11820305332418918,
    "metrics": {
        "MSE": {
            "Temperature": 6.441812332327582,
            "Precipitation_accumulated": 130.7603104525148,
            "Humidity": 69.69251086682635,
            "Wind_Speed_kmh": 1.2408817607499472,
            "Soil_Moisture": 32352.18345473005,
            "Soil_Temperature": 8.812813806233775,
            "Wind_Dir_Sin": 0.6016907053573376,
            "Wind_Dir_Cos": 0.39179079388879345
        },
        "RMSE": {
            "Temperature": 2.5380725624630163,
            "Precipitation_accumulated": 11.435047461751735,
            "Humidity": 8.348204050382714,
            "Wind_Speed_kmh": 1.1139487244707214,
            "Soil_Moisture": 179.86712722098514,
            "Soil_Temperature": 2.968638375793484,
            "Wind_Dir_Sin": 0.775687247128208,
            "Wind_Dir_Cos": 0.6259319403008553
        },
        "MAE": {
            "Temperature": 1.9282110222752906,
            "Precipitation_accumulated": 10.558528346724435,
            "Humidity": 6.393812873716507,
            "Wind_Speed_kmh": 0.8899079001729645,
            "Soil_Moisture": 148.88946569651085,
            "Soil_Temperature": 2.408353507574707,
            "Wind_Dir_Sin": 0.6673796458330322,
            "Wind_Dir_Cos": 0.5274285681873487
        },
        "R2": {
            "Temperature": 0.7890530131935672,
            "Precipitation_accumulated": -38.005939253470885,
            "Humidity": 0.5248772765013204,
            "Wind_Speed_kmh": 0.07891791913819379,
            "Soil_Moisture": 0.3986859455467582,
            "Soil_Temperature": 0.45340106552286297,
            "Wind_Dir_Sin": -0.09087811918015265,
            "Wind_Dir_Cos": -0.06897398210797445
        },
        "SMAPE": {
            "Temperature": 31.272141075647667,
            "Precipitation_accumulated": 2.303154423580159,
            "Humidity": 7.633723899623105,
            "Wind_Speed_kmh": 72.3231999171385,
            "Soil_Moisture": 1.7528860126183896,
            "Soil_Temperature": 44.882438756514766,
            "Wind_Dir_Sin": 137.28120858776649,
            "Wind_Dir_Cos": 131.45236413099985
        }
    }
}