{
    "trial_number": 51,
    "input_chunk_length": 27,
    "output_chunk_length": 9,
    "hidden_size": 32,
    "num_blocks": 1,
    "ff_size": 32,
    "norm_type": "LayerNorm",
    "normalize_before": true,
    "activation": "ReLU",
    "dropout": 0.3731483191583715,
    "batch_size": 113,
    "lr": 0.0023608036065220456,
    "loss_function": "huber",
    "optimizer": "AdamW",
    "overall_mae_val": 0.12005196842422029,
    "metrics": {
        "MSE": {
            "Temperature": 6.62497552198721,
            "Precipitation_accumulated": 33.13208887486201,
            "Humidity": 71.01854975812218,
            "Wind_Speed_kmh": 1.3605452389700952,
            "Soil_Moisture": 33631.37091025589,
            "Soil_Temperature": 7.790473840842446,
            "Wind_Dir_Sin": 0.6123706423377849,
            "Wind_Dir_Cos": 0.4021903938074015
        },
        "RMSE": {
            "Temperature": 2.5739027802128054,
            "Precipitation_accumulated": 5.756048025760558,
            "Humidity": 8.427250426925864,
            "Wind_Speed_kmh": 1.166424124823426,
            "Soil_Moisture": 183.38857900713418,
            "Soil_Temperature": 2.7911420316498488,
            "Wind_Dir_Sin": 0.7825411441820711,
            "Wind_Dir_Cos": 0.6341848262197713
        },
        "MAE": {
            "Temperature": 2.034818191921933,
            "Precipitation_accumulated": 4.8723015117989625,
            "Humidity": 6.490192481524892,
            "Wind_Speed_kmh": 0.9225195407292255,
            "Soil_Moisture": 152.61377911032207,
            "Soil_Temperature": 2.368670925553855,
            "Wind_Dir_Sin": 0.6889651597677467,
            "Wind_Dir_Cos": 0.5435601647117181
        },
        "R2": {
            "Temperature": 0.7829798552992365,
            "Precipitation_accumulated": -8.743590796982573,
            "Humidity": 0.5159769899421446,
            "Wind_Speed_kmh": -0.009881177406968034,
            "Soil_Moisture": 0.3972435592157043,
            "Soil_Temperature": 0.5164541892004852,
            "Wind_Dir_Sin": -0.11210448892616287,
            "Wind_Dir_Cos": -0.09659830687590731
        },
        "SMAPE": {
            "Temperature": 33.09639364017499,
            "Precipitation_accumulated": 1.053703268263391,
            "Humidity": 7.714454264095384,
            "Wind_Speed_kmh": 73.7632746068556,
            "Soil_Moisture": 1.793750038072478,
            "Soil_Temperature": 50.57085192746283,
            "Wind_Dir_Sin": 145.65465935609103,
            "Wind_Dir_Cos": 139.85792571993696
        }
    }
}