{
    "trial_number": 52,
    "input_chunk_length": 50,
    "output_chunk_length": 31,
    "num_blocks": 1,
    "hidden_size": 128,
    "ff_size": 307,
    "norm_type": "LayerNorm",
    "normalize_before": true,
    "activation": "GELU",
    "dropout": 0.15000000000000002,
    "batch_size": 25,
    "lr": 0.0037099084256597067,
    "forecast_horizon": 20,
    "overall_smape_val": 55.5083907309091,
    "metrics": {
        "MSE": {
            "Temperature": 1.4834981131407763,
            "Precipitation_accumulated": 71.24749722465653,
            "Humidity": 30.691469415863583,
            "Wind_Speed_kmh": 0.2714919954137879,
            "Soil_Moisture": 226113.26070368977,
            "Soil_Temperature": 1.776132700265852,
            "Wind_Dir_Sin": 0.11933430252544118,
            "Wind_Dir_Cos": 0.13881856881686339
        },
        "RMSE": {
            "Temperature": 1.2179893731641407,
            "Precipitation_accumulated": 8.440823255148548,
            "Humidity": 5.539988214415585,
            "Wind_Speed_kmh": 0.5210489376380955,
            "Soil_Moisture": 475.5136808796249,
            "Soil_Temperature": 1.332716286486307,
            "Wind_Dir_Sin": 0.3454479736884285,
            "Wind_Dir_Cos": 0.3725836400284685
        },
        "MAE": {
            "Temperature": 0.8599537098175949,
            "Precipitation_accumulated": 6.9356954771106984,
            "Humidity": 4.7292721701877625,
            "Wind_Speed_kmh": 0.3788499634286431,
            "Soil_Moisture": 329.36985199130754,
            "Soil_Temperature": 1.0944589480703053,
            "Wind_Dir_Sin": 0.2326741765469428,
            "Wind_Dir_Cos": 0.2377108269396495
        },
        "R2": {
            "Temperature": 0.5605589017940946,
            "Precipitation_accumulated": -73.85222828731149,
            "Humidity": 0.5284320858801193,
            "Wind_Speed_kmh": 0.21222674702982935,
            "Soil_Moisture": 0.6980629126646432,
            "Soil_Temperature": 0.6817086126662699,
            "Wind_Dir_Sin": 0.26586409240271003,
            "Wind_Dir_Cos": 0.5213433888533918
        },
        "SMAPE": {
            "Temperature": 15.715602498923664,
            "Precipitation_accumulated": 1.5019962125450725,
            "Humidity": 5.659816618682798,
            "Wind_Speed_kmh": 175.63111903903666,
            "Soil_Moisture": 5.332818063254784,
            "Soil_Temperature": 29.61169787059921,
            "Wind_Dir_Sin": 159.967737214744,
            "Wind_Dir_Cos": 50.64633832948621
        }
    }
}