{
    "trial_number": 82,
    "input_chunk_length": 28,
    "output_chunk_length": 3,
    "hidden_size": 128,
    "num_blocks": 1,
    "ff_size": 133,
    "norm_type": "TimeBatchNorm2d",
    "normalize_before": true,
    "activation": "ReLU",
    "dropout": 0.4665064537745976,
    "batch_size": 71,
    "lr": 0.003979331991629496,
    "loss_function": "smoothl1",
    "optimizer": "AdamW",
    "overall_mae_val": 0.10267424539567921,
    "metrics": {
        "MSE": {
            "Temperature": 3.888646346859216,
            "Precipitation_accumulated": 50.03691969279079,
            "Humidity": 31.832327442963898,
            "Wind_Speed_kmh": 1.0451843102071194,
            "Soil_Moisture": 9232.432381198429,
            "Soil_Temperature": 3.1646446175345284,
            "Wind_Dir_Sin": 0.548405548425117,
            "Wind_Dir_Cos": 0.3718499841882696
        },
        "RMSE": {
            "Temperature": 1.9719650977791712,
            "Precipitation_accumulated": 7.073677946640686,
            "Humidity": 5.642014484469523,
            "Wind_Speed_kmh": 1.0223425601074816,
            "Soil_Moisture": 96.08554720247176,
            "Soil_Temperature": 1.7789448045216378,
            "Wind_Dir_Sin": 0.7405440894539076,
            "Wind_Dir_Cos": 0.6097950345716744
        },
        "MAE": {
            "Temperature": 1.6110489011216453,
            "Precipitation_accumulated": 5.545749003878866,
            "Humidity": 4.2047675103542765,
            "Wind_Speed_kmh": 0.7737619473680982,
            "Soil_Moisture": 73.51411366146883,
            "Soil_Temperature": 1.4690424543836869,
            "Wind_Dir_Sin": 0.6272998870898975,
            "Wind_Dir_Cos": 0.5111793389273984
        },
        "R2": {
            "Temperature": 0.8722822674583122,
            "Precipitation_accumulated": -13.601810386836656,
            "Humidity": 0.7827458808348664,
            "Wind_Speed_kmh": 0.225336882427016,
            "Soil_Moisture": 0.8380343332326508,
            "Soil_Temperature": 0.8035261557550376,
            "Wind_Dir_Sin": 0.004075003494056095,
            "Wind_Dir_Cos": -0.014800445552373809
        },
        "SMAPE": {
            "Temperature": 28.518234441879365,
            "Precipitation_accumulated": 1.1958484786396415,
            "Humidity": 4.9492947347676575,
            "Wind_Speed_kmh": 71.1690807777063,
            "Soil_Moisture": 0.8564415744906692,
            "Soil_Temperature": 28.749287054467736,
            "Wind_Dir_Sin": 128.5249880749816,
            "Wind_Dir_Cos": 127.11776663774235
        }
    }
}