{
    "trial_number": 3,
    "fold_smape": [
        118.71483732364558,
        52.260957396476044,
        59.88056341697239
    ],
    "mean_smape": 76.95211937903134,
    "hyperparameters": {
        "input_chunk_length": 84,
        "hidden_size": 72,
        "dropout": 0.1,
        "batch_size": 80,
        "lr": 0.00030653645467068055,
        "weight_decay": 0.0004180394093320111,
        "ff_size": 241,
        "num_blocks": 4,
        "activation": "GELU",
        "norm_type": "LayerNorm",
        "normalize_before": false
    },
    "metrics_per_fold": [
        {
            "Temperature": {
                "MSE": 91.82326028138034,
                "RMSE": 9.582445422822941,
                "MAE": 8.569645353008891,
                "R2": -3.6033302504875326,
                "SMAPE": 72.90540762183316,
                "WAPE": 53.69621797891199
            },
            "Precipitation_accumulated": {
                "MSE": 178330.1593602966,
                "RMSE": 422.29155729222975,
                "MAE": 400.62242814933853,
                "R2": -8.751539679398608,
                "SMAPE": 173.91360763299036,
                "WAPE": 97.28802965318935
            },
            "Humidity": {
                "MSE": 2817.416902764276,
                "RMSE": 53.07934534980887,
                "MAE": 50.224902836380785,
                "R2": -35.49343583997374,
                "SMAPE": 86.11459665922277,
                "WAPE": 59.39147401049185
            },
            "Wind_Speed_kmh": {
                "MSE": 5.30004526940344,
                "RMSE": 2.3021827185094237,
                "MAE": 2.2556113477848245,
                "R2": -30.732034267886913,
                "SMAPE": 198.89022737732373,
                "WAPE": 1264.9276140395236
            },
            "Soil_Moisture": {
                "MSE": 200938.14618428494,
                "RMSE": 448.26124769411524,
                "MAE": 401.0425422997285,
                "R2": 0.7454384463295067,
                "SMAPE": 5.813065968130105,
                "WAPE": 5.9240129938768
            },
            "Soil_Temperature": {
                "MSE": 55.095613008002466,
                "RMSE": 7.422641915652571,
                "MAE": 6.3371922750205965,
                "R2": -1.6857420233516751,
                "SMAPE": 48.2429937320297,
                "WAPE": 40.33477698437885
            },
            "Wind_Dir_Sin": {
                "MSE": 0.4001879404873505,
                "RMSE": 0.6326040945862985,
                "MAE": 0.5766028513538676,
                "R2": -2.8186587457139303,
                "SMAPE": 186.58261255391716,
                "WAPE": 429.62574985920287
            },
            "Wind_Dir_Cos": {
                "MSE": 1.9674449308984983,
                "RMSE": 1.4026563837585093,
                "MAE": 1.3209744449046028,
                "R2": -4.1675307888731785,
                "SMAPE": 177.25618704371763,
                "WAPE": 143.03730992869248
            }
        },
        {
            "Temperature": {
                "MSE": 0.8140384750190421,
                "RMSE": 0.9022408076666906,
                "MAE": 0.6771796701143246,
                "R2": 0.693324320891729,
                "SMAPE": 8.862857192610372,
                "WAPE": 8.156359438966026
            },
            "Precipitation_accumulated": {
                "MSE": 38.74151939235753,
                "RMSE": 6.224268582922618,
                "MAE": 5.7233218039074565,
                "R2": -165.7908861941843,
                "SMAPE": 1.2570052849005169,
                "WAPE": 1.24789036684521
            },
            "Humidity": {
                "MSE": 14.305725064628541,
                "RMSE": 3.782290980956984,
                "MAE": 2.896592344696978,
                "R2": 0.6184482433465028,
                "SMAPE": 3.397617897662731,
                "WAPE": 3.3118480170564606
            },
            "Wind_Speed_kmh": {
                "MSE": 0.001830223465875436,
                "RMSE": 0.04278111108743479,
                "MAE": 0.02938746461403918,
                "R2": -0.7183032675934455,
                "SMAPE": 194.1026401339239,
                "WAPE": 351.57914561361076
            },
            "Soil_Moisture": {
                "MSE": 15036.44447760798,
                "RMSE": 122.62318083302186,
                "MAE": 89.58675842355925,
                "R2": 0.5409236849486003,
                "SMAPE": 1.537700192640566,
                "WAPE": 1.529695737542533
            },
            "Soil_Temperature": {
                "MSE": 0.28608041837517617,
                "RMSE": 0.5348648599180695,
                "MAE": 0.4121129302185396,
                "R2": 0.834768535949279,
                "SMAPE": 4.892561660523353,
                "WAPE": 4.6129547064970895
            },
            "Wind_Dir_Sin": {
                "MSE": 0.02623227129552968,
                "RMSE": 0.16196379624943866,
                "MAE": 0.04294774314469733,
                "R2": 0.1413582357482681,
                "SMAPE": 194.2700738571408,
                "WAPE": 107.90931238931488
            },
            "Wind_Dir_Cos": {
                "MSE": 0.04542472857025288,
                "RMSE": 0.21313077809235548,
                "MAE": 0.05973200539073561,
                "R2": 0.015314478769788198,
                "SMAPE": 9.767202952406146,
                "WAPE": 6.136938271688878
            }
        },
        {
            "Temperature": {
                "MSE": 11.680017789313881,
                "RMSE": 3.417604100728152,
                "MAE": 2.7209773757938867,
                "R2": 0.5839069900015983,
                "SMAPE": 40.731952566011394,
                "WAPE": 32.92301161209405
            },
            "Precipitation_accumulated": {
                "MSE": 46.28151818719533,
                "RMSE": 6.803052122922132,
                "MAE": 5.268923188411557,
                "R2": -8.916181409744961,
                "SMAPE": 1.1460872520542926,
                "WAPE": 1.135881526287706
            },
            "Humidity": {
                "MSE": 90.28059375092126,
                "RMSE": 9.501610060980259,
                "MAE": 7.308989588989863,
                "R2": 0.3692103964556809,
                "SMAPE": 8.605142144613483,
                "WAPE": 8.367569347470686
            },
            "Wind_Speed_kmh": {
                "MSE": 1.7538551683346775,
                "RMSE": 1.324331970592977,
                "MAE": 0.9707285891638742,
                "R2": -0.25707210997578733,
                "SMAPE": 97.87975652342637,
                "WAPE": 70.8794568210603
            },
            "Soil_Moisture": {
                "MSE": 265889.6226041979,
                "RMSE": 515.6448609306583,
                "MAE": 348.1991483055494,
                "R2": 0.5627542879600975,
                "SMAPE": 4.306019759790243,
                "WAPE": 4.177239957253906
            },
            "Soil_Temperature": {
                "MSE": 10.263279218337901,
                "RMSE": 3.2036353129433914,
                "MAE": 2.6494286916977488,
                "R2": 0.38659575970875915,
                "SMAPE": 43.54159833350705,
                "WAPE": 38.20897135365103
            },
            "Wind_Dir_Sin": {
                "MSE": 0.5857819950613851,
                "RMSE": 0.7653639624788883,
                "MAE": 0.6477600603745359,
                "R2": -0.10920549470858298,
                "SMAPE": 130.1989157822238,
                "WAPE": 94.22287806632703
            },
            "Wind_Dir_Cos": {
                "MSE": 0.6076049934539562,
                "RMSE": 0.7794902138282149,
                "MAE": 0.6581409302725026,
                "R2": -0.4743143496353752,
                "SMAPE": 152.63503497415263,
                "WAPE": 113.5055444812572
            }
        }
    ]
}