{
    "trial_number": 139,
    "input_chunk_length": 22,
    "output_chunk_length": 16,
    "num_blocks": 1,
    "hidden_size": 32,
    "ff_size": 83,
    "norm_type": "LayerNorm",
    "normalize_before": true,
    "activation": "ReLU",
    "dropout": 0.3,
    "batch_size": 19,
    "lr": 0.005031608402978097,
    "forecast_horizon": 2,
    "overall_smape_val": 51.531197271060584,
    "metrics": {
        "MSE": {
            "Temperature": 1.1091067142066349,
            "Precipitation_accumulated": 127.51246261197844,
            "Humidity": 9.202592190221988,
            "Wind_Speed_kmh": 0.15678013610161468,
            "Soil_Moisture": 73684.68344145112,
            "Soil_Temperature": 2.237864522075828,
            "Wind_Dir_Sin": 0.08366771146880123,
            "Wind_Dir_Cos": 0.08102434108868024
        },
        "RMSE": {
            "Temperature": 1.0531413552826776,
            "Precipitation_accumulated": 11.292141630885544,
            "Humidity": 3.0335774574290975,
            "Wind_Speed_kmh": 0.39595471471067833,
            "Soil_Moisture": 271.4492281098827,
            "Soil_Temperature": 1.495949371494847,
            "Wind_Dir_Sin": 0.2892537147018189,
            "Wind_Dir_Cos": 0.28464774913685903
        },
        "MAE": {
            "Temperature": 0.7551616641077004,
            "Precipitation_accumulated": 10.353165783417378,
            "Humidity": 2.273547705213099,
            "Wind_Speed_kmh": 0.19490737750843215,
            "Soil_Moisture": 224.09283097779914,
            "Soil_Temperature": 1.2937471451201106,
            "Wind_Dir_Sin": 0.20563097184324797,
            "Wind_Dir_Cos": 0.18394762120093913
        },
        "R2": {
            "Temperature": 0.6742087690522831,
            "Precipitation_accumulated": -133.34475689356154,
            "Humidity": 0.8584840276104172,
            "Wind_Speed_kmh": 0.5392993806016053,
            "Soil_Moisture": 0.900422089004123,
            "Soil_Temperature": 0.6012506050377286,
            "Wind_Dir_Sin": 0.47909202197884904,
            "Wind_Dir_Cos": 0.7177766406712001
        },
        "SMAPE": {
            "Temperature": 12.751305370652222,
            "Precipitation_accumulated": 2.2241012504860023,
            "Humidity": 2.708291468134466,
            "Wind_Speed_kmh": 160.32730199713657,
            "Soil_Moisture": 3.6618897949321068,
            "Soil_Temperature": 31.685919961722117,
            "Wind_Dir_Sin": 153.17491813282504,
            "Wind_Dir_Cos": 45.71585019259621
        }
    }
}