{
    "trial_number": 33,
    "fold_smape": [
        107.66445027763339,
        53.5796788616735,
        67.53208251340632
    ],
    "mean_smape": 76.25873721757107,
    "hyperparameters": {
        "input_chunk_length": 60,
        "hidden_size": 104,
        "dropout": 0.5,
        "batch_size": 136,
        "lr": 0.004576991897392767,
        "weight_decay": 0.004659755135731725,
        "ff_size": 282,
        "num_blocks": 4,
        "activation": "GELU",
        "norm_type": "LayerNorm",
        "normalize_before": false
    },
    "metrics_per_fold": [
        {
            "Temperature": {
                "MSE": 15.715697391423323,
                "RMSE": 3.9643028884563454,
                "MAE": 3.1881392339931747,
                "R2": 0.2207026583063343,
                "SMAPE": 20.73874750165704,
                "WAPE": 20.01546780347009
            },
            "Precipitation_accumulated": {
                "MSE": 176860.90430380288,
                "RMSE": 420.5483376543092,
                "MAE": 396.61414859897434,
                "R2": -7.840494329400128,
                "SMAPE": 173.30982169472134,
                "WAPE": 97.46486003991755
            },
            "Humidity": {
                "MSE": 1984.8492491865552,
                "RMSE": 44.55164698624009,
                "MAE": 41.85942438666202,
                "R2": -24.40449460250794,
                "SMAPE": 66.61758348072748,
                "WAPE": 49.525567080155035
            },
            "Wind_Speed_kmh": {
                "MSE": 14.767339110408473,
                "RMSE": 3.8428295708251845,
                "MAE": 3.7412798045280895,
                "R2": -82.84146841272198,
                "SMAPE": 199.92509493415423,
                "WAPE": 1981.581885437529
            },
            "Soil_Moisture": {
                "MSE": 155980.32100959262,
                "RMSE": 394.9434402665686,
                "MAE": 222.2541642521316,
                "R2": 0.8189919142011823,
                "SMAPE": 3.1568736452998403,
                "WAPE": 3.267789724791568
            },
            "Soil_Temperature": {
                "MSE": 35.76144112106505,
                "RMSE": 5.980087049622693,
                "MAE": 4.844550690558996,
                "R2": -0.7200598643103899,
                "SMAPE": 34.27379154517514,
                "WAPE": 30.900735022721545
            },
            "Wind_Dir_Sin": {
                "MSE": 0.348812988316259,
                "RMSE": 0.5906039183041872,
                "MAE": 0.5346063892896655,
                "R2": -2.2121269439304116,
                "SMAPE": 187.10056983000825,
                "WAPE": 383.2445497742731
            },
            "Wind_Dir_Cos": {
                "MSE": 1.764114428722985,
                "RMSE": 1.3281996945952763,
                "MAE": 1.2474509403625356,
                "R2": -3.4426364601576482,
                "SMAPE": 176.19311958932386,
                "WAPE": 135.40309131860772
            }
        },
        {
            "Temperature": {
                "MSE": 1.2650715846513132,
                "RMSE": 1.1247540107291518,
                "MAE": 0.8054343264496909,
                "R2": 0.5275829600939278,
                "SMAPE": 10.686762495899869,
                "WAPE": 9.672441540030523
            },
            "Precipitation_accumulated": {
                "MSE": 69.44751791118094,
                "RMSE": 8.33351773929719,
                "MAE": 7.259249178545111,
                "R2": -298.54851424969837,
                "SMAPE": 1.5674147089610513,
                "WAPE": 1.5827963806127194
            },
            "Humidity": {
                "MSE": 46.83426722330651,
                "RMSE": 6.843556620888477,
                "MAE": 5.282689818928638,
                "R2": -0.25489701049342495,
                "SMAPE": 6.080948115692041,
                "WAPE": 6.036115669730903
            },
            "Wind_Speed_kmh": {
                "MSE": 0.0050067674329571646,
                "RMSE": 0.07075851491486494,
                "MAE": 0.06041559959393153,
                "R2": -3.757834501886185,
                "SMAPE": 194.9662515971513,
                "WAPE": 731.5920964039658
            },
            "Soil_Moisture": {
                "MSE": 67641.30104812072,
                "RMSE": 260.079412964811,
                "MAE": 237.60283456910122,
                "R2": -1.0277198245384604,
                "SMAPE": 4.001756841797001,
                "WAPE": 4.054660011559807
            },
            "Soil_Temperature": {
                "MSE": 0.9846571759438751,
                "RMSE": 0.9922989347690923,
                "MAE": 0.8928898957324508,
                "R2": 0.4352517447906957,
                "SMAPE": 10.274136648636667,
                "WAPE": 9.973998650405036
            },
            "Wind_Dir_Sin": {
                "MSE": 0.028765795756652245,
                "RMSE": 0.16960482232723292,
                "MAE": 0.10919259876118113,
                "R2": 0.04748545725360742,
                "SMAPE": 191.48432857198006,
                "WAPE": 277.69669314469286
            },
            "Wind_Dir_Cos": {
                "MSE": 0.04735930013495716,
                "RMSE": 0.21762192016191098,
                "MAE": 0.060749387317985015,
                "R2": -0.03869882700879579,
                "SMAPE": 9.575831913270195,
                "WAPE": 6.239406722177508
            }
        },
        {
            "Temperature": {
                "MSE": 19.303027059723277,
                "RMSE": 4.393521032124835,
                "MAE": 3.507512689308102,
                "R2": 0.3074028004033085,
                "SMAPE": 49.29920618329324,
                "WAPE": 42.638639633897654
            },
            "Precipitation_accumulated": {
                "MSE": 9758.135900573194,
                "RMSE": 98.78327743385108,
                "MAE": 93.38418162171868,
                "R2": -2056.304416150978,
                "SMAPE": 22.58996887864709,
                "WAPE": 20.133628087595454
            },
            "Humidity": {
                "MSE": 195.1457133409056,
                "RMSE": 13.96945644400331,
                "MAE": 10.779489263207752,
                "R2": -0.364228692491102,
                "SMAPE": 12.528573694585734,
                "WAPE": 12.360725463384805
            },
            "Wind_Speed_kmh": {
                "MSE": 1.810766300274301,
                "RMSE": 1.3456471678245754,
                "MAE": 1.001835623572594,
                "R2": -0.2951778711433477,
                "SMAPE": 99.75936002777702,
                "WAPE": 73.98359288922572
            },
            "Soil_Moisture": {
                "MSE": 1647956.691435011,
                "RMSE": 1283.7276546974483,
                "MAE": 1214.3163006810396,
                "R2": -1.4568861978116514,
                "SMAPE": 15.531217815352257,
                "WAPE": 14.618987469796986
            },
            "Soil_Temperature": {
                "MSE": 11.030229984375602,
                "RMSE": 3.321179005169038,
                "MAE": 2.7294612539175724,
                "R2": 0.3331843004460344,
                "SMAPE": 46.05841577407601,
                "WAPE": 39.42624215761546
            },
            "Wind_Dir_Sin": {
                "MSE": 0.528110349064174,
                "RMSE": 0.7267120124672317,
                "MAE": 0.6533780934379989,
                "R2": -0.011380652434738403,
                "SMAPE": 152.88999183967633,
                "WAPE": 96.04977780951296
            },
            "Wind_Dir_Cos": {
                "MSE": 0.7725642417900178,
                "RMSE": 0.8789563366800525,
                "MAE": 0.7295996238756831,
                "R2": -0.8274757366521559,
                "SMAPE": 141.599925893843,
                "WAPE": 124.75808882161029
            }
        }
    ]
}