{
    "trial_number": 263,
    "input_chunk_length": 78,
    "output_chunk_length": 15,
    "num_blocks": 1,
    "hidden_size": 32,
    "ff_size": 61,
    "norm_type": "LayerNorm",
    "normalize_before": true,
    "activation": "ReLU",
    "dropout": 0.3,
    "batch_size": 25,
    "lr": 0.005051045505998215,
    "forecast_horizon": 1,
    "overall_smape_val": 47.68462239034197,
    "metrics": {
        "MSE": {
            "Temperature": 0.6290599044336606,
            "Precipitation_accumulated": 101.93076247252861,
            "Humidity": 6.221801649535918,
            "Wind_Speed_kmh": 0.09127912577053388,
            "Soil_Moisture": 18634.113780291536,
            "Soil_Temperature": 0.8277180592151174,
            "Wind_Dir_Sin": 0.05704301840582405,
            "Wind_Dir_Cos": 0.05465045154153717
        },
        "RMSE": {
            "Temperature": 0.7931329676880545,
            "Precipitation_accumulated": 10.096076588087504,
            "Humidity": 2.4943539543408666,
            "Wind_Speed_kmh": 0.3021243548119447,
            "Soil_Moisture": 136.50682686331675,
            "Soil_Temperature": 0.9097901182223939,
            "Wind_Dir_Sin": 0.2388368028713834,
            "Wind_Dir_Cos": 0.2337743603168174
        },
        "MAE": {
            "Temperature": 0.5618688489163753,
            "Precipitation_accumulated": 8.909583968916769,
            "Humidity": 1.663035491431966,
            "Wind_Speed_kmh": 0.13860772178990224,
            "Soil_Moisture": 58.304347386633154,
            "Soil_Temperature": 0.5457417477087496,
            "Wind_Dir_Sin": 0.13127352762688932,
            "Wind_Dir_Cos": 0.11785375123530556
        },
        "R2": {
            "Temperature": 0.8152186818633638,
            "Precipitation_accumulated": -106.39235384401422,
            "Humidity": 0.904322141821657,
            "Wind_Speed_kmh": 0.7317750141932946,
            "Soil_Moisture": 0.9748177499469709,
            "Soil_Temperature": 0.8525147201470358,
            "Wind_Dir_Sin": 0.644855071850732,
            "Wind_Dir_Cos": 0.8096419691212617
        },
        "SMAPE": {
            "Temperature": 9.464873194872837,
            "Precipitation_accumulated": 1.9628474460398597,
            "Humidity": 1.9004495101812209,
            "Wind_Speed_kmh": 162.039924286523,
            "Soil_Moisture": 0.8386563855962073,
            "Soil_Temperature": 16.56730488399345,
            "Wind_Dir_Sin": 150.22878778745368,
            "Wind_Dir_Cos": 38.474135628075196
        }
    }
}