{
    "trial_number": 224,
    "input_chunk_length": 78,
    "output_chunk_length": 13,
    "num_blocks": 1,
    "hidden_size": 32,
    "ff_size": 65,
    "norm_type": "LayerNorm",
    "normalize_before": true,
    "activation": "ReLU",
    "dropout": 0.3,
    "batch_size": 24,
    "lr": 0.004921960073100224,
    "forecast_horizon": 1,
    "overall_smape_val": 47.942450441158655,
    "metrics": {
        "MSE": {
            "Temperature": 0.5905473329244565,
            "Precipitation_accumulated": 189.33736415586125,
            "Humidity": 5.685092302993692,
            "Wind_Speed_kmh": 0.07903315027410418,
            "Soil_Moisture": 34767.587363890314,
            "Soil_Temperature": 0.8788164848282489,
            "Wind_Dir_Sin": 0.06142229151500151,
            "Wind_Dir_Cos": 0.060645471528901165
        },
        "RMSE": {
            "Temperature": 0.7684707755825568,
            "Precipitation_accumulated": 13.759991430079499,
            "Humidity": 2.3843431596550215,
            "Wind_Speed_kmh": 0.2811283519570806,
            "Soil_Moisture": 186.4606858399119,
            "Soil_Temperature": 0.9374521240192744,
            "Wind_Dir_Sin": 0.24783521040199577,
            "Wind_Dir_Cos": 0.24626301291282288
        },
        "MAE": {
            "Temperature": 0.546793585531542,
            "Precipitation_accumulated": 13.129896551893491,
            "Humidity": 1.7720170031652396,
            "Wind_Speed_kmh": 0.12097654747103077,
            "Soil_Moisture": 144.2237486210595,
            "Soil_Temperature": 0.8383461326087254,
            "Wind_Dir_Sin": 0.13987108514071933,
            "Wind_Dir_Cos": 0.14117452822301754
        },
        "R2": {
            "Temperature": 0.8265314418694383,
            "Precipitation_accumulated": -198.48232225574966,
            "Humidity": 0.9125755712355131,
            "Wind_Speed_kmh": 0.7677599842068819,
            "Soil_Moisture": 0.9530148796416589,
            "Soil_Temperature": 0.8434098498138395,
            "Wind_Dir_Sin": 0.6175900939941945,
            "Wind_Dir_Cos": 0.7887601617860394
        },
        "SMAPE": {
            "Temperature": 9.37383633629422,
            "Precipitation_accumulated": 2.8147291979374636,
            "Humidity": 2.1161785716561217,
            "Wind_Speed_kmh": 153.90071802028106,
            "Soil_Moisture": 2.455531286568137,
            "Soil_Temperature": 22.06531769997447,
            "Wind_Dir_Sin": 149.99312163998002,
            "Wind_Dir_Cos": 40.82017077657786
        }
    }
}