{
    "trial_number": 42,
    "input_chunk_length": 75,
    "output_chunk_length": 29,
    "num_blocks": 1,
    "hidden_size": 128,
    "ff_size": 245,
    "norm_type": "LayerNorm",
    "normalize_before": true,
    "activation": "GELU",
    "dropout": 0.1,
    "batch_size": 22,
    "lr": 0.0037668399642646682,
    "forecast_horizon": 19,
    "overall_smape_val": 52.226846368181995,
    "metrics": {
        "MSE": {
            "Temperature": 1.1651709971590327,
            "Precipitation_accumulated": 202.94128677396733,
            "Humidity": 21.397803986945252,
            "Wind_Speed_kmh": 0.2022535223187437,
            "Soil_Moisture": 172297.6713608773,
            "Soil_Temperature": 1.0659814863464243,
            "Wind_Dir_Sin": 0.11216753346115765,
            "Wind_Dir_Cos": 0.13777532227673936
        },
        "RMSE": {
            "Temperature": 1.0794308672439532,
            "Precipitation_accumulated": 14.245746269464696,
            "Humidity": 4.625776041589698,
            "Wind_Speed_kmh": 0.4497260525239156,
            "Soil_Moisture": 415.0875466222485,
            "Soil_Temperature": 1.0324637942060846,
            "Wind_Dir_Sin": 0.33491421806360755,
            "Wind_Dir_Cos": 0.371180983183055
        },
        "MAE": {
            "Temperature": 0.7659686330880443,
            "Precipitation_accumulated": 11.456013048421376,
            "Humidity": 3.3806350810896797,
            "Wind_Speed_kmh": 0.18093711674326032,
            "Soil_Moisture": 217.30388629402307,
            "Soil_Temperature": 0.7148460165172847,
            "Wind_Dir_Sin": 0.2055534126581513,
            "Wind_Dir_Cos": 0.28604423962363884
        },
        "R2": {
            "Temperature": 0.6551848302289591,
            "Precipitation_accumulated": -212.2413563920317,
            "Humidity": 0.6714060047502438,
            "Wind_Speed_kmh": 0.4127179355484567,
            "Soil_Moisture": 0.7697723480582724,
            "Soil_Temperature": 0.8090515219598549,
            "Wind_Dir_Sin": 0.3094925814913332,
            "Wind_Dir_Cos": 0.5246720808440288
        },
        "SMAPE": {
            "Temperature": 13.578936171643221,
            "Precipitation_accumulated": 2.54051196308575,
            "Humidity": 4.026200277777106,
            "Wind_Speed_kmh": 160.97697784230667,
            "Soil_Moisture": 3.4657652166534683,
            "Soil_Temperature": 18.573906553724743,
            "Wind_Dir_Sin": 158.39622500435397,
            "Wind_Dir_Cos": 56.256247915910954
        }
    }
}