{
    "trial_number": 247,
    "input_chunk_length": 81,
    "output_chunk_length": 14,
    "num_blocks": 1,
    "hidden_size": 32,
    "ff_size": 67,
    "norm_type": "LayerNorm",
    "normalize_before": true,
    "activation": "ReLU",
    "dropout": 0.3,
    "batch_size": 23,
    "lr": 0.007147897126800497,
    "forecast_horizon": 2,
    "overall_smape_val": 53.59579800262663,
    "metrics": {
        "MSE": {
            "Temperature": 3.0725169143721214,
            "Precipitation_accumulated": 132.660534096083,
            "Humidity": 10.007337582469672,
            "Wind_Speed_kmh": 0.14057491105896178,
            "Soil_Moisture": 46798.381053615805,
            "Soil_Temperature": 3.0971643384962233,
            "Wind_Dir_Sin": 0.0765203321797293,
            "Wind_Dir_Cos": 0.07946943365239922
        },
        "RMSE": {
            "Temperature": 1.7528596390961033,
            "Precipitation_accumulated": 11.517835477904823,
            "Humidity": 3.163437621080851,
            "Wind_Speed_kmh": 0.374933208797196,
            "Soil_Moisture": 216.32933470432485,
            "Soil_Temperature": 1.7598762281752156,
            "Wind_Dir_Sin": 0.2766230868523618,
            "Wind_Dir_Cos": 0.28190323455469474
        },
        "MAE": {
            "Temperature": 1.509322207317487,
            "Precipitation_accumulated": 8.517434956581479,
            "Humidity": 2.3254417244100023,
            "Wind_Speed_kmh": 0.2518021080760002,
            "Soil_Moisture": 153.56831517811196,
            "Soil_Temperature": 1.338309721848762,
            "Wind_Dir_Sin": 0.1624956365031948,
            "Wind_Dir_Cos": 0.1862407834840603
        },
        "R2": {
            "Temperature": 0.09747271852284445,
            "Precipitation_accumulated": -138.76866917504026,
            "Humidity": 0.8461087832927376,
            "Wind_Speed_kmh": 0.5869186606984267,
            "Soil_Moisture": 0.9367563948753213,
            "Soil_Temperature": 0.44813799321125947,
            "Wind_Dir_Sin": 0.5235909909151397,
            "Wind_Dir_Cos": 0.7231926822485364
        },
        "SMAPE": {
            "Temperature": 23.528428458017668,
            "Precipitation_accumulated": 1.882157903380769,
            "Humidity": 2.7072753037033404,
            "Wind_Speed_kmh": 172.47014891830116,
            "Soil_Moisture": 2.5193327539826957,
            "Soil_Temperature": 26.75233683914547,
            "Wind_Dir_Sin": 152.32300423085275,
            "Wind_Dir_Cos": 46.58369961362922
        }
    }
}