{
    "trial_number": 75,
    "input_chunk_length": 28,
    "output_chunk_length": 2,
    "hidden_size": 32,
    "num_blocks": 1,
    "ff_size": 49,
    "norm_type": "LayerNorm",
    "normalize_before": true,
    "activation": "ReLU",
    "dropout": 0.43196593253839216,
    "batch_size": 80,
    "lr": 0.004754721469167949,
    "loss_function": "huber",
    "optimizer": "AdamW",
    "overall_mae_val": 0.09477280302542021,
    "metrics": {
        "MSE": {
            "Temperature": 3.567919511863445,
            "Precipitation_accumulated": 61.57904950444836,
            "Humidity": 23.22390961957166,
            "Wind_Speed_kmh": 0.8844927358559267,
            "Soil_Moisture": 3664.198206974352,
            "Soil_Temperature": 2.1077482904892317,
            "Wind_Dir_Sin": 0.4691481178712305,
            "Wind_Dir_Cos": 0.3562639015800655
        },
        "RMSE": {
            "Temperature": 1.8888937269903368,
            "Precipitation_accumulated": 7.847231964485844,
            "Humidity": 4.819119174659583,
            "Wind_Speed_kmh": 0.9404747396160764,
            "Soil_Moisture": 60.53262101523733,
            "Soil_Temperature": 1.4518086273642377,
            "Wind_Dir_Sin": 0.6849438793589081,
            "Wind_Dir_Cos": 0.5968784646643448
        },
        "MAE": {
            "Temperature": 1.5319870157511035,
            "Precipitation_accumulated": 6.68356374697865,
            "Humidity": 3.5665932947017933,
            "Wind_Speed_kmh": 0.7055625718349418,
            "Soil_Moisture": 42.388142363291365,
            "Soil_Temperature": 1.2355440421133228,
            "Wind_Dir_Sin": 0.5767097358111531,
            "Wind_Dir_Cos": 0.49089157846018766
        },
        "R2": {
            "Temperature": 0.8828158283881532,
            "Precipitation_accumulated": -16.942368806695402,
            "Humidity": 0.8415098498386087,
            "Wind_Speed_kmh": 0.3446634086244964,
            "Soil_Moisture": 0.9359577894092685,
            "Soil_Temperature": 0.869241463560549,
            "Wind_Dir_Sin": 0.14779689493354886,
            "Wind_Dir_Cos": 0.028386013773623486
        },
        "SMAPE": {
            "Temperature": 27.58640988720128,
            "Precipitation_accumulated": 1.451531673963544,
            "Humidity": 4.246861472184595,
            "Wind_Speed_kmh": 66.86928847571757,
            "Soil_Moisture": 0.49436799747417437,
            "Soil_Temperature": 28.96513856942778,
            "Wind_Dir_Sin": 118.77215284433775,
            "Wind_Dir_Cos": 120.02088341836428
        }
    }
}