{
    "trial_number": 214,
    "input_chunk_length": 21,
    "output_chunk_length": 18,
    "num_blocks": 1,
    "hidden_size": 32,
    "ff_size": 40,
    "norm_type": "LayerNorm",
    "normalize_before": true,
    "activation": "ReLU",
    "dropout": 0.3,
    "batch_size": 18,
    "lr": 0.0037814913765149673,
    "forecast_horizon": 4,
    "overall_smape_val": 49.72971143697893,
    "metrics": {
        "MSE": {
            "Temperature": 1.0792496603480226,
            "Precipitation_accumulated": 14.378453461134617,
            "Humidity": 12.371862210670947,
            "Wind_Speed_kmh": 0.15066339175423898,
            "Soil_Moisture": 57312.67596506565,
            "Soil_Temperature": 0.8648560587709858,
            "Wind_Dir_Sin": 0.08641724027895026,
            "Wind_Dir_Cos": 0.09375868797276171
        },
        "RMSE": {
            "Temperature": 1.03886941448289,
            "Precipitation_accumulated": 3.791893123643468,
            "Humidity": 3.517365805637928,
            "Wind_Speed_kmh": 0.38815382486101946,
            "Soil_Moisture": 239.40065990941974,
            "Soil_Temperature": 0.9299763753832598,
            "Wind_Dir_Sin": 0.2939680939812181,
            "Wind_Dir_Cos": 0.3062004049193301
        },
        "MAE": {
            "Temperature": 0.7636771653404194,
            "Precipitation_accumulated": 3.067768742876782,
            "Humidity": 2.454679339413076,
            "Wind_Speed_kmh": 0.15516846349858426,
            "Soil_Moisture": 87.48062697179928,
            "Soil_Temperature": 0.604805804783843,
            "Wind_Dir_Sin": 0.1666694906990158,
            "Wind_Dir_Cos": 0.15085095587540392
        },
        "R2": {
            "Temperature": 0.6826934428429654,
            "Precipitation_accumulated": -14.143926820090359,
            "Humidity": 0.8097635906387595,
            "Wind_Speed_kmh": 0.5578907713674446,
            "Soil_Moisture": 0.9226483774975558,
            "Soil_Temperature": 0.8457961059704131,
            "Wind_Dir_Sin": 0.4626842566354227,
            "Wind_Dir_Cos": 0.6737867066201146
        },
        "SMAPE": {
            "Temperature": 13.077937195317459,
            "Precipitation_accumulated": 0.664717809624422,
            "Humidity": 2.9129045530639703,
            "Wind_Speed_kmh": 165.04955154379562,
            "Soil_Moisture": 1.3612103429312468,
            "Soil_Temperature": 16.987511767070245,
            "Wind_Dir_Sin": 156.3236514669668,
            "Wind_Dir_Cos": 41.460206817061646
        }
    }
}