{
    "trial_number": 198,
    "input_chunk_length": 21,
    "output_chunk_length": 18,
    "num_blocks": 1,
    "hidden_size": 32,
    "ff_size": 84,
    "norm_type": "LayerNorm",
    "normalize_before": true,
    "activation": "ReLU",
    "dropout": 0.3,
    "batch_size": 17,
    "lr": 0.002775859689748454,
    "forecast_horizon": 3,
    "overall_smape_val": 51.00053529239777,
    "metrics": {
        "MSE": {
            "Temperature": 1.2107552031769433,
            "Precipitation_accumulated": 109.99212185023872,
            "Humidity": 18.068845303610715,
            "Wind_Speed_kmh": 0.17375039330788997,
            "Soil_Moisture": 57365.593707248714,
            "Soil_Temperature": 0.9484293767437012,
            "Wind_Dir_Sin": 0.08373056705977588,
            "Wind_Dir_Cos": 0.08132575955545857
        },
        "RMSE": {
            "Temperature": 1.1003432206257024,
            "Precipitation_accumulated": 10.487712898923135,
            "Humidity": 4.2507464407572835,
            "Wind_Speed_kmh": 0.41683377179385306,
            "Soil_Moisture": 239.51115570521702,
            "Soil_Temperature": 0.9738733884564775,
            "Wind_Dir_Sin": 0.2893623456149329,
            "Wind_Dir_Cos": 0.2851767163627819
        },
        "MAE": {
            "Temperature": 0.8186583322474635,
            "Precipitation_accumulated": 8.856156285089291,
            "Humidity": 3.5763318924070866,
            "Wind_Speed_kmh": 0.2786074167544212,
            "Soil_Moisture": 122.82498399229281,
            "Soil_Temperature": 0.6628422272595971,
            "Wind_Dir_Sin": 0.18918285545637542,
            "Wind_Dir_Cos": 0.16266621617343774
        },
        "R2": {
            "Temperature": 0.6441804097888858,
            "Precipitation_accumulated": -114.86670119247381,
            "Humidity": 0.722145392864208,
            "Wind_Speed_kmh": 0.48978796289261406,
            "Soil_Moisture": 0.9225261176473709,
            "Soil_Temperature": 0.8309506945900025,
            "Wind_Dir_Sin": 0.479044929598026,
            "Wind_Dir_Cos": 0.71688559186482
        },
        "SMAPE": {
            "Temperature": 14.381663276039127,
            "Precipitation_accumulated": 1.9018098590630048,
            "Humidity": 4.305323316462065,
            "Wind_Speed_kmh": 170.74196820289433,
            "Soil_Moisture": 1.9494181579634964,
            "Soil_Temperature": 17.846392731641014,
            "Wind_Dir_Sin": 153.9252128140928,
            "Wind_Dir_Cos": 42.95249398102609
        }
    }
}