{
    "trial_number": 23,
    "input_chunk_length": 37,
    "output_chunk_length": 8,
    "hidden_size": 32,
    "num_blocks": 1,
    "ff_size": 77,
    "norm_type": "LayerNorm",
    "normalize_before": true,
    "activation": "ReLU",
    "dropout": 0.40471472185520035,
    "batch_size": 113,
    "lr": 0.0017657318337414875,
    "loss_function": "huber",
    "optimizer": "AdamW",
    "overall_mae_val": 0.12332669421730759,
    "metrics": {
        "MSE": {
            "Temperature": 7.321540035005731,
            "Precipitation_accumulated": 169.2558414796903,
            "Humidity": 80.28317313047097,
            "Wind_Speed_kmh": 1.237650014879549,
            "Soil_Moisture": 66061.41373638467,
            "Soil_Temperature": 9.614109879344918,
            "Wind_Dir_Sin": 0.6207052913298807,
            "Wind_Dir_Cos": 0.37070341251843736
        },
        "RMSE": {
            "Temperature": 2.7058344433844677,
            "Precipitation_accumulated": 13.009836335622762,
            "Humidity": 8.960087785868561,
            "Wind_Speed_kmh": 1.1124971976951443,
            "Soil_Moisture": 257.0241501034186,
            "Soil_Temperature": 3.1006628129070917,
            "Wind_Dir_Sin": 0.7878485205481323,
            "Wind_Dir_Cos": 0.6088541800122894
        },
        "MAE": {
            "Temperature": 2.1032525936455695,
            "Precipitation_accumulated": 11.687841642791524,
            "Humidity": 7.037921081829423,
            "Wind_Speed_kmh": 0.8910737188884329,
            "Soil_Moisture": 214.00458413174064,
            "Soil_Temperature": 2.64088788096628,
            "Wind_Dir_Sin": 0.6850640977529703,
            "Wind_Dir_Cos": 0.5238908708729331
        },
        "R2": {
            "Temperature": 0.7602449854963295,
            "Precipitation_accumulated": -49.48919697578561,
            "Humidity": 0.4526763436353374,
            "Wind_Speed_kmh": 0.08131678041996782,
            "Soil_Moisture": -0.22785086800472953,
            "Soil_Temperature": 0.40370211699254765,
            "Wind_Dir_Sin": -0.12535197027678602,
            "Wind_Dir_Cos": -0.011438525973450409
        },
        "SMAPE": {
            "Temperature": 34.55491722662429,
            "Precipitation_accumulated": 2.55549814728653,
            "Humidity": 8.386682403317925,
            "Wind_Speed_kmh": 72.66879904424576,
            "Soil_Moisture": 2.5357979066608896,
            "Soil_Temperature": 51.047574409774,
            "Wind_Dir_Sin": 141.27189313293556,
            "Wind_Dir_Cos": 136.55349129996387
        }
    }
}