{
    "trial_number": 143,
    "input_chunk_length": 21,
    "output_chunk_length": 17,
    "num_blocks": 1,
    "hidden_size": 32,
    "ff_size": 71,
    "norm_type": "LayerNorm",
    "normalize_before": true,
    "activation": "ReLU",
    "dropout": 0.3,
    "batch_size": 20,
    "lr": 0.0041335103581449885,
    "forecast_horizon": 4,
    "overall_smape_val": 52.49759464502445,
    "metrics": {
        "MSE": {
            "Temperature": 2.6666557039001977,
            "Precipitation_accumulated": 80.0178443554604,
            "Humidity": 10.554776764145101,
            "Wind_Speed_kmh": 0.16060081038881915,
            "Soil_Moisture": 63123.44559642772,
            "Soil_Temperature": 1.8572093851542877,
            "Wind_Dir_Sin": 0.08646158342489668,
            "Wind_Dir_Cos": 0.0957999092696321
        },
        "RMSE": {
            "Temperature": 1.632989805204,
            "Precipitation_accumulated": 8.945269384175102,
            "Humidity": 3.248811592589681,
            "Wind_Speed_kmh": 0.40075030928100247,
            "Soil_Moisture": 251.243797130253,
            "Soil_Temperature": 1.3627946966268571,
            "Wind_Dir_Sin": 0.2940435060070137,
            "Wind_Dir_Cos": 0.30951560424255203
        },
        "MAE": {
            "Temperature": 1.159935687993524,
            "Precipitation_accumulated": 7.4035963571485786,
            "Humidity": 2.2864861821876596,
            "Wind_Speed_kmh": 0.19426768747792633,
            "Soil_Moisture": 114.62701730413944,
            "Soil_Temperature": 1.1607051944325502,
            "Wind_Dir_Sin": 0.17246142754273602,
            "Wind_Dir_Cos": 0.1902663664213925
        },
        "R2": {
            "Temperature": 0.21598553919870067,
            "Precipitation_accumulated": -83.27779680867359,
            "Humidity": 0.8377040740488877,
            "Wind_Speed_kmh": 0.5287302404914402,
            "Soil_Moisture": 0.9148059159233003,
            "Soil_Temperature": 0.6688594404645062,
            "Wind_Dir_Sin": 0.46240854463223424,
            "Wind_Dir_Cos": 0.6666847138750508
        },
        "SMAPE": {
            "Temperature": 20.628578055876233,
            "Precipitation_accumulated": 1.6158586977261038,
            "Humidity": 2.7229055254404826,
            "Wind_Speed_kmh": 162.82254766216388,
            "Soil_Moisture": 1.7992441648551594,
            "Soil_Temperature": 27.90259604824493,
            "Wind_Dir_Sin": 157.07094671796895,
            "Wind_Dir_Cos": 45.41808028791981
        }
    }
}