{
    "trial_number": 161,
    "input_chunk_length": 23,
    "output_chunk_length": 19,
    "num_blocks": 1,
    "hidden_size": 32,
    "ff_size": 112,
    "norm_type": "LayerNorm",
    "normalize_before": true,
    "activation": "ReLU",
    "dropout": 0.3,
    "batch_size": 19,
    "lr": 0.0023909426633656897,
    "forecast_horizon": 3,
    "overall_smape_val": 50.41423700726395,
    "metrics": {
        "MSE": {
            "Temperature": 1.1591413486992777,
            "Precipitation_accumulated": 53.77298633579987,
            "Humidity": 8.89376521366766,
            "Wind_Speed_kmh": 0.14142654829363835,
            "Soil_Moisture": 66569.30193353689,
            "Soil_Temperature": 0.7937799235421295,
            "Wind_Dir_Sin": 0.0838989340791805,
            "Wind_Dir_Cos": 0.09418341266678136
        },
        "RMSE": {
            "Temperature": 1.0766342687743493,
            "Precipitation_accumulated": 7.33300663683048,
            "Humidity": 2.9822416424005045,
            "Wind_Speed_kmh": 0.376067212468248,
            "Soil_Moisture": 258.0102748603956,
            "Soil_Temperature": 0.8909432773988081,
            "Wind_Dir_Sin": 0.28965312716968983,
            "Wind_Dir_Cos": 0.30689316164877534
        },
        "MAE": {
            "Temperature": 0.7333310018746314,
            "Precipitation_accumulated": 5.788383554693629,
            "Humidity": 2.197723265212205,
            "Wind_Speed_kmh": 0.17468029635903126,
            "Soil_Moisture": 155.211380496481,
            "Soil_Temperature": 0.6294499845479677,
            "Wind_Dir_Sin": 0.1855778807715031,
            "Wind_Dir_Cos": 0.22199720994553426
        },
        "R2": {
            "Temperature": 0.6593488108837313,
            "Precipitation_accumulated": -55.64495270379748,
            "Humidity": 0.8632356634926869,
            "Wind_Speed_kmh": 0.5847058188921713,
            "Soil_Moisture": 0.9100962452752617,
            "Soil_Temperature": 0.8585156174897141,
            "Wind_Dir_Sin": 0.4779973832176858,
            "Wind_Dir_Cos": 0.6721250280469409
        },
        "SMAPE": {
            "Temperature": 12.897322842579552,
            "Precipitation_accumulated": 1.2721541294761876,
            "Humidity": 2.610236022789994,
            "Wind_Speed_kmh": 160.74991342868032,
            "Soil_Moisture": 2.50408607546768,
            "Soil_Temperature": 18.20339588532138,
            "Wind_Dir_Sin": 154.59143453436616,
            "Wind_Dir_Cos": 50.48535313943022
        }
    }
}