{
    "trial_number": 4,
    "input_chunk_length": 79,
    "output_chunk_length": 37,
    "num_blocks": 4,
    "hidden_size": 64,
    "ff_size": 245,
    "norm_type": "LayerNorm",
    "normalize_before": true,
    "activation": "ReLU",
    "dropout": 0.3,
    "batch_size": 38,
    "lr": 0.0002124665817233388,
    "forecast_horizon": 12,
    "overall_smape_val": 51.37614886249027,
    "metrics": {
        "MSE": {
            "Temperature": 0.8588938639098755,
            "Precipitation_accumulated": 17.21863633090888,
            "Humidity": 15.468236642458484,
            "Wind_Speed_kmh": 0.16202460851143347,
            "Soil_Moisture": 133093.23109868568,
            "Soil_Temperature": 1.0567215155077203,
            "Wind_Dir_Sin": 0.10917487048640759,
            "Wind_Dir_Cos": 0.1334651544195091
        },
        "RMSE": {
            "Temperature": 0.9267652690459842,
            "Precipitation_accumulated": 4.149534471589419,
            "Humidity": 3.932967917801833,
            "Wind_Speed_kmh": 0.4025228049582203,
            "Soil_Moisture": 364.81945000052514,
            "Soil_Temperature": 1.0279696082607308,
            "Wind_Dir_Sin": 0.33041620796566196,
            "Wind_Dir_Cos": 0.3653288305342313
        },
        "MAE": {
            "Temperature": 0.6663503830684874,
            "Precipitation_accumulated": 3.249590062827048,
            "Humidity": 2.9484359427623756,
            "Wind_Speed_kmh": 0.18031989422096342,
            "Soil_Moisture": 208.3667058044576,
            "Soil_Temperature": 0.7256910191119629,
            "Wind_Dir_Sin": 0.19666509411024766,
            "Wind_Dir_Cos": 0.2275064992828057
        },
        "R2": {
            "Temperature": 0.7468694622247133,
            "Precipitation_accumulated": -17.112141213110043,
            "Humidity": 0.7624196614148842,
            "Wind_Speed_kmh": 0.5272072987628651,
            "Soil_Moisture": 0.8213258099692144,
            "Soil_Temperature": 0.8111335714634245,
            "Wind_Dir_Sin": 0.32477462762442666,
            "Wind_Dir_Cos": 0.537720571211229
        },
        "SMAPE": {
            "Temperature": 11.72758710062181,
            "Precipitation_accumulated": 0.7062853693623348,
            "Humidity": 3.4795824852179535,
            "Wind_Speed_kmh": 166.66317473511162,
            "Soil_Moisture": 3.2550420965292157,
            "Soil_Temperature": 23.221580672018064,
            "Wind_Dir_Sin": 158.62718895467472,
            "Wind_Dir_Cos": 43.32874948638615
        }
    }
}