{
    "trial_number": 0,
    "fold_smape": [
        155.42353231043967,
        140.11928451396875,
        118.07315019355683
    ],
    "mean_smape": 137.8719890059884,
    "hyperparameters": {
        "input_chunk_length": 108,
        "hidden_size": 48,
        "dropout": 0.5,
        "batch_size": 224,
        "lr": 2.139716872753996e-06,
        "weight_decay": 0.0033272497940445363,
        "ff_size": 106,
        "num_blocks": 4,
        "activation": "GELU",
        "norm_type": "LayerNorm",
        "normalize_before": false
    },
    "metrics_per_fold": [
        {
            "Temperature": {
                "MSE": 681.0399880262745,
                "RMSE": 26.09674286240094,
                "MAE": 25.21461490724383,
                "R2": -33.58401434053038,
                "SMAPE": 199.99079864849222,
                "WAPE": 157.96441158479018
            },
            "Precipitation_accumulated": {
                "MSE": 188745.88183571072,
                "RMSE": 434.4489404242007,
                "MAE": 415.1183579845389,
                "R2": -10.454681829554422,
                "SMAPE": 194.89082370239532,
                "WAPE": 99.60380728950844
            },
            "Humidity": {
                "MSE": 2689.704966540215,
                "RMSE": 51.862365608793965,
                "MAE": 50.80540980292496,
                "R2": -34.88273566477734,
                "SMAPE": 85.37942589740939,
                "WAPE": 60.0151205729253
            },
            "Wind_Speed_kmh": {
                "MSE": 0.27377730628227764,
                "RMSE": 0.5232373326534314,
                "MAE": 0.2132070432090567,
                "R2": -0.7700029051082613,
                "SMAPE": 181.9427266507077,
                "WAPE": 128.59150152566642
            },
            "Soil_Moisture": {
                "MSE": 1169346.315240327,
                "RMSE": 1081.3631745349603,
                "MAE": 764.030286131268,
                "R2": -0.6352470819829157,
                "SMAPE": 10.93115291133596,
                "WAPE": 11.33945714601214
            },
            "Soil_Temperature": {
                "MSE": 417.8839185340606,
                "RMSE": 20.4422092380951,
                "MAE": 19.507749218721962,
                "R2": -19.647291154533956,
                "SMAPE": 197.61045411651526,
                "WAPE": 124.11340277198995
            },
            "Wind_Dir_Sin": {
                "MSE": 1.2617548907276415,
                "RMSE": 1.1232786345015386,
                "MAE": 1.054400867655772,
                "R2": -11.422209633727496,
                "SMAPE": 192.02920977944697,
                "WAPE": 815.4195199246769
            },
            "Wind_Dir_Cos": {
                "MSE": 4.541595028205041,
                "RMSE": 2.1311018343113126,
                "MAE": 2.0332493777478104,
                "R2": -11.727622886549366,
                "SMAPE": 180.61366677721463,
                "WAPE": 219.75588837540587
            }
        },
        {
            "Temperature": {
                "MSE": 213.91167961222936,
                "RMSE": 14.625719798089575,
                "MAE": 14.529438154217964,
                "R2": -80.37039393960185,
                "SMAPE": 200.0,
                "WAPE": 175.56322827699776
            },
            "Precipitation_accumulated": {
                "MSE": 147362.5394761173,
                "RMSE": 383.87828732049604,
                "MAE": 383.7577012887659,
                "R2": -633373.8530817017,
                "SMAPE": 143.96774103565582,
                "WAPE": 83.67200340437178
            },
            "Humidity": {
                "MSE": 1310.1892315604066,
                "RMSE": 36.19653618180069,
                "MAE": 35.61015948459513,
                "R2": -33.79079709158589,
                "SMAPE": 50.87728089267543,
                "WAPE": 40.74285273021127
            },
            "Wind_Speed_kmh": {
                "MSE": 6.976342687590673,
                "RMSE": 2.6412767154523347,
                "MAE": 2.639776537168768,
                "R2": -6468.97929416807,
                "SMAPE": 199.3039078307416,
                "WAPE": 31196.4202003221
            },
            "Soil_Moisture": {
                "MSE": 53347.011003810396,
                "RMSE": 230.96971880272616,
                "MAE": 172.02976035287585,
                "R2": -0.6564675438872554,
                "SMAPE": 2.9419789590336536,
                "WAPE": 2.9391205910014655
            },
            "Soil_Temperature": {
                "MSE": 51.025650945801445,
                "RMSE": 7.143224128207195,
                "MAE": 6.950986109303242,
                "R2": -28.6675835854821,
                "SMAPE": 126.4529630428572,
                "WAPE": 77.97945317693761
            },
            "Wind_Dir_Sin": {
                "MSE": 2.767058970009779,
                "RMSE": 1.663447916229955,
                "MAE": 1.650421617057744,
                "R2": -88.51936843610015,
                "SMAPE": 199.74560542712726,
                "WAPE": 4096.28430247354
            },
            "Wind_Dir_Cos": {
                "MSE": 3.0777266262848944,
                "RMSE": 1.754345070470714,
                "MAE": 1.7402876301851185,
                "R2": -64.93198451410345,
                "SMAPE": 197.66479892365936,
                "WAPE": 178.85971752745078
            }
        },
        {
            "Temperature": {
                "MSE": 367.64391102561376,
                "RMSE": 19.174042636481587,
                "MAE": 18.05248627641377,
                "R2": -11.99914256058731,
                "SMAPE": 199.50546666902147,
                "WAPE": 217.42711279714257
            },
            "Precipitation_accumulated": {
                "MSE": 138797.37273215977,
                "RMSE": 372.55519420907257,
                "MAE": 371.28712011939564,
                "R2": -30222.578711902497,
                "SMAPE": 134.43252425236147,
                "WAPE": 80.03564366311608
            },
            "Humidity": {
                "MSE": 1674.5441843033939,
                "RMSE": 40.92119480542319,
                "MAE": 38.562534274452055,
                "R2": -10.68646965524367,
                "SMAPE": 55.92436882898817,
                "WAPE": 44.07728288957815
            },
            "Wind_Speed_kmh": {
                "MSE": 1.7223423309360795,
                "RMSE": 1.3123804063365467,
                "MAE": 1.0970113426628998,
                "R2": -0.24026595761974678,
                "SMAPE": 84.66635048639566,
                "WAPE": 79.17220329928593
            },
            "Soil_Moisture": {
                "MSE": 12738519.444428207,
                "RMSE": 3569.1062528913603,
                "MAE": 3454.745941981998,
                "R2": -22.496307149967475,
                "SMAPE": 51.73447325848636,
                "WAPE": 41.297343577380474
            },
            "Soil_Temperature": {
                "MSE": 57.67484702683449,
                "RMSE": 7.594395764432776,
                "MAE": 6.469137751641199,
                "R2": -2.407405019800444,
                "SMAPE": 147.84541814929008,
                "WAPE": 93.14388477068151
            },
            "Wind_Dir_Sin": {
                "MSE": 3.4812057032843855,
                "RMSE": 1.8657989450324988,
                "MAE": 1.7067805625034063,
                "R2": -5.514327252218128,
                "SMAPE": 156.43189783281278,
                "WAPE": 245.76362776885918
            },
            "Wind_Dir_Cos": {
                "MSE": 0.9637900894142534,
                "RMSE": 0.981728113794371,
                "MAE": 0.7770245536170179,
                "R2": -1.4033569735824534,
                "SMAPE": 114.04470207109841,
                "WAPE": 135.18100593618846
            }
        }
    ]
}