{
    "trial_number": 62,
    "input_chunk_length": 62,
    "output_chunk_length": 28,
    "num_blocks": 1,
    "hidden_size": 128,
    "ff_size": 277,
    "norm_type": "LayerNorm",
    "normalize_before": true,
    "activation": "GELU",
    "dropout": 0.15000000000000002,
    "batch_size": 25,
    "lr": 0.00471902810082933,
    "forecast_horizon": 20,
    "overall_smape_val": 56.66838222134125,
    "metrics": {
        "MSE": {
            "Temperature": 5.352830345839412,
            "Precipitation_accumulated": 465.99108699749036,
            "Humidity": 29.400369463397553,
            "Wind_Speed_kmh": 0.19785382952900407,
            "Soil_Moisture": 188168.4335805984,
            "Soil_Temperature": 2.1864799198670815,
            "Wind_Dir_Sin": 0.1442135305582505,
            "Wind_Dir_Cos": 0.15450799555448397
        },
        "RMSE": {
            "Temperature": 2.3136184529518715,
            "Precipitation_accumulated": 21.586826700501636,
            "Humidity": 5.422210754240152,
            "Wind_Speed_kmh": 0.44480763204896123,
            "Soil_Moisture": 433.7838558321395,
            "Soil_Temperature": 1.4786750555369093,
            "Wind_Dir_Sin": 0.37975456621119186,
            "Wind_Dir_Cos": 0.39307505079117394
        },
        "MAE": {
            "Temperature": 1.9859751085422463,
            "Precipitation_accumulated": 19.8062970563168,
            "Humidity": 3.7046054021583874,
            "Wind_Speed_kmh": 0.24112994067312243,
            "Soil_Moisture": 237.73755704368435,
            "Soil_Temperature": 1.0659074796059267,
            "Wind_Dir_Sin": 0.30780924842338453,
            "Wind_Dir_Cos": 0.2558429802486618
        },
        "R2": {
            "Temperature": -0.5856128328370518,
            "Precipitation_accumulated": -488.56767019905277,
            "Humidity": 0.548269562647849,
            "Wind_Speed_kmh": 0.4258985254312455,
            "Soil_Moisture": 0.7487319912730119,
            "Soil_Temperature": 0.6081724485069904,
            "Wind_Dir_Sin": 0.11280889984152243,
            "Wind_Dir_Cos": 0.4672450942443339
        },
        "SMAPE": {
            "Temperature": 35.7260514097013,
            "Precipitation_accumulated": 4.204212629750892,
            "Humidity": 4.338672031192435,
            "Wind_Speed_kmh": 167.32776782089695,
            "Soil_Moisture": 3.7826081459485392,
            "Soil_Temperature": 23.103154903033815,
            "Wind_Dir_Sin": 161.4841858897512,
            "Wind_Dir_Cos": 53.38040494045473
        }
    }
}