{
    "trial_number": 36,
    "fold_smape": [
        121.30336381644199,
        52.49418113831864,
        69.03533477178729
    ],
    "mean_smape": 80.94429324218264,
    "hyperparameters": {
        "input_chunk_length": 36,
        "hidden_size": 136,
        "dropout": 0.4,
        "batch_size": 120,
        "lr": 0.002564166534312408,
        "weight_decay": 0.0016568882391184874,
        "ff_size": 325,
        "num_blocks": 3,
        "activation": "GELU",
        "norm_type": "LayerNorm",
        "normalize_before": false
    },
    "metrics_per_fold": [
        {
            "Temperature": {
                "MSE": 28.643389790885525,
                "RMSE": 5.351951960816308,
                "MAE": 4.236793222865874,
                "R2": -0.3769498883662534,
                "SMAPE": 28.972865282482477,
                "WAPE": 26.740962564285493
            },
            "Precipitation_accumulated": {
                "MSE": 172741.82657945727,
                "RMSE": 415.6222161764903,
                "MAE": 389.5186779190218,
                "R2": -6.983339940761673,
                "SMAPE": 167.61973724289115,
                "WAPE": 96.85031885711138
            },
            "Humidity": {
                "MSE": 4351.3202404964695,
                "RMSE": 65.96453774943375,
                "MAE": 61.89189162409378,
                "R2": -54.649770308508685,
                "SMAPE": 121.40132415470582,
                "WAPE": 73.23888012687543
            },
            "Wind_Speed_kmh": {
                "MSE": 10.285476821891512,
                "RMSE": 3.2070978815576416,
                "MAE": 3.10321555869767,
                "R2": -50.834429823470145,
                "SMAPE": 197.9081541185941,
                "WAPE": 1519.6577517356175
            },
            "Soil_Moisture": {
                "MSE": 187054.73105449646,
                "RMSE": 432.4982439900727,
                "MAE": 284.5214946560037,
                "R2": 0.7993736234055815,
                "SMAPE": 4.1081404166059095,
                "WAPE": 4.164202221565328
            },
            "Soil_Temperature": {
                "MSE": 115.17880326042805,
                "RMSE": 10.732138801768642,
                "MAE": 9.666577762204673,
                "R2": -4.404818365068975,
                "SMAPE": 90.35311956265062,
                "WAPE": 61.96204493286238
            },
            "Wind_Dir_Sin": {
                "MSE": 0.7902920705678271,
                "RMSE": 0.88898372907935,
                "MAE": 0.8346129292562118,
                "R2": -6.047894204800834,
                "SMAPE": 185.45792536589937,
                "WAPE": 576.7730318718941
            },
            "Wind_Dir_Cos": {
                "MSE": 2.5966692518579655,
                "RMSE": 1.6114183975175305,
                "MAE": 1.5033364414299164,
                "R2": -5.269340666296401,
                "SMAPE": 174.6056443877067,
                "WAPE": 163.60498408386644
            }
        },
        {
            "Temperature": {
                "MSE": 1.281317383615728,
                "RMSE": 1.1319529069779042,
                "MAE": 0.898050999281249,
                "R2": 0.5265503396233793,
                "SMAPE": 11.426564821039427,
                "WAPE": 10.750708570730964
            },
            "Precipitation_accumulated": {
                "MSE": 24.67984672580057,
                "RMSE": 4.967881512858431,
                "MAE": 4.155635079476717,
                "R2": -105.67284864672702,
                "SMAPE": 0.9009809681409469,
                "WAPE": 0.9060991127179744
            },
            "Humidity": {
                "MSE": 22.05471815418501,
                "RMSE": 4.696245112234349,
                "MAE": 3.482100019929161,
                "R2": 0.4082419265414714,
                "SMAPE": 4.077956709405848,
                "WAPE": 3.975635467097468
            },
            "Wind_Speed_kmh": {
                "MSE": 0.004403154982781666,
                "RMSE": 0.06635627312305648,
                "MAE": 0.05364268246686066,
                "R2": -3.2345693070895427,
                "SMAPE": 194.13980294812498,
                "WAPE": 657.3950204135896
            },
            "Soil_Moisture": {
                "MSE": 25453.646289088396,
                "RMSE": 159.54198910972747,
                "MAE": 134.5085152611215,
                "R2": 0.29953587908258295,
                "SMAPE": 2.286390901904182,
                "WAPE": 2.292876001161351
            },
            "Soil_Temperature": {
                "MSE": 0.27672709095706993,
                "RMSE": 0.5260485633067254,
                "MAE": 0.3958895074796222,
                "R2": 0.8427340545965613,
                "SMAPE": 4.418813445392415,
                "WAPE": 4.412161938896602
            },
            "Wind_Dir_Sin": {
                "MSE": 0.02398280301519904,
                "RMSE": 0.1548638208724008,
                "MAE": 0.07164603727009951,
                "R2": 0.19673807066096205,
                "SMAPE": 191.83464055948014,
                "WAPE": 184.40202608276223
            },
            "Wind_Dir_Cos": {
                "MSE": 0.0462570887659509,
                "RMSE": 0.21507461209066706,
                "MAE": 0.07344973559021735,
                "R2": -0.026321067723316105,
                "SMAPE": 10.868298753061062,
                "WAPE": 7.541397264913027
            }
        },
        {
            "Temperature": {
                "MSE": 18.63827751813906,
                "RMSE": 4.317207143297511,
                "MAE": 3.4346632182289554,
                "R2": 0.32622065353168805,
                "SMAPE": 49.22373007964672,
                "WAPE": 41.93550241171972
            },
            "Precipitation_accumulated": {
                "MSE": 2881.8968600364906,
                "RMSE": 53.68330150089961,
                "MAE": 50.29133508224675,
                "R2": -596.7547629783982,
                "SMAPE": 11.270451503156092,
                "WAPE": 10.843751481346432
            },
            "Humidity": {
                "MSE": 207.00704217011776,
                "RMSE": 14.387739300186036,
                "MAE": 11.305449481680172,
                "R2": -0.44452671287695744,
                "SMAPE": 13.035453267745753,
                "WAPE": 12.986688338198922
            },
            "Wind_Speed_kmh": {
                "MSE": 2.1719563368931967,
                "RMSE": 1.4737558606815433,
                "MAE": 1.0762607069564332,
                "R2": -0.5471651520849159,
                "SMAPE": 111.93703017879066,
                "WAPE": 80.40214296750047
            },
            "Soil_Moisture": {
                "MSE": 711128.3642280967,
                "RMSE": 843.2842724894712,
                "MAE": 744.2248121092047,
                "R2": 0.04725675899919446,
                "SMAPE": 9.308160212615363,
                "WAPE": 8.993951056758657
            },
            "Soil_Temperature": {
                "MSE": 13.225717708720971,
                "RMSE": 3.636717985865961,
                "MAE": 3.0503723718482196,
                "R2": 0.19127270972340138,
                "SMAPE": 48.59692574413094,
                "WAPE": 44.12262291338648
            },
            "Wind_Dir_Sin": {
                "MSE": 0.53483376101127,
                "RMSE": 0.731323294454149,
                "MAE": 0.6580522847823365,
                "R2": -0.035829625262653986,
                "SMAPE": 163.80458390947686,
                "WAPE": 97.76310740691825
            },
            "Wind_Dir_Cos": {
                "MSE": 0.6806176734622954,
                "RMSE": 0.824995559662169,
                "MAE": 0.6917843427741942,
                "R2": -0.5726855792083265,
                "SMAPE": 145.10634327873623,
                "WAPE": 117.31469114490666
            }
        }
    ]
}