{
    "trial_number": 71,
    "input_chunk_length": 82,
    "output_chunk_length": 35,
    "num_blocks": 1,
    "hidden_size": 128,
    "ff_size": 249,
    "norm_type": "LayerNorm",
    "normalize_before": true,
    "activation": "GELU",
    "dropout": 0.2,
    "batch_size": 20,
    "lr": 0.0033208961612208243,
    "forecast_horizon": 22,
    "overall_smape_val": 54.11922914930449,
    "metrics": {
        "MSE": {
            "Temperature": 1.792489367481864,
            "Precipitation_accumulated": 307.0949079394123,
            "Humidity": 23.936287895200486,
            "Wind_Speed_kmh": 0.2194804931409918,
            "Soil_Moisture": 227087.06244313024,
            "Soil_Temperature": 1.4043639272473347,
            "Wind_Dir_Sin": 0.12749887453866365,
            "Wind_Dir_Cos": 0.13675112370957773
        },
        "RMSE": {
            "Temperature": 1.3388388131070388,
            "Precipitation_accumulated": 17.52412359975278,
            "Humidity": 4.892472574803101,
            "Wind_Speed_kmh": 0.46848745249045015,
            "Soil_Moisture": 476.53652792113456,
            "Soil_Temperature": 1.1850586176419016,
            "Wind_Dir_Sin": 0.35706984546257003,
            "Wind_Dir_Cos": 0.3697987610979487
        },
        "MAE": {
            "Temperature": 1.030822921646512,
            "Precipitation_accumulated": 14.414922710895095,
            "Humidity": 3.7729095165104467,
            "Wind_Speed_kmh": 0.24582429563095706,
            "Soil_Moisture": 319.64022553508397,
            "Soil_Temperature": 0.7574477911310094,
            "Wind_Dir_Sin": 0.20470112196404613,
            "Wind_Dir_Cos": 0.2271356075666744
        },
        "R2": {
            "Temperature": 0.4680981072952971,
            "Precipitation_accumulated": -321.53501323006515,
            "Humidity": 0.6322161608230166,
            "Wind_Speed_kmh": 0.3640446818620935,
            "Soil_Moisture": 0.6971635864505372,
            "Soil_Temperature": 0.7481172367386902,
            "Wind_Dir_Sin": 0.21668410883477263,
            "Wind_Dir_Cos": 0.5290049866400197
        },
        "SMAPE": {
            "Temperature": 17.103904112627887,
            "Precipitation_accumulated": 3.2102990616579845,
            "Humidity": 4.526602759008602,
            "Wind_Speed_kmh": 173.35434374493784,
            "Soil_Moisture": 5.1403576582143735,
            "Soil_Temperature": 19.00558748828626,
            "Wind_Dir_Sin": 163.99142248072613,
            "Wind_Dir_Cos": 46.62131588897687
        }
    }
}