{
    "trial_number": 0,
    "input_chunk_length": 30,
    "output_chunk_length": 9,
    "hidden_size": 32,
    "num_blocks": 2,
    "ff_size": 39,
    "norm_type": "LayerNormNoBias",
    "normalize_before": true,
    "activation": "GELU",
    "dropout": 0.37326395152584924,
    "batch_size": 164,
    "lr": 3.0032112604548485e-05,
    "loss_function": "mae",
    "optimizer": "SGD",
    "overall_mae_val": 0.4158687948094733,
    "metrics": {
        "MSE": {
            "Temperature": 398.6267474165829,
            "Precipitation_accumulated": 35482.69858198364,
            "Humidity": 2787.632855074028,
            "Wind_Speed_kmh": 12.135494151174193,
            "Soil_Moisture": 2216136.35442131,
            "Soil_Temperature": 53.28585244295573,
            "Wind_Dir_Sin": 0.6619344544827214,
            "Wind_Dir_Cos": 2.3120455709530936
        },
        "RMSE": {
            "Temperature": 19.96563916874646,
            "Precipitation_accumulated": 188.3685180224754,
            "Humidity": 52.79803836388269,
            "Wind_Speed_kmh": 3.483603615679343,
            "Soil_Moisture": 1488.6693233963379,
            "Soil_Temperature": 7.29971591522271,
            "Wind_Dir_Sin": 0.813593543781366,
            "Wind_Dir_Cos": 1.5205412098832092
        },
        "MAE": {
            "Temperature": 18.45075853234449,
            "Precipitation_accumulated": 176.31480103454783,
            "Humidity": 50.09126723558683,
            "Wind_Speed_kmh": 3.16698650358625,
            "Soil_Moisture": 1312.8417888555064,
            "Soil_Temperature": 6.023786549898143,
            "Wind_Dir_Sin": 0.7296176268235973,
            "Wind_Dir_Cos": 1.3459296784958077
        },
        "R2": {
            "Temperature": -12.043892879469519,
            "Precipitation_accumulated": -10482.842080881237,
            "Humidity": -17.995209838643152,
            "Wind_Speed_kmh": -7.995063027643727,
            "Soil_Moisture": -39.26801752675628,
            "Soil_Temperature": -2.3040038599232666,
            "Wind_Dir_Sin": -0.20119925527039295,
            "Wind_Dir_Cos": -5.307454680009145
        },
        "SMAPE": {
            "Temperature": 106.46894447249005,
            "Precipitation_accumulated": 48.80943973136678,
            "Humidity": 84.3437479383267,
            "Wind_Speed_kmh": 197.02761897065474,
            "Soil_Moisture": 16.84099315819585,
            "Soil_Temperature": 100.36398409069903,
            "Wind_Dir_Sin": 157.17395718447648,
            "Wind_Dir_Cos": 159.68939086389486
        }
    }
}