{
    "trial_number": 0,
    "input_chunk_length": 75,
    "output_chunk_length": 31,
    "num_blocks": 4,
    "hidden_size": 128,
    "ff_size": 426,
    "norm_type": "TimeBatchNorm2d",
    "normalize_before": true,
    "activation": "GELU",
    "dropout": 0.0,
    "batch_size": 55,
    "lr": 0.0005620988600612958,
    "forecast_horizon": 8,
    "overall_smape_val": 57.99064273046553,
    "metrics": {
        "MSE": {
            "Temperature": 3.038509418546504,
            "Precipitation_accumulated": 360.9304496400018,
            "Humidity": 40.002099388524336,
            "Wind_Speed_kmh": 0.2662600306655765,
            "Soil_Moisture": 248449.49680203118,
            "Soil_Temperature": 3.18787701235385,
            "Wind_Dir_Sin": 0.13999885246136243,
            "Wind_Dir_Cos": 0.17037202348685984
        },
        "RMSE": {
            "Temperature": 1.7431320714583,
            "Precipitation_accumulated": 18.998169639204768,
            "Humidity": 6.324721289394841,
            "Wind_Speed_kmh": 0.516003905668917,
            "Soil_Moisture": 498.4470852578348,
            "Soil_Temperature": 1.7854626885919094,
            "Wind_Dir_Sin": 0.3741642052112447,
            "Wind_Dir_Cos": 0.4127614607577358
        },
        "MAE": {
            "Temperature": 1.4264708370779622,
            "Precipitation_accumulated": 12.86236235304209,
            "Humidity": 5.225244275453267,
            "Wind_Speed_kmh": 0.33399171865893296,
            "Soil_Moisture": 331.38453480958594,
            "Soil_Temperature": 1.364513830386332,
            "Wind_Dir_Sin": 0.2378828189844061,
            "Wind_Dir_Cos": 0.3264117285246298
        },
        "R2": {
            "Temperature": 0.10535575052606805,
            "Precipitation_accumulated": -378.9004706366179,
            "Humidity": 0.38524909243516714,
            "Wind_Speed_kmh": 0.22086364289917737,
            "Soil_Moisture": 0.6655714774001135,
            "Soil_Temperature": 0.4308821649781326,
            "Wind_Dir_Sin": 0.13183242120614025,
            "Wind_Dir_Cos": 0.40855750539338986
        },
        "SMAPE": {
            "Temperature": 22.273537136636804,
            "Precipitation_accumulated": 2.8496905479302503,
            "Humidity": 6.211915752316883,
            "Wind_Speed_kmh": 172.23795642572077,
            "Soil_Moisture": 5.265861203503214,
            "Soil_Temperature": 27.57220680316198,
            "Wind_Dir_Sin": 166.2593740592756,
            "Wind_Dir_Cos": 61.25459991517917
        }
    }
}