{
    "trial_number": 152,
    "input_chunk_length": 25,
    "output_chunk_length": 19,
    "num_blocks": 1,
    "hidden_size": 32,
    "ff_size": 94,
    "norm_type": "LayerNorm",
    "normalize_before": true,
    "activation": "ReLU",
    "dropout": 0.3,
    "batch_size": 16,
    "lr": 0.005251718474042901,
    "forecast_horizon": 4,
    "overall_smape_val": 52.7186340182227,
    "metrics": {
        "MSE": {
            "Temperature": 0.9921770937742319,
            "Precipitation_accumulated": 149.94513699321342,
            "Humidity": 15.036569319532076,
            "Wind_Speed_kmh": 0.22462721766689667,
            "Soil_Moisture": 72825.82235592724,
            "Soil_Temperature": 1.1684735956123162,
            "Wind_Dir_Sin": 0.09737233697334612,
            "Wind_Dir_Cos": 0.0964943889221678
        },
        "RMSE": {
            "Temperature": 0.9960808670857161,
            "Precipitation_accumulated": 12.245208736204273,
            "Humidity": 3.8777015511165986,
            "Wind_Speed_kmh": 0.473948539049227,
            "Soil_Moisture": 269.8625990312982,
            "Soil_Temperature": 1.08095957168264,
            "Wind_Dir_Sin": 0.31204540851188006,
            "Wind_Dir_Cos": 0.310635459859572
        },
        "MAE": {
            "Temperature": 0.7379203005672162,
            "Precipitation_accumulated": 10.590708890952227,
            "Humidity": 3.152680517095817,
            "Wind_Speed_kmh": 0.3224316869736429,
            "Soil_Moisture": 169.73953499787274,
            "Soil_Temperature": 0.7936510729595065,
            "Wind_Dir_Sin": 0.22042680891727087,
            "Wind_Dir_Cos": 0.2189973349255125
        },
        "R2": {
            "Temperature": 0.7082933548350125,
            "Precipitation_accumulated": -156.9278458418059,
            "Humidity": 0.7687896205316658,
            "Wind_Speed_kmh": 0.3408500580248309,
            "Soil_Moisture": 0.9017111760278058,
            "Soil_Temperature": 0.7916610785264966,
            "Wind_Dir_Sin": 0.39456884465305286,
            "Wind_Dir_Cos": 0.6642684205209373
        },
        "SMAPE": {
            "Temperature": 12.986656346047287,
            "Precipitation_accumulated": 2.3402629223968505,
            "Humidity": 3.808266149770984,
            "Wind_Speed_kmh": 174.56008570389452,
            "Soil_Moisture": 2.7565716805620255,
            "Soil_Temperature": 20.408937894372734,
            "Wind_Dir_Sin": 154.04149491014078,
            "Wind_Dir_Cos": 50.84679653859621
        }
    }
}