{
    "trial_number": 92,
    "input_chunk_length": 27,
    "output_chunk_length": 3,
    "hidden_size": 128,
    "num_blocks": 1,
    "ff_size": 190,
    "norm_type": "TimeBatchNorm2d",
    "normalize_before": true,
    "activation": "GELU",
    "dropout": 0.4767414085305475,
    "batch_size": 81,
    "lr": 0.003945747145065635,
    "loss_function": "smoothl1",
    "optimizer": "AdamW",
    "overall_mae_val": 0.10182373479252937,
    "metrics": {
        "MSE": {
            "Temperature": 3.8457792238502555,
            "Precipitation_accumulated": 28.011698073273546,
            "Humidity": 32.47331215754481,
            "Wind_Speed_kmh": 1.1126046146402135,
            "Soil_Moisture": 13052.145418824051,
            "Soil_Temperature": 2.330811537498399,
            "Wind_Dir_Sin": 0.5249546426820705,
            "Wind_Dir_Cos": 0.3651846930686604
        },
        "RMSE": {
            "Temperature": 1.961065838734196,
            "Precipitation_accumulated": 5.292607870726259,
            "Humidity": 5.698535966153483,
            "Wind_Speed_kmh": 1.0548007464162195,
            "Soil_Moisture": 114.24598644514411,
            "Soil_Temperature": 1.5266995570505675,
            "Wind_Dir_Sin": 0.7245375371104457,
            "Wind_Dir_Cos": 0.6043051324195918
        },
        "MAE": {
            "Temperature": 1.5591398847495117,
            "Precipitation_accumulated": 4.3495245648032785,
            "Humidity": 4.2845219448145855,
            "Wind_Speed_kmh": 0.7910098036017237,
            "Soil_Moisture": 90.66450917304388,
            "Soil_Temperature": 1.2406602849895463,
            "Wind_Dir_Sin": 0.625090162201831,
            "Wind_Dir_Cos": 0.5028387344565707
        },
        "R2": {
            "Temperature": 0.8736898489300362,
            "Precipitation_accumulated": -7.1618053831143715,
            "Humidity": 0.7783878681757487,
            "Wind_Speed_kmh": 0.1756512109719125,
            "Soil_Moisture": 0.7718769022968874,
            "Soil_Temperature": 0.855403272423608,
            "Wind_Dir_Sin": 0.04642487207952262,
            "Wind_Dir_Cos": 0.0040569539388028986
        },
        "SMAPE": {
            "Temperature": 27.299935733991614,
            "Precipitation_accumulated": 0.9375888947505114,
            "Humidity": 5.039073717341764,
            "Wind_Speed_kmh": 74.94705691603968,
            "Soil_Moisture": 1.0630568285555584,
            "Soil_Temperature": 27.77815140293943,
            "Wind_Dir_Sin": 133.02775454246205,
            "Wind_Dir_Cos": 122.7208702831074
        }
    }
}