{
    "trial_number": 131,
    "input_chunk_length": 22,
    "output_chunk_length": 14,
    "num_blocks": 1,
    "hidden_size": 32,
    "ff_size": 79,
    "norm_type": "LayerNorm",
    "normalize_before": true,
    "activation": "ReLU",
    "dropout": 0.3,
    "batch_size": 19,
    "lr": 0.003655886418084742,
    "forecast_horizon": 2,
    "overall_smape_val": 49.20165145439029,
    "metrics": {
        "MSE": {
            "Temperature": 1.189343497718915,
            "Precipitation_accumulated": 80.06684170075229,
            "Humidity": 8.55023278329741,
            "Wind_Speed_kmh": 0.1105559912597113,
            "Soil_Moisture": 29865.578048061754,
            "Soil_Temperature": 0.7433513407960195,
            "Wind_Dir_Sin": 0.07144042162561777,
            "Wind_Dir_Cos": 0.06976583302244688
        },
        "RMSE": {
            "Temperature": 1.0905702626236033,
            "Precipitation_accumulated": 8.94800769449559,
            "Humidity": 2.9240781082757366,
            "Wind_Speed_kmh": 0.33249961091663144,
            "Soil_Moisture": 172.81660235076302,
            "Soil_Temperature": 0.8621782534928722,
            "Wind_Dir_Sin": 0.2672834106816541,
            "Wind_Dir_Cos": 0.2641322263989135
        },
        "MAE": {
            "Temperature": 0.7806330530879352,
            "Precipitation_accumulated": 7.609870568570948,
            "Humidity": 2.1958750902279283,
            "Wind_Speed_kmh": 0.13910027736411898,
            "Soil_Moisture": 84.86678508921801,
            "Soil_Temperature": 0.7268706067887771,
            "Wind_Dir_Sin": 0.1409738322679749,
            "Wind_Dir_Cos": 0.17052300979048512
        },
        "R2": {
            "Temperature": 0.6506398553193515,
            "Precipitation_accumulated": -83.35693392774596,
            "Humidity": 0.8685159049239111,
            "Wind_Speed_kmh": 0.67512967574833,
            "Soil_Moisture": 0.9596394836238473,
            "Soil_Temperature": 0.8675474344122238,
            "Wind_Dir_Sin": 0.5552180772644211,
            "Wind_Dir_Cos": 0.7569921890457945
        },
        "SMAPE": {
            "Temperature": 13.052138623120731,
            "Precipitation_accumulated": 1.6752340636220846,
            "Humidity": 2.5813025753627095,
            "Wind_Speed_kmh": 161.0742581871213,
            "Soil_Moisture": 1.366682622325956,
            "Soil_Temperature": 18.868635590797833,
            "Wind_Dir_Sin": 152.54974504269265,
            "Wind_Dir_Cos": 42.44521493007886
        }
    }
}