{
    "trial_number": 233,
    "input_chunk_length": 79,
    "output_chunk_length": 12,
    "num_blocks": 1,
    "hidden_size": 32,
    "ff_size": 60,
    "norm_type": "LayerNorm",
    "normalize_before": true,
    "activation": "ReLU",
    "dropout": 0.3,
    "batch_size": 25,
    "lr": 0.004621256570929709,
    "forecast_horizon": 1,
    "overall_smape_val": 47.619224063172304,
    "metrics": {
        "MSE": {
            "Temperature": 0.717295301804241,
            "Precipitation_accumulated": 57.81305686146507,
            "Humidity": 4.575828477765664,
            "Wind_Speed_kmh": 0.089713020165309,
            "Soil_Moisture": 23087.478179803096,
            "Soil_Temperature": 0.8029338336860113,
            "Wind_Dir_Sin": 0.05581854424460276,
            "Wind_Dir_Cos": 0.05291962240873348
        },
        "RMSE": {
            "Temperature": 0.8469328791611771,
            "Precipitation_accumulated": 7.603489781768966,
            "Humidity": 2.1391186217144815,
            "Wind_Speed_kmh": 0.29952131838202933,
            "Soil_Moisture": 151.94564218760306,
            "Soil_Temperature": 0.8960657529924974,
            "Wind_Dir_Sin": 0.23625948498336052,
            "Wind_Dir_Cos": 0.23004265345525268
        },
        "MAE": {
            "Temperature": 0.5114344605399643,
            "Precipitation_accumulated": 6.140836126610655,
            "Humidity": 1.5195572072200474,
            "Wind_Speed_kmh": 0.15334089881144825,
            "Soil_Moisture": 98.57899039022622,
            "Soil_Temperature": 0.7658025839230855,
            "Wind_Dir_Sin": 0.11944955150771133,
            "Wind_Dir_Cos": 0.12799968379191193
        },
        "R2": {
            "Temperature": 0.7893002392515678,
            "Precipitation_accumulated": -59.910760487481625,
            "Humidity": 0.9296336507003977,
            "Wind_Speed_kmh": 0.7363770373852043,
            "Soil_Moisture": 0.9687994473215802,
            "Soil_Temperature": 0.856930847592129,
            "Wind_Dir_Sin": 0.6524785427006401,
            "Wind_Dir_Cos": 0.815670779793716
        },
        "SMAPE": {
            "Temperature": 9.241478183724427,
            "Precipitation_accumulated": 1.330956203433464,
            "Humidity": 1.776293743561274,
            "Wind_Speed_kmh": 162.66080808127242,
            "Soil_Moisture": 1.571795123754396,
            "Soil_Temperature": 22.381693933955678,
            "Wind_Dir_Sin": 145.55900292353584,
            "Wind_Dir_Cos": 36.43176431214115
        }
    }
}