{
    "trial_number": 33,
    "input_chunk_length": 27,
    "output_chunk_length": 9,
    "hidden_size": 32,
    "num_blocks": 1,
    "ff_size": 32,
    "norm_type": "LayerNorm",
    "normalize_before": true,
    "activation": "ReLU",
    "dropout": 0.38113244092802495,
    "batch_size": 116,
    "lr": 0.0023275182551398777,
    "loss_function": "huber",
    "optimizer": "AdamW",
    "overall_mae_val": 0.11938319620548304,
    "metrics": {
        "MSE": {
            "Temperature": 6.67914690073503,
            "Precipitation_accumulated": 12.5076812988575,
            "Humidity": 92.65218187287101,
            "Wind_Speed_kmh": 1.3143666948898132,
            "Soil_Moisture": 32057.938755852334,
            "Soil_Temperature": 7.280575851189552,
            "Wind_Dir_Sin": 0.6055966558746328,
            "Wind_Dir_Cos": 0.38824128284776555
        },
        "RMSE": {
            "Temperature": 2.5844045543867606,
            "Precipitation_accumulated": 3.5366200388022317,
            "Humidity": 9.625600338309866,
            "Wind_Speed_kmh": 1.1464583267131052,
            "Soil_Moisture": 179.0473087087665,
            "Soil_Temperature": 2.6982542228614323,
            "Wind_Dir_Sin": 0.7782009097107462,
            "Wind_Dir_Cos": 0.6230901081286442
        },
        "MAE": {
            "Temperature": 2.0430734116621054,
            "Precipitation_accumulated": 2.6225731913023944,
            "Humidity": 7.565201722724154,
            "Wind_Speed_kmh": 0.9051192419010697,
            "Soil_Moisture": 148.79951189957862,
            "Soil_Temperature": 2.2661032813412056,
            "Wind_Dir_Sin": 0.6878658102564815,
            "Wind_Dir_Cos": 0.528249584847449
        },
        "R2": {
            "Temperature": 0.7812053158438869,
            "Precipitation_accumulated": -2.6782989703858973,
            "Humidity": 0.3685341630986203,
            "Wind_Speed_kmh": 0.024395406076603843,
            "Soil_Moisture": 0.42544331258688317,
            "Soil_Temperature": 0.5481029748673001,
            "Wind_Dir_Sin": -0.09980249364298421,
            "Wind_Dir_Cos": -0.0585651472174844
        },
        "SMAPE": {
            "Temperature": 33.19508524356423,
            "Precipitation_accumulated": 0.5636019261995187,
            "Humidity": 9.022020221143247,
            "Wind_Speed_kmh": 74.24141747699802,
            "Soil_Moisture": 1.743965866702433,
            "Soil_Temperature": 44.95512278692166,
            "Wind_Dir_Sin": 147.58292080625287,
            "Wind_Dir_Cos": 131.7105313321881
        }
    }
}