{
    "trial_number": 8,
    "input_chunk_length": 96,
    "output_chunk_length": 62,
    "num_blocks": 1,
    "hidden_size": 32,
    "ff_size": 66,
    "norm_type": "LayerNormNoBias",
    "normalize_before": true,
    "activation": "ReLU",
    "dropout": 0.3,
    "batch_size": 23,
    "lr": 0.0008689478398880442,
    "forecast_horizon": 8,
    "overall_smape_val": 54.273364284370345,
    "metrics": {
        "MSE": {
            "Temperature": 1.5120701101645173,
            "Precipitation_accumulated": 120.91833865807833,
            "Humidity": 22.34057474545624,
            "Wind_Speed_kmh": 0.22842105531573503,
            "Soil_Moisture": 195639.20882182338,
            "Soil_Temperature": 1.6246576634546492,
            "Wind_Dir_Sin": 0.1403340794746795,
            "Wind_Dir_Cos": 0.15308594826212152
        },
        "RMSE": {
            "Temperature": 1.229662600132458,
            "Precipitation_accumulated": 10.996287494335455,
            "Humidity": 4.726581718901752,
            "Wind_Speed_kmh": 0.4779341537447758,
            "Soil_Moisture": 442.31121263407215,
            "Soil_Temperature": 1.2746205958851635,
            "Wind_Dir_Sin": 0.37461190514274834,
            "Wind_Dir_Cos": 0.391261994400327
        },
        "MAE": {
            "Temperature": 0.9184719356361549,
            "Precipitation_accumulated": 8.319809678325992,
            "Humidity": 3.8304538390390017,
            "Wind_Speed_kmh": 0.2645045070760391,
            "Soil_Moisture": 285.3417106893349,
            "Soil_Temperature": 0.8720510877926009,
            "Wind_Dir_Sin": 0.25883573165969365,
            "Wind_Dir_Cos": 0.25575207328821814
        },
        "R2": {
            "Temperature": 0.5547932744249295,
            "Precipitation_accumulated": -126.27364457784093,
            "Humidity": 0.6566708045270959,
            "Wind_Speed_kmh": 0.33158894153602925,
            "Soil_Moisture": 0.7366574196725917,
            "Soil_Temperature": 0.7099569247829051,
            "Wind_Dir_Sin": 0.1297535954202068,
            "Wind_Dir_Cos": 0.46856571122223756
        },
        "SMAPE": {
            "Temperature": 15.230104796304389,
            "Precipitation_accumulated": 1.8124542803707588,
            "Humidity": 4.5720142051742965,
            "Wind_Speed_kmh": 171.86802407061117,
            "Soil_Moisture": 4.428267522770173,
            "Soil_Temperature": 23.860389659201797,
            "Wind_Dir_Sin": 163.52919115250518,
            "Wind_Dir_Cos": 48.886468588025075
        }
    }
}