{
    "trial_number": 246,
    "input_chunk_length": 76,
    "output_chunk_length": 12,
    "num_blocks": 1,
    "hidden_size": 32,
    "ff_size": 63,
    "norm_type": "LayerNorm",
    "normalize_before": true,
    "activation": "ReLU",
    "dropout": 0.3,
    "batch_size": 26,
    "lr": 0.005474148165338645,
    "forecast_horizon": 2,
    "overall_smape_val": 50.57305759415058,
    "metrics": {
        "MSE": {
            "Temperature": 1.5838611689875732,
            "Precipitation_accumulated": 224.19928292768165,
            "Humidity": 7.3055957701965815,
            "Wind_Speed_kmh": 0.1481797586371336,
            "Soil_Moisture": 32201.96466788882,
            "Soil_Temperature": 1.2074745855891473,
            "Wind_Dir_Sin": 0.08543084550470792,
            "Wind_Dir_Cos": 0.06758892630968565
        },
        "RMSE": {
            "Temperature": 1.258515462355379,
            "Precipitation_accumulated": 14.973285642359249,
            "Humidity": 2.7028865625838945,
            "Wind_Speed_kmh": 0.3849412404992918,
            "Soil_Moisture": 179.4490586988096,
            "Soil_Temperature": 1.0988514847736008,
            "Wind_Dir_Sin": 0.29228555473151235,
            "Wind_Dir_Cos": 0.2599787035695148
        },
        "MAE": {
            "Temperature": 0.8339626911325693,
            "Precipitation_accumulated": 12.511820735028445,
            "Humidity": 2.0635342760091864,
            "Wind_Speed_kmh": 0.15413164158107331,
            "Soil_Moisture": 81.5421148390378,
            "Soil_Temperature": 0.8788209672487043,
            "Wind_Dir_Sin": 0.18371714081040977,
            "Wind_Dir_Cos": 0.1407037329844936
        },
        "R2": {
            "Temperature": 0.5347534432123046,
            "Precipitation_accumulated": -235.21219090000352,
            "Humidity": 0.8876557313489241,
            "Wind_Speed_kmh": 0.564571709886856,
            "Soil_Moisture": 0.9564820771179762,
            "Soil_Temperature": 0.7848485662620119,
            "Wind_Dir_Sin": 0.46811490106205556,
            "Wind_Dir_Cos": 0.7645747737007991
        },
        "SMAPE": {
            "Temperature": 15.968709339130124,
            "Precipitation_accumulated": 2.6858201400028525,
            "Humidity": 2.4972145362409126,
            "Wind_Speed_kmh": 159.237040805313,
            "Soil_Moisture": 1.2659151360671543,
            "Soil_Temperature": 24.58244925885167,
            "Wind_Dir_Sin": 157.18766450912094,
            "Wind_Dir_Cos": 41.15964702847798
        }
    }
}