{
    "trial_number": 83,
    "input_chunk_length": 27,
    "output_chunk_length": 1,
    "hidden_size": 128,
    "num_blocks": 1,
    "ff_size": 132,
    "norm_type": "TimeBatchNorm2d",
    "normalize_before": true,
    "activation": "ReLU",
    "dropout": 0.45087323478159125,
    "batch_size": 67,
    "lr": 0.004216838508548973,
    "loss_function": "smoothl1",
    "optimizer": "AdamW",
    "overall_mae_val": 0.07853027585428113,
    "metrics": {
        "MSE": {
            "Temperature": 1.9778386281665108,
            "Precipitation_accumulated": 12.476224808781778,
            "Humidity": 10.560183664588449,
            "Wind_Speed_kmh": 0.5346963105808132,
            "Soil_Moisture": 1453.432056435757,
            "Soil_Temperature": 1.3719118889691053,
            "Wind_Dir_Sin": 0.3621705215189997,
            "Wind_Dir_Cos": 0.31449585803746394
        },
        "RMSE": {
            "Temperature": 1.4063565082035603,
            "Precipitation_accumulated": 3.532169985827661,
            "Humidity": 3.24964362116655,
            "Wind_Speed_kmh": 0.7312293146344813,
            "Soil_Moisture": 38.123904003076035,
            "Soil_Temperature": 1.1712864248206352,
            "Wind_Dir_Sin": 0.6018060497527419,
            "Wind_Dir_Cos": 0.5607993028147092
        },
        "MAE": {
            "Temperature": 1.1478593967328545,
            "Precipitation_accumulated": 2.8006983385351254,
            "Humidity": 2.3830993226766566,
            "Wind_Speed_kmh": 0.5526368235201009,
            "Soil_Moisture": 25.067966193500343,
            "Soil_Temperature": 0.9613285668913656,
            "Wind_Dir_Sin": 0.48489937631258506,
            "Wind_Dir_Cos": 0.44695641845797035
        },
        "R2": {
            "Temperature": 0.9351140351397356,
            "Precipitation_accumulated": -2.624100712064201,
            "Humidity": 0.9279433157397692,
            "Wind_Speed_kmh": 0.6043373511282999,
            "Soil_Moisture": 0.9747676841870885,
            "Soil_Temperature": 0.9150344774706912,
            "Wind_Dir_Sin": 0.3416711331388176,
            "Wind_Dir_Cos": 0.14385666896416094
        },
        "SMAPE": {
            "Temperature": 23.290377948086643,
            "Precipitation_accumulated": 0.6020886750617713,
            "Humidity": 2.7919526850400835,
            "Wind_Speed_kmh": 57.41568280400243,
            "Soil_Moisture": 0.292016917205349,
            "Soil_Temperature": 18.088970607091355,
            "Wind_Dir_Sin": 96.39032828939312,
            "Wind_Dir_Cos": 109.07267407183478
        }
    }
}