{
    "trial_number": 78,
    "input_chunk_length": 25,
    "output_chunk_length": 2,
    "hidden_size": 128,
    "num_blocks": 1,
    "ff_size": 136,
    "norm_type": "TimeBatchNorm2d",
    "normalize_before": true,
    "activation": "ReLU",
    "dropout": 0.44826596848757316,
    "batch_size": 64,
    "lr": 0.004634914364407272,
    "loss_function": "smoothl1",
    "optimizer": "AdamW",
    "overall_mae_val": 0.09557731012917083,
    "metrics": {
        "MSE": {
            "Temperature": 4.058473142821299,
            "Precipitation_accumulated": 39.27596138364719,
            "Humidity": 24.576476294704058,
            "Wind_Speed_kmh": 0.8577428559911621,
            "Soil_Moisture": 7411.278319878867,
            "Soil_Temperature": 2.2155359380565955,
            "Wind_Dir_Sin": 0.4617314237236179,
            "Wind_Dir_Cos": 0.35646240390483713
        },
        "RMSE": {
            "Temperature": 2.014565249085097,
            "Precipitation_accumulated": 6.267053644548385,
            "Humidity": 4.957466721492345,
            "Wind_Speed_kmh": 0.9261440794990605,
            "Soil_Moisture": 86.08878161455688,
            "Soil_Temperature": 1.4884676476351764,
            "Wind_Dir_Sin": 0.6795082219691075,
            "Wind_Dir_Cos": 0.5970447252131428
        },
        "MAE": {
            "Temperature": 1.640948887699154,
            "Precipitation_accumulated": 5.131042880521958,
            "Humidity": 3.7497697074367027,
            "Wind_Speed_kmh": 0.7153966357335604,
            "Soil_Moisture": 68.97806527879789,
            "Soil_Temperature": 1.2037059768043572,
            "Wind_Dir_Sin": 0.5689896847027907,
            "Wind_Dir_Cos": 0.49508417824493667
        },
        "R2": {
            "Temperature": 0.8669276122615923,
            "Precipitation_accumulated": -10.391566850548235,
            "Humidity": 0.8323162590864515,
            "Wind_Speed_kmh": 0.3649061312543985,
            "Soil_Moisture": 0.8717596014740168,
            "Soil_Temperature": 0.8628875224646348,
            "Wind_Dir_Sin": 0.16040813084332284,
            "Wind_Dir_Cos": 0.030492964913542697
        },
        "SMAPE": {
            "Temperature": 28.85407329642102,
            "Precipitation_accumulated": 1.107722627852043,
            "Humidity": 4.522372402781683,
            "Wind_Speed_kmh": 65.3901879630903,
            "Soil_Moisture": 0.8020700052241126,
            "Soil_Temperature": 29.245828692354102,
            "Wind_Dir_Sin": 115.50441262578616,
            "Wind_Dir_Cos": 123.69478619030016
        }
    }
}