{
    "trial_number": 30,
    "fold_smape": [
        101.8117698631369,
        54.52741132103128,
        76.0687611070623
    ],
    "mean_smape": 77.46931409707683,
    "hyperparameters": {
        "input_chunk_length": 84,
        "hidden_size": 120,
        "dropout": 0.5,
        "batch_size": 144,
        "lr": 0.00479736725437973,
        "weight_decay": 0.009280365708445652,
        "ff_size": 258,
        "num_blocks": 4,
        "activation": "GELU",
        "norm_type": "LayerNorm",
        "normalize_before": false
    },
    "metrics_per_fold": [
        {
            "Temperature": {
                "MSE": 20.603761240574492,
                "RMSE": 4.539136618408229,
                "MAE": 3.554561621006732,
                "R2": -0.032918207237645714,
                "SMAPE": 22.861321349964904,
                "WAPE": 22.272393752448227
            },
            "Precipitation_accumulated": {
                "MSE": 180645.18566726762,
                "RMSE": 425.02374718039886,
                "MAE": 403.3556183095771,
                "R2": -8.878131115038324,
                "SMAPE": 178.55046885225664,
                "WAPE": 97.9517635499296
            },
            "Humidity": {
                "MSE": 182.64527127579214,
                "RMSE": 13.514631747694501,
                "MAE": 12.069718611425078,
                "R2": -1.365767551915403,
                "SMAPE": 15.017655158760446,
                "WAPE": 14.272568760554273
            },
            "Wind_Speed_kmh": {
                "MSE": 14.125035676806101,
                "RMSE": 3.758328840961911,
                "MAE": 3.6483232732839843,
                "R2": -83.56835618349096,
                "SMAPE": 199.75421751465228,
                "WAPE": 2045.9485885509978
            },
            "Soil_Moisture": {
                "MSE": 544234.2094327315,
                "RMSE": 737.7223118712972,
                "MAE": 661.9233283381766,
                "R2": 0.31052859526846865,
                "SMAPE": 10.320854868264314,
                "WAPE": 9.77762203366172
            },
            "Soil_Temperature": {
                "MSE": 24.958441695813523,
                "RMSE": 4.995842441051711,
                "MAE": 3.858349313608417,
                "R2": -0.21664742508778057,
                "SMAPE": 25.46879446623435,
                "WAPE": 24.557509436104482
            },
            "Wind_Dir_Sin": {
                "MSE": 1.3705392633426583,
                "RMSE": 1.1707003302906591,
                "MAE": 1.1128109441858378,
                "R2": -12.077909688968246,
                "SMAPE": 186.99595403540482,
                "WAPE": 829.1534376300849
            },
            "Wind_Dir_Cos": {
                "MSE": 2.069976482271032,
                "RMSE": 1.438741283994809,
                "MAE": 1.3487482182995174,
                "R2": -4.436831819985919,
                "SMAPE": 175.5248926595578,
                "WAPE": 146.04470030501773
            }
        },
        {
            "Temperature": {
                "MSE": 3.5301692384502505,
                "RMSE": 1.8788744605348837,
                "MAE": 1.4839914340999898,
                "R2": -0.3299335127169922,
                "SMAPE": 18.168148912136143,
                "WAPE": 17.87408582248598
            },
            "Precipitation_accumulated": {
                "MSE": 366.20278007285316,
                "RMSE": 19.136425477942666,
                "MAE": 18.691496019332618,
                "R2": -1575.584686742414,
                "SMAPE": 4.164119229053376,
                "WAPE": 4.075419594356242
            },
            "Humidity": {
                "MSE": 29.474303359389644,
                "RMSE": 5.4290241627192675,
                "MAE": 3.9906147724669245,
                "R2": 0.2138831011984642,
                "SMAPE": 4.657217986835887,
                "WAPE": 4.562709573277354
            },
            "Wind_Speed_kmh": {
                "MSE": 0.011692200601106317,
                "RMSE": 0.10813047951945057,
                "MAE": 0.09435585475113081,
                "R2": -9.9772095445346,
                "SMAPE": 193.161308414935,
                "WAPE": 1128.8333727570573
            },
            "Soil_Moisture": {
                "MSE": 46571.77401040251,
                "RMSE": 215.8049443604166,
                "MAE": 186.18025845407158,
                "R2": -0.4218785850565181,
                "SMAPE": 3.1611687960357067,
                "WAPE": 3.179031731734864
            },
            "Soil_Temperature": {
                "MSE": 0.7591192908710779,
                "RMSE": 0.8712745209582786,
                "MAE": 0.64169325775942,
                "R2": 0.5615554796369203,
                "SMAPE": 7.766758140413183,
                "WAPE": 7.18274462278835
            },
            "Wind_Dir_Sin": {
                "MSE": 0.028337268027860255,
                "RMSE": 0.16833676968464215,
                "MAE": 0.08052023384989476,
                "R2": 0.07245691616255368,
                "SMAPE": 193.3337869704851,
                "WAPE": 202.3129140661674
            },
            "Wind_Dir_Cos": {
                "MSE": 0.050676072923343696,
                "RMSE": 0.22511346677474384,
                "MAE": 0.08753523864498058,
                "R2": -0.09852049425564924,
                "SMAPE": 11.806782118355455,
                "WAPE": 8.993475987416284
            }
        },
        {
            "Temperature": {
                "MSE": 21.959316693770685,
                "RMSE": 4.686076897978808,
                "MAE": 3.81408276242074,
                "R2": 0.21771367600323344,
                "SMAPE": 51.97384250543818,
                "WAPE": 46.14925952481632
            },
            "Precipitation_accumulated": {
                "MSE": 16006.557812665458,
                "RMSE": 126.5170257817716,
                "MAE": 119.04201737131704,
                "R2": -3428.5316409882853,
                "SMAPE": 29.842890508875115,
                "WAPE": 25.66323773356503
            },
            "Humidity": {
                "MSE": 244.3204659413654,
                "RMSE": 15.630753850706158,
                "MAE": 11.708773014630331,
                "R2": -0.7070646464079613,
                "SMAPE": 13.446847664567153,
                "WAPE": 13.4045847214366
            },
            "Wind_Speed_kmh": {
                "MSE": 1.9767710633061808,
                "RMSE": 1.405976907102738,
                "MAE": 1.035386915999631,
                "R2": -0.41684662243170734,
                "SMAPE": 101.95523374481823,
                "WAPE": 75.60059838033436
            },
            "Soil_Moisture": {
                "MSE": 1030409.2778428254,
                "RMSE": 1015.0907732034734,
                "MAE": 948.9569570195216,
                "R2": -0.6944701864261278,
                "SMAPE": 11.974476585064904,
                "WAPE": 11.384349840791517
            },
            "Soil_Temperature": {
                "MSE": 29.580661982582512,
                "RMSE": 5.438810713987251,
                "MAE": 4.831787659299116,
                "R2": -0.7679440561567921,
                "SMAPE": 64.63788710854261,
                "WAPE": 69.68205516895112
            },
            "Wind_Dir_Sin": {
                "MSE": 0.5677030706687921,
                "RMSE": 0.7534607293474506,
                "MAE": 0.6889934896979301,
                "R2": -0.07497220921372305,
                "SMAPE": 190.12987845017318,
                "WAPE": 100.2206735789869
            },
            "Wind_Dir_Cos": {
                "MSE": 0.7550753393090337,
                "RMSE": 0.8689507116684085,
                "MAE": 0.7283283675671862,
                "R2": -0.8321416377290962,
                "SMAPE": 144.58903228901895,
                "WAPE": 125.6103428905866
            }
        }
    ]
}