{
    "trial_number": 32,
    "input_chunk_length": 80,
    "output_chunk_length": 31,
    "num_blocks": 1,
    "hidden_size": 128,
    "ff_size": 283,
    "norm_type": "LayerNorm",
    "normalize_before": true,
    "activation": "GELU",
    "dropout": 0.2,
    "batch_size": 20,
    "lr": 0.00482799730364252,
    "forecast_horizon": 22,
    "overall_smape_val": 55.440384564321775,
    "metrics": {
        "MSE": {
            "Temperature": 2.2954080569293493,
            "Precipitation_accumulated": 1018.8618442649395,
            "Humidity": 21.23677561096929,
            "Wind_Speed_kmh": 0.21945354194052827,
            "Soil_Moisture": 196995.88006185615,
            "Soil_Temperature": 2.335819779368508,
            "Wind_Dir_Sin": 0.1233921418878668,
            "Wind_Dir_Cos": 0.1468741336719801
        },
        "RMSE": {
            "Temperature": 1.5150604136236117,
            "Precipitation_accumulated": 31.91961535270968,
            "Humidity": 4.608337619030238,
            "Wind_Speed_kmh": 0.4684586875494234,
            "Soil_Moisture": 443.8421792279956,
            "Soil_Temperature": 1.528338895457584,
            "Wind_Dir_Sin": 0.3512721763645205,
            "Wind_Dir_Cos": 0.3832416126570549
        },
        "MAE": {
            "Temperature": 1.1509065937697207,
            "Precipitation_accumulated": 28.408505526955484,
            "Humidity": 3.3767755292706925,
            "Wind_Speed_kmh": 0.22649328710224173,
            "Soil_Moisture": 243.5969970512075,
            "Soil_Temperature": 1.2085144711113125,
            "Wind_Dir_Sin": 0.21426002168609848,
            "Wind_Dir_Cos": 0.23451133802761623
        },
        "R2": {
            "Temperature": 0.31886240880438665,
            "Precipitation_accumulated": -1069.0881386298827,
            "Humidity": 0.6736944801073972,
            "Wind_Speed_kmh": 0.36412277426574946,
            "Soil_Moisture": 0.7372922738965249,
            "Soil_Temperature": 0.581053935456046,
            "Wind_Dir_Sin": 0.24191467622429708,
            "Wind_Dir_Cos": 0.49413955311999536
        },
        "SMAPE": {
            "Temperature": 20.72706952689661,
            "Precipitation_accumulated": 5.955146893936361,
            "Humidity": 4.033124522296591,
            "Wind_Speed_kmh": 170.04967206081113,
            "Soil_Moisture": 3.8406182786187992,
            "Soil_Temperature": 28.26550223960171,
            "Wind_Dir_Sin": 161.88746401412592,
            "Wind_Dir_Cos": 48.76447897828711
        }
    }
}