{
    "trial_number": 33,
    "input_chunk_length": 61,
    "num_blocks": 3,
    "hidden_size": 32,
    "ff_size": 57,
    "norm_type": "LayerNorm",
    "normalize_before": true,
    "activation": "GELU",
    "dropout": 0.25,
    "batch_size": 25,
    "lr": 0.007290128146502991,
    "overall_smape_val": 43.77169691679332,
    "metrics": {
        "MSE": {
            "Temperature": 0.5934878090016984,
            "Precipitation_accumulated": 52.35072871511846,
            "Humidity": 2.649661703870243,
            "Wind_Speed_kmh": 0.06878663264134247,
            "Soil_Moisture": 21631.11787943133,
            "Soil_Temperature": 0.7183818551484704,
            "Wind_Dir_Sin": 0.04673653648671063,
            "Wind_Dir_Cos": 0.04340701618165446
        },
        "RMSE": {
            "Temperature": 0.7703815995996389,
            "Precipitation_accumulated": 7.235380343500848,
            "Humidity": 1.6277781494633239,
            "Wind_Speed_kmh": 0.2622720584456958,
            "Soil_Moisture": 147.07521164163364,
            "Soil_Temperature": 0.8475741000930068,
            "Wind_Dir_Sin": 0.21618634667043762,
            "Wind_Dir_Cos": 0.20834350525431422
        },
        "MAE": {
            "Temperature": 0.47851517191704607,
            "Precipitation_accumulated": 5.578464837998151,
            "Humidity": 0.9476954084332476,
            "Wind_Speed_kmh": 0.10574759281923346,
            "Soil_Moisture": 83.39809255453473,
            "Soil_Temperature": 0.6895763989042937,
            "Wind_Dir_Sin": 0.10540967778058236,
            "Wind_Dir_Cos": 0.09210589421837949
        },
        "R2": {
            "Temperature": 0.8256677005283157,
            "Precipitation_accumulated": -54.155753236724806,
            "Humidity": 0.9592539314167315,
            "Wind_Speed_kmh": 0.7978695193652792,
            "Soil_Moisture": 0.9707675811262613,
            "Soil_Temperature": 0.8719965720594143,
            "Wind_Dir_Sin": 0.7090223421482931,
            "Wind_Dir_Cos": 0.8488050163614649
        },
        "SMAPE": {
            "Temperature": 8.410721541742197,
            "Precipitation_accumulated": 1.201136398629782,
            "Humidity": 1.118834170708387,
            "Wind_Speed_kmh": 150.66997802053768,
            "Soil_Moisture": 1.3472051023024318,
            "Soil_Temperature": 20.06989721187321,
            "Wind_Dir_Sin": 142.66640407302293,
            "Wind_Dir_Cos": 24.68939881552966
        }
    }
}