{
    "trial_number": 257,
    "input_chunk_length": 82,
    "output_chunk_length": 14,
    "num_blocks": 1,
    "hidden_size": 32,
    "ff_size": 63,
    "norm_type": "LayerNorm",
    "normalize_before": true,
    "activation": "ReLU",
    "dropout": 0.3,
    "batch_size": 24,
    "lr": 0.004455792736328328,
    "forecast_horizon": 1,
    "overall_smape_val": 47.45062180688842,
    "metrics": {
        "MSE": {
            "Temperature": 1.158498889480198,
            "Precipitation_accumulated": 45.1021925645601,
            "Humidity": 6.662391392845343,
            "Wind_Speed_kmh": 0.10316085893071605,
            "Soil_Moisture": 17875.80957455846,
            "Soil_Temperature": 0.4954679018508069,
            "Wind_Dir_Sin": 0.05849860961774976,
            "Wind_Dir_Cos": 0.07361469077360856
        },
        "RMSE": {
            "Temperature": 1.0763358627678434,
            "Precipitation_accumulated": 6.715816597001448,
            "Humidity": 2.581160861481776,
            "Wind_Speed_kmh": 0.3211866418933329,
            "Soil_Moisture": 133.70044717411554,
            "Soil_Temperature": 0.7038948087966035,
            "Wind_Dir_Sin": 0.24186485817032155,
            "Wind_Dir_Cos": 0.27132027342903914
        },
        "MAE": {
            "Temperature": 0.6933327848122725,
            "Precipitation_accumulated": 5.800418405292577,
            "Humidity": 1.9239557539504222,
            "Wind_Speed_kmh": 0.126086859288774,
            "Soil_Moisture": 78.76080611322963,
            "Soil_Temperature": 0.5173196678100842,
            "Wind_Dir_Sin": 0.1301186257242403,
            "Wind_Dir_Cos": 0.1691694710037693
        },
        "R2": {
            "Temperature": 0.6597002124134657,
            "Precipitation_accumulated": -46.51883048397203,
            "Humidity": 0.8975468241002482,
            "Wind_Speed_kmh": 0.6968603753714828,
            "Soil_Moisture": 0.9758425266736876,
            "Soil_Temperature": 0.9117160470898511,
            "Wind_Dir_Sin": 0.635792686114123,
            "Wind_Dir_Cos": 0.7435858774421905
        },
        "SMAPE": {
            "Temperature": 14.241589686991922,
            "Precipitation_accumulated": 1.252450797806517,
            "Humidity": 2.2501667150795175,
            "Wind_Speed_kmh": 153.49024299602573,
            "Soil_Moisture": 1.2747607812085369,
            "Soil_Temperature": 17.587593877269416,
            "Wind_Dir_Sin": 146.03931662818607,
            "Wind_Dir_Cos": 43.468852972539395
        }
    }
}