{
    "trial_number": 28,
    "input_chunk_length": 91,
    "output_chunk_length": 47,
    "num_blocks": 3,
    "hidden_size": 64,
    "ff_size": 122,
    "norm_type": "TimeBatchNorm2d",
    "normalize_before": true,
    "activation": "GELU",
    "dropout": 0.25,
    "batch_size": 27,
    "lr": 0.002044587369711982,
    "forecast_horizon": 10,
    "overall_smape_val": 54.40119319555597,
    "metrics": {
        "MSE": {
            "Temperature": 1.2627147885674912,
            "Precipitation_accumulated": 550.9769361513218,
            "Humidity": 18.91659802034009,
            "Wind_Speed_kmh": 0.19024906319838467,
            "Soil_Moisture": 168780.2291496681,
            "Soil_Temperature": 2.6680411127486203,
            "Wind_Dir_Sin": 0.13048698134879216,
            "Wind_Dir_Cos": 0.14546655340570655
        },
        "RMSE": {
            "Temperature": 1.123705828305385,
            "Precipitation_accumulated": 23.472897906976073,
            "Humidity": 4.349321558627286,
            "Wind_Speed_kmh": 0.43617549587108245,
            "Soil_Moisture": 410.82871023051456,
            "Soil_Temperature": 1.633413944090297,
            "Wind_Dir_Sin": 0.3612298179120768,
            "Wind_Dir_Cos": 0.38140077793012767
        },
        "MAE": {
            "Temperature": 0.8526394466076649,
            "Precipitation_accumulated": 22.685388300288896,
            "Humidity": 3.3506447133867723,
            "Wind_Speed_kmh": 0.2145598002547865,
            "Soil_Moisture": 248.91652583744602,
            "Soil_Temperature": 1.2748317352061593,
            "Wind_Dir_Sin": 0.27927113172725293,
            "Wind_Dir_Cos": 0.2693928151209497
        },
        "R2": {
            "Temperature": 0.6279956419801919,
            "Precipitation_accumulated": -578.7509859079393,
            "Humidity": 0.7093653149393881,
            "Wind_Speed_kmh": 0.44406811143463365,
            "Soil_Moisture": 0.7731143033698386,
            "Soil_Temperature": 0.5233986899008711,
            "Wind_Dir_Sin": 0.19189065374455394,
            "Wind_Dir_Cos": 0.4955840416422862
        },
        "SMAPE": {
            "Temperature": 14.972515963294091,
            "Precipitation_accumulated": 4.80989608614084,
            "Humidity": 3.9796625782731505,
            "Wind_Speed_kmh": 169.7071441672197,
            "Soil_Moisture": 3.992757754236072,
            "Soil_Temperature": 24.79125427598723,
            "Wind_Dir_Sin": 161.57796100591813,
            "Wind_Dir_Cos": 51.378353733377985
        }
    }
}