{
    "trial_number": 93,
    "input_chunk_length": 27,
    "output_chunk_length": 1,
    "hidden_size": 128,
    "num_blocks": 2,
    "ff_size": 200,
    "norm_type": "TimeBatchNorm2d",
    "normalize_before": true,
    "activation": "GELU",
    "dropout": 0.4999234506529301,
    "batch_size": 81,
    "lr": 0.0026416826240088817,
    "loss_function": "smoothl1",
    "optimizer": "AdamW",
    "overall_mae_val": 0.08903317250647241,
    "metrics": {
        "MSE": {
            "Temperature": 2.8253053390367504,
            "Precipitation_accumulated": 281.7155839656799,
            "Humidity": 16.821142567484607,
            "Wind_Speed_kmh": 0.6147726423428527,
            "Soil_Moisture": 14632.668701360386,
            "Soil_Temperature": 2.2397033558220163,
            "Wind_Dir_Sin": 0.367536373817896,
            "Wind_Dir_Cos": 0.3190249505182855
        },
        "RMSE": {
            "Temperature": 1.6808644618281245,
            "Precipitation_accumulated": 16.7843851232531,
            "Humidity": 4.101358624588273,
            "Wind_Speed_kmh": 0.7840743857204192,
            "Soil_Moisture": 120.96556824716852,
            "Soil_Temperature": 1.496563849564066,
            "Wind_Dir_Sin": 0.6062477825261681,
            "Wind_Dir_Cos": 0.5648229373160101
        },
        "MAE": {
            "Temperature": 1.4191519375662272,
            "Precipitation_accumulated": 14.896093267904439,
            "Humidity": 3.3294676031858446,
            "Wind_Speed_kmh": 0.6265752596826674,
            "Soil_Moisture": 97.57222859547477,
            "Soil_Temperature": 1.257224380999423,
            "Wind_Dir_Sin": 0.4922639646316206,
            "Wind_Dir_Cos": 0.4549634592507392
        },
        "R2": {
            "Temperature": 0.9073116176731773,
            "Precipitation_accumulated": -80.83289930227647,
            "Humidity": 0.8852220948631764,
            "Wind_Speed_kmh": 0.5450827557440868,
            "Soil_Moisture": 0.7459694684567111,
            "Soil_Temperature": 0.861290242129865,
            "Wind_Dir_Sin": 0.33191745288659547,
            "Wind_Dir_Cos": 0.13152724641692337
        },
        "SMAPE": {
            "Temperature": 27.934424824685657,
            "Precipitation_accumulated": 3.2685752314720857,
            "Humidity": 3.8102420646845254,
            "Wind_Speed_kmh": 60.24074784973367,
            "Soil_Moisture": 1.1293822464385181,
            "Soil_Temperature": 27.081045424659525,
            "Wind_Dir_Sin": 99.19032400527443,
            "Wind_Dir_Cos": 109.02624228688994
        }
    }
}