{
    "trial_number": 45,
    "fold_smape": [
        104.1308196943538,
        52.56994181145333,
        75.94346433779131
    ],
    "mean_smape": 77.54807528119947,
    "hyperparameters": {
        "input_chunk_length": 48,
        "hidden_size": 80,
        "dropout": 0.5,
        "batch_size": 160,
        "lr": 0.002566110495546701,
        "weight_decay": 0.006726469692967067,
        "ff_size": 226,
        "num_blocks": 4,
        "activation": "GELU",
        "norm_type": "LayerNorm",
        "normalize_before": false
    },
    "metrics_per_fold": [
        {
            "Temperature": {
                "MSE": 15.097067591407868,
                "RMSE": 3.885494510536319,
                "MAE": 3.0955735621067397,
                "R2": 0.2713397583879591,
                "SMAPE": 20.341798954178323,
                "WAPE": 19.509245335955768
            },
            "Precipitation_accumulated": {
                "MSE": 175641.2275195087,
                "RMSE": 419.09572596187223,
                "MAE": 394.16376858604013,
                "R2": -7.431215527238381,
                "SMAPE": 173.86051824550665,
                "WAPE": 97.43404614739396
            },
            "Humidity": {
                "MSE": 601.8624603746707,
                "RMSE": 24.532885284341724,
                "MAE": 23.148152068150956,
                "R2": -6.730285804241185,
                "SMAPE": 31.16584894896968,
                "WAPE": 27.37849840720673
            },
            "Wind_Speed_kmh": {
                "MSE": 20.84415456359735,
                "RMSE": 4.565539898368796,
                "MAE": 4.4041608541901205,
                "R2": -114.49297623391358,
                "SMAPE": 199.85883662553965,
                "WAPE": 2265.776859805368
            },
            "Soil_Moisture": {
                "MSE": 270807.38126646227,
                "RMSE": 520.3915653298603,
                "MAE": 409.7980596155942,
                "R2": 0.6980386274470514,
                "SMAPE": 6.092551381984745,
                "WAPE": 6.011481017099016
            },
            "Soil_Temperature": {
                "MSE": 67.35014061572646,
                "RMSE": 8.206713143258174,
                "MAE": 7.168489312510254,
                "R2": -2.1710809111845526,
                "SMAPE": 57.24298644932591,
                "WAPE": 45.89036759774192
            },
            "Wind_Dir_Sin": {
                "MSE": 0.5042959629991187,
                "RMSE": 0.7101379887029835,
                "MAE": 0.6595974565322524,
                "R2": -3.640041666127388,
                "SMAPE": 187.0739141262846,
                "WAPE": 468.13755256247333
            },
            "Wind_Dir_Cos": {
                "MSE": 0.7290428608736489,
                "RMSE": 0.8538400675030711,
                "MAE": 0.8176074451086099,
                "R2": -0.7812579069117254,
                "SMAPE": 157.41010282304083,
                "WAPE": 88.7432617000813
            }
        },
        {
            "Temperature": {
                "MSE": 1.4949589640958996,
                "RMSE": 1.2226851451195029,
                "MAE": 0.957592942601103,
                "R2": 0.4457119258601213,
                "SMAPE": 12.22865099299674,
                "WAPE": 11.479834092394814
            },
            "Precipitation_accumulated": {
                "MSE": 13.844680597906438,
                "RMSE": 3.7208440706251635,
                "MAE": 3.102991352817506,
                "R2": -58.77691444481837,
                "SMAPE": 0.6754086604425187,
                "WAPE": 0.6765757117209079
            },
            "Humidity": {
                "MSE": 22.923237090248765,
                "RMSE": 4.787821747961046,
                "MAE": 3.547960318622676,
                "R2": 0.385293337042652,
                "SMAPE": 4.150370011725211,
                "WAPE": 4.052399670673027
            },
            "Wind_Speed_kmh": {
                "MSE": 0.01319681237394454,
                "RMSE": 0.11487737973136636,
                "MAE": 0.10490912698946345,
                "R2": -11.616107995084015,
                "SMAPE": 195.02280964499633,
                "WAPE": 1278.0238624356662
            },
            "Soil_Moisture": {
                "MSE": 18987.233503991833,
                "RMSE": 137.79417079104556,
                "MAE": 105.55537868089993,
                "R2": 0.4556231274468473,
                "SMAPE": 1.8093585488681294,
                "WAPE": 1.8003002308594978
            },
            "Soil_Temperature": {
                "MSE": 0.364220139507648,
                "RMSE": 0.603506536424957,
                "MAE": 0.4747003906829669,
                "R2": 0.7923300358896554,
                "SMAPE": 5.493434433228584,
                "WAPE": 5.296065117699399
            },
            "Wind_Dir_Sin": {
                "MSE": 0.024840840999002495,
                "RMSE": 0.1576097744399201,
                "MAE": 0.06591506279037225,
                "R2": 0.17272560389416391,
                "SMAPE": 192.18979176369814,
                "WAPE": 168.64285688354263
            },
            "Wind_Dir_Cos": {
                "MSE": 0.04494829741713743,
                "RMSE": 0.2120101351755086,
                "MAE": 0.053549228565869605,
                "R2": 0.008448811540244905,
                "SMAPE": 8.989710435671098,
                "WAPE": 5.499007135669373
            }
        },
        {
            "Temperature": {
                "MSE": 40.42056868839796,
                "RMSE": 6.357717254518162,
                "MAE": 5.579599953508912,
                "R2": -0.45397066464038294,
                "SMAPE": 64.85296547454557,
                "WAPE": 68.02658238314709
            },
            "Precipitation_accumulated": {
                "MSE": 29933.193472488172,
                "RMSE": 173.01211943817165,
                "MAE": 163.41801163887493,
                "R2": -6258.8834221784255,
                "SMAPE": 43.92214947808853,
                "WAPE": 35.23444563541025
            },
            "Humidity": {
                "MSE": 256.6359852801451,
                "RMSE": 16.019862211646675,
                "MAE": 12.472806490820128,
                "R2": -0.7926143009407411,
                "SMAPE": 14.226809011599169,
                "WAPE": 14.314980596743624
            },
            "Wind_Speed_kmh": {
                "MSE": 2.445855837338381,
                "RMSE": 1.5639232197708368,
                "MAE": 1.1519063960831624,
                "R2": -0.7452003947976586,
                "SMAPE": 127.0102992156261,
                "WAPE": 85.55500940529843
            },
            "Soil_Moisture": {
                "MSE": 1353801.2612998222,
                "RMSE": 1163.5296563903398,
                "MAE": 1078.4571678653788,
                "R2": -0.9132680190302698,
                "SMAPE": 13.740123686044281,
                "WAPE": 13.007927951541683
            },
            "Soil_Temperature": {
                "MSE": 15.794480384748008,
                "RMSE": 3.9742270172636096,
                "MAE": 3.2211753209843623,
                "R2": 0.03982703009586874,
                "SMAPE": 50.05369930908603,
                "WAPE": 46.57175214031303
            },
            "Wind_Dir_Sin": {
                "MSE": 0.5235119031233956,
                "RMSE": 0.7235412242045339,
                "MAE": 0.6494398941271692,
                "R2": -0.008100688467031159,
                "SMAPE": 153.48229718044723,
                "WAPE": 95.98334677972267
            },
            "Wind_Dir_Cos": {
                "MSE": 0.9478300572078072,
                "RMSE": 0.9735656409342963,
                "MAE": 0.8102314448383988,
                "R2": -1.2153735552219405,
                "SMAPE": 140.2593713468939,
                "WAPE": 137.96720165469932
            }
        }
    ]
}