{
    "trial_number": 62,
    "fold_smape": [
        125.42310565087504,
        53.36171207262424,
        67.35881362042346
    ],
    "mean_smape": 82.04787711464091,
    "hyperparameters": {
        "input_chunk_length": 24,
        "hidden_size": 88,
        "dropout": 0.45000000000000007,
        "batch_size": 72,
        "lr": 0.0015089338690549691,
        "weight_decay": 0.0021961007043170195,
        "ff_size": 220,
        "num_blocks": 2,
        "activation": "GELU",
        "norm_type": "LayerNorm",
        "normalize_before": false
    },
    "metrics_per_fold": [
        {
            "Temperature": {
                "MSE": 70.37378426780515,
                "RMSE": 8.388908407403502,
                "MAE": 7.391848834375948,
                "R2": -2.2972115751136784,
                "SMAPE": 57.56221433106899,
                "WAPE": 46.83243784550659
            },
            "Precipitation_accumulated": {
                "MSE": 173595.7812400357,
                "RMSE": 416.6482704152697,
                "MAE": 389.44764392902295,
                "R2": -6.741278689318542,
                "SMAPE": 170.1824223088882,
                "WAPE": 97.39748447377855
            },
            "Humidity": {
                "MSE": 660.0869687741322,
                "RMSE": 25.692157729045107,
                "MAE": 24.067829087629466,
                "R2": -7.432698243724168,
                "SMAPE": 32.79424702974862,
                "WAPE": 28.461980360898306
            },
            "Wind_Speed_kmh": {
                "MSE": 11.74197554998283,
                "RMSE": 3.4266566139581056,
                "MAE": 3.2855492324094184,
                "R2": -57.696903514573805,
                "SMAPE": 192.75061347025505,
                "WAPE": 1582.1366302566544
            },
            "Soil_Moisture": {
                "MSE": 666337.4626617593,
                "RMSE": 816.2949605759914,
                "MAE": 751.744325359381,
                "R2": 0.3111520653196864,
                "SMAPE": 11.729352408146836,
                "WAPE": 10.977460597228019
            },
            "Soil_Temperature": {
                "MSE": 344.6148760644841,
                "RMSE": 18.563805538317947,
                "MAE": 17.41538023368908,
                "R2": -14.804242970773311,
                "SMAPE": 177.09242738009584,
                "WAPE": 112.050637487527
            },
            "Wind_Dir_Sin": {
                "MSE": 0.4234168551454012,
                "RMSE": 0.6507048909800827,
                "MAE": 0.5960031217172898,
                "R2": -2.7059267089029744,
                "SMAPE": 188.49404228119496,
                "WAPE": 404.34038106581886
            },
            "Wind_Dir_Cos": {
                "MSE": 2.2247909512551507,
                "RMSE": 1.4915733140731469,
                "MAE": 1.3878689846596026,
                "R2": -4.265669728634439,
                "SMAPE": 172.77952599760226,
                "WAPE": 151.2619730221715
            }
        },
        {
            "Temperature": {
                "MSE": 0.8364918402282538,
                "RMSE": 0.9145992784975581,
                "MAE": 0.6861939946092038,
                "R2": 0.6937459600158309,
                "SMAPE": 8.914412557932845,
                "WAPE": 8.199254940799987
            },
            "Precipitation_accumulated": {
                "MSE": 67.90047426754172,
                "RMSE": 8.240174407592459,
                "MAE": 7.781609588053032,
                "R2": -292.80903557041785,
                "SMAPE": 1.7126528008811288,
                "WAPE": 1.696719980223959
            },
            "Humidity": {
                "MSE": 25.050029985573044,
                "RMSE": 5.00500049805922,
                "MAE": 3.6602757854541292,
                "R2": 0.32569079014595215,
                "SMAPE": 4.282720099953808,
                "WAPE": 4.177949371501964
            },
            "Wind_Speed_kmh": {
                "MSE": 0.013940025527809945,
                "RMSE": 0.11806788525170571,
                "MAE": 0.10796119000366884,
                "R2": -12.485977108918522,
                "SMAPE": 194.67024694568119,
                "WAPE": 1330.9399521161972
            },
            "Soil_Moisture": {
                "MSE": 14060.48891718691,
                "RMSE": 118.57693248345949,
                "MAE": 85.12275779032804,
                "R2": 0.6283096714284497,
                "SMAPE": 1.4587852837834716,
                "WAPE": 1.4502431430952563
            },
            "Soil_Temperature": {
                "MSE": 0.8844432253886473,
                "RMSE": 0.9404484171865288,
                "MAE": 0.8263062337217801,
                "R2": 0.5017095885354268,
                "SMAPE": 10.274990282658504,
                "WAPE": 9.196480026943753
            },
            "Wind_Dir_Sin": {
                "MSE": 0.024340137964803138,
                "RMSE": 0.1560132621439701,
                "MAE": 0.05052030501275948,
                "R2": 0.1801388964810532,
                "SMAPE": 193.65195112359467,
                "WAPE": 130.80199073195962
            },
            "Wind_Dir_Cos": {
                "MSE": 0.045329223469367096,
                "RMSE": 0.2129066073877631,
                "MAE": 0.08512148701871607,
                "R2": -0.011514170280080949,
                "SMAPE": 11.92793748650837,
                "WAPE": 8.738404303333796
            }
        },
        {
            "Temperature": {
                "MSE": 21.51250415808972,
                "RMSE": 4.638157409800763,
                "MAE": 3.945574065236977,
                "R2": 0.2195547659399052,
                "SMAPE": 53.027407329291854,
                "WAPE": 48.28992201164834
            },
            "Precipitation_accumulated": {
                "MSE": 2593.854851951361,
                "RMSE": 50.92990135422767,
                "MAE": 48.99095877686761,
                "R2": -532.4448765370101,
                "SMAPE": 11.152909420342962,
                "WAPE": 10.563829951890117
            },
            "Humidity": {
                "MSE": 137.99282307005336,
                "RMSE": 11.747034650074603,
                "MAE": 9.484754058701125,
                "R2": 0.037925632093170125,
                "SMAPE": 11.168739561496173,
                "WAPE": 10.904772697811092
            },
            "Wind_Speed_kmh": {
                "MSE": 2.246657148810407,
                "RMSE": 1.4988853020863226,
                "MAE": 1.0835064605806306,
                "R2": -0.5968776133801015,
                "SMAPE": 115.08699417574358,
                "WAPE": 81.40297998276301
            },
            "Soil_Moisture": {
                "MSE": 913008.1825099185,
                "RMSE": 955.514616586224,
                "MAE": 878.5727476031058,
                "R2": -0.16510293441875779,
                "SMAPE": 11.045099159704748,
                "WAPE": 10.637773834029735
            },
            "Soil_Temperature": {
                "MSE": 11.175991667090894,
                "RMSE": 3.3430512510416133,
                "MAE": 2.8465997169802963,
                "R2": 0.312700596545502,
                "SMAPE": 47.10558449551826,
                "WAPE": 41.20239232721595
            },
            "Wind_Dir_Sin": {
                "MSE": 0.5221346564983393,
                "RMSE": 0.7225888571645285,
                "MAE": 0.6401214074025079,
                "R2": -0.016888190335261566,
                "SMAPE": 147.77509888595696,
                "WAPE": 95.56439604896343
            },
            "Wind_Dir_Cos": {
                "MSE": 0.6736512135505597,
                "RMSE": 0.8207625805009385,
                "MAE": 0.6852982048874691,
                "R2": -0.5399753930174378,
                "SMAPE": 142.50867593533312,
                "WAPE": 115.75629104674137
            }
        }
    ]
}