{
    "trial_number": 2,
    "input_chunk_length": 3,
    "num_blocks": 2,
    "hidden_size": 64,
    "ff_size": 76,
    "norm_type": "LayerNormNoBias",
    "normalize_before": true,
    "activation": "ReLU",
    "dropout": 0.05,
    "batch_size": 45,
    "lr": 0.00033685632025219246,
    "overall_smape_val": 45.88998110225546,
    "metrics": {
        "MSE": {
            "Temperature": 0.7850869519828689,
            "Precipitation_accumulated": 41.814549865016836,
            "Humidity": 5.962564148022232,
            "Wind_Speed_kmh": 0.09243785503034192,
            "Soil_Moisture": 23114.620569600516,
            "Soil_Temperature": 0.6016309963273998,
            "Wind_Dir_Sin": 0.04603908167806788,
            "Wind_Dir_Cos": 0.04166099944479846
        },
        "RMSE": {
            "Temperature": 0.8860513258174545,
            "Precipitation_accumulated": 6.466417080966618,
            "Humidity": 2.4418362246518974,
            "Wind_Speed_kmh": 0.3040359436486777,
            "Soil_Moisture": 152.0349320702335,
            "Soil_Temperature": 0.7756487583483904,
            "Wind_Dir_Sin": 0.21456719618354497,
            "Wind_Dir_Cos": 0.20411026295803564
        },
        "MAE": {
            "Temperature": 0.6362859795084349,
            "Precipitation_accumulated": 5.630687962423227,
            "Humidity": 1.7761080371643716,
            "Wind_Speed_kmh": 0.1637224122437717,
            "Soil_Moisture": 96.10542214353215,
            "Soil_Temperature": 0.6462963372545315,
            "Wind_Dir_Sin": 0.09420613588621711,
            "Wind_Dir_Cos": 0.0918120148382411
        },
        "R2": {
            "Temperature": 0.7693869839473018,
            "Precipitation_accumulated": -43.05503133700504,
            "Humidity": 0.9083086541377776,
            "Wind_Speed_kmh": 0.7283700720814787,
            "Soil_Moisture": 0.9687627669376899,
            "Soil_Temperature": 0.8927995893363689,
            "Wind_Dir_Sin": 0.7133646358211241,
            "Wind_Dir_Cos": 0.8548867283790977
        },
        "SMAPE": {
            "Temperature": 10.599967318794661,
            "Precipitation_accumulated": 1.2336709716128296,
            "Humidity": 2.096135924337984,
            "Wind_Speed_kmh": 163.14401655651088,
            "Soil_Moisture": 1.5403179977506822,
            "Soil_Temperature": 17.838781335312145,
            "Wind_Dir_Sin": 142.69158439861528,
            "Wind_Dir_Cos": 27.975374315109274
        }
    }
}