{
    "trial_number": 8,
    "input_chunk_length": 7,
    "num_blocks": 2,
    "hidden_size": 64,
    "ff_size": 94,
    "norm_type": "LayerNorm",
    "normalize_before": false,
    "activation": "ReLU",
    "dropout": 0.3,
    "batch_size": 54,
    "lr": 0.004852118220252015,
    "overall_smape_val": 47.06833759181224,
    "metrics": {
        "MSE": {
            "Temperature": 1.0163950082683584,
            "Precipitation_accumulated": 39.79130170536893,
            "Humidity": 10.726411318695536,
            "Wind_Speed_kmh": 0.07608970297788879,
            "Soil_Moisture": 14546.96983069017,
            "Soil_Temperature": 0.5155968108888715,
            "Wind_Dir_Sin": 0.04811886758392991,
            "Wind_Dir_Cos": 0.04659208965350668
        },
        "RMSE": {
            "Temperature": 1.0081641772391827,
            "Precipitation_accumulated": 6.30803469436947,
            "Humidity": 3.275120046455631,
            "Wind_Speed_kmh": 0.275843620513306,
            "Soil_Moisture": 120.61081970822589,
            "Soil_Temperature": 0.7180507021714215,
            "Wind_Dir_Sin": 0.2193601321661024,
            "Wind_Dir_Cos": 0.21585200868536453
        },
        "MAE": {
            "Temperature": 0.78275749806484,
            "Precipitation_accumulated": 4.379836580653599,
            "Humidity": 2.732770880327982,
            "Wind_Speed_kmh": 0.16208778957858594,
            "Soil_Moisture": 66.53795951803929,
            "Soil_Temperature": 0.5482426793062468,
            "Wind_Dir_Sin": 0.10927759271778742,
            "Wind_Dir_Cos": 0.10688678290980315
        },
        "R2": {
            "Temperature": 0.701442091521618,
            "Precipitation_accumulated": -40.92337473987404,
            "Humidity": 0.8350509838272852,
            "Wind_Speed_kmh": 0.7764093451926004,
            "Soil_Moisture": 0.9803411401202371,
            "Soil_Temperature": 0.9081294178631928,
            "Wind_Dir_Sin": 0.7004160675870873,
            "Wind_Dir_Cos": 0.8377107930347816
        },
        "SMAPE": {
            "Temperature": 13.016608212071827,
            "Precipitation_accumulated": 0.9490741538926611,
            "Humidity": 3.2920384723699327,
            "Wind_Speed_kmh": 165.10797396183185,
            "Soil_Moisture": 1.080160270931156,
            "Soil_Temperature": 15.589026386968804,
            "Wind_Dir_Sin": 143.84365997277902,
            "Wind_Dir_Cos": 33.66815930365266
        }
    }
}