{
    "trial_number": 20,
    "fold_smape": [
        102.9863769982851,
        46.03461286692292,
        56.458052811876584
    ],
    "mean_smape": 68.49301422569486,
    "hyperparameters": {
        "input_chunk_length": 36,
        "dropout": 0.1,
        "batch_size": 184,
        "lr": 0.0001561527698134007,
        "weight_decay": 3.462507726161673e-06,
        "nhead": 8,
        "d_model": 224,
        "num_encoder_layers": 4,
        "num_decoder_layers": 3,
        "activation": "Bilinear"
    }
}