{
    "trial_number": 3,
    "fold_smape": [
        119.8854143719623,
        40.35744178309647,
        60.683303450584106
    ],
    "mean_smape": 73.64205320188096,
    "hyperparameters": {
        "input_chunk_length": 72,
        "dropout": 0.45000000000000007,
        "batch_size": 112,
        "lr": 0.00020177800900359323,
        "weight_decay": 1.6320786847091616e-06,
        "nhead": 2,
        "d_model": 184,
        "num_encoder_layers": 4,
        "num_decoder_layers": 6,
        "activation": "ReGLU"
    }
}