{
    "trial_number": 10,
    "fold_smape": [
        149.11092406450936,
        60.036130991149285,
        47.46562334981008
    ],
    "mean_smape": 85.53755946848958,
    "hyperparameters": {
        "input_chunk_length": 24,
        "dropout": 0.4,
        "batch_size": 64,
        "lr": 2.3593446003983578e-05,
        "weight_decay": 0.005407804448909039,
        "nhead": 8,
        "d_model": 240,
        "num_encoder_layers": 1,
        "num_decoder_layers": 4,
        "activation": "SwiGLU"
    }
}