{
    "trial_number": 4,
    "fold_smape": [
        142.19820701237103,
        41.688360805198464,
        59.71639489290978
    ],
    "mean_smape": 81.20098757015977,
    "hyperparameters": {
        "input_chunk_length": 132,
        "dropout": 0.15000000000000002,
        "batch_size": 120,
        "lr": 4.4336636829087386e-05,
        "weight_decay": 2.3845010268325604e-05,
        "nhead": 3,
        "d_model": 120,
        "num_encoder_layers": 3,
        "num_decoder_layers": 1,
        "activation": "SwiGLU"
    }
}