{
    "trial_number": 62,
    "fold_smape": [
        93.3448385287866,
        45.012393305496346,
        53.9848363508979
    ],
    "mean_smape": 64.1140227283936,
    "hyperparameters": {
        "input_chunk_length": 24,
        "dropout": 0.1,
        "batch_size": 104,
        "lr": 9.244863357766163e-05,
        "weight_decay": 9.05179596257353e-06,
        "nhead": 8,
        "d_model": 216,
        "num_encoder_layers": 4,
        "num_decoder_layers": 5,
        "activation": "GELU"
    }
}