{
    "trial_number": 5,
    "fold_smape": [
        133.05952979699563,
        75.85823933002821,
        85.12816655801115
    ],
    "mean_smape": 98.01531189501168,
    "hyperparameters": {
        "input_chunk_length": 60,
        "dropout": 0.5,
        "batch_size": 232,
        "lr": 2.1688871725782547e-06,
        "weight_decay": 0.00035787103979123016,
        "nhead": 4,
        "d_model": 152,
        "num_encoder_layers": 2,
        "num_decoder_layers": 6,
        "activation": "GELU"
    }
}