{
    "trial_number": 51,
    "fold_smape": [
        88.12650962368649,
        93.56360576960427,
        52.593668629992955
    ],
    "mean_smape": 78.0945946744279,
    "hyperparameters": {
        "input_chunk_length": 36,
        "dropout": 0.35,
        "batch_size": 200,
        "lr": 0.004806145477452508,
        "weight_decay": 2.1226141068270085e-05,
        "nhead": 2,
        "d_model": 224,
        "num_encoder_layers": 5,
        "num_decoder_layers": 5,
        "activation": "Bilinear"
    }
}