{
    "trial_number": 2,
    "fold_smape": [
        103.70892540748503,
        33.8447352307288,
        49.32100835144503
    ],
    "mean_smape": 62.29155632988628,
    "hyperparameters": {
        "input_chunk_length": 72,
        "dropout": 0.4,
        "batch_size": 112,
        "lr": 3.371095418689331e-05,
        "weight_decay": 1.302793079680627e-06,
        "nhead": 8,
        "d_model": 240,
        "num_encoder_layers": 1,
        "num_decoder_layers": 3,
        "activation": "SwiGLU"
    }
}