{
    "trial_number": 53,
    "fold_smape": [
        108.82329279526323,
        46.39374218745687,
        57.008527183614305
    ],
    "mean_smape": 70.74185405544479,
    "hyperparameters": {
        "input_chunk_length": 24,
        "dropout": 0.35,
        "batch_size": 216,
        "lr": 0.0001610045748976936,
        "weight_decay": 1.3918165552016579e-05,
        "nhead": 2,
        "d_model": 216,
        "num_encoder_layers": 5,
        "num_decoder_layers": 5,
        "activation": "Bilinear"
    }
}