{
    "trial_number": 63,
    "fold_smape": [
        84.5412824020712,
        49.88630893797548,
        52.98375918012141
    ],
    "mean_smape": 62.47045017338937,
    "hyperparameters": {
        "input_chunk_length": 24,
        "dropout": 0.1,
        "batch_size": 128,
        "lr": 9.010608645507955e-05,
        "weight_decay": 1.0363081595907054e-05,
        "nhead": 8,
        "d_model": 232,
        "num_encoder_layers": 4,
        "num_decoder_layers": 5,
        "activation": "GELU"
    }
}