{
    "trial_number": 67,
    "fold_smape": [
        116.68056845873684,
        49.16803206884087,
        49.46607878728578
    ],
    "mean_smape": 71.77155977162117,
    "hyperparameters": {
        "input_chunk_length": 24,
        "dropout": 0.15000000000000002,
        "batch_size": 120,
        "lr": 5.43244412938551e-05,
        "weight_decay": 5.154446673881612e-06,
        "nhead": 7,
        "d_model": 224,
        "num_encoder_layers": 3,
        "num_decoder_layers": 5,
        "activation": "GELU"
    }
}