{
    "trial_number": 6,
    "fold_smape": [
        88.37399636359577,
        93.60913451703065,
        57.14914386734232
    ],
    "mean_smape": 79.71075824932291,
    "hyperparameters": {
        "input_chunk_length": 60,
        "dropout": 0.15000000000000002,
        "batch_size": 216,
        "lr": 0.00297963229520722,
        "weight_decay": 1.3243932635819752e-06,
        "nhead": 8,
        "d_model": 176,
        "num_encoder_layers": 5,
        "num_decoder_layers": 6,
        "activation": "GLU"
    }
}