{
    "trial_number": 27,
    "fold_smape": [
        87.8826591211856,
        85.56253145928301,
        57.563138920624134
    ],
    "mean_smape": 77.00277650036425,
    "hyperparameters": {
        "input_chunk_length": 36,
        "dropout": 0.35,
        "batch_size": 208,
        "lr": 0.004869125000082519,
        "weight_decay": 1.775285567732089e-05,
        "nhead": 2,
        "d_model": 216,
        "num_encoder_layers": 5,
        "num_decoder_layers": 5,
        "activation": "Bilinear"
    }
}