{
    "trial_number": 0,
    "fold_smape": [
        123.91005367367643,
        48.977387416544694,
        57.4115758367431
    ],
    "mean_smape": 76.76633897565473,
    "hyperparameters": {
        "input_chunk_length": 108,
        "dropout": 0.4,
        "batch_size": 184,
        "lr": 0.00040659498654104626,
        "weight_decay": 9.932333991688388e-05,
        "nhead": 4,
        "d_model": 56,
        "num_encoder_layers": 2,
        "num_decoder_layers": 2,
        "activation": "ReGLU"
    }
}