{
    "trial_number": 72,
    "fold_smape": [
        101.23058096779744,
        47.30086965028964,
        55.63130245652284
    ],
    "mean_smape": 68.05425102486997,
    "hyperparameters": {
        "input_chunk_length": 24,
        "dropout": 0.1,
        "batch_size": 120,
        "lr": 0.00013969075237271902,
        "weight_decay": 2.9531953937327187e-05,
        "nhead": 8,
        "d_model": 216,
        "num_encoder_layers": 6,
        "num_decoder_layers": 5,
        "activation": "GELU"
    }
}