{
    "trial_number": 58,
    "fold_smape": [
        90.78440533799565,
        50.1865819917503,
        50.04926080503471
    ],
    "mean_smape": 63.67341604492689,
    "hyperparameters": {
        "input_chunk_length": 24,
        "dropout": 0.15000000000000002,
        "batch_size": 128,
        "lr": 9.343988457157128e-05,
        "weight_decay": 5.6377610166776286e-06,
        "nhead": 7,
        "d_model": 224,
        "num_encoder_layers": 4,
        "num_decoder_layers": 5,
        "activation": "GELU"
    }
}