{
    "trial_number": 41,
    "fold_smape": [
        88.15662900574746,
        106.14384054323605,
        55.84617546391917
    ],
    "mean_smape": 83.3822150043009,
    "hyperparameters": {
        "input_chunk_length": 36,
        "dropout": 0.35,
        "batch_size": 216,
        "lr": 0.003097070458928314,
        "weight_decay": 9.706823121673909e-06,
        "nhead": 2,
        "d_model": 216,
        "num_encoder_layers": 5,
        "num_decoder_layers": 5,
        "activation": "Bilinear"
    }
}