{
    "trial_number": 71,
    "fold_smape": [
        100.43094937565512,
        46.58178281188624,
        54.78926418936627
    ],
    "mean_smape": 67.26733212563587,
    "hyperparameters": {
        "input_chunk_length": 24,
        "dropout": 0.1,
        "batch_size": 120,
        "lr": 0.0001557223534607635,
        "weight_decay": 1.4511951218892298e-05,
        "nhead": 8,
        "d_model": 216,
        "num_encoder_layers": 5,
        "num_decoder_layers": 5,
        "activation": "GELU"
    }
}