{
    "trial_number": 59,
    "fold_smape": [
        105.40734395535253,
        49.2041197682071,
        50.83339262523394
    ],
    "mean_smape": 68.48161878293119,
    "hyperparameters": {
        "input_chunk_length": 24,
        "dropout": 0.15000000000000002,
        "batch_size": 128,
        "lr": 5.475178750781707e-05,
        "weight_decay": 5.762107452017487e-06,
        "nhead": 7,
        "d_model": 224,
        "num_encoder_layers": 4,
        "num_decoder_layers": 5,
        "activation": "GELU"
    }
}