{
    "trial_number": 43,
    "fold_smape": [
        91.60264516819726,
        42.72579986876542,
        59.57675944810429
    ],
    "mean_smape": 64.63506816168899,
    "hyperparameters": {
        "input_chunk_length": 36,
        "dropout": 0.4,
        "batch_size": 192,
        "lr": 0.00017827282633805212,
        "weight_decay": 1.7113885114332158e-06,
        "nhead": 2,
        "d_model": 200,
        "num_encoder_layers": 5,
        "num_decoder_layers": 5,
        "activation": "Bilinear"
    }
}