{
    "trial_number": 73,
    "fold_smape": [
        101.56142062936621,
        45.96251355920105,
        58.40508448133215
    ],
    "mean_smape": 68.6430062232998,
    "hyperparameters": {
        "input_chunk_length": 24,
        "dropout": 0.15000000000000002,
        "batch_size": 120,
        "lr": 0.0001048743847724991,
        "weight_decay": 2.9856891086713972e-05,
        "nhead": 8,
        "d_model": 232,
        "num_encoder_layers": 6,
        "num_decoder_layers": 5,
        "activation": "GELU"
    }
}