{
    "trial_number": 41,
    "fold_smape": [
        5.239949476508393,
        2.186385065738831,
        14.562235979861242
    ],
    "mean_smape": 7.3295235073694895,
    "hyperparameters": {
        "input_chunk_length": 72,
        "hidden_size": 40,
        "dropout": 0.2,
        "batch_size": 104,
        "lr": 0.004870622622891388,
        "weight_decay": 0.0008412332229632293,
        "num_encoder_layers": 4,
        "num_decoder_layers": 4,
        "temporal_width_past": 3,
        "temporal_width_future": 2,
        "use_reversible_instance_norm": true,
        "temporal_hidden_size_past": 84,
        "temporal_hidden_size_future": 156
    },
    "metrics_per_fold": [
        {
            "Temperature": {
                "MSE": 4.203377926605801,
                "RMSE": 2.050214117258439,
                "MAE": 1.2399325745569219,
                "R2": 0.7900417732689605,
                "SMAPE": 8.812569170435985,
                "WAPE": 7.785058755261761
            },
            "Precipitation_accumulated": {
                "MSE": 1889.0576532380803,
                "RMSE": 43.46329086986028,
                "MAE": 5.846966715999798,
                "R2": 0.9013942560929492,
                "SMAPE": 3.1008869192617494,
                "WAPE": 1.4283695502143088
            },
            "Humidity": {
                "MSE": 21.876928476576087,
                "RMSE": 4.677277891741744,
                "MAE": 3.286347624769112,
                "R2": 0.7154336922122775,
                "SMAPE": 4.051759172282349,
                "WAPE": 3.88516556908411
            },
            "Soil_Moisture": {
                "MSE": 77731.68299715295,
                "RMSE": 278.80402256271867,
                "MAE": 100.02773482526752,
                "R2": 0.905924575246061,
                "SMAPE": 1.3724605637698764,
                "WAPE": 1.4740927067968177
            },
            "Soil_Temperature": {
                "MSE": 4.158279471861456,
                "RMSE": 2.0391859826561816,
                "MAE": 1.2080293501435935,
                "R2": 0.7981242204229653,
                "SMAPE": 8.86207155679207,
                "WAPE": 7.705593133681034
            }
        },
        {
            "Temperature": {
                "MSE": 0.4448836673820525,
                "RMSE": 0.6669960025232928,
                "MAE": 0.4536179782804418,
                "R2": 0.8327311181233792,
                "SMAPE": 5.6419189553013585,
                "WAPE": 5.456914047500569
            },
            "Precipitation_accumulated": {
                "MSE": 0.015496140893859438,
                "RMSE": 0.12448349647185943,
                "MAE": 0.08208724663385035,
                "R2": 0.9332247638073166,
                "SMAPE": 0.017895165070135038,
                "WAPE": 0.01789808266823839
            },
            "Humidity": {
                "MSE": 4.9107279629139455,
                "RMSE": 2.2160162370600864,
                "MAE": 1.645075150031292,
                "R2": 0.8685677745408338,
                "SMAPE": 1.8980761923584215,
                "WAPE": 1.8804133029410774
            },
            "Soil_Moisture": {
                "MSE": 10413.893867998639,
                "RMSE": 102.04848782808415,
                "MAE": 47.69108668532523,
                "R2": 0.6847984766743004,
                "SMAPE": 0.8165455206646144,
                "WAPE": 0.8140879748283899
            },
            "Soil_Temperature": {
                "MSE": 0.09582666738892787,
                "RMSE": 0.30955882702473186,
                "MAE": 0.22576568896108198,
                "R2": 0.944730008539888,
                "SMAPE": 2.5574894952996328,
                "WAPE": 2.525025220750016
            }
        },
        {
            "Temperature": {
                "MSE": 8.950133430293585,
                "RMSE": 2.9916773606613374,
                "MAE": 2.271596180551979,
                "R2": 0.6803829679846196,
                "SMAPE": 39.27524880977049,
                "WAPE": 27.568636938683028
            },
            "Precipitation_accumulated": {
                "MSE": 0.044434734044929605,
                "RMSE": 0.2107954791852273,
                "MAE": 0.14654083547439664,
                "R2": 0.9905561669586943,
                "SMAPE": 0.03158385919046224,
                "WAPE": 0.031592836923557396
            },
            "Humidity": {
                "MSE": 90.59262442194184,
                "RMSE": 9.518015781765747,
                "MAE": 6.641879547788557,
                "R2": 0.36690719497784363,
                "SMAPE": 7.854296578007828,
                "WAPE": 7.610064928242032
            },
            "Soil_Moisture": {
                "MSE": 144610.83623198426,
                "RMSE": 380.27731490582534,
                "MAE": 98.85784711603694,
                "R2": 0.7738552352156614,
                "SMAPE": 1.3046515389257896,
                "WAPE": 1.188050006301484
            },
            "Soil_Temperature": {
                "MSE": 2.5652055289680695,
                "RMSE": 1.6016259016911751,
                "MAE": 1.1660963196789267,
                "R2": 0.8458256964556357,
                "SMAPE": 24.345399113411602,
                "WAPE": 16.833687855862465
            }
        }
    ]
}