{
    "trial_number": 73,
    "fold_smape": [
        5.302162509864637,
        2.1761144693354475,
        14.43823810821414
    ],
    "mean_smape": 7.305505029138075,
    "hyperparameters": {
        "input_chunk_length": 36,
        "hidden_size": 64,
        "dropout": 0.2,
        "batch_size": 112,
        "lr": 0.003065401089843705,
        "weight_decay": 0.0008237031514249448,
        "num_encoder_layers": 3,
        "num_decoder_layers": 4,
        "temporal_width_past": 3,
        "temporal_width_future": 3,
        "use_reversible_instance_norm": true,
        "temporal_hidden_size_past": 72,
        "temporal_hidden_size_future": 156
    },
    "metrics_per_fold": [
        {
            "Temperature": {
                "MSE": 4.321229812100559,
                "RMSE": 2.078756794841705,
                "MAE": 1.2500967473489601,
                "R2": 0.7922691081322313,
                "SMAPE": 8.985610773569286,
                "WAPE": 7.890116076984643
            },
            "Precipitation_accumulated": {
                "MSE": 1830.1701322609438,
                "RMSE": 42.78048775155496,
                "MAE": 5.454330791640095,
                "R2": 0.9154178776235922,
                "SMAPE": 3.049959497107773,
                "WAPE": 1.3561703360276967
            },
            "Humidity": {
                "MSE": 22.02162943923686,
                "RMSE": 4.692720899354325,
                "MAE": 3.322475796786771,
                "R2": 0.7183616575247058,
                "SMAPE": 4.098329576119642,
                "WAPE": 3.9316039665296647
            },
            "Soil_Moisture": {
                "MSE": 77908.88459361641,
                "RMSE": 279.121630465316,
                "MAE": 98.62931847978123,
                "R2": 0.91643848229652,
                "SMAPE": 1.347776016069871,
                "WAPE": 1.4435198564577512
            },
            "Soil_Temperature": {
                "MSE": 4.32189091003626,
                "RMSE": 2.0789158015745275,
                "MAE": 1.2163476229338521,
                "R2": 0.7971932794824054,
                "SMAPE": 9.029136686456571,
                "WAPE": 7.796697851114015
            }
        },
        {
            "Temperature": {
                "MSE": 0.46451856285170495,
                "RMSE": 0.6815559865863589,
                "MAE": 0.4547800297406757,
                "R2": 0.8283593443490403,
                "SMAPE": 5.614442520478,
                "WAPE": 5.444242662658826
            },
            "Precipitation_accumulated": {
                "MSE": 0.012872503955205799,
                "RMSE": 0.11345705775845678,
                "MAE": 0.043982678340638674,
                "R2": 0.9443616209867883,
                "SMAPE": 0.009584241338182904,
                "WAPE": 0.009590030177633178
            },
            "Humidity": {
                "MSE": 4.913129513021699,
                "RMSE": 2.2165580328567307,
                "MAE": 1.6406829493782704,
                "R2": 0.8681740553222048,
                "SMAPE": 1.8896916156701353,
                "WAPE": 1.873225147605906
            },
            "Soil_Moisture": {
                "MSE": 10792.804928483376,
                "RMSE": 103.88842538263526,
                "MAE": 48.07456625731652,
                "R2": 0.7029905841150891,
                "SMAPE": 0.8219023625093838,
                "WAPE": 0.819494728818132
            },
            "Soil_Temperature": {
                "MSE": 0.09893311619933431,
                "RMSE": 0.3145363511572777,
                "MAE": 0.2258716787548131,
                "R2": 0.9437756166301394,
                "SMAPE": 2.5449516066815385,
                "WAPE": 2.5173246707680526
            }
        },
        {
            "Temperature": {
                "MSE": 9.27267348621549,
                "RMSE": 3.0451064819174207,
                "MAE": 2.314171008993894,
                "R2": 0.6647900603757013,
                "SMAPE": 38.08911691014507,
                "WAPE": 28.254858704556163
            },
            "Precipitation_accumulated": {
                "MSE": 0.04412716231492527,
                "RMSE": 0.210064662223148,
                "MAE": 0.09311024251648196,
                "R2": 0.990847270831846,
                "SMAPE": 0.020085082394892546,
                "WAPE": 0.020076307947788932
            },
            "Humidity": {
                "MSE": 89.35873381227992,
                "RMSE": 9.452974865738295,
                "MAE": 6.583084159068279,
                "R2": 0.3764411265070813,
                "SMAPE": 7.7617264167398545,
                "WAPE": 7.562057786069424
            },
            "Soil_Moisture": {
                "MSE": 146411.3795283097,
                "RMSE": 382.63739954205954,
                "MAE": 104.36031010301198,
                "R2": 0.8038434982091951,
                "SMAPE": 1.383338016377539,
                "WAPE": 1.261193534618297
            },
            "Soil_Temperature": {
                "MSE": 2.701159511229934,
                "RMSE": 1.64352046267454,
                "MAE": 1.198291873551672,
                "R2": 0.8348292727674509,
                "SMAPE": 24.93692411541331,
                "WAPE": 17.332893834486452
            }
        }
    ]
}