{
    "trial_number": 2,
    "fold_smape": [
        7.705842490316561,
        2.25771581509051,
        16.29166349261378
    ],
    "mean_smape": 8.751740599340282,
    "hyperparameters": {
        "input_chunk_length": 132,
        "hidden_size": 112,
        "dropout": 0.2,
        "batch_size": 256,
        "lr": 0.004478749634785684,
        "weight_decay": 6.000554849138568e-06,
        "num_encoder_layers": 1,
        "num_decoder_layers": 3,
        "temporal_width_past": 2,
        "temporal_width_future": 1,
        "use_reversible_instance_norm": true,
        "temporal_hidden_size_past": 96,
        "temporal_hidden_size_future": 96
    },
    "metrics_per_fold": [
        {
            "Temperature": {
                "MSE": 10.133931414621836,
                "RMSE": 3.1833836423877404,
                "MAE": 1.9135318093308213,
                "R2": 0.47714127657972194,
                "SMAPE": 14.107553603498067,
                "WAPE": 12.001578785860826
            },
            "Precipitation_accumulated": {
                "MSE": 3052.86173117524,
                "RMSE": 55.25270790807669,
                "MAE": 11.383051595331375,
                "R2": 0.7904864802412384,
                "SMAPE": 4.508432898049158,
                "WAPE": 2.6982147826635874
            },
            "Humidity": {
                "MSE": 40.69965675624413,
                "RMSE": 6.379628261603033,
                "MAE": 4.215441411916283,
                "R2": 0.44346229343575616,
                "SMAPE": 5.12839459087987,
                "WAPE": 4.974023695485545
            },
            "Soil_Moisture": {
                "MSE": 113763.44825001243,
                "RMSE": 337.2883755038297,
                "MAE": 146.73062524589986,
                "R2": 0.8212809589187777,
                "SMAPE": 2.051765189516383,
                "WAPE": 2.18838912324619
            },
            "Soil_Temperature": {
                "MSE": 7.9548918930133405,
                "RMSE": 2.8204417903962034,
                "MAE": 1.7106015842557358,
                "R2": 0.6006632423002429,
                "SMAPE": 12.733066169639308,
                "WAPE": 10.89137649176443
            }
        },
        {
            "Temperature": {
                "MSE": 0.4502576289180494,
                "RMSE": 0.6710123910316779,
                "MAE": 0.4545691438156257,
                "R2": 0.8280735333939845,
                "SMAPE": 5.72682350830688,
                "WAPE": 5.507771694710844
            },
            "Precipitation_accumulated": {
                "MSE": 0.13331104181767947,
                "RMSE": 0.36511784647929696,
                "MAE": 0.21818021992067055,
                "R2": 0.42783947050031035,
                "SMAPE": 0.0475427500062671,
                "WAPE": 0.04756999501915809
            },
            "Humidity": {
                "MSE": 5.678239089595779,
                "RMSE": 2.3829055981292626,
                "MAE": 1.7866900125565435,
                "R2": 0.8507753474984883,
                "SMAPE": 2.0713342661731993,
                "WAPE": 2.0448921954461405
            },
            "Soil_Moisture": {
                "MSE": 10920.188455346506,
                "RMSE": 104.49970552755882,
                "MAE": 50.55332614449173,
                "R2": 0.6543107996788844,
                "SMAPE": 0.8671049726548513,
                "WAPE": 0.8642242864338169
            },
            "Soil_Temperature": {
                "MSE": 0.0926824544875893,
                "RMSE": 0.3044379320774422,
                "MAE": 0.22374845558024015,
                "R2": 0.9460928895298798,
                "SMAPE": 2.5757735783113653,
                "WAPE": 2.5146795309146137
            }
        },
        {
            "Temperature": {
                "MSE": 10.882567734019734,
                "RMSE": 3.2988737068914498,
                "MAE": 2.53676455592548,
                "R2": 0.6183654911166354,
                "SMAPE": 43.141338964165705,
                "WAPE": 30.42292762576746
            },
            "Precipitation_accumulated": {
                "MSE": 0.168623192308337,
                "RMSE": 0.410637543715059,
                "MAE": 0.2798279479554697,
                "R2": 0.9626804697814104,
                "SMAPE": 0.06036013791747368,
                "WAPE": 0.06031522756482406
            },
            "Humidity": {
                "MSE": 106.94514924884949,
                "RMSE": 10.34142878179072,
                "MAE": 7.726899719081322,
                "R2": 0.25561249554891174,
                "SMAPE": 9.056081863556962,
                "WAPE": 8.818636245343281
            },
            "Soil_Moisture": {
                "MSE": 174752.3175605522,
                "RMSE": 418.0338713077592,
                "MAE": 128.46862327628017,
                "R2": 0.6286253789560596,
                "SMAPE": 1.6571962334142945,
                "WAPE": 1.5300110177314192
            },
            "Soil_Temperature": {
                "MSE": 3.2632695925761395,
                "RMSE": 1.8064522115395523,
                "MAE": 1.348377207790567,
                "R2": 0.8094673599888962,
                "SMAPE": 27.543340264014436,
                "WAPE": 19.384754602405764
            }
        }
    ]
}