{
    "trial_number": 1,
    "fold_smape": [
        67.30943462313527,
        13.003193728238614,
        29.857326381747413
    ],
    "mean_smape": 36.723318244373765,
    "hyperparameters": {
        "input_chunk_length": 60,
        "hidden_size": 232,
        "dropout": 0.35,
        "batch_size": 192,
        "lr": 2.8932495749281327e-06,
        "weight_decay": 0.0011190932114755676,
        "num_encoder_layers": 2,
        "num_decoder_layers": 1,
        "temporal_width_past": 4,
        "temporal_width_future": 1,
        "use_reversible_instance_norm": false,
        "temporal_hidden_size_past": 24,
        "temporal_hidden_size_future": 96
    },
    "metrics_per_fold": [
        {
            "Temperature": {
                "MSE": 2918.3570550791937,
                "RMSE": 54.021820175547525,
                "MAE": 50.94470475706457,
                "R2": -143.7131386213461,
                "SMAPE": 118.36238220399194,
                "WAPE": 319.8361247683509
            },
            "Precipitation_accumulated": {
                "MSE": 13633.364101070314,
                "RMSE": 116.76199767505828,
                "MAE": 98.28912578675272,
                "R2": 0.3185284305731788,
                "SMAPE": 23.449958292215054,
                "WAPE": 24.153792601932604
            },
            "Humidity": {
                "MSE": 377.1533877235345,
                "RMSE": 19.42043737209681,
                "MAE": 10.152126436841309,
                "R2": -3.827263937886884,
                "SMAPE": 10.983500515090576,
                "WAPE": 12.011388742703476
            },
            "Soil_Moisture": {
                "MSE": 4457272.162953303,
                "RMSE": 2111.225275273414,
                "MAE": 1102.1170782785061,
                "R2": -4.172462121365398,
                "SMAPE": 13.762743662563487,
                "WAPE": 16.204361686695663
            },
            "Soil_Temperature": {
                "MSE": 209769.3688898187,
                "RMSE": 458.0058611959226,
                "MAE": 427.3043437718669,
                "R2": -10088.522705967278,
                "SMAPE": 169.98858844181478,
                "WAPE": 2725.5403327049944
            }
        },
        {
            "Temperature": {
                "MSE": 4.533396038712362,
                "RMSE": 2.1291773150004114,
                "MAE": 1.9054843707679998,
                "R2": -0.6929109493204713,
                "SMAPE": 28.189990477136007,
                "WAPE": 22.882916181306488
            },
            "Precipitation_accumulated": {
                "MSE": 96.7642364132634,
                "RMSE": 9.836881437389769,
                "MAE": 9.433124217007085,
                "R2": -416.37392669915675,
                "SMAPE": 2.0341901278097474,
                "WAPE": 2.0567850064545383
            },
            "Humidity": {
                "MSE": 29.417868705520263,
                "RMSE": 5.4238241772314355,
                "MAE": 4.369966471341818,
                "R2": 0.21176528037414344,
                "SMAPE": 4.924755764399213,
                "WAPE": 4.99321822745492
            },
            "Soil_Moisture": {
                "MSE": 25129.57499384569,
                "RMSE": 158.5231055519847,
                "MAE": 109.95802177133915,
                "R2": 0.24667715422865033,
                "SMAPE": 1.8630039178292948,
                "WAPE": 1.8764186657748338
            },
            "Soil_Temperature": {
                "MSE": 9.315041554514856,
                "RMSE": 3.0520553000420643,
                "MAE": 2.9463761250169833,
                "R2": -4.342624411457379,
                "SMAPE": 28.004028354018786,
                "WAPE": 32.912402340938456
            }
        },
        {
            "Temperature": {
                "MSE": 29.059918064101414,
                "RMSE": 5.390725189072563,
                "MAE": 4.27098092001824,
                "R2": -0.042676768230903495,
                "SMAPE": 75.55783230565835,
                "WAPE": 51.919645761234165
            },
            "Precipitation_accumulated": {
                "MSE": 1382.9266523601152,
                "RMSE": 37.1877217957771,
                "MAE": 36.21427468850673,
                "R2": -290.5619477021458,
                "SMAPE": 7.494277742302569,
                "WAPE": 7.807797052759534
            },
            "Humidity": {
                "MSE": 195.42370355804255,
                "RMSE": 13.979402832669303,
                "MAE": 11.060911302728742,
                "R2": -0.36617207225567605,
                "SMAPE": 13.176241500669292,
                "WAPE": 12.683429117048414
            },
            "Soil_Moisture": {
                "MSE": 342979.58290741034,
                "RMSE": 585.6445875336084,
                "MAE": 211.27555343707763,
                "R2": 0.48866265251021934,
                "SMAPE": 2.856954416814044,
                "WAPE": 2.5435174234578137
            },
            "Soil_Temperature": {
                "MSE": 20.428948740012224,
                "RMSE": 4.5198394595397104,
                "MAE": 3.681314991235126,
                "R2": -0.23500088071776393,
                "SMAPE": 50.20132594329276,
                "WAPE": 53.175481459785274
            }
        }
    ]
}