{
    "trial_number": 25,
    "fold_smape": [
        5.620931430657005,
        2.245249925595534,
        15.929057094837555
    ],
    "mean_smape": 7.931746150363364,
    "hyperparameters": {
        "input_chunk_length": 36,
        "hidden_size": 32,
        "dropout": 0.30000000000000004,
        "batch_size": 96,
        "lr": 0.0007946061365875747,
        "weight_decay": 2.432882142403726e-05,
        "num_encoder_layers": 4,
        "num_decoder_layers": 3,
        "temporal_width_past": 3,
        "temporal_width_future": 2,
        "use_reversible_instance_norm": true,
        "temporal_hidden_size_past": 120,
        "temporal_hidden_size_future": 168
    },
    "metrics_per_fold": [
        {
            "Temperature": {
                "MSE": 4.631569398640105,
                "RMSE": 2.1521081289377877,
                "MAE": 1.290779321369131,
                "R2": 0.7773504109332974,
                "SMAPE": 9.31823611749453,
                "WAPE": 8.146888388416043
            },
            "Precipitation_accumulated": {
                "MSE": 1970.6972078616252,
                "RMSE": 44.39253549710385,
                "MAE": 6.38137551702635,
                "R2": 0.9089233566519426,
                "SMAPE": 3.2833904167097234,
                "WAPE": 1.5866716761126711
            },
            "Humidity": {
                "MSE": 22.952596608665726,
                "RMSE": 4.790886829039664,
                "MAE": 3.4686828990341416,
                "R2": 0.706455360980196,
                "SMAPE": 4.252332260033955,
                "WAPE": 4.104616038938588
            },
            "Soil_Moisture": {
                "MSE": 113354.59569591901,
                "RMSE": 336.6817424451748,
                "MAE": 125.36679362916624,
                "R2": 0.8784210285588987,
                "SMAPE": 1.7120865842834794,
                "WAPE": 1.8348444330094489
            },
            "Soil_Temperature": {
                "MSE": 4.7631046678890545,
                "RMSE": 2.182453818042676,
                "MAE": 1.295331622314313,
                "R2": 0.7764891207842817,
                "SMAPE": 9.538611774763298,
                "WAPE": 8.30297941621189
            }
        },
        {
            "Temperature": {
                "MSE": 0.5063043717782697,
                "RMSE": 0.7115506811030889,
                "MAE": 0.4756523571352332,
                "R2": 0.8129193937967285,
                "SMAPE": 5.8772579204027435,
                "WAPE": 5.694108549107772
            },
            "Precipitation_accumulated": {
                "MSE": 0.015135391489605203,
                "RMSE": 0.12302597892154812,
                "MAE": 0.060426687334488985,
                "R2": 0.9345808203949758,
                "SMAPE": 0.013170142776193699,
                "WAPE": 0.013175499467860263
            },
            "Humidity": {
                "MSE": 5.021971553118365,
                "RMSE": 2.240975580660879,
                "MAE": 1.6642926777541676,
                "R2": 0.865253675405825,
                "SMAPE": 1.9181502646747042,
                "WAPE": 1.9001812008388812
            },
            "Soil_Moisture": {
                "MSE": 11093.84101505002,
                "RMSE": 105.32730422378624,
                "MAE": 49.91112129191933,
                "R2": 0.694706310210029,
                "SMAPE": 0.8549283179424638,
                "WAPE": 0.8508012446582484
            },
            "Soil_Temperature": {
                "MSE": 0.10328188274944684,
                "RMSE": 0.32137498774709716,
                "MAE": 0.22710558561072947,
                "R2": 0.9413041821186973,
                "SMAPE": 2.562742982181559,
                "WAPE": 2.531076479702009
            }
        },
        {
            "Temperature": {
                "MSE": 10.617804416255764,
                "RMSE": 3.258497263502881,
                "MAE": 2.4834739152376675,
                "R2": 0.6161631720768872,
                "SMAPE": 40.87861290620212,
                "WAPE": 30.3219616436204
            },
            "Precipitation_accumulated": {
                "MSE": 0.16762138071006585,
                "RMSE": 0.4094159018773768,
                "MAE": 0.33832937994199913,
                "R2": 0.9652324550243659,
                "SMAPE": 0.07294633304851525,
                "WAPE": 0.07295013562334667
            },
            "Humidity": {
                "MSE": 100.8492768202521,
                "RMSE": 10.042374062952051,
                "MAE": 7.140413775882933,
                "R2": 0.2962583648653935,
                "SMAPE": 8.418679985553068,
                "WAPE": 8.202268159566584
            },
            "Soil_Moisture": {
                "MSE": 199473.92459436582,
                "RMSE": 446.6250380289554,
                "MAE": 134.72589720904756,
                "R2": 0.7327522807791871,
                "SMAPE": 1.8016203133606596,
                "WAPE": 1.6281614182439659
            },
            "Soil_Temperature": {
                "MSE": 3.323884913944329,
                "RMSE": 1.8231524659074263,
                "MAE": 1.35350318638165,
                "R2": 0.796750807869358,
                "SMAPE": 28.4734259360233,
                "WAPE": 19.57797390769056
            }
        }
    ]
}