{
    "trial_number": 12,
    "fold_smape": [
        5.517456559260997,
        2.136295234344337,
        14.981122076392912
    ],
    "mean_smape": 7.544957956666082,
    "hyperparameters": {
        "input_chunk_length": 108,
        "hidden_size": 104,
        "dropout": 0.1,
        "batch_size": 128,
        "lr": 0.004400821681698806,
        "weight_decay": 0.00034545240145858876,
        "num_encoder_layers": 3,
        "num_decoder_layers": 4,
        "temporal_width_past": 1,
        "temporal_width_future": 3,
        "use_reversible_instance_norm": true,
        "temporal_hidden_size_past": 84,
        "temporal_hidden_size_future": 144
    },
    "metrics_per_fold": [
        {
            "Temperature": {
                "MSE": 4.933091873157013,
                "RMSE": 2.221056476804904,
                "MAE": 1.331807281188284,
                "R2": 0.7494917727535347,
                "SMAPE": 9.415309548824485,
                "WAPE": 8.343500556766687
            },
            "Precipitation_accumulated": {
                "MSE": 1929.224966173722,
                "RMSE": 43.922943505344925,
                "MAE": 6.257079873653641,
                "R2": 0.8829184618481472,
                "SMAPE": 3.2196050104382716,
                "WAPE": 1.5013283945242222
            },
            "Humidity": {
                "MSE": 23.07150653285741,
                "RMSE": 4.803280809286233,
                "MAE": 3.382410985075006,
                "R2": 0.692208334889756,
                "SMAPE": 4.157751702980101,
                "WAPE": 3.995554880550863
            },
            "Soil_Moisture": {
                "MSE": 81439.81128727013,
                "RMSE": 285.37661306993976,
                "MAE": 102.45186038029819,
                "R2": 0.8861122560279523,
                "SMAPE": 1.4073872815499808,
                "WAPE": 1.520552917076392
            },
            "Soil_Temperature": {
                "MSE": 4.609260546025027,
                "RMSE": 2.146918849427017,
                "MAE": 1.2687678079038203,
                "R2": 0.7722603328820659,
                "SMAPE": 9.38722925251214,
                "WAPE": 8.072232639497619
            }
        },
        {
            "Temperature": {
                "MSE": 0.4482749549225492,
                "RMSE": 0.6695333859655911,
                "MAE": 0.44814565085967195,
                "R2": 0.8294795789485272,
                "SMAPE": 5.5752478048658265,
                "WAPE": 5.41506810986905
            },
            "Precipitation_accumulated": {
                "MSE": 0.01339998020534943,
                "RMSE": 0.11575828352800256,
                "MAE": 0.05522825148263702,
                "R2": 0.9424059158858591,
                "SMAPE": 0.012036555110382657,
                "WAPE": 0.01204160445654614
            },
            "Humidity": {
                "MSE": 4.812001355001069,
                "RMSE": 2.193627442160831,
                "MAE": 1.61987778618569,
                "R2": 0.8722219976217536,
                "SMAPE": 1.866857226138052,
                "WAPE": 1.8533599129780642
            },
            "Soil_Moisture": {
                "MSE": 10028.102870857267,
                "RMSE": 100.14041577134212,
                "MAE": 45.55485267327047,
                "R2": 0.6886193505545946,
                "SMAPE": 0.7826994149385652,
                "WAPE": 0.7783025753067561
            },
            "Soil_Temperature": {
                "MSE": 0.08520670804331087,
                "RMSE": 0.2919018808492177,
                "MAE": 0.21494286166065935,
                "R2": 0.9504586989864419,
                "SMAPE": 2.444635170668844,
                "WAPE": 2.411330788613024
            }
        },
        {
            "Temperature": {
                "MSE": 9.431090112632226,
                "RMSE": 3.0710079961850028,
                "MAE": 2.3449775238913415,
                "R2": 0.6665357940137067,
                "SMAPE": 39.24233668610495,
                "WAPE": 28.243294845211413
            },
            "Precipitation_accumulated": {
                "MSE": 0.05893413466879127,
                "RMSE": 0.24276353653049149,
                "MAE": 0.11494335232124606,
                "R2": 0.9871669007639122,
                "SMAPE": 0.024798111011470333,
                "WAPE": 0.024777496146025563
            },
            "Humidity": {
                "MSE": 96.19578902015077,
                "RMSE": 9.807945198671879,
                "MAE": 7.120409941182062,
                "R2": 0.32865959591632155,
                "SMAPE": 8.366290864127672,
                "WAPE": 8.13868510387744
            },
            "Soil_Moisture": {
                "MSE": 157657.72791466315,
                "RMSE": 397.0613654268861,
                "MAE": 107.52935491746165,
                "R2": 0.7091989837744284,
                "SMAPE": 1.4054449031869178,
                "WAPE": 1.2853844506241379
            },
            "Soil_Temperature": {
                "MSE": 2.7945440941668958,
                "RMSE": 1.6716889944504916,
                "MAE": 1.2306406318224306,
                "R2": 0.8348995434684451,
                "SMAPE": 25.866739817533567,
                "WAPE": 17.71899959550355
            }
        }
    ]
}