{
    "trial_number": 71,
    "fold_smape": [
        5.300476980033357,
        2.1851673948544668,
        14.532645055675308
    ],
    "mean_smape": 7.339429810187711,
    "hyperparameters": {
        "input_chunk_length": 36,
        "hidden_size": 64,
        "dropout": 0.2,
        "batch_size": 104,
        "lr": 0.004810872118920316,
        "weight_decay": 0.0008971260961697599,
        "num_encoder_layers": 3,
        "num_decoder_layers": 4,
        "temporal_width_past": 3,
        "temporal_width_future": 3,
        "use_reversible_instance_norm": true,
        "temporal_hidden_size_past": 60,
        "temporal_hidden_size_future": 168
    },
    "metrics_per_fold": [
        {
            "Temperature": {
                "MSE": 4.309415697910285,
                "RMSE": 2.07591322022629,
                "MAE": 1.2477341000956386,
                "R2": 0.7928370382317833,
                "SMAPE": 8.951536880816132,
                "WAPE": 7.875203982287004
            },
            "Precipitation_accumulated": {
                "MSE": 1835.3027526535268,
                "RMSE": 42.8404336188784,
                "MAE": 5.5327495687105115,
                "R2": 0.9151806713013467,
                "SMAPE": 3.072170372016162,
                "WAPE": 1.3756684602363476
            },
            "Humidity": {
                "MSE": 21.91910874019602,
                "RMSE": 4.681784781490497,
                "MAE": 3.3130894173264487,
                "R2": 0.7196728120796827,
                "SMAPE": 4.087196596669601,
                "WAPE": 3.9204967293442965
            },
            "Soil_Moisture": {
                "MSE": 77039.49480114215,
                "RMSE": 277.55989407899364,
                "MAE": 98.1508860869199,
                "R2": 0.9173709501519387,
                "SMAPE": 1.3416657383543016,
                "WAPE": 1.4365176113878988
            },
            "Soil_Temperature": {
                "MSE": 4.308374495404157,
                "RMSE": 2.0756624232770022,
                "MAE": 1.2167685410458025,
                "R2": 0.797827543461241,
                "SMAPE": 9.049815312310539,
                "WAPE": 7.799395904924505
            }
        },
        {
            "Temperature": {
                "MSE": 0.4629279185542487,
                "RMSE": 0.6803880646765115,
                "MAE": 0.4546096650873748,
                "R2": 0.8289470910010724,
                "SMAPE": 5.610740515895606,
                "WAPE": 5.4422032008244114
            },
            "Precipitation_accumulated": {
                "MSE": 0.01742254036235709,
                "RMSE": 0.13199447095373765,
                "MAE": 0.0984758600905142,
                "R2": 0.9246951558587962,
                "SMAPE": 0.021470284157474304,
                "WAPE": 0.02147178174831225
            },
            "Humidity": {
                "MSE": 4.980812438095258,
                "RMSE": 2.231773384126457,
                "MAE": 1.6530763134269162,
                "R2": 0.8663580304214301,
                "SMAPE": 1.9041204492960278,
                "WAPE": 1.8873750851109892
            },
            "Soil_Moisture": {
                "MSE": 10785.772834003168,
                "RMSE": 103.85457541198254,
                "MAE": 48.50635893704362,
                "R2": 0.7031841017676228,
                "SMAPE": 0.8292603640236497,
                "WAPE": 0.8268552076019581
            },
            "Soil_Temperature": {
                "MSE": 0.09977147914896883,
                "RMSE": 0.31586623616488174,
                "MAE": 0.2274110345782185,
                "R2": 0.9432991690896781,
                "SMAPE": 2.560245360899574,
                "WAPE": 2.53448068790447
            }
        },
        {
            "Temperature": {
                "MSE": 9.096379785639405,
                "RMSE": 3.016020521422128,
                "MAE": 2.2633203646059634,
                "R2": 0.6711631307543903,
                "SMAPE": 38.30073704822286,
                "WAPE": 27.63399803063334
            },
            "Precipitation_accumulated": {
                "MSE": 0.04572280544966946,
                "RMSE": 0.2138289163085046,
                "MAE": 0.0853943829667759,
                "R2": 0.9905163071193573,
                "SMAPE": 0.01842778118558058,
                "WAPE": 0.018412624466625557
            },
            "Humidity": {
                "MSE": 91.003133644848,
                "RMSE": 9.539556260374379,
                "MAE": 6.546043618461419,
                "R2": 0.3649662536723546,
                "SMAPE": 7.740190298870545,
                "WAPE": 7.519508928766654
            },
            "Soil_Moisture": {
                "MSE": 145011.90984114553,
                "RMSE": 380.80429335965414,
                "MAE": 103.67302942699467,
                "R2": 0.8057184554637528,
                "SMAPE": 1.3739173721165547,
                "WAPE": 1.2528877530026088
            },
            "Soil_Temperature": {
                "MSE": 2.5941151924788155,
                "RMSE": 1.6106257145838743,
                "MAE": 1.1743409188222975,
                "R2": 0.8413748277044062,
                "SMAPE": 25.22995277798098,
                "WAPE": 16.98645123171023
            }
        }
    ]
}