{
    "trial_number": 45,
    "fold_smape": [
        5.3879351195881044,
        2.1715591913511503,
        14.41837373926702
    ],
    "mean_smape": 7.325956016735425,
    "hyperparameters": {
        "input_chunk_length": 60,
        "hidden_size": 88,
        "dropout": 0.25,
        "batch_size": 112,
        "lr": 0.003413001370593416,
        "weight_decay": 0.00098714130552455,
        "num_encoder_layers": 3,
        "num_decoder_layers": 4,
        "temporal_width_past": 5,
        "temporal_width_future": 3,
        "use_reversible_instance_norm": true,
        "temporal_hidden_size_past": 72,
        "temporal_hidden_size_future": 132
    },
    "metrics_per_fold": [
        {
            "Temperature": {
                "MSE": 4.557025790541251,
                "RMSE": 2.1347191362193882,
                "MAE": 1.2775230784212441,
                "R2": 0.7740298762346782,
                "SMAPE": 9.155189500265234,
                "WAPE": 8.020421997788178
            },
            "Precipitation_accumulated": {
                "MSE": 1900.2516207070908,
                "RMSE": 43.591875627312604,
                "MAE": 5.960926728037598,
                "R2": 0.9050148265190499,
                "SMAPE": 3.1297242054790035,
                "WAPE": 1.4648516481539626
            },
            "Humidity": {
                "MSE": 22.713582499116573,
                "RMSE": 4.765876886693211,
                "MAE": 3.354676394227467,
                "R2": 0.7092841764990934,
                "SMAPE": 4.144555815637231,
                "WAPE": 3.969052447062894
            },
            "Soil_Moisture": {
                "MSE": 77853.98555983824,
                "RMSE": 279.0232706421424,
                "MAE": 100.04687119135596,
                "R2": 0.9096539819460401,
                "SMAPE": 1.372053212412455,
                "WAPE": 1.4709831816954266
            },
            "Soil_Temperature": {
                "MSE": 4.498496931860087,
                "RMSE": 2.120966037413161,
                "MAE": 1.249781091035857,
                "R2": 0.7836305311069207,
                "SMAPE": 9.13815286414677,
                "WAPE": 7.971668952864383
            }
        },
        {
            "Temperature": {
                "MSE": 0.4401802917875136,
                "RMSE": 0.6634608442007061,
                "MAE": 0.451109607426206,
                "R2": 0.835623001105851,
                "SMAPE": 5.59302796709603,
                "WAPE": 5.417364473661576
            },
            "Precipitation_accumulated": {
                "MSE": 0.017963853150498584,
                "RMSE": 0.13402929959713505,
                "MAE": 0.10022499738633585,
                "R2": 0.9225163737555944,
                "SMAPE": 0.02185132149766226,
                "WAPE": 0.021852916081027157
            },
            "Humidity": {
                "MSE": 4.8446163677300715,
                "RMSE": 2.2010489244290032,
                "MAE": 1.6289462417288791,
                "R2": 0.8701913159468289,
                "SMAPE": 1.8789699689637676,
                "WAPE": 1.8612692154700547
            },
            "Soil_Moisture": {
                "MSE": 10884.822509490717,
                "RMSE": 104.33035277181189,
                "MAE": 49.11248206685863,
                "R2": 0.6736997951388457,
                "SMAPE": 0.8397382836442496,
                "WAPE": 0.8380978175873834
            },
            "Soil_Temperature": {
                "MSE": 0.09366147735056086,
                "RMSE": 0.3060416268264186,
                "MAE": 0.22304048256646516,
                "R2": 0.9462806373564986,
                "SMAPE": 2.5242084155540527,
                "WAPE": 2.491466733732869
            }
        },
        {
            "Temperature": {
                "MSE": 8.978479143024412,
                "RMSE": 2.9964110437362246,
                "MAE": 2.2823839472312377,
                "R2": 0.6778500339943493,
                "SMAPE": 37.78019550113327,
                "WAPE": 27.745515199086196
            },
            "Precipitation_accumulated": {
                "MSE": 0.04449242061850981,
                "RMSE": 0.21093226547522267,
                "MAE": 0.11775969231451665,
                "R2": 0.9906196783528778,
                "SMAPE": 0.025388297147038878,
                "WAPE": 0.025388987809245155
            },
            "Humidity": {
                "MSE": 91.00642129175911,
                "RMSE": 9.539728575371477,
                "MAE": 6.782190854604032,
                "R2": 0.363790426130122,
                "SMAPE": 7.99092768391403,
                "WAPE": 7.777065976602004
            },
            "Soil_Moisture": {
                "MSE": 152191.142102648,
                "RMSE": 390.11683135010725,
                "MAE": 108.01013729233719,
                "R2": 0.7731030685426642,
                "SMAPE": 1.4328440558010542,
                "WAPE": 1.3003192354431548
            },
            "Soil_Temperature": {
                "MSE": 2.6928895736190634,
                "RMSE": 1.6410026123132966,
                "MAE": 1.197630141269847,
                "R2": 0.8372054755523736,
                "SMAPE": 24.862513158339716,
                "WAPE": 17.299405110511287
            }
        }
    ]
}