{
    "trial_number": 43,
    "fold_smape": [
        5.289085046995052,
        2.1973486642696085,
        14.46832287880196
    ],
    "mean_smape": 7.318252196688874,
    "hyperparameters": {
        "input_chunk_length": 60,
        "hidden_size": 64,
        "dropout": 0.25,
        "batch_size": 112,
        "lr": 0.00368817699579791,
        "weight_decay": 0.0010827404555325611,
        "num_encoder_layers": 3,
        "num_decoder_layers": 4,
        "temporal_width_past": 4,
        "temporal_width_future": 3,
        "use_reversible_instance_norm": true,
        "temporal_hidden_size_past": 108,
        "temporal_hidden_size_future": 144
    },
    "metrics_per_fold": [
        {
            "Temperature": {
                "MSE": 4.390468577524388,
                "RMSE": 2.0953445009173044,
                "MAE": 1.2675528850598088,
                "R2": 0.7822889811354117,
                "SMAPE": 8.89705773001599,
                "WAPE": 7.9578280928255545
            },
            "Precipitation_accumulated": {
                "MSE": 1895.7772421224756,
                "RMSE": 43.54052413697469,
                "MAE": 5.88720463355574,
                "R2": 0.9052384809137879,
                "SMAPE": 3.111158540368253,
                "WAPE": 1.446735013520766
            },
            "Humidity": {
                "MSE": 22.207466494678766,
                "RMSE": 4.712479866766411,
                "MAE": 3.336438867524157,
                "R2": 0.71576205954651,
                "SMAPE": 4.118371288074721,
                "WAPE": 3.9474748963594326
            },
            "Soil_Moisture": {
                "MSE": 76898.73016734933,
                "RMSE": 277.3062029009617,
                "MAE": 99.08539487817708,
                "R2": 0.9107625124896641,
                "SMAPE": 1.3602082381532008,
                "WAPE": 1.4568466527920936
            },
            "Soil_Temperature": {
                "MSE": 4.3507518523420226,
                "RMSE": 2.0858455964768874,
                "MAE": 1.2395791323050713,
                "R2": 0.7907367990162046,
                "SMAPE": 8.958629438362905,
                "WAPE": 7.90659624672734
            }
        },
        {
            "Temperature": {
                "MSE": 0.44358169830147426,
                "RMSE": 0.6660192927396881,
                "MAE": 0.4561825390127171,
                "R2": 0.8343528102199451,
                "SMAPE": 5.662051713706905,
                "WAPE": 5.478285187611515
            },
            "Precipitation_accumulated": {
                "MSE": 0.013609251508156417,
                "RMSE": 0.1166586966674856,
                "MAE": 0.056437444963808724,
                "R2": 0.9412991105811372,
                "SMAPE": 0.012300336921242954,
                "WAPE": 0.012305540342072843
            },
            "Humidity": {
                "MSE": 4.881779571627067,
                "RMSE": 2.2094749538356546,
                "MAE": 1.6373684963577546,
                "R2": 0.8691955494656681,
                "SMAPE": 1.888632613248448,
                "WAPE": 1.8708926658111404
            },
            "Soil_Moisture": {
                "MSE": 10913.672787154524,
                "RMSE": 104.46852534210734,
                "MAE": 50.06144017565583,
                "R2": 0.6728349347790379,
                "SMAPE": 0.8564626889542403,
                "WAPE": 0.8542916584704829
            },
            "Soil_Temperature": {
                "MSE": 0.0961556287944969,
                "RMSE": 0.3100897108813785,
                "MAE": 0.2270822567453225,
                "R2": 0.9448501215276361,
                "SMAPE": 2.5672959685172234,
                "WAPE": 2.5366152457698385
            }
        },
        {
            "Temperature": {
                "MSE": 8.77994522022366,
                "RMSE": 2.963097234351863,
                "MAE": 2.257946439027808,
                "R2": 0.6849734783397005,
                "SMAPE": 38.374919441590364,
                "WAPE": 27.448443684844005
            },
            "Precipitation_accumulated": {
                "MSE": 0.045546681803245045,
                "RMSE": 0.2134166858594825,
                "MAE": 0.10300011574675887,
                "R2": 0.9903974088320152,
                "SMAPE": 0.02221467048949043,
                "WAPE": 0.022206823333580775
            },
            "Humidity": {
                "MSE": 91.11606579813832,
                "RMSE": 9.545473576420308,
                "MAE": 6.672038288403383,
                "R2": 0.36302392104519987,
                "SMAPE": 7.875604246305535,
                "WAPE": 7.650755202812303
            },
            "Soil_Moisture": {
                "MSE": 149750.7746001535,
                "RMSE": 386.9764522553711,
                "MAE": 105.98457345547638,
                "R2": 0.7767413348063522,
                "SMAPE": 1.4061500591189051,
                "WAPE": 1.2759337501015395
            },
            "Soil_Temperature": {
                "MSE": 2.588489299485633,
                "RMSE": 1.6088782736694636,
                "MAE": 1.1694232598442902,
                "R2": 0.8435168346018694,
                "SMAPE": 24.66272597650554,
                "WAPE": 16.891965240830427
            }
        }
    ]
}