{
    "trial_number": 61,
    "fold_smape": [
        5.287707129923355,
        2.176520369612836,
        14.542539967899575
    ],
    "mean_smape": 7.335589155811921,
    "hyperparameters": {
        "input_chunk_length": 36,
        "hidden_size": 56,
        "dropout": 0.2,
        "batch_size": 104,
        "lr": 0.0037359396450390913,
        "weight_decay": 0.000776177110130657,
        "num_encoder_layers": 3,
        "num_decoder_layers": 4,
        "temporal_width_past": 3,
        "temporal_width_future": 3,
        "use_reversible_instance_norm": true,
        "temporal_hidden_size_past": 60,
        "temporal_hidden_size_future": 168
    },
    "metrics_per_fold": [
        {
            "Temperature": {
                "MSE": 4.277841507803863,
                "RMSE": 2.0682943474766504,
                "MAE": 1.2426672676047614,
                "R2": 0.7943548780496155,
                "SMAPE": 8.957656627877416,
                "WAPE": 7.843224140262427
            },
            "Precipitation_accumulated": {
                "MSE": 1827.8715228102546,
                "RMSE": 42.75361414910153,
                "MAE": 5.454053596368901,
                "R2": 0.9155241088763193,
                "SMAPE": 3.0513853891989404,
                "WAPE": 1.356101413914528
            },
            "Humidity": {
                "MSE": 21.863213616477886,
                "RMSE": 4.67581154629631,
                "MAE": 3.3138423732498716,
                "R2": 0.7203876642680671,
                "SMAPE": 4.090760908281148,
                "WAPE": 3.9213877289109496
            },
            "Soil_Moisture": {
                "MSE": 76121.78063816934,
                "RMSE": 275.90175903420646,
                "MAE": 97.15155014356735,
                "R2": 0.9183552485240176,
                "SMAPE": 1.3292090968170969,
                "WAPE": 1.4218915215016845
            },
            "Soil_Temperature": {
                "MSE": 4.274266308187384,
                "RMSE": 2.0674298798719595,
                "MAE": 1.2087132457038725,
                "R2": 0.7994280858479473,
                "SMAPE": 9.009523627442098,
                "WAPE": 7.747762060537957
            }
        },
        {
            "Temperature": {
                "MSE": 0.46046349940806847,
                "RMSE": 0.678574608578945,
                "MAE": 0.4529780509160254,
                "R2": 0.8298576994285427,
                "SMAPE": 5.605964813312508,
                "WAPE": 5.422670893115726
            },
            "Precipitation_accumulated": {
                "MSE": 0.01393387513250133,
                "RMSE": 0.11804183636533841,
                "MAE": 0.03183213300685874,
                "R2": 0.9397740930247414,
                "SMAPE": 0.006932660735240068,
                "WAPE": 0.00694071229109636
            },
            "Humidity": {
                "MSE": 4.924603776885932,
                "RMSE": 2.2191448300834113,
                "MAE": 1.644901236387873,
                "R2": 0.8678661852224291,
                "SMAPE": 1.8951494636933255,
                "WAPE": 1.8780413135258367
            },
            "Soil_Moisture": {
                "MSE": 10871.628683451818,
                "RMSE": 104.26710259449918,
                "MAE": 48.82876502751462,
                "R2": 0.7008214170101369,
                "SMAPE": 0.8351643226615764,
                "WAPE": 0.8323510469250978
            },
            "Soil_Temperature": {
                "MSE": 0.09810282101954924,
                "RMSE": 0.31321369864606696,
                "MAE": 0.22501773400245,
                "R2": 0.9442474792004473,
                "SMAPE": 2.5393905876615253,
                "WAPE": 2.5078075139272875
            }
        },
        {
            "Temperature": {
                "MSE": 9.178842627374985,
                "RMSE": 3.029660480544806,
                "MAE": 2.285240225317079,
                "R2": 0.6681820741863439,
                "SMAPE": 38.4443010721401,
                "WAPE": 27.901628454145296
            },
            "Precipitation_accumulated": {
                "MSE": 0.04673164543678485,
                "RMSE": 0.21617503425878032,
                "MAE": 0.08264958414799757,
                "R2": 0.9903070564290416,
                "SMAPE": 0.017838092245036002,
                "WAPE": 0.0178207945577864
            },
            "Humidity": {
                "MSE": 91.2713276147801,
                "RMSE": 9.553602860428107,
                "MAE": 6.6112330191789885,
                "R2": 0.36309475524535395,
                "SMAPE": 7.797859521811072,
                "WAPE": 7.594392676771975
            },
            "Soil_Moisture": {
                "MSE": 144894.904970893,
                "RMSE": 380.65063374555547,
                "MAE": 102.4336601471617,
                "R2": 0.8058752142219529,
                "SMAPE": 1.357712203396842,
                "WAPE": 1.2379099849106303
            },
            "Soil_Temperature": {
                "MSE": 2.64322850635678,
                "RMSE": 1.6258008815217133,
                "MAE": 1.1870405292886297,
                "R2": 0.8383716426883795,
                "SMAPE": 25.09498894990486,
                "WAPE": 17.1701468778301
            }
        }
    ]
}