{
    "trial_number": 66,
    "fold_smape": [
        5.32008402436931,
        2.1989897449610702,
        14.490899374718186
    ],
    "mean_smape": 7.336657714682855,
    "hyperparameters": {
        "input_chunk_length": 48,
        "hidden_size": 56,
        "dropout": 0.2,
        "batch_size": 128,
        "lr": 0.004926044848834236,
        "weight_decay": 0.0013986131303619204,
        "num_encoder_layers": 2,
        "num_decoder_layers": 4,
        "temporal_width_past": 4,
        "temporal_width_future": 3,
        "use_reversible_instance_norm": true,
        "temporal_hidden_size_past": 96,
        "temporal_hidden_size_future": 120
    },
    "metrics_per_fold": [
        {
            "Temperature": {
                "MSE": 4.443868005876115,
                "RMSE": 2.108048387935181,
                "MAE": 1.2668969154045004,
                "R2": 0.7855166299515955,
                "SMAPE": 8.971570055944621,
                "WAPE": 7.984369371978681
            },
            "Precipitation_accumulated": {
                "MSE": 1886.7211463173326,
                "RMSE": 43.43640346894909,
                "MAE": 5.83928242761758,
                "R2": 0.9094326949939311,
                "SMAPE": 3.1216946935444625,
                "WAPE": 1.4434226554132554
            },
            "Humidity": {
                "MSE": 22.381091324161016,
                "RMSE": 4.730865811261298,
                "MAE": 3.347846080349798,
                "R2": 0.7125385882367807,
                "SMAPE": 4.1279020322796685,
                "WAPE": 3.959668068041676
            },
            "Soil_Moisture": {
                "MSE": 76845.22304156047,
                "RMSE": 277.2097095008767,
                "MAE": 99.50349754473798,
                "R2": 0.9143144144917708,
                "SMAPE": 1.3653580031067352,
                "WAPE": 1.459654023706824
            },
            "Soil_Temperature": {
                "MSE": 4.411755834537115,
                "RMSE": 2.1004180142383837,
                "MAE": 1.2432116620971394,
                "R2": 0.7922790571213595,
                "SMAPE": 9.0138953369712,
                "WAPE": 7.958642007859702
            }
        },
        {
            "Temperature": {
                "MSE": 0.4435206455218446,
                "RMSE": 0.6659734570700582,
                "MAE": 0.4531328463873131,
                "R2": 0.8355552156602146,
                "SMAPE": 5.627934641705736,
                "WAPE": 5.432255885482116
            },
            "Precipitation_accumulated": {
                "MSE": 0.015461823210912148,
                "RMSE": 0.12434557978035306,
                "MAE": 0.039674834213518057,
                "R2": 0.9332407796118195,
                "SMAPE": 0.008641639407482433,
                "WAPE": 0.008650694166790578
            },
            "Humidity": {
                "MSE": 5.031134533076602,
                "RMSE": 2.243019066587844,
                "MAE": 1.6751975797758536,
                "R2": 0.8650857246931947,
                "SMAPE": 1.932815572328613,
                "WAPE": 1.9133726172087673
            },
            "Soil_Moisture": {
                "MSE": 10714.20835286468,
                "RMSE": 103.50946020951264,
                "MAE": 49.32573710882734,
                "R2": 0.6928163740236768,
                "SMAPE": 0.8423547949908787,
                "WAPE": 0.8412753287806181
            },
            "Soil_Temperature": {
                "MSE": 0.09653989134180181,
                "RMSE": 0.31070869209245144,
                "MAE": 0.22815337543622016,
                "R2": 0.9449551697023949,
                "SMAPE": 2.583202076372644,
                "WAPE": 2.5454268773503603
            }
        },
        {
            "Temperature": {
                "MSE": 9.211770987674447,
                "RMSE": 3.0350899472131707,
                "MAE": 2.300430972158865,
                "R2": 0.6686428415019199,
                "SMAPE": 38.29068856373308,
                "WAPE": 28.046895538791105
            },
            "Precipitation_accumulated": {
                "MSE": 0.046956827605225335,
                "RMSE": 0.2166952413072916,
                "MAE": 0.11203862063591247,
                "R2": 0.9901799897510365,
                "SMAPE": 0.024160611718824408,
                "WAPE": 0.024156570308699842
            },
            "Humidity": {
                "MSE": 93.47711071835265,
                "RMSE": 9.668356153884313,
                "MAE": 6.804992125105448,
                "R2": 0.34705803123665024,
                "SMAPE": 8.026595363656854,
                "WAPE": 7.810057047190861
            },
            "Soil_Moisture": {
                "MSE": 156823.6685381449,
                "RMSE": 396.00968237928845,
                "MAE": 111.93076674308024,
                "R2": 0.7783679789506519,
                "SMAPE": 1.4863237197739887,
                "WAPE": 1.350065067708422
            },
            "Soil_Temperature": {
                "MSE": 2.734935883575384,
                "RMSE": 1.6537641559712752,
                "MAE": 1.201976709384415,
                "R2": 0.833738657691723,
                "SMAPE": 24.626728614708107,
                "WAPE": 17.378179021554665
            }
        }
    ]
}