{
    "trial_number": 64,
    "fold_smape": [
        5.3891158105687085,
        2.160158992279759,
        14.530743486270065
    ],
    "mean_smape": 7.360006096372845,
    "hyperparameters": {
        "input_chunk_length": 60,
        "hidden_size": 72,
        "dropout": 0.25,
        "batch_size": 88,
        "lr": 0.0036395679424689902,
        "weight_decay": 0.0004557097945065159,
        "num_encoder_layers": 3,
        "num_decoder_layers": 4,
        "temporal_width_past": 3,
        "temporal_width_future": 3,
        "use_reversible_instance_norm": true,
        "temporal_hidden_size_past": 72,
        "temporal_hidden_size_future": 156
    },
    "metrics_per_fold": [
        {
            "Temperature": {
                "MSE": 4.467993720357886,
                "RMSE": 2.113762929081189,
                "MAE": 1.266848786913742,
                "R2": 0.7784447268067721,
                "SMAPE": 9.177352401138597,
                "WAPE": 7.953407691852215
            },
            "Precipitation_accumulated": {
                "MSE": 1860.7814142355346,
                "RMSE": 43.1367756587756,
                "MAE": 5.567032445114511,
                "R2": 0.9069877675591604,
                "SMAPE": 3.024593902975454,
                "WAPE": 1.36805517407144
            },
            "Humidity": {
                "MSE": 22.715702880369797,
                "RMSE": 4.76609933597379,
                "MAE": 3.345910771201698,
                "R2": 0.7092570373024389,
                "SMAPE": 4.143870974233598,
                "WAPE": 3.9586814862213866
            },
            "Soil_Moisture": {
                "MSE": 76557.69186315822,
                "RMSE": 276.6906067490514,
                "MAE": 98.14997276695706,
                "R2": 0.9111582719689764,
                "SMAPE": 1.3469987807145065,
                "WAPE": 1.4430931972666443
            },
            "Soil_Temperature": {
                "MSE": 4.425905550558651,
                "RMSE": 2.103783627314998,
                "MAE": 1.236575044903648,
                "R2": 0.7871220436846369,
                "SMAPE": 9.252762993781353,
                "WAPE": 7.887434818824978
            }
        },
        {
            "Temperature": {
                "MSE": 0.45103251893761276,
                "RMSE": 0.6715895464773203,
                "MAE": 0.45013613833234406,
                "R2": 0.8315704422713631,
                "SMAPE": 5.584112544670288,
                "WAPE": 5.405674106623322
            },
            "Precipitation_accumulated": {
                "MSE": 0.01566353524413008,
                "RMSE": 0.12515404605577113,
                "MAE": 0.08593464701016038,
                "R2": 0.9324383527100607,
                "SMAPE": 0.01873497950839612,
                "WAPE": 0.01873706838152287
            },
            "Humidity": {
                "MSE": 4.818205015932037,
                "RMSE": 2.195041005524051,
                "MAE": 1.6191891195724666,
                "R2": 0.8708989927907179,
                "SMAPE": 1.866177436348166,
                "WAPE": 1.8501205166142614
            },
            "Soil_Moisture": {
                "MSE": 10825.885192550033,
                "RMSE": 104.04751411038148,
                "MAE": 48.94720477278241,
                "R2": 0.675466590929493,
                "SMAPE": 0.8374475159466108,
                "WAPE": 0.8352773830739443
            },
            "Soil_Temperature": {
                "MSE": 0.09377746660747201,
                "RMSE": 0.30623106734534955,
                "MAE": 0.22045799431428653,
                "R2": 0.9462141119382474,
                "SMAPE": 2.4943224849253522,
                "WAPE": 2.462619129492945
            }
        },
        {
            "Temperature": {
                "MSE": 9.115855107809988,
                "RMSE": 3.019247440639801,
                "MAE": 2.259547133116238,
                "R2": 0.6729209517209833,
                "SMAPE": 38.28540348569403,
                "WAPE": 27.467902322473094
            },
            "Precipitation_accumulated": {
                "MSE": 0.043710331021946935,
                "RMSE": 0.20907015813345275,
                "MAE": 0.09866342414993767,
                "R2": 0.9907845660319621,
                "SMAPE": 0.021278631689202028,
                "WAPE": 0.02127183269357401
            },
            "Humidity": {
                "MSE": 93.55002048372165,
                "RMSE": 9.672125954707251,
                "MAE": 6.808225306263229,
                "R2": 0.3460085802444758,
                "SMAPE": 8.01903149414341,
                "WAPE": 7.8069194048759645
            },
            "Soil_Moisture": {
                "MSE": 148359.771431196,
                "RMSE": 385.1749880654194,
                "MAE": 105.26657228713775,
                "R2": 0.7788151371730564,
                "SMAPE": 1.3947273438800292,
                "WAPE": 1.2672898324687487
            },
            "Soil_Temperature": {
                "MSE": 2.629163859774525,
                "RMSE": 1.621469660454529,
                "MAE": 1.1794326462430627,
                "R2": 0.8410579162101852,
                "SMAPE": 24.933276475943845,
                "WAPE": 17.036547799546266
            }
        }
    ]
}