{
    "trial_number": 19,
    "fold_smape": [
        5.233344407599907,
        2.1434340377640533,
        14.596266508313807
    ],
    "mean_smape": 7.324348317892589,
    "hyperparameters": {
        "input_chunk_length": 60,
        "hidden_size": 80,
        "dropout": 0.25,
        "batch_size": 96,
        "lr": 0.004405904777069666,
        "weight_decay": 0.0003912011772425863,
        "num_encoder_layers": 4,
        "num_decoder_layers": 4,
        "temporal_width_past": 3,
        "temporal_width_future": 3,
        "use_reversible_instance_norm": true,
        "temporal_hidden_size_past": 84,
        "temporal_hidden_size_future": 120
    },
    "metrics_per_fold": [
        {
            "Temperature": {
                "MSE": 4.205187989896545,
                "RMSE": 2.0506555024909825,
                "MAE": 1.2435216755045133,
                "R2": 0.7914765256528198,
                "SMAPE": 8.91881313230807,
                "WAPE": 7.806957674117396
            },
            "Precipitation_accumulated": {
                "MSE": 1840.2781910133115,
                "RMSE": 42.89846373721688,
                "MAE": 5.503391129776752,
                "R2": 0.9080126329998524,
                "SMAPE": 2.997551592342592,
                "WAPE": 1.35241581295923
            },
            "Humidity": {
                "MSE": 21.885420352404882,
                "RMSE": 4.678185583365081,
                "MAE": 3.28263961183861,
                "R2": 0.7198839944927071,
                "SMAPE": 4.05709098391665,
                "WAPE": 3.8838228350767654
            },
            "Soil_Moisture": {
                "MSE": 75080.26871730998,
                "RMSE": 274.00778951940396,
                "MAE": 96.26068134146155,
                "R2": 0.9128727544999388,
                "SMAPE": 1.3216284977022315,
                "WAPE": 1.4153150580891605
            },
            "Soil_Temperature": {
                "MSE": 4.119626128360121,
                "RMSE": 2.0296862142607464,
                "MAE": 1.2006833920713385,
                "R2": 0.8018535233138946,
                "SMAPE": 8.871637831729853,
                "WAPE": 7.658501626762387
            }
        },
        {
            "Temperature": {
                "MSE": 0.4482699914973308,
                "RMSE": 0.6695296793252192,
                "MAE": 0.4482822188609862,
                "R2": 0.8326020558589508,
                "SMAPE": 5.542342079082192,
                "WAPE": 5.383410432084299
            },
            "Precipitation_accumulated": {
                "MSE": 0.016387914810553662,
                "RMSE": 0.12801529131534897,
                "MAE": 0.09166318294266261,
                "R2": 0.9293138807432938,
                "SMAPE": 0.01998443275875842,
                "WAPE": 0.019986110220033187
            },
            "Humidity": {
                "MSE": 4.764245110618876,
                "RMSE": 2.182715077745805,
                "MAE": 1.6130539577134146,
                "R2": 0.8723448171385428,
                "SMAPE": 1.8585622245166118,
                "WAPE": 1.8431103479496038
            },
            "Soil_Moisture": {
                "MSE": 10643.399500132595,
                "RMSE": 103.16685271991481,
                "MAE": 47.31307363406971,
                "R2": 0.6809370631184626,
                "SMAPE": 0.8082836665528292,
                "WAPE": 0.807391157752604
            },
            "Soil_Temperature": {
                "MSE": 0.09343311680685702,
                "RMSE": 0.30566831174797465,
                "MAE": 0.22008821903546957,
                "R2": 0.9464116131131032,
                "SMAPE": 2.487997785909881,
                "WAPE": 2.458488566307606
            }
        },
        {
            "Temperature": {
                "MSE": 9.001133830897194,
                "RMSE": 3.0001889658648495,
                "MAE": 2.2764841633463884,
                "R2": 0.677037178408027,
                "SMAPE": 38.87814571603876,
                "WAPE": 27.673795213652983
            },
            "Precipitation_accumulated": {
                "MSE": 0.042439522906957586,
                "RMSE": 0.20600855056758588,
                "MAE": 0.11279754719885914,
                "R2": 0.9910524900672171,
                "SMAPE": 0.024319660096413447,
                "WAPE": 0.02431914940042313
            },
            "Humidity": {
                "MSE": 93.28533311014195,
                "RMSE": 9.658433263741172,
                "MAE": 6.79469151702058,
                "R2": 0.3478589622149305,
                "SMAPE": 8.029952675469259,
                "WAPE": 7.791400352978147
            },
            "Soil_Moisture": {
                "MSE": 148231.75944967917,
                "RMSE": 385.0087784059984,
                "MAE": 104.74552140798951,
                "R2": 0.7790059861633107,
                "SMAPE": 1.3878777901969905,
                "WAPE": 1.2610169723670417
            },
            "Soil_Temperature": {
                "MSE": 2.602320940476043,
                "RMSE": 1.613171082209213,
                "MAE": 1.1697534378597298,
                "R2": 0.8426806638804916,
                "SMAPE": 24.661036699767674,
                "WAPE": 16.896734562385426
            }
        }
    ]
}