{
    "trial_number": 11,
    "fold_smape": [
        5.47548871166326,
        2.1613654762418766,
        14.605100769795948
    ],
    "mean_smape": 7.413984985900361,
    "hyperparameters": {
        "input_chunk_length": 96,
        "hidden_size": 96,
        "dropout": 0.1,
        "batch_size": 128,
        "lr": 0.00435246612666527,
        "weight_decay": 0.0004830486533640339,
        "num_encoder_layers": 3,
        "num_decoder_layers": 4,
        "temporal_width_past": 1,
        "temporal_width_future": 3,
        "use_reversible_instance_norm": true,
        "temporal_hidden_size_past": 60,
        "temporal_hidden_size_future": 144
    },
    "metrics_per_fold": [
        {
            "Temperature": {
                "MSE": 4.677984862936041,
                "RMSE": 2.162864966412846,
                "MAE": 1.29378034717252,
                "R2": 0.76317407193419,
                "SMAPE": 9.172363155887432,
                "WAPE": 8.119930135118183
            },
            "Precipitation_accumulated": {
                "MSE": 1949.196361507479,
                "RMSE": 44.149703979839764,
                "MAE": 6.41052955499329,
                "R2": 0.8879401656147248,
                "SMAPE": 3.259395629812422,
                "WAPE": 1.5474482507431966
            },
            "Humidity": {
                "MSE": 23.09828076167259,
                "RMSE": 4.806067078357582,
                "MAE": 3.370119065299004,
                "R2": 0.6904582779690039,
                "SMAPE": 4.142477009029473,
                "WAPE": 3.9803738239173088
            },
            "Soil_Moisture": {
                "MSE": 81534.39127123675,
                "RMSE": 285.5422758038409,
                "MAE": 104.42912856847343,
                "R2": 0.8916478615931123,
                "SMAPE": 1.4403982325587998,
                "WAPE": 1.5462180596262536
            },
            "Soil_Temperature": {
                "MSE": 4.634553602079057,
                "RMSE": 2.152801338275099,
                "MAE": 1.2609672279691793,
                "R2": 0.7714874026568972,
                "SMAPE": 9.36280953102818,
                "WAPE": 8.037335187492818
            }
        },
        {
            "Temperature": {
                "MSE": 0.45270186985419913,
                "RMSE": 0.672831234303372,
                "MAE": 0.4506925372435423,
                "R2": 0.8284821154169661,
                "SMAPE": 5.624881211376087,
                "WAPE": 5.437425405830067
            },
            "Precipitation_accumulated": {
                "MSE": 0.014080619958616779,
                "RMSE": 0.11866178811486358,
                "MAE": 0.06909258405870802,
                "R2": 0.9394318327608764,
                "SMAPE": 0.015061120834295656,
                "WAPE": 0.015064583071903764
            },
            "Humidity": {
                "MSE": 4.974749983947552,
                "RMSE": 2.2304147560369914,
                "MAE": 1.6536496858094638,
                "R2": 0.8674922080699217,
                "SMAPE": 1.9065750874676397,
                "WAPE": 1.8914248445038322
            },
            "Soil_Moisture": {
                "MSE": 10116.136980047517,
                "RMSE": 100.5790086451816,
                "MAE": 45.10377901115177,
                "R2": 0.688433027879692,
                "SMAPE": 0.7746297797012701,
                "WAPE": 0.7703741677865744
            },
            "Soil_Temperature": {
                "MSE": 0.08732959451197539,
                "RMSE": 0.2955158109339928,
                "MAE": 0.21815993870473802,
                "R2": 0.9493530116173801,
                "SMAPE": 2.485680181830097,
                "WAPE": 2.444792692321994
            }
        },
        {
            "Temperature": {
                "MSE": 8.902963248130272,
                "RMSE": 2.983783378218042,
                "MAE": 2.2829848854765533,
                "R2": 0.6843601710369837,
                "SMAPE": 38.58922443097236,
                "WAPE": 27.577902262015826
            },
            "Precipitation_accumulated": {
                "MSE": 0.04512412465681577,
                "RMSE": 0.21242439750842126,
                "MAE": 0.11291277773518066,
                "R2": 0.9902534752912765,
                "SMAPE": 0.02434535375932273,
                "WAPE": 0.024340835022381473
            },
            "Humidity": {
                "MSE": 92.01809518627826,
                "RMSE": 9.592606277038492,
                "MAE": 6.936505317138875,
                "R2": 0.3573140190446019,
                "SMAPE": 8.167362623288522,
                "WAPE": 7.934711060306976
            },
            "Soil_Moisture": {
                "MSE": 151456.45343213202,
                "RMSE": 389.17406572397914,
                "MAE": 103.17215252481672,
                "R2": 0.73673304767364,
                "SMAPE": 1.3501041179084259,
                "WAPE": 1.235514100751805
            },
            "Soil_Temperature": {
                "MSE": 2.6264311239057028,
                "RMSE": 1.6206267688476896,
                "MAE": 1.1864176862898346,
                "R2": 0.8439495647015599,
                "SMAPE": 24.89446732305124,
                "WAPE": 17.099449989800156
            }
        }
    ]
}