{
    "trial_number": 33,
    "fold_smape": [
        5.322952591349747,
        2.1819519543832353,
        14.745629058420187
    ],
    "mean_smape": 7.416844534717723,
    "hyperparameters": {
        "input_chunk_length": 60,
        "hidden_size": 32,
        "dropout": 0.2,
        "batch_size": 104,
        "lr": 0.0030260376981846495,
        "weight_decay": 0.0012037708333529876,
        "num_encoder_layers": 4,
        "num_decoder_layers": 4,
        "temporal_width_past": 3,
        "temporal_width_future": 4,
        "use_reversible_instance_norm": true,
        "temporal_hidden_size_past": 36,
        "temporal_hidden_size_future": 156
    },
    "metrics_per_fold": [
        {
            "Temperature": {
                "MSE": 4.448086329444928,
                "RMSE": 2.1090486787755585,
                "MAE": 1.2699185099014285,
                "R2": 0.779431878469987,
                "SMAPE": 8.961859342741278,
                "WAPE": 7.972679730215689
            },
            "Precipitation_accumulated": {
                "MSE": 1892.8992692141426,
                "RMSE": 43.50746222447527,
                "MAE": 5.821009771260071,
                "R2": 0.90538233804986,
                "SMAPE": 3.096098770527618,
                "WAPE": 1.4304681379899782
            },
            "Humidity": {
                "MSE": 22.874052430414153,
                "RMSE": 4.782682555889964,
                "MAE": 3.3658259697261026,
                "R2": 0.7072302887767965,
                "SMAPE": 4.170087389127569,
                "WAPE": 3.982243957872318
            },
            "Soil_Moisture": {
                "MSE": 76521.20450384861,
                "RMSE": 276.624663585604,
                "MAE": 98.63234350921624,
                "R2": 0.9112006138940457,
                "SMAPE": 1.3581602701028754,
                "WAPE": 1.4501854655280677
            },
            "Soil_Temperature": {
                "MSE": 4.435676896874462,
                "RMSE": 2.106104673769673,
                "MAE": 1.2416089798099887,
                "R2": 0.7866520598111906,
                "SMAPE": 9.02855718424953,
                "WAPE": 7.9195435320159895
            }
        },
        {
            "Temperature": {
                "MSE": 0.43726841219172047,
                "RMSE": 0.6612627406649496,
                "MAE": 0.45083372874214156,
                "R2": 0.8367103874292001,
                "SMAPE": 5.58921361340583,
                "WAPE": 5.414051453150623
            },
            "Precipitation_accumulated": {
                "MSE": 0.013860117783291406,
                "RMSE": 0.11772900145372595,
                "MAE": 0.05985631191948363,
                "R2": 0.94021704714313,
                "SMAPE": 0.013045920314710654,
                "WAPE": 0.01305098523728764
            },
            "Humidity": {
                "MSE": 4.959334625331842,
                "RMSE": 2.226956359099083,
                "MAE": 1.6535308712029988,
                "R2": 0.8671175068098764,
                "SMAPE": 1.907332428841738,
                "WAPE": 1.8893601449566844
            },
            "Soil_Moisture": {
                "MSE": 10861.907355775238,
                "RMSE": 104.2204747435706,
                "MAE": 49.437656679436515,
                "R2": 0.6743867350816206,
                "SMAPE": 0.8450514438090923,
                "WAPE": 0.8436468780638087
            },
            "Soil_Temperature": {
                "MSE": 0.0952819220809136,
                "RMSE": 0.30867769935794453,
                "MAE": 0.22593431852124884,
                "R2": 0.9453512343556495,
                "SMAPE": 2.555116365544807,
                "WAPE": 2.5237922377456896
            }
        },
        {
            "Temperature": {
                "MSE": 9.276962932616792,
                "RMSE": 3.045810718448668,
                "MAE": 2.32064988398743,
                "R2": 0.6671403646685449,
                "SMAPE": 38.884911309718134,
                "WAPE": 28.210690276734354
            },
            "Precipitation_accumulated": {
                "MSE": 0.04731089748774317,
                "RMSE": 0.21751068361747927,
                "MAE": 0.10185295524404517,
                "R2": 0.990025459849572,
                "SMAPE": 0.021968318922244066,
                "WAPE": 0.02195949554725422
            },
            "Humidity": {
                "MSE": 91.05717724598142,
                "RMSE": 9.54238844556128,
                "MAE": 6.722287141326382,
                "R2": 0.36343560035465705,
                "SMAPE": 7.918370573182093,
                "WAPE": 7.708375026967717
            },
            "Soil_Moisture": {
                "MSE": 152910.6806835434,
                "RMSE": 391.0379529963088,
                "MAE": 108.18885650144045,
                "R2": 0.7720303313661456,
                "SMAPE": 1.4348370822703231,
                "WAPE": 1.3024708115004204
            },
            "Soil_Temperature": {
                "MSE": 2.7781239836576943,
                "RMSE": 1.6667705251946634,
                "MAE": 1.2154183312641362,
                "R2": 0.8320527595313579,
                "SMAPE": 25.468058008008164,
                "WAPE": 17.556350134095677
            }
        }
    ]
}