{
    "trial_number": 75,
    "fold_smape": [
        5.3830160295479415,
        2.147737320190963,
        15.10529698326565
    ],
    "mean_smape": 7.545350111001518,
    "hyperparameters": {
        "input_chunk_length": 24,
        "hidden_size": 72,
        "dropout": 0.2,
        "batch_size": 112,
        "lr": 0.0030087604959458604,
        "weight_decay": 0.00026182037132417503,
        "num_encoder_layers": 3,
        "num_decoder_layers": 4,
        "temporal_width_past": 3,
        "temporal_width_future": 3,
        "use_reversible_instance_norm": true,
        "temporal_hidden_size_past": 96,
        "temporal_hidden_size_future": 156
    },
    "metrics_per_fold": [
        {
            "Temperature": {
                "MSE": 4.302997495692699,
                "RMSE": 2.0743667698101746,
                "MAE": 1.2502944821789723,
                "R2": 0.79839235166761,
                "SMAPE": 9.199977599045983,
                "WAPE": 7.921474036768499
            },
            "Precipitation_accumulated": {
                "MSE": 1792.2198470065398,
                "RMSE": 42.33461759608252,
                "MAE": 5.317970832629103,
                "R2": 0.9200782806523311,
                "SMAPE": 3.0501180520319253,
                "WAPE": 1.3299784699619295
            },
            "Humidity": {
                "MSE": 21.440828206773162,
                "RMSE": 4.63042419296258,
                "MAE": 3.2672155408539574,
                "R2": 0.7260905866706862,
                "SMAPE": 4.022407262850291,
                "WAPE": 3.8637229897233816
            },
            "Soil_Moisture": {
                "MSE": 73841.45892023569,
                "RMSE": 271.7378496276065,
                "MAE": 96.94893458982422,
                "R2": 0.9236640001182022,
                "SMAPE": 1.3280645167934704,
                "WAPE": 1.4157115305050718
            },
            "Soil_Temperature": {
                "MSE": 4.376293198831575,
                "RMSE": 2.091959177142703,
                "MAE": 1.228597913856685,
                "R2": 0.7993005937075826,
                "SMAPE": 9.314512717018037,
                "WAPE": 7.904804696551024
            }
        },
        {
            "Temperature": {
                "MSE": 0.47112797267209416,
                "RMSE": 0.6863876256694129,
                "MAE": 0.4488161211991565,
                "R2": 0.8275119516515439,
                "SMAPE": 5.527691287818051,
                "WAPE": 5.362853403210928
            },
            "Precipitation_accumulated": {
                "MSE": 0.012864087704213484,
                "RMSE": 0.11341996166554406,
                "MAE": 0.031985212988979446,
                "R2": 0.9443363946623422,
                "SMAPE": 0.006966804928135362,
                "WAPE": 0.0069741291099260526
            },
            "Humidity": {
                "MSE": 4.884545628418285,
                "RMSE": 2.210100818609478,
                "MAE": 1.633230071215218,
                "R2": 0.8685153628521922,
                "SMAPE": 1.8792713572269537,
                "WAPE": 1.8642181489898668
            },
            "Soil_Moisture": {
                "MSE": 10590.256829123824,
                "RMSE": 102.90897351117552,
                "MAE": 46.93540591726217,
                "R2": 0.7200455785244717,
                "SMAPE": 0.8025321385160222,
                "WAPE": 0.7996422151590122
            },
            "Soil_Temperature": {
                "MSE": 0.09937321899156532,
                "RMSE": 0.3152351804471787,
                "MAE": 0.22406047834263193,
                "R2": 0.9440136791617039,
                "SMAPE": 2.522225012465645,
                "WAPE": 2.4937095108485865
            }
        },
        {
            "Temperature": {
                "MSE": 9.727694904916254,
                "RMSE": 3.118925280431747,
                "MAE": 2.367819615495096,
                "R2": 0.6470920785817661,
                "SMAPE": 39.88337218416535,
                "WAPE": 28.979768895313292
            },
            "Precipitation_accumulated": {
                "MSE": 0.046198452390429495,
                "RMSE": 0.21493825250622445,
                "MAE": 0.13967868558502708,
                "R2": 0.990498956519069,
                "SMAPE": 0.03010709244642953,
                "WAPE": 0.03011865697799872
            },
            "Humidity": {
                "MSE": 91.33556292295864,
                "RMSE": 9.556964105978354,
                "MAE": 6.630872320336548,
                "R2": 0.36321612956703486,
                "SMAPE": 7.833110397639744,
                "WAPE": 7.623619441681063
            },
            "Soil_Moisture": {
                "MSE": 155282.26842319203,
                "RMSE": 394.0587118986104,
                "MAE": 110.5276867705496,
                "R2": 0.8018420534789711,
                "SMAPE": 1.4677292393455779,
                "WAPE": 1.3382711192343277
            },
            "Soil_Temperature": {
                "MSE": 2.9005578981637266,
                "RMSE": 1.7031024332563578,
                "MAE": 1.238990185044475,
                "R2": 0.8216219399157728,
                "SMAPE": 26.312166002731114,
                "WAPE": 17.933452107529206
            }
        }
    ]
}