{
    "trial_number": 51,
    "fold_smape": [
        5.2674997176357055,
        2.177536538289888,
        14.548407365854946
    ],
    "mean_smape": 7.331147873926846,
    "hyperparameters": {
        "input_chunk_length": 36,
        "hidden_size": 72,
        "dropout": 0.2,
        "batch_size": 112,
        "lr": 0.004652947343369192,
        "weight_decay": 0.000810548210329896,
        "num_encoder_layers": 3,
        "num_decoder_layers": 4,
        "temporal_width_past": 3,
        "temporal_width_future": 3,
        "use_reversible_instance_norm": true,
        "temporal_hidden_size_past": 60,
        "temporal_hidden_size_future": 144
    },
    "metrics_per_fold": [
        {
            "Temperature": {
                "MSE": 4.273417646902047,
                "RMSE": 2.0672246242007777,
                "MAE": 1.244959192042471,
                "R2": 0.7945675426406213,
                "SMAPE": 8.93433227931115,
                "WAPE": 7.857689860528922
            },
            "Precipitation_accumulated": {
                "MSE": 1825.6405473190102,
                "RMSE": 42.72751510817134,
                "MAE": 5.433337732356022,
                "R2": 0.9156272143956876,
                "SMAPE": 3.0425523781967456,
                "WAPE": 1.3509506004907232
            },
            "Humidity": {
                "MSE": 21.962158949556205,
                "RMSE": 4.686380154186833,
                "MAE": 3.3171537663109643,
                "R2": 0.7191222356729337,
                "SMAPE": 4.093553080805974,
                "WAPE": 3.9253062182815333
            },
            "Soil_Moisture": {
                "MSE": 76465.8619193986,
                "RMSE": 276.52461358692574,
                "MAE": 97.82718396225926,
                "R2": 0.9179862026286381,
                "SMAPE": 1.3393616406340532,
                "WAPE": 1.431779968953302
            },
            "Soil_Temperature": {
                "MSE": 4.2310367641804785,
                "RMSE": 2.056948410675503,
                "MAE": 1.2077447731094217,
                "R2": 0.8014566521010086,
                "SMAPE": 8.927699209230676,
                "WAPE": 7.741554223194711
            }
        },
        {
            "Temperature": {
                "MSE": 0.465016861510225,
                "RMSE": 0.681921448196363,
                "MAE": 0.45534572374813187,
                "R2": 0.8281752218719249,
                "SMAPE": 5.607875508083666,
                "WAPE": 5.451014673846649
            },
            "Precipitation_accumulated": {
                "MSE": 0.013717499319507716,
                "RMSE": 0.11712172863951299,
                "MAE": 0.06832044030678104,
                "R2": 0.9407093267239908,
                "SMAPE": 0.014893461420899076,
                "WAPE": 0.014896661799830313
            },
            "Humidity": {
                "MSE": 4.918091435572464,
                "RMSE": 2.217677035903214,
                "MAE": 1.6387844776452822,
                "R2": 0.8680409201939858,
                "SMAPE": 1.88716920605105,
                "WAPE": 1.871057595981383
            },
            "Soil_Moisture": {
                "MSE": 10833.254569515671,
                "RMSE": 104.08292160347763,
                "MAE": 48.372122249727106,
                "R2": 0.7018774421343562,
                "SMAPE": 0.8271479861348846,
                "WAPE": 0.8245669652685568
            },
            "Soil_Temperature": {
                "MSE": 0.09945687845916358,
                "RMSE": 0.3153678462671228,
                "MAE": 0.22676749706276117,
                "R2": 0.9434779588667676,
                "SMAPE": 2.5505965297589426,
                "WAPE": 2.527308505569986
            }
        },
        {
            "Temperature": {
                "MSE": 9.238810900859036,
                "RMSE": 3.039541231972193,
                "MAE": 2.2964459914759634,
                "R2": 0.6660142030363627,
                "SMAPE": 38.22287746374557,
                "WAPE": 28.03844519684281
            },
            "Precipitation_accumulated": {
                "MSE": 0.04596208697189674,
                "RMSE": 0.2143877024735718,
                "MAE": 0.08752974442787928,
                "R2": 0.9904666760338082,
                "SMAPE": 0.01888626231011148,
                "WAPE": 0.01887304829449136
            },
            "Humidity": {
                "MSE": 91.51802280823556,
                "RMSE": 9.56650525574703,
                "MAE": 6.601753492618466,
                "R2": 0.36137327855959034,
                "SMAPE": 7.793415868418636,
                "WAPE": 7.583503445235036
            },
            "Soil_Moisture": {
                "MSE": 147806.90060142672,
                "RMSE": 384.4566303257452,
                "MAE": 106.19617595321685,
                "R2": 0.801973831160364,
                "SMAPE": 1.4051839546889295,
                "WAPE": 1.2833799591164556
            },
            "Soil_Temperature": {
                "MSE": 2.663854713307617,
                "RMSE": 1.6321319533994845,
                "MAE": 1.1934620978263832,
                "R2": 0.8371103896642782,
                "SMAPE": 25.301673280111576,
                "WAPE": 17.263032733248497
            }
        }
    ]
}