{
    "trial_number": 42,
    "fold_smape": [
        5.256882044933562,
        2.174335763206959,
        14.897586298645663
    ],
    "mean_smape": 7.442934702262061,
    "hyperparameters": {
        "input_chunk_length": 48,
        "hidden_size": 48,
        "dropout": 0.15000000000000002,
        "batch_size": 88,
        "lr": 0.002279705810727075,
        "weight_decay": 0.0008586835933165884,
        "num_encoder_layers": 4,
        "num_decoder_layers": 4,
        "temporal_width_past": 3,
        "temporal_width_future": 2,
        "use_reversible_instance_norm": true,
        "temporal_hidden_size_past": 96,
        "temporal_hidden_size_future": 168
    },
    "metrics_per_fold": [
        {
            "Temperature": {
                "MSE": 4.302617951945258,
                "RMSE": 2.0742752835497167,
                "MAE": 1.2534110572364046,
                "R2": 0.7923340663710726,
                "SMAPE": 8.904491086343725,
                "WAPE": 7.899377395439046
            },
            "Precipitation_accumulated": {
                "MSE": 1851.776723850818,
                "RMSE": 43.032275373849544,
                "MAE": 5.571782918750021,
                "R2": 0.9111101141366397,
                "SMAPE": 3.0426256448421314,
                "WAPE": 1.377298973916848
            },
            "Humidity": {
                "MSE": 22.02833244654025,
                "RMSE": 4.693435037000113,
                "MAE": 3.3098706221670793,
                "R2": 0.7170694023737751,
                "SMAPE": 4.079935154502832,
                "WAPE": 3.914752559524734
            },
            "Soil_Moisture": {
                "MSE": 75515.17845743867,
                "RMSE": 274.80025192389957,
                "MAE": 97.77805450021853,
                "R2": 0.9157974689281004,
                "SMAPE": 1.3410326979970781,
                "WAPE": 1.4343428543031818
            },
            "Soil_Temperature": {
                "MSE": 4.253692833078142,
                "RMSE": 2.0624482619154696,
                "MAE": 1.222055136090717,
                "R2": 0.7997212177777256,
                "SMAPE": 8.916325640982105,
                "WAPE": 7.823204719304141
            }
        },
        {
            "Temperature": {
                "MSE": 0.44041303182941755,
                "RMSE": 0.6636362194978643,
                "MAE": 0.4477368471451134,
                "R2": 0.8367074300354018,
                "SMAPE": 5.554136359683665,
                "WAPE": 5.367567463807997
            },
            "Precipitation_accumulated": {
                "MSE": 0.02584906203950504,
                "RMSE": 0.16077643496329005,
                "MAE": 0.13872708996199193,
                "R2": 0.8883919958219944,
                "SMAPE": 0.030246047659405216,
                "WAPE": 0.03024803132009411
            },
            "Humidity": {
                "MSE": 4.947344057280939,
                "RMSE": 2.224262587304147,
                "MAE": 1.6561091655675833,
                "R2": 0.8673326396276422,
                "SMAPE": 1.9092769491572719,
                "WAPE": 1.8915702641651757
            },
            "Soil_Moisture": {
                "MSE": 10653.872395933511,
                "RMSE": 103.21759731718963,
                "MAE": 48.43565263917058,
                "R2": 0.6945462468632237,
                "SMAPE": 0.8272562314458424,
                "WAPE": 0.8260944891471237
            },
            "Soil_Temperature": {
                "MSE": 0.09539422378282125,
                "RMSE": 0.3088595534912612,
                "MAE": 0.2256300656985163,
                "R2": 0.9456084030496159,
                "SMAPE": 2.5507632280885972,
                "WAPE": 2.5172751990596014
            }
        },
        {
            "Temperature": {
                "MSE": 9.589421771540326,
                "RMSE": 3.0966791521790444,
                "MAE": 2.3648931120754044,
                "R2": 0.6550583428410428,
                "SMAPE": 39.02547279785011,
                "WAPE": 28.83281910108318
            },
            "Precipitation_accumulated": {
                "MSE": 0.05396464853789371,
                "RMSE": 0.23230292408382144,
                "MAE": 0.10241468165274482,
                "R2": 0.9887144547715387,
                "SMAPE": 0.02209756925549028,
                "WAPE": 0.0220815594117966
            },
            "Humidity": {
                "MSE": 94.49130677695716,
                "RMSE": 9.720663906182395,
                "MAE": 6.956117073200478,
                "R2": 0.3399738245669286,
                "SMAPE": 8.202043235077712,
                "WAPE": 7.9835024302533215
            },
            "Soil_Moisture": {
                "MSE": 161991.76527179606,
                "RMSE": 402.48200614660533,
                "MAE": 115.03084993459365,
                "R2": 0.7710641342266074,
                "SMAPE": 1.5289870921887736,
                "WAPE": 1.3874570569320732
            },
            "Soil_Temperature": {
                "MSE": 2.9300127310011113,
                "RMSE": 1.711727995623461,
                "MAE": 1.240180545655122,
                "R2": 0.8218796087461704,
                "SMAPE": 25.709330798856186,
                "WAPE": 17.930530078641723
            }
        }
    ]
}