{
    "trial_number": 32,
    "fold_smape": [
        5.291059529897083,
        2.191199832034642,
        14.43565907292521
    ],
    "mean_smape": 7.305972811618979,
    "hyperparameters": {
        "input_chunk_length": 60,
        "hidden_size": 64,
        "dropout": 0.2,
        "batch_size": 104,
        "lr": 0.004199000375045863,
        "weight_decay": 0.000828928773135586,
        "num_encoder_layers": 3,
        "num_decoder_layers": 4,
        "temporal_width_past": 3,
        "temporal_width_future": 3,
        "use_reversible_instance_norm": true,
        "temporal_hidden_size_past": 60,
        "temporal_hidden_size_future": 156
    },
    "metrics_per_fold": [
        {
            "Temperature": {
                "MSE": 4.366850576740986,
                "RMSE": 2.0897010735368315,
                "MAE": 1.2639333992517223,
                "R2": 0.7834601315316179,
                "SMAPE": 8.954567549592442,
                "WAPE": 7.935104586623433
            },
            "Precipitation_accumulated": {
                "MSE": 1879.3534582169548,
                "RMSE": 43.35151044908302,
                "MAE": 5.798387483495813,
                "R2": 0.9060594332268815,
                "SMAPE": 3.082553572043732,
                "WAPE": 1.4249088857078425
            },
            "Humidity": {
                "MSE": 22.178240753007152,
                "RMSE": 4.709377958181649,
                "MAE": 3.3249845445958446,
                "R2": 0.7161361258373655,
                "SMAPE": 4.112505893180475,
                "WAPE": 3.9339228266199195
            },
            "Soil_Moisture": {
                "MSE": 76074.72461906042,
                "RMSE": 275.81646908598555,
                "MAE": 98.01080729400486,
                "R2": 0.9117187335438202,
                "SMAPE": 1.3461645069728834,
                "WAPE": 1.4410470556157589
            },
            "Soil_Temperature": {
                "MSE": 4.282665462871307,
                "RMSE": 2.0694601863460207,
                "MAE": 1.2297640671991474,
                "R2": 0.79401162973228,
                "SMAPE": 8.959506127695743,
                "WAPE": 7.843991323083964
            }
        },
        {
            "Temperature": {
                "MSE": 0.4468761119180073,
                "RMSE": 0.6684879295230448,
                "MAE": 0.45651370505521754,
                "R2": 0.8331225738065822,
                "SMAPE": 5.661301769614173,
                "WAPE": 5.482262152686058
            },
            "Precipitation_accumulated": {
                "MSE": 0.013507015718006037,
                "RMSE": 0.11621968730815807,
                "MAE": 0.05833944110493965,
                "R2": 0.9417400850027409,
                "SMAPE": 0.012715450945321038,
                "WAPE": 0.01272024887928891
            },
            "Humidity": {
                "MSE": 4.828445616560876,
                "RMSE": 2.1973724346502745,
                "MAE": 1.6256412535888132,
                "R2": 0.8706246018398889,
                "SMAPE": 1.8743827902339325,
                "WAPE": 1.8574928645230344
            },
            "Soil_Moisture": {
                "MSE": 10821.803744210138,
                "RMSE": 104.02789887434109,
                "MAE": 49.10090768068245,
                "R2": 0.6755889427113688,
                "SMAPE": 0.8398322605402807,
                "WAPE": 0.8379003022636624
            },
            "Soil_Temperature": {
                "MSE": 0.09671380845700396,
                "RMSE": 0.31098843781884233,
                "MAE": 0.22725354257596922,
                "R2": 0.9445299786411621,
                "SMAPE": 2.567766888839498,
                "WAPE": 2.538528588783204
            }
        },
        {
            "Temperature": {
                "MSE": 8.730602423342333,
                "RMSE": 2.954759283485261,
                "MAE": 2.2421943771188237,
                "R2": 0.6867439096215164,
                "SMAPE": 38.26852992801652,
                "WAPE": 27.256955712961425
            },
            "Precipitation_accumulated": {
                "MSE": 0.047126394699704054,
                "RMSE": 0.21708614580323649,
                "MAE": 0.09414590613092326,
                "R2": 0.9900643585085467,
                "SMAPE": 0.020311290160148522,
                "WAPE": 0.02029785587978895
            },
            "Humidity": {
                "MSE": 91.42990557836163,
                "RMSE": 9.561898638783076,
                "MAE": 6.680619989885217,
                "R2": 0.3608299234128881,
                "SMAPE": 7.889060116415051,
                "WAPE": 7.660595748448146
            },
            "Soil_Moisture": {
                "MSE": 148490.49215156896,
                "RMSE": 385.3446407458769,
                "MAE": 105.09379769926683,
                "R2": 0.7786202498102262,
                "SMAPE": 1.394074160975834,
                "WAPE": 1.2652098228915343
            },
            "Soil_Temperature": {
                "MSE": 2.5629926518787944,
                "RMSE": 1.60093493055739,
                "MAE": 1.1663787130595482,
                "R2": 0.8450581954741556,
                "SMAPE": 24.606319869058513,
                "WAPE": 16.847987683492637
            }
        }
    ]
}