{
    "trial_number": 62,
    "fold_smape": [
        5.264669210086309,
        2.139681732520025,
        14.391573399052714
    ],
    "mean_smape": 7.2653081138863485,
    "hyperparameters": {
        "input_chunk_length": 48,
        "hidden_size": 64,
        "dropout": 0.2,
        "batch_size": 96,
        "lr": 0.004891850068754252,
        "weight_decay": 0.000356508833456918,
        "num_encoder_layers": 3,
        "num_decoder_layers": 4,
        "temporal_width_past": 3,
        "temporal_width_future": 3,
        "use_reversible_instance_norm": true,
        "temporal_hidden_size_past": 72,
        "temporal_hidden_size_future": 156
    },
    "metrics_per_fold": [
        {
            "Temperature": {
                "MSE": 4.201517283706205,
                "RMSE": 2.049760299085287,
                "MAE": 1.2441727974473435,
                "R2": 0.7972136919606232,
                "SMAPE": 8.895161782929089,
                "WAPE": 7.841155074733017
            },
            "Precipitation_accumulated": {
                "MSE": 1835.641928630984,
                "RMSE": 42.84439203245839,
                "MAE": 5.516174737928737,
                "R2": 0.9118846244148211,
                "SMAPE": 3.021642212235434,
                "WAPE": 1.363553088353216
            },
            "Humidity": {
                "MSE": 22.150254649373494,
                "RMSE": 4.706405703865052,
                "MAE": 3.304481965472261,
                "R2": 0.715503440819707,
                "SMAPE": 4.0891201051082,
                "WAPE": 3.90837912080264
            },
            "Soil_Moisture": {
                "MSE": 75789.03971250924,
                "RMSE": 275.29809246071653,
                "MAE": 98.10582280766282,
                "R2": 0.9154921023606034,
                "SMAPE": 1.3433676265856556,
                "WAPE": 1.4391510102033251
            },
            "Soil_Temperature": {
                "MSE": 4.163197789509725,
                "RMSE": 2.0403915774943115,
                "MAE": 1.2150960345373043,
                "R2": 0.8039820419214189,
                "SMAPE": 8.97405432357329,
                "WAPE": 7.778654784929713
            }
        },
        {
            "Temperature": {
                "MSE": 0.451833719792237,
                "RMSE": 0.672185777737254,
                "MAE": 0.4455491699925232,
                "R2": 0.8324729652184414,
                "SMAPE": 5.498661208800567,
                "WAPE": 5.341341110581915
            },
            "Precipitation_accumulated": {
                "MSE": 0.01462812119160896,
                "RMSE": 0.12094677007514075,
                "MAE": 0.07862179049012907,
                "R2": 0.9368404389848133,
                "SMAPE": 0.01714014644722409,
                "WAPE": 0.01714268195086382
            },
            "Humidity": {
                "MSE": 4.8068583378233125,
                "RMSE": 2.1924548656296925,
                "MAE": 1.619812834305725,
                "R2": 0.8710998871355299,
                "SMAPE": 1.8655370786472985,
                "WAPE": 1.8501134192055082
            },
            "Soil_Moisture": {
                "MSE": 10641.319449654082,
                "RMSE": 103.15677122542215,
                "MAE": 47.86859281615178,
                "R2": 0.6949061483536376,
                "SMAPE": 0.8184453359708093,
                "WAPE": 0.8164229978119635
            },
            "Soil_Temperature": {
                "MSE": 0.09476882101043207,
                "RMSE": 0.3078454498777464,
                "MAE": 0.22154596206733004,
                "R2": 0.9459649933564345,
                "SMAPE": 2.4986248927342207,
                "WAPE": 2.4717102928519705
            }
        },
        {
            "Temperature": {
                "MSE": 8.648238938368527,
                "RMSE": 2.940788829271583,
                "MAE": 2.2304783072816186,
                "R2": 0.6889136861451985,
                "SMAPE": 38.359921354763685,
                "WAPE": 27.194031398020577
            },
            "Precipitation_accumulated": {
                "MSE": 0.042268511545130664,
                "RMSE": 0.2055930727070605,
                "MAE": 0.1324510253256349,
                "R2": 0.991160450189028,
                "SMAPE": 0.028549813417787912,
                "WAPE": 0.028557674912257056
            },
            "Humidity": {
                "MSE": 91.05331650644227,
                "RMSE": 9.542186149223996,
                "MAE": 6.657529689523403,
                "R2": 0.3639883466094729,
                "SMAPE": 7.867295685450825,
                "WAPE": 7.640815112293599
            },
            "Soil_Moisture": {
                "MSE": 146347.4245301178,
                "RMSE": 382.5538191289139,
                "MAE": 104.00456937771439,
                "R2": 0.7931735956930024,
                "SMAPE": 1.3807992219135348,
                "WAPE": 1.254462379599395
            },
            "Soil_Temperature": {
                "MSE": 2.5116680725487095,
                "RMSE": 1.584824303368897,
                "MAE": 1.1512308522710848,
                "R2": 0.8473114826264697,
                "SMAPE": 24.321300919717746,
                "WAPE": 16.644495429657667
            }
        }
    ]
}