{
    "trial_number": 10,
    "fold_smape": [
        5.428278784755031,
        2.1749804570702844,
        14.960234172559087
    ],
    "mean_smape": 7.521164471461468,
    "hyperparameters": {
        "input_chunk_length": 96,
        "hidden_size": 96,
        "dropout": 0.1,
        "batch_size": 136,
        "lr": 0.0019828856836887963,
        "weight_decay": 0.0006076475502157625,
        "num_encoder_layers": 3,
        "num_decoder_layers": 4,
        "temporal_width_past": 1,
        "temporal_width_future": 3,
        "use_reversible_instance_norm": true,
        "temporal_hidden_size_past": 72,
        "temporal_hidden_size_future": 144
    },
    "metrics_per_fold": [
        {
            "Temperature": {
                "MSE": 4.8452820790888,
                "RMSE": 2.201200145168267,
                "MAE": 1.3329169645535173,
                "R2": 0.754704545067586,
                "SMAPE": 9.113520432081682,
                "WAPE": 8.365556527227982
            },
            "Precipitation_accumulated": {
                "MSE": 1967.3603391624229,
                "RMSE": 44.35493590529044,
                "MAE": 6.469399320157397,
                "R2": 0.8868959135485981,
                "SMAPE": 3.285336828812171,
                "WAPE": 1.5616589199778312
            },
            "Humidity": {
                "MSE": 23.528356640893,
                "RMSE": 4.8506037398341455,
                "MAE": 3.436181457775419,
                "R2": 0.6846948001746401,
                "SMAPE": 4.222788852314342,
                "WAPE": 4.058398668934215
            },
            "Soil_Moisture": {
                "MSE": 83367.76814492836,
                "RMSE": 288.734771277947,
                "MAE": 106.41121585840158,
                "R2": 0.8892114626493907,
                "SMAPE": 1.4684284530045388,
                "WAPE": 1.5755656105007496
            },
            "Soil_Temperature": {
                "MSE": 4.593300297643506,
                "RMSE": 2.1431986136715153,
                "MAE": 1.2630077475493062,
                "R2": 0.7735214496342209,
                "SMAPE": 9.051319357562424,
                "WAPE": 8.050341346144963
            }
        },
        {
            "Temperature": {
                "MSE": 0.44892356753974855,
                "RMSE": 0.6700175874853947,
                "MAE": 0.4537714948737739,
                "R2": 0.8299136235759637,
                "SMAPE": 5.644503047322868,
                "WAPE": 5.474571799565556
            },
            "Precipitation_accumulated": {
                "MSE": 0.016814466971110664,
                "RMSE": 0.12967060951160314,
                "MAE": 0.0925798436212666,
                "R2": 0.9276721159624994,
                "SMAPE": 0.020183749022360222,
                "WAPE": 0.02018562142402103
            },
            "Humidity": {
                "MSE": 4.8703489700521105,
                "RMSE": 2.2068867143675748,
                "MAE": 1.6345708373031098,
                "R2": 0.8702730408496966,
                "SMAPE": 1.886042000968897,
                "WAPE": 1.8696026844785796
            },
            "Soil_Moisture": {
                "MSE": 10077.121330304808,
                "RMSE": 100.38486604217195,
                "MAE": 45.82912615035547,
                "R2": 0.6896346711432835,
                "SMAPE": 0.7871267899536011,
                "WAPE": 0.7827631230131922
            },
            "Soil_Temperature": {
                "MSE": 0.08993903991793085,
                "RMSE": 0.2998983826530761,
                "MAE": 0.22342144492572635,
                "R2": 0.9478396580755589,
                "SMAPE": 2.537046698083696,
                "WAPE": 2.5037553599687263
            }
        },
        {
            "Temperature": {
                "MSE": 9.267627051194818,
                "RMSE": 3.044277755263934,
                "MAE": 2.3502272573684975,
                "R2": 0.6714316193603866,
                "SMAPE": 39.258176975979296,
                "WAPE": 28.390173763110354
            },
            "Precipitation_accumulated": {
                "MSE": 0.06293184517496071,
                "RMSE": 0.2508622035599638,
                "MAE": 0.20574714546822853,
                "R2": 0.9864071206116866,
                "SMAPE": 0.044336853506404886,
                "WAPE": 0.04435332674140469
            },
            "Humidity": {
                "MSE": 90.81064872757872,
                "RMSE": 9.529462142617428,
                "MAE": 6.982028916704269,
                "R2": 0.3657472398169892,
                "SMAPE": 8.188971528492292,
                "WAPE": 7.986785785613394
            },
            "Soil_Moisture": {
                "MSE": 166039.50586952915,
                "RMSE": 407.4794545367032,
                "MAE": 114.2143637972537,
                "R2": 0.711384271284066,
                "SMAPE": 1.496689294575117,
                "WAPE": 1.3677475319317425
            },
            "Soil_Temperature": {
                "MSE": 2.8233821732959377,
                "RMSE": 1.680292288054652,
                "MAE": 1.2375623874966166,
                "R2": 0.8322476408589401,
                "SMAPE": 25.81299621024226,
                "WAPE": 17.836581836901598
            }
        }
    ]
}