{
    "trial_number": 81,
    "fold_smape": [
        5.308019685238806,
        2.1753728319411754,
        14.594156603744597
    ],
    "mean_smape": 7.359183040308193,
    "hyperparameters": {
        "input_chunk_length": 36,
        "hidden_size": 64,
        "dropout": 0.2,
        "batch_size": 120,
        "lr": 0.004955473601128986,
        "weight_decay": 0.0009668972320800949,
        "num_encoder_layers": 3,
        "num_decoder_layers": 4,
        "temporal_width_past": 3,
        "temporal_width_future": 3,
        "use_reversible_instance_norm": true,
        "temporal_hidden_size_past": 60,
        "temporal_hidden_size_future": 168
    },
    "metrics_per_fold": [
        {
            "Temperature": {
                "MSE": 4.3386596811746125,
                "RMSE": 2.0829449539473224,
                "MAE": 1.247709300109673,
                "R2": 0.7914312165121762,
                "SMAPE": 8.980014586119305,
                "WAPE": 7.875047454587536
            },
            "Precipitation_accumulated": {
                "MSE": 1831.4721271517842,
                "RMSE": 42.7957022042142,
                "MAE": 5.4730160605609655,
                "R2": 0.9153577053536762,
                "SMAPE": 3.0567975724520333,
                "WAPE": 1.3608162602298048
            },
            "Humidity": {
                "MSE": 21.982894762591688,
                "RMSE": 4.688591980818089,
                "MAE": 3.325366663522171,
                "R2": 0.7188570418538611,
                "SMAPE": 4.106836611458661,
                "WAPE": 3.935024832118693
            },
            "Soil_Moisture": {
                "MSE": 76010.35083709662,
                "RMSE": 275.6997476188482,
                "MAE": 97.62218914756797,
                "R2": 0.9184747630484984,
                "SMAPE": 1.3370702259626828,
                "WAPE": 1.4287797040215473
            },
            "Soil_Temperature": {
                "MSE": 4.350270765442079,
                "RMSE": 2.0857302714977504,
                "MAE": 1.217903134067834,
                "R2": 0.7958615417029413,
                "SMAPE": 9.059379430201293,
                "WAPE": 7.806668561860706
            }
        },
        {
            "Temperature": {
                "MSE": 0.46026667504281393,
                "RMSE": 0.6784295652776446,
                "MAE": 0.4525440464623767,
                "R2": 0.8299304264749991,
                "SMAPE": 5.588762732297848,
                "WAPE": 5.417475358114586
            },
            "Precipitation_accumulated": {
                "MSE": 0.013163793013835008,
                "RMSE": 0.11473357404803097,
                "MAE": 0.057849992230050246,
                "R2": 0.9431025923546892,
                "SMAPE": 0.012609365595456508,
                "WAPE": 0.012613674114280207
            },
            "Humidity": {
                "MSE": 4.925852302481217,
                "RMSE": 2.2194261200772636,
                "MAE": 1.6435001197339403,
                "R2": 0.8678326855832242,
                "SMAPE": 1.8931124712429033,
                "WAPE": 1.8764416096026195
            },
            "Soil_Moisture": {
                "MSE": 10807.009313770703,
                "RMSE": 103.95676656077133,
                "MAE": 48.35573656061976,
                "R2": 0.7025996907185024,
                "SMAPE": 0.8266755997370652,
                "WAPE": 0.8242876494702687
            },
            "Soil_Temperature": {
                "MSE": 0.0995278167864721,
                "RMSE": 0.31548029540126926,
                "MAE": 0.2269944493199617,
                "R2": 0.9434376441181431,
                "SMAPE": 2.5557039908326002,
                "WAPE": 2.5298378732148668
            }
        },
        {
            "Temperature": {
                "MSE": 9.088584650034782,
                "RMSE": 3.0147279562233775,
                "MAE": 2.274222195154817,
                "R2": 0.6714449272545338,
                "SMAPE": 38.62535525445951,
                "WAPE": 27.767103873106404
            },
            "Precipitation_accumulated": {
                "MSE": 0.05002240727162027,
                "RMSE": 0.22365689632027955,
                "MAE": 0.09661526538812154,
                "R2": 0.9896244960682328,
                "SMAPE": 0.020850736408030427,
                "WAPE": 0.02083205636636515
            },
            "Humidity": {
                "MSE": 90.67135325796426,
                "RMSE": 9.522150663477461,
                "MAE": 6.54418610746891,
                "R2": 0.3672814678150135,
                "SMAPE": 7.736733508342038,
                "WAPE": 7.517375186416685
            },
            "Soil_Moisture": {
                "MSE": 145399.89841916156,
                "RMSE": 381.31338610014933,
                "MAE": 103.86388430074047,
                "R2": 0.8051986428477963,
                "SMAPE": 1.3766182038047707,
                "WAPE": 1.2551942326650491
            },
            "Soil_Temperature": {
                "MSE": 2.608115304827849,
                "RMSE": 1.6149660382893039,
                "MAE": 1.1785930254919166,
                "R2": 0.8405187476660325,
                "SMAPE": 25.21122531570873,
                "WAPE": 17.047956541980735
            }
        }
    ]
}