{
    "trial_number": 28,
    "fold_smape": [
        5.793527739983232,
        2.1682745843394735,
        14.831967961788303
    ],
    "mean_smape": 7.59792342870367,
    "hyperparameters": {
        "input_chunk_length": 24,
        "hidden_size": 72,
        "dropout": 0.30000000000000004,
        "batch_size": 88,
        "lr": 0.0013378351503751207,
        "weight_decay": 1.682710718120772e-05,
        "num_encoder_layers": 4,
        "num_decoder_layers": 4,
        "temporal_width_past": 3,
        "temporal_width_future": 2,
        "use_reversible_instance_norm": true,
        "temporal_hidden_size_past": 108,
        "temporal_hidden_size_future": 156
    },
    "metrics_per_fold": [
        {
            "Temperature": {
                "MSE": 5.302440877552817,
                "RMSE": 2.3027029503504823,
                "MAE": 1.3687109600935892,
                "R2": 0.7515655919356126,
                "SMAPE": 9.964503929769775,
                "WAPE": 8.671723732897233
            },
            "Precipitation_accumulated": {
                "MSE": 1835.2216450548792,
                "RMSE": 42.83948698403004,
                "MAE": 5.436850813428863,
                "R2": 0.9181606712469867,
                "SMAPE": 3.1094268746034492,
                "WAPE": 1.3597093240694917
            },
            "Humidity": {
                "MSE": 24.089450128528878,
                "RMSE": 4.9081004603134275,
                "MAE": 3.496129738283047,
                "R2": 0.6922540916564643,
                "SMAPE": 4.299419621260177,
                "WAPE": 4.134430886469513
            },
            "Soil_Moisture": {
                "MSE": 81649.3491579149,
                "RMSE": 285.74350238966923,
                "MAE": 106.00070185334943,
                "R2": 0.9155923406876321,
                "SMAPE": 1.4572361160587226,
                "WAPE": 1.5478913356843442
            },
            "Soil_Temperature": {
                "MSE": 5.613680598848379,
                "RMSE": 2.369320704093977,
                "MAE": 1.3823622527034674,
                "R2": 0.7425532723436037,
                "SMAPE": 10.137052158224025,
                "WAPE": 8.894125168423397
            }
        },
        {
            "Temperature": {
                "MSE": 0.4981065714958591,
                "RMSE": 0.7057666551317504,
                "MAE": 0.45912843415742094,
                "R2": 0.8176346229251386,
                "SMAPE": 5.649402469842606,
                "WAPE": 5.486074072057322
            },
            "Precipitation_accumulated": {
                "MSE": 0.017241156529513572,
                "RMSE": 0.1313055845328506,
                "MAE": 0.09377576779965602,
                "R2": 0.9253965804112727,
                "SMAPE": 0.02044521700274642,
                "WAPE": 0.020447083226945696
            },
            "Humidity": {
                "MSE": 4.889648259000906,
                "RMSE": 2.2112549059303195,
                "MAE": 1.6300552352129474,
                "R2": 0.8683780076953989,
                "SMAPE": 1.8742532101344498,
                "WAPE": 1.8605942952537577
            },
            "Soil_Moisture": {
                "MSE": 10727.60997727572,
                "RMSE": 103.57417620853047,
                "MAE": 47.25274170452911,
                "R2": 0.7164146353142032,
                "SMAPE": 0.8086173923235915,
                "WAPE": 0.8050486900135534
            },
            "Soil_Temperature": {
                "MSE": 0.10075084342503479,
                "RMSE": 0.31741273355842986,
                "MAE": 0.22088409050499364,
                "R2": 0.9432375331908921,
                "SMAPE": 2.4886546323939687,
                "WAPE": 2.458357499554789
            }
        },
        {
            "Temperature": {
                "MSE": 9.207846652786559,
                "RMSE": 3.0344433843435863,
                "MAE": 2.298652781009638,
                "R2": 0.6659514864790342,
                "SMAPE": 39.85108744918525,
                "WAPE": 28.133235288829148
            },
            "Precipitation_accumulated": {
                "MSE": 0.04579551829795075,
                "RMSE": 0.21399887452496275,
                "MAE": 0.1272489610342745,
                "R2": 0.99058182280862,
                "SMAPE": 0.027435359310188617,
                "WAPE": 0.027438458431548074
            },
            "Humidity": {
                "MSE": 87.57230292516216,
                "RMSE": 9.358007422799052,
                "MAE": 6.456427378450981,
                "R2": 0.3894532620721879,
                "SMAPE": 7.636453612025114,
                "WAPE": 7.423057315581458
            },
            "Soil_Moisture": {
                "MSE": 146507.51249072468,
                "RMSE": 382.76299780768346,
                "MAE": 103.39845595179325,
                "R2": 0.8130396463172095,
                "SMAPE": 1.3730559733489043,
                "WAPE": 1.2519502707133299
            },
            "Soil_Temperature": {
                "MSE": 2.642457685474481,
                "RMSE": 1.6255638054147494,
                "MAE": 1.1955869585883998,
                "R2": 0.8374945467946013,
                "SMAPE": 25.271807415072015,
                "WAPE": 17.305223012288774
            }
        }
    ]
}