{
    "trial_number": 83,
    "fold_smape": [
        5.320176167747467,
        2.1776323903643964,
        14.526948650640113
    ],
    "mean_smape": 7.34158573625066,
    "hyperparameters": {
        "input_chunk_length": 36,
        "hidden_size": 56,
        "dropout": 0.15000000000000002,
        "batch_size": 112,
        "lr": 0.0037666739079609715,
        "weight_decay": 0.0007543049360265786,
        "num_encoder_layers": 3,
        "num_decoder_layers": 4,
        "temporal_width_past": 4,
        "temporal_width_future": 3,
        "use_reversible_instance_norm": true,
        "temporal_hidden_size_past": 48,
        "temporal_hidden_size_future": 156
    },
    "metrics_per_fold": [
        {
            "Temperature": {
                "MSE": 4.3647163805932,
                "RMSE": 2.089190364852662,
                "MAE": 1.2517885269908013,
                "R2": 0.7901786144417664,
                "SMAPE": 9.028470781555434,
                "WAPE": 7.900793920742825
            },
            "Precipitation_accumulated": {
                "MSE": 1821.6813215048699,
                "RMSE": 42.68115885850418,
                "MAE": 5.348209562057542,
                "R2": 0.9158101917683507,
                "SMAPE": 3.0247322068726117,
                "WAPE": 1.32978424594984
            },
            "Humidity": {
                "MSE": 22.166782740163175,
                "RMSE": 4.708161290797414,
                "MAE": 3.3171218177590447,
                "R2": 0.7165052674155858,
                "SMAPE": 4.091488147565874,
                "WAPE": 3.925268412421947
            },
            "Soil_Moisture": {
                "MSE": 76378.7579320865,
                "RMSE": 276.36707099813196,
                "MAE": 97.21922563532279,
                "R2": 0.9180796263943073,
                "SMAPE": 1.3295916772183909,
                "WAPE": 1.4228820070657164
            },
            "Soil_Temperature": {
                "MSE": 4.403123952561369,
                "RMSE": 2.0983622071895427,
                "MAE": 1.2242865168212285,
                "R2": 0.7933813815666282,
                "SMAPE": 9.126598025525205,
                "WAPE": 7.847585570829068
            }
        },
        {
            "Temperature": {
                "MSE": 0.46172258579122005,
                "RMSE": 0.6795017187551625,
                "MAE": 0.4536327382091602,
                "R2": 0.8293924641729297,
                "SMAPE": 5.612998840566673,
                "WAPE": 5.430508256805636
            },
            "Precipitation_accumulated": {
                "MSE": 0.01400789172319418,
                "RMSE": 0.1183549395808818,
                "MAE": 0.0326851183351101,
                "R2": 0.9394541736725651,
                "SMAPE": 0.007118650628139891,
                "WAPE": 0.007126698123420051
            },
            "Humidity": {
                "MSE": 4.922179377483146,
                "RMSE": 2.2185985165151325,
                "MAE": 1.6448633343070045,
                "R2": 0.8679312351545958,
                "SMAPE": 1.8952883652799855,
                "WAPE": 1.8779980393935274
            },
            "Soil_Moisture": {
                "MSE": 10884.540982400305,
                "RMSE": 104.32900355318412,
                "MAE": 48.931114616915075,
                "R2": 0.700466080802929,
                "SMAPE": 0.8369442346646142,
                "WAPE": 0.83409573139217
            },
            "Soil_Temperature": {
                "MSE": 0.09777449036415083,
                "RMSE": 0.3126891273519929,
                "MAE": 0.2245306426514142,
                "R2": 0.9444340718132181,
                "SMAPE": 2.5358118606825695,
                "WAPE": 2.502378913574911
            }
        },
        {
            "Temperature": {
                "MSE": 9.16948777504648,
                "RMSE": 3.028116208973242,
                "MAE": 2.2893770356623664,
                "R2": 0.6685202549158707,
                "SMAPE": 38.37634153591227,
                "WAPE": 27.95213681819418
            },
            "Precipitation_accumulated": {
                "MSE": 0.04634955142562915,
                "RMSE": 0.21528945962501078,
                "MAE": 0.0845096898546781,
                "R2": 0.9903863092705437,
                "SMAPE": 0.018237957693980452,
                "WAPE": 0.01822186810215127
            },
            "Humidity": {
                "MSE": 90.75806665874737,
                "RMSE": 9.52670282200234,
                "MAE": 6.608684829325575,
                "R2": 0.366676368478863,
                "SMAPE": 7.79072644899957,
                "WAPE": 7.59146554437388
            },
            "Soil_Moisture": {
                "MSE": 145602.94019873955,
                "RMSE": 381.5795332545229,
                "MAE": 103.10035300552549,
                "R2": 0.8049266150496311,
                "SMAPE": 1.3670207044294396,
                "WAPE": 1.2459669629103567
            },
            "Soil_Temperature": {
                "MSE": 2.651617034360564,
                "RMSE": 1.6283786520218706,
                "MAE": 1.1893199999957298,
                "R2": 0.8378587002778942,
                "SMAPE": 25.0824166061653,
                "WAPE": 17.20311866428467
            }
        }
    ]
}