{
    "trial_number": 21,
    "fold_smape": [
        5.299941539635248,
        2.164165590798613,
        15.054674585083514
    ],
    "mean_smape": 7.5062605718391255,
    "hyperparameters": {
        "input_chunk_length": 84,
        "hidden_size": 88,
        "dropout": 0.2,
        "batch_size": 104,
        "lr": 0.002911671269864982,
        "weight_decay": 0.0004413875142704738,
        "num_encoder_layers": 4,
        "num_decoder_layers": 4,
        "temporal_width_past": 1,
        "temporal_width_future": 3,
        "use_reversible_instance_norm": true,
        "temporal_hidden_size_past": 72,
        "temporal_hidden_size_future": 156
    },
    "metrics_per_fold": [
        {
            "Temperature": {
                "MSE": 4.293287844467938,
                "RMSE": 2.072025058841697,
                "MAE": 1.244729230931249,
                "R2": 0.7847667165386281,
                "SMAPE": 8.772504251276201,
                "WAPE": 7.799301996241954
            },
            "Precipitation_accumulated": {
                "MSE": 1937.992090050424,
                "RMSE": 44.02263156662064,
                "MAE": 6.5511276562982905,
                "R2": 0.8940257394919657,
                "SMAPE": 3.2804510364450525,
                "WAPE": 1.5908902170853896
            },
            "Humidity": {
                "MSE": 23.03408336293961,
                "RMSE": 4.799383644067185,
                "MAE": 3.3880589321091255,
                "R2": 0.7016441398810005,
                "SMAPE": 4.187549801197288,
                "WAPE": 4.006415197415122
            },
            "Soil_Moisture": {
                "MSE": 78765.29782496375,
                "RMSE": 280.65155945578454,
                "MAE": 101.54544891195113,
                "R2": 0.9002149817225197,
                "SMAPE": 1.3964172403848996,
                "WAPE": 1.4999819105821044
            },
            "Soil_Temperature": {
                "MSE": 4.236449772243991,
                "RMSE": 2.058263776157952,
                "MAE": 1.212774348153817,
                "R2": 0.7934860769861714,
                "SMAPE": 8.862785368872927,
                "WAPE": 7.719030880280597
            }
        },
        {
            "Temperature": {
                "MSE": 0.44954459860441653,
                "RMSE": 0.6704808711696528,
                "MAE": 0.4518789190647521,
                "R2": 0.8306414262996112,
                "SMAPE": 5.61683498504895,
                "WAPE": 5.442701618850019
            },
            "Precipitation_accumulated": {
                "MSE": 0.014917579795952075,
                "RMSE": 0.1221375445796749,
                "MAE": 0.07852669722006672,
                "R2": 0.9357764901050801,
                "SMAPE": 0.017118941614405705,
                "WAPE": 0.017121649342553075
            },
            "Humidity": {
                "MSE": 4.896361740515101,
                "RMSE": 2.2127724104650035,
                "MAE": 1.635220447387679,
                "R2": 0.8694078479165137,
                "SMAPE": 1.8864226660568972,
                "WAPE": 1.8696457601449628
            },
            "Soil_Moisture": {
                "MSE": 10145.23820701825,
                "RMSE": 100.72357324389485,
                "MAE": 46.11130677331304,
                "R2": 0.6902566575274902,
                "SMAPE": 0.7921171173699197,
                "WAPE": 0.7873515089156713
            },
            "Soil_Temperature": {
                "MSE": 0.08881088174073563,
                "RMSE": 0.29801154632117133,
                "MAE": 0.22100903265521105,
                "R2": 0.9487055000233791,
                "SMAPE": 2.508334243902894,
                "WAPE": 2.473847779599128
            }
        },
        {
            "Temperature": {
                "MSE": 9.474039734834362,
                "RMSE": 3.0779928094188853,
                "MAE": 2.3411104497958473,
                "R2": 0.6624935183131037,
                "SMAPE": 39.360629120371115,
                "WAPE": 28.32673553609948
            },
            "Precipitation_accumulated": {
                "MSE": 0.04600426790881758,
                "RMSE": 0.21448605527823383,
                "MAE": 0.11508962047826109,
                "R2": 0.9901432216557546,
                "SMAPE": 0.024813176836930247,
                "WAPE": 0.024811174711417867
            },
            "Humidity": {
                "MSE": 93.82164453181673,
                "RMSE": 9.686157366665933,
                "MAE": 6.968341720143146,
                "R2": 0.3444691101458689,
                "SMAPE": 8.208638092311906,
                "WAPE": 7.97758457174508
            },
            "Soil_Moisture": {
                "MSE": 155653.86378497965,
                "RMSE": 394.5299276163719,
                "MAE": 106.92390904936029,
                "R2": 0.7440329418055638,
                "SMAPE": 1.4041699433836847,
                "WAPE": 1.2827338247100815
            },
            "Soil_Temperature": {
                "MSE": 2.8294344741920763,
                "RMSE": 1.682092290628572,
                "MAE": 1.2294715328863963,
                "R2": 0.8308935119883927,
                "SMAPE": 26.275122592513807,
                "WAPE": 17.730932984681715
            }
        }
    ]
}