{
    "trial_number": 34,
    "fold_smape": [
        5.299019442037728,
        2.1778966312424672,
        14.524682568629526
    ],
    "mean_smape": 7.333866213969908,
    "hyperparameters": {
        "input_chunk_length": 36,
        "hidden_size": 64,
        "dropout": 0.2,
        "batch_size": 104,
        "lr": 0.004695950843670312,
        "weight_decay": 0.0008452734964674026,
        "num_encoder_layers": 3,
        "num_decoder_layers": 4,
        "temporal_width_past": 3,
        "temporal_width_future": 3,
        "use_reversible_instance_norm": true,
        "temporal_hidden_size_past": 60,
        "temporal_hidden_size_future": 168
    },
    "metrics_per_fold": [
        {
            "Temperature": {
                "MSE": 4.305324109616842,
                "RMSE": 2.074927495026475,
                "MAE": 1.246877669924039,
                "R2": 0.7930337297576476,
                "SMAPE": 8.951574989615725,
                "WAPE": 7.8697985338846435
            },
            "Precipitation_accumulated": {
                "MSE": 1835.352243483283,
                "RMSE": 42.841011233201336,
                "MAE": 5.530821811261796,
                "R2": 0.9151783840607536,
                "SMAPE": 3.0719109263852684,
                "WAPE": 1.3751891406705061
            },
            "Humidity": {
                "MSE": 21.93902258655407,
                "RMSE": 4.6839110352945506,
                "MAE": 3.314023572211434,
                "R2": 0.719418130531432,
                "SMAPE": 4.088976605153298,
                "WAPE": 3.9216021480969974
            },
            "Soil_Moisture": {
                "MSE": 76919.3532025545,
                "RMSE": 277.3433849987313,
                "MAE": 98.0072950077217,
                "R2": 0.917499808553258,
                "SMAPE": 1.3398572254389074,
                "WAPE": 1.4344160397941006
            },
            "Soil_Temperature": {
                "MSE": 4.298044288188464,
                "RMSE": 2.0731725177101072,
                "MAE": 1.2155363737532823,
                "R2": 0.7983122931903044,
                "SMAPE": 9.042777463595439,
                "WAPE": 7.791497804167229
            }
        },
        {
            "Temperature": {
                "MSE": 0.46364118807295707,
                "RMSE": 0.6809120266766897,
                "MAE": 0.45378394916004,
                "R2": 0.828683536306734,
                "SMAPE": 5.593855093861021,
                "WAPE": 5.432318426681191
            },
            "Precipitation_accumulated": {
                "MSE": 0.019411517810994983,
                "RMSE": 0.13932522316865306,
                "MAE": 0.11049557299797969,
                "R2": 0.9160982673652183,
                "SMAPE": 0.02409100326125986,
                "WAPE": 0.02409257279283069
            },
            "Humidity": {
                "MSE": 4.921259146745885,
                "RMSE": 2.2183911167208286,
                "MAE": 1.6406734398857359,
                "R2": 0.8679559261964134,
                "SMAPE": 1.8894454894397663,
                "WAPE": 1.8732142902854447
            },
            "Soil_Moisture": {
                "MSE": 10786.03690227083,
                "RMSE": 103.85584674090732,
                "MAE": 48.09672408273192,
                "R2": 0.7031768348187202,
                "SMAPE": 0.8222405343449415,
                "WAPE": 0.8198724383336542
            },
            "Soil_Temperature": {
                "MSE": 0.1001558710586553,
                "RMSE": 0.31647412383740836,
                "MAE": 0.22759524727907626,
                "R2": 0.9430807164731555,
                "SMAPE": 2.559851035305341,
                "WAPE": 2.536533726067973
            }
        },
        {
            "Temperature": {
                "MSE": 9.099813809428838,
                "RMSE": 3.0165897648551483,
                "MAE": 2.2636058887748436,
                "R2": 0.671038989760012,
                "SMAPE": 38.30049883360918,
                "WAPE": 27.637484136464362
            },
            "Precipitation_accumulated": {
                "MSE": 0.045747960809873096,
                "RMSE": 0.2138877294513949,
                "MAE": 0.08482169291777411,
                "R2": 0.9905110894668505,
                "SMAPE": 0.018304555628166422,
                "WAPE": 0.018289141791984695
            },
            "Humidity": {
                "MSE": 91.03301039261255,
                "RMSE": 9.541122071989886,
                "MAE": 6.549716976171687,
                "R2": 0.3647577691696665,
                "SMAPE": 7.743926811498868,
                "WAPE": 7.523728553277406
            },
            "Soil_Moisture": {
                "MSE": 144798.46746058905,
                "RMSE": 380.5239380914019,
                "MAE": 103.4206562019779,
                "R2": 0.8060044175989279,
                "SMAPE": 1.3705495761273037,
                "WAPE": 1.249837824544292
            },
            "Soil_Temperature": {
                "MSE": 2.5926000073141138,
                "RMSE": 1.6101552742869596,
                "MAE": 1.1738164913072762,
                "R2": 0.8414674783733154,
                "SMAPE": 25.19013306628413,
                "WAPE": 16.978865561939468
            }
        }
    ]
}