{
    "trial_number": 3,
    "fold_smape": [
        7.842877933002323,
        3.268484432140705,
        17.46252077799377
    ],
    "mean_smape": 9.524627714378932,
    "hyperparameters": {
        "input_chunk_length": 144,
        "hidden_size": 216,
        "dropout": 0.5,
        "batch_size": 208,
        "lr": 3.633253882670623e-05,
        "weight_decay": 3.6559818961912005e-05,
        "num_encoder_layers": 4,
        "num_decoder_layers": 3,
        "temporal_width_past": 5,
        "temporal_width_future": 2,
        "use_reversible_instance_norm": true,
        "temporal_hidden_size_past": 108,
        "temporal_hidden_size_future": 72
    },
    "metrics_per_fold": [
        {
            "Temperature": {
                "MSE": 7.26380671021628,
                "RMSE": 2.6951450258225957,
                "MAE": 1.6952899103809496,
                "R2": 0.6150097922989988,
                "SMAPE": 11.528800139828038,
                "WAPE": 10.663919757592813
            },
            "Precipitation_accumulated": {
                "MSE": 5451.918882311643,
                "RMSE": 73.8371104683251,
                "MAE": 19.219103133894887,
                "R2": 0.5985326857582307,
                "SMAPE": 7.432435124347897,
                "WAPE": 4.52775122296975
            },
            "Humidity": {
                "MSE": 38.586469585146894,
                "RMSE": 6.211800832701165,
                "MAE": 4.4434912963874496,
                "R2": 0.43950165626029036,
                "SMAPE": 5.437719151537472,
                "WAPE": 5.234762268753867
            },
            "Soil_Moisture": {
                "MSE": 176783.6901889469,
                "RMSE": 420.456525920275,
                "MAE": 195.85129301373863,
                "R2": 0.7037672459115139,
                "SMAPE": 2.7355530222859743,
                "WAPE": 2.928210859090707
            },
            "Soil_Temperature": {
                "MSE": 7.877132487587857,
                "RMSE": 2.806622968549188,
                "MAE": 1.766523856867971,
                "R2": 0.5954032016633732,
                "SMAPE": 12.079882227012257,
                "WAPE": 11.275868650922842
            }
        },
        {
            "Temperature": {
                "MSE": 0.7531784286028517,
                "RMSE": 0.8678585302933028,
                "MAE": 0.636070450774444,
                "R2": 0.7121040206081746,
                "SMAPE": 8.242788545857037,
                "WAPE": 7.717151884638003
            },
            "Precipitation_accumulated": {
                "MSE": 1.5997486940074255,
                "RMSE": 1.2648117227506335,
                "MAE": 1.0553983697516096,
                "R2": -5.861711808316695,
                "SMAPE": 0.22982099492003122,
                "WAPE": 0.2301078491927978
            },
            "Humidity": {
                "MSE": 9.793597608791083,
                "RMSE": 3.1294724170043557,
                "MAE": 2.341317763623144,
                "R2": 0.7441102191146184,
                "SMAPE": 2.717097864866405,
                "WAPE": 2.679995481793896
            },
            "Soil_Moisture": {
                "MSE": 12203.212492570081,
                "RMSE": 110.46815148525877,
                "MAE": 58.84734750344704,
                "R2": 0.6098884949482151,
                "SMAPE": 1.0104070189764585,
                "WAPE": 1.006319062649506
            },
            "Soil_Temperature": {
                "MSE": 0.2186571535388988,
                "RMSE": 0.46760790577031397,
                "MAE": 0.353367998896453,
                "R2": 0.8728911688089778,
                "SMAPE": 4.142307736083581,
                "WAPE": 3.9749560770827457
            }
        },
        {
            "Temperature": {
                "MSE": 11.891255298685135,
                "RMSE": 3.448369948060262,
                "MAE": 2.716469865981013,
                "R2": 0.5851463539441466,
                "SMAPE": 44.42459990432917,
                "WAPE": 32.530015650757164
            },
            "Precipitation_accumulated": {
                "MSE": 0.6090920670408759,
                "RMSE": 0.7804435066299648,
                "MAE": 0.6374259703112941,
                "R2": 0.8641095252672852,
                "SMAPE": 0.13748856436339152,
                "WAPE": 0.13738738236381712
            },
            "Humidity": {
                "MSE": 115.28889195926689,
                "RMSE": 10.737266503131368,
                "MAE": 8.085015655594265,
                "R2": 0.19840627577543535,
                "SMAPE": 9.496520269299086,
                "WAPE": 9.22017558189205
            },
            "Soil_Moisture": {
                "MSE": 170078.3160083033,
                "RMSE": 412.4055237364108,
                "MAE": 126.91459791376768,
                "R2": 0.5968926147227593,
                "SMAPE": 1.6118908620778574,
                "WAPE": 1.5082793212230885
            },
            "Soil_Temperature": {
                "MSE": 3.4597876664252634,
                "RMSE": 1.86005044727966,
                "MAE": 1.4700828112701905,
                "R2": 0.7992235979235833,
                "SMAPE": 31.642104289899326,
                "WAPE": 21.123976696479044
            }
        }
    ]
}