{
    "trial_number": 0,
    "fold_smape": [
        6.763258874460436,
        2.4210541812925186,
        16.898420168469166
    ],
    "mean_smape": 8.69424440807404,
    "hyperparameters": {
        "input_chunk_length": 96,
        "hidden_size": 192,
        "dropout": 0.2,
        "batch_size": 184,
        "lr": 9.082873912869208e-05,
        "weight_decay": 9.550916303071318e-06,
        "num_encoder_layers": 2,
        "num_decoder_layers": 2,
        "temporal_width_past": 4,
        "temporal_width_future": 4,
        "use_reversible_instance_norm": true,
        "temporal_hidden_size_past": 156,
        "temporal_hidden_size_future": 48
    },
    "metrics_per_fold": [
        {
            "Temperature": {
                "MSE": 7.933577078383642,
                "RMSE": 2.816660625347619,
                "MAE": 1.6409808543221678,
                "R2": 0.598357666918442,
                "SMAPE": 11.0956112391042,
                "WAPE": 10.299004710716762
            },
            "Precipitation_accumulated": {
                "MSE": 2886.2427667681845,
                "RMSE": 53.72376352014241,
                "MAE": 10.290883938736256,
                "R2": 0.8340691103129272,
                "SMAPE": 4.459528915350512,
                "WAPE": 2.484133364176549
            },
            "Humidity": {
                "MSE": 33.71046352677471,
                "RMSE": 5.806071264355503,
                "MAE": 4.157034678744761,
                "R2": 0.548243653360748,
                "SMAPE": 5.138479653065308,
                "WAPE": 4.909782621856449
            },
            "Soil_Moisture": {
                "MSE": 128965.49338537775,
                "RMSE": 359.117659528709,
                "MAE": 151.69837485350405,
                "R2": 0.828616038322781,
                "SMAPE": 2.120806243036801,
                "WAPE": 2.2461047988219356
            },
            "Soil_Temperature": {
                "MSE": 7.555424604407146,
                "RMSE": 2.748713263402923,
                "MAE": 1.597128717488488,
                "R2": 0.6274701193209739,
                "SMAPE": 11.00186832174539,
                "WAPE": 10.180009880747875
            }
        },
        {
            "Temperature": {
                "MSE": 0.5006516733915122,
                "RMSE": 0.7075674338121506,
                "MAE": 0.48413417018068544,
                "R2": 0.8103150844931911,
                "SMAPE": 6.173383740840421,
                "WAPE": 5.840885346961965
            },
            "Precipitation_accumulated": {
                "MSE": 0.8171733253031506,
                "RMSE": 0.9039763964303219,
                "MAE": 0.655484884011461,
                "R2": -2.5150931404851393,
                "SMAPE": 0.14284296091623017,
                "WAPE": 0.14291847123820695
            },
            "Humidity": {
                "MSE": 5.557487863251845,
                "RMSE": 2.3574324726812104,
                "MAE": 1.7975661479572265,
                "R2": 0.8519703607590433,
                "SMAPE": 2.078522647346545,
                "WAPE": 2.05603478237355
            },
            "Soil_Moisture": {
                "MSE": 12430.055639571296,
                "RMSE": 111.49015938445552,
                "MAE": 56.160304535530884,
                "R2": 0.6171666312401005,
                "SMAPE": 0.9634776252160325,
                "WAPE": 0.9592200214200053
            },
            "Soil_Temperature": {
                "MSE": 0.10036247783505366,
                "RMSE": 0.3168003753707588,
                "MAE": 0.23746118148091425,
                "R2": 0.9417945625721887,
                "SMAPE": 2.747043932143359,
                "WAPE": 2.6610905954663147
            }
        },
        {
            "Temperature": {
                "MSE": 11.929670999844058,
                "RMSE": 3.4539355813106964,
                "MAE": 2.6507937339259304,
                "R2": 0.5770532564237385,
                "SMAPE": 42.566193257841284,
                "WAPE": 32.02094371102839
            },
            "Precipitation_accumulated": {
                "MSE": 0.3291048015944551,
                "RMSE": 0.5736765653174749,
                "MAE": 0.45924459687250374,
                "R2": 0.9289154503296183,
                "SMAPE": 0.099109315188191,
                "WAPE": 0.0990002831531688
            },
            "Humidity": {
                "MSE": 111.69952319979788,
                "RMSE": 10.568799515545646,
                "MAE": 7.984500566765701,
                "R2": 0.2198521660920304,
                "SMAPE": 9.394609455830935,
                "WAPE": 9.133519266770385
            },
            "Soil_Moisture": {
                "MSE": 201490.1261471502,
                "RMSE": 448.8765154774197,
                "MAE": 140.26232201999113,
                "R2": 0.6497627520481724,
                "SMAPE": 1.8227510619400835,
                "WAPE": 1.6796787933469284
            },
            "Soil_Temperature": {
                "MSE": 4.270240486531295,
                "RMSE": 2.0664560209526104,
                "MAE": 1.544857903417896,
                "R2": 0.7462819867283312,
                "SMAPE": 30.609437751545208,
                "WAPE": 22.26553157973449
            }
        }
    ]
}