{
    "trial_number": 4,
    "fold_smape": [
        5.9831544119752085,
        2.235328357699535,
        16.283886544609327
    ],
    "mean_smape": 8.16745643809469,
    "hyperparameters": {
        "input_chunk_length": 84,
        "hidden_size": 40,
        "dropout": 0.15000000000000002,
        "batch_size": 168,
        "lr": 0.0005299362721621925,
        "weight_decay": 0.0009219257227577628,
        "num_encoder_layers": 4,
        "num_decoder_layers": 3,
        "temporal_width_past": 2,
        "temporal_width_future": 2,
        "use_reversible_instance_norm": true,
        "temporal_hidden_size_past": 48,
        "temporal_hidden_size_future": 72
    },
    "metrics_per_fold": [
        {
            "Temperature": {
                "MSE": 5.967403749316684,
                "RMSE": 2.442826999465309,
                "MAE": 1.4537416470104996,
                "R2": 0.7008390890072491,
                "SMAPE": 9.810032584811234,
                "WAPE": 9.108945020168248
            },
            "Precipitation_accumulated": {
                "MSE": 2234.077535334852,
                "RMSE": 47.26602940098578,
                "MAE": 7.6878050646130225,
                "R2": 0.8778350459012643,
                "SMAPE": 3.6684796557802253,
                "WAPE": 1.8669234534597936
            },
            "Humidity": {
                "MSE": 27.016193293495213,
                "RMSE": 5.197710389536455,
                "MAE": 3.7723961669342114,
                "R2": 0.6500646689422576,
                "SMAPE": 4.6328954540200185,
                "WAPE": 4.460898005828719
            },
            "Soil_Moisture": {
                "MSE": 95810.36175984326,
                "RMSE": 309.53248902149716,
                "MAE": 117.1831525251086,
                "R2": 0.8786211826352304,
                "SMAPE": 1.6208951449313074,
                "WAPE": 1.730974759539021
            },
            "Soil_Temperature": {
                "MSE": 6.16088019015589,
                "RMSE": 2.4821120422245024,
                "MAE": 1.449709072923928,
                "R2": 0.6996760009706544,
                "SMAPE": 10.183469220333215,
                "WAPE": 9.227066121869754
            }
        },
        {
            "Temperature": {
                "MSE": 0.4515145657378362,
                "RMSE": 0.6719483356165384,
                "MAE": 0.4622909862632499,
                "R2": 0.8298992734075772,
                "SMAPE": 5.772281385503704,
                "WAPE": 5.568110821638518
            },
            "Precipitation_accumulated": {
                "MSE": 0.014644154317763523,
                "RMSE": 0.12101303366895454,
                "MAE": 0.04941615346630229,
                "R2": 0.9369536478038598,
                "SMAPE": 0.010767611001343746,
                "WAPE": 0.01077450193959778
            },
            "Humidity": {
                "MSE": 5.155465756882868,
                "RMSE": 2.2705650743554715,
                "MAE": 1.6907978434386162,
                "R2": 0.8624972165326116,
                "SMAPE": 1.9542248480651656,
                "WAPE": 1.93319073541269
            },
            "Soil_Moisture": {
                "MSE": 10535.8214828395,
                "RMSE": 102.64414977405922,
                "MAE": 49.13582692703125,
                "R2": 0.6783317951538257,
                "SMAPE": 0.8432177560926154,
                "WAPE": 0.8389952525745282
            },
            "Soil_Temperature": {
                "MSE": 0.09203677803702724,
                "RMSE": 0.30337563850287524,
                "MAE": 0.22807741143719404,
                "R2": 0.9468423191355035,
                "SMAPE": 2.5961501878348368,
                "WAPE": 2.5529671393153155
            }
        },
        {
            "Temperature": {
                "MSE": 11.25654394367341,
                "RMSE": 3.355077337957116,
                "MAE": 2.5641744327586258,
                "R2": 0.5989929693439715,
                "SMAPE": 41.328697288873826,
                "WAPE": 31.025742946692446
            },
            "Precipitation_accumulated": {
                "MSE": 0.06263758979020562,
                "RMSE": 0.25027502829928044,
                "MAE": 0.14326057597066696,
                "R2": 0.9865794008546437,
                "SMAPE": 0.030889223374443976,
                "WAPE": 0.03088430707213916
            },
            "Humidity": {
                "MSE": 112.47753698373249,
                "RMSE": 10.605542748192216,
                "MAE": 7.934877814902483,
                "R2": 0.21412057659527617,
                "SMAPE": 9.333200057064511,
                "WAPE": 9.084106574720046
            },
            "Soil_Moisture": {
                "MSE": 208419.2854867393,
                "RMSE": 456.52961074473507,
                "MAE": 139.875014401967,
                "R2": 0.6572621451227023,
                "SMAPE": 1.8514093926504975,
                "WAPE": 1.678038277878378
            },
            "Soil_Temperature": {
                "MSE": 3.582851560151213,
                "RMSE": 1.8928421910321032,
                "MAE": 1.3902678093873653,
                "R2": 0.7858641188087293,
                "SMAPE": 28.875236761083396,
                "WAPE": 20.049870777516706
            }
        }
    ]
}