{
    "trial_number": 24,
    "fold_smape": [
        5.321633286438365,
        2.139239895724919,
        14.562274841183989
    ],
    "mean_smape": 7.341049341115757,
    "hyperparameters": {
        "input_chunk_length": 48,
        "hidden_size": 48,
        "dropout": 0.30000000000000004,
        "batch_size": 104,
        "lr": 0.004306943935788671,
        "weight_decay": 0.00011191789815722555,
        "num_encoder_layers": 4,
        "num_decoder_layers": 4,
        "temporal_width_past": 3,
        "temporal_width_future": 2,
        "use_reversible_instance_norm": true,
        "temporal_hidden_size_past": 120,
        "temporal_hidden_size_future": 156
    },
    "metrics_per_fold": [
        {
            "Temperature": {
                "MSE": 4.4755843916626,
                "RMSE": 2.115557702276778,
                "MAE": 1.2832746522555185,
                "R2": 0.7839858380153262,
                "SMAPE": 8.996141924698131,
                "WAPE": 8.087586846822594
            },
            "Precipitation_accumulated": {
                "MSE": 1808.6651103350625,
                "RMSE": 42.52840357143756,
                "MAE": 5.777499544622276,
                "R2": 0.9131795787515915,
                "SMAPE": 3.044509196537459,
                "WAPE": 1.4281504341878548
            },
            "Humidity": {
                "MSE": 24.574540875021402,
                "RMSE": 4.957271515160472,
                "MAE": 3.4637432335642213,
                "R2": 0.6843660520816269,
                "SMAPE": 4.257169406832181,
                "WAPE": 4.096745533894627
            },
            "Soil_Moisture": {
                "MSE": 94474.97476573577,
                "RMSE": 307.367816737107,
                "MAE": 113.01585788813155,
                "R2": 0.8946565159385493,
                "SMAPE": 1.5543100719927763,
                "WAPE": 1.6578718917384787
            },
            "Soil_Temperature": {
                "MSE": 4.16050566908701,
                "RMSE": 2.0397317640040344,
                "MAE": 1.2046770516057046,
                "R2": 0.8041087963959461,
                "SMAPE": 8.756035832131314,
                "WAPE": 7.7119558005438
            }
        },
        {
            "Temperature": {
                "MSE": 0.47140048648382815,
                "RMSE": 0.6865861100283257,
                "MAE": 0.45117388953012605,
                "R2": 0.8252181671356155,
                "SMAPE": 5.534429274630018,
                "WAPE": 5.408771481290935
            },
            "Precipitation_accumulated": {
                "MSE": 0.013050320512462923,
                "RMSE": 0.11423799942428493,
                "MAE": 0.039494661971279404,
                "R2": 0.9436528790076297,
                "SMAPE": 0.00860499421543269,
                "WAPE": 0.0086114094414515
            },
            "Humidity": {
                "MSE": 4.828497347474004,
                "RMSE": 2.1973842057032273,
                "MAE": 1.6143110695939122,
                "R2": 0.8705196181552062,
                "SMAPE": 1.857794196655005,
                "WAPE": 1.8438294285449457
            },
            "Soil_Moisture": {
                "MSE": 10674.976619798348,
                "RMSE": 103.31977845407117,
                "MAE": 47.13715010919372,
                "R2": 0.6939411744400723,
                "SMAPE": 0.8063666262824538,
                "WAPE": 0.8039478734682016
            },
            "Soil_Temperature": {
                "MSE": 0.09607891984477639,
                "RMSE": 0.3099659978848912,
                "MAE": 0.22104430891278617,
                "R2": 0.9452180050699629,
                "SMAPE": 2.489004386841686,
                "WAPE": 2.466113525237895
            }
        },
        {
            "Temperature": {
                "MSE": 8.899599341465986,
                "RMSE": 2.9832196267566333,
                "MAE": 2.268110502922884,
                "R2": 0.6798719862331242,
                "SMAPE": 38.568286009837664,
                "WAPE": 27.652843800052967
            },
            "Precipitation_accumulated": {
                "MSE": 0.05393383897813793,
                "RMSE": 0.23223660128872436,
                "MAE": 0.0974421055537558,
                "R2": 0.9887208979281147,
                "SMAPE": 0.021030378315070472,
                "WAPE": 0.021009425682652082
            },
            "Humidity": {
                "MSE": 92.29510088068943,
                "RMSE": 9.607033927320618,
                "MAE": 6.802348506630719,
                "R2": 0.35531442496309806,
                "SMAPE": 8.027517605020815,
                "WAPE": 7.807022978859984
            },
            "Soil_Moisture": {
                "MSE": 154498.68444104603,
                "RMSE": 393.06320667425234,
                "MAE": 110.69108142022365,
                "R2": 0.7816537771286373,
                "SMAPE": 1.4697969656497891,
                "WAPE": 1.3351124689007936
            },
            "Soil_Temperature": {
                "MSE": 2.6491053958722794,
                "RMSE": 1.6276072609423562,
                "MAE": 1.1800114656902572,
                "R2": 0.8389564370854529,
                "SMAPE": 24.724743247096622,
                "WAPE": 17.060605532660155
            }
        }
    ]
}