{
    "trial_number": 22,
    "fold_smape": [
        5.190734240087084,
        2.148649256639987,
        14.79722890938896
    ],
    "mean_smape": 7.378870802038676,
    "hyperparameters": {
        "input_chunk_length": 72,
        "hidden_size": 32,
        "dropout": 0.2,
        "batch_size": 104,
        "lr": 0.004861429429506781,
        "weight_decay": 0.0004843645681277233,
        "num_encoder_layers": 4,
        "num_decoder_layers": 4,
        "temporal_width_past": 3,
        "temporal_width_future": 2,
        "use_reversible_instance_norm": true,
        "temporal_hidden_size_past": 84,
        "temporal_hidden_size_future": 156
    },
    "metrics_per_fold": [
        {
            "Temperature": {
                "MSE": 4.134128840655525,
                "RMSE": 2.0332557243631517,
                "MAE": 1.240095455971128,
                "R2": 0.7935007568632826,
                "SMAPE": 8.723520617167383,
                "WAPE": 7.786081424885701
            },
            "Precipitation_accumulated": {
                "MSE": 1875.0989179145838,
                "RMSE": 43.30241237984997,
                "MAE": 5.855200899063213,
                "R2": 0.9021228794243841,
                "SMAPE": 3.0992669253265714,
                "WAPE": 1.4303810985828822
            },
            "Humidity": {
                "MSE": 21.728181378929126,
                "RMSE": 4.66134973789021,
                "MAE": 3.300398335135688,
                "R2": 0.7173685347756134,
                "SMAPE": 4.058813575993306,
                "WAPE": 3.9017765130165034
            },
            "Soil_Moisture": {
                "MSE": 75851.93706486367,
                "RMSE": 275.41230376448993,
                "MAE": 97.14865542080643,
                "R2": 0.9081995536099808,
                "SMAPE": 1.3358486617530712,
                "WAPE": 1.431664174751994
            },
            "Soil_Temperature": {
                "MSE": 4.083836864133781,
                "RMSE": 2.020850529884331,
                "MAE": 1.2004348489584724,
                "R2": 0.8017382534792967,
                "SMAPE": 8.736221420194957,
                "WAPE": 7.657150489320743
            }
        },
        {
            "Temperature": {
                "MSE": 0.4435903031480508,
                "RMSE": 0.6660257526162564,
                "MAE": 0.4477132349905132,
                "R2": 0.8332174016288038,
                "SMAPE": 5.567763930782188,
                "WAPE": 5.385881420601959
            },
            "Precipitation_accumulated": {
                "MSE": 0.014158146736198847,
                "RMSE": 0.11898801089268972,
                "MAE": 0.03069944660345848,
                "R2": 0.9389903848425267,
                "SMAPE": 0.0066849440956350745,
                "WAPE": 0.006693624840759229
            },
            "Humidity": {
                "MSE": 4.774799337785912,
                "RMSE": 2.1851314234585324,
                "MAE": 1.617902784638582,
                "R2": 0.8722058098462105,
                "SMAPE": 1.8654296450296661,
                "WAPE": 1.8493537629827628
            },
            "Soil_Moisture": {
                "MSE": 10277.227479777359,
                "RMSE": 101.3766614156205,
                "MAE": 47.51163396756578,
                "R2": 0.6889350133339589,
                "SMAPE": 0.8139793658337207,
                "WAPE": 0.8110247127026562
            },
            "Soil_Temperature": {
                "MSE": 0.09232615382592206,
                "RMSE": 0.30385219075386316,
                "MAE": 0.2193800374910033,
                "R2": 0.9467490013735644,
                "SMAPE": 2.489388397458725,
                "WAPE": 2.45360634799275
            }
        },
        {
            "Temperature": {
                "MSE": 9.219129760450885,
                "RMSE": 3.0363019876901056,
                "MAE": 2.31394057267956,
                "R2": 0.6707768755908567,
                "SMAPE": 39.56266998692325,
                "WAPE": 28.082538653674842
            },
            "Precipitation_accumulated": {
                "MSE": 0.04242594860834391,
                "RMSE": 0.20597560197349565,
                "MAE": 0.1250511605829986,
                "R2": 0.9909830995078964,
                "SMAPE": 0.026954725005839755,
                "WAPE": 0.02695986351251918
            },
            "Humidity": {
                "MSE": 90.6703539439104,
                "RMSE": 9.522098190205266,
                "MAE": 6.765577580119683,
                "R2": 0.3663639940118697,
                "SMAPE": 7.966440159239173,
                "WAPE": 7.751794396649672
            },
            "Soil_Moisture": {
                "MSE": 146195.00891353533,
                "RMSE": 382.35455916405044,
                "MAE": 100.9174582706056,
                "R2": 0.7713778803522096,
                "SMAPE": 1.3291917031318838,
                "WAPE": 1.2128019214660108
            },
            "Soil_Temperature": {
                "MSE": 2.6528246011253027,
                "RMSE": 1.6287493978894674,
                "MAE": 1.1938398183001135,
                "R2": 0.840559604021912,
                "SMAPE": 25.100887972644713,
                "WAPE": 17.234191131567165
            }
        }
    ]
}