{
    "trial_number": 52,
    "fold_smape": [
        5.237416014855709,
        2.1546898684937488,
        14.790370521335419
    ],
    "mean_smape": 7.394158801561626,
    "hyperparameters": {
        "input_chunk_length": 48,
        "hidden_size": 72,
        "dropout": 0.25,
        "batch_size": 112,
        "lr": 0.003532725183155359,
        "weight_decay": 0.0006372103991916491,
        "num_encoder_layers": 3,
        "num_decoder_layers": 4,
        "temporal_width_past": 3,
        "temporal_width_future": 3,
        "use_reversible_instance_norm": true,
        "temporal_hidden_size_past": 60,
        "temporal_hidden_size_future": 144
    },
    "metrics_per_fold": [
        {
            "Temperature": {
                "MSE": 4.19987266713502,
                "RMSE": 2.0493590869184004,
                "MAE": 1.2540404073324447,
                "R2": 0.797293069409314,
                "SMAPE": 8.845025147008558,
                "WAPE": 7.903343751004345
            },
            "Precipitation_accumulated": {
                "MSE": 1857.925601872522,
                "RMSE": 43.103661119126784,
                "MAE": 5.751910391110161,
                "R2": 0.91081495270681,
                "SMAPE": 3.087931168576596,
                "WAPE": 1.4218250056150663
            },
            "Humidity": {
                "MSE": 22.03210251791251,
                "RMSE": 4.693836652240096,
                "MAE": 3.3170634350478174,
                "R2": 0.7170209798002992,
                "SMAPE": 4.091926527653722,
                "WAPE": 3.9232598656552122
            },
            "Soil_Moisture": {
                "MSE": 75304.87718675548,
                "RMSE": 274.41734126464286,
                "MAE": 97.59437669797296,
                "R2": 0.9160319634978132,
                "SMAPE": 1.3383380963136,
                "WAPE": 1.4316484159193168
            },
            "Soil_Temperature": {
                "MSE": 4.1243047767842675,
                "RMSE": 2.030838441822556,
                "MAE": 1.2149194037773592,
                "R2": 0.8058132614126423,
                "SMAPE": 8.823859134725966,
                "WAPE": 7.7775240515004525
            }
        },
        {
            "Temperature": {
                "MSE": 0.4438169157749596,
                "RMSE": 0.6661958539160684,
                "MAE": 0.44558133665465316,
                "R2": 0.8354453671145569,
                "SMAPE": 5.518101814679811,
                "WAPE": 5.3417267315781976
            },
            "Precipitation_accumulated": {
                "MSE": 0.014335300396467032,
                "RMSE": 0.11973011482691825,
                "MAE": 0.07325637458664987,
                "R2": 0.9381047457700135,
                "SMAPE": 0.015969321885349944,
                "WAPE": 0.01597280757133035
            },
            "Humidity": {
                "MSE": 4.82839895184522,
                "RMSE": 2.1973618163254818,
                "MAE": 1.6322046728774333,
                "R2": 0.8705222567200991,
                "SMAPE": 1.8816324357993162,
                "WAPE": 1.8642670956949108
            },
            "Soil_Moisture": {
                "MSE": 10659.401824849101,
                "RMSE": 103.24437914409239,
                "MAE": 48.450056743127185,
                "R2": 0.6943877143829948,
                "SMAPE": 0.8279918947785011,
                "WAPE": 0.8263401584062602
            },
            "Soil_Temperature": {
                "MSE": 0.09514292037077801,
                "RMSE": 0.3084524604712662,
                "MAE": 0.2238514418700658,
                "R2": 0.9457516904873462,
                "SMAPE": 2.5297538753257474,
                "WAPE": 2.4974317192558173
            }
        },
        {
            "Temperature": {
                "MSE": 9.658244890019551,
                "RMSE": 3.1077716920680567,
                "MAE": 2.356227169918154,
                "R2": 0.6525827023796411,
                "SMAPE": 38.969282528137136,
                "WAPE": 28.727163779375566
            },
            "Precipitation_accumulated": {
                "MSE": 0.07287354470696841,
                "RMSE": 0.269951004271087,
                "MAE": 0.16526322912851324,
                "R2": 0.9847600659500026,
                "SMAPE": 0.03565724844160989,
                "WAPE": 0.03563229171536282
            },
            "Humidity": {
                "MSE": 95.72713881779188,
                "RMSE": 9.784024673813526,
                "MAE": 6.910929142092884,
                "R2": 0.3313414802464594,
                "SMAPE": 8.14377112976721,
                "WAPE": 7.931640456968617
            },
            "Soil_Moisture": {
                "MSE": 157005.46908731002,
                "RMSE": 396.2391564286776,
                "MAE": 111.0651903025802,
                "R2": 0.7781110481983302,
                "SMAPE": 1.4724708318950759,
                "WAPE": 1.339624823709801
            },
            "Soil_Temperature": {
                "MSE": 2.843244833657395,
                "RMSE": 1.6861924070690733,
                "MAE": 1.2288919554209528,
                "R2": 0.8271543748451744,
                "SMAPE": 25.33067086843596,
                "WAPE": 17.767319643315705
            }
        }
    ]
}