{
    "trial_number": 84,
    "fold_smape": [
        5.341842628980331,
        2.1913146803780816,
        14.595443851431977
    ],
    "mean_smape": 7.37620038693013,
    "hyperparameters": {
        "input_chunk_length": 36,
        "hidden_size": 40,
        "dropout": 0.25,
        "batch_size": 88,
        "lr": 0.00321765025772953,
        "weight_decay": 0.0012777247148610528,
        "num_encoder_layers": 3,
        "num_decoder_layers": 4,
        "temporal_width_past": 3,
        "temporal_width_future": 3,
        "use_reversible_instance_norm": true,
        "temporal_hidden_size_past": 60,
        "temporal_hidden_size_future": 144
    },
    "metrics_per_fold": [
        {
            "Temperature": {
                "MSE": 4.433272019994493,
                "RMSE": 2.105533666317044,
                "MAE": 1.2562883144055421,
                "R2": 0.7868829961259997,
                "SMAPE": 9.041737358522337,
                "WAPE": 7.929194798594361
            },
            "Precipitation_accumulated": {
                "MSE": 1844.5481545834878,
                "RMSE": 42.948203158962166,
                "MAE": 5.57064996522875,
                "R2": 0.9147533909607519,
                "SMAPE": 3.084203049220224,
                "WAPE": 1.3850920532389028
            },
            "Humidity": {
                "MSE": 22.17115085381829,
                "RMSE": 4.70862515537373,
                "MAE": 3.3352296766589205,
                "R2": 0.7164494028714582,
                "SMAPE": 4.113600986551378,
                "WAPE": 3.946696086912447
            },
            "Soil_Moisture": {
                "MSE": 76881.77652975715,
                "RMSE": 277.2756327731616,
                "MAE": 98.63975615466542,
                "R2": 0.917540111579358,
                "SMAPE": 1.3507452731651868,
                "WAPE": 1.443672620272637
            },
            "Soil_Temperature": {
                "MSE": 4.441972958630424,
                "RMSE": 2.1075988609387752,
                "MAE": 1.2304475493301523,
                "R2": 0.7915583740728627,
                "SMAPE": 9.11892647744238,
                "WAPE": 7.8870773312578075
            }
        },
        {
            "Temperature": {
                "MSE": 0.4534841120773463,
                "RMSE": 0.6734122898175725,
                "MAE": 0.45095820387342134,
                "R2": 0.8324365987735611,
                "SMAPE": 5.606802082438731,
                "WAPE": 5.398490989157189
            },
            "Precipitation_accumulated": {
                "MSE": 0.017653950408502938,
                "RMSE": 0.13286816928257475,
                "MAE": 0.09889340035797958,
                "R2": 0.9236949402131276,
                "SMAPE": 0.021561179218120237,
                "WAPE": 0.021562822674341307
            },
            "Humidity": {
                "MSE": 5.037295679096315,
                "RMSE": 2.244392051112353,
                "MAE": 1.6682463601353934,
                "R2": 0.8648425082713029,
                "SMAPE": 1.9227886546435573,
                "WAPE": 1.9046952583933683
            },
            "Soil_Moisture": {
                "MSE": 10860.574057947404,
                "RMSE": 104.21407802186519,
                "MAE": 49.599319961112464,
                "R2": 0.701125631520234,
                "SMAPE": 0.8477895731163808,
                "WAPE": 0.8454861775255144
            },
            "Soil_Temperature": {
                "MSE": 0.09859307563945345,
                "RMSE": 0.31399534334039647,
                "MAE": 0.22643976308049327,
                "R2": 0.9439688640637037,
                "SMAPE": 2.557631912473628,
                "WAPE": 2.523655932376391
            }
        },
        {
            "Temperature": {
                "MSE": 9.139130156855842,
                "RMSE": 3.0230994288735924,
                "MAE": 2.2888170889851764,
                "R2": 0.6696176919577281,
                "SMAPE": 38.61687316866843,
                "WAPE": 27.94530015219819
            },
            "Precipitation_accumulated": {
                "MSE": 0.053271605184763204,
                "RMSE": 0.23080642362110115,
                "MAE": 0.10720358187270634,
                "R2": 0.9889505567765899,
                "SMAPE": 0.023134788991631565,
                "WAPE": 0.02311509523134873
            },
            "Humidity": {
                "MSE": 90.30441556879062,
                "RMSE": 9.502863545731392,
                "MAE": 6.530800831255481,
                "R2": 0.36984201497522584,
                "SMAPE": 7.7129898461170185,
                "WAPE": 7.501999379308245
            },
            "Soil_Moisture": {
                "MSE": 147331.0567366884,
                "RMSE": 383.8372789824985,
                "MAE": 105.58425434775562,
                "R2": 0.8026113490104546,
                "SMAPE": 1.3997195079007503,
                "WAPE": 1.2759848912813834
            },
            "Soil_Temperature": {
                "MSE": 2.6464181256063886,
                "RMSE": 1.6267815236246042,
                "MAE": 1.185892824532059,
                "R2": 0.8381766035842976,
                "SMAPE": 25.224501945482046,
                "WAPE": 17.153545709835853
            }
        }
    ]
}