{
    "trial_number": 70,
    "overall_mae_val": 0.0805595764628262,
    "xgb_params": {
        "n_estimators": 400,
        "max_depth": 5,
        "learning_rate": 0.03994348071647729,
        "min_child_weight": 4,
        "subsample": 0.9,
        "colsample_bytree": 0.8,
        "gamma": 0.1,
        "reg_alpha": 3.832585390170411e-05,
        "reg_lambda": 0.2173916984522187,
        "n_jobs": -1
    },
    "metrics": {
        "MSE": {
            "Temperature": 2.9731258130807685,
            "Precipitation_accumulated": 58.85009364709271,
            "Humidity": 12.048176182309252,
            "Wind_Speed_kmh": 0.5369391315399978,
            "Soil_Moisture": 1107.4245441309283,
            "Soil_Temperature": 0.5730434464739409,
            "Wind_Dir_Sin": 0.3665797342384225,
            "Wind_Dir_Cos": 0.309650625500143
        },
        "RMSE": {
            "Temperature": 1.724275445826672,
            "Precipitation_accumulated": 7.671381469272188,
            "Humidity": 3.471048282912419,
            "Wind_Speed_kmh": 0.7327613059789646,
            "Soil_Moisture": 33.2779888835087,
            "Soil_Temperature": 0.7569963318761465,
            "Wind_Dir_Sin": 0.6054582844741845,
            "Wind_Dir_Cos": 0.5564626002708025
        },
        "MAE": {
            "Temperature": 1.3201655634776481,
            "Precipitation_accumulated": 7.239852458915987,
            "Humidity": 2.7273343308333664,
            "Wind_Speed_kmh": 0.5485928243741577,
            "Soil_Moisture": 21.060012561216876,
            "Soil_Temperature": 0.4959429734557877,
            "Wind_Dir_Sin": 0.4967351600586815,
            "Wind_Dir_Cos": 0.4527549803991661
        },
        "R2": {
            "Temperature": 0.9026734075707417,
            "Precipitation_accumulated": -15.966461220670748,
            "Humidity": 0.9178191150747192,
            "Wind_Speed_kmh": 0.6023824338310937,
            "Soil_Moisture": 0.9810705142598664,
            "Soil_Temperature": 0.9646077687220421,
            "Wind_Dir_Sin": 0.33253578386741456,
            "Wind_Dir_Cos": 0.1607610050344236
        },
        "SMAPE": {
            "Temperature": 25.73832735040283,
            "Precipitation_accumulated": 1.5708544035862826,
            "Humidity": 3.2355404856684897,
            "Wind_Speed_kmh": 56.778105448874435,
            "Soil_Moisture": 0.24577892345275024,
            "Soil_Temperature": 9.416894910841297,
            "Wind_Dir_Sin": 99.3903341550518,
            "Wind_Dir_Cos": 112.27410158534771
        }
    }
}