{
    "trial_number": 13,
    "overall_mae_val": 0.13133557545556918,
    "output_chunk_length": 11,
    "xgb_params": {
        "n_estimators": 350,
        "max_depth": 4,
        "learning_rate": 0.0207345784787402,
        "min_child_weight": 8,
        "subsample": 0.7,
        "colsample_bytree": 0.9,
        "gamma": 0.25,
        "reg_alpha": 0.08924186423492945,
        "reg_lambda": 0.00046222066464024573,
        "n_jobs": -1
    },
    "metrics": {
        "MSE": {
            "Temperature": 16.552895744355894,
            "Precipitation_accumulated": 72.16388202455519,
            "Humidity": 111.08963293535993,
            "Wind_Speed_kmh": 1.59217742324727,
            "Soil_Moisture": 29661.704155932497,
            "Soil_Temperature": 13.385144301476364,
            "Wind_Dir_Sin": 0.5966574727390115,
            "Wind_Dir_Cos": 0.38980352614281955
        },
        "RMSE": {
            "Temperature": 4.0685250084466595,
            "Precipitation_accumulated": 8.494932726311326,
            "Humidity": 10.539906685325061,
            "Wind_Speed_kmh": 1.2618151303765819,
            "Soil_Moisture": 172.22573604410144,
            "Soil_Temperature": 3.6585713470528853,
            "Wind_Dir_Sin": 0.7724360638518968,
            "Wind_Dir_Cos": 0.6243424750430003
        },
        "MAE": {
            "Temperature": 3.356111533730093,
            "Precipitation_accumulated": 8.280991441710496,
            "Humidity": 8.724697030616838,
            "Wind_Speed_kmh": 0.9938100450280636,
            "Soil_Moisture": 152.40115435607092,
            "Soil_Temperature": 2.9473143603110374,
            "Wind_Dir_Sin": 0.696911105090275,
            "Wind_Dir_Cos": 0.5372486959473889
        },
        "R2": {
            "Temperature": 0.45825868083714494,
            "Precipitation_accumulated": -19.77390187502286,
            "Humidity": 0.24230647894740442,
            "Wind_Speed_kmh": -0.17763041375551403,
            "Soil_Moisture": 0.4945468394619006,
            "Soil_Temperature": 0.17354884878884402,
            "Wind_Dir_Sin": -0.08671910208034972,
            "Wind_Dir_Cos": -0.055641615432222125
        },
        "SMAPE": {
            "Temperature": 46.970791608360415,
            "Precipitation_accumulated": 1.7981803280402322,
            "Humidity": 10.296996975767833,
            "Wind_Speed_kmh": 83.21149434353013,
            "Soil_Moisture": 1.782312105001752,
            "Soil_Temperature": 44.83263566656927,
            "Wind_Dir_Sin": 157.8892882694451,
            "Wind_Dir_Cos": 139.22620076122368
        }
    }
}