{
    "trial_number": 29,
    "overall_smape_val": 44.098406173025914,
    "xgb_params": {
        "n_estimators": 400,
        "max_depth": 8,
        "learning_rate": 0.15085893740993744,
        "min_child_weight": 8,
        "subsample": 1.0,
        "colsample_bytree": 0.6,
        "gamma": 0.2,
        "reg_alpha": 0.26715635623702544,
        "reg_lambda": 0.00011263092965500856,
        "random_state": 42,
        "n_jobs": -1
    },
    "metrics": {
        "MSE": {
            "Temperature": 0.8010694977952658,
            "Precipitation_accumulated": 8.313077164885105,
            "Humidity": 2.749908720296441,
            "Wind_Speed_kmh": 0.061531223084006714,
            "Soil_Moisture": 11498.915299004811,
            "Soil_Temperature": 0.4363039443208435,
            "Wind_Dir_Sin": 0.023600365190062846,
            "Wind_Dir_Cos": 0.017371631686451762
        },
        "RMSE": {
            "Temperature": 0.8950248587582726,
            "Precipitation_accumulated": 2.883240740015496,
            "Humidity": 1.6582848730831627,
            "Wind_Speed_kmh": 0.248054879177989,
            "Soil_Moisture": 107.23299538390603,
            "Soil_Temperature": 0.6605330758719381,
            "Wind_Dir_Sin": 0.15362410354518866,
            "Wind_Dir_Cos": 0.13180148590380825
        },
        "MAE": {
            "Temperature": 0.616164806168192,
            "Precipitation_accumulated": 2.713656866957542,
            "Humidity": 1.0085958954782186,
            "Wind_Speed_kmh": 0.09941872192897597,
            "Soil_Moisture": 47.83920169742535,
            "Soil_Temperature": 0.41444815830968185,
            "Wind_Dir_Sin": 0.06436173392891804,
            "Wind_Dir_Cos": 0.052998786801301274
        },
        "R2": {
            "Temperature": 0.7646922388815632,
            "Precipitation_accumulated": -7.758503348432656,
            "Humidity": 0.9577123490326092,
            "Wind_Speed_kmh": 0.8191896416726561,
            "Soil_Moisture": 0.9844602987932592,
            "Soil_Temperature": 0.9222580580274762,
            "Wind_Dir_Sin": 0.8530661554391799,
            "Wind_Dir_Cos": 0.939491266628048
        },
        "SMAPE": {
            "Temperature": 11.127049037551144,
            "Precipitation_accumulated": 0.5920933286866412,
            "Humidity": 1.1908018273094534,
            "Wind_Speed_kmh": 166.5171164849898,
            "Soil_Moisture": 0.8058330706144948,
            "Soil_Temperature": 14.17941122107384,
            "Wind_Dir_Sin": 138.98428487843907,
            "Wind_Dir_Cos": 19.390659535542685
        }
    }
}