{
    "trial_number": 20,
    "overall_mae_val": 0.12588753056346944,
    "output_chunk_length": 10,
    "xgb_params": {
        "n_estimators": 550,
        "max_depth": 4,
        "learning_rate": 0.03374078889634134,
        "min_child_weight": 10,
        "subsample": 0.8,
        "colsample_bytree": 1.0,
        "gamma": 0.2,
        "reg_alpha": 0.027689716945839937,
        "reg_lambda": 0.04219036295087144,
        "n_jobs": -1
    },
    "metrics": {
        "MSE": {
            "Temperature": 12.496782889287875,
            "Precipitation_accumulated": 65.75547461545618,
            "Humidity": 102.85462117932492,
            "Wind_Speed_kmh": 1.42934968180955,
            "Soil_Moisture": 24089.376390795613,
            "Soil_Temperature": 10.900771761056737,
            "Wind_Dir_Sin": 0.5869665787750454,
            "Wind_Dir_Cos": 0.3857575958434901
        },
        "RMSE": {
            "Temperature": 3.5350789084952368,
            "Precipitation_accumulated": 8.10897494233742,
            "Humidity": 10.141726735587236,
            "Wind_Speed_kmh": 1.1955541316935632,
            "Soil_Moisture": 155.20752684968474,
            "Soil_Temperature": 3.301631681616945,
            "Wind_Dir_Sin": 0.7661374411781775,
            "Wind_Dir_Cos": 0.6210938703960055
        },
        "MAE": {
            "Temperature": 2.9091755864209663,
            "Precipitation_accumulated": 7.80501831823144,
            "Humidity": 8.293340254131028,
            "Wind_Speed_kmh": 0.9543349608117552,
            "Soil_Moisture": 134.81860988400652,
            "Soil_Temperature": 2.6532006936114714,
            "Wind_Dir_Sin": 0.6829617179596275,
            "Wind_Dir_Cos": 0.5297679057497475
        },
        "R2": {
            "Temperature": 0.5909122682963943,
            "Precipitation_accumulated": -17.957280115815944,
            "Humidity": 0.29842627969013136,
            "Wind_Speed_kmh": -0.05847107856596456,
            "Soil_Moisture": 0.5882342419671309,
            "Soil_Temperature": 0.3267480194573751,
            "Wind_Dir_Sin": -0.06874207929699394,
            "Wind_Dir_Cos": -0.04550997277374513
        },
        "SMAPE": {
            "Temperature": 42.766403273137556,
            "Precipitation_accumulated": 1.6941821339662042,
            "Humidity": 9.779793038935649,
            "Wind_Speed_kmh": 78.92378337889824,
            "Soil_Moisture": 1.576597585480158,
            "Soil_Temperature": 42.509033844535104,
            "Wind_Dir_Sin": 150.29107635119223,
            "Wind_Dir_Cos": 135.91338771351946
        }
    }
}