{
    "trial_number": 17,
    "overall_smape_val": 37.350393792712026,
    "xgb_params": {
        "n_estimators": 200,
        "max_depth": 7,
        "learning_rate": 0.025244974764813022,
        "min_child_weight": 7,
        "subsample": 0.9,
        "colsample_bytree": 0.7,
        "gamma": 0.0,
        "reg_alpha": 0.0004854401472003865,
        "reg_lambda": 0.0007716115140699429,
        "random_state": 42,
        "n_jobs": -1
    },
    "metrics": {
        "MSE": {
            "Temperature": 0.09120835908268957,
            "Precipitation_accumulated": 2.3313020093825245,
            "Humidity": 0.9175210091088137,
            "Wind_Speed_kmh": 0.009442395569866627,
            "Soil_Moisture": 2907.965225134984,
            "Soil_Temperature": 0.025427225905738277,
            "Wind_Dir_Sin": 0.008789894600810925,
            "Wind_Dir_Cos": 0.005787394497731794
        },
        "RMSE": {
            "Temperature": 0.30200721693808835,
            "Precipitation_accumulated": 1.5268601800369688,
            "Humidity": 0.9578731696361548,
            "Wind_Speed_kmh": 0.09717198963624563,
            "Soil_Moisture": 53.92555261779877,
            "Soil_Temperature": 0.15945916689152204,
            "Wind_Dir_Sin": 0.09375443776595818,
            "Wind_Dir_Cos": 0.07607492686642423
        },
        "MAE": {
            "Temperature": 0.18166245549398194,
            "Precipitation_accumulated": 1.5162366069678153,
            "Humidity": 0.4850592374073715,
            "Wind_Speed_kmh": 0.048431497760185245,
            "Soil_Moisture": 16.135596737760554,
            "Soil_Temperature": 0.11486780053993026,
            "Wind_Dir_Sin": 0.041716975799957985,
            "Wind_Dir_Cos": 0.032895501422559405
        },
        "R2": {
            "Temperature": 0.9732082736515336,
            "Precipitation_accumulated": -1.4562163986200445,
            "Humidity": 0.985890510509651,
            "Wind_Speed_kmh": 0.9722533887531342,
            "Soil_Moisture": 0.9960701588329726,
            "Soil_Temperature": 0.9954693008243067,
            "Wind_Dir_Sin": 0.9452748719530256,
            "Wind_Dir_Cos": 0.9798413921672845
        },
        "SMAPE": {
            "Temperature": 3.1043602604331557,
            "Precipitation_accumulated": 0.33051170891120996,
            "Humidity": 0.5832104462965921,
            "Wind_Speed_kmh": 142.97624959166103,
            "Soil_Moisture": 0.26328492418853516,
            "Soil_Temperature": 6.359399256792346,
            "Wind_Dir_Sin": 132.18422174392796,
            "Wind_Dir_Cos": 13.00191240948556
        }
    }
}