{
    "trial_number": 64,
    "overall_mae_val": 0.08037211580936106,
    "output_chunk_length": 1,
    "xgb_params": {
        "n_estimators": 600,
        "max_depth": 3,
        "learning_rate": 0.017668416804669372,
        "min_child_weight": 8,
        "subsample": 0.9,
        "colsample_bytree": 0.6,
        "gamma": 0.15000000000000002,
        "reg_alpha": 0.00040676604272869957,
        "reg_lambda": 0.0127106140546456,
        "n_jobs": -1
    },
    "metrics": {
        "MSE": {
            "Temperature": 3.2351484265680965,
            "Precipitation_accumulated": 60.81707901692545,
            "Humidity": 13.30824627965428,
            "Wind_Speed_kmh": 0.5749148369777469,
            "Soil_Moisture": 1142.232079695705,
            "Soil_Temperature": 1.0414286527958134,
            "Wind_Dir_Sin": 0.3547413179282375,
            "Wind_Dir_Cos": 0.30370432104729256
        },
        "RMSE": {
            "Temperature": 1.7986518358393033,
            "Precipitation_accumulated": 7.798530567800927,
            "Humidity": 3.648046913028159,
            "Wind_Speed_kmh": 0.7582313874918044,
            "Soil_Moisture": 33.79692411589707,
            "Soil_Temperature": 1.020504116991114,
            "Wind_Dir_Sin": 0.595601643658106,
            "Wind_Dir_Cos": 0.5510937497806454
        },
        "MAE": {
            "Temperature": 1.3950628508185852,
            "Precipitation_accumulated": 7.532722683597107,
            "Humidity": 2.945759259599147,
            "Wind_Speed_kmh": 0.5684750288990676,
            "Soil_Moisture": 19.469411447333997,
            "Soil_Temperature": 0.7404389674568896,
            "Wind_Dir_Sin": 0.47751059105232474,
            "Wind_Dir_Cos": 0.4442153434386762
        },
        "R2": {
            "Temperature": 0.8941241164512642,
            "Precipitation_accumulated": -16.404774038658115,
            "Humidity": 0.9092541093206484,
            "Wind_Speed_kmh": 0.576190424760007,
            "Soil_Moisture": 0.9807802421702131,
            "Soil_Temperature": 0.9357288754842207,
            "Wind_Dir_Sin": 0.3530451537512035,
            "Wind_Dir_Cos": 0.17947872220477024
        },
        "SMAPE": {
            "Temperature": 27.59158702940344,
            "Precipitation_accumulated": 1.6344180493379254,
            "Humidity": 3.4412849109592787,
            "Wind_Speed_kmh": 58.25186550717963,
            "Soil_Moisture": 0.2284506293912667,
            "Soil_Temperature": 12.687487360270957,
            "Wind_Dir_Sin": 95.19967032191376,
            "Wind_Dir_Cos": 108.33925735975939
        }
    }
}