{
    "trial_number": 37,
    "forecast_horizon": 2,
    "overall_smape_val": 46.46178998035886,
    "output_chunk_length": 9,
    "xgb_params": {
        "n_estimators": 500,
        "max_depth": 6,
        "learning_rate": 0.02458781048279438,
        "min_child_weight": 8,
        "subsample": 1.0,
        "colsample_bytree": 0.9,
        "gamma": 0.1,
        "reg_alpha": 0.004919624665141608,
        "reg_lambda": 0.08046907056234753,
        "random_state": 42,
        "n_jobs": -1
    },
    "metrics": {
        "MSE": {
            "Temperature": 1.176344975824063,
            "Precipitation_accumulated": 251.60922586554648,
            "Humidity": 4.2107369550538705,
            "Wind_Speed_kmh": 0.09791792811928879,
            "Soil_Moisture": 19547.567711865377,
            "Soil_Temperature": 0.7841329756595014,
            "Wind_Dir_Sin": 0.043453271086098956,
            "Wind_Dir_Cos": 0.03130323685086159
        },
        "RMSE": {
            "Temperature": 1.084594383087089,
            "Precipitation_accumulated": 15.862194862803397,
            "Humidity": 2.052008029968175,
            "Wind_Speed_kmh": 0.31291840489061806,
            "Soil_Moisture": 139.8126164259341,
            "Soil_Temperature": 0.8855128320128971,
            "Wind_Dir_Sin": 0.20845448204847733,
            "Wind_Dir_Cos": 0.17692720777444487
        },
        "MAE": {
            "Temperature": 0.8163483983684984,
            "Precipitation_accumulated": 15.832248175551294,
            "Humidity": 1.2522582595487954,
            "Wind_Speed_kmh": 0.1314838940214384,
            "Soil_Moisture": 62.12919572546419,
            "Soil_Temperature": 0.6637871066359838,
            "Wind_Dir_Sin": 0.08679919957457365,
            "Wind_Dir_Cos": 0.06901618901160822
        },
        "R2": {
            "Temperature": 0.6544580672140059,
            "Precipitation_accumulated": -264.0907965282186,
            "Humidity": 0.935247969011998,
            "Wind_Speed_kmh": 0.7122668007793671,
            "Soil_Moisture": 0.973583302975785,
            "Soil_Temperature": 0.8602808407167747,
            "Wind_Dir_Sin": 0.7294636702438653,
            "Wind_Dir_Cos": 0.8909648070788262
        },
        "SMAPE": {
            "Temperature": 14.206400754075883,
            "Precipitation_accumulated": 3.5057228539491527,
            "Humidity": 1.4844200302198982,
            "Wind_Speed_kmh": 165.86547104827304,
            "Soil_Moisture": 1.0366750978578796,
            "Soil_Temperature": 18.039640673517425,
            "Wind_Dir_Sin": 144.950436738838,
            "Wind_Dir_Cos": 22.60555264613984
        }
    }
}