{
    "trial_number": 12,
    "overall_mae_val": 0.07766244255074517,
    "xgb_params": {
        "n_estimators": 300,
        "max_depth": 3,
        "learning_rate": 0.01731841368107074,
        "min_child_weight": 4,
        "subsample": 0.6,
        "colsample_bytree": 0.9,
        "gamma": 0.0,
        "reg_alpha": 1.0154991452210417e-05,
        "reg_lambda": 0.4410538448727256,
        "n_jobs": -1
    },
    "metrics": {
        "MSE": {
            "Temperature": 2.1973874750614324,
            "Precipitation_accumulated": 33.54043377430428,
            "Humidity": 11.311159307691563,
            "Wind_Speed_kmh": 0.5334108423750797,
            "Soil_Moisture": 997.7255223880605,
            "Soil_Temperature": 0.3426817709237319,
            "Wind_Dir_Sin": 0.35676870556770257,
            "Wind_Dir_Cos": 0.30283792954608446
        },
        "RMSE": {
            "Temperature": 1.4823587538316871,
            "Precipitation_accumulated": 5.791410344147985,
            "Humidity": 3.3632067001139796,
            "Wind_Speed_kmh": 0.7303498082255377,
            "Soil_Moisture": 31.586793480631435,
            "Soil_Temperature": 0.5853902723173079,
            "Wind_Dir_Sin": 0.5973011849709513,
            "Wind_Dir_Cos": 0.5503071229287192
        },
        "MAE": {
            "Temperature": 1.1193405768128681,
            "Precipitation_accumulated": 5.284412978162218,
            "Humidity": 2.5299675261390377,
            "Wind_Speed_kmh": 0.5508825204448015,
            "Soil_Moisture": 18.532956924802612,
            "Soil_Temperature": 0.4055375517403973,
            "Wind_Dir_Sin": 0.48963428160359257,
            "Wind_Dir_Cos": 0.4413215607691189
        },
        "R2": {
            "Temperature": 0.9280316215319648,
            "Precipitation_accumulated": -8.698693788772847,
            "Humidity": 0.9228356432805058,
            "Wind_Speed_kmh": 0.605158882681795,
            "Soil_Moisture": 0.982840848549802,
            "Soil_Temperature": 0.9788182983658169,
            "Wind_Dir_Sin": 0.350926921884003,
            "Wind_Dir_Cos": 0.1774758990329316
        },
        "SMAPE": {
            "Temperature": 22.178556426119858,
            "Precipitation_accumulated": 1.1438715215685418,
            "Humidity": 3.0320494926013257,
            "Wind_Speed_kmh": 56.87768504042859,
            "Soil_Moisture": 0.2169603969134862,
            "Soil_Temperature": 7.3633426259812875,
            "Wind_Dir_Sin": 97.49510260504888,
            "Wind_Dir_Cos": 108.0000528624385
        }
    }
}