{
    "trial_number": 61,
    "overall_mae_val": 0.07722988693643401,
    "xgb_params": {
        "n_estimators": 350,
        "max_depth": 4,
        "learning_rate": 0.01856849203581611,
        "min_child_weight": 5,
        "subsample": 0.6,
        "colsample_bytree": 0.8,
        "gamma": 0.0,
        "reg_alpha": 2.9087797872068163e-05,
        "reg_lambda": 0.46279897081164945,
        "n_jobs": -1
    },
    "metrics": {
        "MSE": {
            "Temperature": 1.8763638737940382,
            "Precipitation_accumulated": 21.37009536917815,
            "Humidity": 10.004208321767091,
            "Wind_Speed_kmh": 0.5391507348145471,
            "Soil_Moisture": 1256.9681512679495,
            "Soil_Temperature": 0.5761220450393784,
            "Wind_Dir_Sin": 0.35855481006819734,
            "Wind_Dir_Cos": 0.301479946387588
        },
        "RMSE": {
            "Temperature": 1.369804319526712,
            "Precipitation_accumulated": 4.622780047674575,
            "Humidity": 3.1629429842738377,
            "Wind_Speed_kmh": 0.734268843690475,
            "Soil_Moisture": 35.45374664641171,
            "Soil_Temperature": 0.7590270384112666,
            "Wind_Dir_Sin": 0.5987944639592098,
            "Wind_Dir_Cos": 0.5490718954632335
        },
        "MAE": {
            "Temperature": 1.0264758009754664,
            "Precipitation_accumulated": 3.980649823730125,
            "Humidity": 2.2594559066618563,
            "Wind_Speed_kmh": 0.5506418609311489,
            "Soil_Moisture": 22.22257006096117,
            "Soil_Temperature": 0.5360991155462638,
            "Wind_Dir_Sin": 0.4915220338015954,
            "Wind_Dir_Cos": 0.4426042967501654
        },
        "R2": {
            "Temperature": 0.9385763961988192,
            "Precipitation_accumulated": -5.160990949945724,
            "Humidity": 0.9317610665366203,
            "Wind_Speed_kmh": 0.600744683367954,
            "Soil_Moisture": 0.978514327841721,
            "Soil_Temperature": 0.9644176287368273,
            "Wind_Dir_Sin": 0.34714747464167606,
            "Wind_Dir_Cos": 0.18290580941042411
        },
        "SMAPE": {
            "Temperature": 20.52868910919473,
            "Precipitation_accumulated": 0.860495424382165,
            "Humidity": 2.729121046566968,
            "Wind_Speed_kmh": 56.92887591651629,
            "Soil_Moisture": 0.26005316751855095,
            "Soil_Temperature": 9.055409408144529,
            "Wind_Dir_Sin": 97.98302963174517,
            "Wind_Dir_Cos": 108.57734897398655
        }
    }
}