{
    "trial_number": 13,
    "overall_mae_val": 0.08305961975453768,
    "xgb_params": {
        "n_estimators": 350,
        "max_depth": 4,
        "learning_rate": 0.018101213987063536,
        "min_child_weight": 2,
        "subsample": 0.7,
        "colsample_bytree": 0.9,
        "gamma": 0.3,
        "reg_alpha": 9.976576274808521e-05,
        "reg_lambda": 0.03823977463945285,
        "n_jobs": -1
    },
    "metrics": {
        "MSE": {
            "Temperature": 4.502125941611546,
            "Precipitation_accumulated": 78.69310302803868,
            "Humidity": 15.491853911365084,
            "Wind_Speed_kmh": 0.538908456412054,
            "Soil_Moisture": 1206.7136112250425,
            "Soil_Temperature": 0.892565841565949,
            "Wind_Dir_Sin": 0.3649109796702413,
            "Wind_Dir_Cos": 0.303392740644022
        },
        "RMSE": {
            "Temperature": 2.1218213736343468,
            "Precipitation_accumulated": 8.870913314199315,
            "Humidity": 3.935969246750422,
            "Wind_Speed_kmh": 0.7341038457957116,
            "Soil_Moisture": 34.73778362568692,
            "Soil_Temperature": 0.944757027793892,
            "Wind_Dir_Sin": 0.6040786204379702,
            "Wind_Dir_Cos": 0.5508109844983322
        },
        "MAE": {
            "Temperature": 1.6220040865702987,
            "Precipitation_accumulated": 8.669964960687665,
            "Humidity": 3.3216453124075827,
            "Wind_Speed_kmh": 0.550465406845066,
            "Soil_Moisture": 23.88083564346119,
            "Soil_Temperature": 0.7252025201962488,
            "Wind_Dir_Sin": 0.5001743795481323,
            "Wind_Dir_Cos": 0.4422655349026357
        },
        "R2": {
            "Temperature": 0.8525473056737067,
            "Precipitation_accumulated": -21.75523073711743,
            "Humidity": 0.8943150822170822,
            "Wind_Speed_kmh": 0.6010894414621941,
            "Soil_Moisture": 0.9792466152790544,
            "Soil_Temperature": 0.9448290952449839,
            "Wind_Dir_Sin": 0.3361135965218769,
            "Wind_Dir_Cos": 0.1759690022574133
        },
        "SMAPE": {
            "Temperature": 30.029019589642886,
            "Precipitation_accumulated": 1.8834451124521494,
            "Humidity": 3.872697879892446,
            "Wind_Speed_kmh": 57.082394628336345,
            "Soil_Moisture": 0.27885810652050685,
            "Soil_Temperature": 16.15188304217715,
            "Wind_Dir_Sin": 101.00494003675058,
            "Wind_Dir_Cos": 108.33144736150842
        }
    }
}