{
    "trial_number": 3,
    "forecast_horizon": 1,
    "overall_smape_val": 44.98024695762828,
    "output_chunk_length": 11,
    "xgb_params": {
        "n_estimators": 400,
        "max_depth": 4,
        "learning_rate": 0.16852118306514005,
        "min_child_weight": 1,
        "subsample": 1.0,
        "colsample_bytree": 0.6,
        "gamma": 0.3,
        "reg_alpha": 0.2215280297896743,
        "reg_lambda": 5.880442383499101e-05,
        "random_state": 42,
        "n_jobs": -1
    },
    "metrics": {
        "MSE": {
            "Temperature": 0.8125656722575233,
            "Precipitation_accumulated": 10.154298872661721,
            "Humidity": 2.912197020658882,
            "Wind_Speed_kmh": 0.06959208372725413,
            "Soil_Moisture": 13411.703764734286,
            "Soil_Temperature": 0.8057488219195169,
            "Wind_Dir_Sin": 0.03728215415008879,
            "Wind_Dir_Cos": 0.028263474767625692
        },
        "RMSE": {
            "Temperature": 0.9014242465440584,
            "Precipitation_accumulated": 3.186581063249721,
            "Humidity": 1.7065160475831693,
            "Wind_Speed_kmh": 0.2638031154616149,
            "Soil_Moisture": 115.80891055844661,
            "Soil_Temperature": 0.8976351273872457,
            "Wind_Dir_Sin": 0.19308587247670086,
            "Wind_Dir_Cos": 0.1681174433770205
        },
        "MAE": {
            "Temperature": 0.6269137765958279,
            "Precipitation_accumulated": 3.033999884535667,
            "Humidity": 1.0118484398334917,
            "Wind_Speed_kmh": 0.10564174260616231,
            "Soil_Moisture": 58.251741102578855,
            "Soil_Temperature": 0.5384920582425814,
            "Wind_Dir_Sin": 0.08261005310376826,
            "Wind_Dir_Cos": 0.06444354274231415
        },
        "R2": {
            "Temperature": 0.7613153295352632,
            "Precipitation_accumulated": -9.698380264394292,
            "Humidity": 0.9552167058313766,
            "Wind_Speed_kmh": 0.7955026901010533,
            "Soil_Moisture": 0.9818753453036281,
            "Soil_Temperature": 0.8564292645678381,
            "Wind_Dir_Sin": 0.7678845137070908,
            "Wind_Dir_Cos": 0.9015528828985628
        },
        "SMAPE": {
            "Temperature": 11.37473687256656,
            "Precipitation_accumulated": 0.6622471653160635,
            "Humidity": 1.1856601515051188,
            "Wind_Speed_kmh": 166.29293372838103,
            "Soil_Moisture": 0.9832715775537273,
            "Soil_Temperature": 16.303371785966874,
            "Wind_Dir_Sin": 142.17836703770496,
            "Wind_Dir_Cos": 20.861387342032018
        }
    }
}