{
    "trial_number": 71,
    "overall_mae_val": 0.07707140659945319,
    "xgb_params": {
        "n_estimators": 300,
        "max_depth": 4,
        "learning_rate": 0.02679358972956407,
        "min_child_weight": 5,
        "subsample": 0.6,
        "colsample_bytree": 0.8,
        "gamma": 0.0,
        "reg_alpha": 1.2345495481392424e-05,
        "reg_lambda": 0.23834807352211435,
        "n_jobs": -1
    },
    "metrics": {
        "MSE": {
            "Temperature": 1.795643763889382,
            "Precipitation_accumulated": 20.36981707976089,
            "Humidity": 9.945312137273378,
            "Wind_Speed_kmh": 0.5564692460936685,
            "Soil_Moisture": 1497.7745027581277,
            "Soil_Temperature": 0.5544845988226049,
            "Wind_Dir_Sin": 0.3574543665883052,
            "Wind_Dir_Cos": 0.3020122088549976
        },
        "RMSE": {
            "Temperature": 1.3400163297099712,
            "Precipitation_accumulated": 4.51329337399652,
            "Humidity": 3.1536188953761326,
            "Wind_Speed_kmh": 0.7459686629434701,
            "Soil_Moisture": 38.70109175150137,
            "Soil_Temperature": 0.7446372263207132,
            "Wind_Dir_Sin": 0.5978748753613127,
            "Wind_Dir_Cos": 0.5495563745922684
        },
        "MAE": {
            "Temperature": 1.0039778900977745,
            "Precipitation_accumulated": 3.86559944517087,
            "Humidity": 2.231757887277488,
            "Wind_Speed_kmh": 0.5579149206863492,
            "Soil_Moisture": 26.368086931745985,
            "Soil_Temperature": 0.5363388267984335,
            "Wind_Dir_Sin": 0.4895306717645537,
            "Wind_Dir_Cos": 0.4406226013617377
        },
        "R2": {
            "Temperature": 0.9412188048056029,
            "Precipitation_accumulated": -4.8726110722679055,
            "Humidity": 0.9321627987562671,
            "Wind_Speed_kmh": 0.5879198697159431,
            "Soil_Moisture": 0.9743981644237933,
            "Soil_Temperature": 0.9657539977424945,
            "Wind_Dir_Sin": 0.3491511496299575,
            "Wind_Dir_Cos": 0.18146323064125414
        },
        "SMAPE": {
            "Temperature": 20.419945331529505,
            "Precipitation_accumulated": 0.8353501210471123,
            "Humidity": 2.7008110981406297,
            "Wind_Speed_kmh": 57.34926495727741,
            "Soil_Moisture": 0.3076329131076169,
            "Soil_Temperature": 9.065251791819264,
            "Wind_Dir_Sin": 97.40541683157468,
            "Wind_Dir_Cos": 107.25535912585087
        }
    }
}