{
    "trial_number": 40,
    "overall_mae_val": 0.07871823268985859,
    "xgb_params": {
        "n_estimators": 300,
        "max_depth": 3,
        "learning_rate": 0.0205008522677407,
        "min_child_weight": 6,
        "subsample": 0.8,
        "colsample_bytree": 0.9,
        "gamma": 0.1,
        "reg_alpha": 4.9106428106540825e-05,
        "reg_lambda": 0.004371913020470209,
        "n_jobs": -1
    },
    "metrics": {
        "MSE": {
            "Temperature": 2.7788954270442,
            "Precipitation_accumulated": 61.15266383757049,
            "Humidity": 10.785005367002038,
            "Wind_Speed_kmh": 0.5403353963516372,
            "Soil_Moisture": 1187.5984111934883,
            "Soil_Temperature": 0.5758479802688338,
            "Wind_Dir_Sin": 0.3520903989730065,
            "Wind_Dir_Cos": 0.3059614173115235
        },
        "RMSE": {
            "Temperature": 1.6670019277265997,
            "Precipitation_accumulated": 7.820016869391683,
            "Humidity": 3.284053191865509,
            "Wind_Speed_kmh": 0.7350750957226324,
            "Soil_Moisture": 34.46154975031576,
            "Soil_Temperature": 0.7588464800398258,
            "Wind_Dir_Sin": 0.5933720577959553,
            "Wind_Dir_Cos": 0.5531377923370663
        },
        "MAE": {
            "Temperature": 1.2971270683119485,
            "Precipitation_accumulated": 7.499787865942622,
            "Humidity": 2.6337107615852515,
            "Wind_Speed_kmh": 0.5498050004204684,
            "Soil_Moisture": 21.648704400269505,
            "Soil_Temperature": 0.5328410029778513,
            "Wind_Dir_Sin": 0.4720258574955693,
            "Wind_Dir_Cos": 0.44822999479742043
        },
        "R2": {
            "Temperature": 0.9090349345016796,
            "Precipitation_accumulated": -16.475369750846582,
            "Humidity": 0.9264641686079067,
            "Wind_Speed_kmh": 0.6014439511411027,
            "Soil_Moisture": 0.9800822386007672,
            "Soil_Temperature": 0.9644614807490808,
            "Wind_Dir_Sin": 0.35827910411864117,
            "Wind_Dir_Cos": 0.1735705381747783
        },
        "SMAPE": {
            "Temperature": 26.396943981309605,
            "Precipitation_accumulated": 1.6273868042596715,
            "Humidity": 3.0645107296215524,
            "Wind_Speed_kmh": 57.21337841515775,
            "Soil_Moisture": 0.25542716235699203,
            "Soil_Temperature": 10.034256805839103,
            "Wind_Dir_Sin": 92.73293480816241,
            "Wind_Dir_Cos": 110.64758362595607
        }
    }
}