{
    "trial_number": 72,
    "overall_mae_val": 0.07733891696546485,
    "xgb_params": {
        "n_estimators": 300,
        "max_depth": 4,
        "learning_rate": 0.019612143277211905,
        "min_child_weight": 5,
        "subsample": 0.6,
        "colsample_bytree": 0.8,
        "gamma": 0.0,
        "reg_alpha": 1.0860481619744346e-05,
        "reg_lambda": 0.3946168400031053,
        "n_jobs": -1
    },
    "metrics": {
        "MSE": {
            "Temperature": 1.7418224779096023,
            "Precipitation_accumulated": 23.661840161203802,
            "Humidity": 9.25358098678163,
            "Wind_Speed_kmh": 0.5452751640041646,
            "Soil_Moisture": 1506.1069658895933,
            "Soil_Temperature": 0.7732318237893087,
            "Wind_Dir_Sin": 0.3554359109911461,
            "Wind_Dir_Cos": 0.3007757701108692
        },
        "RMSE": {
            "Temperature": 1.3197812235024418,
            "Precipitation_accumulated": 4.864343754424002,
            "Humidity": 3.041969918783161,
            "Wind_Speed_kmh": 0.7384274940738357,
            "Soil_Moisture": 38.808593969501054,
            "Soil_Temperature": 0.8793360130173838,
            "Wind_Dir_Sin": 0.5961844605414889,
            "Wind_Dir_Cos": 0.5484302782586582
        },
        "MAE": {
            "Temperature": 0.9828637473843407,
            "Precipitation_accumulated": 4.273800038227365,
            "Humidity": 2.1815705117818234,
            "Wind_Speed_kmh": 0.5556589273139579,
            "Soil_Moisture": 26.687800706880278,
            "Soil_Temperature": 0.6321744897200525,
            "Wind_Dir_Sin": 0.4866083625009297,
            "Wind_Dir_Cos": 0.4449417272727657
        },
        "R2": {
            "Temperature": 0.9429938289044073,
            "Precipitation_accumulated": -5.811561849237319,
            "Humidity": 0.936885394478712,
            "Wind_Speed_kmh": 0.5966953132100121,
            "Soil_Moisture": 0.9743350374605808,
            "Soil_Temperature": 0.9522576435090587,
            "Wind_Dir_Sin": 0.35262858224794935,
            "Wind_Dir_Cos": 0.18545780489841945
        },
        "SMAPE": {
            "Temperature": 20.26249447496854,
            "Precipitation_accumulated": 0.9241679982606672,
            "Humidity": 2.6145445980765634,
            "Wind_Speed_kmh": 57.29794001049546,
            "Soil_Moisture": 0.3117468404672151,
            "Soil_Temperature": 10.539783653318816,
            "Wind_Dir_Sin": 97.03097527716065,
            "Wind_Dir_Cos": 110.23163714989059
        }
    }
}