{
    "trial_number": 36,
    "overall_mae_val": 0.12283609381916655,
    "output_chunk_length": 4,
    "xgb_params": {
        "n_estimators": 550,
        "max_depth": 4,
        "learning_rate": 0.12755940109037878,
        "min_child_weight": 5,
        "subsample": 0.7,
        "colsample_bytree": 1.0,
        "gamma": 0.2,
        "reg_alpha": 0.10603651523379937,
        "reg_lambda": 2.0500572035222633e-05,
        "n_jobs": -1
    },
    "metrics": {
        "MSE": {
            "Temperature": 15.932381268675972,
            "Precipitation_accumulated": 72.12098177692384,
            "Humidity": 76.07982386140803,
            "Wind_Speed_kmh": 1.55462779152952,
            "Soil_Moisture": 10583.76601080009,
            "Soil_Temperature": 7.37730922591107,
            "Wind_Dir_Sin": 0.5872389158755366,
            "Wind_Dir_Cos": 0.40419186105465266
        },
        "RMSE": {
            "Temperature": 3.9915387094046793,
            "Precipitation_accumulated": 8.492407301638554,
            "Humidity": 8.722374898008457,
            "Wind_Speed_kmh": 1.246847140402351,
            "Soil_Moisture": 102.87743198000274,
            "Soil_Temperature": 2.7161202524761436,
            "Wind_Dir_Sin": 0.7663151544081173,
            "Wind_Dir_Cos": 0.6357608520934996
        },
        "MAE": {
            "Temperature": 3.1807672525299076,
            "Precipitation_accumulated": 8.10976404145527,
            "Humidity": 6.926306218401111,
            "Wind_Speed_kmh": 0.966431852757696,
            "Soil_Moisture": 74.98420550497876,
            "Soil_Temperature": 1.9690338777894787,
            "Wind_Dir_Sin": 0.6895346394624806,
            "Wind_Dir_Cos": 0.5420860539286319
        },
        "R2": {
            "Temperature": 0.4775247207379536,
            "Precipitation_accumulated": -19.48918925372241,
            "Humidity": 0.4805807541785905,
            "Wind_Speed_kmh": -0.14901989657587333,
            "Soil_Moisture": 0.8248622785482802,
            "Soil_Temperature": 0.5444637164405445,
            "Wind_Dir_Sin": -0.06988841821298508,
            "Wind_Dir_Cos": -0.09144800063482017
        },
        "SMAPE": {
            "Temperature": 45.48540145656194,
            "Precipitation_accumulated": 1.7613368029995977,
            "Humidity": 8.227672976843772,
            "Wind_Speed_kmh": 84.33562511591228,
            "Soil_Moisture": 0.8795922277162317,
            "Soil_Temperature": 30.436164008137546,
            "Wind_Dir_Sin": 154.00147036474826,
            "Wind_Dir_Cos": 140.86962504956944
        }
    }
}