{
    "trial_number": 4,
    "overall_mae_val": 0.13919553628920106,
    "output_chunk_length": 18,
    "xgb_params": {
        "n_estimators": 200,
        "max_depth": 8,
        "learning_rate": 0.1672022210827883,
        "min_child_weight": 6,
        "subsample": 1.0,
        "colsample_bytree": 0.7,
        "gamma": 0.1,
        "reg_alpha": 0.010685568327701003,
        "reg_lambda": 0.006082928600449554,
        "n_jobs": -1
    },
    "metrics": {
        "MSE": {
            "Temperature": 10.843168300329099,
            "Precipitation_accumulated": 54.63256389172846,
            "Humidity": 103.36695533927943,
            "Wind_Speed_kmh": 1.4185639569063209,
            "Soil_Moisture": 248111.1241635883,
            "Soil_Temperature": 7.95618647779605,
            "Wind_Dir_Sin": 0.6649968549265105,
            "Wind_Dir_Cos": 0.4965828185960751
        },
        "RMSE": {
            "Temperature": 3.292896642825143,
            "Precipitation_accumulated": 7.391384436743123,
            "Humidity": 10.16695408366141,
            "Wind_Speed_kmh": 1.1910348260677859,
            "Soil_Moisture": 498.10754276921796,
            "Soil_Temperature": 2.820671281414417,
            "Wind_Dir_Sin": 0.8154733931444426,
            "Wind_Dir_Cos": 0.7046863263864818
        },
        "MAE": {
            "Temperature": 2.6746437255039424,
            "Precipitation_accumulated": 7.133271825074237,
            "Humidity": 8.159821594792476,
            "Wind_Speed_kmh": 0.9346075840805792,
            "Soil_Moisture": 411.2226166278315,
            "Soil_Temperature": 2.33371926052728,
            "Wind_Dir_Sin": 0.73735032513092,
            "Wind_Dir_Cos": 0.6023029796634611
        },
        "R2": {
            "Temperature": 0.6449698250127855,
            "Precipitation_accumulated": -15.091503323720996,
            "Humidity": 0.29575593287401647,
            "Wind_Speed_kmh": -0.05236233767863241,
            "Soil_Moisture": -3.4677751481568055,
            "Soil_Temperature": 0.5063644396635035,
            "Wind_Dir_Sin": -0.20748241285377778,
            "Wind_Dir_Cos": -0.3541460533286973
        },
        "SMAPE": {
            "Temperature": 40.20707952666132,
            "Precipitation_accumulated": 1.5468759343068401,
            "Humidity": 9.618836594578163,
            "Wind_Speed_kmh": 78.6989069692064,
            "Soil_Moisture": 4.9129647082521855,
            "Soil_Temperature": 40.22072236488114,
            "Wind_Dir_Sin": 162.5888850631969,
            "Wind_Dir_Cos": 153.36335422133655
        }
    }
}