{
    "trial_number": 43,
    "overall_mae_val": 0.0773696308080461,
    "xgb_params": {
        "n_estimators": 300,
        "max_depth": 4,
        "learning_rate": 0.0240854877313803,
        "min_child_weight": 6,
        "subsample": 0.6,
        "colsample_bytree": 0.8,
        "gamma": 0.0,
        "reg_alpha": 1.009983195576529e-05,
        "reg_lambda": 0.31179167186088513,
        "n_jobs": -1
    },
    "metrics": {
        "MSE": {
            "Temperature": 1.5184717963723358,
            "Precipitation_accumulated": 18.984488587551272,
            "Humidity": 8.961702476500244,
            "Wind_Speed_kmh": 0.5523145406726702,
            "Soil_Moisture": 1407.868369357081,
            "Soil_Temperature": 0.8429708534059056,
            "Wind_Dir_Sin": 0.36136826104652475,
            "Wind_Dir_Cos": 0.2999966043434423
        },
        "RMSE": {
            "Temperature": 1.23226287632645,
            "Precipitation_accumulated": 4.357119299210348,
            "Humidity": 2.993610274651703,
            "Wind_Speed_kmh": 0.7431786734511898,
            "Soil_Moisture": 37.521572053381256,
            "Soil_Temperature": 0.918134441901569,
            "Wind_Dir_Sin": 0.601139136179408,
            "Wind_Dir_Cos": 0.5477194577002376
        },
        "MAE": {
            "Temperature": 0.9195761043780152,
            "Precipitation_accumulated": 3.7378157057965127,
            "Humidity": 2.105646326397583,
            "Wind_Speed_kmh": 0.557826161028279,
            "Soil_Moisture": 24.623198486332633,
            "Soil_Temperature": 0.6377758424575684,
            "Wind_Dir_Sin": 0.49311644265261445,
            "Wind_Dir_Cos": 0.44647522729525735
        },
        "R2": {
            "Temperature": 0.9503142910382283,
            "Precipitation_accumulated": -4.448961994432736,
            "Humidity": 0.9388842950297339,
            "Wind_Speed_kmh": 0.5931835758595583,
            "Soil_Moisture": 0.9761550055620792,
            "Soil_Temperature": 0.9479708389224095,
            "Wind_Dir_Sin": 0.34123748419819455,
            "Wind_Dir_Cos": 0.1894513807477889
        },
        "SMAPE": {
            "Temperature": 19.76381098441198,
            "Precipitation_accumulated": 0.8077235117119806,
            "Humidity": 2.524235046609624,
            "Wind_Speed_kmh": 57.836008436326374,
            "Soil_Moisture": 0.2883622654053996,
            "Soil_Temperature": 10.132164602997246,
            "Wind_Dir_Sin": 99.120692710556,
            "Wind_Dir_Cos": 110.6992175745342
        }
    }
}