{
    "trial_number": 52,
    "overall_mae_val": 0.0807842246988003,
    "output_chunk_length": 1,
    "xgb_params": {
        "n_estimators": 600,
        "max_depth": 4,
        "learning_rate": 0.021699720695119856,
        "min_child_weight": 8,
        "subsample": 0.6,
        "colsample_bytree": 0.8,
        "gamma": 0.15000000000000002,
        "reg_alpha": 0.0010619891552231234,
        "reg_lambda": 0.0034885133752344585,
        "n_jobs": -1
    },
    "metrics": {
        "MSE": {
            "Temperature": 3.315909061136196,
            "Precipitation_accumulated": 68.01127599264838,
            "Humidity": 12.62864686104055,
            "Wind_Speed_kmh": 0.5437572407021394,
            "Soil_Moisture": 1218.2018301379758,
            "Soil_Temperature": 0.6836597722331921,
            "Wind_Dir_Sin": 0.3580717071376655,
            "Wind_Dir_Cos": 0.3035561962942072
        },
        "RMSE": {
            "Temperature": 1.820963772604001,
            "Precipitation_accumulated": 8.246894930375213,
            "Humidity": 3.553680748328492,
            "Wind_Speed_kmh": 0.7373989698271481,
            "Soil_Moisture": 34.90274817457754,
            "Soil_Temperature": 0.8268372102374155,
            "Wind_Dir_Sin": 0.5983909316973859,
            "Wind_Dir_Cos": 0.5509593417795974
        },
        "MAE": {
            "Temperature": 1.4074227268463502,
            "Precipitation_accumulated": 7.866650525724196,
            "Humidity": 2.9148617219608974,
            "Wind_Speed_kmh": 0.5509330969928115,
            "Soil_Moisture": 23.836555689489472,
            "Soil_Temperature": 0.5998395854025321,
            "Wind_Dir_Sin": 0.4892430494412458,
            "Wind_Dir_Cos": 0.44608169777298884
        },
        "R2": {
            "Temperature": 0.8914941898945851,
            "Precipitation_accumulated": -18.492088602681648,
            "Humidity": 0.9138826128401919,
            "Wind_Speed_kmh": 0.5992875314013728,
            "Soil_Moisture": 0.9794335828769997,
            "Soil_Temperature": 0.9578068072817354,
            "Wind_Dir_Sin": 0.34691210166743214,
            "Wind_Dir_Cos": 0.17992497470718594
        },
        "SMAPE": {
            "Temperature": 27.889973892315087,
            "Precipitation_accumulated": 1.707968823824953,
            "Humidity": 3.3895886605399457,
            "Wind_Speed_kmh": 57.21550595734523,
            "Soil_Moisture": 0.27834604229635596,
            "Soil_Temperature": 11.908174454755097,
            "Wind_Dir_Sin": 98.22450550691428,
            "Wind_Dir_Cos": 110.14873488879063
        }
    }
}