{
    "trial_number": 9,
    "forecast_horizon": 2,
    "overall_smape_val": 46.73665528786706,
    "output_chunk_length": 19,
    "xgb_params": {
        "n_estimators": 350,
        "max_depth": 3,
        "learning_rate": 0.01709209550056297,
        "min_child_weight": 10,
        "subsample": 0.8,
        "colsample_bytree": 0.7,
        "gamma": 0.1,
        "reg_alpha": 0.23954050732284815,
        "reg_lambda": 0.06058553863288854,
        "random_state": 42,
        "n_jobs": -1
    },
    "metrics": {
        "MSE": {
            "Temperature": 1.1167364271610034,
            "Precipitation_accumulated": 7.534655836361832,
            "Humidity": 3.783202913240317,
            "Wind_Speed_kmh": 0.09631395224886086,
            "Soil_Moisture": 20217.89984817625,
            "Soil_Temperature": 0.4098444841392392,
            "Wind_Dir_Sin": 0.052758413696248764,
            "Wind_Dir_Cos": 0.038736345782743244
        },
        "RMSE": {
            "Temperature": 1.0567575063187407,
            "Precipitation_accumulated": 2.744932756255029,
            "Humidity": 1.9450457355137738,
            "Wind_Speed_kmh": 0.3103448924162614,
            "Soil_Moisture": 142.1896615375965,
            "Soil_Temperature": 0.6401909747405372,
            "Wind_Dir_Sin": 0.22969199745800628,
            "Wind_Dir_Cos": 0.1968155120480681
        },
        "MAE": {
            "Temperature": 0.7654247191561904,
            "Precipitation_accumulated": 2.529328171072321,
            "Humidity": 1.0839135234256512,
            "Wind_Speed_kmh": 0.12560517183378306,
            "Soil_Moisture": 63.43159711467941,
            "Soil_Temperature": 0.3943744095681495,
            "Wind_Dir_Sin": 0.10095137731191312,
            "Wind_Dir_Cos": 0.09959767825883921
        },
        "R2": {
            "Temperature": 0.6719676018649041,
            "Precipitation_accumulated": -6.938373127440451,
            "Humidity": 0.9418225182701059,
            "Wind_Speed_kmh": 0.7169801062744413,
            "Soil_Moisture": 0.9726774122168149,
            "Soil_Temperature": 0.9269726837943015,
            "Wind_Dir_Sin": 0.6715306523907472,
            "Wind_Dir_Cos": 0.8650738594348764
        },
        "SMAPE": {
            "Temperature": 13.537108485096317,
            "Precipitation_accumulated": 0.551776506860635,
            "Humidity": 1.2750475589856076,
            "Wind_Speed_kmh": 168.7095217023112,
            "Soil_Moisture": 1.0533534029691811,
            "Soil_Temperature": 13.950249194381342,
            "Wind_Dir_Sin": 149.04642420634053,
            "Wind_Dir_Cos": 25.769761245991987
        }
    }
}