{
    "trial_number": 28,
    "overall_mae_val": 0.11181902631836471,
    "output_chunk_length": 3,
    "xgb_params": {
        "n_estimators": 550,
        "max_depth": 5,
        "learning_rate": 0.0517387639206956,
        "min_child_weight": 7,
        "subsample": 0.9,
        "colsample_bytree": 0.8,
        "gamma": 0.2,
        "reg_alpha": 0.040826632929848096,
        "reg_lambda": 2.5814887814410697e-05,
        "n_jobs": -1
    },
    "metrics": {
        "MSE": {
            "Temperature": 11.502718012738766,
            "Precipitation_accumulated": 63.70771919364827,
            "Humidity": 52.85896697858365,
            "Wind_Speed_kmh": 1.2144508134840728,
            "Soil_Moisture": 4394.01320448969,
            "Soil_Temperature": 4.925994991998086,
            "Wind_Dir_Sin": 0.5217323199971506,
            "Wind_Dir_Cos": 0.37863875060379154
        },
        "RMSE": {
            "Temperature": 3.391565717001333,
            "Precipitation_accumulated": 7.981711545379742,
            "Humidity": 7.270417249276939,
            "Wind_Speed_kmh": 1.1020212400330915,
            "Soil_Moisture": 66.28735327715,
            "Soil_Temperature": 2.2194582654328254,
            "Wind_Dir_Sin": 0.7223104041872515,
            "Wind_Dir_Cos": 0.6153362906604741
        },
        "MAE": {
            "Temperature": 2.60790030061251,
            "Precipitation_accumulated": 7.748635427434199,
            "Humidity": 5.815332528392673,
            "Wind_Speed_kmh": 0.8520497010692092,
            "Soil_Moisture": 46.96873653079085,
            "Soil_Temperature": 1.6821336168519252,
            "Wind_Dir_Sin": 0.6447966214021822,
            "Wind_Dir_Cos": 0.5226173124096872
        },
        "R2": {
            "Temperature": 0.6227879747144855,
            "Precipitation_accumulated": -17.09902587736707,
            "Humidity": 0.6391163468920448,
            "Wind_Speed_kmh": 0.10240370350444894,
            "Soil_Moisture": 0.9272888818708003,
            "Soil_Temperature": 0.6958281965996653,
            "Wind_Dir_Sin": 0.049457807577163004,
            "Wind_Dir_Cos": -0.02244638531574772
        },
        "SMAPE": {
            "Temperature": 40.08655922673852,
            "Precipitation_accumulated": 1.6816201843240997,
            "Humidity": 6.871605597127138,
            "Wind_Speed_kmh": 75.55087156409873,
            "Soil_Moisture": 0.5504494997322115,
            "Soil_Temperature": 25.831370327987695,
            "Wind_Dir_Sin": 141.76226484763677,
            "Wind_Dir_Cos": 137.56603502912998
        }
    }
}