{
    "trial_number": 42,
    "overall_smape_val": 31.57771491708123,
    "xgb_params": {
        "n_estimators": 400,
        "max_depth": 7,
        "learning_rate": 0.06513164953833239,
        "min_child_weight": 3,
        "subsample": 0.6,
        "colsample_bytree": 0.6,
        "gamma": 0.0,
        "reg_alpha": 3.8448050140444465e-05,
        "reg_lambda": 0.002243212018149892,
        "random_state": 42,
        "n_jobs": -1
    },
    "metrics": {
        "MSE": {
            "Temperature": 0.018403543587682272,
            "Precipitation_accumulated": 0.008933102362545431,
            "Humidity": 0.19106937869498705,
            "Wind_Speed_kmh": 0.0004820082212631915,
            "Soil_Moisture": 81.87243485920669,
            "Soil_Temperature": 0.00718106218906069,
            "Wind_Dir_Sin": 0.00043039143969883227,
            "Wind_Dir_Cos": 0.00030316221350782497
        },
        "RMSE": {
            "Temperature": 0.13565966087117523,
            "Precipitation_accumulated": 0.09451509066040953,
            "Humidity": 0.43711483467732715,
            "Wind_Speed_kmh": 0.021954685633440336,
            "Soil_Moisture": 9.048338790032494,
            "Soil_Temperature": 0.08474114814575437,
            "Wind_Dir_Sin": 0.02074587765554478,
            "Wind_Dir_Cos": 0.01741155402334395
        },
        "MAE": {
            "Temperature": 0.07848618380142855,
            "Precipitation_accumulated": 0.043297770527900986,
            "Humidity": 0.23515503239104746,
            "Wind_Speed_kmh": 0.008856128126128628,
            "Soil_Moisture": 4.4256019020384825,
            "Soil_Temperature": 0.04873573292894209,
            "Wind_Dir_Sin": 0.009655542071117023,
            "Wind_Dir_Cos": 0.006853548838590302
        },
        "R2": {
            "Temperature": 0.9945941061915581,
            "Precipitation_accumulated": 0.9905882496454215,
            "Humidity": 0.9970617660371146,
            "Wind_Speed_kmh": 0.9985836121104835,
            "Soil_Moisture": 0.9998893571139801,
            "Soil_Temperature": 0.9987204568574963,
            "Wind_Dir_Sin": 0.997320419900636,
            "Wind_Dir_Cos": 0.9989440277184841
        },
        "SMAPE": {
            "Temperature": 1.2778888423180692,
            "Precipitation_accumulated": 0.009410901150871271,
            "Humidity": 0.2818976859088043,
            "Wind_Speed_kmh": 124.39898758703102,
            "Soil_Moisture": 0.07355423277217038,
            "Soil_Temperature": 2.8119543141766843,
            "Wind_Dir_Sin": 118.84736301010796,
            "Wind_Dir_Cos": 4.920662763184461
        }
    }
}