{
    "trial_number": 1,
    "overall_smape_val": 30.176698820695297,
    "xgb_params": {
        "n_estimators": 200,
        "max_depth": 8,
        "learning_rate": 0.12842917448696115,
        "min_child_weight": 7,
        "subsample": 1.0,
        "colsample_bytree": 0.6,
        "gamma": 0.0,
        "reg_alpha": 9.515826808986534e-05,
        "reg_lambda": 0.051760925625506986,
        "random_state": 42,
        "n_jobs": -1
    },
    "metrics": {
        "MSE": {
            "Temperature": 0.015269958607654217,
            "Precipitation_accumulated": 0.006067018891229419,
            "Humidity": 0.16321897621850398,
            "Wind_Speed_kmh": 0.00031956824044758247,
            "Soil_Moisture": 125.5373133795607,
            "Soil_Temperature": 0.004634145492586733,
            "Wind_Dir_Sin": 0.00028469455027296185,
            "Wind_Dir_Cos": 0.00018503436403619823
        },
        "RMSE": {
            "Temperature": 0.12357167396962063,
            "Precipitation_accumulated": 0.07789107067712844,
            "Humidity": 0.404003683421951,
            "Wind_Speed_kmh": 0.017876471700186882,
            "Soil_Moisture": 11.204343505068055,
            "Soil_Temperature": 0.06807455833559799,
            "Wind_Dir_Sin": 0.016872893950741284,
            "Wind_Dir_Cos": 0.013602733697172721
        },
        "MAE": {
            "Temperature": 0.05967224903247928,
            "Precipitation_accumulated": 0.04053150893892334,
            "Humidity": 0.18504174142743204,
            "Wind_Speed_kmh": 0.005060356009801388,
            "Soil_Moisture": 4.1487996669586,
            "Soil_Temperature": 0.036275350952379874,
            "Wind_Dir_Sin": 0.005589858560092102,
            "Wind_Dir_Cos": 0.004419066813199191
        },
        "R2": {
            "Temperature": 0.9955145717291353,
            "Precipitation_accumulated": 0.9936079018370845,
            "Humidity": 0.997490045016171,
            "Wind_Speed_kmh": 0.9990609442626148,
            "Soil_Moisture": 0.9998303481424562,
            "Soil_Temperature": 0.9991742740934013,
            "Wind_Dir_Sin": 0.9982275162074724,
            "Wind_Dir_Cos": 0.9993554897317535
        },
        "SMAPE": {
            "Temperature": 0.9228302877200971,
            "Precipitation_accumulated": 0.008812030188045664,
            "Humidity": 0.22280340354473885,
            "Wind_Speed_kmh": 119.05338333202461,
            "Soil_Moisture": 0.06848749299542368,
            "Soil_Temperature": 1.8516886261576846,
            "Wind_Dir_Sin": 115.90769085618687,
            "Wind_Dir_Cos": 3.3778945367446824
        }
    }
}