{
    "trial_number": 41,
    "overall_smape_val": 32.2378675201683,
    "xgb_params": {
        "n_estimators": 350,
        "max_depth": 7,
        "learning_rate": 0.06261001850058476,
        "min_child_weight": 4,
        "subsample": 0.6,
        "colsample_bytree": 0.7,
        "gamma": 0.0,
        "reg_alpha": 0.00019948649609967707,
        "reg_lambda": 0.0017846973447949806,
        "random_state": 42,
        "n_jobs": -1
    },
    "metrics": {
        "MSE": {
            "Temperature": 0.03411494540346754,
            "Precipitation_accumulated": 0.011712695025263212,
            "Humidity": 0.3316630523598655,
            "Wind_Speed_kmh": 0.0009973982935003397,
            "Soil_Moisture": 249.47464195001308,
            "Soil_Temperature": 0.010430504104522648,
            "Wind_Dir_Sin": 0.0008040195246873857,
            "Wind_Dir_Cos": 0.0005724144676003235
        },
        "RMSE": {
            "Temperature": 0.18470231564186612,
            "Precipitation_accumulated": 0.10822520512922677,
            "Humidity": 0.5759019468276396,
            "Wind_Speed_kmh": 0.03158161321877557,
            "Soil_Moisture": 15.79476628348812,
            "Soil_Temperature": 0.10212983944236204,
            "Wind_Dir_Sin": 0.028355238046741657,
            "Wind_Dir_Cos": 0.023925184797621176
        },
        "MAE": {
            "Temperature": 0.09543551411040967,
            "Precipitation_accumulated": 0.05204090494102577,
            "Humidity": 0.28287290495331263,
            "Wind_Speed_kmh": 0.011853761256439669,
            "Soil_Moisture": 5.648789509729588,
            "Soil_Temperature": 0.05408578850535857,
            "Wind_Dir_Sin": 0.012552080765988936,
            "Wind_Dir_Cos": 0.009254422759979791
        },
        "R2": {
            "Temperature": 0.9899790075072621,
            "Precipitation_accumulated": 0.9876597225596238,
            "Humidity": 0.9948997392919058,
            "Wind_Speed_kmh": 0.9970691311856963,
            "Soil_Moisture": 0.9996628585137158,
            "Soil_Temperature": 0.9981414615765158,
            "Wind_Dir_Sin": 0.9949942435672977,
            "Wind_Dir_Cos": 0.9980061703458007
        },
        "SMAPE": {
            "Temperature": 1.5459262227771338,
            "Precipitation_accumulated": 0.011309018839978069,
            "Humidity": 0.34084094503521944,
            "Wind_Speed_kmh": 125.86188028050657,
            "Soil_Moisture": 0.09272640166241417,
            "Soil_Temperature": 3.1959418644065045,
            "Wind_Dir_Sin": 120.52849692576072,
            "Wind_Dir_Cos": 6.325818502357877
        }
    }
}