{
    "trial_number": 15,
    "overall_mae_val": 0.0819787765850695,
    "output_chunk_length": 1,
    "xgb_params": {
        "n_estimators": 600,
        "max_depth": 6,
        "learning_rate": 0.06778712589228832,
        "min_child_weight": 9,
        "subsample": 0.7,
        "colsample_bytree": 1.0,
        "gamma": 0.3,
        "reg_alpha": 0.12270468920552022,
        "reg_lambda": 0.05006535612328051,
        "n_jobs": -1
    },
    "metrics": {
        "MSE": {
            "Temperature": 4.265430607943871,
            "Precipitation_accumulated": 76.77265475108452,
            "Humidity": 14.086630481284933,
            "Wind_Speed_kmh": 0.5518273505384063,
            "Soil_Moisture": 1297.9789360936286,
            "Soil_Temperature": 1.0953953142283648,
            "Wind_Dir_Sin": 0.3575462722986384,
            "Wind_Dir_Cos": 0.3126427211792598
        },
        "RMSE": {
            "Temperature": 2.065291894126317,
            "Precipitation_accumulated": 8.762000613506284,
            "Humidity": 3.7532160184680197,
            "Wind_Speed_kmh": 0.7428508265717999,
            "Soil_Moisture": 36.027474739337876,
            "Soil_Temperature": 1.0466113482226174,
            "Wind_Dir_Sin": 0.5979517307430746,
            "Wind_Dir_Cos": 0.5591446335066266
        },
        "MAE": {
            "Temperature": 1.5605777589070644,
            "Precipitation_accumulated": 8.526067696906264,
            "Humidity": 3.1787184270453133,
            "Wind_Speed_kmh": 0.5482763773964875,
            "Soil_Moisture": 23.87917171409713,
            "Soil_Temperature": 0.8517541433631476,
            "Wind_Dir_Sin": 0.48088334853459547,
            "Wind_Dir_Cos": 0.4469677020116183
        },
        "R2": {
            "Temperature": 0.8601224757004854,
            "Precipitation_accumulated": -20.81070492871423,
            "Humidity": 0.9038264468897459,
            "Wind_Speed_kmh": 0.5921463589560834,
            "Soil_Moisture": 0.9785213436192944,
            "Soil_Temperature": 0.9323612044457297,
            "Wind_Dir_Sin": 0.34858776323227103,
            "Wind_Dir_Cos": 0.15576411644272836
        },
        "SMAPE": {
            "Temperature": 29.874331532252835,
            "Precipitation_accumulated": 1.8520616122909612,
            "Humidity": 3.656980706057768,
            "Wind_Speed_kmh": 57.97182219274005,
            "Soil_Moisture": 0.2813159187267654,
            "Soil_Temperature": 17.706957398191975,
            "Wind_Dir_Sin": 95.13347198870638,
            "Wind_Dir_Cos": 107.62239779727982
        }
    }
}