{
    "trial_number": 3,
    "overall_mae_val": 0.08046733143104533,
    "xgb_params": {
        "n_estimators": 400,
        "max_depth": 5,
        "learning_rate": 0.14790871187354465,
        "min_child_weight": 3,
        "subsample": 0.9,
        "colsample_bytree": 1.0,
        "gamma": 0.15000000000000002,
        "reg_alpha": 0.07865421522246553,
        "reg_lambda": 0.006243504896207546,
        "n_jobs": -1
    },
    "metrics": {
        "MSE": {
            "Temperature": 3.0223297994733307,
            "Precipitation_accumulated": 60.425088160228924,
            "Humidity": 10.899676340745557,
            "Wind_Speed_kmh": 0.5381976033274622,
            "Soil_Moisture": 964.8510622121278,
            "Soil_Temperature": 0.5117341914476254,
            "Wind_Dir_Sin": 0.37522364215034437,
            "Wind_Dir_Cos": 0.3145055950580322
        },
        "RMSE": {
            "Temperature": 1.738484914939825,
            "Precipitation_accumulated": 7.773357586026062,
            "Humidity": 3.3014657866992287,
            "Wind_Speed_kmh": 0.7336195221826245,
            "Soil_Moisture": 31.062051802997942,
            "Soil_Temperature": 0.7153559893141495,
            "Wind_Dir_Sin": 0.6125550115298579,
            "Wind_Dir_Cos": 0.56080798412472
        },
        "MAE": {
            "Temperature": 1.3158404089673377,
            "Precipitation_accumulated": 7.514392354603612,
            "Humidity": 2.656055475099582,
            "Wind_Speed_kmh": 0.547008728407847,
            "Soil_Moisture": 17.43799709034826,
            "Soil_Temperature": 0.5197997230239039,
            "Wind_Dir_Sin": 0.49635458514136516,
            "Wind_Dir_Cos": 0.4534453939991078
        },
        "R2": {
            "Temperature": 0.9010985964997342,
            "Precipitation_accumulated": -16.368903740572847,
            "Humidity": 0.9256630774550508,
            "Wind_Speed_kmh": 0.6026671208218246,
            "Soil_Moisture": 0.9836081802853327,
            "Soil_Temperature": 0.9684105320131771,
            "Wind_Dir_Sin": 0.3163023438600946,
            "Wind_Dir_Cos": 0.14920163955091614
        },
        "SMAPE": {
            "Temperature": 26.37877046066913,
            "Precipitation_accumulated": 1.6303747937991724,
            "Humidity": 3.1181821814401753,
            "Wind_Speed_kmh": 57.023786552111176,
            "Soil_Moisture": 0.20562280594675975,
            "Soil_Temperature": 10.87864276629251,
            "Wind_Dir_Sin": 98.6030954036056,
            "Wind_Dir_Cos": 112.30791595230117
        }
    }
}