{
    "trial_number": 25,
    "overall_mae_val": 0.10954285600183153,
    "output_chunk_length": 3,
    "xgb_params": {
        "n_estimators": 450,
        "max_depth": 3,
        "learning_rate": 0.04066365719740834,
        "min_child_weight": 10,
        "subsample": 0.8,
        "colsample_bytree": 0.9,
        "gamma": 0.25,
        "reg_alpha": 0.22936584649294411,
        "reg_lambda": 0.0001507091294471996,
        "n_jobs": -1
    },
    "metrics": {
        "MSE": {
            "Temperature": 11.287819000412735,
            "Precipitation_accumulated": 70.23010614141926,
            "Humidity": 53.0277121875388,
            "Wind_Speed_kmh": 1.1943165326235379,
            "Soil_Moisture": 3776.798455842066,
            "Soil_Temperature": 5.11778466398587,
            "Wind_Dir_Sin": 0.518881500319782,
            "Wind_Dir_Cos": 0.3514379660370245
        },
        "RMSE": {
            "Temperature": 3.359734959846198,
            "Precipitation_accumulated": 8.380340454982676,
            "Humidity": 7.28201292140702,
            "Wind_Speed_kmh": 1.0928479000407778,
            "Soil_Moisture": 61.45566252056897,
            "Soil_Temperature": 2.2622521221088223,
            "Wind_Dir_Sin": 0.7203342976145048,
            "Wind_Dir_Cos": 0.5928220357215346
        },
        "MAE": {
            "Temperature": 2.621314527050262,
            "Precipitation_accumulated": 8.158814084662032,
            "Humidity": 5.972639280313032,
            "Wind_Speed_kmh": 0.8422533607802712,
            "Soil_Moisture": 39.26328797465995,
            "Soil_Temperature": 1.5143768192123916,
            "Wind_Dir_Sin": 0.6359592060529846,
            "Wind_Dir_Cos": 0.5015908323360719
        },
        "R2": {
            "Temperature": 0.6293893939878157,
            "Precipitation_accumulated": -18.89432526852292,
            "Humidity": 0.6375377823834909,
            "Wind_Speed_kmh": 0.11622570105464103,
            "Soil_Moisture": 0.9379376100615486,
            "Soil_Temperature": 0.6838899725622847,
            "Wind_Dir_Sin": 0.05477019748588963,
            "Wind_Dir_Cos": 0.049954699030130945
        },
        "SMAPE": {
            "Temperature": 39.96564256166032,
            "Precipitation_accumulated": 1.771478848610181,
            "Humidity": 7.0423355517248565,
            "Wind_Speed_kmh": 74.6574645608281,
            "Soil_Moisture": 0.4596005668103724,
            "Soil_Temperature": 22.557247283733005,
            "Wind_Dir_Sin": 134.94392434777575,
            "Wind_Dir_Cos": 126.83929490217429
        }
    }
}