{
    "trial_number": 59,
    "overall_mae_val": 0.07889408518806669,
    "xgb_params": {
        "n_estimators": 250,
        "max_depth": 3,
        "learning_rate": 0.018236554466852583,
        "min_child_weight": 5,
        "subsample": 0.6,
        "colsample_bytree": 0.8,
        "gamma": 0.05,
        "reg_alpha": 6.340633606601541e-05,
        "reg_lambda": 0.4639534443734615,
        "n_jobs": -1
    },
    "metrics": {
        "MSE": {
            "Temperature": 2.718381670250013,
            "Precipitation_accumulated": 75.79845967337126,
            "Humidity": 10.804830668457756,
            "Wind_Speed_kmh": 0.5349737504538633,
            "Soil_Moisture": 901.3865385243759,
            "Soil_Temperature": 0.6455027798895397,
            "Wind_Dir_Sin": 0.3523648804276939,
            "Wind_Dir_Cos": 0.29998556147682737
        },
        "RMSE": {
            "Temperature": 1.6487515489757738,
            "Precipitation_accumulated": 8.70623108315942,
            "Humidity": 3.2870702256656696,
            "Wind_Speed_kmh": 0.731418997875953,
            "Soil_Moisture": 30.023100081843246,
            "Soil_Temperature": 0.8034318763215335,
            "Wind_Dir_Sin": 0.5936033022378615,
            "Wind_Dir_Cos": 0.5477093768385085
        },
        "MAE": {
            "Temperature": 1.2829234870797053,
            "Precipitation_accumulated": 8.418371945214457,
            "Humidity": 2.5655653032377246,
            "Wind_Speed_kmh": 0.5512878540357501,
            "Soil_Moisture": 16.719732611416298,
            "Soil_Temperature": 0.5432121103642662,
            "Wind_Dir_Sin": 0.48089112520953753,
            "Wind_Dir_Cos": 0.4419234730056318
        },
        "R2": {
            "Temperature": 0.9110331089633361,
            "Precipitation_accumulated": -20.820192031752015,
            "Humidity": 0.9263050027510265,
            "Wind_Speed_kmh": 0.6043146009378624,
            "Soil_Moisture": 0.9846398348399508,
            "Soil_Temperature": 0.9601441341584289,
            "Wind_Dir_Sin": 0.3582219883961295,
            "Wind_Dir_Cos": 0.18759779867226423
        },
        "SMAPE": {
            "Temperature": 25.177422690428628,
            "Precipitation_accumulated": 1.8285766829659507,
            "Humidity": 3.028026030546306,
            "Wind_Speed_kmh": 56.975166531352684,
            "Soil_Moisture": 0.1956045473537966,
            "Soil_Temperature": 9.226565610015156,
            "Wind_Dir_Sin": 95.08723669232246,
            "Wind_Dir_Cos": 109.68167393199913
        }
    }
}