{
    "trial_number": 20,
    "overall_mae_val": 0.07937075560459281,
    "xgb_params": {
        "n_estimators": 200,
        "max_depth": 3,
        "learning_rate": 0.08212013965556404,
        "min_child_weight": 10,
        "subsample": 0.7,
        "colsample_bytree": 0.7,
        "gamma": 0.05,
        "reg_alpha": 0.002510768210184708,
        "reg_lambda": 0.0023035101538006635,
        "n_jobs": -1
    },
    "metrics": {
        "MSE": {
            "Temperature": 2.6903369264972765,
            "Precipitation_accumulated": 58.90314018067369,
            "Humidity": 11.598331521004111,
            "Wind_Speed_kmh": 0.5542521074972817,
            "Soil_Moisture": 895.216480122371,
            "Soil_Temperature": 0.4901870416080789,
            "Wind_Dir_Sin": 0.3654307043744758,
            "Wind_Dir_Cos": 0.31118003162695723
        },
        "RMSE": {
            "Temperature": 1.6402246573251107,
            "Precipitation_accumulated": 7.674838120812301,
            "Humidity": 3.405632323226351,
            "Wind_Speed_kmh": 0.7444810994896255,
            "Soil_Moisture": 29.92016845076864,
            "Soil_Temperature": 0.7001335884015842,
            "Wind_Dir_Sin": 0.6045086470634442,
            "Wind_Dir_Cos": 0.5578351294306924
        },
        "MAE": {
            "Temperature": 1.2718211199013842,
            "Precipitation_accumulated": 6.957987599630399,
            "Humidity": 2.575531755203569,
            "Wind_Speed_kmh": 0.5629634094264965,
            "Soil_Moisture": 16.278123030150176,
            "Soil_Temperature": 0.5045672472539522,
            "Wind_Dir_Sin": 0.4902730403401679,
            "Wind_Dir_Cos": 0.4455135559479714
        },
        "R2": {
            "Temperature": 0.9119625866225656,
            "Precipitation_accumulated": -15.931427044056363,
            "Humidity": 0.9208981767004881,
            "Wind_Speed_kmh": 0.5908146296064536,
            "Soil_Moisture": 0.984791199675812,
            "Soil_Temperature": 0.969740642471769,
            "Wind_Dir_Sin": 0.3341461251466762,
            "Wind_Dir_Cos": 0.15819793074314725
        },
        "SMAPE": {
            "Temperature": 24.597433328160538,
            "Precipitation_accumulated": 1.5102406001801174,
            "Humidity": 3.0810250537438875,
            "Wind_Speed_kmh": 57.76840880913486,
            "Soil_Moisture": 0.1912026995362955,
            "Soil_Temperature": 9.001997695478963,
            "Wind_Dir_Sin": 97.43569600537914,
            "Wind_Dir_Cos": 107.24830855310152
        }
    }
}