{
    "trial_number": 19,
    "overall_smape_val": 43.21058094448192,
    "xgb_params": {
        "n_estimators": 350,
        "max_depth": 8,
        "learning_rate": 0.09690069340751119,
        "min_child_weight": 5,
        "subsample": 1.0,
        "colsample_bytree": 0.9,
        "gamma": 0.2,
        "reg_alpha": 0.00040509777707322373,
        "reg_lambda": 0.004280656741624736,
        "random_state": 42,
        "n_jobs": -1
    },
    "metrics": {
        "MSE": {
            "Temperature": 0.6630559711710243,
            "Precipitation_accumulated": 7.97971820590928,
            "Humidity": 2.346793344432813,
            "Wind_Speed_kmh": 0.06427557831142597,
            "Soil_Moisture": 10841.780565013582,
            "Soil_Temperature": 0.49295903374810185,
            "Wind_Dir_Sin": 0.01611274564771719,
            "Wind_Dir_Cos": 0.012379794058922483
        },
        "RMSE": {
            "Temperature": 0.8142824885572724,
            "Precipitation_accumulated": 2.8248395009113847,
            "Humidity": 1.5319247189182674,
            "Wind_Speed_kmh": 0.25352628721973974,
            "Soil_Moisture": 104.12387125445146,
            "Soil_Temperature": 0.7021104142142472,
            "Wind_Dir_Sin": 0.12693599035623107,
            "Wind_Dir_Cos": 0.11126452291239325
        },
        "MAE": {
            "Temperature": 0.5384946051406168,
            "Precipitation_accumulated": 2.651523077895042,
            "Humidity": 0.872373416367845,
            "Wind_Speed_kmh": 0.10931435200326278,
            "Soil_Moisture": 49.06537442905912,
            "Soil_Temperature": 0.42388227960889013,
            "Wind_Dir_Sin": 0.05678906463811748,
            "Wind_Dir_Cos": 0.04564942464356164
        },
        "R2": {
            "Temperature": 0.8052326090284616,
            "Precipitation_accumulated": -7.407282554915563,
            "Humidity": 0.9639113920002143,
            "Wind_Speed_kmh": 0.8111253155114527,
            "Soil_Moisture": 0.9853483545057558,
            "Soil_Temperature": 0.9121630847134986,
            "Wind_Dir_Sin": 0.8996834309391717,
            "Wind_Dir_Cos": 0.9568787969125991
        },
        "SMAPE": {
            "Temperature": 10.003835396900694,
            "Precipitation_accumulated": 0.5784919574765874,
            "Humidity": 1.0233540395765253,
            "Wind_Speed_kmh": 166.09620093307498,
            "Soil_Moisture": 0.824669787259717,
            "Soil_Temperature": 14.62289282040937,
            "Wind_Dir_Sin": 136.15078633563965,
            "Wind_Dir_Cos": 16.38441628551706
        }
    }
}