{
    "trial_number": 28,
    "overall_mae_val": 0.08795256297364924,
    "xgb_params": {
        "n_estimators": 300,
        "max_depth": 5,
        "learning_rate": 0.010112370215511708,
        "min_child_weight": 3,
        "subsample": 0.8,
        "colsample_bytree": 0.8,
        "gamma": 0.25,
        "reg_alpha": 1.7137169147718878e-05,
        "reg_lambda": 1.0433873407582964e-05,
        "n_jobs": -1
    },
    "metrics": {
        "MSE": {
            "Temperature": 4.542865869108749,
            "Precipitation_accumulated": 313.44244646442525,
            "Humidity": 19.73159049364443,
            "Wind_Speed_kmh": 0.5325620054982955,
            "Soil_Moisture": 2809.23818705582,
            "Soil_Temperature": 1.7442872866188177,
            "Wind_Dir_Sin": 0.3576227281334259,
            "Wind_Dir_Cos": 0.304499512741586
        },
        "RMSE": {
            "Temperature": 2.13139997867804,
            "Precipitation_accumulated": 17.70430587355588,
            "Humidity": 4.442025494483843,
            "Wind_Speed_kmh": 0.7297684601969966,
            "Soil_Moisture": 53.00224700006425,
            "Soil_Temperature": 1.320714687818235,
            "Wind_Dir_Sin": 0.5980156587694221,
            "Wind_Dir_Cos": 0.5518147449476011
        },
        "MAE": {
            "Temperature": 1.655114732698064,
            "Precipitation_accumulated": 17.597673861255906,
            "Humidity": 3.8278224324662635,
            "Wind_Speed_kmh": 0.5541155315185345,
            "Soil_Moisture": 45.13319479143285,
            "Soil_Temperature": 1.10205050674799,
            "Wind_Dir_Sin": 0.49420283307091994,
            "Wind_Dir_Cos": 0.4485095991976899
        },
        "R2": {
            "Temperature": 0.851101572429925,
            "Precipitation_accumulated": -88.17717753649997,
            "Humidity": 0.8653681602068621,
            "Wind_Speed_kmh": 0.606621500215738,
            "Soil_Moisture": 0.9533535574577142,
            "Soil_Temperature": 0.8923155710620932,
            "Wind_Dir_Sin": 0.348560053234393,
            "Wind_Dir_Cos": 0.1773962359295277
        },
        "SMAPE": {
            "Temperature": 31.29619814012569,
            "Precipitation_accumulated": 3.8613738613305246,
            "Humidity": 4.358824139352084,
            "Wind_Speed_kmh": 57.09020352524921,
            "Soil_Moisture": 0.5250016727686215,
            "Soil_Temperature": 20.321164112028878,
            "Wind_Dir_Sin": 100.18885815900235,
            "Wind_Dir_Cos": 110.54081198737136
        }
    }
}