{
    "trial_number": 48,
    "overall_smape_val": 42.07930424653306,
    "xgb_params": {
        "n_estimators": 450,
        "max_depth": 8,
        "learning_rate": 0.1767643629279335,
        "min_child_weight": 2,
        "subsample": 0.6,
        "colsample_bytree": 0.6,
        "gamma": 0.05,
        "reg_alpha": 9.801245403324306e-05,
        "reg_lambda": 0.23264241409607184,
        "random_state": 42,
        "n_jobs": -1
    },
    "metrics": {
        "MSE": {
            "Temperature": 0.3929766786678872,
            "Precipitation_accumulated": 5.126245773745402,
            "Humidity": 1.8575667627059347,
            "Wind_Speed_kmh": 0.03940529413981192,
            "Soil_Moisture": 5799.661710182139,
            "Soil_Temperature": 0.16102965416030743,
            "Wind_Dir_Sin": 0.006298539436848273,
            "Wind_Dir_Cos": 0.004401429220657248
        },
        "RMSE": {
            "Temperature": 0.6268785198648038,
            "Precipitation_accumulated": 2.2641214132076493,
            "Humidity": 1.3629258096851549,
            "Wind_Speed_kmh": 0.19850766771037315,
            "Soil_Moisture": 76.15551004479019,
            "Soil_Temperature": 0.4012850036573849,
            "Wind_Dir_Sin": 0.07936333811558252,
            "Wind_Dir_Cos": 0.06634326808845979
        },
        "MAE": {
            "Temperature": 0.37855768996764777,
            "Precipitation_accumulated": 2.043796027113792,
            "Humidity": 0.7216546742458164,
            "Wind_Speed_kmh": 0.07671582829161104,
            "Soil_Moisture": 28.361993295561316,
            "Soil_Temperature": 0.2315165715720611,
            "Wind_Dir_Sin": 0.03761261269523248,
            "Wind_Dir_Cos": 0.02736265623526233
        },
        "R2": {
            "Temperature": 0.8845662421505243,
            "Precipitation_accumulated": -4.400917119341861,
            "Humidity": 0.9714346391463253,
            "Wind_Speed_kmh": 0.8842069928678911,
            "Soil_Moisture": 0.9921623033361934,
            "Soil_Temperature": 0.9713072545125094,
            "Wind_Dir_Sin": 0.9607858350020898,
            "Wind_Dir_Cos": 0.9846689757199967
        },
        "SMAPE": {
            "Temperature": 6.967972813104848,
            "Precipitation_accumulated": 0.4455549061334456,
            "Humidity": 0.857896526720138,
            "Wind_Speed_kmh": 173.18319724963695,
            "Soil_Moisture": 0.4628500721338241,
            "Soil_Temperature": 10.765072179500033,
            "Wind_Dir_Sin": 131.3359164711365,
            "Wind_Dir_Cos": 12.615973753898137
        }
    }
}