{
    "trial_number": 17,
    "forecast_horizon": 8,
    "overall_smape_val": 52.43342291174151,
    "output_chunk_length": 16,
    "xgb_params": {
        "n_estimators": 200,
        "max_depth": 4,
        "learning_rate": 0.028367338653146515,
        "min_child_weight": 3,
        "subsample": 0.7,
        "colsample_bytree": 0.7,
        "gamma": 0.15000000000000002,
        "reg_alpha": 0.0008395206587122604,
        "reg_lambda": 7.12080260478175e-05,
        "random_state": 42,
        "n_jobs": -1
    },
    "metrics": {
        "MSE": {
            "Temperature": 3.70702131391438,
            "Precipitation_accumulated": 30.424959345756925,
            "Humidity": 14.109319498924494,
            "Wind_Speed_kmh": 0.20338641723445833,
            "Soil_Moisture": 76008.24292482363,
            "Soil_Temperature": 2.582691225794936,
            "Wind_Dir_Sin": 0.0809285511547073,
            "Wind_Dir_Cos": 0.06937199345555001
        },
        "RMSE": {
            "Temperature": 1.9253626447800372,
            "Precipitation_accumulated": 5.51588246301142,
            "Humidity": 3.7562374124813376,
            "Wind_Speed_kmh": 0.4509838325643818,
            "Soil_Moisture": 275.6959247519332,
            "Soil_Temperature": 1.6070753640681996,
            "Wind_Dir_Sin": 0.28447943889621846,
            "Wind_Dir_Cos": 0.2633856363880726
        },
        "MAE": {
            "Temperature": 1.5341824130453623,
            "Precipitation_accumulated": 5.429078515952208,
            "Humidity": 2.3805821545272683,
            "Wind_Speed_kmh": 0.1941796204801583,
            "Soil_Moisture": 159.11074413651238,
            "Soil_Temperature": 1.2584264374956875,
            "Wind_Dir_Sin": 0.13232456802685538,
            "Wind_Dir_Cos": 0.11025275412563525
        },
        "R2": {
            "Temperature": -0.09147770973744684,
            "Precipitation_accumulated": -31.02405445725519,
            "Humidity": 0.7831684561642205,
            "Wind_Speed_kmh": 0.4048458876395258,
            "Soil_Moisture": 0.8976881631319359,
            "Soil_Temperature": 0.5389233545527901,
            "Wind_Dir_Sin": 0.49814199848053875,
            "Wind_Dir_Cos": 0.7591767473000144
        },
        "SMAPE": {
            "Temperature": 24.373214641864806,
            "Precipitation_accumulated": 1.1883084328353724,
            "Humidity": 2.7877065299854875,
            "Wind_Speed_kmh": 171.8101758108572,
            "Soil_Moisture": 2.6138863831291843,
            "Soil_Temperature": 25.899092687742844,
            "Wind_Dir_Sin": 159.86424614264578,
            "Wind_Dir_Cos": 30.93075266487146
        }
    }
}