{
    "trial_number": 4,
    "overall_smape_val": 44.82350895676012,
    "xgb_params": {
        "n_estimators": 550,
        "max_depth": 4,
        "learning_rate": 0.031386835894688166,
        "min_child_weight": 6,
        "subsample": 0.8,
        "colsample_bytree": 0.7,
        "gamma": 0.3,
        "reg_alpha": 9.713146681627306e-05,
        "reg_lambda": 0.00031773775873560257,
        "random_state": 42,
        "n_jobs": -1
    },
    "metrics": {
        "MSE": {
            "Temperature": 0.8012263924938313,
            "Precipitation_accumulated": 12.10587495209716,
            "Humidity": 2.8901116527750563,
            "Wind_Speed_kmh": 0.06624077283198912,
            "Soil_Moisture": 13331.903503888101,
            "Soil_Temperature": 0.8595712519215608,
            "Wind_Dir_Sin": 0.028932418727565044,
            "Wind_Dir_Cos": 0.024741336344915953
        },
        "RMSE": {
            "Temperature": 0.8951125027022198,
            "Precipitation_accumulated": 3.47934978869575,
            "Humidity": 1.7000328387343158,
            "Wind_Speed_kmh": 0.2573728284648345,
            "Soil_Moisture": 115.46386232881741,
            "Soil_Temperature": 0.9271306552593118,
            "Wind_Dir_Sin": 0.17009532247409112,
            "Wind_Dir_Cos": 0.15729378991211304
        },
        "MAE": {
            "Temperature": 0.6102844310055187,
            "Precipitation_accumulated": 3.3354340730342575,
            "Humidity": 1.031946530901616,
            "Wind_Speed_kmh": 0.11549653405294581,
            "Soil_Moisture": 61.39094910794382,
            "Soil_Temperature": 0.6056477130542016,
            "Wind_Dir_Sin": 0.07361041475271002,
            "Wind_Dir_Cos": 0.06053520556971527
        },
        "R2": {
            "Temperature": 0.7646461523180973,
            "Precipitation_accumulated": -11.754524492028512,
            "Humidity": 0.9555563310420843,
            "Wind_Speed_kmh": 0.8053505639684704,
            "Soil_Moisture": 0.9819831878416,
            "Soil_Temperature": 0.8468390229839523,
            "Wind_Dir_Sin": 0.8198692485540608,
            "Wind_Dir_Cos": 0.9138211682597511
        },
        "SMAPE": {
            "Temperature": 11.25600267252426,
            "Precipitation_accumulated": 0.7283096873992301,
            "Humidity": 1.213567862175952,
            "Wind_Speed_kmh": 167.57439282458463,
            "Soil_Moisture": 1.0398599365926613,
            "Soil_Temperature": 17.455355014642123,
            "Wind_Dir_Sin": 139.5475940732433,
            "Wind_Dir_Cos": 19.772989582918566
        }
    }
}