{
    "trial_number": 37,
    "overall_mae_val": 0.13138568704301787,
    "output_chunk_length": 7,
    "xgb_params": {
        "n_estimators": 500,
        "max_depth": 5,
        "learning_rate": 0.10302624287684187,
        "min_child_weight": 8,
        "subsample": 0.8,
        "colsample_bytree": 0.9,
        "gamma": 0.25,
        "reg_alpha": 0.3050815076708896,
        "reg_lambda": 0.004506498606569355,
        "n_jobs": -1
    },
    "metrics": {
        "MSE": {
            "Temperature": 26.49835187705484,
            "Precipitation_accumulated": 70.55360534412158,
            "Humidity": 135.76654316060757,
            "Wind_Speed_kmh": 1.5823823847405014,
            "Soil_Moisture": 14501.698660227758,
            "Soil_Temperature": 12.016383458004158,
            "Wind_Dir_Sin": 0.6066633898578002,
            "Wind_Dir_Cos": 0.3960948211049079
        },
        "RMSE": {
            "Temperature": 5.147654988152842,
            "Precipitation_accumulated": 8.399619357097176,
            "Humidity": 11.651890111076725,
            "Wind_Speed_kmh": 1.2579278138035193,
            "Soil_Moisture": 120.42299888404938,
            "Soil_Temperature": 3.4664655570197374,
            "Wind_Dir_Sin": 0.7788859928499166,
            "Wind_Dir_Cos": 0.6293606447061239
        },
        "MAE": {
            "Temperature": 3.999738284314196,
            "Precipitation_accumulated": 8.098142759532331,
            "Humidity": 9.267757861641186,
            "Wind_Speed_kmh": 0.9960036228191808,
            "Soil_Moisture": 97.77548961890511,
            "Soil_Temperature": 2.498528154022255,
            "Wind_Dir_Sin": 0.6985669399760648,
            "Wind_Dir_Cos": 0.5323514587016805
        },
        "R2": {
            "Temperature": 0.13050777920766543,
            "Precipitation_accumulated": -19.01485058354423,
            "Humidity": 0.07255018177599415,
            "Wind_Speed_kmh": -0.17023660015581576,
            "Soil_Moisture": 0.7608626458238344,
            "Soil_Temperature": 0.2578608573955641,
            "Wind_Dir_Sin": -0.1051396384382588,
            "Wind_Dir_Cos": -0.0701622811739635
        },
        "SMAPE": {
            "Temperature": 53.10244166170162,
            "Precipitation_accumulated": 1.7585021920866655,
            "Humidity": 10.91585663463695,
            "Wind_Speed_kmh": 82.49421372269215,
            "Soil_Moisture": 1.1454194563772635,
            "Soil_Temperature": 37.55324523604261,
            "Wind_Dir_Sin": 153.44286233129267,
            "Wind_Dir_Cos": 133.19594311572735
        }
    }
}