{
    "trial_number": 1,
    "forecast_horizon": 5,
    "overall_smape_val": 48.26605930196465,
    "output_chunk_length": 7,
    "xgb_params": {
        "n_estimators": 400,
        "max_depth": 3,
        "learning_rate": 0.06017890976120826,
        "min_child_weight": 4,
        "subsample": 0.6,
        "colsample_bytree": 0.9,
        "gamma": 0.05,
        "reg_alpha": 0.44095560933428346,
        "reg_lambda": 0.00012248600322191405,
        "random_state": 42,
        "n_jobs": -1
    },
    "metrics": {
        "MSE": {
            "Temperature": 1.576561548458779,
            "Precipitation_accumulated": 4.719842651833477,
            "Humidity": 8.477066249967635,
            "Wind_Speed_kmh": 0.1524819225411706,
            "Soil_Moisture": 43219.62254705254,
            "Soil_Temperature": 0.5715112304008291,
            "Wind_Dir_Sin": 0.0463459281864684,
            "Wind_Dir_Cos": 0.04488118399733879
        },
        "RMSE": {
            "Temperature": 1.2556120214695219,
            "Precipitation_accumulated": 2.1725198852561687,
            "Humidity": 2.911540185188526,
            "Wind_Speed_kmh": 0.39048933729510543,
            "Soil_Moisture": 207.89329606086997,
            "Soil_Temperature": 0.7559836178124689,
            "Wind_Dir_Sin": 0.21528104465202783,
            "Wind_Dir_Cos": 0.2118517972483094
        },
        "MAE": {
            "Temperature": 0.895512697998538,
            "Precipitation_accumulated": 1.9417093474731668,
            "Humidity": 1.7852470580709023,
            "Wind_Speed_kmh": 0.14163988940613909,
            "Soil_Moisture": 98.70449226778189,
            "Soil_Temperature": 0.463583309501406,
            "Wind_Dir_Sin": 0.10080423478960572,
            "Wind_Dir_Cos": 0.08756249120984912
        },
        "R2": {
            "Temperature": 0.536300100731993,
            "Precipitation_accumulated": -3.970309145467298,
            "Humidity": 0.8696638100711107,
            "Wind_Speed_kmh": 0.5528667907392668,
            "Soil_Moisture": 0.9417075039437363,
            "Soil_Temperature": 0.8980656951901563,
            "Wind_Dir_Sin": 0.7120258467446501,
            "Wind_Dir_Cos": 0.8439331647645697
        },
        "SMAPE": {
            "Temperature": 15.34755250547572,
            "Precipitation_accumulated": 0.42323936604518353,
            "Humidity": 2.123596235146785,
            "Wind_Speed_kmh": 177.54178440475357,
            "Soil_Moisture": 1.606374749137119,
            "Soil_Temperature": 15.432063966967664,
            "Wind_Dir_Sin": 147.76280863469464,
            "Wind_Dir_Cos": 25.891054553496854
        }
    }
}