{
    "trial_number": 44,
    "overall_smape_val": 29.203177629623653,
    "xgb_params": {
        "n_estimators": 400,
        "max_depth": 8,
        "learning_rate": 0.08214750196639298,
        "min_child_weight": 1,
        "subsample": 0.6,
        "colsample_bytree": 0.6,
        "gamma": 0.0,
        "reg_alpha": 2.4043206962319193e-05,
        "reg_lambda": 0.008524223567938126,
        "random_state": 42,
        "n_jobs": -1
    },
    "metrics": {
        "MSE": {
            "Temperature": 0.001831529320215329,
            "Precipitation_accumulated": 0.005036385741281626,
            "Humidity": 0.019279834662594808,
            "Wind_Speed_kmh": 2.4348797845142835e-05,
            "Soil_Moisture": 5.72894998763608,
            "Soil_Temperature": 0.0010621717016980423,
            "Wind_Dir_Sin": 2.492664031847341e-05,
            "Wind_Dir_Cos": 1.6606479205860828e-05
        },
        "RMSE": {
            "Temperature": 0.042796370409362156,
            "Precipitation_accumulated": 0.07096749778089705,
            "Humidity": 0.13885184428949732,
            "Wind_Speed_kmh": 0.004934450105649345,
            "Soil_Moisture": 2.3935225061895866,
            "Soil_Temperature": 0.03259097577087931,
            "Wind_Dir_Sin": 0.004992658642294044,
            "Wind_Dir_Cos": 0.004075104809187222
        },
        "MAE": {
            "Temperature": 0.03164391360639252,
            "Precipitation_accumulated": 0.03493049570986865,
            "Humidity": 0.09834871032673137,
            "Wind_Speed_kmh": 0.00260998745562515,
            "Soil_Moisture": 1.7664568470181121,
            "Soil_Temperature": 0.023564827293513637,
            "Wind_Dir_Sin": 0.002647932193191066,
            "Wind_Dir_Cos": 0.0019430052672061355
        },
        "R2": {
            "Temperature": 0.9994620029036821,
            "Precipitation_accumulated": 0.9946937577380682,
            "Humidity": 0.9997035178248269,
            "Wind_Speed_kmh": 0.9999284507174966,
            "Soil_Moisture": 0.9999922578635705,
            "Soil_Temperature": 0.9998107390687774,
            "Wind_Dir_Sin": 0.9998448088805202,
            "Wind_Dir_Cos": 0.9999421564398411
        },
        "SMAPE": {
            "Temperature": 0.519387696127941,
            "Precipitation_accumulated": 0.0075971253718350755,
            "Humidity": 0.11824492955421133,
            "Wind_Speed_kmh": 115.87770336393554,
            "Soil_Moisture": 0.02981407549367611,
            "Soil_Temperature": 1.4875658344925031,
            "Wind_Dir_Sin": 113.04524469028468,
            "Wind_Dir_Cos": 2.539863321729099
        }
    }
}