{
    "trial_number": 32,
    "overall_mae_val": 0.09872522197987163,
    "output_chunk_length": 2,
    "xgb_params": {
        "n_estimators": 500,
        "max_depth": 4,
        "learning_rate": 0.0649933741794784,
        "min_child_weight": 10,
        "subsample": 0.6,
        "colsample_bytree": 0.8,
        "gamma": 0.25,
        "reg_alpha": 0.28449373187020754,
        "reg_lambda": 1.0351541090860614e-05,
        "n_jobs": -1
    },
    "metrics": {
        "MSE": {
            "Temperature": 7.562250872732305,
            "Precipitation_accumulated": 77.7086423061777,
            "Humidity": 31.683254355385284,
            "Wind_Speed_kmh": 0.9561509769522529,
            "Soil_Moisture": 2858.752548010968,
            "Soil_Temperature": 2.365029834873078,
            "Wind_Dir_Sin": 0.460952420379173,
            "Wind_Dir_Cos": 0.35135169952504125
        },
        "RMSE": {
            "Temperature": 2.749954703760101,
            "Precipitation_accumulated": 8.815250552660299,
            "Humidity": 5.6287880005721735,
            "Wind_Speed_kmh": 0.9778297279957554,
            "Soil_Moisture": 53.46730354161287,
            "Soil_Temperature": 1.537865350046316,
            "Wind_Dir_Sin": 0.6789347688689783,
            "Wind_Dir_Cos": 0.5927492720577912
        },
        "MAE": {
            "Temperature": 2.129541929842016,
            "Precipitation_accumulated": 8.51024808342184,
            "Humidity": 4.6745611606410815,
            "Wind_Speed_kmh": 0.7282779767061179,
            "Soil_Moisture": 34.5765754980991,
            "Soil_Temperature": 1.0676472917835702,
            "Wind_Dir_Sin": 0.5713158047755114,
            "Wind_Dir_Cos": 0.4983132499061161
        },
        "R2": {
            "Temperature": 0.7513566951597797,
            "Precipitation_accumulated": -20.91844843624415,
            "Humidity": 0.7830783151936188,
            "Wind_Speed_kmh": 0.29123206314149663,
            "Soil_Moisture": 0.9534764225458685,
            "Soil_Temperature": 0.8540733063177772,
            "Wind_Dir_Sin": 0.1590645292750269,
            "Wind_Dir_Cos": 0.051162720321872523
        },
        "SMAPE": {
            "Temperature": 35.18204812628418,
            "Precipitation_accumulated": 1.8488819695043264,
            "Humidity": 5.440240342140082,
            "Wind_Speed_kmh": 68.7272877948982,
            "Soil_Moisture": 0.4048008201184839,
            "Soil_Temperature": 18.080351178773185,
            "Wind_Dir_Sin": 117.10146988724146,
            "Wind_Dir_Cos": 125.55451103375762
        }
    }
}