{
    "trial_number": 14,
    "overall_smape_val": 41.329816098399185,
    "xgb_params": {
        "n_estimators": 200,
        "max_depth": 7,
        "learning_rate": 0.18705436212706178,
        "min_child_weight": 8,
        "subsample": 1.0,
        "colsample_bytree": 0.8,
        "gamma": 0.05,
        "reg_alpha": 0.0077414058302663884,
        "reg_lambda": 0.004104282904405486,
        "random_state": 42,
        "n_jobs": -1
    },
    "metrics": {
        "MSE": {
            "Temperature": 0.4044589876045445,
            "Precipitation_accumulated": 4.02395079719243,
            "Humidity": 1.7986752790773535,
            "Wind_Speed_kmh": 0.044580622386424316,
            "Soil_Moisture": 8026.678124861187,
            "Soil_Temperature": 0.1601537642516668,
            "Wind_Dir_Sin": 0.011328431246081794,
            "Wind_Dir_Cos": 0.009482466365422377
        },
        "RMSE": {
            "Temperature": 0.6359709015391699,
            "Precipitation_accumulated": 2.005978762896664,
            "Humidity": 1.3411470012930549,
            "Wind_Speed_kmh": 0.21114123800533216,
            "Soil_Moisture": 89.59173022584834,
            "Soil_Temperature": 0.4001921591581559,
            "Wind_Dir_Sin": 0.10643510344844784,
            "Wind_Dir_Cos": 0.09737795626024597
        },
        "MAE": {
            "Temperature": 0.3953901632644889,
            "Precipitation_accumulated": 1.7535128239887918,
            "Humidity": 0.7305967778110036,
            "Wind_Speed_kmh": 0.0831827952611921,
            "Soil_Moisture": 30.006794140446967,
            "Soil_Temperature": 0.2598158943325546,
            "Wind_Dir_Sin": 0.04508052128193563,
            "Wind_Dir_Cos": 0.03855757995849426
        },
        "R2": {
            "Temperature": 0.8811934056915263,
            "Precipitation_accumulated": -3.239559651871133,
            "Humidity": 0.972340262844398,
            "Wind_Speed_kmh": 0.8689992185407976,
            "Soil_Moisture": 0.9891527003635012,
            "Soil_Temperature": 0.9714633231965959,
            "Wind_Dir_Sin": 0.9294701610579066,
            "Wind_Dir_Cos": 0.9669707463656777
        },
        "SMAPE": {
            "Temperature": 7.371587724546474,
            "Precipitation_accumulated": 0.38211917009016316,
            "Humidity": 0.8674293111173644,
            "Wind_Speed_kmh": 163.86397711490977,
            "Soil_Moisture": 0.4952536993924662,
            "Soil_Temperature": 11.04462040711809,
            "Wind_Dir_Sin": 131.29469800457755,
            "Wind_Dir_Cos": 15.318843355441153
        }
    }
}