{
    "trial_number": 3,
    "overall_mae_val": 0.12535002592130703,
    "output_chunk_length": 5,
    "xgb_params": {
        "n_estimators": 300,
        "max_depth": 5,
        "learning_rate": 0.03048793127305845,
        "min_child_weight": 8,
        "subsample": 0.9,
        "colsample_bytree": 0.9,
        "gamma": 0.15000000000000002,
        "reg_alpha": 0.00010285110942846346,
        "reg_lambda": 0.28797906061313283,
        "n_jobs": -1
    },
    "metrics": {
        "MSE": {
            "Temperature": 15.861730150418511,
            "Precipitation_accumulated": 65.42378693559844,
            "Humidity": 82.00942993741079,
            "Wind_Speed_kmh": 1.7007824556054236,
            "Soil_Moisture": 6008.0342832976885,
            "Soil_Temperature": 10.805493933368766,
            "Wind_Dir_Sin": 0.5708287133769049,
            "Wind_Dir_Cos": 0.4114903525075393
        },
        "RMSE": {
            "Temperature": 3.98267876565742,
            "Precipitation_accumulated": 8.088497198837276,
            "Humidity": 9.055905804358325,
            "Wind_Speed_kmh": 1.3041405045490395,
            "Soil_Moisture": 77.51151065033946,
            "Soil_Temperature": 3.28717111409929,
            "Wind_Dir_Sin": 0.755532073029931,
            "Wind_Dir_Cos": 0.6414751378717177
        },
        "MAE": {
            "Temperature": 3.2355636834079,
            "Precipitation_accumulated": 7.56116594091259,
            "Humidity": 7.395144465191175,
            "Wind_Speed_kmh": 1.0161688584238082,
            "Soil_Moisture": 52.62857832463884,
            "Soil_Temperature": 2.405760507605165,
            "Wind_Dir_Sin": 0.6821057597957758,
            "Wind_Dir_Cos": 0.557302963565021
        },
        "R2": {
            "Temperature": 0.4809904867731847,
            "Precipitation_accumulated": -17.7780527718668,
            "Humidity": 0.4407241104045406,
            "Wind_Speed_kmh": -0.2527394914997485,
            "Soil_Moisture": 0.8982422311728671,
            "Soil_Temperature": 0.33307209601532806,
            "Wind_Dir_Sin": -0.040602066786556534,
            "Wind_Dir_Cos": -0.11178904104779885
        },
        "SMAPE": {
            "Temperature": 45.44832140993787,
            "Precipitation_accumulated": 1.641620737050978,
            "Humidity": 8.735449663043369,
            "Wind_Speed_kmh": 87.00733307193883,
            "Soil_Moisture": 0.6152128586775261,
            "Soil_Temperature": 32.26966474729243,
            "Wind_Dir_Sin": 153.05461999815844,
            "Wind_Dir_Cos": 156.23165391293898
        }
    }
}