{
    "trial_number": 29,
    "forecast_horizon": 22,
    "overall_smape_val": 73.79110527964968,
    "output_chunk_length": 24,
    "xgb_params": {
        "n_estimators": 550,
        "max_depth": 7,
        "learning_rate": 0.019819780596139053,
        "min_child_weight": 10,
        "subsample": 0.6,
        "colsample_bytree": 0.9,
        "gamma": 0.2,
        "reg_alpha": 0.0002887863370159598,
        "reg_lambda": 0.00017283784788058815,
        "random_state": 42,
        "n_jobs": -1
    },
    "metrics": {
        "MSE": {
            "Temperature": 6.808790049439903,
            "Precipitation_accumulated": 9.85299927764322,
            "Humidity": 25.484226115625265,
            "Wind_Speed_kmh": 0.2489967802015518,
            "Soil_Moisture": 182673.9050431926,
            "Soil_Temperature": 9.210287819407968,
            "Wind_Dir_Sin": 0.14899142962126197,
            "Wind_Dir_Cos": 0.9658118821882242
        },
        "RMSE": {
            "Temperature": 2.6093658328107048,
            "Precipitation_accumulated": 3.138948753586656,
            "Humidity": 5.048190380287303,
            "Wind_Speed_kmh": 0.4989957717271278,
            "Soil_Moisture": 427.4036792579032,
            "Soil_Temperature": 3.034845600587939,
            "Wind_Dir_Sin": 0.3859940797748872,
            "Wind_Dir_Cos": 0.9827572854923153
        },
        "MAE": {
            "Temperature": 2.2010556925813556,
            "Precipitation_accumulated": 2.9834326497913923,
            "Humidity": 3.4550329291586115,
            "Wind_Speed_kmh": 0.22602285061318508,
            "Soil_Moisture": 203.9572661287553,
            "Soil_Temperature": 2.389671424877966,
            "Wind_Dir_Sin": 0.19478474085570086,
            "Wind_Dir_Cos": 0.9078559057516719
        },
        "R2": {
            "Temperature": -1.0204350329920016,
            "Precipitation_accumulated": -9.348387974565387,
            "Humidity": 0.6084319105662854,
            "Wind_Speed_kmh": 0.2785198160336305,
            "Soil_Moisture": 0.7563916250569779,
            "Soil_Temperature": -0.651931313083266,
            "Wind_Dir_Sin": 0.08464012022028544,
            "Wind_Dir_Cos": -2.3264266355904955
        },
        "SMAPE": {
            "Temperature": 32.53145559393858,
            "Precipitation_accumulated": 0.6511504733233141,
            "Humidity": 4.0384799406502605,
            "Wind_Speed_kmh": 171.03689572728175,
            "Soil_Moisture": 3.2654542729021685,
            "Soil_Temperature": 37.82447361783651,
            "Wind_Dir_Sin": 168.22438980965865,
            "Wind_Dir_Cos": 172.7565428016062
        }
    }
}