{
    "trial_number": 5,
    "forecast_horizon": 12,
    "overall_smape_val": 61.87250663287012,
    "output_chunk_length": 3,
    "xgb_params": {
        "n_estimators": 250,
        "max_depth": 8,
        "learning_rate": 0.08507241657714523,
        "min_child_weight": 7,
        "subsample": 0.9,
        "colsample_bytree": 0.9,
        "gamma": 0.1,
        "reg_alpha": 0.00015499440715374858,
        "reg_lambda": 0.00019944256266166756,
        "random_state": 42,
        "n_jobs": -1
    },
    "metrics": {
        "MSE": {
            "Temperature": 23.521310267755215,
            "Precipitation_accumulated": 64.44725870757748,
            "Humidity": 16.75257326883023,
            "Wind_Speed_kmh": 0.22379557367249708,
            "Soil_Moisture": 107804.51399188461,
            "Soil_Temperature": 24.656274323075365,
            "Wind_Dir_Sin": 0.11777720883435154,
            "Wind_Dir_Cos": 0.1403850466762247
        },
        "RMSE": {
            "Temperature": 4.849877345640322,
            "Precipitation_accumulated": 8.0279050011555,
            "Humidity": 4.092990748686128,
            "Wind_Speed_kmh": 0.4730703686265893,
            "Soil_Moisture": 328.33597730356115,
            "Soil_Temperature": 4.9655084657137945,
            "Wind_Dir_Sin": 0.3431868424551727,
            "Wind_Dir_Cos": 0.37467992563817015
        },
        "MAE": {
            "Temperature": 4.022034755919547,
            "Precipitation_accumulated": 7.968474793029038,
            "Humidity": 2.7157021263129555,
            "Wind_Speed_kmh": 0.24044894556754517,
            "Soil_Moisture": 171.36180413196234,
            "Soil_Temperature": 4.014443238602853,
            "Wind_Dir_Sin": 0.16551796177855255,
            "Wind_Dir_Cos": 0.28638499177108745
        },
        "R2": {
            "Temperature": -5.932127667267866,
            "Precipitation_accumulated": -66.79153866059175,
            "Humidity": 0.7426932286220789,
            "Wind_Speed_kmh": 0.3469577567652782,
            "Soil_Moisture": 0.8552752528422711,
            "Soil_Temperature": -3.4067830588079806,
            "Wind_Dir_Sin": 0.27157083550255456,
            "Wind_Dir_Cos": 0.5137523388015961
        },
        "SMAPE": {
            "Temperature": 48.72196061257779,
            "Precipitation_accumulated": 1.7490850553819124,
            "Humidity": 3.2164272919687296,
            "Wind_Speed_kmh": 170.98689722157965,
            "Soil_Moisture": 2.7931389128118704,
            "Soil_Temperature": 51.453833124362724,
            "Wind_Dir_Sin": 165.09000423604058,
            "Wind_Dir_Cos": 50.968706608237554
        }
    }
}