{
    "trial_number": 8,
    "forecast_horizon": 16,
    "overall_smape_val": 57.192109204209295,
    "output_chunk_length": 22,
    "xgb_params": {
        "n_estimators": 100,
        "max_depth": 7,
        "learning_rate": 0.0440790417970817,
        "min_child_weight": 10,
        "subsample": 1.0,
        "colsample_bytree": 0.6,
        "gamma": 0.05,
        "reg_alpha": 0.0030697360380219593,
        "reg_lambda": 0.0009793325885365553,
        "random_state": 42,
        "n_jobs": -1
    },
    "metrics": {
        "MSE": {
            "Temperature": 1.4986194603390073,
            "Precipitation_accumulated": 156.34590796212228,
            "Humidity": 14.513184336983617,
            "Wind_Speed_kmh": 0.17343669737831147,
            "Soil_Moisture": 106868.09693990675,
            "Soil_Temperature": 2.296347268452226,
            "Wind_Dir_Sin": 0.09647356301254015,
            "Wind_Dir_Cos": 0.3227682921478974
        },
        "RMSE": {
            "Temperature": 1.2241811386959887,
            "Precipitation_accumulated": 12.503835729971915,
            "Humidity": 3.8096173478426434,
            "Wind_Speed_kmh": 0.4164573175948665,
            "Soil_Moisture": 326.90686279108115,
            "Soil_Temperature": 1.515370340363116,
            "Wind_Dir_Sin": 0.31060193658852187,
            "Wind_Dir_Cos": 0.5681270035369709
        },
        "MAE": {
            "Temperature": 0.966171641944862,
            "Precipitation_accumulated": 12.433139863592444,
            "Humidity": 2.232417918494516,
            "Wind_Speed_kmh": 0.18579787170392453,
            "Soil_Moisture": 151.77782862447972,
            "Soil_Temperature": 1.1364236785166062,
            "Wind_Dir_Sin": 0.14518111246777182,
            "Wind_Dir_Cos": 0.3855304671526364
        },
        "R2": {
            "Temperature": 0.5576631806953934,
            "Precipitation_accumulated": -163.35659453718455,
            "Humidity": 0.7771983539816059,
            "Wind_Speed_kmh": 0.49532744591241396,
            "Soil_Moisture": 0.8569177437137169,
            "Soil_Temperature": 0.5891416217904852,
            "Wind_Dir_Sin": 0.40491580285717665,
            "Wind_Dir_Cos": -0.11544533351505382
        },
        "SMAPE": {
            "Temperature": 16.10069811178764,
            "Precipitation_accumulated": 2.7426986483229086,
            "Humidity": 2.6056955390457386,
            "Wind_Speed_kmh": 169.5128130340424,
            "Soil_Moisture": 2.427273638477648,
            "Soil_Temperature": 24.37807203684018,
            "Wind_Dir_Sin": 160.02413790062118,
            "Wind_Dir_Cos": 79.74548472453522
        }
    }
}