{
    "trial_number": 70,
    "overall_mae_val": 0.09584433097539136,
    "output_chunk_length": 2,
    "xgb_params": {
        "n_estimators": 550,
        "max_depth": 3,
        "learning_rate": 0.013739600142094749,
        "min_child_weight": 9,
        "subsample": 0.8,
        "colsample_bytree": 0.6,
        "gamma": 0.2,
        "reg_alpha": 0.00021004568974712098,
        "reg_lambda": 0.06915211258531496,
        "n_jobs": -1
    },
    "metrics": {
        "MSE": {
            "Temperature": 5.910038775679117,
            "Precipitation_accumulated": 70.79017178624284,
            "Humidity": 27.358973273538464,
            "Wind_Speed_kmh": 0.9490331587144687,
            "Soil_Moisture": 1926.1558969851935,
            "Soil_Temperature": 1.328100540598309,
            "Wind_Dir_Sin": 0.45323525524472474,
            "Wind_Dir_Cos": 0.33298329925259285
        },
        "RMSE": {
            "Temperature": 2.431057131307102,
            "Precipitation_accumulated": 8.41368954658079,
            "Humidity": 5.230580586659426,
            "Wind_Speed_kmh": 0.9741833291092948,
            "Soil_Moisture": 43.88799262879533,
            "Soil_Temperature": 1.152432445134338,
            "Wind_Dir_Sin": 0.6732274914504939,
            "Wind_Dir_Cos": 0.5770470511601223
        },
        "MAE": {
            "Temperature": 1.936613139749628,
            "Precipitation_accumulated": 8.003588109738594,
            "Humidity": 4.208001441596925,
            "Wind_Speed_kmh": 0.743560647381609,
            "Soil_Moisture": 23.907098184986417,
            "Soil_Temperature": 0.8339886661784636,
            "Wind_Dir_Sin": 0.5757369120344669,
            "Wind_Dir_Cos": 0.4812361029258307
        },
        "R2": {
            "Temperature": 0.8066024661645087,
            "Precipitation_accumulated": -19.34829765201967,
            "Humidity": 0.8134089661413516,
            "Wind_Speed_kmh": 0.2993612846727125,
            "Soil_Moisture": 0.967276607300057,
            "Soil_Temperature": 0.9180160516696559,
            "Wind_Dir_Sin": 0.17415683107028412,
            "Wind_Dir_Cos": 0.0992158819662391
        },
        "SMAPE": {
            "Temperature": 33.11384314335806,
            "Precipitation_accumulated": 1.7380877832628416,
            "Humidity": 4.956312470392184,
            "Wind_Speed_kmh": 68.01190078080845,
            "Soil_Moisture": 0.2792335073806293,
            "Soil_Temperature": 14.717316455773155,
            "Wind_Dir_Sin": 118.66608967238804,
            "Wind_Dir_Cos": 119.85376495651649
        }
    }
}