{
    "trial_number": 33,
    "overall_mae_val": 0.1330721880538235,
    "output_chunk_length": 7,
    "xgb_params": {
        "n_estimators": 400,
        "max_depth": 4,
        "learning_rate": 0.07707539572513625,
        "min_child_weight": 8,
        "subsample": 0.6,
        "colsample_bytree": 0.9,
        "gamma": 0.2,
        "reg_alpha": 0.05619997968320155,
        "reg_lambda": 2.9259001616810014e-05,
        "n_jobs": -1
    },
    "metrics": {
        "MSE": {
            "Temperature": 27.05555241110911,
            "Precipitation_accumulated": 67.41959762918782,
            "Humidity": 143.98649398263188,
            "Wind_Speed_kmh": 1.6477635907967851,
            "Soil_Moisture": 14815.19577300569,
            "Soil_Temperature": 11.593374231574849,
            "Wind_Dir_Sin": 0.5943836379074147,
            "Wind_Dir_Cos": 0.42267938014299944
        },
        "RMSE": {
            "Temperature": 5.201495209178714,
            "Precipitation_accumulated": 8.21094377213654,
            "Humidity": 11.999437236080361,
            "Wind_Speed_kmh": 1.28365244158876,
            "Soil_Moisture": 121.71768882543608,
            "Soil_Temperature": 3.4049044379504765,
            "Wind_Dir_Sin": 0.7709627993018954,
            "Wind_Dir_Cos": 0.6501379700825044
        },
        "MAE": {
            "Temperature": 4.020225801237441,
            "Precipitation_accumulated": 7.994045881970404,
            "Humidity": 9.63848824325947,
            "Wind_Speed_kmh": 1.007519271589426,
            "Soil_Moisture": 99.74924504126862,
            "Soil_Temperature": 2.492024640073384,
            "Wind_Dir_Sin": 0.691415380430407,
            "Wind_Dir_Cos": 0.5534282345077681
        },
        "R2": {
            "Temperature": 0.11321854372859985,
            "Precipitation_accumulated": -18.181478115153272,
            "Humidity": 0.017556815985549035,
            "Wind_Speed_kmh": -0.21712544765614616,
            "Soil_Moisture": 0.753998724080247,
            "Soil_Temperature": 0.28427737038055867,
            "Wind_Dir_Sin": -0.08271990278059516,
            "Wind_Dir_Cos": -0.141866027863498
        },
        "SMAPE": {
            "Temperature": 53.44559927840908,
            "Precipitation_accumulated": 1.7353371249854244,
            "Humidity": 11.397460663884805,
            "Wind_Speed_kmh": 84.77222993936532,
            "Soil_Moisture": 1.1665571248163689,
            "Soil_Temperature": 37.900088444547606,
            "Wind_Dir_Sin": 154.0727521120636,
            "Wind_Dir_Cos": 142.04504659385427
        }
    }
}