{
    "trial_number": 9,
    "overall_mae_val": 0.07773358197585535,
    "xgb_params": {
        "n_estimators": 600,
        "max_depth": 4,
        "learning_rate": 0.025420211172141553,
        "min_child_weight": 6,
        "subsample": 0.6,
        "colsample_bytree": 0.9,
        "gamma": 0.0,
        "reg_alpha": 0.014915904840497547,
        "reg_lambda": 0.11954417770637388,
        "n_jobs": -1
    },
    "metrics": {
        "MSE": {
            "Temperature": 1.5716445735030677,
            "Precipitation_accumulated": 18.917128218991206,
            "Humidity": 9.122720481110639,
            "Wind_Speed_kmh": 0.5602748948469426,
            "Soil_Moisture": 2620.671179463373,
            "Soil_Temperature": 0.6941439884510267,
            "Wind_Dir_Sin": 0.3649143644013275,
            "Wind_Dir_Cos": 0.3064972837738245
        },
        "RMSE": {
            "Temperature": 1.2536524931188338,
            "Precipitation_accumulated": 4.3493825100801615,
            "Humidity": 3.0203841611806004,
            "Wind_Speed_kmh": 0.7485151266654152,
            "Soil_Moisture": 51.19249143637544,
            "Soil_Temperature": 0.8331530402339217,
            "Wind_Dir_Sin": 0.6040814219965116,
            "Wind_Dir_Cos": 0.5536219682904794
        },
        "MAE": {
            "Temperature": 0.9213563686845551,
            "Precipitation_accumulated": 3.690032913451299,
            "Humidity": 2.1046005452382155,
            "Wind_Speed_kmh": 0.5590925274705553,
            "Soil_Moisture": 39.08811661952014,
            "Soil_Temperature": 0.6139111831982063,
            "Wind_Dir_Sin": 0.49305622375428676,
            "Wind_Dir_Cos": 0.44671660815267933
        },
        "R2": {
            "Temperature": 0.9485633923118855,
            "Precipitation_accumulated": -4.445696023459896,
            "Humidity": 0.9377779364260445,
            "Wind_Speed_kmh": 0.5856009847886383,
            "Soil_Moisture": 0.9553421973522739,
            "Soil_Temperature": 0.9571408357324636,
            "Wind_Dir_Sin": 0.335365048562973,
            "Wind_Dir_Cos": 0.16996315818332852
        },
        "SMAPE": {
            "Temperature": 19.24748262437919,
            "Precipitation_accumulated": 0.7973270138217062,
            "Humidity": 2.545772070052352,
            "Wind_Speed_kmh": 57.832869168491065,
            "Soil_Moisture": 0.4552119399840692,
            "Soil_Temperature": 10.805899580637323,
            "Wind_Dir_Sin": 97.85503999521976,
            "Wind_Dir_Cos": 111.19647919229475
        }
    }
}