{
    "trial_number": 58,
    "overall_mae_val": 0.1311640247224583,
    "output_chunk_length": 13,
    "xgb_params": {
        "n_estimators": 500,
        "max_depth": 5,
        "learning_rate": 0.035919938830944825,
        "min_child_weight": 7,
        "subsample": 1.0,
        "colsample_bytree": 0.6,
        "gamma": 0.15000000000000002,
        "reg_alpha": 0.00014199473807265805,
        "reg_lambda": 0.010047854250070543,
        "n_jobs": -1
    },
    "metrics": {
        "MSE": {
            "Temperature": 10.737931068483208,
            "Precipitation_accumulated": 59.39276422094887,
            "Humidity": 98.02495414742496,
            "Wind_Speed_kmh": 1.3380552779146895,
            "Soil_Moisture": 83598.74367477397,
            "Soil_Temperature": 7.534869354542615,
            "Wind_Dir_Sin": 0.6393214661986314,
            "Wind_Dir_Cos": 0.4309220063549582
        },
        "RMSE": {
            "Temperature": 3.2768782504821883,
            "Precipitation_accumulated": 7.706670112373363,
            "Humidity": 9.900755231164185,
            "Wind_Speed_kmh": 1.156743393287677,
            "Soil_Moisture": 289.1344733420316,
            "Soil_Temperature": 2.7449716491327583,
            "Wind_Dir_Sin": 0.799575803910193,
            "Wind_Dir_Cos": 0.6564464992327693
        },
        "MAE": {
            "Temperature": 2.6686404875542404,
            "Precipitation_accumulated": 7.473701232314393,
            "Humidity": 8.00703425392748,
            "Wind_Speed_kmh": 0.9074467257012284,
            "Soil_Moisture": 239.4216303267149,
            "Soil_Temperature": 2.2639876980529374,
            "Wind_Dir_Sin": 0.724512720860993,
            "Wind_Dir_Cos": 0.5751863466264905
        },
        "R2": {
            "Temperature": 0.6478259360464967,
            "Precipitation_accumulated": -16.412582410085047,
            "Humidity": 0.3313229964400003,
            "Wind_Speed_kmh": 0.006433905258250827,
            "Soil_Moisture": -0.4845028131032325,
            "Soil_Temperature": 0.5319338825561752,
            "Wind_Dir_Sin": -0.1611997637758955,
            "Wind_Dir_Cos": -0.1754274618412044
        },
        "SMAPE": {
            "Temperature": 40.1289670379249,
            "Precipitation_accumulated": 1.6213052606494298,
            "Humidity": 9.442722446708206,
            "Wind_Speed_kmh": 76.28110135061475,
            "Soil_Moisture": 2.8248505818479726,
            "Soil_Temperature": 38.139373034113135,
            "Wind_Dir_Sin": 162.22478663624972,
            "Wind_Dir_Cos": 166.97163444288012
        }
    }
}