{
    "trial_number": 52,
    "overall_mae_val": 0.07708785847697945,
    "xgb_params": {
        "n_estimators": 350,
        "max_depth": 4,
        "learning_rate": 0.01932340730123042,
        "min_child_weight": 5,
        "subsample": 0.6,
        "colsample_bytree": 0.8,
        "gamma": 0.0,
        "reg_alpha": 2.8058890665198358e-05,
        "reg_lambda": 0.432427337177304,
        "n_jobs": -1
    },
    "metrics": {
        "MSE": {
            "Temperature": 1.8011385697975102,
            "Precipitation_accumulated": 21.280977986891074,
            "Humidity": 10.023817624867092,
            "Wind_Speed_kmh": 0.5429332515909187,
            "Soil_Moisture": 1441.2116935152362,
            "Soil_Temperature": 0.5788782131331144,
            "Wind_Dir_Sin": 0.35593822945956094,
            "Wind_Dir_Cos": 0.30405144355434865
        },
        "RMSE": {
            "Temperature": 1.3420650393321145,
            "Precipitation_accumulated": 4.613131039423341,
            "Humidity": 3.1660413176184377,
            "Wind_Speed_kmh": 0.7368400447796786,
            "Soil_Moisture": 37.96329402877517,
            "Soil_Temperature": 0.7608404649682575,
            "Wind_Dir_Sin": 0.5966055895309404,
            "Wind_Dir_Cos": 0.5514085994562913
        },
        "MAE": {
            "Temperature": 1.0062034775627042,
            "Precipitation_accumulated": 3.964940383294008,
            "Humidity": 2.248725109134574,
            "Wind_Speed_kmh": 0.5512763984163422,
            "Soil_Moisture": 25.531483079412627,
            "Soil_Temperature": 0.5471379944465125,
            "Wind_Dir_Sin": 0.4875125534741062,
            "Wind_Dir_Cos": 0.44364590985623537
        },
        "R2": {
            "Temperature": 0.9410389298965945,
            "Precipitation_accumulated": -5.135298440096404,
            "Humidity": 0.9316273110322898,
            "Wind_Speed_kmh": 0.597943630089717,
            "Soil_Moisture": 0.9753650067216815,
            "Soil_Temperature": 0.9642474026584826,
            "Wind_Dir_Sin": 0.35191171489221673,
            "Wind_Dir_Cos": 0.17593633956258103
        },
        "SMAPE": {
            "Temperature": 20.300398290759095,
            "Precipitation_accumulated": 0.8570375184942602,
            "Humidity": 2.7191463841008288,
            "Wind_Speed_kmh": 57.0557621737485,
            "Soil_Moisture": 0.2976932972804294,
            "Soil_Temperature": 9.263817424875361,
            "Wind_Dir_Sin": 97.29950358521464,
            "Wind_Dir_Cos": 108.27629620759144
        }
    }
}