{
    "trial_number": 60,
    "overall_mae_val": 0.08013202137028544,
    "xgb_params": {
        "n_estimators": 500,
        "max_depth": 5,
        "learning_rate": 0.031581075594504335,
        "min_child_weight": 4,
        "subsample": 0.6,
        "colsample_bytree": 0.8,
        "gamma": 0.0,
        "reg_alpha": 0.005786820791838582,
        "reg_lambda": 0.01935607729632862,
        "n_jobs": -1
    },
    "metrics": {
        "MSE": {
            "Temperature": 1.8942647172645994,
            "Precipitation_accumulated": 18.330359141002692,
            "Humidity": 10.321631942503183,
            "Wind_Speed_kmh": 0.5825540713302918,
            "Soil_Moisture": 2674.438905011452,
            "Soil_Temperature": 1.9547641054238731,
            "Wind_Dir_Sin": 0.36983149808717364,
            "Wind_Dir_Cos": 0.30751258998090203
        },
        "RMSE": {
            "Temperature": 1.3763228971664314,
            "Precipitation_accumulated": 4.281396867962919,
            "Humidity": 3.2127296715570677,
            "Wind_Speed_kmh": 0.763252298607932,
            "Soil_Moisture": 51.714977569476446,
            "Soil_Temperature": 1.3981287871379635,
            "Wind_Dir_Sin": 0.6081377295376218,
            "Wind_Dir_Cos": 0.5545381772077573
        },
        "MAE": {
            "Temperature": 1.0428760259121954,
            "Precipitation_accumulated": 3.6409884193534245,
            "Humidity": 2.2943048258384473,
            "Wind_Speed_kmh": 0.5743820426238516,
            "Soil_Moisture": 38.23010734763645,
            "Soil_Temperature": 0.8549322796006421,
            "Wind_Dir_Sin": 0.49998139941685327,
            "Wind_Dir_Cos": 0.45415637545263277
        },
        "R2": {
            "Temperature": 0.9379413702065194,
            "Precipitation_accumulated": -4.222788542543433,
            "Humidity": 0.9296160620243155,
            "Wind_Speed_kmh": 0.5699154674480178,
            "Soil_Moisture": 0.9554405295487415,
            "Soil_Temperature": 0.8793415555726183,
            "Wind_Dir_Sin": 0.32662935145270544,
            "Wind_Dir_Cos": 0.16923947639192782
        },
        "SMAPE": {
            "Temperature": 21.454714647556216,
            "Precipitation_accumulated": 0.7866594027548165,
            "Humidity": 2.763767303419242,
            "Wind_Speed_kmh": 58.93647451150399,
            "Soil_Moisture": 0.4462963137716866,
            "Soil_Temperature": 11.581141933850649,
            "Wind_Dir_Sin": 102.60708724802714,
            "Wind_Dir_Cos": 113.209014740165
        }
    }
}