{
    "trial_number": 39,
    "overall_smape_val": 33.683508670718126,
    "xgb_params": {
        "n_estimators": 300,
        "max_depth": 7,
        "learning_rate": 0.060271512462930554,
        "min_child_weight": 5,
        "subsample": 0.6,
        "colsample_bytree": 0.7,
        "gamma": 0.0,
        "reg_alpha": 0.00020213998402798407,
        "reg_lambda": 0.0011962177668787773,
        "random_state": 42,
        "n_jobs": -1
    },
    "metrics": {
        "MSE": {
            "Temperature": 0.05912525452475871,
            "Precipitation_accumulated": 0.014566892740305723,
            "Humidity": 0.5480507768477604,
            "Wind_Speed_kmh": 0.0019505924229473708,
            "Soil_Moisture": 548.1430160856871,
            "Soil_Temperature": 0.014048479333648757,
            "Wind_Dir_Sin": 0.0018635847627512096,
            "Wind_Dir_Cos": 0.0011241683390575516
        },
        "RMSE": {
            "Temperature": 0.24315685169198648,
            "Precipitation_accumulated": 0.12069338316703912,
            "Humidity": 0.7403045162956663,
            "Wind_Speed_kmh": 0.04416551169122091,
            "Soil_Moisture": 23.412454294364082,
            "Soil_Temperature": 0.11852628119387175,
            "Wind_Dir_Sin": 0.043169257148475575,
            "Wind_Dir_Cos": 0.03352861970104871
        },
        "MAE": {
            "Temperature": 0.12280018197836663,
            "Precipitation_accumulated": 0.055145487373754506,
            "Humidity": 0.33940511989006883,
            "Wind_Speed_kmh": 0.016909509783030293,
            "Soil_Moisture": 7.384403814045059,
            "Soil_Temperature": 0.05856889909218858,
            "Wind_Dir_Sin": 0.018836292100724957,
            "Wind_Dir_Cos": 0.013086648647819235
        },
        "R2": {
            "Temperature": 0.9826324291387082,
            "Precipitation_accumulated": 0.9846525929795107,
            "Humidity": 0.9915721639075907,
            "Wind_Speed_kmh": 0.9942681569247827,
            "Soil_Moisture": 0.9992592363308155,
            "Soil_Temperature": 0.9974967999272645,
            "Wind_Dir_Sin": 0.9883974814944264,
            "Wind_Dir_Cos": 0.9960843055205761
        },
        "SMAPE": {
            "Temperature": 1.9558611062405977,
            "Precipitation_accumulated": 0.011983026633371913,
            "Humidity": 0.408910122167496,
            "Wind_Speed_kmh": 131.23751737822357,
            "Soil_Moisture": 0.12070415317469643,
            "Soil_Temperature": 3.2667688760355427,
            "Wind_Dir_Sin": 124.62134611137608,
            "Wind_Dir_Cos": 7.844978591893203
        }
    }
}