{
    "trial_number": 66,
    "overall_mae_val": 0.08425902684278222,
    "xgb_params": {
        "n_estimators": 250,
        "max_depth": 3,
        "learning_rate": 0.012375590122077399,
        "min_child_weight": 4,
        "subsample": 0.6,
        "colsample_bytree": 0.7,
        "gamma": 0.0,
        "reg_alpha": 1.7160506252828634e-05,
        "reg_lambda": 0.07804000967650897,
        "n_jobs": -1
    },
    "metrics": {
        "MSE": {
            "Temperature": 3.031641899065643,
            "Precipitation_accumulated": 254.47639340411553,
            "Humidity": 14.851907814885697,
            "Wind_Speed_kmh": 0.5387912301334685,
            "Soil_Moisture": 3717.890555161061,
            "Soil_Temperature": 0.9407460052249706,
            "Wind_Dir_Sin": 0.3505787909698233,
            "Wind_Dir_Cos": 0.2984812297908008
        },
        "RMSE": {
            "Temperature": 1.741161077863172,
            "Precipitation_accumulated": 15.952316239471795,
            "Humidity": 3.8538173042952746,
            "Wind_Speed_kmh": 0.7340239983362046,
            "Soil_Moisture": 60.9745074204053,
            "Soil_Temperature": 0.9699206180017882,
            "Wind_Dir_Sin": 0.5920969438950208,
            "Wind_Dir_Cos": 0.5463343571392896
        },
        "MAE": {
            "Temperature": 1.3995825534812347,
            "Precipitation_accumulated": 15.786233323923133,
            "Humidity": 3.2390032570030547,
            "Wind_Speed_kmh": 0.5640999707392617,
            "Soil_Moisture": 53.57471994187351,
            "Soil_Temperature": 0.7221878308752451,
            "Wind_Dir_Sin": 0.4851515843364058,
            "Wind_Dir_Cos": 0.4425592718061457
        },
        "R2": {
            "Temperature": 0.9007807632577395,
            "Precipitation_accumulated": -72.256419662789,
            "Humidity": 0.8987016697304487,
            "Wind_Speed_kmh": 0.6014910587189128,
            "Soil_Moisture": 0.9366449236442453,
            "Soil_Temperature": 0.9419146628901327,
            "Wind_Dir_Sin": 0.3614750734919753,
            "Wind_Dir_Cos": 0.19167173598857556
        },
        "SMAPE": {
            "Temperature": 27.174716375662527,
            "Precipitation_accumulated": 3.457180000268633,
            "Humidity": 3.7320488878686375,
            "Wind_Speed_kmh": 57.33679359889828,
            "Soil_Moisture": 0.6231549352546928,
            "Soil_Temperature": 12.537709892954982,
            "Wind_Dir_Sin": 96.80030466653774,
            "Wind_Dir_Cos": 109.20231286304708
        }
    }
}