{
    "trial_number": 16,
    "overall_smape_val": 43.49766120874595,
    "xgb_params": {
        "n_estimators": 100,
        "max_depth": 6,
        "learning_rate": 0.12049501860070581,
        "min_child_weight": 6,
        "subsample": 1.0,
        "colsample_bytree": 0.9,
        "gamma": 0.15000000000000002,
        "reg_alpha": 0.00514459314513927,
        "reg_lambda": 0.012228206281917245,
        "random_state": 42,
        "n_jobs": -1
    },
    "metrics": {
        "MSE": {
            "Temperature": 0.6104232772775248,
            "Precipitation_accumulated": 6.913648174257956,
            "Humidity": 2.4444212372622878,
            "Wind_Speed_kmh": 0.06232096274534834,
            "Soil_Moisture": 9970.779960185822,
            "Soil_Temperature": 0.43961234896242524,
            "Wind_Dir_Sin": 0.018953289869940913,
            "Wind_Dir_Cos": 0.014859612549450786
        },
        "RMSE": {
            "Temperature": 0.781295896109486,
            "Precipitation_accumulated": 2.6293817095009153,
            "Humidity": 1.5634644982417374,
            "Wind_Speed_kmh": 0.24964166868803842,
            "Soil_Moisture": 99.85379291837553,
            "Soil_Temperature": 0.6630326907192625,
            "Wind_Dir_Sin": 0.13767094780650313,
            "Wind_Dir_Cos": 0.12190001045713977
        },
        "MAE": {
            "Temperature": 0.5167204660757228,
            "Precipitation_accumulated": 2.442233527113792,
            "Humidity": 0.8871907120637499,
            "Wind_Speed_kmh": 0.10421879897635238,
            "Soil_Moisture": 42.25119028706351,
            "Soil_Temperature": 0.45669051448096715,
            "Wind_Dir_Sin": 0.06034831823110107,
            "Wind_Dir_Cos": 0.04945281661417967
        },
        "R2": {
            "Temperature": 0.820693042106737,
            "Precipitation_accumulated": -6.284091015045996,
            "Humidity": 0.962410086074609,
            "Wind_Speed_kmh": 0.8168689806489422,
            "Soil_Moisture": 0.9865254298035523,
            "Soil_Temperature": 0.9216685565915728,
            "Wind_Dir_Sin": 0.8819984468359555,
            "Wind_Dir_Cos": 0.9482411122919173
        },
        "SMAPE": {
            "Temperature": 9.60589041448902,
            "Precipitation_accumulated": 0.5326910828056451,
            "Humidity": 1.0397497782950416,
            "Wind_Speed_kmh": 165.2660080005989,
            "Soil_Moisture": 0.7096367663599633,
            "Soil_Temperature": 14.845883859731453,
            "Wind_Dir_Sin": 138.04646652966835,
            "Wind_Dir_Cos": 17.934963238019186
        }
    }
}