{
    "trial_number": 27,
    "overall_mae_val": 0.08206846634788242,
    "xgb_params": {
        "n_estimators": 150,
        "max_depth": 4,
        "learning_rate": 0.022629826888453993,
        "min_child_weight": 2,
        "subsample": 0.8,
        "colsample_bytree": 0.8,
        "gamma": 0.05,
        "reg_alpha": 0.00010836036755401323,
        "reg_lambda": 0.015161504362984534,
        "n_jobs": -1
    },
    "metrics": {
        "MSE": {
            "Temperature": 2.5043069672790628,
            "Precipitation_accumulated": 198.2373541727386,
            "Humidity": 12.66825770436143,
            "Wind_Speed_kmh": 0.5360747407208359,
            "Soil_Moisture": 2092.668919363465,
            "Soil_Temperature": 0.6523814959880484,
            "Wind_Dir_Sin": 0.3547246583594151,
            "Wind_Dir_Cos": 0.30037487631735627
        },
        "RMSE": {
            "Temperature": 1.5825002266284396,
            "Precipitation_accumulated": 14.07967876667428,
            "Humidity": 3.5592495984914336,
            "Wind_Speed_kmh": 0.7321712509521499,
            "Soil_Moisture": 45.74569837004858,
            "Soil_Temperature": 0.8077013655974888,
            "Wind_Dir_Sin": 0.5955876579978929,
            "Wind_Dir_Cos": 0.5480646643575521
        },
        "MAE": {
            "Temperature": 1.2413163208395175,
            "Precipitation_accumulated": 13.859790694120257,
            "Humidity": 2.916604293999922,
            "Wind_Speed_kmh": 0.557964847977459,
            "Soil_Moisture": 36.506208305661204,
            "Soil_Temperature": 0.6135410210226149,
            "Wind_Dir_Sin": 0.48709221670584785,
            "Wind_Dir_Cos": 0.44340305734734403
        },
        "R2": {
            "Temperature": 0.9180501499530085,
            "Precipitation_accumulated": -55.98238310024336,
            "Humidity": 0.9136011692174563,
            "Wind_Speed_kmh": 0.6042343576626719,
            "Soil_Moisture": 0.9644477235999022,
            "Soil_Temperature": 0.959728341926085,
            "Wind_Dir_Sin": 0.3536536874236025,
            "Wind_Dir_Cos": 0.18742796215200008
        },
        "SMAPE": {
            "Temperature": 25.641422024786642,
            "Precipitation_accumulated": 3.029085500106024,
            "Humidity": 3.388497367183897,
            "Wind_Speed_kmh": 57.2130439528215,
            "Soil_Moisture": 0.42460021418616867,
            "Soil_Temperature": 11.558874810116249,
            "Wind_Dir_Sin": 96.87630079934884,
            "Wind_Dir_Cos": 109.2257022450582
        }
    }
}