{
    "trial_number": 35,
    "overall_smape_val": 41.289455490323625,
    "xgb_params": {
        "n_estimators": 150,
        "max_depth": 8,
        "learning_rate": 0.08942913948232616,
        "min_child_weight": 7,
        "subsample": 0.9,
        "colsample_bytree": 0.7,
        "gamma": 0.05,
        "reg_alpha": 0.000215668273128429,
        "reg_lambda": 0.007057179436596601,
        "random_state": 42,
        "n_jobs": -1
    },
    "metrics": {
        "MSE": {
            "Temperature": 0.3767819306727976,
            "Precipitation_accumulated": 4.370549312662564,
            "Humidity": 1.829991763183354,
            "Wind_Speed_kmh": 0.040058265409869245,
            "Soil_Moisture": 6764.827297785339,
            "Soil_Temperature": 0.15033703019631975,
            "Wind_Dir_Sin": 0.007725987133271309,
            "Wind_Dir_Cos": 0.006254723980549988
        },
        "RMSE": {
            "Temperature": 0.6138256516901176,
            "Precipitation_accumulated": 2.090585877849213,
            "Humidity": 1.3527718814284078,
            "Wind_Speed_kmh": 0.2001456105186153,
            "Soil_Moisture": 82.24857018687523,
            "Soil_Temperature": 0.38773319460206107,
            "Wind_Dir_Sin": 0.08789759458182748,
            "Wind_Dir_Cos": 0.07908681293711353
        },
        "MAE": {
            "Temperature": 0.38141962102514987,
            "Precipitation_accumulated": 1.8497042302387918,
            "Humidity": 0.7157570027446759,
            "Wind_Speed_kmh": 0.08091118999714207,
            "Soil_Moisture": 29.227916159361435,
            "Soil_Temperature": 0.2157660087990473,
            "Wind_Dir_Sin": 0.03864210803289963,
            "Wind_Dir_Cos": 0.03198228743460481
        },
        "R2": {
            "Temperature": 0.8893233199110555,
            "Precipitation_accumulated": -3.604729395649027,
            "Humidity": 0.9718586830233567,
            "Wind_Speed_kmh": 0.8822882276719621,
            "Soil_Moisture": 0.990857972931422,
            "Soil_Temperature": 0.9732124982366668,
            "Wind_Dir_Sin": 0.951898668373277,
            "Wind_Dir_Cos": 0.978213593720766
        },
        "SMAPE": {
            "Temperature": 7.082892400585534,
            "Precipitation_accumulated": 0.40313547849257264,
            "Humidity": 0.842421499387393,
            "Wind_Speed_kmh": 165.46149473759579,
            "Soil_Moisture": 0.4808565064901504,
            "Soil_Temperature": 10.448713468101456,
            "Wind_Dir_Sin": 131.19666967075605,
            "Wind_Dir_Cos": 14.399460161179986
        }
    }
}