{
    "trial_number": 65,
    "overall_mae_val": 0.0970079965598684,
    "output_chunk_length": 2,
    "xgb_params": {
        "n_estimators": 550,
        "max_depth": 3,
        "learning_rate": 0.016908949240240015,
        "min_child_weight": 7,
        "subsample": 0.9,
        "colsample_bytree": 0.6,
        "gamma": 0.1,
        "reg_alpha": 0.0003941728434222723,
        "reg_lambda": 0.015296267662703304,
        "n_jobs": -1
    },
    "metrics": {
        "MSE": {
            "Temperature": 5.6901602436382355,
            "Precipitation_accumulated": 56.96348451018863,
            "Humidity": 27.87636289963269,
            "Wind_Speed_kmh": 0.9435897034173018,
            "Soil_Moisture": 1929.7102700646915,
            "Soil_Temperature": 2.274675146332111,
            "Wind_Dir_Sin": 0.4599902407601416,
            "Wind_Dir_Cos": 0.34209480780177937
        },
        "RMSE": {
            "Temperature": 2.385405676952714,
            "Precipitation_accumulated": 7.5474157504531725,
            "Humidity": 5.279807089244141,
            "Wind_Speed_kmh": 0.9713854556340143,
            "Soil_Moisture": 43.9284676498588,
            "Soil_Temperature": 1.508202621112996,
            "Wind_Dir_Sin": 0.6782258036672901,
            "Wind_Dir_Cos": 0.5848887140318056
        },
        "MAE": {
            "Temperature": 1.8928899392868248,
            "Precipitation_accumulated": 7.260144053990344,
            "Humidity": 4.219992265822382,
            "Wind_Speed_kmh": 0.7394116838542293,
            "Soil_Moisture": 23.24084042995219,
            "Soil_Temperature": 1.1005417429125637,
            "Wind_Dir_Sin": 0.5790541014877826,
            "Wind_Dir_Cos": 0.49242101713855907
        },
        "R2": {
            "Temperature": 0.8137795662228152,
            "Precipitation_accumulated": -15.301943341910864,
            "Humidity": 0.8099174506489735,
            "Wind_Speed_kmh": 0.30441462685438314,
            "Soil_Moisture": 0.9675297474728808,
            "Soil_Temperature": 0.8596198316894941,
            "Wind_Dir_Sin": 0.16109880510979568,
            "Wind_Dir_Cos": 0.07575872527371852
        },
        "SMAPE": {
            "Temperature": 32.535535809694224,
            "Precipitation_accumulated": 1.5748182462911045,
            "Humidity": 4.939716840534696,
            "Wind_Speed_kmh": 67.91283975133926,
            "Soil_Moisture": 0.2720645705328964,
            "Soil_Temperature": 17.453427511976773,
            "Wind_Dir_Sin": 120.36337054282359,
            "Wind_Dir_Cos": 125.35876621338173
        }
    }
}