{
    "trial_number": 59,
    "overall_mae_val": 0.09689405387127976,
    "output_chunk_length": 2,
    "xgb_params": {
        "n_estimators": 600,
        "max_depth": 5,
        "learning_rate": 0.01880841206462622,
        "min_child_weight": 6,
        "subsample": 1.0,
        "colsample_bytree": 0.7,
        "gamma": 0.1,
        "reg_alpha": 1.581939095285619e-05,
        "reg_lambda": 0.09266724125021118,
        "n_jobs": -1
    },
    "metrics": {
        "MSE": {
            "Temperature": 5.356732608059931,
            "Precipitation_accumulated": 58.74085531721201,
            "Humidity": 25.64134260419167,
            "Wind_Speed_kmh": 0.945935007576444,
            "Soil_Moisture": 2112.009887995493,
            "Soil_Temperature": 1.1573936584508424,
            "Wind_Dir_Sin": 0.4724486211679349,
            "Wind_Dir_Cos": 0.3397992828240886
        },
        "RMSE": {
            "Temperature": 2.3144616238036724,
            "Precipitation_accumulated": 7.664258301832736,
            "Humidity": 5.063728132926537,
            "Wind_Speed_kmh": 0.9725919018665763,
            "Soil_Moisture": 45.95660875212066,
            "Soil_Temperature": 1.0758223173232848,
            "Wind_Dir_Sin": 0.6873489806262426,
            "Wind_Dir_Cos": 0.5829230505170374
        },
        "MAE": {
            "Temperature": 1.8236617203220924,
            "Precipitation_accumulated": 7.205836577554447,
            "Humidity": 3.892433913867412,
            "Wind_Speed_kmh": 0.740122675690944,
            "Soil_Moisture": 27.225820790281954,
            "Soil_Temperature": 0.7714705500798112,
            "Wind_Dir_Sin": 0.5973695994939551,
            "Wind_Dir_Cos": 0.4952005929958234
        },
        "R2": {
            "Temperature": 0.8246854547801666,
            "Precipitation_accumulated": -15.909799337007033,
            "Humidity": 0.8251116810009561,
            "Wind_Speed_kmh": 0.30035320304559343,
            "Soil_Moisture": 0.9640100896643348,
            "Soil_Temperature": 0.9285379895885257,
            "Wind_Dir_Sin": 0.13950806814197725,
            "Wind_Dir_Cos": 0.07977675986515953
        },
        "SMAPE": {
            "Temperature": 31.349525727453646,
            "Precipitation_accumulated": 1.5635252468011462,
            "Humidity": 4.6157693389803365,
            "Wind_Speed_kmh": 67.63473642563741,
            "Soil_Moisture": 0.3177555514807056,
            "Soil_Temperature": 13.174448000138455,
            "Wind_Dir_Sin": 126.65795720783179,
            "Wind_Dir_Cos": 127.59753757536191
        }
    }
}