{
    "trial_number": 7,
    "overall_mae_val": 0.17187088134408796,
    "output_chunk_length": 6,
    "xgb_params": {
        "n_estimators": 100,
        "max_depth": 8,
        "learning_rate": 0.011844670587109443,
        "min_child_weight": 2,
        "subsample": 0.9,
        "colsample_bytree": 0.7,
        "gamma": 0.25,
        "reg_alpha": 7.521457432407655e-05,
        "reg_lambda": 0.32738073550247926,
        "n_jobs": -1
    },
    "metrics": {
        "MSE": {
            "Temperature": 29.38519940876513,
            "Precipitation_accumulated": 6493.422189501372,
            "Humidity": 205.74501938740772,
            "Wind_Speed_kmh": 1.376472652788942,
            "Soil_Moisture": 134458.29669447237,
            "Soil_Temperature": 18.20606616350262,
            "Wind_Dir_Sin": 0.6094492202662094,
            "Wind_Dir_Cos": 0.43004434922148194
        },
        "RMSE": {
            "Temperature": 5.420811692797042,
            "Precipitation_accumulated": 80.5817733082449,
            "Humidity": 14.343814673489327,
            "Wind_Speed_kmh": 1.173231713170481,
            "Soil_Moisture": 366.68555561198804,
            "Soil_Temperature": 4.266856707636503,
            "Wind_Dir_Sin": 0.7806722873691684,
            "Wind_Dir_Cos": 0.6557776675226764
        },
        "MAE": {
            "Temperature": 4.572638184104032,
            "Precipitation_accumulated": 80.55975800485004,
            "Humidity": 12.520398310060674,
            "Wind_Speed_kmh": 0.9851316535094939,
            "Soil_Moisture": 350.9149211739601,
            "Soil_Temperature": 3.742138847884851,
            "Wind_Dir_Sin": 0.7216633129482756,
            "Wind_Dir_Cos": 0.576275648652727
        },
        "R2": {
            "Temperature": 0.035781454978830673,
            "Precipitation_accumulated": -1841.0727653086415,
            "Humidity": -0.4054875110550167,
            "Wind_Speed_kmh": -0.01795791771996158,
            "Soil_Moisture": -1.2172575828468495,
            "Soil_Temperature": -0.1244177068751453,
            "Wind_Dir_Sin": -0.11021449817393725,
            "Wind_Dir_Cos": -0.16188654142221814
        },
        "SMAPE": {
            "Temperature": 56.584007292076976,
            "Precipitation_accumulated": 18.992024632493862,
            "Humidity": 14.833524799180378,
            "Wind_Speed_kmh": 74.69845508620082,
            "Soil_Moisture": 4.158144213545682,
            "Soil_Temperature": 50.34949221677659,
            "Wind_Dir_Sin": 175.4307001234665,
            "Wind_Dir_Cos": 167.0886247104068
        }
    }
}