{
    "trial_number": 45,
    "forecast_horizon": 4,
    "overall_smape_val": 42.086480420518434,
    "output_chunk_length": 8,
    "xgb_params": {
        "n_estimators": 500,
        "max_depth": 5,
        "learning_rate": 0.027031222917295768,
        "min_child_weight": 3,
        "subsample": 1.0,
        "colsample_bytree": 0.6,
        "gamma": 0.0,
        "reg_alpha": 0.005577005710706006,
        "reg_lambda": 0.03257824712367228,
        "random_state": 42,
        "n_jobs": -1
    },
    "metrics": {
        "MSE": {
            "Temperature": 0.5122387105140318,
            "Precipitation_accumulated": 0.023837112595574667,
            "Humidity": 3.232083311021314,
            "Wind_Speed_kmh": 0.02241387916527306,
            "Soil_Moisture": 4571.613245712261,
            "Soil_Temperature": 0.2262595237720885,
            "Wind_Dir_Sin": 0.03863828123002522,
            "Wind_Dir_Cos": 0.021942847162042166
        },
        "RMSE": {
            "Temperature": 0.7157085374047398,
            "Precipitation_accumulated": 0.154392721964394,
            "Humidity": 1.797799574763915,
            "Wind_Speed_kmh": 0.1497126553277079,
            "Soil_Moisture": 67.61370604923428,
            "Soil_Temperature": 0.4756674508226188,
            "Wind_Dir_Sin": 0.19656622606649704,
            "Wind_Dir_Cos": 0.14813118227450345
        },
        "MAE": {
            "Temperature": 0.4222546334638784,
            "Precipitation_accumulated": 0.12071842997706234,
            "Humidity": 0.9794528513417792,
            "Wind_Speed_kmh": 0.06046413259811807,
            "Soil_Moisture": 22.301705167170827,
            "Soil_Temperature": 0.336976311763602,
            "Wind_Dir_Sin": 0.08688404160443863,
            "Wind_Dir_Cos": 0.0586644416457234
        },
        "R2": {
            "Temperature": 0.849398422211823,
            "Precipitation_accumulated": 0.974893858388498,
            "Humidity": 0.9503017481624749,
            "Wind_Speed_kmh": 0.9342283303658377,
            "Soil_Moisture": 0.993829956531343,
            "Soil_Temperature": 0.9596579115413529,
            "Wind_Dir_Sin": 0.7597590858672953,
            "Wind_Dir_Cos": 0.9236545583813975
        },
        "SMAPE": {
            "Temperature": 6.807223400891899,
            "Precipitation_accumulated": 0.026295602785807868,
            "Humidity": 1.1669390739843855,
            "Wind_Speed_kmh": 150.32469163167673,
            "Soil_Moisture": 0.3454161061354728,
            "Soil_Temperature": 9.820358733721193,
            "Wind_Dir_Sin": 148.30250097455772,
            "Wind_Dir_Cos": 19.898417840394803
        }
    }
}