{
    "trial_number": 35,
    "overall_mae_val": 0.09834306458402407,
    "output_chunk_length": 2,
    "xgb_params": {
        "n_estimators": 550,
        "max_depth": 7,
        "learning_rate": 0.010196005942330229,
        "min_child_weight": 7,
        "subsample": 0.6,
        "colsample_bytree": 0.9,
        "gamma": 0.15000000000000002,
        "reg_alpha": 0.17739954383835813,
        "reg_lambda": 0.0001089865628635428,
        "n_jobs": -1
    },
    "metrics": {
        "MSE": {
            "Temperature": 6.80555706217198,
            "Precipitation_accumulated": 72.06194084982167,
            "Humidity": 28.51598801474208,
            "Wind_Speed_kmh": 0.9297558222592995,
            "Soil_Moisture": 2118.834133615138,
            "Soil_Temperature": 2.462532884662307,
            "Wind_Dir_Sin": 0.4578469121518567,
            "Wind_Dir_Cos": 0.33750019301603523
        },
        "RMSE": {
            "Temperature": 2.6087462625123163,
            "Precipitation_accumulated": 8.48893048916185,
            "Humidity": 5.340036330844771,
            "Wind_Speed_kmh": 0.96423846752725,
            "Soil_Moisture": 46.03079549187846,
            "Soil_Temperature": 1.569245960537196,
            "Wind_Dir_Sin": 0.6766438591695462,
            "Wind_Dir_Cos": 0.5809476680528421
        },
        "MAE": {
            "Temperature": 2.0287332350432608,
            "Precipitation_accumulated": 8.247057792802186,
            "Humidity": 4.395619067618483,
            "Wind_Speed_kmh": 0.7246334188605598,
            "Soil_Moisture": 26.417225056380182,
            "Soil_Temperature": 1.085568101542032,
            "Wind_Dir_Sin": 0.5876832851994347,
            "Wind_Dir_Cos": 0.49270967198722143
        },
        "R2": {
            "Temperature": 0.7763167225850555,
            "Precipitation_accumulated": -19.35473876705777,
            "Humidity": 0.8048583419770892,
            "Wind_Speed_kmh": 0.3112019661506573,
            "Soil_Moisture": 0.9654124734686528,
            "Soil_Temperature": 0.8479540148957356,
            "Wind_Dir_Sin": 0.16523336792620114,
            "Wind_Dir_Cos": 0.08823123903717489
        },
        "SMAPE": {
            "Temperature": 34.29396523322378,
            "Precipitation_accumulated": 1.7909019830519755,
            "Humidity": 5.124830111691898,
            "Wind_Speed_kmh": 67.66821026037931,
            "Soil_Moisture": 0.30866719436742507,
            "Soil_Temperature": 17.351207713392938,
            "Wind_Dir_Sin": 123.56591544840141,
            "Wind_Dir_Cos": 127.49177447064277
        }
    }
}