{
    "trial_number": 33,
    "forecast_horizon": 2,
    "overall_smape_val": 47.19699159939319,
    "output_chunk_length": 18,
    "xgb_params": {
        "n_estimators": 450,
        "max_depth": 5,
        "learning_rate": 0.021203670319367394,
        "min_child_weight": 10,
        "subsample": 0.8,
        "colsample_bytree": 0.9,
        "gamma": 0.25,
        "reg_alpha": 0.00035886197898148483,
        "reg_lambda": 0.00012445323471866845,
        "random_state": 42,
        "n_jobs": -1
    },
    "metrics": {
        "MSE": {
            "Temperature": 1.499633330729549,
            "Precipitation_accumulated": 10.887577182578346,
            "Humidity": 5.804929291649631,
            "Wind_Speed_kmh": 0.10914422644992317,
            "Soil_Moisture": 24835.120731829153,
            "Soil_Temperature": 1.3525939438081942,
            "Wind_Dir_Sin": 0.04357925691676527,
            "Wind_Dir_Cos": 0.03266385312299827
        },
        "RMSE": {
            "Temperature": 1.224595170139728,
            "Precipitation_accumulated": 3.2996328860311634,
            "Humidity": 2.40934208688796,
            "Wind_Speed_kmh": 0.3303698328387796,
            "Soil_Moisture": 157.5916264648257,
            "Soil_Temperature": 1.1630107238577787,
            "Wind_Dir_Sin": 0.2087564535930932,
            "Wind_Dir_Cos": 0.18073143922128843
        },
        "MAE": {
            "Temperature": 0.9385930286801633,
            "Precipitation_accumulated": 3.1516274342449013,
            "Humidity": 1.5632179107978896,
            "Wind_Speed_kmh": 0.14048794952307478,
            "Soil_Moisture": 88.92929546211049,
            "Soil_Temperature": 0.8263755301545928,
            "Wind_Dir_Sin": 0.09109353176050877,
            "Wind_Dir_Cos": 0.07073549495654073
        },
        "R2": {
            "Temperature": 0.5594946973717618,
            "Precipitation_accumulated": -10.47094864134458,
            "Humidity": 0.9107327374309354,
            "Wind_Speed_kmh": 0.679278166357451,
            "Soil_Moisture": 0.9664376729830022,
            "Soil_Temperature": 0.7589907648998984,
            "Wind_Dir_Sin": 0.7286792932941482,
            "Wind_Dir_Cos": 0.8862255189844057
        },
        "SMAPE": {
            "Temperature": 16.11674309087537,
            "Precipitation_accumulated": 0.6880199264614436,
            "Humidity": 1.840357795050178,
            "Wind_Speed_kmh": 167.33920382586646,
            "Soil_Moisture": 1.4971537189870556,
            "Soil_Temperature": 20.528945649406005,
            "Wind_Dir_Sin": 147.41843250611976,
            "Wind_Dir_Cos": 22.147076282379317
        }
    }
}