{
    "trial_number": 42,
    "forecast_horizon": 1,
    "overall_smape_val": 45.148944987788525,
    "output_chunk_length": 6,
    "xgb_params": {
        "n_estimators": 350,
        "max_depth": 3,
        "learning_rate": 0.04890308182610974,
        "min_child_weight": 7,
        "subsample": 0.9,
        "colsample_bytree": 0.6,
        "gamma": 0.3,
        "reg_alpha": 0.00046425123184704124,
        "reg_lambda": 0.0017449305970925156,
        "random_state": 42,
        "n_jobs": -1
    },
    "metrics": {
        "MSE": {
            "Temperature": 0.8338190930759473,
            "Precipitation_accumulated": 11.686546976597354,
            "Humidity": 2.836690602992982,
            "Wind_Speed_kmh": 0.06498942950123603,
            "Soil_Moisture": 14234.401539596738,
            "Soil_Temperature": 0.6351081113885616,
            "Wind_Dir_Sin": 0.03738224565234064,
            "Wind_Dir_Cos": 0.02929315463158895
        },
        "RMSE": {
            "Temperature": 0.9131369519825311,
            "Precipitation_accumulated": 3.418559196006024,
            "Humidity": 1.6842477855093003,
            "Wind_Speed_kmh": 0.2549302443831175,
            "Soil_Moisture": 119.30801121298074,
            "Soil_Temperature": 0.7969367047567589,
            "Wind_Dir_Sin": 0.1933448878360652,
            "Wind_Dir_Cos": 0.17115243098357952
        },
        "MAE": {
            "Temperature": 0.6226496132845653,
            "Precipitation_accumulated": 3.276797736098167,
            "Humidity": 0.9728182154229781,
            "Wind_Speed_kmh": 0.1140256350102319,
            "Soil_Moisture": 59.88309573427528,
            "Soil_Temperature": 0.46833390279173664,
            "Wind_Dir_Sin": 0.08122132024917834,
            "Wind_Dir_Cos": 0.06498801061287011
        },
        "R2": {
            "Temperature": 0.7550723070725985,
            "Precipitation_accumulated": -11.312728343062139,
            "Humidity": 0.9563778312943736,
            "Wind_Speed_kmh": 0.8090276538211311,
            "Soil_Moisture": 0.9807635467319906,
            "Soil_Temperature": 0.886834536830269,
            "Wind_Dir_Sin": 0.7672613526197394,
            "Wind_Dir_Cos": 0.8979663099460857
        },
        "SMAPE": {
            "Temperature": 11.39997202759581,
            "Precipitation_accumulated": 0.7154516205756902,
            "Humidity": 1.1327573435288123,
            "Wind_Speed_kmh": 167.32373075734642,
            "Soil_Moisture": 1.009471124022868,
            "Soil_Temperature": 15.411663582372002,
            "Wind_Dir_Sin": 142.69504273379854,
            "Wind_Dir_Cos": 21.503470713067912
        }
    }
}