{
    "trial_number": 42,
    "overall_mae_val": 0.07821828615012004,
    "xgb_params": {
        "n_estimators": 250,
        "max_depth": 5,
        "learning_rate": 0.029121994956430954,
        "min_child_weight": 5,
        "subsample": 0.6,
        "colsample_bytree": 0.8,
        "gamma": 0.0,
        "reg_alpha": 2.984953394312757e-05,
        "reg_lambda": 0.0981646474833646,
        "n_jobs": -1
    },
    "metrics": {
        "MSE": {
            "Temperature": 1.932436583357007,
            "Precipitation_accumulated": 19.832977303011788,
            "Humidity": 10.945436884017631,
            "Wind_Speed_kmh": 0.5515616827235439,
            "Soil_Moisture": 1704.044056591593,
            "Soil_Temperature": 0.5333647912617443,
            "Wind_Dir_Sin": 0.3644991866303059,
            "Wind_Dir_Cos": 0.3047140581239469
        },
        "RMSE": {
            "Temperature": 1.3901210678775453,
            "Precipitation_accumulated": 4.453423099483339,
            "Humidity": 3.308388865296465,
            "Wind_Speed_kmh": 0.7426719886487869,
            "Soil_Moisture": 41.280068514860695,
            "Soil_Temperature": 0.7303182807938908,
            "Wind_Dir_Sin": 0.6037376803134834,
            "Wind_Dir_Cos": 0.5520091105443341
        },
        "MAE": {
            "Temperature": 1.027071353189982,
            "Precipitation_accumulated": 3.8381137205720592,
            "Humidity": 2.3105475882226116,
            "Wind_Speed_kmh": 0.5607441889987638,
            "Soil_Moisture": 27.441653500667908,
            "Soil_Temperature": 0.5318336544427507,
            "Wind_Dir_Sin": 0.5003543676370382,
            "Wind_Dir_Cos": 0.4441516794656443
        },
        "R2": {
            "Temperature": 0.9367296793296461,
            "Precipitation_accumulated": -4.726388576448956,
            "Humidity": 0.9253357917777499,
            "Wind_Speed_kmh": 0.5915120891458991,
            "Soil_Moisture": 0.9707808493753678,
            "Soil_Temperature": 0.9670467164621838,
            "Wind_Dir_Sin": 0.33659451273812235,
            "Wind_Dir_Cos": 0.17325897601427687
        },
        "SMAPE": {
            "Temperature": 20.382579997887692,
            "Precipitation_accumulated": 0.8294524320016845,
            "Humidity": 2.8015348213218862,
            "Wind_Speed_kmh": 57.516314270942544,
            "Soil_Moisture": 0.32071914949092284,
            "Soil_Temperature": 9.477922846215373,
            "Wind_Dir_Sin": 100.38912152495111,
            "Wind_Dir_Cos": 108.37875012469995
        }
    }
}