{
    "trial_number": 47,
    "forecast_horizon": 7,
    "overall_smape_val": 43.67938934325799,
    "output_chunk_length": 8,
    "xgb_params": {
        "n_estimators": 400,
        "max_depth": 6,
        "learning_rate": 0.03179401461318741,
        "min_child_weight": 3,
        "subsample": 1.0,
        "colsample_bytree": 0.6,
        "gamma": 0.0,
        "reg_alpha": 0.005902128320761593,
        "reg_lambda": 0.25211562522100234,
        "random_state": 42,
        "n_jobs": -1
    },
    "metrics": {
        "MSE": {
            "Temperature": 0.7499978737715829,
            "Precipitation_accumulated": 0.024276721251512604,
            "Humidity": 4.29919345080282,
            "Wind_Speed_kmh": 0.03199282714086231,
            "Soil_Moisture": 14341.276725768706,
            "Soil_Temperature": 0.7355602015523847,
            "Wind_Dir_Sin": 0.043600644647108826,
            "Wind_Dir_Cos": 0.03318320460142961
        },
        "RMSE": {
            "Temperature": 0.8660241762050196,
            "Precipitation_accumulated": 0.15580988816988672,
            "Humidity": 2.0734496499319244,
            "Wind_Speed_kmh": 0.17886538832558496,
            "Soil_Moisture": 119.75506972887915,
            "Soil_Temperature": 0.8576480639238828,
            "Wind_Dir_Sin": 0.20880767382236895,
            "Wind_Dir_Cos": 0.1821625773901698
        },
        "MAE": {
            "Temperature": 0.5624214906186058,
            "Precipitation_accumulated": 0.12155899942944601,
            "Humidity": 1.129078181882392,
            "Wind_Speed_kmh": 0.06627334473544597,
            "Soil_Moisture": 34.58148258826471,
            "Soil_Temperature": 0.6619328664215915,
            "Wind_Dir_Sin": 0.091021419352929,
            "Wind_Dir_Cos": 0.07026727087841321
        },
        "R2": {
            "Temperature": 0.7792468376777238,
            "Precipitation_accumulated": 0.9744432336082528,
            "Humidity": 0.9339185438163968,
            "Wind_Speed_kmh": 0.9063163045315277,
            "Soil_Moisture": 0.9806828494162695,
            "Soil_Temperature": 0.8687230740297059,
            "Wind_Dir_Sin": 0.7294423651450411,
            "Wind_Dir_Cos": 0.8847405087807555
        },
        "SMAPE": {
            "Temperature": 9.089353630171853,
            "Precipitation_accumulated": 0.026472395843190503,
            "Humidity": 1.338603743662606,
            "Wind_Speed_kmh": 152.65912312971778,
            "Soil_Moisture": 0.5328610217540402,
            "Soil_Temperature": 14.052239246158212,
            "Wind_Dir_Sin": 149.70452507942852,
            "Wind_Dir_Cos": 22.03193649932711
        }
    }
}