{
    "trial_number": 23,
    "overall_mae_val": 0.08148461781602476,
    "output_chunk_length": 1,
    "xgb_params": {
        "n_estimators": 450,
        "max_depth": 4,
        "learning_rate": 0.0521330697787069,
        "min_child_weight": 9,
        "subsample": 0.6,
        "colsample_bytree": 0.9,
        "gamma": 0.25,
        "reg_alpha": 0.047068287129838265,
        "reg_lambda": 4.500858909119128e-05,
        "n_jobs": -1
    },
    "metrics": {
        "MSE": {
            "Temperature": 4.278617864931238,
            "Precipitation_accumulated": 78.3458800379495,
            "Humidity": 13.041096513904689,
            "Wind_Speed_kmh": 0.5664222933672592,
            "Soil_Moisture": 1616.6288464134277,
            "Soil_Temperature": 1.0338722100952742,
            "Wind_Dir_Sin": 0.3571169617876284,
            "Wind_Dir_Cos": 0.30303603391552925
        },
        "RMSE": {
            "Temperature": 2.068482019484636,
            "Precipitation_accumulated": 8.85132080753768,
            "Humidity": 3.611245839582884,
            "Wind_Speed_kmh": 0.7526103197321036,
            "Soil_Moisture": 40.20732329331844,
            "Soil_Temperature": 1.016795067894841,
            "Wind_Dir_Sin": 0.5975926386658628,
            "Wind_Dir_Cos": 0.5504870878735751
        },
        "MAE": {
            "Temperature": 1.5732192193797523,
            "Precipitation_accumulated": 8.52056760923367,
            "Humidity": 3.0177457206234566,
            "Wind_Speed_kmh": 0.550864154136096,
            "Soil_Moisture": 30.62860736498557,
            "Soil_Temperature": 0.7997043251735579,
            "Wind_Dir_Sin": 0.47421116684216663,
            "Wind_Dir_Cos": 0.4473310914390963
        },
        "R2": {
            "Temperature": 0.8593788796276649,
            "Precipitation_accumulated": -21.03568312572981,
            "Humidity": 0.9106992673539129,
            "Wind_Speed_kmh": 0.5798496190081419,
            "Soil_Moisture": 0.9738386344323273,
            "Soil_Temperature": 0.9363373852309771,
            "Wind_Dir_Sin": 0.34790282924570903,
            "Wind_Dir_Cos": 0.18212494556044712
        },
        "SMAPE": {
            "Temperature": 29.93581294787844,
            "Precipitation_accumulated": 1.851266820076632,
            "Humidity": 3.4657655881526432,
            "Wind_Speed_kmh": 58.92880524164234,
            "Soil_Moisture": 0.35775823343995977,
            "Soil_Temperature": 16.45320315213637,
            "Wind_Dir_Sin": 94.47136324151936,
            "Wind_Dir_Cos": 111.18122300936686
        }
    }
}