{
    "trial_number": 43,
    "forecast_horizon": 2,
    "overall_smape_val": 47.93186077368941,
    "output_chunk_length": 11,
    "xgb_params": {
        "n_estimators": 550,
        "max_depth": 4,
        "learning_rate": 0.043545669119971014,
        "min_child_weight": 5,
        "subsample": 0.9,
        "colsample_bytree": 0.7,
        "gamma": 0.3,
        "reg_alpha": 0.00020514081519245754,
        "reg_lambda": 0.005993167067191514,
        "random_state": 42,
        "n_jobs": -1
    },
    "metrics": {
        "MSE": {
            "Temperature": 1.688118921189469,
            "Precipitation_accumulated": 11.628824801523436,
            "Humidity": 5.375936665147562,
            "Wind_Speed_kmh": 0.10297753460101092,
            "Soil_Moisture": 24031.016669887817,
            "Soil_Temperature": 1.4939041131375035,
            "Wind_Dir_Sin": 0.04913292332438049,
            "Wind_Dir_Cos": 0.038889168347885784
        },
        "RMSE": {
            "Temperature": 1.299276306714422,
            "Precipitation_accumulated": 3.410106274227159,
            "Humidity": 2.3186066214749674,
            "Wind_Speed_kmh": 0.3209011290117424,
            "Soil_Moisture": 155.01940739755076,
            "Soil_Temperature": 1.2222537024437699,
            "Wind_Dir_Sin": 0.2216594760536542,
            "Wind_Dir_Cos": 0.19720336799326169
        },
        "MAE": {
            "Temperature": 1.0379940690452785,
            "Precipitation_accumulated": 3.267978156020042,
            "Humidity": 1.4118080889410016,
            "Wind_Speed_kmh": 0.13656989239417572,
            "Soil_Moisture": 82.20072354403406,
            "Soil_Temperature": 0.9438972791323876,
            "Wind_Dir_Sin": 0.09475060785309411,
            "Wind_Dir_Cos": 0.07819213409587439
        },
        "R2": {
            "Temperature": 0.5041285619537015,
            "Precipitation_accumulated": -11.251913333934201,
            "Humidity": 0.9173297165681731,
            "Wind_Speed_kmh": 0.6973990764744797,
            "Soil_Moisture": 0.9675243439025434,
            "Soil_Temperature": 0.7338116962090866,
            "Wind_Dir_Sin": 0.6941026437335398,
            "Wind_Dir_Cos": 0.8645415490558439
        },
        "SMAPE": {
            "Temperature": 17.442507778283424,
            "Precipitation_accumulated": 0.7135184862962715,
            "Humidity": 1.657137853883007,
            "Wind_Speed_kmh": 167.14246187060604,
            "Soil_Moisture": 1.377823022522679,
            "Soil_Temperature": 21.984208615121833,
            "Wind_Dir_Sin": 149.18715600989654,
            "Wind_Dir_Cos": 23.950072552905866
        }
    }
}