{
    "trial_number": 30,
    "overall_mae_val": 0.08027276000156194,
    "xgb_params": {
        "n_estimators": 250,
        "max_depth": 4,
        "learning_rate": 0.05910227079976759,
        "min_child_weight": 1,
        "subsample": 0.9,
        "colsample_bytree": 0.7,
        "gamma": 0.0,
        "reg_alpha": 4.7708810511730625e-05,
        "reg_lambda": 0.001863248911194454,
        "n_jobs": -1
    },
    "metrics": {
        "MSE": {
            "Temperature": 2.0627657525933683,
            "Precipitation_accumulated": 15.949578120026754,
            "Humidity": 12.73867857779619,
            "Wind_Speed_kmh": 0.5810256361254094,
            "Soil_Moisture": 2005.6170956735375,
            "Soil_Temperature": 2.0095002033872937,
            "Wind_Dir_Sin": 0.37054897765422523,
            "Wind_Dir_Cos": 0.31866642805668893
        },
        "RMSE": {
            "Temperature": 1.4362331818313376,
            "Precipitation_accumulated": 3.993692291605195,
            "Humidity": 3.5691285459893693,
            "Wind_Speed_kmh": 0.7622503762710842,
            "Soil_Moisture": 44.784116555688996,
            "Soil_Temperature": 1.4175684122423489,
            "Wind_Dir_Sin": 0.6087273426208365,
            "Wind_Dir_Cos": 0.5645054721228918
        },
        "MAE": {
            "Temperature": 1.0699377305622546,
            "Precipitation_accumulated": 3.5106374894526606,
            "Humidity": 2.5514010547488244,
            "Wind_Speed_kmh": 0.5677434224934177,
            "Soil_Moisture": 31.3563615357455,
            "Soil_Temperature": 1.0343424882925454,
            "Wind_Dir_Sin": 0.4959436154633275,
            "Wind_Dir_Cos": 0.45107980135360937
        },
        "R2": {
            "Temperature": 0.9322736424457325,
            "Precipitation_accumulated": -3.51809220359974,
            "Humidity": 0.9129268547267826,
            "Wind_Speed_kmh": 0.5700507275838954,
            "Soil_Moisture": 0.9670426177848128,
            "Soil_Temperature": 0.8758792707909435,
            "Wind_Dir_Sin": 0.32498280097854626,
            "Wind_Dir_Cos": 0.13854628182028783
        },
        "SMAPE": {
            "Temperature": 21.426467807314072,
            "Precipitation_accumulated": 0.7579404860596338,
            "Humidity": 3.100663785961109,
            "Wind_Speed_kmh": 59.59040477891047,
            "Soil_Moisture": 0.36486583758754954,
            "Soil_Temperature": 16.79323679095657,
            "Wind_Dir_Sin": 100.4325947554855,
            "Wind_Dir_Cos": 109.55423745729402
        }
    }
}