{
    "trial_number": 67,
    "overall_mae_val": 0.08091138363837168,
    "output_chunk_length": 1,
    "xgb_params": {
        "n_estimators": 600,
        "max_depth": 3,
        "learning_rate": 0.018511773088636736,
        "min_child_weight": 8,
        "subsample": 0.9,
        "colsample_bytree": 0.6,
        "gamma": 0.2,
        "reg_alpha": 0.001183781831086491,
        "reg_lambda": 0.001537553761803606,
        "n_jobs": -1
    },
    "metrics": {
        "MSE": {
            "Temperature": 3.628048949314661,
            "Precipitation_accumulated": 65.58336713938957,
            "Humidity": 14.325554571126414,
            "Wind_Speed_kmh": 0.5760639517462883,
            "Soil_Moisture": 1257.6231088904117,
            "Soil_Temperature": 0.9735790962186515,
            "Wind_Dir_Sin": 0.35335206165885247,
            "Wind_Dir_Cos": 0.30246606347634725
        },
        "RMSE": {
            "Temperature": 1.9047438014900222,
            "Precipitation_accumulated": 8.09835582938843,
            "Humidity": 3.784911435043945,
            "Wind_Speed_kmh": 0.7589887691832392,
            "Soil_Moisture": 35.46298223345594,
            "Soil_Temperature": 0.9867011179778056,
            "Wind_Dir_Sin": 0.5944342366139862,
            "Wind_Dir_Cos": 0.5499691477495326
        },
        "MAE": {
            "Temperature": 1.4712522813259477,
            "Precipitation_accumulated": 7.834011137600716,
            "Humidity": 3.1084183356443758,
            "Wind_Speed_kmh": 0.5688428892618317,
            "Soil_Moisture": 21.87665225755437,
            "Soil_Temperature": 0.7119461281285316,
            "Wind_Dir_Sin": 0.4766194437101034,
            "Wind_Dir_Cos": 0.4445735149720367
        },
        "R2": {
            "Temperature": 0.8812657605097158,
            "Precipitation_accumulated": -17.768801530862095,
            "Humidity": 0.9023173165182593,
            "Wind_Speed_kmh": 0.5753433326158598,
            "Soil_Moisture": 0.9788386160538787,
            "Soil_Temperature": 0.9399161688599159,
            "Wind_Dir_Sin": 0.3555787917311526,
            "Wind_Dir_Cos": 0.18282413619442983
        },
        "SMAPE": {
            "Temperature": 28.580155407647855,
            "Precipitation_accumulated": 1.7004012465849943,
            "Humidity": 3.617973213349669,
            "Wind_Speed_kmh": 58.24689691840033,
            "Soil_Moisture": 0.2564195785727916,
            "Soil_Temperature": 12.55053021168592,
            "Wind_Dir_Sin": 94.74127239664169,
            "Wind_Dir_Cos": 108.7438177764738
        }
    }
}