{
    "trial_number": 8,
    "overall_mae_val": 0.07826502410665835,
    "xgb_params": {
        "n_estimators": 250,
        "max_depth": 3,
        "learning_rate": 0.06390803313953038,
        "min_child_weight": 2,
        "subsample": 1.0,
        "colsample_bytree": 1.0,
        "gamma": 0.1,
        "reg_alpha": 0.0004362632966411356,
        "reg_lambda": 0.00038075853405056823,
        "n_jobs": -1
    },
    "metrics": {
        "MSE": {
            "Temperature": 2.8231142567207725,
            "Precipitation_accumulated": 55.56513608960889,
            "Humidity": 11.23111026673051,
            "Wind_Speed_kmh": 0.5312241616158859,
            "Soil_Moisture": 1175.9118995232411,
            "Soil_Temperature": 0.42583623086944955,
            "Wind_Dir_Sin": 0.36253118581066424,
            "Wind_Dir_Cos": 0.31048433472590226
        },
        "RMSE": {
            "Temperature": 1.6802125629576672,
            "Precipitation_accumulated": 7.454202579056253,
            "Humidity": 3.3512848680365135,
            "Wind_Speed_kmh": 0.7288512616548632,
            "Soil_Moisture": 34.29157184386917,
            "Soil_Temperature": 0.6525612851445062,
            "Wind_Dir_Sin": 0.6021056267887424,
            "Wind_Dir_Cos": 0.5572112119527947
        },
        "MAE": {
            "Temperature": 1.2859298118340963,
            "Precipitation_accumulated": 7.171716755433708,
            "Humidity": 2.6507076020311735,
            "Wind_Speed_kmh": 0.5445127174224978,
            "Soil_Moisture": 20.862548529103634,
            "Soil_Temperature": 0.46516315299420435,
            "Wind_Dir_Sin": 0.4764896786066666,
            "Wind_Dir_Cos": 0.4425956021855573
        },
        "R2": {
            "Temperature": 0.907584102416312,
            "Precipitation_accumulated": -15.01940911664488,
            "Humidity": 0.9233923403470339,
            "Wind_Speed_kmh": 0.6066145195526846,
            "Soil_Moisture": 0.9798998427011142,
            "Soil_Temperature": 0.973699560718821,
            "Wind_Dir_Sin": 0.3399073348573308,
            "Wind_Dir_Cos": 0.15850142202344275
        },
        "SMAPE": {
            "Temperature": 25.539862200961224,
            "Precipitation_accumulated": 1.5554412704526905,
            "Humidity": 3.139838028314277,
            "Wind_Speed_kmh": 56.821912001993695,
            "Soil_Moisture": 0.24663095969292498,
            "Soil_Temperature": 9.622096426710575,
            "Wind_Dir_Sin": 93.18851082272627,
            "Wind_Dir_Cos": 108.0356293522265
        }
    }
}