{
    "trial_number": 28,
    "forecast_horizon": 18,
    "overall_smape_val": 60.397301767045576,
    "output_chunk_length": 24,
    "xgb_params": {
        "n_estimators": 600,
        "max_depth": 4,
        "learning_rate": 0.024519192493723706,
        "min_child_weight": 10,
        "subsample": 0.8,
        "colsample_bytree": 0.9,
        "gamma": 0.25,
        "reg_alpha": 4.7902629553141866e-05,
        "reg_lambda": 0.000585154736624767,
        "random_state": 42,
        "n_jobs": -1
    },
    "metrics": {
        "MSE": {
            "Temperature": 10.845144275286328,
            "Precipitation_accumulated": 10.828091860404916,
            "Humidity": 28.061721117548675,
            "Wind_Speed_kmh": 0.2421058130555166,
            "Soil_Moisture": 155536.92509608134,
            "Soil_Temperature": 12.501179035861938,
            "Wind_Dir_Sin": 0.13316195866510674,
            "Wind_Dir_Cos": 0.15071211422177935
        },
        "RMSE": {
            "Temperature": 3.293196665139561,
            "Precipitation_accumulated": 3.290606609791714,
            "Humidity": 5.297331509123124,
            "Wind_Speed_kmh": 0.4920424911077463,
            "Soil_Moisture": 394.3816997479489,
            "Soil_Temperature": 3.535700642851702,
            "Wind_Dir_Sin": 0.3649136317885463,
            "Wind_Dir_Cos": 0.38821658159045624
        },
        "MAE": {
            "Temperature": 2.8776434353082463,
            "Precipitation_accumulated": 3.142696192846788,
            "Humidity": 3.7054199738144225,
            "Wind_Speed_kmh": 0.2293443626702986,
            "Soil_Moisture": 198.7987775199555,
            "Soil_Temperature": 2.890767796880386,
            "Wind_Dir_Sin": 0.18612329087200818,
            "Wind_Dir_Cos": 0.2908987615704569
        },
        "R2": {
            "Temperature": -2.2072896790919168,
            "Precipitation_accumulated": -10.379395106281933,
            "Humidity": 0.5690970074984651,
            "Wind_Speed_kmh": 0.29650325874351247,
            "Soil_Moisture": 0.7920316765801401,
            "Soil_Temperature": -1.2385036281027015,
            "Wind_Dir_Sin": 0.1797028946907796,
            "Wind_Dir_Cos": 0.47974611127838696
        },
        "SMAPE": {
            "Temperature": 39.59826379253421,
            "Precipitation_accumulated": 0.6860460837110299,
            "Humidity": 4.337695960123473,
            "Wind_Speed_kmh": 170.91975788849123,
            "Soil_Moisture": 3.2201006134439587,
            "Soil_Temperature": 42.385659746318396,
            "Wind_Dir_Sin": 169.39046560345395,
            "Wind_Dir_Cos": 52.640424448288236
        }
    }
}