{
    "trial_number": 55,
    "overall_mae_val": 0.0796627857680601,
    "xgb_params": {
        "n_estimators": 250,
        "max_depth": 4,
        "learning_rate": 0.016408976906047576,
        "min_child_weight": 6,
        "subsample": 0.6,
        "colsample_bytree": 0.8,
        "gamma": 0.05,
        "reg_alpha": 2.414987681469754e-05,
        "reg_lambda": 0.08707112488961095,
        "n_jobs": -1
    },
    "metrics": {
        "MSE": {
            "Temperature": 2.525405772843757,
            "Precipitation_accumulated": 105.00442847620899,
            "Humidity": 11.204135520892999,
            "Wind_Speed_kmh": 0.5370429676444665,
            "Soil_Moisture": 1076.3141351004601,
            "Soil_Temperature": 0.5053142393372406,
            "Wind_Dir_Sin": 0.3545108847264345,
            "Wind_Dir_Cos": 0.2994821936951105
        },
        "RMSE": {
            "Temperature": 1.5891525329066927,
            "Precipitation_accumulated": 10.247166851193992,
            "Humidity": 3.3472579107222975,
            "Wind_Speed_kmh": 0.7328321551654693,
            "Soil_Moisture": 32.80722687306046,
            "Soil_Temperature": 0.7108545838195324,
            "Wind_Dir_Sin": 0.595408166492898,
            "Wind_Dir_Cos": 0.547249663037914
        },
        "MAE": {
            "Temperature": 1.230874609057125,
            "Precipitation_accumulated": 9.957091754451836,
            "Humidity": 2.6546763728271117,
            "Wind_Speed_kmh": 0.5536107953123349,
            "Soil_Moisture": 20.68654922628645,
            "Soil_Temperature": 0.49199415866392987,
            "Wind_Dir_Sin": 0.48940412458584254,
            "Wind_Dir_Cos": 0.43933775932889696
        },
        "R2": {
            "Temperature": 0.9173597218326587,
            "Precipitation_accumulated": -29.183022748778573,
            "Humidity": 0.9235866342850721,
            "Wind_Speed_kmh": 0.6035195488473122,
            "Soil_Moisture": 0.9817145381811935,
            "Soil_Temperature": 0.9688068371166024,
            "Wind_Dir_Sin": 0.35404320587445415,
            "Wind_Dir_Cos": 0.18984284100739202
        },
        "SMAPE": {
            "Temperature": 25.125355881589172,
            "Precipitation_accumulated": 2.166730377657805,
            "Humidity": 3.1078530258820622,
            "Wind_Speed_kmh": 57.08195940344046,
            "Soil_Moisture": 0.24117165501171728,
            "Soil_Temperature": 9.30427468166745,
            "Wind_Dir_Sin": 97.80738154168395,
            "Wind_Dir_Cos": 106.4396309959523
        }
    }
}