{
    "trial_number": 24,
    "overall_mae_val": 0.07687562831449918,
    "xgb_params": {
        "n_estimators": 250,
        "max_depth": 4,
        "learning_rate": 0.02272978921875879,
        "min_child_weight": 3,
        "subsample": 0.7,
        "colsample_bytree": 0.8,
        "gamma": 0.0,
        "reg_alpha": 0.00013902093393581452,
        "reg_lambda": 0.188003394064635,
        "n_jobs": -1
    },
    "metrics": {
        "MSE": {
            "Temperature": 1.491741860275999,
            "Precipitation_accumulated": 27.984866527723504,
            "Humidity": 9.05292253223135,
            "Wind_Speed_kmh": 0.5453417034374474,
            "Soil_Moisture": 1440.4241955525968,
            "Soil_Temperature": 0.7355225213916146,
            "Wind_Dir_Sin": 0.3567897033445169,
            "Wind_Dir_Cos": 0.30054935319866255
        },
        "RMSE": {
            "Temperature": 1.2213688469401858,
            "Precipitation_accumulated": 5.290072450139365,
            "Humidity": 3.008807493381946,
            "Wind_Speed_kmh": 0.7384725475178122,
            "Soil_Moisture": 37.95292077762391,
            "Soil_Temperature": 0.8576260964963779,
            "Wind_Dir_Sin": 0.5973187619224067,
            "Wind_Dir_Cos": 0.5482238167014113
        },
        "MAE": {
            "Temperature": 0.9141408469875743,
            "Precipitation_accumulated": 4.790680044801759,
            "Humidity": 2.1804643682015508,
            "Wind_Speed_kmh": 0.5549545510554381,
            "Soil_Moisture": 22.66040966973515,
            "Soil_Temperature": 0.6145177559248935,
            "Wind_Dir_Sin": 0.48718571216123924,
            "Wind_Dir_Cos": 0.4410120315822974
        },
        "R2": {
            "Temperature": 0.9511889176388818,
            "Precipitation_accumulated": -7.032266627863217,
            "Humidity": 0.938262205864416,
            "Wind_Speed_kmh": 0.5983195346316954,
            "Soil_Moisture": 0.9756036092018439,
            "Soil_Temperature": 0.9546026774388926,
            "Wind_Dir_Sin": 0.34958404507707086,
            "Wind_Dir_Cos": 0.18795793110567516
        },
        "SMAPE": {
            "Temperature": 19.703706753454703,
            "Precipitation_accumulated": 1.0363942676886162,
            "Humidity": 2.5984269170618752,
            "Wind_Speed_kmh": 57.350533119543414,
            "Soil_Moisture": 0.26484654354507214,
            "Soil_Temperature": 9.637245197768868,
            "Wind_Dir_Sin": 97.96269730573138,
            "Wind_Dir_Cos": 107.71770017749482
        }
    }
}