{
    "trial_number": 74,
    "overall_mae_val": 0.07736570287352637,
    "xgb_params": {
        "n_estimators": 350,
        "max_depth": 3,
        "learning_rate": 0.025649096343669162,
        "min_child_weight": 5,
        "subsample": 0.6,
        "colsample_bytree": 0.8,
        "gamma": 0.0,
        "reg_alpha": 2.3959486563103365e-05,
        "reg_lambda": 0.13171088098459882,
        "n_jobs": -1
    },
    "metrics": {
        "MSE": {
            "Temperature": 2.0068429641564056,
            "Precipitation_accumulated": 23.908555657813793,
            "Humidity": 9.833947578780219,
            "Wind_Speed_kmh": 0.5644430381126273,
            "Soil_Moisture": 1110.4115493055003,
            "Soil_Temperature": 0.7228799408078975,
            "Wind_Dir_Sin": 0.35352958455964556,
            "Wind_Dir_Cos": 0.3083469344917256
        },
        "RMSE": {
            "Temperature": 1.4166308496416438,
            "Precipitation_accumulated": 4.889637579393159,
            "Humidity": 3.1359125591732018,
            "Wind_Speed_kmh": 0.7512942420334574,
            "Soil_Moisture": 33.32283825404883,
            "Soil_Temperature": 0.8502234652183492,
            "Wind_Dir_Sin": 0.5945835387560318,
            "Wind_Dir_Cos": 0.5552899553311996
        },
        "MAE": {
            "Temperature": 1.0825433219946927,
            "Precipitation_accumulated": 4.243873442519572,
            "Humidity": 2.3453410987600396,
            "Wind_Speed_kmh": 0.5619883198037043,
            "Soil_Moisture": 20.318227083953463,
            "Soil_Temperature": 0.6051186710527574,
            "Wind_Dir_Sin": 0.4770971831425441,
            "Wind_Dir_Cos": 0.4481553632419729
        },
        "R2": {
            "Temperature": 0.93428193314081,
            "Precipitation_accumulated": -5.822179839410463,
            "Humidity": 0.9329522859728723,
            "Wind_Speed_kmh": 0.5835167654506811,
            "Soil_Moisture": 0.9814379418035056,
            "Soil_Temperature": 0.9553847651931582,
            "Wind_Dir_Sin": 0.3558560030170743,
            "Wind_Dir_Cos": 0.16692821689221926
        },
        "SMAPE": {
            "Temperature": 22.13861019445962,
            "Precipitation_accumulated": 0.917354778574753,
            "Humidity": 2.7668158407146577,
            "Wind_Speed_kmh": 58.16954846378206,
            "Soil_Moisture": 0.23807203055379508,
            "Soil_Temperature": 10.064964007710396,
            "Wind_Dir_Sin": 94.15716933101261,
            "Wind_Dir_Cos": 110.66661388392554
        }
    }
}