{
    "trial_number": 26,
    "overall_mae_val": 0.12698079000905052,
    "output_chunk_length": 14,
    "xgb_params": {
        "n_estimators": 600,
        "max_depth": 4,
        "learning_rate": 0.08671739347494045,
        "min_child_weight": 7,
        "subsample": 0.6,
        "colsample_bytree": 1.0,
        "gamma": 0.1,
        "reg_alpha": 0.005209676479523857,
        "reg_lambda": 0.0029129464871097766,
        "n_jobs": -1
    },
    "metrics": {
        "MSE": {
            "Temperature": 10.768859079055915,
            "Precipitation_accumulated": 53.61880379062739,
            "Humidity": 101.8587880560813,
            "Wind_Speed_kmh": 1.3443895270016064,
            "Soil_Moisture": 63718.93177987386,
            "Soil_Temperature": 9.02516668733777,
            "Wind_Dir_Sin": 0.6373758522057995,
            "Wind_Dir_Cos": 0.41691700618891014
        },
        "RMSE": {
            "Temperature": 3.2815939844922792,
            "Precipitation_accumulated": 7.322486175516304,
            "Humidity": 10.092511484069824,
            "Wind_Speed_kmh": 1.1594781270043892,
            "Soil_Moisture": 252.42609171770232,
            "Soil_Temperature": 3.0041915197499924,
            "Wind_Dir_Sin": 0.7983582229837678,
            "Wind_Dir_Cos": 0.6456911074104321
        },
        "MAE": {
            "Temperature": 2.6514140487524473,
            "Precipitation_accumulated": 6.950075547705822,
            "Humidity": 8.031303771093878,
            "Wind_Speed_kmh": 0.9076058640523311,
            "Soil_Moisture": 226.32266354477184,
            "Soil_Temperature": 2.4896166164950113,
            "Wind_Dir_Sin": 0.6865379760878244,
            "Wind_Dir_Cos": 0.5454986304839365
        },
        "R2": {
            "Temperature": 0.6471185722295782,
            "Precipitation_accumulated": -14.528026644998974,
            "Humidity": 0.305073643178709,
            "Wind_Speed_kmh": 0.004407920464536197,
            "Soil_Moisture": -0.09919038687336657,
            "Soil_Temperature": 0.4418294291722239,
            "Wind_Dir_Sin": -0.1591336010687605,
            "Wind_Dir_Cos": -0.1335298075462994
        },
        "SMAPE": {
            "Temperature": 40.04997387055432,
            "Precipitation_accumulated": 1.5072945498736967,
            "Humidity": 9.465515295777395,
            "Wind_Speed_kmh": 76.12358479467862,
            "Soil_Moisture": 2.6574023628314882,
            "Soil_Temperature": 43.733918143679375,
            "Wind_Dir_Sin": 138.4774944705134,
            "Wind_Dir_Cos": 134.14485148526575
        }
    }
}