{
    "trial_number": 27,
    "forecast_horizon": 1,
    "overall_smape_val": 44.648964099629325,
    "output_chunk_length": 24,
    "xgb_params": {
        "n_estimators": 500,
        "max_depth": 5,
        "learning_rate": 0.026670147090497733,
        "min_child_weight": 10,
        "subsample": 0.9,
        "colsample_bytree": 0.9,
        "gamma": 0.3,
        "reg_alpha": 0.00032324342858178537,
        "reg_lambda": 0.0006029313339581197,
        "random_state": 42,
        "n_jobs": -1
    },
    "metrics": {
        "MSE": {
            "Temperature": 0.8599951094879639,
            "Precipitation_accumulated": 11.504723424380703,
            "Humidity": 2.9294510691923707,
            "Wind_Speed_kmh": 0.06717339881138812,
            "Soil_Moisture": 12851.444361121437,
            "Soil_Temperature": 0.7983383366510025,
            "Wind_Dir_Sin": 0.028755679928600418,
            "Wind_Dir_Cos": 0.02317846944402314
        },
        "RMSE": {
            "Temperature": 0.9273592127584456,
            "Precipitation_accumulated": 3.3918613509960434,
            "Humidity": 1.7115639249506198,
            "Wind_Speed_kmh": 0.2591783147012653,
            "Soil_Moisture": 113.36421111233226,
            "Soil_Temperature": 0.8934978100986048,
            "Wind_Dir_Sin": 0.1695749979466325,
            "Wind_Dir_Cos": 0.1522447681991836
        },
        "MAE": {
            "Temperature": 0.6440574482339152,
            "Precipitation_accumulated": 3.248935187270042,
            "Humidity": 1.0454738164464104,
            "Wind_Speed_kmh": 0.11388798398279806,
            "Soil_Moisture": 59.71983173932697,
            "Soil_Temperature": 0.5861242100422734,
            "Wind_Dir_Sin": 0.07313565482177195,
            "Wind_Dir_Cos": 0.05984758858198133
        },
        "R2": {
            "Temperature": 0.7473833115062173,
            "Precipitation_accumulated": -11.121162433191811,
            "Humidity": 0.9549513758672314,
            "Wind_Speed_kmh": 0.802610029503711,
            "Soil_Moisture": 0.9826324831295901,
            "Soil_Temperature": 0.8577496870009422,
            "Wind_Dir_Sin": 0.8209696091207638,
            "Wind_Dir_Cos": 0.9192649341827718
        },
        "SMAPE": {
            "Temperature": 11.746313062988143,
            "Precipitation_accumulated": 0.7093446486210224,
            "Humidity": 1.2253341351899771,
            "Wind_Speed_kmh": 164.92756110872452,
            "Soil_Moisture": 1.0148073444761332,
            "Soil_Temperature": 17.12154826397999,
            "Wind_Dir_Sin": 140.04240001822382,
            "Wind_Dir_Cos": 20.404404214831406
        }
    }
}