{
    "trial_number": 19,
    "overall_mae_val": 0.08117266065612833,
    "xgb_params": {
        "n_estimators": 350,
        "max_depth": 6,
        "learning_rate": 0.013895032405145467,
        "min_child_weight": 2,
        "subsample": 0.9,
        "colsample_bytree": 0.8,
        "gamma": 0.0,
        "reg_alpha": 0.00023932797694074372,
        "reg_lambda": 0.01738176264358847,
        "n_jobs": -1
    },
    "metrics": {
        "MSE": {
            "Temperature": 1.8555291621698167,
            "Precipitation_accumulated": 32.647453740006256,
            "Humidity": 13.27103550975746,
            "Wind_Speed_kmh": 0.5496422638674341,
            "Soil_Moisture": 1565.4248046047117,
            "Soil_Temperature": 3.109467598431513,
            "Wind_Dir_Sin": 0.3720085658699748,
            "Wind_Dir_Cos": 0.30528728131749144
        },
        "RMSE": {
            "Temperature": 1.3621780948796,
            "Precipitation_accumulated": 5.713795038326651,
            "Humidity": 3.6429432482207926,
            "Wind_Speed_kmh": 0.741378623826877,
            "Soil_Moisture": 39.565449632282856,
            "Soil_Temperature": 1.7633682537778412,
            "Wind_Dir_Sin": 0.6099250493871972,
            "Wind_Dir_Cos": 0.5525280819266035
        },
        "MAE": {
            "Temperature": 1.0385839990082126,
            "Precipitation_accumulated": 5.3892934678278746,
            "Humidity": 2.723911353107135,
            "Wind_Speed_kmh": 0.5646077974607235,
            "Soil_Moisture": 22.565116642542435,
            "Soil_Temperature": 1.0598018568080656,
            "Wind_Dir_Sin": 0.5051198847407541,
            "Wind_Dir_Cos": 0.4494034823707578
        },
        "R2": {
            "Temperature": 0.9392606392712106,
            "Precipitation_accumulated": -8.329541670427657,
            "Humidity": 0.9095135703288683,
            "Wind_Speed_kmh": 0.5945791253877011,
            "Soil_Moisture": 0.9737455376727703,
            "Soil_Temperature": 0.8080988769720464,
            "Wind_Dir_Sin": 0.3219762002544069,
            "Wind_Dir_Cos": 0.1753914404690622
        },
        "SMAPE": {
            "Temperature": 21.482001400115546,
            "Precipitation_accumulated": 1.1663430873609437,
            "Humidity": 3.32411436459181,
            "Wind_Speed_kmh": 57.799808338614305,
            "Soil_Moisture": 0.2643609021112885,
            "Soil_Temperature": 13.195564613246647,
            "Wind_Dir_Sin": 103.1086550925982,
            "Wind_Dir_Cos": 112.12101478147223
        }
    }
}