{
    "trial_number": 32,
    "overall_smape_val": 34.295849260730975,
    "xgb_params": {
        "n_estimators": 250,
        "max_depth": 5,
        "learning_rate": 0.11601857806763555,
        "min_child_weight": 9,
        "subsample": 1.0,
        "colsample_bytree": 0.6,
        "gamma": 0.0,
        "reg_alpha": 0.007294924320061623,
        "reg_lambda": 0.00013851438638596064,
        "random_state": 42,
        "n_jobs": -1
    },
    "metrics": {
        "MSE": {
            "Temperature": 0.10704951199364386,
            "Precipitation_accumulated": 0.024656819832774454,
            "Humidity": 0.7440623207071833,
            "Wind_Speed_kmh": 0.003176166095127384,
            "Soil_Moisture": 712.8658265502995,
            "Soil_Temperature": 0.02144032033588576,
            "Wind_Dir_Sin": 0.002787052556614906,
            "Wind_Dir_Cos": 0.0020073548401328294
        },
        "RMSE": {
            "Temperature": 0.3271842172135506,
            "Precipitation_accumulated": 0.1570249019511697,
            "Humidity": 0.8625904710273486,
            "Wind_Speed_kmh": 0.05635748481903166,
            "Soil_Moisture": 26.69954730983841,
            "Soil_Temperature": 0.14642513560139106,
            "Wind_Dir_Sin": 0.05279254262312913,
            "Wind_Dir_Cos": 0.0448035137029768
        },
        "MAE": {
            "Temperature": 0.15950271718365705,
            "Precipitation_accumulated": 0.07351884454969902,
            "Humidity": 0.40456293324670217,
            "Wind_Speed_kmh": 0.02156611690589052,
            "Soil_Moisture": 8.012754965360832,
            "Soil_Temperature": 0.0696237792035013,
            "Wind_Dir_Sin": 0.023130049656995187,
            "Wind_Dir_Cos": 0.016720841971658337
        },
        "R2": {
            "Temperature": 0.9685550616202797,
            "Precipitation_accumulated": 0.9740220336244118,
            "Humidity": 0.9885579301291644,
            "Wind_Speed_kmh": 0.9906667915737172,
            "Soil_Moisture": 0.999036628963947,
            "Soil_Temperature": 0.9961796995852986,
            "Wind_Dir_Sin": 0.9826480504077573,
            "Wind_Dir_Cos": 0.9930079971187034
        },
        "SMAPE": {
            "Temperature": 2.6932385957584013,
            "Precipitation_accumulated": 0.015973078073051896,
            "Humidity": 0.48658068341103206,
            "Wind_Speed_kmh": 133.11990682004222,
            "Soil_Moisture": 0.12846115659836316,
            "Soil_Temperature": 4.32087220821737,
            "Wind_Dir_Sin": 124.88781329020536,
            "Wind_Dir_Cos": 8.713948253542247
        }
    }
}