{
    "trial_number": 15,
    "overall_smape_val": 42.70844007778054,
    "xgb_params": {
        "n_estimators": 350,
        "max_depth": 7,
        "learning_rate": 0.05576357122540491,
        "min_child_weight": 9,
        "subsample": 0.9,
        "colsample_bytree": 0.6,
        "gamma": 0.1,
        "reg_alpha": 1.1444012080544202e-05,
        "reg_lambda": 0.0821474035828953,
        "random_state": 42,
        "n_jobs": -1
    },
    "metrics": {
        "MSE": {
            "Temperature": 0.5530157619168113,
            "Precipitation_accumulated": 6.079915240666515,
            "Humidity": 2.164956601199111,
            "Wind_Speed_kmh": 0.05525424926132292,
            "Soil_Moisture": 9594.196034557544,
            "Soil_Temperature": 0.28966151513443306,
            "Wind_Dir_Sin": 0.015364819066235326,
            "Wind_Dir_Cos": 0.012758157480898376
        },
        "RMSE": {
            "Temperature": 0.7436502954459249,
            "Precipitation_accumulated": 2.465748413903275,
            "Humidity": 1.4713791493694313,
            "Wind_Speed_kmh": 0.23506222423291012,
            "Soil_Moisture": 97.94996699620447,
            "Soil_Temperature": 0.538202113647311,
            "Wind_Dir_Sin": 0.12395490739069319,
            "Wind_Dir_Cos": 0.11295201406304527
        },
        "MAE": {
            "Temperature": 0.4954359919212327,
            "Precipitation_accumulated": 2.263303321962241,
            "Humidity": 0.8230747145198415,
            "Wind_Speed_kmh": 0.09385703770681696,
            "Soil_Moisture": 37.64862050812396,
            "Soil_Temperature": 0.33238064182024657,
            "Wind_Dir_Sin": 0.05265137818471002,
            "Wind_Dir_Cos": 0.04430032103399144
        },
        "R2": {
            "Temperature": 0.8375560408204319,
            "Precipitation_accumulated": -5.405685516609829,
            "Humidity": 0.9667076479901531,
            "Wind_Speed_kmh": 0.8376346169097209,
            "Soil_Moisture": 0.9870343475172111,
            "Soil_Temperature": 0.9483872447307173,
            "Wind_Dir_Sin": 0.9043399575302362,
            "Wind_Dir_Cos": 0.9555608843623409
        },
        "SMAPE": {
            "Temperature": 9.155157441628448,
            "Precipitation_accumulated": 0.49355144323799716,
            "Humidity": 0.9717490705114941,
            "Wind_Speed_kmh": 164.9503854394647,
            "Soil_Moisture": 0.6238070536440293,
            "Soil_Temperature": 12.775159109265989,
            "Wind_Dir_Sin": 135.90472227461393,
            "Wind_Dir_Cos": 16.792988789877874
        }
    }
}