{
    "trial_number": 11,
    "forecast_horizon": 1,
    "overall_smape_val": 45.02153157492737,
    "output_chunk_length": 13,
    "xgb_params": {
        "n_estimators": 450,
        "max_depth": 5,
        "learning_rate": 0.18641146183171278,
        "min_child_weight": 8,
        "subsample": 0.9,
        "colsample_bytree": 0.8,
        "gamma": 0.3,
        "reg_alpha": 0.033872296069712836,
        "reg_lambda": 0.0032700588764027877,
        "random_state": 42,
        "n_jobs": -1
    },
    "metrics": {
        "MSE": {
            "Temperature": 0.7704409880873284,
            "Precipitation_accumulated": 10.736736063161608,
            "Humidity": 2.9115503299211185,
            "Wind_Speed_kmh": 0.06718290905041843,
            "Soil_Moisture": 12359.338145868218,
            "Soil_Temperature": 0.647817229993228,
            "Wind_Dir_Sin": 0.029518663461376198,
            "Wind_Dir_Cos": 0.02547398422689344
        },
        "RMSE": {
            "Temperature": 0.8777476790555064,
            "Precipitation_accumulated": 3.2766959064218346,
            "Humidity": 1.706326560164003,
            "Wind_Speed_kmh": 0.2591966609553804,
            "Soil_Moisture": 111.17256021999411,
            "Soil_Temperature": 0.8048709399607045,
            "Wind_Dir_Sin": 0.17180996321918063,
            "Wind_Dir_Cos": 0.159605714894215
        },
        "MAE": {
            "Temperature": 0.6035550408061967,
            "Precipitation_accumulated": 3.128512823988792,
            "Humidity": 1.0462685163614815,
            "Wind_Speed_kmh": 0.11291481939924318,
            "Soil_Moisture": 55.60283845044069,
            "Soil_Temperature": 0.525201961316669,
            "Wind_Dir_Sin": 0.07433125477101027,
            "Wind_Dir_Cos": 0.0607831635581165
        },
        "R2": {
            "Temperature": 0.7736891187597821,
            "Precipitation_accumulated": -10.312025245917264,
            "Humidity": 0.9552266505368138,
            "Wind_Speed_kmh": 0.8025820835335081,
            "Soil_Moisture": 0.9832975183392744,
            "Soil_Temperature": 0.8845699880588297,
            "Wind_Dir_Sin": 0.8162193392455102,
            "Wind_Dir_Cos": 0.911269214813681
        },
        "SMAPE": {
            "Temperature": 11.026530389985558,
            "Precipitation_accumulated": 0.6829544956208023,
            "Humidity": 1.2233188333981124,
            "Wind_Speed_kmh": 165.82262582292896,
            "Soil_Moisture": 0.9370494461245563,
            "Soil_Temperature": 16.087223890567966,
            "Wind_Dir_Sin": 144.03799220135977,
            "Wind_Dir_Cos": 20.354557519433456
        }
    }
}