{
    "trial_number": 44,
    "overall_mae_val": 0.07816195883180094,
    "xgb_params": {
        "n_estimators": 350,
        "max_depth": 3,
        "learning_rate": 0.03748719276186647,
        "min_child_weight": 5,
        "subsample": 0.6,
        "colsample_bytree": 0.8,
        "gamma": 0.05,
        "reg_alpha": 0.00012979075948770378,
        "reg_lambda": 0.11080540145868534,
        "n_jobs": -1
    },
    "metrics": {
        "MSE": {
            "Temperature": 2.4905890187240676,
            "Precipitation_accumulated": 52.424181693996864,
            "Humidity": 10.622129529267879,
            "Wind_Speed_kmh": 0.5527795899300412,
            "Soil_Moisture": 928.1330905883689,
            "Soil_Temperature": 0.7551141070433455,
            "Wind_Dir_Sin": 0.3548428806672766,
            "Wind_Dir_Cos": 0.30691289601364163
        },
        "RMSE": {
            "Temperature": 1.5781600104945213,
            "Precipitation_accumulated": 7.240454522610916,
            "Humidity": 3.259160862747937,
            "Wind_Speed_kmh": 0.7434914861180598,
            "Soil_Moisture": 30.465276801440176,
            "Soil_Temperature": 0.8689730185934115,
            "Wind_Dir_Sin": 0.5956868981833296,
            "Wind_Dir_Cos": 0.5539971985611856
        },
        "MAE": {
            "Temperature": 1.2013054609534115,
            "Precipitation_accumulated": 6.973376797954233,
            "Humidity": 2.510264797621339,
            "Wind_Speed_kmh": 0.5522520709789809,
            "Soil_Moisture": 17.15294640751037,
            "Soil_Temperature": 0.5744819733688636,
            "Wind_Dir_Sin": 0.4760005083627139,
            "Wind_Dir_Cos": 0.44524220437970685
        },
        "R2": {
            "Temperature": 0.9181399686590723,
            "Precipitation_accumulated": -13.807823809268372,
            "Humidity": 0.9273102525150503,
            "Wind_Speed_kmh": 0.5904801179188852,
            "Soil_Moisture": 0.9848492964191705,
            "Soil_Temperature": 0.9533764324583723,
            "Wind_Dir_Sin": 0.3530348495355988,
            "Wind_Dir_Cos": 0.1708639084879724
        },
        "SMAPE": {
            "Temperature": 24.55190170519298,
            "Precipitation_accumulated": 1.5120581856096476,
            "Humidity": 2.942038597536022,
            "Wind_Speed_kmh": 57.666629792228534,
            "Soil_Moisture": 0.20131319725033878,
            "Soil_Temperature": 9.429593042897956,
            "Wind_Dir_Sin": 94.56550586428443,
            "Wind_Dir_Cos": 108.96057394747855
        }
    }
}