{
    "trial_number": 75,
    "overall_mae_val": 0.07917542206086628,
    "xgb_params": {
        "n_estimators": 250,
        "max_depth": 4,
        "learning_rate": 0.04731158734927728,
        "min_child_weight": 5,
        "subsample": 0.6,
        "colsample_bytree": 0.8,
        "gamma": 0.0,
        "reg_alpha": 3.169742464553377e-05,
        "reg_lambda": 0.23277466363416965,
        "n_jobs": -1
    },
    "metrics": {
        "MSE": {
            "Temperature": 1.9233274712184116,
            "Precipitation_accumulated": 20.973399616312783,
            "Humidity": 10.904434120683572,
            "Wind_Speed_kmh": 0.5532523063215092,
            "Soil_Moisture": 3524.5773794586617,
            "Soil_Temperature": 0.4833313285373184,
            "Wind_Dir_Sin": 0.37757732292984403,
            "Wind_Dir_Cos": 0.30745353338771103
        },
        "RMSE": {
            "Temperature": 1.3868408240380046,
            "Precipitation_accumulated": 4.579672435481907,
            "Humidity": 3.302186263777919,
            "Wind_Speed_kmh": 0.7438093212117668,
            "Soil_Moisture": 59.36815122149806,
            "Soil_Temperature": 0.6952203453131377,
            "Wind_Dir_Sin": 0.6144732076582705,
            "Wind_Dir_Cos": 0.5544849262042306
        },
        "MAE": {
            "Temperature": 1.0248069756864284,
            "Precipitation_accumulated": 3.8944293674328563,
            "Humidity": 2.3292711612054604,
            "Wind_Speed_kmh": 0.5575751331776723,
            "Soil_Moisture": 47.862310830084276,
            "Soil_Temperature": 0.4989208917436163,
            "Wind_Dir_Sin": 0.5078806141579763,
            "Wind_Dir_Cos": 0.44448860473961527
        },
        "R2": {
            "Temperature": 0.9370075778907652,
            "Precipitation_accumulated": -5.06475700215964,
            "Humidity": 0.9256103091271574,
            "Wind_Speed_kmh": 0.5904718437776846,
            "Soil_Moisture": 0.9393833717841387,
            "Soil_Temperature": 0.9701245270096105,
            "Wind_Dir_Sin": 0.31306958430981346,
            "Wind_Dir_Cos": 0.164939670807014
        },
        "SMAPE": {
            "Temperature": 20.538132527133303,
            "Precipitation_accumulated": 0.8413153210753523,
            "Humidity": 2.8367826121199853,
            "Wind_Speed_kmh": 57.68579547101812,
            "Soil_Moisture": 0.5570157368855765,
            "Soil_Temperature": 10.243773982398185,
            "Wind_Dir_Sin": 102.96965818329758,
            "Wind_Dir_Cos": 108.50009604451125
        }
    }
}