{
    "trial_number": 1,
    "overall_mae_val": 0.082701278591382,
    "xgb_params": {
        "n_estimators": 200,
        "max_depth": 7,
        "learning_rate": 0.031208848481332166,
        "min_child_weight": 9,
        "subsample": 0.7,
        "colsample_bytree": 0.7,
        "gamma": 0.1,
        "reg_alpha": 2.0494383298537438e-05,
        "reg_lambda": 0.164595420194213,
        "n_jobs": -1
    },
    "metrics": {
        "MSE": {
            "Temperature": 3.1240659893785976,
            "Precipitation_accumulated": 60.779640751144,
            "Humidity": 14.077224764016702,
            "Wind_Speed_kmh": 0.5706279639557691,
            "Soil_Moisture": 1090.4394966697953,
            "Soil_Temperature": 1.5308060308807403,
            "Wind_Dir_Sin": 0.36711610834105013,
            "Wind_Dir_Cos": 0.3081440906344088
        },
        "RMSE": {
            "Temperature": 1.7675027551261688,
            "Precipitation_accumulated": 7.796129857252508,
            "Humidity": 3.751962788197226,
            "Wind_Speed_kmh": 0.755399208336737,
            "Soil_Moisture": 33.02180335278186,
            "Soil_Temperature": 1.237257463457279,
            "Wind_Dir_Sin": 0.6059010714143441,
            "Wind_Dir_Cos": 0.5551072784916523
        },
        "MAE": {
            "Temperature": 1.36393398049335,
            "Precipitation_accumulated": 7.55835409235489,
            "Humidity": 3.0273468155093344,
            "Wind_Speed_kmh": 0.5630008521286417,
            "Soil_Moisture": 20.338402893074406,
            "Soil_Temperature": 0.8531886257542066,
            "Wind_Dir_Sin": 0.5053338642618127,
            "Wind_Dir_Cos": 0.4497644265363124
        },
        "R2": {
            "Temperature": 0.8975515823587061,
            "Precipitation_accumulated": -16.267174287440284,
            "Humidity": 0.903890662477032,
            "Wind_Speed_kmh": 0.5782508921426875,
            "Soil_Moisture": 0.9819556584458852,
            "Soil_Temperature": 0.9054753340542405,
            "Wind_Dir_Sin": 0.3311525141893694,
            "Wind_Dir_Cos": 0.1679118655363413
        },
        "SMAPE": {
            "Temperature": 27.21380832465718,
            "Precipitation_accumulated": 1.6399592040555024,
            "Humidity": 3.5266227764190825,
            "Wind_Speed_kmh": 58.03060842792272,
            "Soil_Moisture": 0.23752699042359818,
            "Soil_Temperature": 12.769185092156762,
            "Wind_Dir_Sin": 104.2440684006187,
            "Wind_Dir_Cos": 111.03407387906833
        }
    }
}