{
    "trial_number": 20,
    "forecast_horizon": 14,
    "overall_smape_val": 81.62129777134967,
    "output_chunk_length": 16,
    "xgb_params": {
        "n_estimators": 400,
        "max_depth": 3,
        "learning_rate": 0.12553158909452458,
        "min_child_weight": 7,
        "subsample": 1.0,
        "colsample_bytree": 0.7,
        "gamma": 0.15000000000000002,
        "reg_alpha": 1.100145568281862e-05,
        "reg_lambda": 0.00026381409903893603,
        "random_state": 42,
        "n_jobs": -1
    },
    "metrics": {
        "MSE": {
            "Temperature": 76.44934834325555,
            "Precipitation_accumulated": 50.66583575573102,
            "Humidity": 17.020016590157404,
            "Wind_Speed_kmh": 0.2833272308786204,
            "Soil_Moisture": 130397.61022199229,
            "Soil_Temperature": 84.35726260244633,
            "Wind_Dir_Sin": 0.1368332163276782,
            "Wind_Dir_Cos": 0.7370727569904023
        },
        "RMSE": {
            "Temperature": 8.74353180032277,
            "Precipitation_accumulated": 7.1179938013271,
            "Humidity": 4.125532279616462,
            "Wind_Speed_kmh": 0.5322849151334466,
            "Soil_Moisture": 361.1060927511364,
            "Soil_Temperature": 9.184620983058927,
            "Wind_Dir_Sin": 0.3699097407850707,
            "Wind_Dir_Cos": 0.8585294153320562
        },
        "MAE": {
            "Temperature": 7.253223597305969,
            "Precipitation_accumulated": 7.050877265314119,
            "Humidity": 2.754956924593541,
            "Wind_Speed_kmh": 0.3553584624980734,
            "Soil_Moisture": 196.5359087334603,
            "Soil_Temperature": 7.486080544039633,
            "Wind_Dir_Sin": 0.17781408131405782,
            "Wind_Dir_Cos": 0.8072342698415348
        },
        "R2": {
            "Temperature": -21.53750787930046,
            "Precipitation_accumulated": -52.27830856866256,
            "Humidity": 0.7386884628839296,
            "Wind_Speed_kmh": 0.17440324352857994,
            "Soil_Moisture": 0.8251802245623476,
            "Soil_Temperature": -14.084718308360092,
            "Wind_Dir_Sin": 0.15483794933196748,
            "Wind_Dir_Cos": -1.550102400749672
        },
        "SMAPE": {
            "Temperature": 68.3563410004431,
            "Precipitation_accumulated": 1.5460839468834322,
            "Humidity": 3.2671372493545103,
            "Wind_Speed_kmh": 174.01381520759585,
            "Soil_Moisture": 3.2054036291162973,
            "Soil_Temperature": 71.48798144768264,
            "Wind_Dir_Sin": 166.0184521238313,
            "Wind_Dir_Cos": 165.07516756589072
        }
    }
}