{
    "trial_number": 53,
    "overall_mae_val": 0.09647298199841564,
    "output_chunk_length": 2,
    "xgb_params": {
        "n_estimators": 600,
        "max_depth": 4,
        "learning_rate": 0.023127251444359447,
        "min_child_weight": 7,
        "subsample": 0.7,
        "colsample_bytree": 0.8,
        "gamma": 0.15000000000000002,
        "reg_alpha": 0.0007784413400958707,
        "reg_lambda": 0.003654355798409009,
        "n_jobs": -1
    },
    "metrics": {
        "MSE": {
            "Temperature": 5.445295230457499,
            "Precipitation_accumulated": 64.88463987187502,
            "Humidity": 25.805844816948234,
            "Wind_Speed_kmh": 0.9273267285027704,
            "Soil_Moisture": 2009.1759253194568,
            "Soil_Temperature": 1.4705110718433623,
            "Wind_Dir_Sin": 0.46304778431084526,
            "Wind_Dir_Cos": 0.3377031405473667
        },
        "RMSE": {
            "Temperature": 2.3335156375001,
            "Precipitation_accumulated": 8.05510023971614,
            "Humidity": 5.079945355704944,
            "Wind_Speed_kmh": 0.9629780519320108,
            "Soil_Moisture": 44.823832113279394,
            "Soil_Temperature": 1.2126463094585174,
            "Wind_Dir_Sin": 0.680476145291549,
            "Wind_Dir_Cos": 0.581122311176715
        },
        "MAE": {
            "Temperature": 1.865888303441763,
            "Precipitation_accumulated": 7.7427156632787835,
            "Humidity": 4.024264023656917,
            "Wind_Speed_kmh": 0.7324614540200067,
            "Soil_Moisture": 25.80507575855352,
            "Soil_Temperature": 0.866149353090296,
            "Wind_Dir_Sin": 0.589749731667628,
            "Wind_Dir_Cos": 0.48726419026366347
        },
        "R2": {
            "Temperature": 0.821825235952493,
            "Precipitation_accumulated": -17.623305813786228,
            "Humidity": 0.8240130820592707,
            "Wind_Speed_kmh": 0.3169621367565445,
            "Soil_Moisture": 0.9659706902954821,
            "Soil_Temperature": 0.9092383121976366,
            "Wind_Dir_Sin": 0.1558790402741218,
            "Wind_Dir_Cos": 0.08757362475197328
        },
        "SMAPE": {
            "Temperature": 32.47527560845172,
            "Precipitation_accumulated": 1.6805445657709368,
            "Humidity": 4.731615337738814,
            "Wind_Speed_kmh": 67.5819231040099,
            "Soil_Moisture": 0.3011160548347151,
            "Soil_Temperature": 14.21055472771298,
            "Wind_Dir_Sin": 124.11491534057394,
            "Wind_Dir_Cos": 123.75308611450322
        }
    }
}