{
    "trial_number": 3,
    "overall_smape_val": 43.63957466838055,
    "xgb_params": {
        "n_estimators": 500,
        "max_depth": 4,
        "learning_rate": 0.0873553922336663,
        "min_child_weight": 3,
        "subsample": 0.9,
        "colsample_bytree": 1.0,
        "gamma": 0.15000000000000002,
        "reg_alpha": 0.0015178873097294791,
        "reg_lambda": 0.048370795629976954,
        "random_state": 42,
        "n_jobs": -1
    },
    "metrics": {
        "MSE": {
            "Temperature": 0.5496421665126248,
            "Precipitation_accumulated": 7.161071270444717,
            "Humidity": 2.1591062489022,
            "Wind_Speed_kmh": 0.06551514107831533,
            "Soil_Moisture": 9790.471933836181,
            "Soil_Temperature": 0.35511647515218364,
            "Wind_Dir_Sin": 0.02068657722071106,
            "Wind_Dir_Cos": 0.01853728964071494
        },
        "RMSE": {
            "Temperature": 0.7413785581689187,
            "Precipitation_accumulated": 2.6760178008460103,
            "Humidity": 1.4693897539122152,
            "Wind_Speed_kmh": 0.25595925667636116,
            "Soil_Moisture": 98.94681366186676,
            "Soil_Temperature": 0.5959165001509722,
            "Wind_Dir_Sin": 0.1438282907522406,
            "Wind_Dir_Cos": 0.13615171552615465
        },
        "MAE": {
            "Temperature": 0.47158463003615325,
            "Precipitation_accumulated": 2.492373907973167,
            "Humidity": 0.8336433728753249,
            "Wind_Speed_kmh": 0.10549901125407163,
            "Soil_Moisture": 43.677789377563194,
            "Soil_Temperature": 0.35363449469555697,
            "Wind_Dir_Sin": 0.06348204377179036,
            "Wind_Dir_Cos": 0.05049298776686817
        },
        "R2": {
            "Temperature": 0.8385470075014294,
            "Precipitation_accumulated": -6.544771383271747,
            "Humidity": 0.966797613760341,
            "Wind_Speed_kmh": 0.8074828430102234,
            "Soil_Moisture": 0.9867690991220743,
            "Soil_Temperature": 0.9367242841507143,
            "Wind_Dir_Sin": 0.8712071488146633,
            "Wind_Dir_Cos": 0.9354310558412621
        },
        "SMAPE": {
            "Temperature": 8.876356727055564,
            "Precipitation_accumulated": 0.5436618862331404,
            "Humidity": 0.9816881309452956,
            "Wind_Speed_kmh": 167.1330577824917,
            "Soil_Moisture": 0.7314138395918727,
            "Soil_Temperature": 13.357881604564131,
            "Wind_Dir_Sin": 138.77078588829866,
            "Wind_Dir_Cos": 18.721751487864008
        }
    }
}