{
    "trial_number": 22,
    "forecast_horizon": 1,
    "overall_smape_val": 44.56579950469777,
    "output_chunk_length": 16,
    "xgb_params": {
        "n_estimators": 550,
        "max_depth": 5,
        "learning_rate": 0.12431283936207725,
        "min_child_weight": 9,
        "subsample": 0.9,
        "colsample_bytree": 0.8,
        "gamma": 0.3,
        "reg_alpha": 0.11938444584412979,
        "reg_lambda": 0.0009880833405113837,
        "random_state": 42,
        "n_jobs": -1
    },
    "metrics": {
        "MSE": {
            "Temperature": 0.8406343111177103,
            "Precipitation_accumulated": 10.340784942581072,
            "Humidity": 2.9104372187949976,
            "Wind_Speed_kmh": 0.0658895588916152,
            "Soil_Moisture": 12586.30721954192,
            "Soil_Temperature": 0.8079286138411302,
            "Wind_Dir_Sin": 0.030606245945123792,
            "Wind_Dir_Cos": 0.02794167506692795
        },
        "RMSE": {
            "Temperature": 0.916861118773018,
            "Precipitation_accumulated": 3.2157090886118835,
            "Humidity": 1.706000357208344,
            "Wind_Speed_kmh": 0.256689615862456,
            "Soil_Moisture": 112.18871253179582,
            "Soil_Temperature": 0.8988484932629804,
            "Wind_Dir_Sin": 0.1749464087802999,
            "Wind_Dir_Cos": 0.1671576353832751
        },
        "MAE": {
            "Temperature": 0.6393322045483769,
            "Precipitation_accumulated": 3.064578497816917,
            "Humidity": 1.0512081791323002,
            "Wind_Speed_kmh": 0.1112998234176611,
            "Soil_Moisture": 58.3029833439244,
            "Soil_Temperature": 0.6032186656967332,
            "Wind_Dir_Sin": 0.07393197105441206,
            "Wind_Dir_Cos": 0.06416722263131802
        },
        "R2": {
            "Temperature": 0.7530703912546141,
            "Precipitation_accumulated": -9.894858516120857,
            "Humidity": 0.9552437677794487,
            "Wind_Speed_kmh": 0.8063826110370272,
            "Soil_Moisture": 0.9829907910092308,
            "Soil_Temperature": 0.8560408627225464,
            "Wind_Dir_Sin": 0.8094481442098788,
            "Wind_Dir_Cos": 0.9026737731315672
        },
        "SMAPE": {
            "Temperature": 11.598028656097911,
            "Precipitation_accumulated": 0.6689463247121066,
            "Humidity": 1.23368113143209,
            "Wind_Speed_kmh": 164.35952459451659,
            "Soil_Moisture": 0.9884069594363476,
            "Soil_Temperature": 17.280195003030002,
            "Wind_Dir_Sin": 139.2407195025609,
            "Wind_Dir_Cos": 21.1568938657965
        }
    }
}