{
    "trial_number": 33,
    "overall_mae_val": 0.07905115973877569,
    "xgb_params": {
        "n_estimators": 450,
        "max_depth": 3,
        "learning_rate": 0.0345991170906312,
        "min_child_weight": 8,
        "subsample": 0.7,
        "colsample_bytree": 0.8,
        "gamma": 0.1,
        "reg_alpha": 0.00017249389452392871,
        "reg_lambda": 0.1794306802784556,
        "n_jobs": -1
    },
    "metrics": {
        "MSE": {
            "Temperature": 2.7135505360964767,
            "Precipitation_accumulated": 60.171393210173086,
            "Humidity": 11.12387999229411,
            "Wind_Speed_kmh": 0.5451155563740586,
            "Soil_Moisture": 938.5400097875171,
            "Soil_Temperature": 0.5599992213210975,
            "Wind_Dir_Sin": 0.3621509478920365,
            "Wind_Dir_Cos": 0.30734401854269044
        },
        "RMSE": {
            "Temperature": 1.6472858088675677,
            "Precipitation_accumulated": 7.757022187036278,
            "Humidity": 3.3352481155521416,
            "Wind_Speed_kmh": 0.7383194135156265,
            "Soil_Moisture": 30.635600366036847,
            "Soil_Temperature": 0.7483309570778811,
            "Wind_Dir_Sin": 0.6017897871283929,
            "Wind_Dir_Cos": 0.5543861637366958
        },
        "MAE": {
            "Temperature": 1.2746670498829287,
            "Precipitation_accumulated": 7.411500475235522,
            "Humidity": 2.6546275335194256,
            "Wind_Speed_kmh": 0.5540825975155357,
            "Soil_Moisture": 18.4371517114145,
            "Soil_Temperature": 0.5347309448688287,
            "Wind_Dir_Sin": 0.48383496038854384,
            "Wind_Dir_Cos": 0.44302551605454776
        },
        "R2": {
            "Temperature": 0.9112102822642815,
            "Precipitation_accumulated": -16.270501295952574,
            "Humidity": 0.9241389937328975,
            "Wind_Speed_kmh": 0.5984861069974087,
            "Soil_Moisture": 0.984103995941489,
            "Soil_Temperature": 0.9654361837402567,
            "Wind_Dir_Sin": 0.3398106716885926,
            "Wind_Dir_Cos": 0.1695997012685878
        },
        "SMAPE": {
            "Temperature": 25.747909964511447,
            "Precipitation_accumulated": 1.6081265705797052,
            "Humidity": 3.1066608053403026,
            "Wind_Speed_kmh": 57.37197602652815,
            "Soil_Moisture": 0.2156338637462505,
            "Soil_Temperature": 9.943070092558294,
            "Wind_Dir_Sin": 96.5326404506246,
            "Wind_Dir_Cos": 107.4306778563938
        }
    }
}