{
    "trial_number": 12,
    "overall_mae_val": 0.08161369668647098,
    "output_chunk_length": 1,
    "xgb_params": {
        "n_estimators": 600,
        "max_depth": 4,
        "learning_rate": 0.061388360154968694,
        "min_child_weight": 10,
        "subsample": 0.6,
        "colsample_bytree": 1.0,
        "gamma": 0.3,
        "reg_alpha": 0.49971597241698745,
        "reg_lambda": 1.3599197740496794e-05,
        "n_jobs": -1
    },
    "metrics": {
        "MSE": {
            "Temperature": 4.627483623077654,
            "Precipitation_accumulated": 81.7160243515523,
            "Humidity": 14.05045658229152,
            "Wind_Speed_kmh": 0.5666221466649903,
            "Soil_Moisture": 2241.90485365297,
            "Soil_Temperature": 1.2118010732782438,
            "Wind_Dir_Sin": 0.35760999806352106,
            "Wind_Dir_Cos": 0.30633683274995993
        },
        "RMSE": {
            "Temperature": 2.151158669898075,
            "Precipitation_accumulated": 9.039691607104322,
            "Humidity": 3.748393867017115,
            "Wind_Speed_kmh": 0.7527430814461136,
            "Soil_Moisture": 47.348757678031745,
            "Soil_Temperature": 1.1008183652529802,
            "Wind_Dir_Sin": 0.5980050150822491,
            "Wind_Dir_Cos": 0.5534770390449453
        },
        "MAE": {
            "Temperature": 1.6274511601522705,
            "Precipitation_accumulated": 8.668871487786735,
            "Humidity": 3.1576184474282796,
            "Wind_Speed_kmh": 0.5492153261687771,
            "Soil_Moisture": 38.81029636242569,
            "Soil_Temperature": 0.8320616052738559,
            "Wind_Dir_Sin": 0.4720245030231672,
            "Wind_Dir_Cos": 0.4402981084420012
        },
        "R2": {
            "Temperature": 0.8478669959283415,
            "Precipitation_accumulated": -22.01607762087635,
            "Humidity": 0.9038015519336984,
            "Wind_Speed_kmh": 0.5797472259375562,
            "Soil_Moisture": 0.9636182338392222,
            "Soil_Temperature": 0.9253021985083884,
            "Wind_Dir_Sin": 0.34739590023993516,
            "Wind_Dir_Cos": 0.17293937104022272
        },
        "SMAPE": {
            "Temperature": 30.556188318000217,
            "Precipitation_accumulated": 1.8839802443824558,
            "Humidity": 3.614372946397497,
            "Wind_Speed_kmh": 59.71550829845023,
            "Soil_Moisture": 0.45569758391766657,
            "Soil_Temperature": 17.952406931026275,
            "Wind_Dir_Sin": 93.2433383098364,
            "Wind_Dir_Cos": 105.56453586490409
        }
    }
}