{
    "trial_number": 48,
    "overall_mae_val": 0.08061003588986848,
    "xgb_params": {
        "n_estimators": 250,
        "max_depth": 3,
        "learning_rate": 0.020325421651714123,
        "min_child_weight": 4,
        "subsample": 0.6,
        "colsample_bytree": 0.9,
        "gamma": 0.2,
        "reg_alpha": 8.481104736543251e-05,
        "reg_lambda": 0.13685391929905732,
        "n_jobs": -1
    },
    "metrics": {
        "MSE": {
            "Temperature": 4.145787003550543,
            "Precipitation_accumulated": 78.69584401846471,
            "Humidity": 13.735926533597361,
            "Wind_Speed_kmh": 0.5360882897288949,
            "Soil_Moisture": 1057.6123975145015,
            "Soil_Temperature": 0.6826835132439534,
            "Wind_Dir_Sin": 0.35491669220567496,
            "Wind_Dir_Cos": 0.3017238328021614
        },
        "RMSE": {
            "Temperature": 2.036120576869293,
            "Precipitation_accumulated": 8.871067805989576,
            "Humidity": 3.7062010918995423,
            "Wind_Speed_kmh": 0.732180503515967,
            "Soil_Moisture": 32.520953207347745,
            "Soil_Temperature": 0.8262466418957195,
            "Wind_Dir_Sin": 0.595748849940707,
            "Wind_Dir_Cos": 0.5492939402561814
        },
        "MAE": {
            "Temperature": 1.5563345834631803,
            "Precipitation_accumulated": 8.61783318071182,
            "Humidity": 3.1054076938014297,
            "Wind_Speed_kmh": 0.5518559008310138,
            "Soil_Moisture": 21.12906466308009,
            "Soil_Temperature": 0.6187192173736833,
            "Wind_Dir_Sin": 0.4773353160200097,
            "Wind_Dir_Cos": 0.43983501804092123
        },
        "R2": {
            "Temperature": 0.8643171469839348,
            "Precipitation_accumulated": -21.65426548221742,
            "Humidity": 0.9063132871613945,
            "Wind_Speed_kmh": 0.6034902484954534,
            "Soil_Moisture": 0.9819776528638505,
            "Soil_Temperature": 0.9578484502874496,
            "Wind_Dir_Sin": 0.3535742587845059,
            "Wind_Dir_Cos": 0.18289032060480626
        },
        "SMAPE": {
            "Temperature": 29.311470202825504,
            "Precipitation_accumulated": 1.8722101345805833,
            "Humidity": 3.610176535755246,
            "Wind_Speed_kmh": 57.10611208638903,
            "Soil_Moisture": 0.2466606471803873,
            "Soil_Temperature": 13.774937726011762,
            "Wind_Dir_Sin": 93.44647263658885,
            "Wind_Dir_Cos": 107.7327920352449
        }
    }
}