{
    "trial_number": 10,
    "forecast_horizon": 1,
    "overall_smape_val": 45.09067730210061,
    "output_chunk_length": 12,
    "xgb_params": {
        "n_estimators": 500,
        "max_depth": 5,
        "learning_rate": 0.18383995579572615,
        "min_child_weight": 8,
        "subsample": 0.9,
        "colsample_bytree": 0.8,
        "gamma": 0.3,
        "reg_alpha": 0.04125673058420505,
        "reg_lambda": 0.00235829358756962,
        "random_state": 42,
        "n_jobs": -1
    },
    "metrics": {
        "MSE": {
            "Temperature": 0.7640434842699617,
            "Precipitation_accumulated": 11.882633997268853,
            "Humidity": 2.7807378925392676,
            "Wind_Speed_kmh": 0.06718032000518466,
            "Soil_Moisture": 12433.938841189218,
            "Soil_Temperature": 0.6528936807899369,
            "Wind_Dir_Sin": 0.029108432561858313,
            "Wind_Dir_Cos": 0.024683131942244915
        },
        "RMSE": {
            "Temperature": 0.8740958095483364,
            "Precipitation_accumulated": 3.4471196668042805,
            "Humidity": 1.6675544646395415,
            "Wind_Speed_kmh": 0.25919166654270476,
            "Soil_Moisture": 111.50757302169758,
            "Soil_Temperature": 0.8080183666167106,
            "Wind_Dir_Sin": 0.17061193557854712,
            "Wind_Dir_Cos": 0.15710866284914055
        },
        "MAE": {
            "Temperature": 0.5909737883950021,
            "Precipitation_accumulated": 3.306582892348167,
            "Humidity": 1.03398932518897,
            "Wind_Speed_kmh": 0.1141510460896963,
            "Soil_Moisture": 55.587621452868646,
            "Soil_Temperature": 0.543964222023769,
            "Wind_Dir_Sin": 0.0746423340503572,
            "Wind_Dir_Cos": 0.06082834681680869
        },
        "R2": {
            "Temperature": 0.7755683343636146,
            "Precipitation_accumulated": -11.519321977774204,
            "Humidity": 0.9572382630144821,
            "Wind_Speed_kmh": 0.8025896914790841,
            "Soil_Moisture": 0.9831967025244814,
            "Soil_Temperature": 0.8836654508700165,
            "Wind_Dir_Sin": 0.8187734015550707,
            "Wind_Dir_Cos": 0.9140239053857657
        },
        "SMAPE": {
            "Temperature": 10.884724055825252,
            "Precipitation_accumulated": 0.7219804046593713,
            "Humidity": 1.2163449808745688,
            "Wind_Speed_kmh": 165.75132355903503,
            "Soil_Moisture": 0.9420061042964092,
            "Soil_Temperature": 16.37097689000045,
            "Wind_Dir_Sin": 144.32549899699046,
            "Wind_Dir_Cos": 20.512563425123272
        }
    }
}