{
    "trial_number": 44,
    "overall_mae_val": 0.07988451640941067,
    "output_chunk_length": 1,
    "xgb_params": {
        "n_estimators": 600,
        "max_depth": 4,
        "learning_rate": 0.02104230124286427,
        "min_child_weight": 8,
        "subsample": 0.8,
        "colsample_bytree": 0.8,
        "gamma": 0.15000000000000002,
        "reg_alpha": 0.0033296184094977936,
        "reg_lambda": 0.019528844343281365,
        "n_jobs": -1
    },
    "metrics": {
        "MSE": {
            "Temperature": 3.0782677298044714,
            "Precipitation_accumulated": 64.46887145897283,
            "Humidity": 12.201241802182532,
            "Wind_Speed_kmh": 0.5505830626967062,
            "Soil_Moisture": 1005.4996748121006,
            "Soil_Temperature": 0.6856704623314416,
            "Wind_Dir_Sin": 0.3586031050609042,
            "Wind_Dir_Cos": 0.3054186472787403
        },
        "RMSE": {
            "Temperature": 1.754499281790811,
            "Precipitation_accumulated": 8.029250989910132,
            "Humidity": 3.4930275982566372,
            "Wind_Speed_kmh": 0.7420128453717673,
            "Soil_Moisture": 31.70961486382483,
            "Soil_Temperature": 0.8280522099067434,
            "Wind_Dir_Sin": 0.5988347894544072,
            "Wind_Dir_Cos": 0.5526469463217365
        },
        "MAE": {
            "Temperature": 1.3579399129446181,
            "Precipitation_accumulated": 7.667390083217828,
            "Humidity": 2.843788220021287,
            "Wind_Speed_kmh": 0.5541642558839407,
            "Soil_Moisture": 18.700610546482068,
            "Soil_Temperature": 0.5836953296460704,
            "Wind_Dir_Sin": 0.4849573388303489,
            "Wind_Dir_Cos": 0.4431794063882245
        },
        "R2": {
            "Temperature": 0.8992704782955229,
            "Precipitation_accumulated": -17.476832499496506,
            "Humidity": 0.9167971774275735,
            "Wind_Speed_kmh": 0.5942573602571214,
            "Soil_Moisture": 0.9830245487918167,
            "Soil_Temperature": 0.9576827142192827,
            "Wind_Dir_Sin": 0.3459428836422481,
            "Wind_Dir_Cos": 0.17489345317379812
        },
        "SMAPE": {
            "Temperature": 27.257864448551533,
            "Precipitation_accumulated": 1.664243616819571,
            "Humidity": 3.3116420685240104,
            "Wind_Speed_kmh": 57.37987076661732,
            "Soil_Moisture": 0.2187815576837417,
            "Soil_Temperature": 11.128071769528328,
            "Wind_Dir_Sin": 96.28158293521027,
            "Wind_Dir_Cos": 108.11658150761205
        }
    }
}