{
    "trial_number": 5,
    "overall_smape_val": 38.81899295750556,
    "xgb_params": {
        "n_estimators": 300,
        "max_depth": 4,
        "learning_rate": 0.05543991236274303,
        "min_child_weight": 1,
        "subsample": 0.6,
        "colsample_bytree": 0.7,
        "gamma": 0.0,
        "reg_alpha": 0.0017924281378920127,
        "reg_lambda": 0.0006069943669562677,
        "random_state": 42,
        "n_jobs": -1
    },
    "metrics": {
        "MSE": {
            "Temperature": 0.19225280884871326,
            "Precipitation_accumulated": 0.011210810004088169,
            "Humidity": 1.1761384625340578,
            "Wind_Speed_kmh": 0.01570369844360835,
            "Soil_Moisture": 1263.9063209298754,
            "Soil_Temperature": 0.03916047145198026,
            "Wind_Dir_Sin": 0.012812011041988484,
            "Wind_Dir_Cos": 0.009538010499814668
        },
        "RMSE": {
            "Temperature": 0.4384664284169465,
            "Precipitation_accumulated": 0.10588111259373963,
            "Humidity": 1.0844991759028948,
            "Wind_Speed_kmh": 0.12531439838904526,
            "Soil_Moisture": 35.55146017999648,
            "Soil_Temperature": 0.1978900488957953,
            "Wind_Dir_Sin": 0.11319015435093498,
            "Wind_Dir_Cos": 0.09766273854349297
        },
        "MAE": {
            "Temperature": 0.22313044546455,
            "Precipitation_accumulated": 0.04666318860239548,
            "Humidity": 0.5487139173965295,
            "Wind_Speed_kmh": 0.05031887234799241,
            "Soil_Moisture": 13.177774814789089,
            "Soil_Temperature": 0.10978121271110115,
            "Wind_Dir_Sin": 0.052752043001793196,
            "Wind_Dir_Cos": 0.039532865177675056
        },
        "R2": {
            "Temperature": 0.9435272742958897,
            "Precipitation_accumulated": 0.9881884992750689,
            "Humidity": 0.9819135331926209,
            "Wind_Speed_kmh": 0.9538544628183834,
            "Soil_Moisture": 0.9982919496256955,
            "Soil_Temperature": 0.9930222700508117,
            "Wind_Dir_Sin": 0.9202335208038349,
            "Wind_Dir_Cos": 0.966777275465593
        },
        "SMAPE": {
            "Temperature": 3.8677685877131083,
            "Precipitation_accumulated": 0.01014438322109863,
            "Humidity": 0.6566879295738449,
            "Wind_Speed_kmh": 147.53708713521746,
            "Soil_Moisture": 0.20974787613187562,
            "Soil_Temperature": 6.642834008565213,
            "Wind_Dir_Sin": 135.21948077631194,
            "Wind_Dir_Cos": 16.408192963309826
        }
    }
}