{
    "trial_number": 41,
    "overall_mae_val": 0.08033615337814565,
    "output_chunk_length": 1,
    "xgb_params": {
        "n_estimators": 600,
        "max_depth": 4,
        "learning_rate": 0.028361062637371037,
        "min_child_weight": 8,
        "subsample": 0.7,
        "colsample_bytree": 0.8,
        "gamma": 0.15000000000000002,
        "reg_alpha": 0.029684529664128996,
        "reg_lambda": 0.01903017168162728,
        "n_jobs": -1
    },
    "metrics": {
        "MSE": {
            "Temperature": 3.2974214910306707,
            "Precipitation_accumulated": 64.4374569358342,
            "Humidity": 12.383089567317068,
            "Wind_Speed_kmh": 0.5493609003439002,
            "Soil_Moisture": 964.7828441456546,
            "Soil_Temperature": 0.8004717607930129,
            "Wind_Dir_Sin": 0.3622375468217863,
            "Wind_Dir_Cos": 0.3059313295984916
        },
        "RMSE": {
            "Temperature": 1.8158803625323643,
            "Precipitation_accumulated": 8.02729449664295,
            "Humidity": 3.518961433053376,
            "Wind_Speed_kmh": 0.7411888425657123,
            "Soil_Moisture": 31.06095369021458,
            "Soil_Temperature": 0.8946908744326237,
            "Wind_Dir_Sin": 0.6018617339736647,
            "Wind_Dir_Cos": 0.553110594364718
        },
        "MAE": {
            "Temperature": 1.406698321228368,
            "Precipitation_accumulated": 7.724459488130257,
            "Humidity": 2.8780923953875908,
            "Wind_Speed_kmh": 0.5509709167603727,
            "Soil_Moisture": 17.83190224568127,
            "Soil_Temperature": 0.6341909827884997,
            "Wind_Dir_Sin": 0.4894115284100283,
            "Wind_Dir_Cos": 0.4415358028618845
        },
        "R2": {
            "Temperature": 0.8920861216355962,
            "Precipitation_accumulated": -17.44086226636826,
            "Humidity": 0.9155625415599413,
            "Wind_Speed_kmh": 0.5950280026653403,
            "Soil_Moisture": 0.983766090138396,
            "Soil_Temperature": 0.9505993808878045,
            "Wind_Dir_Sin": 0.3393740041946899,
            "Wind_Dir_Cos": 0.17346198890381004
        },
        "SMAPE": {
            "Temperature": 27.814982567941712,
            "Precipitation_accumulated": 1.6765320476945211,
            "Humidity": 3.333307713560371,
            "Wind_Speed_kmh": 57.565687285886376,
            "Soil_Moisture": 0.20909222548013423,
            "Soil_Temperature": 11.580696123845454,
            "Wind_Dir_Sin": 97.6898869060216,
            "Wind_Dir_Cos": 107.108699758783
        }
    }
}