{
    "trial_number": 73,
    "overall_mae_val": 0.10545724837875955,
    "output_chunk_length": 3,
    "xgb_params": {
        "n_estimators": 600,
        "max_depth": 4,
        "learning_rate": 0.035869571607974784,
        "min_child_weight": 7,
        "subsample": 0.9,
        "colsample_bytree": 0.6,
        "gamma": 0.15000000000000002,
        "reg_alpha": 0.010947762508480452,
        "reg_lambda": 0.03726991102035784,
        "n_jobs": -1
    },
    "metrics": {
        "MSE": {
            "Temperature": 7.1462364418350095,
            "Precipitation_accumulated": 65.66255146987471,
            "Humidity": 41.057854707575814,
            "Wind_Speed_kmh": 1.2331627884379281,
            "Soil_Moisture": 2978.869271417999,
            "Soil_Temperature": 2.447124506509693,
            "Wind_Dir_Sin": 0.5169587543903487,
            "Wind_Dir_Cos": 0.3491428583845237
        },
        "RMSE": {
            "Temperature": 2.6732445533162523,
            "Precipitation_accumulated": 8.103243268585407,
            "Humidity": 6.407640338500267,
            "Wind_Speed_kmh": 1.1104786303382557,
            "Soil_Moisture": 54.57901860072237,
            "Soil_Temperature": 1.5643287718730015,
            "Wind_Dir_Sin": 0.7189984383782406,
            "Wind_Dir_Cos": 0.5908831173629212
        },
        "MAE": {
            "Temperature": 2.144936543641262,
            "Precipitation_accumulated": 7.586966965435724,
            "Humidity": 5.040119365142994,
            "Wind_Speed_kmh": 0.856509252320654,
            "Soil_Moisture": 32.266159274449336,
            "Soil_Temperature": 1.1598709286941369,
            "Wind_Dir_Sin": 0.6312293030450958,
            "Wind_Dir_Cos": 0.5040491838489096
        },
        "R2": {
            "Temperature": 0.7661496723602468,
            "Precipitation_accumulated": -17.87438761887184,
            "Humidity": 0.7199811746841218,
            "Wind_Speed_kmh": 0.08959809892110016,
            "Soil_Moisture": 0.9493920979485735,
            "Soil_Temperature": 0.8489384478307433,
            "Wind_Dir_Sin": 0.058045791911830236,
            "Wind_Dir_Cos": 0.055501154371361494
        },
        "SMAPE": {
            "Temperature": 35.312587378304194,
            "Precipitation_accumulated": 1.6472008342354147,
            "Humidity": 5.957476606381647,
            "Wind_Speed_kmh": 75.42084940430492,
            "Soil_Moisture": 0.37634968280920444,
            "Soil_Temperature": 18.37638133429539,
            "Wind_Dir_Sin": 133.42790796991642,
            "Wind_Dir_Cos": 129.57348946577568
        }
    }
}