{
    "trial_number": 32,
    "forecast_horizon": 5,
    "overall_smape_val": 53.8524494582536,
    "output_chunk_length": 22,
    "xgb_params": {
        "n_estimators": 500,
        "max_depth": 6,
        "learning_rate": 0.029217237968594798,
        "min_child_weight": 9,
        "subsample": 0.9,
        "colsample_bytree": 0.8,
        "gamma": 0.3,
        "reg_alpha": 8.136050453343222e-05,
        "reg_lambda": 0.0034251953630883947,
        "random_state": 42,
        "n_jobs": -1
    },
    "metrics": {
        "MSE": {
            "Temperature": 5.034350519011217,
            "Precipitation_accumulated": 11.688975689893686,
            "Humidity": 12.271765323336,
            "Wind_Speed_kmh": 0.17960844481285262,
            "Soil_Moisture": 58380.11633671895,
            "Soil_Temperature": 6.2692802125805684,
            "Wind_Dir_Sin": 0.07626659115085593,
            "Wind_Dir_Cos": 0.05490567597698983
        },
        "RMSE": {
            "Temperature": 2.243735839846397,
            "Precipitation_accumulated": 3.4189144022472524,
            "Humidity": 3.50310795199577,
            "Wind_Speed_kmh": 0.4238023652751983,
            "Soil_Moisture": 241.6197763775121,
            "Soil_Temperature": 2.5038530732813715,
            "Wind_Dir_Sin": 0.2761640656400755,
            "Wind_Dir_Cos": 0.23431960220389123
        },
        "MAE": {
            "Temperature": 1.9221434326774252,
            "Precipitation_accumulated": 3.277097531066917,
            "Humidity": 2.3858250384631163,
            "Wind_Speed_kmh": 0.23461294009088174,
            "Soil_Moisture": 151.70539266282236,
            "Soil_Temperature": 2.0911514143213035,
            "Wind_Dir_Sin": 0.12256442589881326,
            "Wind_Dir_Cos": 0.12870193941089764
        },
        "R2": {
            "Temperature": -0.48070833696752246,
            "Precipitation_accumulated": -11.309271104632003,
            "Humidity": 0.8113197315225434,
            "Wind_Speed_kmh": 0.47332182726239946,
            "Soil_Moisture": 0.9212597773703951,
            "Soil_Temperature": -0.11818401132609169,
            "Wind_Dir_Sin": 0.5261114003375993,
            "Wind_Dir_Cos": 0.8090746650823899
        },
        "SMAPE": {
            "Temperature": 29.046458059034347,
            "Precipitation_accumulated": 0.7155141783401896,
            "Humidity": 2.8138857977569973,
            "Wind_Speed_kmh": 169.95534340150485,
            "Soil_Moisture": 2.5360392697145255,
            "Soil_Temperature": 35.03065254676082,
            "Wind_Dir_Sin": 157.40973179371184,
            "Wind_Dir_Cos": 33.3119706192055
        }
    }
}