{
    "trial_number": 67,
    "overall_mae_val": 0.07787263288769267,
    "xgb_params": {
        "n_estimators": 350,
        "max_depth": 4,
        "learning_rate": 0.023451809228891164,
        "min_child_weight": 1,
        "subsample": 0.7,
        "colsample_bytree": 0.8,
        "gamma": 0.0,
        "reg_alpha": 0.00011220791894528456,
        "reg_lambda": 0.17496311188802308,
        "n_jobs": -1
    },
    "metrics": {
        "MSE": {
            "Temperature": 1.8137153585745116,
            "Precipitation_accumulated": 18.570400932070985,
            "Humidity": 11.848669165971335,
            "Wind_Speed_kmh": 0.5484193104917418,
            "Soil_Moisture": 5296.9536201711235,
            "Soil_Temperature": 0.6682242599556281,
            "Wind_Dir_Sin": 0.3605832980921889,
            "Wind_Dir_Cos": 0.3070411769792699
        },
        "RMSE": {
            "Temperature": 1.346742498985798,
            "Precipitation_accumulated": 4.309338804511777,
            "Humidity": 3.4421895889057788,
            "Wind_Speed_kmh": 0.7405533812573822,
            "Soil_Moisture": 72.78017326285452,
            "Soil_Temperature": 0.8174498516457313,
            "Wind_Dir_Sin": 0.6004858850066244,
            "Wind_Dir_Cos": 0.5541129640960135
        },
        "MAE": {
            "Temperature": 1.0027989940671536,
            "Precipitation_accumulated": 3.754469117588983,
            "Humidity": 2.4759748188397777,
            "Wind_Speed_kmh": 0.5534459727477435,
            "Soil_Moisture": 30.661712028463946,
            "Soil_Temperature": 0.5853587311800518,
            "Wind_Dir_Sin": 0.48888202053011165,
            "Wind_Dir_Cos": 0.44615573618014304
        },
        "R2": {
            "Temperature": 0.9406272231366645,
            "Precipitation_accumulated": -4.353840032196031,
            "Humidity": 0.9191799569899899,
            "Wind_Speed_kmh": 0.5938810590088046,
            "Soil_Moisture": 0.9094578420258277,
            "Soil_Temperature": 0.958729224285846,
            "Wind_Dir_Sin": 0.3434540266891297,
            "Wind_Dir_Cos": 0.16783333356770125
        },
        "SMAPE": {
            "Temperature": 20.249912603167974,
            "Precipitation_accumulated": 0.8109914648323256,
            "Humidity": 3.034630970657836,
            "Wind_Speed_kmh": 57.52846351181455,
            "Soil_Moisture": 0.35912253480083695,
            "Soil_Temperature": 9.998409125566047,
            "Wind_Dir_Sin": 97.19849174714899,
            "Wind_Dir_Cos": 109.63570055841353
        }
    }
}