{
    "trial_number": 7,
    "overall_smape_val": 43.328782654005494,
    "xgb_params": {
        "n_estimators": 550,
        "max_depth": 4,
        "learning_rate": 0.010643356238050903,
        "min_child_weight": 4,
        "subsample": 0.6,
        "colsample_bytree": 0.7,
        "gamma": 0.05,
        "reg_alpha": 0.00048325029586597165,
        "reg_lambda": 0.48013081639971517,
        "random_state": 42,
        "n_jobs": -1
    },
    "metrics": {
        "MSE": {
            "Temperature": 0.4044102118662192,
            "Precipitation_accumulated": 5.987317319916814,
            "Humidity": 1.869209138240386,
            "Wind_Speed_kmh": 0.04854084907839786,
            "Soil_Moisture": 6685.283480604161,
            "Soil_Temperature": 0.19971709895360526,
            "Wind_Dir_Sin": 0.025900060134525445,
            "Wind_Dir_Cos": 0.020213443481536104
        },
        "RMSE": {
            "Temperature": 0.635932552922257,
            "Precipitation_accumulated": 2.446899532043932,
            "Humidity": 1.367190234839463,
            "Wind_Speed_kmh": 0.2203198789905211,
            "Soil_Moisture": 81.76358285082767,
            "Soil_Temperature": 0.4468971905859392,
            "Wind_Dir_Sin": 0.1609349562230824,
            "Wind_Dir_Cos": 0.14217399017238036
        },
        "MAE": {
            "Temperature": 0.39541976246141763,
            "Precipitation_accumulated": 2.235058844496604,
            "Humidity": 0.7212904809867904,
            "Wind_Speed_kmh": 0.09251646488551847,
            "Soil_Moisture": 34.40197447409358,
            "Soil_Temperature": 0.24292119481640162,
            "Wind_Dir_Sin": 0.07083327572343565,
            "Wind_Dir_Cos": 0.055024237654533036
        },
        "R2": {
            "Temperature": 0.8812077331747394,
            "Precipitation_accumulated": -5.308126071069019,
            "Humidity": 0.9712556045807783,
            "Wind_Speed_kmh": 0.85736203710113,
            "Soil_Moisture": 0.9909654689099293,
            "Soil_Temperature": 0.9644138098683921,
            "Wind_Dir_Sin": 0.8387484524381581,
            "Wind_Dir_Cos": 0.9295926897237188
        },
        "SMAPE": {
            "Temperature": 7.362937805491131,
            "Precipitation_accumulated": 0.4873790067790722,
            "Humidity": 0.8539282074171937,
            "Wind_Speed_kmh": 167.5347800846455,
            "Soil_Moisture": 0.5736391334563883,
            "Soil_Temperature": 11.253961342546692,
            "Wind_Dir_Sin": 139.33628633693974,
            "Wind_Dir_Cos": 19.227349314768045
        }
    }
}