{
    "trial_number": 48,
    "forecast_horizon": 8,
    "overall_smape_val": 41.92694797342445,
    "output_chunk_length": 8,
    "xgb_params": {
        "n_estimators": 400,
        "max_depth": 7,
        "learning_rate": 0.03200570242677771,
        "min_child_weight": 3,
        "subsample": 1.0,
        "colsample_bytree": 0.6,
        "gamma": 0.0,
        "reg_alpha": 0.004067293711184323,
        "reg_lambda": 0.3984658853981022,
        "random_state": 42,
        "n_jobs": -1
    },
    "metrics": {
        "MSE": {
            "Temperature": 0.9110742973254403,
            "Precipitation_accumulated": 0.02902031332476248,
            "Humidity": 4.059321203362606,
            "Wind_Speed_kmh": 0.022180432751819735,
            "Soil_Moisture": 18234.528028160246,
            "Soil_Temperature": 1.0325761624142957,
            "Wind_Dir_Sin": 0.03951359571024325,
            "Wind_Dir_Cos": 0.03449284639942963
        },
        "RMSE": {
            "Temperature": 0.9545021201262155,
            "Precipitation_accumulated": 0.17035349519385412,
            "Humidity": 2.014775720362593,
            "Wind_Speed_kmh": 0.14893096639658165,
            "Soil_Moisture": 135.03528438212084,
            "Soil_Temperature": 1.0161575480280092,
            "Wind_Dir_Sin": 0.1987802699219499,
            "Wind_Dir_Cos": 0.1857224983663251
        },
        "MAE": {
            "Temperature": 0.5576505413285694,
            "Precipitation_accumulated": 0.13505965544551946,
            "Humidity": 1.0785370053950767,
            "Wind_Speed_kmh": 0.05658402630878415,
            "Soil_Moisture": 36.09662122830339,
            "Soil_Temperature": 0.6998267375714695,
            "Wind_Dir_Sin": 0.08178507481414872,
            "Wind_Dir_Cos": 0.07121118037943838
        },
        "R2": {
            "Temperature": 0.7317476207345073,
            "Precipitation_accumulated": 0.9694544178771957,
            "Humidity": 0.9376164893340517,
            "Wind_Speed_kmh": 0.935095096586696,
            "Soil_Moisture": 0.9754551876849927,
            "Soil_Temperature": 0.815658663188358,
            "Wind_Dir_Sin": 0.7549664006948283,
            "Wind_Dir_Cos": 0.8802588904971554
        },
        "SMAPE": {
            "Temperature": 8.70112538905517,
            "Precipitation_accumulated": 0.029415695007496433,
            "Humidity": 1.280828390037587,
            "Wind_Speed_kmh": 145.48168871726642,
            "Soil_Moisture": 0.5467195553915096,
            "Soil_Temperature": 13.905962868306464,
            "Wind_Dir_Sin": 142.19937789188498,
            "Wind_Dir_Cos": 23.27046528044594
        }
    }
}