{
    "trial_number": 23,
    "forecast_horizon": 3,
    "overall_smape_val": 53.50829367311129,
    "output_chunk_length": 16,
    "xgb_params": {
        "n_estimators": 600,
        "max_depth": 5,
        "learning_rate": 0.13314824067205802,
        "min_child_weight": 9,
        "subsample": 0.8,
        "colsample_bytree": 0.9,
        "gamma": 0.25,
        "reg_alpha": 0.092624705797352,
        "reg_lambda": 0.0008998962599812878,
        "random_state": 42,
        "n_jobs": -1
    },
    "metrics": {
        "MSE": {
            "Temperature": 2.7135102193674907,
            "Precipitation_accumulated": 9.764107369412105,
            "Humidity": 8.117530835110095,
            "Wind_Speed_kmh": 0.13307294830182714,
            "Soil_Moisture": 35236.678746168145,
            "Soil_Temperature": 3.190221147408351,
            "Wind_Dir_Sin": 0.060359194204064784,
            "Wind_Dir_Cos": 0.09791609998487279
        },
        "RMSE": {
            "Temperature": 1.6472735715015556,
            "Precipitation_accumulated": 3.1247571696712857,
            "Humidity": 2.849128083310769,
            "Wind_Speed_kmh": 0.36479165053743645,
            "Soil_Moisture": 187.71435412926778,
            "Soil_Temperature": 1.7861190182651185,
            "Wind_Dir_Sin": 0.24568108230807023,
            "Wind_Dir_Cos": 0.3129154837729715
        },
        "MAE": {
            "Temperature": 1.3461475782974353,
            "Precipitation_accumulated": 2.9689743274256686,
            "Humidity": 1.9101744316419933,
            "Wind_Speed_kmh": 0.14678437624122753,
            "Soil_Moisture": 110.35332120095208,
            "Soil_Temperature": 1.4528800907212642,
            "Wind_Dir_Sin": 0.12420201480751378,
            "Wind_Dir_Cos": 0.27443932810291877
        },
        "R2": {
            "Temperature": 0.20254722692452698,
            "Precipitation_accumulated": -9.28559947705426,
            "Humidity": 0.8751722479658689,
            "Wind_Speed_kmh": 0.6092358771433183,
            "Soil_Moisture": 0.9524118530419208,
            "Soil_Temperature": 0.43137076697761745,
            "Wind_Dir_Sin": 0.624457000947616,
            "Wind_Dir_Cos": 0.6591306512763864
        },
        "SMAPE": {
            "Temperature": 21.866067607820384,
            "Precipitation_accumulated": 0.6480019058586801,
            "Humidity": 2.248452927620117,
            "Wind_Speed_kmh": 168.9002929614105,
            "Soil_Moisture": 1.8515139488217578,
            "Soil_Temperature": 28.277551629735406,
            "Wind_Dir_Sin": 156.14807251015972,
            "Wind_Dir_Cos": 48.12639589346403
        }
    }
}