{
    "trial_number": 18,
    "overall_mae_val": 0.08229907964409093,
    "xgb_params": {
        "n_estimators": 500,
        "max_depth": 5,
        "learning_rate": 0.021744737722338682,
        "min_child_weight": 4,
        "subsample": 0.8,
        "colsample_bytree": 0.9,
        "gamma": 0.3,
        "reg_alpha": 0.43414147119035623,
        "reg_lambda": 0.13575037167935528,
        "n_jobs": -1
    },
    "metrics": {
        "MSE": {
            "Temperature": 4.469707356139865,
            "Precipitation_accumulated": 76.5132553363522,
            "Humidity": 14.726102220345386,
            "Wind_Speed_kmh": 0.5340924249796841,
            "Soil_Moisture": 1440.7282184191752,
            "Soil_Temperature": 0.8749988986604187,
            "Wind_Dir_Sin": 0.36006478661274866,
            "Wind_Dir_Cos": 0.30393605780384786
        },
        "RMSE": {
            "Temperature": 2.1141682421557335,
            "Precipitation_accumulated": 8.74718556658953,
            "Humidity": 3.837460386811229,
            "Wind_Speed_kmh": 0.7308162730670986,
            "Soil_Moisture": 37.956925829407936,
            "Soil_Temperature": 0.9354137580025316,
            "Wind_Dir_Sin": 0.6000539864151797,
            "Wind_Dir_Cos": 0.5513039613533063
        },
        "MAE": {
            "Temperature": 1.6117125189545798,
            "Precipitation_accumulated": 8.447521582123636,
            "Humidity": 3.2323697631682036,
            "Wind_Speed_kmh": 0.5441383745598903,
            "Soil_Moisture": 27.540220299085266,
            "Soil_Temperature": 0.6934492308345694,
            "Wind_Dir_Sin": 0.49362830486131487,
            "Wind_Dir_Cos": 0.4415923605060538
        },
        "R2": {
            "Temperature": 0.853682146845205,
            "Precipitation_accumulated": -21.058744499476763,
            "Humidity": 0.8995529204042426,
            "Wind_Speed_kmh": 0.6044904950015706,
            "Soil_Moisture": 0.9753732708828697,
            "Soil_Temperature": 0.9459584372181521,
            "Wind_Dir_Sin": 0.34439812650113744,
            "Wind_Dir_Cos": 0.17624906691821673
        },
        "SMAPE": {
            "Temperature": 29.944968401178645,
            "Precipitation_accumulated": 1.8350295286010825,
            "Humidity": 3.764248960922767,
            "Wind_Speed_kmh": 56.94026658307855,
            "Soil_Moisture": 0.32199951192500986,
            "Soil_Temperature": 15.733367021578017,
            "Wind_Dir_Sin": 99.17208218237005,
            "Wind_Dir_Cos": 107.39941627212986
        }
    }
}