{
    "trial_number": 74,
    "overall_mae_val": 0.07975567767844809,
    "output_chunk_length": 1,
    "xgb_params": {
        "n_estimators": 550,
        "max_depth": 4,
        "learning_rate": 0.021776422794897058,
        "min_child_weight": 7,
        "subsample": 0.9,
        "colsample_bytree": 0.8,
        "gamma": 0.1,
        "reg_alpha": 4.745332363644534e-05,
        "reg_lambda": 0.012349873114991963,
        "n_jobs": -1
    },
    "metrics": {
        "MSE": {
            "Temperature": 2.7133231894002745,
            "Precipitation_accumulated": 56.34990355868247,
            "Humidity": 11.018193540309374,
            "Wind_Speed_kmh": 0.5446758155377176,
            "Soil_Moisture": 1102.8907968748306,
            "Soil_Temperature": 0.8509998473984082,
            "Wind_Dir_Sin": 0.3616745044478586,
            "Wind_Dir_Cos": 0.31010987201292844
        },
        "RMSE": {
            "Temperature": 1.6472168009707389,
            "Precipitation_accumulated": 7.506657282618041,
            "Humidity": 3.319366436582345,
            "Wind_Speed_kmh": 0.7380215549275764,
            "Soil_Moisture": 33.2097997114531,
            "Soil_Temperature": 0.9224965297487075,
            "Wind_Dir_Sin": 0.6013938014710981,
            "Wind_Dir_Cos": 0.556875095522262
        },
        "MAE": {
            "Temperature": 1.2782333759372846,
            "Precipitation_accumulated": 7.243625113584871,
            "Humidity": 2.6433759801687335,
            "Wind_Speed_kmh": 0.5498009475713841,
            "Soil_Moisture": 19.57202078192475,
            "Soil_Temperature": 0.6292316545044224,
            "Wind_Dir_Sin": 0.4869666119525981,
            "Wind_Dir_Cos": 0.44879729990880823
        },
        "R2": {
            "Temperature": 0.911181392707376,
            "Precipitation_accumulated": -15.10290277342796,
            "Humidity": 0.9248742124037657,
            "Wind_Speed_kmh": 0.5982424205123935,
            "Soil_Moisture": 0.981502909119349,
            "Soil_Temperature": 0.9474804540511218,
            "Wind_Dir_Sin": 0.3408110880367399,
            "Wind_Dir_Cos": 0.1623651868059236
        },
        "SMAPE": {
            "Temperature": 26.256900084896586,
            "Precipitation_accumulated": 1.5711289019165422,
            "Humidity": 3.0780145251363167,
            "Wind_Speed_kmh": 57.24454743851024,
            "Soil_Moisture": 0.23105017741393233,
            "Soil_Temperature": 10.548825258577741,
            "Wind_Dir_Sin": 98.06130302654377,
            "Wind_Dir_Cos": 109.36916830731168
        }
    }
}