{
    "trial_number": 57,
    "overall_mae_val": 0.07771364116049248,
    "xgb_params": {
        "n_estimators": 350,
        "max_depth": 3,
        "learning_rate": 0.021509872998782265,
        "min_child_weight": 3,
        "subsample": 1.0,
        "colsample_bytree": 0.9,
        "gamma": 0.05,
        "reg_alpha": 8.352908464745583e-05,
        "reg_lambda": 0.15366590973453384,
        "n_jobs": -1
    },
    "metrics": {
        "MSE": {
            "Temperature": 2.3252308511578725,
            "Precipitation_accumulated": 50.36431943973384,
            "Humidity": 10.12494785882678,
            "Wind_Speed_kmh": 0.5481127770314583,
            "Soil_Moisture": 1150.924728276303,
            "Soil_Temperature": 0.6201832521750195,
            "Wind_Dir_Sin": 0.3583200560528061,
            "Wind_Dir_Cos": 0.3069146159912893
        },
        "RMSE": {
            "Temperature": 1.5248707653955047,
            "Precipitation_accumulated": 7.096782330023505,
            "Humidity": 3.1819723221339906,
            "Wind_Speed_kmh": 0.7403463898956071,
            "Soil_Moisture": 33.92528155043526,
            "Soil_Temperature": 0.7875171440514926,
            "Wind_Dir_Sin": 0.5985984096644478,
            "Wind_Dir_Cos": 0.5539987508932572
        },
        "MAE": {
            "Temperature": 1.1755955137097915,
            "Precipitation_accumulated": 6.842752039837609,
            "Humidity": 2.461019891001964,
            "Wind_Speed_kmh": 0.5549932666417979,
            "Soil_Moisture": 19.65871534005586,
            "Soil_Temperature": 0.5424392074521892,
            "Wind_Dir_Sin": 0.4711454715465374,
            "Wind_Dir_Cos": 0.44545812158020154
        },
        "R2": {
            "Temperature": 0.9239027585877174,
            "Precipitation_accumulated": -13.413378834182597,
            "Humidity": 0.9309602939242346,
            "Wind_Speed_kmh": 0.5959480808697468,
            "Soil_Moisture": 0.9806339753969466,
            "Soil_Temperature": 0.9617257745730982,
            "Wind_Dir_Sin": 0.34651847682880077,
            "Wind_Dir_Cos": 0.17080543332806186
        },
        "SMAPE": {
            "Temperature": 24.3137620517435,
            "Precipitation_accumulated": 1.483424786157446,
            "Humidity": 2.8842472071734524,
            "Wind_Speed_kmh": 57.466877520066326,
            "Soil_Moisture": 0.23324742956048275,
            "Soil_Temperature": 9.101440611697027,
            "Wind_Dir_Sin": 92.24854672463864,
            "Wind_Dir_Cos": 109.54424816539294
        }
    }
}