{
    "trial_number": 35,
    "overall_mae_val": 0.07723010564728217,
    "xgb_params": {
        "n_estimators": 400,
        "max_depth": 3,
        "learning_rate": 0.032834244239284334,
        "min_child_weight": 3,
        "subsample": 0.7,
        "colsample_bytree": 0.8,
        "gamma": 0.0,
        "reg_alpha": 0.0014659817170083835,
        "reg_lambda": 0.024448532083136257,
        "n_jobs": -1
    },
    "metrics": {
        "MSE": {
            "Temperature": 1.837572099115234,
            "Precipitation_accumulated": 21.45243482017397,
            "Humidity": 9.967655529595119,
            "Wind_Speed_kmh": 0.5546091942045045,
            "Soil_Moisture": 2220.078116743168,
            "Soil_Temperature": 0.8231427193467212,
            "Wind_Dir_Sin": 0.35972164787179844,
            "Wind_Dir_Cos": 0.3070895649272597
        },
        "RMSE": {
            "Temperature": 1.3555707650710214,
            "Precipitation_accumulated": 4.631677322544606,
            "Humidity": 3.157159408328176,
            "Wind_Speed_kmh": 0.744720883421772,
            "Soil_Moisture": 47.11770491803657,
            "Soil_Temperature": 0.9072721308112144,
            "Wind_Dir_Sin": 0.5997679950379133,
            "Wind_Dir_Cos": 0.5541566249060456
        },
        "MAE": {
            "Temperature": 1.0196162585428687,
            "Precipitation_accumulated": 3.968878070520874,
            "Humidity": 2.2335894544510797,
            "Wind_Speed_kmh": 0.5545454659191347,
            "Soil_Moisture": 28.896565887238545,
            "Soil_Temperature": 0.7127103800629885,
            "Wind_Dir_Sin": 0.4832156968692321,
            "Wind_Dir_Cos": 0.4408334671208956
        },
        "R2": {
            "Temperature": 0.9398601460188029,
            "Precipitation_accumulated": -5.1755377265177644,
            "Humidity": 0.932015006123453,
            "Wind_Speed_kmh": 0.5897915362274104,
            "Soil_Moisture": 0.9621685424798875,
            "Soil_Temperature": 0.9491759496429079,
            "Wind_Dir_Sin": 0.3448227768277725,
            "Wind_Dir_Cos": 0.1683591792768543
        },
        "SMAPE": {
            "Temperature": 20.144813220829953,
            "Precipitation_accumulated": 0.857813233177097,
            "Humidity": 2.6940030340431336,
            "Wind_Speed_kmh": 57.756046295287156,
            "Soil_Moisture": 0.33660813356034325,
            "Soil_Temperature": 13.145454335317755,
            "Wind_Dir_Sin": 95.99240806900181,
            "Wind_Dir_Cos": 107.04625938558868
        }
    }
}