{
    "trial_number": 19,
    "overall_mae_val": 0.11303529042796993,
    "output_chunk_length": 3,
    "xgb_params": {
        "n_estimators": 300,
        "max_depth": 6,
        "learning_rate": 0.023597648973271795,
        "min_child_weight": 7,
        "subsample": 0.7,
        "colsample_bytree": 0.9,
        "gamma": 0.25,
        "reg_alpha": 0.07899087497311942,
        "reg_lambda": 6.274032922303598e-05,
        "n_jobs": -1
    },
    "metrics": {
        "MSE": {
            "Temperature": 11.873369830063165,
            "Precipitation_accumulated": 75.17371667525725,
            "Humidity": 48.67863355357359,
            "Wind_Speed_kmh": 1.2332500094453498,
            "Soil_Moisture": 4244.7212136391845,
            "Soil_Temperature": 4.483627246262797,
            "Wind_Dir_Sin": 0.5271727797147202,
            "Wind_Dir_Cos": 0.393923558670063
        },
        "RMSE": {
            "Temperature": 3.4457756499898777,
            "Precipitation_accumulated": 8.67027777382347,
            "Humidity": 6.977007492727351,
            "Wind_Speed_kmh": 1.1105179014519981,
            "Soil_Moisture": 65.15152502926685,
            "Soil_Temperature": 2.1174577318715944,
            "Wind_Dir_Sin": 0.7260666496367397,
            "Wind_Dir_Cos": 0.6276332995229483
        },
        "MAE": {
            "Temperature": 2.6501771916727646,
            "Precipitation_accumulated": 8.432976948662116,
            "Humidity": 5.795612071761915,
            "Wind_Speed_kmh": 0.8504265587547044,
            "Soil_Moisture": 42.349367000108714,
            "Soil_Temperature": 1.5682916332343084,
            "Wind_Dir_Sin": 0.6461471346577031,
            "Wind_Dir_Cos": 0.5430748969941428
        },
        "R2": {
            "Temperature": 0.6096091013348774,
            "Precipitation_accumulated": -20.203448983388874,
            "Humidity": 0.6667182264148062,
            "Wind_Speed_kmh": 0.08582631206268232,
            "Soil_Moisture": 0.930921052858759,
            "Soil_Temperature": 0.7233519467268066,
            "Wind_Dir_Sin": 0.03825585881917404,
            "Wind_Dir_Cos": -0.06380404112145444
        },
        "SMAPE": {
            "Temperature": 40.37082514338523,
            "Precipitation_accumulated": 1.831673045902604,
            "Humidity": 6.785014630330758,
            "Wind_Speed_kmh": 75.47020379946964,
            "Soil_Moisture": 0.49909304511582453,
            "Soil_Temperature": 24.40073017680521,
            "Wind_Dir_Sin": 141.16887078835873,
            "Wind_Dir_Cos": 155.89867811742107
        }
    }
}