{
    "trial_number": 63,
    "overall_mae_val": 0.10547672479535145,
    "output_chunk_length": 3,
    "xgb_params": {
        "n_estimators": 600,
        "max_depth": 4,
        "learning_rate": 0.014017014760951548,
        "min_child_weight": 8,
        "subsample": 1.0,
        "colsample_bytree": 0.7,
        "gamma": 0.15000000000000002,
        "reg_alpha": 7.327398716272906e-05,
        "reg_lambda": 0.005501579975537028,
        "n_jobs": -1
    },
    "metrics": {
        "MSE": {
            "Temperature": 7.408890250522343,
            "Precipitation_accumulated": 64.40837842700965,
            "Humidity": 39.98288648842688,
            "Wind_Speed_kmh": 1.1723786920193218,
            "Soil_Moisture": 3759.008683971855,
            "Soil_Temperature": 1.8763402982330757,
            "Wind_Dir_Sin": 0.5248017441313984,
            "Wind_Dir_Cos": 0.34704858438102315
        },
        "RMSE": {
            "Temperature": 2.7219276718021628,
            "Precipitation_accumulated": 8.02548306502541,
            "Humidity": 6.32320223371251,
            "Wind_Speed_kmh": 1.082764375115529,
            "Soil_Moisture": 61.31075504323736,
            "Soil_Temperature": 1.3697957140512143,
            "Wind_Dir_Sin": 0.7244320148443181,
            "Wind_Dir_Cos": 0.5891082959702937
        },
        "MAE": {
            "Temperature": 2.174171373342552,
            "Precipitation_accumulated": 7.553065786027034,
            "Humidity": 4.923593896155439,
            "Wind_Speed_kmh": 0.8385046113417479,
            "Soil_Moisture": 40.67012847460263,
            "Soil_Temperature": 0.9772678261900799,
            "Wind_Dir_Sin": 0.6413659111591993,
            "Wind_Dir_Cos": 0.5039967528911197
        },
        "R2": {
            "Temperature": 0.7575226691547696,
            "Precipitation_accumulated": -17.541315902555688,
            "Humidity": 0.7272943186076587,
            "Wind_Speed_kmh": 0.13286749076930848,
            "Soil_Moisture": 0.9359442461628178,
            "Soil_Temperature": 0.8841474126380865,
            "Wind_Dir_Sin": 0.04415496962670362,
            "Wind_Dir_Cos": 0.06014465319326179
        },
        "SMAPE": {
            "Temperature": 35.29900807232827,
            "Precipitation_accumulated": 1.639609718239522,
            "Humidity": 5.835648460216933,
            "Wind_Speed_kmh": 73.71639513850543,
            "Soil_Moisture": 0.4739440070897381,
            "Soil_Temperature": 16.263354983658353,
            "Wind_Dir_Sin": 135.88216922284667,
            "Wind_Dir_Cos": 129.5597207356604
        }
    }
}