{
    "trial_number": 14,
    "forecast_horizon": 1,
    "overall_smape_val": 44.86914081228939,
    "output_chunk_length": 10,
    "xgb_params": {
        "n_estimators": 300,
        "max_depth": 4,
        "learning_rate": 0.03515986429073706,
        "min_child_weight": 6,
        "subsample": 0.8,
        "colsample_bytree": 0.7,
        "gamma": 0.3,
        "reg_alpha": 0.0009233801149368332,
        "reg_lambda": 9.599969502411083e-05,
        "random_state": 42,
        "n_jobs": -1
    },
    "metrics": {
        "MSE": {
            "Temperature": 0.836991764353941,
            "Precipitation_accumulated": 12.140853108330212,
            "Humidity": 2.8939644448782356,
            "Wind_Speed_kmh": 0.06749069791654787,
            "Soil_Moisture": 13141.000165252979,
            "Soil_Temperature": 0.750117640070925,
            "Wind_Dir_Sin": 0.031028141311480843,
            "Wind_Dir_Cos": 0.024408621141425155
        },
        "RMSE": {
            "Temperature": 0.9148725399496593,
            "Precipitation_accumulated": 3.4843726994008852,
            "Humidity": 1.7011656135950537,
            "Wind_Speed_kmh": 0.2597897186505807,
            "Soil_Moisture": 114.63420155107715,
            "Soil_Temperature": 0.8660933206479109,
            "Wind_Dir_Sin": 0.17614806644264036,
            "Wind_Dir_Cos": 0.15623258668224485
        },
        "MAE": {
            "Temperature": 0.6170403201284648,
            "Precipitation_accumulated": 3.345401251723167,
            "Humidity": 0.9967368208354348,
            "Wind_Speed_kmh": 0.1166052218199812,
            "Soil_Moisture": 62.26932155272767,
            "Soil_Temperature": 0.5189315064486297,
            "Wind_Dir_Sin": 0.07580305183566691,
            "Wind_Dir_Cos": 0.05923786417215513
        },
        "R2": {
            "Temperature": 0.7541403602474552,
            "Precipitation_accumulated": -11.791376826298096,
            "Humidity": 0.9554970834290611,
            "Wind_Speed_kmh": 0.8016776416520579,
            "Soil_Moisture": 0.9822411757269457,
            "Soil_Temperature": 0.8663417949664993,
            "Wind_Dir_Sin": 0.8068214599326652,
            "Wind_Dir_Cos": 0.9149800792878108
        },
        "SMAPE": {
            "Temperature": 11.363303710593636,
            "Precipitation_accumulated": 0.7304898673268619,
            "Humidity": 1.1628548133895196,
            "Wind_Speed_kmh": 166.94603791987788,
            "Soil_Moisture": 1.056407371225522,
            "Soil_Temperature": 16.24990600124398,
            "Wind_Dir_Sin": 140.93973746344767,
            "Wind_Dir_Cos": 20.504389351209976
        }
    }
}