{
    "trial_number": 38,
    "overall_mae_val": 0.1017316760577479,
    "output_chunk_length": 2,
    "xgb_params": {
        "n_estimators": 350,
        "max_depth": 7,
        "learning_rate": 0.05427254326913311,
        "min_child_weight": 10,
        "subsample": 0.9,
        "colsample_bytree": 0.6,
        "gamma": 0.3,
        "reg_alpha": 0.01499452511310961,
        "reg_lambda": 0.00025577359315721436,
        "n_jobs": -1
    },
    "metrics": {
        "MSE": {
            "Temperature": 7.817588566944614,
            "Precipitation_accumulated": 70.78696908213864,
            "Humidity": 34.628263979015436,
            "Wind_Speed_kmh": 0.9472734049413445,
            "Soil_Moisture": 2297.9176434817978,
            "Soil_Temperature": 3.3793721355035675,
            "Wind_Dir_Sin": 0.4656324264337432,
            "Wind_Dir_Cos": 0.3542811176407957
        },
        "RMSE": {
            "Temperature": 2.7959950942275658,
            "Precipitation_accumulated": 8.413499217456351,
            "Humidity": 5.884578487794639,
            "Wind_Speed_kmh": 0.9732797156734257,
            "Soil_Moisture": 47.93660024951496,
            "Soil_Temperature": 1.8383068665224442,
            "Wind_Dir_Sin": 0.68237264484572,
            "Wind_Dir_Cos": 0.595215185996456
        },
        "MAE": {
            "Temperature": 2.1555697806473337,
            "Precipitation_accumulated": 8.187848216615015,
            "Humidity": 4.945428868005235,
            "Wind_Speed_kmh": 0.7326479440122532,
            "Soil_Moisture": 29.32476350170869,
            "Soil_Temperature": 1.4383563199046947,
            "Wind_Dir_Sin": 0.5932839132636331,
            "Wind_Dir_Cos": 0.5043072831198092
        },
        "R2": {
            "Temperature": 0.7433267457386294,
            "Precipitation_accumulated": -19.05206976132419,
            "Humidity": 0.7633041887672964,
            "Wind_Speed_kmh": 0.2990334919649754,
            "Soil_Moisture": 0.9622393774770759,
            "Soil_Temperature": 0.7912664387789425,
            "Wind_Dir_Sin": 0.15177232911390137,
            "Wind_Dir_Cos": 0.04226878264617606
        },
        "SMAPE": {
            "Temperature": 35.741940530790785,
            "Precipitation_accumulated": 1.7778570744404618,
            "Humidity": 5.777487843334299,
            "Wind_Speed_kmh": 68.14171692331935,
            "Soil_Moisture": 0.34208385022428067,
            "Soil_Temperature": 22.810545353043302,
            "Wind_Dir_Sin": 126.09744197703444,
            "Wind_Dir_Cos": 130.90289416953664
        }
    }
}