{
    "trial_number": 10,
    "overall_smape_val": 37.00502416484893,
    "xgb_params": {
        "n_estimators": 150,
        "max_depth": 8,
        "learning_rate": 0.03578356038598305,
        "min_child_weight": 10,
        "subsample": 1.0,
        "colsample_bytree": 0.9,
        "gamma": 0.0,
        "reg_alpha": 0.0341610246793028,
        "reg_lambda": 0.017470395566796273,
        "random_state": 42,
        "n_jobs": -1
    },
    "metrics": {
        "MSE": {
            "Temperature": 0.11105085844537646,
            "Precipitation_accumulated": 1.4411910948957227,
            "Humidity": 0.9985351847362661,
            "Wind_Speed_kmh": 0.011139213217037588,
            "Soil_Moisture": 4031.3491643184675,
            "Soil_Temperature": 0.03700771388748021,
            "Wind_Dir_Sin": 0.009185350605731375,
            "Wind_Dir_Cos": 0.005977052573154298
        },
        "RMSE": {
            "Temperature": 0.333242942078863,
            "Precipitation_accumulated": 1.200496186955928,
            "Humidity": 0.999267323961044,
            "Wind_Speed_kmh": 0.10554247115279038,
            "Soil_Moisture": 63.492906409444416,
            "Soil_Temperature": 0.1923738908674465,
            "Wind_Dir_Sin": 0.09584023479589027,
            "Wind_Dir_Cos": 0.07731140002065864
        },
        "MAE": {
            "Temperature": 0.1875758593300912,
            "Precipitation_accumulated": 1.18749830037507,
            "Humidity": 0.4676290591785963,
            "Wind_Speed_kmh": 0.04749936879888363,
            "Soil_Moisture": 15.16550206749114,
            "Soil_Temperature": 0.10833850395047982,
            "Wind_Dir_Sin": 0.0387990626143332,
            "Wind_Dir_Cos": 0.03065850496131867
        },
        "R2": {
            "Temperature": 0.9673796980873931,
            "Precipitation_accumulated": -0.5184121090195575,
            "Humidity": 0.9846446876366739,
            "Wind_Speed_kmh": 0.9672672664005478,
            "Soil_Moisture": 0.9945520112250088,
            "Soil_Temperature": 0.9934058548334815,
            "Wind_Dir_Sin": 0.9428127968669126,
            "Wind_Dir_Cos": 0.9791807766232348
        },
        "SMAPE": {
            "Temperature": 3.385929015123801,
            "Precipitation_accumulated": 0.25871671932185597,
            "Humidity": 0.5586859730981414,
            "Wind_Speed_kmh": 141.3464125657328,
            "Soil_Moisture": 0.24330463038740252,
            "Soil_Temperature": 6.4636910572888935,
            "Wind_Dir_Sin": 130.752610609334,
            "Wind_Dir_Cos": 13.030842748504421
        }
    }
}