{
    "trial_number": 9,
    "overall_mae_val": 0.13794594156912637,
    "output_chunk_length": 24,
    "xgb_params": {
        "n_estimators": 400,
        "max_depth": 4,
        "learning_rate": 0.060160456237463356,
        "min_child_weight": 4,
        "subsample": 1.0,
        "colsample_bytree": 0.6,
        "gamma": 0.1,
        "reg_alpha": 0.00042653164946395377,
        "reg_lambda": 0.009462433396030196,
        "n_jobs": -1
    },
    "metrics": {
        "MSE": {
            "Temperature": 10.798847129084555,
            "Precipitation_accumulated": 55.61146545481498,
            "Humidity": 91.52679766885231,
            "Wind_Speed_kmh": 1.3798063865133883,
            "Soil_Moisture": 184080.69098981694,
            "Soil_Temperature": 7.715652491833816,
            "Wind_Dir_Sin": 0.6819247916536436,
            "Wind_Dir_Cos": 0.4656251230928085
        },
        "RMSE": {
            "Temperature": 3.286159936625811,
            "Precipitation_accumulated": 7.457309531916654,
            "Humidity": 9.566963868900745,
            "Wind_Speed_kmh": 1.1746516021839788,
            "Soil_Moisture": 429.04625740101375,
            "Soil_Temperature": 2.7777063365002816,
            "Wind_Dir_Sin": 0.8257873767826943,
            "Wind_Dir_Cos": 0.6823672933932344
        },
        "MAE": {
            "Temperature": 2.688581876973643,
            "Precipitation_accumulated": 7.215887546327511,
            "Humidity": 7.655640841332695,
            "Wind_Speed_kmh": 0.9241120484503192,
            "Soil_Moisture": 400.40722247032136,
            "Soil_Temperature": 2.2432007403211958,
            "Wind_Dir_Sin": 0.7432932312362184,
            "Wind_Dir_Cos": 0.5984335362703368
        },
        "R2": {
            "Temperature": 0.6466393535144748,
            "Precipitation_accumulated": -15.431157860430947,
            "Humidity": 0.376327221709146,
            "Wind_Speed_kmh": -0.022739186226905517,
            "Soil_Moisture": -2.34481426484742,
            "Soil_Temperature": 0.5215888562140183,
            "Wind_Dir_Sin": -0.23747532151788975,
            "Wind_Dir_Cos": -0.2702644786412616
        },
        "SMAPE": {
            "Temperature": 40.4646289651813,
            "Precipitation_accumulated": 1.5648886173719034,
            "Humidity": 9.038753482750643,
            "Wind_Speed_kmh": 77.85795593099219,
            "Soil_Moisture": 4.749514850851405,
            "Soil_Temperature": 37.489943963707404,
            "Wind_Dir_Sin": 162.362951437813,
            "Wind_Dir_Cos": 171.56815627863728
        }
    }
}