{
    "trial_number": 11,
    "overall_mae_val": 0.0813152963171191,
    "output_chunk_length": 1,
    "xgb_params": {
        "n_estimators": 600,
        "max_depth": 3,
        "learning_rate": 0.02600183751261536,
        "min_child_weight": 10,
        "subsample": 0.6,
        "colsample_bytree": 0.9,
        "gamma": 0.3,
        "reg_alpha": 0.45340831089899275,
        "reg_lambda": 1.1204791538481628e-05,
        "n_jobs": -1
    },
    "metrics": {
        "MSE": {
            "Temperature": 4.731428486162114,
            "Precipitation_accumulated": 80.76615066338815,
            "Humidity": 14.938568882209982,
            "Wind_Speed_kmh": 0.5527171798501649,
            "Soil_Moisture": 1989.7025166816154,
            "Soil_Temperature": 1.205719198074166,
            "Wind_Dir_Sin": 0.3494753814915211,
            "Wind_Dir_Cos": 0.303412852792282
        },
        "RMSE": {
            "Temperature": 2.175184701620098,
            "Precipitation_accumulated": 8.986998979825698,
            "Humidity": 3.8650444864464344,
            "Wind_Speed_kmh": 0.7434495139887879,
            "Soil_Moisture": 44.60608161093749,
            "Soil_Temperature": 1.0980524568863574,
            "Wind_Dir_Sin": 0.5911644284727567,
            "Wind_Dir_Cos": 0.5508292410468801
        },
        "MAE": {
            "Temperature": 1.6460835354386483,
            "Precipitation_accumulated": 8.685840342917437,
            "Humidity": 3.261125388711771,
            "Wind_Speed_kmh": 0.5476125498799874,
            "Soil_Moisture": 35.61913513098288,
            "Soil_Temperature": 0.8375527728991029,
            "Wind_Dir_Sin": 0.46383543868183286,
            "Wind_Dir_Cos": 0.4418291792411841
        },
        "R2": {
            "Temperature": 0.8444886405373253,
            "Precipitation_accumulated": -21.813344722426578,
            "Humidity": 0.8977718359729685,
            "Wind_Speed_kmh": 0.5905263536501191,
            "Soil_Moisture": 0.967520398367476,
            "Soil_Temperature": 0.9255543898024128,
            "Wind_Dir_Sin": 0.3628211101626406,
            "Wind_Dir_Cos": 0.1803193995878064
        },
        "SMAPE": {
            "Temperature": 30.80052143149835,
            "Precipitation_accumulated": 1.887410361718992,
            "Humidity": 3.7310256599666327,
            "Wind_Speed_kmh": 58.08545401748067,
            "Soil_Moisture": 0.41751159023685946,
            "Soil_Temperature": 17.706275868569726,
            "Wind_Dir_Sin": 90.79246291267806,
            "Wind_Dir_Cos": 108.80292438199443
        }
    }
}