{
    "trial_number": 49,
    "overall_smape_val": 28.132481233105523,
    "xgb_params": {
        "n_estimators": 500,
        "max_depth": 8,
        "learning_rate": 0.17026371737320856,
        "min_child_weight": 1,
        "subsample": 0.7,
        "colsample_bytree": 0.6,
        "gamma": 0.0,
        "reg_alpha": 1.0130200568549804e-05,
        "reg_lambda": 0.2846100405536689,
        "random_state": 42,
        "n_jobs": -1
    },
    "metrics": {
        "MSE": {
            "Temperature": 0.0003114741353803982,
            "Precipitation_accumulated": 0.004907828014425112,
            "Humidity": 0.00195478154366428,
            "Wind_Speed_kmh": 5.310780844378565e-06,
            "Soil_Moisture": 3.9500284574930933,
            "Soil_Temperature": 0.00047238519937547774,
            "Wind_Dir_Sin": 6.099019517014625e-07,
            "Wind_Dir_Cos": 4.2637350067940276e-07
        },
        "RMSE": {
            "Temperature": 0.017648629844279645,
            "Precipitation_accumulated": 0.07005589207500759,
            "Humidity": 0.04421291150404234,
            "Wind_Speed_kmh": 0.0023045131469311615,
            "Soil_Moisture": 1.987467850681639,
            "Soil_Temperature": 0.021734424293628707,
            "Wind_Dir_Sin": 0.0007809621960770333,
            "Wind_Dir_Cos": 0.0006529728177186266
        },
        "MAE": {
            "Temperature": 0.013359927973689654,
            "Precipitation_accumulated": 0.03459448785977441,
            "Humidity": 0.03256812884178012,
            "Wind_Speed_kmh": 0.0012589257522987538,
            "Soil_Moisture": 1.4580668534795729,
            "Soil_Temperature": 0.01614342828188917,
            "Wind_Dir_Sin": 0.0004639961039411073,
            "Wind_Dir_Cos": 0.00035598764505721185
        },
        "R2": {
            "Temperature": 0.9999085069626987,
            "Precipitation_accumulated": 0.9948292037659117,
            "Humidity": 0.9999699396859881,
            "Wind_Speed_kmh": 0.9999843941963228,
            "Soil_Moisture": 0.9999946619085025,
            "Soil_Temperature": 0.9999158289920672,
            "Wind_Dir_Sin": 0.9999962028028868,
            "Wind_Dir_Cos": 0.9999985148591143
        },
        "SMAPE": {
            "Temperature": 0.22203888740100522,
            "Precipitation_accumulated": 0.007523331326044349,
            "Humidity": 0.039148754756132394,
            "Wind_Speed_kmh": 112.9966376806189,
            "Soil_Moisture": 0.024708613446925407,
            "Soil_Temperature": 0.7946537014795382,
            "Wind_Dir_Sin": 109.46174074271217,
            "Wind_Dir_Cos": 1.5133981531036058
        }
    }
}