{
    "trial_number": 45,
    "overall_mae_val": 0.077194431891882,
    "xgb_params": {
        "n_estimators": 200,
        "max_depth": 4,
        "learning_rate": 0.05051897702970455,
        "min_child_weight": 7,
        "subsample": 0.6,
        "colsample_bytree": 0.9,
        "gamma": 0.0,
        "reg_alpha": 2.0038499207653924e-05,
        "reg_lambda": 0.3207261568598348,
        "n_jobs": -1
    },
    "metrics": {
        "MSE": {
            "Temperature": 1.712822390797108,
            "Precipitation_accumulated": 18.891432440820275,
            "Humidity": 10.765340672363621,
            "Wind_Speed_kmh": 0.5533434307012404,
            "Soil_Moisture": 2559.7355267055245,
            "Soil_Temperature": 0.48076760197527707,
            "Wind_Dir_Sin": 0.35996193065972953,
            "Wind_Dir_Cos": 0.30924351644736553
        },
        "RMSE": {
            "Temperature": 1.3087484062252408,
            "Precipitation_accumulated": 4.346427549243203,
            "Humidity": 3.2810578587345303,
            "Wind_Speed_kmh": 0.7438705738912115,
            "Soil_Moisture": 50.59382893896769,
            "Soil_Temperature": 0.6933740707405182,
            "Wind_Dir_Sin": 0.5999682747110296,
            "Wind_Dir_Cos": 0.5560966790472368
        },
        "MAE": {
            "Temperature": 0.9737646303051747,
            "Precipitation_accumulated": 3.634898582313281,
            "Humidity": 2.2928465315405098,
            "Wind_Speed_kmh": 0.5543932811449538,
            "Soil_Moisture": 38.844315865310165,
            "Soil_Temperature": 0.4987579736430401,
            "Wind_Dir_Sin": 0.48581812022195303,
            "Wind_Dir_Cos": 0.444356852148236
        },
        "R2": {
            "Temperature": 0.9439201147140184,
            "Precipitation_accumulated": -4.454535709343172,
            "Humidity": 0.9265643166132098,
            "Wind_Speed_kmh": 0.5901925223016546,
            "Soil_Moisture": 0.9561083543440587,
            "Soil_Temperature": 0.9702963687081614,
            "Wind_Dir_Sin": 0.3448525298157984,
            "Wind_Dir_Cos": 0.16096978582902943
        },
        "SMAPE": {
            "Temperature": 19.866939760382653,
            "Precipitation_accumulated": 0.7854520801094478,
            "Humidity": 2.77858393284371,
            "Wind_Speed_kmh": 57.56697173800526,
            "Soil_Moisture": 0.45264038016539254,
            "Soil_Temperature": 9.098999312024015,
            "Wind_Dir_Sin": 96.53754021233948,
            "Wind_Dir_Cos": 108.54405110547923
        }
    }
}