{
    "trial_number": 34,
    "overall_mae_val": 0.1232334265746934,
    "output_chunk_length": 5,
    "xgb_params": {
        "n_estimators": 450,
        "max_depth": 3,
        "learning_rate": 0.03899995818862074,
        "min_child_weight": 9,
        "subsample": 0.7,
        "colsample_bytree": 1.0,
        "gamma": 0.3,
        "reg_alpha": 0.0015066222211068618,
        "reg_lambda": 0.018992042217531716,
        "n_jobs": -1
    },
    "metrics": {
        "MSE": {
            "Temperature": 20.05483774375229,
            "Precipitation_accumulated": 77.02570877624929,
            "Humidity": 93.79536927758748,
            "Wind_Speed_kmh": 1.5107922949084485,
            "Soil_Moisture": 6816.159541282912,
            "Soil_Temperature": 7.013874733836316,
            "Wind_Dir_Sin": 0.5792018663812036,
            "Wind_Dir_Cos": 0.38360087088515205
        },
        "RMSE": {
            "Temperature": 4.478262804230262,
            "Precipitation_accumulated": 8.776429158618514,
            "Humidity": 9.684800941557214,
            "Wind_Speed_kmh": 1.229142910693646,
            "Soil_Moisture": 82.56003598159894,
            "Soil_Temperature": 2.6483720912734894,
            "Wind_Dir_Sin": 0.7610531298018579,
            "Wind_Dir_Cos": 0.6193552057463891
        },
        "MAE": {
            "Temperature": 3.4471078330600875,
            "Precipitation_accumulated": 8.554348680777567,
            "Humidity": 7.6791346243764895,
            "Wind_Speed_kmh": 0.9637867135043937,
            "Soil_Moisture": 55.284417450365716,
            "Soil_Temperature": 1.8427239105347373,
            "Wind_Dir_Sin": 0.6828186968885114,
            "Wind_Dir_Cos": 0.5359808066146733
        },
        "R2": {
            "Temperature": 0.34120026773567835,
            "Precipitation_accumulated": -20.78798547957186,
            "Humidity": 0.3585072442710696,
            "Wind_Speed_kmh": -0.11863374518034409,
            "Soil_Moisture": 0.8883718315512602,
            "Soil_Temperature": 0.5668041109244668,
            "Wind_Dir_Sin": -0.055709639249017506,
            "Wind_Dir_Cos": -0.03657470168432475
        },
        "SMAPE": {
            "Temperature": 47.68243331337706,
            "Precipitation_accumulated": 1.8582445701380363,
            "Humidity": 9.030651941632973,
            "Wind_Speed_kmh": 81.28453806477718,
            "Soil_Moisture": 0.651218351087142,
            "Soil_Temperature": 29.305503687551127,
            "Wind_Dir_Sin": 150.6344228705313,
            "Wind_Dir_Cos": 143.7994566884933
        }
    }
}