{
    "trial_number": 39,
    "forecast_horizon": 6,
    "overall_smape_val": 66.74755111083508,
    "output_chunk_length": 21,
    "xgb_params": {
        "n_estimators": 400,
        "max_depth": 5,
        "learning_rate": 0.02512293992190475,
        "min_child_weight": 9,
        "subsample": 1.0,
        "colsample_bytree": 0.7,
        "gamma": 0.2,
        "reg_alpha": 0.00016769034528298993,
        "reg_lambda": 0.003984359338945342,
        "random_state": 42,
        "n_jobs": -1
    },
    "metrics": {
        "MSE": {
            "Temperature": 8.041413703200432,
            "Precipitation_accumulated": 85.53792370219128,
            "Humidity": 12.13834730163285,
            "Wind_Speed_kmh": 0.1810392644517611,
            "Soil_Moisture": 62473.43935415481,
            "Soil_Temperature": 8.08118840993398,
            "Wind_Dir_Sin": 0.08265974889443845,
            "Wind_Dir_Cos": 0.4814068610596791
        },
        "RMSE": {
            "Temperature": 2.835738652132885,
            "Precipitation_accumulated": 9.248671456062826,
            "Humidity": 3.4840131029651498,
            "Wind_Speed_kmh": 0.42548709081682035,
            "Soil_Moisture": 249.94687306336684,
            "Soil_Temperature": 2.8427431136024195,
            "Wind_Dir_Sin": 0.2875060849694115,
            "Wind_Dir_Cos": 0.6938348946685221
        },
        "MAE": {
            "Temperature": 2.481277820991704,
            "Precipitation_accumulated": 9.197182331395442,
            "Humidity": 2.2922948221373773,
            "Wind_Speed_kmh": 0.20931475527821194,
            "Soil_Moisture": 148.2351762150992,
            "Soil_Temperature": 2.335972936876328,
            "Wind_Dir_Sin": 0.12903129205999847,
            "Wind_Dir_Cos": 0.6557770088104308
        },
        "R2": {
            "Temperature": -1.3660749220303048,
            "Precipitation_accumulated": -89.06259031202059,
            "Humidity": 0.8133954972837247,
            "Wind_Speed_kmh": 0.46949697800696943,
            "Soil_Moisture": 0.9157948220236113,
            "Soil_Temperature": -0.44183149980124825,
            "Wind_Dir_Sin": 0.4867268130569362,
            "Wind_Dir_Cos": -0.6730721649879368
        },
        "SMAPE": {
            "Temperature": 35.3692896015835,
            "Precipitation_accumulated": 2.0215662164554273,
            "Humidity": 2.703608393739434,
            "Wind_Speed_kmh": 169.8988534708189,
            "Soil_Moisture": 2.458129369036015,
            "Soil_Temperature": 37.35250564895979,
            "Wind_Dir_Sin": 165.14727986102957,
            "Wind_Dir_Cos": 119.02917632505813
        }
    }
}