{
    "trial_number": 45,
    "overall_smape_val": 42.871406250885954,
    "xgb_params": {
        "n_estimators": 600,
        "max_depth": 8,
        "learning_rate": 0.08306024666592524,
        "min_child_weight": 1,
        "subsample": 0.6,
        "colsample_bytree": 0.6,
        "gamma": 0.15000000000000002,
        "reg_alpha": 1.9741325028731603e-05,
        "reg_lambda": 0.04243858909670992,
        "random_state": 42,
        "n_jobs": -1
    },
    "metrics": {
        "MSE": {
            "Temperature": 0.6605106693807818,
            "Precipitation_accumulated": 8.892473152668513,
            "Humidity": 2.687848008360755,
            "Wind_Speed_kmh": 0.058944345401491224,
            "Soil_Moisture": 8377.669236493748,
            "Soil_Temperature": 0.4265060579271827,
            "Wind_Dir_Sin": 0.012189575070018135,
            "Wind_Dir_Cos": 0.010987774049469037
        },
        "RMSE": {
            "Temperature": 0.8127180749686707,
            "Precipitation_accumulated": 2.9820250087262035,
            "Humidity": 1.6394657691945735,
            "Wind_Speed_kmh": 0.24278456582223512,
            "Soil_Moisture": 91.52960852365615,
            "Soil_Temperature": 0.6530743127142444,
            "Wind_Dir_Sin": 0.11040640864559509,
            "Wind_Dir_Cos": 0.10482258368056493
        },
        "MAE": {
            "Temperature": 0.5342889969552181,
            "Precipitation_accumulated": 2.746253426410373,
            "Humidity": 0.9707982492783689,
            "Wind_Speed_kmh": 0.10257801896160784,
            "Soil_Moisture": 48.56956018642128,
            "Soil_Temperature": 0.3634561153857522,
            "Wind_Dir_Sin": 0.051549763186362764,
            "Wind_Dir_Cos": 0.041038030309019834
        },
        "R2": {
            "Temperature": 0.8059802710818553,
            "Precipitation_accumulated": -8.368944175387204,
            "Humidity": 0.9586667086103486,
            "Wind_Speed_kmh": 0.8267912178689565,
            "Soil_Moisture": 0.9886783689279558,
            "Soil_Temperature": 0.9240038747348063,
            "Wind_Dir_Sin": 0.9241087536495141,
            "Wind_Dir_Cos": 0.9617274702623876
        },
        "SMAPE": {
            "Temperature": 9.933044791010483,
            "Precipitation_accumulated": 0.5993158352155874,
            "Humidity": 1.1486530954880287,
            "Wind_Speed_kmh": 166.47126116621675,
            "Soil_Moisture": 0.8139753255586397,
            "Soil_Temperature": 13.63601331688133,
            "Wind_Dir_Sin": 134.34210900645726,
            "Wind_Dir_Cos": 16.026877470258977
        }
    }
}