{
    "trial_number": 29,
    "overall_mae_val": 0.08196776106867062,
    "xgb_params": {
        "n_estimators": 400,
        "max_depth": 6,
        "learning_rate": 0.04195334181867107,
        "min_child_weight": 5,
        "subsample": 0.7,
        "colsample_bytree": 0.8,
        "gamma": 0.15000000000000002,
        "reg_alpha": 0.0007117016948187901,
        "reg_lambda": 0.0595430036016393,
        "n_jobs": -1
    },
    "metrics": {
        "MSE": {
            "Temperature": 3.302232657567947,
            "Precipitation_accumulated": 63.773287132340755,
            "Humidity": 12.767225914927078,
            "Wind_Speed_kmh": 0.5485301835723453,
            "Soil_Moisture": 1126.3904407369944,
            "Soil_Temperature": 0.8362917686478739,
            "Wind_Dir_Sin": 0.36506830134135193,
            "Wind_Dir_Cos": 0.3101186414025175
        },
        "RMSE": {
            "Temperature": 1.817204627324052,
            "Precipitation_accumulated": 7.985817874979416,
            "Humidity": 3.573125510659691,
            "Wind_Speed_kmh": 0.7406282357379749,
            "Soil_Moisture": 33.56174072864807,
            "Soil_Temperature": 0.9144898953230013,
            "Wind_Dir_Sin": 0.6042088226278659,
            "Wind_Dir_Cos": 0.5568829692157209
        },
        "MAE": {
            "Temperature": 1.4079674839865,
            "Precipitation_accumulated": 7.691282238694037,
            "Humidity": 2.93520763998557,
            "Wind_Speed_kmh": 0.5543479560737539,
            "Soil_Moisture": 21.39554975532849,
            "Soil_Temperature": 0.6651014881173085,
            "Wind_Dir_Sin": 0.4979233536401755,
            "Wind_Dir_Cos": 0.4541376409139015
        },
        "R2": {
            "Temperature": 0.8919038812821137,
            "Precipitation_accumulated": -17.22425554223963,
            "Humidity": 0.9129487153434938,
            "Wind_Speed_kmh": 0.5953994054052922,
            "Soil_Moisture": 0.9811087857397605,
            "Soil_Temperature": 0.9483881646930449,
            "Wind_Dir_Sin": 0.33462554480896534,
            "Wind_Dir_Cos": 0.16234149989146784
        },
        "SMAPE": {
            "Temperature": 27.952316335741642,
            "Precipitation_accumulated": 1.66924347613935,
            "Humidity": 3.405827294881356,
            "Wind_Speed_kmh": 57.49626569838199,
            "Soil_Moisture": 0.2497102292265491,
            "Soil_Temperature": 12.093347905002911,
            "Wind_Dir_Sin": 100.78263111850012,
            "Wind_Dir_Cos": 112.61540779114124
        }
    }
}