{
    "trial_number": 0,
    "overall_smape_val": 61.54325588620725,
    "xgb_params": {
        "n_estimators": 100,
        "max_depth": 4,
        "learning_rate": 0.014848633243603302,
        "min_child_weight": 8,
        "subsample": 0.8,
        "colsample_bytree": 0.6,
        "gamma": 0.2,
        "reg_alpha": 0.3500648389335338,
        "reg_lambda": 4.4588903127836216e-05,
        "random_state": 42,
        "n_jobs": -1
    },
    "metrics": {
        "MSE": {
            "Temperature": 8.586077859136319,
            "Precipitation_accumulated": 3145.212449548885,
            "Humidity": 49.925799650966965,
            "Wind_Speed_kmh": 0.5757423191131534,
            "Soil_Moisture": 151791.42074049576,
            "Soil_Temperature": 14.961567390971036,
            "Wind_Dir_Sin": 0.0534967327210047,
            "Wind_Dir_Cos": 0.07997300158150694
        },
        "RMSE": {
            "Temperature": 2.9302009929587287,
            "Precipitation_accumulated": 56.08219369415648,
            "Humidity": 7.065819106867014,
            "Wind_Speed_kmh": 0.7587768572598623,
            "Soil_Moisture": 389.6041847060883,
            "Soil_Temperature": 3.8680185354999317,
            "Wind_Dir_Sin": 0.23129360717712175,
            "Wind_Dir_Cos": 0.2827949815352227
        },
        "MAE": {
            "Temperature": 2.8059898485703467,
            "Precipitation_accumulated": 56.0729056205554,
            "Humidity": 6.527024787317025,
            "Wind_Speed_kmh": 0.7383864143911674,
            "Soil_Moisture": 372.49451337194193,
            "Soil_Temperature": 3.774379446973885,
            "Wind_Dir_Sin": 0.12447299395839789,
            "Wind_Dir_Cos": 0.25096835297966064
        },
        "R2": {
            "Temperature": -1.5220917328427679,
            "Precipitation_accumulated": -3312.7372869901324,
            "Humidity": 0.2322491381894376,
            "Wind_Speed_kmh": -0.6918268450627163,
            "Soil_Moisture": 0.7948681886318336,
            "Soil_Temperature": -1.6658968342297165,
            "Wind_Dir_Sin": 0.6669339416218196,
            "Wind_Dir_Cos": 0.7214386583256823
        },
        "SMAPE": {
            "Temperature": 38.590117266355826,
            "Precipitation_accumulated": 12.995809986497417,
            "Humidity": 7.913974823075267,
            "Wind_Speed_kmh": 178.77810851721594,
            "Soil_Moisture": 6.177560559716098,
            "Soil_Temperature": 51.17528312305301,
            "Wind_Dir_Sin": 152.69286263587446,
            "Wind_Dir_Cos": 44.0223301778695
        }
    }
}