{
    "trial_number": 68,
    "overall_mae_val": 0.10372514617211387,
    "output_chunk_length": 3,
    "xgb_params": {
        "n_estimators": 550,
        "max_depth": 3,
        "learning_rate": 0.032400980928992726,
        "min_child_weight": 1,
        "subsample": 0.8,
        "colsample_bytree": 0.8,
        "gamma": 0.1,
        "reg_alpha": 0.0005600418916451263,
        "reg_lambda": 0.007859608537893453,
        "n_jobs": -1
    },
    "metrics": {
        "MSE": {
            "Temperature": 7.089112299241315,
            "Precipitation_accumulated": 59.44900280095583,
            "Humidity": 39.580459916037576,
            "Wind_Speed_kmh": 1.1773729913390043,
            "Soil_Moisture": 2513.159043199157,
            "Soil_Temperature": 2.1635592457959874,
            "Wind_Dir_Sin": 0.5233772053460504,
            "Wind_Dir_Cos": 0.3526468083552551
        },
        "RMSE": {
            "Temperature": 2.6625386944120297,
            "Precipitation_accumulated": 7.710317944219669,
            "Humidity": 6.29130033586361,
            "Wind_Speed_kmh": 1.085068196630518,
            "Soil_Moisture": 50.131417725805015,
            "Soil_Temperature": 1.470904227268379,
            "Wind_Dir_Sin": 0.7234481359061272,
            "Wind_Dir_Cos": 0.5938407264201867
        },
        "MAE": {
            "Temperature": 2.106393988448664,
            "Precipitation_accumulated": 7.3066437370759205,
            "Humidity": 4.859073488603854,
            "Wind_Speed_kmh": 0.8387445042058687,
            "Soil_Moisture": 27.67707815188944,
            "Soil_Temperature": 1.0494117877517952,
            "Wind_Dir_Sin": 0.6263823938579299,
            "Wind_Dir_Cos": 0.49988374758237547
        },
        "R2": {
            "Temperature": 0.7680189779129533,
            "Precipitation_accumulated": -16.088332653893733,
            "Humidity": 0.730057160314662,
            "Wind_Speed_kmh": 0.13078579758982545,
            "Soil_Moisture": 0.9573040321311795,
            "Soil_Temperature": 0.8664429958464831,
            "Wind_Dir_Sin": 0.04635068696238265,
            "Wind_Dir_Cos": 0.0460222931458758
        },
        "SMAPE": {
            "Temperature": 34.23590513307285,
            "Precipitation_accumulated": 1.5854007878332008,
            "Humidity": 5.75564112776675,
            "Wind_Speed_kmh": 73.81561903965952,
            "Soil_Moisture": 0.32301378022081273,
            "Soil_Temperature": 17.547915173008963,
            "Wind_Dir_Sin": 130.70177347978824,
            "Wind_Dir_Cos": 124.02844147179539
        }
    }
}