{
    "trial_number": 22,
    "overall_mae_val": 0.07704032192930126,
    "xgb_params": {
        "n_estimators": 300,
        "max_depth": 4,
        "learning_rate": 0.025603544348126898,
        "min_child_weight": 5,
        "subsample": 0.6,
        "colsample_bytree": 0.8,
        "gamma": 0.0,
        "reg_alpha": 1.0775064139526509e-05,
        "reg_lambda": 0.49738249302202625,
        "n_jobs": -1
    },
    "metrics": {
        "MSE": {
            "Temperature": 1.768321432767561,
            "Precipitation_accumulated": 20.84680907159274,
            "Humidity": 10.171049692400102,
            "Wind_Speed_kmh": 0.5527267179277863,
            "Soil_Moisture": 1247.838385341716,
            "Soil_Temperature": 0.5620146903642633,
            "Wind_Dir_Sin": 0.3593813520123559,
            "Wind_Dir_Cos": 0.3019969598876716
        },
        "RMSE": {
            "Temperature": 1.3297824757333663,
            "Precipitation_accumulated": 4.565830600404787,
            "Humidity": 3.189208317498263,
            "Wind_Speed_kmh": 0.7434559287057884,
            "Soil_Moisture": 35.324755984177955,
            "Soil_Temperature": 0.7496763904274052,
            "Wind_Dir_Sin": 0.5994842383352175,
            "Wind_Dir_Cos": 0.5495425005290051
        },
        "MAE": {
            "Temperature": 0.9937229650347886,
            "Precipitation_accumulated": 3.945191457410728,
            "Humidity": 2.2775682029446167,
            "Wind_Speed_kmh": 0.5554578616072797,
            "Soil_Moisture": 22.838427815574757,
            "Soil_Temperature": 0.5368215576130301,
            "Wind_Dir_Sin": 0.4899055900359541,
            "Wind_Dir_Cos": 0.44105034760639783
        },
        "R2": {
            "Temperature": 0.9421132134356082,
            "Precipitation_accumulated": -5.010127695104842,
            "Humidity": 0.9306230377368007,
            "Wind_Speed_kmh": 0.5906913103750895,
            "Soil_Moisture": 0.97867038522263,
            "Soil_Temperature": 0.9652889252544895,
            "Wind_Dir_Sin": 0.3456425164584186,
            "Wind_Dir_Cos": 0.18150455956798328
        },
        "SMAPE": {
            "Temperature": 20.087673786373998,
            "Precipitation_accumulated": 0.8526021814529846,
            "Humidity": 2.757078213720188,
            "Wind_Speed_kmh": 57.11293878893651,
            "Soil_Moisture": 0.2666479266569095,
            "Soil_Temperature": 8.953534473759225,
            "Wind_Dir_Sin": 97.54918803560368,
            "Wind_Dir_Cos": 107.33376870311746
        }
    }
}