{
    "trial_number": 68,
    "overall_mae_val": 0.07749605565858136,
    "xgb_params": {
        "n_estimators": 350,
        "max_depth": 3,
        "learning_rate": 0.03484184245839162,
        "min_child_weight": 3,
        "subsample": 0.8,
        "colsample_bytree": 0.9,
        "gamma": 0.05,
        "reg_alpha": 2.1586200662650514e-05,
        "reg_lambda": 0.10374713032269554,
        "n_jobs": -1
    },
    "metrics": {
        "MSE": {
            "Temperature": 2.1464495442849056,
            "Precipitation_accumulated": 54.56156443505206,
            "Humidity": 9.566060890159797,
            "Wind_Speed_kmh": 0.5412140991755953,
            "Soil_Moisture": 904.7652868820201,
            "Soil_Temperature": 0.46972107156284354,
            "Wind_Dir_Sin": 0.36120218405495136,
            "Wind_Dir_Cos": 0.30652121167899404
        },
        "RMSE": {
            "Temperature": 1.4650766342703394,
            "Precipitation_accumulated": 7.386580022923468,
            "Humidity": 3.0929049274363085,
            "Wind_Speed_kmh": 0.7356725488799996,
            "Soil_Moisture": 30.079316595993667,
            "Soil_Temperature": 0.6853620003785179,
            "Wind_Dir_Sin": 0.6010009850698678,
            "Wind_Dir_Cos": 0.5536435781971955
        },
        "MAE": {
            "Temperature": 1.121785154073488,
            "Precipitation_accumulated": 6.8986621406104085,
            "Humidity": 2.3536074371896287,
            "Wind_Speed_kmh": 0.5499502477351602,
            "Soil_Moisture": 17.257531871405117,
            "Soil_Temperature": 0.47551370536105414,
            "Wind_Dir_Sin": 0.4784983653456524,
            "Wind_Dir_Cos": 0.44483359958635615
        },
        "R2": {
            "Temperature": 0.9297663166261951,
            "Precipitation_accumulated": -14.660358170424619,
            "Humidity": 0.9347627801052684,
            "Wind_Speed_kmh": 0.6013597899254062,
            "Soil_Moisture": 0.9846760366928496,
            "Soil_Temperature": 0.9710082582391331,
            "Wind_Dir_Sin": 0.34154023711974013,
            "Wind_Dir_Cos": 0.1718228096558977
        },
        "SMAPE": {
            "Temperature": 23.371646603188754,
            "Precipitation_accumulated": 1.4963921068842752,
            "Humidity": 2.779388531865592,
            "Wind_Speed_kmh": 57.03130003475502,
            "Soil_Moisture": 0.2026903725389167,
            "Soil_Temperature": 8.346857502018567,
            "Wind_Dir_Sin": 94.07697739330253,
            "Wind_Dir_Cos": 108.96185267417184
        }
    }
}