{
    "trial_number": 22,
    "overall_mae_val": 0.11079153751429231,
    "output_chunk_length": 3,
    "xgb_params": {
        "n_estimators": 600,
        "max_depth": 3,
        "learning_rate": 0.07777563254444592,
        "min_child_weight": 10,
        "subsample": 0.6,
        "colsample_bytree": 1.0,
        "gamma": 0.3,
        "reg_alpha": 0.4364017464257334,
        "reg_lambda": 1.8895989961849246e-05,
        "n_jobs": -1
    },
    "metrics": {
        "MSE": {
            "Temperature": 12.146958347352339,
            "Precipitation_accumulated": 79.82134683646588,
            "Humidity": 53.688548961022136,
            "Wind_Speed_kmh": 1.1796320638299276,
            "Soil_Moisture": 3223.77535442256,
            "Soil_Temperature": 5.413629735494609,
            "Wind_Dir_Sin": 0.5352983228447346,
            "Wind_Dir_Cos": 0.3497714368819308
        },
        "RMSE": {
            "Temperature": 3.485248677978709,
            "Precipitation_accumulated": 8.934279312651126,
            "Humidity": 7.327247024703216,
            "Wind_Speed_kmh": 1.086108679566611,
            "Soil_Moisture": 56.778300031108365,
            "Soil_Temperature": 2.3267208116778018,
            "Wind_Dir_Sin": 0.731640842794287,
            "Wind_Dir_Cos": 0.591414775670959
        },
        "MAE": {
            "Temperature": 2.704513809693835,
            "Precipitation_accumulated": 8.61839381548175,
            "Humidity": 6.148326699809524,
            "Wind_Speed_kmh": 0.8386337099780271,
            "Soil_Moisture": 30.974186344461252,
            "Soil_Temperature": 1.5621157888377826,
            "Wind_Dir_Sin": 0.6477342515285314,
            "Wind_Dir_Cos": 0.5019931527865078
        },
        "R2": {
            "Temperature": 0.6009734404580466,
            "Precipitation_accumulated": -21.57877757262585,
            "Humidity": 0.6328090023062218,
            "Wind_Speed_kmh": 0.12656674385749733,
            "Soil_Moisture": 0.9472042671353545,
            "Soil_Temperature": 0.6656395736468167,
            "Wind_Dir_Sin": 0.02431322807740499,
            "Wind_Dir_Cos": 0.054839938170696434
        },
        "SMAPE": {
            "Temperature": 40.76060674923997,
            "Precipitation_accumulated": 1.872672765006334,
            "Humidity": 7.223983631896012,
            "Wind_Speed_kmh": 74.3100075570569,
            "Soil_Moisture": 0.36401551177178093,
            "Soil_Temperature": 23.601554979810228,
            "Wind_Dir_Sin": 138.6045129674379,
            "Wind_Dir_Cos": 128.5205979421758
        }
    }
}