{
    "trial_number": 72,
    "overall_mae_val": 0.0800427829583523,
    "output_chunk_length": 1,
    "xgb_params": {
        "n_estimators": 600,
        "max_depth": 4,
        "learning_rate": 0.029204798339924967,
        "min_child_weight": 7,
        "subsample": 0.9,
        "colsample_bytree": 0.7,
        "gamma": 0.15000000000000002,
        "reg_alpha": 9.823246895366722e-05,
        "reg_lambda": 0.007703036298121228,
        "n_jobs": -1
    },
    "metrics": {
        "MSE": {
            "Temperature": 3.2923731276540122,
            "Precipitation_accumulated": 64.1296670535267,
            "Humidity": 13.513942635364264,
            "Wind_Speed_kmh": 0.5620088552499366,
            "Soil_Moisture": 1230.3966481620719,
            "Soil_Temperature": 0.45083690585765474,
            "Wind_Dir_Sin": 0.3565298804600906,
            "Wind_Dir_Cos": 0.30258471623449357
        },
        "RMSE": {
            "Temperature": 1.8144897706115657,
            "Precipitation_accumulated": 8.008100090129163,
            "Humidity": 3.676131476887662,
            "Wind_Speed_kmh": 0.7496724986618735,
            "Soil_Moisture": 35.07701025118976,
            "Soil_Temperature": 0.6714438962844586,
            "Wind_Dir_Sin": 0.597101231333591,
            "Wind_Dir_Cos": 0.550077009367319
        },
        "MAE": {
            "Temperature": 1.4043981303143709,
            "Precipitation_accumulated": 7.585285339084476,
            "Humidity": 2.9733939866767027,
            "Wind_Speed_kmh": 0.5631319596955765,
            "Soil_Moisture": 22.527072565456166,
            "Soil_Temperature": 0.47939183820503417,
            "Wind_Dir_Sin": 0.4840320653134649,
            "Wind_Dir_Cos": 0.44162811285673614
        },
        "R2": {
            "Temperature": 0.8922618162887836,
            "Precipitation_accumulated": -17.433767295697916,
            "Humidity": 0.9078335103211657,
            "Wind_Speed_kmh": 0.5850880880935105,
            "Soil_Moisture": 0.9790968359531438,
            "Soil_Temperature": 0.9721697352983569,
            "Wind_Dir_Sin": 0.35036437944724297,
            "Wind_Dir_Cos": 0.18144991849268644
        },
        "SMAPE": {
            "Temperature": 27.380482129660578,
            "Precipitation_accumulated": 1.6464683346991564,
            "Humidity": 3.511732547205235,
            "Wind_Speed_kmh": 57.90308864765111,
            "Soil_Moisture": 0.26452209976985425,
            "Soil_Temperature": 10.008147060099452,
            "Wind_Dir_Sin": 95.98645907468638,
            "Wind_Dir_Cos": 107.78761679961556
        }
    }
}