{
    "trial_number": 13,
    "forecast_horizon": 5,
    "overall_smape_val": 53.40176872881285,
    "output_chunk_length": 13,
    "xgb_params": {
        "n_estimators": 450,
        "max_depth": 6,
        "learning_rate": 0.1254867989794192,
        "min_child_weight": 8,
        "subsample": 0.9,
        "colsample_bytree": 0.8,
        "gamma": 0.25,
        "reg_alpha": 0.038661301451367806,
        "reg_lambda": 0.0005203784671757932,
        "random_state": 42,
        "n_jobs": -1
    },
    "metrics": {
        "MSE": {
            "Temperature": 4.52619678670408,
            "Precipitation_accumulated": 9.898398511882434,
            "Humidity": 12.757219485795599,
            "Wind_Speed_kmh": 0.16234599718515705,
            "Soil_Moisture": 59386.79435838148,
            "Soil_Temperature": 5.429090445287036,
            "Wind_Dir_Sin": 0.07432048907873665,
            "Wind_Dir_Cos": 0.059630026017795525
        },
        "RMSE": {
            "Temperature": 2.1274860250314407,
            "Precipitation_accumulated": 3.146172041049636,
            "Humidity": 3.571725001423766,
            "Wind_Speed_kmh": 0.4029218251536606,
            "Soil_Moisture": 243.69405893123755,
            "Soil_Temperature": 2.330040867728941,
            "Wind_Dir_Sin": 0.27261784438795755,
            "Wind_Dir_Cos": 0.24419260025192313
        },
        "MAE": {
            "Temperature": 1.7817842452673913,
            "Precipitation_accumulated": 2.991452999816917,
            "Humidity": 2.5178215888039195,
            "Wind_Speed_kmh": 0.22082918595090034,
            "Soil_Moisture": 154.1399559841063,
            "Soil_Temperature": 1.8606006617692104,
            "Wind_Dir_Sin": 0.12178913419783775,
            "Wind_Dir_Cos": 0.11721013214154641
        },
        "R2": {
            "Temperature": -0.3312496401511311,
            "Precipitation_accumulated": -9.423673897259603,
            "Humidity": 0.8038557995377786,
            "Wind_Speed_kmh": 0.52394168749785,
            "Soil_Moisture": 0.9199020196865143,
            "Soil_Temperature": 0.03167159129670205,
            "Wind_Dir_Sin": 0.5382036621240547,
            "Wind_Dir_Cos": 0.7926465254090551
        },
        "SMAPE": {
            "Temperature": 27.484535354816952,
            "Precipitation_accumulated": 0.652923855598495,
            "Humidity": 2.971691930641548,
            "Wind_Speed_kmh": 169.12970162167187,
            "Soil_Moisture": 2.570707302970124,
            "Soil_Temperature": 32.68022409909839,
            "Wind_Dir_Sin": 158.88403748068774,
            "Wind_Dir_Cos": 32.84032818501774
        }
    }
}