{
    "trial_number": 56,
    "overall_mae_val": 0.08071370394047961,
    "output_chunk_length": 1,
    "xgb_params": {
        "n_estimators": 600,
        "max_depth": 5,
        "learning_rate": 0.02732932908082762,
        "min_child_weight": 8,
        "subsample": 1.0,
        "colsample_bytree": 0.7,
        "gamma": 0.15000000000000002,
        "reg_alpha": 0.00012001583780423836,
        "reg_lambda": 0.005313510107011529,
        "n_jobs": -1
    },
    "metrics": {
        "MSE": {
            "Temperature": 3.3682675594355933,
            "Precipitation_accumulated": 61.88252392757134,
            "Humidity": 13.774991946990555,
            "Wind_Speed_kmh": 0.5625131663906611,
            "Soil_Moisture": 1104.310531682128,
            "Soil_Temperature": 0.5593021890871017,
            "Wind_Dir_Sin": 0.358714476958084,
            "Wind_Dir_Cos": 0.3003015913250475
        },
        "RMSE": {
            "Temperature": 1.8352840541549946,
            "Precipitation_accumulated": 7.866544598969191,
            "Humidity": 3.7114676270972047,
            "Wind_Speed_kmh": 0.7500087775424106,
            "Soil_Moisture": 33.23116807580089,
            "Soil_Temperature": 0.7478650874904522,
            "Wind_Dir_Sin": 0.5989277727389873,
            "Wind_Dir_Cos": 0.5479978022994686
        },
        "MAE": {
            "Temperature": 1.4211094371399473,
            "Precipitation_accumulated": 7.477219807101756,
            "Humidity": 2.9787245282644,
            "Wind_Speed_kmh": 0.5646845773494118,
            "Soil_Moisture": 20.441971864139173,
            "Soil_Temperature": 0.53093972409284,
            "Wind_Dir_Sin": 0.48925759534552765,
            "Wind_Dir_Cos": 0.4450421840727769
        },
        "R2": {
            "Temperature": 0.8897782799710854,
            "Precipitation_accumulated": -16.78783670900995,
            "Humidity": 0.90605312695453,
            "Wind_Speed_kmh": 0.5847157724304403,
            "Soil_Moisture": 0.9812389084146936,
            "Soil_Temperature": 0.9654741487037509,
            "Wind_Dir_Sin": 0.3463838106943521,
            "Wind_Dir_Cos": 0.18762621220631237
        },
        "SMAPE": {
            "Temperature": 27.54729978831718,
            "Precipitation_accumulated": 1.6226925003943706,
            "Humidity": 3.504356708368327,
            "Wind_Speed_kmh": 57.864985585508585,
            "Soil_Moisture": 0.2394407847321402,
            "Soil_Temperature": 10.76019353715527,
            "Wind_Dir_Sin": 99.05820894753425,
            "Wind_Dir_Cos": 109.91067523598079
        }
    }
}