{
    "trial_number": 43,
    "overall_mae_val": 0.11678900724052808,
    "output_chunk_length": 4,
    "xgb_params": {
        "n_estimators": 550,
        "max_depth": 5,
        "learning_rate": 0.029350343819449013,
        "min_child_weight": 6,
        "subsample": 0.7,
        "colsample_bytree": 0.7,
        "gamma": 0.1,
        "reg_alpha": 0.02534680907682649,
        "reg_lambda": 0.11741482182512379,
        "n_jobs": -1
    },
    "metrics": {
        "MSE": {
            "Temperature": 10.582401035574264,
            "Precipitation_accumulated": 61.0923100864592,
            "Humidity": 55.79537829349708,
            "Wind_Speed_kmh": 1.5652999033249764,
            "Soil_Moisture": 5943.066207444955,
            "Soil_Temperature": 5.3660046502589545,
            "Wind_Dir_Sin": 0.5503879842778185,
            "Wind_Dir_Cos": 0.3908106800096369
        },
        "RMSE": {
            "Temperature": 3.253060256984839,
            "Precipitation_accumulated": 7.81615698962471,
            "Humidity": 7.469630398721016,
            "Wind_Speed_kmh": 1.251119460053666,
            "Soil_Moisture": 77.09128489942916,
            "Soil_Temperature": 2.31646382450902,
            "Wind_Dir_Sin": 0.7418813815414285,
            "Wind_Dir_Cos": 0.6251485263596459
        },
        "MAE": {
            "Temperature": 2.6150720373050746,
            "Precipitation_accumulated": 7.385204241569021,
            "Humidity": 5.988961132540138,
            "Wind_Speed_kmh": 0.9760435819346405,
            "Soil_Moisture": 54.90329277300161,
            "Soil_Temperature": 1.7165186190194013,
            "Wind_Dir_Sin": 0.662038710911142,
            "Wind_Dir_Cos": 0.5442914456922823
        },
        "R2": {
            "Temperature": 0.6537346961422472,
            "Precipitation_accumulated": -16.534824510969557,
            "Humidity": 0.6194948574300994,
            "Wind_Speed_kmh": -0.1529475733202541,
            "Soil_Moisture": 0.8993425921448649,
            "Soil_Temperature": 0.6688038273643744,
            "Wind_Dir_Sin": -0.003339286466168545,
            "Wind_Dir_Cos": -0.055915475323790265
        },
        "SMAPE": {
            "Temperature": 39.70956195870574,
            "Precipitation_accumulated": 1.602705100153995,
            "Humidity": 7.0684438115761745,
            "Wind_Speed_kmh": 83.67676107839793,
            "Soil_Moisture": 0.6416678085032289,
            "Soil_Temperature": 26.32840649725648,
            "Wind_Dir_Sin": 145.6353734042317,
            "Wind_Dir_Cos": 151.08358778797322
        }
    }
}