{
    "trial_number": 32,
    "overall_mae_val": 0.0764929484732749,
    "xgb_params": {
        "n_estimators": 300,
        "max_depth": 3,
        "learning_rate": 0.03204910598309296,
        "min_child_weight": 6,
        "subsample": 0.6,
        "colsample_bytree": 0.8,
        "gamma": 0.0,
        "reg_alpha": 1.8047545015871774e-05,
        "reg_lambda": 0.1811980297044638,
        "n_jobs": -1
    },
    "metrics": {
        "MSE": {
            "Temperature": 1.824862850462105,
            "Precipitation_accumulated": 20.460131827243025,
            "Humidity": 10.414476927984385,
            "Wind_Speed_kmh": 0.5543635904068294,
            "Soil_Moisture": 1387.0621475658193,
            "Soil_Temperature": 0.46956530676884944,
            "Wind_Dir_Sin": 0.35712278867556185,
            "Wind_Dir_Cos": 0.30498595166009024
        },
        "RMSE": {
            "Temperature": 1.3508748463355533,
            "Precipitation_accumulated": 4.523287723243241,
            "Humidity": 3.2271468711517275,
            "Wind_Speed_kmh": 0.7445559686194378,
            "Soil_Moisture": 37.24328325437782,
            "Soil_Temperature": 0.6852483540796355,
            "Wind_Dir_Sin": 0.5975975139469389,
            "Wind_Dir_Cos": 0.5522553319435587
        },
        "MAE": {
            "Temperature": 1.021805091841349,
            "Precipitation_accumulated": 3.8849524293158506,
            "Humidity": 2.309485021640926,
            "Wind_Speed_kmh": 0.5545361703558891,
            "Soil_Moisture": 23.29076441999548,
            "Soil_Temperature": 0.4909594101184852,
            "Wind_Dir_Sin": 0.4817649591314325,
            "Wind_Dir_Cos": 0.44036021863037267
        },
        "R2": {
            "Temperature": 0.9402623050444738,
            "Precipitation_accumulated": -4.898648782080216,
            "Humidity": 0.928962615002893,
            "Wind_Speed_kmh": 0.5894791632004568,
            "Soil_Moisture": 0.9762905985042697,
            "Soil_Temperature": 0.9709987714901402,
            "Wind_Dir_Sin": 0.34975488292709656,
            "Wind_Dir_Cos": 0.17340356365688736
        },
        "SMAPE": {
            "Temperature": 20.349789866647225,
            "Precipitation_accumulated": 0.839666528203333,
            "Humidity": 2.790246399979029,
            "Wind_Speed_kmh": 57.63874191556602,
            "Soil_Moisture": 0.27219615474186676,
            "Soil_Temperature": 8.38359531587561,
            "Wind_Dir_Sin": 95.04118551276383,
            "Wind_Dir_Cos": 106.95411648134778
        }
    }
}