{
    "trial_number": 37,
    "overall_smape_val": 33.356102517041236,
    "xgb_params": {
        "n_estimators": 250,
        "max_depth": 7,
        "learning_rate": 0.06727550091350226,
        "min_child_weight": 6,
        "subsample": 0.7,
        "colsample_bytree": 0.7,
        "gamma": 0.0,
        "reg_alpha": 0.001647356036975248,
        "reg_lambda": 0.003234748698473628,
        "random_state": 42,
        "n_jobs": -1
    },
    "metrics": {
        "MSE": {
            "Temperature": 0.06532699630599606,
            "Precipitation_accumulated": 0.012307685999234238,
            "Humidity": 0.550531244126236,
            "Wind_Speed_kmh": 0.0022547239507938626,
            "Soil_Moisture": 688.9841014294947,
            "Soil_Temperature": 0.014269637736937985,
            "Wind_Dir_Sin": 0.0018305394883538855,
            "Wind_Dir_Cos": 0.0011458848797331078
        },
        "RMSE": {
            "Temperature": 0.2555914636798265,
            "Precipitation_accumulated": 0.11094001081320588,
            "Humidity": 0.7419779269804703,
            "Wind_Speed_kmh": 0.04748393360699872,
            "Soil_Moisture": 26.24850665141723,
            "Soil_Temperature": 0.11945558897321626,
            "Wind_Dir_Sin": 0.042784804409438236,
            "Wind_Dir_Cos": 0.033850921401538066
        },
        "MAE": {
            "Temperature": 0.1281266794763793,
            "Precipitation_accumulated": 0.05144616578913866,
            "Humidity": 0.3346191135075349,
            "Wind_Speed_kmh": 0.0172735836164759,
            "Soil_Moisture": 7.374759096783152,
            "Soil_Temperature": 0.05895358471844222,
            "Wind_Dir_Sin": 0.01815761264365245,
            "Wind_Dir_Cos": 0.01335899695137657
        },
        "R2": {
            "Temperature": 0.9808107170680401,
            "Precipitation_accumulated": 0.9870328511455312,
            "Humidity": 0.991534019683481,
            "Wind_Speed_kmh": 0.9933744621829523,
            "Soil_Moisture": 0.9990689028665742,
            "Soil_Temperature": 0.9974573932613862,
            "Wind_Dir_Sin": 0.9886032185316571,
            "Wind_Dir_Cos": 0.9960086626337584
        },
        "SMAPE": {
            "Temperature": 2.0443876714333333,
            "Precipitation_accumulated": 0.01117969674458283,
            "Humidity": 0.4026024816868024,
            "Wind_Speed_kmh": 129.5252415906064,
            "Soil_Moisture": 0.11968912972346687,
            "Soil_Temperature": 3.5013141076580325,
            "Wind_Dir_Sin": 123.62824538186807,
            "Wind_Dir_Cos": 7.6161600766091295
        }
    }
}