{
    "trial_number": 25,
    "forecast_horizon": 11,
    "overall_smape_val": 63.26001184832516,
    "output_chunk_length": 14,
    "xgb_params": {
        "n_estimators": 550,
        "max_depth": 5,
        "learning_rate": 0.06554483387653168,
        "min_child_weight": 9,
        "subsample": 0.9,
        "colsample_bytree": 1.0,
        "gamma": 0.2,
        "reg_alpha": 0.08394437347987668,
        "reg_lambda": 0.0013367398499870668,
        "random_state": 42,
        "n_jobs": -1
    },
    "metrics": {
        "MSE": {
            "Temperature": 14.242742768105167,
            "Precipitation_accumulated": 12.123520253935302,
            "Humidity": 20.82560880730807,
            "Wind_Speed_kmh": 0.22554935753905206,
            "Soil_Moisture": 106389.02688620887,
            "Soil_Temperature": 14.011959195590675,
            "Wind_Dir_Sin": 0.11285685781674153,
            "Wind_Dir_Cos": 0.27738982370160936
        },
        "RMSE": {
            "Temperature": 3.773955851372028,
            "Precipitation_accumulated": 3.4818845836608805,
            "Humidity": 4.563508387995805,
            "Wind_Speed_kmh": 0.4749203696821732,
            "Soil_Moisture": 326.17330805295654,
            "Soil_Temperature": 3.743255160363861,
            "Wind_Dir_Sin": 0.3359417476538775,
            "Wind_Dir_Cos": 0.5266781025461467
        },
        "MAE": {
            "Temperature": 3.3447739032211747,
            "Precipitation_accumulated": 3.3426040321400863,
            "Humidity": 3.2498438213777954,
            "Wind_Speed_kmh": 0.20884641846044227,
            "Soil_Moisture": 183.69630575185516,
            "Soil_Temperature": 3.330320032710883,
            "Wind_Dir_Sin": 0.15050644607568686,
            "Wind_Dir_Cos": 0.33441536589157117
        },
        "R2": {
            "Temperature": -3.196797195404536,
            "Precipitation_accumulated": -11.754638406293038,
            "Humidity": 0.6800867849164289,
            "Wind_Speed_kmh": 0.34137817070072196,
            "Soil_Moisture": 0.8570801819775011,
            "Soil_Temperature": -1.503678191635447,
            "Wind_Dir_Sin": 0.3015383703893273,
            "Wind_Dir_Cos": 0.038671652635765996
        },
        "SMAPE": {
            "Temperature": 43.90532865846586,
            "Precipitation_accumulated": 0.7298669741632956,
            "Humidity": 3.8147633517869277,
            "Wind_Speed_kmh": 171.60083776968165,
            "Soil_Moisture": 3.0175350092120397,
            "Soil_Temperature": 47.200723139653675,
            "Wind_Dir_Sin": 168.34190445821852,
            "Wind_Dir_Cos": 67.46913542541917
        }
    }
}