{
    "trial_number": 18,
    "overall_mae_val": 0.13157302333426038,
    "output_chunk_length": 24,
    "xgb_params": {
        "n_estimators": 550,
        "max_depth": 3,
        "learning_rate": 0.08621608738770471,
        "min_child_weight": 9,
        "subsample": 0.9,
        "colsample_bytree": 1.0,
        "gamma": 0.05,
        "reg_alpha": 0.19990520268221681,
        "reg_lambda": 9.628808507059259e-05,
        "n_jobs": -1
    },
    "metrics": {
        "MSE": {
            "Temperature": 10.888890652682386,
            "Precipitation_accumulated": 51.23911720878734,
            "Humidity": 98.7562901555687,
            "Wind_Speed_kmh": 1.4015728397567035,
            "Soil_Moisture": 102050.39863147048,
            "Soil_Temperature": 7.268040689320427,
            "Wind_Dir_Sin": 0.6904173285852798,
            "Wind_Dir_Cos": 0.4083861530866904
        },
        "RMSE": {
            "Temperature": 3.299831912792284,
            "Precipitation_accumulated": 7.158150404174764,
            "Humidity": 9.93761994421042,
            "Wind_Speed_kmh": 1.1838804161555776,
            "Soil_Moisture": 319.45328082752644,
            "Soil_Temperature": 2.6959303940050874,
            "Wind_Dir_Sin": 0.8309135506087741,
            "Wind_Dir_Cos": 0.639050978472524
        },
        "MAE": {
            "Temperature": 2.6621392417147214,
            "Precipitation_accumulated": 6.907337331257775,
            "Humidity": 7.8978788394146395,
            "Wind_Speed_kmh": 0.9368678656914815,
            "Soil_Moisture": 290.0685415910104,
            "Soil_Temperature": 2.227268292413786,
            "Wind_Dir_Sin": 0.7386520285023767,
            "Wind_Dir_Cos": 0.5442369568749487
        },
        "R2": {
            "Temperature": 0.6432442601863122,
            "Precipitation_accumulated": -14.33435343886559,
            "Humidity": 0.32662307500937204,
            "Wind_Speed_kmh": -0.04080856691446577,
            "Soil_Moisture": -0.9099192414422701,
            "Soil_Temperature": 0.5488831466808205,
            "Wind_Dir_Sin": -0.2540470569645841,
            "Wind_Dir_Cos": -0.11296665778679049
        },
        "SMAPE": {
            "Temperature": 39.94550748021258,
            "Precipitation_accumulated": 1.497401031746283,
            "Humidity": 9.33305184838843,
            "Wind_Speed_kmh": 77.33060092563994,
            "Soil_Moisture": 3.418629115880505,
            "Soil_Temperature": 40.552184439292404,
            "Wind_Dir_Sin": 155.5873385797002,
            "Wind_Dir_Cos": 134.4623119641373
        }
    }
}