{
    "trial_number": 45,
    "overall_mae_val": 0.09600378251578415,
    "output_chunk_length": 2,
    "xgb_params": {
        "n_estimators": 250,
        "max_depth": 4,
        "learning_rate": 0.01982375329424962,
        "min_child_weight": 8,
        "subsample": 0.8,
        "colsample_bytree": 0.8,
        "gamma": 0.15000000000000002,
        "reg_alpha": 0.0029241495505502556,
        "reg_lambda": 0.021776601014180032,
        "n_jobs": -1
    },
    "metrics": {
        "MSE": {
            "Temperature": 5.449034641808891,
            "Precipitation_accumulated": 73.1382163401892,
            "Humidity": 25.22358606553586,
            "Wind_Speed_kmh": 0.9145497551053506,
            "Soil_Moisture": 1972.3564927647878,
            "Soil_Temperature": 1.1248238969654945,
            "Wind_Dir_Sin": 0.4534230436852452,
            "Wind_Dir_Cos": 0.33225669203082997
        },
        "RMSE": {
            "Temperature": 2.3343167398210745,
            "Precipitation_accumulated": 8.552088419806545,
            "Humidity": 5.022308838127725,
            "Wind_Speed_kmh": 0.9563209477499437,
            "Soil_Moisture": 44.41122034761923,
            "Soil_Temperature": 1.0605771527642365,
            "Wind_Dir_Sin": 0.6733669457919992,
            "Wind_Dir_Cos": 0.5764171163583104
        },
        "MAE": {
            "Temperature": 1.8642585917666363,
            "Precipitation_accumulated": 8.217747054206564,
            "Humidity": 4.01346733710006,
            "Wind_Speed_kmh": 0.7316047386319801,
            "Soil_Moisture": 25.217626947460815,
            "Soil_Temperature": 0.7732012358229409,
            "Wind_Dir_Sin": 0.5873271263472137,
            "Wind_Dir_Cos": 0.48469065413362106
        },
        "R2": {
            "Temperature": 0.8216881645774136,
            "Precipitation_accumulated": -20.02323187351268,
            "Humidity": 0.8279725282621243,
            "Wind_Speed_kmh": 0.3248192019045316,
            "Soil_Moisture": 0.9664917070533878,
            "Soil_Temperature": 0.930564365098435,
            "Wind_Dir_Sin": 0.1738146604226719,
            "Wind_Dir_Cos": 0.10118149479691796
        },
        "SMAPE": {
            "Temperature": 32.181083397168074,
            "Precipitation_accumulated": 1.7847624379616214,
            "Humidity": 4.721586397639235,
            "Wind_Speed_kmh": 67.01368148626341,
            "Soil_Moisture": 0.29407256986435304,
            "Soil_Temperature": 13.700831051473115,
            "Wind_Dir_Sin": 123.14827571827945,
            "Wind_Dir_Cos": 122.92689560960024
        }
    }
}