{
    "trial_number": 41,
    "overall_mae_val": 0.07704559079878254,
    "xgb_params": {
        "n_estimators": 300,
        "max_depth": 4,
        "learning_rate": 0.02547924325633007,
        "min_child_weight": 5,
        "subsample": 0.6,
        "colsample_bytree": 0.8,
        "gamma": 0.0,
        "reg_alpha": 1.4165854247663513e-05,
        "reg_lambda": 0.219487427733029,
        "n_jobs": -1
    },
    "metrics": {
        "MSE": {
            "Temperature": 1.7974457039490157,
            "Precipitation_accumulated": 20.648317641418146,
            "Humidity": 10.191971197216352,
            "Wind_Speed_kmh": 0.5518788613258946,
            "Soil_Moisture": 1376.1062291552034,
            "Soil_Temperature": 0.5739519867248023,
            "Wind_Dir_Sin": 0.3572965544198395,
            "Wind_Dir_Cos": 0.30202060690457216
        },
        "RMSE": {
            "Temperature": 1.3406885186160937,
            "Precipitation_accumulated": 4.544041993800029,
            "Humidity": 3.192486679254332,
            "Wind_Speed_kmh": 0.7428854967798837,
            "Soil_Moisture": 37.095905827398305,
            "Soil_Temperature": 0.7575961897507156,
            "Wind_Dir_Sin": 0.5977428832030035,
            "Wind_Dir_Cos": 0.5495640152926429
        },
        "MAE": {
            "Temperature": 1.0003289555367119,
            "Precipitation_accumulated": 3.912218134645429,
            "Humidity": 2.2814303496168113,
            "Wind_Speed_kmh": 0.5560327545706155,
            "Soil_Moisture": 24.906672338019092,
            "Soil_Temperature": 0.56015931436939,
            "Wind_Dir_Sin": 0.48806823525570014,
            "Wind_Dir_Cos": 0.4406696819049018
        },
        "R2": {
            "Temperature": 0.9411598174983742,
            "Precipitation_accumulated": -4.95290268586547,
            "Humidity": 0.9304803316745925,
            "Wind_Speed_kmh": 0.5913191705154699,
            "Soil_Moisture": 0.9764778707680306,
            "Soil_Temperature": 0.9645516555828348,
            "Wind_Dir_Sin": 0.34943849223371604,
            "Wind_Dir_Cos": 0.181440469599925
        },
        "SMAPE": {
            "Temperature": 20.285198807818343,
            "Precipitation_accumulated": 0.8454888827780285,
            "Humidity": 2.7620959809811185,
            "Wind_Speed_kmh": 57.36551384615697,
            "Soil_Moisture": 0.2909544385551447,
            "Soil_Temperature": 9.514783985110649,
            "Wind_Dir_Sin": 97.02797651648388,
            "Wind_Dir_Cos": 107.46800053525914
        }
    }
}