{
    "trial_number": 75,
    "overall_mae_val": 0.09693789020817435,
    "output_chunk_length": 2,
    "xgb_params": {
        "n_estimators": 550,
        "max_depth": 4,
        "learning_rate": 0.022211013120711377,
        "min_child_weight": 7,
        "subsample": 0.9,
        "colsample_bytree": 0.8,
        "gamma": 0.15000000000000002,
        "reg_alpha": 7.034480328712667e-05,
        "reg_lambda": 0.02407262829527278,
        "n_jobs": -1
    },
    "metrics": {
        "MSE": {
            "Temperature": 5.804707045874659,
            "Precipitation_accumulated": 62.859127437397234,
            "Humidity": 26.7592894253025,
            "Wind_Speed_kmh": 0.9215885732740616,
            "Soil_Moisture": 1869.9979146705653,
            "Soil_Temperature": 2.276380623020945,
            "Wind_Dir_Sin": 0.4628661402721537,
            "Wind_Dir_Cos": 0.33857167141577105
        },
        "RMSE": {
            "Temperature": 2.409295964773664,
            "Precipitation_accumulated": 7.928374829521951,
            "Humidity": 5.172938181082634,
            "Wind_Speed_kmh": 0.9599940485617927,
            "Soil_Moisture": 43.24347250939228,
            "Soil_Temperature": 1.5087679155592304,
            "Wind_Dir_Sin": 0.6803426638629638,
            "Wind_Dir_Cos": 0.5818691188023051
        },
        "MAE": {
            "Temperature": 1.9083545183644008,
            "Precipitation_accumulated": 7.579131515996423,
            "Humidity": 4.177150903830602,
            "Wind_Speed_kmh": 0.7304397106331182,
            "Soil_Moisture": 23.55934188638583,
            "Soil_Temperature": 1.0641488633259912,
            "Wind_Dir_Sin": 0.5856421258344175,
            "Wind_Dir_Cos": 0.48723080871480423
        },
        "R2": {
            "Temperature": 0.8100308220245995,
            "Precipitation_accumulated": -16.989172235822746,
            "Humidity": 0.8175345194386716,
            "Wind_Speed_kmh": 0.3206331848408547,
            "Soil_Moisture": 0.9685344968846002,
            "Soil_Temperature": 0.8595145792515738,
            "Wind_Dir_Sin": 0.15585392092915684,
            "Wind_Dir_Cos": 0.0852772212876236
        },
        "SMAPE": {
            "Temperature": 33.23512581193399,
            "Precipitation_accumulated": 1.644873250048613,
            "Humidity": 4.887414213552573,
            "Wind_Speed_kmh": 67.41955588015658,
            "Soil_Moisture": 0.275631244409589,
            "Soil_Temperature": 16.107485778542934,
            "Wind_Dir_Sin": 122.66589537266296,
            "Wind_Dir_Cos": 122.3913874963513
        }
    }
}