{
    "trial_number": 39,
    "overall_mae_val": 0.08090812702542087,
    "xgb_params": {
        "n_estimators": 450,
        "max_depth": 8,
        "learning_rate": 0.04263004453811982,
        "min_child_weight": 8,
        "subsample": 0.7,
        "colsample_bytree": 0.8,
        "gamma": 0.0,
        "reg_alpha": 0.0003796796863901477,
        "reg_lambda": 0.00048614290711946094,
        "n_jobs": -1
    },
    "metrics": {
        "MSE": {
            "Temperature": 1.8748883823820495,
            "Precipitation_accumulated": 15.600236089107575,
            "Humidity": 10.254200625148377,
            "Wind_Speed_kmh": 0.5898335309525665,
            "Soil_Moisture": 3855.5370880522682,
            "Soil_Temperature": 2.1579762512708918,
            "Wind_Dir_Sin": 0.3724941927477486,
            "Wind_Dir_Cos": 0.3161741602515767
        },
        "RMSE": {
            "Temperature": 1.3692656361648932,
            "Precipitation_accumulated": 3.949713418604896,
            "Humidity": 3.202218078949086,
            "Wind_Speed_kmh": 0.7680062050221772,
            "Soil_Moisture": 62.092971325684424,
            "Soil_Temperature": 1.469005191029253,
            "Wind_Dir_Sin": 0.6103230232817279,
            "Wind_Dir_Cos": 0.5622936601559515
        },
        "MAE": {
            "Temperature": 1.0307479205135777,
            "Precipitation_accumulated": 3.475144845110205,
            "Humidity": 2.2158685677997636,
            "Wind_Speed_kmh": 0.5771986083211972,
            "Soil_Moisture": 49.79275437693867,
            "Soil_Temperature": 0.9180379365730803,
            "Wind_Dir_Sin": 0.505888192499729,
            "Wind_Dir_Cos": 0.4554701704782937
        },
        "R2": {
            "Temperature": 0.9384791601040394,
            "Precipitation_accumulated": -3.425520040663911,
            "Humidity": 0.9299513983015977,
            "Wind_Speed_kmh": 0.5637939397100743,
            "Soil_Moisture": 0.9364210386819322,
            "Soil_Temperature": 0.8667220756997284,
            "Wind_Dir_Sin": 0.3214390313051704,
            "Wind_Dir_Cos": 0.14576600714132104
        },
        "SMAPE": {
            "Temperature": 21.01630404870379,
            "Precipitation_accumulated": 0.7502907195454271,
            "Humidity": 2.6665193145881005,
            "Wind_Speed_kmh": 59.00836631854531,
            "Soil_Moisture": 0.5826219099917264,
            "Soil_Temperature": 12.156880823914205,
            "Wind_Dir_Sin": 103.82052783417163,
            "Wind_Dir_Cos": 111.92484375561175
        }
    }
}