{
    "trial_number": 48,
    "overall_mae_val": 0.13551751801221,
    "output_chunk_length": 6,
    "xgb_params": {
        "n_estimators": 100,
        "max_depth": 5,
        "learning_rate": 0.021196257358462374,
        "min_child_weight": 4,
        "subsample": 0.8,
        "colsample_bytree": 0.8,
        "gamma": 0.1,
        "reg_alpha": 0.0002469171538038055,
        "reg_lambda": 0.19373569715772304,
        "n_jobs": -1
    },
    "metrics": {
        "MSE": {
            "Temperature": 13.841625109703067,
            "Precipitation_accumulated": 1220.2975013329185,
            "Humidity": 95.98541934286244,
            "Wind_Speed_kmh": 1.395037695894734,
            "Soil_Moisture": 35235.0232341066,
            "Soil_Temperature": 9.057341821332932,
            "Wind_Dir_Sin": 0.581521781125809,
            "Wind_Dir_Cos": 0.3820982015246923
        },
        "RMSE": {
            "Temperature": 3.7204334572335878,
            "Precipitation_accumulated": 34.93275685274379,
            "Humidity": 9.797214876834255,
            "Wind_Speed_kmh": 1.1811171389386972,
            "Soil_Moisture": 187.7099444198591,
            "Soil_Temperature": 3.009541795910622,
            "Wind_Dir_Sin": 0.7625757543521883,
            "Wind_Dir_Cos": 0.618140923677354
        },
        "MAE": {
            "Temperature": 3.0803428948108533,
            "Precipitation_accumulated": 34.824051707250995,
            "Humidity": 8.323239692768832,
            "Wind_Speed_kmh": 0.9585889167399793,
            "Soil_Moisture": 169.12795033445047,
            "Soil_Temperature": 2.19638137277308,
            "Wind_Dir_Sin": 0.6993789312933223,
            "Wind_Dir_Cos": 0.5426231564463172
        },
        "R2": {
            "Temperature": 0.5469928426967192,
            "Precipitation_accumulated": -350.2884817144353,
            "Humidity": 0.345325675943843,
            "Wind_Speed_kmh": -0.03181893866480001,
            "Soil_Moisture": 0.3995741525272235,
            "Soil_Temperature": 0.44076429760059344,
            "Wind_Dir_Sin": -0.059151785905195986,
            "Wind_Dir_Cos": -0.03477453552712828
        },
        "SMAPE": {
            "Temperature": 44.18587013001312,
            "Precipitation_accumulated": 7.790027808308584,
            "Humidity": 9.752856572346355,
            "Wind_Speed_kmh": 78.3890592458956,
            "Soil_Moisture": 1.9780136999962583,
            "Soil_Temperature": 30.596922206833753,
            "Wind_Dir_Sin": 166.58128813423994,
            "Wind_Dir_Cos": 155.24764647493606
        }
    }
}