{
    "trial_number": 2,
    "overall_mae_val": 0.0830207349836521,
    "xgb_params": {
        "n_estimators": 600,
        "max_depth": 5,
        "learning_rate": 0.049719100472881424,
        "min_child_weight": 7,
        "subsample": 0.8,
        "colsample_bytree": 0.6,
        "gamma": 0.1,
        "reg_alpha": 0.017731665685123413,
        "reg_lambda": 0.0004947088258727572,
        "n_jobs": -1
    },
    "metrics": {
        "MSE": {
            "Temperature": 3.302115857332749,
            "Precipitation_accumulated": 56.94946464649219,
            "Humidity": 13.172458610649015,
            "Wind_Speed_kmh": 0.5548352689981575,
            "Soil_Moisture": 1067.400076965672,
            "Soil_Temperature": 2.0866730874469357,
            "Wind_Dir_Sin": 0.36970261795220527,
            "Wind_Dir_Cos": 0.30708296086326514
        },
        "RMSE": {
            "Temperature": 1.817172489702821,
            "Precipitation_accumulated": 7.546486907594301,
            "Humidity": 3.629388186822817,
            "Wind_Speed_kmh": 0.7448726528730649,
            "Soil_Moisture": 32.67108931403531,
            "Soil_Temperature": 1.4445321344459374,
            "Wind_Dir_Sin": 0.6080317573549965,
            "Wind_Dir_Cos": 0.5541506662120557
        },
        "MAE": {
            "Temperature": 1.4039569341984095,
            "Precipitation_accumulated": 7.302693420632659,
            "Humidity": 2.9163392505958456,
            "Wind_Speed_kmh": 0.5571940945748495,
            "Soil_Moisture": 17.996752221196747,
            "Soil_Temperature": 1.1008881490610682,
            "Wind_Dir_Sin": 0.5048574770731434,
            "Wind_Dir_Cos": 0.449591584405783
        },
        "R2": {
            "Temperature": 0.8915257719602193,
            "Precipitation_accumulated": -15.109090438772633,
            "Humidity": 0.9099098725347238,
            "Wind_Speed_kmh": 0.5891841274215901,
            "Soil_Moisture": 0.9825192008972115,
            "Soil_Temperature": 0.8711214218061542,
            "Wind_Dir_Sin": 0.3261440611953007,
            "Wind_Dir_Cos": 0.17019367600841606
        },
        "SMAPE": {
            "Temperature": 27.230742775834965,
            "Precipitation_accumulated": 1.5840325997942004,
            "Humidity": 3.4037301993636917,
            "Wind_Speed_kmh": 57.50365568406387,
            "Soil_Moisture": 0.21089545115636826,
            "Soil_Temperature": 16.40828944413058,
            "Wind_Dir_Sin": 104.31022601243761,
            "Wind_Dir_Cos": 110.967271680868
        }
    }
}