{
    "trial_number": 62,
    "overall_mae_val": 0.08119134764652075,
    "output_chunk_length": 1,
    "xgb_params": {
        "n_estimators": 600,
        "max_depth": 4,
        "learning_rate": 0.02599309755455948,
        "min_child_weight": 8,
        "subsample": 0.9,
        "colsample_bytree": 0.6,
        "gamma": 0.15000000000000002,
        "reg_alpha": 0.00021772037147739585,
        "reg_lambda": 0.028427645463519353,
        "n_jobs": -1
    },
    "metrics": {
        "MSE": {
            "Temperature": 3.1656142099078353,
            "Precipitation_accumulated": 61.01989466146029,
            "Humidity": 14.00192548167644,
            "Wind_Speed_kmh": 0.5808443102636487,
            "Soil_Moisture": 1238.4835093175154,
            "Soil_Temperature": 1.1205642346130853,
            "Wind_Dir_Sin": 0.35661949731859166,
            "Wind_Dir_Cos": 0.30501119359249257
        },
        "RMSE": {
            "Temperature": 1.7792173026102898,
            "Precipitation_accumulated": 7.8115231972682695,
            "Humidity": 3.7419146812395976,
            "Wind_Speed_kmh": 0.7621314258470442,
            "Soil_Moisture": 35.19209441504605,
            "Soil_Temperature": 1.0585670666580769,
            "Wind_Dir_Sin": 0.5971762698890435,
            "Wind_Dir_Cos": 0.5522781849688547
        },
        "MAE": {
            "Temperature": 1.3810905316235083,
            "Precipitation_accumulated": 7.536998465292348,
            "Humidity": 3.0190151269823065,
            "Wind_Speed_kmh": 0.5706516887598791,
            "Soil_Moisture": 21.612321934334656,
            "Soil_Temperature": 0.7289170438678289,
            "Wind_Dir_Sin": 0.48613650922330043,
            "Wind_Dir_Cos": 0.4466136190490735
        },
        "R2": {
            "Temperature": 0.8963997451566785,
            "Precipitation_accumulated": -16.462816294578552,
            "Humidity": 0.9045240693356296,
            "Wind_Speed_kmh": 0.5718193990131238,
            "Soil_Moisture": 0.9791606683541855,
            "Soil_Temperature": 0.9308450720484766,
            "Wind_Dir_Sin": 0.3496198486138977,
            "Wind_Dir_Cos": 0.17594793039053058
        },
        "SMAPE": {
            "Temperature": 27.495073430826874,
            "Precipitation_accumulated": 1.6353801204789835,
            "Humidity": 3.531811864041793,
            "Wind_Speed_kmh": 58.55834947002782,
            "Soil_Moisture": 0.2537119611133184,
            "Soil_Temperature": 11.865539260674604,
            "Wind_Dir_Sin": 97.9895458966804,
            "Wind_Dir_Cos": 109.7030204732577
        }
    }
}