{
    "trial_number": 57,
    "overall_mae_val": 0.11204202376993062,
    "output_chunk_length": 4,
    "xgb_params": {
        "n_estimators": 550,
        "max_depth": 6,
        "learning_rate": 0.02751712430665713,
        "min_child_weight": 8,
        "subsample": 1.0,
        "colsample_bytree": 0.7,
        "gamma": 0.1,
        "reg_alpha": 0.00010436471251673528,
        "reg_lambda": 0.00665234840289149,
        "n_jobs": -1
    },
    "metrics": {
        "MSE": {
            "Temperature": 9.509176518700839,
            "Precipitation_accumulated": 58.79422455242265,
            "Humidity": 61.263454853843484,
            "Wind_Speed_kmh": 1.2152681315404643,
            "Soil_Moisture": 6978.214298356035,
            "Soil_Temperature": 2.093634006931531,
            "Wind_Dir_Sin": 0.58160792476429,
            "Wind_Dir_Cos": 0.35592901418628925
        },
        "RMSE": {
            "Temperature": 3.083695270077904,
            "Precipitation_accumulated": 7.667739207381968,
            "Humidity": 7.827097473127793,
            "Wind_Speed_kmh": 1.102392004479561,
            "Soil_Moisture": 83.53570672686043,
            "Soil_Temperature": 1.4469395311938682,
            "Wind_Dir_Sin": 0.7626322342809082,
            "Wind_Dir_Cos": 0.5965978663943488
        },
        "MAE": {
            "Temperature": 2.454841591934547,
            "Precipitation_accumulated": 7.217067096366153,
            "Humidity": 5.9971374136442686,
            "Wind_Speed_kmh": 0.8569254442478706,
            "Soil_Moisture": 58.83339665216402,
            "Soil_Temperature": 1.0522054308496989,
            "Wind_Dir_Sin": 0.6870460518900078,
            "Wind_Dir_Cos": 0.5087734428535227
        },
        "R2": {
            "Temperature": 0.6882056920820584,
            "Precipitation_accumulated": -16.052627505992135,
            "Humidity": 0.5820033283862402,
            "Wind_Speed_kmh": 0.10018563974932782,
            "Soil_Moisture": 0.8792530864452114,
            "Soil_Temperature": 0.8704316455392369,
            "Wind_Dir_Sin": -0.057569962926065976,
            "Wind_Dir_Cos": 0.03194367915131402
        },
        "SMAPE": {
            "Temperature": 37.454819138397454,
            "Precipitation_accumulated": 1.5659254423467281,
            "Humidity": 7.147126270103557,
            "Wind_Speed_kmh": 73.26152234850386,
            "Soil_Moisture": 0.6849436349393944,
            "Soil_Temperature": 17.857275431898614,
            "Wind_Dir_Sin": 154.71694612464432,
            "Wind_Dir_Cos": 131.37262678159075
        }
    }
}