{
    "trial_number": 6,
    "overall_mae_val": 0.13499676440977107,
    "output_chunk_length": 12,
    "xgb_params": {
        "n_estimators": 500,
        "max_depth": 8,
        "learning_rate": 0.100454792656105,
        "min_child_weight": 5,
        "subsample": 1.0,
        "colsample_bytree": 0.7,
        "gamma": 0.0,
        "reg_alpha": 1.4695047628634261e-05,
        "reg_lambda": 0.00922996837139434,
        "n_jobs": -1
    },
    "metrics": {
        "MSE": {
            "Temperature": 11.135135802917445,
            "Precipitation_accumulated": 17.9034822393564,
            "Humidity": 120.0048097119448,
            "Wind_Speed_kmh": 1.5473890461209538,
            "Soil_Moisture": 204445.65504551827,
            "Soil_Temperature": 14.425210735752106,
            "Wind_Dir_Sin": 0.6246511645779107,
            "Wind_Dir_Cos": 0.4261876382671789
        },
        "RMSE": {
            "Temperature": 3.336935091205318,
            "Precipitation_accumulated": 4.231250670824927,
            "Humidity": 10.954670680214207,
            "Wind_Speed_kmh": 1.2439409335338047,
            "Soil_Moisture": 452.15667090679784,
            "Soil_Temperature": 3.798053545666794,
            "Wind_Dir_Sin": 0.7903487613565993,
            "Wind_Dir_Cos": 0.6528304820297371
        },
        "MAE": {
            "Temperature": 2.6944382743139355,
            "Precipitation_accumulated": 3.716385463281561,
            "Humidity": 8.485103841821825,
            "Wind_Speed_kmh": 0.9599209150348585,
            "Soil_Moisture": 342.1784436048933,
            "Soil_Temperature": 3.245392557962853,
            "Wind_Dir_Sin": 0.7050766574605896,
            "Wind_Dir_Cos": 0.5606451988648717
        },
        "R2": {
            "Temperature": 0.6344510385626381,
            "Precipitation_accumulated": -4.208563421667701,
            "Humidity": 0.18109537717862567,
            "Wind_Speed_kmh": -0.14642162870261166,
            "Soil_Moisture": -2.5610615472251497,
            "Soil_Temperature": 0.10587831756678612,
            "Wind_Dir_Sin": -0.13509374240063043,
            "Wind_Dir_Cos": -0.16116165795420412
        },
        "SMAPE": {
            "Temperature": 40.415169375609636,
            "Precipitation_accumulated": 0.8026269832214948,
            "Humidity": 9.984895797781762,
            "Wind_Speed_kmh": 81.8772334906228,
            "Soil_Moisture": 4.08361794368572,
            "Soil_Temperature": 66.44284806647435,
            "Wind_Dir_Sin": 151.92366429648916,
            "Wind_Dir_Cos": 148.3268809878167
        }
    }
}