{
    "trial_number": 21,
    "overall_mae_val": 0.08100902131797266,
    "output_chunk_length": 1,
    "xgb_params": {
        "n_estimators": 600,
        "max_depth": 4,
        "learning_rate": 0.07292544327182453,
        "min_child_weight": 10,
        "subsample": 0.6,
        "colsample_bytree": 1.0,
        "gamma": 0.3,
        "reg_alpha": 0.36807837006719435,
        "reg_lambda": 1.145976737696597e-05,
        "n_jobs": -1
    },
    "metrics": {
        "MSE": {
            "Temperature": 4.41516006219528,
            "Precipitation_accumulated": 81.60080708573778,
            "Humidity": 14.037241283165233,
            "Wind_Speed_kmh": 0.5663585451288322,
            "Soil_Moisture": 1210.215673994139,
            "Soil_Temperature": 1.2283901716408667,
            "Wind_Dir_Sin": 0.3560934802129329,
            "Wind_Dir_Cos": 0.30703186240646463
        },
        "RMSE": {
            "Temperature": 2.1012282270603735,
            "Precipitation_accumulated": 9.033316505344965,
            "Humidity": 3.7466306574261137,
            "Wind_Speed_kmh": 0.7525679671158162,
            "Soil_Moisture": 34.78815421941985,
            "Soil_Temperature": 1.1083276463396854,
            "Wind_Dir_Sin": 0.5967356870616445,
            "Wind_Dir_Cos": 0.5541045590919322
        },
        "MAE": {
            "Temperature": 1.586876767275315,
            "Precipitation_accumulated": 8.701304062367567,
            "Humidity": 3.15320094199507,
            "Wind_Speed_kmh": 0.5495666380748875,
            "Soil_Moisture": 23.39549868856297,
            "Soil_Temperature": 0.8825984521273487,
            "Wind_Dir_Sin": 0.4698231519488724,
            "Wind_Dir_Cos": 0.4396106414131731
        },
        "R2": {
            "Temperature": 0.8548473385471975,
            "Precipitation_accumulated": -21.983625607280533,
            "Humidity": 0.9038920323575362,
            "Wind_Speed_kmh": 0.579942734139044,
            "Soil_Moisture": 0.9803605476014646,
            "Soil_Temperature": 0.9242796138583651,
            "Wind_Dir_Sin": 0.35016340051121486,
            "Wind_Dir_Cos": 0.17106290173127847
        },
        "SMAPE": {
            "Temperature": 30.24166563965534,
            "Precipitation_accumulated": 1.8909401585926358,
            "Humidity": 3.6109325837112007,
            "Wind_Speed_kmh": 59.63689809608794,
            "Soil_Moisture": 0.27309402255407483,
            "Soil_Temperature": 18.43713984037209,
            "Wind_Dir_Sin": 92.49606523372977,
            "Wind_Dir_Cos": 106.34596411834026
        }
    }
}