{
    "trial_number": 61,
    "overall_mae_val": 0.08037215588370294,
    "output_chunk_length": 1,
    "xgb_params": {
        "n_estimators": 600,
        "max_depth": 4,
        "learning_rate": 0.021384760867237552,
        "min_child_weight": 8,
        "subsample": 0.9,
        "colsample_bytree": 0.7,
        "gamma": 0.15000000000000002,
        "reg_alpha": 0.0011361447989961162,
        "reg_lambda": 0.005744509710472556,
        "n_jobs": -1
    },
    "metrics": {
        "MSE": {
            "Temperature": 3.0991927137808957,
            "Precipitation_accumulated": 61.50738292501881,
            "Humidity": 12.765402784078242,
            "Wind_Speed_kmh": 0.5579051937929207,
            "Soil_Moisture": 1209.9120937592274,
            "Soil_Temperature": 0.9147476106940385,
            "Wind_Dir_Sin": 0.35830156428138227,
            "Wind_Dir_Cos": 0.3054581091421855
        },
        "RMSE": {
            "Temperature": 1.7604524173577927,
            "Precipitation_accumulated": 7.8426642746593975,
            "Humidity": 3.5728703844497693,
            "Wind_Speed_kmh": 0.7469305147019505,
            "Soil_Moisture": 34.78379067553201,
            "Soil_Temperature": 0.956424388383127,
            "Wind_Dir_Sin": 0.5985829635742921,
            "Wind_Dir_Cos": 0.5526826477664968
        },
        "MAE": {
            "Temperature": 1.3655255436559064,
            "Precipitation_accumulated": 7.562103356712846,
            "Humidity": 2.889044858740524,
            "Wind_Speed_kmh": 0.5569982885504026,
            "Soil_Moisture": 21.668247388791706,
            "Soil_Temperature": 0.6525807137753529,
            "Wind_Dir_Sin": 0.4848706550477597,
            "Wind_Dir_Cos": 0.44521735672326906
        },
        "R2": {
            "Temperature": 0.8985735046452127,
            "Precipitation_accumulated": -16.60232682699614,
            "Humidity": 0.912955635086733,
            "Wind_Speed_kmh": 0.5887294117359582,
            "Soil_Moisture": 0.9796414250214565,
            "Soil_Temperature": 0.9435469175640636,
            "Wind_Dir_Sin": 0.3465522009554636,
            "Wind_Dir_Cos": 0.17474049377377088
        },
        "SMAPE": {
            "Temperature": 27.34912845155316,
            "Precipitation_accumulated": 1.640900544702605,
            "Humidity": 3.359730272594425,
            "Wind_Speed_kmh": 57.76234643803079,
            "Soil_Moisture": 0.25469272041899504,
            "Soil_Temperature": 11.23445565292546,
            "Wind_Dir_Sin": 97.17350107530042,
            "Wind_Dir_Cos": 108.43286432523972
        }
    }
}