{
    "trial_number": 54,
    "overall_mae_val": 0.08059269727720351,
    "output_chunk_length": 1,
    "xgb_params": {
        "n_estimators": 600,
        "max_depth": 4,
        "learning_rate": 0.025936730118336332,
        "min_child_weight": 8,
        "subsample": 0.9,
        "colsample_bytree": 0.6,
        "gamma": 0.1,
        "reg_alpha": 0.0002825279582047627,
        "reg_lambda": 0.006280923017002003,
        "n_jobs": -1
    },
    "metrics": {
        "MSE": {
            "Temperature": 2.8816181452601737,
            "Precipitation_accumulated": 58.65066384786912,
            "Humidity": 12.1754237723204,
            "Wind_Speed_kmh": 0.5694238188467139,
            "Soil_Moisture": 1219.6530758242745,
            "Soil_Temperature": 0.665529079639065,
            "Wind_Dir_Sin": 0.3626925150139315,
            "Wind_Dir_Cos": 0.3013592836747858
        },
        "RMSE": {
            "Temperature": 1.697532958519561,
            "Precipitation_accumulated": 7.658372140857946,
            "Humidity": 3.489329989026604,
            "Wind_Speed_kmh": 0.754601761756964,
            "Soil_Moisture": 34.92353183491433,
            "Soil_Temperature": 0.8157996565573346,
            "Wind_Dir_Sin": 0.602239582735917,
            "Wind_Dir_Cos": 0.5489620056750611
        },
        "MAE": {
            "Temperature": 1.3236184317287478,
            "Precipitation_accumulated": 7.272130095035907,
            "Humidity": 2.729957006809431,
            "Wind_Speed_kmh": 0.5640222275397448,
            "Soil_Moisture": 21.047605281729446,
            "Soil_Temperature": 0.5608413295517967,
            "Wind_Dir_Sin": 0.49841226750519274,
            "Wind_Dir_Cos": 0.44453562571478183
        },
        "R2": {
            "Temperature": 0.9057109649014183,
            "Precipitation_accumulated": -15.834018824444446,
            "Humidity": 0.916967829593949,
            "Wind_Speed_kmh": 0.5805814536016299,
            "Soil_Moisture": 0.9793427983452007,
            "Soil_Temperature": 0.9589227556961711,
            "Wind_Dir_Sin": 0.33882341254562887,
            "Wind_Dir_Cos": 0.1857696129060451
        },
        "SMAPE": {
            "Temperature": 26.209613850410253,
            "Precipitation_accumulated": 1.5777614559090098,
            "Humidity": 3.2210617338932592,
            "Wind_Speed_kmh": 57.99589374070738,
            "Soil_Moisture": 0.2464805280926465,
            "Soil_Temperature": 9.779971252604048,
            "Wind_Dir_Sin": 100.9629714881431,
            "Wind_Dir_Cos": 108.72388468479804
        }
    }
}