{
    "trial_number": 0,
    "overall_mae_val": 0.08138994853115383,
    "xgb_params": {
        "n_estimators": 600,
        "max_depth": 8,
        "learning_rate": 0.05823765825016388,
        "min_child_weight": 9,
        "subsample": 0.9,
        "colsample_bytree": 0.8,
        "gamma": 0.15000000000000002,
        "reg_alpha": 0.0011293526933880338,
        "reg_lambda": 0.001390758653278872,
        "n_jobs": -1
    },
    "metrics": {
        "MSE": {
            "Temperature": 3.250298548345487,
            "Precipitation_accumulated": 60.915556404771856,
            "Humidity": 13.113124107932128,
            "Wind_Speed_kmh": 0.548164414617385,
            "Soil_Moisture": 1344.5076274357766,
            "Soil_Temperature": 1.021689052912573,
            "Wind_Dir_Sin": 0.36676852116885095,
            "Wind_Dir_Cos": 0.31199570107049374
        },
        "RMSE": {
            "Temperature": 1.8028584382434154,
            "Precipitation_accumulated": 7.804841856487027,
            "Humidity": 3.6212047867984665,
            "Wind_Speed_kmh": 0.7403812630107444,
            "Soil_Moisture": 36.66752824278965,
            "Soil_Temperature": 1.0107863537427546,
            "Wind_Dir_Sin": 0.6056141685667955,
            "Wind_Dir_Cos": 0.5585657535782996
        },
        "MAE": {
            "Temperature": 1.3855737498255838,
            "Precipitation_accumulated": 7.567139797221619,
            "Humidity": 2.9158061444281387,
            "Wind_Speed_kmh": 0.548791845428363,
            "Soil_Moisture": 24.263488342810394,
            "Soil_Temperature": 0.7109789669629409,
            "Wind_Dir_Sin": 0.4940849376306481,
            "Wind_Dir_Cos": 0.4492515077734509
        },
        "R2": {
            "Temperature": 0.893283625944144,
            "Precipitation_accumulated": -16.255760522265042,
            "Humidity": 0.9103673938028479,
            "Wind_Speed_kmh": 0.5943674829895553,
            "Soil_Moisture": 0.9779063252580851,
            "Soil_Temperature": 0.9368933677843585,
            "Wind_Dir_Sin": 0.33186953742006753,
            "Wind_Dir_Cos": 0.15657931592514596
        },
        "SMAPE": {
            "Temperature": 27.4549954493982,
            "Precipitation_accumulated": 1.6418931843386,
            "Humidity": 3.3893854061671966,
            "Wind_Speed_kmh": 57.35926268831548,
            "Soil_Moisture": 0.28528518287211474,
            "Soil_Temperature": 11.966740910759883,
            "Wind_Dir_Sin": 100.67002070608329,
            "Wind_Dir_Cos": 111.45685478262074
        }
    }
}