{
    "trial_number": 40,
    "forecast_horizon": 19,
    "overall_smape_val": 76.87390100002953,
    "output_chunk_length": 18,
    "xgb_params": {
        "n_estimators": 450,
        "max_depth": 4,
        "learning_rate": 0.06358961404486861,
        "min_child_weight": 8,
        "subsample": 0.9,
        "colsample_bytree": 0.8,
        "gamma": 0.25,
        "reg_alpha": 0.019942615818299876,
        "reg_lambda": 0.0513188348290867,
        "random_state": 42,
        "n_jobs": -1
    },
    "metrics": {
        "MSE": {
            "Temperature": 12.184672905656326,
            "Precipitation_accumulated": 9.978383377787706,
            "Humidity": 24.75574627519762,
            "Wind_Speed_kmh": 0.25437364313466404,
            "Soil_Moisture": 161246.92271036323,
            "Soil_Temperature": 14.901555006362923,
            "Wind_Dir_Sin": 0.1366202763222911,
            "Wind_Dir_Cos": 1.121595351086248
        },
        "RMSE": {
            "Temperature": 3.4906550825964353,
            "Precipitation_accumulated": 3.1588579230139024,
            "Humidity": 4.975514674402802,
            "Wind_Speed_kmh": 0.504354679897653,
            "Soil_Moisture": 401.5556284132539,
            "Soil_Temperature": 3.860253230859722,
            "Wind_Dir_Sin": 0.36962180174103787,
            "Wind_Dir_Cos": 1.0590539887495103
        },
        "MAE": {
            "Temperature": 3.053456262645992,
            "Precipitation_accumulated": 3.0044443378621857,
            "Humidity": 3.456722935758869,
            "Wind_Speed_kmh": 0.24542449129509114,
            "Soil_Moisture": 199.0337262955562,
            "Soil_Temperature": 3.09254015388461,
            "Wind_Dir_Sin": 0.18994353835179886,
            "Wind_Dir_Cos": 0.9887272644160335
        },
        "R2": {
            "Temperature": -2.6058742165850846,
            "Precipitation_accumulated": -9.484825635549784,
            "Humidity": 0.6198399808261003,
            "Wind_Speed_kmh": 0.26137712426706583,
            "Soil_Moisture": 0.7845385831089904,
            "Soil_Temperature": -1.6693045661130679,
            "Wind_Dir_Sin": 0.15896060644041976,
            "Wind_Dir_Cos": -2.8695288499923537
        },
        "SMAPE": {
            "Temperature": 41.295896926918076,
            "Precipitation_accumulated": 0.655755986629341,
            "Humidity": 4.04436426517959,
            "Wind_Speed_kmh": 171.4331946788312,
            "Soil_Moisture": 3.2161863676646636,
            "Soil_Temperature": 43.754878535594564,
            "Wind_Dir_Sin": 171.26617950629625,
            "Wind_Dir_Cos": 179.32475173312216
        }
    }
}