{
    "trial_number": 31,
    "overall_smape_val": 33.98197346470164,
    "xgb_params": {
        "n_estimators": 300,
        "max_depth": 5,
        "learning_rate": 0.10714073727351384,
        "min_child_weight": 9,
        "subsample": 1.0,
        "colsample_bytree": 0.6,
        "gamma": 0.0,
        "reg_alpha": 0.004058538832628637,
        "reg_lambda": 0.00018131335463836574,
        "random_state": 42,
        "n_jobs": -1
    },
    "metrics": {
        "MSE": {
            "Temperature": 0.09425216386262322,
            "Precipitation_accumulated": 0.025756233943238314,
            "Humidity": 0.6786081067980351,
            "Wind_Speed_kmh": 0.002895178702168738,
            "Soil_Moisture": 608.8665364014589,
            "Soil_Temperature": 0.02309443845871111,
            "Wind_Dir_Sin": 0.0025659479528381316,
            "Wind_Dir_Cos": 0.0018965705854579388
        },
        "RMSE": {
            "Temperature": 0.30700515282747814,
            "Precipitation_accumulated": 0.16048748843208405,
            "Humidity": 0.8237767335862521,
            "Wind_Speed_kmh": 0.05380686482381907,
            "Soil_Moisture": 24.675221101369264,
            "Soil_Temperature": 0.15196854430674497,
            "Wind_Dir_Sin": 0.05065518683055203,
            "Wind_Dir_Cos": 0.043549633585805735
        },
        "MAE": {
            "Temperature": 0.15378045973954868,
            "Precipitation_accumulated": 0.06783760176434178,
            "Humidity": 0.3813538554068394,
            "Wind_Speed_kmh": 0.02124288310158385,
            "Soil_Moisture": 8.042884243634656,
            "Soil_Temperature": 0.07789839311111801,
            "Wind_Dir_Sin": 0.022169425268055258,
            "Wind_Dir_Cos": 0.01658249718334345
        },
        "R2": {
            "Temperature": 0.972314180330019,
            "Precipitation_accumulated": 0.9728637113838235,
            "Humidity": 0.9895644744306917,
            "Wind_Speed_kmh": 0.9914924769519674,
            "Soil_Moisture": 0.9991771742112684,
            "Soil_Temperature": 0.9958849638699923,
            "Wind_Dir_Sin": 0.9840246286607369,
            "Wind_Dir_Cos": 0.9933938799792732
        },
        "SMAPE": {
            "Temperature": 2.5630977417500165,
            "Precipitation_accumulated": 0.014741686326557887,
            "Humidity": 0.457323546778946,
            "Wind_Speed_kmh": 131.87272922361262,
            "Soil_Moisture": 0.1298925386730443,
            "Soil_Temperature": 4.669315664835989,
            "Wind_Dir_Sin": 124.7539474633198,
            "Wind_Dir_Cos": 7.39473985231588
        }
    }
}