{
    "trial_number": 16,
    "overall_mae_val": 0.0793613712324049,
    "xgb_params": {
        "n_estimators": 400,
        "max_depth": 4,
        "learning_rate": 0.10077573300389489,
        "min_child_weight": 1,
        "subsample": 0.9,
        "colsample_bytree": 0.8,
        "gamma": 0.05,
        "reg_alpha": 6.792662000653319e-05,
        "reg_lambda": 0.04189568702600259,
        "n_jobs": -1
    },
    "metrics": {
        "MSE": {
            "Temperature": 2.316397227598061,
            "Precipitation_accumulated": 50.4988216110303,
            "Humidity": 11.07318067487878,
            "Wind_Speed_kmh": 0.56002117100148,
            "Soil_Moisture": 2896.72534862621,
            "Soil_Temperature": 0.5259212164511196,
            "Wind_Dir_Sin": 0.373712833933911,
            "Wind_Dir_Cos": 0.32159888299899425
        },
        "RMSE": {
            "Temperature": 1.5219714936877304,
            "Precipitation_accumulated": 7.106252290133689,
            "Humidity": 3.327638903919531,
            "Wind_Speed_kmh": 0.7483456226914673,
            "Soil_Moisture": 53.821235108702304,
            "Soil_Temperature": 0.7252042584342149,
            "Wind_Dir_Sin": 0.6113205656068762,
            "Wind_Dir_Cos": 0.567096890309755
        },
        "MAE": {
            "Temperature": 1.1668855211628963,
            "Precipitation_accumulated": 6.823693491656606,
            "Humidity": 2.4937335365875835,
            "Wind_Speed_kmh": 0.5614606910706584,
            "Soil_Moisture": 22.956792646117886,
            "Soil_Temperature": 0.5235367509954071,
            "Wind_Dir_Sin": 0.48650510439639044,
            "Wind_Dir_Cos": 0.4538156296638461
        },
        "R2": {
            "Temperature": 0.9241992264002774,
            "Precipitation_accumulated": -13.515645707433954,
            "Humidity": 0.9244797599101564,
            "Wind_Speed_kmh": 0.586555527376877,
            "Soil_Moisture": 0.950787638074706,
            "Soil_Temperature": 0.9675347637341251,
            "Wind_Dir_Sin": 0.319055198212589,
            "Wind_Dir_Cos": 0.13001292607429193
        },
        "SMAPE": {
            "Temperature": 23.740242174122088,
            "Precipitation_accumulated": 1.4793383495197718,
            "Humidity": 2.9893320131906442,
            "Wind_Speed_kmh": 57.54332822828004,
            "Soil_Moisture": 0.2694735702156637,
            "Soil_Temperature": 9.023718673625572,
            "Wind_Dir_Sin": 95.65182692192714,
            "Wind_Dir_Cos": 110.86982406303248
        }
    }
}