{
    "trial_number": 35,
    "forecast_horizon": 1,
    "overall_smape_val": 44.24315071970958,
    "output_chunk_length": 9,
    "xgb_params": {
        "n_estimators": 400,
        "max_depth": 4,
        "learning_rate": 0.036439759914353276,
        "min_child_weight": 8,
        "subsample": 0.9,
        "colsample_bytree": 0.7,
        "gamma": 0.2,
        "reg_alpha": 0.004987555412191114,
        "reg_lambda": 0.008145465425975572,
        "random_state": 42,
        "n_jobs": -1
    },
    "metrics": {
        "MSE": {
            "Temperature": 0.7037340365703046,
            "Precipitation_accumulated": 8.89213973697408,
            "Humidity": 2.5848435569909856,
            "Wind_Speed_kmh": 0.06459954028763847,
            "Soil_Moisture": 11495.91783039535,
            "Soil_Temperature": 0.5102336242486328,
            "Wind_Dir_Sin": 0.02880773376328878,
            "Wind_Dir_Cos": 0.023216171395519923
        },
        "RMSE": {
            "Temperature": 0.8388885722015199,
            "Precipitation_accumulated": 2.9819691039603478,
            "Humidity": 1.6077448668837309,
            "Wind_Speed_kmh": 0.2541643961841203,
            "Soil_Moisture": 107.21901804435326,
            "Soil_Temperature": 0.71430639381755,
            "Wind_Dir_Sin": 0.16972841177389478,
            "Wind_Dir_Cos": 0.15236853807633624
        },
        "MAE": {
            "Temperature": 0.5760470408171723,
            "Precipitation_accumulated": 2.818332159926292,
            "Humidity": 0.9315573744166534,
            "Wind_Speed_kmh": 0.1077642366655414,
            "Soil_Moisture": 50.56656037732823,
            "Soil_Temperature": 0.4447587316581073,
            "Wind_Dir_Sin": 0.07232245360136581,
            "Wind_Dir_Cos": 0.0589188523495297
        },
        "R2": {
            "Temperature": 0.7932837525034309,
            "Precipitation_accumulated": -8.368592894818265,
            "Humidity": 0.960250694382481,
            "Wind_Speed_kmh": 0.810173348720163,
            "Soil_Moisture": 0.9844643495898219,
            "Soil_Temperature": 0.9090850465023569,
            "Wind_Dir_Sin": 0.8206455264214794,
            "Wind_Dir_Cos": 0.9191336110363975
        },
        "SMAPE": {
            "Temperature": 10.579398488877377,
            "Precipitation_accumulated": 0.615011402038967,
            "Humidity": 1.092014781958027,
            "Wind_Speed_kmh": 164.99268532084307,
            "Soil_Moisture": 0.8536257516012798,
            "Soil_Temperature": 14.853027769361198,
            "Wind_Dir_Sin": 140.6050784969362,
            "Wind_Dir_Cos": 20.354363746060123
        }
    }
}