{
    "trial_number": 47,
    "overall_mae_val": 0.08069241742946665,
    "xgb_params": {
        "n_estimators": 300,
        "max_depth": 5,
        "learning_rate": 0.02808099348731914,
        "min_child_weight": 3,
        "subsample": 0.6,
        "colsample_bytree": 0.7,
        "gamma": 0.05,
        "reg_alpha": 5.0349588824842877e-05,
        "reg_lambda": 0.0002472225333147029,
        "n_jobs": -1
    },
    "metrics": {
        "MSE": {
            "Temperature": 2.4528401141682106,
            "Precipitation_accumulated": 55.856120747159565,
            "Humidity": 11.21428574480029,
            "Wind_Speed_kmh": 0.5712962927162109,
            "Soil_Moisture": 1032.5408674587873,
            "Soil_Temperature": 1.3290213418067056,
            "Wind_Dir_Sin": 0.3628100045592333,
            "Wind_Dir_Cos": 0.30469544096582607
        },
        "RMSE": {
            "Temperature": 1.5661545626687714,
            "Precipitation_accumulated": 7.473695253832576,
            "Humidity": 3.3487737673363798,
            "Wind_Speed_kmh": 0.7558414468102492,
            "Soil_Moisture": 32.13317394000766,
            "Soil_Temperature": 1.152831879246365,
            "Wind_Dir_Sin": 0.6023371186961943,
            "Wind_Dir_Cos": 0.5519922471972103
        },
        "MAE": {
            "Temperature": 1.2100806822201038,
            "Precipitation_accumulated": 7.073037944092928,
            "Humidity": 2.569806212949241,
            "Wind_Speed_kmh": 0.5661498194296493,
            "Soil_Moisture": 18.4629736544642,
            "Soil_Temperature": 0.7095760653576513,
            "Wind_Dir_Sin": 0.49859675433205186,
            "Wind_Dir_Cos": 0.4511337728048414
        },
        "R2": {
            "Temperature": 0.9197265225426359,
            "Precipitation_accumulated": -14.985035387999512,
            "Humidity": 0.9235323477744437,
            "Wind_Speed_kmh": 0.5788579045462838,
            "Soil_Moisture": 0.9826259603677014,
            "Soil_Temperature": 0.9179802707424315,
            "Wind_Dir_Sin": 0.3383299918713528,
            "Wind_Dir_Cos": 0.17680100270707233
        },
        "SMAPE": {
            "Temperature": 24.942885474839642,
            "Precipitation_accumulated": 1.5342420639208865,
            "Humidity": 3.0302067342582903,
            "Wind_Speed_kmh": 58.083906801898515,
            "Soil_Moisture": 0.21621516076949843,
            "Soil_Temperature": 10.274815525232817,
            "Wind_Dir_Sin": 101.90544858396946,
            "Wind_Dir_Cos": 112.2096839930186
        }
    }
}