{
    "trial_number": 2,
    "forecast_horizon": 15,
    "overall_smape_val": 86.90538871222395,
    "output_chunk_length": 19,
    "xgb_params": {
        "n_estimators": 350,
        "max_depth": 4,
        "learning_rate": 0.012958233750823635,
        "min_child_weight": 3,
        "subsample": 0.8,
        "colsample_bytree": 0.6,
        "gamma": 0.2,
        "reg_alpha": 0.011426979524937026,
        "reg_lambda": 0.3376394360870037,
        "random_state": 42,
        "n_jobs": -1
    },
    "metrics": {
        "MSE": {
            "Temperature": 79.60731127784226,
            "Precipitation_accumulated": 107.681913538355,
            "Humidity": 28.537368019512417,
            "Wind_Speed_kmh": 0.36716201089329165,
            "Soil_Moisture": 219219.98819292034,
            "Soil_Temperature": 79.6018660726817,
            "Wind_Dir_Sin": 0.13088326248040377,
            "Wind_Dir_Cos": 1.2202264157468996
        },
        "RMSE": {
            "Temperature": 8.922292938356275,
            "Precipitation_accumulated": 10.376989618302362,
            "Humidity": 5.342037815245454,
            "Wind_Speed_kmh": 0.6059389498070673,
            "Soil_Moisture": 468.2093422742869,
            "Soil_Temperature": 8.921987787073109,
            "Wind_Dir_Sin": 0.3617779187297143,
            "Wind_Dir_Cos": 1.1046385905566125
        },
        "MAE": {
            "Temperature": 8.211613946894747,
            "Precipitation_accumulated": 10.313020281015605,
            "Humidity": 3.7225519967401173,
            "Wind_Speed_kmh": 0.49916195610744796,
            "Soil_Moisture": 372.95699954503027,
            "Soil_Temperature": 8.050566904958297,
            "Wind_Dir_Sin": 0.171110576035326,
            "Wind_Dir_Cos": 1.0294407065003752
        },
        "R2": {
            "Temperature": -22.470818382824405,
            "Precipitation_accumulated": -112.21670926281188,
            "Humidity": 0.5619674243127835,
            "Wind_Speed_kmh": -0.06913370790195938,
            "Soil_Moisture": 0.7062977251462428,
            "Soil_Temperature": -13.23758808720644,
            "Wind_Dir_Sin": 0.19212628085470929,
            "Wind_Dir_Cos": -3.219323442877962
        },
        "SMAPE": {
            "Temperature": 77.45747135735591,
            "Precipitation_accumulated": 2.269636573290642,
            "Humidity": 4.343956229819782,
            "Wind_Speed_kmh": 177.78495514197118,
            "Soil_Moisture": 6.145361661572508,
            "Soil_Temperature": 76.85136634355537,
            "Wind_Dir_Sin": 171.87503043782712,
            "Wind_Dir_Cos": 178.5153319523989
        }
    }
}