{
    "trial_number": 15,
    "forecast_horizon": 9,
    "overall_smape_val": 53.41975478494338,
    "output_chunk_length": 10,
    "xgb_params": {
        "n_estimators": 250,
        "max_depth": 4,
        "learning_rate": 0.032901131352560224,
        "min_child_weight": 6,
        "subsample": 0.8,
        "colsample_bytree": 0.7,
        "gamma": 0.25,
        "reg_alpha": 2.184428182283912e-05,
        "reg_lambda": 8.202820578250396e-05,
        "random_state": 42,
        "n_jobs": -1
    },
    "metrics": {
        "MSE": {
            "Temperature": 4.076434884779954,
            "Precipitation_accumulated": 10.937861965829953,
            "Humidity": 15.464294069056912,
            "Wind_Speed_kmh": 0.23358068518121852,
            "Soil_Moisture": 86051.57507405679,
            "Soil_Temperature": 3.917370600277107,
            "Wind_Dir_Sin": 0.0887900448000442,
            "Wind_Dir_Cos": 0.08750878182297164
        },
        "RMSE": {
            "Temperature": 2.019018297287064,
            "Precipitation_accumulated": 3.3072438624676517,
            "Humidity": 3.9324666647101933,
            "Wind_Speed_kmh": 0.48330185720853436,
            "Soil_Moisture": 293.3454875638226,
            "Soil_Temperature": 1.9792348522287868,
            "Wind_Dir_Sin": 0.2979765843150166,
            "Wind_Dir_Cos": 0.2958188327726476
        },
        "MAE": {
            "Temperature": 1.5861819310435674,
            "Precipitation_accumulated": 3.1603234983916524,
            "Humidity": 2.649520230909811,
            "Wind_Speed_kmh": 0.21804795588105708,
            "Soil_Moisture": 168.33801997887744,
            "Soil_Temperature": 1.5250629602785597,
            "Wind_Dir_Sin": 0.13959509655491895,
            "Wind_Dir_Cos": 0.1408624041518039
        },
        "R2": {
            "Temperature": -0.2006417678254544,
            "Precipitation_accumulated": -10.510905321151053,
            "Humidity": 0.7623812201146983,
            "Wind_Speed_kmh": 0.3169691663088866,
            "Soil_Moisture": 0.8842465055146213,
            "Soil_Temperature": 0.3004372277714399,
            "Wind_Dir_Sin": 0.4497559142178431,
            "Wind_Dir_Cos": 0.6963861024822627
        },
        "SMAPE": {
            "Temperature": 25.228811548553402,
            "Precipitation_accumulated": 0.6899178997771526,
            "Humidity": 3.1149359830606422,
            "Wind_Speed_kmh": 171.20420581137068,
            "Soil_Moisture": 2.767674047922621,
            "Soil_Temperature": 29.006503377388327,
            "Wind_Dir_Sin": 161.41739900681137,
            "Wind_Dir_Cos": 33.928590604663015
        }
    }
}