{
    "trial_number": 37,
    "overall_mae_val": 0.0812281118206905,
    "xgb_params": {
        "n_estimators": 150,
        "max_depth": 3,
        "learning_rate": 0.18627538945421432,
        "min_child_weight": 2,
        "subsample": 0.6,
        "colsample_bytree": 0.8,
        "gamma": 0.05,
        "reg_alpha": 0.006823448342600725,
        "reg_lambda": 0.006024894561014436,
        "n_jobs": -1
    },
    "metrics": {
        "MSE": {
            "Temperature": 2.7639363810511233,
            "Precipitation_accumulated": 49.665879610704266,
            "Humidity": 13.481398970235391,
            "Wind_Speed_kmh": 0.5563066152645455,
            "Soil_Moisture": 1614.9975904667087,
            "Soil_Temperature": 0.4187652962399115,
            "Wind_Dir_Sin": 0.40035638726376227,
            "Wind_Dir_Cos": 0.3285730228223148
        },
        "RMSE": {
            "Temperature": 1.6625090619455651,
            "Precipitation_accumulated": 7.047402330696344,
            "Humidity": 3.6717024621060177,
            "Wind_Speed_kmh": 0.7458596485026828,
            "Soil_Moisture": 40.1870326158415,
            "Soil_Temperature": 0.6471207740753742,
            "Wind_Dir_Sin": 0.6327372181749406,
            "Wind_Dir_Cos": 0.5732128948499979
        },
        "MAE": {
            "Temperature": 1.2913661350862675,
            "Precipitation_accumulated": 6.784058609553181,
            "Humidity": 2.695608236959416,
            "Wind_Speed_kmh": 0.55532916147574,
            "Soil_Moisture": 24.295145594321074,
            "Soil_Temperature": 0.475320783815354,
            "Wind_Dir_Sin": 0.5064184197817041,
            "Wind_Dir_Cos": 0.45561993423375363
        },
        "R2": {
            "Temperature": 0.9095053661022238,
            "Precipitation_accumulated": -13.340062074232135,
            "Humidity": 0.9080367471388308,
            "Wind_Speed_kmh": 0.5879979806762055,
            "Soil_Moisture": 0.9723077242799394,
            "Soil_Temperature": 0.974127104434197,
            "Wind_Dir_Sin": 0.2713327384170402,
            "Wind_Dir_Cos": 0.10852555010209153
        },
        "SMAPE": {
            "Temperature": 24.90795948937054,
            "Precipitation_accumulated": 1.4706037424619152,
            "Humidity": 3.2388680479999694,
            "Wind_Speed_kmh": 57.68487274901714,
            "Soil_Moisture": 0.2854736244389901,
            "Soil_Temperature": 8.871118131431466,
            "Wind_Dir_Sin": 100.95778210216096,
            "Wind_Dir_Cos": 109.16969097617527
        }
    }
}