{
    "trial_number": 22,
    "overall_smape_val": 43.12622564971052,
    "xgb_params": {
        "n_estimators": 150,
        "max_depth": 8,
        "learning_rate": 0.022694017273675697,
        "min_child_weight": 10,
        "subsample": 1.0,
        "colsample_bytree": 0.9,
        "gamma": 0.0,
        "reg_alpha": 0.10512710176689959,
        "reg_lambda": 0.16169467242380886,
        "random_state": 42,
        "n_jobs": -1
    },
    "metrics": {
        "MSE": {
            "Temperature": 0.3859590956109124,
            "Precipitation_accumulated": 72.5621002157549,
            "Humidity": 2.4014938204537146,
            "Wind_Speed_kmh": 0.037459858016049986,
            "Soil_Moisture": 8844.754020468317,
            "Soil_Temperature": 0.3632366917761146,
            "Wind_Dir_Sin": 0.013921999523600688,
            "Wind_Dir_Cos": 0.012155100951465032
        },
        "RMSE": {
            "Temperature": 0.6212560628363416,
            "Precipitation_accumulated": 8.518339052641359,
            "Humidity": 1.5496753919623667,
            "Wind_Speed_kmh": 0.19354549340155142,
            "Soil_Moisture": 94.04655241138995,
            "Soil_Temperature": 0.6026912076479253,
            "Wind_Dir_Sin": 0.11799152310060536,
            "Wind_Dir_Cos": 0.11025017438292346
        },
        "MAE": {
            "Temperature": 0.49367277594949016,
            "Precipitation_accumulated": 8.500996041615377,
            "Humidity": 1.1136635136772695,
            "Wind_Speed_kmh": 0.1413653449484868,
            "Soil_Moisture": 59.528580540039684,
            "Soil_Temperature": 0.5523398404122485,
            "Wind_Dir_Sin": 0.0502170911045017,
            "Wind_Dir_Cos": 0.062120805703856107
        },
        "R2": {
            "Temperature": 0.8866276010739936,
            "Precipitation_accumulated": -75.45007800403101,
            "Humidity": 0.9630702169384208,
            "Wind_Speed_kmh": 0.8899236840859432,
            "Soil_Moisture": 0.9880471478264483,
            "Soil_Temperature": 0.9352773996615891,
            "Wind_Dir_Sin": 0.9133228279519217,
            "Wind_Dir_Cos": 0.9576614462097438
        },
        "SMAPE": {
            "Temperature": 8.687777163138216,
            "Precipitation_accumulated": 1.8671629678246822,
            "Humidity": 1.3076709764239272,
            "Wind_Speed_kmh": 166.03240747887853,
            "Soil_Moisture": 1.001264681725694,
            "Soil_Temperature": 15.15564899587115,
            "Wind_Dir_Sin": 132.97483511542646,
            "Wind_Dir_Cos": 17.983037818395616
        }
    }
}