{
    "trial_number": 6,
    "forecast_horizon": 5,
    "overall_smape_val": 76.70457481509209,
    "output_chunk_length": 19,
    "xgb_params": {
        "n_estimators": 150,
        "max_depth": 3,
        "learning_rate": 0.018055426872162283,
        "min_child_weight": 6,
        "subsample": 1.0,
        "colsample_bytree": 0.9,
        "gamma": 0.05,
        "reg_alpha": 0.003548844897339233,
        "reg_lambda": 2.1404786661561982e-05,
        "random_state": 42,
        "n_jobs": -1
    },
    "metrics": {
        "MSE": {
            "Temperature": 48.293563160960055,
            "Precipitation_accumulated": 287.7209399677298,
            "Humidity": 99.52746602602026,
            "Wind_Speed_kmh": 0.5894183841636726,
            "Soil_Moisture": 205849.51490527912,
            "Soil_Temperature": 63.838818674679,
            "Wind_Dir_Sin": 0.09946104067521118,
            "Wind_Dir_Cos": 0.3465923585832322
        },
        "RMSE": {
            "Temperature": 6.9493570321980185,
            "Precipitation_accumulated": 16.96233887079638,
            "Humidity": 9.976345324116455,
            "Wind_Speed_kmh": 0.7677358817742418,
            "Soil_Moisture": 453.70641929035907,
            "Soil_Temperature": 7.989919816536271,
            "Wind_Dir_Sin": 0.3153744451841512,
            "Wind_Dir_Cos": 0.5887209513710483
        },
        "MAE": {
            "Temperature": 6.719842559802824,
            "Precipitation_accumulated": 16.934324093566918,
            "Humidity": 8.612302516090445,
            "Wind_Speed_kmh": 0.7293782410416738,
            "Soil_Moisture": 417.17621481690014,
            "Soil_Temperature": 7.833907462321153,
            "Wind_Dir_Sin": 0.17388293549108008,
            "Wind_Dir_Cos": 0.556992448844289
        },
        "R2": {
            "Temperature": -13.20415231801261,
            "Precipitation_accumulated": -301.98934196641727,
            "Humidity": -0.530250010156283,
            "Wind_Speed_kmh": -0.7283919911045171,
            "Soil_Moisture": 0.7223603231903255,
            "Soil_Temperature": -10.386242746133146,
            "Wind_Dir_Sin": 0.3819908222551792,
            "Wind_Dir_Cos": -0.2052171467685835
        },
        "SMAPE": {
            "Temperature": 70.16661174903408,
            "Precipitation_accumulated": 3.7543354988836874,
            "Humidity": 10.492172977729926,
            "Wind_Speed_kmh": 179.63580160112525,
            "Soil_Moisture": 6.888765872562916,
            "Soil_Temperature": 79.40370099664214,
            "Wind_Dir_Sin": 166.26151004603082,
            "Wind_Dir_Cos": 97.03369977872708
        }
    }
}