{
    "trial_number": 0,
    "forecast_horizon": 20,
    "overall_smape_val": 53.80751088991226,
    "output_chunk_length": 22,
    "xgb_params": {
        "n_estimators": 550,
        "max_depth": 8,
        "learning_rate": 0.09303278703055912,
        "min_child_weight": 4,
        "subsample": 0.6,
        "colsample_bytree": 0.6,
        "gamma": 0.2,
        "reg_alpha": 0.00012911256801917276,
        "reg_lambda": 0.4115575899676296,
        "random_state": 42,
        "n_jobs": -1
    },
    "metrics": {
        "MSE": {
            "Temperature": 3.672386999162043,
            "Precipitation_accumulated": 11.076315904722039,
            "Humidity": 19.138851749034053,
            "Wind_Speed_kmh": 0.23641872968918098,
            "Soil_Moisture": 150611.30249589006,
            "Soil_Temperature": 5.066818671533811,
            "Wind_Dir_Sin": 0.12043806313422427,
            "Wind_Dir_Cos": 0.1483003035830216
        },
        "RMSE": {
            "Temperature": 1.9163473065084113,
            "Precipitation_accumulated": 3.3281099598303596,
            "Humidity": 4.374797338052821,
            "Wind_Speed_kmh": 0.4862290917758634,
            "Soil_Moisture": 388.0867203292198,
            "Soil_Temperature": 2.2509595001984843,
            "Wind_Dir_Sin": 0.34704187518831825,
            "Wind_Dir_Cos": 0.3850977844431484
        },
        "MAE": {
            "Temperature": 1.5720593999080192,
            "Precipitation_accumulated": 3.1818978410207097,
            "Humidity": 2.6568313684625604,
            "Wind_Speed_kmh": 0.16902228254620064,
            "Soil_Moisture": 198.2389623694127,
            "Soil_Temperature": 1.535189679335398,
            "Wind_Dir_Sin": 0.1715324201416591,
            "Wind_Dir_Cos": 0.16885351568157844
        },
        "R2": {
            "Temperature": -0.08783271219146882,
            "Precipitation_accumulated": -10.636716502031906,
            "Humidity": 0.7059356045925678,
            "Wind_Speed_kmh": 0.3139968953174408,
            "Soil_Moisture": 0.7988833655581734,
            "Soil_Temperature": 0.09200210992706193,
            "Wind_Dir_Sin": 0.259073837805744,
            "Wind_Dir_Cos": 0.4886496716537304
        },
        "SMAPE": {
            "Temperature": 24.93311934289132,
            "Precipitation_accumulated": 0.6946342135508348,
            "Humidity": 3.1287282067342677,
            "Wind_Speed_kmh": 174.90356366722352,
            "Soil_Moisture": 3.16901428869019,
            "Soil_Temperature": 28.41342891939957,
            "Wind_Dir_Sin": 158.61393516031393,
            "Wind_Dir_Cos": 36.60366332049507
        }
    }
}