{
    "trial_number": 43,
    "overall_smape_val": 29.130360880523057,
    "xgb_params": {
        "n_estimators": 400,
        "max_depth": 8,
        "learning_rate": 0.08553784299120719,
        "min_child_weight": 2,
        "subsample": 0.6,
        "colsample_bytree": 0.6,
        "gamma": 0.0,
        "reg_alpha": 2.4318756278385897e-05,
        "reg_lambda": 0.0016395762281360916,
        "random_state": 42,
        "n_jobs": -1
    },
    "metrics": {
        "MSE": {
            "Temperature": 0.002195759651650979,
            "Precipitation_accumulated": 0.007553095415526683,
            "Humidity": 0.02157737732938656,
            "Wind_Speed_kmh": 3.22120451896966e-05,
            "Soil_Moisture": 8.845023668510718,
            "Soil_Temperature": 0.0010641358805161638,
            "Wind_Dir_Sin": 2.6268554746124407e-05,
            "Wind_Dir_Cos": 2.3305714843549586e-05
        },
        "RMSE": {
            "Temperature": 0.04685893353087519,
            "Precipitation_accumulated": 0.08690854627438364,
            "Humidity": 0.14689240051611438,
            "Wind_Speed_kmh": 0.005675565627291839,
            "Soil_Moisture": 2.9740584507555865,
            "Soil_Temperature": 0.03262109563635415,
            "Wind_Dir_Sin": 0.005125285820920079,
            "Wind_Dir_Cos": 0.004827599283655343
        },
        "MAE": {
            "Temperature": 0.0308996482340995,
            "Precipitation_accumulated": 0.04356948235052544,
            "Humidity": 0.09972998604521335,
            "Wind_Speed_kmh": 0.0025762723043935235,
            "Soil_Moisture": 1.9795892874943017,
            "Soil_Temperature": 0.022571220915585458,
            "Wind_Dir_Sin": 0.0024388652049130437,
            "Wind_Dir_Cos": 0.002019142388093166
        },
        "R2": {
            "Temperature": 0.9993550131555299,
            "Precipitation_accumulated": 0.9920421992752143,
            "Humidity": 0.9996681865857721,
            "Wind_Speed_kmh": 0.9999053444553628,
            "Soil_Moisture": 0.9999880467834225,
            "Soil_Temperature": 0.9998103890855199,
            "Wind_Dir_Sin": 0.9998364542366688,
            "Wind_Dir_Cos": 0.9999188217139895
        },
        "SMAPE": {
            "Temperature": 0.5000364812031951,
            "Precipitation_accumulated": 0.009470359897336647,
            "Humidity": 0.1201241165445592,
            "Wind_Speed_kmh": 115.40878838102954,
            "Soil_Moisture": 0.03353447957957091,
            "Soil_Temperature": 1.3536267724557318,
            "Wind_Dir_Sin": 113.10932552449418,
            "Wind_Dir_Cos": 2.5079809289804333
        }
    }
}