{
    "trial_number": 11,
    "overall_mae_val": 0.07738768230202041,
    "xgb_params": {
        "n_estimators": 300,
        "max_depth": 3,
        "learning_rate": 0.01916969399069945,
        "min_child_weight": 4,
        "subsample": 0.6,
        "colsample_bytree": 0.9,
        "gamma": 0.0,
        "reg_alpha": 1.1198675688751875e-05,
        "reg_lambda": 0.49699080311991645,
        "n_jobs": -1
    },
    "metrics": {
        "MSE": {
            "Temperature": 2.073756793187438,
            "Precipitation_accumulated": 27.79609599777913,
            "Humidity": 11.083493820844133,
            "Wind_Speed_kmh": 0.5351187894989631,
            "Soil_Moisture": 999.7785519320627,
            "Soil_Temperature": 0.3693120349521174,
            "Wind_Dir_Sin": 0.357763557916147,
            "Wind_Dir_Cos": 0.3037406141592487
        },
        "RMSE": {
            "Temperature": 1.4400544410498646,
            "Precipitation_accumulated": 5.272200299474512,
            "Humidity": 3.3291881624270103,
            "Wind_Speed_kmh": 0.7315181402391625,
            "Soil_Moisture": 31.619275006427056,
            "Soil_Temperature": 0.6077104861297996,
            "Wind_Dir_Sin": 0.5981333947508256,
            "Wind_Dir_Cos": 0.5511266770527885
        },
        "MAE": {
            "Temperature": 1.081308046134225,
            "Precipitation_accumulated": 4.7617537773889,
            "Humidity": 2.478022165918836,
            "Wind_Speed_kmh": 0.550684963936605,
            "Soil_Moisture": 18.800568563019723,
            "Soil_Temperature": 0.44152764882904594,
            "Wind_Dir_Sin": 0.4892846309705674,
            "Wind_Dir_Cos": 0.4412464412035406
        },
        "R2": {
            "Temperature": 0.9320807479624867,
            "Precipitation_accumulated": -7.037636764624285,
            "Humidity": 0.9243887697427833,
            "Wind_Speed_kmh": 0.6038946268828094,
            "Soil_Moisture": 0.9828055399964105,
            "Soil_Temperature": 0.977172239675364,
            "Wind_Dir_Sin": 0.34911697648801254,
            "Wind_Dir_Cos": 0.17502415908406643
        },
        "SMAPE": {
            "Temperature": 21.582529741717476,
            "Precipitation_accumulated": 1.029906436902699,
            "Humidity": 2.976702145556748,
            "Wind_Speed_kmh": 56.889023208858774,
            "Soil_Moisture": 0.2200413611331279,
            "Soil_Temperature": 7.8463251266253735,
            "Wind_Dir_Sin": 97.4451122957733,
            "Wind_Dir_Cos": 107.9220963671966
        }
    }
}