{
    "trial_number": 49,
    "overall_mae_val": 0.13323001273646295,
    "output_chunk_length": 19,
    "xgb_params": {
        "n_estimators": 600,
        "max_depth": 6,
        "learning_rate": 0.012623962328507012,
        "min_child_weight": 7,
        "subsample": 0.8,
        "colsample_bytree": 0.7,
        "gamma": 0.05,
        "reg_alpha": 3.010089235811365e-05,
        "reg_lambda": 0.42485601512452503,
        "n_jobs": -1
    },
    "metrics": {
        "MSE": {
            "Temperature": 10.153986956350693,
            "Precipitation_accumulated": 51.729195754782204,
            "Humidity": 95.92589573961293,
            "Wind_Speed_kmh": 1.3604143762948147,
            "Soil_Moisture": 173178.9069348043,
            "Soil_Temperature": 7.612205383211398,
            "Wind_Dir_Sin": 0.6439039424675335,
            "Wind_Dir_Cos": 0.4202112123479984
        },
        "RMSE": {
            "Temperature": 3.1865321207153543,
            "Precipitation_accumulated": 7.192301144611661,
            "Humidity": 9.794176623872623,
            "Wind_Speed_kmh": 1.1663680278088964,
            "Soil_Moisture": 416.14769846150097,
            "Soil_Temperature": 2.7590225412655474,
            "Wind_Dir_Sin": 0.8024362544573453,
            "Wind_Dir_Cos": 0.6482370032233569
        },
        "MAE": {
            "Temperature": 2.6002745786908124,
            "Precipitation_accumulated": 6.940627173255405,
            "Humidity": 7.821309392947588,
            "Wind_Speed_kmh": 0.9195036710115146,
            "Soil_Moisture": 350.83145900287633,
            "Soil_Temperature": 2.2813985826304264,
            "Wind_Dir_Sin": 0.7256250259575744,
            "Wind_Dir_Cos": 0.564177200992387
        },
        "R2": {
            "Temperature": 0.6675352013284102,
            "Precipitation_accumulated": -14.23634378703431,
            "Humidity": 0.34645223188945884,
            "Wind_Speed_kmh": -0.00922404399125254,
            "Soil_Moisture": -2.1184591952359844,
            "Soil_Temperature": 0.5277064859873717,
            "Wind_Dir_Sin": -0.16918250114533273,
            "Wind_Dir_Cos": -0.1458861109497247
        },
        "SMAPE": {
            "Temperature": 39.61335168402834,
            "Precipitation_accumulated": 1.5047263945881377,
            "Humidity": 9.256897513213648,
            "Wind_Speed_kmh": 77.1939557016563,
            "Soil_Moisture": 4.160739831365677,
            "Soil_Temperature": 39.40920630185779,
            "Wind_Dir_Sin": 160.63893405080583,
            "Wind_Dir_Cos": 157.2348424894183
        }
    }
}