{
    "trial_number": 46,
    "overall_smape_val": 41.74531173746791,
    "xgb_params": {
        "n_estimators": 400,
        "max_depth": 8,
        "learning_rate": 0.0903228924106304,
        "min_child_weight": 2,
        "subsample": 0.6,
        "colsample_bytree": 0.6,
        "gamma": 0.05,
        "reg_alpha": 3.855909027671421e-05,
        "reg_lambda": 0.010487886562539444,
        "random_state": 42,
        "n_jobs": -1
    },
    "metrics": {
        "MSE": {
            "Temperature": 0.4108319117415789,
            "Precipitation_accumulated": 5.0451854514358345,
            "Humidity": 1.8679995392478632,
            "Wind_Speed_kmh": 0.041379211823063394,
            "Soil_Moisture": 4927.2839980373765,
            "Soil_Temperature": 0.17132779026970035,
            "Wind_Dir_Sin": 0.006121663924420165,
            "Wind_Dir_Cos": 0.0052306167035519125
        },
        "RMSE": {
            "Temperature": 0.6409617084831034,
            "Precipitation_accumulated": 2.2461490269872644,
            "Humidity": 1.3667477965037527,
            "Wind_Speed_kmh": 0.20341880892155326,
            "Soil_Moisture": 70.19461516410911,
            "Soil_Temperature": 0.41391761290104623,
            "Wind_Dir_Sin": 0.07824106290446319,
            "Wind_Dir_Cos": 0.0723230025894384
        },
        "MAE": {
            "Temperature": 0.3964369957928453,
            "Precipitation_accumulated": 2.023868048598167,
            "Humidity": 0.7226099130661341,
            "Wind_Speed_kmh": 0.078889676681317,
            "Soil_Moisture": 30.600635555508052,
            "Soil_Temperature": 0.2327428631018767,
            "Wind_Dir_Sin": 0.0356968668111189,
            "Wind_Dir_Cos": 0.030216012242836463
        },
        "R2": {
            "Temperature": 0.8793214101722979,
            "Precipitation_accumulated": -4.3155134727388536,
            "Humidity": 0.9712742055981971,
            "Wind_Speed_kmh": 0.8784066081895284,
            "Soil_Moisture": 0.9933412396648506,
            "Soil_Temperature": 0.9694723018143674,
            "Wind_Dir_Sin": 0.9618870467350621,
            "Wind_Dir_Cos": 0.9817807562813492
        },
        "SMAPE": {
            "Temperature": 7.335930877470653,
            "Precipitation_accumulated": 0.441198750883092,
            "Humidity": 0.8502407148254612,
            "Wind_Speed_kmh": 169.51540136160958,
            "Soil_Moisture": 0.5081404900552114,
            "Soil_Temperature": 10.819138840915866,
            "Wind_Dir_Sin": 130.67816216186765,
            "Wind_Dir_Cos": 13.814280702115685
        }
    }
}