{
    "trial_number": 51,
    "overall_mae_val": 0.08119630893299194,
    "output_chunk_length": 1,
    "xgb_params": {
        "n_estimators": 550,
        "max_depth": 4,
        "learning_rate": 0.026400304153159294,
        "min_child_weight": 9,
        "subsample": 0.7,
        "colsample_bytree": 0.8,
        "gamma": 0.15000000000000002,
        "reg_alpha": 0.0017842656620077146,
        "reg_lambda": 0.03284370476105077,
        "n_jobs": -1
    },
    "metrics": {
        "MSE": {
            "Temperature": 3.3824516412829793,
            "Precipitation_accumulated": 63.604767440775326,
            "Humidity": 12.918690671916437,
            "Wind_Speed_kmh": 0.5517947087595545,
            "Soil_Moisture": 1302.9938189534496,
            "Soil_Temperature": 0.7631645792419689,
            "Wind_Dir_Sin": 0.3626362601604509,
            "Wind_Dir_Cos": 0.3060155527577928
        },
        "RMSE": {
            "Temperature": 1.839144268751905,
            "Precipitation_accumulated": 7.9752597099264,
            "Humidity": 3.5942580140992155,
            "Wind_Speed_kmh": 0.7428288556320053,
            "Soil_Moisture": 36.09700567849707,
            "Soil_Temperature": 0.8735929139146957,
            "Wind_Dir_Sin": 0.6021928762119749,
            "Wind_Dir_Cos": 0.5531867250375706
        },
        "MAE": {
            "Temperature": 1.4273803036569217,
            "Precipitation_accumulated": 7.707780219893486,
            "Humidity": 2.9502993141056586,
            "Wind_Speed_kmh": 0.5541712438554822,
            "Soil_Moisture": 23.920937956174253,
            "Soil_Temperature": 0.6379653406450505,
            "Wind_Dir_Sin": 0.49023642143459534,
            "Wind_Dir_Cos": 0.4480580444149049
        },
        "R2": {
            "Temperature": 0.8892348892862912,
            "Precipitation_accumulated": -17.149283810167503,
            "Humidity": 0.9119205516567321,
            "Wind_Speed_kmh": 0.592849535570811,
            "Soil_Moisture": 0.9782186639609309,
            "Soil_Temperature": 0.9528984483079004,
            "Wind_Dir_Sin": 0.3392633027822798,
            "Wind_Dir_Cos": 0.17322699311126555
        },
        "SMAPE": {
            "Temperature": 28.174924246145817,
            "Precipitation_accumulated": 1.6727576145389367,
            "Humidity": 3.413543657784759,
            "Wind_Speed_kmh": 57.576893870215144,
            "Soil_Moisture": 0.2817451362254987,
            "Soil_Temperature": 12.18109039631762,
            "Wind_Dir_Sin": 98.14792258590776,
            "Wind_Dir_Cos": 110.20751870533945
        }
    }
}