{
    "trial_number": 4,
    "forecast_horizon": 24,
    "overall_smape_val": 73.60130973784354,
    "output_chunk_length": 7,
    "xgb_params": {
        "n_estimators": 600,
        "max_depth": 7,
        "learning_rate": 0.010598548860719448,
        "min_child_weight": 2,
        "subsample": 0.9,
        "colsample_bytree": 1.0,
        "gamma": 0.2,
        "reg_alpha": 0.19938508410122,
        "reg_lambda": 0.006350682771967425,
        "random_state": 42,
        "n_jobs": -1
    },
    "metrics": {
        "MSE": {
            "Temperature": 7.287983270884851,
            "Precipitation_accumulated": 10.07181539942356,
            "Humidity": 27.783005644403147,
            "Wind_Speed_kmh": 0.24581729646934328,
            "Soil_Moisture": 195919.19906238417,
            "Soil_Temperature": 8.859870094747933,
            "Wind_Dir_Sin": 0.16583668844043903,
            "Wind_Dir_Cos": 0.9525575888834403
        },
        "RMSE": {
            "Temperature": 2.6996265058123967,
            "Precipitation_accumulated": 3.1736123580903133,
            "Humidity": 5.270958702589421,
            "Wind_Speed_kmh": 0.49579965355911987,
            "Soil_Moisture": 442.62760765951344,
            "Soil_Temperature": 2.97655339188598,
            "Wind_Dir_Sin": 0.40723051020329876,
            "Wind_Dir_Cos": 0.9759905680299581
        },
        "MAE": {
            "Temperature": 2.2839332760032787,
            "Precipitation_accumulated": 3.0198348174657608,
            "Humidity": 3.627583292838364,
            "Wind_Speed_kmh": 0.21238901302089983,
            "Soil_Moisture": 213.59008471188733,
            "Soil_Temperature": 2.1294779487804427,
            "Wind_Dir_Sin": 0.22494061577528093,
            "Wind_Dir_Cos": 0.9012226739939482
        },
        "R2": {
            "Temperature": -1.167539223883376,
            "Precipitation_accumulated": -9.575049490135031,
            "Humidity": 0.5732259228830663,
            "Wind_Speed_kmh": 0.28873943310218153,
            "Soil_Moisture": 0.7390740682806616,
            "Soil_Temperature": -0.5904652058218345,
            "Wind_Dir_Sin": -0.017489357406784478,
            "Wind_Dir_Cos": -2.277065584175463
        },
        "SMAPE": {
            "Temperature": 33.41384708215726,
            "Precipitation_accumulated": 0.6591224046019699,
            "Humidity": 4.240921739786031,
            "Wind_Speed_kmh": 171.53493011832438,
            "Soil_Moisture": 3.4077548440706704,
            "Soil_Temperature": 34.5182270698002,
            "Wind_Dir_Sin": 171.07284720336776,
            "Wind_Dir_Cos": 169.96282744063987
        }
    }
}