{
    "trial_number": 63,
    "overall_mae_val": 0.07722154164602071,
    "xgb_params": {
        "n_estimators": 300,
        "max_depth": 4,
        "learning_rate": 0.022241196906389493,
        "min_child_weight": 5,
        "subsample": 0.6,
        "colsample_bytree": 0.8,
        "gamma": 0.0,
        "reg_alpha": 2.6140156214954814e-05,
        "reg_lambda": 0.2895170816608065,
        "n_jobs": -1
    },
    "metrics": {
        "MSE": {
            "Temperature": 1.8127139820808273,
            "Precipitation_accumulated": 21.304806350459867,
            "Humidity": 10.114946653620352,
            "Wind_Speed_kmh": 0.5510483982050537,
            "Soil_Moisture": 1332.242393299016,
            "Soil_Temperature": 0.5008443744294138,
            "Wind_Dir_Sin": 0.35880565351023697,
            "Wind_Dir_Cos": 0.3024672626171092
        },
        "RMSE": {
            "Temperature": 1.346370670387924,
            "Precipitation_accumulated": 4.615712983977651,
            "Humidity": 3.1804003920293358,
            "Wind_Speed_kmh": 0.7423263421198615,
            "Soil_Moisture": 36.49989579846792,
            "Soil_Temperature": 0.7077035922117492,
            "Wind_Dir_Sin": 0.5990038843866015,
            "Wind_Dir_Cos": 0.5499702379375717
        },
        "MAE": {
            "Temperature": 1.0069288057697203,
            "Precipitation_accumulated": 3.9959772864751164,
            "Humidity": 2.2782909807687086,
            "Wind_Speed_kmh": 0.5560500386165956,
            "Soil_Moisture": 24.024967032895635,
            "Soil_Temperature": 0.5053583517414868,
            "Wind_Dir_Sin": 0.4903250478738984,
            "Wind_Dir_Cos": 0.4431873515507817
        },
        "R2": {
            "Temperature": 0.9406600036404158,
            "Precipitation_accumulated": -5.142168148900375,
            "Humidity": 0.9310057178457359,
            "Wind_Speed_kmh": 0.5919341503251081,
            "Soil_Moisture": 0.9772276463258759,
            "Soil_Temperature": 0.969066917974297,
            "Wind_Dir_Sin": 0.34669074175173376,
            "Wind_Dir_Cos": 0.18022990885689472
        },
        "SMAPE": {
            "Temperature": 20.402109540002503,
            "Precipitation_accumulated": 0.8637656040483144,
            "Humidity": 2.749588534794732,
            "Wind_Speed_kmh": 57.227265874993535,
            "Soil_Moisture": 0.280177671256864,
            "Soil_Temperature": 8.4315352214286,
            "Wind_Dir_Sin": 97.89420002694963,
            "Wind_Dir_Cos": 108.67283058513289
        }
    }
}