{
    "trial_number": 16,
    "forecast_horizon": 4,
    "overall_smape_val": 50.70116680013539,
    "output_chunk_length": 9,
    "xgb_params": {
        "n_estimators": 300,
        "max_depth": 4,
        "learning_rate": 0.031690070978927856,
        "min_child_weight": 1,
        "subsample": 0.7,
        "colsample_bytree": 0.7,
        "gamma": 0.25,
        "reg_alpha": 0.0006913272359575027,
        "reg_lambda": 1.27252376231454e-05,
        "random_state": 42,
        "n_jobs": -1
    },
    "metrics": {
        "MSE": {
            "Temperature": 3.232662572209963,
            "Precipitation_accumulated": 11.747846582658623,
            "Humidity": 10.210125718605166,
            "Wind_Speed_kmh": 0.17379058229495256,
            "Soil_Moisture": 63415.39598621265,
            "Soil_Temperature": 2.1337449233907333,
            "Wind_Dir_Sin": 0.06401962364644867,
            "Wind_Dir_Cos": 0.04993947058915518
        },
        "RMSE": {
            "Temperature": 1.7979606703735105,
            "Precipitation_accumulated": 3.4275131776053938,
            "Humidity": 3.195328734043677,
            "Wind_Speed_kmh": 0.4168819764573093,
            "Soil_Moisture": 251.82413702068484,
            "Soil_Temperature": 1.4607343781094266,
            "Wind_Dir_Sin": 0.2530209944776296,
            "Wind_Dir_Cos": 0.22347140888524236
        },
        "MAE": {
            "Temperature": 1.4851097699972173,
            "Precipitation_accumulated": 3.2860908599086898,
            "Humidity": 2.164758158374241,
            "Wind_Speed_kmh": 0.20587650080859174,
            "Soil_Moisture": 187.52326915750712,
            "Soil_Temperature": 1.1216083136549087,
            "Wind_Dir_Sin": 0.11531287974790395,
            "Wind_Dir_Cos": 0.08988736431924368
        },
        "R2": {
            "Temperature": 0.049575766456504744,
            "Precipitation_accumulated": -11.373272926905718,
            "Humidity": 0.8430036139459263,
            "Wind_Speed_kmh": 0.4900259486567523,
            "Soil_Moisture": 0.9144118872732709,
            "Soil_Temperature": 0.6195531352115538,
            "Wind_Dir_Sin": 0.6019457279765623,
            "Wind_Dir_Cos": 0.8262462975669093
        },
        "SMAPE": {
            "Temperature": 23.727580807326344,
            "Precipitation_accumulated": 0.7174864827549715,
            "Humidity": 2.5619961998640868,
            "Wind_Speed_kmh": 169.4572100340092,
            "Soil_Moisture": 3.155869537790203,
            "Soil_Temperature": 24.252143751559966,
            "Wind_Dir_Sin": 155.5909817493507,
            "Wind_Dir_Cos": 26.146065838427894
        }
    }
}