{
    "trial_number": 18,
    "overall_smape_val": 41.92100170332397,
    "xgb_params": {
        "n_estimators": 250,
        "max_depth": 6,
        "learning_rate": 0.05166723810360007,
        "min_child_weight": 9,
        "subsample": 0.8,
        "colsample_bytree": 1.0,
        "gamma": 0.05,
        "reg_alpha": 0.04056987554837265,
        "reg_lambda": 0.09658098816848709,
        "random_state": 42,
        "n_jobs": -1
    },
    "metrics": {
        "MSE": {
            "Temperature": 0.4376571887710487,
            "Precipitation_accumulated": 4.575154059947897,
            "Humidity": 1.902586749882717,
            "Wind_Speed_kmh": 0.05115881346526487,
            "Soil_Moisture": 8436.255642216063,
            "Soil_Temperature": 0.1957626951742551,
            "Wind_Dir_Sin": 0.011961246621503123,
            "Wind_Dir_Cos": 0.010364714346596443
        },
        "RMSE": {
            "Temperature": 0.6615566406371027,
            "Precipitation_accumulated": 2.1389609767239555,
            "Humidity": 1.3793428688628209,
            "Wind_Speed_kmh": 0.22618314142584736,
            "Soil_Moisture": 91.84909167877527,
            "Soil_Temperature": 0.4424507827705304,
            "Wind_Dir_Sin": 0.10936748429722211,
            "Wind_Dir_Cos": 0.10180724113046401
        },
        "MAE": {
            "Temperature": 0.4134923453444636,
            "Precipitation_accumulated": 1.9042086247700418,
            "Humidity": 0.7557428028926285,
            "Wind_Speed_kmh": 0.08709173993006127,
            "Soil_Moisture": 29.167987162063497,
            "Soil_Temperature": 0.2807884438283951,
            "Wind_Dir_Sin": 0.04577380159526021,
            "Wind_Dir_Cos": 0.0383644424881191
        },
        "R2": {
            "Temperature": 0.8714416994898179,
            "Precipitation_accumulated": -3.8202971485592787,
            "Humidity": 0.970742329074272,
            "Wind_Speed_kmh": 0.8496691121899611,
            "Soil_Moisture": 0.9885991949175359,
            "Soil_Temperature": 0.9651184173631254,
            "Wind_Dir_Sin": 0.9255303069387422,
            "Wind_Dir_Cos": 0.963897707009079
        },
        "SMAPE": {
            "Temperature": 7.688737243355094,
            "Precipitation_accumulated": 0.41504578767830697,
            "Humidity": 0.9007722581731696,
            "Wind_Speed_kmh": 164.04161610636004,
            "Soil_Moisture": 0.4820585430880283,
            "Soil_Temperature": 11.734366729929626,
            "Wind_Dir_Sin": 134.01808155828684,
            "Wind_Dir_Cos": 16.08733539972029
        }
    }
}