{
    "trial_number": 21,
    "overall_smape_val": 36.79307901154522,
    "xgb_params": {
        "n_estimators": 150,
        "max_depth": 8,
        "learning_rate": 0.03797123756800626,
        "min_child_weight": 10,
        "subsample": 1.0,
        "colsample_bytree": 0.9,
        "gamma": 0.0,
        "reg_alpha": 0.050546673735584635,
        "reg_lambda": 0.022820543746834492,
        "random_state": 42,
        "n_jobs": -1
    },
    "metrics": {
        "MSE": {
            "Temperature": 0.12405770914427361,
            "Precipitation_accumulated": 0.8412569805849621,
            "Humidity": 1.000483445273054,
            "Wind_Speed_kmh": 0.012992820581100926,
            "Soil_Moisture": 4326.991745363386,
            "Soil_Temperature": 0.03702376763772858,
            "Wind_Dir_Sin": 0.009216752937916224,
            "Wind_Dir_Cos": 0.006183691168392691
        },
        "RMSE": {
            "Temperature": 0.35221826918016846,
            "Precipitation_accumulated": 0.917200621775281,
            "Humidity": 1.0002416934286702,
            "Wind_Speed_kmh": 0.11398605432727693,
            "Soil_Moisture": 65.77987340641046,
            "Soil_Temperature": 0.19241561173077557,
            "Wind_Dir_Sin": 0.09600392147155357,
            "Wind_Dir_Cos": 0.0786364493628285
        },
        "MAE": {
            "Temperature": 0.19345030932770868,
            "Precipitation_accumulated": 0.8965278322124761,
            "Humidity": 0.44918456919998784,
            "Wind_Speed_kmh": 0.048351825245688373,
            "Soil_Moisture": 14.281962407795023,
            "Soil_Temperature": 0.10107732746830068,
            "Wind_Dir_Sin": 0.03904062479580124,
            "Wind_Dir_Cos": 0.03063038042772146
        },
        "R2": {
            "Temperature": 0.9635590396731322,
            "Precipitation_accumulated": 0.11366730571572015,
            "Humidity": 0.9846147276016497,
            "Wind_Speed_kmh": 0.9618204152752757,
            "Soil_Moisture": 0.9941524781165403,
            "Soil_Temperature": 0.9934029943282385,
            "Wind_Dir_Sin": 0.9426172886466399,
            "Wind_Dir_Cos": 0.978461014663661
        },
        "SMAPE": {
            "Temperature": 3.520677544439487,
            "Precipitation_accumulated": 0.19524614145808616,
            "Humidity": 0.5357823831373105,
            "Wind_Speed_kmh": 139.7430639770687,
            "Soil_Moisture": 0.228593318676877,
            "Soil_Temperature": 6.426023337790818,
            "Wind_Dir_Sin": 131.05891825884066,
            "Wind_Dir_Cos": 12.63632713094938
        }
    }
}