{
    "trial_number": 30,
    "overall_mae_val": 0.12349073210786488,
    "output_chunk_length": 5,
    "xgb_params": {
        "n_estimators": 600,
        "max_depth": 3,
        "learning_rate": 0.030380889916774453,
        "min_child_weight": 9,
        "subsample": 0.6,
        "colsample_bytree": 1.0,
        "gamma": 0.3,
        "reg_alpha": 0.16056935517301849,
        "reg_lambda": 0.0009610669471034064,
        "n_jobs": -1
    },
    "metrics": {
        "MSE": {
            "Temperature": 17.791746938368906,
            "Precipitation_accumulated": 84.23553295718439,
            "Humidity": 90.14447374172849,
            "Wind_Speed_kmh": 1.5630722938194508,
            "Soil_Moisture": 4488.526857947311,
            "Soil_Temperature": 9.436712757127761,
            "Wind_Dir_Sin": 0.583263778446363,
            "Wind_Dir_Cos": 0.3775245084613255
        },
        "RMSE": {
            "Temperature": 4.218026426940555,
            "Precipitation_accumulated": 9.177991771470728,
            "Humidity": 9.494444361927057,
            "Wind_Speed_kmh": 1.2502288965703243,
            "Soil_Moisture": 66.99646899611434,
            "Soil_Temperature": 3.0719232993562455,
            "Wind_Dir_Sin": 0.763717080106477,
            "Wind_Dir_Cos": 0.614430230751487
        },
        "MAE": {
            "Temperature": 3.4504522594431406,
            "Precipitation_accumulated": 8.699049434575988,
            "Humidity": 7.828585339379042,
            "Wind_Speed_kmh": 0.9830096852254949,
            "Soil_Moisture": 39.6585168375129,
            "Soil_Temperature": 2.1943394014476403,
            "Wind_Dir_Sin": 0.6827034118348226,
            "Wind_Dir_Cos": 0.5235441189670096
        },
        "R2": {
            "Temperature": 0.4178043248035378,
            "Precipitation_accumulated": -23.141974223113102,
            "Humidity": 0.38528595890328476,
            "Wind_Speed_kmh": -0.1518790198466713,
            "Soil_Moisture": 0.9242219857625078,
            "Soil_Temperature": 0.41759767627136923,
            "Wind_Dir_Sin": -0.06381629055265425,
            "Wind_Dir_Cos": -0.019904797215917647
        },
        "SMAPE": {
            "Temperature": 47.48787237366167,
            "Precipitation_accumulated": 1.8910677572888648,
            "Humidity": 9.233497052585687,
            "Wind_Speed_kmh": 83.37710709382912,
            "Soil_Moisture": 0.4630871886411211,
            "Soil_Temperature": 30.48766478189556,
            "Wind_Dir_Sin": 148.79069014172435,
            "Wind_Dir_Cos": 129.9809923304916
        }
    }
}