{
    "trial_number": 46,
    "overall_mae_val": 0.07993399614362026,
    "output_chunk_length": 1,
    "xgb_params": {
        "n_estimators": 600,
        "max_depth": 5,
        "learning_rate": 0.01563221387374684,
        "min_child_weight": 8,
        "subsample": 0.7,
        "colsample_bytree": 0.8,
        "gamma": 0.1,
        "reg_alpha": 0.00025887491353189263,
        "reg_lambda": 0.13509527876161054,
        "n_jobs": -1
    },
    "metrics": {
        "MSE": {
            "Temperature": 2.807096351442571,
            "Precipitation_accumulated": 60.372838486160795,
            "Humidity": 11.610322049971984,
            "Wind_Speed_kmh": 0.5482830425448363,
            "Soil_Moisture": 1059.6547824258632,
            "Soil_Temperature": 0.7391762702207354,
            "Wind_Dir_Sin": 0.3609825062363219,
            "Wind_Dir_Cos": 0.30272180196730597
        },
        "RMSE": {
            "Temperature": 1.6754391518173888,
            "Precipitation_accumulated": 7.76999604157948,
            "Humidity": 3.4073922653507305,
            "Wind_Speed_kmh": 0.740461371406258,
            "Soil_Moisture": 32.55233912372294,
            "Soil_Temperature": 0.8597536101818564,
            "Wind_Dir_Sin": 0.60081819732455,
            "Wind_Dir_Cos": 0.5502016012038733
        },
        "MAE": {
            "Temperature": 1.298691800209765,
            "Precipitation_accumulated": 7.427120194253215,
            "Humidity": 2.72285501871942,
            "Wind_Speed_kmh": 0.5533256399057861,
            "Soil_Moisture": 19.98787965908679,
            "Soil_Temperature": 0.5802824258590243,
            "Wind_Dir_Sin": 0.4917046840676797,
            "Wind_Dir_Cos": 0.4440188873914558
        },
        "R2": {
            "Temperature": 0.9081328683485803,
            "Precipitation_accumulated": -16.277640243649305,
            "Humidity": 0.9208318666968498,
            "Wind_Speed_kmh": 0.5958225663582722,
            "Soil_Moisture": 0.9821697283210377,
            "Soil_Temperature": 0.9543821941379015,
            "Wind_Dir_Sin": 0.34166286807371904,
            "Wind_Dir_Cos": 0.18213320472312478
        },
        "SMAPE": {
            "Temperature": 26.48742849486835,
            "Precipitation_accumulated": 1.6115571104872433,
            "Humidity": 3.174233619104728,
            "Wind_Speed_kmh": 57.47331354204025,
            "Soil_Moisture": 0.23391262842726693,
            "Soil_Temperature": 10.223098330400246,
            "Wind_Dir_Sin": 98.2089985632545,
            "Wind_Dir_Cos": 108.86112741600695
        }
    }
}