{
    "trial_number": 62,
    "overall_mae_val": 0.07783519789748883,
    "xgb_params": {
        "n_estimators": 350,
        "max_depth": 4,
        "learning_rate": 0.0201618026070411,
        "min_child_weight": 6,
        "subsample": 0.6,
        "colsample_bytree": 0.8,
        "gamma": 0.0,
        "reg_alpha": 1.3963412110282465e-05,
        "reg_lambda": 0.2062384649074061,
        "n_jobs": -1
    },
    "metrics": {
        "MSE": {
            "Temperature": 1.9155074797168832,
            "Precipitation_accumulated": 19.457093186872953,
            "Humidity": 10.550037481159091,
            "Wind_Speed_kmh": 0.5470063439429476,
            "Soil_Moisture": 1660.4381886641156,
            "Soil_Temperature": 0.55956860757651,
            "Wind_Dir_Sin": 0.36490210021933234,
            "Wind_Dir_Cos": 0.3006867847989807
        },
        "RMSE": {
            "Temperature": 1.3840185980386546,
            "Precipitation_accumulated": 4.411019517852188,
            "Humidity": 3.2480821235244486,
            "Wind_Speed_kmh": 0.7395987722697676,
            "Soil_Moisture": 40.74847467898787,
            "Soil_Temperature": 0.7480431856360367,
            "Wind_Dir_Sin": 0.6040712708110959,
            "Wind_Dir_Cos": 0.5483491449787997
        },
        "MAE": {
            "Temperature": 1.0309511765797248,
            "Precipitation_accumulated": 3.747343821218633,
            "Humidity": 2.2837984447133066,
            "Wind_Speed_kmh": 0.5564943372348728,
            "Soil_Moisture": 28.22602649832388,
            "Soil_Temperature": 0.5616987944111004,
            "Wind_Dir_Sin": 0.49963006893000594,
            "Wind_Dir_Cos": 0.4391444231980809
        },
        "R2": {
            "Temperature": 0.9372839587431064,
            "Precipitation_accumulated": -4.6178593084605755,
            "Humidity": 0.9280330055718463,
            "Wind_Speed_kmh": 0.5948857840199341,
            "Soil_Moisture": 0.9715285568176503,
            "Soil_Temperature": 0.965427746100922,
            "Wind_Dir_Sin": 0.33586119125029246,
            "Wind_Dir_Cos": 0.18418565295544587
        },
        "SMAPE": {
            "Temperature": 20.682554351148912,
            "Precipitation_accumulated": 0.8099500613303253,
            "Humidity": 2.7629782786689137,
            "Wind_Speed_kmh": 57.238802520476014,
            "Soil_Moisture": 0.3290234843327133,
            "Soil_Temperature": 10.24550949214713,
            "Wind_Dir_Sin": 100.2668571128925,
            "Wind_Dir_Cos": 107.26566439509823
        }
    }
}