{
    "trial_number": 44,
    "forecast_horizon": 4,
    "overall_smape_val": 42.410532002776435,
    "output_chunk_length": 9,
    "xgb_params": {
        "n_estimators": 350,
        "max_depth": 5,
        "learning_rate": 0.03664472107633931,
        "min_child_weight": 3,
        "subsample": 1.0,
        "colsample_bytree": 0.6,
        "gamma": 0.0,
        "reg_alpha": 0.0013459787669467661,
        "reg_lambda": 0.0022818256772977946,
        "random_state": 42,
        "n_jobs": -1
    },
    "metrics": {
        "MSE": {
            "Temperature": 0.518313562891421,
            "Precipitation_accumulated": 0.013254446522784086,
            "Humidity": 3.4637526017181623,
            "Wind_Speed_kmh": 0.021671970166063453,
            "Soil_Moisture": 5031.324001947554,
            "Soil_Temperature": 0.2062811276717781,
            "Wind_Dir_Sin": 0.036053070749275766,
            "Wind_Dir_Cos": 0.022999861549360255
        },
        "RMSE": {
            "Temperature": 0.7199399717277969,
            "Precipitation_accumulated": 0.11512795717280876,
            "Humidity": 1.8611159560108452,
            "Wind_Speed_kmh": 0.14721402842821554,
            "Soil_Moisture": 70.93182643882473,
            "Soil_Temperature": 0.45418182226040055,
            "Wind_Dir_Sin": 0.18987646180945064,
            "Wind_Dir_Cos": 0.1516570524221022
        },
        "MAE": {
            "Temperature": 0.42817219929725164,
            "Precipitation_accumulated": 0.08892867662937247,
            "Humidity": 0.9899891773250336,
            "Wind_Speed_kmh": 0.059780874189351504,
            "Soil_Moisture": 22.45812025623803,
            "Soil_Temperature": 0.319681130035129,
            "Wind_Dir_Sin": 0.0838740853511646,
            "Wind_Dir_Cos": 0.05956372987604176
        },
        "R2": {
            "Temperature": 0.8476123753276525,
            "Precipitation_accumulated": 0.9860399194722571,
            "Humidity": 0.9467394765116137,
            "Wind_Speed_kmh": 0.9364054007977257,
            "Soil_Moisture": 0.9932095113631868,
            "Soil_Temperature": 0.963220060923195,
            "Wind_Dir_Sin": 0.7758331271897667,
            "Wind_Dir_Cos": 0.919976902988682
        },
        "SMAPE": {
            "Temperature": 6.953570085879411,
            "Precipitation_accumulated": 0.01936941940944036,
            "Humidity": 1.177461074661257,
            "Wind_Speed_kmh": 152.80226287211116,
            "Soil_Moisture": 0.3470699700018843,
            "Soil_Temperature": 9.586816775744785,
            "Wind_Dir_Sin": 148.09559025492013,
            "Wind_Dir_Cos": 20.302115569482897
        }
    }
}