{
    "trial_number": 36,
    "overall_mae_val": 0.07939150337893797,
    "xgb_params": {
        "n_estimators": 250,
        "max_depth": 3,
        "learning_rate": 0.029454085506708243,
        "min_child_weight": 7,
        "subsample": 0.7,
        "colsample_bytree": 0.7,
        "gamma": 0.1,
        "reg_alpha": 7.645452635243285e-05,
        "reg_lambda": 0.0721676554865393,
        "n_jobs": -1
    },
    "metrics": {
        "MSE": {
            "Temperature": 2.847234902655666,
            "Precipitation_accumulated": 60.503115024304776,
            "Humidity": 11.265745665972467,
            "Wind_Speed_kmh": 0.5466564291363375,
            "Soil_Moisture": 916.6941338421009,
            "Soil_Temperature": 0.6180838053462665,
            "Wind_Dir_Sin": 0.3567229025160084,
            "Wind_Dir_Cos": 0.29943969759414873
        },
        "RMSE": {
            "Temperature": 1.6873751517240219,
            "Precipitation_accumulated": 7.778374831820898,
            "Humidity": 3.356448370818843,
            "Wind_Speed_kmh": 0.7393621772422075,
            "Soil_Moisture": 30.27695714305024,
            "Soil_Temperature": 0.7861830609637087,
            "Wind_Dir_Sin": 0.597262842068723,
            "Wind_Dir_Cos": 0.5472108346827105
        },
        "MAE": {
            "Temperature": 1.3123598117094775,
            "Precipitation_accumulated": 7.45680102452964,
            "Humidity": 2.675087242601774,
            "Wind_Speed_kmh": 0.5520089294262812,
            "Soil_Moisture": 16.933190707910267,
            "Soil_Temperature": 0.5800337734549397,
            "Wind_Dir_Sin": 0.48504829131001365,
            "Wind_Dir_Cos": 0.4439943617311746
        },
        "R2": {
            "Temperature": 0.9068360143025932,
            "Precipitation_accumulated": -16.365712686535574,
            "Humidity": 0.9231715190057829,
            "Wind_Speed_kmh": 0.5973511516394667,
            "Soil_Moisture": 0.984473998423076,
            "Soil_Temperature": 0.9618511343092355,
            "Wind_Dir_Sin": 0.3497058208016971,
            "Wind_Dir_Cos": 0.19095606443472612
        },
        "SMAPE": {
            "Temperature": 26.154973957822428,
            "Precipitation_accumulated": 1.6179640118479077,
            "Humidity": 3.1306990954066958,
            "Wind_Speed_kmh": 57.25760373748911,
            "Soil_Moisture": 0.19857488979944288,
            "Soil_Temperature": 10.592050682928102,
            "Wind_Dir_Sin": 96.89209862934615,
            "Wind_Dir_Cos": 109.68262778409266
        }
    }
}