{
    "trial_number": 31,
    "overall_mae_val": 0.07652578669469061,
    "xgb_params": {
        "n_estimators": 350,
        "max_depth": 3,
        "learning_rate": 0.02579045701675244,
        "min_child_weight": 4,
        "subsample": 0.6,
        "colsample_bytree": 0.8,
        "gamma": 0.0,
        "reg_alpha": 3.443369534523024e-05,
        "reg_lambda": 0.22165364287492823,
        "n_jobs": -1
    },
    "metrics": {
        "MSE": {
            "Temperature": 1.8609038561970845,
            "Precipitation_accumulated": 22.318967718314454,
            "Humidity": 10.335391133388583,
            "Wind_Speed_kmh": 0.5546061951968769,
            "Soil_Moisture": 1185.022944913289,
            "Soil_Temperature": 0.45513036075145274,
            "Wind_Dir_Sin": 0.3561913832658942,
            "Wind_Dir_Cos": 0.30434933008118814
        },
        "RMSE": {
            "Temperature": 1.364149499210803,
            "Precipitation_accumulated": 4.724295473222908,
            "Humidity": 3.214870313618978,
            "Wind_Speed_kmh": 0.7447188699078847,
            "Soil_Moisture": 34.42416222529299,
            "Soil_Temperature": 0.6746335010592438,
            "Wind_Dir_Sin": 0.5968177135992985,
            "Wind_Dir_Cos": 0.551678647476217
        },
        "MAE": {
            "Temperature": 1.0286478775603134,
            "Precipitation_accumulated": 4.115440633274623,
            "Humidity": 2.3236906183786714,
            "Wind_Speed_kmh": 0.5557161831150578,
            "Soil_Moisture": 20.65008619806102,
            "Soil_Temperature": 0.485456469792283,
            "Wind_Dir_Sin": 0.4799258465525981,
            "Wind_Dir_Cos": 0.4421096415687366
        },
        "R2": {
            "Temperature": 0.9390824867332285,
            "Precipitation_accumulated": -5.434550513190076,
            "Humidity": 0.929502061014186,
            "Wind_Speed_kmh": 0.5892995079648942,
            "Soil_Moisture": 0.9797441053150298,
            "Soil_Temperature": 0.971890300659658,
            "Wind_Dir_Sin": 0.351450775317212,
            "Wind_Dir_Cos": 0.1751289845346531
        },
        "SMAPE": {
            "Temperature": 20.466224870343375,
            "Precipitation_accumulated": 0.8892690763767532,
            "Humidity": 2.8060865569404907,
            "Wind_Speed_kmh": 57.51015770992309,
            "Soil_Moisture": 0.24128852038989476,
            "Soil_Temperature": 8.7172748042298,
            "Wind_Dir_Sin": 94.78213441440961,
            "Wind_Dir_Cos": 107.93801935452942
        }
    }
}