{
    "trial_number": 8,
    "overall_mae_val": 0.1247998923920585,
    "output_chunk_length": 14,
    "xgb_params": {
        "n_estimators": 200,
        "max_depth": 3,
        "learning_rate": 0.11266488559795342,
        "min_child_weight": 6,
        "subsample": 1.0,
        "colsample_bytree": 0.8,
        "gamma": 0.15000000000000002,
        "reg_alpha": 0.02665579457091605,
        "reg_lambda": 0.2314382392855776,
        "n_jobs": -1
    },
    "metrics": {
        "MSE": {
            "Temperature": 11.158897425799656,
            "Precipitation_accumulated": 57.05668130844391,
            "Humidity": 100.65107203162444,
            "Wind_Speed_kmh": 1.3190086108806056,
            "Soil_Moisture": 36750.6912430798,
            "Soil_Temperature": 7.263272935194229,
            "Wind_Dir_Sin": 0.6233088227886118,
            "Wind_Dir_Cos": 0.3878492885106352
        },
        "RMSE": {
            "Temperature": 3.3404935901449737,
            "Precipitation_accumulated": 7.5535873138823195,
            "Humidity": 10.032500786524984,
            "Wind_Speed_kmh": 1.1484810015322873,
            "Soil_Moisture": 191.7046980203662,
            "Soil_Temperature": 2.6950459987158344,
            "Wind_Dir_Sin": 0.7894990961290658,
            "Wind_Dir_Cos": 0.6227754719886094
        },
        "MAE": {
            "Temperature": 2.702591554065547,
            "Precipitation_accumulated": 7.313247503115938,
            "Humidity": 8.144724604401388,
            "Wind_Speed_kmh": 0.9029729043050689,
            "Soil_Moisture": 162.17586907572328,
            "Soil_Temperature": 2.211374078441967,
            "Wind_Dir_Sin": 0.6988053345386271,
            "Wind_Dir_Cos": 0.5322463172938785
        },
        "R2": {
            "Temperature": 0.6334989770380364,
            "Precipitation_accumulated": -15.624680425576106,
            "Humidity": 0.3131129176134213,
            "Wind_Speed_kmh": 0.02272277429960301,
            "Soil_Moisture": 0.35767789431682906,
            "Soil_Temperature": 0.5494078002331915,
            "Wind_Dir_Sin": -0.13223456294791425,
            "Wind_Dir_Cos": -0.05775463523966562
        },
        "SMAPE": {
            "Temperature": 40.32073388984431,
            "Precipitation_accumulated": 1.586233526395723,
            "Humidity": 9.591825431488624,
            "Wind_Speed_kmh": 75.39279092307005,
            "Soil_Moisture": 1.899793711769931,
            "Soil_Temperature": 39.17627755081222,
            "Wind_Dir_Sin": 147.72316912824155,
            "Wind_Dir_Cos": 134.620472050991
        }
    }
}