{
    "trial_number": 38,
    "overall_mae_val": 0.08222714241299255,
    "xgb_params": {
        "n_estimators": 350,
        "max_depth": 4,
        "learning_rate": 0.014276898872182718,
        "min_child_weight": 9,
        "subsample": 0.6,
        "colsample_bytree": 0.7,
        "gamma": 0.15000000000000002,
        "reg_alpha": 2.0888578685090573e-05,
        "reg_lambda": 0.24032752024301274,
        "n_jobs": -1
    },
    "metrics": {
        "MSE": {
            "Temperature": 3.668129842979931,
            "Precipitation_accumulated": 172.03339382429075,
            "Humidity": 13.988451193713326,
            "Wind_Speed_kmh": 0.5668209811277917,
            "Soil_Moisture": 1322.007385694867,
            "Soil_Temperature": 0.8417438374435746,
            "Wind_Dir_Sin": 0.3561115498381317,
            "Wind_Dir_Cos": 0.3033591674629681
        },
        "RMSE": {
            "Temperature": 1.9152362368595501,
            "Precipitation_accumulated": 13.116150114431091,
            "Humidity": 3.740113794219813,
            "Wind_Speed_kmh": 0.7528751431198879,
            "Soil_Moisture": 36.35941949061986,
            "Soil_Temperature": 0.9174659870772184,
            "Wind_Dir_Sin": 0.5967508272622097,
            "Wind_Dir_Cos": 0.5507805075190734
        },
        "MAE": {
            "Temperature": 1.4652964536675088,
            "Precipitation_accumulated": 12.502851740741336,
            "Humidity": 3.104841621477316,
            "Wind_Speed_kmh": 0.559064032233204,
            "Soil_Moisture": 24.35098268873834,
            "Soil_Temperature": 0.6935651895672753,
            "Wind_Dir_Sin": 0.47941459627533084,
            "Wind_Dir_Cos": 0.4452012713252625
        },
        "R2": {
            "Temperature": 0.8794431883205057,
            "Precipitation_accumulated": -47.386377835308195,
            "Humidity": 0.9042121236622449,
            "Wind_Speed_kmh": 0.5795538876846293,
            "Soil_Moisture": 0.9786063952916241,
            "Soil_Temperature": 0.9481680490740426,
            "Wind_Dir_Sin": 0.3497387159659239,
            "Wind_Dir_Cos": 0.18125282859043523
        },
        "SMAPE": {
            "Temperature": 28.576594059937342,
            "Precipitation_accumulated": 2.729340076170581,
            "Humidity": 3.580068366859596,
            "Wind_Speed_kmh": 58.03551054747396,
            "Soil_Moisture": 0.2845230004235514,
            "Soil_Temperature": 13.589772761759674,
            "Wind_Dir_Sin": 95.69358606930446,
            "Wind_Dir_Cos": 109.52842610198454
        }
    }
}