{
    "trial_number": 1,
    "overall_mae_val": 0.13619483404911095,
    "output_chunk_length": 7,
    "xgb_params": {
        "n_estimators": 150,
        "max_depth": 8,
        "learning_rate": 0.013094316669732781,
        "min_child_weight": 6,
        "subsample": 1.0,
        "colsample_bytree": 1.0,
        "gamma": 0.15000000000000002,
        "reg_alpha": 0.0029844990648053697,
        "reg_lambda": 0.00850717668386233,
        "n_jobs": -1
    },
    "metrics": {
        "MSE": {
            "Temperature": 13.01825443866282,
            "Precipitation_accumulated": 1606.8915743317405,
            "Humidity": 104.38604048625763,
            "Wind_Speed_kmh": 1.2704254845485907,
            "Soil_Moisture": 52336.178375085416,
            "Soil_Temperature": 5.270391928660634,
            "Wind_Dir_Sin": 0.6316931240594369,
            "Wind_Dir_Cos": 0.37367180687179613
        },
        "RMSE": {
            "Temperature": 3.6080818226119566,
            "Precipitation_accumulated": 40.08605211706112,
            "Humidity": 10.216948687659032,
            "Wind_Speed_kmh": 1.127131529391575,
            "Soil_Moisture": 228.77101734067062,
            "Soil_Temperature": 2.2957334184657925,
            "Wind_Dir_Sin": 0.7947912455855543,
            "Wind_Dir_Cos": 0.6112870085907242
        },
        "MAE": {
            "Temperature": 2.9353075067510397,
            "Precipitation_accumulated": 40.04080292352315,
            "Humidity": 8.57738971298573,
            "Wind_Speed_kmh": 0.9092811117938372,
            "Soil_Moisture": 211.96813577577987,
            "Soil_Temperature": 1.9088521179733293,
            "Wind_Dir_Sin": 0.7179219006499258,
            "Wind_Dir_Cos": 0.5194979354538202
        },
        "R2": {
            "Temperature": 0.5724316920977712,
            "Precipitation_accumulated": -467.9242708115401,
            "Humidity": 0.2875702438154393,
            "Wind_Speed_kmh": 0.05839404888353594,
            "Soil_Moisture": 0.08186015596083773,
            "Soil_Temperature": 0.6727929078784536,
            "Wind_Dir_Sin": -0.1471783503620543,
            "Wind_Dir_Cos": -0.01977230665113372
        },
        "SMAPE": {
            "Temperature": 42.700061835207386,
            "Precipitation_accumulated": 9.008141465195818,
            "Humidity": 10.048947505754391,
            "Wind_Speed_kmh": 74.186509593393,
            "Soil_Moisture": 2.49142195406004,
            "Soil_Temperature": 30.4307070154031,
            "Wind_Dir_Sin": 159.40127087949818,
            "Wind_Dir_Cos": 130.18578234247562
        }
    }
}