{
    "trial_number": 54,
    "overall_mae_val": 0.07732755306905312,
    "xgb_params": {
        "n_estimators": 400,
        "max_depth": 3,
        "learning_rate": 0.030868213067350186,
        "min_child_weight": 5,
        "subsample": 0.6,
        "colsample_bytree": 0.8,
        "gamma": 0.0,
        "reg_alpha": 4.245943708929846e-05,
        "reg_lambda": 0.27700445236843735,
        "n_jobs": -1
    },
    "metrics": {
        "MSE": {
            "Temperature": 1.9363724419789894,
            "Precipitation_accumulated": 20.869443179498525,
            "Humidity": 10.915927164912333,
            "Wind_Speed_kmh": 0.5521643646141791,
            "Soil_Moisture": 1727.928899741594,
            "Soil_Temperature": 0.4923889856257787,
            "Wind_Dir_Sin": 0.36243425808564805,
            "Wind_Dir_Cos": 0.30902533284319544
        },
        "RMSE": {
            "Temperature": 1.3915360009640387,
            "Precipitation_accumulated": 4.568308568770123,
            "Humidity": 3.3039260229176337,
            "Wind_Speed_kmh": 0.7430776302743739,
            "Soil_Moisture": 41.56836416966145,
            "Soil_Temperature": 0.7017043434565434,
            "Wind_Dir_Sin": 0.6020251307758241,
            "Wind_Dir_Cos": 0.5559004702671112
        },
        "MAE": {
            "Temperature": 1.0419979862168618,
            "Precipitation_accumulated": 3.912617066891036,
            "Humidity": 2.3530922128780563,
            "Wind_Speed_kmh": 0.5556486149702056,
            "Soil_Moisture": 28.064295880508467,
            "Soil_Temperature": 0.5437291391604362,
            "Wind_Dir_Sin": 0.4867855710791679,
            "Wind_Dir_Cos": 0.4419495861276069
        },
        "R2": {
            "Temperature": 0.9366008145382886,
            "Precipitation_accumulated": -5.025648050420698,
            "Humidity": 0.9255370920853764,
            "Wind_Speed_kmh": 0.5910657414859248,
            "Soil_Moisture": 0.9703712972708045,
            "Soil_Temperature": 0.9695783559018966,
            "Wind_Dir_Sin": 0.3403527788127162,
            "Wind_Dir_Cos": 0.16156175502611536
        },
        "SMAPE": {
            "Temperature": 20.47471865458645,
            "Precipitation_accumulated": 0.8455697534145293,
            "Humidity": 2.8398230560638225,
            "Wind_Speed_kmh": 57.78747485357255,
            "Soil_Moisture": 0.32679463153173655,
            "Soil_Temperature": 10.502805796208813,
            "Wind_Dir_Sin": 96.60831465571898,
            "Wind_Dir_Cos": 106.86539567794183
        }
    }
}