{
    "trial_number": 24,
    "overall_mae_val": 0.1311479270315022,
    "output_chunk_length": 6,
    "xgb_params": {
        "n_estimators": 550,
        "max_depth": 5,
        "learning_rate": 0.13795836023382355,
        "min_child_weight": 8,
        "subsample": 0.7,
        "colsample_bytree": 1.0,
        "gamma": 0.3,
        "reg_alpha": 0.1545925742186565,
        "reg_lambda": 0.0002898871921339309,
        "n_jobs": -1
    },
    "metrics": {
        "MSE": {
            "Temperature": 24.37849834479912,
            "Precipitation_accumulated": 75.02519339571123,
            "Humidity": 138.00641975031252,
            "Wind_Speed_kmh": 1.7218387261954278,
            "Soil_Moisture": 11464.439275808189,
            "Soil_Temperature": 9.08035156213032,
            "Wind_Dir_Sin": 0.6083940648976924,
            "Wind_Dir_Cos": 0.3878136384013427
        },
        "RMSE": {
            "Temperature": 4.937458692971428,
            "Precipitation_accumulated": 8.66170845709501,
            "Humidity": 11.747613364011965,
            "Wind_Speed_kmh": 1.3121885254015246,
            "Soil_Moisture": 107.07212184228062,
            "Soil_Temperature": 3.013362169094568,
            "Wind_Dir_Sin": 0.7799961954379601,
            "Wind_Dir_Cos": 0.6227468493708681
        },
        "MAE": {
            "Temperature": 3.931496254376194,
            "Precipitation_accumulated": 8.456988838131666,
            "Humidity": 9.591333564859347,
            "Wind_Speed_kmh": 1.030666130007924,
            "Soil_Moisture": 87.34597529844659,
            "Soil_Temperature": 2.220725493623427,
            "Wind_Dir_Sin": 0.6978584431294883,
            "Wind_Dir_Cos": 0.5302484279286369
        },
        "R2": {
            "Temperature": 0.20167755386699082,
            "Precipitation_accumulated": -20.408041922633423,
            "Humidity": 0.0590742027857718,
            "Wind_Speed_kmh": -0.27048597225334103,
            "Soil_Moisture": 0.8083561098037716,
            "Soil_Temperature": 0.43957219698149474,
            "Wind_Dir_Sin": -0.1085165197476452,
            "Wind_Dir_Cos": -0.0477697785096427
        },
        "SMAPE": {
            "Temperature": 52.49284939128233,
            "Precipitation_accumulated": 1.8367888707675584,
            "Humidity": 11.406142255518128,
            "Wind_Speed_kmh": 87.53538347313584,
            "Soil_Moisture": 1.0243827927034157,
            "Soil_Temperature": 33.7117990005455,
            "Wind_Dir_Sin": 151.4587475261084,
            "Wind_Dir_Cos": 134.74934292494157
        }
    }
}