{
    "trial_number": 5,
    "overall_mae_val": 0.0810899163249097,
    "output_chunk_length": 1,
    "xgb_params": {
        "n_estimators": 550,
        "max_depth": 4,
        "learning_rate": 0.06333733368865932,
        "min_child_weight": 8,
        "subsample": 0.8,
        "colsample_bytree": 1.0,
        "gamma": 0.2,
        "reg_alpha": 0.3556391193067269,
        "reg_lambda": 0.00783728040303095,
        "n_jobs": -1
    },
    "metrics": {
        "MSE": {
            "Temperature": 3.7410730336920315,
            "Precipitation_accumulated": 66.03373029347514,
            "Humidity": 12.690742259713787,
            "Wind_Speed_kmh": 0.5425783329309646,
            "Soil_Moisture": 1169.490225335604,
            "Soil_Temperature": 0.7787145681417154,
            "Wind_Dir_Sin": 0.36144145062079663,
            "Wind_Dir_Cos": 0.30909538120484703
        },
        "RMSE": {
            "Temperature": 1.9341853669418636,
            "Precipitation_accumulated": 8.12611409552408,
            "Humidity": 3.562406807161948,
            "Wind_Speed_kmh": 0.7365991670718646,
            "Soil_Moisture": 34.197810241821095,
            "Soil_Temperature": 0.8824480540755446,
            "Wind_Dir_Sin": 0.6012000088329978,
            "Wind_Dir_Cos": 0.5559634711065531
        },
        "MAE": {
            "Temperature": 1.4754703770008835,
            "Precipitation_accumulated": 7.887126567919263,
            "Humidity": 2.976531796879649,
            "Wind_Speed_kmh": 0.5464239980988146,
            "Soil_Moisture": 22.99814637361747,
            "Soil_Temperature": 0.6499927638194748,
            "Wind_Dir_Sin": 0.4858339562551534,
            "Wind_Dir_Cos": 0.4488161616807719
        },
        "R2": {
            "Temperature": 0.8774374751784824,
            "Precipitation_accumulated": -17.81470010190427,
            "Humidity": 0.9134609312704798,
            "Wind_Speed_kmh": 0.5994285162945119,
            "Soil_Moisture": 0.980514841808041,
            "Soil_Temperature": 0.9519335923018979,
            "Wind_Dir_Sin": 0.34190552920662187,
            "Wind_Dir_Cos": 0.16496348734689892
        },
        "SMAPE": {
            "Temperature": 28.94964171801743,
            "Precipitation_accumulated": 1.711961460840075,
            "Humidity": 3.423146273570185,
            "Wind_Speed_kmh": 57.38302012168166,
            "Soil_Moisture": 0.2690407146653473,
            "Soil_Temperature": 13.39066259967028,
            "Wind_Dir_Sin": 96.56584383367309,
            "Wind_Dir_Cos": 110.1490494651791
        }
    }
}