{
    "trial_number": 13,
    "overall_smape_val": 41.697083661531195,
    "xgb_params": {
        "n_estimators": 250,
        "max_depth": 7,
        "learning_rate": 0.07819994495562582,
        "min_child_weight": 8,
        "subsample": 0.9,
        "colsample_bytree": 0.9,
        "gamma": 0.05,
        "reg_alpha": 0.011443037434732519,
        "reg_lambda": 0.060611681975488,
        "random_state": 42,
        "n_jobs": -1
    },
    "metrics": {
        "MSE": {
            "Temperature": 0.4069366436250307,
            "Precipitation_accumulated": 4.511397567721936,
            "Humidity": 1.7999271195451692,
            "Wind_Speed_kmh": 0.04579486156529842,
            "Soil_Moisture": 7982.14377106627,
            "Soil_Temperature": 0.1883272142218582,
            "Wind_Dir_Sin": 0.00894757264497054,
            "Wind_Dir_Cos": 0.008106284502785058
        },
        "RMSE": {
            "Temperature": 0.6379158593615859,
            "Precipitation_accumulated": 2.1240050771412804,
            "Humidity": 1.3416136252830653,
            "Wind_Speed_kmh": 0.21399734008930676,
            "Soil_Moisture": 89.34284398353496,
            "Soil_Temperature": 0.4339668353939713,
            "Wind_Dir_Sin": 0.09459160980219408,
            "Wind_Dir_Cos": 0.09003490713487218
        },
        "MAE": {
            "Temperature": 0.3906618084184619,
            "Precipitation_accumulated": 1.8873934392231668,
            "Humidity": 0.714540773619005,
            "Wind_Speed_kmh": 0.08492489954594686,
            "Soil_Moisture": 29.163019298067574,
            "Soil_Temperature": 0.27813003487705396,
            "Wind_Dir_Sin": 0.04110848197057901,
            "Wind_Dir_Cos": 0.035889143116741615
        },
        "R2": {
            "Temperature": 0.8804656140422289,
            "Precipitation_accumulated": -3.753124495212073,
            "Humidity": 0.9723210122444129,
            "Wind_Speed_kmh": 0.8654311597565998,
            "Soil_Moisture": 0.9892128843489827,
            "Soil_Temperature": 0.9664432936019567,
            "Wind_Dir_Sin": 0.9442931820069329,
            "Wind_Dir_Cos": 0.9717642524047553
        },
        "SMAPE": {
            "Temperature": 7.340667454558932,
            "Precipitation_accumulated": 0.41137117958464525,
            "Humidity": 0.8468665416415548,
            "Wind_Speed_kmh": 165.0417736131026,
            "Soil_Moisture": 0.4818214579542525,
            "Soil_Temperature": 11.57347264907003,
            "Wind_Dir_Sin": 132.53631616658603,
            "Wind_Dir_Cos": 15.344380229751966
        }
    }
}