{
    "trial_number": 38,
    "overall_smape_val": 42.57338874314554,
    "xgb_params": {
        "n_estimators": 250,
        "max_depth": 7,
        "learning_rate": 0.07516894124786752,
        "min_child_weight": 5,
        "subsample": 0.7,
        "colsample_bytree": 0.7,
        "gamma": 0.1,
        "reg_alpha": 0.0021590862599256697,
        "reg_lambda": 0.002602095266935932,
        "random_state": 42,
        "n_jobs": -1
    },
    "metrics": {
        "MSE": {
            "Temperature": 0.5629839718210087,
            "Precipitation_accumulated": 6.562564941710672,
            "Humidity": 2.2611199248472316,
            "Wind_Speed_kmh": 0.05525872075009426,
            "Soil_Moisture": 8537.012551444244,
            "Soil_Temperature": 0.30139037670289753,
            "Wind_Dir_Sin": 0.010916905111574279,
            "Wind_Dir_Cos": 0.009626095950972092
        },
        "RMSE": {
            "Temperature": 0.7503225785094093,
            "Precipitation_accumulated": 2.561750366782578,
            "Humidity": 1.5037020731671655,
            "Wind_Speed_kmh": 0.23507173532795103,
            "Soil_Moisture": 92.39595527643104,
            "Soil_Temperature": 0.548990324780772,
            "Wind_Dir_Sin": 0.10448399452344019,
            "Wind_Dir_Cos": 0.09811266967610295
        },
        "MAE": {
            "Temperature": 0.484824914984574,
            "Precipitation_accumulated": 2.369265997816917,
            "Humidity": 0.8679444622075417,
            "Wind_Speed_kmh": 0.0949070070886448,
            "Soil_Moisture": 40.230995023514005,
            "Soil_Temperature": 0.31542129920549666,
            "Wind_Dir_Sin": 0.046884386005567553,
            "Wind_Dir_Cos": 0.03838076011670016
        },
        "R2": {
            "Temperature": 0.8346279588483047,
            "Precipitation_accumulated": -5.914196256841085,
            "Humidity": 0.9652288639722394,
            "Wind_Speed_kmh": 0.8376214773775211,
            "Soil_Moisture": 0.9884630314427031,
            "Soil_Temperature": 0.9462973610903604,
            "Wind_Dir_Sin": 0.9320322873891509,
            "Wind_Dir_Cos": 0.9664704569021882
        },
        "SMAPE": {
            "Temperature": 8.96833474195935,
            "Precipitation_accumulated": 0.5167278034371816,
            "Humidity": 1.0224061613920405,
            "Wind_Speed_kmh": 166.94999488128497,
            "Soil_Moisture": 0.6727818048370444,
            "Soil_Temperature": 12.529178183597622,
            "Wind_Dir_Sin": 133.9151681184486,
            "Wind_Dir_Cos": 16.01251825020717
        }
    }
}