{
    "trial_number": 18,
    "forecast_horizon": 3,
    "overall_smape_val": 50.66740298371815,
    "output_chunk_length": 1,
    "xgb_params": {
        "n_estimators": 350,
        "max_depth": 6,
        "learning_rate": 0.052520083862977886,
        "min_child_weight": 5,
        "subsample": 0.7,
        "colsample_bytree": 0.6,
        "gamma": 0.3,
        "reg_alpha": 0.0007923380251202294,
        "reg_lambda": 0.0003886904307286657,
        "random_state": 42,
        "n_jobs": -1
    },
    "metrics": {
        "MSE": {
            "Temperature": 2.6187676876057804,
            "Precipitation_accumulated": 13.32036843533784,
            "Humidity": 7.525371665638863,
            "Wind_Speed_kmh": 0.14262836087306702,
            "Soil_Moisture": 38758.224552107946,
            "Soil_Temperature": 2.1453413768761322,
            "Wind_Dir_Sin": 0.05639587422557764,
            "Wind_Dir_Cos": 0.04726131752260046
        },
        "RMSE": {
            "Temperature": 1.618260698282505,
            "Precipitation_accumulated": 3.649707993160253,
            "Humidity": 2.7432410877717004,
            "Wind_Speed_kmh": 0.37766170162338014,
            "Soil_Moisture": 196.87108612517974,
            "Soil_Temperature": 1.464698391094949,
            "Wind_Dir_Sin": 0.23747815525975782,
            "Wind_Dir_Cos": 0.21739668240936993
        },
        "MAE": {
            "Temperature": 1.3094220351750565,
            "Precipitation_accumulated": 3.5172531360194186,
            "Humidity": 1.8027898524597246,
            "Wind_Speed_kmh": 0.19196175112281247,
            "Soil_Moisture": 127.23890589417377,
            "Soil_Temperature": 1.1257928197582905,
            "Wind_Dir_Sin": 0.10449803028988022,
            "Wind_Dir_Cos": 0.15409269137003168
        },
        "R2": {
            "Temperature": 0.23039038525955546,
            "Precipitation_accumulated": -13.031797217007682,
            "Humidity": 0.8842782063506256,
            "Wind_Speed_kmh": 0.5811767377045103,
            "Soil_Moisture": 0.9476559042608259,
            "Soil_Temperature": 0.6176115180305686,
            "Wind_Dir_Sin": 0.6491159959947213,
            "Wind_Dir_Cos": 0.8354720569320309
        },
        "SMAPE": {
            "Temperature": 21.447340045323863,
            "Precipitation_accumulated": 0.7681694621302064,
            "Humidity": 2.1324175484415053,
            "Wind_Speed_kmh": 168.4655927117903,
            "Soil_Moisture": 2.137641596688358,
            "Soil_Temperature": 24.406143045365077,
            "Wind_Dir_Sin": 151.80967942135533,
            "Wind_Dir_Cos": 34.172240038651076
        }
    }
}