{
    "trial_number": 34,
    "overall_smape_val": 31.35659651772354,
    "xgb_params": {
        "n_estimators": 200,
        "max_depth": 8,
        "learning_rate": 0.09709786375955758,
        "min_child_weight": 8,
        "subsample": 1.0,
        "colsample_bytree": 0.7,
        "gamma": 0.0,
        "reg_alpha": 0.0011788054669504195,
        "reg_lambda": 0.007700294341118326,
        "random_state": 42,
        "n_jobs": -1
    },
    "metrics": {
        "MSE": {
            "Temperature": 0.029342910306881024,
            "Precipitation_accumulated": 0.008278218966004013,
            "Humidity": 0.29838200111160795,
            "Wind_Speed_kmh": 0.0008581035666344175,
            "Soil_Moisture": 381.37406681533,
            "Soil_Temperature": 0.007734227046951204,
            "Wind_Dir_Sin": 0.0007118069405791746,
            "Wind_Dir_Cos": 0.00041263259374215794
        },
        "RMSE": {
            "Temperature": 0.1712977241730929,
            "Precipitation_accumulated": 0.09098471831029656,
            "Humidity": 0.5462435364483574,
            "Wind_Speed_kmh": 0.029293404831709433,
            "Soil_Moisture": 19.528800956928464,
            "Soil_Temperature": 0.08794445432744014,
            "Wind_Dir_Sin": 0.02667971027914611,
            "Wind_Dir_Cos": 0.020313359981602205
        },
        "MAE": {
            "Temperature": 0.07946147113250537,
            "Precipitation_accumulated": 0.042048802694467785,
            "Humidity": 0.24003112834687937,
            "Wind_Speed_kmh": 0.009189426738818856,
            "Soil_Moisture": 5.316222374117107,
            "Soil_Temperature": 0.04227790745740467,
            "Wind_Dir_Sin": 0.009849331621072255,
            "Wind_Dir_Cos": 0.007140857355701248
        },
        "R2": {
            "Temperature": 0.9913807546685844,
            "Precipitation_accumulated": 0.991278222601004,
            "Humidity": 0.9954115299083094,
            "Wind_Speed_kmh": 0.9974784506858686,
            "Soil_Moisture": 0.9994846088616008,
            "Soil_Temperature": 0.9986218922883625,
            "Wind_Dir_Sin": 0.9955683511877006,
            "Wind_Dir_Cos": 0.9985627213352218
        },
        "SMAPE": {
            "Temperature": 1.2755532466443382,
            "Precipitation_accumulated": 0.00914072082618858,
            "Humidity": 0.2880460288541932,
            "Wind_Speed_kmh": 123.57470654016282,
            "Soil_Moisture": 0.08708846175353253,
            "Soil_Temperature": 2.2889880694056504,
            "Wind_Dir_Sin": 118.59634568328417,
            "Wind_Dir_Cos": 4.732903390857036
        }
    }
}