{
    "trial_number": 9,
    "overall_smape_val": 42.847486287209506,
    "xgb_params": {
        "n_estimators": 500,
        "max_depth": 5,
        "learning_rate": 0.13787644377633107,
        "min_child_weight": 6,
        "subsample": 1.0,
        "colsample_bytree": 0.8,
        "gamma": 0.1,
        "reg_alpha": 8.784549248522726e-05,
        "reg_lambda": 0.002522912892158784,
        "random_state": 42,
        "n_jobs": -1
    },
    "metrics": {
        "MSE": {
            "Temperature": 0.48334464067458466,
            "Precipitation_accumulated": 5.877563656361227,
            "Humidity": 2.0795412205907993,
            "Wind_Speed_kmh": 0.06032708140294174,
            "Soil_Moisture": 8378.44816878095,
            "Soil_Temperature": 0.2471478218960157,
            "Wind_Dir_Sin": 0.021887702668545048,
            "Wind_Dir_Cos": 0.014541813610389056
        },
        "RMSE": {
            "Temperature": 0.6952299192889966,
            "Precipitation_accumulated": 2.424368712956267,
            "Humidity": 1.4420614482714664,
            "Wind_Speed_kmh": 0.2456157189655046,
            "Soil_Moisture": 91.53386350843577,
            "Soil_Temperature": 0.4971396402380479,
            "Wind_Dir_Sin": 0.14794493120261015,
            "Wind_Dir_Cos": 0.1205894423670209
        },
        "MAE": {
            "Temperature": 0.44022318287156514,
            "Precipitation_accumulated": 2.220004523207542,
            "Humidity": 0.78910028335526,
            "Wind_Speed_kmh": 0.09941861564984227,
            "Soil_Moisture": 37.54178346923769,
            "Soil_Temperature": 0.27595928388142754,
            "Wind_Dir_Sin": 0.06326280097210911,
            "Wind_Dir_Cos": 0.04607620722343145
        },
        "R2": {
            "Temperature": 0.8580213757248816,
            "Precipitation_accumulated": -5.192491654271489,
            "Humidity": 0.9680211518805738,
            "Wind_Speed_kmh": 0.8227280288185284,
            "Soil_Moisture": 0.9886773162743195,
            "Soil_Temperature": 0.9559624617687468,
            "Wind_Dir_Sin": 0.8637290450468287,
            "Wind_Dir_Cos": 0.9493480671028791
        },
        "SMAPE": {
            "Temperature": 8.24737816282044,
            "Precipitation_accumulated": 0.4840814322762873,
            "Humidity": 0.9251339817102971,
            "Wind_Speed_kmh": 166.46354333611532,
            "Soil_Moisture": 0.6242737735349292,
            "Soil_Temperature": 11.834226191504614,
            "Wind_Dir_Sin": 137.8254155631978,
            "Wind_Dir_Cos": 16.375837856516355
        }
    }
}