{
    "trial_number": 17,
    "overall_mae_val": 0.0780380118735656,
    "xgb_params": {
        "n_estimators": 250,
        "max_depth": 3,
        "learning_rate": 0.036838528549817236,
        "min_child_weight": 3,
        "subsample": 1.0,
        "colsample_bytree": 1.0,
        "gamma": 0.05,
        "reg_alpha": 0.0025369312949821087,
        "reg_lambda": 0.010634454086674155,
        "n_jobs": -1
    },
    "metrics": {
        "MSE": {
            "Temperature": 2.412055792307354,
            "Precipitation_accumulated": 49.81949760675551,
            "Humidity": 9.777107866389601,
            "Wind_Speed_kmh": 0.5396804923840444,
            "Soil_Moisture": 1204.857512200335,
            "Soil_Temperature": 0.7019387692583903,
            "Wind_Dir_Sin": 0.36111987939857637,
            "Wind_Dir_Cos": 0.3101499048264328
        },
        "RMSE": {
            "Temperature": 1.5530794546021636,
            "Precipitation_accumulated": 7.058292825234408,
            "Humidity": 3.1268367188565507,
            "Wind_Speed_kmh": 0.7346294932712982,
            "Soil_Moisture": 34.71105749181858,
            "Soil_Temperature": 0.8378178616252999,
            "Wind_Dir_Sin": 0.6009325081892112,
            "Wind_Dir_Cos": 0.5569110385209048
        },
        "MAE": {
            "Temperature": 1.2067499349242368,
            "Precipitation_accumulated": 6.803803524392308,
            "Humidity": 2.4456730909948328,
            "Wind_Speed_kmh": 0.5509482010458824,
            "Soil_Moisture": 20.63430054265032,
            "Soil_Temperature": 0.5751641943887079,
            "Wind_Dir_Sin": 0.4727034691580809,
            "Wind_Dir_Cos": 0.4473120853861125
        },
        "R2": {
            "Temperature": 0.9209778463951015,
            "Precipitation_accumulated": -13.194850155107197,
            "Humidity": 0.9333292101982612,
            "Wind_Speed_kmh": 0.6015679166667149,
            "Soil_Moisture": 0.9799255789271291,
            "Soil_Temperature": 0.9566726032327963,
            "Wind_Dir_Sin": 0.3424910299646172,
            "Wind_Dir_Cos": 0.16211463944743532
        },
        "SMAPE": {
            "Temperature": 24.74000675123143,
            "Precipitation_accumulated": 1.4749277434341737,
            "Humidity": 2.8588463689993766,
            "Wind_Speed_kmh": 57.315650216226395,
            "Soil_Moisture": 0.24541975341317088,
            "Soil_Temperature": 9.522360541091292,
            "Wind_Dir_Sin": 92.68077633967718,
            "Wind_Dir_Cos": 110.19522506220075
        }
    }
}