{
    "trial_number": 4,
    "overall_mae_val": 0.0821991395340267,
    "xgb_params": {
        "n_estimators": 450,
        "max_depth": 6,
        "learning_rate": 0.042694593727794224,
        "min_child_weight": 7,
        "subsample": 0.7,
        "colsample_bytree": 0.7,
        "gamma": 0.1,
        "reg_alpha": 0.01633619996921722,
        "reg_lambda": 3.1469111963481224e-05,
        "n_jobs": -1
    },
    "metrics": {
        "MSE": {
            "Temperature": 3.315371177219826,
            "Precipitation_accumulated": 57.986803203157734,
            "Humidity": 13.298896730691297,
            "Wind_Speed_kmh": 0.5806243132102938,
            "Soil_Moisture": 952.4333328681912,
            "Soil_Temperature": 0.8204525333077892,
            "Wind_Dir_Sin": 0.3733415264249626,
            "Wind_Dir_Cos": 0.3074462070830114
        },
        "RMSE": {
            "Temperature": 1.8208160745170903,
            "Precipitation_accumulated": 7.614906644415132,
            "Humidity": 3.6467652420592276,
            "Wind_Speed_kmh": 0.7619870820494884,
            "Soil_Moisture": 30.861518641638348,
            "Soil_Temperature": 0.9057883490682518,
            "Wind_Dir_Sin": 0.6110167971708819,
            "Wind_Dir_Cos": 0.5544783197592232
        },
        "MAE": {
            "Temperature": 1.4256652328953208,
            "Precipitation_accumulated": 7.347461139065892,
            "Humidity": 2.899598526192562,
            "Wind_Speed_kmh": 0.5725078037781133,
            "Soil_Moisture": 17.246500080567152,
            "Soil_Temperature": 0.60478156529564,
            "Wind_Dir_Sin": 0.5061029637701101,
            "Wind_Dir_Cos": 0.45053439228316794
        },
        "R2": {
            "Temperature": 0.8914315725848776,
            "Precipitation_accumulated": -15.546227443695702,
            "Humidity": 0.9093283121826145,
            "Wind_Speed_kmh": 0.5715771553629333,
            "Soil_Moisture": 0.9840787652433571,
            "Soil_Temperature": 0.9493627083074327,
            "Wind_Dir_Sin": 0.31975791115012453,
            "Wind_Dir_Cos": 0.16936174388579384
        },
        "SMAPE": {
            "Temperature": 27.827980212915126,
            "Precipitation_accumulated": 1.5938674444912853,
            "Humidity": 3.379239168359124,
            "Wind_Speed_kmh": 58.304133606686875,
            "Soil_Moisture": 0.2021016959049629,
            "Soil_Temperature": 10.2522627498944,
            "Wind_Dir_Sin": 103.35322066014726,
            "Wind_Dir_Cos": 111.16543761345554
        }
    }
}