{
    "trial_number": 10,
    "overall_mae_val": 0.08194983099431837,
    "output_chunk_length": 1,
    "xgb_params": {
        "n_estimators": 600,
        "max_depth": 3,
        "learning_rate": 0.024676995881698496,
        "min_child_weight": 10,
        "subsample": 0.6,
        "colsample_bytree": 0.9,
        "gamma": 0.3,
        "reg_alpha": 0.29956401634935004,
        "reg_lambda": 1.2942734608317338e-05,
        "n_jobs": -1
    },
    "metrics": {
        "MSE": {
            "Temperature": 4.624597360496995,
            "Precipitation_accumulated": 81.3784460489684,
            "Humidity": 15.49598211015693,
            "Wind_Speed_kmh": 0.5586360869734485,
            "Soil_Moisture": 1693.6208003168017,
            "Soil_Temperature": 1.2247522332952014,
            "Wind_Dir_Sin": 0.3533489599498379,
            "Wind_Dir_Cos": 0.30627021056161363
        },
        "RMSE": {
            "Temperature": 2.150487702940195,
            "Precipitation_accumulated": 9.021000279845268,
            "Humidity": 3.9364936314132315,
            "Wind_Speed_kmh": 0.7474196190718093,
            "Soil_Moisture": 41.153624388585776,
            "Soil_Temperature": 1.1066852458107506,
            "Wind_Dir_Sin": 0.5944316276493352,
            "Wind_Dir_Cos": 0.5534168506303486
        },
        "MAE": {
            "Temperature": 1.6273835475667018,
            "Precipitation_accumulated": 8.70824487641067,
            "Humidity": 3.337403984196173,
            "Wind_Speed_kmh": 0.5536300180755059,
            "Soil_Moisture": 31.292373981745524,
            "Soil_Temperature": 0.8574330977905212,
            "Wind_Dir_Sin": 0.47070197004919406,
            "Wind_Dir_Cos": 0.44371384572612915
        },
        "R2": {
            "Temperature": 0.8481615597952562,
            "Precipitation_accumulated": -22.05235410416545,
            "Humidity": 0.8940797592789016,
            "Wind_Speed_kmh": 0.5866186202362818,
            "Soil_Moisture": 0.9721695092427963,
            "Soil_Temperature": 0.9243507713804783,
            "Wind_Dir_Sin": 0.3563155220871954,
            "Wind_Dir_Cos": 0.17205708406456233
        },
        "SMAPE": {
            "Temperature": 30.564028293792305,
            "Precipitation_accumulated": 1.8923690764251828,
            "Humidity": 3.8215917601999325,
            "Wind_Speed_kmh": 57.95776402858964,
            "Soil_Moisture": 0.36685461915755,
            "Soil_Temperature": 17.563713807238997,
            "Wind_Dir_Sin": 92.67294361174653,
            "Wind_Dir_Cos": 108.101824538682
        }
    }
}