{
    "trial_number": 7,
    "forecast_horizon": 8,
    "overall_smape_val": 74.62464528488863,
    "output_chunk_length": 4,
    "xgb_params": {
        "n_estimators": 250,
        "max_depth": 8,
        "learning_rate": 0.010554849847267869,
        "min_child_weight": 4,
        "subsample": 0.7,
        "colsample_bytree": 0.6,
        "gamma": 0.0,
        "reg_alpha": 0.00014166282772535923,
        "reg_lambda": 2.8238970020647736e-05,
        "random_state": 42,
        "n_jobs": -1
    },
    "metrics": {
        "MSE": {
            "Temperature": 38.79263969994925,
            "Precipitation_accumulated": 513.9953767406853,
            "Humidity": 67.25470696800448,
            "Wind_Speed_kmh": 0.9207532761177551,
            "Soil_Moisture": 210885.92090836013,
            "Soil_Temperature": 30.180759285251984,
            "Wind_Dir_Sin": 0.06604076150309761,
            "Wind_Dir_Cos": 0.4472900501401014
        },
        "RMSE": {
            "Temperature": 6.228373760456998,
            "Precipitation_accumulated": 22.671466135666773,
            "Humidity": 8.200896717311132,
            "Wind_Speed_kmh": 0.9595588966383226,
            "Soil_Moisture": 459.22317113617004,
            "Soil_Temperature": 5.493701783429092,
            "Wind_Dir_Sin": 0.25698397129606665,
            "Wind_Dir_Cos": 0.6687974657099871
        },
        "MAE": {
            "Temperature": 6.060654111029388,
            "Precipitation_accumulated": 22.641616506188058,
            "Humidity": 6.817082397529386,
            "Wind_Speed_kmh": 0.9381542264101764,
            "Soil_Moisture": 411.60684728513303,
            "Soil_Temperature": 5.191313190068953,
            "Wind_Dir_Sin": 0.12192674162070194,
            "Wind_Dir_Cos": 0.6297787515358274
        },
        "R2": {
            "Temperature": -10.421920174950607,
            "Precipitation_accumulated": -540.0102852879129,
            "Humidity": -0.03356805714173383,
            "Wind_Speed_kmh": -1.6943298682485426,
            "Soil_Moisture": 0.716134394014507,
            "Soil_Temperature": -4.3880398513417225,
            "Wind_Dir_Sin": 0.590464871619784,
            "Wind_Dir_Cos": -0.5527569471403313
        },
        "SMAPE": {
            "Temperature": 66.00407620521047,
            "Precipitation_accumulated": 5.052032836027379,
            "Humidity": 8.168600097289925,
            "Wind_Speed_kmh": 179.40256108298937,
            "Soil_Moisture": 6.728413746088635,
            "Soil_Temperature": 61.98125650809182,
            "Wind_Dir_Sin": 153.95879888088098,
            "Wind_Dir_Cos": 115.70142292252996
        }
    }
}