{
    "trial_number": 56,
    "overall_mae_val": 0.07997052855845592,
    "xgb_params": {
        "n_estimators": 200,
        "max_depth": 6,
        "learning_rate": 0.038196433508945096,
        "min_child_weight": 2,
        "subsample": 0.7,
        "colsample_bytree": 0.7,
        "gamma": 0.0,
        "reg_alpha": 1.0590823964561308e-05,
        "reg_lambda": 0.047756946269490265,
        "n_jobs": -1
    },
    "metrics": {
        "MSE": {
            "Temperature": 1.9434736068433192,
            "Precipitation_accumulated": 18.584576929654922,
            "Humidity": 12.99828847659916,
            "Wind_Speed_kmh": 0.555586295925273,
            "Soil_Moisture": 2273.4130972983753,
            "Soil_Temperature": 0.8681642398450011,
            "Wind_Dir_Sin": 0.3717636932978853,
            "Wind_Dir_Cos": 0.30831114539429466
        },
        "RMSE": {
            "Temperature": 1.394085222231166,
            "Precipitation_accumulated": 4.310983290347449,
            "Humidity": 3.605313922059931,
            "Wind_Speed_kmh": 0.7453766134815829,
            "Soil_Moisture": 47.680321908501995,
            "Soil_Temperature": 0.9317533149095855,
            "Wind_Dir_Sin": 0.6097242764544358,
            "Wind_Dir_Cos": 0.5552577288019453
        },
        "MAE": {
            "Temperature": 1.0300264999728566,
            "Precipitation_accumulated": 3.783129793161572,
            "Humidity": 2.548212929172733,
            "Wind_Speed_kmh": 0.5611819066698536,
            "Soil_Moisture": 27.87429807314764,
            "Soil_Temperature": 0.63731290877035,
            "Wind_Dir_Sin": 0.5069435745045064,
            "Wind_Dir_Cos": 0.4554967656944211
        },
        "R2": {
            "Temperature": 0.9363795293162316,
            "Precipitation_accumulated": -4.3579269672944605,
            "Humidity": 0.9113383774143766,
            "Wind_Speed_kmh": 0.5885737175664416,
            "Soil_Moisture": 0.961139979211392,
            "Soil_Temperature": 0.9463805584848547,
            "Wind_Dir_Sin": 0.32309689009638776,
            "Wind_Dir_Cos": 0.16439136727248738
        },
        "SMAPE": {
            "Temperature": 20.350510020091047,
            "Precipitation_accumulated": 0.8169972083114544,
            "Humidity": 3.13886901366318,
            "Wind_Speed_kmh": 57.40330212316721,
            "Soil_Moisture": 0.3269587390919193,
            "Soil_Temperature": 10.198866588437411,
            "Wind_Dir_Sin": 103.01338382042262,
            "Wind_Dir_Cos": 114.64508946290707
        }
    }
}