{
    "trial_number": 31,
    "overall_mae_val": 0.0810176891283221,
    "output_chunk_length": 1,
    "xgb_params": {
        "n_estimators": 450,
        "max_depth": 4,
        "learning_rate": 0.054516845061191706,
        "min_child_weight": 9,
        "subsample": 0.6,
        "colsample_bytree": 0.9,
        "gamma": 0.25,
        "reg_alpha": 0.046119729440701154,
        "reg_lambda": 1.0409564753733089e-05,
        "n_jobs": -1
    },
    "metrics": {
        "MSE": {
            "Temperature": 4.322762568198125,
            "Precipitation_accumulated": 77.17403066553868,
            "Humidity": 13.059711874887514,
            "Wind_Speed_kmh": 0.5685379185576579,
            "Soil_Moisture": 1701.056477949046,
            "Soil_Temperature": 0.9790092987909945,
            "Wind_Dir_Sin": 0.3554072181049327,
            "Wind_Dir_Cos": 0.30463905553931825
        },
        "RMSE": {
            "Temperature": 2.0791254334931613,
            "Precipitation_accumulated": 8.784875108135498,
            "Humidity": 3.6138223358222126,
            "Wind_Speed_kmh": 0.7540145347124668,
            "Soil_Moisture": 41.24386594330175,
            "Soil_Temperature": 0.9894489874627163,
            "Wind_Dir_Sin": 0.5961603962902372,
            "Wind_Dir_Cos": 0.5519411703608621
        },
        "MAE": {
            "Temperature": 1.5812199683236103,
            "Precipitation_accumulated": 8.43742286360551,
            "Humidity": 3.017394822959732,
            "Wind_Speed_kmh": 0.5517128326445191,
            "Soil_Moisture": 31.432145817698807,
            "Soil_Temperature": 0.777060966024401,
            "Wind_Dir_Sin": 0.46923660862709704,
            "Wind_Dir_Cos": 0.4451171926903606
        },
        "R2": {
            "Temperature": 0.857928019133024,
            "Precipitation_accumulated": -20.706086962804306,
            "Humidity": 0.9105717960655543,
            "Wind_Speed_kmh": 0.578280329204067,
            "Soil_Moisture": 0.9724723702230029,
            "Soil_Temperature": 0.939715671593031,
            "Wind_Dir_Sin": 0.3510248288634812,
            "Wind_Dir_Cos": 0.1777984917691806
        },
        "SMAPE": {
            "Temperature": 29.937691079084104,
            "Precipitation_accumulated": 1.8330851247050008,
            "Humidity": 3.4600192640860175,
            "Wind_Speed_kmh": 59.19155088619736,
            "Soil_Moisture": 0.3686838915822812,
            "Soil_Temperature": 15.919301695245617,
            "Wind_Dir_Sin": 92.53489010599901,
            "Wind_Dir_Cos": 109.33243120796286
        }
    }
}