{
    "trial_number": 51,
    "overall_mae_val": 0.07716444731961641,
    "xgb_params": {
        "n_estimators": 300,
        "max_depth": 4,
        "learning_rate": 0.02714344651269434,
        "min_child_weight": 5,
        "subsample": 0.6,
        "colsample_bytree": 0.8,
        "gamma": 0.0,
        "reg_alpha": 1.3754534975325597e-05,
        "reg_lambda": 0.23263909748906714,
        "n_jobs": -1
    },
    "metrics": {
        "MSE": {
            "Temperature": 1.7640500804108687,
            "Precipitation_accumulated": 21.79281730766444,
            "Humidity": 9.860028720253073,
            "Wind_Speed_kmh": 0.557763428834605,
            "Soil_Moisture": 1563.260426683144,
            "Soil_Temperature": 0.5636382901126296,
            "Wind_Dir_Sin": 0.35827989425960743,
            "Wind_Dir_Cos": 0.30429935200203306
        },
        "RMSE": {
            "Temperature": 1.3281754704898252,
            "Precipitation_accumulated": 4.668277766764145,
            "Humidity": 3.1400682668141267,
            "Wind_Speed_kmh": 0.7468356103150177,
            "Soil_Moisture": 39.538088303345475,
            "Soil_Temperature": 0.7507584765506344,
            "Wind_Dir_Sin": 0.5985648621992502,
            "Wind_Dir_Cos": 0.551633349247517
        },
        "MAE": {
            "Temperature": 0.9911417353451439,
            "Precipitation_accumulated": 4.001085230708388,
            "Humidity": 2.2231053847368374,
            "Wind_Speed_kmh": 0.5578292164686918,
            "Soil_Moisture": 27.229951642833623,
            "Soil_Temperature": 0.5359776668031142,
            "Wind_Dir_Sin": 0.49021504668970206,
            "Wind_Dir_Cos": 0.4413709223897763
        },
        "R2": {
            "Temperature": 0.9422530380498617,
            "Precipitation_accumulated": -5.282861535563879,
            "Humidity": 0.9327445188916741,
            "Wind_Speed_kmh": 0.5869614933164562,
            "Soil_Moisture": 0.9732787970865895,
            "Soil_Temperature": 0.9651886487080067,
            "Wind_Dir_Sin": 0.3476480382231957,
            "Wind_Dir_Cos": 0.17526443897739064
        },
        "SMAPE": {
            "Temperature": 20.22138091309478,
            "Precipitation_accumulated": 0.8648030840870768,
            "Humidity": 2.6864484307234533,
            "Wind_Speed_kmh": 57.503814362104144,
            "Soil_Moisture": 0.3180143077495805,
            "Soil_Temperature": 9.030133565237385,
            "Wind_Dir_Sin": 97.70480220062329,
            "Wind_Dir_Cos": 107.1774276289175
        }
    }
}