{
    "trial_number": 58,
    "overall_mae_val": 0.07752150097544437,
    "xgb_params": {
        "n_estimators": 300,
        "max_depth": 4,
        "learning_rate": 0.02524070312141228,
        "min_child_weight": 4,
        "subsample": 0.8,
        "colsample_bytree": 0.8,
        "gamma": 0.0,
        "reg_alpha": 0.06326175518509194,
        "reg_lambda": 0.011450307850705213,
        "n_jobs": -1
    },
    "metrics": {
        "MSE": {
            "Temperature": 1.9357798971163651,
            "Precipitation_accumulated": 19.91104590624607,
            "Humidity": 10.52628327107916,
            "Wind_Speed_kmh": 0.5317348021504966,
            "Soil_Moisture": 1184.6253342882098,
            "Soil_Temperature": 0.4411110527806882,
            "Wind_Dir_Sin": 0.36641520170035247,
            "Wind_Dir_Cos": 0.3023262855982794
        },
        "RMSE": {
            "Temperature": 1.391323074313211,
            "Precipitation_accumulated": 4.462179501795739,
            "Humidity": 3.2444234111902164,
            "Wind_Speed_kmh": 0.7292014825482026,
            "Soil_Moisture": 34.41838657299627,
            "Soil_Temperature": 0.6641619175929075,
            "Wind_Dir_Sin": 0.6053223948445592,
            "Wind_Dir_Cos": 0.5498420551379091
        },
        "MAE": {
            "Temperature": 1.034080658523513,
            "Precipitation_accumulated": 3.9387427193902824,
            "Humidity": 2.2549741294876977,
            "Wind_Speed_kmh": 0.5445637526665527,
            "Soil_Moisture": 20.814884126651695,
            "Soil_Temperature": 0.4610769451378809,
            "Wind_Dir_Sin": 0.5026543792041936,
            "Wind_Dir_Cos": 0.44128109186955594
        },
        "R2": {
            "Temperature": 0.936599738622525,
            "Precipitation_accumulated": -4.75756230698556,
            "Humidity": 0.928190041783987,
            "Wind_Speed_kmh": 0.6063995203711192,
            "Soil_Moisture": 0.9796264953971111,
            "Soil_Temperature": 0.9727342289543016,
            "Wind_Dir_Sin": 0.3333769494785198,
            "Wind_Dir_Cos": 0.17886555150748906
        },
        "SMAPE": {
            "Temperature": 20.55509872391789,
            "Precipitation_accumulated": 0.8510186793693622,
            "Humidity": 2.735288220195614,
            "Wind_Speed_kmh": 56.74935966080382,
            "Soil_Moisture": 0.24361554065944596,
            "Soil_Temperature": 8.558214747370311,
            "Wind_Dir_Sin": 101.4094177804964,
            "Wind_Dir_Cos": 108.33363187420778
        }
    }
}