{
    "trial_number": 76,
    "overall_mae_val": 0.09796510330819941,
    "output_chunk_length": 2,
    "xgb_params": {
        "n_estimators": 550,
        "max_depth": 4,
        "learning_rate": 0.02041575558178987,
        "min_child_weight": 7,
        "subsample": 0.9,
        "colsample_bytree": 0.8,
        "gamma": 0.2,
        "reg_alpha": 4.4908569830781666e-05,
        "reg_lambda": 0.013678243258206633,
        "n_jobs": -1
    },
    "metrics": {
        "MSE": {
            "Temperature": 6.729172844386149,
            "Precipitation_accumulated": 64.44942292161889,
            "Humidity": 30.86936015428333,
            "Wind_Speed_kmh": 0.9174186818674784,
            "Soil_Moisture": 1994.620962609868,
            "Soil_Temperature": 1.7942157316185543,
            "Wind_Dir_Sin": 0.456465255028245,
            "Wind_Dir_Cos": 0.34453973797061355
        },
        "RMSE": {
            "Temperature": 2.594064926786943,
            "Precipitation_accumulated": 8.02803979322592,
            "Humidity": 5.556020172235098,
            "Wind_Speed_kmh": 0.9578197543731694,
            "Soil_Moisture": 44.661179592682814,
            "Soil_Temperature": 1.339483382359988,
            "Wind_Dir_Sin": 0.6756221244366151,
            "Wind_Dir_Cos": 0.5869750744031756
        },
        "MAE": {
            "Temperature": 2.0656992661595273,
            "Precipitation_accumulated": 7.801909860522987,
            "Humidity": 4.601342331201244,
            "Wind_Speed_kmh": 0.7260608284454709,
            "Soil_Moisture": 24.950229911401767,
            "Soil_Temperature": 0.9507202039924505,
            "Wind_Dir_Sin": 0.5829491873128786,
            "Wind_Dir_Cos": 0.4922258692312366
        },
        "R2": {
            "Temperature": 0.7795433539145782,
            "Precipitation_accumulated": -17.36329037632563,
            "Humidity": 0.7894996505832367,
            "Wind_Speed_kmh": 0.3226936273152893,
            "Soil_Moisture": 0.9667671399491197,
            "Soil_Temperature": 0.8892514556904615,
            "Wind_Dir_Sin": 0.16889095058846304,
            "Wind_Dir_Cos": 0.06920879844941918
        },
        "SMAPE": {
            "Temperature": 35.050704273866565,
            "Precipitation_accumulated": 1.693255577829362,
            "Humidity": 5.381518371744722,
            "Wind_Speed_kmh": 67.36690601279302,
            "Soil_Moisture": 0.2918504004538894,
            "Soil_Temperature": 15.987815929601348,
            "Wind_Dir_Sin": 121.71463748478253,
            "Wind_Dir_Cos": 124.42524328492472
        }
    }
}