{
    "trial_number": 36,
    "overall_smape_val": 43.99601740691776,
    "xgb_params": {
        "n_estimators": 200,
        "max_depth": 8,
        "learning_rate": 0.1425230992772587,
        "min_child_weight": 8,
        "subsample": 1.0,
        "colsample_bytree": 0.7,
        "gamma": 0.25,
        "reg_alpha": 0.0009478072551015606,
        "reg_lambda": 0.0006146026027054314,
        "random_state": 42,
        "n_jobs": -1
    },
    "metrics": {
        "MSE": {
            "Temperature": 0.7723005109151132,
            "Precipitation_accumulated": 9.278079721399802,
            "Humidity": 2.861135525056296,
            "Wind_Speed_kmh": 0.06494913539098726,
            "Soil_Moisture": 11733.664265124644,
            "Soil_Temperature": 0.6312932274339559,
            "Wind_Dir_Sin": 0.02148669494834171,
            "Wind_Dir_Cos": 0.01753253760163136
        },
        "RMSE": {
            "Temperature": 0.8788062988594888,
            "Precipitation_accumulated": 3.045994044872675,
            "Humidity": 1.6914891442324707,
            "Wind_Speed_kmh": 0.2548512024515232,
            "Soil_Moisture": 108.32203960932716,
            "Soil_Temperature": 0.7945396323871805,
            "Wind_Dir_Sin": 0.1465834061152275,
            "Wind_Dir_Cos": 0.13241048901666122
        },
        "MAE": {
            "Temperature": 0.6245034723374863,
            "Precipitation_accumulated": 2.885989630629417,
            "Humidity": 0.98774688383473,
            "Wind_Speed_kmh": 0.11224164334494895,
            "Soil_Moisture": 53.9506782648204,
            "Soil_Temperature": 0.52996269477052,
            "Wind_Dir_Sin": 0.0627632672859581,
            "Wind_Dir_Cos": 0.05380509733694983
        },
        "R2": {
            "Temperature": 0.7731428987943996,
            "Precipitation_accumulated": -8.775212077924747,
            "Humidity": 0.9560019212416111,
            "Wind_Speed_kmh": 0.8091460586268118,
            "Soil_Moisture": 0.9841430576711849,
            "Soil_Temperature": 0.8875142842652654,
            "Wind_Dir_Sin": 0.8662256846349675,
            "Wind_Dir_Cos": 0.9389308003865743
        },
        "SMAPE": {
            "Temperature": 11.279553372201399,
            "Precipitation_accumulated": 0.6298274156140804,
            "Humidity": 1.1520136003299264,
            "Wind_Speed_kmh": 165.1496391667924,
            "Soil_Moisture": 0.9092804901623415,
            "Soil_Temperature": 16.050550312003665,
            "Wind_Dir_Sin": 138.16648100108233,
            "Wind_Dir_Cos": 18.630793897155794
        }
    }
}