{
    "trial_number": 12,
    "overall_smape_val": 35.463855198406826,
    "xgb_params": {
        "n_estimators": 200,
        "max_depth": 7,
        "learning_rate": 0.04914628166011215,
        "min_child_weight": 10,
        "subsample": 1.0,
        "colsample_bytree": 0.9,
        "gamma": 0.0,
        "reg_alpha": 0.0187047984111979,
        "reg_lambda": 0.022276865876514243,
        "random_state": 42,
        "n_jobs": -1
    },
    "metrics": {
        "MSE": {
            "Temperature": 0.10153469169130065,
            "Precipitation_accumulated": 0.01696065673237066,
            "Humidity": 0.8899084375930347,
            "Wind_Speed_kmh": 0.008561254816188794,
            "Soil_Moisture": 2462.25143022711,
            "Soil_Temperature": 0.025481021410511215,
            "Wind_Dir_Sin": 0.0067523927281399505,
            "Wind_Dir_Cos": 0.004514078474276982
        },
        "RMSE": {
            "Temperature": 0.31864508734844893,
            "Precipitation_accumulated": 0.1302330861661915,
            "Humidity": 0.9433495839788316,
            "Wind_Speed_kmh": 0.09252704910559287,
            "Soil_Moisture": 49.621078487142036,
            "Soil_Temperature": 0.15962775889710165,
            "Wind_Dir_Sin": 0.0821729440152898,
            "Wind_Dir_Cos": 0.06718689213140448
        },
        "MAE": {
            "Temperature": 0.16627420199877263,
            "Precipitation_accumulated": 0.06703684715522129,
            "Humidity": 0.4076661839271139,
            "Wind_Speed_kmh": 0.0330006955101991,
            "Soil_Moisture": 9.411142535849551,
            "Soil_Temperature": 0.07576544811609648,
            "Wind_Dir_Sin": 0.03333175229963438,
            "Wind_Dir_Cos": 0.025327846418618228
        },
        "R2": {
            "Temperature": 0.9701749959978667,
            "Precipitation_accumulated": 0.9821305677987006,
            "Humidity": 0.9863151321627092,
            "Wind_Speed_kmh": 0.9748426331631113,
            "Soil_Moisture": 0.9966724990552013,
            "Soil_Temperature": 0.9954597153803407,
            "Wind_Dir_Sin": 0.9579601834319121,
            "Wind_Dir_Cos": 0.984276596709501
        },
        "SMAPE": {
            "Temperature": 2.911886170454243,
            "Precipitation_accumulated": 0.014575666145565878,
            "Humidity": 0.4899422974908416,
            "Wind_Speed_kmh": 134.5751958838768,
            "Soil_Moisture": 0.1482229293976202,
            "Soil_Temperature": 5.123191880196555,
            "Wind_Dir_Sin": 128.9819533933611,
            "Wind_Dir_Cos": 11.465873366331733
        }
    }
}