{
    "trial_number": 21,
    "forecast_horizon": 1,
    "overall_smape_val": 44.94346059495243,
    "output_chunk_length": 15,
    "xgb_params": {
        "n_estimators": 500,
        "max_depth": 5,
        "learning_rate": 0.13005674644041285,
        "min_child_weight": 9,
        "subsample": 0.9,
        "colsample_bytree": 0.8,
        "gamma": 0.3,
        "reg_alpha": 0.09821332411762385,
        "reg_lambda": 0.0016302177945989142,
        "random_state": 42,
        "n_jobs": -1
    },
    "metrics": {
        "MSE": {
            "Temperature": 0.8646043209359267,
            "Precipitation_accumulated": 11.199597063324436,
            "Humidity": 2.8046626653881064,
            "Wind_Speed_kmh": 0.06696368598747923,
            "Soil_Moisture": 12975.313344350672,
            "Soil_Temperature": 0.8035321899704537,
            "Wind_Dir_Sin": 0.029369091110208564,
            "Wind_Dir_Cos": 0.026856766035352975
        },
        "RMSE": {
            "Temperature": 0.9298410191725931,
            "Precipitation_accumulated": 3.3465799054145466,
            "Humidity": 1.6747127112994953,
            "Wind_Speed_kmh": 0.25877342596850866,
            "Soil_Moisture": 113.90923291968335,
            "Soil_Temperature": 0.8963995704876557,
            "Wind_Dir_Sin": 0.1713741261398831,
            "Wind_Dir_Cos": 0.16388034060055212
        },
        "MAE": {
            "Temperature": 0.6490037724126635,
            "Precipitation_accumulated": 3.201632941176292,
            "Humidity": 1.0443333321026163,
            "Wind_Speed_kmh": 0.1121240807832072,
            "Soil_Moisture": 55.93225880308011,
            "Soil_Temperature": 0.615532205392951,
            "Wind_Dir_Sin": 0.07575135977590354,
            "Wind_Dir_Cos": 0.0628683566066878
        },
        "R2": {
            "Temperature": 0.7460293924900437,
            "Precipitation_accumulated": -10.799686979277467,
            "Humidity": 0.9568703517321044,
            "Wind_Speed_kmh": 0.8032262735654458,
            "Soil_Moisture": 0.9824650858631425,
            "Soil_Temperature": 0.8568242306794251,
            "Wind_Dir_Sin": 0.8171505638439462,
            "Wind_Dir_Cos": 0.9064527198942706
        },
        "SMAPE": {
            "Temperature": 11.798128004098736,
            "Precipitation_accumulated": 0.6989776939517199,
            "Humidity": 1.2279621494296558,
            "Wind_Speed_kmh": 165.61969793671497,
            "Soil_Moisture": 0.9454182217846877,
            "Soil_Temperature": 17.470111697918437,
            "Wind_Dir_Sin": 140.48881504404554,
            "Wind_Dir_Cos": 21.298574011675615
        }
    }
}