{
    "trial_number": 50,
    "overall_mae_val": 0.08263022032464908,
    "xgb_params": {
        "n_estimators": 300,
        "max_depth": 4,
        "learning_rate": 0.012819180594608282,
        "min_child_weight": 6,
        "subsample": 0.7,
        "colsample_bytree": 0.9,
        "gamma": 0.25,
        "reg_alpha": 1.586729719446761e-05,
        "reg_lambda": 0.028202046341318284,
        "n_jobs": -1
    },
    "metrics": {
        "MSE": {
            "Temperature": 4.174117637579019,
            "Precipitation_accumulated": 126.25540776946394,
            "Humidity": 14.727447746803353,
            "Wind_Speed_kmh": 0.5343687043865893,
            "Soil_Moisture": 989.1362144742363,
            "Soil_Temperature": 0.9969265332691107,
            "Wind_Dir_Sin": 0.352339569914111,
            "Wind_Dir_Cos": 0.29960581224204463
        },
        "RMSE": {
            "Temperature": 2.04306574480094,
            "Precipitation_accumulated": 11.236343167127993,
            "Humidity": 3.837635697510038,
            "Wind_Speed_kmh": 0.7310052697392744,
            "Soil_Moisture": 31.450535996612782,
            "Soil_Temperature": 0.9984620840418081,
            "Wind_Dir_Sin": 0.5935819824709229,
            "Wind_Dir_Cos": 0.547362596677965
        },
        "MAE": {
            "Temperature": 1.5667934875327396,
            "Precipitation_accumulated": 11.027500427239527,
            "Humidity": 3.2548413622766956,
            "Wind_Speed_kmh": 0.5507809593975547,
            "Soil_Moisture": 19.523292191386346,
            "Soil_Temperature": 0.8140219998885412,
            "Wind_Dir_Sin": 0.48519163987472835,
            "Wind_Dir_Cos": 0.44288885347705714
        },
        "R2": {
            "Temperature": 0.8634192649422805,
            "Precipitation_accumulated": -35.238053785580206,
            "Humidity": 0.8995639105606477,
            "Wind_Speed_kmh": 0.606401878852671,
            "Soil_Moisture": 0.9832470506150692,
            "Soil_Temperature": 0.9384685117256284,
            "Wind_Dir_Sin": 0.3576964927109001,
            "Wind_Dir_Cos": 0.19050724602631697
        },
        "SMAPE": {
            "Temperature": 30.012502843597677,
            "Precipitation_accumulated": 2.4022471705662785,
            "Humidity": 3.726993556462484,
            "Wind_Speed_kmh": 57.13191211055232,
            "Soil_Moisture": 0.22810425204369061,
            "Soil_Temperature": 17.039232817377837,
            "Wind_Dir_Sin": 96.60916357162291,
            "Wind_Dir_Cos": 108.89673659222463
        }
    }
}