{
    "trial_number": 49,
    "overall_mae_val": 0.0799757588064118,
    "xgb_params": {
        "n_estimators": 350,
        "max_depth": 7,
        "learning_rate": 0.02388171690333536,
        "min_child_weight": 7,
        "subsample": 0.9,
        "colsample_bytree": 0.8,
        "gamma": 0.0,
        "reg_alpha": 0.0001939209153264429,
        "reg_lambda": 0.3082984263881188,
        "n_jobs": -1
    },
    "metrics": {
        "MSE": {
            "Temperature": 2.0639672644250235,
            "Precipitation_accumulated": 25.35036222538314,
            "Humidity": 12.148616834167004,
            "Wind_Speed_kmh": 0.5541641181632144,
            "Soil_Moisture": 1955.5807450925688,
            "Soil_Temperature": 0.6007869900868941,
            "Wind_Dir_Sin": 0.3762125625997376,
            "Wind_Dir_Cos": 0.310669709327064
        },
        "RMSE": {
            "Temperature": 1.436651406718075,
            "Precipitation_accumulated": 5.0349143215533605,
            "Humidity": 3.4854865993383197,
            "Wind_Speed_kmh": 0.7444220027398535,
            "Soil_Moisture": 44.22194868040721,
            "Soil_Temperature": 0.7751045026877951,
            "Wind_Dir_Sin": 0.6133616898696377,
            "Wind_Dir_Cos": 0.5573775285451181
        },
        "MAE": {
            "Temperature": 1.0651633226994286,
            "Precipitation_accumulated": 3.797528147108705,
            "Humidity": 2.436945731793089,
            "Wind_Speed_kmh": 0.5646424029809095,
            "Soil_Moisture": 29.81597363355277,
            "Soil_Temperature": 0.5431824589684134,
            "Wind_Dir_Sin": 0.5141401851012114,
            "Wind_Dir_Cos": 0.451135191819612
        },
        "R2": {
            "Temperature": 0.932423205088351,
            "Precipitation_accumulated": -6.319426752645584,
            "Humidity": 0.9171283095841462,
            "Wind_Speed_kmh": 0.5895847191904041,
            "Soil_Moisture": 0.9664677634780278,
            "Soil_Temperature": 0.9628811193492355,
            "Wind_Dir_Sin": 0.3152756232110412,
            "Wind_Dir_Cos": 0.15710028217362715
        },
        "SMAPE": {
            "Temperature": 20.536210865226522,
            "Precipitation_accumulated": 0.8216645372705909,
            "Humidity": 2.983011230808904,
            "Wind_Speed_kmh": 57.794167111083716,
            "Soil_Moisture": 0.3504826362950823,
            "Soil_Temperature": 9.534813275465718,
            "Wind_Dir_Sin": 105.37996596412596,
            "Wind_Dir_Cos": 111.567312374014
        }
    }
}