{
    "trial_number": 26,
    "overall_smape_val": 31.46911780268998,
    "xgb_params": {
        "n_estimators": 200,
        "max_depth": 8,
        "learning_rate": 0.1045719748459332,
        "min_child_weight": 9,
        "subsample": 1.0,
        "colsample_bytree": 0.6,
        "gamma": 0.0,
        "reg_alpha": 0.012285265631366253,
        "reg_lambda": 0.0013142287080941115,
        "random_state": 42,
        "n_jobs": -1
    },
    "metrics": {
        "MSE": {
            "Temperature": 0.028151670213835866,
            "Precipitation_accumulated": 0.01319820538537285,
            "Humidity": 0.29894085597817194,
            "Wind_Speed_kmh": 0.0011120358504306187,
            "Soil_Moisture": 495.89159573925303,
            "Soil_Temperature": 0.010420290664777588,
            "Wind_Dir_Sin": 0.0008490278043742853,
            "Wind_Dir_Cos": 0.0003877614425141139
        },
        "RMSE": {
            "Temperature": 0.1677845946856739,
            "Precipitation_accumulated": 0.1148834426075962,
            "Humidity": 0.5467548408365233,
            "Wind_Speed_kmh": 0.033347201538219344,
            "Soil_Moisture": 22.268623570828375,
            "Soil_Temperature": 0.1020798249644737,
            "Wind_Dir_Sin": 0.02913808168658818,
            "Wind_Dir_Cos": 0.01969165921181133
        },
        "MAE": {
            "Temperature": 0.08018362757291037,
            "Precipitation_accumulated": 0.051729408117646695,
            "Humidity": 0.24301791316475935,
            "Wind_Speed_kmh": 0.009931910887594344,
            "Soil_Moisture": 6.195248308092668,
            "Soil_Temperature": 0.048953563092848075,
            "Wind_Dir_Sin": 0.01079556425728014,
            "Wind_Dir_Cos": 0.006941451066827545
        },
        "R2": {
            "Temperature": 0.9917306719229805,
            "Precipitation_accumulated": 0.9860946164978023,
            "Humidity": 0.995402935928675,
            "Wind_Speed_kmh": 0.9967322671237219,
            "Soil_Moisture": 0.9993298492050473,
            "Soil_Temperature": 0.9981432814377624,
            "Wind_Dir_Sin": 0.9947140258876895,
            "Wind_Dir_Cos": 0.9986493523371608
        },
        "SMAPE": {
            "Temperature": 1.3276483208691885,
            "Precipitation_accumulated": 0.011243002682383544,
            "Humidity": 0.29184547970870456,
            "Wind_Speed_kmh": 123.55512153314693,
            "Soil_Moisture": 0.10104768756089869,
            "Soil_Temperature": 2.7260067945692925,
            "Wind_Dir_Sin": 119.01411048991024,
            "Wind_Dir_Cos": 4.725919113072478
        }
    }
}