{
    "trial_number": 39,
    "overall_mae_val": 0.11557685764122042,
    "output_chunk_length": 5,
    "xgb_params": {
        "n_estimators": 450,
        "max_depth": 3,
        "learning_rate": 0.04408443823202783,
        "min_child_weight": 9,
        "subsample": 0.6,
        "colsample_bytree": 0.7,
        "gamma": 0.2,
        "reg_alpha": 4.944219917506425e-05,
        "reg_lambda": 1.0018071194686846e-05,
        "n_jobs": -1
    },
    "metrics": {
        "MSE": {
            "Temperature": 10.68393496119946,
            "Precipitation_accumulated": 81.50677894554903,
            "Humidity": 70.58270933133645,
            "Wind_Speed_kmh": 1.2904151117056786,
            "Soil_Moisture": 6289.686490417475,
            "Soil_Temperature": 2.9391556072671663,
            "Wind_Dir_Sin": 0.6029603800808965,
            "Wind_Dir_Cos": 0.38800359245458915
        },
        "RMSE": {
            "Temperature": 3.2686289115161817,
            "Precipitation_accumulated": 9.028110485896207,
            "Humidity": 8.401351637167465,
            "Wind_Speed_kmh": 1.1359643971998763,
            "Soil_Moisture": 79.30754371695971,
            "Soil_Temperature": 1.7143965723446737,
            "Wind_Dir_Sin": 0.7765052350634196,
            "Wind_Dir_Cos": 0.6228993437583549
        },
        "MAE": {
            "Temperature": 2.630515875173614,
            "Precipitation_accumulated": 8.380831625625374,
            "Humidity": 6.5973551426988655,
            "Wind_Speed_kmh": 0.887565312902042,
            "Soil_Moisture": 55.263484742976914,
            "Soil_Temperature": 1.3503409169643592,
            "Wind_Dir_Sin": 0.6906872844272512,
            "Wind_Dir_Cos": 0.5147024075119099
        },
        "R2": {
            "Temperature": 0.6500819798319917,
            "Precipitation_accumulated": -22.568845174199748,
            "Humidity": 0.5184870787410771,
            "Wind_Speed_kmh": 0.04480954634983991,
            "Soil_Moisture": 0.8918282827876176,
            "Soil_Temperature": 0.8183261485962579,
            "Wind_Dir_Sin": -0.09697219451561767,
            "Wind_Dir_Cos": -0.05383862098799019
        },
        "SMAPE": {
            "Temperature": 39.58683525279845,
            "Precipitation_accumulated": 1.8216315805474477,
            "Humidity": 7.85285988929984,
            "Wind_Speed_kmh": 74.93712279648676,
            "Soil_Moisture": 0.6447853917870352,
            "Soil_Temperature": 22.866039086981935,
            "Wind_Dir_Sin": 148.4255826829276,
            "Wind_Dir_Cos": 120.31975131104433
        }
    }
}