{
    "trial_number": 11,
    "overall_smape_val": 37.489381808673656,
    "xgb_params": {
        "n_estimators": 150,
        "max_depth": 8,
        "learning_rate": 0.03301577833283666,
        "min_child_weight": 10,
        "subsample": 1.0,
        "colsample_bytree": 0.9,
        "gamma": 0.0,
        "reg_alpha": 0.02777943707689817,
        "reg_lambda": 0.01310521873982576,
        "random_state": 42,
        "n_jobs": -1
    },
    "metrics": {
        "MSE": {
            "Temperature": 0.11725241746155445,
            "Precipitation_accumulated": 3.13124259887107,
            "Humidity": 1.053001673297137,
            "Wind_Speed_kmh": 0.013566106139155909,
            "Soil_Moisture": 4732.081132542355,
            "Soil_Temperature": 0.044752647892654596,
            "Wind_Dir_Sin": 0.009773571699520265,
            "Wind_Dir_Cos": 0.006888388920943835
        },
        "RMSE": {
            "Temperature": 0.34242140333447973,
            "Precipitation_accumulated": 1.7695317456522417,
            "Humidity": 1.0261586979103852,
            "Wind_Speed_kmh": 0.11647362851373658,
            "Soil_Moisture": 68.79012380089424,
            "Soil_Temperature": 0.2115482164724028,
            "Wind_Dir_Sin": 0.09886137617654463,
            "Wind_Dir_Cos": 0.08299631871922895
        },
        "MAE": {
            "Temperature": 0.20390420607371076,
            "Precipitation_accumulated": 1.7598314541212519,
            "Humidity": 0.49076852290443895,
            "Wind_Speed_kmh": 0.05564889857295194,
            "Soil_Moisture": 18.27707115133355,
            "Soil_Temperature": 0.13824246383530864,
            "Wind_Dir_Sin": 0.04063110212031611,
            "Wind_Dir_Cos": 0.034441588849617295
        },
        "R2": {
            "Temperature": 0.9655580397025002,
            "Precipitation_accumulated": -2.299018912372418,
            "Humidity": 0.9838071107961476,
            "Wind_Speed_kmh": 0.9601358076568915,
            "Soil_Moisture": 0.9936050379558733,
            "Soil_Temperature": 0.9920258393239987,
            "Wind_Dir_Sin": 0.9391505829110639,
            "Wind_Dir_Cos": 0.9760064168926187
        },
        "SMAPE": {
            "Temperature": 3.7104361102548493,
            "Precipitation_accumulated": 0.38367073647900435,
            "Humidity": 0.5845893656901356,
            "Wind_Speed_kmh": 143.01439898570862,
            "Soil_Moisture": 0.29749039651292125,
            "Soil_Temperature": 7.184156379118369,
            "Wind_Dir_Sin": 131.083612773998,
            "Wind_Dir_Cos": 13.656699721627437
        }
    }
}