{
    "trial_number": 15,
    "overall_mae_val": 0.15070318160955792,
    "xgb_params": {
        "n_estimators": 100,
        "max_depth": 4,
        "learning_rate": 0.011195017949426738,
        "min_child_weight": 1,
        "subsample": 0.8,
        "colsample_bytree": 0.8,
        "gamma": 0.05,
        "reg_alpha": 6.353318289117471e-05,
        "reg_lambda": 0.03181730170723936,
        "n_jobs": -1
    },
    "metrics": {
        "MSE": {
            "Temperature": 16.26219905273412,
            "Precipitation_accumulated": 7335.363220826674,
            "Humidity": 148.82437801210324,
            "Wind_Speed_kmh": 0.9225305770223694,
            "Soil_Moisture": 146170.4185526104,
            "Soil_Temperature": 26.258626397168282,
            "Wind_Dir_Sin": 0.3856208647619019,
            "Wind_Dir_Cos": 0.30482236803453333
        },
        "RMSE": {
            "Temperature": 4.032641696547577,
            "Precipitation_accumulated": 85.64673502724241,
            "Humidity": 12.199359737793753,
            "Wind_Speed_kmh": 0.9604845532450635,
            "Soil_Moisture": 382.3224013219869,
            "Soil_Temperature": 5.124317163990563,
            "Wind_Dir_Sin": 0.6209837878414395,
            "Wind_Dir_Cos": 0.5521072070119474
        },
        "MAE": {
            "Temperature": 3.464078895366225,
            "Precipitation_accumulated": 85.62151872914026,
            "Humidity": 11.030304050932733,
            "Wind_Speed_kmh": 0.8072538659478204,
            "Soil_Moisture": 372.31874639321643,
            "Soil_Temperature": 5.002459082530793,
            "Wind_Dir_Sin": 0.5499215980375671,
            "Wind_Dir_Cos": 0.4674504684282077
        },
        "R2": {
            "Temperature": 0.46785540562810035,
            "Precipitation_accumulated": -2101.321236388231,
            "Humidity": -0.014864594846221157,
            "Wind_Speed_kmh": 0.320157089956163,
            "Soil_Moisture": -1.467737056884939,
            "Soil_Temperature": -0.6205945253638836,
            "Wind_Dir_Sin": 0.29666512293384606,
            "Wind_Dir_Cos": 0.17650433683304878
        },
        "SMAPE": {
            "Temperature": 49.27278320440997,
            "Precipitation_accumulated": 20.3060706967923,
            "Humidity": 12.971432283936375,
            "Wind_Speed_kmh": 67.5726361728368,
            "Soil_Moisture": 4.41783909233134,
            "Soil_Temperature": 60.266672676799516,
            "Wind_Dir_Sin": 116.96262948992512,
            "Wind_Dir_Cos": 123.2277425416551
        }
    }
}