{
    "trial_number": 41,
    "forecast_horizon": 1,
    "overall_smape_val": 44.765899532020825,
    "output_chunk_length": 11,
    "xgb_params": {
        "n_estimators": 350,
        "max_depth": 4,
        "learning_rate": 0.03765980440375564,
        "min_child_weight": 6,
        "subsample": 0.8,
        "colsample_bytree": 0.7,
        "gamma": 0.3,
        "reg_alpha": 0.0006032066799756321,
        "reg_lambda": 0.0015758621041558052,
        "random_state": 42,
        "n_jobs": -1
    },
    "metrics": {
        "MSE": {
            "Temperature": 0.8482552668793388,
            "Precipitation_accumulated": 12.204445371185612,
            "Humidity": 2.966863021162148,
            "Wind_Speed_kmh": 0.06673619776073035,
            "Soil_Moisture": 13278.817523976426,
            "Soil_Temperature": 0.7466434589506431,
            "Wind_Dir_Sin": 0.03130575573038046,
            "Wind_Dir_Cos": 0.025438855540842496
        },
        "RMSE": {
            "Temperature": 0.9210077452873775,
            "Precipitation_accumulated": 3.4934861343914925,
            "Humidity": 1.722458423638187,
            "Wind_Speed_kmh": 0.25833350104221936,
            "Soil_Moisture": 115.23375167014404,
            "Soil_Temperature": 0.8640853308271372,
            "Wind_Dir_Sin": 0.17693432603760204,
            "Wind_Dir_Cos": 0.15949562859477528
        },
        "MAE": {
            "Temperature": 0.6143444514857581,
            "Precipitation_accumulated": 3.354892218520042,
            "Humidity": 1.0240470619227722,
            "Wind_Speed_kmh": 0.11765451256094174,
            "Soil_Moisture": 61.892302466927234,
            "Soil_Temperature": 0.5295986977102655,
            "Wind_Dir_Sin": 0.07561008559163816,
            "Wind_Dir_Cos": 0.060915882988129104
        },
        "R2": {
            "Temperature": 0.7508317964225965,
            "Precipitation_accumulated": -11.858376450637698,
            "Humidity": 0.9543760609285101,
            "Wind_Speed_kmh": 0.803894750896663,
            "Soil_Moisture": 0.9820549285444963,
            "Soil_Temperature": 0.8669608349512865,
            "Wind_Dir_Sin": 0.8050930564293324,
            "Wind_Dir_Cos": 0.9113915747817214
        },
        "SMAPE": {
            "Temperature": 11.339852053478484,
            "Precipitation_accumulated": 0.7325705139591784,
            "Humidity": 1.1968040225232894,
            "Wind_Speed_kmh": 166.5164771136124,
            "Soil_Moisture": 1.0484540444011532,
            "Soil_Temperature": 16.360261657949742,
            "Wind_Dir_Sin": 140.13757569644557,
            "Wind_Dir_Cos": 20.795201153797183
        }
    }
}