{
    "trial_number": 65,
    "overall_mae_val": 0.07885538818272761,
    "xgb_params": {
        "n_estimators": 300,
        "max_depth": 4,
        "learning_rate": 0.015305410959320498,
        "min_child_weight": 6,
        "subsample": 0.7,
        "colsample_bytree": 0.8,
        "gamma": 0.0,
        "reg_alpha": 5.72997268514151e-05,
        "reg_lambda": 0.0008608258577076867,
        "n_jobs": -1
    },
    "metrics": {
        "MSE": {
            "Temperature": 2.066726034800131,
            "Precipitation_accumulated": 44.07085211726098,
            "Humidity": 11.381710305011378,
            "Wind_Speed_kmh": 0.5337033774174597,
            "Soil_Moisture": 1383.0412614693855,
            "Soil_Temperature": 0.3994040935216219,
            "Wind_Dir_Sin": 0.3640336781163533,
            "Wind_Dir_Cos": 0.3019021079469777
        },
        "RMSE": {
            "Temperature": 1.437611225192726,
            "Precipitation_accumulated": 6.638588111734376,
            "Humidity": 3.373679045939518,
            "Wind_Speed_kmh": 0.7305500512746951,
            "Soil_Moisture": 37.18926271747513,
            "Soil_Temperature": 0.6319842510075879,
            "Wind_Dir_Sin": 0.6033520349815299,
            "Wind_Dir_Cos": 0.5494561929280419
        },
        "MAE": {
            "Temperature": 1.0784327344209035,
            "Precipitation_accumulated": 6.04764530273907,
            "Humidity": 2.511504304118229,
            "Wind_Speed_kmh": 0.5511931105478093,
            "Soil_Moisture": 25.793124969080598,
            "Soil_Temperature": 0.4333088436960353,
            "Wind_Dir_Sin": 0.5032128979253154,
            "Wind_Dir_Cos": 0.44167917979303606
        },
        "R2": {
            "Temperature": 0.9323110179018022,
            "Precipitation_accumulated": -11.74371412641254,
            "Humidity": 0.9223543466975463,
            "Wind_Speed_kmh": 0.6049423425333539,
            "Soil_Moisture": 0.9762140850014301,
            "Soil_Temperature": 0.975312201995334,
            "Wind_Dir_Sin": 0.337709680514479,
            "Wind_Dir_Cos": 0.18001764081747162
        },
        "SMAPE": {
            "Temperature": 21.607770231879112,
            "Precipitation_accumulated": 1.3107979855211689,
            "Humidity": 3.007169164279365,
            "Wind_Speed_kmh": 56.7227246511883,
            "Soil_Moisture": 0.3006749484296825,
            "Soil_Temperature": 7.752388388555525,
            "Wind_Dir_Sin": 101.89248620841735,
            "Wind_Dir_Cos": 108.41167623458931
        }
    }
}