{
    "trial_number": 31,
    "forecast_horizon": 1,
    "overall_smape_val": 44.7531874286058,
    "output_chunk_length": 18,
    "xgb_params": {
        "n_estimators": 500,
        "max_depth": 5,
        "learning_rate": 0.02359631854400831,
        "min_child_weight": 9,
        "subsample": 0.9,
        "colsample_bytree": 0.8,
        "gamma": 0.3,
        "reg_alpha": 0.00029499221018979417,
        "reg_lambda": 0.0016901876894071931,
        "random_state": 42,
        "n_jobs": -1
    },
    "metrics": {
        "MSE": {
            "Temperature": 0.8773073600980373,
            "Precipitation_accumulated": 11.588173401739347,
            "Humidity": 2.864103994077323,
            "Wind_Speed_kmh": 0.06688188793135151,
            "Soil_Moisture": 12952.25275332272,
            "Soil_Temperature": 0.828472304157185,
            "Wind_Dir_Sin": 0.029222355886967248,
            "Wind_Dir_Cos": 0.023311736100854297
        },
        "RMSE": {
            "Temperature": 0.9366468705430224,
            "Precipitation_accumulated": 3.4041406260228655,
            "Humidity": 1.6923663888405853,
            "Wind_Speed_kmh": 0.25861532810595644,
            "Soil_Moisture": 113.80796436683471,
            "Soil_Temperature": 0.910204539736638,
            "Wind_Dir_Sin": 0.1709454763571334,
            "Wind_Dir_Cos": 0.15268181326161376
        },
        "MAE": {
            "Temperature": 0.6577578303566338,
            "Precipitation_accumulated": 3.261752570082542,
            "Humidity": 0.995214468277404,
            "Wind_Speed_kmh": 0.11405385728901091,
            "Soil_Moisture": 59.3556944674363,
            "Soil_Temperature": 0.6216040996514358,
            "Wind_Dir_Sin": 0.07278698586720717,
            "Wind_Dir_Cos": 0.05963376884191494
        },
        "R2": {
            "Temperature": 0.7422979762860029,
            "Precipitation_accumulated": -11.209083775869786,
            "Humidity": 0.9559562726057338,
            "Wind_Speed_kmh": 0.8034666382957023,
            "Soil_Moisture": 0.9824962500803671,
            "Soil_Temperature": 0.852380326526986,
            "Wind_Dir_Sin": 0.8180641247278436,
            "Wind_Dir_Cos": 0.9188007407925874
        },
        "SMAPE": {
            "Temperature": 11.954632060176728,
            "Precipitation_accumulated": 0.7121539433418704,
            "Humidity": 1.1604805535973042,
            "Wind_Speed_kmh": 164.71407847733525,
            "Soil_Moisture": 1.0085917341242443,
            "Soil_Temperature": 17.60256832629976,
            "Wind_Dir_Sin": 140.26492336442564,
            "Wind_Dir_Cos": 20.608070969545786
        }
    }
}