{
    "trial_number": 6,
    "overall_smape_val": 44.48571902501146,
    "xgb_params": {
        "n_estimators": 450,
        "max_depth": 8,
        "learning_rate": 0.017252980488618508,
        "min_child_weight": 3,
        "subsample": 0.7,
        "colsample_bytree": 0.8,
        "gamma": 0.3,
        "reg_alpha": 0.14838560102688336,
        "reg_lambda": 0.27219870644534244,
        "random_state": 42,
        "n_jobs": -1
    },
    "metrics": {
        "MSE": {
            "Temperature": 0.9029908323828804,
            "Precipitation_accumulated": 13.70501658434287,
            "Humidity": 3.0902626601738565,
            "Wind_Speed_kmh": 0.0677308153653887,
            "Soil_Moisture": 13416.097953665596,
            "Soil_Temperature": 0.8896658115303901,
            "Wind_Dir_Sin": 0.025216900880325965,
            "Wind_Dir_Cos": 0.019237676214467928
        },
        "RMSE": {
            "Temperature": 0.95025829771851,
            "Precipitation_accumulated": 3.7020287119825084,
            "Humidity": 1.7579142926132254,
            "Wind_Speed_kmh": 0.2602514464232403,
            "Soil_Moisture": 115.82788072681636,
            "Soil_Temperature": 0.9432209770411121,
            "Wind_Dir_Sin": 0.1587983025108454,
            "Wind_Dir_Cos": 0.13869995030448976
        },
        "MAE": {
            "Temperature": 0.6545577587540968,
            "Precipitation_accumulated": 3.571536505629417,
            "Humidity": 1.0541551824896924,
            "Wind_Speed_kmh": 0.11771603290497559,
            "Soil_Moisture": 65.42663659325868,
            "Soil_Temperature": 0.5744634919777142,
            "Wind_Dir_Sin": 0.07090522751043328,
            "Wind_Dir_Cos": 0.05481942575102963
        },
        "R2": {
            "Temperature": 0.7347536616195138,
            "Precipitation_accumulated": -13.439350346864142,
            "Humidity": 0.9524784412637138,
            "Wind_Speed_kmh": 0.8009720531753542,
            "Soil_Moisture": 0.9818694069710755,
            "Soil_Temperature": 0.8414766843270325,
            "Wind_Dir_Sin": 0.8430017432181286,
            "Wind_Dir_Cos": 0.9329914747349249
        },
        "SMAPE": {
            "Temperature": 11.978914179535094,
            "Precipitation_accumulated": 0.7800758489156346,
            "Humidity": 1.2291491253147888,
            "Wind_Speed_kmh": 165.88724095985816,
            "Soil_Moisture": 1.1133454601717236,
            "Soil_Temperature": 17.05479676566602,
            "Wind_Dir_Sin": 138.91433473977668,
            "Wind_Dir_Cos": 18.927895120853798
        }
    }
}