{
    "trial_number": 20,
    "overall_smape_val": 43.54911022189688,
    "xgb_params": {
        "n_estimators": 200,
        "max_depth": 3,
        "learning_rate": 0.06657595242295507,
        "min_child_weight": 7,
        "subsample": 0.8,
        "colsample_bytree": 0.8,
        "gamma": 0.1,
        "reg_alpha": 5.151112476907199e-05,
        "reg_lambda": 0.02074752099574309,
        "random_state": 42,
        "n_jobs": -1
    },
    "metrics": {
        "MSE": {
            "Temperature": 0.5253250930145474,
            "Precipitation_accumulated": 6.3657731064301535,
            "Humidity": 2.082990381644308,
            "Wind_Speed_kmh": 0.06472971687105858,
            "Soil_Moisture": 10024.24463415259,
            "Soil_Temperature": 0.3344145639853165,
            "Wind_Dir_Sin": 0.028061297024327147,
            "Wind_Dir_Cos": 0.02285449023842772
        },
        "RMSE": {
            "Temperature": 0.7247931380846175,
            "Precipitation_accumulated": 2.523048375760987,
            "Humidity": 1.4432568661344756,
            "Wind_Speed_kmh": 0.2544203546712774,
            "Soil_Moisture": 100.12114978441164,
            "Soil_Temperature": 0.5782858843040495,
            "Wind_Dir_Sin": 0.16751506506677882,
            "Wind_Dir_Cos": 0.1511770162373491
        },
        "MAE": {
            "Temperature": 0.4827382929830408,
            "Precipitation_accumulated": 2.327365363051292,
            "Humidity": 0.8130435567609421,
            "Wind_Speed_kmh": 0.09772234826841976,
            "Soil_Moisture": 38.565935034674716,
            "Soil_Temperature": 0.363313353555353,
            "Wind_Dir_Sin": 0.0705821697543868,
            "Wind_Dir_Cos": 0.05513679822141812
        },
        "R2": {
            "Temperature": 0.8456899534474844,
            "Precipitation_accumulated": -5.706860042577464,
            "Humidity": 0.9679681112404666,
            "Wind_Speed_kmh": 0.8097908230118427,
            "Soil_Moisture": 0.9864531773313012,
            "Soil_Temperature": 0.9404130126107794,
            "Wind_Dir_Sin": 0.8252927773811066,
            "Wind_Dir_Cos": 0.9203934160504088
        },
        "SMAPE": {
            "Temperature": 8.9386029788834,
            "Precipitation_accumulated": 0.5075622509199322,
            "Humidity": 0.9585027271259697,
            "Wind_Speed_kmh": 166.0902662415259,
            "Soil_Moisture": 0.645714787174275,
            "Soil_Temperature": 13.312557384651573,
            "Wind_Dir_Sin": 139.1644978442314,
            "Wind_Dir_Cos": 18.775177560662446
        }
    }
}