{
    "trial_number": 25,
    "overall_mae_val": 0.07902904298910986,
    "xgb_params": {
        "n_estimators": 250,
        "max_depth": 4,
        "learning_rate": 0.026074655114268756,
        "min_child_weight": 1,
        "subsample": 0.7,
        "colsample_bytree": 0.8,
        "gamma": 0.05,
        "reg_alpha": 0.00015526753501317726,
        "reg_lambda": 0.06371982184795157,
        "n_jobs": -1
    },
    "metrics": {
        "MSE": {
            "Temperature": 2.2634959971665642,
            "Precipitation_accumulated": 55.214696270512185,
            "Humidity": 10.366412880038984,
            "Wind_Speed_kmh": 0.5473401261194704,
            "Soil_Moisture": 1609.6191634093432,
            "Soil_Temperature": 0.7625336283392733,
            "Wind_Dir_Sin": 0.3596813114191326,
            "Wind_Dir_Cos": 0.3060502379393561
        },
        "RMSE": {
            "Temperature": 1.5044919398808902,
            "Precipitation_accumulated": 7.430659208341625,
            "Humidity": 3.2196914262144727,
            "Wind_Speed_kmh": 0.7398243887027991,
            "Soil_Moisture": 40.1200593644793,
            "Soil_Temperature": 0.8732317151474019,
            "Wind_Dir_Sin": 0.5997343673820374,
            "Wind_Dir_Cos": 0.5532180744872279
        },
        "MAE": {
            "Temperature": 1.1589382823278458,
            "Precipitation_accumulated": 7.079331091774036,
            "Humidity": 2.4832987060950242,
            "Wind_Speed_kmh": 0.5541338586607907,
            "Soil_Moisture": 22.220732149501895,
            "Soil_Temperature": 0.5952032720590863,
            "Wind_Dir_Sin": 0.487168804599714,
            "Wind_Dir_Cos": 0.44676534699533177
        },
        "R2": {
            "Temperature": 0.9259320860992591,
            "Precipitation_accumulated": -14.824578147766493,
            "Humidity": 0.9293092600282608,
            "Wind_Speed_kmh": 0.5966471861281204,
            "Soil_Moisture": 0.9728254396727495,
            "Soil_Temperature": 0.9529389768984357,
            "Wind_Dir_Sin": 0.3439763403202607,
            "Wind_Dir_Cos": 0.17318717363379088
        },
        "SMAPE": {
            "Temperature": 24.169309001292383,
            "Precipitation_accumulated": 1.535448487076398,
            "Humidity": 2.9223880294708877,
            "Wind_Speed_kmh": 57.42288675291571,
            "Soil_Moisture": 0.2600099407038149,
            "Soil_Temperature": 9.479400419925009,
            "Wind_Dir_Sin": 97.32628896715461,
            "Wind_Dir_Cos": 110.36707791392745
        }
    }
}