{
    "trial_number": 42,
    "overall_mae_val": 0.09641066858465107,
    "output_chunk_length": 2,
    "xgb_params": {
        "n_estimators": 600,
        "max_depth": 4,
        "learning_rate": 0.031140128619579033,
        "min_child_weight": 7,
        "subsample": 0.7,
        "colsample_bytree": 0.8,
        "gamma": 0.15000000000000002,
        "reg_alpha": 0.006468792986214101,
        "reg_lambda": 0.01628578857805802,
        "n_jobs": -1
    },
    "metrics": {
        "MSE": {
            "Temperature": 5.862755836619507,
            "Precipitation_accumulated": 64.93535004648201,
            "Humidity": 26.0047528934082,
            "Wind_Speed_kmh": 0.953374338382955,
            "Soil_Moisture": 2049.1221172941246,
            "Soil_Temperature": 1.726472663575107,
            "Wind_Dir_Sin": 0.46164861764216286,
            "Wind_Dir_Cos": 0.33809923571029754
        },
        "RMSE": {
            "Temperature": 2.4213128332827023,
            "Precipitation_accumulated": 8.058247330932577,
            "Humidity": 5.099485551838361,
            "Wind_Speed_kmh": 0.9764088991723473,
            "Soil_Moisture": 45.267230059880234,
            "Soil_Temperature": 1.3139530674933206,
            "Wind_Dir_Sin": 0.6794472883470526,
            "Wind_Dir_Cos": 0.5814630131919807
        },
        "MAE": {
            "Temperature": 1.939188641379968,
            "Precipitation_accumulated": 7.712239246932235,
            "Humidity": 4.078965834491657,
            "Wind_Speed_kmh": 0.7396549843522304,
            "Soil_Moisture": 27.192130471366752,
            "Soil_Temperature": 0.9308559937742725,
            "Wind_Dir_Sin": 0.5800774800047889,
            "Wind_Dir_Cos": 0.4858180132694335
        },
        "R2": {
            "Temperature": 0.8081542467619196,
            "Precipitation_accumulated": -17.610525652966615,
            "Humidity": 0.8226681450864285,
            "Wind_Speed_kmh": 0.2974273149195902,
            "Soil_Moisture": 0.9654054860552431,
            "Soil_Temperature": 0.8934478862503659,
            "Wind_Dir_Sin": 0.1579979108817422,
            "Wind_Dir_Cos": 0.08660490986032798
        },
        "SMAPE": {
            "Temperature": 33.3202471639857,
            "Precipitation_accumulated": 1.6740140437258524,
            "Humidity": 4.769894290277449,
            "Wind_Speed_kmh": 68.47149574316566,
            "Soil_Moisture": 0.31737794124434415,
            "Soil_Temperature": 14.904536280081674,
            "Wind_Dir_Sin": 120.30272266950328,
            "Wind_Dir_Cos": 121.77778787924892
        }
    }
}