{
    "trial_number": 10,
    "overall_mae_val": 0.07733455944093053,
    "xgb_params": {
        "n_estimators": 350,
        "max_depth": 3,
        "learning_rate": 0.02189401421964276,
        "min_child_weight": 4,
        "subsample": 0.6,
        "colsample_bytree": 0.9,
        "gamma": 0.0,
        "reg_alpha": 3.4832797169416627e-05,
        "reg_lambda": 0.4101425184593847,
        "n_jobs": -1
    },
    "metrics": {
        "MSE": {
            "Temperature": 1.8924168609484482,
            "Precipitation_accumulated": 22.757752887703077,
            "Humidity": 11.012775524170653,
            "Wind_Speed_kmh": 0.5379075096106861,
            "Soil_Moisture": 1136.7184270359187,
            "Soil_Temperature": 0.4373802890584904,
            "Wind_Dir_Sin": 0.36071253450424334,
            "Wind_Dir_Cos": 0.30329142171124557
        },
        "RMSE": {
            "Temperature": 1.3756514314856245,
            "Precipitation_accumulated": 4.770508661317269,
            "Humidity": 3.3185502142005707,
            "Wind_Speed_kmh": 0.7334217815218512,
            "Soil_Moisture": 33.71525510856945,
            "Soil_Temperature": 0.6613473286091737,
            "Wind_Dir_Sin": 0.6005934852329347,
            "Wind_Dir_Cos": 0.5507190043127671
        },
        "MAE": {
            "Temperature": 1.026382198164673,
            "Precipitation_accumulated": 4.220194765056209,
            "Humidity": 2.4201276271046503,
            "Wind_Speed_kmh": 0.5507332186550368,
            "Soil_Moisture": 20.50222325417637,
            "Soil_Temperature": 0.5019915176773249,
            "Wind_Dir_Sin": 0.49006888738635146,
            "Wind_Dir_Cos": 0.4430041596617358
        },
        "R2": {
            "Temperature": 0.9380199557821629,
            "Precipitation_accumulated": -5.5807281463214,
            "Humidity": 0.9248712076364302,
            "Wind_Speed_kmh": 0.6018303618223211,
            "Soil_Moisture": 0.9804504112523307,
            "Soil_Temperature": 0.9729648333538827,
            "Wind_Dir_Sin": 0.34375187220208037,
            "Wind_Dir_Cos": 0.17624418992699542
        },
        "SMAPE": {
            "Temperature": 20.660208727563017,
            "Precipitation_accumulated": 0.9120264955027185,
            "Humidity": 2.921475012855808,
            "Wind_Speed_kmh": 56.75716963798748,
            "Soil_Moisture": 0.23953652326476155,
            "Soil_Temperature": 9.218309832311297,
            "Wind_Dir_Sin": 97.54328240468536,
            "Wind_Dir_Cos": 109.24541039085071
        }
    }
}