{
    "trial_number": 73,
    "overall_mae_val": 0.077392541280869,
    "xgb_params": {
        "n_estimators": 250,
        "max_depth": 4,
        "learning_rate": 0.03037395951012478,
        "min_child_weight": 6,
        "subsample": 0.6,
        "colsample_bytree": 0.8,
        "gamma": 0.0,
        "reg_alpha": 1.3993472736372449e-05,
        "reg_lambda": 0.4841109916613661,
        "n_jobs": -1
    },
    "metrics": {
        "MSE": {
            "Temperature": 1.8629947008022767,
            "Precipitation_accumulated": 22.591039411752348,
            "Humidity": 10.412761649109912,
            "Wind_Speed_kmh": 0.5481620857277938,
            "Soil_Moisture": 1429.41753206843,
            "Soil_Temperature": 0.5271614216838013,
            "Wind_Dir_Sin": 0.36045798851746363,
            "Wind_Dir_Cos": 0.30677762775441847
        },
        "RMSE": {
            "Temperature": 1.364915638712619,
            "Precipitation_accumulated": 4.753003199215454,
            "Humidity": 3.226881102412965,
            "Wind_Speed_kmh": 0.7403796902453456,
            "Soil_Moisture": 37.80763854128462,
            "Soil_Temperature": 0.7260588279773212,
            "Wind_Dir_Sin": 0.6003815357899205,
            "Wind_Dir_Cos": 0.5538751012226659
        },
        "MAE": {
            "Temperature": 1.0196870243001614,
            "Precipitation_accumulated": 4.014224072847619,
            "Humidity": 2.270149545818242,
            "Wind_Speed_kmh": 0.554789090479132,
            "Soil_Moisture": 24.937135497554866,
            "Soil_Temperature": 0.5400913480853223,
            "Wind_Dir_Sin": 0.493786020398485,
            "Wind_Dir_Cos": 0.44043888524194696
        },
        "R2": {
            "Temperature": 0.9390032909011877,
            "Precipitation_accumulated": -5.522725662471349,
            "Humidity": 0.9289694315379007,
            "Wind_Speed_kmh": 0.5940298388700691,
            "Soil_Moisture": 0.9754898554333519,
            "Soil_Temperature": 0.9674299839742897,
            "Wind_Dir_Sin": 0.34394968142301463,
            "Wind_Dir_Cos": 0.16766016091573643
        },
        "SMAPE": {
            "Temperature": 20.478886158334674,
            "Precipitation_accumulated": 0.8677312977759345,
            "Humidity": 2.74073214448002,
            "Wind_Speed_kmh": 57.484807898937355,
            "Soil_Moisture": 0.29112585775902394,
            "Soil_Temperature": 9.830915343541147,
            "Wind_Dir_Sin": 98.66273014687877,
            "Wind_Dir_Cos": 106.39669125334619
        }
    }
}