{
    "trial_number": 7,
    "overall_mae_val": 0.083971594584249,
    "xgb_params": {
        "n_estimators": 600,
        "max_depth": 7,
        "learning_rate": 0.01159842946015933,
        "min_child_weight": 6,
        "subsample": 0.6,
        "colsample_bytree": 0.6,
        "gamma": 0.2,
        "reg_alpha": 0.022524298589579383,
        "reg_lambda": 0.00643050490927935,
        "n_jobs": -1
    },
    "metrics": {
        "MSE": {
            "Temperature": 4.126799529372313,
            "Precipitation_accumulated": 73.3112987145652,
            "Humidity": 16.092698480173784,
            "Wind_Speed_kmh": 0.5847988962209454,
            "Soil_Moisture": 1376.487465794543,
            "Soil_Temperature": 1.04111856343219,
            "Wind_Dir_Sin": 0.3633878086259034,
            "Wind_Dir_Cos": 0.3009258081504601
        },
        "RMSE": {
            "Temperature": 2.0314525663604144,
            "Precipitation_accumulated": 8.562201744561103,
            "Humidity": 4.011570575245285,
            "Wind_Speed_kmh": 0.7647214500855494,
            "Soil_Moisture": 37.10104399871442,
            "Soil_Temperature": 1.0203521761784948,
            "Wind_Dir_Sin": 0.6028165629989801,
            "Wind_Dir_Cos": 0.5485670498220433
        },
        "MAE": {
            "Temperature": 1.566376170175694,
            "Precipitation_accumulated": 8.27996383887945,
            "Humidity": 3.337171260941303,
            "Wind_Speed_kmh": 0.5747034489956371,
            "Soil_Moisture": 25.11464034091936,
            "Soil_Temperature": 0.7261673845822993,
            "Wind_Dir_Sin": 0.5039007542731733,
            "Wind_Dir_Cos": 0.4503694684927373
        },
        "R2": {
            "Temperature": 0.8649432765394625,
            "Precipitation_accumulated": -19.98039907922036,
            "Humidity": 0.8902675659639541,
            "Wind_Speed_kmh": 0.5689041996009423,
            "Soil_Moisture": 0.9768385460200382,
            "Soil_Temperature": 0.9357480124573075,
            "Wind_Dir_Sin": 0.33727622924990885,
            "Wind_Dir_Cos": 0.18698546081361767
        },
        "SMAPE": {
            "Temperature": 29.736454610338054,
            "Precipitation_accumulated": 1.7982194018266524,
            "Humidity": 3.8719135789576535,
            "Wind_Speed_kmh": 58.5913652991077,
            "Soil_Moisture": 0.29267229077254775,
            "Soil_Temperature": 13.344009451784023,
            "Wind_Dir_Sin": 103.55446244559784,
            "Wind_Dir_Cos": 112.76120551667731
        }
    }
}