{
    "trial_number": 28,
    "overall_smape_val": 34.44622017185604,
    "xgb_params": {
        "n_estimators": 300,
        "max_depth": 5,
        "learning_rate": 0.10702581629874516,
        "min_child_weight": 9,
        "subsample": 0.9,
        "colsample_bytree": 0.6,
        "gamma": 0.0,
        "reg_alpha": 0.003464889994125474,
        "reg_lambda": 0.00024164942943856148,
        "random_state": 42,
        "n_jobs": -1
    },
    "metrics": {
        "MSE": {
            "Temperature": 0.09807003171524512,
            "Precipitation_accumulated": 0.021557638167696097,
            "Humidity": 0.7271672698095921,
            "Wind_Speed_kmh": 0.0028829943530862797,
            "Soil_Moisture": 777.6599965594472,
            "Soil_Temperature": 0.02382714938314782,
            "Wind_Dir_Sin": 0.0028775382955937845,
            "Wind_Dir_Cos": 0.001893476012739283
        },
        "RMSE": {
            "Temperature": 0.3131613509283116,
            "Precipitation_accumulated": 0.14682519595660717,
            "Humidity": 0.8527410332624976,
            "Wind_Speed_kmh": 0.05369352244997789,
            "Soil_Moisture": 27.886555838960234,
            "Soil_Temperature": 0.15436045278227134,
            "Wind_Dir_Sin": 0.05364269098016788,
            "Wind_Dir_Cos": 0.04351408981857811
        },
        "MAE": {
            "Temperature": 0.15878168226278142,
            "Precipitation_accumulated": 0.06507623875014108,
            "Humidity": 0.40659897733641914,
            "Wind_Speed_kmh": 0.020995110425499175,
            "Soil_Moisture": 8.548322766700146,
            "Soil_Temperature": 0.08244065898877553,
            "Wind_Dir_Sin": 0.023580333148457106,
            "Wind_Dir_Cos": 0.016791727008421967
        },
        "R2": {
            "Temperature": 0.9711927121688683,
            "Precipitation_accumulated": 0.977287273733772,
            "Humidity": 0.9888177394858024,
            "Wind_Speed_kmh": 0.9915282808319029,
            "Soil_Moisture": 0.9989490657446607,
            "Soil_Temperature": 0.9957544072456215,
            "Wind_Dir_Sin": 0.9820846939766588,
            "Wind_Dir_Cos": 0.9934046589710751
        },
        "SMAPE": {
            "Temperature": 2.62512843319641,
            "Precipitation_accumulated": 0.014139462194062686,
            "Humidity": 0.48679085880259415,
            "Wind_Speed_kmh": 133.09579110823447,
            "Soil_Moisture": 0.13759933121969856,
            "Soil_Temperature": 4.72611525812647,
            "Wind_Dir_Sin": 125.84484378878535,
            "Wind_Dir_Cos": 8.639353134289442
        }
    }
}