{
    "trial_number": 8,
    "overall_smape_val": 44.24343074960355,
    "xgb_params": {
        "n_estimators": 450,
        "max_depth": 6,
        "learning_rate": 0.0839113299878497,
        "min_child_weight": 4,
        "subsample": 0.9,
        "colsample_bytree": 0.6,
        "gamma": 0.25,
        "reg_alpha": 0.00011620163368044507,
        "reg_lambda": 1.910076514829893e-05,
        "random_state": 42,
        "n_jobs": -1
    },
    "metrics": {
        "MSE": {
            "Temperature": 0.771861310158286,
            "Precipitation_accumulated": 10.091814208606827,
            "Humidity": 2.5946770353593958,
            "Wind_Speed_kmh": 0.06445077370314652,
            "Soil_Moisture": 11804.75965966778,
            "Soil_Temperature": 0.6005497015781724,
            "Wind_Dir_Sin": 0.02216077685382088,
            "Wind_Dir_Cos": 0.019931662326684575
        },
        "RMSE": {
            "Temperature": 0.8785563784745325,
            "Precipitation_accumulated": 3.176761591401978,
            "Humidity": 1.6108001227214368,
            "Wind_Speed_kmh": 0.25387156930847243,
            "Soil_Moisture": 108.6497108126284,
            "Soil_Temperature": 0.7749514188503512,
            "Wind_Dir_Sin": 0.14886496180707157,
            "Wind_Dir_Cos": 0.14117953933443958
        },
        "MAE": {
            "Temperature": 0.6034174662589813,
            "Precipitation_accumulated": 3.023684943129417,
            "Humidity": 0.9497697250564369,
            "Wind_Speed_kmh": 0.11048452931269818,
            "Soil_Moisture": 53.54751545055817,
            "Soil_Temperature": 0.491673797170131,
            "Wind_Dir_Sin": 0.06582500195596319,
            "Wind_Dir_Cos": 0.056106730672218
        },
        "R2": {
            "Temperature": 0.7732719105056868,
            "Precipitation_accumulated": -9.632547585532341,
            "Humidity": 0.9600994767446119,
            "Wind_Speed_kmh": 0.8106105014062457,
            "Soil_Moisture": 0.9840469789403092,
            "Soil_Temperature": 0.8929922576694057,
            "Wind_Dir_Sin": 0.8620289086476772,
            "Wind_Dir_Cos": 0.9305741876667962
        },
        "SMAPE": {
            "Temperature": 11.042966491051153,
            "Precipitation_accumulated": 0.6599874699213704,
            "Humidity": 1.1186592078162276,
            "Wind_Speed_kmh": 166.1607160990244,
            "Soil_Moisture": 0.9049487003942431,
            "Soil_Temperature": 15.679391555696057,
            "Wind_Dir_Sin": 139.21500151143985,
            "Wind_Dir_Cos": 19.165774961485067
        }
    }
}