{
    "trial_number": 14,
    "overall_mae_val": 0.1348822589953771,
    "output_chunk_length": 9,
    "xgb_params": {
        "n_estimators": 500,
        "max_depth": 3,
        "learning_rate": 0.03552525003866695,
        "min_child_weight": 8,
        "subsample": 0.8,
        "colsample_bytree": 0.8,
        "gamma": 0.25,
        "reg_alpha": 0.07410447366804018,
        "reg_lambda": 6.720939500558357e-05,
        "n_jobs": -1
    },
    "metrics": {
        "MSE": {
            "Temperature": 27.558150995153007,
            "Precipitation_accumulated": 68.91363065083584,
            "Humidity": 159.16551753889613,
            "Wind_Speed_kmh": 1.587166853206736,
            "Soil_Moisture": 13443.867763225622,
            "Soil_Temperature": 12.808782508912236,
            "Wind_Dir_Sin": 0.6020185107357087,
            "Wind_Dir_Cos": 0.38950975171698554
        },
        "RMSE": {
            "Temperature": 5.249585792722413,
            "Precipitation_accumulated": 8.301423411128711,
            "Humidity": 12.616081703084207,
            "Wind_Speed_kmh": 1.2598281046264748,
            "Soil_Moisture": 115.94769408326162,
            "Soil_Temperature": 3.5789359464668036,
            "Wind_Dir_Sin": 0.7758985183229239,
            "Wind_Dir_Cos": 0.6241071636481875
        },
        "MAE": {
            "Temperature": 4.195315057796727,
            "Precipitation_accumulated": 8.087908726231296,
            "Humidity": 10.375264890834035,
            "Wind_Speed_kmh": 1.0005563963182484,
            "Soil_Moisture": 91.53510465008598,
            "Soil_Temperature": 2.8427357570418343,
            "Wind_Dir_Sin": 0.7014671563619508,
            "Wind_Dir_Cos": 0.5366728040630366
        },
        "R2": {
            "Temperature": 0.0979045177842075,
            "Precipitation_accumulated": -18.693192428957566,
            "Humidity": -0.08524458383547984,
            "Wind_Speed_kmh": -0.17070796058346982,
            "Soil_Moisture": 0.7745266852271497,
            "Soil_Temperature": 0.20950462731274377,
            "Wind_Dir_Sin": -0.09724053587754544,
            "Wind_Dir_Cos": -0.0521010698528368
        },
        "SMAPE": {
            "Temperature": 55.03566902203203,
            "Precipitation_accumulated": 1.7558809557539177,
            "Humidity": 12.25047767919393,
            "Wind_Speed_kmh": 83.05430769202223,
            "Soil_Moisture": 1.0712426427765307,
            "Soil_Temperature": 42.416095575891696,
            "Wind_Dir_Sin": 157.62285313363552,
            "Wind_Dir_Cos": 140.30371329647014
        }
    }
}