{
    "trial_number": 30,
    "overall_smape_val": 42.42069757147986,
    "xgb_params": {
        "n_estimators": 100,
        "max_depth": 6,
        "learning_rate": 0.07043422450548051,
        "min_child_weight": 7,
        "subsample": 0.9,
        "colsample_bytree": 0.7,
        "gamma": 0.1,
        "reg_alpha": 0.013883143590458091,
        "reg_lambda": 0.001606845593121377,
        "random_state": 42,
        "n_jobs": -1
    },
    "metrics": {
        "MSE": {
            "Temperature": 0.49822016325625856,
            "Precipitation_accumulated": 6.156184583886895,
            "Humidity": 2.2365542660213413,
            "Wind_Speed_kmh": 0.05815343102026744,
            "Soil_Moisture": 8558.74891029357,
            "Soil_Temperature": 0.26559888503859974,
            "Wind_Dir_Sin": 0.01388905590909906,
            "Wind_Dir_Cos": 0.012138125166729092
        },
        "RMSE": {
            "Temperature": 0.7058471245647024,
            "Precipitation_accumulated": 2.4811659726602118,
            "Humidity": 1.495511372748914,
            "Wind_Speed_kmh": 0.24115022500563305,
            "Soil_Moisture": 92.51350663710446,
            "Soil_Temperature": 0.5153628673455236,
            "Wind_Dir_Sin": 0.11785183880236685,
            "Wind_Dir_Cos": 0.11017315991986928
        },
        "MAE": {
            "Temperature": 0.4530693177720144,
            "Precipitation_accumulated": 2.281894171645042,
            "Humidity": 0.8491666437906501,
            "Wind_Speed_kmh": 0.09910617147956353,
            "Soil_Moisture": 38.13979142858919,
            "Soil_Temperature": 0.2989197521402016,
            "Wind_Dir_Sin": 0.051665571676960384,
            "Wind_Dir_Cos": 0.04340549923070972
        },
        "R2": {
            "Temperature": 0.8536518098834731,
            "Precipitation_accumulated": -5.486041476831171,
            "Humidity": 0.965606630695384,
            "Wind_Speed_kmh": 0.8291153308234492,
            "Soil_Moisture": 0.9884336568005687,
            "Soil_Temperature": 0.9526747961429066,
            "Wind_Dir_Sin": 0.9135279320633822,
            "Wind_Dir_Cos": 0.957720576132074
        },
        "SMAPE": {
            "Temperature": 8.465680400982237,
            "Precipitation_accumulated": 0.4976166051550515,
            "Humidity": 1.0006802143825297,
            "Wind_Speed_kmh": 164.8299826589041,
            "Soil_Moisture": 0.6366704691178363,
            "Soil_Temperature": 12.232807851757837,
            "Wind_Dir_Sin": 135.33148250923495,
            "Wind_Dir_Cos": 16.370659862304645
        }
    }
}