{
    "trial_number": 24,
    "overall_smape_val": 33.70924231960693,
    "xgb_params": {
        "n_estimators": 100,
        "max_depth": 8,
        "learning_rate": 0.1239364551545868,
        "min_child_weight": 9,
        "subsample": 1.0,
        "colsample_bytree": 0.8,
        "gamma": 0.0,
        "reg_alpha": 0.017883386892721186,
        "reg_lambda": 0.006526523562490164,
        "random_state": 42,
        "n_jobs": -1
    },
    "metrics": {
        "MSE": {
            "Temperature": 0.06618882062658386,
            "Precipitation_accumulated": 0.014661237068638843,
            "Humidity": 0.6746031488577218,
            "Wind_Speed_kmh": 0.0026309255508015954,
            "Soil_Moisture": 1415.5127016624958,
            "Soil_Temperature": 0.018106519655129123,
            "Wind_Dir_Sin": 0.0026837423711771856,
            "Wind_Dir_Cos": 0.00154256328231533
        },
        "RMSE": {
            "Temperature": 0.2572718807537735,
            "Precipitation_accumulated": 0.12108359537376995,
            "Humidity": 0.8213422848348438,
            "Wind_Speed_kmh": 0.05129254868693498,
            "Soil_Moisture": 37.62329998368691,
            "Soil_Temperature": 0.1345604683966622,
            "Wind_Dir_Sin": 0.051804848915687284,
            "Wind_Dir_Cos": 0.039275479402743514
        },
        "MAE": {
            "Temperature": 0.12922441484908043,
            "Precipitation_accumulated": 0.059395418369619375,
            "Humidity": 0.3489379317169992,
            "Wind_Speed_kmh": 0.017844777616479,
            "Soil_Moisture": 8.005578821877128,
            "Soil_Temperature": 0.06464679889355911,
            "Wind_Dir_Sin": 0.021197690781931337,
            "Wind_Dir_Cos": 0.01522002849802635
        },
        "R2": {
            "Temperature": 0.9805575630634088,
            "Precipitation_accumulated": 0.9845531935514503,
            "Humidity": 0.9896260620253159,
            "Wind_Speed_kmh": 0.9922689885276041,
            "Soil_Moisture": 0.9980870678784732,
            "Soil_Temperature": 0.9967737261634328,
            "Wind_Dir_Sin": 0.983291250739888,
            "Wind_Dir_Cos": 0.9946269554844536
        },
        "SMAPE": {
            "Temperature": 2.1910197030339487,
            "Precipitation_accumulated": 0.012910214804417154,
            "Humidity": 0.418989348039362,
            "Wind_Speed_kmh": 129.2410980302181,
            "Soil_Moisture": 0.12737710419408727,
            "Soil_Temperature": 3.696619395120042,
            "Wind_Dir_Sin": 125.80168211197036,
            "Wind_Dir_Cos": 8.184242649475186
        }
    }
}