{
    "trial_number": 66,
    "overall_mae_val": 0.1169174514114098,
    "output_chunk_length": 4,
    "xgb_params": {
        "n_estimators": 500,
        "max_depth": 3,
        "learning_rate": 0.011382945991706089,
        "min_child_weight": 9,
        "subsample": 0.9,
        "colsample_bytree": 0.6,
        "gamma": 0.15000000000000002,
        "reg_alpha": 0.0035065042377127936,
        "reg_lambda": 0.012340642723637009,
        "n_jobs": -1
    },
    "metrics": {
        "MSE": {
            "Temperature": 13.567434928286922,
            "Precipitation_accumulated": 69.2981281411286,
            "Humidity": 73.0817639237349,
            "Wind_Speed_kmh": 1.4324304037242774,
            "Soil_Moisture": 4127.286896146159,
            "Soil_Temperature": 5.944476239200007,
            "Wind_Dir_Sin": 0.5426006686724814,
            "Wind_Dir_Cos": 0.36254037422673707
        },
        "RMSE": {
            "Temperature": 3.6833999142486444,
            "Precipitation_accumulated": 8.324549726028946,
            "Humidity": 8.548787277955563,
            "Wind_Speed_kmh": 1.1968418457441556,
            "Soil_Moisture": 64.24396388880561,
            "Soil_Temperature": 2.4381296600468167,
            "Wind_Dir_Sin": 0.7366143283106034,
            "Wind_Dir_Cos": 0.6021132569764073
        },
        "MAE": {
            "Temperature": 2.9670908639995175,
            "Precipitation_accumulated": 7.876578947844827,
            "Humidity": 7.033190863795316,
            "Wind_Speed_kmh": 0.9368362211324656,
            "Soil_Moisture": 38.25976836840574,
            "Soil_Temperature": 1.854828810396429,
            "Wind_Dir_Sin": 0.6598808014914301,
            "Wind_Dir_Cos": 0.5153950797055852
        },
        "R2": {
            "Temperature": 0.5559819918228037,
            "Precipitation_accumulated": -18.83190053015625,
            "Humidity": 0.5016721497094425,
            "Wind_Speed_kmh": -0.05594373621416149,
            "Soil_Moisture": 0.930552244112147,
            "Soil_Temperature": 0.633140329368657,
            "Wind_Dir_Sin": 0.010439115957412426,
            "Wind_Dir_Cos": 0.02052071538830358
        },
        "SMAPE": {
            "Temperature": 43.06510925381985,
            "Precipitation_accumulated": 1.710434148411371,
            "Humidity": 8.289513677049012,
            "Wind_Speed_kmh": 79.77511011129035,
            "Soil_Moisture": 0.44601019468963704,
            "Soil_Temperature": 27.588289495748583,
            "Wind_Dir_Sin": 145.7045218683658,
            "Wind_Dir_Cos": 132.13634944329866
        }
    }
}