{
    "trial_number": 2,
    "overall_mae_val": 0.11315963286473553,
    "output_chunk_length": 4,
    "xgb_params": {
        "n_estimators": 450,
        "max_depth": 7,
        "learning_rate": 0.04259384906561221,
        "min_child_weight": 6,
        "subsample": 1.0,
        "colsample_bytree": 0.9,
        "gamma": 0.2,
        "reg_alpha": 0.0040839070602654015,
        "reg_lambda": 0.00030384673951129116,
        "n_jobs": -1
    },
    "metrics": {
        "MSE": {
            "Temperature": 9.228497739160906,
            "Precipitation_accumulated": 64.46010069413944,
            "Humidity": 56.475250912878906,
            "Wind_Speed_kmh": 1.323482813563124,
            "Soil_Moisture": 6269.159703877137,
            "Soil_Temperature": 2.8796083290955967,
            "Wind_Dir_Sin": 0.5773247707464532,
            "Wind_Dir_Cos": 0.3700241446357332
        },
        "RMSE": {
            "Temperature": 3.0378442585427097,
            "Precipitation_accumulated": 8.02870479555323,
            "Humidity": 7.5150017240769085,
            "Wind_Speed_kmh": 1.1504272308856063,
            "Soil_Moisture": 79.17802538505957,
            "Soil_Temperature": 1.6969408737771616,
            "Wind_Dir_Sin": 0.7598189065471148,
            "Wind_Dir_Cos": 0.6082960994743705
        },
        "MAE": {
            "Temperature": 2.4293707515192486,
            "Precipitation_accumulated": 7.716776864419907,
            "Humidity": 5.866642279848475,
            "Wind_Speed_kmh": 0.8976584791298357,
            "Soil_Moisture": 56.168208146568254,
            "Soil_Temperature": 1.2099790502530623,
            "Wind_Dir_Sin": 0.6843348617448198,
            "Wind_Dir_Cos": 0.5156738042492912
        },
        "R2": {
            "Temperature": 0.6978477760713788,
            "Precipitation_accumulated": -17.611607254530327,
            "Humidity": 0.6147545375991212,
            "Wind_Speed_kmh": 0.019825440204331413,
            "Soil_Moisture": 0.8925030600183812,
            "Soil_Temperature": 0.8220869631794334,
            "Wind_Dir_Sin": -0.0507579574762167,
            "Wind_Dir_Cos": -0.0039383877430174685
        },
        "SMAPE": {
            "Temperature": 37.61841619747986,
            "Precipitation_accumulated": 1.6748720897238043,
            "Humidity": 6.9613473768142455,
            "Wind_Speed_kmh": 76.0084906185865,
            "Soil_Moisture": 0.6607917947064567,
            "Soil_Temperature": 20.608117641524146,
            "Wind_Dir_Sin": 152.8621313014163,
            "Wind_Dir_Cos": 130.66130523529455
        }
    }
}