{
    "trial_number": 49,
    "forecast_horizon": 8,
    "overall_smape_val": 42.55418537907892,
    "output_chunk_length": 8,
    "xgb_params": {
        "n_estimators": 350,
        "max_depth": 7,
        "learning_rate": 0.032138420704449576,
        "min_child_weight": 3,
        "subsample": 1.0,
        "colsample_bytree": 0.6,
        "gamma": 0.0,
        "reg_alpha": 0.002395764447978629,
        "reg_lambda": 0.47045953429360754,
        "random_state": 42,
        "n_jobs": -1
    },
    "metrics": {
        "MSE": {
            "Temperature": 0.7551063700898977,
            "Precipitation_accumulated": 0.02072483609134221,
            "Humidity": 4.825752752535181,
            "Wind_Speed_kmh": 0.026332003870827264,
            "Soil_Moisture": 19244.34101430919,
            "Soil_Temperature": 0.7740738776018734,
            "Wind_Dir_Sin": 0.04556551708306037,
            "Wind_Dir_Cos": 0.038235274043510736
        },
        "RMSE": {
            "Temperature": 0.8689685668019861,
            "Precipitation_accumulated": 0.14396123120945517,
            "Humidity": 2.19675960280937,
            "Wind_Speed_kmh": 0.16227138956337087,
            "Soil_Moisture": 138.7239741872658,
            "Soil_Temperature": 0.8798146836703019,
            "Wind_Dir_Sin": 0.21346080924389932,
            "Wind_Dir_Cos": 0.19553842088835313
        },
        "MAE": {
            "Temperature": 0.5146077368252007,
            "Precipitation_accumulated": 0.1063802730664899,
            "Humidity": 1.121511500909587,
            "Wind_Speed_kmh": 0.060614661880985556,
            "Soil_Moisture": 38.431127813462005,
            "Soil_Temperature": 0.6000203286105505,
            "Wind_Dir_Sin": 0.08880414423690633,
            "Wind_Dir_Cos": 0.07488495536837197
        },
        "R2": {
            "Temperature": 0.7776700748009473,
            "Precipitation_accumulated": 0.9781858942828994,
            "Humidity": 0.9258379952639297,
            "Wind_Speed_kmh": 0.92294667164352,
            "Soil_Moisture": 0.9740959164068985,
            "Soil_Temperature": 0.8618079531736775,
            "Wind_Dir_Sin": 0.7174369364676876,
            "Wind_Dir_Cos": 0.8672671404644936
        },
        "SMAPE": {
            "Temperature": 8.262455751646895,
            "Precipitation_accumulated": 0.023164801572497583,
            "Humidity": 1.3259006793247652,
            "Wind_Speed_kmh": 146.8701011246043,
            "Soil_Moisture": 0.5823419469126992,
            "Soil_Temperature": 13.02428582222565,
            "Wind_Dir_Sin": 146.34595063151463,
            "Wind_Dir_Cos": 23.999282274830005
        }
    }
}