{
    "trial_number": 69,
    "overall_mae_val": 0.08098722142009071,
    "xgb_params": {
        "n_estimators": 300,
        "max_depth": 4,
        "learning_rate": 0.07704342464266635,
        "min_child_weight": 7,
        "subsample": 0.6,
        "colsample_bytree": 0.8,
        "gamma": 0.0,
        "reg_alpha": 0.00028643843058318003,
        "reg_lambda": 0.03548817289188257,
        "n_jobs": -1
    },
    "metrics": {
        "MSE": {
            "Temperature": 1.936837275320839,
            "Precipitation_accumulated": 19.247617500319,
            "Humidity": 9.546865782787801,
            "Wind_Speed_kmh": 0.6195580462458733,
            "Soil_Moisture": 3848.01801783347,
            "Soil_Temperature": 1.4635036950361866,
            "Wind_Dir_Sin": 0.37846150584492827,
            "Wind_Dir_Cos": 0.3173271702947662
        },
        "RMSE": {
            "Temperature": 1.3917030126147025,
            "Precipitation_accumulated": 4.387210674257505,
            "Humidity": 3.0898002820227397,
            "Wind_Speed_kmh": 0.7871200964566165,
            "Soil_Moisture": 62.03239490647987,
            "Soil_Temperature": 1.2097535678956217,
            "Wind_Dir_Sin": 0.6151922511255553,
            "Wind_Dir_Cos": 0.5633180010391698
        },
        "MAE": {
            "Temperature": 1.0675203340963042,
            "Precipitation_accumulated": 3.5864708348952177,
            "Humidity": 2.2336866179573387,
            "Wind_Speed_kmh": 0.5858825099861443,
            "Soil_Moisture": 46.13004816112974,
            "Soil_Temperature": 0.8282772443697025,
            "Wind_Dir_Sin": 0.5062588982160597,
            "Wind_Dir_Cos": 0.4564779424799016
        },
        "R2": {
            "Temperature": 0.9366212722585819,
            "Precipitation_accumulated": -4.516383279550557,
            "Humidity": 0.9348979232830239,
            "Wind_Speed_kmh": 0.5434274423072533,
            "Soil_Moisture": 0.9350354418342808,
            "Soil_Temperature": 0.9096774507488622,
            "Wind_Dir_Sin": 0.30972309589091407,
            "Wind_Dir_Cos": 0.14272187363502165
        },
        "SMAPE": {
            "Temperature": 21.544292945410962,
            "Precipitation_accumulated": 0.7750856176758724,
            "Humidity": 2.6644050847013676,
            "Wind_Speed_kmh": 61.33178434416479,
            "Soil_Moisture": 0.5421744495490306,
            "Soil_Temperature": 13.308274465783857,
            "Wind_Dir_Sin": 103.4438758305557,
            "Wind_Dir_Cos": 112.6924641950809
        }
    }
}