{
    "trial_number": 40,
    "overall_mae_val": 0.08012344252057212,
    "output_chunk_length": 1,
    "xgb_params": {
        "n_estimators": 600,
        "max_depth": 4,
        "learning_rate": 0.030086300959608746,
        "min_child_weight": 8,
        "subsample": 0.7,
        "colsample_bytree": 0.8,
        "gamma": 0.15000000000000002,
        "reg_alpha": 0.0292479092978415,
        "reg_lambda": 0.015132851107842323,
        "n_jobs": -1
    },
    "metrics": {
        "MSE": {
            "Temperature": 3.2995147717647972,
            "Precipitation_accumulated": 64.33783929890855,
            "Humidity": 12.434928561528476,
            "Wind_Speed_kmh": 0.5465988033884823,
            "Soil_Moisture": 994.3689496138272,
            "Soil_Temperature": 0.7738630290920163,
            "Wind_Dir_Sin": 0.36215361818757474,
            "Wind_Dir_Cos": 0.30434630149246317
        },
        "RMSE": {
            "Temperature": 1.8164566528725086,
            "Precipitation_accumulated": 8.021087164400381,
            "Humidity": 3.5263194071905164,
            "Wind_Speed_kmh": 0.7393232063099888,
            "Soil_Moisture": 31.53361618358775,
            "Soil_Temperature": 0.8796948499860712,
            "Wind_Dir_Sin": 0.6017920057524649,
            "Wind_Dir_Cos": 0.5516759025845367
        },
        "MAE": {
            "Temperature": 1.40624951038319,
            "Precipitation_accumulated": 7.7169665785973445,
            "Humidity": 2.8862713382215808,
            "Wind_Speed_kmh": 0.5502431015575853,
            "Soil_Moisture": 17.83779298545457,
            "Soil_Temperature": 0.6066083343125865,
            "Wind_Dir_Sin": 0.48814092994075453,
            "Wind_Dir_Cos": 0.44056624482910023
        },
        "R2": {
            "Temperature": 0.8920176153669437,
            "Precipitation_accumulated": -17.41235345783976,
            "Humidity": 0.9152090633027177,
            "Wind_Speed_kmh": 0.597064135779596,
            "Soil_Moisture": 0.9832682598004701,
            "Soil_Temperature": 0.9522415222901661,
            "Wind_Dir_Sin": 0.339527067945367,
            "Wind_Dir_Cos": 0.1777442766316073
        },
        "SMAPE": {
            "Temperature": 27.802297515041083,
            "Precipitation_accumulated": 1.6748943582777625,
            "Humidity": 3.3431219428740735,
            "Wind_Speed_kmh": 57.44296744293873,
            "Soil_Moisture": 0.20982520175213998,
            "Soil_Temperature": 11.170300955472472,
            "Wind_Dir_Sin": 97.54064338995713,
            "Wind_Dir_Cos": 106.60664915142615
        }
    }
}