{
    "trial_number": 5,
    "overall_mae_val": 0.08325845830256706,
    "xgb_params": {
        "n_estimators": 500,
        "max_depth": 8,
        "learning_rate": 0.013357957350304152,
        "min_child_weight": 5,
        "subsample": 0.7,
        "colsample_bytree": 0.7,
        "gamma": 0.2,
        "reg_alpha": 0.00029357679557217897,
        "reg_lambda": 9.284407861233558e-05,
        "n_jobs": -1
    },
    "metrics": {
        "MSE": {
            "Temperature": 3.8816486335468214,
            "Precipitation_accumulated": 71.88016081845979,
            "Humidity": 14.537077594072384,
            "Wind_Speed_kmh": 0.5639267011664274,
            "Soil_Moisture": 1291.94647454785,
            "Soil_Temperature": 0.811813006379369,
            "Wind_Dir_Sin": 0.3661652427417992,
            "Wind_Dir_Cos": 0.3002643819868765
        },
        "RMSE": {
            "Temperature": 1.9701899993520475,
            "Precipitation_accumulated": 8.478216841910792,
            "Humidity": 3.8127519712239852,
            "Wind_Speed_kmh": 0.7509505317705204,
            "Soil_Moisture": 35.9436569445549,
            "Soil_Temperature": 0.9010066627830058,
            "Wind_Dir_Sin": 0.6051158919924341,
            "Wind_Dir_Cos": 0.5479638509855157
        },
        "MAE": {
            "Temperature": 1.5183084659534962,
            "Precipitation_accumulated": 8.180380101964976,
            "Humidity": 3.160486222121084,
            "Wind_Speed_kmh": 0.5615504268077713,
            "Soil_Moisture": 24.353128046196936,
            "Soil_Temperature": 0.6507767218403032,
            "Wind_Dir_Sin": 0.5059574034757314,
            "Wind_Dir_Cos": 0.450886879600041
        },
        "R2": {
            "Temperature": 0.8729816102425749,
            "Precipitation_accumulated": -19.600914230750117,
            "Humidity": 0.9008686240801453,
            "Wind_Speed_kmh": 0.5844239972946619,
            "Soil_Moisture": 0.9781885813673984,
            "Soil_Temperature": 0.949897618639356,
            "Wind_Dir_Sin": 0.3321502814721513,
            "Wind_Dir_Cos": 0.18881800583057984
        },
        "SMAPE": {
            "Temperature": 29.173889933592218,
            "Precipitation_accumulated": 1.7764262938924242,
            "Humidity": 3.6711721251858105,
            "Wind_Speed_kmh": 57.87446878385913,
            "Soil_Moisture": 0.28452106276750505,
            "Soil_Temperature": 12.633882940160769,
            "Wind_Dir_Sin": 103.61485497538472,
            "Wind_Dir_Cos": 113.4094192818093
        }
    }
}