{
    "trial_number": 69,
    "overall_mae_val": 0.12998708539988033,
    "output_chunk_length": 16,
    "xgb_params": {
        "n_estimators": 500,
        "max_depth": 4,
        "learning_rate": 0.01570346049876222,
        "min_child_weight": 6,
        "subsample": 0.9,
        "colsample_bytree": 0.8,
        "gamma": 0.15000000000000002,
        "reg_alpha": 0.0023311149401797748,
        "reg_lambda": 0.027010680911984452,
        "n_jobs": -1
    },
    "metrics": {
        "MSE": {
            "Temperature": 10.926702430585289,
            "Precipitation_accumulated": 61.080499442757784,
            "Humidity": 99.168606709999,
            "Wind_Speed_kmh": 1.325135272339977,
            "Soil_Moisture": 106281.13638470798,
            "Soil_Temperature": 7.048998027176741,
            "Wind_Dir_Sin": 0.6251466312691483,
            "Wind_Dir_Cos": 0.3901151086368648
        },
        "RMSE": {
            "Temperature": 3.305556296689755,
            "Precipitation_accumulated": 7.815401425567198,
            "Humidity": 9.958343572602775,
            "Wind_Speed_kmh": 1.1511452003722107,
            "Soil_Moisture": 326.0078777954729,
            "Soil_Temperature": 2.6549949203674084,
            "Wind_Dir_Sin": 0.7906621473607727,
            "Wind_Dir_Cos": 0.6245919537080707
        },
        "MAE": {
            "Temperature": 2.676260875878527,
            "Precipitation_accumulated": 7.587018611249236,
            "Humidity": 8.020947326065045,
            "Wind_Speed_kmh": 0.9124055298895543,
            "Soil_Moisture": 297.8158207883903,
            "Soil_Temperature": 2.200495364316085,
            "Wind_Dir_Sin": 0.7103290274332582,
            "Wind_Dir_Cos": 0.5446988407863795
        },
        "R2": {
            "Temperature": 0.6412234612982013,
            "Precipitation_accumulated": -16.852172071971772,
            "Humidity": 0.3231274087386339,
            "Wind_Speed_kmh": 0.017487658342297152,
            "Soil_Moisture": -0.8715818813730536,
            "Soil_Temperature": 0.562137960938471,
            "Wind_Dir_Sin": -0.13527932152997946,
            "Wind_Dir_Cos": -0.06466205939209946
        },
        "SMAPE": {
            "Temperature": 40.04400622219541,
            "Precipitation_accumulated": 1.6461093351548048,
            "Humidity": 9.46450560347538,
            "Wind_Speed_kmh": 76.15733517751598,
            "Soil_Moisture": 3.5122735270279666,
            "Soil_Temperature": 37.56722439104061,
            "Wind_Dir_Sin": 151.9123092878785,
            "Wind_Dir_Cos": 151.42519326285282
        }
    }
}