{
    "trial_number": 46,
    "overall_mae_val": 0.07782372440993554,
    "xgb_params": {
        "n_estimators": 400,
        "max_depth": 3,
        "learning_rate": 0.016036024002587797,
        "min_child_weight": 4,
        "subsample": 0.7,
        "colsample_bytree": 0.6,
        "gamma": 0.0,
        "reg_alpha": 3.6077357616706945e-05,
        "reg_lambda": 0.05283705029902297,
        "n_jobs": -1
    },
    "metrics": {
        "MSE": {
            "Temperature": 2.1162464134081045,
            "Precipitation_accumulated": 26.671481333472077,
            "Humidity": 10.701562494504005,
            "Wind_Speed_kmh": 0.5584551220411459,
            "Soil_Moisture": 1085.0481487395818,
            "Soil_Temperature": 0.9653008055748863,
            "Wind_Dir_Sin": 0.3523810448939122,
            "Wind_Dir_Cos": 0.3001095616753119
        },
        "RMSE": {
            "Temperature": 1.4547324198656275,
            "Precipitation_accumulated": 5.1644439520118794,
            "Humidity": 3.271324272294632,
            "Wind_Speed_kmh": 0.7472985494707894,
            "Soil_Moisture": 32.940069045762215,
            "Soil_Temperature": 0.9824972292962898,
            "Wind_Dir_Sin": 0.5936169176277848,
            "Wind_Dir_Cos": 0.547822564043607
        },
        "MAE": {
            "Temperature": 1.1094415658908887,
            "Precipitation_accumulated": 4.452613688625734,
            "Humidity": 2.3961862164982257,
            "Wind_Speed_kmh": 0.561963905363573,
            "Soil_Moisture": 18.860615360170815,
            "Soil_Temperature": 0.7830436678822974,
            "Wind_Dir_Sin": 0.4827088219754654,
            "Wind_Dir_Cos": 0.43983975600455294
        },
        "R2": {
            "Temperature": 0.9307397242525206,
            "Precipitation_accumulated": -6.677950805009619,
            "Humidity": 0.9270093495408049,
            "Wind_Speed_kmh": 0.5869469527510911,
            "Soil_Moisture": 0.9815101312711749,
            "Soil_Temperature": 0.9403985534960256,
            "Wind_Dir_Sin": 0.35819254732647576,
            "Wind_Dir_Cos": 0.18726198906290192
        },
        "SMAPE": {
            "Temperature": 21.789331736513084,
            "Precipitation_accumulated": 0.963342894518458,
            "Humidity": 2.8727112112426085,
            "Wind_Speed_kmh": 57.62126605234383,
            "Soil_Moisture": 0.22064651308298333,
            "Soil_Temperature": 13.61948609405141,
            "Wind_Dir_Sin": 96.83716239224721,
            "Wind_Dir_Cos": 107.26047539037091
        }
    }
}