{
    "trial_number": 38,
    "forecast_horizon": 4,
    "overall_smape_val": 53.69645170630035,
    "output_chunk_length": 5,
    "xgb_params": {
        "n_estimators": 600,
        "max_depth": 3,
        "learning_rate": 0.012826684375346861,
        "min_child_weight": 10,
        "subsample": 0.9,
        "colsample_bytree": 1.0,
        "gamma": 0.15000000000000002,
        "reg_alpha": 6.627777141783196e-05,
        "reg_lambda": 0.016450047802751944,
        "random_state": 42,
        "n_jobs": -1
    },
    "metrics": {
        "MSE": {
            "Temperature": 3.26512499888558,
            "Precipitation_accumulated": 7.94213147482358,
            "Humidity": 10.428656394735382,
            "Wind_Speed_kmh": 0.1633926496057328,
            "Soil_Moisture": 47776.659938473196,
            "Soil_Temperature": 2.5090747478714728,
            "Wind_Dir_Sin": 0.0710141263835183,
            "Wind_Dir_Cos": 0.08536038297227037
        },
        "RMSE": {
            "Temperature": 1.806965688353152,
            "Precipitation_accumulated": 2.81817875139665,
            "Humidity": 3.2293430283473112,
            "Wind_Speed_kmh": 0.40421856662668626,
            "Soil_Moisture": 218.5787270950062,
            "Soil_Temperature": 1.5840059178776678,
            "Wind_Dir_Sin": 0.2664847582574251,
            "Wind_Dir_Cos": 0.29216499272204116
        },
        "MAE": {
            "Temperature": 1.490913031872845,
            "Precipitation_accumulated": 2.64436722709619,
            "Humidity": 2.200746475810244,
            "Wind_Speed_kmh": 0.15771909546863336,
            "Soil_Moisture": 137.1467115354172,
            "Soil_Temperature": 1.2471428568225442,
            "Wind_Dir_Sin": 0.12040679638650131,
            "Wind_Dir_Cos": 0.24752222753752212
        },
        "R2": {
            "Temperature": 0.040031597740175284,
            "Precipitation_accumulated": -7.364950943811282,
            "Humidity": 0.8396433687011611,
            "Wind_Speed_kmh": 0.520537819835803,
            "Soil_Moisture": 0.9355185898798192,
            "Soil_Temperature": 0.552631802010028,
            "Wind_Dir_Sin": 0.5584560675164194,
            "Wind_Dir_Cos": 0.7030068118952113
        },
        "SMAPE": {
            "Temperature": 23.76547549010561,
            "Precipitation_accumulated": 0.5769239200642506,
            "Humidity": 2.600584801010494,
            "Wind_Speed_kmh": 169.84919504013052,
            "Soil_Moisture": 2.2971811931823254,
            "Soil_Temperature": 25.60499454919022,
            "Wind_Dir_Sin": 159.00510640770202,
            "Wind_Dir_Cos": 45.87215224901711
        }
    }
}