{
    "trial_number": 2,
    "overall_smape_val": 43.00598509080332,
    "xgb_params": {
        "n_estimators": 300,
        "max_depth": 4,
        "learning_rate": 0.16251109620281928,
        "min_child_weight": 2,
        "subsample": 0.7,
        "colsample_bytree": 1.0,
        "gamma": 0.1,
        "reg_alpha": 1.4897514333848876e-05,
        "reg_lambda": 0.4320887016725178,
        "random_state": 42,
        "n_jobs": -1
    },
    "metrics": {
        "MSE": {
            "Temperature": 0.5195327668979794,
            "Precipitation_accumulated": 6.405620432523712,
            "Humidity": 2.3184909271290643,
            "Wind_Speed_kmh": 0.06261892585433401,
            "Soil_Moisture": 7718.398279361337,
            "Soil_Temperature": 0.3013653483014806,
            "Wind_Dir_Sin": 0.011668954321544831,
            "Wind_Dir_Cos": 0.01098969465605279
        },
        "RMSE": {
            "Temperature": 0.7207862144200452,
            "Precipitation_accumulated": 2.530932719872994,
            "Humidity": 1.5226591631514468,
            "Wind_Speed_kmh": 0.25023773866931825,
            "Soil_Moisture": 87.85441525251498,
            "Soil_Temperature": 0.5489675293689787,
            "Wind_Dir_Sin": 0.10802293423872929,
            "Wind_Dir_Cos": 0.10483174450543495
        },
        "MAE": {
            "Temperature": 0.45971397289689864,
            "Precipitation_accumulated": 2.335910284926292,
            "Humidity": 0.9218058655174524,
            "Wind_Speed_kmh": 0.09446195902853537,
            "Soil_Moisture": 39.495735120827604,
            "Soil_Temperature": 0.3332770526189145,
            "Wind_Dir_Sin": 0.049173117974638914,
            "Wind_Dir_Cos": 0.04095147042916305
        },
        "R2": {
            "Temperature": 0.8473914029395806,
            "Precipitation_accumulated": -5.74884244356981,
            "Humidity": 0.9643466219900829,
            "Wind_Speed_kmh": 0.8159934118920775,
            "Soil_Moisture": 0.9895693115448656,
            "Soil_Temperature": 0.9463018207257956,
            "Wind_Dir_Sin": 0.9273500936675712,
            "Wind_Dir_Cos": 0.9617207804203632
        },
        "SMAPE": {
            "Temperature": 8.642656219614272,
            "Precipitation_accumulated": 0.5094313414657812,
            "Humidity": 1.1025493545622096,
            "Wind_Speed_kmh": 166.64139567677432,
            "Soil_Moisture": 0.6608674386178625,
            "Soil_Temperature": 12.948417707535885,
            "Wind_Dir_Sin": 136.2455276672076,
            "Wind_Dir_Cos": 17.297035320649115
        }
    }
}