{
    "trial_number": 55,
    "overall_mae_val": 0.10525062501157745,
    "output_chunk_length": 3,
    "xgb_params": {
        "n_estimators": 550,
        "max_depth": 4,
        "learning_rate": 0.014950165633047801,
        "min_child_weight": 8,
        "subsample": 0.9,
        "colsample_bytree": 0.6,
        "gamma": 0.1,
        "reg_alpha": 0.00032007906365257976,
        "reg_lambda": 0.0017050210009011163,
        "n_jobs": -1
    },
    "metrics": {
        "MSE": {
            "Temperature": 6.8357764524630795,
            "Precipitation_accumulated": 62.0175194719139,
            "Humidity": 40.15107456378227,
            "Wind_Speed_kmh": 1.2120142698980156,
            "Soil_Moisture": 3793.2114410612244,
            "Soil_Temperature": 1.9705477677977914,
            "Wind_Dir_Sin": 0.5218889906302413,
            "Wind_Dir_Cos": 0.34577335332264275
        },
        "RMSE": {
            "Temperature": 2.6145317845578164,
            "Precipitation_accumulated": 7.875120283012438,
            "Humidity": 6.336487557297202,
            "Wind_Speed_kmh": 1.1009151965060777,
            "Soil_Moisture": 61.58905293200427,
            "Soil_Temperature": 1.4037620053975643,
            "Wind_Dir_Sin": 0.7224188470895823,
            "Wind_Dir_Cos": 0.5880249597786158
        },
        "MAE": {
            "Temperature": 2.0831648637487996,
            "Precipitation_accumulated": 7.313314094598169,
            "Humidity": 4.877506166294784,
            "Wind_Speed_kmh": 0.8509873708814315,
            "Soil_Moisture": 41.16640667919483,
            "Soil_Temperature": 1.0021769572014034,
            "Wind_Dir_Sin": 0.6424538108856905,
            "Wind_Dir_Cos": 0.5016591825441054
        },
        "R2": {
            "Temperature": 0.7762794733892749,
            "Precipitation_accumulated": -16.853056513831582,
            "Humidity": 0.7261471817268551,
            "Wind_Speed_kmh": 0.10355162352033764,
            "Soil_Moisture": 0.9353614107471905,
            "Soil_Temperature": 0.8783306750728544,
            "Wind_Dir_Sin": 0.049460098639549144,
            "Wind_Dir_Cos": 0.06359815446822159
        },
        "SMAPE": {
            "Temperature": 34.158885930405944,
            "Precipitation_accumulated": 1.5874248867766687,
            "Humidity": 5.799091088946107,
            "Wind_Speed_kmh": 74.54762183062095,
            "Soil_Moisture": 0.47972388167107866,
            "Soil_Temperature": 16.077745297261057,
            "Wind_Dir_Sin": 138.17855290581767,
            "Wind_Dir_Cos": 129.60040988337462
        }
    }
}