{
    "trial_number": 0,
    "overall_mae_val": 0.13509872168495973,
    "output_chunk_length": 17,
    "xgb_params": {
        "n_estimators": 550,
        "max_depth": 5,
        "learning_rate": 0.125856139636599,
        "min_child_weight": 5,
        "subsample": 0.7,
        "colsample_bytree": 1.0,
        "gamma": 0.2,
        "reg_alpha": 0.00014455126712679928,
        "reg_lambda": 0.0017534131927373943,
        "n_jobs": -1
    },
    "metrics": {
        "MSE": {
            "Temperature": 11.024117771976652,
            "Precipitation_accumulated": 65.5039244171492,
            "Humidity": 99.87482460023067,
            "Wind_Speed_kmh": 1.3033592919488393,
            "Soil_Moisture": 201917.20245172907,
            "Soil_Temperature": 8.650030546074657,
            "Wind_Dir_Sin": 0.647735096202048,
            "Wind_Dir_Cos": 0.4399298711389416
        },
        "RMSE": {
            "Temperature": 3.3202586905204616,
            "Precipitation_accumulated": 8.093449475788997,
            "Humidity": 9.993739270174636,
            "Wind_Speed_kmh": 1.1416476216192277,
            "Soil_Moisture": 449.35198058062355,
            "Soil_Temperature": 2.9410934269544478,
            "Wind_Dir_Sin": 0.8048199153860744,
            "Wind_Dir_Cos": 0.6632720943466125
        },
        "MAE": {
            "Temperature": 2.688735714612471,
            "Precipitation_accumulated": 7.865878514536875,
            "Humidity": 8.110558620066405,
            "Wind_Speed_kmh": 0.9056194642102934,
            "Soil_Moisture": 388.8063889761494,
            "Soil_Temperature": 2.453218087200314,
            "Wind_Dir_Sin": 0.7090645484312621,
            "Wind_Dir_Cos": 0.5750732024539194
        },
        "R2": {
            "Temperature": 0.6379256581979853,
            "Precipitation_accumulated": -18.085964782445846,
            "Humidity": 0.3184103707115127,
            "Wind_Speed_kmh": 0.03431763642830965,
            "Soil_Moisture": -2.5290732844888093,
            "Soil_Temperature": 0.46337741585892367,
            "Wind_Dir_Sin": -0.17660465685895077,
            "Wind_Dir_Cos": -0.19979041901695838
        },
        "SMAPE": {
            "Temperature": 40.14818906191321,
            "Precipitation_accumulated": 1.7071969539990277,
            "Humidity": 9.552923582649823,
            "Wind_Speed_kmh": 74.8101072337007,
            "Soil_Moisture": 4.624497273255434,
            "Soil_Temperature": 41.416393597242546,
            "Wind_Dir_Sin": 147.51456537707594,
            "Wind_Dir_Cos": 155.00989555273068
        }
    }
}