{
    "trial_number": 26,
    "forecast_horizon": 3,
    "overall_smape_val": 48.91094453977983,
    "output_chunk_length": 15,
    "xgb_params": {
        "n_estimators": 500,
        "max_depth": 6,
        "learning_rate": 0.10433064054912053,
        "min_child_weight": 7,
        "subsample": 0.8,
        "colsample_bytree": 0.8,
        "gamma": 0.25,
        "reg_alpha": 0.0016489951770752046,
        "reg_lambda": 0.017024082861910473,
        "random_state": 42,
        "n_jobs": -1
    },
    "metrics": {
        "MSE": {
            "Temperature": 1.9964349054454402,
            "Precipitation_accumulated": 10.786264636660938,
            "Humidity": 6.535089766920918,
            "Wind_Speed_kmh": 0.1296896045798315,
            "Soil_Moisture": 35254.004096947734,
            "Soil_Temperature": 1.9805585705893336,
            "Wind_Dir_Sin": 0.047268899278456455,
            "Wind_Dir_Cos": 0.03804663063737541
        },
        "RMSE": {
            "Temperature": 1.412952548900861,
            "Precipitation_accumulated": 3.2842449111874923,
            "Humidity": 2.55638216370732,
            "Wind_Speed_kmh": 0.36012442930163946,
            "Soil_Moisture": 187.76049663586784,
            "Soil_Temperature": 1.4073231933672286,
            "Wind_Dir_Sin": 0.2174141193171604,
            "Wind_Dir_Cos": 0.19505545528740129
        },
        "MAE": {
            "Temperature": 1.114967665667149,
            "Precipitation_accumulated": 3.1363937610194186,
            "Humidity": 1.6106969661370367,
            "Wind_Speed_kmh": 0.1449672617156583,
            "Soil_Moisture": 110.48769272285136,
            "Soil_Temperature": 0.928583407833896,
            "Wind_Dir_Sin": 0.09864596348029096,
            "Wind_Dir_Cos": 0.07801983430073632
        },
        "R2": {
            "Temperature": 0.4132830087578443,
            "Precipitation_accumulated": -10.362349235707807,
            "Humidity": 0.8995063176825089,
            "Wind_Speed_kmh": 0.6191709492877304,
            "Soil_Moisture": 0.9523884546579545,
            "Soil_Temperature": 0.6469826231748805,
            "Wind_Dir_Sin": 0.7059022336030265,
            "Wind_Dir_Cos": 0.8675505845464266
        },
        "SMAPE": {
            "Temperature": 18.679822903700764,
            "Precipitation_accumulated": 0.6846803579282487,
            "Humidity": 1.8866597248407395,
            "Wind_Speed_kmh": 169.8598056184544,
            "Soil_Moisture": 1.8470873306725502,
            "Soil_Temperature": 21.871420294564622,
            "Wind_Dir_Sin": 152.2210926749889,
            "Wind_Dir_Cos": 24.23698741308817
        }
    }
}