{
    "trial_number": 27,
    "overall_smape_val": 41.89173123859679,
    "xgb_params": {
        "n_estimators": 100,
        "max_depth": 8,
        "learning_rate": 0.19225745602310426,
        "min_child_weight": 8,
        "subsample": 0.7,
        "colsample_bytree": 0.6,
        "gamma": 0.05,
        "reg_alpha": 0.0009742396783430613,
        "reg_lambda": 0.0011671818565132058,
        "random_state": 42,
        "n_jobs": -1
    },
    "metrics": {
        "MSE": {
            "Temperature": 0.3839921459979296,
            "Precipitation_accumulated": 4.692545229825429,
            "Humidity": 1.9083116369032709,
            "Wind_Speed_kmh": 0.04323608765573785,
            "Soil_Moisture": 7861.661752057155,
            "Soil_Temperature": 0.1735738400327633,
            "Wind_Dir_Sin": 0.007068718285672717,
            "Wind_Dir_Cos": 0.0064679582317529235
        },
        "RMSE": {
            "Temperature": 0.6196709981901118,
            "Precipitation_accumulated": 2.1662283420326283,
            "Humidity": 1.3814165327312653,
            "Wind_Speed_kmh": 0.20793289219298097,
            "Soil_Moisture": 88.6660123838732,
            "Soil_Temperature": 0.4166219389719693,
            "Wind_Dir_Sin": 0.08407566999835753,
            "Wind_Dir_Cos": 0.08042361737545087
        },
        "MAE": {
            "Temperature": 0.3888230482423896,
            "Precipitation_accumulated": 1.9347872380512918,
            "Humidity": 0.7503820441996316,
            "Wind_Speed_kmh": 0.08066117598711887,
            "Soil_Moisture": 30.214357604771838,
            "Soil_Temperature": 0.2384456936089209,
            "Wind_Dir_Sin": 0.03682294779223789,
            "Wind_Dir_Cos": 0.03148305746551024
        },
        "R2": {
            "Temperature": 0.8872053767987436,
            "Precipitation_accumulated": -3.943978299841241,
            "Humidity": 0.9706542926887856,
            "Wind_Speed_kmh": 0.8729501526235978,
            "Soil_Moisture": 0.9893757044522274,
            "Soil_Temperature": 0.9690720939486804,
            "Wind_Dir_Sin": 0.9559907677077562,
            "Wind_Dir_Cos": 0.9774708578232585
        },
        "SMAPE": {
            "Temperature": 7.223349933744992,
            "Precipitation_accumulated": 0.42172845118799257,
            "Humidity": 0.888037242787832,
            "Wind_Speed_kmh": 168.93236118369828,
            "Soil_Moisture": 0.49748981012939636,
            "Soil_Temperature": 10.669235314638383,
            "Wind_Dir_Sin": 131.51349809162292,
            "Wind_Dir_Cos": 14.988149880964404
        }
    }
}