{
    "trial_number": 36,
    "forecast_horizon": 6,
    "overall_smape_val": 54.29634408650698,
    "output_chunk_length": 20,
    "xgb_params": {
        "n_estimators": 400,
        "max_depth": 5,
        "learning_rate": 0.05023699670255637,
        "min_child_weight": 9,
        "subsample": 0.9,
        "colsample_bytree": 0.9,
        "gamma": 0.2,
        "reg_alpha": 0.488047412415011,
        "reg_lambda": 0.007120629015166667,
        "random_state": 42,
        "n_jobs": -1
    },
    "metrics": {
        "MSE": {
            "Temperature": 5.313054719748052,
            "Precipitation_accumulated": 9.40035568470763,
            "Humidity": 13.901427317921907,
            "Wind_Speed_kmh": 0.20080670020065536,
            "Soil_Moisture": 69666.76355696327,
            "Soil_Temperature": 4.329833170406583,
            "Wind_Dir_Sin": 0.08536670162917448,
            "Wind_Dir_Cos": 0.0674761490291109
        },
        "RMSE": {
            "Temperature": 2.305006446790996,
            "Precipitation_accumulated": 3.065999948582457,
            "Humidity": 3.7284617897897125,
            "Wind_Speed_kmh": 0.44811460610055476,
            "Soil_Moisture": 263.9446221406363,
            "Soil_Temperature": 2.0808251176892743,
            "Wind_Dir_Sin": 0.29217580602981913,
            "Wind_Dir_Cos": 0.25976171586496516
        },
        "MAE": {
            "Temperature": 1.9180825705270435,
            "Precipitation_accumulated": 2.9069906810048174,
            "Humidity": 2.5719231569307675,
            "Wind_Speed_kmh": 0.23536860004232893,
            "Soil_Moisture": 163.22187908184284,
            "Soil_Temperature": 1.7837735079161792,
            "Wind_Dir_Sin": 0.13730937363007667,
            "Wind_Dir_Cos": 0.14700102043837265
        },
        "R2": {
            "Temperature": -0.5632929725736411,
            "Precipitation_accumulated": -8.897602679329573,
            "Humidity": 0.7862914227739795,
            "Wind_Speed_kmh": 0.41157206081512065,
            "Soil_Moisture": 0.9060992593812919,
            "Soil_Temperature": 0.2274787398469379,
            "Wind_Dir_Sin": 0.4699180727008947,
            "Wind_Dir_Cos": 0.7654946867755834
        },
        "SMAPE": {
            "Temperature": 29.041342545757495,
            "Precipitation_accumulated": 0.6344230426388632,
            "Humidity": 3.0404889927982324,
            "Wind_Speed_kmh": 170.70493329986377,
            "Soil_Moisture": 2.7191442197600773,
            "Soil_Temperature": 32.15321319098287,
            "Wind_Dir_Sin": 160.4136096881175,
            "Wind_Dir_Cos": 35.66359771213706
        }
    }
}