{
    "trial_number": 23,
    "overall_mae_val": 0.07911577011837931,
    "xgb_params": {
        "n_estimators": 350,
        "max_depth": 4,
        "learning_rate": 0.03414635357047414,
        "min_child_weight": 5,
        "subsample": 0.8,
        "colsample_bytree": 0.8,
        "gamma": 0.05,
        "reg_alpha": 3.0190027216795214e-05,
        "reg_lambda": 0.09248225485192209,
        "n_jobs": -1
    },
    "metrics": {
        "MSE": {
            "Temperature": 2.4698779010916354,
            "Precipitation_accumulated": 54.00933910692656,
            "Humidity": 11.289384817962624,
            "Wind_Speed_kmh": 0.5374232456838616,
            "Soil_Moisture": 1019.4983323185616,
            "Soil_Temperature": 0.4569189352192002,
            "Wind_Dir_Sin": 0.3631442526995326,
            "Wind_Dir_Cos": 0.3072657382362312
        },
        "RMSE": {
            "Temperature": 1.5715845192326232,
            "Precipitation_accumulated": 7.34910464661693,
            "Humidity": 3.359967978710902,
            "Wind_Speed_kmh": 0.7330915670527534,
            "Soil_Moisture": 31.92958396720135,
            "Soil_Temperature": 0.6759577910041427,
            "Wind_Dir_Sin": 0.6026145141792825,
            "Wind_Dir_Cos": 0.5543155583566379
        },
        "MAE": {
            "Temperature": 1.2007278125915222,
            "Precipitation_accumulated": 6.903050139133451,
            "Humidity": 2.534710534292819,
            "Wind_Speed_kmh": 0.5485934388324439,
            "Soil_Moisture": 19.5119713250894,
            "Soil_Temperature": 0.4666671160415465,
            "Wind_Dir_Sin": 0.4959217390124425,
            "Wind_Dir_Cos": 0.44460403911090407
        },
        "R2": {
            "Temperature": 0.9191474512205423,
            "Precipitation_accumulated": -14.570873395831795,
            "Humidity": 0.9229948483020627,
            "Wind_Speed_kmh": 0.602023934559344,
            "Soil_Moisture": 0.9825734590713274,
            "Soil_Temperature": 0.9717798349670306,
            "Wind_Dir_Sin": 0.3387910696298886,
            "Wind_Dir_Cos": 0.16722471033855069
        },
        "SMAPE": {
            "Temperature": 23.965322625501013,
            "Precipitation_accumulated": 1.4972045346098892,
            "Humidity": 3.0324293006991043,
            "Wind_Speed_kmh": 56.88367992298693,
            "Soil_Moisture": 0.22774578621906189,
            "Soil_Temperature": 8.425589531277694,
            "Wind_Dir_Sin": 98.97459518627765,
            "Wind_Dir_Cos": 109.59960799887125
        }
    }
}