{
    "trial_number": 26,
    "overall_mae_val": 0.08603149131839986,
    "xgb_params": {
        "n_estimators": 200,
        "max_depth": 5,
        "learning_rate": 0.015788226196964524,
        "min_child_weight": 3,
        "subsample": 0.7,
        "colsample_bytree": 0.7,
        "gamma": 0.0,
        "reg_alpha": 0.0007079132541641923,
        "reg_lambda": 0.20635418403692282,
        "n_jobs": -1
    },
    "metrics": {
        "MSE": {
            "Temperature": 2.1201565541864764,
            "Precipitation_accumulated": 217.42954791974407,
            "Humidity": 13.468165705332286,
            "Wind_Speed_kmh": 0.5495438246464603,
            "Soil_Moisture": 4614.500226115341,
            "Soil_Temperature": 2.244930085535806,
            "Wind_Dir_Sin": 0.36609574182417626,
            "Wind_Dir_Cos": 0.3000184776234419
        },
        "RMSE": {
            "Temperature": 1.456075737791986,
            "Precipitation_accumulated": 14.745492461079218,
            "Humidity": 3.6698999584910057,
            "Wind_Speed_kmh": 0.7413122315505527,
            "Soil_Moisture": 67.93011280805693,
            "Soil_Temperature": 1.4983090754366424,
            "Wind_Dir_Sin": 0.6050584614929174,
            "Wind_Dir_Cos": 0.5477394249307256
        },
        "MAE": {
            "Temperature": 1.1645835551907129,
            "Precipitation_accumulated": 14.568369638074028,
            "Humidity": 3.0146473283946764,
            "Wind_Speed_kmh": 0.5712649501363499,
            "Soil_Moisture": 58.742356712306034,
            "Soil_Temperature": 0.9792860928492961,
            "Wind_Dir_Sin": 0.5109496579696599,
            "Wind_Dir_Cos": 0.45347097148778404
        },
        "R2": {
            "Temperature": 0.9306225532061236,
            "Precipitation_accumulated": -61.31549035119979,
            "Humidity": 0.9081577580606301,
            "Wind_Speed_kmh": 0.5950232087155951,
            "Soil_Moisture": 0.9220952274766173,
            "Soil_Temperature": 0.8614504296067698,
            "Wind_Dir_Sin": 0.3322770443727596,
            "Wind_Dir_Cos": 0.18948233101822254
        },
        "SMAPE": {
            "Temperature": 24.45671444552166,
            "Precipitation_accumulated": 3.1862155383877644,
            "Humidity": 3.5078727605621807,
            "Wind_Speed_kmh": 57.70797181033586,
            "Soil_Moisture": 0.6838290176817484,
            "Soil_Temperature": 13.389718947097565,
            "Wind_Dir_Sin": 105.11071067853022,
            "Wind_Dir_Cos": 115.14237622940513
        }
    }
}