{
    "trial_number": 17,
    "overall_mae_val": 0.1360583161930971,
    "output_chunk_length": 8,
    "xgb_params": {
        "n_estimators": 400,
        "max_depth": 5,
        "learning_rate": 0.04748440976084327,
        "min_child_weight": 1,
        "subsample": 0.6,
        "colsample_bytree": 0.9,
        "gamma": 0.2,
        "reg_alpha": 0.0008740515432816145,
        "reg_lambda": 0.0009222398243961579,
        "n_jobs": -1
    },
    "metrics": {
        "MSE": {
            "Temperature": 28.128784525455934,
            "Precipitation_accumulated": 70.44108506294681,
            "Humidity": 148.61142510842842,
            "Wind_Speed_kmh": 1.7333633884526196,
            "Soil_Moisture": 11895.89081160879,
            "Soil_Temperature": 12.569853383036335,
            "Wind_Dir_Sin": 0.598301549094777,
            "Wind_Dir_Cos": 0.43255502625822184
        },
        "RMSE": {
            "Temperature": 5.303657655378591,
            "Precipitation_accumulated": 8.392918745165284,
            "Humidity": 12.190628577248527,
            "Wind_Speed_kmh": 1.316572591410219,
            "Soil_Moisture": 109.06828508603584,
            "Soil_Temperature": 3.545398903231671,
            "Wind_Dir_Sin": 0.7734995469260321,
            "Wind_Dir_Cos": 0.6576891562571348
        },
        "MAE": {
            "Temperature": 4.191988978744844,
            "Precipitation_accumulated": 8.181476142819164,
            "Humidity": 9.935015797430244,
            "Wind_Speed_kmh": 1.0268373067652654,
            "Soil_Moisture": 82.2978902187246,
            "Soil_Temperature": 2.6924678748544397,
            "Wind_Dir_Sin": 0.7017645832194467,
            "Wind_Dir_Cos": 0.5685821105732812
        },
        "R2": {
            "Temperature": 0.07886696910103086,
            "Precipitation_accumulated": -19.099990867728394,
            "Humidity": -0.013230572159480536,
            "Wind_Speed_kmh": -0.2789896268116703,
            "Soil_Moisture": 0.8011438032301355,
            "Soil_Temperature": 0.22420456217808737,
            "Wind_Dir_Sin": -0.09012758215137318,
            "Wind_Dir_Cos": -0.1686491633560887
        },
        "SMAPE": {
            "Temperature": 55.28369377862494,
            "Precipitation_accumulated": 1.7763912924136471,
            "Humidity": 11.721112218744581,
            "Wind_Speed_kmh": 87.4158352315124,
            "Soil_Moisture": 0.9590243780357073,
            "Soil_Temperature": 40.671774855836624,
            "Wind_Dir_Sin": 162.99577003999633,
            "Wind_Dir_Cos": 153.53571912453623
        }
    }
}