{
    "trial_number": 46,
    "forecast_horizon": 4,
    "overall_smape_val": 42.8646267097986,
    "output_chunk_length": 8,
    "xgb_params": {
        "n_estimators": 400,
        "max_depth": 5,
        "learning_rate": 0.02874415176151676,
        "min_child_weight": 3,
        "subsample": 1.0,
        "colsample_bytree": 0.6,
        "gamma": 0.0,
        "reg_alpha": 0.0049551461641935725,
        "reg_lambda": 0.10747662491673776,
        "random_state": 42,
        "n_jobs": -1
    },
    "metrics": {
        "MSE": {
            "Temperature": 0.5575293616591879,
            "Precipitation_accumulated": 0.024379387223818334,
            "Humidity": 3.6903189252194553,
            "Wind_Speed_kmh": 0.024737828795145817,
            "Soil_Moisture": 5145.932688527771,
            "Soil_Temperature": 0.2904111814661917,
            "Wind_Dir_Sin": 0.0407861218502674,
            "Wind_Dir_Cos": 0.027311595751880684
        },
        "RMSE": {
            "Temperature": 0.746678887915808,
            "Precipitation_accumulated": 0.1561389996887976,
            "Humidity": 1.9210202823550446,
            "Wind_Speed_kmh": 0.15728263984033908,
            "Soil_Moisture": 71.73515657282537,
            "Soil_Temperature": 0.5388981178907492,
            "Wind_Dir_Sin": 0.20195574230575222,
            "Wind_Dir_Cos": 0.1652622030346948
        },
        "MAE": {
            "Temperature": 0.4414751994594163,
            "Precipitation_accumulated": 0.11991604132068759,
            "Humidity": 1.0209178997679056,
            "Wind_Speed_kmh": 0.06469015387901166,
            "Soil_Moisture": 23.74221268062306,
            "Soil_Temperature": 0.3798321145210646,
            "Wind_Dir_Sin": 0.08948983899192546,
            "Wind_Dir_Cos": 0.0649722032218998
        },
        "R2": {
            "Temperature": 0.8360826704314281,
            "Precipitation_accumulated": 0.9743227143980325,
            "Humidity": 0.9432556708297264,
            "Wind_Speed_kmh": 0.9274088929014276,
            "Soil_Moisture": 0.9930548306104462,
            "Soil_Temperature": 0.9482196666165945,
            "Wind_Dir_Sin": 0.7464044754241848,
            "Wind_Dir_Cos": 0.9049751464070253
        },
        "SMAPE": {
            "Temperature": 7.140941007591914,
            "Precipitation_accumulated": 0.026120651393389583,
            "Humidity": 1.2171333511050315,
            "Wind_Speed_kmh": 153.62838171311577,
            "Soil_Moisture": 0.36656624669216226,
            "Soil_Temperature": 10.684344751148096,
            "Wind_Dir_Sin": 148.7761301995117,
            "Wind_Dir_Cos": 21.077395757831095
        }
    }
}