{
    "trial_number": 23,
    "overall_smape_val": 41.76995956567329,
    "xgb_params": {
        "n_estimators": 250,
        "max_depth": 7,
        "learning_rate": 0.042739254520917334,
        "min_child_weight": 9,
        "subsample": 0.9,
        "colsample_bytree": 1.0,
        "gamma": 0.05,
        "reg_alpha": 0.10355730001191114,
        "reg_lambda": 0.036196235520170705,
        "random_state": 42,
        "n_jobs": -1
    },
    "metrics": {
        "MSE": {
            "Temperature": 0.4218706630686958,
            "Precipitation_accumulated": 4.46089103624637,
            "Humidity": 1.8724364528742201,
            "Wind_Speed_kmh": 0.048316050486633774,
            "Soil_Moisture": 8667.697179456569,
            "Soil_Temperature": 0.1832993236532182,
            "Wind_Dir_Sin": 0.010287039082671706,
            "Wind_Dir_Cos": 0.008176944159190815
        },
        "RMSE": {
            "Temperature": 0.6495157142584741,
            "Precipitation_accumulated": 2.1120821566043233,
            "Humidity": 1.368369998528987,
            "Wind_Speed_kmh": 0.21980912284669574,
            "Soil_Moisture": 93.10046820213402,
            "Soil_Temperature": 0.42813470269673093,
            "Wind_Dir_Sin": 0.10142504169420738,
            "Wind_Dir_Cos": 0.09042645718588567
        },
        "MAE": {
            "Temperature": 0.395492358160508,
            "Precipitation_accumulated": 1.8739657048481668,
            "Humidity": 0.7437981600966738,
            "Wind_Speed_kmh": 0.08768074587820134,
            "Soil_Moisture": 29.75770939244415,
            "Soil_Temperature": 0.26344023757959784,
            "Wind_Dir_Sin": 0.043553708280805764,
            "Wind_Dir_Cos": 0.036067842185424207
        },
        "R2": {
            "Temperature": 0.8760788652152425,
            "Precipitation_accumulated": -3.699911753856197,
            "Humidity": 0.9712059754589859,
            "Wind_Speed_kmh": 0.8580226109023831,
            "Soil_Moisture": 0.9882864234741409,
            "Soil_Temperature": 0.9673391781840681,
            "Wind_Dir_Sin": 0.9359537791304685,
            "Wind_Dir_Cos": 0.9715181312350931
        },
        "SMAPE": {
            "Temperature": 7.4323946289365,
            "Precipitation_accumulated": 0.40843692505680806,
            "Humidity": 0.8843823945689478,
            "Wind_Speed_kmh": 165.31285981219222,
            "Soil_Moisture": 0.4931531643920722,
            "Soil_Temperature": 11.411963880687672,
            "Wind_Dir_Sin": 132.39258388844843,
            "Wind_Dir_Cos": 15.823901831103974
        }
    }
}