{
    "trial_number": 6,
    "overall_mae_val": 0.08465583967021796,
    "xgb_params": {
        "n_estimators": 150,
        "max_depth": 7,
        "learning_rate": 0.028319804480589347,
        "min_child_weight": 7,
        "subsample": 0.6,
        "colsample_bytree": 0.6,
        "gamma": 0.2,
        "reg_alpha": 0.12183466871897083,
        "reg_lambda": 4.277655811454286e-05,
        "n_jobs": -1
    },
    "metrics": {
        "MSE": {
            "Temperature": 4.729620967395975,
            "Precipitation_accumulated": 94.2362461420552,
            "Humidity": 19.55031478170694,
            "Wind_Speed_kmh": 0.5690130208638161,
            "Soil_Moisture": 1532.686955304747,
            "Soil_Temperature": 1.2552579220826603,
            "Wind_Dir_Sin": 0.36469348558654713,
            "Wind_Dir_Cos": 0.29949558437716367
        },
        "RMSE": {
            "Temperature": 2.174769175658873,
            "Precipitation_accumulated": 9.70753553390639,
            "Humidity": 4.421573790146099,
            "Wind_Speed_kmh": 0.7543295174284353,
            "Soil_Moisture": 39.1495460421286,
            "Soil_Temperature": 1.120382935465665,
            "Wind_Dir_Sin": 0.6038985722673528,
            "Wind_Dir_Cos": 0.5472618974286111
        },
        "MAE": {
            "Temperature": 1.6661362050148911,
            "Precipitation_accumulated": 9.44664049360365,
            "Humidity": 3.739042145767573,
            "Wind_Speed_kmh": 0.5673748176598957,
            "Soil_Moisture": 25.951237251301997,
            "Soil_Temperature": 0.8520930070355359,
            "Wind_Dir_Sin": 0.49696310963162865,
            "Wind_Dir_Cos": 0.44495120265316246
        },
        "R2": {
            "Temperature": 0.8445091318525928,
            "Precipitation_accumulated": -25.542514434800072,
            "Humidity": 0.8661459910435768,
            "Wind_Speed_kmh": 0.5779739604194243,
            "Soil_Moisture": 0.9751274643459051,
            "Soil_Temperature": 0.9226234328784308,
            "Wind_Dir_Sin": 0.334469211883462,
            "Wind_Dir_Cos": 0.19140965138908705
        },
        "SMAPE": {
            "Temperature": 30.6784481074492,
            "Precipitation_accumulated": 2.054401366679866,
            "Humidity": 4.332581491156398,
            "Wind_Speed_kmh": 58.01661111371582,
            "Soil_Moisture": 0.3039918641563805,
            "Soil_Temperature": 16.187552160008355,
            "Wind_Dir_Sin": 101.9654693610161,
            "Wind_Dir_Cos": 111.24534723770083
        }
    }
}