{
    "trial_number": 60,
    "overall_mae_val": 0.12489968641900415,
    "output_chunk_length": 5,
    "xgb_params": {
        "n_estimators": 200,
        "max_depth": 5,
        "learning_rate": 0.023302122301085366,
        "min_child_weight": 7,
        "subsample": 0.9,
        "colsample_bytree": 0.7,
        "gamma": 0.05,
        "reg_alpha": 0.0006472839981974129,
        "reg_lambda": 0.06691258776757641,
        "n_jobs": -1
    },
    "metrics": {
        "MSE": {
            "Temperature": 13.915394295318006,
            "Precipitation_accumulated": 77.06707627494363,
            "Humidity": 81.82050562272602,
            "Wind_Speed_kmh": 1.6696015228283454,
            "Soil_Moisture": 7529.573779396625,
            "Soil_Temperature": 8.981173167486032,
            "Wind_Dir_Sin": 0.5777298030571777,
            "Wind_Dir_Cos": 0.4045352294204037
        },
        "RMSE": {
            "Temperature": 3.730334340956318,
            "Precipitation_accumulated": 8.778785580872997,
            "Humidity": 9.045468789550158,
            "Wind_Speed_kmh": 1.2921306136874653,
            "Soil_Moisture": 86.77311668596803,
            "Soil_Temperature": 2.9968605518919347,
            "Wind_Dir_Sin": 0.7600853919509161,
            "Wind_Dir_Cos": 0.6360308399915869
        },
        "MAE": {
            "Temperature": 3.018569676791071,
            "Precipitation_accumulated": 8.190732897407713,
            "Humidity": 7.42142684923899,
            "Wind_Speed_kmh": 1.00902085476049,
            "Soil_Moisture": 59.033268478239215,
            "Soil_Temperature": 2.227104627643763,
            "Wind_Dir_Sin": 0.6922476672285928,
            "Wind_Dir_Cos": 0.5542035022872632
        },
        "R2": {
            "Temperature": 0.5446762773617326,
            "Precipitation_accumulated": -21.119930579514353,
            "Humidity": 0.442012508753879,
            "Wind_Speed_kmh": -0.22977265894399967,
            "Soil_Moisture": 0.8724719946854005,
            "Soil_Temperature": 0.44567133785364754,
            "Wind_Dir_Sin": -0.05318252746781438,
            "Wind_Dir_Cos": -0.09299727696318572
        },
        "SMAPE": {
            "Temperature": 43.32889467508702,
            "Precipitation_accumulated": 1.7799273357143277,
            "Humidity": 8.763706187017911,
            "Wind_Speed_kmh": 86.04011288222944,
            "Soil_Moisture": 0.6869993699965324,
            "Soil_Temperature": 31.339151614538867,
            "Wind_Dir_Sin": 159.25580550395722,
            "Wind_Dir_Cos": 156.80488509424632
        }
    }
}