{
    "trial_number": 12,
    "forecast_horizon": 10,
    "overall_smape_val": 80.20767713973416,
    "output_chunk_length": 13,
    "xgb_params": {
        "n_estimators": 450,
        "max_depth": 5,
        "learning_rate": 0.1971392545869297,
        "min_child_weight": 1,
        "subsample": 1.0,
        "colsample_bytree": 0.7,
        "gamma": 0.3,
        "reg_alpha": 0.03950465036376936,
        "reg_lambda": 0.017143540144973678,
        "random_state": 42,
        "n_jobs": -1
    },
    "metrics": {
        "MSE": {
            "Temperature": 24.294687781148877,
            "Precipitation_accumulated": 129.40054151330003,
            "Humidity": 15.675743446837409,
            "Wind_Speed_kmh": 0.5469977912054779,
            "Soil_Moisture": 87865.71085008828,
            "Soil_Temperature": 24.888008091272763,
            "Wind_Dir_Sin": 0.10438970251561368,
            "Wind_Dir_Cos": 0.9374879278478021
        },
        "RMSE": {
            "Temperature": 4.928964169188987,
            "Precipitation_accumulated": 11.375435882343147,
            "Humidity": 3.959260467162701,
            "Wind_Speed_kmh": 0.7395929902354929,
            "Soil_Moisture": 296.4215087507792,
            "Soil_Temperature": 4.988788238768285,
            "Wind_Dir_Sin": 0.3230939530780694,
            "Wind_Dir_Cos": 0.9682396024991965
        },
        "MAE": {
            "Temperature": 4.583433258521084,
            "Precipitation_accumulated": 11.333586072048858,
            "Humidity": 2.3425557332009803,
            "Wind_Speed_kmh": 0.6840097577226719,
            "Soil_Moisture": 138.37634535329414,
            "Soil_Temperature": 4.504615405162646,
            "Wind_Dir_Sin": 0.14745523534488247,
            "Wind_Dir_Cos": 0.9075466405402637
        },
        "R2": {
            "Temperature": -6.157380125064485,
            "Precipitation_accumulated": -135.15831552475942,
            "Humidity": 0.7591578171263254,
            "Wind_Speed_kmh": -0.5983969118883272,
            "Soil_Moisture": 0.8818850222175693,
            "Soil_Temperature": -3.445830015654601,
            "Wind_Dir_Sin": 0.3535117957077799,
            "Wind_Dir_Cos": -2.2508082476888145
        },
        "SMAPE": {
            "Temperature": 54.51704520789718,
            "Precipitation_accumulated": 2.4970555393952765,
            "Humidity": 2.728217889794769,
            "Wind_Speed_kmh": 180.4075777589022,
            "Soil_Moisture": 2.254044207751597,
            "Soil_Temperature": 56.06645423448236,
            "Wind_Dir_Sin": 164.15830204472007,
            "Wind_Dir_Cos": 179.03272023492963
        }
    }
}