{
    "trial_number": 50,
    "overall_mae_val": 0.10453625726490498,
    "output_chunk_length": 3,
    "xgb_params": {
        "n_estimators": 600,
        "max_depth": 5,
        "learning_rate": 0.01841542874156358,
        "min_child_weight": 8,
        "subsample": 0.7,
        "colsample_bytree": 0.8,
        "gamma": 0.1,
        "reg_alpha": 0.00016189794707542363,
        "reg_lambda": 0.011126541685120507,
        "n_jobs": -1
    },
    "metrics": {
        "MSE": {
            "Temperature": 7.35550679199652,
            "Precipitation_accumulated": 64.88470388387397,
            "Humidity": 41.21798056237263,
            "Wind_Speed_kmh": 1.087003889397814,
            "Soil_Moisture": 4313.381451547566,
            "Soil_Temperature": 1.5904470043791146,
            "Wind_Dir_Sin": 0.5254015714133987,
            "Wind_Dir_Cos": 0.34326839873984133
        },
        "RMSE": {
            "Temperature": 2.7121037576015636,
            "Precipitation_accumulated": 8.0551042130983,
            "Humidity": 6.42012309557789,
            "Wind_Speed_kmh": 1.0425947867689604,
            "Soil_Moisture": 65.6763385973028,
            "Soil_Temperature": 1.2611292576017394,
            "Wind_Dir_Sin": 0.7248458949413997,
            "Wind_Dir_Cos": 0.5858911150886668
        },
        "MAE": {
            "Temperature": 2.1559974857844297,
            "Precipitation_accumulated": 7.430778094656284,
            "Humidity": 4.862779674874257,
            "Wind_Speed_kmh": 0.8095782089932736,
            "Soil_Moisture": 46.44847996810984,
            "Soil_Temperature": 0.8870226662307121,
            "Wind_Dir_Sin": 0.6438176656797897,
            "Wind_Dir_Cos": 0.4981451752656819
        },
        "R2": {
            "Temperature": 0.7591717744164606,
            "Precipitation_accumulated": -17.73420321266972,
            "Humidity": 0.718831882562552,
            "Wind_Speed_kmh": 0.1949623010832814,
            "Soil_Moisture": 0.9260386831861886,
            "Soil_Temperature": 0.9017362001657596,
            "Wind_Dir_Sin": 0.0437446823573191,
            "Wind_Dir_Cos": 0.06865449784834499
        },
        "SMAPE": {
            "Temperature": 34.562825577234136,
            "Precipitation_accumulated": 1.6133808388191406,
            "Humidity": 5.798594631065735,
            "Wind_Speed_kmh": 70.76328691544137,
            "Soil_Moisture": 0.5417709909967722,
            "Soil_Temperature": 15.25349726579768,
            "Wind_Dir_Sin": 139.20298491696553,
            "Wind_Dir_Cos": 128.22253402957836
        }
    }
}