{
    "trial_number": 30,
    "forecast_horizon": 3,
    "overall_smape_val": 50.59160776488747,
    "output_chunk_length": 22,
    "xgb_params": {
        "n_estimators": 300,
        "max_depth": 5,
        "learning_rate": 0.03826933146654589,
        "min_child_weight": 8,
        "subsample": 0.9,
        "colsample_bytree": 1.0,
        "gamma": 0.3,
        "reg_alpha": 0.000292951645521903,
        "reg_lambda": 0.00036653125293648856,
        "random_state": 42,
        "n_jobs": -1
    },
    "metrics": {
        "MSE": {
            "Temperature": 2.642326567002456,
            "Precipitation_accumulated": 11.194524236981115,
            "Humidity": 9.353370636174269,
            "Wind_Speed_kmh": 0.14300749499379772,
            "Soil_Moisture": 39482.80517650409,
            "Soil_Temperature": 2.8470492896893353,
            "Wind_Dir_Sin": 0.06168919999979968,
            "Wind_Dir_Cos": 0.04311916224400822
        },
        "RMSE": {
            "Temperature": 1.6255234747620397,
            "Precipitation_accumulated": 3.345821907540973,
            "Humidity": 3.058328078570752,
            "Wind_Speed_kmh": 0.3781633178850081,
            "Soil_Moisture": 198.7028061616244,
            "Soil_Temperature": 1.687320150323979,
            "Wind_Dir_Sin": 0.2483731064342508,
            "Wind_Dir_Cos": 0.20765154043254344
        },
        "MAE": {
            "Temperature": 1.3478083029057542,
            "Precipitation_accumulated": 3.2008163684412936,
            "Humidity": 2.128880385140032,
            "Wind_Speed_kmh": 0.17106446097933492,
            "Soil_Moisture": 126.67454168118468,
            "Soil_Temperature": 1.3558339260586538,
            "Wind_Dir_Sin": 0.11106806936761703,
            "Wind_Dir_Cos": 0.10017969871913755
        },
        "R2": {
            "Temperature": 0.22346684630571712,
            "Precipitation_accumulated": -10.792413610533341,
            "Humidity": 0.8561680572366006,
            "Wind_Speed_kmh": 0.5800634234357354,
            "Soil_Moisture": 0.9466773373111672,
            "Soil_Temperature": 0.49253817238089315,
            "Wind_Dir_Sin": 0.6161819672618002,
            "Wind_Dir_Cos": 0.8498918895473407
        },
        "SMAPE": {
            "Temperature": 21.795498647535172,
            "Precipitation_accumulated": 0.6987977137384096,
            "Humidity": 2.5109780766614276,
            "Wind_Speed_kmh": 169.01506037787078,
            "Soil_Moisture": 2.129715826777616,
            "Soil_Temperature": 27.059699393795473,
            "Wind_Dir_Sin": 154.0837987686545,
            "Wind_Dir_Cos": 27.4393133140664
        }
    }
}