{
    "trial_number": 34,
    "forecast_horizon": 4,
    "overall_smape_val": 58.031322296469966,
    "output_chunk_length": 20,
    "xgb_params": {
        "n_estimators": 550,
        "max_depth": 4,
        "learning_rate": 0.015207713612046108,
        "min_child_weight": 7,
        "subsample": 1.0,
        "colsample_bytree": 0.8,
        "gamma": 0.3,
        "reg_alpha": 0.0016889996443262372,
        "reg_lambda": 0.0007871060186072874,
        "random_state": 42,
        "n_jobs": -1
    },
    "metrics": {
        "MSE": {
            "Temperature": 4.2337762170475495,
            "Precipitation_accumulated": 55.42096399591396,
            "Humidity": 10.541054368285515,
            "Wind_Speed_kmh": 0.1629092581747583,
            "Soil_Moisture": 51652.58118086122,
            "Soil_Temperature": 5.167056000538793,
            "Wind_Dir_Sin": 0.07802824123243934,
            "Wind_Dir_Cos": 0.187569771851528
        },
        "RMSE": {
            "Temperature": 2.0576142051044335,
            "Precipitation_accumulated": 7.444525773742338,
            "Humidity": 3.2466989956393424,
            "Wind_Speed_kmh": 0.40362019049442793,
            "Soil_Moisture": 227.2720422332259,
            "Soil_Temperature": 2.27311592325134,
            "Wind_Dir_Sin": 0.2793353562162143,
            "Wind_Dir_Cos": 0.433093259993189
        },
        "MAE": {
            "Temperature": 1.7595756320837166,
            "Precipitation_accumulated": 7.380481729049315,
            "Humidity": 2.23437873050652,
            "Wind_Speed_kmh": 0.21339257406141796,
            "Soil_Moisture": 149.03357760320398,
            "Soil_Temperature": 1.8658185929396194,
            "Wind_Dir_Sin": 0.12947991356351415,
            "Wind_Dir_Cos": 0.4010232503023856
        },
        "R2": {
            "Temperature": -0.24475828398360377,
            "Precipitation_accumulated": -57.3714392734665,
            "Humidity": 0.8379150769902161,
            "Wind_Speed_kmh": 0.52195629190249,
            "Soil_Moisture": 0.9302874818964274,
            "Soil_Temperature": 0.07871356409955721,
            "Wind_Dir_Sin": 0.5148444649944335,
            "Wind_Dir_Cos": 0.34739111289636826
        },
        "SMAPE": {
            "Temperature": 27.051526327011175,
            "Precipitation_accumulated": 1.6189774444022698,
            "Humidity": 2.636310280908636,
            "Wind_Speed_kmh": 169.35011960117293,
            "Soil_Moisture": 2.494645929988773,
            "Soil_Temperature": 32.70470341809553,
            "Wind_Dir_Sin": 160.08071904971428,
            "Wind_Dir_Cos": 68.3135763204659
        }
    }
}