{
    "trial_number": 40,
    "overall_smape_val": 42.03036318664972,
    "xgb_params": {
        "n_estimators": 200,
        "max_depth": 8,
        "learning_rate": 0.09869028920394651,
        "min_child_weight": 6,
        "subsample": 0.7,
        "colsample_bytree": 0.7,
        "gamma": 0.05,
        "reg_alpha": 0.0010384439849111925,
        "reg_lambda": 0.0004590688677366366,
        "random_state": 42,
        "n_jobs": -1
    },
    "metrics": {
        "MSE": {
            "Temperature": 0.41457639267057683,
            "Precipitation_accumulated": 4.492989833024933,
            "Humidity": 1.8435830226143257,
            "Wind_Speed_kmh": 0.041643197551346656,
            "Soil_Moisture": 7438.140272812466,
            "Soil_Temperature": 0.16884447201555813,
            "Wind_Dir_Sin": 0.006983444757061465,
            "Wind_Dir_Cos": 0.005241992917672464
        },
        "RMSE": {
            "Temperature": 0.6438760693414354,
            "Precipitation_accumulated": 2.1196673873570195,
            "Humidity": 1.3577860739506522,
            "Wind_Speed_kmh": 0.20406664977733782,
            "Soil_Moisture": 86.24465358972964,
            "Soil_Temperature": 0.41090688971536865,
            "Wind_Dir_Sin": 0.08356700758709423,
            "Wind_Dir_Cos": 0.07240160852959321
        },
        "MAE": {
            "Temperature": 0.4149047796323269,
            "Precipitation_accumulated": 1.8825106267231668,
            "Humidity": 0.7136281878944403,
            "Wind_Speed_kmh": 0.08113056463544496,
            "Soil_Moisture": 31.147045648122397,
            "Soil_Temperature": 0.2419714582582953,
            "Wind_Dir_Sin": 0.03816058904879989,
            "Wind_Dir_Cos": 0.02987900584776621
        },
        "R2": {
            "Temperature": 0.8782214988332966,
            "Precipitation_accumulated": -3.733730448605387,
            "Humidity": 0.9716496788368605,
            "Wind_Speed_kmh": 0.8776308824403583,
            "Soil_Moisture": 0.989948053849624,
            "Soil_Temperature": 0.9699147868895672,
            "Wind_Dir_Sin": 0.9565216733652412,
            "Wind_Dir_Cos": 0.981741130740155
        },
        "SMAPE": {
            "Temperature": 7.620141865000375,
            "Precipitation_accumulated": 0.41030416799669356,
            "Humidity": 0.8433633379861073,
            "Wind_Speed_kmh": 169.698089999555,
            "Soil_Moisture": 0.5146617654160307,
            "Soil_Temperature": 10.91563358416415,
            "Wind_Dir_Sin": 132.0924727540683,
            "Wind_Dir_Cos": 14.148238019010906
        }
    }
}