{
    "trial_number": 47,
    "overall_mae_val": 0.11491407603200057,
    "output_chunk_length": 4,
    "xgb_params": {
        "n_estimators": 600,
        "max_depth": 5,
        "learning_rate": 0.01503018067808709,
        "min_child_weight": 6,
        "subsample": 0.7,
        "colsample_bytree": 0.8,
        "gamma": 0.05,
        "reg_alpha": 0.0005035618986882196,
        "reg_lambda": 0.10413235038021044,
        "n_jobs": -1
    },
    "metrics": {
        "MSE": {
            "Temperature": 9.162498234437145,
            "Precipitation_accumulated": 55.17007018650562,
            "Humidity": 55.95047889592399,
            "Wind_Speed_kmh": 1.5817504274787553,
            "Soil_Moisture": 6173.607272732828,
            "Soil_Temperature": 4.997268379390683,
            "Wind_Dir_Sin": 0.5435902434303925,
            "Wind_Dir_Cos": 0.3772578947899382
        },
        "RMSE": {
            "Temperature": 3.0269618818936497,
            "Precipitation_accumulated": 7.427655766559569,
            "Humidity": 7.4800052737898515,
            "Wind_Speed_kmh": 1.2576765989230918,
            "Soil_Moisture": 78.5723060163874,
            "Soil_Temperature": 2.235457085114962,
            "Wind_Dir_Sin": 0.7372857271305288,
            "Wind_Dir_Cos": 0.6142132323468278
        },
        "MAE": {
            "Temperature": 2.4235647907342646,
            "Precipitation_accumulated": 6.946102526971056,
            "Humidity": 5.8791812882145615,
            "Wind_Speed_kmh": 0.9762233543170998,
            "Soil_Moisture": 54.901393923750476,
            "Soil_Temperature": 1.6313968491099298,
            "Wind_Dir_Sin": 0.6615024897873006,
            "Wind_Dir_Cos": 0.532734597737401
        },
        "R2": {
            "Temperature": 0.7001703999634812,
            "Precipitation_accumulated": -14.85837385771112,
            "Humidity": 0.6184119338946702,
            "Wind_Speed_kmh": -0.16775223004671935,
            "Soil_Moisture": 0.8951168098713802,
            "Soil_Temperature": 0.6915174867527272,
            "Wind_Dir_Sin": 0.009520367096253035,
            "Wind_Dir_Cos": -0.02055544765277495
        },
        "SMAPE": {
            "Temperature": 37.32477376526156,
            "Precipitation_accumulated": 1.5067753502298225,
            "Humidity": 7.001804042536459,
            "Wind_Speed_kmh": 83.84986255453946,
            "Soil_Moisture": 0.6395146090966997,
            "Soil_Temperature": 24.941417073783626,
            "Wind_Dir_Sin": 145.75060339599247,
            "Wind_Dir_Cos": 146.1199898933435
        }
    }
}