{
    "trial_number": 33,
    "overall_smape_val": 42.96315799585808,
    "xgb_params": {
        "n_estimators": 300,
        "max_depth": 3,
        "learning_rate": 0.1603701776286668,
        "min_child_weight": 9,
        "subsample": 1.0,
        "colsample_bytree": 0.6,
        "gamma": 0.05,
        "reg_alpha": 2.6351558689926833e-05,
        "reg_lambda": 3.9594048012598286e-05,
        "random_state": 42,
        "n_jobs": -1
    },
    "metrics": {
        "MSE": {
            "Temperature": 0.42675882316209557,
            "Precipitation_accumulated": 4.342833013849098,
            "Humidity": 1.823466522308345,
            "Wind_Speed_kmh": 0.05713488876338639,
            "Soil_Moisture": 8448.65419010062,
            "Soil_Temperature": 0.18477506155048398,
            "Wind_Dir_Sin": 0.021991198562491758,
            "Wind_Dir_Cos": 0.01983413789083595
        },
        "RMSE": {
            "Temperature": 0.6532678035553992,
            "Precipitation_accumulated": 2.083946499756915,
            "Humidity": 1.3503579237773757,
            "Wind_Speed_kmh": 0.2390290542243482,
            "Soil_Moisture": 91.91656102194327,
            "Soil_Temperature": 0.42985469818356525,
            "Wind_Dir_Sin": 0.1482942971340832,
            "Wind_Dir_Cos": 0.14083372426672508
        },
        "MAE": {
            "Temperature": 0.407072153830599,
            "Precipitation_accumulated": 1.8421969060200418,
            "Humidity": 0.7263644019800694,
            "Wind_Speed_kmh": 0.0912140083896972,
            "Soil_Moisture": 29.643084940689764,
            "Soil_Temperature": 0.25411341067255694,
            "Wind_Dir_Sin": 0.06211937491122379,
            "Wind_Dir_Cos": 0.05253698035803384
        },
        "R2": {
            "Temperature": 0.8746430072644253,
            "Precipitation_accumulated": -3.5755280191732615,
            "Humidity": 0.971959027120804,
            "Wind_Speed_kmh": 0.8321083314694264,
            "Soil_Moisture": 0.9885824394476056,
            "Soil_Temperature": 0.9670762267909642,
            "Wind_Dir_Sin": 0.8630846885094878,
            "Wind_Dir_Cos": 0.9309138840288034
        },
        "SMAPE": {
            "Temperature": 7.298055207313943,
            "Precipitation_accumulated": 0.4014950876990943,
            "Humidity": 0.8627325738963426,
            "Wind_Speed_kmh": 168.37784823761456,
            "Soil_Moisture": 0.48722142836259613,
            "Soil_Temperature": 10.863298739132436,
            "Wind_Dir_Sin": 137.00774259668867,
            "Wind_Dir_Cos": 18.406870096157487
        }
    }
}