{
    "trial_number": 34,
    "overall_mae_val": 0.07892397766959415,
    "xgb_params": {
        "n_estimators": 200,
        "max_depth": 3,
        "learning_rate": 0.05093597468785783,
        "min_child_weight": 6,
        "subsample": 0.6,
        "colsample_bytree": 0.7,
        "gamma": 0.05,
        "reg_alpha": 2.095372988200255e-05,
        "reg_lambda": 0.18467695011817833,
        "n_jobs": -1
    },
    "metrics": {
        "MSE": {
            "Temperature": 2.6391280516464946,
            "Precipitation_accumulated": 54.509185671098216,
            "Humidity": 11.091238616473783,
            "Wind_Speed_kmh": 0.5507559208226833,
            "Soil_Moisture": 1054.1757546565025,
            "Soil_Temperature": 0.5264593423092649,
            "Wind_Dir_Sin": 0.35964821615592385,
            "Wind_Dir_Cos": 0.3078787881649498
        },
        "RMSE": {
            "Temperature": 1.6245393352105988,
            "Precipitation_accumulated": 7.383033636053558,
            "Humidity": 3.330351125102845,
            "Wind_Speed_kmh": 0.7421293154314034,
            "Soil_Moisture": 32.468072850979354,
            "Soil_Temperature": 0.725575180328865,
            "Wind_Dir_Sin": 0.599706775145924,
            "Wind_Dir_Cos": 0.5548682619910331
        },
        "MAE": {
            "Temperature": 1.2562960762185413,
            "Precipitation_accumulated": 7.028759120854073,
            "Humidity": 2.508709612068326,
            "Wind_Speed_kmh": 0.5549542968372021,
            "Soil_Moisture": 18.924913292340023,
            "Soil_Temperature": 0.5226973356987369,
            "Wind_Dir_Sin": 0.4890252780216709,
            "Wind_Dir_Cos": 0.44191611193095137
        },
        "R2": {
            "Temperature": 0.913626912522169,
            "Precipitation_accumulated": -14.691623602420467,
            "Humidity": 0.9243515401203958,
            "Wind_Speed_kmh": 0.5926415527272628,
            "Soil_Moisture": 0.982036215311412,
            "Soil_Temperature": 0.9674943415089391,
            "Wind_Dir_Sin": 0.3449565213160014,
            "Wind_Dir_Cos": 0.1662218540919954
        },
        "SMAPE": {
            "Temperature": 24.6062781120384,
            "Precipitation_accumulated": 1.5244008208769473,
            "Humidity": 2.9950296236872047,
            "Wind_Speed_kmh": 57.429530999827406,
            "Soil_Moisture": 0.2226720936877232,
            "Soil_Temperature": 9.373183433123886,
            "Wind_Dir_Sin": 97.58371378737998,
            "Wind_Dir_Cos": 106.74692635075981
        }
    }
}