{
    "trial_number": 24,
    "forecast_horizon": 7,
    "overall_smape_val": 53.65125701953022,
    "output_chunk_length": 17,
    "xgb_params": {
        "n_estimators": 550,
        "max_depth": 6,
        "learning_rate": 0.040394951808875465,
        "min_child_weight": 9,
        "subsample": 0.9,
        "colsample_bytree": 0.8,
        "gamma": 0.3,
        "reg_alpha": 0.009976213996482117,
        "reg_lambda": 0.007689327188889504,
        "random_state": 42,
        "n_jobs": -1
    },
    "metrics": {
        "MSE": {
            "Temperature": 3.9340641682794733,
            "Precipitation_accumulated": 11.244878144102014,
            "Humidity": 15.025896462017846,
            "Wind_Speed_kmh": 0.20438694048730316,
            "Soil_Moisture": 80309.56726486093,
            "Soil_Temperature": 3.0792100822523905,
            "Wind_Dir_Sin": 0.08659968225379028,
            "Wind_Dir_Cos": 0.06363995791888175
        },
        "RMSE": {
            "Temperature": 1.983447546137652,
            "Precipitation_accumulated": 3.353338358129405,
            "Humidity": 3.876325123363344,
            "Wind_Speed_kmh": 0.45209173901687605,
            "Soil_Moisture": 283.38942687556454,
            "Soil_Temperature": 1.7547678143425103,
            "Wind_Dir_Sin": 0.2942782395179607,
            "Wind_Dir_Cos": 0.25226961354646293
        },
        "MAE": {
            "Temperature": 1.6061651327705277,
            "Precipitation_accumulated": 3.208576708427294,
            "Humidity": 2.658803848048493,
            "Wind_Speed_kmh": 0.23396435971957985,
            "Soil_Moisture": 172.53782213720334,
            "Soil_Temperature": 1.4094455944446238,
            "Wind_Dir_Sin": 0.15188161773439426,
            "Wind_Dir_Cos": 0.15228529638893937
        },
        "R2": {
            "Temperature": -0.15794609064577614,
            "Precipitation_accumulated": -10.837789825698687,
            "Humidity": 0.7690420005434341,
            "Wind_Speed_kmh": 0.40149947342761805,
            "Soil_Moisture": 0.8918260881625658,
            "Soil_Temperature": 0.4504471107032265,
            "Wind_Dir_Sin": 0.4626179177070925,
            "Wind_Dir_Cos": 0.7789511513716663
        },
        "SMAPE": {
            "Temperature": 25.268519953051026,
            "Precipitation_accumulated": 0.7004942949873423,
            "Humidity": 3.126256258174388,
            "Wind_Speed_kmh": 170.6001749950426,
            "Soil_Moisture": 2.8530427445618867,
            "Soil_Temperature": 27.813055526457124,
            "Wind_Dir_Sin": 162.22926889474255,
            "Wind_Dir_Cos": 36.61924348922507
        }
    }
}