{
    "trial_number": 21,
    "overall_mae_val": 0.07756533052456771,
    "xgb_params": {
        "n_estimators": 300,
        "max_depth": 3,
        "learning_rate": 0.017809120047976607,
        "min_child_weight": 4,
        "subsample": 0.6,
        "colsample_bytree": 0.9,
        "gamma": 0.0,
        "reg_alpha": 3.2037159384906096e-05,
        "reg_lambda": 0.42356754487112386,
        "n_jobs": -1
    },
    "metrics": {
        "MSE": {
            "Temperature": 2.1639648866094188,
            "Precipitation_accumulated": 31.911535639719197,
            "Humidity": 11.278666673373472,
            "Wind_Speed_kmh": 0.534364293399604,
            "Soil_Moisture": 935.4608066982214,
            "Soil_Temperature": 0.340060947518347,
            "Wind_Dir_Sin": 0.3582202096550521,
            "Wind_Dir_Cos": 0.3022956718456416
        },
        "RMSE": {
            "Temperature": 1.4710421090537886,
            "Precipitation_accumulated": 5.649029619299158,
            "Humidity": 3.3583726227703607,
            "Wind_Speed_kmh": 0.7310022526638369,
            "Soil_Moisture": 30.585303769919,
            "Soil_Temperature": 0.5831474492084716,
            "Wind_Dir_Sin": 0.5985150037008697,
            "Wind_Dir_Cos": 0.5498142157544142
        },
        "MAE": {
            "Temperature": 1.109083116740359,
            "Precipitation_accumulated": 5.138481790506102,
            "Humidity": 2.516980684599569,
            "Wind_Speed_kmh": 0.5506427610947552,
            "Soil_Moisture": 17.64566265078959,
            "Soil_Temperature": 0.4048298662839835,
            "Wind_Dir_Sin": 0.4901914191655041,
            "Wind_Dir_Cos": 0.4411728773548767
        },
        "R2": {
            "Temperature": 0.9291262712113659,
            "Precipitation_accumulated": -8.227674709927562,
            "Humidity": 0.9230573069629873,
            "Wind_Speed_kmh": 0.6044531196227707,
            "Soil_Moisture": 0.9839116938499886,
            "Soil_Temperature": 0.9789802956009167,
            "Wind_Dir_Sin": 0.3482861851512933,
            "Wind_Dir_Cos": 0.17894870010582797
        },
        "SMAPE": {
            "Temperature": 22.045144895396216,
            "Precipitation_accumulated": 1.112044154225456,
            "Humidity": 3.0204987988517695,
            "Wind_Speed_kmh": 56.86091846744652,
            "Soil_Moisture": 0.20656760237272956,
            "Soil_Temperature": 7.310404642458555,
            "Wind_Dir_Sin": 97.51896958718207,
            "Wind_Dir_Cos": 107.95759655570777
        }
    }
}