{
    "trial_number": 27,
    "overall_mae_val": 0.1405742387410994,
    "output_chunk_length": 21,
    "xgb_params": {
        "n_estimators": 500,
        "max_depth": 6,
        "learning_rate": 0.19901069477200792,
        "min_child_weight": 9,
        "subsample": 0.7,
        "colsample_bytree": 0.9,
        "gamma": 0.3,
        "reg_alpha": 0.4664300141395427,
        "reg_lambda": 3.891672075630865e-05,
        "n_jobs": -1
    },
    "metrics": {
        "MSE": {
            "Temperature": 11.737211102579948,
            "Precipitation_accumulated": 74.60762299922092,
            "Humidity": 92.14669900679921,
            "Wind_Speed_kmh": 1.3865763787826475,
            "Soil_Moisture": 294922.95240765915,
            "Soil_Temperature": 5.993893659907375,
            "Wind_Dir_Sin": 0.676574443829011,
            "Wind_Dir_Cos": 0.48979149483755335
        },
        "RMSE": {
            "Temperature": 3.4259613399132145,
            "Precipitation_accumulated": 8.637570433821129,
            "Humidity": 9.599307214940003,
            "Wind_Speed_kmh": 1.1775297782997454,
            "Soil_Moisture": 543.0680918703097,
            "Soil_Temperature": 2.448242974034108,
            "Wind_Dir_Sin": 0.8225414541705549,
            "Wind_Dir_Cos": 0.6998510518942965
        },
        "MAE": {
            "Temperature": 2.779422161163798,
            "Precipitation_accumulated": 8.439378538530645,
            "Humidity": 7.767332984773085,
            "Wind_Speed_kmh": 0.916647617542153,
            "Soil_Moisture": 484.6606323210949,
            "Soil_Temperature": 2.013297125156165,
            "Wind_Dir_Sin": 0.737165556258605,
            "Wind_Dir_Cos": 0.6078223138776776
        },
        "R2": {
            "Temperature": 0.6159341406015139,
            "Precipitation_accumulated": -21.043828931064017,
            "Humidity": 0.37210315182414533,
            "Wind_Speed_kmh": -0.027757235463306662,
            "Soil_Moisture": -4.358859166269778,
            "Soil_Temperature": 0.6283469836669267,
            "Wind_Dir_Sin": -0.22776615200894113,
            "Wind_Dir_Cos": -0.3361923723105009
        },
        "SMAPE": {
            "Temperature": 41.08000168271671,
            "Precipitation_accumulated": 1.8327616051837832,
            "Humidity": 9.159288502732505,
            "Wind_Speed_kmh": 77.21752305330483,
            "Soil_Moisture": 5.79824644617432,
            "Soil_Temperature": 34.208305447119294,
            "Wind_Dir_Sin": 157.9618967579526,
            "Wind_Dir_Cos": 164.23281403551638
        }
    }
}