{
    "trial_number": 76,
    "overall_mae_val": 0.07841704833175668,
    "xgb_params": {
        "n_estimators": 300,
        "max_depth": 3,
        "learning_rate": 0.017344395917902156,
        "min_child_weight": 6,
        "subsample": 0.6,
        "colsample_bytree": 0.8,
        "gamma": 0.05,
        "reg_alpha": 1.647369576855671e-05,
        "reg_lambda": 0.3509706690540469,
        "n_jobs": -1
    },
    "metrics": {
        "MSE": {
            "Temperature": 2.661734053147229,
            "Precipitation_accumulated": 63.64471687168349,
            "Humidity": 10.64757995820194,
            "Wind_Speed_kmh": 0.538151329310215,
            "Soil_Moisture": 900.0190255605107,
            "Soil_Temperature": 0.6187608666499469,
            "Wind_Dir_Sin": 0.35260462445535984,
            "Wind_Dir_Cos": 0.30117901895334775
        },
        "RMSE": {
            "Temperature": 1.6314821645201116,
            "Precipitation_accumulated": 7.977763901726065,
            "Humidity": 3.263062971841325,
            "Wind_Speed_kmh": 0.7335879833463843,
            "Soil_Moisture": 30.0003170909994,
            "Soil_Temperature": 0.7866135433934168,
            "Wind_Dir_Sin": 0.5938052075010456,
            "Wind_Dir_Cos": 0.548797794231489
        },
        "MAE": {
            "Temperature": 1.264825097438852,
            "Precipitation_accumulated": 7.613033124593694,
            "Humidity": 2.5179080085546346,
            "Wind_Speed_kmh": 0.5517182672452438,
            "Soil_Moisture": 16.63119907781127,
            "Soil_Temperature": 0.5477904744969179,
            "Wind_Dir_Sin": 0.47951681229887266,
            "Wind_Dir_Cos": 0.4409756723820414
        },
        "R2": {
            "Temperature": 0.912887065835333,
            "Precipitation_accumulated": -17.321479749469095,
            "Humidity": 0.9273775406755247,
            "Wind_Speed_kmh": 0.6019643518709497,
            "Soil_Moisture": 0.9846631380778911,
            "Soil_Temperature": 0.9617952844549568,
            "Wind_Dir_Sin": 0.3577853318111073,
            "Wind_Dir_Cos": 0.18436575151525092
        },
        "SMAPE": {
            "Temperature": 24.826917507174343,
            "Precipitation_accumulated": 1.6523068611475464,
            "Humidity": 2.9847965392682387,
            "Wind_Speed_kmh": 57.06864922454257,
            "Soil_Moisture": 0.19468328391577372,
            "Soil_Temperature": 9.294148579311212,
            "Wind_Dir_Sin": 94.77527084584482,
            "Wind_Dir_Cos": 108.70092497779392
        }
    }
}