{
    "trial_number": 14,
    "overall_mae_val": 0.07669779303909531,
    "xgb_params": {
        "n_estimators": 300,
        "max_depth": 3,
        "learning_rate": 0.01974471875568453,
        "min_child_weight": 1,
        "subsample": 0.8,
        "colsample_bytree": 0.8,
        "gamma": 0.0,
        "reg_alpha": 5.1868138320540005e-05,
        "reg_lambda": 0.026254738673829516,
        "n_jobs": -1
    },
    "metrics": {
        "MSE": {
            "Temperature": 1.8783997529251004,
            "Precipitation_accumulated": 27.299512558629544,
            "Humidity": 9.563759461679243,
            "Wind_Speed_kmh": 0.5442939522246579,
            "Soil_Moisture": 1969.3248123776073,
            "Soil_Temperature": 0.7045974848146435,
            "Wind_Dir_Sin": 0.35182310604353473,
            "Wind_Dir_Cos": 0.3041303765027968
        },
        "RMSE": {
            "Temperature": 1.3705472457836323,
            "Precipitation_accumulated": 5.224893545195878,
            "Humidity": 3.0925328553920397,
            "Wind_Speed_kmh": 0.737762802142164,
            "Soil_Moisture": 44.377075302205384,
            "Soil_Temperature": 0.8394030526598313,
            "Wind_Dir_Sin": 0.5931467828822261,
            "Wind_Dir_Cos": 0.5514801687302969
        },
        "MAE": {
            "Temperature": 1.0336667706074634,
            "Precipitation_accumulated": 4.752266157701706,
            "Humidity": 2.293644229600357,
            "Wind_Speed_kmh": 0.5525867513915993,
            "Soil_Moisture": 22.842380274687482,
            "Soil_Temperature": 0.6343660286237609,
            "Wind_Dir_Sin": 0.47394699569549426,
            "Wind_Dir_Cos": 0.4423847384651921
        },
        "R2": {
            "Temperature": 0.9385371373635868,
            "Precipitation_accumulated": -6.835555101339641,
            "Humidity": 0.9347784750498838,
            "Wind_Speed_kmh": 0.5990912731436975,
            "Soil_Moisture": 0.9666456465535571,
            "Soil_Temperature": 0.9565114073823926,
            "Wind_Dir_Sin": 0.35863798944809633,
            "Wind_Dir_Cos": 0.17828250994206418
        },
        "SMAPE": {
            "Temperature": 21.350505120219363,
            "Precipitation_accumulated": 1.0279182158795306,
            "Humidity": 2.7223230034736012,
            "Wind_Speed_kmh": 57.25040394810917,
            "Soil_Moisture": 0.2673408477518483,
            "Soil_Temperature": 10.630069763720657,
            "Wind_Dir_Sin": 93.67049739764124,
            "Wind_Dir_Cos": 107.46021923701466
        }
    }
}