{
    "trial_number": 64,
    "overall_mae_val": 0.07796642468332057,
    "xgb_params": {
        "n_estimators": 400,
        "max_depth": 3,
        "learning_rate": 0.026802387421916554,
        "min_child_weight": 5,
        "subsample": 0.6,
        "colsample_bytree": 0.8,
        "gamma": 0.05,
        "reg_alpha": 4.0513654816573336e-05,
        "reg_lambda": 0.35900588169681075,
        "n_jobs": -1
    },
    "metrics": {
        "MSE": {
            "Temperature": 2.40126903435745,
            "Precipitation_accumulated": 55.3127757987226,
            "Humidity": 10.649027123556182,
            "Wind_Speed_kmh": 0.5432431261699762,
            "Soil_Moisture": 938.9240287429791,
            "Soil_Temperature": 0.4045767508389851,
            "Wind_Dir_Sin": 0.3593104292996654,
            "Wind_Dir_Cos": 0.30556231250821797
        },
        "RMSE": {
            "Temperature": 1.549602863432257,
            "Precipitation_accumulated": 7.437255932043928,
            "Humidity": 3.2632847138360734,
            "Wind_Speed_kmh": 0.7370502874091944,
            "Soil_Moisture": 30.641867252877706,
            "Soil_Temperature": 0.6360634801959512,
            "Wind_Dir_Sin": 0.5994250823077605,
            "Wind_Dir_Cos": 0.5527769102524254
        },
        "MAE": {
            "Temperature": 1.1911243411149812,
            "Precipitation_accumulated": 7.046157213281577,
            "Humidity": 2.470744606111112,
            "Wind_Speed_kmh": 0.553167934530382,
            "Soil_Moisture": 18.035402786318674,
            "Soil_Temperature": 0.455721949317573,
            "Wind_Dir_Sin": 0.4834457468472042,
            "Wind_Dir_Cos": 0.4399721787549366
        },
        "R2": {
            "Temperature": 0.9214219183753327,
            "Precipitation_accumulated": -14.8993939061265,
            "Humidity": 0.9273725310995142,
            "Wind_Speed_kmh": 0.5989421839109562,
            "Soil_Moisture": 0.98404865371694,
            "Soil_Temperature": 0.9750253851854473,
            "Wind_Dir_Sin": 0.3452979217115171,
            "Wind_Dir_Cos": 0.17339494564777858
        },
        "SMAPE": {
            "Temperature": 24.012757589607663,
            "Precipitation_accumulated": 1.5283142211110678,
            "Humidity": 2.9414008037968333,
            "Wind_Speed_kmh": 57.49674349795949,
            "Soil_Moisture": 0.21127759397093737,
            "Soil_Temperature": 8.397498777028348,
            "Wind_Dir_Sin": 95.61075231315415,
            "Wind_Dir_Cos": 105.9913993696077
        }
    }
}