{
    "trial_number": 25,
    "overall_smape_val": 41.613947752845675,
    "xgb_params": {
        "n_estimators": 100,
        "max_depth": 7,
        "learning_rate": 0.12285693356257588,
        "min_child_weight": 7,
        "subsample": 0.9,
        "colsample_bytree": 0.8,
        "gamma": 0.05,
        "reg_alpha": 0.003998394538496855,
        "reg_lambda": 0.006122218353912954,
        "random_state": 42,
        "n_jobs": -1
    },
    "metrics": {
        "MSE": {
            "Temperature": 0.4019752084442936,
            "Precipitation_accumulated": 4.424726864616562,
            "Humidity": 1.7966220748718669,
            "Wind_Speed_kmh": 0.044217465924097164,
            "Soil_Moisture": 7351.195292429814,
            "Soil_Temperature": 0.1677768911137042,
            "Wind_Dir_Sin": 0.009923191429502745,
            "Wind_Dir_Cos": 0.007711327702067746
        },
        "RMSE": {
            "Temperature": 0.6340151484343994,
            "Precipitation_accumulated": 2.1035034738779403,
            "Humidity": 1.3403813169661336,
            "Wind_Speed_kmh": 0.21027949477801483,
            "Soil_Moisture": 85.7391118010317,
            "Soil_Temperature": 0.40960577524456876,
            "Wind_Dir_Sin": 0.09961521685717874,
            "Wind_Dir_Cos": 0.08781416572551234
        },
        "MAE": {
            "Temperature": 0.38718236494244695,
            "Precipitation_accumulated": 1.8642916325825418,
            "Humidity": 0.7243817430010785,
            "Wind_Speed_kmh": 0.0823140714335468,
            "Soil_Moisture": 29.101546769088884,
            "Soil_Temperature": 0.255004356088006,
            "Wind_Dir_Sin": 0.04271362622731367,
            "Wind_Dir_Cos": 0.035045334649503546
        },
        "R2": {
            "Temperature": 0.8819229959641803,
            "Precipitation_accumulated": -3.661809855842919,
            "Humidity": 0.9723718366861643,
            "Wind_Speed_kmh": 0.8700663588768935,
            "Soil_Moisture": 0.9900655518032518,
            "Soil_Temperature": 0.9701050116482549,
            "Wind_Dir_Sin": 0.9382190633362002,
            "Wind_Dir_Cos": 0.9731399628837359
        },
        "SMAPE": {
            "Temperature": 7.217672618521239,
            "Precipitation_accumulated": 0.40632298129462024,
            "Humidity": 0.8581423859793296,
            "Wind_Speed_kmh": 165.66527593657776,
            "Soil_Moisture": 0.48108064150673685,
            "Soil_Temperature": 11.112747795226678,
            "Wind_Dir_Sin": 132.5497600209325,
            "Wind_Dir_Cos": 14.620579642726462
        }
    }
}