{
    "trial_number": 29,
    "overall_mae_val": 0.1328435909748592,
    "output_chunk_length": 17,
    "xgb_params": {
        "n_estimators": 550,
        "max_depth": 5,
        "learning_rate": 0.016470120110521177,
        "min_child_weight": 3,
        "subsample": 0.7,
        "colsample_bytree": 1.0,
        "gamma": 0.25,
        "reg_alpha": 0.009681473930922327,
        "reg_lambda": 0.0023385859540310376,
        "n_jobs": -1
    },
    "metrics": {
        "MSE": {
            "Temperature": 11.33772364985009,
            "Precipitation_accumulated": 73.33113031050625,
            "Humidity": 94.79235904239846,
            "Wind_Speed_kmh": 1.348130723602273,
            "Soil_Moisture": 144523.3253931936,
            "Soil_Temperature": 6.374503666972717,
            "Wind_Dir_Sin": 0.6345258879827899,
            "Wind_Dir_Cos": 0.41925116760586495
        },
        "RMSE": {
            "Temperature": 3.3671536421509027,
            "Precipitation_accumulated": 8.563359755989833,
            "Humidity": 9.736136761693443,
            "Wind_Speed_kmh": 1.1610903167291824,
            "Soil_Moisture": 380.1622356221007,
            "Soil_Temperature": 2.5247779440918596,
            "Wind_Dir_Sin": 0.7965713326393248,
            "Wind_Dir_Cos": 0.6474960753594302
        },
        "MAE": {
            "Temperature": 2.7266034480086496,
            "Precipitation_accumulated": 8.361595882065489,
            "Humidity": 7.951604017121384,
            "Wind_Speed_kmh": 0.9064050523251818,
            "Soil_Moisture": 330.6343416635448,
            "Soil_Temperature": 2.098293007828417,
            "Wind_Dir_Sin": 0.7204671564606985,
            "Wind_Dir_Cos": 0.5670795766908171
        },
        "R2": {
            "Temperature": 0.628905577721744,
            "Precipitation_accumulated": -20.632727509202507,
            "Humidity": 0.35412552543109677,
            "Wind_Speed_kmh": 0.0004981732938853511,
            "Soil_Moisture": -1.614416294578533,
            "Soil_Temperature": 0.6046335421933078,
            "Wind_Dir_Sin": -0.15212815256479084,
            "Wind_Dir_Cos": -0.14329258206827333
        },
        "SMAPE": {
            "Temperature": 40.6160596217342,
            "Precipitation_accumulated": 1.8157183984584375,
            "Humidity": 9.368782549125335,
            "Wind_Speed_kmh": 76.49636483450239,
            "Soil_Moisture": 3.9130103295763967,
            "Soil_Temperature": 34.76390663358294,
            "Wind_Dir_Sin": 158.98338636020495,
            "Wind_Dir_Cos": 162.79236365819872
        }
    }
}