{
    "trial_number": 47,
    "overall_smape_val": 28.24672785119246,
    "xgb_params": {
        "n_estimators": 450,
        "max_depth": 8,
        "learning_rate": 0.16992000763495746,
        "min_child_weight": 2,
        "subsample": 0.6,
        "colsample_bytree": 0.6,
        "gamma": 0.0,
        "reg_alpha": 8.378503444714057e-05,
        "reg_lambda": 0.1501434872154002,
        "random_state": 42,
        "n_jobs": -1
    },
    "metrics": {
        "MSE": {
            "Temperature": 0.00037630344327202025,
            "Precipitation_accumulated": 0.005990839622596257,
            "Humidity": 0.002046708455514056,
            "Wind_Speed_kmh": 6.5033451151638224e-06,
            "Soil_Moisture": 4.636415008636323,
            "Soil_Temperature": 0.0004957229263090516,
            "Wind_Dir_Sin": 8.434349148850452e-07,
            "Wind_Dir_Cos": 6.67094927955072e-07
        },
        "RMSE": {
            "Temperature": 0.019398542297606288,
            "Precipitation_accumulated": 0.07740051435614789,
            "Humidity": 0.045240562060103275,
            "Wind_Speed_kmh": 0.0025501657034718004,
            "Soil_Moisture": 2.1532336168275665,
            "Soil_Temperature": 0.022264836094367538,
            "Wind_Dir_Sin": 0.0009183871269160109,
            "Wind_Dir_Cos": 0.000816758794231854
        },
        "MAE": {
            "Temperature": 0.014124836051412503,
            "Precipitation_accumulated": 0.04059763389536758,
            "Humidity": 0.03418877817824436,
            "Wind_Speed_kmh": 0.0013389236919452642,
            "Soil_Moisture": 1.611095420992112,
            "Soil_Temperature": 0.0167981169194321,
            "Wind_Dir_Sin": 0.000528378788479123,
            "Wind_Dir_Cos": 0.0004430847146706462
        },
        "R2": {
            "Temperature": 0.9998894638717599,
            "Precipitation_accumulated": 0.9936881628963975,
            "Humidity": 0.9999685260488248,
            "Wind_Speed_kmh": 0.9999808898295587,
            "Soil_Moisture": 0.9999937343217137,
            "Soil_Temperature": 0.999911670606069,
            "Wind_Dir_Sin": 0.9999947488467368,
            "Wind_Dir_Cos": 0.9999976763800973
        },
        "SMAPE": {
            "Temperature": 0.23511080072739068,
            "Precipitation_accumulated": 0.008827221601385849,
            "Humidity": 0.041069676531330625,
            "Wind_Speed_kmh": 113.40175169741451,
            "Soil_Moisture": 0.027405472588896085,
            "Soil_Temperature": 1.1194199766596102,
            "Wind_Dir_Sin": 109.5995325389404,
            "Wind_Dir_Cos": 1.5407054250762047
        }
    }
}