{
    "trial_number": 71,
    "overall_mae_val": 0.0817243613851686,
    "output_chunk_length": 1,
    "xgb_params": {
        "n_estimators": 600,
        "max_depth": 5,
        "learning_rate": 0.02422406397605122,
        "min_child_weight": 8,
        "subsample": 1.0,
        "colsample_bytree": 0.7,
        "gamma": 0.15000000000000002,
        "reg_alpha": 0.0003204207103904486,
        "reg_lambda": 0.005162799445806233,
        "n_jobs": -1
    },
    "metrics": {
        "MSE": {
            "Temperature": 3.5051630637449596,
            "Precipitation_accumulated": 63.10440859903218,
            "Humidity": 13.637740810966935,
            "Wind_Speed_kmh": 0.548818365262726,
            "Soil_Moisture": 1468.8992142166242,
            "Soil_Temperature": 0.6088640436336514,
            "Wind_Dir_Sin": 0.36945334392581425,
            "Wind_Dir_Cos": 0.3047841938380335
        },
        "RMSE": {
            "Temperature": 1.8722080717016898,
            "Precipitation_accumulated": 7.9438283339352305,
            "Humidity": 3.6929311949949644,
            "Wind_Speed_kmh": 0.7408227623816145,
            "Soil_Moisture": 38.32622097489686,
            "Soil_Temperature": 0.780297407168351,
            "Wind_Dir_Sin": 0.6078267384097332,
            "Wind_Dir_Cos": 0.5520726345672583
        },
        "MAE": {
            "Temperature": 1.4402322303210937,
            "Precipitation_accumulated": 7.4913311286175395,
            "Humidity": 2.9587210246172577,
            "Wind_Speed_kmh": 0.5548874705150423,
            "Soil_Moisture": 25.429215908523783,
            "Soil_Temperature": 0.5439289190040799,
            "Wind_Dir_Sin": 0.503596941566294,
            "Wind_Dir_Cos": 0.446144210160531
        },
        "R2": {
            "Temperature": 0.8852569321478867,
            "Precipitation_accumulated": -17.192978719274024,
            "Humidity": 0.9069766584362758,
            "Wind_Speed_kmh": 0.5935855484425477,
            "Soil_Moisture": 0.9748917369796712,
            "Soil_Temperature": 0.9623954218799451,
            "Wind_Dir_Sin": 0.32730354798986205,
            "Wind_Dir_Cos": 0.17395038325893342
        },
        "SMAPE": {
            "Temperature": 27.46491486085954,
            "Precipitation_accumulated": 1.6260058325977356,
            "Humidity": 3.493136285024079,
            "Wind_Speed_kmh": 57.05340121466905,
            "Soil_Moisture": 0.29888194565544196,
            "Soil_Temperature": 10.861666020296935,
            "Wind_Dir_Sin": 102.74633026184549,
            "Wind_Dir_Cos": 108.54639757888081
        }
    }
}