{
    "trial_number": 19,
    "forecast_horizon": 6,
    "overall_smape_val": 56.191660602189,
    "output_chunk_length": 7,
    "xgb_params": {
        "n_estimators": 300,
        "max_depth": 4,
        "learning_rate": 0.07707821515394017,
        "min_child_weight": 5,
        "subsample": 0.8,
        "colsample_bytree": 0.8,
        "gamma": 0.25,
        "reg_alpha": 0.009620965887936655,
        "reg_lambda": 4.216932440979569e-05,
        "random_state": 42,
        "n_jobs": -1
    },
    "metrics": {
        "MSE": {
            "Temperature": 5.080513908308292,
            "Precipitation_accumulated": 10.672378860092621,
            "Humidity": 14.237918704645137,
            "Wind_Speed_kmh": 0.19471018950702684,
            "Soil_Moisture": 71967.77739715118,
            "Soil_Temperature": 3.700941246899434,
            "Wind_Dir_Sin": 0.07866791745096269,
            "Wind_Dir_Cos": 0.12762624653576654
        },
        "RMSE": {
            "Temperature": 2.2539995360044536,
            "Precipitation_accumulated": 3.266860704115286,
            "Humidity": 3.7733166716623634,
            "Wind_Speed_kmh": 0.44125977553707163,
            "Soil_Moisture": 268.26810730526876,
            "Soil_Temperature": 1.923783056090118,
            "Wind_Dir_Sin": 0.280478015985144,
            "Wind_Dir_Cos": 0.35724815819786465
        },
        "MAE": {
            "Temperature": 1.8678438847896754,
            "Precipitation_accumulated": 3.118111286473568,
            "Humidity": 2.634717475880302,
            "Wind_Speed_kmh": 0.1721123774049334,
            "Soil_Moisture": 166.53420785199273,
            "Soil_Temperature": 1.436747170978711,
            "Wind_Dir_Sin": 0.12635975931022386,
            "Wind_Dir_Cos": 0.31791604612615876
        },
        "R2": {
            "Temperature": -0.4948710504336058,
            "Precipitation_accumulated": -10.236911574772861,
            "Humidity": 0.7811184938465503,
            "Wind_Speed_kmh": 0.4294367895322688,
            "Soil_Moisture": 0.9029978248846129,
            "Soil_Temperature": 0.3396845367280692,
            "Wind_Dir_Sin": 0.5115139685242109,
            "Wind_Dir_Cos": 0.5564501923988814
        },
        "SMAPE": {
            "Temperature": 28.439352790198008,
            "Precipitation_accumulated": 0.6806713499489015,
            "Humidity": 3.1143192695810535,
            "Wind_Speed_kmh": 171.15540032480595,
            "Soil_Moisture": 2.7616426106272978,
            "Soil_Temperature": 28.031962091299203,
            "Wind_Dir_Sin": 159.58904494685905,
            "Wind_Dir_Cos": 55.76089143419265
        }
    }
}