{
    "trial_number": 53,
    "overall_mae_val": 0.0776725079635236,
    "xgb_params": {
        "n_estimators": 300,
        "max_depth": 5,
        "learning_rate": 0.0243518875910408,
        "min_child_weight": 4,
        "subsample": 0.6,
        "colsample_bytree": 0.8,
        "gamma": 0.0,
        "reg_alpha": 1.4528875778043044e-05,
        "reg_lambda": 0.14002830076540262,
        "n_jobs": -1
    },
    "metrics": {
        "MSE": {
            "Temperature": 1.644640386278863,
            "Precipitation_accumulated": 21.069990889564153,
            "Humidity": 10.050339581016607,
            "Wind_Speed_kmh": 0.555003488766257,
            "Soil_Moisture": 1387.1785986958632,
            "Soil_Temperature": 0.8245276985113099,
            "Wind_Dir_Sin": 0.3599740709979512,
            "Wind_Dir_Cos": 0.30203073938848446
        },
        "RMSE": {
            "Temperature": 1.2824353341509516,
            "Precipitation_accumulated": 4.590205974633835,
            "Humidity": 3.1702270551202805,
            "Wind_Speed_kmh": 0.7449855627904859,
            "Soil_Moisture": 37.24484660588446,
            "Soil_Temperature": 0.9080350755952712,
            "Wind_Dir_Sin": 0.5999783921092086,
            "Wind_Dir_Cos": 0.5495732338719603
        },
        "MAE": {
            "Temperature": 0.949560854539288,
            "Precipitation_accumulated": 3.9315805768109233,
            "Humidity": 2.2243583383720105,
            "Wind_Speed_kmh": 0.5625231450689105,
            "Soil_Moisture": 24.00242976377087,
            "Soil_Temperature": 0.6356254302284071,
            "Wind_Dir_Sin": 0.4930796466224503,
            "Wind_Dir_Cos": 0.4452565045755359
        },
        "R2": {
            "Temperature": 0.946181504584793,
            "Precipitation_accumulated": -5.056468508662581,
            "Humidity": 0.9314556422018156,
            "Wind_Speed_kmh": 0.5902599105197897,
            "Soil_Moisture": 0.9764332730797489,
            "Soil_Temperature": 0.9491017177048691,
            "Wind_Dir_Sin": 0.344088695472375,
            "Wind_Dir_Cos": 0.1829485328248872
        },
        "SMAPE": {
            "Temperature": 19.768943446560375,
            "Precipitation_accumulated": 0.8496996623806593,
            "Humidity": 2.696246562741496,
            "Wind_Speed_kmh": 57.84183717291521,
            "Soil_Moisture": 0.2814293600525392,
            "Soil_Temperature": 10.253713091107647,
            "Wind_Dir_Sin": 99.28600600677123,
            "Wind_Dir_Cos": 109.93569356606442
        }
    }
}