{
    "trial_number": 16,
    "overall_mae_val": 0.11984377570121199,
    "output_chunk_length": 4,
    "xgb_params": {
        "n_estimators": 500,
        "max_depth": 4,
        "learning_rate": 0.017017126601632886,
        "min_child_weight": 9,
        "subsample": 0.8,
        "colsample_bytree": 0.8,
        "gamma": 0.0,
        "reg_alpha": 0.016650774027355555,
        "reg_lambda": 0.04505949967256777,
        "n_jobs": -1
    },
    "metrics": {
        "MSE": {
            "Temperature": 16.526551546094385,
            "Precipitation_accumulated": 17.11876200021124,
            "Humidity": 77.45095964162532,
            "Wind_Speed_kmh": 1.507501336889495,
            "Soil_Moisture": 14245.997528076321,
            "Soil_Temperature": 7.585974110865771,
            "Wind_Dir_Sin": 0.5547776970768815,
            "Wind_Dir_Cos": 0.3877668102260711
        },
        "RMSE": {
            "Temperature": 4.065286157959164,
            "Precipitation_accumulated": 4.1374825679646365,
            "Humidity": 8.800622684880048,
            "Wind_Speed_kmh": 1.227803460204236,
            "Soil_Moisture": 119.35659817570338,
            "Soil_Temperature": 2.7542647132884253,
            "Wind_Dir_Sin": 0.7448340063912774,
            "Wind_Dir_Cos": 0.6227092501529675
        },
        "MAE": {
            "Temperature": 3.0437730390644195,
            "Precipitation_accumulated": 3.640104422586465,
            "Humidity": 6.636321945126372,
            "Wind_Speed_kmh": 0.9514977271276558,
            "Soil_Moisture": 96.39084321553604,
            "Soil_Temperature": 2.0984357730265377,
            "Wind_Dir_Sin": 0.6717212701021241,
            "Wind_Dir_Cos": 0.5347036677050104
        },
        "R2": {
            "Temperature": 0.4580399195404242,
            "Precipitation_accumulated": -3.863349690616486,
            "Humidity": 0.4712196085195707,
            "Wind_Speed_kmh": -0.11418890080215549,
            "Soil_Moisture": 0.7642605151769122,
            "Soil_Temperature": 0.531579015082525,
            "Wind_Dir_Sin": -0.01074744322841914,
            "Wind_Dir_Cos": -0.047095081601755906
        },
        "SMAPE": {
            "Temperature": 43.07439981778048,
            "Precipitation_accumulated": 0.786143357413485,
            "Humidity": 7.885239006109114,
            "Wind_Speed_kmh": 81.89613916324795,
            "Soil_Moisture": 1.1252781357888222,
            "Soil_Temperature": 37.92645771223886,
            "Wind_Dir_Sin": 151.85460308646628,
            "Wind_Dir_Cos": 142.76588326771224
        }
    }
}