{
    "trial_number": 12,
    "fold_smape": [
        59.68575906396974,
        12.360889708285146,
        26.860532243554786
    ],
    "mean_smape": 32.96906033860322,
    "hyperparameters": {
        "input_chunk_length": 72,
        "hidden_size": 176,
        "dropout": 0.25,
        "batch_size": 112,
        "lr": 0.0002478186623042261,
        "weight_decay": 0.001067495340397707,
        "ff_size": 285,
        "num_blocks": 2,
        "activation": "ReLU",
        "norm_type": "LayerNormNoBias",
        "normalize_before": false
    },
    "metrics_per_fold": [
        {
            "Temperature": {
                "MSE": 16.444446260039655,
                "RMSE": 4.055175244060317,
                "MAE": 3.239636389491263,
                "R2": 0.17860186815992796,
                "SMAPE": 20.894727258860538,
                "WAPE": 20.340428306664947
            },
            "Precipitation_accumulated": {
                "MSE": 176726.21490619838,
                "RMSE": 420.38817170110576,
                "MAE": 397.5376972094624,
                "R2": -8.224821624068651,
                "SMAPE": 171.30613495638724,
                "WAPE": 97.11543939569289
            },
            "Humidity": {
                "MSE": 1591.521643350188,
                "RMSE": 39.89387977309537,
                "MAE": 37.53477664848885,
                "R2": -19.701874959152995,
                "SMAPE": 57.31825822034367,
                "WAPE": 44.37413156747731
            },
            "Soil_Moisture": {
                "MSE": 1287677.7699020905,
                "RMSE": 1134.7589038655262,
                "MAE": 1061.8024482103754,
                "R2": -0.5584228782770742,
                "SMAPE": 15.038452302975887,
                "WAPE": 15.647612611642824
            },
            "Soil_Temperature": {
                "MSE": 35.305044804899744,
                "RMSE": 5.941804844060409,
                "MAE": 4.799530786199088,
                "R2": -0.7139861549038131,
                "SMAPE": 33.87122258128092,
                "WAPE": 30.614514015433798
            }
        },
        {
            "Temperature": {
                "MSE": 8.768170457741952,
                "RMSE": 2.9611096666185723,
                "MAE": 2.5276174018255135,
                "R2": -2.296686698346711,
                "SMAPE": 28.183861528028636,
                "WAPE": 30.40662312154049
            },
            "Precipitation_accumulated": {
                "MSE": 120.73112152325668,
                "RMSE": 10.987771453905323,
                "MAE": 9.830465307292526,
                "R2": -519.2488290950972,
                "SMAPE": 2.1164055327789217,
                "WAPE": 2.143408238821547
            },
            "Humidity": {
                "MSE": 26.529049842781475,
                "RMSE": 5.1506358678110296,
                "MAE": 3.8828017981179657,
                "R2": 0.2899683944038062,
                "SMAPE": 4.532306316981067,
                "WAPE": 4.438260558325057
            },
            "Soil_Moisture": {
                "MSE": 81241.19595307551,
                "RMSE": 285.028412536497,
                "MAE": 232.26731438773788,
                "R2": -1.4589600245400165,
                "SMAPE": 3.9308205402967342,
                "WAPE": 3.9648085361603878
            },
            "Soil_Temperature": {
                "MSE": 6.665871459976079,
                "RMSE": 2.5818349017658115,
                "MAE": 2.2135856923059296,
                "R2": -2.844677778178176,
                "SMAPE": 23.041054623340337,
                "WAPE": 24.75734788171184
            }
        },
        {
            "Temperature": {
                "MSE": 21.469141712183603,
                "RMSE": 4.633480518161655,
                "MAE": 3.8235322114241055,
                "R2": 0.23331831783197887,
                "SMAPE": 50.79757518798646,
                "WAPE": 46.403305421343575
            },
            "Precipitation_accumulated": {
                "MSE": 360.6427920972971,
                "RMSE": 18.990597465516906,
                "MAE": 17.7468995911874,
                "R2": -75.64837855614067,
                "SMAPE": 3.8972221828852076,
                "WAPE": 3.826065975863029
            },
            "Humidity": {
                "MSE": 127.19490043068201,
                "RMSE": 11.278071662774714,
                "MAE": 8.889537272440851,
                "R2": 0.1111177448274625,
                "SMAPE": 10.467166288247743,
                "WAPE": 10.18536324523181
            },
            "Soil_Moisture": {
                "MSE": 1423303.8318867935,
                "RMSE": 1193.0229804520923,
                "MAE": 1115.258485952496,
                "R2": -1.2257855542881968,
                "SMAPE": 14.170589202239842,
                "WAPE": 13.402910238460015
            },
            "Soil_Temperature": {
                "MSE": 18.156372829481914,
                "RMSE": 4.261029550411721,
                "MAE": 3.7777448368563014,
                "R2": -0.09123659070050172,
                "SMAPE": 54.97010835641453,
                "WAPE": 54.53526977963952
            }
        }
    ]
}