{
    "trial_number": 70,
    "fold_smape": [
        64.01130342069331,
        9.192907882930237,
        28.758136390216187
    ],
    "mean_smape": 33.98744923127992,
    "hyperparameters": {
        "input_chunk_length": 36,
        "hidden_size": 208,
        "dropout": 0.15000000000000002,
        "batch_size": 64,
        "lr": 0.0010037550508665309,
        "weight_decay": 1.9711976483794142e-06,
        "ff_size": 564,
        "num_blocks": 2,
        "activation": "ReLU",
        "norm_type": "LayerNorm",
        "normalize_before": false
    },
    "metrics_per_fold": [
        {
            "Temperature": {
                "MSE": 93.93027580189023,
                "RMSE": 9.69176329683563,
                "MAE": 8.693746188019285,
                "R2": -3.515432137183007,
                "SMAPE": 74.15187303703188,
                "WAPE": 54.871486317184164
            },
            "Precipitation_accumulated": {
                "MSE": 182124.53889154716,
                "RMSE": 426.7605170251193,
                "MAE": 400.2479910281642,
                "R2": -7.416966141416259,
                "SMAPE": 181.5488759554657,
                "WAPE": 99.5180661427865
            },
            "Humidity": {
                "MSE": 232.11865265236003,
                "RMSE": 15.235440677983688,
                "MAE": 13.809434346330129,
                "R2": -1.9686046970770703,
                "SMAPE": 17.469756635328846,
                "WAPE": 16.341195593981613
            },
            "Soil_Moisture": {
                "MSE": 3769962.25859227,
                "RMSE": 1941.6390649634834,
                "MAE": 1856.6674210728572,
                "R2": -3.043489643780898,
                "SMAPE": 24.661634585656312,
                "WAPE": 27.173829551567824
            },
            "Soil_Temperature": {
                "MSE": 18.395385253418617,
                "RMSE": 4.2889841750021205,
                "MAE": 3.3497818506079478,
                "R2": 0.1367880787457797,
                "SMAPE": 22.22437688998389,
                "WAPE": 21.471852670982717
            }
        },
        {
            "Temperature": {
                "MSE": 3.8809044763008496,
                "RMSE": 1.9700011361166392,
                "MAE": 1.503852554064094,
                "R2": -0.43400294864788336,
                "SMAPE": 18.40755725584493,
                "WAPE": 18.002853462700976
            },
            "Precipitation_accumulated": {
                "MSE": 178.10288588258112,
                "RMSE": 13.345519318579592,
                "MAE": 12.912171049602973,
                "R2": -768.8079489868301,
                "SMAPE": 2.7742330601616563,
                "WAPE": 2.8153835713556474
            },
            "Humidity": {
                "MSE": 44.96324406789913,
                "RMSE": 6.705463747415173,
                "MAE": 5.271952470846349,
                "R2": -0.20642496993400483,
                "SMAPE": 6.061958106450863,
                "WAPE": 6.019172655579051
            },
            "Soil_Moisture": {
                "MSE": 77231.14477377737,
                "RMSE": 277.90492038425185,
                "MAE": 241.36106939626148,
                "R2": -1.1253397378512564,
                "SMAPE": 4.0751925380578795,
                "WAPE": 4.114319473075665
            },
            "Soil_Temperature": {
                "MSE": 2.870061761146578,
                "RMSE": 1.6941256627377375,
                "MAE": 1.3075863697795784,
                "R2": -0.6310762154580567,
                "SMAPE": 14.64559845413584,
                "WAPE": 14.57296216131315
            }
        },
        {
            "Temperature": {
                "MSE": 32.10264803428704,
                "RMSE": 5.665919875385376,
                "MAE": 4.760445131527525,
                "R2": -0.16052039633992,
                "SMAPE": 58.10798646695793,
                "WAPE": 58.12262967574727
            },
            "Precipitation_accumulated": {
                "MSE": 2141.298115716026,
                "RMSE": 46.274162506911196,
                "MAE": 44.06303746922264,
                "R2": -443.1419002100293,
                "SMAPE": 9.975874732454791,
                "WAPE": 9.500814147170587
            },
            "Humidity": {
                "MSE": 141.68817779218594,
                "RMSE": 11.903284327956968,
                "MAE": 9.958725854038894,
                "R2": 0.011278285153829892,
                "SMAPE": 11.672665886902637,
                "WAPE": 11.43969278899881
            },
            "Soil_Moisture": {
                "MSE": 2975597.332289103,
                "RMSE": 1724.991980355011,
                "MAE": 1643.7111423078127,
                "R2": -2.98659424779904,
                "SMAPE": 21.61652498120673,
                "WAPE": 19.864236350125967
            },
            "Soil_Temperature": {
                "MSE": 9.467599433128445,
                "RMSE": 3.0769464462561653,
                "MAE": 2.4429708003965604,
                "R2": 0.42107443969339853,
                "SMAPE": 42.41762988355879,
                "WAPE": 35.33676098338161
            }
        }
    ]
}