{
    "trial_number": 74,
    "fold_smape": [
        48.9351147399421,
        12.599364179210166,
        21.362355955703965
    ],
    "mean_smape": 27.632278291618743,
    "hyperparameters": {
        "input_chunk_length": 24,
        "hidden_size": 200,
        "dropout": 0.1,
        "batch_size": 72,
        "lr": 0.004238123038196192,
        "weight_decay": 3.2039253834174397e-06,
        "ff_size": 549,
        "num_blocks": 2,
        "activation": "ReLU",
        "norm_type": "LayerNorm",
        "normalize_before": false
    },
    "metrics_per_fold": [
        {
            "Temperature": {
                "MSE": 18.036877632022307,
                "RMSE": 4.246984533998482,
                "MAE": 3.3898238868190846,
                "R2": 0.1549210785525409,
                "SMAPE": 22.147274692398586,
                "WAPE": 21.476861884455868
            },
            "Precipitation_accumulated": {
                "MSE": 177148.527145882,
                "RMSE": 420.89016042891996,
                "MAE": 393.3451520824315,
                "R2": -6.899708784641324,
                "SMAPE": 172.63648471055637,
                "WAPE": 98.37221752397315
            },
            "Humidity": {
                "MSE": 98.37174430103225,
                "RMSE": 9.918253087163698,
                "MAE": 7.527057918665051,
                "R2": -0.2567120313554445,
                "SMAPE": 9.09623513179962,
                "WAPE": 8.90130031571907
            },
            "Soil_Moisture": {
                "MSE": 1937823.4145891615,
                "RMSE": 1392.0572598097974,
                "MAE": 1288.7125882684813,
                "R2": -1.0032877208833901,
                "SMAPE": 17.89384943214076,
                "WAPE": 18.81862114769664
            },
            "Soil_Temperature": {
                "MSE": 19.602798627281,
                "RMSE": 4.427504785686968,
                "MAE": 3.4765958843603726,
                "R2": 0.1010040078632023,
                "SMAPE": 22.901729732815017,
                "WAPE": 22.36843410260549
            }
        },
        {
            "Temperature": {
                "MSE": 9.444844316394606,
                "RMSE": 3.0732465433795912,
                "MAE": 2.684788250785506,
                "R2": -2.457919838319143,
                "SMAPE": 29.475139044651904,
                "WAPE": 32.08023314571799
            },
            "Precipitation_accumulated": {
                "MSE": 203.99639116826154,
                "RMSE": 14.282730522146721,
                "MAE": 14.022249834733351,
                "R2": -881.7034508305879,
                "SMAPE": 3.0097903340068624,
                "WAPE": 3.0574434752947988
            },
            "Humidity": {
                "MSE": 48.710653117007574,
                "RMSE": 6.979301764289002,
                "MAE": 5.076188135847932,
                "R2": -0.31121767254254284,
                "SMAPE": 5.857793169286694,
                "WAPE": 5.794114508002932
            },
            "Soil_Moisture": {
                "MSE": 174609.95981167338,
                "RMSE": 417.86356602565075,
                "MAE": 378.3917721248742,
                "R2": -3.6158304818927167,
                "SMAPE": 6.296817372874191,
                "WAPE": 6.446690487630251
            },
            "Soil_Temperature": {
                "MSE": 4.251249036900163,
                "RMSE": 2.0618557264998354,
                "MAE": 1.6986948224828038,
                "R2": -1.3951301463183152,
                "SMAPE": 18.35728097523123,
                "WAPE": 18.90583946882803
            }
        },
        {
            "Temperature": {
                "MSE": 13.782878541916672,
                "RMSE": 3.7125299381845625,
                "MAE": 2.9805958471969456,
                "R2": 0.49997537289851235,
                "SMAPE": 43.66882889162152,
                "WAPE": 36.47954356693558
            },
            "Precipitation_accumulated": {
                "MSE": 158.33301432526488,
                "RMSE": 12.583044716016266,
                "MAE": 10.745564631953588,
                "R2": -31.56232137080945,
                "SMAPE": 2.32412821006136,
                "WAPE": 2.3170462539018777
            },
            "Humidity": {
                "MSE": 112.64096495620821,
                "RMSE": 10.613244789234262,
                "MAE": 8.305644338735785,
                "R2": 0.2146766567298587,
                "SMAPE": 9.785998630786384,
                "WAPE": 9.549131486407607
            },
            "Soil_Moisture": {
                "MSE": 546931.3279782031,
                "RMSE": 739.5480565711758,
                "MAE": 650.1651035914493,
                "R2": 0.3020530293593181,
                "SMAPE": 8.029392471099765,
                "WAPE": 7.872210179126552
            },
            "Soil_Temperature": {
                "MSE": 9.549814991110303,
                "RMSE": 3.090277494192116,
                "MAE": 2.4413791309309527,
                "R2": 0.4127069577352833,
                "SMAPE": 43.00343157495075,
                "WAPE": 35.33712877580213
            }
        }
    ]
}