{
    "trial_number": 67,
    "fold_smape": [
        51.83479977576796,
        17.25103953393913,
        26.803821164879082
    ],
    "mean_smape": 31.963220158195394,
    "hyperparameters": {
        "input_chunk_length": 48,
        "hidden_size": 184,
        "dropout": 0.15000000000000002,
        "batch_size": 152,
        "lr": 0.0005386126004085647,
        "weight_decay": 2.27013755357794e-06,
        "ff_size": 229,
        "num_blocks": 2,
        "activation": "ReLU",
        "norm_type": "LayerNorm",
        "normalize_before": false
    },
    "metrics_per_fold": [
        {
            "Temperature": {
                "MSE": 17.958467460505787,
                "RMSE": 4.237743203700029,
                "MAE": 3.2436062219829234,
                "R2": 0.13323424171449771,
                "SMAPE": 21.34337156982706,
                "WAPE": 20.442192145752486
            },
            "Precipitation_accumulated": {
                "MSE": 177135.49233876637,
                "RMSE": 420.87467533550455,
                "MAE": 395.64667177834355,
                "R2": -7.502943952983596,
                "SMAPE": 172.219655563746,
                "WAPE": 97.8006076367701
            },
            "Humidity": {
                "MSE": 135.38602633103847,
                "RMSE": 11.635550108655734,
                "MAE": 9.47888672365088,
                "R2": -0.738890105868937,
                "SMAPE": 10.918432880532617,
                "WAPE": 11.21116209628817
            },
            "Soil_Moisture": {
                "MSE": 7162233.624782443,
                "RMSE": 2676.234971892872,
                "MAE": 2518.5713371062943,
                "R2": -6.986185183616433,
                "SMAPE": 31.90189047059768,
                "WAPE": 36.9458649887859
            },
            "Soil_Temperature": {
                "MSE": 18.544500044034372,
                "RMSE": 4.306332551491393,
                "MAE": 3.422425461062508,
                "R2": 0.12685987646821495,
                "SMAPE": 22.790648394136323,
                "WAPE": 21.909269252859083
            }
        },
        {
            "Temperature": {
                "MSE": 30.906277830224525,
                "RMSE": 5.559341492499316,
                "MAE": 5.195292370723969,
                "R2": -10.459164852533204,
                "SMAPE": 48.801097011849514,
                "WAPE": 62.28230370557349
            },
            "Precipitation_accumulated": {
                "MSE": 66.17904221318784,
                "RMSE": 8.135050228067916,
                "MAE": 7.212898047711428,
                "R2": -284.7399935261755,
                "SMAPE": 1.5631311155070573,
                "WAPE": 1.572699074965071
            },
            "Humidity": {
                "MSE": 23.55123029359933,
                "RMSE": 4.85296098208087,
                "MAE": 4.013381019998242,
                "R2": 0.3684531497308986,
                "SMAPE": 4.646830283082716,
                "WAPE": 4.583992622003139
            },
            "Soil_Moisture": {
                "MSE": 146796.246636107,
                "RMSE": 383.13998308204145,
                "MAE": 337.6634327976764,
                "R2": -3.208748032171437,
                "SMAPE": 5.644364945525724,
                "WAPE": 5.759020180830111
            },
            "Soil_Temperature": {
                "MSE": 8.487640448239787,
                "RMSE": 2.9133555306964833,
                "MAE": 2.5183669751720363,
                "R2": -3.8394577786120854,
                "SMAPE": 25.599774313730734,
                "WAPE": 28.096533629529496
            }
        },
        {
            "Temperature": {
                "MSE": 32.527567325738175,
                "RMSE": 5.703294427411071,
                "MAE": 4.790831516013082,
                "R2": -0.1700510462464948,
                "SMAPE": 58.07355276172678,
                "WAPE": 58.40990349189572
            },
            "Precipitation_accumulated": {
                "MSE": 540.2859224198841,
                "RMSE": 23.244051334048546,
                "MAE": 20.30307663789615,
                "R2": -111.98917678466715,
                "SMAPE": 4.496854101874461,
                "WAPE": 4.377532457134264
            },
            "Humidity": {
                "MSE": 127.63866667160036,
                "RMSE": 11.297728385458749,
                "MAE": 8.872332776563212,
                "R2": 0.108437973035027,
                "SMAPE": 10.429401657651702,
                "WAPE": 10.182734065330934
            },
            "Soil_Moisture": {
                "MSE": 1235751.8652454654,
                "RMSE": 1111.6437672408663,
                "MAE": 1030.1377635670403,
                "R2": -0.7464339787666463,
                "SMAPE": 13.03476111034179,
                "WAPE": 12.425118222511573
            },
            "Soil_Temperature": {
                "MSE": 13.065096491992728,
                "RMSE": 3.614567262065091,
                "MAE": 2.9679323447245007,
                "R2": 0.20575085756448275,
                "SMAPE": 47.98453619280052,
                "WAPE": 42.91036524068743
            }
        }
    ]
}