{
    "trial_number": 71,
    "fold_smape": [
        55.70614424311067,
        12.829972401678322,
        21.17435582356878
    ],
    "mean_smape": 29.903490822785926,
    "hyperparameters": {
        "input_chunk_length": 36,
        "hidden_size": 208,
        "dropout": 0.15000000000000002,
        "batch_size": 64,
        "lr": 0.0033522121785426557,
        "weight_decay": 1.6375027629563424e-06,
        "ff_size": 579,
        "num_blocks": 2,
        "activation": "ReLU",
        "norm_type": "LayerNorm",
        "normalize_before": false
    },
    "metrics_per_fold": [
        {
            "Temperature": {
                "MSE": 26.283689500799788,
                "RMSE": 5.126762087399784,
                "MAE": 4.188714963294115,
                "R2": -0.26351397611101857,
                "SMAPE": 27.838479611006765,
                "WAPE": 26.437511611705194
            },
            "Precipitation_accumulated": {
                "MSE": 176845.69830559497,
                "RMSE": 420.5302584899153,
                "MAE": 394.15763183314226,
                "R2": -7.1730021882427,
                "SMAPE": 171.7054840558835,
                "WAPE": 98.00375305992365
            },
            "Humidity": {
                "MSE": 429.4710821462292,
                "RMSE": 20.723684087203925,
                "MAE": 19.668018088981654,
                "R2": -4.4925782876549265,
                "SMAPE": 25.507059386551504,
                "WAPE": 23.273866436348982
            },
            "Soil_Moisture": {
                "MSE": 3927950.1902798433,
                "RMSE": 1981.9056966162248,
                "MAE": 1853.7681352292639,
                "R2": -3.212940296546745,
                "SMAPE": 24.63891313747091,
                "WAPE": 27.13139615803655
            },
            "Soil_Temperature": {
                "MSE": 28.592493327653166,
                "RMSE": 5.347194902717982,
                "MAE": 4.347314968163135,
                "R2": -0.341715911833113,
                "SMAPE": 28.840785024640645,
                "WAPE": 27.865965807240766
            }
        },
        {
            "Temperature": {
                "MSE": 6.752331466709128,
                "RMSE": 2.598524863592636,
                "MAE": 2.2050975904881716,
                "R2": -1.4950016916515714,
                "SMAPE": 25.16951674190593,
                "WAPE": 26.397567158583044
            },
            "Precipitation_accumulated": {
                "MSE": 2139.968828805741,
                "RMSE": 46.259797111592924,
                "MAE": 46.21835982154482,
                "R2": -9248.513318300546,
                "SMAPE": 9.593584413073877,
                "WAPE": 10.077500556390342
            },
            "Humidity": {
                "MSE": 73.70493600315555,
                "RMSE": 8.585157890403387,
                "MAE": 7.23845944138459,
                "R2": -0.9776036414836333,
                "SMAPE": 8.158563922602044,
                "WAPE": 8.264402492062978
            },
            "Soil_Moisture": {
                "MSE": 108381.45610393933,
                "RMSE": 329.21338992200685,
                "MAE": 272.61428305165884,
                "R2": -1.9825715542429032,
                "SMAPE": 4.590430950860427,
                "WAPE": 4.647071941649983
            },
            "Soil_Temperature": {
                "MSE": 3.578881633250665,
                "RMSE": 1.8917932321611326,
                "MAE": 1.514500926471197,
                "R2": -1.0339035169761694,
                "SMAPE": 16.637765979949375,
                "WAPE": 16.879010981476473
            }
        },
        {
            "Temperature": {
                "MSE": 14.727133071463832,
                "RMSE": 3.8375946986965457,
                "MAE": 3.093434672432003,
                "R2": 0.4676097033867156,
                "SMAPE": 45.10827638476291,
                "WAPE": 37.76927428511047
            },
            "Precipitation_accumulated": {
                "MSE": 187.64808264951347,
                "RMSE": 13.698470084265377,
                "MAE": 10.226324497946916,
                "R2": -37.92142592712028,
                "SMAPE": 2.1991422555940066,
                "WAPE": 2.2049866292471294
            },
            "Humidity": {
                "MSE": 97.89591769859996,
                "RMSE": 9.894236589985098,
                "MAE": 7.681107555439427,
                "R2": 0.3168673552611859,
                "SMAPE": 9.10045374159361,
                "WAPE": 8.823368772406567
            },
            "Soil_Moisture": {
                "MSE": 464721.227030959,
                "RMSE": 681.704647945838,
                "MAE": 583.1925055515018,
                "R2": 0.37738384478033515,
                "SMAPE": 7.186930739463733,
                "WAPE": 7.047876886465588
            },
            "Soil_Temperature": {
                "MSE": 9.223106108565874,
                "RMSE": 3.0369567182569255,
                "MAE": 2.3787254718043327,
                "R2": 0.4360247379092621,
                "SMAPE": 42.276975996429655,
                "WAPE": 34.407473649945686
            }
        }
    ]
}