{
    "trial_number": 4,
    "fold_smape": [
        90.27455757468229,
        3.3713525167856018,
        19.597911332171726
    ],
    "mean_smape": 37.74794047454654,
    "hyperparameters": {
        "input_chunk_length": 108,
        "hidden_size": 128,
        "dropout": 0.45000000000000007,
        "batch_size": 160,
        "lr": 0.00042686236033873386,
        "weight_decay": 0.001306186722011896,
        "ff_size": 168,
        "num_blocks": 2,
        "activation": "ReLU",
        "norm_type": "LayerNormNoBias",
        "normalize_before": false
    },
    "metrics_per_fold": [
        {
            "Temperature": {
                "MSE": 482.16027923040565,
                "RMSE": 21.958148356143457,
                "MAE": 20.92765777882157,
                "R2": -23.484668014376798,
                "SMAPE": 182.78327969958866,
                "WAPE": 131.10750090931137
            },
            "Precipitation_accumulated": {
                "MSE": 182314.65518439887,
                "RMSE": 426.9832024616412,
                "MAE": 407.5584279208516,
                "R2": -10.064381101676025,
                "SMAPE": 177.71543733102325,
                "WAPE": 97.7898720522388
            },
            "Humidity": {
                "MSE": 660.265679069357,
                "RMSE": 25.695635408943616,
                "MAE": 24.254496836257925,
                "R2": -7.808452646405231,
                "SMAPE": 32.95870965533396,
                "WAPE": 28.651211705802453
            },
            "Soil_Moisture": {
                "MSE": 337815.88731160417,
                "RMSE": 581.2193108557252,
                "MAE": 541.4348483506863,
                "R2": 0.5275886734545043,
                "SMAPE": 7.890199615592711,
                "WAPE": 8.035777339820461
            },
            "Soil_Temperature": {
                "MSE": 58.7161611511082,
                "RMSE": 7.662647137321946,
                "MAE": 6.582824092629454,
                "R2": -1.901115886479496,
                "SMAPE": 50.02516157187286,
                "WAPE": 41.88164861180253
            }
        },
        {
            "Temperature": {
                "MSE": 0.621711036718473,
                "RMSE": 0.7884865482165647,
                "MAE": 0.5984937126874506,
                "R2": 0.7635057979719203,
                "SMAPE": 7.665538326642241,
                "WAPE": 7.231765412235948
            },
            "Precipitation_accumulated": {
                "MSE": 27.4753507969947,
                "RMSE": 5.241693504679065,
                "MAE": 4.24267291690922,
                "R2": -117.0910449581053,
                "SMAPE": 0.9225217533739241,
                "WAPE": 0.9250444787299343
            },
            "Humidity": {
                "MSE": 13.215028435468948,
                "RMSE": 3.635248056937648,
                "MAE": 2.877687701681406,
                "R2": 0.6490878097735759,
                "SMAPE": 3.36347043011431,
                "WAPE": 3.2924650698030615
            },
            "Soil_Moisture": {
                "MSE": 11735.196743755108,
                "RMSE": 108.32911309410369,
                "MAE": 63.01777589252989,
                "R2": 0.6356127145385282,
                "SMAPE": 1.0839118508385195,
                "WAPE": 1.0766558201611425
            },
            "Soil_Temperature": {
                "MSE": 0.1637956630110264,
                "RMSE": 0.40471676887797275,
                "MAE": 0.3275233136743456,
                "R2": 0.9047651243395076,
                "SMAPE": 3.8213202229590117,
                "WAPE": 3.6743116014634345
            }
        },
        {
            "Temperature": {
                "MSE": 11.87431883075325,
                "RMSE": 3.4459133521830245,
                "MAE": 2.760933815366054,
                "R2": 0.5801481850733714,
                "SMAPE": 41.54748565456562,
                "WAPE": 33.253140808828995
            },
            "Precipitation_accumulated": {
                "MSE": 904.6836662805392,
                "RMSE": 30.077959809144954,
                "MAE": 28.854646737202742,
                "R2": -195.99780665132866,
                "SMAPE": 6.431042416327336,
                "WAPE": 6.219984748033315
            },
            "Humidity": {
                "MSE": 93.85564647861737,
                "RMSE": 9.6879123901188,
                "MAE": 7.793081868834169,
                "R2": 0.3449912072628155,
                "SMAPE": 9.136084814441642,
                "WAPE": 8.907554458676119
            },
            "Soil_Moisture": {
                "MSE": 475176.37090924743,
                "RMSE": 689.3303786351269,
                "MAE": 579.3977147495369,
                "R2": 0.12353315391185138,
                "SMAPE": 7.1467093471831555,
                "WAPE": 6.92600466019605
            },
            "Soil_Temperature": {
                "MSE": 4.683872898732829,
                "RMSE": 2.164225704202967,
                "MAE": 1.7427258498039921,
                "R2": 0.723278814769568,
                "SMAPE": 33.728234428340855,
                "WAPE": 25.092100674444588
            }
        }
    ]
}