{
    "trial_number": 15,
    "fold_smape": [
        62.8818809477565,
        12.474564347640397,
        22.49354742161307
    ],
    "mean_smape": 32.61666423900332,
    "hyperparameters": {
        "input_chunk_length": 60,
        "hidden_size": 168,
        "dropout": 0.30000000000000004,
        "batch_size": 64,
        "lr": 0.00017806489999987554,
        "weight_decay": 0.00012045567262026524,
        "ff_size": 283,
        "num_blocks": 3,
        "activation": "ReLU",
        "norm_type": "LayerNorm",
        "normalize_before": false
    },
    "metrics_per_fold": [
        {
            "Temperature": {
                "MSE": 65.90363521026893,
                "RMSE": 8.1181053953659,
                "MAE": 7.150392029699194,
                "R2": -2.267976370895257,
                "SMAPE": 56.306219572369244,
                "WAPE": 44.89090060015233
            },
            "Precipitation_accumulated": {
                "MSE": 176320.70492240964,
                "RMSE": 419.9055904872066,
                "MAE": 395.7933778116255,
                "R2": -7.813492151690184,
                "SMAPE": 169.70688148719051,
                "WAPE": 97.2631619658665
            },
            "Humidity": {
                "MSE": 756.7999103965449,
                "RMSE": 27.509996553917357,
                "MAE": 25.86128000486257,
                "R2": -8.686438023808055,
                "SMAPE": 35.68140946813816,
                "WAPE": 30.597519589103634
            },
            "Soil_Moisture": {
                "MSE": 2607439.902565485,
                "RMSE": 1614.7569174849461,
                "MAE": 1505.5460161660133,
                "R2": -2.0258157089560593,
                "SMAPE": 20.5959284969131,
                "WAPE": 22.1359533054553
            },
            "Soil_Temperature": {
                "MSE": 32.26585918303017,
                "RMSE": 5.680304497386577,
                "MAE": 4.570728141608587,
                "R2": -0.5519287710004948,
                "SMAPE": 32.11896571417103,
                "WAPE": 29.154170982251888
            }
        },
        {
            "Temperature": {
                "MSE": 8.695952554632836,
                "RMSE": 2.948890054687159,
                "MAE": 2.6159362428930724,
                "R2": -2.2473388975498927,
                "SMAPE": 28.970421005926767,
                "WAPE": 31.41471570172863
            },
            "Precipitation_accumulated": {
                "MSE": 70.5774456803952,
                "RMSE": 8.401038369177657,
                "MAE": 7.89882338115863,
                "R2": -303.4222404051887,
                "SMAPE": 1.7060808986779623,
                "WAPE": 1.7222482313663579
            },
            "Humidity": {
                "MSE": 38.65263562610101,
                "RMSE": 6.21712438560634,
                "MAE": 4.654264174723076,
                "R2": -0.03567493996677373,
                "SMAPE": 5.398954887320244,
                "WAPE": 5.3180629336686485
            },
            "Soil_Moisture": {
                "MSE": 128829.17741002025,
                "RMSE": 358.9278164339179,
                "MAE": 318.24422357215474,
                "R2": -2.8619818508138857,
                "SMAPE": 5.332162436772226,
                "WAPE": 5.430794331928057
            },
            "Soil_Temperature": {
                "MSE": 5.029880539161467,
                "RMSE": 2.2427395165648343,
                "MAE": 1.9806121546977897,
                "R2": -1.8848784407422903,
                "SMAPE": 20.965202509504824,
                "WAPE": 22.124366119885984
            }
        },
        {
            "Temperature": {
                "MSE": 14.248377406377731,
                "RMSE": 3.7747022937415515,
                "MAE": 3.052691434133985,
                "R2": 0.48876483155096107,
                "SMAPE": 44.28163675998713,
                "WAPE": 37.10966188954866
            },
            "Precipitation_accumulated": {
                "MSE": 246.8246844967379,
                "RMSE": 15.710655126274585,
                "MAE": 14.104569695608856,
                "R2": -51.037962844971524,
                "SMAPE": 2.988895478480297,
                "WAPE": 3.040945004340144
            },
            "Humidity": {
                "MSE": 114.80686395722029,
                "RMSE": 10.714796496304551,
                "MAE": 8.304689910926728,
                "R2": 0.1974057988568081,
                "SMAPE": 9.686623480488505,
                "WAPE": 9.522899419537042
            },
            "Soil_Moisture": {
                "MSE": 710778.5856634965,
                "RMSE": 843.076856320642,
                "MAE": 760.6147109100624,
                "R2": -0.05967717834628439,
                "SMAPE": 9.470465337910744,
                "WAPE": 9.156936229795502
            },
            "Soil_Temperature": {
                "MSE": 11.577076730805722,
                "RMSE": 3.4025103571930124,
                "MAE": 2.812043374700145,
                "R2": 0.30012551597044934,
                "SMAPE": 46.04011605119855,
                "WAPE": 40.61911591143409
            }
        }
    ]
}