{
    "trial_number": 3,
    "fold_smape": [
        64.64249121679185,
        4.380749888956329,
        21.092840708511787
    ],
    "mean_smape": 30.038693938086656,
    "hyperparameters": {
        "input_chunk_length": 84,
        "hidden_size": 120,
        "dropout": 0.2,
        "batch_size": 88,
        "lr": 0.00011782665125858284,
        "weight_decay": 0.001779636954812968,
        "ff_size": 165,
        "num_blocks": 2,
        "activation": "ReLU",
        "norm_type": "LayerNormNoBias",
        "normalize_before": false
    },
    "metrics_per_fold": [
        {
            "Temperature": {
                "MSE": 77.32195123482849,
                "RMSE": 8.793290125705422,
                "MAE": 7.86391716264788,
                "R2": -2.8763432713593597,
                "SMAPE": 41.950221201303684,
                "WAPE": 49.27422229735409
            },
            "Precipitation_accumulated": {
                "MSE": 178858.546167171,
                "RMSE": 422.91671303836057,
                "MAE": 401.2186405730561,
                "R2": -8.780433193158645,
                "SMAPE": 174.46296835395046,
                "WAPE": 97.43281518660592
            },
            "Humidity": {
                "MSE": 1636.3232476177252,
                "RMSE": 40.45149252645352,
                "MAE": 38.2152923678115,
                "R2": -20.194966705781518,
                "SMAPE": 58.57281516225758,
                "WAPE": 45.18998375885711
            },
            "Soil_Moisture": {
                "MSE": 3482069.4123123647,
                "RMSE": 1866.0303889037725,
                "MAE": 1764.7220375962277,
                "R2": -3.411312716968128,
                "SMAPE": 23.69459122325084,
                "WAPE": 26.06764913605494
            },
            "Soil_Temperature": {
                "MSE": 23.30023196175211,
                "RMSE": 4.827031381890127,
                "MAE": 3.6878344119826023,
                "R2": -0.13581479027069143,
                "SMAPE": 24.53186014319648,
                "WAPE": 23.47222115209574
            }
        },
        {
            "Temperature": {
                "MSE": 1.6110227356850397,
                "RMSE": 1.2692607043807194,
                "MAE": 0.9184353757939858,
                "R2": 0.39307353806155565,
                "SMAPE": 12.11868220736537,
                "WAPE": 11.062188333522927
            },
            "Precipitation_accumulated": {
                "MSE": 5.180792101956488,
                "RMSE": 2.2761353435058487,
                "MAE": 1.8701353411888695,
                "R2": -21.304466098033693,
                "SMAPE": 0.4084593307443059,
                "WAPE": 0.40775688610992966
            },
            "Humidity": {
                "MSE": 20.753466373669262,
                "RMSE": 4.555597257623775,
                "MAE": 3.3996323558156503,
                "R2": 0.4464788386642743,
                "SMAPE": 3.987840452939858,
                "WAPE": 3.887003877829723
            },
            "Soil_Moisture": {
                "MSE": 18895.788985251176,
                "RMSE": 137.46195468292737,
                "MAE": 102.9572012870943,
                "R2": 0.423094389750448,
                "SMAPE": 1.76420824808084,
                "WAPE": 1.757996323670527
            },
            "Soil_Temperature": {
                "MSE": 0.17014304098366217,
                "RMSE": 0.4124839887603665,
                "MAE": 0.31275933221045743,
                "R2": 0.9017304857164186,
                "SMAPE": 3.624559205651273,
                "WAPE": 3.5008477718863187
            }
        },
        {
            "Temperature": {
                "MSE": 13.022172064855619,
                "RMSE": 3.608624677748521,
                "MAE": 2.881896431823871,
                "R2": 0.5360936199823055,
                "SMAPE": 42.60004053085095,
                "WAPE": 34.870084012406316
            },
            "Precipitation_accumulated": {
                "MSE": 552.5679081539179,
                "RMSE": 23.50676303011365,
                "MAE": 21.943794180674953,
                "R2": -117.39204574696758,
                "SMAPE": 4.856809072176039,
                "WAPE": 4.730672574864913
            },
            "Humidity": {
                "MSE": 99.85294540892653,
                "RMSE": 9.992644565325364,
                "MAE": 8.110120643976266,
                "R2": 0.3023284713766454,
                "SMAPE": 9.52050780277562,
                "WAPE": 9.284730273395269
            },
            "Soil_Moisture": {
                "MSE": 655318.4876032358,
                "RMSE": 809.5174411976778,
                "MAE": 708.1443790252252,
                "R2": -0.07764716771787605,
                "SMAPE": 8.800853096547083,
                "WAPE": 8.495394115591468
            },
            "Soil_Temperature": {
                "MSE": 7.955330142692607,
                "RMSE": 2.820519480998599,
                "MAE": 2.2965619060431126,
                "R2": 0.5245346892905991,
                "SMAPE": 39.6859930402092,
                "WAPE": 33.12007164218409
            }
        }
    ]
}