{
    "trial_number": 0,
    "fold_smape": [
        101.20695873309674,
        63.29846229923959,
        45.002511296739584
    ],
    "mean_smape": 69.8359774430253,
    "hyperparameters": {
        "input_chunk_length": 24,
        "hidden_size": 224,
        "dropout": 0.5,
        "batch_size": 192,
        "lr": 3.242319890251174e-06,
        "weight_decay": 5.421853995004241e-05,
        "ff_size": 794,
        "num_blocks": 1,
        "activation": "GELU",
        "norm_type": "LayerNormNoBias",
        "normalize_before": false
    },
    "metrics_per_fold": [
        {
            "Temperature": {
                "MSE": 159.32040033314865,
                "RMSE": 12.622218518673675,
                "MAE": 11.81740271413315,
                "R2": -6.464613045834526,
                "SMAPE": 115.33125691112815,
                "WAPE": 74.87136040055196
            },
            "Precipitation_accumulated": {
                "MSE": 181588.21121826943,
                "RMSE": 426.13168295524497,
                "MAE": 398.71404782709385,
                "R2": -7.09769073703311,
                "SMAPE": 186.4763072408976,
                "WAPE": 99.71493187360055
            },
            "Humidity": {
                "MSE": 3743.8605220841564,
                "RMSE": 61.18709440792361,
                "MAE": 57.88364728725049,
                "R2": -46.82831284786382,
                "SMAPE": 107.02336557173508,
                "WAPE": 68.4516757331334
            },
            "Soil_Moisture": {
                "MSE": 394575.8023685293,
                "RMSE": 628.1526903297711,
                "MAE": 560.0670893405321,
                "R2": 0.5920944840011806,
                "SMAPE": 8.195568067087207,
                "WAPE": 8.17846466895602
            },
            "Soil_Temperature": {
                "MSE": 125.93992174393274,
                "RMSE": 11.2222957430257,
                "MAE": 10.337237699629407,
                "R2": -4.7756796389394705,
                "SMAPE": 89.00829587463579,
                "WAPE": 66.5098354765127
            }
        },
        {
            "Temperature": {
                "MSE": 165.4796909112973,
                "RMSE": 12.863890970903682,
                "MAE": 12.741115846221753,
                "R2": -59.584959039274835,
                "SMAPE": 87.34106731077182,
                "WAPE": 152.24216165420447
            },
            "Precipitation_accumulated": {
                "MSE": 84247.50315383427,
                "RMSE": 290.25420436891915,
                "MAE": 290.2483357712568,
                "R2": -364542.51634295186,
                "SMAPE": 92.5846070774247,
                "WAPE": 63.28641201505722
            },
            "Humidity": {
                "MSE": 202.5105690441776,
                "RMSE": 14.230620824271076,
                "MAE": 12.561997314479218,
                "R2": -4.451280572435178,
                "SMAPE": 13.604414714500146,
                "WAPE": 14.338643277483584
            },
            "Soil_Moisture": {
                "MSE": 5915759.703519746,
                "RMSE": 2432.23348047011,
                "MAE": 2424.01515798383,
                "R2": -155.3836564220636,
                "SMAPE": 34.2732488677205,
                "WAPE": 41.29813757073137
            },
            "Soil_Temperature": {
                "MSE": 202.99428215578376,
                "RMSE": 14.247606190366989,
                "MAE": 14.175708473486937,
                "R2": -113.365853541264,
                "SMAPE": 88.68897352578058,
                "WAPE": 157.7703453319158
            }
        },
        {
            "Temperature": {
                "MSE": 88.94888483563233,
                "RMSE": 9.431271644674027,
                "MAE": 8.419159350878719,
                "R2": -2.226948045414991,
                "SMAPE": 79.68668942925375,
                "WAPE": 103.042178840243
            },
            "Precipitation_accumulated": {
                "MSE": 8625.83412319592,
                "RMSE": 92.87536876479102,
                "MAE": 92.38676811685089,
                "R2": -1772.9647287570203,
                "SMAPE": 22.14595590122923,
                "WAPE": 19.92118816527308
            },
            "Humidity": {
                "MSE": 253.75626624552706,
                "RMSE": 15.929729007284683,
                "MAE": 12.265024120835564,
                "R2": -0.7691673669624584,
                "SMAPE": 14.091504395514661,
                "WAPE": 14.101293438197803
            },
            "Soil_Moisture": {
                "MSE": 1436660.458310695,
                "RMSE": 1198.607716607354,
                "MAE": 1149.7797720762787,
                "R2": -0.8333431701999057,
                "SMAPE": 14.799644530039378,
                "WAPE": 13.92155311857578
            },
            "Soil_Temperature": {
                "MSE": 127.26952444074215,
                "RMSE": 11.28137954510627,
                "MAE": 10.552354561634163,
                "R2": -6.826801489449279,
                "SMAPE": 94.28876222766044,
                "WAPE": 152.7374045710787
            }
        }
    ]
}