{
    "trial_number": 19,
    "fold_smape": [
        65.95830581013723,
        8.907486907818607,
        22.811265440433672
    ],
    "mean_smape": 32.55901938612984,
    "hyperparameters": {
        "input_chunk_length": 60,
        "hidden_size": 104,
        "dropout": 0.2,
        "batch_size": 128,
        "lr": 0.0008985908407049042,
        "weight_decay": 0.00018016139257006917,
        "ff_size": 230,
        "num_blocks": 3,
        "activation": "ReLU",
        "norm_type": "LayerNorm",
        "normalize_before": false
    },
    "metrics_per_fold": [
        {
            "Temperature": {
                "MSE": 84.74322668184948,
                "RMSE": 9.205608436265877,
                "MAE": 8.211764763919911,
                "R2": -3.2021788556293886,
                "SMAPE": 67.08218688846587,
                "WAPE": 51.55430838446908
            },
            "Precipitation_accumulated": {
                "MSE": 180528.1714375697,
                "RMSE": 424.88606877322974,
                "MAE": 400.7604139072519,
                "R2": -8.023804792659837,
                "SMAPE": 177.799073752676,
                "WAPE": 98.48377267676412
            },
            "Humidity": {
                "MSE": 1129.251622222713,
                "RMSE": 33.60433933620349,
                "MAE": 31.640886796458076,
                "R2": -13.453524242905296,
                "SMAPE": 45.853167120687054,
                "WAPE": 37.43560463322786
            },
            "Soil_Moisture": {
                "MSE": 1630037.7174543443,
                "RMSE": 1276.7293046900522,
                "MAE": 1236.8687636986194,
                "R2": -0.8915848172805059,
                "SMAPE": 17.18287664101611,
                "WAPE": 18.18560768267465
            },
            "Soil_Temperature": {
                "MSE": 18.737745728213667,
                "RMSE": 4.328711786226205,
                "MAE": 3.354391261748916,
                "R2": 0.09874872587925743,
                "SMAPE": 21.874224647841235,
                "WAPE": 21.395824331827903
            }
        },
        {
            "Temperature": {
                "MSE": 3.911142088656478,
                "RMSE": 1.9776607617729787,
                "MAE": 1.6659078384067674,
                "R2": -0.4605419887637565,
                "SMAPE": 20.049572355997736,
                "WAPE": 20.005847340893716
            },
            "Precipitation_accumulated": {
                "MSE": 11.075706436500553,
                "RMSE": 3.3280183948560973,
                "MAE": 3.1636106784597957,
                "R2": -46.77292993484242,
                "SMAPE": 0.6872076195414479,
                "WAPE": 0.6897891790700978
            },
            "Humidity": {
                "MSE": 39.22116605103532,
                "RMSE": 6.262680420637422,
                "MAE": 4.60668401441549,
                "R2": -0.05090838276247056,
                "SMAPE": 5.348374887646223,
                "WAPE": 5.263696813179829
            },
            "Soil_Moisture": {
                "MSE": 87754.77527442217,
                "RMSE": 296.2343249429785,
                "MAE": 267.2707357272654,
                "R2": -1.630672307667079,
                "SMAPE": 4.4986150268689,
                "WAPE": 4.560938704198605
            },
            "Soil_Temperature": {
                "MSE": 2.140714017411785,
                "RMSE": 1.4631179096066678,
                "MAE": 1.241531585863893,
                "R2": -0.22780246340713828,
                "SMAPE": 13.953664649038751,
                "WAPE": 13.868489744397547
            }
        },
        {
            "Temperature": {
                "MSE": 15.576111420066121,
                "RMSE": 3.946658259853027,
                "MAE": 3.203095599680866,
                "R2": 0.4411254195123895,
                "SMAPE": 45.860634954742544,
                "WAPE": 38.938031330303446
            },
            "Precipitation_accumulated": {
                "MSE": 215.17195545099045,
                "RMSE": 14.668740758871923,
                "MAE": 12.886568952932038,
                "R2": -44.36462893032278,
                "SMAPE": 2.823043070319717,
                "WAPE": 2.778344063392703
            },
            "Humidity": {
                "MSE": 106.93146283976121,
                "RMSE": 10.34076703343428,
                "MAE": 7.812971533770457,
                "R2": 0.25246131601564725,
                "SMAPE": 9.250105236778086,
                "WAPE": 8.959051196590618
            },
            "Soil_Moisture": {
                "MSE": 906215.552716687,
                "RMSE": 951.9535454614826,
                "MAE": 881.2591838660705,
                "R2": -0.35104793425919234,
                "SMAPE": 11.00508641554064,
                "WAPE": 10.609358500216302
            },
            "Soil_Temperature": {
                "MSE": 10.703127229247583,
                "RMSE": 3.27156342277627,
                "MAE": 2.6784191352238507,
                "R2": 0.3529587976954739,
                "SMAPE": 45.117457524787376,
                "WAPE": 38.68895419319829
            }
        }
    ]
}