{
    "trial_number": 2,
    "fold_smape": [
        143.9583517550218,
        18.313010216061382,
        35.191178372513036
    ],
    "mean_smape": 65.82084678119874,
    "hyperparameters": {
        "input_chunk_length": 108,
        "hidden_size": 80,
        "dropout": 0.35,
        "batch_size": 160,
        "lr": 2.4366924979333088e-05,
        "weight_decay": 0.0003166227332126473,
        "ff_size": 320,
        "num_blocks": 2,
        "activation": "GELU",
        "norm_type": "LayerNormNoBias",
        "normalize_before": true
    },
    "metrics_per_fold": [
        {
            "Temperature": {
                "MSE": 51393.96825185825,
                "RMSE": 226.70237813454506,
                "MAE": 214.15997746656123,
                "R2": -2608.84636187098,
                "SMAPE": 167.23127208188595,
                "WAPE": 1341.668510503345
            },
            "Precipitation_accumulated": {
                "MSE": 217346.20438628495,
                "RMSE": 466.20403729084643,
                "MAE": 445.2920874889218,
                "R2": -12.190389077062033,
                "SMAPE": 194.9626040272052,
                "WAPE": 106.84371436890638
            },
            "Humidity": {
                "MSE": 648268.3663957262,
                "RMSE": 805.1511450626684,
                "MAE": 762.7754218798109,
                "R2": -8647.399255899234,
                "SMAPE": 163.6181158223604,
                "WAPE": 901.0469375555608
            },
            "Soil_Moisture": {
                "MSE": 5412390.518481886,
                "RMSE": 2326.454495252784,
                "MAE": 2284.078473392664,
                "R2": -6.568840544967645,
                "SMAPE": 41.3955591945158,
                "WAPE": 33.899454559992435
            },
            "Soil_Temperature": {
                "MSE": 19809.584947171974,
                "RMSE": 140.74652730057667,
                "MAE": 133.12426505259958,
                "R2": -977.7748461093155,
                "SMAPE": 152.58420764914166,
                "WAPE": 846.9713928525117
            }
        },
        {
            "Temperature": {
                "MSE": 12.17777486580418,
                "RMSE": 3.489666870319312,
                "MAE": 3.0903731009035096,
                "R2": -3.6323339610747363,
                "SMAPE": 33.15751297480845,
                "WAPE": 37.34183472314859
            },
            "Precipitation_accumulated": {
                "MSE": 720.8569360275112,
                "RMSE": 26.84877904165311,
                "MAE": 26.34143037587661,
                "R2": -3097.2952490673265,
                "SMAPE": 5.576451787134876,
                "WAPE": 5.743312107312987
            },
            "Humidity": {
                "MSE": 141.91707169351534,
                "RMSE": 11.91289518519807,
                "MAE": 10.772730929780689,
                "R2": -2.7684694135676833,
                "SMAPE": 12.882506132820222,
                "WAPE": 12.325465432529686
            },
            "Soil_Moisture": {
                "MSE": 27497.02899837176,
                "RMSE": 165.82228136885513,
                "MAE": 135.95060422042206,
                "R2": 0.14619516197681304,
                "SMAPE": 2.3287502976770176,
                "WAPE": 2.3227098578972902
            },
            "Soil_Temperature": {
                "MSE": 18.271149857010155,
                "RMSE": 4.274476559417557,
                "MAE": 4.013838730380349,
                "R2": -9.623301330569708,
                "SMAPE": 37.619829887866324,
                "WAPE": 45.0291432630769
            }
        },
        {
            "Temperature": {
                "MSE": 25.084424254487473,
                "RMSE": 5.008435310003263,
                "MAE": 4.185197711245715,
                "R2": 0.11306566719768407,
                "SMAPE": 54.853938790826945,
                "WAPE": 50.40720933992794
            },
            "Precipitation_accumulated": {
                "MSE": 7169.083015809688,
                "RMSE": 84.670437673427,
                "MAE": 79.71117544898684,
                "R2": -1560.091111130831,
                "SMAPE": 18.993789051064244,
                "WAPE": 17.182753961817184
            },
            "Humidity": {
                "MSE": 267.83844444537027,
                "RMSE": 16.365770511814294,
                "MAE": 14.029202105474079,
                "R2": -0.8692166398825687,
                "SMAPE": 16.63942718793475,
                "WAPE": 16.03548940837429
            },
            "Soil_Moisture": {
                "MSE": 3050313.6258409787,
                "RMSE": 1746.5147081662321,
                "MAE": 1678.854355157765,
                "R2": -4.626329352414603,
                "SMAPE": 21.987243073413058,
                "WAPE": 20.068689937169637
            },
            "Soil_Temperature": {
                "MSE": 28.698428949392376,
                "RMSE": 5.357091463601529,
                "MAE": 4.674613192737837,
                "R2": -0.6954907711683802,
                "SMAPE": 63.48149375932608,
                "WAPE": 67.30597635850592
            }
        }
    ]
}