{
    "trial_number": 35,
    "fold_smape": [
        61.95198397881131,
        14.680967719357653,
        40.34964510380365
    ],
    "mean_smape": 38.99419893399087,
    "hyperparameters": {
        "input_chunk_length": 36,
        "hidden_size": 104,
        "dropout": 0.15000000000000002,
        "batch_size": 208,
        "lr": 0.000311121557812147,
        "weight_decay": 7.334201903759506e-05,
        "ff_size": 230,
        "num_blocks": 2,
        "activation": "ReLU",
        "norm_type": "LayerNormNoBias",
        "normalize_before": false
    },
    "metrics_per_fold": [
        {
            "Temperature": {
                "MSE": 131.30946905988066,
                "RMSE": 11.459034386015283,
                "MAE": 10.499103393815123,
                "R2": -5.312331050320317,
                "SMAPE": 51.72734655045887,
                "WAPE": 66.26618672285886
            },
            "Precipitation_accumulated": {
                "MSE": 176645.1431798757,
                "RMSE": 420.2917357977381,
                "MAE": 394.08458907916236,
                "R2": -7.163733444376879,
                "SMAPE": 174.2799167997281,
                "WAPE": 97.98559163554484
            },
            "Humidity": {
                "MSE": 1032.8040607081136,
                "RMSE": 32.137269030023596,
                "MAE": 29.987452617725758,
                "R2": -12.208705766400652,
                "SMAPE": 43.06732489485238,
                "WAPE": 35.485220922299305
            },
            "Soil_Moisture": {
                "MSE": 1989768.7727534007,
                "RMSE": 1410.5916392611296,
                "MAE": 1341.822990551339,
                "R2": -1.134135270932736,
                "SMAPE": 18.514780884359585,
                "WAPE": 19.638664857138284
            },
            "Soil_Temperature": {
                "MSE": 18.899121092206673,
                "RMSE": 4.3473119386819565,
                "MAE": 3.3306515649166246,
                "R2": 0.11315004261799422,
                "SMAPE": 22.170550764657992,
                "WAPE": 21.349228961667635
            }
        },
        {
            "Temperature": {
                "MSE": 15.629065256786701,
                "RMSE": 3.9533612605966963,
                "MAE": 3.484601671559132,
                "R2": -4.77497482860099,
                "SMAPE": 36.07793447629459,
                "WAPE": 41.71471006211974
            },
            "Precipitation_accumulated": {
                "MSE": 184.1490687774225,
                "RMSE": 13.570153601835997,
                "MAE": 11.376174267126155,
                "R2": -794.94115637655,
                "SMAPE": 2.488220461524317,
                "WAPE": 2.48047319180539
            },
            "Humidity": {
                "MSE": 46.206422400363905,
                "RMSE": 6.797530610476418,
                "MAE": 5.098751736643013,
                "R2": -0.23978113480728602,
                "SMAPE": 5.883890009424651,
                "WAPE": 5.821423315271443
            },
            "Soil_Moisture": {
                "MSE": 176492.1930473794,
                "RMSE": 420.10973929127067,
                "MAE": 373.49880322721407,
                "R2": -3.8569249154969407,
                "SMAPE": 6.216515102685841,
                "WAPE": 6.366782361099305
            },
            "Soil_Temperature": {
                "MSE": 7.314461060863555,
                "RMSE": 2.704526032572723,
                "MAE": 2.19525887188456,
                "R2": -3.156859488801553,
                "SMAPE": 22.738278546858897,
                "WAPE": 24.466012504897492
            }
        },
        {
            "Temperature": {
                "MSE": 35.123666769979096,
                "RMSE": 5.9265223166692875,
                "MAE": 5.057186443974062,
                "R2": -0.2697311336208803,
                "SMAPE": 61.88609810076582,
                "WAPE": 61.74569116186735
            },
            "Precipitation_accumulated": {
                "MSE": 10703.597762328092,
                "RMSE": 103.458193306901,
                "MAE": 98.94048382351683,
                "R2": -2219.1094814182657,
                "SMAPE": 24.12840719514308,
                "WAPE": 21.333416905154518
            },
            "Humidity": {
                "MSE": 394.42249400772613,
                "RMSE": 19.860072860081004,
                "MAE": 16.687039644689957,
                "R2": -1.75234032031379,
                "SMAPE": 20.23466143121827,
                "WAPE": 19.168577375355415
            },
            "Soil_Moisture": {
                "MSE": 4603074.744203454,
                "RMSE": 2145.477742649281,
                "MAE": 2057.6197762187135,
                "R2": -5.167027742061311,
                "SMAPE": 27.838109088956664,
                "WAPE": 24.86631896655213
            },
            "Soil_Temperature": {
                "MSE": 37.922480308062596,
                "RMSE": 6.158123115695447,
                "MAE": 5.364728827382322,
                "R2": -1.318886990902897,
                "SMAPE": 67.6609497029345,
                "WAPE": 77.59902012872749
            }
        }
    ]
}