{
    "trial_number": 75,
    "fold_smape": [
        49.267630128845475,
        12.83041426921871,
        20.555951459261273
    ],
    "mean_smape": 27.551331952441824,
    "hyperparameters": {
        "input_chunk_length": 24,
        "hidden_size": 232,
        "dropout": 0.1,
        "batch_size": 96,
        "lr": 0.0028734656053062313,
        "weight_decay": 3.639479688660157e-06,
        "ff_size": 544,
        "num_blocks": 2,
        "activation": "ReLU",
        "norm_type": "LayerNorm",
        "normalize_before": false
    },
    "metrics_per_fold": [
        {
            "Temperature": {
                "MSE": 22.938660814074343,
                "RMSE": 4.789432201636677,
                "MAE": 3.66813970007174,
                "R2": -0.07474137906171419,
                "SMAPE": 24.42871515335786,
                "WAPE": 23.240183661946872
            },
            "Precipitation_accumulated": {
                "MSE": 179660.20447123743,
                "RMSE": 423.86342667330644,
                "MAE": 396.51912600077685,
                "R2": -7.011713777011119,
                "SMAPE": 182.55677189284643,
                "WAPE": 99.16600092528847
            },
            "Humidity": {
                "MSE": 85.84425307048431,
                "RMSE": 9.26521737847981,
                "MAE": 7.543827290571048,
                "R2": -0.09667167562126022,
                "SMAPE": 9.207859280045339,
                "WAPE": 8.921131332970992
            },
            "Soil_Moisture": {
                "MSE": 453193.40693920234,
                "RMSE": 673.1964103730814,
                "MAE": 600.8161166472016,
                "R2": 0.5314966366535041,
                "SMAPE": 8.461715063579096,
                "WAPE": 8.77350852435258
            },
            "Soil_Temperature": {
                "MSE": 16.86139294573791,
                "RMSE": 4.106262649385437,
                "MAE": 3.22495424050814,
                "R2": 0.22672650123710503,
                "SMAPE": 21.68308925439892,
                "WAPE": 20.749370594735183
            }
        },
        {
            "Temperature": {
                "MSE": 8.159147739535506,
                "RMSE": 2.8564221921024746,
                "MAE": 2.4530808240050517,
                "R2": -1.987204223508754,
                "SMAPE": 27.418370960513787,
                "WAPE": 29.311587137774325
            },
            "Precipitation_accumulated": {
                "MSE": 533.3963299318257,
                "RMSE": 23.095374643677587,
                "MAE": 22.933003307812594,
                "R2": -2307.034854905055,
                "SMAPE": 4.877206499261539,
                "WAPE": 5.000364574785013
            },
            "Humidity": {
                "MSE": 52.52621601335302,
                "RMSE": 7.2474972241010915,
                "MAE": 5.436004637492858,
                "R2": -0.41392689896921375,
                "SMAPE": 6.248599082906471,
                "WAPE": 6.204819934320129
            },
            "Soil_Moisture": {
                "MSE": 109618.93858224266,
                "RMSE": 331.08750894928465,
                "MAE": 284.40605305375385,
                "R2": -1.8977868080742453,
                "SMAPE": 4.781065402789929,
                "WAPE": 4.845448373652871
            },
            "Soil_Temperature": {
                "MSE": 5.180333595727999,
                "RMSE": 2.276034620942309,
                "MAE": 1.9699279744004317,
                "R2": -1.9185712376334414,
                "SMAPE": 20.826829400621833,
                "WAPE": 21.924563233043678
            }
        },
        {
            "Temperature": {
                "MSE": 12.570117280262927,
                "RMSE": 3.545436119895961,
                "MAE": 2.793590458813554,
                "R2": 0.5439727494826069,
                "SMAPE": 41.570898311733515,
                "WAPE": 34.19078267397548
            },
            "Precipitation_accumulated": {
                "MSE": 268.5764905120502,
                "RMSE": 16.388303466559623,
                "MAE": 14.648612610978757,
                "R2": -54.234683896888555,
                "SMAPE": 3.2162778240435674,
                "WAPE": 3.1586532804612077
            },
            "Humidity": {
                "MSE": 107.53371711919974,
                "RMSE": 10.369846533059192,
                "MAE": 7.489269872055375,
                "R2": 0.2502839595244326,
                "SMAPE": 8.826152280031435,
                "WAPE": 8.610532768892126
            },
            "Soil_Moisture": {
                "MSE": 761891.3801321245,
                "RMSE": 872.8638955370559,
                "MAE": 795.2348720241733,
                "R2": 0.02773940069189662,
                "SMAPE": 9.90835456386039,
                "WAPE": 9.628717413106374
            },
            "Soil_Temperature": {
                "MSE": 7.596955648408594,
                "RMSE": 2.7562575439186725,
                "MAE": 2.121047260260003,
                "R2": 0.5328035989328337,
                "SMAPE": 39.25807431663732,
                "WAPE": 30.700565604814212
            }
        }
    ]
}