{
    "trial_number": 66,
    "fold_smape": [
        65.39409241847821,
        18.322751735147364,
        28.502323338824418
    ],
    "mean_smape": 37.40638916415,
    "hyperparameters": {
        "input_chunk_length": 48,
        "hidden_size": 176,
        "dropout": 0.45000000000000007,
        "batch_size": 152,
        "lr": 0.0003551675236308054,
        "weight_decay": 2.737937713126394e-06,
        "ff_size": 223,
        "num_blocks": 2,
        "activation": "ReLU",
        "norm_type": "LayerNorm",
        "normalize_before": false
    },
    "metrics_per_fold": [
        {
            "Temperature": {
                "MSE": 29.91254761771847,
                "RMSE": 5.469236474839835,
                "MAE": 4.3361336185837525,
                "R2": -0.4437296542782345,
                "SMAPE": 29.53784019835869,
                "WAPE": 27.327631819178567
            },
            "Precipitation_accumulated": {
                "MSE": 175973.87661697957,
                "RMSE": 419.4924035271432,
                "MAE": 394.38475636571883,
                "R2": -7.447183510811071,
                "SMAPE": 171.6471407817098,
                "WAPE": 97.48867251145695
            },
            "Humidity": {
                "MSE": 2379.911798733203,
                "RMSE": 48.784339687375116,
                "MAE": 45.940334765660374,
                "R2": -29.5674462262369,
                "SMAPE": 75.87572218490804,
                "WAPE": 54.33597370991549
            },
            "Soil_Moisture": {
                "MSE": 233311.6144736964,
                "RMSE": 483.023409860947,
                "MAE": 349.86284424616224,
                "R2": 0.7398479501941602,
                "SMAPE": 5.043754201574035,
                "WAPE": 5.1322689247161115
            },
            "Soil_Temperature": {
                "MSE": 49.80276853462172,
                "RMSE": 7.057107660693701,
                "MAE": 5.975365631344399,
                "R2": -1.3448890704677283,
                "SMAPE": 44.866004725840725,
                "WAPE": 38.25237276628993
            }
        },
        {
            "Temperature": {
                "MSE": 21.758718209646144,
                "RMSE": 4.664624123082818,
                "MAE": 4.192945238792683,
                "R2": -7.067511083470382,
                "SMAPE": 41.53182602683246,
                "WAPE": 50.26594658173843
            },
            "Precipitation_accumulated": {
                "MSE": 277.0666628827828,
                "RMSE": 16.645319548833623,
                "MAE": 15.334698313379354,
                "R2": -1195.2854675867306,
                "SMAPE": 3.2803167348974585,
                "WAPE": 3.343575036385293
            },
            "Humidity": {
                "MSE": 46.66077983516549,
                "RMSE": 6.830869625103783,
                "MAE": 5.156456474253138,
                "R2": -0.2512496446526451,
                "SMAPE": 5.948164645385337,
                "WAPE": 5.889587436596553
            },
            "Soil_Moisture": {
                "MSE": 212631.1789479161,
                "RMSE": 461.1194844591975,
                "MAE": 404.34242432436224,
                "R2": -5.096280228429329,
                "SMAPE": 6.711387430093623,
                "WAPE": 6.896264017564056
            },
            "Soil_Temperature": {
                "MSE": 16.196652520554405,
                "RMSE": 4.024506494038046,
                "MAE": 3.5950572884748575,
                "R2": -8.234959528042868,
                "SMAPE": 34.14206383852792,
                "WAPE": 40.10878835433379
            }
        },
        {
            "Temperature": {
                "MSE": 18.95911686154122,
                "RMSE": 4.354206800502385,
                "MAE": 3.6103416551387357,
                "R2": 0.31802048712683906,
                "SMAPE": 49.452149113843234,
                "WAPE": 44.017350003766815
            },
            "Precipitation_accumulated": {
                "MSE": 2346.213041908646,
                "RMSE": 48.437723335316306,
                "MAE": 45.933357319910726,
                "R2": -489.6599805143311,
                "SMAPE": 10.466641852732868,
                "WAPE": 9.903659731931679
            },
            "Humidity": {
                "MSE": 140.0279346596552,
                "RMSE": 11.833339962143198,
                "MAE": 9.118004820141197,
                "R2": 0.021898359545785562,
                "SMAPE": 10.7275959498411,
                "WAPE": 10.46469069951503
            },
            "Soil_Moisture": {
                "MSE": 1321399.5009477506,
                "RMSE": 1149.5214225701714,
                "MAE": 1074.7569186103308,
                "R2": -0.8674760304909921,
                "SMAPE": 13.625506214725506,
                "WAPE": 12.963296994331133
            },
            "Soil_Temperature": {
                "MSE": 21.976314817413567,
                "RMSE": 4.68789023094756,
                "MAE": 4.182576597789188,
                "R2": -0.3359770598189771,
                "SMAPE": 58.23972356297941,
                "WAPE": 60.47169160621341
            }
        }
    ]
}