{
    "trial_number": 22,
    "fold_smape": [
        47.31057800928451,
        13.965856073706238,
        19.853367747393218
    ],
    "mean_smape": 27.043267276794655,
    "hyperparameters": {
        "input_chunk_length": 60,
        "hidden_size": 104,
        "dropout": 0.2,
        "batch_size": 72,
        "lr": 0.00018083790028981456,
        "weight_decay": 1.6920943741798153e-05,
        "ff_size": 245,
        "num_blocks": 3,
        "activation": "ReLU",
        "norm_type": "LayerNorm",
        "normalize_before": false
    },
    "metrics_per_fold": [
        {
            "Temperature": {
                "MSE": 16.434814315163365,
                "RMSE": 4.053987458683532,
                "MAE": 3.173540611166993,
                "R2": 0.1850436676118853,
                "SMAPE": 20.582865402913782,
                "WAPE": 19.923816139691763
            },
            "Precipitation_accumulated": {
                "MSE": 178516.4521497778,
                "RMSE": 422.5120733775282,
                "MAE": 398.3692880054162,
                "R2": -7.923247843536023,
                "SMAPE": 173.41357620629333,
                "WAPE": 97.89617197672989
            },
            "Humidity": {
                "MSE": 71.70654875673846,
                "RMSE": 8.46797193882564,
                "MAE": 6.4677232761788295,
                "R2": 0.08221310429414053,
                "SMAPE": 7.83577921875438,
                "WAPE": 7.6522233084585825
            },
            "Soil_Moisture": {
                "MSE": 156853.93000210944,
                "RMSE": 396.04788852121084,
                "MAE": 328.43905365862565,
                "R2": 0.8179781306004781,
                "SMAPE": 4.757212387944531,
                "WAPE": 4.829019822316466
            },
            "Soil_Temperature": {
                "MSE": 36.09617928243885,
                "RMSE": 6.00800959407014,
                "MAE": 4.950685039411034,
                "R2": -0.7361601572063878,
                "SMAPE": 29.963456830516396,
                "WAPE": 31.577707893926558
            }
        },
        {
            "Temperature": {
                "MSE": 9.146352859639276,
                "RMSE": 3.0242937786596187,
                "MAE": 2.7430428677863024,
                "R2": -2.415532366951532,
                "SMAPE": 30.10192784131788,
                "WAPE": 32.94113611647507
            },
            "Precipitation_accumulated": {
                "MSE": 181.29664997232385,
                "RMSE": 13.464644442848234,
                "MAE": 12.453706572603972,
                "R2": -780.9882376086166,
                "SMAPE": 2.674253966956632,
                "WAPE": 2.715388493150058
            },
            "Humidity": {
                "MSE": 44.51205117147882,
                "RMSE": 6.671735244408221,
                "MAE": 5.021915586387624,
                "R2": -0.19267457905740515,
                "SMAPE": 5.8034941078788576,
                "WAPE": 5.7381493901922545
            },
            "Soil_Moisture": {
                "MSE": 155852.40155399873,
                "RMSE": 394.7814604993486,
                "MAE": 358.69067122632134,
                "R2": -3.6720716401972906,
                "SMAPE": 5.983476208070206,
                "WAPE": 6.121007452535007
            },
            "Soil_Temperature": {
                "MSE": 7.185879081528093,
                "RMSE": 2.6806490037914497,
                "MAE": 2.470822065522757,
                "R2": -3.121447314440071,
                "SMAPE": 25.26612824430759,
                "WAPE": 27.60024059483744
            }
        },
        {
            "Temperature": {
                "MSE": 12.811128646867134,
                "RMSE": 3.579263701778221,
                "MAE": 2.8766429388501167,
                "R2": 0.5403336587033553,
                "SMAPE": 42.541144595242365,
                "WAPE": 34.96955035940919
            },
            "Precipitation_accumulated": {
                "MSE": 73.39804912927518,
                "RMSE": 8.567266140915384,
                "MAE": 6.148268452763821,
                "R2": -14.474485306323146,
                "SMAPE": 1.3151001777944848,
                "WAPE": 1.3255665816302786
            },
            "Humidity": {
                "MSE": 87.50059658128723,
                "RMSE": 9.354175355491645,
                "MAE": 7.419857075259848,
                "R2": 0.3882990180893773,
                "SMAPE": 8.7229153437456,
                "WAPE": 8.508271036354081
            },
            "Soil_Moisture": {
                "MSE": 840203.6010206483,
                "RMSE": 916.6262057243663,
                "MAE": 838.8270465740794,
                "R2": -0.252632815794289,
                "SMAPE": 10.473037243993984,
                "WAPE": 10.09852381650134
            },
            "Soil_Temperature": {
                "MSE": 6.132087346747594,
                "RMSE": 2.4763051804548635,
                "MAE": 1.9376874336198524,
                "R2": 0.6292940292596279,
                "SMAPE": 36.21464137618974,
                "WAPE": 27.98930883302139
            }
        }
    ]
}