{
    "trial_number": 73,
    "fold_smape": [
        59.13287343019177,
        10.33687435807888,
        20.49363270814711
    ],
    "mean_smape": 29.987793498805917,
    "hyperparameters": {
        "input_chunk_length": 24,
        "hidden_size": 200,
        "dropout": 0.1,
        "batch_size": 96,
        "lr": 0.0024813315336690987,
        "weight_decay": 2.1785519706360534e-06,
        "ff_size": 549,
        "num_blocks": 2,
        "activation": "ReLU",
        "norm_type": "LayerNorm",
        "normalize_before": false
    },
    "metrics_per_fold": [
        {
            "Temperature": {
                "MSE": 56.75781394272757,
                "RMSE": 7.533778198402683,
                "MAE": 6.505067218468345,
                "R2": -1.6592647113866303,
                "SMAPE": 49.455658327757774,
                "WAPE": 41.214067416123086
            },
            "Precipitation_accumulated": {
                "MSE": 173736.74152912674,
                "RMSE": 416.81739590512143,
                "MAE": 389.47666789590164,
                "R2": -6.747564630567724,
                "SMAPE": 168.30390663317655,
                "WAPE": 97.40474311664751
            },
            "Humidity": {
                "MSE": 76.32802718795317,
                "RMSE": 8.736591279666984,
                "MAE": 6.65501526885049,
                "R2": 0.0248993674119522,
                "SMAPE": 8.030324807721588,
                "WAPE": 7.87004566111273
            },
            "Soil_Moisture": {
                "MSE": 2153623.368201192,
                "RMSE": 1467.5228680334735,
                "MAE": 1355.3753420970143,
                "R2": -1.2263779126849168,
                "SMAPE": 18.724229439368425,
                "WAPE": 19.792074127345792
            },
            "Soil_Temperature": {
                "MSE": 57.552940888514556,
                "RMSE": 7.586365459725398,
                "MAE": 6.531946916426055,
                "R2": -1.6394120644822014,
                "SMAPE": 51.150247942934236,
                "WAPE": 42.02657686476399
            }
        },
        {
            "Temperature": {
                "MSE": 5.497349415989621,
                "RMSE": 2.3446427054008936,
                "MAE": 1.9731168974224822,
                "R2": -1.012674107367304,
                "SMAPE": 23.00126388927838,
                "WAPE": 23.576552107805682
            },
            "Precipitation_accumulated": {
                "MSE": 248.59913198389074,
                "RMSE": 15.767026732516525,
                "MAE": 14.624357015029517,
                "R2": -1074.7019299163478,
                "SMAPE": 3.1317942746112446,
                "WAPE": 3.1887283041576175
            },
            "Humidity": {
                "MSE": 25.515838709492343,
                "RMSE": 5.051320491662783,
                "MAE": 3.6102985747584153,
                "R2": 0.3131519184260364,
                "SMAPE": 4.231353174125912,
                "WAPE": 4.1209038732241146
            },
            "Soil_Moisture": {
                "MSE": 54128.72700776312,
                "RMSE": 232.65581232318937,
                "MAE": 188.7974650269034,
                "R2": -0.4308979186408308,
                "SMAPE": 3.210074521090739,
                "WAPE": 3.2165573131859166
            },
            "Soil_Temperature": {
                "MSE": 3.7525995551439317,
                "RMSE": 1.9371627590741909,
                "MAE": 1.6737166334911564,
                "R2": -1.114193791888415,
                "SMAPE": 18.10988593128811,
                "WAPE": 18.62784154651264
            }
        },
        {
            "Temperature": {
                "MSE": 14.198880192404538,
                "RMSE": 3.7681401503134855,
                "MAE": 2.9581373714903387,
                "R2": 0.48488338253335084,
                "SMAPE": 43.336936663803336,
                "WAPE": 36.204674049232736
            },
            "Precipitation_accumulated": {
                "MSE": 174.79870331895899,
                "RMSE": 13.221146066773446,
                "MAE": 12.086253671307196,
                "R2": -34.948608550961445,
                "SMAPE": 2.6452977134356477,
                "WAPE": 2.606136555126637
            },
            "Humidity": {
                "MSE": 126.04626554160129,
                "RMSE": 11.227032802196726,
                "MAE": 8.129023309457297,
                "R2": 0.12121602739882553,
                "SMAPE": 9.568590432910794,
                "WAPE": 9.3460674779984
            },
            "Soil_Moisture": {
                "MSE": 724982.2124281115,
                "RMSE": 851.458873010383,
                "MAE": 769.026350327695,
                "R2": 0.074839722926339,
                "SMAPE": 9.558779405280418,
                "WAPE": 9.311384184763005
            },
            "Soil_Temperature": {
                "MSE": 6.587007551790054,
                "RMSE": 2.5665166182571375,
                "MAE": 1.9976802778276623,
                "R2": 0.5949132304539362,
                "SMAPE": 37.358559325305286,
                "WAPE": 28.914921216500222
            }
        }
    ]
}