{
    "trial_number": 76,
    "fold_smape": [
        50.77581954221474,
        15.505885472713905,
        34.80622897773393
    ],
    "mean_smape": 33.695977997554195,
    "hyperparameters": {
        "input_chunk_length": 24,
        "hidden_size": 248,
        "dropout": 0.1,
        "batch_size": 96,
        "lr": 0.0028573715740513638,
        "weight_decay": 3.574440002849076e-06,
        "ff_size": 522,
        "num_blocks": 2,
        "activation": "ReLU",
        "norm_type": "LayerNorm",
        "normalize_before": false
    },
    "metrics_per_fold": [
        {
            "Temperature": {
                "MSE": 20.890850863305594,
                "RMSE": 4.570651032763887,
                "MAE": 3.595977601218355,
                "R2": 0.02120433060217053,
                "SMAPE": 23.97316077831258,
                "WAPE": 22.782987216906506
            },
            "Precipitation_accumulated": {
                "MSE": 176676.59737965043,
                "RMSE": 420.3291536161279,
                "MAE": 392.7187749659513,
                "R2": -6.878663688867182,
                "SMAPE": 170.7404523022412,
                "WAPE": 98.21556602940606
            },
            "Humidity": {
                "MSE": 88.84312193577568,
                "RMSE": 9.425662944099777,
                "MAE": 7.438531579716177,
                "R2": -0.13498262161746122,
                "SMAPE": 9.058050921686474,
                "WAPE": 8.796611400428404
            },
            "Soil_Moisture": {
                "MSE": 5161408.188710734,
                "RMSE": 2271.8732774322457,
                "MAE": 2122.837802059748,
                "R2": -4.3357728929616295,
                "SMAPE": 27.619052470030205,
                "WAPE": 30.99906117053367
            },
            "Soil_Temperature": {
                "MSE": 18.43446272459874,
                "RMSE": 4.293537320741342,
                "MAE": 3.365883756463949,
                "R2": 0.1545845865321659,
                "SMAPE": 22.488381238802987,
                "WAPE": 21.656111756384334
            }
        },
        {
            "Temperature": {
                "MSE": 13.622297438980585,
                "RMSE": 3.6908396658457794,
                "MAE": 3.388047795671813,
                "R2": -3.9873572268384843,
                "SMAPE": 35.4144455518867,
                "WAPE": 40.48340242929316
            },
            "Precipitation_accumulated": {
                "MSE": 464.0685621164558,
                "RMSE": 21.542250627927803,
                "MAE": 21.43374787808203,
                "R2": -2007.0498427264188,
                "SMAPE": 4.786145219627198,
                "WAPE": 4.673463486482076
            },
            "Humidity": {
                "MSE": 34.3571944423615,
                "RMSE": 5.861501040037568,
                "MAE": 4.431641594356993,
                "R2": 0.07515589200598372,
                "SMAPE": 5.143250666443501,
                "WAPE": 5.058409611495596
            },
            "Soil_Moisture": {
                "MSE": 63022.10691309178,
                "RMSE": 251.04204212261297,
                "MAE": 204.0791871174123,
                "R2": -0.6659952412582997,
                "SMAPE": 3.463059734454641,
                "WAPE": 3.4769132186070864
            },
            "Soil_Temperature": {
                "MSE": 9.678340869356413,
                "RMSE": 3.1110031934018347,
                "MAE": 2.8923671122786563,
                "R2": -4.45272360695263,
                "SMAPE": 28.72252619115746,
                "WAPE": 32.19096660913708
            }
        },
        {
            "Temperature": {
                "MSE": 54.61883746436292,
                "RMSE": 7.390455836033588,
                "MAE": 6.529918922979883,
                "R2": -0.9814992748268785,
                "SMAPE": 70.46292070933039,
                "WAPE": 79.91974559832428
            },
            "Precipitation_accumulated": {
                "MSE": 5026.488583609378,
                "RMSE": 70.89773327553836,
                "MAE": 66.65154027479228,
                "R2": -1032.733471971652,
                "SMAPE": 15.536384771339101,
                "WAPE": 14.3719485201608
            },
            "Humidity": {
                "MSE": 152.27102362643046,
                "RMSE": 12.339814570180156,
                "MAE": 11.090948900098683,
                "R2": -0.06162078249210068,
                "SMAPE": 12.961412744150232,
                "WAPE": 12.751440470684868
            },
            "Soil_Moisture": {
                "MSE": 4729264.4392872015,
                "RMSE": 2174.6872049302174,
                "MAE": 2067.997141624955,
                "R2": -5.0350826875485755,
                "SMAPE": 27.9778907343916,
                "WAPE": 25.03934471225393
            },
            "Soil_Temperature": {
                "MSE": 13.405516429751351,
                "RMSE": 3.6613544528973634,
                "MAE": 2.8830613188581893,
                "R2": 0.17558962822975388,
                "SMAPE": 47.09253592945838,
                "WAPE": 41.730146621748574
            }
        }
    ]
}