{
    "trial_number": 1,
    "fold_smape": [
        119.63295017806885,
        13.204435772800243,
        30.003606655690874
    ],
    "mean_smape": 54.280330868853326,
    "hyperparameters": {
        "input_chunk_length": 24,
        "hidden_size": 136,
        "dropout": 0.15000000000000002,
        "batch_size": 224,
        "lr": 0.0004832818433732226,
        "weight_decay": 0.0036442082263021557,
        "ff_size": 216,
        "num_blocks": 1,
        "activation": "ReLU",
        "norm_type": "LayerNormNoBias",
        "normalize_before": true
    },
    "metrics_per_fold": [
        {
            "Temperature": {
                "MSE": 620.8397990488671,
                "RMSE": 24.9166570600646,
                "MAE": 23.235392518406066,
                "R2": -28.088107070173027,
                "SMAPE": 83.09205076387485,
                "WAPE": 147.2121657674658
            },
            "Precipitation_accumulated": {
                "MSE": 175651.9798037141,
                "RMSE": 419.10855372291564,
                "MAE": 391.91823499047456,
                "R2": -6.832972197123327,
                "SMAPE": 175.1746431315764,
                "WAPE": 98.01535791145338
            },
            "Humidity": {
                "MSE": 10902.583494592509,
                "RMSE": 104.41543705119712,
                "MAE": 97.3507601696465,
                "R2": -138.2819447074491,
                "SMAPE": 69.28073704850244,
                "WAPE": 115.12444325488215
            },
            "Soil_Moisture": {
                "MSE": 18444054.524790943,
                "RMSE": 4294.654179883514,
                "MAE": 4046.8227911639965,
                "R2": -18.067138767466563,
                "SMAPE": 95.92850490587543,
                "WAPE": 59.09434396159851
            },
            "Soil_Temperature": {
                "MSE": 363.586862187052,
                "RMSE": 19.067953801786178,
                "MAE": 17.747294125707757,
                "R2": -15.67430952664392,
                "SMAPE": 174.68881504051586,
                "WAPE": 114.18617301374618
            }
        },
        {
            "Temperature": {
                "MSE": 10.70702799637865,
                "RMSE": 3.2721595310098577,
                "MAE": 2.8642442193794158,
                "R2": -2.9200269774536043,
                "SMAPE": 31.00402210197501,
                "WAPE": 34.22453235076662
            },
            "Precipitation_accumulated": {
                "MSE": 49.81410497899487,
                "RMSE": 7.057910808376291,
                "MAE": 5.918291598556908,
                "R2": -214.54833452287616,
                "SMAPE": 1.301672623423164,
                "WAPE": 1.2904378574170465
            },
            "Humidity": {
                "MSE": 38.68531108864409,
                "RMSE": 6.219751690272216,
                "MAE": 4.5683459425321065,
                "R2": -0.04135051208182783,
                "SMAPE": 5.299062896144901,
                "WAPE": 5.21444808482854
            },
            "Soil_Moisture": {
                "MSE": 206582.91015069498,
                "RMSE": 454.513927345131,
                "MAE": 418.0915980023744,
                "R2": -4.461038389448925,
                "SMAPE": 6.9294768871708445,
                "WAPE": 7.12305955455752
            },
            "Soil_Temperature": {
                "MSE": 5.609248543170036,
                "RMSE": 2.3683852184917122,
                "MAE": 2.045305169088069,
                "R2": -2.1602195419101604,
                "SMAPE": 21.487944355287258,
                "WAPE": 22.763483281255866
            }
        },
        {
            "Temperature": {
                "MSE": 18.79337738747871,
                "RMSE": 4.335132914626576,
                "MAE": 3.582691050529605,
                "R2": 0.3182010933657414,
                "SMAPE": 49.325364787526375,
                "WAPE": 43.848593021282944
            },
            "Precipitation_accumulated": {
                "MSE": 3403.89287296612,
                "RMSE": 58.34289050917961,
                "MAE": 54.33948066146314,
                "R2": -699.0350123672494,
                "SMAPE": 12.549538785216308,
                "WAPE": 11.71712184683275
            },
            "Humidity": {
                "MSE": 100.94268847737033,
                "RMSE": 10.047023861690104,
                "MAE": 8.802091863058651,
                "R2": 0.2962360574188625,
                "SMAPE": 10.337353493761936,
                "WAPE": 10.119905106432633
            },
            "Soil_Moisture": {
                "MSE": 2008603.2989011614,
                "RMSE": 1417.252023777409,
                "MAE": 1337.2059073747052,
                "R2": -1.5632076934945949,
                "SMAPE": 17.209430417382656,
                "WAPE": 16.190911966013665
            },
            "Soil_Temperature": {
                "MSE": 24.735912918830845,
                "RMSE": 4.973521179087392,
                "MAE": 4.459055954262974,
                "R2": -0.521205339037283,
                "SMAPE": 60.59634579456731,
                "WAPE": 64.54148496559519
            }
        }
    ]
}