{
    "trial_number": 30,
    "fold_smape": [
        57.26530624847801,
        10.015623279614385,
        23.654860246672683
    ],
    "mean_smape": 30.311929924921696,
    "hyperparameters": {
        "input_chunk_length": 36,
        "hidden_size": 80,
        "dropout": 0.15000000000000002,
        "batch_size": 192,
        "lr": 0.00029133905710214967,
        "weight_decay": 8.508040803943513e-05,
        "ff_size": 147,
        "num_blocks": 3,
        "activation": "ReLU",
        "norm_type": "LayerNormNoBias",
        "normalize_before": false
    },
    "metrics_per_fold": [
        {
            "Temperature": {
                "MSE": 53.18112504173435,
                "RMSE": 7.2925389983005475,
                "MAE": 6.3635312213242425,
                "R2": -1.5565320558780131,
                "SMAPE": 36.33864825645881,
                "WAPE": 40.16409138111968
            },
            "Precipitation_accumulated": {
                "MSE": 176437.3513948006,
                "RMSE": 420.0444635926066,
                "MAE": 393.73524138763116,
                "R2": -7.154130255097245,
                "SMAPE": 172.1799965962097,
                "WAPE": 97.89872947145672
            },
            "Humidity": {
                "MSE": 985.9318403048223,
                "RMSE": 31.399551594008827,
                "MAE": 29.411767102256217,
                "R2": -11.60924901416783,
                "SMAPE": 41.902663775908096,
                "WAPE": 34.80399174426204
            },
            "Soil_Moisture": {
                "MSE": 151713.87448048132,
                "RMSE": 389.5046527071035,
                "MAE": 266.8686133678399,
                "R2": 0.837278614956541,
                "SMAPE": 3.706384445065995,
                "WAPE": 3.905838024631536
            },
            "Soil_Temperature": {
                "MSE": 40.73656762996334,
                "RMSE": 6.382520476266672,
                "MAE": 5.3544224482233025,
                "R2": -0.9115821889420967,
                "SMAPE": 32.198838168747216,
                "WAPE": 34.321449895487284
            }
        },
        {
            "Temperature": {
                "MSE": 4.921855250792329,
                "RMSE": 2.2185254676907205,
                "MAE": 1.8692358169210201,
                "R2": -0.8186366053466168,
                "SMAPE": 22.001398278629086,
                "WAPE": 22.376913486843772
            },
            "Precipitation_accumulated": {
                "MSE": 97.98848836845774,
                "RMSE": 9.898913494341576,
                "MAE": 9.069640105780607,
                "R2": -422.5322571076866,
                "SMAPE": 1.9549303173573949,
                "WAPE": 1.9775540189043699
            },
            "Humidity": {
                "MSE": 44.42689564438095,
                "RMSE": 6.665350376715462,
                "MAE": 4.890823189876804,
                "R2": -0.19203401251687668,
                "SMAPE": 5.657698651946162,
                "WAPE": 5.584024015878947
            },
            "Soil_Moisture": {
                "MSE": 188697.74580875252,
                "RMSE": 434.3935379454355,
                "MAE": 392.715774019984,
                "R2": -4.192812029201803,
                "SMAPE": 6.5236618354617075,
                "WAPE": 6.694361110000243
            },
            "Soil_Temperature": {
                "MSE": 2.547268298192453,
                "RMSE": 1.5960163840614083,
                "MAE": 1.2369533409407139,
                "R2": -0.4476304279641039,
                "SMAPE": 13.940427314677523,
                "WAPE": 13.78576180468873
            }
        },
        {
            "Temperature": {
                "MSE": 19.85284464540725,
                "RMSE": 4.4556531109824125,
                "MAE": 3.6468132042542813,
                "R2": 0.2823136860312726,
                "SMAPE": 49.390656753886184,
                "WAPE": 44.52574654494183
            },
            "Precipitation_accumulated": {
                "MSE": 1524.8142995431044,
                "RMSE": 39.04887065643646,
                "MAE": 36.81616513701812,
                "R2": -315.27259908181435,
                "SMAPE": 8.300815232912054,
                "WAPE": 7.9382530726046445
            },
            "Humidity": {
                "MSE": 111.62881219063766,
                "RMSE": 10.56545371437676,
                "MAE": 8.120597826162351,
                "R2": 0.22103712296132594,
                "SMAPE": 9.577548663627729,
                "WAPE": 9.328215853701122
            },
            "Soil_Moisture": {
                "MSE": 875099.7405393149,
                "RMSE": 935.4676587350922,
                "MAE": 851.6986957042134,
                "R2": -0.172425971090874,
                "SMAPE": 10.685196337039127,
                "WAPE": 10.292772102772705
            },
            "Soil_Temperature": {
                "MSE": 8.037452571348151,
                "RMSE": 2.835040135756133,
                "MAE": 2.2778935961211606,
                "R2": 0.5085251793581733,
                "SMAPE": 40.32008424589832,
                "WAPE": 32.94897406822988
            }
        }
    ]
}