{
    "trial_number": 5,
    "overall_mae_val": 0.30943767502409925,
    "params": {
        "boosting_type": "dart",
        "n_estimators": 300,
        "learning_rate": 0.005532547166062796,
        "num_leaves": 65,
        "max_depth": 12,
        "min_child_samples": 50,
        "subsample": 0.7,
        "feature_fraction": 0.6,
        "reg_alpha": 0.022530171094356684,
        "reg_lambda": 0.020081863891302804,
        "random_state": 42,
        "n_jobs": -1
    },
    "metrics": {
        "MSE": {
            "Temperature": 31.73987517412885,
            "Precipitation_accumulated": 73449.19541137575,
            "Humidity": 1582.38381783912,
            "Wind_Speed_kmh": 2.040661828216232,
            "Soil_Moisture": 3695125.9186100806,
            "Soil_Temperature": 18.330923080579858,
            "Wind_Dir_Sin": 0.9037598489670807,
            "Wind_Dir_Cos": 0.44384667621445756
        },
        "RMSE": {
            "Temperature": 5.633815330140743,
            "Precipitation_accumulated": 271.01512026338264,
            "Humidity": 39.77918825012798,
            "Wind_Speed_kmh": 1.428517353137942,
            "Soil_Moisture": 1922.271031517169,
            "Soil_Temperature": 4.28146272675354,
            "Wind_Dir_Sin": 0.9506628471582765,
            "Wind_Dir_Cos": 0.6662181896454475
        },
        "MAE": {
            "Temperature": 4.400232170046109,
            "Precipitation_accumulated": 271.00873044222595,
            "Humidity": 38.79796690033862,
            "Wind_Speed_kmh": 1.0861220179465987,
            "Soil_Moisture": 1915.8060154311925,
            "Soil_Temperature": 3.5360731000333665,
            "Wind_Dir_Sin": 0.8175673908533297,
            "Wind_Dir_Cos": 0.5301969604435514
        },
        "R2": {
            "Temperature": -0.0392020610661008,
            "Precipitation_accumulated": -21206.03448237185,
            "Humidity": -9.794218276949382,
            "Wind_Speed_kmh": -0.5113190656240201,
            "Soil_Moisture": -62.36012286490264,
            "Soil_Temperature": -0.13255339625110119,
            "Wind_Dir_Sin": -0.6448849955317772,
            "Wind_Dir_Cos": -0.20423146160502892
        },
        "SMAPE": {
            "Temperature": 59.65899359854622,
            "Precipitation_accumulated": 82.38311120851532,
            "Humidity": 56.43367450176466,
            "Wind_Speed_kmh": 105.42690826017372,
            "Soil_Moisture": 25.121462076591815,
            "Soil_Temperature": 53.492152014847285,
            "Wind_Dir_Sin": 143.4943249239318,
            "Wind_Dir_Cos": 105.69170146323192
        }
    }
}