{
    "trial_number": 3,
    "overall_smape_val": 48.83752237581494,
    "xgb_params": {
        "boosting_type": "dart",
        "n_estimators": 250,
        "learning_rate": 0.04393757621525142,
        "num_leaves": 120,
        "max_depth": 11,
        "min_child_samples": 35,
        "subsample": 0.9,
        "feature_fraction": 0.95,
        "reg_alpha": 2.5072670471203516e-05,
        "reg_lambda": 1.4110624308061249e-05,
        "random_state": 42,
        "n_jobs": -1
    },
    "metrics": {
        "MSE": {
            "Temperature": 0.6892364104082933,
            "Precipitation_accumulated": 3651.2022158578516,
            "Humidity": 79.7723143499857,
            "Wind_Speed_kmh": 0.04008001608279447,
            "Soil_Moisture": 27568.66563651163,
            "Soil_Temperature": 0.8058166317700315,
            "Wind_Dir_Sin": 0.046445200055628,
            "Wind_Dir_Cos": 0.07492518962816554
        },
        "RMSE": {
            "Temperature": 0.8302026321376567,
            "Precipitation_accumulated": 60.42517865805488,
            "Humidity": 8.931534826108315,
            "Wind_Speed_kmh": 0.20019994026671054,
            "Soil_Moisture": 166.03814512488276,
            "Soil_Temperature": 0.8976728979812365,
            "Wind_Dir_Sin": 0.21551148474182993,
            "Wind_Dir_Cos": 0.27372466024851605
        },
        "MAE": {
            "Temperature": 0.7185047138880747,
            "Precipitation_accumulated": 60.42497183559423,
            "Humidity": 8.808803937583123,
            "Wind_Speed_kmh": 0.073768191001629,
            "Soil_Moisture": 84.07102689190316,
            "Soil_Temperature": 0.8450674817451298,
            "Wind_Dir_Sin": 0.17875010233940916,
            "Wind_Dir_Cos": 0.2545159743519959
        },
        "R2": {
            "Temperature": 0.7975423142925191,
            "Precipitation_accumulated": -3845.8386854962764,
            "Humidity": -0.22672573136519447,
            "Wind_Speed_kmh": 0.8822243130158192,
            "Soil_Moisture": 0.9627435444544052,
            "Soil_Temperature": 0.8564171820058248,
            "Wind_Dir_Sin": 0.710836177719686,
            "Wind_Dir_Cos": 0.7390211579497504
        },
        "SMAPE": {
            "Temperature": 11.814153137901503,
            "Precipitation_accumulated": 14.075692313718365,
            "Humidity": 11.05705130252068,
            "Wind_Speed_kmh": 136.00795574687575,
            "Soil_Moisture": 1.2063362160987414,
            "Soil_Temperature": 16.826947330288117,
            "Wind_Dir_Sin": 156.42612277699453,
            "Wind_Dir_Cos": 43.2859201821215
        }
    }
}