{
    "trial_number": 25,
    "overall_smape_val": 30.253485155768573,
    "xgb_params": {
        "boosting_type": "gbdt",
        "n_estimators": 300,
        "learning_rate": 0.09839468175129046,
        "num_leaves": 60,
        "max_depth": 10,
        "min_child_samples": 15,
        "subsample": 0.9,
        "feature_fraction": 0.7,
        "reg_alpha": 0.007261714970540981,
        "reg_lambda": 0.00410229412185578,
        "random_state": 42,
        "n_jobs": -1
    },
    "metrics": {
        "MSE": {
            "Temperature": 0.02591370689808933,
            "Precipitation_accumulated": 0.002223725334612519,
            "Humidity": 0.243993098378583,
            "Wind_Speed_kmh": 0.0005004215413722462,
            "Soil_Moisture": 651.5495543446705,
            "Soil_Temperature": 0.008477589241490084,
            "Wind_Dir_Sin": 0.00046032145174959034,
            "Wind_Dir_Cos": 0.00025405551194124075
        },
        "RMSE": {
            "Temperature": 0.16097734902180905,
            "Precipitation_accumulated": 0.04715639229852639,
            "Humidity": 0.4939565753976588,
            "Wind_Speed_kmh": 0.022370103740757354,
            "Soil_Moisture": 25.525468738980493,
            "Soil_Temperature": 0.09207382495307818,
            "Wind_Dir_Sin": 0.02145510316334066,
            "Wind_Dir_Cos": 0.015939118919853782
        },
        "MAE": {
            "Temperature": 0.0686260422213088,
            "Precipitation_accumulated": 0.020278080358090797,
            "Humidity": 0.19955883746250053,
            "Wind_Speed_kmh": 0.0056379191031859024,
            "Soil_Moisture": 5.537830095952188,
            "Soil_Temperature": 0.04067106903275847,
            "Wind_Dir_Sin": 0.00601525548992181,
            "Wind_Dir_Cos": 0.004888769936616527
        },
        "R2": {
            "Temperature": 0.9923880557563968,
            "Precipitation_accumulated": 0.9976571243833189,
            "Humidity": 0.9962479136465396,
            "Wind_Speed_kmh": 0.9985295043121977,
            "Soil_Moisture": 0.9991194921318555,
            "Soil_Temperature": 0.9984894377888224,
            "Wind_Dir_Sin": 0.997134078218931,
            "Wind_Dir_Cos": 0.9991150758022508
        },
        "SMAPE": {
            "Temperature": 1.09771623258156,
            "Precipitation_accumulated": 0.004403345812390187,
            "Humidity": 0.24060484987705433,
            "Wind_Speed_kmh": 119.60248612587387,
            "Soil_Moisture": 0.09004458848279515,
            "Soil_Temperature": 2.406991802124067,
            "Wind_Dir_Sin": 114.94748308645723,
            "Wind_Dir_Cos": 3.6381512149397692
        }
    }
}