{
    "trial_number": 61,
    "overall_mae_val": 0.08084113991587308,
    "params": {
        "boosting_type": "gbdt",
        "n_estimators": 500,
        "learning_rate": 0.0067736384983615215,
        "num_leaves": 25,
        "max_depth": 6,
        "min_child_samples": 30,
        "subsample": 0.8,
        "feature_fraction": 0.9,
        "reg_alpha": 0.002376235266511673,
        "reg_lambda": 1.8926250496192018e-05,
        "random_state": 42,
        "n_jobs": -1
    },
    "metrics": {
        "MSE": {
            "Temperature": 2.410498817694064,
            "Precipitation_accumulated": 84.83508930905755,
            "Humidity": 10.91259328116443,
            "Wind_Speed_kmh": 0.5437837970952355,
            "Soil_Moisture": 5312.805159389606,
            "Soil_Temperature": 0.3281499027946984,
            "Wind_Dir_Sin": 0.36277939874656856,
            "Wind_Dir_Cos": 0.30681037206566814
        },
        "RMSE": {
            "Temperature": 1.5525781196751627,
            "Precipitation_accumulated": 9.210596577261299,
            "Humidity": 3.3034214507332287,
            "Wind_Speed_kmh": 0.7374169764083517,
            "Soil_Moisture": 72.88899203164773,
            "Soil_Temperature": 0.5728436983983488,
            "Wind_Dir_Sin": 0.6023117122774291,
            "Wind_Dir_Cos": 0.5539046597255417
        },
        "MAE": {
            "Temperature": 1.1720440032081507,
            "Precipitation_accumulated": 9.010972913221533,
            "Humidity": 2.450063862696789,
            "Wind_Speed_kmh": 0.551738906903866,
            "Soil_Moisture": 66.37232492671495,
            "Soil_Temperature": 0.40042119405746324,
            "Wind_Dir_Sin": 0.49396891596031883,
            "Wind_Dir_Cos": 0.4496020118272155
        },
        "R2": {
            "Temperature": 0.9210518430739177,
            "Precipitation_accumulated": -23.531273485857383,
            "Humidity": 0.9255546476027504,
            "Wind_Speed_kmh": 0.5974806191253945,
            "Soil_Moisture": 0.9086289502375764,
            "Soil_Temperature": 0.9797165360925182,
            "Wind_Dir_Sin": 0.33999160423328756,
            "Wind_Dir_Cos": 0.1666865315420053
        },
        "SMAPE": {
            "Temperature": 23.059192803695346,
            "Precipitation_accumulated": 1.9583491303709328,
            "Humidity": 2.943285376049053,
            "Wind_Speed_kmh": 57.055576741955704,
            "Soil_Moisture": 0.7737420506086463,
            "Soil_Temperature": 7.209520286022532,
            "Wind_Dir_Sin": 98.66367547265288,
            "Wind_Dir_Cos": 111.21180915238652
        }
    }
}