{
    "trial_number": 1,
    "overall_mae_val": 0.08194102375745224,
    "params": {
        "boosting_type": "gbdt",
        "n_estimators": 800,
        "learning_rate": 0.03995726412196812,
        "num_leaves": 55,
        "max_depth": 12,
        "min_child_samples": 15,
        "subsample": 0.75,
        "feature_fraction": 0.7,
        "reg_alpha": 0.000615921097389328,
        "reg_lambda": 1.9522098541257372e-05,
        "random_state": 42,
        "n_jobs": -1
    },
    "metrics": {
        "MSE": {
            "Temperature": 1.7684202666738686,
            "Precipitation_accumulated": 14.67830376640974,
            "Humidity": 11.585079301900443,
            "Wind_Speed_kmh": 0.6064318769693559,
            "Soil_Moisture": 5020.688983182201,
            "Soil_Temperature": 1.7856519873184475,
            "Wind_Dir_Sin": 0.39689033425764564,
            "Wind_Dir_Cos": 0.3177370110883183
        },
        "RMSE": {
            "Temperature": 1.329819636895872,
            "Precipitation_accumulated": 3.8312274490572524,
            "Humidity": 3.403686134457824,
            "Wind_Speed_kmh": 0.7787373607124265,
            "Soil_Moisture": 70.85682030109875,
            "Soil_Temperature": 1.3362828994335172,
            "Wind_Dir_Sin": 0.6299923287292042,
            "Wind_Dir_Cos": 0.5636816575766133
        },
        "MAE": {
            "Temperature": 0.9786248611698233,
            "Precipitation_accumulated": 3.3723118929513882,
            "Humidity": 2.3824208645398812,
            "Wind_Speed_kmh": 0.5787871509055,
            "Soil_Moisture": 55.001005575385626,
            "Soil_Temperature": 0.9504059768177018,
            "Wind_Dir_Sin": 0.5198092630707793,
            "Wind_Dir_Cos": 0.45327238509855083
        },
        "R2": {
            "Temperature": 0.9418790723922666,
            "Precipitation_accumulated": -3.128442369440986,
            "Humidity": 0.920669548889569,
            "Wind_Speed_kmh": 0.5501720410056689,
            "Soil_Moisture": 0.9187518642995771,
            "Soil_Temperature": 0.8900451395538346,
            "Wind_Dir_Sin": 0.27527647308153846,
            "Wind_Dir_Cos": 0.1424479396606766
        },
        "SMAPE": {
            "Temperature": 19.800824993732718,
            "Precipitation_accumulated": 0.7279828565865625,
            "Humidity": 2.928028852668047,
            "Wind_Speed_kmh": 58.57200512813989,
            "Soil_Moisture": 0.6436278145853548,
            "Soil_Temperature": 14.621370195285792,
            "Wind_Dir_Sin": 107.23522961117898,
            "Wind_Dir_Cos": 111.22476750603612
        }
    }
}