{
    "trial_number": 14,
    "overall_mae_val": 0.08075107573838833,
    "params": {
        "boosting_type": "gbdt",
        "n_estimators": 150,
        "learning_rate": 0.02885110143945799,
        "num_leaves": 150,
        "max_depth": 10,
        "min_child_samples": 35,
        "subsample": 0.85,
        "feature_fraction": 0.6,
        "reg_alpha": 1.2553137754793317e-05,
        "reg_lambda": 0.003225986143580555,
        "random_state": 42,
        "n_jobs": -1
    },
    "metrics": {
        "MSE": {
            "Temperature": 2.0875423421262385,
            "Precipitation_accumulated": 45.54025612177745,
            "Humidity": 10.69165457394272,
            "Wind_Speed_kmh": 0.561890837527747,
            "Soil_Moisture": 2914.415586624015,
            "Soil_Temperature": 2.249568719190671,
            "Wind_Dir_Sin": 0.3626257192037822,
            "Wind_Dir_Cos": 0.29952264212468704
        },
        "RMSE": {
            "Temperature": 1.4448329807026965,
            "Precipitation_accumulated": 6.748352104164205,
            "Humidity": 3.269809562335813,
            "Wind_Speed_kmh": 0.7495937816762803,
            "Soil_Moisture": 53.98532751242707,
            "Soil_Temperature": 1.4998562328405582,
            "Wind_Dir_Sin": 0.6021841240050938,
            "Wind_Dir_Cos": 0.5472866178929346
        },
        "MAE": {
            "Temperature": 1.090757018137228,
            "Precipitation_accumulated": 6.262154988938537,
            "Humidity": 2.3392429582497254,
            "Wind_Speed_kmh": 0.5653893944957423,
            "Soil_Moisture": 41.40925009314434,
            "Soil_Temperature": 1.1190540383335472,
            "Wind_Dir_Sin": 0.49484867741975647,
            "Wind_Dir_Cos": 0.4445830074976126
        },
        "R2": {
            "Temperature": 0.9313872018758387,
            "Precipitation_accumulated": -11.863378446543429,
            "Humidity": 0.9268344761721456,
            "Wind_Speed_kmh": 0.5837301634889531,
            "Soil_Moisture": 0.9524255226841462,
            "Soil_Temperature": 0.8611032185196632,
            "Wind_Dir_Sin": 0.33884483592917725,
            "Wind_Dir_Cos": 0.19082894190415378
        },
        "SMAPE": {
            "Temperature": 22.532301895080778,
            "Precipitation_accumulated": 1.3571313476096825,
            "Humidity": 2.7761642959788024,
            "Wind_Speed_kmh": 57.81403446960509,
            "Soil_Moisture": 0.4839052429460047,
            "Soil_Temperature": 16.633419184295743,
            "Wind_Dir_Sin": 99.3094108711317,
            "Wind_Dir_Cos": 111.40867490186773
        }
    }
}