{
    "trial_number": 31,
    "overall_smape_val": 29.550418557682995,
    "xgb_params": {
        "boosting_type": "gbdt",
        "n_estimators": 550,
        "learning_rate": 0.04290581472765953,
        "num_leaves": 105,
        "max_depth": 11,
        "min_child_samples": 10,
        "subsample": 0.95,
        "feature_fraction": 0.75,
        "reg_alpha": 0.02505773884953176,
        "reg_lambda": 0.034815346059727116,
        "random_state": 42,
        "n_jobs": -1
    },
    "metrics": {
        "MSE": {
            "Temperature": 0.010930655623978063,
            "Precipitation_accumulated": 0.006714998078024942,
            "Humidity": 0.11539535310164377,
            "Wind_Speed_kmh": 0.00018677606381714993,
            "Soil_Moisture": 513.1702522156127,
            "Soil_Temperature": 0.00607202538667243,
            "Wind_Dir_Sin": 0.00015920728329926506,
            "Wind_Dir_Cos": 7.158340077804397e-05
        },
        "RMSE": {
            "Temperature": 0.10454977581983647,
            "Precipitation_accumulated": 0.08194509184829157,
            "Humidity": 0.3396989153671877,
            "Wind_Speed_kmh": 0.013666603960646184,
            "Soil_Moisture": 22.65326140350684,
            "Soil_Temperature": 0.0779232018507481,
            "Wind_Dir_Sin": 0.01261773685330555,
            "Wind_Dir_Cos": 0.00846069741676441
        },
        "MAE": {
            "Temperature": 0.05372857748615711,
            "Precipitation_accumulated": 0.030966349167176648,
            "Humidity": 0.1512257538283095,
            "Wind_Speed_kmh": 0.0038059853210169236,
            "Soil_Moisture": 5.187892239536974,
            "Soil_Temperature": 0.03590521769525035,
            "Wind_Dir_Sin": 0.003311004927466006,
            "Wind_Dir_Cos": 0.0021019258472874556
        },
        "R2": {
            "Temperature": 0.9967892072916097,
            "Precipitation_accumulated": 0.9929252030283646,
            "Humidity": 0.9982254689476765,
            "Wind_Speed_kmh": 0.9994511559281107,
            "Soil_Moisture": 0.999306498727901,
            "Soil_Temperature": 0.9989180683525537,
            "Wind_Dir_Sin": 0.9990087891425047,
            "Wind_Dir_Cos": 0.9997506612510721
        },
        "SMAPE": {
            "Temperature": 0.9132600712982967,
            "Precipitation_accumulated": 0.006721859209414641,
            "Humidity": 0.1811193833007467,
            "Wind_Speed_kmh": 117.40927546924867,
            "Soil_Moisture": 0.08270094280990081,
            "Soil_Temperature": 2.219947521883419,
            "Wind_Dir_Sin": 113.09386629363746,
            "Wind_Dir_Cos": 2.49645692007634
        }
    }
}