{
    "trial_number": 44,
    "overall_mae_val": 0.07820055348512468,
    "params": {
        "boosting_type": "gbdt",
        "n_estimators": 750,
        "learning_rate": 0.007193646189348358,
        "num_leaves": 40,
        "max_depth": 6,
        "min_child_samples": 40,
        "subsample": 0.65,
        "feature_fraction": 0.9,
        "reg_alpha": 0.002343190322950898,
        "reg_lambda": 0.004621994720724415,
        "random_state": 42,
        "n_jobs": -1
    },
    "metrics": {
        "MSE": {
            "Temperature": 2.1667565995133264,
            "Precipitation_accumulated": 20.78751008622773,
            "Humidity": 10.240153333704253,
            "Wind_Speed_kmh": 0.5461024876279741,
            "Soil_Moisture": 2567.24384010523,
            "Soil_Temperature": 0.4308379124564719,
            "Wind_Dir_Sin": 0.3694738721212078,
            "Wind_Dir_Cos": 0.3064752279217303
        },
        "RMSE": {
            "Temperature": 1.4719906927400481,
            "Precipitation_accumulated": 4.559332197397743,
            "Humidity": 3.200023958301602,
            "Wind_Speed_kmh": 0.7389874746083144,
            "Soil_Moisture": 50.667976475336275,
            "Soil_Temperature": 0.6563824437448582,
            "Wind_Dir_Sin": 0.6078436247269587,
            "Wind_Dir_Cos": 0.5536020483359236
        },
        "MAE": {
            "Temperature": 1.0785242500729262,
            "Precipitation_accumulated": 3.6091351958841695,
            "Humidity": 2.207584294538616,
            "Wind_Speed_kmh": 0.5537563912564896,
            "Soil_Moisture": 39.1735626283945,
            "Soil_Temperature": 0.4850567210235825,
            "Wind_Dir_Sin": 0.499082181241135,
            "Wind_Dir_Cos": 0.44441619991938874
        },
        "R2": {
            "Temperature": 0.9290348376098174,
            "Precipitation_accumulated": -5.011004398869964,
            "Humidity": 0.9301420108045905,
            "Wind_Speed_kmh": 0.5957642791339066,
            "Soil_Moisture": 0.955847851063772,
            "Soil_Temperature": 0.9733692279873902,
            "Wind_Dir_Sin": 0.3278122780428684,
            "Wind_Dir_Cos": 0.16759680105844288
        },
        "SMAPE": {
            "Temperature": 21.18450536528695,
            "Precipitation_accumulated": 0.7802090109310685,
            "Humidity": 2.6830827902494914,
            "Wind_Speed_kmh": 57.03876858404259,
            "Soil_Moisture": 0.4592078632428356,
            "Soil_Temperature": 9.072161330967557,
            "Wind_Dir_Sin": 99.13418819760017,
            "Wind_Dir_Cos": 109.3773873704074
        }
    }
}