{
    "trial_number": 0,
    "overall_mae_val": 0.22013310927478452,
    "params": {
        "boosting_type": "dart",
        "n_estimators": 550,
        "learning_rate": 0.008222117556215833,
        "num_leaves": 85,
        "max_depth": 7,
        "min_child_samples": 20,
        "subsample": 1.0,
        "feature_fraction": 1.0,
        "reg_alpha": 0.00017359336453900135,
        "reg_lambda": 2.800244429734791e-05,
        "random_state": 42,
        "n_jobs": -1
    },
    "metrics": {
        "MSE": {
            "Temperature": 12.688267360912798,
            "Precipitation_accumulated": 30451.676193143907,
            "Humidity": 717.666005308603,
            "Wind_Speed_kmh": 1.0309062827610322,
            "Soil_Moisture": 1482868.8644235046,
            "Soil_Temperature": 7.54872223662276,
            "Wind_Dir_Sin": 0.5989522324721893,
            "Wind_Dir_Cos": 0.3781636811175601
        },
        "RMSE": {
            "Temperature": 3.5620594269204435,
            "Precipitation_accumulated": 174.50408646545762,
            "Humidity": 26.789289003417075,
            "Wind_Speed_kmh": 1.0153355518059202,
            "Soil_Moisture": 1217.7310312312422,
            "Soil_Temperature": 2.7474938101154587,
            "Wind_Dir_Sin": 0.7739200426867038,
            "Wind_Dir_Cos": 0.6149501452293187
        },
        "MAE": {
            "Temperature": 2.8365007312353665,
            "Precipitation_accumulated": 174.49394227375302,
            "Humidity": 26.261017617102826,
            "Wind_Speed_kmh": 0.7613817274473419,
            "Soil_Moisture": 1213.912303828497,
            "Soil_Temperature": 2.414958019067804,
            "Wind_Dir_Sin": 0.6659000680704601,
            "Wind_Dir_Cos": 0.4924299757205703
        },
        "R2": {
            "Temperature": 0.582965332289749,
            "Precipitation_accumulated": -8600.432415236015,
            "Humidity": -3.911158403846965,
            "Wind_Speed_kmh": 0.2362659058985731,
            "Soil_Moisture": -23.206126084654056,
            "Soil_Temperature": 0.5339136724246558,
            "Wind_Dir_Sin": -0.09203605966017636,
            "Wind_Dir_Cos": -0.02162261861970749
        },
        "SMAPE": {
            "Temperature": 39.346442694255266,
            "Precipitation_accumulated": 46.26136949632355,
            "Humidity": 35.14411680142175,
            "Wind_Speed_kmh": 76.25687385512175,
            "Soil_Moisture": 15.227755046303079,
            "Soil_Temperature": 37.63236414162269,
            "Wind_Dir_Sin": 141.48561510486098,
            "Wind_Dir_Cos": 109.51889410379736
        }
    }
}