{
    "trial_number": 37,
    "overall_smape_val": 46.16058633846091,
    "xgb_params": {
        "boosting_type": "dart",
        "n_estimators": 700,
        "learning_rate": 0.019695171183045864,
        "num_leaves": 90,
        "max_depth": 11,
        "min_child_samples": 15,
        "subsample": 1.0,
        "feature_fraction": 0.75,
        "reg_alpha": 0.0028754581019071884,
        "reg_lambda": 0.8455197679449794,
        "random_state": 42,
        "n_jobs": -1
    },
    "metrics": {
        "MSE": {
            "Temperature": 0.5510435246554547,
            "Precipitation_accumulated": 2490.6238576927894,
            "Humidity": 56.336486418195214,
            "Wind_Speed_kmh": 0.023721440432755633,
            "Soil_Moisture": 19761.79269826359,
            "Soil_Temperature": 0.6285254147564233,
            "Wind_Dir_Sin": 0.02990214394529841,
            "Wind_Dir_Cos": 0.04559079950035331
        },
        "RMSE": {
            "Temperature": 0.7423230594932739,
            "Precipitation_accumulated": 49.90615049964072,
            "Humidity": 7.50576354664835,
            "Wind_Speed_kmh": 0.1540176627298169,
            "Soil_Moisture": 140.57664350191178,
            "Soil_Temperature": 0.7927959477421812,
            "Wind_Dir_Sin": 0.17292236392467694,
            "Wind_Dir_Cos": 0.21352002131030548
        },
        "MAE": {
            "Temperature": 0.6451597795316639,
            "Precipitation_accumulated": 49.898478689090666,
            "Humidity": 7.349726262485748,
            "Wind_Speed_kmh": 0.0659035648474455,
            "Soil_Moisture": 78.62718253258781,
            "Soil_Temperature": 0.7482053045153333,
            "Wind_Dir_Sin": 0.14458542802342603,
            "Wind_Dir_Cos": 0.20211382350864943
        },
        "R2": {
            "Temperature": 0.8381353697496214,
            "Precipitation_accumulated": -2623.074932136162,
            "Humidity": 0.1336666352601784,
            "Wind_Speed_kmh": 0.930294216014014,
            "Soil_Moisture": 0.9732937980796201,
            "Soil_Temperature": 0.8880074614078706,
            "Wind_Dir_Sin": 0.8138318227235005,
            "Wind_Dir_Cos": 0.8411984791657494
        },
        "SMAPE": {
            "Temperature": 10.416965816652816,
            "Precipitation_accumulated": 11.482590033109787,
            "Humidity": 9.134218490090138,
            "Wind_Speed_kmh": 138.78077934883117,
            "Soil_Moisture": 1.1610608399055735,
            "Soil_Temperature": 13.973764631612283,
            "Wind_Dir_Sin": 149.016918610054,
            "Wind_Dir_Cos": 35.31839293743126
        }
    }
}