{
    "trial_number": 28,
    "overall_mae_val": 0.07808385251044007,
    "params": {
        "boosting_type": "gbdt",
        "n_estimators": 200,
        "learning_rate": 0.02088856966049797,
        "num_leaves": 90,
        "max_depth": 9,
        "min_child_samples": 50,
        "subsample": 0.75,
        "feature_fraction": 0.95,
        "reg_alpha": 0.3496054154290102,
        "reg_lambda": 0.01167634625067415,
        "random_state": 42,
        "n_jobs": -1
    },
    "metrics": {
        "MSE": {
            "Temperature": 1.9493693514991133,
            "Precipitation_accumulated": 61.66639937474276,
            "Humidity": 8.904495790466294,
            "Wind_Speed_kmh": 0.5408834102923856,
            "Soil_Moisture": 2381.662694933744,
            "Soil_Temperature": 0.6348538406260275,
            "Wind_Dir_Sin": 0.36163371523816923,
            "Wind_Dir_Cos": 0.3057821679229472
        },
        "RMSE": {
            "Temperature": 1.3961981777309098,
            "Precipitation_accumulated": 7.852795640709286,
            "Humidity": 2.984040179097174,
            "Wind_Speed_kmh": 0.7354477617699204,
            "Soil_Moisture": 48.80228165704698,
            "Soil_Temperature": 0.796777158699989,
            "Wind_Dir_Sin": 0.601359888285018,
            "Wind_Dir_Cos": 0.5529757390003175
        },
        "MAE": {
            "Temperature": 1.0316477883503108,
            "Precipitation_accumulated": 7.627407964969728,
            "Humidity": 2.153098687912847,
            "Wind_Speed_kmh": 0.5504773779925511,
            "Soil_Moisture": 39.81566547977336,
            "Soil_Temperature": 0.5157989821961735,
            "Wind_Dir_Sin": 0.4841703850302682,
            "Wind_Dir_Cos": 0.44311427490936733
        },
        "R2": {
            "Temperature": 0.9362096867002199,
            "Precipitation_accumulated": -16.725712735866548,
            "Humidity": 0.9392704156358058,
            "Wind_Speed_kmh": 0.600684281419174,
            "Soil_Moisture": 0.9595380188243815,
            "Soil_Temperature": 0.9608103280767003,
            "Wind_Dir_Sin": 0.3410646459467096,
            "Wind_Dir_Cos": 0.17280019430049964
        },
        "SMAPE": {
            "Temperature": 21.804665928423237,
            "Precipitation_accumulated": 1.6550069499037487,
            "Humidity": 2.5773628971541367,
            "Wind_Speed_kmh": 56.895016046185006,
            "Soil_Moisture": 0.46378971284952514,
            "Soil_Temperature": 8.01036102414025,
            "Wind_Dir_Sin": 95.6558416034835,
            "Wind_Dir_Cos": 107.48248552187603
        }
    }
}