{
    "trial_number": 19,
    "overall_mae_val": 0.07825604152071525,
    "params": {
        "boosting_type": "gbdt",
        "n_estimators": 250,
        "learning_rate": 0.026976559363170605,
        "num_leaves": 100,
        "max_depth": 9,
        "min_child_samples": 45,
        "subsample": 0.8,
        "feature_fraction": 0.9,
        "reg_alpha": 0.1997854481505167,
        "reg_lambda": 0.19845722628777063,
        "random_state": 42,
        "n_jobs": -1
    },
    "metrics": {
        "MSE": {
            "Temperature": 1.8115313856685709,
            "Precipitation_accumulated": 18.57187060900168,
            "Humidity": 9.129888551177128,
            "Wind_Speed_kmh": 0.5577874703194433,
            "Soil_Moisture": 1914.8498450523896,
            "Soil_Temperature": 1.1673370593421826,
            "Wind_Dir_Sin": 0.37023662711441274,
            "Wind_Dir_Cos": 0.3148518547231725
        },
        "RMSE": {
            "Temperature": 1.345931419377886,
            "Precipitation_accumulated": 4.30950932346151,
            "Humidity": 3.021570543802863,
            "Wind_Speed_kmh": 0.7468517057083309,
            "Soil_Moisture": 43.7589973040104,
            "Soil_Temperature": 1.0804337366734633,
            "Wind_Dir_Sin": 0.6084707282313692,
            "Wind_Dir_Cos": 0.561116614192783
        },
        "MAE": {
            "Temperature": 1.0129144701910386,
            "Precipitation_accumulated": 3.9053158352972535,
            "Humidity": 2.1365204021254116,
            "Wind_Speed_kmh": 0.5624489015790455,
            "Soil_Moisture": 31.906597178884848,
            "Soil_Temperature": 0.7079440233527283,
            "Wind_Dir_Sin": 0.4914248319448849,
            "Wind_Dir_Cos": 0.44873317285942615
        },
        "R2": {
            "Temperature": 0.9407008736111812,
            "Precipitation_accumulated": -4.30721452656965,
            "Humidity": 0.9377493174753431,
            "Wind_Speed_kmh": 0.5885711508545276,
            "Soil_Moisture": 0.9678851689513606,
            "Soil_Temperature": 0.9279576694245307,
            "Wind_Dir_Sin": 0.3252057405343546,
            "Wind_Dir_Cos": 0.14955666260164002
        },
        "SMAPE": {
            "Temperature": 21.526939687421155,
            "Precipitation_accumulated": 0.8436633360907516,
            "Humidity": 2.5528328999206833,
            "Wind_Speed_kmh": 58.00121007185874,
            "Soil_Moisture": 0.37473654863590594,
            "Soil_Temperature": 10.709714696864609,
            "Wind_Dir_Sin": 97.88957335063644,
            "Wind_Dir_Cos": 108.7694256758146
        }
    }
}