{
    "trial_number": 24,
    "overall_mae_val": 0.07887493796402881,
    "params": {
        "boosting_type": "gbdt",
        "n_estimators": 250,
        "learning_rate": 0.03700896620797011,
        "num_leaves": 95,
        "max_depth": 8,
        "min_child_samples": 30,
        "subsample": 0.75,
        "feature_fraction": 0.95,
        "reg_alpha": 0.06342293460821499,
        "reg_lambda": 0.1943087611375767,
        "random_state": 42,
        "n_jobs": -1
    },
    "metrics": {
        "MSE": {
            "Temperature": 1.8652424620407004,
            "Precipitation_accumulated": 17.753423894986756,
            "Humidity": 8.95006977530156,
            "Wind_Speed_kmh": 0.5651119408165629,
            "Soil_Moisture": 1940.139652203266,
            "Soil_Temperature": 1.203492214426589,
            "Wind_Dir_Sin": 0.37902901890066465,
            "Wind_Dir_Cos": 0.3186742092853149
        },
        "RMSE": {
            "Temperature": 1.3657387971499897,
            "Precipitation_accumulated": 4.21348120857169,
            "Humidity": 2.9916667219631203,
            "Wind_Speed_kmh": 0.7517392771543622,
            "Soil_Moisture": 44.04701638253454,
            "Soil_Temperature": 1.0970379275241986,
            "Wind_Dir_Sin": 0.6156533268818294,
            "Wind_Dir_Cos": 0.5645123641562821
        },
        "MAE": {
            "Temperature": 1.0154304068961215,
            "Precipitation_accumulated": 3.690916739048487,
            "Humidity": 2.0755741240022387,
            "Wind_Speed_kmh": 0.5614035676755063,
            "Soil_Moisture": 29.116299835177234,
            "Soil_Temperature": 0.7312574332841992,
            "Wind_Dir_Sin": 0.5050387636220655,
            "Wind_Dir_Cos": 0.4478369917836632
        },
        "R2": {
            "Temperature": 0.9389640546060705,
            "Precipitation_accumulated": -4.088146142111103,
            "Humidity": 0.9389676002165577,
            "Wind_Speed_kmh": 0.5835505554891358,
            "Soil_Moisture": 0.9672453936803183,
            "Soil_Temperature": 0.9257244889920018,
            "Wind_Dir_Sin": 0.3086880073836149,
            "Wind_Dir_Cos": 0.13908276809960385
        },
        "SMAPE": {
            "Temperature": 21.186614062302343,
            "Precipitation_accumulated": 0.7971456317013567,
            "Humidity": 2.4997856285304074,
            "Wind_Speed_kmh": 58.278537182653416,
            "Soil_Moisture": 0.3443415796165759,
            "Soil_Temperature": 11.372038189299317,
            "Wind_Dir_Sin": 101.67918195079409,
            "Wind_Dir_Cos": 108.32971895090628
        }
    }
}