{
    "trial_number": 3,
    "overall_mae_val": 0.08199216465717099,
    "params": {
        "boosting_type": "gbdt",
        "n_estimators": 300,
        "learning_rate": 0.06498271280058208,
        "num_leaves": 95,
        "max_depth": 8,
        "min_child_samples": 15,
        "subsample": 0.7,
        "feature_fraction": 1.0,
        "reg_alpha": 0.0014022797488291527,
        "reg_lambda": 0.10766720339480333,
        "random_state": 42,
        "n_jobs": -1
    },
    "metrics": {
        "MSE": {
            "Temperature": 2.1662104728917293,
            "Precipitation_accumulated": 15.304805575696678,
            "Humidity": 10.229136577791285,
            "Wind_Speed_kmh": 0.5731175255746895,
            "Soil_Moisture": 2993.986824810239,
            "Soil_Temperature": 2.5619751806841387,
            "Wind_Dir_Sin": 0.3922099620280425,
            "Wind_Dir_Cos": 0.33088311786908614
        },
        "RMSE": {
            "Temperature": 1.471805174909957,
            "Precipitation_accumulated": 3.912135679612439,
            "Humidity": 3.19830213985347,
            "Wind_Speed_kmh": 0.7570452599248538,
            "Soil_Moisture": 54.71733568815498,
            "Soil_Temperature": 1.600617124950292,
            "Wind_Dir_Sin": 0.6262666860276399,
            "Wind_Dir_Cos": 0.575224406531126
        },
        "MAE": {
            "Temperature": 1.0942068310196509,
            "Precipitation_accumulated": 3.4321269003289747,
            "Humidity": 2.195116364539824,
            "Wind_Speed_kmh": 0.5730730350738763,
            "Soil_Moisture": 35.16175595586765,
            "Soil_Temperature": 1.083538677434766,
            "Wind_Dir_Sin": 0.5164333872872672,
            "Wind_Dir_Cos": 0.46053319133449405
        },
        "R2": {
            "Temperature": 0.9289628208942221,
            "Precipitation_accumulated": -3.348014269991687,
            "Humidity": 0.9301626878590119,
            "Wind_Speed_kmh": 0.5764108659644106,
            "Soil_Moisture": 0.9504561958362782,
            "Soil_Temperature": 0.8418023947970965,
            "Wind_Dir_Sin": 0.2854341145699979,
            "Wind_Dir_Cos": 0.10650917982438557
        },
        "SMAPE": {
            "Temperature": 21.152209638935553,
            "Precipitation_accumulated": 0.7409608747430929,
            "Humidity": 2.6661908877395097,
            "Wind_Speed_kmh": 58.66481041183099,
            "Soil_Moisture": 0.41715268816319534,
            "Soil_Temperature": 15.543220919173605,
            "Wind_Dir_Sin": 105.13038665522807,
            "Wind_Dir_Cos": 110.90581275779867
        }
    }
}