{
    "trial_number": 17,
    "overall_mae_val": 0.08281668477172385,
    "params": {
        "boosting_type": "gbdt",
        "n_estimators": 500,
        "learning_rate": 0.09191466503636757,
        "num_leaves": 125,
        "max_depth": 9,
        "min_child_samples": 40,
        "subsample": 1.0,
        "feature_fraction": 0.9,
        "reg_alpha": 0.0002643839513961379,
        "reg_lambda": 0.956487342541524,
        "random_state": 42,
        "n_jobs": -1
    },
    "metrics": {
        "MSE": {
            "Temperature": 2.17786426526997,
            "Precipitation_accumulated": 19.914677929882203,
            "Humidity": 10.17202198134513,
            "Wind_Speed_kmh": 0.6027866101914102,
            "Soil_Moisture": 5869.130579969898,
            "Soil_Temperature": 1.7018812271359494,
            "Wind_Dir_Sin": 0.3928279339337855,
            "Wind_Dir_Cos": 0.32916198914530614
        },
        "RMSE": {
            "Temperature": 1.475758877754076,
            "Precipitation_accumulated": 4.462586461894291,
            "Humidity": 3.18936074807243,
            "Wind_Speed_kmh": 0.7763933347159867,
            "Soil_Moisture": 76.61025114154043,
            "Soil_Temperature": 1.3045616992445965,
            "Wind_Dir_Sin": 0.6267598694346866,
            "Wind_Dir_Cos": 0.5737264061774621
        },
        "MAE": {
            "Temperature": 1.1090224603082761,
            "Precipitation_accumulated": 3.8797912792051643,
            "Humidity": 2.2278627703297254,
            "Wind_Speed_kmh": 0.5899292667239715,
            "Soil_Moisture": 61.605928832200775,
            "Soil_Temperature": 0.8904452267633799,
            "Wind_Dir_Sin": 0.5163678003096573,
            "Wind_Dir_Cos": 0.46190484524892905
        },
        "R2": {
            "Temperature": 0.9286176229052137,
            "Precipitation_accumulated": -4.665903866459535,
            "Humidity": 0.9305946454642952,
            "Wind_Speed_kmh": 0.5547498883528661,
            "Soil_Moisture": 0.9025450872648634,
            "Soil_Temperature": 0.894933529889146,
            "Wind_Dir_Sin": 0.28443080308253454,
            "Wind_Dir_Cos": 0.11077069115167326
        },
        "SMAPE": {
            "Temperature": 22.502523701722744,
            "Precipitation_accumulated": 0.8381769514693952,
            "Humidity": 2.6831979039370406,
            "Wind_Speed_kmh": 59.31555947555645,
            "Soil_Moisture": 0.7166253769027154,
            "Soil_Temperature": 14.4819659138699,
            "Wind_Dir_Sin": 106.3662897754117,
            "Wind_Dir_Cos": 112.4328822245304
        }
    }
}