{
    "trial_number": 19,
    "overall_smape_val": 33.082249089434185,
    "xgb_params": {
        "boosting_type": "gbdt",
        "n_estimators": 500,
        "learning_rate": 0.02827833306324389,
        "num_leaves": 145,
        "max_depth": 10,
        "min_child_samples": 20,
        "subsample": 1.0,
        "feature_fraction": 0.75,
        "reg_alpha": 0.009243090533846138,
        "reg_lambda": 0.00025648130384439,
        "random_state": 42,
        "n_jobs": -1
    },
    "metrics": {
        "MSE": {
            "Temperature": 0.07346330303811816,
            "Precipitation_accumulated": 0.01042793772171235,
            "Humidity": 0.6150250301163063,
            "Wind_Speed_kmh": 0.003555774376566757,
            "Soil_Moisture": 3083.286733270278,
            "Soil_Temperature": 0.011574990707132549,
            "Wind_Dir_Sin": 0.0026785690814604413,
            "Wind_Dir_Cos": 0.0019332697947178964
        },
        "RMSE": {
            "Temperature": 0.27104114639315957,
            "Precipitation_accumulated": 0.10211727435508818,
            "Humidity": 0.7842353155248151,
            "Wind_Speed_kmh": 0.05963031424172404,
            "Soil_Moisture": 55.52735121784829,
            "Soil_Temperature": 0.10758713076912382,
            "Wind_Dir_Sin": 0.05175489427542521,
            "Wind_Dir_Cos": 0.04396896399413905
        },
        "MAE": {
            "Temperature": 0.11532059857558997,
            "Precipitation_accumulated": 0.029896611480240854,
            "Humidity": 0.2944929081704107,
            "Wind_Speed_kmh": 0.020546579273014,
            "Soil_Moisture": 9.02253195035449,
            "Soil_Temperature": 0.05217437065083256,
            "Wind_Dir_Sin": 0.01986072089379564,
            "Wind_Dir_Cos": 0.016168349474890275
        },
        "R2": {
            "Temperature": 0.978420742008226,
            "Precipitation_accumulated": 0.9890133189381832,
            "Humidity": 0.9905422446869568,
            "Wind_Speed_kmh": 0.9895513073374071,
            "Soil_Moisture": 0.9958332283242511,
            "Soil_Temperature": 0.9979375335300094,
            "Wind_Dir_Sin": 0.9833234591968752,
            "Wind_Dir_Cos": 0.9932660495769164
        },
        "SMAPE": {
            "Temperature": 1.8902888909500395,
            "Precipitation_accumulated": 0.006488744296345087,
            "Humidity": 0.3530827469919786,
            "Wind_Speed_kmh": 129.2330600875937,
            "Soil_Moisture": 0.14428746273704468,
            "Soil_Temperature": 3.2915416179513626,
            "Wind_Dir_Sin": 122.26664564756241,
            "Wind_Dir_Cos": 7.47259751739034
        }
    }
}