{
    "trial_number": 45,
    "overall_mae_val": 0.07838097292910307,
    "params": {
        "boosting_type": "gbdt",
        "n_estimators": 650,
        "learning_rate": 0.0060138780670268436,
        "num_leaves": 20,
        "max_depth": 5,
        "min_child_samples": 40,
        "subsample": 0.75,
        "feature_fraction": 1.0,
        "reg_alpha": 0.005430328702479484,
        "reg_lambda": 0.0019078784442488736,
        "random_state": 42,
        "n_jobs": -1
    },
    "metrics": {
        "MSE": {
            "Temperature": 2.037785258992734,
            "Precipitation_accumulated": 54.66906426336174,
            "Humidity": 9.550812955468169,
            "Wind_Speed_kmh": 0.5417465651603858,
            "Soil_Moisture": 3027.61696195563,
            "Soil_Temperature": 0.5685365388126368,
            "Wind_Dir_Sin": 0.3586028123165954,
            "Wind_Dir_Cos": 0.30789005972234545
        },
        "RMSE": {
            "Temperature": 1.4275101607318716,
            "Precipitation_accumulated": 7.393853140505412,
            "Humidity": 3.090438958379241,
            "Wind_Speed_kmh": 0.7360343505301813,
            "Soil_Moisture": 55.023785420085645,
            "Soil_Temperature": 0.7540136197792695,
            "Wind_Dir_Sin": 0.5988345450260827,
            "Wind_Dir_Cos": 0.554878418865201
        },
        "MAE": {
            "Temperature": 1.060122750796988,
            "Precipitation_accumulated": 6.834594243175656,
            "Humidity": 2.246280959285375,
            "Wind_Speed_kmh": 0.5535902476142526,
            "Soil_Moisture": 47.68872291440725,
            "Soil_Temperature": 0.48319121081400146,
            "Wind_Dir_Sin": 0.4831983036368915,
            "Wind_Dir_Cos": 0.44558614466394214
        },
        "R2": {
            "Temperature": 0.9332921955445858,
            "Precipitation_accumulated": -14.761071925507565,
            "Humidity": 0.9348536866858987,
            "Wind_Speed_kmh": 0.5988224026406406,
            "Soil_Moisture": 0.9482481832178447,
            "Soil_Temperature": 0.9648861237390636,
            "Wind_Dir_Sin": 0.34706007269304895,
            "Wind_Dir_Cos": 0.16553262612042363
        },
        "SMAPE": {
            "Temperature": 21.655315194933653,
            "Precipitation_accumulated": 1.482397528890428,
            "Humidity": 2.70477885136284,
            "Wind_Speed_kmh": 57.0445109953605,
            "Soil_Moisture": 0.5560548290126498,
            "Soil_Temperature": 7.588306729248523,
            "Wind_Dir_Sin": 95.54812924525336,
            "Wind_Dir_Cos": 109.25140866771811
        }
    }
}