{
    "trial_number": 30,
    "overall_mae_val": 0.08110273173619162,
    "params": {
        "boosting_type": "gbdt",
        "n_estimators": 200,
        "learning_rate": 0.02089134402703174,
        "num_leaves": 90,
        "max_depth": 8,
        "min_child_samples": 10,
        "subsample": 0.65,
        "feature_fraction": 0.8,
        "reg_alpha": 0.9439036841190392,
        "reg_lambda": 0.009887599542108482,
        "random_state": 42,
        "n_jobs": -1
    },
    "metrics": {
        "MSE": {
            "Temperature": 2.521213147475972,
            "Precipitation_accumulated": 73.82042091836114,
            "Humidity": 10.512255476619144,
            "Wind_Speed_kmh": 0.5760334600812165,
            "Soil_Moisture": 2216.368659019065,
            "Soil_Temperature": 0.7814250731331259,
            "Wind_Dir_Sin": 0.3684713142030149,
            "Wind_Dir_Cos": 0.3058416867646166
        },
        "RMSE": {
            "Temperature": 1.5878328462013789,
            "Precipitation_accumulated": 8.5918811047617,
            "Humidity": 3.242260858817369,
            "Wind_Speed_kmh": 0.7589686818843163,
            "Soil_Moisture": 47.07832472613129,
            "Soil_Temperature": 0.8839825072551639,
            "Wind_Dir_Sin": 0.6070183804490724,
            "Wind_Dir_Cos": 0.5530295532470363
        },
        "MAE": {
            "Temperature": 1.201988358515584,
            "Precipitation_accumulated": 8.384909048000186,
            "Humidity": 2.4643345556164293,
            "Wind_Speed_kmh": 0.5699907443148674,
            "Soil_Moisture": 35.41330110629115,
            "Soil_Temperature": 0.6137170137039633,
            "Wind_Dir_Sin": 0.49926694008888667,
            "Wind_Dir_Cos": 0.4495956255599087
        },
        "R2": {
            "Temperature": 0.9175037277772611,
            "Precipitation_accumulated": -20.18806973082971,
            "Humidity": 0.9283100609548447,
            "Wind_Speed_kmh": 0.5757130128602423,
            "Soil_Moisture": 0.9624614775805882,
            "Soil_Temperature": 0.9517695174918055,
            "Wind_Dir_Sin": 0.32828885070810243,
            "Wind_Dir_Cos": 0.1736587903740846
        },
        "SMAPE": {
            "Temperature": 24.51099866229885,
            "Precipitation_accumulated": 1.820957565744607,
            "Humidity": 2.9439275069868223,
            "Wind_Speed_kmh": 57.88062729831814,
            "Soil_Moisture": 0.41299817725683635,
            "Soil_Temperature": 9.681613350948767,
            "Wind_Dir_Sin": 101.07224520257692,
            "Wind_Dir_Cos": 111.11977937240047
        }
    }
}