{
    "trial_number": 50,
    "overall_mae_val": 0.07739756946208007,
    "params": {
        "boosting_type": "gbdt",
        "n_estimators": 700,
        "learning_rate": 0.007844225008469883,
        "num_leaves": 20,
        "max_depth": 6,
        "min_child_samples": 30,
        "subsample": 0.75,
        "feature_fraction": 0.9,
        "reg_alpha": 0.0018120211464547147,
        "reg_lambda": 1.626577818543929e-05,
        "random_state": 42,
        "n_jobs": -1
    },
    "metrics": {
        "MSE": {
            "Temperature": 1.890134013023458,
            "Precipitation_accumulated": 18.394807265418383,
            "Humidity": 9.415978870570223,
            "Wind_Speed_kmh": 0.5468100744686573,
            "Soil_Moisture": 2277.684097238406,
            "Soil_Temperature": 0.6977500957282784,
            "Wind_Dir_Sin": 0.3585488545969368,
            "Wind_Dir_Cos": 0.30986393159993136
        },
        "RMSE": {
            "Temperature": 1.3748214476881928,
            "Precipitation_accumulated": 4.288916793949071,
            "Humidity": 3.0685467033386056,
            "Wind_Speed_kmh": 0.7394660739132373,
            "Soil_Moisture": 47.72508876092748,
            "Soil_Temperature": 0.8353143694012922,
            "Wind_Dir_Sin": 0.5987894910541908,
            "Wind_Dir_Cos": 0.556654229841049
        },
        "MAE": {
            "Temperature": 1.0130763769402333,
            "Precipitation_accumulated": 3.861555889584458,
            "Humidity": 2.189002085379565,
            "Wind_Speed_kmh": 0.5540076970109234,
            "Soil_Moisture": 36.11921953234643,
            "Soil_Temperature": 0.5723691415642351,
            "Wind_Dir_Sin": 0.4836416487618852,
            "Wind_Dir_Cos": 0.4475469806873151
        },
        "R2": {
            "Temperature": 0.9381256245824351,
            "Precipitation_accumulated": -4.303216440095699,
            "Humidity": 0.9357733930586587,
            "Wind_Speed_kmh": 0.5950727406600469,
            "Soil_Moisture": 0.9610669739372274,
            "Soil_Temperature": 0.9569056536390291,
            "Wind_Dir_Sin": 0.3471583182960992,
            "Wind_Dir_Cos": 0.16018288639985834
        },
        "SMAPE": {
            "Temperature": 20.640099057207912,
            "Precipitation_accumulated": 0.8341961419062852,
            "Humidity": 2.642469465320672,
            "Wind_Speed_kmh": 57.169162783759276,
            "Soil_Moisture": 0.42358187028091876,
            "Soil_Temperature": 9.501742334465849,
            "Wind_Dir_Sin": 96.0422329146904,
            "Wind_Dir_Cos": 109.26437566691979
        }
    }
}