{
    "trial_number": 76,
    "overall_mae_val": 0.08077948396337403,
    "params": {
        "boosting_type": "gbdt",
        "n_estimators": 600,
        "learning_rate": 0.06683790850747291,
        "num_leaves": 20,
        "max_depth": 7,
        "min_child_samples": 30,
        "subsample": 1.0,
        "feature_fraction": 0.95,
        "reg_alpha": 0.00010846160062476468,
        "reg_lambda": 0.00021349530233615225,
        "random_state": 42,
        "n_jobs": -1
    },
    "metrics": {
        "MSE": {
            "Temperature": 1.951777155769988,
            "Precipitation_accumulated": 19.30532974737696,
            "Humidity": 9.7271948286091,
            "Wind_Speed_kmh": 0.5898229743583403,
            "Soil_Moisture": 3520.6725645315432,
            "Soil_Temperature": 1.1350647198858796,
            "Wind_Dir_Sin": 0.38427972242514297,
            "Wind_Dir_Cos": 0.3267601869077998
        },
        "RMSE": {
            "Temperature": 1.3970601833027767,
            "Precipitation_accumulated": 4.393783079235587,
            "Humidity": 3.1188451113527744,
            "Wind_Speed_kmh": 0.7679993322642542,
            "Soil_Moisture": 59.33525566247729,
            "Soil_Temperature": 1.065394161747604,
            "Wind_Dir_Sin": 0.6199029943669759,
            "Wind_Dir_Cos": 0.5716294139631023
        },
        "MAE": {
            "Temperature": 1.0590467098092577,
            "Precipitation_accumulated": 3.830801429219188,
            "Humidity": 2.2467426458464868,
            "Wind_Speed_kmh": 0.5818337392056828,
            "Soil_Moisture": 43.5890811311549,
            "Soil_Temperature": 0.7656471276485414,
            "Wind_Dir_Sin": 0.5059551701575727,
            "Wind_Dir_Cos": 0.45725115180902925
        },
        "R2": {
            "Temperature": 0.9361246831334413,
            "Precipitation_accumulated": -4.524844458599701,
            "Humidity": 0.9336724809576753,
            "Wind_Speed_kmh": 0.5652006033734122,
            "Soil_Moisture": 0.940759434714618,
            "Soil_Temperature": 0.9299501835777157,
            "Wind_Dir_Sin": 0.29917487427167555,
            "Wind_Dir_Cos": 0.11718843785417998
        },
        "SMAPE": {
            "Temperature": 21.810092011043846,
            "Precipitation_accumulated": 0.8275407119318166,
            "Humidity": 2.698754090940501,
            "Wind_Speed_kmh": 59.13402054025798,
            "Soil_Moisture": 0.5102514149379085,
            "Soil_Temperature": 13.500073269288558,
            "Wind_Dir_Sin": 101.98118916645004,
            "Wind_Dir_Cos": 110.51734096493814
        }
    }
}