{
    "trial_number": 6,
    "overall_smape_val": 34.62468937070929,
    "xgb_params": {
        "boosting_type": "dart",
        "n_estimators": 700,
        "learning_rate": 0.07223944564989573,
        "num_leaves": 75,
        "max_depth": 9,
        "min_child_samples": 30,
        "subsample": 0.95,
        "feature_fraction": 0.95,
        "reg_alpha": 0.00013267885761193455,
        "reg_lambda": 0.001181622723315006,
        "random_state": 42,
        "n_jobs": -1
    },
    "metrics": {
        "MSE": {
            "Temperature": 0.0894213352719727,
            "Precipitation_accumulated": 80.93658494287493,
            "Humidity": 2.630376864395102,
            "Wind_Speed_kmh": 0.007748938950677373,
            "Soil_Moisture": 4885.891185629079,
            "Soil_Temperature": 0.030776076652650145,
            "Wind_Dir_Sin": 0.00662171410329801,
            "Wind_Dir_Cos": 0.00595238609130477
        },
        "RMSE": {
            "Temperature": 0.29903400353801357,
            "Precipitation_accumulated": 8.996476251448392,
            "Humidity": 1.6218436621311878,
            "Wind_Speed_kmh": 0.08802805774681942,
            "Soil_Moisture": 69.89915010662918,
            "Soil_Temperature": 0.17543111654621066,
            "Wind_Dir_Sin": 0.08137391537401903,
            "Wind_Dir_Cos": 0.0771517082850715
        },
        "MAE": {
            "Temperature": 0.17230265893797728,
            "Precipitation_accumulated": 8.995291659659202,
            "Humidity": 1.4127258717014266,
            "Wind_Speed_kmh": 0.03038845161857055,
            "Soil_Moisture": 19.297849943047243,
            "Soil_Temperature": 0.15312957595730145,
            "Wind_Dir_Sin": 0.04467318970431322,
            "Wind_Dir_Cos": 0.0534574031690586
        },
        "R2": {
            "Temperature": 0.9737331976102195,
            "Precipitation_accumulated": -84.27327921689896,
            "Humidity": 0.9595504905551013,
            "Wind_Speed_kmh": 0.9772296346780589,
            "Soil_Moisture": 0.993397178152978,
            "Soil_Temperature": 0.9945162265975005,
            "Wind_Dir_Sin": 0.9587737773146895,
            "Wind_Dir_Cos": 0.9792666947223746
        },
        "SMAPE": {
            "Temperature": 2.952473367414063,
            "Precipitation_accumulated": 1.9769795507077592,
            "Humidity": 1.6940223561405157,
            "Wind_Speed_kmh": 126.53713989085955,
            "Soil_Moisture": 0.28905869689125585,
            "Soil_Temperature": 4.654675849855533,
            "Wind_Dir_Sin": 124.97774489427027,
            "Wind_Dir_Cos": 13.915420359536075
        }
    }
}