{
    "trial_number": 28,
    "overall_smape_val": 32.32004019415518,
    "xgb_params": {
        "boosting_type": "gbdt",
        "n_estimators": 600,
        "learning_rate": 0.07258792990089902,
        "num_leaves": 45,
        "max_depth": 10,
        "min_child_samples": 50,
        "subsample": 0.9,
        "feature_fraction": 0.8,
        "reg_alpha": 0.18624806562919935,
        "reg_lambda": 0.00039883502061191625,
        "random_state": 42,
        "n_jobs": -1
    },
    "metrics": {
        "MSE": {
            "Temperature": 0.07573691414220922,
            "Precipitation_accumulated": 0.06218760690454411,
            "Humidity": 0.5778100827360283,
            "Wind_Speed_kmh": 0.0027270009291239274,
            "Soil_Moisture": 3696.6461830316825,
            "Soil_Temperature": 0.02447197310753712,
            "Wind_Dir_Sin": 0.0012353393717545983,
            "Wind_Dir_Cos": 0.0008502965756636898
        },
        "RMSE": {
            "Temperature": 0.2752034050338208,
            "Precipitation_accumulated": 0.24937443113628172,
            "Humidity": 0.7601381997610884,
            "Wind_Speed_kmh": 0.052220694452716036,
            "Soil_Moisture": 60.80005084727876,
            "Soil_Temperature": 0.1564352041822336,
            "Wind_Dir_Sin": 0.03514739494976261,
            "Wind_Dir_Cos": 0.029159845261312514
        },
        "MAE": {
            "Temperature": 0.14046092394847062,
            "Precipitation_accumulated": 0.1346149965905062,
            "Humidity": 0.3113184313379527,
            "Wind_Speed_kmh": 0.017279574280453007,
            "Soil_Moisture": 9.62295217076681,
            "Soil_Temperature": 0.0774759518127724,
            "Wind_Dir_Sin": 0.012410190741869937,
            "Wind_Dir_Cos": 0.011259365415776526
        },
        "R2": {
            "Temperature": 0.9777528869219568,
            "Precipitation_accumulated": 0.9344802950217783,
            "Humidity": 0.9911145301210048,
            "Wind_Speed_kmh": 0.9919866696866935,
            "Soil_Moisture": 0.9950043307861983,
            "Soil_Temperature": 0.9956395106254637,
            "Wind_Dir_Sin": 0.9923088832834808,
            "Wind_Dir_Cos": 0.9970382535323931
        },
        "SMAPE": {
            "Temperature": 2.4626460588500505,
            "Precipitation_accumulated": 0.029234703534620397,
            "Humidity": 0.3716064252874338,
            "Wind_Speed_kmh": 125.3940369665877,
            "Soil_Moisture": 0.1486362971777908,
            "Soil_Temperature": 5.018913693191026,
            "Wind_Dir_Sin": 118.35399998981931,
            "Wind_Dir_Cos": 6.781247418793247
        }
    }
}