{
    "trial_number": 38,
    "overall_mae_val": 0.07762237586678493,
    "params": {
        "boosting_type": "gbdt",
        "n_estimators": 800,
        "learning_rate": 0.018690957430610753,
        "num_leaves": 35,
        "max_depth": 5,
        "min_child_samples": 45,
        "subsample": 0.75,
        "feature_fraction": 0.9,
        "reg_alpha": 0.010994763088777523,
        "reg_lambda": 0.017611341388342198,
        "random_state": 42,
        "n_jobs": -1
    },
    "metrics": {
        "MSE": {
            "Temperature": 1.9824774805205974,
            "Precipitation_accumulated": 22.50292109364073,
            "Humidity": 9.387136008982159,
            "Wind_Speed_kmh": 0.5646053123861866,
            "Soil_Moisture": 2076.7867363615846,
            "Soil_Temperature": 0.7150410772741344,
            "Wind_Dir_Sin": 0.3696641689460623,
            "Wind_Dir_Cos": 0.3107982831936528
        },
        "RMSE": {
            "Temperature": 1.4080047871085515,
            "Precipitation_accumulated": 4.7437243905649416,
            "Humidity": 3.0638433394973315,
            "Wind_Speed_kmh": 0.7514022307567276,
            "Soil_Moisture": 45.571775655130935,
            "Soil_Temperature": 0.8456010154169248,
            "Wind_Dir_Sin": 0.6080001389358907,
            "Wind_Dir_Cos": 0.5574928548364121
        },
        "MAE": {
            "Temperature": 1.0273977397164142,
            "Precipitation_accumulated": 3.8137014261530293,
            "Humidity": 2.1216735016916957,
            "Wind_Speed_kmh": 0.5639701120373949,
            "Soil_Moisture": 32.325645737054586,
            "Soil_Temperature": 0.555330015867654,
            "Wind_Dir_Sin": 0.49143288323092726,
            "Wind_Dir_Cos": 0.44413779764471617
        },
        "R2": {
            "Temperature": 0.9351027202085076,
            "Precipitation_accumulated": -5.487584206349525,
            "Humidity": 0.9359701308763347,
            "Wind_Speed_kmh": 0.5818948983786121,
            "Soil_Moisture": 0.964500962959868,
            "Soil_Temperature": 0.9558377303922676,
            "Wind_Dir_Sin": 0.32691968018774975,
            "Wind_Dir_Cos": 0.15765053468510648
        },
        "SMAPE": {
            "Temperature": 20.618981111751193,
            "Precipitation_accumulated": 0.8243845079739777,
            "Humidity": 2.5667858603550373,
            "Wind_Speed_kmh": 58.24772634363153,
            "Soil_Moisture": 0.37977260352551023,
            "Soil_Temperature": 9.48808153509829,
            "Wind_Dir_Sin": 97.89642824743777,
            "Wind_Dir_Cos": 108.64763505578004
        }
    }
}