{
    "trial_number": 32,
    "overall_mae_val": 0.08333094575861577,
    "params": {
        "boosting_type": "gbdt",
        "n_estimators": 150,
        "learning_rate": 0.018936103718371632,
        "num_leaves": 60,
        "max_depth": 9,
        "min_child_samples": 50,
        "subsample": 0.75,
        "feature_fraction": 1.0,
        "reg_alpha": 0.24924856525846575,
        "reg_lambda": 0.06557928289033442,
        "random_state": 42,
        "n_jobs": -1
    },
    "metrics": {
        "MSE": {
            "Temperature": 2.555549379479747,
            "Precipitation_accumulated": 263.8735664505875,
            "Humidity": 10.422510476673548,
            "Wind_Speed_kmh": 0.5404098990695753,
            "Soil_Moisture": 9084.281792689386,
            "Soil_Temperature": 0.5621199851027536,
            "Wind_Dir_Sin": 0.3615763475749383,
            "Wind_Dir_Cos": 0.3079577675362137
        },
        "RMSE": {
            "Temperature": 1.5986085760684967,
            "Precipitation_accumulated": 16.244185619802167,
            "Humidity": 3.228391314056205,
            "Wind_Speed_kmh": 0.7351257709192185,
            "Soil_Moisture": 95.3114987432754,
            "Soil_Temperature": 0.7497466139321695,
            "Wind_Dir_Sin": 0.6013121881144089,
            "Wind_Dir_Cos": 0.55493942690731
        },
        "MAE": {
            "Temperature": 1.2343597780167739,
            "Precipitation_accumulated": 15.99786573380252,
            "Humidity": 2.499779879259527,
            "Wind_Speed_kmh": 0.5511425274990874,
            "Soil_Moisture": 89.18006500751844,
            "Soil_Temperature": 0.5375422915135026,
            "Wind_Dir_Sin": 0.4842131071345824,
            "Wind_Dir_Cos": 0.44897508566504196
        },
        "R2": {
            "Temperature": 0.9163429573699267,
            "Precipitation_accumulated": -75.0746560437317,
            "Humidity": 0.9289078179837944,
            "Wind_Speed_kmh": 0.5998122390794269,
            "Soil_Moisture": 0.844720090804003,
            "Soil_Temperature": 0.9652824220551947,
            "Wind_Dir_Sin": 0.3416458934709604,
            "Wind_Dir_Cos": 0.1653491191839519
        },
        "SMAPE": {
            "Temperature": 24.707375519945185,
            "Precipitation_accumulated": 3.5043166960613092,
            "Humidity": 2.975739625404415,
            "Wind_Speed_kmh": 56.87273784558082,
            "Soil_Moisture": 1.0392116907660083,
            "Soil_Temperature": 10.031157495662208,
            "Wind_Dir_Sin": 95.83238933121204,
            "Wind_Dir_Cos": 112.12822381448272
        }
    }
}