{
    "trial_number": 66,
    "overall_mae_val": 0.07797416376976929,
    "params": {
        "boosting_type": "gbdt",
        "n_estimators": 550,
        "learning_rate": 0.014652303668441556,
        "num_leaves": 20,
        "max_depth": 7,
        "min_child_samples": 30,
        "subsample": 0.9,
        "feature_fraction": 0.95,
        "reg_alpha": 0.00016690356926435488,
        "reg_lambda": 3.022355300049291e-05,
        "random_state": 42,
        "n_jobs": -1
    },
    "metrics": {
        "MSE": {
            "Temperature": 1.8821254003406793,
            "Precipitation_accumulated": 17.15273852872016,
            "Humidity": 8.99389950302936,
            "Wind_Speed_kmh": 0.5556398285122371,
            "Soil_Moisture": 1696.7325203866208,
            "Soil_Temperature": 1.2763962261840893,
            "Wind_Dir_Sin": 0.36662906470723083,
            "Wind_Dir_Cos": 0.31839228911696293
        },
        "RMSE": {
            "Temperature": 1.3719057549047162,
            "Precipitation_accumulated": 4.141586474857209,
            "Humidity": 2.998983078149885,
            "Wind_Speed_kmh": 0.7454125223741799,
            "Soil_Moisture": 41.191413187539716,
            "Soil_Temperature": 1.129777069241578,
            "Wind_Dir_Sin": 0.6054990212273104,
            "Wind_Dir_Cos": 0.5642626065201937
        },
        "MAE": {
            "Temperature": 1.0481698867369305,
            "Precipitation_accumulated": 3.631024424238742,
            "Humidity": 2.0909060621101965,
            "Wind_Speed_kmh": 0.5554900142258005,
            "Soil_Moisture": 28.68249733973294,
            "Soil_Temperature": 0.7306177040194387,
            "Wind_Dir_Sin": 0.48647339275437823,
            "Wind_Dir_Cos": 0.4519558920238483
        },
        "R2": {
            "Temperature": 0.9383390703632404,
            "Precipitation_accumulated": -3.887254285195776,
            "Humidity": 0.9386699634023922,
            "Wind_Speed_kmh": 0.589785553524252,
            "Soil_Moisture": 0.9717303309998276,
            "Soil_Temperature": 0.9212140315565303,
            "Wind_Dir_Sin": 0.33246018158246704,
            "Wind_Dir_Cos": 0.1398474292190508
        },
        "SMAPE": {
            "Temperature": 21.76105190007294,
            "Precipitation_accumulated": 0.7841290297476639,
            "Humidity": 2.5046021359003996,
            "Wind_Speed_kmh": 58.12092336957806,
            "Soil_Moisture": 0.3380226354547173,
            "Soil_Temperature": 11.372331312760279,
            "Wind_Dir_Sin": 96.84597246196978,
            "Wind_Dir_Cos": 109.9292847752371
        }
    }
}