{
    "trial_number": 33,
    "overall_mae_val": 0.07861389545860248,
    "params": {
        "boosting_type": "gbdt",
        "n_estimators": 350,
        "learning_rate": 0.03316991497183028,
        "num_leaves": 85,
        "max_depth": 10,
        "min_child_samples": 50,
        "subsample": 0.85,
        "feature_fraction": 0.95,
        "reg_alpha": 0.008521325892519188,
        "reg_lambda": 0.39324126155626477,
        "random_state": 42,
        "n_jobs": -1
    },
    "metrics": {
        "MSE": {
            "Temperature": 1.7905108057308943,
            "Precipitation_accumulated": 21.31784621982086,
            "Humidity": 8.91498069210538,
            "Wind_Speed_kmh": 0.5799705066682277,
            "Soil_Moisture": 2088.432805916819,
            "Soil_Temperature": 1.1772419416506084,
            "Wind_Dir_Sin": 0.37408516532025193,
            "Wind_Dir_Cos": 0.31537399183998244
        },
        "RMSE": {
            "Temperature": 1.338099699473434,
            "Precipitation_accumulated": 4.617125319917238,
            "Humidity": 2.985796492078015,
            "Wind_Speed_kmh": 0.7615579470192847,
            "Soil_Moisture": 45.69937423988231,
            "Soil_Temperature": 1.0850078071841733,
            "Wind_Dir_Sin": 0.6116250201882293,
            "Wind_Dir_Cos": 0.5615816875931607
        },
        "MAE": {
            "Temperature": 0.9901644440470714,
            "Precipitation_accumulated": 3.927805478355491,
            "Humidity": 2.0721912701778917,
            "Wind_Speed_kmh": 0.5669509831621633,
            "Soil_Moisture": 31.909556719101573,
            "Soil_Temperature": 0.7422300462403799,
            "Wind_Dir_Sin": 0.497764911796829,
            "Wind_Dir_Cos": 0.4481617947093906
        },
        "R2": {
            "Temperature": 0.9414129396416931,
            "Precipitation_accumulated": -5.118686490777281,
            "Humidity": 0.9392029214066135,
            "Wind_Speed_kmh": 0.5728131159785641,
            "Soil_Moisture": 0.9646283205696291,
            "Soil_Temperature": 0.9273392308144948,
            "Wind_Dir_Sin": 0.3180549838083978,
            "Wind_Dir_Cos": 0.14790384313380434
        },
        "SMAPE": {
            "Temperature": 20.785532952107705,
            "Precipitation_accumulated": 0.8486905872502846,
            "Humidity": 2.4961984080648687,
            "Wind_Speed_kmh": 58.51126779762109,
            "Soil_Moisture": 0.3765115712573634,
            "Soil_Temperature": 12.473713664210253,
            "Wind_Dir_Sin": 99.92048680653679,
            "Wind_Dir_Cos": 108.65043239188681
        }
    }
}