{
    "trial_number": 18,
    "overall_smape_val": 29.86797474462604,
    "xgb_params": {
        "boosting_type": "gbdt",
        "n_estimators": 650,
        "learning_rate": 0.03756225440165926,
        "num_leaves": 90,
        "max_depth": 12,
        "min_child_samples": 10,
        "subsample": 0.85,
        "feature_fraction": 0.85,
        "reg_alpha": 0.05756402924734083,
        "reg_lambda": 0.008011930706475911,
        "random_state": 42,
        "n_jobs": -1
    },
    "metrics": {
        "MSE": {
            "Temperature": 0.01584595670706741,
            "Precipitation_accumulated": 0.0048301051862131555,
            "Humidity": 0.1451302713729094,
            "Wind_Speed_kmh": 0.00034362713323583816,
            "Soil_Moisture": 490.50381216056996,
            "Soil_Temperature": 0.012323518172380386,
            "Wind_Dir_Sin": 9.886387713123045e-05,
            "Wind_Dir_Cos": 5.1094906803677716e-05
        },
        "RMSE": {
            "Temperature": 0.1258807241283089,
            "Precipitation_accumulated": 0.06949895816638661,
            "Humidity": 0.38095967158337035,
            "Wind_Speed_kmh": 0.01853718245138236,
            "Soil_Moisture": 22.147320654213907,
            "Soil_Temperature": 0.11101134253931166,
            "Wind_Dir_Sin": 0.009943031586555,
            "Wind_Dir_Cos": 0.007148070145408319
        },
        "MAE": {
            "Temperature": 0.06985001585629436,
            "Precipitation_accumulated": 0.044133297867357854,
            "Humidity": 0.16950681923041597,
            "Wind_Speed_kmh": 0.00542028904013975,
            "Soil_Moisture": 5.506244540932541,
            "Soil_Temperature": 0.04431900836669869,
            "Wind_Dir_Sin": 0.0028166359899092957,
            "Wind_Dir_Cos": 0.0020974295754213235
        },
        "R2": {
            "Temperature": 0.9953453768920401,
            "Precipitation_accumulated": 0.9949110910908626,
            "Humidity": 0.9977682101899155,
            "Wind_Speed_kmh": 0.9989902468701696,
            "Soil_Moisture": 0.9993371302872017,
            "Soil_Temperature": 0.9978041586670827,
            "Wind_Dir_Sin": 0.9993844820011007,
            "Wind_Dir_Cos": 0.9998220266151014
        },
        "SMAPE": {
            "Temperature": 1.237634501288814,
            "Precipitation_accumulated": 0.009590735226167378,
            "Humidity": 0.20228300466189383,
            "Wind_Speed_kmh": 119.41196343726071,
            "Soil_Moisture": 0.08690643915019682,
            "Soil_Temperature": 2.8830496954313833,
            "Wind_Dir_Sin": 112.5852454212027,
            "Wind_Dir_Cos": 2.52712472278653
        }
    }
}