{
    "trial_number": 29,
    "overall_smape_val": 30.65070318741281,
    "xgb_params": {
        "boosting_type": "gbdt",
        "n_estimators": 750,
        "learning_rate": 0.08476424209502975,
        "num_leaves": 95,
        "max_depth": 6,
        "min_child_samples": 15,
        "subsample": 0.85,
        "feature_fraction": 0.7,
        "reg_alpha": 0.002052758900044357,
        "reg_lambda": 8.613603476571039e-05,
        "random_state": 42,
        "n_jobs": -1
    },
    "metrics": {
        "MSE": {
            "Temperature": 0.030162783048421273,
            "Precipitation_accumulated": 0.0005335053096800536,
            "Humidity": 0.2503502197146722,
            "Wind_Speed_kmh": 0.00038654194283041515,
            "Soil_Moisture": 160.26439240049285,
            "Soil_Temperature": 0.007810442307358887,
            "Wind_Dir_Sin": 0.00041734931573156515,
            "Wind_Dir_Cos": 0.0003046813701958485
        },
        "RMSE": {
            "Temperature": 0.17367435921407995,
            "Precipitation_accumulated": 0.02309773386460355,
            "Humidity": 0.5003500971466601,
            "Wind_Speed_kmh": 0.019660669948666935,
            "Soil_Moisture": 12.65955735405045,
            "Soil_Temperature": 0.08837670681440267,
            "Wind_Dir_Sin": 0.02042912909870524,
            "Wind_Dir_Cos": 0.01745512446807093
        },
        "MAE": {
            "Temperature": 0.07710114329061897,
            "Precipitation_accumulated": 0.011646482830407638,
            "Humidity": 0.22573610548246087,
            "Wind_Speed_kmh": 0.0061486098362609695,
            "Soil_Moisture": 4.619874852158005,
            "Soil_Temperature": 0.045619810279787565,
            "Wind_Dir_Sin": 0.007054263948814807,
            "Wind_Dir_Cos": 0.0056712766160581015
        },
        "R2": {
            "Temperature": 0.9911399236049316,
            "Precipitation_accumulated": 0.999437908737215,
            "Humidity": 0.9961501548641358,
            "Wind_Speed_kmh": 0.9988641411028626,
            "Soil_Moisture": 0.9997834177653088,
            "Soil_Temperature": 0.9986083120252703,
            "Wind_Dir_Sin": 0.9974016190431203,
            "Wind_Dir_Cos": 0.9989387362036372
        },
        "SMAPE": {
            "Temperature": 1.2129304507491434,
            "Precipitation_accumulated": 0.0025299987333305685,
            "Humidity": 0.2715005918820932,
            "Wind_Speed_kmh": 120.52316719239545,
            "Soil_Moisture": 0.07744523814133158,
            "Soil_Temperature": 2.6009646606723704,
            "Wind_Dir_Sin": 116.18335368250541,
            "Wind_Dir_Cos": 4.3337336842235485
        }
    }
}