{
    "trial_number": 27,
    "overall_mae_val": 0.07866537430429177,
    "params": {
        "boosting_type": "gbdt",
        "n_estimators": 350,
        "learning_rate": 0.03437186113518028,
        "num_leaves": 130,
        "max_depth": 8,
        "min_child_samples": 30,
        "subsample": 0.85,
        "feature_fraction": 0.9,
        "reg_alpha": 0.04461917691006254,
        "reg_lambda": 0.05914041092001417,
        "random_state": 42,
        "n_jobs": -1
    },
    "metrics": {
        "MSE": {
            "Temperature": 1.7491550879226148,
            "Precipitation_accumulated": 15.938920110074422,
            "Humidity": 9.010166459021848,
            "Wind_Speed_kmh": 0.5664552951229563,
            "Soil_Moisture": 2072.819467671849,
            "Soil_Temperature": 0.9456566330072237,
            "Wind_Dir_Sin": 0.3715465825042314,
            "Wind_Dir_Cos": 0.3187268723824451
        },
        "RMSE": {
            "Temperature": 1.322556270229216,
            "Precipitation_accumulated": 3.9923577131908434,
            "Humidity": 3.001693931602929,
            "Wind_Speed_kmh": 0.7526322442753541,
            "Soil_Moisture": 45.52822715274392,
            "Soil_Temperature": 0.9724487816883847,
            "Wind_Dir_Sin": 0.6095462103107782,
            "Wind_Dir_Cos": 0.5645590069978913
        },
        "MAE": {
            "Temperature": 0.9752098325423997,
            "Precipitation_accumulated": 3.459402985842411,
            "Humidity": 2.044440410208023,
            "Wind_Speed_kmh": 0.5699343462427685,
            "Soil_Moisture": 27.589482496532696,
            "Soil_Temperature": 0.6693478214691432,
            "Wind_Dir_Sin": 0.5009307426797822,
            "Wind_Dir_Cos": 0.45335198792879106
        },
        "R2": {
            "Temperature": 0.9427538480646372,
            "Precipitation_accumulated": -3.5883557407270112,
            "Humidity": 0.9385456179013691,
            "Wind_Speed_kmh": 0.5810297434006197,
            "Soil_Moisture": 0.96467791784141,
            "Soil_Temperature": 0.9416114615280552,
            "Wind_Dir_Sin": 0.323285491311301,
            "Wind_Dir_Cos": 0.13684374850886172
        },
        "SMAPE": {
            "Temperature": 20.414006984696083,
            "Precipitation_accumulated": 0.746948783771918,
            "Humidity": 2.4783089388740907,
            "Wind_Speed_kmh": 58.19759418651173,
            "Soil_Moisture": 0.32748375227120374,
            "Soil_Temperature": 11.387150645154932,
            "Wind_Dir_Sin": 100.44536133537305,
            "Wind_Dir_Cos": 112.03531271344349
        }
    }
}