{
    "trial_number": 2,
    "overall_smape_val": 57.66521882244486,
    "xgb_params": {
        "boosting_type": "dart",
        "n_estimators": 400,
        "learning_rate": 0.021730940674270036,
        "num_leaves": 65,
        "max_depth": 10,
        "min_child_samples": 40,
        "subsample": 0.9,
        "feature_fraction": 0.95,
        "reg_alpha": 0.00014741702294990337,
        "reg_lambda": 0.00015500264130225512,
        "random_state": 42,
        "n_jobs": -1
    },
    "metrics": {
        "MSE": {
            "Temperature": 1.4760287753015746,
            "Precipitation_accumulated": 9275.494991414123,
            "Humidity": 201.000730398877,
            "Wind_Speed_kmh": 0.06484165026048143,
            "Soil_Moisture": 59845.74827453125,
            "Soil_Temperature": 1.9599513959300348,
            "Wind_Dir_Sin": 0.09045093361784383,
            "Wind_Dir_Cos": 0.16634095543456698
        },
        "RMSE": {
            "Temperature": 1.2149192464117007,
            "Precipitation_accumulated": 96.30937125438066,
            "Humidity": 14.177472637916711,
            "Wind_Speed_kmh": 0.25464023692354953,
            "Soil_Moisture": 244.63390663301612,
            "Soil_Temperature": 1.399982641295968,
            "Wind_Dir_Sin": 0.3007506169866387,
            "Wind_Dir_Cos": 0.4078491822163764
        },
        "MAE": {
            "Temperature": 1.0905073793231639,
            "Precipitation_accumulated": 96.30910549049432,
            "Humidity": 14.01493601671468,
            "Wind_Speed_kmh": 0.09976579094516647,
            "Soil_Moisture": 130.03875404991567,
            "Soil_Temperature": 1.3171090959165654,
            "Wind_Dir_Sin": 0.26597316531442905,
            "Wind_Dir_Cos": 0.38792532107624367
        },
        "R2": {
            "Temperature": 0.5664283468306909,
            "Precipitation_accumulated": -9771.488854528003,
            "Humidity": -2.090956681057416,
            "Wind_Speed_kmh": 0.8094619051838531,
            "Soil_Moisture": 0.9191241067093934,
            "Soil_Temperature": 0.6507699972125127,
            "Wind_Dir_Sin": 0.43686026408687373,
            "Wind_Dir_Cos": 0.4206024682715461
        },
        "SMAPE": {
            "Temperature": 18.04399493369697,
            "Precipitation_accumulated": 23.4132898439187,
            "Humidity": 18.187981127702034,
            "Wind_Speed_kmh": 143.87513243143562,
            "Soil_Moisture": 1.8746820590341324,
            "Soil_Temperature": 24.804276086679295,
            "Wind_Dir_Sin": 166.95208881677203,
            "Wind_Dir_Cos": 64.17030528031991
        }
    }
}