{
    "trial_number": 40,
    "overall_smape_val": 33.75459343934446,
    "xgb_params": {
        "boosting_type": "gbdt",
        "n_estimators": 650,
        "learning_rate": 0.07765536852954066,
        "num_leaves": 70,
        "max_depth": 7,
        "min_child_samples": 45,
        "subsample": 0.85,
        "feature_fraction": 0.6,
        "reg_alpha": 4.77827232800036e-05,
        "reg_lambda": 0.009333631847404156,
        "random_state": 42,
        "n_jobs": -1
    },
    "metrics": {
        "MSE": {
            "Temperature": 0.09492906092480341,
            "Precipitation_accumulated": 0.007188999958637239,
            "Humidity": 0.6899499972677274,
            "Wind_Speed_kmh": 0.005211760457971423,
            "Soil_Moisture": 1835.375173791962,
            "Soil_Temperature": 0.01973631387587913,
            "Wind_Dir_Sin": 0.0035354439280359494,
            "Wind_Dir_Cos": 0.0023663643836736633
        },
        "RMSE": {
            "Temperature": 0.3081056002814675,
            "Precipitation_accumulated": 0.08478797060100707,
            "Humidity": 0.8306322876385961,
            "Wind_Speed_kmh": 0.07219252356007111,
            "Soil_Moisture": 42.841278853367136,
            "Soil_Temperature": 0.14048599174251905,
            "Wind_Dir_Sin": 0.059459599124413454,
            "Wind_Dir_Cos": 0.048645291485134134
        },
        "MAE": {
            "Temperature": 0.1377072908806963,
            "Precipitation_accumulated": 0.036715995807864936,
            "Humidity": 0.34328096043577144,
            "Wind_Speed_kmh": 0.026644717135738932,
            "Soil_Moisture": 8.347738805181724,
            "Soil_Temperature": 0.07633921771880961,
            "Wind_Dir_Sin": 0.025028292973595535,
            "Wind_Dir_Cos": 0.01987563112855863
        },
        "R2": {
            "Temperature": 0.9721153472292112,
            "Precipitation_accumulated": 0.9924258034707565,
            "Humidity": 0.9893900606758087,
            "Wind_Speed_kmh": 0.9846851691110455,
            "Soil_Moisture": 0.9975196632846347,
            "Soil_Temperature": 0.9964833245537615,
            "Wind_Dir_Sin": 0.9779886300744931,
            "Wind_Dir_Cos": 0.9917574978483878
        },
        "SMAPE": {
            "Temperature": 2.3560236189652866,
            "Precipitation_accumulated": 0.007974739514504241,
            "Humidity": 0.4106613321674213,
            "Wind_Speed_kmh": 130.39879737943878,
            "Soil_Moisture": 0.13229458983600081,
            "Soil_Temperature": 4.677650625290321,
            "Wind_Dir_Sin": 123.34436657325882,
            "Wind_Dir_Cos": 8.70897865628452
        }
    }
}