{
    "trial_number": 26,
    "overall_mae_val": 0.22977527170530657,
    "params": {
        "boosting_type": "dart",
        "n_estimators": 100,
        "learning_rate": 0.0203684531926497,
        "num_leaves": 70,
        "max_depth": 7,
        "min_child_samples": 40,
        "subsample": 0.85,
        "feature_fraction": 0.95,
        "reg_alpha": 0.952697033521093,
        "reg_lambda": 0.03380519188932116,
        "random_state": 42,
        "n_jobs": -1
    },
    "metrics": {
        "MSE": {
            "Temperature": 16.309409471269422,
            "Precipitation_accumulated": 36035.89210770884,
            "Humidity": 748.9068157738254,
            "Wind_Speed_kmh": 1.2237400841476804,
            "Soil_Moisture": 1837623.6635827005,
            "Soil_Temperature": 7.603683592763086,
            "Wind_Dir_Sin": 0.608462930899186,
            "Wind_Dir_Cos": 0.34565184115042175
        },
        "RMSE": {
            "Temperature": 4.038490989375787,
            "Precipitation_accumulated": 189.83122005536612,
            "Humidity": 27.36616187509358,
            "Wind_Speed_kmh": 1.1062278626701103,
            "Soil_Moisture": 1355.589784404818,
            "Soil_Temperature": 2.7574777592508495,
            "Wind_Dir_Sin": 0.7800403392768774,
            "Wind_Dir_Cos": 0.5879216284084314
        },
        "MAE": {
            "Temperature": 3.121337212893306,
            "Precipitation_accumulated": 189.8221111075864,
            "Humidity": 26.35625526950234,
            "Wind_Speed_kmh": 0.8296694356876542,
            "Soil_Moisture": 1350.4531467680245,
            "Soil_Temperature": 2.1770982451812633,
            "Wind_Dir_Sin": 0.6779868531620444,
            "Wind_Dir_Cos": 0.4819978669261372
        },
        "R2": {
            "Temperature": 0.46583760636677896,
            "Precipitation_accumulated": -10419.291082391457,
            "Humidity": -4.109017662118478,
            "Wind_Speed_kmh": 0.09416370319637501,
            "Soil_Moisture": -30.60394521772994,
            "Soil_Temperature": 0.5300043047271208,
            "Wind_Dir_Sin": -0.10698304339720255,
            "Wind_Dir_Cos": 0.061191012909107556
        },
        "SMAPE": {
            "Temperature": 42.675685465335846,
            "Precipitation_accumulated": 51.36436183374931,
            "Humidity": 34.912522204524116,
            "Wind_Speed_kmh": 77.90429467110185,
            "Soil_Moisture": 17.070851401736167,
            "Soil_Temperature": 30.541815954229822,
            "Wind_Dir_Sin": 148.47150050625186,
            "Wind_Dir_Cos": 112.68058137114065
        }
    }
}