{
    "trial_number": 53,
    "overall_mae_val": 0.07759144935612382,
    "params": {
        "boosting_type": "gbdt",
        "n_estimators": 650,
        "learning_rate": 0.007554207336576623,
        "num_leaves": 25,
        "max_depth": 5,
        "min_child_samples": 25,
        "subsample": 0.8,
        "feature_fraction": 0.85,
        "reg_alpha": 0.0014578082219197923,
        "reg_lambda": 4.6223301531941005e-05,
        "random_state": 42,
        "n_jobs": -1
    },
    "metrics": {
        "MSE": {
            "Temperature": 1.6847838330000942,
            "Precipitation_accumulated": 25.08179807380128,
            "Humidity": 9.217620961161916,
            "Wind_Speed_kmh": 0.553631666454147,
            "Soil_Moisture": 2817.557758687032,
            "Soil_Temperature": 0.8055031665055729,
            "Wind_Dir_Sin": 0.35746514528446405,
            "Wind_Dir_Cos": 0.3041793803138387
        },
        "RMSE": {
            "Temperature": 1.2979922314868044,
            "Precipitation_accumulated": 5.008173127379012,
            "Humidity": 3.036053517506224,
            "Wind_Speed_kmh": 0.7440642891942516,
            "Soil_Moisture": 53.080672176292495,
            "Soil_Temperature": 0.8974982821741626,
            "Wind_Dir_Sin": 0.5978838894672309,
            "Wind_Dir_Cos": 0.5515245962908986
        },
        "MAE": {
            "Temperature": 0.9500324298481466,
            "Precipitation_accumulated": 4.6508393430121995,
            "Humidity": 2.1365248134316794,
            "Wind_Speed_kmh": 0.559650404532304,
            "Soil_Moisture": 40.958409076668175,
            "Soil_Temperature": 0.5878665841827642,
            "Wind_Dir_Sin": 0.48823703410264757,
            "Wind_Dir_Cos": 0.44291000920335505
        },
        "R2": {
            "Temperature": 0.9448605832906949,
            "Precipitation_accumulated": -6.2203268091507145,
            "Humidity": 0.937130661995662,
            "Wind_Speed_kmh": 0.5905145501279361,
            "Soil_Moisture": 0.9519871324101866,
            "Soil_Temperature": 0.9502650846140422,
            "Wind_Dir_Sin": 0.3489326465228474,
            "Wind_Dir_Cos": 0.17624035987292752
        },
        "SMAPE": {
            "Temperature": 19.73129953394319,
            "Precipitation_accumulated": 1.0055958466066042,
            "Humidity": 2.5725744152117995,
            "Wind_Speed_kmh": 57.63896744866147,
            "Soil_Moisture": 0.482047592984744,
            "Soil_Temperature": 8.73260738013075,
            "Wind_Dir_Sin": 98.02692860311448,
            "Wind_Dir_Cos": 107.86525401016965
        }
    }
}