{
    "trial_number": 15,
    "overall_mae_val": 0.07863198132242069,
    "params": {
        "boosting_type": "gbdt",
        "n_estimators": 450,
        "learning_rate": 0.011558282412099358,
        "num_leaves": 125,
        "max_depth": 9,
        "min_child_samples": 40,
        "subsample": 0.95,
        "feature_fraction": 0.85,
        "reg_alpha": 7.002807943518631e-05,
        "reg_lambda": 0.003391672294676155,
        "random_state": 42,
        "n_jobs": -1
    },
    "metrics": {
        "MSE": {
            "Temperature": 1.8736486306536144,
            "Precipitation_accumulated": 25.012608620574433,
            "Humidity": 9.96316992893014,
            "Wind_Speed_kmh": 0.5525927053302023,
            "Soil_Moisture": 1988.1985054664246,
            "Soil_Temperature": 1.609598009450231,
            "Wind_Dir_Sin": 0.36585704323824564,
            "Wind_Dir_Cos": 0.30992708424517296
        },
        "RMSE": {
            "Temperature": 1.368812854503352,
            "Precipitation_accumulated": 5.001260703120208,
            "Humidity": 3.156448942867624,
            "Wind_Speed_kmh": 0.7433657951037311,
            "Soil_Moisture": 44.58921961042181,
            "Soil_Temperature": 1.2686993376881028,
            "Wind_Dir_Sin": 0.6048611768317137,
            "Wind_Dir_Cos": 0.5567109521512694
        },
        "MAE": {
            "Temperature": 1.020420174169357,
            "Precipitation_accumulated": 4.547703407946358,
            "Humidity": 2.2162582479245834,
            "Wind_Speed_kmh": 0.5582721935368747,
            "Soil_Moisture": 31.366131721559267,
            "Soil_Temperature": 0.8493068888929841,
            "Wind_Dir_Sin": 0.4913361845325129,
            "Wind_Dir_Cos": 0.4454180329902788
        },
        "R2": {
            "Temperature": 0.9385568876973623,
            "Precipitation_accumulated": -6.105949740692747,
            "Humidity": 0.9319785200882869,
            "Wind_Speed_kmh": 0.5915806879391976,
            "Soil_Moisture": 0.9670997492115965,
            "Soil_Temperature": 0.900610063534499,
            "Wind_Dir_Sin": 0.33344640026341876,
            "Wind_Dir_Cos": 0.1630972094308586
        },
        "SMAPE": {
            "Temperature": 21.398279751170513,
            "Precipitation_accumulated": 0.9832992373087376,
            "Humidity": 2.6637671730448216,
            "Wind_Speed_kmh": 57.60709982959021,
            "Soil_Moisture": 0.369169444539201,
            "Soil_Temperature": 12.703340058704379,
            "Wind_Dir_Sin": 98.41117647876185,
            "Wind_Dir_Cos": 107.83301546532672
        }
    }
}