{
    "trial_number": 43,
    "overall_smape_val": 30.742200916688112,
    "xgb_params": {
        "boosting_type": "gbdt",
        "n_estimators": 600,
        "learning_rate": 0.09903292959439645,
        "num_leaves": 95,
        "max_depth": 8,
        "min_child_samples": 35,
        "subsample": 1.0,
        "feature_fraction": 0.7,
        "reg_alpha": 0.004761420368269658,
        "reg_lambda": 0.0020719896346547014,
        "random_state": 42,
        "n_jobs": -1
    },
    "metrics": {
        "MSE": {
            "Temperature": 0.028630764440708854,
            "Precipitation_accumulated": 0.002556744107159032,
            "Humidity": 0.3423924093190616,
            "Wind_Speed_kmh": 0.0007572092066578479,
            "Soil_Moisture": 1165.859684116998,
            "Soil_Temperature": 0.010234992952001833,
            "Wind_Dir_Sin": 0.0006411915393402803,
            "Wind_Dir_Cos": 0.0003783561622047337
        },
        "RMSE": {
            "Temperature": 0.1692062777816144,
            "Precipitation_accumulated": 0.05056425720960442,
            "Humidity": 0.5851430673938312,
            "Wind_Speed_kmh": 0.027517434594413918,
            "Soil_Moisture": 34.144687494791896,
            "Soil_Temperature": 0.10116814198156371,
            "Wind_Dir_Sin": 0.025321760194352214,
            "Wind_Dir_Cos": 0.01945137944220753
        },
        "MAE": {
            "Temperature": 0.07320857744547123,
            "Precipitation_accumulated": 0.02414736251654275,
            "Humidity": 0.22818740645459273,
            "Wind_Speed_kmh": 0.008311890670955509,
            "Soil_Moisture": 6.805343628855037,
            "Soil_Temperature": 0.046299709523297976,
            "Wind_Dir_Sin": 0.007933000862533806,
            "Wind_Dir_Cos": 0.007155129093630637
        },
        "R2": {
            "Temperature": 0.9915899418237812,
            "Precipitation_accumulated": 0.9973062620038909,
            "Humidity": 0.9947347449781505,
            "Wind_Speed_kmh": 0.9977749301716683,
            "Soil_Moisture": 0.9984244504225775,
            "Soil_Temperature": 0.9981762983385303,
            "Wind_Dir_Sin": 0.9960079966044421,
            "Wind_Dir_Cos": 0.9986821127369206
        },
        "SMAPE": {
            "Temperature": 1.1721919033326802,
            "Precipitation_accumulated": 0.005244701485773997,
            "Humidity": 0.2740961144332514,
            "Wind_Speed_kmh": 121.25610291686299,
            "Soil_Moisture": 0.1094246372127743,
            "Soil_Temperature": 2.4446593460506008,
            "Wind_Dir_Sin": 116.0337708205242,
            "Wind_Dir_Cos": 4.64211689360295
        }
    }
}