{
    "trial_number": 59,
    "overall_mae_val": 0.07785530539969673,
    "params": {
        "boosting_type": "gbdt",
        "n_estimators": 550,
        "learning_rate": 0.012070786089128956,
        "num_leaves": 30,
        "max_depth": 7,
        "min_child_samples": 20,
        "subsample": 0.85,
        "feature_fraction": 0.85,
        "reg_alpha": 0.00012883690844317709,
        "reg_lambda": 1.1906498075883442e-05,
        "random_state": 42,
        "n_jobs": -1
    },
    "metrics": {
        "MSE": {
            "Temperature": 1.9136644613092892,
            "Precipitation_accumulated": 16.744356164117054,
            "Humidity": 10.444224251082371,
            "Wind_Speed_kmh": 0.5462044780699861,
            "Soil_Moisture": 2043.5966872713966,
            "Soil_Temperature": 0.5508370415116645,
            "Wind_Dir_Sin": 0.3638804311115032,
            "Wind_Dir_Cos": 0.30734595305341234
        },
        "RMSE": {
            "Temperature": 1.3833526164030954,
            "Precipitation_accumulated": 4.091986823551251,
            "Humidity": 3.2317525046145428,
            "Wind_Speed_kmh": 0.7390564782680591,
            "Soil_Moisture": 45.20615762560889,
            "Soil_Temperature": 0.7421839674310302,
            "Wind_Dir_Sin": 0.6032250252695948,
            "Wind_Dir_Cos": 0.5543879084660959
        },
        "MAE": {
            "Temperature": 1.0103036514810626,
            "Precipitation_accumulated": 3.6458923268689145,
            "Humidity": 2.231784632263588,
            "Wind_Speed_kmh": 0.55594536956477,
            "Soil_Moisture": 30.70076035991955,
            "Soil_Temperature": 0.5710680585503947,
            "Wind_Dir_Sin": 0.4948346723114469,
            "Wind_Dir_Cos": 0.4456852910607998
        },
        "R2": {
            "Temperature": 0.9373443014041045,
            "Precipitation_accumulated": -3.83460896431479,
            "Humidity": 0.9287548096557613,
            "Wind_Speed_kmh": 0.5954796478170234,
            "Soil_Moisture": 0.9649585589114299,
            "Soil_Temperature": 0.9659672151040847,
            "Wind_Dir_Sin": 0.33772067658568017,
            "Wind_Dir_Cos": 0.16611819779614823
        },
        "SMAPE": {
            "Temperature": 19.965738786607687,
            "Precipitation_accumulated": 0.7872700611490164,
            "Humidity": 2.7237384780268905,
            "Wind_Speed_kmh": 57.49347408921303,
            "Soil_Moisture": 0.3621840791875834,
            "Soil_Temperature": 9.978352055509403,
            "Wind_Dir_Sin": 99.00049793147952,
            "Wind_Dir_Cos": 109.52772347263033
        }
    }
}