{
    "trial_number": 73,
    "overall_mae_val": 0.0850057101232267,
    "params": {
        "boosting_type": "gbdt",
        "n_estimators": 450,
        "learning_rate": 0.005729342137440096,
        "num_leaves": 30,
        "max_depth": 8,
        "min_child_samples": 35,
        "subsample": 0.9,
        "feature_fraction": 1.0,
        "reg_alpha": 0.0003576131223722716,
        "reg_lambda": 6.592582594804667e-05,
        "random_state": 42,
        "n_jobs": -1
    },
    "metrics": {
        "MSE": {
            "Temperature": 2.419708626556109,
            "Precipitation_accumulated": 271.54448330168094,
            "Humidity": 10.318412645756963,
            "Wind_Speed_kmh": 0.5434050910863611,
            "Soil_Moisture": 14383.413970788686,
            "Soil_Temperature": 0.6814137145594515,
            "Wind_Dir_Sin": 0.36174827092128137,
            "Wind_Dir_Cos": 0.30915562895465487
        },
        "RMSE": {
            "Temperature": 1.5555412648194549,
            "Precipitation_accumulated": 16.478606837402275,
            "Humidity": 3.2122286104443067,
            "Wind_Speed_kmh": 0.7371601529426025,
            "Soil_Moisture": 119.9308716335735,
            "Soil_Temperature": 0.825477870423824,
            "Wind_Dir_Sin": 0.6014551279366411,
            "Wind_Dir_Cos": 0.5560176516574405
        },
        "MAE": {
            "Temperature": 1.22350792485495,
            "Precipitation_accumulated": 16.31114556810106,
            "Humidity": 2.556212464347882,
            "Wind_Speed_kmh": 0.5529890738434283,
            "Soil_Moisture": 113.46877466358201,
            "Soil_Temperature": 0.6088402580837184,
            "Wind_Dir_Sin": 0.4899707976668091,
            "Wind_Dir_Cos": 0.45376599509412363
        },
        "R2": {
            "Temperature": 0.9208185091945287,
            "Precipitation_accumulated": -77.05416815022184,
            "Humidity": 0.9296273561108336,
            "Wind_Speed_kmh": 0.5988226107538942,
            "Soil_Moisture": 0.7556407015295801,
            "Soil_Temperature": 0.9579361764728574,
            "Wind_Dir_Sin": 0.3408559132250921,
            "Wind_Dir_Cos": 0.16367433085032435
        },
        "SMAPE": {
            "Temperature": 25.048463573503277,
            "Precipitation_accumulated": 3.574070483713383,
            "Humidity": 3.009860059548554,
            "Wind_Speed_kmh": 56.97238513920631,
            "Soil_Moisture": 1.3244911709376725,
            "Soil_Temperature": 11.617330534778446,
            "Wind_Dir_Sin": 97.67564455868606,
            "Wind_Dir_Cos": 113.13291182816477
        }
    }
}