{
    "trial_number": 33,
    "overall_smape_val": 32.79555964158925,
    "xgb_params": {
        "boosting_type": "gbdt",
        "n_estimators": 350,
        "learning_rate": 0.03426034148607162,
        "num_leaves": 85,
        "max_depth": 11,
        "min_child_samples": 15,
        "subsample": 0.9,
        "feature_fraction": 0.65,
        "reg_alpha": 0.13769171652131518,
        "reg_lambda": 0.0028722582577300924,
        "random_state": 42,
        "n_jobs": -1
    },
    "metrics": {
        "MSE": {
            "Temperature": 0.08451604044638879,
            "Precipitation_accumulated": 0.012293115757082189,
            "Humidity": 0.6364979652406555,
            "Wind_Speed_kmh": 0.0025668799205141733,
            "Soil_Moisture": 2609.8166538544824,
            "Soil_Temperature": 0.02322641044080883,
            "Wind_Dir_Sin": 0.0019482568645888204,
            "Wind_Dir_Cos": 0.0009580398386637017
        },
        "RMSE": {
            "Temperature": 0.29071642617229043,
            "Precipitation_accumulated": 0.11087432415614622,
            "Humidity": 0.7978082258542184,
            "Wind_Speed_kmh": 0.050664385129143466,
            "Soil_Moisture": 51.08636465686791,
            "Soil_Temperature": 0.15240213397721447,
            "Wind_Dir_Sin": 0.04413906279690157,
            "Wind_Dir_Cos": 0.03095221863879392
        },
        "MAE": {
            "Temperature": 0.14514891413492056,
            "Precipitation_accumulated": 0.07432941036053957,
            "Humidity": 0.3380982583449062,
            "Wind_Speed_kmh": 0.017957878347168114,
            "Soil_Moisture": 9.841114032098591,
            "Soil_Temperature": 0.07154501098390785,
            "Wind_Dir_Sin": 0.01693374325605718,
            "Wind_Dir_Cos": 0.011574171650032382
        },
        "R2": {
            "Temperature": 0.9751740887516382,
            "Precipitation_accumulated": 0.9870482020814295,
            "Humidity": 0.9902120373680441,
            "Wind_Speed_kmh": 0.9924571875066129,
            "Soil_Moisture": 0.9964730785512627,
            "Soil_Temperature": 0.995861448707437,
            "Wind_Dir_Sin": 0.9878703202683246,
            "Wind_Dir_Cos": 0.996662963030547
        },
        "SMAPE": {
            "Temperature": 2.5236916885707736,
            "Precipitation_accumulated": 0.016154318719207944,
            "Humidity": 0.40476983029415387,
            "Wind_Speed_kmh": 126.12696742199478,
            "Soil_Moisture": 0.15434090212274046,
            "Soil_Temperature": 5.261871482520299,
            "Wind_Dir_Sin": 121.48735946160093,
            "Wind_Dir_Cos": 6.389322026891253
        }
    }
}