{
    "trial_number": 5,
    "overall_smape_val": 38.14910895399675,
    "xgb_params": {
        "boosting_type": "gbdt",
        "n_estimators": 500,
        "learning_rate": 0.008192598052960813,
        "num_leaves": 150,
        "max_depth": 9,
        "min_child_samples": 40,
        "subsample": 1.0,
        "feature_fraction": 1.0,
        "reg_alpha": 0.0677898825131798,
        "reg_lambda": 0.0010891125551170733,
        "random_state": 42,
        "n_jobs": -1
    },
    "metrics": {
        "MSE": {
            "Temperature": 0.20459656900768786,
            "Precipitation_accumulated": 8.859620596933794,
            "Humidity": 1.1299598159621942,
            "Wind_Speed_kmh": 0.030362577506266347,
            "Soil_Moisture": 7496.4003429660515,
            "Soil_Temperature": 0.0522538364372476,
            "Wind_Dir_Sin": 0.020627317091034828,
            "Wind_Dir_Cos": 0.01663334868513057
        },
        "RMSE": {
            "Temperature": 0.4523235225009726,
            "Precipitation_accumulated": 2.9765114810687012,
            "Humidity": 1.062995680123957,
            "Wind_Speed_kmh": 0.1742486083338009,
            "Soil_Moisture": 86.5817552545919,
            "Soil_Temperature": 0.22859098065594713,
            "Wind_Dir_Sin": 0.14362213301241153,
            "Wind_Dir_Cos": 0.1289703403311419
        },
        "MAE": {
            "Temperature": 0.2595723542236234,
            "Precipitation_accumulated": 2.955399350000702,
            "Humidity": 0.4697244832708317,
            "Wind_Speed_kmh": 0.06167510464632139,
            "Soil_Moisture": 29.593896615559707,
            "Soil_Temperature": 0.1490331129228766,
            "Wind_Dir_Sin": 0.056019948271127516,
            "Wind_Dir_Cos": 0.05174139037571835
        },
        "R2": {
            "Temperature": 0.9399013934268946,
            "Precipitation_accumulated": -8.334331334233445,
            "Humidity": 0.9826236609412129,
            "Wind_Speed_kmh": 0.9107791419787866,
            "Soil_Moisture": 0.9898693208509951,
            "Soil_Temperature": 0.9906892551098301,
            "Wind_Dir_Sin": 0.8715760972869594,
            "Wind_Dir_Cos": 0.94206284827831
        },
        "SMAPE": {
            "Temperature": 4.707298717534806,
            "Precipitation_accumulated": 0.6451756612910133,
            "Humidity": 0.5587517185237785,
            "Wind_Speed_kmh": 138.26196307384166,
            "Soil_Moisture": 0.48815625598973056,
            "Soil_Temperature": 7.772410015514832,
            "Wind_Dir_Sin": 134.53692747936907,
            "Wind_Dir_Cos": 18.222188709908956
        }
    }
}