{
    "trial_number": 40,
    "overall_mae_val": 0.07784584036765085,
    "params": {
        "boosting_type": "gbdt",
        "n_estimators": 600,
        "learning_rate": 0.008739109817227576,
        "num_leaves": 40,
        "max_depth": 7,
        "min_child_samples": 40,
        "subsample": 0.75,
        "feature_fraction": 0.9,
        "reg_alpha": 0.01542329415472026,
        "reg_lambda": 0.00528618825874588,
        "random_state": 42,
        "n_jobs": -1
    },
    "metrics": {
        "MSE": {
            "Temperature": 2.004857440385231,
            "Precipitation_accumulated": 24.282118136609398,
            "Humidity": 9.645528067572197,
            "Wind_Speed_kmh": 0.5531737056216641,
            "Soil_Moisture": 2696.91567059107,
            "Soil_Temperature": 0.4242599513620181,
            "Wind_Dir_Sin": 0.3644403465026572,
            "Wind_Dir_Cos": 0.3078699315015281
        },
        "RMSE": {
            "Temperature": 1.415929885405782,
            "Precipitation_accumulated": 4.927688924496898,
            "Humidity": 3.105725047001456,
            "Wind_Speed_kmh": 0.7437564827426139,
            "Soil_Moisture": 51.931836772745385,
            "Soil_Temperature": 0.6513524018240956,
            "Wind_Dir_Sin": 0.6036889484682134,
            "Wind_Dir_Cos": 0.5548602810631953
        },
        "MAE": {
            "Temperature": 1.035339896581262,
            "Precipitation_accumulated": 4.1538366700547,
            "Humidity": 2.140953041728381,
            "Wind_Speed_kmh": 0.5593937890210511,
            "Soil_Moisture": 40.75963069275246,
            "Soil_Temperature": 0.46523814675348407,
            "Wind_Dir_Sin": 0.492803876503391,
            "Wind_Dir_Cos": 0.44509796757798253
        },
        "R2": {
            "Temperature": 0.9343585325158978,
            "Precipitation_accumulated": -6.010991934546734,
            "Humidity": 0.9342031091420062,
            "Wind_Speed_kmh": 0.590318221104431,
            "Soil_Moisture": 0.95375613388861,
            "Soil_Temperature": 0.9737876239676425,
            "Wind_Dir_Sin": 0.3367016045094763,
            "Wind_Dir_Cos": 0.16469655521946924
        },
        "SMAPE": {
            "Temperature": 20.8272905467096,
            "Precipitation_accumulated": 0.8982463651470696,
            "Humidity": 2.592540186570734,
            "Wind_Speed_kmh": 57.37254546874774,
            "Soil_Moisture": 0.47736919784649195,
            "Soil_Temperature": 8.348841110772444,
            "Wind_Dir_Sin": 98.0931574345744,
            "Wind_Dir_Cos": 109.56849385990964
        }
    }
}