{
    "trial_number": 64,
    "overall_mae_val": 0.07755407389683217,
    "params": {
        "boosting_type": "gbdt",
        "n_estimators": 550,
        "learning_rate": 0.010796427750320945,
        "num_leaves": 30,
        "max_depth": 7,
        "min_child_samples": 30,
        "subsample": 0.85,
        "feature_fraction": 0.95,
        "reg_alpha": 5.329428731186036e-05,
        "reg_lambda": 4.042741878531067e-05,
        "random_state": 42,
        "n_jobs": -1
    },
    "metrics": {
        "MSE": {
            "Temperature": 1.6890320191889374,
            "Precipitation_accumulated": 18.786782757419566,
            "Humidity": 8.624379029685356,
            "Wind_Speed_kmh": 0.5507439731623021,
            "Soil_Moisture": 2374.594172511926,
            "Soil_Temperature": 0.824725394399128,
            "Wind_Dir_Sin": 0.3650682275793439,
            "Wind_Dir_Cos": 0.31527157903517605
        },
        "RMSE": {
            "Temperature": 1.2996276463621945,
            "Precipitation_accumulated": 4.334372244906933,
            "Humidity": 2.9367293082075774,
            "Wind_Speed_kmh": 0.7421212658065406,
            "Soil_Moisture": 48.729807843987295,
            "Soil_Temperature": 0.9081439282399723,
            "Wind_Dir_Sin": 0.6042087615877014,
            "Wind_Dir_Cos": 0.5614904977247398
        },
        "MAE": {
            "Temperature": 0.959180437529443,
            "Precipitation_accumulated": 3.863243551049512,
            "Humidity": 2.0357605995500005,
            "Wind_Speed_kmh": 0.5566101369869199,
            "Soil_Moisture": 31.993658852374654,
            "Soil_Temperature": 0.598792786635779,
            "Wind_Dir_Sin": 0.48977251606323724,
            "Wind_Dir_Cos": 0.45043660069239083
        },
        "R2": {
            "Temperature": 0.9447334132033115,
            "Precipitation_accumulated": -4.39221611215641,
            "Humidity": 0.9411847240284819,
            "Wind_Speed_kmh": 0.5943404033761053,
            "Soil_Moisture": 0.9597816201654399,
            "Soil_Temperature": 0.949096970296659,
            "Wind_Dir_Sin": 0.3344925662729632,
            "Wind_Dir_Cos": 0.14818054812421988
        },
        "SMAPE": {
            "Temperature": 20.37688875708036,
            "Precipitation_accumulated": 0.8345256172131154,
            "Humidity": 2.4540015907724695,
            "Wind_Speed_kmh": 57.643126896779684,
            "Soil_Moisture": 0.37958364199641953,
            "Soil_Temperature": 9.148622841876664,
            "Wind_Dir_Sin": 97.8503387582421,
            "Wind_Dir_Cos": 110.36523361808905
        }
    }
}