{
    "trial_number": 29,
    "overall_mae_val": 0.26337069581897177,
    "params": {
        "boosting_type": "dart",
        "n_estimators": 150,
        "learning_rate": 0.013633151363416278,
        "num_leaves": 85,
        "max_depth": 7,
        "min_child_samples": 50,
        "subsample": 0.75,
        "feature_fraction": 1.0,
        "reg_alpha": 0.38279727755688076,
        "reg_lambda": 0.00920059606732335,
        "random_state": 42,
        "n_jobs": -1
    },
    "metrics": {
        "MSE": {
            "Temperature": 21.521872348315547,
            "Precipitation_accumulated": 50820.599708857866,
            "Humidity": 1088.5560786958365,
            "Wind_Speed_kmh": 1.4598199973070727,
            "Soil_Moisture": 2553558.667131566,
            "Soil_Temperature": 11.620037234538485,
            "Wind_Dir_Sin": 0.7119918225032801,
            "Wind_Dir_Cos": 0.38744436711023544
        },
        "RMSE": {
            "Temperature": 4.6391672041774425,
            "Precipitation_accumulated": 225.43424697427378,
            "Humidity": 32.99327323403722,
            "Wind_Speed_kmh": 1.2082301094191754,
            "Soil_Moisture": 1597.9858156853477,
            "Soil_Temperature": 3.4088175713197804,
            "Wind_Dir_Sin": 0.8437960787437212,
            "Wind_Dir_Cos": 0.6224502928830827
        },
        "MAE": {
            "Temperature": 3.62392139520443,
            "Precipitation_accumulated": 225.42654221019563,
            "Humidity": 32.07734699312022,
            "Wind_Speed_kmh": 0.9147906910119623,
            "Soil_Moisture": 1592.3498981680868,
            "Soil_Temperature": 2.744606085711719,
            "Wind_Dir_Sin": 0.7280333652995031,
            "Wind_Dir_Cos": 0.5006848984143242
        },
        "R2": {
            "Temperature": 0.2956345707181447,
            "Precipitation_accumulated": -14628.786008773634,
            "Humidity": -6.424562187636167,
            "Wind_Speed_kmh": -0.0797342069648952,
            "Soil_Moisture": -42.5141653404617,
            "Soil_Temperature": 0.2825334614777679,
            "Wind_Dir_Sin": -0.2967827428481091,
            "Wind_Dir_Cos": -0.04925268797211957
        },
        "SMAPE": {
            "Temperature": 48.846042458309654,
            "Precipitation_accumulated": 64.08717073265652,
            "Humidity": 44.37713052271282,
            "Wind_Speed_kmh": 87.4308851702182,
            "Soil_Moisture": 20.446171016284648,
            "Soil_Temperature": 38.78475977554941,
            "Wind_Dir_Sin": 146.8020556246632,
            "Wind_Dir_Cos": 108.34223362447472
        }
    }
}