{
    "trial_number": 21,
    "overall_smape_val": 31.37347542516389,
    "xgb_params": {
        "boosting_type": "gbdt",
        "n_estimators": 550,
        "learning_rate": 0.037132480002371585,
        "num_leaves": 100,
        "max_depth": 11,
        "min_child_samples": 10,
        "subsample": 0.95,
        "feature_fraction": 0.75,
        "reg_alpha": 0.15825435122274015,
        "reg_lambda": 0.1034023966795037,
        "random_state": 42,
        "n_jobs": -1
    },
    "metrics": {
        "MSE": {
            "Temperature": 0.05798687803978912,
            "Precipitation_accumulated": 0.011791581022764626,
            "Humidity": 0.43915554487303765,
            "Wind_Speed_kmh": 0.0014864097402456865,
            "Soil_Moisture": 1526.0798395750166,
            "Soil_Temperature": 0.02135922570932329,
            "Wind_Dir_Sin": 0.00038097992416969166,
            "Wind_Dir_Cos": 0.00024360695598865372
        },
        "RMSE": {
            "Temperature": 0.24080464704774515,
            "Precipitation_accumulated": 0.10858904651374661,
            "Humidity": 0.6626881203651064,
            "Wind_Speed_kmh": 0.03855398475184746,
            "Soil_Moisture": 39.06507186189495,
            "Soil_Temperature": 0.14614795827969437,
            "Wind_Dir_Sin": 0.019518707031196805,
            "Wind_Dir_Cos": 0.01560791324901102
        },
        "MAE": {
            "Temperature": 0.1254411063391127,
            "Precipitation_accumulated": 0.07502528232778806,
            "Humidity": 0.28443421765306176,
            "Wind_Speed_kmh": 0.013155776620503584,
            "Soil_Moisture": 7.74752670506638,
            "Soil_Temperature": 0.06780599553730475,
            "Wind_Dir_Sin": 0.006401995987169214,
            "Wind_Dir_Cos": 0.005043909632376654
        },
        "R2": {
            "Temperature": 0.982966818130831,
            "Precipitation_accumulated": 0.9875766097411623,
            "Humidity": 0.993246737149885,
            "Wind_Speed_kmh": 0.9956321642202992,
            "Soil_Moisture": 0.9979376468033747,
            "Soil_Temperature": 0.9961941492684486,
            "Wind_Dir_Sin": 0.9976280517480165,
            "Wind_Dir_Cos": 0.9991514701316765
        },
        "SMAPE": {
            "Temperature": 2.226911047403067,
            "Precipitation_accumulated": 0.016306347227735548,
            "Humidity": 0.3410605168881775,
            "Wind_Speed_kmh": 123.84205443872973,
            "Soil_Moisture": 0.12317288320571562,
            "Soil_Temperature": 4.789543117406795,
            "Wind_Dir_Sin": 115.80922282628505,
            "Wind_Dir_Cos": 3.83953222416497
        }
    }
}