{
    "trial_number": 54,
    "overall_mae_val": 0.07723281360440198,
    "params": {
        "boosting_type": "gbdt",
        "n_estimators": 650,
        "learning_rate": 0.007138669405469943,
        "num_leaves": 25,
        "max_depth": 6,
        "min_child_samples": 25,
        "subsample": 0.8,
        "feature_fraction": 0.85,
        "reg_alpha": 0.00048731265779281804,
        "reg_lambda": 4.008129917044631e-05,
        "random_state": 42,
        "n_jobs": -1
    },
    "metrics": {
        "MSE": {
            "Temperature": 1.580594079841665,
            "Precipitation_accumulated": 30.468683758150206,
            "Humidity": 9.020848647636672,
            "Wind_Speed_kmh": 0.5495753106016421,
            "Soil_Moisture": 2131.3715023992327,
            "Soil_Temperature": 0.5877715161748636,
            "Wind_Dir_Sin": 0.3571549201651345,
            "Wind_Dir_Cos": 0.3059656514838718
        },
        "RMSE": {
            "Temperature": 1.2572167990611902,
            "Precipitation_accumulated": 5.519844541121626,
            "Humidity": 3.003472764590462,
            "Wind_Speed_kmh": 0.7413334678817908,
            "Soil_Moisture": 46.16677920755608,
            "Soil_Temperature": 0.7666625830017163,
            "Wind_Dir_Sin": 0.5976243972305134,
            "Wind_Dir_Cos": 0.5531416197357344
        },
        "MAE": {
            "Temperature": 0.9371858583565091,
            "Precipitation_accumulated": 5.164443757584471,
            "Humidity": 2.1135109330347825,
            "Wind_Speed_kmh": 0.5567154496315276,
            "Soil_Moisture": 34.71490026613705,
            "Soil_Temperature": 0.528834026920297,
            "Wind_Dir_Sin": 0.48576859449542303,
            "Wind_Dir_Cos": 0.4445489782700415
        },
        "R2": {
            "Temperature": 0.948277328011062,
            "Precipitation_accumulated": -7.758078000547867,
            "Humidity": 0.938476877088333,
            "Wind_Speed_kmh": 0.5942673487645979,
            "Soil_Moisture": 0.9637902068198929,
            "Soil_Temperature": 0.9637167306697885,
            "Wind_Dir_Sin": 0.34922549017341176,
            "Wind_Dir_Cos": 0.17230383584056463
        },
        "SMAPE": {
            "Temperature": 19.931791583725538,
            "Precipitation_accumulated": 1.1173659431223375,
            "Humidity": 2.5394805347471268,
            "Wind_Speed_kmh": 57.40261321313497,
            "Soil_Moisture": 0.4068695444255161,
            "Soil_Temperature": 8.455383280503638,
            "Wind_Dir_Sin": 97.22609057122457,
            "Wind_Dir_Cos": 108.93978640326749
        }
    }
}