{
    "trial_number": 57,
    "overall_mae_val": 0.07765378594991697,
    "params": {
        "boosting_type": "gbdt",
        "n_estimators": 600,
        "learning_rate": 0.009733076924068544,
        "num_leaves": 20,
        "max_depth": 7,
        "min_child_samples": 30,
        "subsample": 0.8,
        "feature_fraction": 0.8,
        "reg_alpha": 0.00028765936818903043,
        "reg_lambda": 6.722602709301851e-05,
        "random_state": 42,
        "n_jobs": -1
    },
    "metrics": {
        "MSE": {
            "Temperature": 2.0178705900867837,
            "Precipitation_accumulated": 15.100340650023657,
            "Humidity": 10.782391904883557,
            "Wind_Speed_kmh": 0.5521498882074506,
            "Soil_Moisture": 1776.7309876389509,
            "Soil_Temperature": 0.42247968696586724,
            "Wind_Dir_Sin": 0.3631199990680369,
            "Wind_Dir_Cos": 0.30629593123063525
        },
        "RMSE": {
            "Temperature": 1.4205177190330234,
            "Precipitation_accumulated": 3.885915677163319,
            "Humidity": 3.2836552658407303,
            "Wind_Speed_kmh": 0.7430678893664096,
            "Soil_Moisture": 42.15128690371091,
            "Soil_Temperature": 0.6499843744013137,
            "Wind_Dir_Sin": 0.6025943901730557,
            "Wind_Dir_Cos": 0.5534400882034435
        },
        "MAE": {
            "Temperature": 1.054217855227315,
            "Precipitation_accumulated": 3.4730483793701197,
            "Humidity": 2.3053207773154964,
            "Wind_Speed_kmh": 0.5559234701462036,
            "Soil_Moisture": 29.55348796448802,
            "Soil_Temperature": 0.4702223741711536,
            "Wind_Dir_Sin": 0.4924223871552289,
            "Wind_Dir_Cos": 0.4461605839125635
        },
        "R2": {
            "Temperature": 0.9339111212860521,
            "Precipitation_accumulated": -3.366478413971448,
            "Humidity": 0.9264428771087989,
            "Wind_Speed_kmh": 0.5912878751841115,
            "Soil_Moisture": 0.9694433033744738,
            "Soil_Temperature": 0.9738858631094044,
            "Wind_Dir_Sin": 0.33937194646731017,
            "Wind_Dir_Cos": 0.16808378051266903
        },
        "SMAPE": {
            "Temperature": 21.02956884602416,
            "Precipitation_accumulated": 0.749870586106817,
            "Humidity": 2.800115617244416,
            "Wind_Speed_kmh": 57.1217472007379,
            "Soil_Moisture": 0.34650743195156075,
            "Soil_Temperature": 8.500514297250225,
            "Wind_Dir_Sin": 97.98142265082991,
            "Wind_Dir_Cos": 110.07618861922683
        }
    }
}