{
    "trial_number": 35,
    "overall_smape_val": 34.532393457688784,
    "xgb_params": {
        "boosting_type": "gbdt",
        "n_estimators": 400,
        "learning_rate": 0.043521892689877224,
        "num_leaves": 120,
        "max_depth": 10,
        "min_child_samples": 45,
        "subsample": 1.0,
        "feature_fraction": 0.9,
        "reg_alpha": 0.0007759977937223341,
        "reg_lambda": 5.942249328612373e-05,
        "random_state": 42,
        "n_jobs": -1
    },
    "metrics": {
        "MSE": {
            "Temperature": 0.10766926900928137,
            "Precipitation_accumulated": 0.005909218986667217,
            "Humidity": 0.8670518703288771,
            "Wind_Speed_kmh": 0.010882089846318577,
            "Soil_Moisture": 4331.19446722732,
            "Soil_Temperature": 0.01966749166688906,
            "Wind_Dir_Sin": 0.006848674767317731,
            "Wind_Dir_Cos": 0.005563532790021458
        },
        "RMSE": {
            "Temperature": 0.32812995750050217,
            "Precipitation_accumulated": 0.07687144454651036,
            "Humidity": 0.931156200821794,
            "Wind_Speed_kmh": 0.104317255745723,
            "Soil_Moisture": 65.81181100096943,
            "Soil_Temperature": 0.14024083452008212,
            "Wind_Dir_Sin": 0.08275672037555458,
            "Wind_Dir_Cos": 0.07458909296955861
        },
        "MAE": {
            "Temperature": 0.14269260723082677,
            "Precipitation_accumulated": 0.03525171832129035,
            "Humidity": 0.3543659398506228,
            "Wind_Speed_kmh": 0.03362589563298782,
            "Soil_Moisture": 9.758397225231933,
            "Soil_Temperature": 0.06790596358462933,
            "Wind_Dir_Sin": 0.03239510741684188,
            "Wind_Dir_Cos": 0.027558824957338184
        },
        "R2": {
            "Temperature": 0.9683730129513585,
            "Precipitation_accumulated": 0.9937741568789995,
            "Humidity": 0.9866666167525959,
            "Wind_Speed_kmh": 0.9680228270161815,
            "Soil_Moisture": 0.9941467985336994,
            "Soil_Temperature": 0.9964955875008363,
            "Wind_Dir_Sin": 0.9573607397341297,
            "Wind_Dir_Cos": 0.980621145539249
        },
        "SMAPE": {
            "Temperature": 2.4762774801611567,
            "Precipitation_accumulated": 0.007656292553180439,
            "Humidity": 0.4227159883969152,
            "Wind_Speed_kmh": 129.03629455496133,
            "Soil_Moisture": 0.15481836199528692,
            "Soil_Temperature": 4.9061586497432375,
            "Wind_Dir_Sin": 126.80471060089981,
            "Wind_Dir_Cos": 12.450515732798927
        }
    }
}