{
    "trial_number": 56,
    "overall_mae_val": 0.0770951779537318,
    "params": {
        "boosting_type": "gbdt",
        "n_estimators": 600,
        "learning_rate": 0.00951353224258327,
        "num_leaves": 20,
        "max_depth": 7,
        "min_child_samples": 30,
        "subsample": 0.8,
        "feature_fraction": 0.95,
        "reg_alpha": 0.0003924080661774453,
        "reg_lambda": 7.368956879748015e-05,
        "random_state": 42,
        "n_jobs": -1
    },
    "metrics": {
        "MSE": {
            "Temperature": 1.996503465955235,
            "Precipitation_accumulated": 15.588968009758224,
            "Humidity": 10.360948931970158,
            "Wind_Speed_kmh": 0.5392303082308901,
            "Soil_Moisture": 1557.4144178948295,
            "Soil_Temperature": 0.39941438566135495,
            "Wind_Dir_Sin": 0.36434388064666967,
            "Wind_Dir_Cos": 0.31038817545808434
        },
        "RMSE": {
            "Temperature": 1.4129768101264915,
            "Precipitation_accumulated": 3.948286718281516,
            "Humidity": 3.2188427939199142,
            "Wind_Speed_kmh": 0.7343230271691676,
            "Soil_Moisture": 39.4640902327018,
            "Soil_Temperature": 0.6319923936736541,
            "Wind_Dir_Sin": 0.6036090461935355,
            "Wind_Dir_Cos": 0.5571249190783736
        },
        "MAE": {
            "Temperature": 1.0349090291683076,
            "Precipitation_accumulated": 3.5418548097300273,
            "Humidity": 2.2368132378113152,
            "Wind_Speed_kmh": 0.5501074312916573,
            "Soil_Moisture": 26.58904308824903,
            "Soil_Temperature": 0.4485869928938411,
            "Wind_Dir_Sin": 0.4883358228210387,
            "Wind_Dir_Cos": 0.4473664596977037
        },
        "R2": {
            "Temperature": 0.9346109329004011,
            "Precipitation_accumulated": -3.5077719694087888,
            "Humidity": 0.9293179472067595,
            "Wind_Speed_kmh": 0.6008512004635779,
            "Soil_Moisture": 0.9732151686333376,
            "Soil_Temperature": 0.9753115658219174,
            "Wind_Dir_Sin": 0.33714532577133693,
            "Wind_Dir_Cos": 0.15696902514115596
        },
        "SMAPE": {
            "Temperature": 20.76679426250314,
            "Precipitation_accumulated": 0.7647936118205697,
            "Humidity": 2.7206084998235274,
            "Wind_Speed_kmh": 56.89573004991026,
            "Soil_Moisture": 0.31247767573146884,
            "Soil_Temperature": 8.14874670667941,
            "Wind_Dir_Sin": 96.41769172419163,
            "Wind_Dir_Cos": 109.88708291102759
        }
    }
}