{
    "trial_number": 68,
    "overall_mae_val": 0.07722602957277408,
    "params": {
        "boosting_type": "gbdt",
        "n_estimators": 500,
        "learning_rate": 0.010355833126503834,
        "num_leaves": 30,
        "max_depth": 7,
        "min_child_samples": 35,
        "subsample": 0.85,
        "feature_fraction": 0.95,
        "reg_alpha": 0.0004243636735766173,
        "reg_lambda": 3.134911772238205e-05,
        "random_state": 42,
        "n_jobs": -1
    },
    "metrics": {
        "MSE": {
            "Temperature": 1.7456047062730904,
            "Precipitation_accumulated": 24.985943086321168,
            "Humidity": 8.755139272664895,
            "Wind_Speed_kmh": 0.5501179540722042,
            "Soil_Moisture": 2538.5492429991104,
            "Soil_Temperature": 0.6807712094392547,
            "Wind_Dir_Sin": 0.3632739310136062,
            "Wind_Dir_Cos": 0.3096722061779936
        },
        "RMSE": {
            "Temperature": 1.321213346236364,
            "Precipitation_accumulated": 4.998594110979723,
            "Humidity": 2.958908459662937,
            "Wind_Speed_kmh": 0.7416993690655292,
            "Soil_Moisture": 50.38401773379243,
            "Soil_Temperature": 0.8250886070230607,
            "Wind_Dir_Sin": 0.6027221009832029,
            "Wind_Dir_Cos": 0.5564819908837964
        },
        "MAE": {
            "Temperature": 0.9620573360816187,
            "Precipitation_accumulated": 4.2998957233023365,
            "Humidity": 2.056618308759454,
            "Wind_Speed_kmh": 0.5573567940447351,
            "Soil_Moisture": 38.14806291492927,
            "Soil_Temperature": 0.5516518846770199,
            "Wind_Dir_Sin": 0.4854386675919811,
            "Wind_Dir_Cos": 0.4459581140233454
        },
        "R2": {
            "Temperature": 0.9428775921684118,
            "Precipitation_accumulated": -6.182090312933684,
            "Humidity": 0.9402890425700645,
            "Wind_Speed_kmh": 0.5938667336537304,
            "Soil_Moisture": 0.956872678947315,
            "Soil_Temperature": 0.9579758384600082,
            "Wind_Dir_Sin": 0.3380759971643372,
            "Wind_Dir_Cos": 0.16227688971869414
        },
        "SMAPE": {
            "Temperature": 20.305394060874303,
            "Precipitation_accumulated": 0.9298296694939667,
            "Humidity": 2.480013098325328,
            "Wind_Speed_kmh": 57.49019020588995,
            "Soil_Moisture": 0.44813135744722365,
            "Soil_Temperature": 8.637888898461044,
            "Wind_Dir_Sin": 96.18908887932855,
            "Wind_Dir_Cos": 109.29275649785632
        }
    }
}