{
    "trial_number": 12,
    "overall_mae_val": 0.0788336609835047,
    "params": {
        "boosting_type": "gbdt",
        "n_estimators": 450,
        "learning_rate": 0.011322402615047387,
        "num_leaves": 140,
        "max_depth": 10,
        "min_child_samples": 35,
        "subsample": 0.9,
        "feature_fraction": 0.8,
        "reg_alpha": 1.4852922924326365e-05,
        "reg_lambda": 0.0012579566199093833,
        "random_state": 42,
        "n_jobs": -1
    },
    "metrics": {
        "MSE": {
            "Temperature": 1.732996057686277,
            "Precipitation_accumulated": 31.387409171949823,
            "Humidity": 9.12570021960077,
            "Wind_Speed_kmh": 0.5623493327548975,
            "Soil_Moisture": 4088.739859832904,
            "Soil_Temperature": 1.4886313783979908,
            "Wind_Dir_Sin": 0.3682069956599684,
            "Wind_Dir_Cos": 0.31087950226901867
        },
        "RMSE": {
            "Temperature": 1.3164330813551737,
            "Precipitation_accumulated": 5.60244671299512,
            "Humidity": 3.0208773923482513,
            "Wind_Speed_kmh": 0.7498995484429215,
            "Soil_Moisture": 63.94325499873231,
            "Soil_Temperature": 1.2200948235272497,
            "Wind_Dir_Sin": 0.6068006226595095,
            "Wind_Dir_Cos": 0.557565693231765
        },
        "MAE": {
            "Temperature": 0.9620708560490682,
            "Precipitation_accumulated": 5.027665381978098,
            "Humidity": 2.042022898259882,
            "Wind_Speed_kmh": 0.5542828602869778,
            "Soil_Moisture": 49.309245456593004,
            "Soil_Temperature": 0.8549571392997161,
            "Wind_Dir_Sin": 0.4881993984597513,
            "Wind_Dir_Cos": 0.44975779305960173
        },
        "R2": {
            "Temperature": 0.9430433249881733,
            "Precipitation_accumulated": -7.828071141911877,
            "Humidity": 0.9375104911883745,
            "Wind_Speed_kmh": 0.5828707853236053,
            "Soil_Moisture": 0.9338332862106754,
            "Soil_Temperature": 0.9083347390029011,
            "Wind_Dir_Sin": 0.3276523777535092,
            "Wind_Dir_Cos": 0.16095592145556692
        },
        "SMAPE": {
            "Temperature": 20.257772160113465,
            "Precipitation_accumulated": 1.0880318419465425,
            "Humidity": 2.458275781345334,
            "Wind_Speed_kmh": 57.564124977756556,
            "Soil_Moisture": 0.5755300008886514,
            "Soil_Temperature": 13.196422408662634,
            "Wind_Dir_Sin": 96.69582547082483,
            "Wind_Dir_Cos": 111.10584315581299
        }
    }
}