{
    "trial_number": 17,
    "overall_smape_val": 35.33332356712428,
    "xgb_params": {
        "boosting_type": "gbdt",
        "n_estimators": 550,
        "learning_rate": 0.05904268034562621,
        "num_leaves": 55,
        "max_depth": 10,
        "min_child_samples": 20,
        "subsample": 0.95,
        "feature_fraction": 0.7,
        "reg_alpha": 0.9992588284472462,
        "reg_lambda": 0.13352992352856025,
        "random_state": 42,
        "n_jobs": -1
    },
    "metrics": {
        "MSE": {
            "Temperature": 0.2247985970408969,
            "Precipitation_accumulated": 0.34537899377685144,
            "Humidity": 1.2009104982914791,
            "Wind_Speed_kmh": 0.021170765150835363,
            "Soil_Moisture": 6166.470728911656,
            "Soil_Temperature": 0.07090391097314165,
            "Wind_Dir_Sin": 0.003555375428037251,
            "Wind_Dir_Cos": 0.002365266431284063
        },
        "RMSE": {
            "Temperature": 0.4741293041364317,
            "Precipitation_accumulated": 0.5876895385974226,
            "Humidity": 1.0958606199200147,
            "Wind_Speed_kmh": 0.14550177026701552,
            "Soil_Moisture": 78.52687902184611,
            "Soil_Temperature": 0.26627788299658245,
            "Wind_Dir_Sin": 0.05962696896570587,
            "Wind_Dir_Cos": 0.04863400488633507
        },
        "MAE": {
            "Temperature": 0.23771946426806234,
            "Precipitation_accumulated": 0.3640117291772346,
            "Humidity": 0.4976131468559481,
            "Wind_Speed_kmh": 0.04956231921872122,
            "Soil_Moisture": 14.725878644033118,
            "Soil_Temperature": 0.13913020582926888,
            "Wind_Dir_Sin": 0.023505181990766365,
            "Wind_Dir_Cos": 0.01852371751256
        },
        "R2": {
            "Temperature": 0.9339672091899094,
            "Precipitation_accumulated": 0.6361151215760832,
            "Humidity": 0.9815325928384449,
            "Wind_Speed_kmh": 0.937789410950592,
            "Soil_Moisture": 0.9916665954887334,
            "Soil_Temperature": 0.987366129038601,
            "Wind_Dir_Sin": 0.9778645382691558,
            "Wind_Dir_Cos": 0.9917613222276745
        },
        "SMAPE": {
            "Temperature": 4.400239378683394,
            "Precipitation_accumulated": 0.07910263582509372,
            "Humidity": 0.5924269420119694,
            "Wind_Speed_kmh": 136.344136564253,
            "Soil_Moisture": 0.23166953947149665,
            "Soil_Temperature": 8.34929304194873,
            "Wind_Dir_Sin": 123.47423976864503,
            "Wind_Dir_Cos": 9.195480666155078
        }
    }
}