{
    "trial_number": 2,
    "overall_mae_val": 0.08029109828852239,
    "params": {
        "boosting_type": "gbdt",
        "n_estimators": 700,
        "learning_rate": 0.055781383038694045,
        "num_leaves": 25,
        "max_depth": 5,
        "min_child_samples": 50,
        "subsample": 0.6,
        "feature_fraction": 0.95,
        "reg_alpha": 0.007449173593049479,
        "reg_lambda": 2.924150027579645e-05,
        "random_state": 42,
        "n_jobs": -1
    },
    "metrics": {
        "MSE": {
            "Temperature": 1.7969354933432677,
            "Precipitation_accumulated": 19.123035396954627,
            "Humidity": 9.676743343160652,
            "Wind_Speed_kmh": 0.6096592417998073,
            "Soil_Moisture": 4186.725979179161,
            "Soil_Temperature": 1.1264482572554708,
            "Wind_Dir_Sin": 0.38782732158224187,
            "Wind_Dir_Cos": 0.3254591369141094
        },
        "RMSE": {
            "Temperature": 1.3404982257889295,
            "Precipitation_accumulated": 4.372989297603485,
            "Humidity": 3.1107464286181625,
            "Wind_Speed_kmh": 0.7808067890328614,
            "Soil_Moisture": 64.70491464470965,
            "Soil_Temperature": 1.0613426672170825,
            "Wind_Dir_Sin": 0.6227578354242055,
            "Wind_Dir_Cos": 0.5704902601395657
        },
        "MAE": {
            "Temperature": 1.0111134409763434,
            "Precipitation_accumulated": 3.7736586548963404,
            "Humidity": 2.23550209492298,
            "Wind_Speed_kmh": 0.5833041514551116,
            "Soil_Moisture": 50.99397637296189,
            "Soil_Temperature": 0.696053635537704,
            "Wind_Dir_Sin": 0.5063708852963277,
            "Wind_Dir_Cos": 0.4511774001300426
        },
        "R2": {
            "Temperature": 0.9411992494916083,
            "Precipitation_accumulated": -4.480677944491863,
            "Humidity": 0.9340122610047868,
            "Wind_Speed_kmh": 0.5507221945769173,
            "Soil_Moisture": 0.9293171699982192,
            "Soil_Temperature": 0.930479384138282,
            "Wind_Dir_Sin": 0.2926407607213817,
            "Wind_Dir_Cos": 0.12075288465554868
        },
        "SMAPE": {
            "Temperature": 21.10021526385409,
            "Precipitation_accumulated": 0.815168702377424,
            "Humidity": 2.678213296322497,
            "Wind_Speed_kmh": 60.362291099258535,
            "Soil_Moisture": 0.5930323204787573,
            "Soil_Temperature": 11.450383823161264,
            "Wind_Dir_Sin": 102.0726222860212,
            "Wind_Dir_Cos": 108.03894042384857
        }
    }
}