{
    "trial_number": 37,
    "overall_mae_val": 0.2150218638063245,
    "params": {
        "boosting_type": "dart",
        "n_estimators": 100,
        "learning_rate": 0.0235344765046356,
        "num_leaves": 110,
        "max_depth": 6,
        "min_child_samples": 50,
        "subsample": 0.7,
        "feature_fraction": 1.0,
        "reg_alpha": 0.03288081254196303,
        "reg_lambda": 0.07227735855747673,
        "random_state": 42,
        "n_jobs": -1
    },
    "metrics": {
        "MSE": {
            "Temperature": 14.302098492094938,
            "Precipitation_accumulated": 30480.312048167107,
            "Humidity": 610.25498405758,
            "Wind_Speed_kmh": 1.0913358795192156,
            "Soil_Moisture": 1534078.334143358,
            "Soil_Temperature": 6.737425033558693,
            "Wind_Dir_Sin": 0.5639656276684095,
            "Wind_Dir_Cos": 0.34085398895039637
        },
        "RMSE": {
            "Temperature": 3.7818115357715723,
            "Precipitation_accumulated": 174.5861164244371,
            "Humidity": 24.70333953249196,
            "Wind_Speed_kmh": 1.0446702252477649,
            "Soil_Moisture": 1238.5791594174989,
            "Soil_Temperature": 2.595655029767764,
            "Wind_Dir_Sin": 0.7509764494765528,
            "Wind_Dir_Cos": 0.5838270197159398
        },
        "MAE": {
            "Temperature": 2.872700012597511,
            "Precipitation_accumulated": 174.5761971538458,
            "Humidity": 23.856625275739468,
            "Wind_Speed_kmh": 0.7776113761579365,
            "Soil_Moisture": 1233.8336059547928,
            "Soil_Temperature": 2.0696867872416607,
            "Wind_Dir_Sin": 0.6546140096055487,
            "Wind_Dir_Cos": 0.4774255242851438
        },
        "R2": {
            "Temperature": 0.5317319255662963,
            "Precipitation_accumulated": -8799.600537808212,
            "Humidity": -3.1628493847397916,
            "Wind_Speed_kmh": 0.19175401876425935,
            "Soil_Moisture": -25.304757639293072,
            "Soil_Temperature": 0.583736532513849,
            "Wind_Dir_Sin": -0.02644369520029155,
            "Wind_Dir_Cos": 0.0752052019213253
        },
        "SMAPE": {
            "Temperature": 39.20526904546189,
            "Precipitation_accumulated": 46.284381982411496,
            "Humidity": 31.122495954458554,
            "Wind_Speed_kmh": 73.47756236284091,
            "Soil_Moisture": 15.482564652040987,
            "Soil_Temperature": 29.079228952922385,
            "Wind_Dir_Sin": 143.18350763600284,
            "Wind_Dir_Cos": 112.80623921370672
        }
    }
}