{
    "trial_number": 49,
    "overall_smape_val": 31.15976795427666,
    "xgb_params": {
        "boosting_type": "gbdt",
        "n_estimators": 350,
        "learning_rate": 0.08566704036959258,
        "num_leaves": 55,
        "max_depth": 9,
        "min_child_samples": 20,
        "subsample": 0.95,
        "feature_fraction": 0.65,
        "reg_alpha": 0.026774231158936276,
        "reg_lambda": 0.003477244271118359,
        "random_state": 42,
        "n_jobs": -1
    },
    "metrics": {
        "MSE": {
            "Temperature": 0.043092468923562485,
            "Precipitation_accumulated": 0.01200006246039433,
            "Humidity": 0.35711987653251975,
            "Wind_Speed_kmh": 0.0008447288401668974,
            "Soil_Moisture": 1417.0715536167402,
            "Soil_Temperature": 0.011872098147291793,
            "Wind_Dir_Sin": 0.0008063707084905888,
            "Wind_Dir_Cos": 0.0004942456275544251
        },
        "RMSE": {
            "Temperature": 0.20758725616849047,
            "Precipitation_accumulated": 0.10954479659205328,
            "Humidity": 0.5975950773998392,
            "Wind_Speed_kmh": 0.02906421924234156,
            "Soil_Moisture": 37.644010859853125,
            "Soil_Temperature": 0.10895915816163317,
            "Wind_Dir_Sin": 0.02839666720744864,
            "Wind_Dir_Cos": 0.022231635737264704
        },
        "MAE": {
            "Temperature": 0.09275910114779372,
            "Precipitation_accumulated": 0.0398999786789383,
            "Humidity": 0.2401324307725849,
            "Wind_Speed_kmh": 0.009296549519359617,
            "Soil_Moisture": 7.2436154621897115,
            "Soil_Temperature": 0.05418605530947493,
            "Wind_Dir_Sin": 0.00928184458726276,
            "Wind_Dir_Cos": 0.007882516573860793
        },
        "R2": {
            "Temperature": 0.9873419317407828,
            "Precipitation_accumulated": 0.9873569575794721,
            "Humidity": 0.9945082683723783,
            "Wind_Speed_kmh": 0.997517752506374,
            "Soil_Moisture": 0.9980849612368498,
            "Soil_Temperature": 0.9978845940375451,
            "Wind_Dir_Sin": 0.994979605299089,
            "Wind_Dir_Cos": 0.9982784474459433
        },
        "SMAPE": {
            "Temperature": 1.522842503761115,
            "Precipitation_accumulated": 0.008662859158105623,
            "Humidity": 0.2873610152413192,
            "Wind_Speed_kmh": 122.85693336511578,
            "Soil_Moisture": 0.11562109327620695,
            "Soil_Temperature": 2.7824319926766004,
            "Wind_Dir_Sin": 116.7681189159954,
            "Wind_Dir_Cos": 4.936171888988899
        }
    }
}