{
    "trial_number": 16,
    "overall_mae_val": 0.07864703957513731,
    "params": {
        "boosting_type": "gbdt",
        "n_estimators": 500,
        "learning_rate": 0.01081515493018341,
        "num_leaves": 120,
        "max_depth": 11,
        "min_child_samples": 40,
        "subsample": 0.95,
        "feature_fraction": 0.85,
        "reg_alpha": 0.0002489474298375144,
        "reg_lambda": 0.5972106830699333,
        "random_state": 42,
        "n_jobs": -1
    },
    "metrics": {
        "MSE": {
            "Temperature": 1.9483044680529231,
            "Precipitation_accumulated": 23.4557062359247,
            "Humidity": 9.881223368572613,
            "Wind_Speed_kmh": 0.5551403160532509,
            "Soil_Moisture": 2007.7525093671816,
            "Soil_Temperature": 1.6067356193373143,
            "Wind_Dir_Sin": 0.36447508117251953,
            "Wind_Dir_Cos": 0.30989159710834846
        },
        "RMSE": {
            "Temperature": 1.395816774527704,
            "Precipitation_accumulated": 4.843109149701739,
            "Humidity": 3.14344132577222,
            "Wind_Speed_kmh": 0.7450773893047963,
            "Soil_Moisture": 44.80795140783811,
            "Soil_Temperature": 1.2675707551601663,
            "Wind_Dir_Sin": 0.6037177164640106,
            "Wind_Dir_Cos": 0.5566790791006506
        },
        "MAE": {
            "Temperature": 1.0490472117122684,
            "Precipitation_accumulated": 4.407407437358449,
            "Humidity": 2.19374679246711,
            "Wind_Speed_kmh": 0.5607623177209801,
            "Soil_Moisture": 32.64820162434228,
            "Soil_Temperature": 0.8661111355305974,
            "Wind_Dir_Sin": 0.4895685576486564,
            "Wind_Dir_Cos": 0.44516749543089446
        },
        "R2": {
            "Temperature": 0.936108676796809,
            "Precipitation_accumulated": -5.663642012446224,
            "Humidity": 0.9325379932628844,
            "Wind_Speed_kmh": 0.5896977578735818,
            "Soil_Moisture": 0.9667761740602806,
            "Soil_Temperature": 0.9007868112502591,
            "Wind_Dir_Sin": 0.3359641918616231,
            "Wind_Dir_Cos": 0.16319303611186675
        },
        "SMAPE": {
            "Temperature": 21.794712039058936,
            "Precipitation_accumulated": 0.9527396674863586,
            "Humidity": 2.63646697596587,
            "Wind_Speed_kmh": 57.719792772675135,
            "Soil_Moisture": 0.38394308325877485,
            "Soil_Temperature": 13.02200929751142,
            "Wind_Dir_Sin": 98.06272533016029,
            "Wind_Dir_Cos": 107.6405148641718
        }
    }
}