{
    "trial_number": 11,
    "overall_mae_val": 0.07922488524699094,
    "params": {
        "boosting_type": "gbdt",
        "n_estimators": 400,
        "learning_rate": 0.0170048703399203,
        "num_leaves": 145,
        "max_depth": 10,
        "min_child_samples": 35,
        "subsample": 0.9,
        "feature_fraction": 0.75,
        "reg_alpha": 1.9081803169729447e-05,
        "reg_lambda": 0.001186853546886818,
        "random_state": 42,
        "n_jobs": -1
    },
    "metrics": {
        "MSE": {
            "Temperature": 1.9310812631973588,
            "Precipitation_accumulated": 22.306295016129802,
            "Humidity": 9.906784793743183,
            "Wind_Speed_kmh": 0.5659554479536416,
            "Soil_Moisture": 1799.581422666753,
            "Soil_Temperature": 1.854663927382002,
            "Wind_Dir_Sin": 0.36735041695730764,
            "Wind_Dir_Cos": 0.3088309538140255
        },
        "RMSE": {
            "Temperature": 1.3896334995952562,
            "Precipitation_accumulated": 4.722954056110413,
            "Humidity": 3.147504534348312,
            "Wind_Speed_kmh": 0.7523001049804803,
            "Soil_Moisture": 42.42147360319716,
            "Soil_Temperature": 1.36186046545966,
            "Wind_Dir_Sin": 0.6060943960781254,
            "Wind_Dir_Cos": 0.5557256101836818
        },
        "MAE": {
            "Temperature": 1.0198637487321076,
            "Precipitation_accumulated": 4.077631110066587,
            "Humidity": 2.166678793726233,
            "Wind_Speed_kmh": 0.5655862655027795,
            "Soil_Moisture": 28.605691130976844,
            "Soil_Temperature": 0.9478499651090698,
            "Wind_Dir_Sin": 0.4986232545269152,
            "Wind_Dir_Cos": 0.4461790432753467
        },
        "R2": {
            "Temperature": 0.9365641430047771,
            "Precipitation_accumulated": -5.309701522205819,
            "Humidity": 0.932244728852831,
            "Wind_Speed_kmh": 0.5809504294645838,
            "Soil_Moisture": 0.9705282752010148,
            "Soil_Temperature": 0.8854509355459903,
            "Wind_Dir_Sin": 0.3304314114403536,
            "Wind_Dir_Cos": 0.16547021105042548
        },
        "SMAPE": {
            "Temperature": 21.2377715450995,
            "Precipitation_accumulated": 0.8813507690073379,
            "Humidity": 2.5935213268332675,
            "Wind_Speed_kmh": 57.951383281179766,
            "Soil_Moisture": 0.3357726536934678,
            "Soil_Temperature": 14.575868842142087,
            "Wind_Dir_Sin": 100.32520874103903,
            "Wind_Dir_Cos": 109.13160610343799
        }
    }
}