{
    "trial_number": 13,
    "overall_smape_val": 34.703787968932986,
    "xgb_params": {
        "boosting_type": "gbdt",
        "n_estimators": 600,
        "learning_rate": 0.051783454227096126,
        "num_leaves": 50,
        "max_depth": 5,
        "min_child_samples": 15,
        "subsample": 0.85,
        "feature_fraction": 0.85,
        "reg_alpha": 0.0006456363781849434,
        "reg_lambda": 0.014839284556018946,
        "random_state": 42,
        "n_jobs": -1
    },
    "metrics": {
        "MSE": {
            "Temperature": 0.1171371329546919,
            "Precipitation_accumulated": 0.0028184936459529357,
            "Humidity": 0.8643350447768041,
            "Wind_Speed_kmh": 0.00470415048611631,
            "Soil_Moisture": 1252.6015634591895,
            "Soil_Temperature": 0.021506591293781043,
            "Wind_Dir_Sin": 0.004149880533119793,
            "Wind_Dir_Cos": 0.0026302095123993644
        },
        "RMSE": {
            "Temperature": 0.34225302475608876,
            "Precipitation_accumulated": 0.05308948715096931,
            "Humidity": 0.929696211015622,
            "Wind_Speed_kmh": 0.0685868098552215,
            "Soil_Moisture": 35.39211159932661,
            "Soil_Temperature": 0.14665125738902154,
            "Wind_Dir_Sin": 0.06441956638413358,
            "Wind_Dir_Cos": 0.051285568266319956
        },
        "MAE": {
            "Temperature": 0.1615042609839827,
            "Precipitation_accumulated": 0.021716547248954235,
            "Humidity": 0.4069853001089618,
            "Wind_Speed_kmh": 0.026277034796739117,
            "Soil_Moisture": 9.297741595001975,
            "Soil_Temperature": 0.07493052065950814,
            "Wind_Dir_Sin": 0.027150639774993216,
            "Wind_Dir_Cos": 0.019745427542054515
        },
        "R2": {
            "Temperature": 0.965591903604791,
            "Precipitation_accumulated": 0.9970304875624288,
            "Humidity": 0.98670839565596,
            "Wind_Speed_kmh": 0.9861767881022095,
            "Soil_Moisture": 0.9983072269408805,
            "Soil_Temperature": 0.9961678912277758,
            "Wind_Dir_Sin": 0.9741632005992796,
            "Wind_Dir_Cos": 0.9908384745330361
        },
        "SMAPE": {
            "Temperature": 2.7009152533612295,
            "Precipitation_accumulated": 0.00471555647742729,
            "Humidity": 0.48810501755517677,
            "Wind_Speed_kmh": 132.51531728151443,
            "Soil_Moisture": 0.15149089572141655,
            "Soil_Temperature": 5.014036929650564,
            "Wind_Dir_Sin": 126.78654447944758,
            "Wind_Dir_Cos": 9.969178337735906
        }
    }
}