{
    "trial_number": 22,
    "overall_mae_val": 0.07822553617778605,
    "params": {
        "boosting_type": "gbdt",
        "n_estimators": 250,
        "learning_rate": 0.024594407384135052,
        "num_leaves": 105,
        "max_depth": 9,
        "min_child_samples": 45,
        "subsample": 0.8,
        "feature_fraction": 0.95,
        "reg_alpha": 0.09307942217919135,
        "reg_lambda": 0.15691551525972083,
        "random_state": 42,
        "n_jobs": -1
    },
    "metrics": {
        "MSE": {
            "Temperature": 1.8521131056212485,
            "Precipitation_accumulated": 19.39434811406922,
            "Humidity": 9.453788113565755,
            "Wind_Speed_kmh": 0.5487797208108973,
            "Soil_Moisture": 1488.778334902677,
            "Soil_Temperature": 1.17811807359833,
            "Wind_Dir_Sin": 0.36934448821344196,
            "Wind_Dir_Cos": 0.31595486722737154
        },
        "RMSE": {
            "Temperature": 1.3609236222585193,
            "Precipitation_accumulated": 4.403901465072671,
            "Humidity": 3.0747013047718563,
            "Wind_Speed_kmh": 0.7407966798055302,
            "Soil_Moisture": 38.58469042123672,
            "Soil_Temperature": 1.085411476629177,
            "Wind_Dir_Sin": 0.6077371867949517,
            "Wind_Dir_Cos": 0.5620986276689987
        },
        "MAE": {
            "Temperature": 1.0280421944840814,
            "Precipitation_accumulated": 4.046078575567707,
            "Humidity": 2.1923420347783154,
            "Wind_Speed_kmh": 0.5558468519177212,
            "Soil_Moisture": 26.26421549471074,
            "Soil_Temperature": 0.6839639844215362,
            "Wind_Dir_Sin": 0.4901914884635228,
            "Wind_Dir_Cos": 0.45196563931129335
        },
        "R2": {
            "Temperature": 0.9393724613299546,
            "Precipitation_accumulated": -4.542250870219141,
            "Humidity": 0.9355408601962528,
            "Wind_Speed_kmh": 0.5952153445858235,
            "Soil_Moisture": 0.9750310110122676,
            "Soil_Temperature": 0.9272923179848892,
            "Wind_Dir_Sin": 0.3268317552636727,
            "Wind_Dir_Cos": 0.14657732606227658
        },
        "SMAPE": {
            "Temperature": 21.546384933011467,
            "Precipitation_accumulated": 0.8741899716023036,
            "Humidity": 2.621078828993021,
            "Wind_Speed_kmh": 57.76933666411751,
            "Soil_Moisture": 0.30848974348567304,
            "Soil_Temperature": 10.109773647983497,
            "Wind_Dir_Sin": 97.44561397227413,
            "Wind_Dir_Cos": 110.46172386312018
        }
    }
}