{
    "trial_number": 44,
    "overall_smape_val": 29.665284451891488,
    "xgb_params": {
        "boosting_type": "gbdt",
        "n_estimators": 500,
        "learning_rate": 0.07029558085071588,
        "num_leaves": 110,
        "max_depth": 9,
        "min_child_samples": 15,
        "subsample": 0.95,
        "feature_fraction": 0.75,
        "reg_alpha": 0.01749576753319548,
        "reg_lambda": 0.018869935225085167,
        "random_state": 42,
        "n_jobs": -1
    },
    "metrics": {
        "MSE": {
            "Temperature": 0.012351665353114894,
            "Precipitation_accumulated": 0.003976441463773703,
            "Humidity": 0.18440970317319785,
            "Wind_Speed_kmh": 0.0002601667610520681,
            "Soil_Moisture": 569.3108635728937,
            "Soil_Temperature": 0.006294056363707436,
            "Wind_Dir_Sin": 0.0002966340871624831,
            "Wind_Dir_Cos": 0.00013342508229967413
        },
        "RMSE": {
            "Temperature": 0.11113804637978343,
            "Precipitation_accumulated": 0.06305903157973253,
            "Humidity": 0.4294295089688153,
            "Wind_Speed_kmh": 0.01612968570840945,
            "Soil_Moisture": 23.860236033469864,
            "Soil_Temperature": 0.0793350891075786,
            "Wind_Dir_Sin": 0.01722306845955398,
            "Wind_Dir_Cos": 0.011550977547362567
        },
        "MAE": {
            "Temperature": 0.05118687741127186,
            "Precipitation_accumulated": 0.026095648438695634,
            "Humidity": 0.17463391825784308,
            "Wind_Speed_kmh": 0.004129366213968886,
            "Soil_Moisture": 5.208777634653286,
            "Soil_Temperature": 0.036181506772317,
            "Wind_Dir_Sin": 0.003977787622096231,
            "Wind_Dir_Cos": 0.0031892161863369397
        },
        "R2": {
            "Temperature": 0.9963717970434215,
            "Precipitation_accumulated": 0.9958104952974065,
            "Humidity": 0.997164177448789,
            "Wind_Speed_kmh": 0.9992354963393713,
            "Soil_Moisture": 0.999230629978252,
            "Soil_Temperature": 0.9988785062088751,
            "Wind_Dir_Sin": 0.9981531816773359,
            "Wind_Dir_Cos": 0.9995352547834468
        },
        "SMAPE": {
            "Temperature": 0.8353509338863235,
            "Precipitation_accumulated": 0.0056652083390027475,
            "Humidity": 0.20975157617167095,
            "Wind_Speed_kmh": 118.25604077408762,
            "Soil_Moisture": 0.08396848972366214,
            "Soil_Temperature": 2.076669531273279,
            "Wind_Dir_Sin": 112.95264538114183,
            "Wind_Dir_Cos": 2.902183720508655
        }
    }
}