{
    "trial_number": 75,
    "overall_mae_val": 0.07775318219740618,
    "params": {
        "boosting_type": "gbdt",
        "n_estimators": 650,
        "learning_rate": 0.009539159318761585,
        "num_leaves": 35,
        "max_depth": 7,
        "min_child_samples": 35,
        "subsample": 0.9,
        "feature_fraction": 0.75,
        "reg_alpha": 0.00020363782134880893,
        "reg_lambda": 9.531171395172838e-05,
        "random_state": 42,
        "n_jobs": -1
    },
    "metrics": {
        "MSE": {
            "Temperature": 1.6868727508426031,
            "Precipitation_accumulated": 21.624014653204657,
            "Humidity": 9.194431721486422,
            "Wind_Speed_kmh": 0.561676894610451,
            "Soil_Moisture": 2390.917722052927,
            "Soil_Temperature": 1.2643742049144648,
            "Wind_Dir_Sin": 0.36009813853653927,
            "Wind_Dir_Cos": 0.3063972282425962
        },
        "RMSE": {
            "Temperature": 1.29879665492432,
            "Precipitation_accumulated": 4.6501628630839,
            "Humidity": 3.03223213515826,
            "Wind_Speed_kmh": 0.749451062185151,
            "Soil_Moisture": 48.897011381606205,
            "Soil_Temperature": 1.1244439536564128,
            "Wind_Dir_Sin": 0.6000817765409472,
            "Wind_Dir_Cos": 0.5535315964266143
        },
        "MAE": {
            "Temperature": 0.9696489374959016,
            "Precipitation_accumulated": 3.932997353880933,
            "Humidity": 2.0997194583852115,
            "Wind_Speed_kmh": 0.5606423074322526,
            "Soil_Moisture": 33.968486822735564,
            "Soil_Temperature": 0.7662896652614506,
            "Wind_Dir_Sin": 0.4873751824106473,
            "Wind_Dir_Cos": 0.44496603053457773
        },
        "R2": {
            "Temperature": 0.9448040663289623,
            "Precipitation_accumulated": -5.20656350414583,
            "Humidity": 0.9372971622375189,
            "Wind_Speed_kmh": 0.586287578977299,
            "Soil_Moisture": 0.9595051490432213,
            "Soil_Temperature": 0.921961324161977,
            "Wind_Dir_Sin": 0.3435528759750801,
            "Wind_Dir_Cos": 0.17215779545816168
        },
        "SMAPE": {
            "Temperature": 20.71071508811269,
            "Precipitation_accumulated": 0.8500670183129679,
            "Humidity": 2.5321428423775707,
            "Wind_Speed_kmh": 57.5502513156852,
            "Soil_Moisture": 0.40135480334566637,
            "Soil_Temperature": 11.78905869864971,
            "Wind_Dir_Sin": 98.09500239694897,
            "Wind_Dir_Cos": 108.80798039063359
        }
    }
}