{
    "trial_number": 69,
    "overall_mae_val": 0.0773623895634235,
    "params": {
        "boosting_type": "gbdt",
        "n_estimators": 500,
        "learning_rate": 0.01055545677802424,
        "num_leaves": 25,
        "max_depth": 7,
        "min_child_samples": 35,
        "subsample": 0.9,
        "feature_fraction": 1.0,
        "reg_alpha": 0.000428777679250586,
        "reg_lambda": 0.0001761787913488666,
        "random_state": 42,
        "n_jobs": -1
    },
    "metrics": {
        "MSE": {
            "Temperature": 1.8120713273342808,
            "Precipitation_accumulated": 27.462962659123466,
            "Humidity": 8.787429929777364,
            "Wind_Speed_kmh": 0.5449640920735249,
            "Soil_Moisture": 1290.8500885631954,
            "Soil_Temperature": 0.8461963682939446,
            "Wind_Dir_Sin": 0.36599728798687686,
            "Wind_Dir_Cos": 0.3140917853742925
        },
        "RMSE": {
            "Temperature": 1.3461319873378987,
            "Precipitation_accumulated": 5.240511679132436,
            "Humidity": 2.9643599528021833,
            "Wind_Speed_kmh": 0.7382168326945173,
            "Soil_Moisture": 35.928402254528315,
            "Soil_Temperature": 0.9198893239373662,
            "Wind_Dir_Sin": 0.6049770970763082,
            "Wind_Dir_Cos": 0.5604389220729521
        },
        "MAE": {
            "Temperature": 1.0038707444075892,
            "Precipitation_accumulated": 4.639368458562152,
            "Humidity": 2.1075892080587173,
            "Wind_Speed_kmh": 0.5538368066370135,
            "Soil_Moisture": 23.166778576304132,
            "Soil_Temperature": 0.6003608290011723,
            "Wind_Dir_Sin": 0.48723617200960767,
            "Wind_Dir_Cos": 0.44707988422871947
        },
        "R2": {
            "Temperature": 0.9406968004128422,
            "Precipitation_accumulated": -6.859414941337864,
            "Humidity": 0.9400805230829592,
            "Wind_Speed_kmh": 0.5982691947961176,
            "Soil_Moisture": 0.9782795225788502,
            "Soil_Temperature": 0.9477775150458785,
            "Wind_Dir_Sin": 0.33251722534072936,
            "Wind_Dir_Cos": 0.15141479649817768
        },
        "SMAPE": {
            "Temperature": 21.130903875974404,
            "Precipitation_accumulated": 1.0034069035892395,
            "Humidity": 2.5196443092145944,
            "Wind_Speed_kmh": 57.598345511556175,
            "Soil_Moisture": 0.2717661399382827,
            "Soil_Temperature": 9.388715037099026,
            "Wind_Dir_Sin": 96.56922132117762,
            "Wind_Dir_Cos": 108.31886122318068
        }
    }
}