{
    "trial_number": 32,
    "overall_smape_val": 29.740872316915887,
    "xgb_params": {
        "boosting_type": "gbdt",
        "n_estimators": 450,
        "learning_rate": 0.05120549238270165,
        "num_leaves": 105,
        "max_depth": 11,
        "min_child_samples": 10,
        "subsample": 0.95,
        "feature_fraction": 0.75,
        "reg_alpha": 0.03995229141543719,
        "reg_lambda": 0.028710928323237385,
        "random_state": 42,
        "n_jobs": -1
    },
    "metrics": {
        "MSE": {
            "Temperature": 0.013697942757310266,
            "Precipitation_accumulated": 0.006113370705784324,
            "Humidity": 0.1366740128151413,
            "Wind_Speed_kmh": 0.0002641227310316661,
            "Soil_Moisture": 536.4251414600981,
            "Soil_Temperature": 0.009280702799833677,
            "Wind_Dir_Sin": 0.00015590147754668678,
            "Wind_Dir_Cos": 6.86016180743874e-05
        },
        "RMSE": {
            "Temperature": 0.1170382106720291,
            "Precipitation_accumulated": 0.07818804707744224,
            "Humidity": 0.36969448577865116,
            "Wind_Speed_kmh": 0.016251853156845412,
            "Soil_Moisture": 23.16085364273299,
            "Soil_Temperature": 0.09633640433311634,
            "Wind_Dir_Sin": 0.012486051319239673,
            "Wind_Dir_Cos": 0.008282609375938685
        },
        "MAE": {
            "Temperature": 0.06143246839136628,
            "Precipitation_accumulated": 0.04015438903943355,
            "Humidity": 0.16792196052660838,
            "Wind_Speed_kmh": 0.004616965655269639,
            "Soil_Moisture": 5.46351258172908,
            "Soil_Temperature": 0.04176542257221383,
            "Wind_Dir_Sin": 0.0033222637563286423,
            "Wind_Dir_Cos": 0.002268574143185468
        },
        "R2": {
            "Temperature": 0.9959763388182645,
            "Precipitation_accumulated": 0.9935590664281339,
            "Humidity": 0.9978982491645699,
            "Wind_Speed_kmh": 0.9992238716663403,
            "Soil_Moisture": 0.9992750719349333,
            "Soil_Temperature": 0.9983463366125374,
            "Wind_Dir_Sin": 0.9990293708048936,
            "Wind_Dir_Cos": 0.9997610473735645
        },
        "SMAPE": {
            "Temperature": 1.0547360865327609,
            "Precipitation_accumulated": 0.00872163544003081,
            "Humidity": 0.20091276527505592,
            "Wind_Speed_kmh": 118.37607270682216,
            "Soil_Moisture": 0.08652124256226833,
            "Soil_Temperature": 2.4210294321975776,
            "Wind_Dir_Sin": 113.13945651758789,
            "Wind_Dir_Cos": 2.63952814890891
        }
    }
}