{
    "trial_number": 9,
    "overall_smape_val": 54.003506540493774,
    "xgb_params": {
        "boosting_type": "dart",
        "n_estimators": 400,
        "learning_rate": 0.028089029548763293,
        "num_leaves": 20,
        "max_depth": 9,
        "min_child_samples": 25,
        "subsample": 0.75,
        "feature_fraction": 1.0,
        "reg_alpha": 9.162130358200683e-05,
        "reg_lambda": 0.4716643572166632,
        "random_state": 42,
        "n_jobs": -1
    },
    "metrics": {
        "MSE": {
            "Temperature": 1.0327378144273496,
            "Precipitation_accumulated": 5588.097452996621,
            "Humidity": 122.18858475029138,
            "Wind_Speed_kmh": 0.06373228534744672,
            "Soil_Moisture": 37651.61078241357,
            "Soil_Temperature": 1.161176171763026,
            "Wind_Dir_Sin": 0.07330886901016756,
            "Wind_Dir_Cos": 0.11109449031317928
        },
        "RMSE": {
            "Temperature": 1.0162370857370584,
            "Precipitation_accumulated": 74.75357819527183,
            "Humidity": 11.053894551256194,
            "Wind_Speed_kmh": 0.2524525407823156,
            "Soil_Moisture": 194.04022980406296,
            "Soil_Temperature": 1.0775788471211867,
            "Wind_Dir_Sin": 0.27075610613644074,
            "Wind_Dir_Cos": 0.333308401204019
        },
        "MAE": {
            "Temperature": 0.8635294822318736,
            "Precipitation_accumulated": 74.74824825336165,
            "Humidity": 10.87275659764698,
            "Wind_Speed_kmh": 0.1033998435487538,
            "Soil_Moisture": 104.33869046867194,
            "Soil_Temperature": 1.0195924010050623,
            "Wind_Dir_Sin": 0.2245374223492443,
            "Wind_Dir_Cos": 0.31107995046734926
        },
        "R2": {
            "Temperature": 0.6966415228590378,
            "Precipitation_accumulated": -5886.515450978657,
            "Humidity": -0.8789962684880548,
            "Wind_Speed_kmh": 0.8127217894732932,
            "Soil_Moisture": 0.949117393571736,
            "Soil_Temperature": 0.7930981561360916,
            "Wind_Dir_Sin": 0.5435852844936082,
            "Wind_Dir_Cos": 0.6130365290500757
        },
        "SMAPE": {
            "Temperature": 14.130303179596124,
            "Precipitation_accumulated": 17.707412137307724,
            "Humidity": 13.806672901650504,
            "Wind_Speed_kmh": 150.4138283747014,
            "Soil_Moisture": 1.5130081746407156,
            "Soil_Temperature": 20.701639243330213,
            "Wind_Dir_Sin": 161.81306172467322,
            "Wind_Dir_Cos": 51.942126588050634
        }
    }
}