{
    "trial_number": 48,
    "overall_mae_val": 0.07818093284601049,
    "params": {
        "boosting_type": "gbdt",
        "n_estimators": 700,
        "learning_rate": 0.006797235696987867,
        "num_leaves": 30,
        "max_depth": 5,
        "min_child_samples": 25,
        "subsample": 0.8,
        "feature_fraction": 0.65,
        "reg_alpha": 0.0037671401837317906,
        "reg_lambda": 0.00023749193482872595,
        "random_state": 42,
        "n_jobs": -1
    },
    "metrics": {
        "MSE": {
            "Temperature": 1.7402479359519876,
            "Precipitation_accumulated": 28.068725181996903,
            "Humidity": 10.103555207897818,
            "Wind_Speed_kmh": 0.5650462702598428,
            "Soil_Moisture": 1670.9656594604955,
            "Soil_Temperature": 1.069781463203042,
            "Wind_Dir_Sin": 0.3558839517244504,
            "Wind_Dir_Cos": 0.29923872692756237
        },
        "RMSE": {
            "Temperature": 1.3191845723597542,
            "Precipitation_accumulated": 5.29799256152714,
            "Humidity": 3.1786090051935956,
            "Wind_Speed_kmh": 0.7516955968075394,
            "Soil_Moisture": 40.87744683148026,
            "Soil_Temperature": 1.0343024041367408,
            "Wind_Dir_Sin": 0.5965600990046606,
            "Wind_Dir_Cos": 0.5470271720194184
        },
        "MAE": {
            "Temperature": 0.9937509391391757,
            "Precipitation_accumulated": 4.944706246966244,
            "Humidity": 2.2685686541809105,
            "Wind_Speed_kmh": 0.5658776782293038,
            "Soil_Moisture": 28.15271936854735,
            "Soil_Temperature": 0.7262177745876752,
            "Wind_Dir_Sin": 0.49128208290288794,
            "Wind_Dir_Cos": 0.4410595325125433
        },
        "R2": {
            "Temperature": 0.943052884786404,
            "Precipitation_accumulated": -7.068221340677814,
            "Humidity": 0.9310927061099556,
            "Wind_Speed_kmh": 0.5828456684995111,
            "Soil_Moisture": 0.9716120249932888,
            "Soil_Temperature": 0.933962147049133,
            "Wind_Dir_Sin": 0.35154133077168437,
            "Wind_Dir_Cos": 0.19050146562300674
        },
        "SMAPE": {
            "Temperature": 20.570023105271247,
            "Precipitation_accumulated": 1.0695377479012058,
            "Humidity": 2.726479844729278,
            "Wind_Speed_kmh": 57.80361110441478,
            "Soil_Moisture": 0.3298450200051216,
            "Soil_Temperature": 11.480452242640416,
            "Wind_Dir_Sin": 99.75169219577576,
            "Wind_Dir_Cos": 107.95860294430308
        }
    }
}