{
    "trial_number": 10,
    "overall_mae_val": 0.07940997069442104,
    "params": {
        "boosting_type": "gbdt",
        "n_estimators": 400,
        "learning_rate": 0.017085487996763217,
        "num_leaves": 135,
        "max_depth": 10,
        "min_child_samples": 35,
        "subsample": 0.9,
        "feature_fraction": 0.75,
        "reg_alpha": 1.8377589203737663e-05,
        "reg_lambda": 0.0008173102003458034,
        "random_state": 42,
        "n_jobs": -1
    },
    "metrics": {
        "MSE": {
            "Temperature": 1.8933935267149926,
            "Precipitation_accumulated": 22.388420773910205,
            "Humidity": 9.915356902636596,
            "Wind_Speed_kmh": 0.558011155578103,
            "Soil_Moisture": 2568.7384696568784,
            "Soil_Temperature": 2.006955657662973,
            "Wind_Dir_Sin": 0.36448133997982735,
            "Wind_Dir_Cos": 0.3117774386675122
        },
        "RMSE": {
            "Temperature": 1.3760063687043722,
            "Precipitation_accumulated": 4.731640389326962,
            "Humidity": 3.1488659708912023,
            "Wind_Speed_kmh": 0.7470014428219687,
            "Soil_Moisture": 50.68272358167898,
            "Soil_Temperature": 1.416670624267678,
            "Wind_Dir_Sin": 0.6037228999962047,
            "Wind_Dir_Cos": 0.5583703418587991
        },
        "MAE": {
            "Temperature": 1.0171343479261037,
            "Precipitation_accumulated": 4.076816512753487,
            "Humidity": 2.1778985955156713,
            "Wind_Speed_kmh": 0.5601031532786952,
            "Soil_Moisture": 38.97175831827743,
            "Soil_Temperature": 0.9982901871608862,
            "Wind_Dir_Sin": 0.49774125691930693,
            "Wind_Dir_Cos": 0.44472940526702254
        },
        "R2": {
            "Temperature": 0.9378346053981081,
            "Precipitation_accumulated": -5.342045450249469,
            "Humidity": 0.9322252063472318,
            "Wind_Speed_kmh": 0.5870810590376581,
            "Soil_Moisture": 0.9577891035442605,
            "Soil_Temperature": 0.8760364396582451,
            "Wind_Dir_Sin": 0.3360360221035308,
            "Wind_Dir_Cos": 0.15716934657171877
        },
        "SMAPE": {
            "Temperature": 21.191003383339858,
            "Precipitation_accumulated": 0.8811868720326642,
            "Humidity": 2.6025581947004417,
            "Wind_Speed_kmh": 57.72536234821702,
            "Soil_Moisture": 0.4572103322240498,
            "Soil_Temperature": 15.10958971035359,
            "Wind_Dir_Sin": 100.24424806105542,
            "Wind_Dir_Cos": 107.31022700320067
        }
    }
}