{
    "trial_number": 7,
    "overall_smape_val": 66.22342180376396,
    "xgb_params": {
        "boosting_type": "dart",
        "n_estimators": 750,
        "learning_rate": 0.00720958891472157,
        "num_leaves": 70,
        "max_depth": 7,
        "min_child_samples": 25,
        "subsample": 0.65,
        "feature_fraction": 0.6,
        "reg_alpha": 1.6763285931176694e-05,
        "reg_lambda": 0.38415897786223235,
        "random_state": 42,
        "n_jobs": -1
    },
    "metrics": {
        "MSE": {
            "Temperature": 2.626494222281569,
            "Precipitation_accumulated": 17387.915254072224,
            "Humidity": 371.30830929595317,
            "Wind_Speed_kmh": 0.08333059629752061,
            "Soil_Moisture": 103960.87830316696,
            "Soil_Temperature": 3.5790187501914543,
            "Wind_Dir_Sin": 0.14771935957972104,
            "Wind_Dir_Cos": 0.28916657825527925
        },
        "RMSE": {
            "Temperature": 1.6206462360063558,
            "Precipitation_accumulated": 131.86324451518786,
            "Humidity": 19.269361932766564,
            "Wind_Speed_kmh": 0.2886703938707962,
            "Soil_Moisture": 322.4296486106186,
            "Soil_Temperature": 1.8918294717525295,
            "Wind_Dir_Sin": 0.3843427631421217,
            "Wind_Dir_Cos": 0.5377421112906067
        },
        "MAE": {
            "Temperature": 1.4737073633669286,
            "Precipitation_accumulated": 131.85964549663757,
            "Humidity": 19.057352478416817,
            "Wind_Speed_kmh": 0.11971906457498789,
            "Soil_Moisture": 173.95901673929748,
            "Soil_Temperature": 1.7757576226099199,
            "Wind_Dir_Sin": 0.34888736437424994,
            "Wind_Dir_Cos": 0.5145167863121537
        },
        "R2": {
            "Temperature": 0.22848831875815545,
            "Precipitation_accumulated": -18318.583826112565,
            "Humidity": -4.709919048915416,
            "Wind_Speed_kmh": 0.7551318790524386,
            "Soil_Moisture": 0.8595066626709242,
            "Soil_Temperature": 0.3622797327008568,
            "Wind_Dir_Sin": 0.08031196787371253,
            "Wind_Dir_Cos": -0.007222792857993765
        },
        "SMAPE": {
            "Temperature": 24.681112944380864,
            "Precipitation_accumulated": 33.503362787657906,
            "Humidity": 25.558280907250424,
            "Wind_Speed_kmh": 149.9254354044468,
            "Soil_Moisture": 2.5255970791423077,
            "Soil_Temperature": 32.64661670814823,
            "Wind_Dir_Sin": 173.99688388938105,
            "Wind_Dir_Cos": 86.95008470970305
        }
    }
}