{
    "trial_number": 62,
    "overall_mae_val": 0.07725118481861108,
    "params": {
        "boosting_type": "gbdt",
        "n_estimators": 650,
        "learning_rate": 0.007970828402171792,
        "num_leaves": 20,
        "max_depth": 7,
        "min_child_samples": 30,
        "subsample": 0.8,
        "feature_fraction": 0.9,
        "reg_alpha": 0.000349118458221656,
        "reg_lambda": 3.662427009026216e-05,
        "random_state": 42,
        "n_jobs": -1
    },
    "metrics": {
        "MSE": {
            "Temperature": 1.71457808423628,
            "Precipitation_accumulated": 20.217884207197866,
            "Humidity": 9.172938613646824,
            "Wind_Speed_kmh": 0.5524825187563156,
            "Soil_Moisture": 2830.64105475069,
            "Soil_Temperature": 0.6489011237513163,
            "Wind_Dir_Sin": 0.3571798097612536,
            "Wind_Dir_Cos": 0.3069823735795465
        },
        "RMSE": {
            "Temperature": 1.3094189872749975,
            "Precipitation_accumulated": 4.496430162606539,
            "Humidity": 3.0286859549393403,
            "Wind_Speed_kmh": 0.7432916781158764,
            "Soil_Moisture": 53.203769178044986,
            "Soil_Temperature": 0.8055439924369843,
            "Wind_Dir_Sin": 0.5976452206462071,
            "Wind_Dir_Cos": 0.5540599007143059
        },
        "MAE": {
            "Temperature": 0.9609695918449742,
            "Precipitation_accumulated": 4.110322011834189,
            "Humidity": 2.1367635156960407,
            "Wind_Speed_kmh": 0.5576804556624743,
            "Soil_Moisture": 39.98772590641847,
            "Soil_Temperature": 0.5606299993825002,
            "Wind_Dir_Sin": 0.48317500704758704,
            "Wind_Dir_Cos": 0.4463432302242835
        },
        "R2": {
            "Temperature": 0.9438854803710947,
            "Precipitation_accumulated": -4.820146184735294,
            "Humidity": 0.9374354206335567,
            "Wind_Speed_kmh": 0.5913645001769096,
            "Soil_Moisture": 0.9517641852284985,
            "Soil_Temperature": 0.9599343071193236,
            "Wind_Dir_Sin": 0.3494523409501231,
            "Wind_Dir_Cos": 0.1686494682041506
        },
        "SMAPE": {
            "Temperature": 20.263066326175117,
            "Precipitation_accumulated": 0.8881798619375872,
            "Humidity": 2.574270907589608,
            "Wind_Speed_kmh": 57.37005834562526,
            "Soil_Moisture": 0.47167620909016833,
            "Soil_Temperature": 9.31805582816521,
            "Wind_Dir_Sin": 96.49254201227326,
            "Wind_Dir_Cos": 110.50454181264081
        }
    }
}