{
    "trial_number": 18,
    "overall_mae_val": 0.0784431979709048,
    "params": {
        "boosting_type": "gbdt",
        "n_estimators": 300,
        "learning_rate": 0.028335397247337323,
        "num_leaves": 105,
        "max_depth": 11,
        "min_child_samples": 45,
        "subsample": 0.95,
        "feature_fraction": 0.85,
        "reg_alpha": 0.002531693654161049,
        "reg_lambda": 0.8585793157007384,
        "random_state": 42,
        "n_jobs": -1
    },
    "metrics": {
        "MSE": {
            "Temperature": 1.9273478088933105,
            "Precipitation_accumulated": 13.569029856195185,
            "Humidity": 9.353823003321246,
            "Wind_Speed_kmh": 0.5669825985738957,
            "Soil_Moisture": 1586.1542063151091,
            "Soil_Temperature": 1.7025333563306935,
            "Wind_Dir_Sin": 0.3654979325515693,
            "Wind_Dir_Cos": 0.3148616206783384
        },
        "RMSE": {
            "Temperature": 1.3882895263212607,
            "Precipitation_accumulated": 3.683616410023604,
            "Humidity": 3.0584020342854283,
            "Wind_Speed_kmh": 0.7529824689684984,
            "Soil_Moisture": 39.82655152426719,
            "Soil_Temperature": 1.3048116171810755,
            "Wind_Dir_Sin": 0.6045642501434975,
            "Wind_Dir_Cos": 0.5611253163762426
        },
        "MAE": {
            "Temperature": 1.0324686998255244,
            "Precipitation_accumulated": 3.255527159339876,
            "Humidity": 2.0886762844883133,
            "Wind_Speed_kmh": 0.5637866705941534,
            "Soil_Moisture": 26.870797174208832,
            "Soil_Temperature": 0.8728469403995427,
            "Wind_Dir_Sin": 0.49340857440992497,
            "Wind_Dir_Cos": 0.447907391768222
        },
        "R2": {
            "Temperature": 0.9367578053771342,
            "Precipitation_accumulated": -2.849301588639865,
            "Humidity": 0.9361020672532899,
            "Wind_Speed_kmh": 0.5806931403553036,
            "Soil_Moisture": 0.9738438420835567,
            "Soil_Temperature": 0.8948505055836014,
            "Wind_Dir_Sin": 0.33418389871086285,
            "Wind_Dir_Cos": 0.14931220433700654
        },
        "SMAPE": {
            "Temperature": 21.54624693489414,
            "Precipitation_accumulated": 0.7026972932070222,
            "Humidity": 2.4972087547351958,
            "Wind_Speed_kmh": 58.443613184481556,
            "Soil_Moisture": 0.31527728627378043,
            "Soil_Temperature": 13.32628365385375,
            "Wind_Dir_Sin": 98.92119982104195,
            "Wind_Dir_Cos": 108.48613687445263
        }
    }
}