{
    "trial_number": 30,
    "overall_smape_val": 37.23906047128253,
    "xgb_params": {
        "boosting_type": "gbdt",
        "n_estimators": 700,
        "learning_rate": 0.017847137209998292,
        "num_leaves": 20,
        "max_depth": 12,
        "min_child_samples": 30,
        "subsample": 0.75,
        "feature_fraction": 0.85,
        "reg_alpha": 0.010680349430195867,
        "reg_lambda": 0.007131783610100151,
        "random_state": 42,
        "n_jobs": -1
    },
    "metrics": {
        "MSE": {
            "Temperature": 0.1908709772497072,
            "Precipitation_accumulated": 0.004528193954923253,
            "Humidity": 1.202901448789263,
            "Wind_Speed_kmh": 0.020828260892345737,
            "Soil_Moisture": 4710.197692022253,
            "Soil_Temperature": 0.033831581331723225,
            "Wind_Dir_Sin": 0.014023613936976865,
            "Wind_Dir_Cos": 0.009395106158494823
        },
        "RMSE": {
            "Temperature": 0.4368878314278245,
            "Precipitation_accumulated": 0.06729185652754167,
            "Humidity": 1.0967686395905305,
            "Wind_Speed_kmh": 0.1443199947766966,
            "Soil_Moisture": 68.63088001783346,
            "Soil_Temperature": 0.18393363295418058,
            "Wind_Dir_Sin": 0.11842134071600804,
            "Wind_Dir_Cos": 0.09692835580208108
        },
        "MAE": {
            "Temperature": 0.21707231409992034,
            "Precipitation_accumulated": 0.027171214170756817,
            "Humidity": 0.4830563562803535,
            "Wind_Speed_kmh": 0.050913493774790985,
            "Soil_Moisture": 11.750550683410477,
            "Soil_Temperature": 0.09026772449710095,
            "Wind_Dir_Sin": 0.047729804651527805,
            "Wind_Dir_Cos": 0.0362265880215853
        },
        "R2": {
            "Temperature": 0.9439331762815473,
            "Precipitation_accumulated": 0.9952291791439066,
            "Humidity": 0.981501976324114,
            "Wind_Speed_kmh": 0.9387958644972996,
            "Soil_Moisture": 0.9936346113650354,
            "Soil_Temperature": 0.9939717876334497,
            "Wind_Dir_Sin": 0.912690185350847,
            "Wind_Dir_Cos": 0.9672750387639802
        },
        "SMAPE": {
            "Temperature": 3.985855719970756,
            "Precipitation_accumulated": 0.005900334688065399,
            "Humidity": 0.5796080084114205,
            "Wind_Speed_kmh": 139.65344261775456,
            "Soil_Moisture": 0.18570254507523484,
            "Soil_Temperature": 5.47750572473448,
            "Wind_Dir_Sin": 133.23963325746902,
            "Wind_Dir_Cos": 14.784835562156628
        }
    }
}