{
    "trial_number": 13,
    "overall_mae_val": 0.07972403161579583,
    "params": {
        "boosting_type": "gbdt",
        "n_estimators": 400,
        "learning_rate": 0.01003574111338014,
        "num_leaves": 150,
        "max_depth": 10,
        "min_child_samples": 35,
        "subsample": 0.9,
        "feature_fraction": 0.8,
        "reg_alpha": 1.5479105652645987e-05,
        "reg_lambda": 0.0010650018794339507,
        "random_state": 42,
        "n_jobs": -1
    },
    "metrics": {
        "MSE": {
            "Temperature": 1.8754715036256517,
            "Precipitation_accumulated": 56.71968764520579,
            "Humidity": 9.806494380080656,
            "Wind_Speed_kmh": 0.5538045079959744,
            "Soil_Moisture": 2663.2225498034136,
            "Soil_Temperature": 1.6398433447790879,
            "Wind_Dir_Sin": 0.36189200612302114,
            "Wind_Dir_Cos": 0.30580666469646983
        },
        "RMSE": {
            "Temperature": 1.3694785517216588,
            "Precipitation_accumulated": 7.531247416278779,
            "Humidity": 3.131532273517336,
            "Wind_Speed_kmh": 0.7441804270443925,
            "Soil_Moisture": 51.60641965689359,
            "Soil_Temperature": 1.2805636824379676,
            "Wind_Dir_Sin": 0.6015746056168105,
            "Wind_Dir_Cos": 0.5529978885099561
        },
        "MAE": {
            "Temperature": 1.0179440447731496,
            "Precipitation_accumulated": 7.124337261265872,
            "Humidity": 2.198590976698918,
            "Wind_Speed_kmh": 0.5568747887083066,
            "Soil_Moisture": 41.59576977106511,
            "Soil_Temperature": 0.8283897868687128,
            "Wind_Dir_Sin": 0.4949296435599872,
            "Wind_Dir_Cos": 0.4453472377663922
        },
        "R2": {
            "Temperature": 0.9383574909743783,
            "Precipitation_accumulated": -15.021139749390127,
            "Humidity": 0.9328918369676694,
            "Wind_Speed_kmh": 0.5897208201207214,
            "Soil_Moisture": 0.9565259596592192,
            "Soil_Temperature": 0.8987499422539489,
            "Wind_Dir_Sin": 0.3401825738959068,
            "Wind_Dir_Cos": 0.1738524316896407
        },
        "SMAPE": {
            "Temperature": 21.355041535330024,
            "Precipitation_accumulated": 1.5454318963609113,
            "Humidity": 2.621912139596736,
            "Wind_Speed_kmh": 57.61757790100682,
            "Soil_Moisture": 0.4876599377051914,
            "Soil_Temperature": 11.346072629388692,
            "Wind_Dir_Sin": 99.6525004836151,
            "Wind_Dir_Cos": 110.07984001578606
        }
    }
}