{
    "trial_number": 46,
    "overall_smape_val": 32.17484752286164,
    "xgb_params": {
        "boosting_type": "gbdt",
        "n_estimators": 200,
        "learning_rate": 0.06679348295704902,
        "num_leaves": 90,
        "max_depth": 12,
        "min_child_samples": 15,
        "subsample": 0.9,
        "feature_fraction": 0.75,
        "reg_alpha": 0.03414587078250661,
        "reg_lambda": 0.0015638125691899458,
        "random_state": 42,
        "n_jobs": -1
    },
    "metrics": {
        "MSE": {
            "Temperature": 0.05119938672454522,
            "Precipitation_accumulated": 0.009635442679913606,
            "Humidity": 0.4942486079688807,
            "Wind_Speed_kmh": 0.001488184875911743,
            "Soil_Moisture": 1994.670162621291,
            "Soil_Temperature": 0.015300874453709548,
            "Wind_Dir_Sin": 0.0012586565810114706,
            "Wind_Dir_Cos": 0.0006205990160937325
        },
        "RMSE": {
            "Temperature": 0.22627281481553463,
            "Precipitation_accumulated": 0.09816029074892559,
            "Humidity": 0.7030281701104734,
            "Wind_Speed_kmh": 0.03857699931191827,
            "Soil_Moisture": 44.66173040334746,
            "Soil_Temperature": 0.1236967034876417,
            "Wind_Dir_Sin": 0.03547755038064875,
            "Wind_Dir_Cos": 0.02491182482464367
        },
        "MAE": {
            "Temperature": 0.11065382929188101,
            "Precipitation_accumulated": 0.0434029879045604,
            "Humidity": 0.2952138106624739,
            "Wind_Speed_kmh": 0.013797843655064,
            "Soil_Moisture": 8.503815135107166,
            "Soil_Temperature": 0.057831559069196195,
            "Wind_Dir_Sin": 0.012363384488452632,
            "Wind_Dir_Cos": 0.00878923244379173
        },
        "R2": {
            "Temperature": 0.9849605894445518,
            "Precipitation_accumulated": 0.9898482769614926,
            "Humidity": 0.9923995249476304,
            "Wind_Speed_kmh": 0.9956269479593544,
            "Soil_Moisture": 0.997304391107584,
            "Soil_Temperature": 0.9972736444183177,
            "Wind_Dir_Sin": 0.9921637123434148,
            "Wind_Dir_Cos": 0.997838334298499
        },
        "SMAPE": {
            "Temperature": 1.8484856868686241,
            "Precipitation_accumulated": 0.009423079194150877,
            "Humidity": 0.3536525290308934,
            "Wind_Speed_kmh": 127.1530264124497,
            "Soil_Moisture": 0.13466204522397185,
            "Soil_Temperature": 3.711797593041035,
            "Wind_Dir_Sin": 119.05828581560031,
            "Wind_Dir_Cos": 5.129447021484204
        }
    }
}