{
    "trial_number": 60,
    "overall_mae_val": 0.1987104148490727,
    "params": {
        "boosting_type": "dart",
        "n_estimators": 600,
        "learning_rate": 0.009493409624768969,
        "num_leaves": 35,
        "max_depth": 6,
        "min_child_samples": 25,
        "subsample": 0.8,
        "feature_fraction": 0.8,
        "reg_alpha": 0.0009195622245731189,
        "reg_lambda": 7.711651780891338e-05,
        "random_state": 42,
        "n_jobs": -1
    },
    "metrics": {
        "MSE": {
            "Temperature": 11.199559123443738,
            "Precipitation_accumulated": 22469.413918326827,
            "Humidity": 528.9638979455071,
            "Wind_Speed_kmh": 0.9535783587466149,
            "Soil_Moisture": 1073454.618209414,
            "Soil_Temperature": 5.868006976689314,
            "Wind_Dir_Sin": 0.5416802603820804,
            "Wind_Dir_Cos": 0.36165657056973355
        },
        "RMSE": {
            "Temperature": 3.346574236953924,
            "Precipitation_accumulated": 149.89801172239353,
            "Humidity": 22.99921515933766,
            "Wind_Speed_kmh": 0.9765133684423449,
            "Soil_Moisture": 1036.0765503617065,
            "Soil_Temperature": 2.4223969486212025,
            "Wind_Dir_Sin": 0.7359893072471096,
            "Wind_Dir_Cos": 0.601378891024397
        },
        "MAE": {
            "Temperature": 2.6651326960476704,
            "Precipitation_accumulated": 149.88635575870512,
            "Humidity": 22.40453144941894,
            "Wind_Speed_kmh": 0.7278768542838048,
            "Soil_Moisture": 1032.0546331509654,
            "Soil_Temperature": 2.1470846692687067,
            "Wind_Dir_Sin": 0.6390077974452124,
            "Wind_Dir_Cos": 0.48383518111322443
        },
        "R2": {
            "Temperature": 0.6334748638383836,
            "Precipitation_accumulated": -6429.349473389236,
            "Humidity": -2.606883961087444,
            "Wind_Speed_kmh": 0.2970512966704054,
            "Soil_Moisture": -17.062474491827977,
            "Soil_Temperature": 0.637859582559224,
            "Wind_Dir_Sin": 0.012117698558052448,
            "Wind_Dir_Cos": 0.02290849737133216
        },
        "SMAPE": {
            "Temperature": 37.459263466935425,
            "Precipitation_accumulated": 38.48017837092323,
            "Humidity": 29.130859226233046,
            "Wind_Speed_kmh": 70.45192530174302,
            "Soil_Moisture": 12.791783842247574,
            "Soil_Temperature": 34.29710042240206,
            "Wind_Dir_Sin": 140.84680904997265,
            "Wind_Dir_Cos": 110.80725287686565
        }
    }
}