{
    "trial_number": 72,
    "overall_mae_val": 0.078243954664636,
    "params": {
        "boosting_type": "gbdt",
        "n_estimators": 600,
        "learning_rate": 0.00630056365333075,
        "num_leaves": 20,
        "max_depth": 7,
        "min_child_samples": 35,
        "subsample": 0.95,
        "feature_fraction": 1.0,
        "reg_alpha": 0.00022136491934607883,
        "reg_lambda": 3.3226635304212093e-05,
        "random_state": 42,
        "n_jobs": -1
    },
    "metrics": {
        "MSE": {
            "Temperature": 1.8476313383291545,
            "Precipitation_accumulated": 61.11361356091508,
            "Humidity": 9.027489065279674,
            "Wind_Speed_kmh": 0.542880161648101,
            "Soil_Moisture": 2635.447212322223,
            "Soil_Temperature": 0.5481250434649122,
            "Wind_Dir_Sin": 0.35955559411330457,
            "Wind_Dir_Cos": 0.31031305890807176
        },
        "RMSE": {
            "Temperature": 1.3592760346335673,
            "Precipitation_accumulated": 7.8175196552944515,
            "Humidity": 3.004578017838724,
            "Wind_Speed_kmh": 0.7368040184798812,
            "Soil_Moisture": 51.33660694204695,
            "Soil_Temperature": 0.7403546741021577,
            "Wind_Dir_Sin": 0.5996295473984788,
            "Wind_Dir_Cos": 0.5570575005401792
        },
        "MAE": {
            "Temperature": 1.0133482607984736,
            "Precipitation_accumulated": 7.338379608725366,
            "Humidity": 2.2243901706249676,
            "Wind_Speed_kmh": 0.5530468206019878,
            "Soil_Moisture": 43.606734099654226,
            "Soil_Temperature": 0.4846463952237481,
            "Wind_Dir_Sin": 0.48000879817461567,
            "Wind_Dir_Cos": 0.44925630385981175
        },
        "R2": {
            "Temperature": 0.9395389171149784,
            "Precipitation_accumulated": -16.566817087025,
            "Humidity": 0.9384315887516373,
            "Wind_Speed_kmh": 0.5992101482006976,
            "Soil_Moisture": 0.9552264828595787,
            "Soil_Temperature": 0.9661641164442636,
            "Wind_Dir_Sin": 0.3448512051680379,
            "Wind_Dir_Cos": 0.1605432593457935
        },
        "SMAPE": {
            "Temperature": 21.591695363832336,
            "Precipitation_accumulated": 1.592368719696264,
            "Humidity": 2.652801865703639,
            "Wind_Speed_kmh": 57.21874114987448,
            "Soil_Moisture": 0.5094447671372513,
            "Soil_Temperature": 7.802168854804224,
            "Wind_Dir_Sin": 94.56657913421891,
            "Wind_Dir_Cos": 110.48172708251057
        }
    }
}