{
    "trial_number": 20,
    "overall_smape_val": 30.621551659502877,
    "xgb_params": {
        "boosting_type": "gbdt",
        "n_estimators": 600,
        "learning_rate": 0.06051170279562051,
        "num_leaves": 40,
        "max_depth": 11,
        "min_child_samples": 20,
        "subsample": 0.6,
        "feature_fraction": 0.8,
        "reg_alpha": 0.0011894820343314758,
        "reg_lambda": 0.06905370018227719,
        "random_state": 42,
        "n_jobs": -1
    },
    "metrics": {
        "MSE": {
            "Temperature": 0.040578999116436316,
            "Precipitation_accumulated": 0.0018854177606964172,
            "Humidity": 0.3562113998090092,
            "Wind_Speed_kmh": 0.0006837368569749647,
            "Soil_Moisture": 1184.2687010296486,
            "Soil_Temperature": 0.0093717529586076,
            "Wind_Dir_Sin": 0.0005627901696759031,
            "Wind_Dir_Cos": 0.0002892205531538652
        },
        "RMSE": {
            "Temperature": 0.20144229723778548,
            "Precipitation_accumulated": 0.043421397498196866,
            "Humidity": 0.5968344827579998,
            "Wind_Speed_kmh": 0.026148362414785457,
            "Soil_Moisture": 34.413205329199556,
            "Soil_Temperature": 0.09680781455341092,
            "Wind_Dir_Sin": 0.023723198976442934,
            "Wind_Dir_Cos": 0.0170064856203116
        },
        "MAE": {
            "Temperature": 0.08342601761737531,
            "Precipitation_accumulated": 0.015501946745400733,
            "Humidity": 0.23841710384732417,
            "Wind_Speed_kmh": 0.007636890543657697,
            "Soil_Moisture": 5.96085617648564,
            "Soil_Temperature": 0.04624924164368977,
            "Wind_Dir_Sin": 0.007148959544365909,
            "Wind_Dir_Cos": 0.005849416417150095
        },
        "R2": {
            "Temperature": 0.9880802434036053,
            "Precipitation_accumulated": 0.9980135589454159,
            "Humidity": 0.9945222387803093,
            "Wind_Speed_kmh": 0.9979908296972665,
            "Soil_Moisture": 0.9983995723697444,
            "Soil_Temperature": 0.9983301130228767,
            "Wind_Dir_Sin": 0.9964961167911784,
            "Wind_Dir_Cos": 0.9989925892021919
        },
        "SMAPE": {
            "Temperature": 1.3433773118129797,
            "Precipitation_accumulated": 0.0033664551074251365,
            "Humidity": 0.2860898130324632,
            "Wind_Speed_kmh": 121.0631831858857,
            "Soil_Moisture": 0.09525330377925799,
            "Soil_Temperature": 2.6452688931906474,
            "Wind_Dir_Sin": 115.54596830821251,
            "Wind_Dir_Cos": 3.9899060050020134
        }
    }
}