{
    "trial_number": 52,
    "overall_mae_val": 0.07774164676549675,
    "params": {
        "boosting_type": "gbdt",
        "n_estimators": 700,
        "learning_rate": 0.006220363509310431,
        "num_leaves": 20,
        "max_depth": 6,
        "min_child_samples": 30,
        "subsample": 0.75,
        "feature_fraction": 0.9,
        "reg_alpha": 0.0015971578869709842,
        "reg_lambda": 1.221384383548127e-05,
        "random_state": 42,
        "n_jobs": -1
    },
    "metrics": {
        "MSE": {
            "Temperature": 1.9502005742462967,
            "Precipitation_accumulated": 31.80320827258927,
            "Humidity": 9.669869327653133,
            "Wind_Speed_kmh": 0.543486969780447,
            "Soil_Moisture": 2281.8288171116483,
            "Soil_Temperature": 0.6193699764300724,
            "Wind_Dir_Sin": 0.3568354383754084,
            "Wind_Dir_Cos": 0.30734554879906584
        },
        "RMSE": {
            "Temperature": 1.3964958196307988,
            "Precipitation_accumulated": 5.639433329031319,
            "Humidity": 3.1096413503253286,
            "Wind_Speed_kmh": 0.7372156874215625,
            "Soil_Moisture": 47.7684918865108,
            "Soil_Temperature": 0.7870006203492297,
            "Wind_Dir_Sin": 0.5973570443004823,
            "Wind_Dir_Cos": 0.5543875438707708
        },
        "MAE": {
            "Temperature": 1.0388300229200091,
            "Precipitation_accumulated": 5.300309417089881,
            "Humidity": 2.2518079781465556,
            "Wind_Speed_kmh": 0.5523165492026659,
            "Soil_Moisture": 38.2520247321143,
            "Soil_Temperature": 0.5200938481688471,
            "Wind_Dir_Sin": 0.48283912536626666,
            "Wind_Dir_Cos": 0.4463861177426904
        },
        "R2": {
            "Temperature": 0.9361593190540778,
            "Precipitation_accumulated": -8.168853716453812,
            "Humidity": 0.9340416004519242,
            "Wind_Speed_kmh": 0.5975335871892633,
            "Soil_Moisture": 0.9609961271999458,
            "Soil_Temperature": 0.9617465558897491,
            "Wind_Dir_Sin": 0.3502780870896123,
            "Wind_Dir_Cos": 0.16700840159887742
        },
        "SMAPE": {
            "Temperature": 21.250754346375732,
            "Precipitation_accumulated": 1.1470513135093976,
            "Humidity": 2.711200725985024,
            "Wind_Speed_kmh": 56.98660767371587,
            "Soil_Moisture": 0.446877265810621,
            "Soil_Temperature": 8.337809947051056,
            "Wind_Dir_Sin": 95.8482219658236,
            "Wind_Dir_Cos": 109.19388952428534
        }
    }
}