{
    "trial_number": 10,
    "overall_smape_val": 35.81893427529383,
    "xgb_params": {
        "boosting_type": "gbdt",
        "n_estimators": 100,
        "learning_rate": 0.09625424041953937,
        "num_leaves": 35,
        "max_depth": 12,
        "min_child_samples": 10,
        "subsample": 1.0,
        "feature_fraction": 0.8,
        "reg_alpha": 0.0016917442110529453,
        "reg_lambda": 0.03028483033245712,
        "random_state": 42,
        "n_jobs": -1
    },
    "metrics": {
        "MSE": {
            "Temperature": 0.12720218818360032,
            "Precipitation_accumulated": 0.0022364798694885237,
            "Humidity": 0.8806502843385674,
            "Wind_Speed_kmh": 0.006040798333024749,
            "Soil_Moisture": 1739.4134869810573,
            "Soil_Temperature": 0.027221522264149874,
            "Wind_Dir_Sin": 0.005124525524515244,
            "Wind_Dir_Cos": 0.0037426986602242434
        },
        "RMSE": {
            "Temperature": 0.3566541576704249,
            "Precipitation_accumulated": 0.04729143547714029,
            "Humidity": 0.9384296906740363,
            "Wind_Speed_kmh": 0.07772257286673383,
            "Soil_Moisture": 41.70627634998187,
            "Soil_Temperature": 0.1649894610699419,
            "Wind_Dir_Sin": 0.07158579135914643,
            "Wind_Dir_Cos": 0.06117759933361429
        },
        "MAE": {
            "Temperature": 0.18795589724168157,
            "Precipitation_accumulated": 0.023190126117255294,
            "Humidity": 0.4266117457437936,
            "Wind_Speed_kmh": 0.03161759333386367,
            "Soil_Moisture": 10.270737865084563,
            "Soil_Temperature": 0.07948825820594652,
            "Wind_Dir_Sin": 0.031108666795845043,
            "Wind_Dir_Cos": 0.023885906327746034
        },
        "R2": {
            "Temperature": 0.9626353740927246,
            "Precipitation_accumulated": 0.9976436864428061,
            "Humidity": 0.9864575025441469,
            "Wind_Speed_kmh": 0.982249029737533,
            "Soil_Moisture": 0.9976493464679229,
            "Soil_Temperature": 0.9951495877316501,
            "Wind_Dir_Sin": 0.9680951446808915,
            "Wind_Dir_Cos": 0.9869634609223443
        },
        "SMAPE": {
            "Temperature": 3.2331802809526202,
            "Precipitation_accumulated": 0.005039232602524438,
            "Humidity": 0.5129958414298433,
            "Wind_Speed_kmh": 137.57649115578633,
            "Soil_Moisture": 0.16353565717330495,
            "Soil_Temperature": 5.7503677817418914,
            "Wind_Dir_Sin": 128.08465402488065,
            "Wind_Dir_Cos": 11.225210227783647
        }
    }
}