{
    "trial_number": 4,
    "overall_smape_val": 98.33600607537211,
    "xgb_params": {
        "boosting_type": "dart",
        "n_estimators": 250,
        "learning_rate": 0.0052937190810554095,
        "num_leaves": 80,
        "max_depth": 8,
        "min_child_samples": 25,
        "subsample": 0.7,
        "feature_fraction": 0.65,
        "reg_alpha": 0.004606145880689409,
        "reg_lambda": 0.001693204340510507,
        "random_state": 42,
        "n_jobs": -1
    },
    "metrics": {
        "MSE": {
            "Temperature": 7.131101969743968,
            "Precipitation_accumulated": 80880.83513241488,
            "Humidity": 1561.2791899802182,
            "Wind_Speed_kmh": 0.22683620511820976,
            "Soil_Moisture": 442763.14457217633,
            "Soil_Temperature": 11.168682814506084,
            "Wind_Dir_Sin": 0.5487242308289106,
            "Wind_Dir_Cos": 1.2294981480407017
        },
        "RMSE": {
            "Temperature": 2.6704123220476585,
            "Precipitation_accumulated": 284.3955610279719,
            "Humidity": 39.51302557360317,
            "Wind_Speed_kmh": 0.47627324627592693,
            "Soil_Moisture": 665.4044969581859,
            "Soil_Temperature": 3.3419579312890946,
            "Wind_Dir_Sin": 0.7407592259492356,
            "Wind_Dir_Cos": 1.1088273752215454
        },
        "MAE": {
            "Temperature": 2.3666836006698997,
            "Precipitation_accumulated": 284.39476074274484,
            "Humidity": 39.07462116961073,
            "Wind_Speed_kmh": 0.16505578997363282,
            "Soil_Moisture": 284.61672575571225,
            "Soil_Temperature": 3.1319459071839866,
            "Wind_Dir_Sin": 0.6852586730690015,
            "Wind_Dir_Cos": 1.0514769810328806
        },
        "R2": {
            "Temperature": -1.0947041966096487,
            "Precipitation_accumulated": -85213.54225441153,
            "Humidity": -23.009098542520658,
            "Wind_Speed_kmh": 0.3334386434502893,
            "Soil_Moisture": 0.40164730384577596,
            "Soil_Temperature": -0.9900693142401562,
            "Wind_Dir_Sin": -2.4163098829216065,
            "Wind_Dir_Cos": -3.282578456871434
        },
        "SMAPE": {
            "Temperature": 41.36712148334336,
            "Precipitation_accumulated": 89.62932679909623,
            "Humidity": 60.49349957241728,
            "Wind_Speed_kmh": 160.2392297456584,
            "Soil_Moisture": 4.062820144502504,
            "Soil_Temperature": 60.69055033370307,
            "Wind_Dir_Sin": 189.540685911908,
            "Wind_Dir_Cos": 180.66481461234756
        }
    }
}