{
    "trial_number": 74,
    "overall_mae_val": 0.07924753066841198,
    "params": {
        "boosting_type": "gbdt",
        "n_estimators": 500,
        "learning_rate": 0.00818819316820406,
        "num_leaves": 25,
        "max_depth": 8,
        "min_child_samples": 30,
        "subsample": 0.85,
        "feature_fraction": 0.95,
        "reg_alpha": 4.382941148606336e-05,
        "reg_lambda": 2.0469061846658583e-05,
        "random_state": 42,
        "n_jobs": -1
    },
    "metrics": {
        "MSE": {
            "Temperature": 1.9311037700161469,
            "Precipitation_accumulated": 45.984233139878036,
            "Humidity": 9.605543517501758,
            "Wind_Speed_kmh": 0.5443570681420982,
            "Soil_Moisture": 2039.573481534222,
            "Soil_Temperature": 0.996283153045787,
            "Wind_Dir_Sin": 0.3654777888469623,
            "Wind_Dir_Cos": 0.31393796973974997
        },
        "RMSE": {
            "Temperature": 1.389641597684866,
            "Precipitation_accumulated": 6.7811675351577945,
            "Humidity": 3.099281129149429,
            "Wind_Speed_kmh": 0.7378055761120935,
            "Soil_Moisture": 45.1616372769436,
            "Soil_Temperature": 0.998139846437255,
            "Wind_Dir_Sin": 0.6045475902250892,
            "Wind_Dir_Cos": 0.5603016774379227
        },
        "MAE": {
            "Temperature": 1.0656402945716736,
            "Precipitation_accumulated": 6.461302681159029,
            "Humidity": 2.2853065480889847,
            "Wind_Speed_kmh": 0.5534357627306906,
            "Soil_Moisture": 35.8652909653432,
            "Soil_Temperature": 0.6149939448204423,
            "Wind_Dir_Sin": 0.4922359348932391,
            "Wind_Dir_Cos": 0.4507888048813693
        },
        "R2": {
            "Temperature": 0.9367621637882853,
            "Precipitation_accumulated": -12.121357590461509,
            "Humidity": 0.9345095415978949,
            "Wind_Speed_kmh": 0.5983375164875948,
            "Soil_Moisture": 0.9659057205556415,
            "Soil_Temperature": 0.9385106650523994,
            "Wind_Dir_Sin": 0.3340859322718287,
            "Wind_Dir_Cos": 0.15182271986119522
        },
        "SMAPE": {
            "Temperature": 22.273320447256726,
            "Precipitation_accumulated": 1.4001835559419973,
            "Humidity": 2.714223581579934,
            "Wind_Speed_kmh": 57.34390849678552,
            "Soil_Moisture": 0.4190930296661698,
            "Soil_Temperature": 8.47205314222003,
            "Wind_Dir_Sin": 98.33844813554755,
            "Wind_Dir_Cos": 110.50311189742496
        }
    }
}