{
    "trial_number": 67,
    "overall_mae_val": 0.07781170399085177,
    "params": {
        "boosting_type": "gbdt",
        "n_estimators": 650,
        "learning_rate": 0.00915434073314483,
        "num_leaves": 35,
        "max_depth": 8,
        "min_child_samples": 25,
        "subsample": 0.8,
        "feature_fraction": 0.9,
        "reg_alpha": 0.000703985274569611,
        "reg_lambda": 0.00010909703622867185,
        "random_state": 42,
        "n_jobs": -1
    },
    "metrics": {
        "MSE": {
            "Temperature": 1.6232088139037635,
            "Precipitation_accumulated": 18.260401657471707,
            "Humidity": 9.058975455660448,
            "Wind_Speed_kmh": 0.5538164265664091,
            "Soil_Moisture": 2266.9959710556323,
            "Soil_Temperature": 0.8149928324878165,
            "Wind_Dir_Sin": 0.36461847864797575,
            "Wind_Dir_Cos": 0.3123235827975558
        },
        "RMSE": {
            "Temperature": 1.2740521236997187,
            "Precipitation_accumulated": 4.273219121162839,
            "Humidity": 3.009813192817861,
            "Wind_Speed_kmh": 0.7441884348512876,
            "Soil_Moisture": 47.61298111918253,
            "Soil_Temperature": 0.9027695345368144,
            "Wind_Dir_Sin": 0.6038364668086681,
            "Wind_Dir_Cos": 0.558859179756006
        },
        "MAE": {
            "Temperature": 0.9287091599076569,
            "Precipitation_accumulated": 3.8503864103023187,
            "Humidity": 2.0877586045764893,
            "Wind_Speed_kmh": 0.5593924630791883,
            "Soil_Moisture": 33.08165053106263,
            "Soil_Temperature": 0.6075644680370811,
            "Wind_Dir_Sin": 0.4918657953549782,
            "Wind_Dir_Cos": 0.4513125059312924
        },
        "R2": {
            "Temperature": 0.9468758036236146,
            "Precipitation_accumulated": -4.25664337322851,
            "Humidity": 0.9382127132049995,
            "Wind_Speed_kmh": 0.5903778950515157,
            "Soil_Moisture": 0.9613690342107998,
            "Soil_Temperature": 0.9496791555273629,
            "Wind_Dir_Sin": 0.33590395859911926,
            "Wind_Dir_Cos": 0.15418473828481427
        },
        "SMAPE": {
            "Temperature": 19.183744261623286,
            "Precipitation_accumulated": 0.8316697606759951,
            "Humidity": 2.5258622030541518,
            "Wind_Speed_kmh": 57.91275929285137,
            "Soil_Moisture": 0.3899317783963846,
            "Soil_Temperature": 9.436953749089517,
            "Wind_Dir_Sin": 98.57890993646612,
            "Wind_Dir_Cos": 111.66458737953141
        }
    }
}