{
    "trial_number": 46,
    "overall_mae_val": 0.07771351592402483,
    "params": {
        "boosting_type": "gbdt",
        "n_estimators": 750,
        "learning_rate": 0.008496593685330721,
        "num_leaves": 45,
        "max_depth": 6,
        "min_child_samples": 35,
        "subsample": 0.75,
        "feature_fraction": 0.9,
        "reg_alpha": 0.004445968069265621,
        "reg_lambda": 0.0004152062441975208,
        "random_state": 42,
        "n_jobs": -1
    },
    "metrics": {
        "MSE": {
            "Temperature": 2.059661629606228,
            "Precipitation_accumulated": 17.951005794608797,
            "Humidity": 9.577588127934291,
            "Wind_Speed_kmh": 0.5535449946404664,
            "Soil_Moisture": 2692.6755726715555,
            "Soil_Temperature": 0.5305960929522178,
            "Wind_Dir_Sin": 0.3614963249995647,
            "Wind_Dir_Cos": 0.3077999213438738
        },
        "RMSE": {
            "Temperature": 1.4351521276875938,
            "Precipitation_accumulated": 4.236862730206019,
            "Humidity": 3.0947678633355187,
            "Wind_Speed_kmh": 0.7440060447607038,
            "Soil_Moisture": 51.89099702907582,
            "Soil_Temperature": 0.728420272200203,
            "Wind_Dir_Sin": 0.6012456444745066,
            "Wind_Dir_Cos": 0.5547971893799335
        },
        "MAE": {
            "Temperature": 1.0528712678922978,
            "Precipitation_accumulated": 3.584298628157486,
            "Humidity": 2.1200244152903753,
            "Wind_Speed_kmh": 0.5586050729241147,
            "Soil_Moisture": 40.07909876673409,
            "Soil_Temperature": 0.5328298469136139,
            "Wind_Dir_Sin": 0.4898019255391671,
            "Wind_Dir_Cos": 0.4458195224156624
        },
        "R2": {
            "Temperature": 0.9325641768014828,
            "Precipitation_accumulated": -4.183005705472508,
            "Humidity": 0.9346665608848178,
            "Wind_Speed_kmh": 0.5900432435627267,
            "Soil_Moisture": 0.9538288386166915,
            "Soil_Temperature": 0.9672177770607071,
            "Wind_Dir_Sin": 0.3420598606905785,
            "Wind_Dir_Cos": 0.16488650467498445
        },
        "SMAPE": {
            "Temperature": 21.01535510736378,
            "Precipitation_accumulated": 0.7743746315071034,
            "Humidity": 2.5671384379867224,
            "Wind_Speed_kmh": 57.496420106050486,
            "Soil_Moisture": 0.47030073567141484,
            "Soil_Temperature": 9.892609176489689,
            "Wind_Dir_Sin": 97.02171697030198,
            "Wind_Dir_Cos": 109.66783649606991
        }
    }
}