{
    "trial_number": 36,
    "overall_smape_val": 29.658855683372515,
    "xgb_params": {
        "boosting_type": "gbdt",
        "n_estimators": 500,
        "learning_rate": 0.06746525381971184,
        "num_leaves": 130,
        "max_depth": 12,
        "min_child_samples": 20,
        "subsample": 0.9,
        "feature_fraction": 0.7,
        "reg_alpha": 0.0002586024785945523,
        "reg_lambda": 0.03974812831604696,
        "random_state": 42,
        "n_jobs": -1
    },
    "metrics": {
        "MSE": {
            "Temperature": 0.014994184808213679,
            "Precipitation_accumulated": 0.0010611116458031093,
            "Humidity": 0.23906556230797318,
            "Wind_Speed_kmh": 0.00048814481499548525,
            "Soil_Moisture": 1045.3557269707637,
            "Soil_Temperature": 0.004669596145072719,
            "Wind_Dir_Sin": 0.0003275239843340895,
            "Wind_Dir_Cos": 0.00012205309013330821
        },
        "RMSE": {
            "Temperature": 0.12245074441673957,
            "Precipitation_accumulated": 0.03257470868331917,
            "Humidity": 0.4889433119575041,
            "Wind_Speed_kmh": 0.022093999524655676,
            "Soil_Moisture": 32.33196138453038,
            "Soil_Temperature": 0.06833444332891517,
            "Wind_Dir_Sin": 0.018097623720646022,
            "Wind_Dir_Cos": 0.01104776403320184
        },
        "MAE": {
            "Temperature": 0.047795076433356426,
            "Precipitation_accumulated": 0.011320797337165907,
            "Humidity": 0.18761911633043962,
            "Wind_Speed_kmh": 0.005817411346575768,
            "Soil_Moisture": 5.665160905658795,
            "Soil_Temperature": 0.032793520013409856,
            "Wind_Dir_Sin": 0.0041142834927944275,
            "Wind_Dir_Cos": 0.0027438189215834613
        },
        "R2": {
            "Temperature": 0.9955955780781475,
            "Precipitation_accumulated": 0.998882032523157,
            "Humidity": 0.9963236884982448,
            "Wind_Speed_kmh": 0.9985655796441025,
            "Soil_Moisture": 0.9985873001731488,
            "Soil_Temperature": 0.9991679573900931,
            "Wind_Dir_Sin": 0.9979608638333974,
            "Wind_Dir_Cos": 0.9995748656187629
        },
        "SMAPE": {
            "Temperature": 0.7670711721922838,
            "Precipitation_accumulated": 0.0024588220783613745,
            "Humidity": 0.22577776335568603,
            "Wind_Speed_kmh": 119.0436337077423,
            "Soil_Moisture": 0.09147810725696562,
            "Soil_Temperature": 1.5088693094522883,
            "Wind_Dir_Sin": 113.27417004551302,
            "Wind_Dir_Cos": 2.35738653938926
        }
    }
}