{
    "trial_number": 38,
    "overall_smape_val": 29.210728001143835,
    "xgb_params": {
        "boosting_type": "gbdt",
        "n_estimators": 600,
        "learning_rate": 0.08361830752031513,
        "num_leaves": 75,
        "max_depth": 8,
        "min_child_samples": 10,
        "subsample": 0.95,
        "feature_fraction": 0.65,
        "reg_alpha": 0.029357485857730427,
        "reg_lambda": 0.0032574233266532914,
        "random_state": 42,
        "n_jobs": -1
    },
    "metrics": {
        "MSE": {
            "Temperature": 0.005976934865610366,
            "Precipitation_accumulated": 0.005818796666412198,
            "Humidity": 0.05658574464094622,
            "Wind_Speed_kmh": 0.00011942703340566085,
            "Soil_Moisture": 71.60091528172619,
            "Soil_Temperature": 0.005569459634730921,
            "Wind_Dir_Sin": 3.0598085225726766e-05,
            "Wind_Dir_Cos": 1.8107891701436266e-05
        },
        "RMSE": {
            "Temperature": 0.07731063876084822,
            "Precipitation_accumulated": 0.07628103739732567,
            "Humidity": 0.2378775833090336,
            "Wind_Speed_kmh": 0.01092826763058358,
            "Soil_Moisture": 8.461732404284964,
            "Soil_Temperature": 0.0746288123631277,
            "Wind_Dir_Sin": 0.005531553599643302,
            "Wind_Dir_Cos": 0.004255336849350033
        },
        "MAE": {
            "Temperature": 0.04259394716686849,
            "Precipitation_accumulated": 0.03238617899042702,
            "Humidity": 0.12014896546253477,
            "Wind_Speed_kmh": 0.003222306644050239,
            "Soil_Moisture": 3.317710292803237,
            "Soil_Temperature": 0.03237510625451667,
            "Wind_Dir_Sin": 0.001712560335919628,
            "Wind_Dir_Cos": 0.0013024930984946175
        },
        "R2": {
            "Temperature": 0.9982443231636602,
            "Precipitation_accumulated": 0.993869424152359,
            "Humidity": 0.9991298335826768,
            "Wind_Speed_kmh": 0.9996490619945168,
            "Soil_Moisture": 0.9999032381054496,
            "Soil_Temperature": 0.9990076170216258,
            "Wind_Dir_Sin": 0.9998094989521472,
            "Wind_Dir_Cos": 0.9999369267314282
        },
        "SMAPE": {
            "Temperature": 0.7395233762339326,
            "Precipitation_accumulated": 0.0070311734830905475,
            "Humidity": 0.14396673657261153,
            "Wind_Speed_kmh": 116.74456377206994,
            "Soil_Moisture": 0.05490663490928126,
            "Soil_Temperature": 2.0656644806789646,
            "Wind_Dir_Sin": 111.73536197216042,
            "Wind_Dir_Cos": 2.194805863042458
        }
    }
}