{
    "trial_number": 34,
    "overall_mae_val": 0.08013097143809561,
    "params": {
        "boosting_type": "gbdt",
        "n_estimators": 250,
        "learning_rate": 0.014341889789752805,
        "num_leaves": 50,
        "max_depth": 9,
        "min_child_samples": 50,
        "subsample": 0.75,
        "feature_fraction": 0.9,
        "reg_alpha": 0.14094006030614284,
        "reg_lambda": 0.00663539091155951,
        "random_state": 42,
        "n_jobs": -1
    },
    "metrics": {
        "MSE": {
            "Temperature": 2.2371577175194104,
            "Precipitation_accumulated": 117.57879993799591,
            "Humidity": 10.341964104097126,
            "Wind_Speed_kmh": 0.5405968219008433,
            "Soil_Moisture": 4374.561935612148,
            "Soil_Temperature": 0.3129232528902411,
            "Wind_Dir_Sin": 0.3641877947753972,
            "Wind_Dir_Cos": 0.30221145598915816
        },
        "RMSE": {
            "Temperature": 1.495713113374156,
            "Precipitation_accumulated": 10.843375855239728,
            "Humidity": 3.215892427320467,
            "Wind_Speed_kmh": 0.7352528965606618,
            "Soil_Moisture": 66.14047123820745,
            "Soil_Temperature": 0.5593954351710793,
            "Wind_Dir_Sin": 0.603479738496163,
            "Wind_Dir_Cos": 0.549737624680318
        },
        "MAE": {
            "Temperature": 1.1271950157471808,
            "Precipitation_accumulated": 10.31710970150559,
            "Humidity": 2.3352118231302006,
            "Wind_Speed_kmh": 0.5510066072178662,
            "Soil_Moisture": 59.410400895998634,
            "Soil_Temperature": 0.3967708963086358,
            "Wind_Dir_Sin": 0.49172539738883153,
            "Wind_Dir_Cos": 0.44330709920485895
        },
        "R2": {
            "Temperature": 0.926729074806153,
            "Precipitation_accumulated": -32.99958343781617,
            "Humidity": 0.9294474610780086,
            "Wind_Speed_kmh": 0.5998396803717243,
            "Soil_Moisture": 0.9247651091436704,
            "Soil_Temperature": 0.9806577193783842,
            "Wind_Dir_Sin": 0.3374292944472218,
            "Wind_Dir_Cos": 0.17917743490052507
        },
        "SMAPE": {
            "Temperature": 22.655086622879338,
            "Precipitation_accumulated": 2.246417006035878,
            "Humidity": 2.811991613863191,
            "Wind_Speed_kmh": 56.84730268983218,
            "Soil_Moisture": 0.6932052816958626,
            "Soil_Temperature": 6.815391102361102,
            "Wind_Dir_Sin": 97.4605238844252,
            "Wind_Dir_Cos": 109.07662629161416
        }
    }
}