{
    "trial_number": 45,
    "overall_smape_val": 35.06343401787856,
    "xgb_params": {
        "boosting_type": "dart",
        "n_estimators": 650,
        "learning_rate": 0.08321960294946885,
        "num_leaves": 80,
        "max_depth": 10,
        "min_child_samples": 10,
        "subsample": 1.0,
        "feature_fraction": 0.65,
        "reg_alpha": 0.3470114904296079,
        "reg_lambda": 0.005587238720893322,
        "random_state": 42,
        "n_jobs": -1
    },
    "metrics": {
        "MSE": {
            "Temperature": 0.19128161417559955,
            "Precipitation_accumulated": 90.66130307795294,
            "Humidity": 3.134373098109673,
            "Wind_Speed_kmh": 0.00920097267475206,
            "Soil_Moisture": 4491.567355778697,
            "Soil_Temperature": 0.03963525809386816,
            "Wind_Dir_Sin": 0.0041856798219156765,
            "Wind_Dir_Cos": 0.0035015798872852716
        },
        "RMSE": {
            "Temperature": 0.43735753586236464,
            "Precipitation_accumulated": 9.52162292248296,
            "Humidity": 1.7704160805047138,
            "Wind_Speed_kmh": 0.09592170074989319,
            "Soil_Moisture": 67.0191566328516,
            "Soil_Temperature": 0.19908605700517593,
            "Wind_Dir_Sin": 0.06469683007625394,
            "Wind_Dir_Cos": 0.05917414880913178
        },
        "MAE": {
            "Temperature": 0.21875123488703813,
            "Precipitation_accumulated": 9.479564170873696,
            "Humidity": 1.4071979938542645,
            "Wind_Speed_kmh": 0.03447517319718631,
            "Soil_Moisture": 20.850999368090335,
            "Soil_Temperature": 0.1640551757138573,
            "Wind_Dir_Sin": 0.0391665202512845,
            "Wind_Dir_Cos": 0.04538527651113626
        },
        "R2": {
            "Temperature": 0.943812554967254,
            "Precipitation_accumulated": -94.51906121305605,
            "Humidity": 0.9518001180925915,
            "Wind_Speed_kmh": 0.972962813301944,
            "Soil_Moisture": 0.9939300696766771,
            "Soil_Temperature": 0.9929376711466683,
            "Wind_Dir_Sin": 0.9739403173051882,
            "Wind_Dir_Cos": 0.9878033239706793
        },
        "SMAPE": {
            "Temperature": 3.6896330851744636,
            "Precipitation_accumulated": 2.084302627324244,
            "Humidity": 1.667152093514871,
            "Wind_Speed_kmh": 129.78677499227862,
            "Soil_Moisture": 0.31939781660902183,
            "Soil_Temperature": 6.6011741621794195,
            "Wind_Dir_Sin": 124.51730396219322,
            "Wind_Dir_Cos": 11.841733403754658
        }
    }
}