{
    "trial_number": 51,
    "overall_mae_val": 0.07726512139947139,
    "params": {
        "boosting_type": "gbdt",
        "n_estimators": 700,
        "learning_rate": 0.007980194075809782,
        "num_leaves": 20,
        "max_depth": 6,
        "min_child_samples": 30,
        "subsample": 0.75,
        "feature_fraction": 0.9,
        "reg_alpha": 0.0018590348499337953,
        "reg_lambda": 2.8172407987327655e-05,
        "random_state": 42,
        "n_jobs": -1
    },
    "metrics": {
        "MSE": {
            "Temperature": 1.8766618552684964,
            "Precipitation_accumulated": 17.856960121290182,
            "Humidity": 9.513128204682182,
            "Wind_Speed_kmh": 0.5472907130535132,
            "Soil_Moisture": 2050.212160070196,
            "Soil_Temperature": 0.684859120257785,
            "Wind_Dir_Sin": 0.35801199411664725,
            "Wind_Dir_Cos": 0.3102266425751387
        },
        "RMSE": {
            "Temperature": 1.369913083107281,
            "Precipitation_accumulated": 4.225749651989595,
            "Humidity": 3.084335942254375,
            "Wind_Speed_kmh": 0.7397909928172369,
            "Soil_Moisture": 45.27926854610392,
            "Soil_Temperature": 0.8275621549211787,
            "Wind_Dir_Sin": 0.5983410349597019,
            "Wind_Dir_Cos": 0.5569799301367498
        },
        "MAE": {
            "Temperature": 1.0114019349164105,
            "Precipitation_accumulated": 3.793892582628844,
            "Humidity": 2.203630377194419,
            "Wind_Speed_kmh": 0.5537936047256647,
            "Soil_Moisture": 33.59309031610459,
            "Soil_Temperature": 0.5666795071660325,
            "Wind_Dir_Sin": 0.4827117715809006,
            "Wind_Dir_Cos": 0.44779718047188033
        },
        "R2": {
            "Temperature": 0.9385666416430622,
            "Precipitation_accumulated": -4.148155298337423,
            "Humidity": 0.9351107352317466,
            "Wind_Speed_kmh": 0.5947168151312647,
            "Soil_Moisture": 0.964955208863685,
            "Soil_Temperature": 0.9577018243099573,
            "Wind_Dir_Sin": 0.3481358277604276,
            "Wind_Dir_Cos": 0.1591998391549051
        },
        "SMAPE": {
            "Temperature": 20.651090951353478,
            "Precipitation_accumulated": 0.8195084941727016,
            "Humidity": 2.659080875866835,
            "Wind_Speed_kmh": 57.148290030831056,
            "Soil_Moisture": 0.39400362660515675,
            "Soil_Temperature": 9.449316423088165,
            "Wind_Dir_Sin": 95.84388971594869,
            "Wind_Dir_Cos": 109.22362406528846
        }
    }
}