{
    "trial_number": 27,
    "overall_smape_val": 30.79684940158497,
    "xgb_params": {
        "boosting_type": "gbdt",
        "n_estimators": 450,
        "learning_rate": 0.04989210606210723,
        "num_leaves": 75,
        "max_depth": 11,
        "min_child_samples": 10,
        "subsample": 0.8,
        "feature_fraction": 0.6,
        "reg_alpha": 0.0004858918517871634,
        "reg_lambda": 0.0022096294943164244,
        "random_state": 42,
        "n_jobs": -1
    },
    "metrics": {
        "MSE": {
            "Temperature": 0.03310326732449344,
            "Precipitation_accumulated": 0.000808875068988643,
            "Humidity": 0.29850949191769055,
            "Wind_Speed_kmh": 0.0006240134633897821,
            "Soil_Moisture": 408.33663534346664,
            "Soil_Temperature": 0.008112246047419844,
            "Wind_Dir_Sin": 0.0004574041206537052,
            "Wind_Dir_Cos": 0.0002597209136950635
        },
        "RMSE": {
            "Temperature": 0.18194303318482255,
            "Precipitation_accumulated": 0.028440729051637248,
            "Humidity": 0.546360221756389,
            "Wind_Speed_kmh": 0.02498026147560874,
            "Soil_Moisture": 20.207341125033413,
            "Soil_Temperature": 0.09006800790191734,
            "Wind_Dir_Sin": 0.021387008221200675,
            "Wind_Dir_Cos": 0.016115859074063148
        },
        "MAE": {
            "Temperature": 0.08430348808383667,
            "Precipitation_accumulated": 0.01031883312961937,
            "Humidity": 0.24155427216910094,
            "Wind_Speed_kmh": 0.008279098751823318,
            "Soil_Moisture": 4.798853609897263,
            "Soil_Temperature": 0.04630430856841482,
            "Wind_Dir_Sin": 0.008001727367663625,
            "Wind_Dir_Cos": 0.005511869528289572
        },
        "R2": {
            "Temperature": 0.9902761798554681,
            "Precipitation_accumulated": 0.9991477842849665,
            "Humidity": 0.99540956937534,
            "Wind_Speed_kmh": 0.9981663277233649,
            "Soil_Moisture": 0.9994481714892228,
            "Soil_Temperature": 0.998554535732041,
            "Wind_Dir_Sin": 0.9971522412715076,
            "Wind_Dir_Cos": 0.9990953421186018
        },
        "SMAPE": {
            "Temperature": 1.4408005024960653,
            "Precipitation_accumulated": 0.0022410478558853495,
            "Humidity": 0.2887966866678782,
            "Wind_Speed_kmh": 120.84134075562835,
            "Soil_Moisture": 0.0783632546884221,
            "Soil_Temperature": 2.702475322566689,
            "Wind_Dir_Sin": 117.06642012333255,
            "Wind_Dir_Cos": 3.9543575194441876
        }
    }
}