{
    "trial_number": 58,
    "overall_mae_val": 0.07738492950538015,
    "params": {
        "boosting_type": "gbdt",
        "n_estimators": 550,
        "learning_rate": 0.011928646096807528,
        "num_leaves": 30,
        "max_depth": 6,
        "min_child_samples": 30,
        "subsample": 0.8,
        "feature_fraction": 0.9,
        "reg_alpha": 0.0008525120928371229,
        "reg_lambda": 1.154925818671738e-05,
        "random_state": 42,
        "n_jobs": -1
    },
    "metrics": {
        "MSE": {
            "Temperature": 2.0487102795794474,
            "Precipitation_accumulated": 14.562297717723148,
            "Humidity": 9.801683707479013,
            "Wind_Speed_kmh": 0.5526029415279012,
            "Soil_Moisture": 2106.3592395978235,
            "Soil_Temperature": 0.489065814959033,
            "Wind_Dir_Sin": 0.36123912792114193,
            "Wind_Dir_Cos": 0.3115481450353946
        },
        "RMSE": {
            "Temperature": 1.431331645559284,
            "Precipitation_accumulated": 3.8160578766212585,
            "Humidity": 3.1307640772627714,
            "Wind_Speed_kmh": 0.7433726801059488,
            "Soil_Moisture": 45.8950894932979,
            "Soil_Temperature": 0.6993324066272297,
            "Wind_Dir_Sin": 0.6010317195632373,
            "Wind_Dir_Cos": 0.5581649801227183
        },
        "MAE": {
            "Temperature": 1.0467917876505717,
            "Precipitation_accumulated": 3.3766995934802453,
            "Humidity": 2.165802400276538,
            "Wind_Speed_kmh": 0.5598810462133648,
            "Soil_Moisture": 31.04200901233861,
            "Soil_Temperature": 0.5047554356905545,
            "Wind_Dir_Sin": 0.4885444945726893,
            "Wind_Dir_Cos": 0.44675062472774996
        },
        "R2": {
            "Temperature": 0.9329227373017007,
            "Precipitation_accumulated": -3.2045817944316024,
            "Humidity": 0.933137894720999,
            "Wind_Speed_kmh": 0.5907409303671565,
            "Soil_Moisture": 0.963882372845161,
            "Soil_Temperature": 0.9697836738887977,
            "Wind_Dir_Sin": 0.34252797134594315,
            "Wind_Dir_Cos": 0.15471693681213605
        },
        "SMAPE": {
            "Temperature": 20.737796582203547,
            "Precipitation_accumulated": 0.7289544978880557,
            "Humidity": 2.631981766135199,
            "Wind_Speed_kmh": 57.65724166698364,
            "Soil_Moisture": 0.3664777670129893,
            "Soil_Temperature": 9.019603050810396,
            "Wind_Dir_Sin": 96.96090715176238,
            "Wind_Dir_Cos": 108.905062370918
        }
    }
}