{
    "trial_number": 21,
    "overall_mae_val": 0.0778522921597587,
    "params": {
        "boosting_type": "gbdt",
        "n_estimators": 250,
        "learning_rate": 0.023372116506580047,
        "num_leaves": 105,
        "max_depth": 9,
        "min_child_samples": 45,
        "subsample": 0.8,
        "feature_fraction": 0.85,
        "reg_alpha": 0.05877691801696221,
        "reg_lambda": 0.10741115785131822,
        "random_state": 42,
        "n_jobs": -1
    },
    "metrics": {
        "MSE": {
            "Temperature": 1.8553757893627145,
            "Precipitation_accumulated": 22.468099838879766,
            "Humidity": 9.499675347143505,
            "Wind_Speed_kmh": 0.5492329129058295,
            "Soil_Moisture": 1372.8154677071018,
            "Soil_Temperature": 1.1857138820657203,
            "Wind_Dir_Sin": 0.3626494166402796,
            "Wind_Dir_Cos": 0.31226157589977316
        },
        "RMSE": {
            "Temperature": 1.3621217968165382,
            "Precipitation_accumulated": 4.740052725326984,
            "Humidity": 3.082154335386777,
            "Wind_Speed_kmh": 0.7411024982455731,
            "Soil_Moisture": 37.051524499095876,
            "Soil_Temperature": 1.0889049003773104,
            "Wind_Dir_Sin": 0.6022037999218202,
            "Wind_Dir_Cos": 0.5588037006854671
        },
        "MAE": {
            "Temperature": 1.0291562133622962,
            "Precipitation_accumulated": 4.353656549206202,
            "Humidity": 2.194321183039113,
            "Wind_Speed_kmh": 0.5583879081862042,
            "Soil_Moisture": 23.99266296452988,
            "Soil_Temperature": 0.6758559125461517,
            "Wind_Dir_Sin": 0.48801855318371923,
            "Wind_Dir_Cos": 0.4473878665771596
        },
        "R2": {
            "Temperature": 0.9392656598154556,
            "Precipitation_accumulated": -5.420625491086691,
            "Humidity": 0.9352279854450035,
            "Wind_Speed_kmh": 0.5948810661877213,
            "Soil_Moisture": 0.976975877810844,
            "Soil_Temperature": 0.9268235418587341,
            "Wind_Dir_Sin": 0.3390342104866819,
            "Wind_Dir_Cos": 0.156553239989761
        },
        "SMAPE": {
            "Temperature": 21.797699386093388,
            "Precipitation_accumulated": 0.9410051512747161,
            "Humidity": 2.6209104848888027,
            "Wind_Speed_kmh": 57.69621690553929,
            "Soil_Moisture": 0.2818102060517946,
            "Soil_Temperature": 9.98591883148388,
            "Wind_Dir_Sin": 98.47514546000535,
            "Wind_Dir_Cos": 108.71735030998492
        }
    }
}