{
    "trial_number": 47,
    "overall_mae_val": 0.16256335421368637,
    "params": {
        "boosting_type": "dart",
        "n_estimators": 750,
        "learning_rate": 0.008888237346552443,
        "num_leaves": 50,
        "max_depth": 6,
        "min_child_samples": 35,
        "subsample": 0.7,
        "feature_fraction": 0.95,
        "reg_alpha": 0.0009975488723489034,
        "reg_lambda": 0.0004372523143607583,
        "random_state": 42,
        "n_jobs": -1
    },
    "metrics": {
        "MSE": {
            "Temperature": 8.692489349368051,
            "Precipitation_accumulated": 12227.594795546604,
            "Humidity": 277.4328422272846,
            "Wind_Speed_kmh": 0.7400406682670754,
            "Soil_Moisture": 574009.6909861773,
            "Soil_Temperature": 4.427523750384127,
            "Wind_Dir_Sin": 0.4538801783522164,
            "Wind_Dir_Cos": 0.3375269155726305
        },
        "RMSE": {
            "Temperature": 2.9483027913306414,
            "Precipitation_accumulated": 110.5784553859684,
            "Humidity": 16.65631538568133,
            "Wind_Speed_kmh": 0.8602561643295997,
            "Soil_Moisture": 757.6342725789121,
            "Soil_Temperature": 2.104168184909212,
            "Wind_Dir_Sin": 0.6737062997718044,
            "Wind_Dir_Cos": 0.580970666705842
        },
        "MAE": {
            "Temperature": 2.2681932581562125,
            "Precipitation_accumulated": 110.56218268771792,
            "Humidity": 16.058911863001942,
            "Wind_Speed_kmh": 0.6301941755282437,
            "Soil_Moisture": 754.0825195172697,
            "Soil_Temperature": 1.8516800227783372,
            "Wind_Dir_Sin": 0.5790841589290453,
            "Wind_Dir_Cos": 0.4679439079674246
        },
        "R2": {
            "Temperature": 0.7153973417317846,
            "Precipitation_accumulated": -3529.4814846952763,
            "Humidity": -0.8925058651606079,
            "Wind_Speed_kmh": 0.45192409843486325,
            "Soil_Moisture": -8.842512906896904,
            "Soil_Temperature": 0.726450924569515,
            "Wind_Dir_Sin": 0.1739169470804387,
            "Wind_Dir_Cos": 0.08423211741102998
        },
        "SMAPE": {
            "Temperature": 32.23304716285222,
            "Precipitation_accumulated": 27.019475275291406,
            "Humidity": 19.997931655089374,
            "Wind_Speed_kmh": 63.14336161322604,
            "Soil_Moisture": 9.184005674898783,
            "Soil_Temperature": 28.610973785236524,
            "Wind_Dir_Sin": 122.72073105874043,
            "Wind_Dir_Cos": 110.28876164083009
        }
    }
}