{
    "trial_number": 36,
    "overall_mae_val": 0.10489315779771272,
    "params": {
        "boosting_type": "gbdt",
        "n_estimators": 200,
        "learning_rate": 0.007839903418004189,
        "num_leaves": 90,
        "max_depth": 11,
        "min_child_samples": 45,
        "subsample": 0.8,
        "feature_fraction": 0.85,
        "reg_alpha": 0.059413022863005205,
        "reg_lambda": 0.02676797736645475,
        "random_state": 42,
        "n_jobs": -1
    },
    "metrics": {
        "MSE": {
            "Temperature": 4.567460584544466,
            "Precipitation_accumulated": 1549.219390539648,
            "Humidity": 18.56227480494619,
            "Wind_Speed_kmh": 0.6107444420461414,
            "Soil_Moisture": 95593.08506922013,
            "Soil_Temperature": 2.2593883935288526,
            "Wind_Dir_Sin": 0.36797231557219284,
            "Wind_Dir_Cos": 0.3142421183222117
        },
        "RMSE": {
            "Temperature": 2.137161805887534,
            "Precipitation_accumulated": 39.360124371496184,
            "Humidity": 4.308395850539524,
            "Wind_Speed_kmh": 0.7815014024594846,
            "Soil_Moisture": 309.18131423037215,
            "Soil_Temperature": 1.50312620678666,
            "Wind_Dir_Sin": 0.6066072168810661,
            "Wind_Dir_Cos": 0.5605730267522794
        },
        "MAE": {
            "Temperature": 1.7723627011595922,
            "Precipitation_accumulated": 39.31577567840365,
            "Humidity": 3.7152245839872364,
            "Wind_Speed_kmh": 0.5875829560323683,
            "Soil_Moisture": 303.69387051576206,
            "Soil_Temperature": 1.3190736473980016,
            "Wind_Dir_Sin": 0.5169404545606454,
            "Wind_Dir_Cos": 0.46700210253236824
        },
        "R2": {
            "Temperature": 0.8505399268456616,
            "Precipitation_accumulated": -443.00757351847733,
            "Humidity": 0.8734199614943869,
            "Wind_Speed_kmh": 0.549922475075121,
            "Soil_Moisture": -0.613860045987096,
            "Soil_Temperature": 0.8605581112339364,
            "Wind_Dir_Sin": 0.3288543567358192,
            "Wind_Dir_Cos": 0.15105632407717373
        },
        "SMAPE": {
            "Temperature": 32.91916801211532,
            "Precipitation_accumulated": 8.838259325659612,
            "Humidity": 4.295278093269221,
            "Wind_Speed_kmh": 58.84596088964682,
            "Soil_Moisture": 3.5927890680935364,
            "Soil_Temperature": 24.424655708924554,
            "Wind_Dir_Sin": 106.85711820158181,
            "Wind_Dir_Cos": 119.60731474816122
        }
    }
}