{
    "trial_number": 25,
    "overall_mae_val": 0.07807169924344794,
    "params": {
        "boosting_type": "gbdt",
        "n_estimators": 250,
        "learning_rate": 0.021448881921540222,
        "num_leaves": 90,
        "max_depth": 9,
        "min_child_samples": 40,
        "subsample": 0.85,
        "feature_fraction": 0.9,
        "reg_alpha": 0.984915295351087,
        "reg_lambda": 0.046268214534768703,
        "random_state": 42,
        "n_jobs": -1
    },
    "metrics": {
        "MSE": {
            "Temperature": 2.2396652263255916,
            "Precipitation_accumulated": 43.96590755775906,
            "Humidity": 9.900376065079175,
            "Wind_Speed_kmh": 0.5376356064868606,
            "Soil_Moisture": 1909.0727460569017,
            "Soil_Temperature": 0.7177323991811663,
            "Wind_Dir_Sin": 0.3618625107211168,
            "Wind_Dir_Cos": 0.301646795546877
        },
        "RMSE": {
            "Temperature": 1.4965511104955926,
            "Precipitation_accumulated": 6.630679268201642,
            "Humidity": 3.1464863046069618,
            "Wind_Speed_kmh": 0.7332363919547779,
            "Soil_Moisture": 43.69293702713176,
            "Soil_Temperature": 0.8471908870975692,
            "Wind_Dir_Sin": 0.6015500899518815,
            "Wind_Dir_Cos": 0.5492238118899043
        },
        "MAE": {
            "Temperature": 1.1054962953119338,
            "Precipitation_accumulated": 6.346836020535717,
            "Humidity": 2.2879826918464596,
            "Wind_Speed_kmh": 0.5470956790508945,
            "Soil_Moisture": 33.32777556328906,
            "Soil_Temperature": 0.6021504667034872,
            "Wind_Dir_Sin": 0.4844275681066686,
            "Wind_Dir_Cos": 0.44145031244075883
        },
        "R2": {
            "Temperature": 0.9267004871575711,
            "Precipitation_accumulated": -11.65651769039295,
            "Humidity": 0.9324738897565754,
            "Wind_Speed_kmh": 0.6023457986073388,
            "Soil_Moisture": 0.9674682598100617,
            "Soil_Temperature": 0.955684395012507,
            "Wind_Dir_Sin": 0.3409235269908295,
            "Wind_Dir_Cos": 0.18309894809830674
        },
        "SMAPE": {
            "Temperature": 22.899047948289088,
            "Precipitation_accumulated": 1.375101203399823,
            "Humidity": 2.7442907133964134,
            "Wind_Speed_kmh": 56.793553718327246,
            "Soil_Moisture": 0.3879130084630528,
            "Soil_Temperature": 10.423840704594005,
            "Wind_Dir_Sin": 96.18084026847012,
            "Wind_Dir_Cos": 108.16592408801716
        }
    }
}