{
    "trial_number": 70,
    "overall_mae_val": 0.08049558466298729,
    "params": {
        "boosting_type": "gbdt",
        "n_estimators": 450,
        "learning_rate": 0.007300078050310366,
        "num_leaves": 45,
        "max_depth": 7,
        "min_child_samples": 35,
        "subsample": 0.85,
        "feature_fraction": 0.95,
        "reg_alpha": 8.03666010139644e-05,
        "reg_lambda": 4.999408625929497e-05,
        "random_state": 42,
        "n_jobs": -1
    },
    "metrics": {
        "MSE": {
            "Temperature": 1.8781638166868224,
            "Precipitation_accumulated": 109.4082225382049,
            "Humidity": 9.207320758309558,
            "Wind_Speed_kmh": 0.5418058780498431,
            "Soil_Moisture": 5056.783670367426,
            "Soil_Temperature": 0.9399189063679457,
            "Wind_Dir_Sin": 0.36296682863105906,
            "Wind_Dir_Cos": 0.3112924988271026
        },
        "RMSE": {
            "Temperature": 1.3704611693465898,
            "Precipitation_accumulated": 10.459838552205522,
            "Humidity": 3.034356728914641,
            "Wind_Speed_kmh": 0.7360746416293956,
            "Soil_Moisture": 71.11106573781204,
            "Soil_Temperature": 0.9694941497337392,
            "Wind_Dir_Sin": 0.6024672842827725,
            "Wind_Dir_Cos": 0.5579359271700494
        },
        "MAE": {
            "Temperature": 1.0387317152291593,
            "Precipitation_accumulated": 10.139667841257012,
            "Humidity": 2.2541691238874537,
            "Wind_Speed_kmh": 0.5519190555944494,
            "Soil_Moisture": 64.41794979475033,
            "Soil_Temperature": 0.5895337751776777,
            "Wind_Dir_Sin": 0.4895189101598693,
            "Wind_Dir_Cos": 0.4484398749106358
        },
        "R2": {
            "Temperature": 0.9385412317759847,
            "Precipitation_accumulated": -30.356488118339698,
            "Humidity": 0.937213351899639,
            "Wind_Speed_kmh": 0.6007255542670971,
            "Soil_Moisture": 0.9146283319458042,
            "Soil_Temperature": 0.9419913513027411,
            "Wind_Dir_Sin": 0.3379838771121929,
            "Wind_Dir_Cos": 0.15902489566815325
        },
        "SMAPE": {
            "Temperature": 22.184518751708666,
            "Precipitation_accumulated": 2.2068420160259627,
            "Humidity": 2.677318749927297,
            "Wind_Speed_kmh": 57.042240956979406,
            "Soil_Moisture": 0.75202549576491,
            "Soil_Temperature": 8.291164149591042,
            "Wind_Dir_Sin": 97.18925874529512,
            "Wind_Dir_Cos": 109.95192154753582
        }
    }
}