{
    "trial_number": 23,
    "overall_smape_val": 33.216467409981604,
    "xgb_params": {
        "boosting_type": "gbdt",
        "n_estimators": 650,
        "learning_rate": 0.014291707570616666,
        "num_leaves": 130,
        "max_depth": 12,
        "min_child_samples": 15,
        "subsample": 0.85,
        "feature_fraction": 0.85,
        "reg_alpha": 0.06198569032973185,
        "reg_lambda": 0.2079733311623407,
        "random_state": 42,
        "n_jobs": -1
    },
    "metrics": {
        "MSE": {
            "Temperature": 0.07698340289756542,
            "Precipitation_accumulated": 0.011911287509048192,
            "Humidity": 0.6017582532858438,
            "Wind_Speed_kmh": 0.0034381967287275485,
            "Soil_Moisture": 3271.372633730666,
            "Soil_Temperature": 0.018787226641491718,
            "Wind_Dir_Sin": 0.002478870488995317,
            "Wind_Dir_Cos": 0.001544512924826137
        },
        "RMSE": {
            "Temperature": 0.27745883099581714,
            "Precipitation_accumulated": 0.10913884509673076,
            "Humidity": 0.7757307866043759,
            "Wind_Speed_kmh": 0.058636138419302035,
            "Soil_Moisture": 57.19591448460866,
            "Soil_Temperature": 0.13706650444762833,
            "Wind_Dir_Sin": 0.049788256537011986,
            "Wind_Dir_Cos": 0.039300291663372386
        },
        "MAE": {
            "Temperature": 0.13510320222279504,
            "Precipitation_accumulated": 0.06078722271347821,
            "Humidity": 0.31863316674767217,
            "Wind_Speed_kmh": 0.020679514048214533,
            "Soil_Moisture": 9.631977532197704,
            "Soil_Temperature": 0.06356886858529188,
            "Wind_Dir_Sin": 0.018070286781541677,
            "Wind_Dir_Cos": 0.01419882127371639
        },
        "R2": {
            "Temperature": 0.9773867408146723,
            "Precipitation_accumulated": 0.987450489215616,
            "Humidity": 0.9907462590325706,
            "Wind_Speed_kmh": 0.9898968108975764,
            "Soil_Moisture": 0.9955790479412886,
            "Soil_Temperature": 0.9966524357563142,
            "Wind_Dir_Sin": 0.9845667654638749,
            "Wind_Dir_Cos": 0.9946201645047122
        },
        "SMAPE": {
            "Temperature": 2.339185605204304,
            "Precipitation_accumulated": 0.013205304623945882,
            "Humidity": 0.38060131263005875,
            "Wind_Speed_kmh": 129.3654245627118,
            "Soil_Moisture": 0.15280306371040095,
            "Soil_Temperature": 4.5722441940376015,
            "Wind_Dir_Sin": 121.79669015399993,
            "Wind_Dir_Cos": 7.111585082934485
        }
    }
}