{
    "trial_number": 41,
    "overall_smape_val": 30.05081752652347,
    "xgb_params": {
        "boosting_type": "gbdt",
        "n_estimators": 550,
        "learning_rate": 0.05624784962883987,
        "num_leaves": 80,
        "max_depth": 8,
        "min_child_samples": 10,
        "subsample": 0.9,
        "feature_fraction": 0.65,
        "reg_alpha": 0.012425646096579455,
        "reg_lambda": 0.004114214195223568,
        "random_state": 42,
        "n_jobs": -1
    },
    "metrics": {
        "MSE": {
            "Temperature": 0.012656322096210433,
            "Precipitation_accumulated": 0.0020993379977856798,
            "Humidity": 0.17230369381729785,
            "Wind_Speed_kmh": 0.0002700137167728814,
            "Soil_Moisture": 171.34125405135737,
            "Soil_Temperature": 0.005794752469967176,
            "Wind_Dir_Sin": 0.0003117075183030728,
            "Wind_Dir_Cos": 0.00020066204597581774
        },
        "RMSE": {
            "Temperature": 0.1125003204271456,
            "Precipitation_accumulated": 0.04581853334389568,
            "Humidity": 0.4150948010000822,
            "Wind_Speed_kmh": 0.01643209410796084,
            "Soil_Moisture": 13.089738502023536,
            "Soil_Temperature": 0.0761232715400959,
            "Wind_Dir_Sin": 0.01765524053370763,
            "Wind_Dir_Cos": 0.014165523145151319
        },
        "MAE": {
            "Temperature": 0.054975873187618256,
            "Precipitation_accumulated": 0.01994148751345536,
            "Humidity": 0.18286821077029478,
            "Wind_Speed_kmh": 0.0043971811078500535,
            "Soil_Moisture": 4.024745199607178,
            "Soil_Temperature": 0.0360944778967394,
            "Wind_Dir_Sin": 0.005363852843366079,
            "Wind_Dir_Cos": 0.003965825086302909
        },
        "R2": {
            "Temperature": 0.9962823065606048,
            "Precipitation_accumulated": 0.9977881765658612,
            "Humidity": 0.9973503417001592,
            "Wind_Speed_kmh": 0.9992065609224711,
            "Soil_Moisture": 0.9997684484298639,
            "Soil_Temperature": 0.9989674736702951,
            "Wind_Dir_Sin": 0.9980593357910382,
            "Wind_Dir_Cos": 0.9993010555106755
        },
        "SMAPE": {
            "Temperature": 0.9195097484653404,
            "Precipitation_accumulated": 0.0043305591893957225,
            "Humidity": 0.21980603813842475,
            "Wind_Speed_kmh": 118.85145832857351,
            "Soil_Moisture": 0.06622775860854646,
            "Soil_Temperature": 1.9157461881958662,
            "Wind_Dir_Sin": 115.11514228506445,
            "Wind_Dir_Cos": 3.3143193059524685
        }
    }
}