{
    "trial_number": 35,
    "overall_mae_val": 0.07844987481002873,
    "params": {
        "boosting_type": "gbdt",
        "n_estimators": 350,
        "learning_rate": 0.047384276224236375,
        "num_leaves": 75,
        "max_depth": 8,
        "min_child_samples": 40,
        "subsample": 0.65,
        "feature_fraction": 0.95,
        "reg_alpha": 0.4011008811182198,
        "reg_lambda": 0.361683658611891,
        "random_state": 42,
        "n_jobs": -1
    },
    "metrics": {
        "MSE": {
            "Temperature": 1.830263692483055,
            "Precipitation_accumulated": 21.764721685417026,
            "Humidity": 9.520780355069821,
            "Wind_Speed_kmh": 0.5664076935786666,
            "Soil_Moisture": 1627.9871547537277,
            "Soil_Temperature": 0.8531458152557837,
            "Wind_Dir_Sin": 0.3754867953396264,
            "Wind_Dir_Cos": 0.31721693965233294
        },
        "RMSE": {
            "Temperature": 1.3528723858823695,
            "Precipitation_accumulated": 4.665267589904895,
            "Humidity": 3.0855761787824685,
            "Wind_Speed_kmh": 0.752600620235372,
            "Soil_Moisture": 40.348322824545356,
            "Soil_Temperature": 0.92365892799008,
            "Wind_Dir_Sin": 0.6127697735198975,
            "Wind_Dir_Cos": 0.5632201520296775
        },
        "MAE": {
            "Temperature": 0.9971034746126277,
            "Precipitation_accumulated": 4.221506772520638,
            "Humidity": 2.149403521347195,
            "Wind_Speed_kmh": 0.5645861937004001,
            "Soil_Moisture": 26.859601509937658,
            "Soil_Temperature": 0.6447328447955462,
            "Wind_Dir_Sin": 0.4978175639464298,
            "Wind_Dir_Cos": 0.44880867808061464
        },
        "R2": {
            "Temperature": 0.9401072483903985,
            "Precipitation_accumulated": -5.256165566394345,
            "Humidity": 0.9350672910188553,
            "Wind_Speed_kmh": 0.5818405762365502,
            "Soil_Moisture": 0.9723421852515406,
            "Soil_Temperature": 0.9473351148515687,
            "Wind_Dir_Sin": 0.3158228505699414,
            "Wind_Dir_Cos": 0.14186692890763508
        },
        "SMAPE": {
            "Temperature": 20.760425035584866,
            "Precipitation_accumulated": 0.9122790476056107,
            "Humidity": 2.5953262776589763,
            "Wind_Speed_kmh": 58.29031773542264,
            "Soil_Moisture": 0.3160264647388922,
            "Soil_Temperature": 11.178203865295554,
            "Wind_Dir_Sin": 100.07412782843511,
            "Wind_Dir_Cos": 108.98058832489208
        }
    }
}