{
    "trial_number": 8,
    "overall_smape_val": 81.05627313415837,
    "xgb_params": {
        "boosting_type": "dart",
        "n_estimators": 650,
        "learning_rate": 0.005939522226453269,
        "num_leaves": 120,
        "max_depth": 8,
        "min_child_samples": 40,
        "subsample": 0.65,
        "feature_fraction": 0.95,
        "reg_alpha": 0.5270870071630329,
        "reg_lambda": 0.0006193718784991197,
        "random_state": 42,
        "n_jobs": -1
    },
    "metrics": {
        "MSE": {
            "Temperature": 4.944331652693303,
            "Precipitation_accumulated": 34781.22887412699,
            "Humidity": 742.869171417162,
            "Wind_Speed_kmh": 0.12951138748024157,
            "Soil_Moisture": 198809.98978691228,
            "Soil_Temperature": 6.937281943079784,
            "Wind_Dir_Sin": 0.27144419530914354,
            "Wind_Dir_Cos": 0.5568506481641265
        },
        "RMSE": {
            "Temperature": 2.223585314912226,
            "Precipitation_accumulated": 186.49726237703058,
            "Humidity": 27.255626417625443,
            "Wind_Speed_kmh": 0.359876906011266,
            "Soil_Moisture": 445.8811386310395,
            "Soil_Temperature": 2.633872043794038,
            "Wind_Dir_Sin": 0.5210030665064684,
            "Wind_Dir_Cos": 0.7462242613076356
        },
        "MAE": {
            "Temperature": 2.0337524950905896,
            "Precipitation_accumulated": 186.4947177014772,
            "Humidity": 26.970662830689278,
            "Wind_Speed_kmh": 0.15287957264138122,
            "Soil_Moisture": 238.4302236691344,
            "Soil_Temperature": 2.4841284851808587,
            "Wind_Dir_Sin": 0.479958613273593,
            "Wind_Dir_Cos": 0.7138748573533957
        },
        "R2": {
            "Temperature": -0.45235789731645526,
            "Precipitation_accumulated": -36643.855270130785,
            "Humidity": -10.423721814278005,
            "Wind_Speed_kmh": 0.6194289792386632,
            "Soil_Moisture": 0.7313270201693562,
            "Soil_Temperature": -0.2361056490228508,
            "Wind_Dir_Sin": -0.6899882217621058,
            "Wind_Dir_Cos": -0.939617878500161
        },
        "SMAPE": {
            "Temperature": 35.5677591118858,
            "Precipitation_accumulated": 50.919678537114805,
            "Humidity": 38.19391811767975,
            "Wind_Speed_kmh": 157.7587742845048,
            "Soil_Moisture": 3.490143795663032,
            "Soil_Temperature": 46.86287838184833,
            "Wind_Dir_Sin": 184.4080175618648,
            "Wind_Dir_Cos": 131.24901528270505
        }
    }
}