{
    "trial_number": 15,
    "overall_smape_val": 29.680524958110375,
    "xgb_params": {
        "boosting_type": "gbdt",
        "n_estimators": 550,
        "learning_rate": 0.04144123010601276,
        "num_leaves": 100,
        "max_depth": 11,
        "min_child_samples": 10,
        "subsample": 0.95,
        "feature_fraction": 0.75,
        "reg_alpha": 0.025279527715776486,
        "reg_lambda": 0.07086277621103208,
        "random_state": 42,
        "n_jobs": -1
    },
    "metrics": {
        "MSE": {
            "Temperature": 0.012498590330085463,
            "Precipitation_accumulated": 0.007003732383448806,
            "Humidity": 0.13835939214918272,
            "Wind_Speed_kmh": 0.00021928098640256515,
            "Soil_Moisture": 540.9962956342237,
            "Soil_Temperature": 0.006537116039182893,
            "Wind_Dir_Sin": 0.00018801664262207054,
            "Wind_Dir_Cos": 8.113789731605412e-05
        },
        "RMSE": {
            "Temperature": 0.11179709446173215,
            "Precipitation_accumulated": 0.08368830493831743,
            "Humidity": 0.3719669234611899,
            "Wind_Speed_kmh": 0.014808139194462116,
            "Soil_Moisture": 23.259327067527636,
            "Soil_Temperature": 0.08085243372455088,
            "Wind_Dir_Sin": 0.013711916081353128,
            "Wind_Dir_Cos": 0.009007657704201139
        },
        "MAE": {
            "Temperature": 0.0578200805356432,
            "Precipitation_accumulated": 0.031084699532552284,
            "Humidity": 0.16502798938225566,
            "Wind_Speed_kmh": 0.004080261207847629,
            "Soil_Moisture": 5.322678163635486,
            "Soil_Temperature": 0.037662144004651676,
            "Wind_Dir_Sin": 0.0033511128240650808,
            "Wind_Dir_Cos": 0.0024163909639373566
        },
        "R2": {
            "Temperature": 0.9963286390059747,
            "Precipitation_accumulated": 0.9926209979391175,
            "Humidity": 0.9978723316741094,
            "Wind_Speed_kmh": 0.9993556397591562,
            "Soil_Moisture": 0.9992688944505195,
            "Soil_Temperature": 0.9988351971088024,
            "Wind_Dir_Sin": 0.9988294245483323,
            "Wind_Dir_Cos": 0.9997173811024967
        },
        "SMAPE": {
            "Temperature": 0.9868847034169481,
            "Precipitation_accumulated": 0.006747195770611675,
            "Humidity": 0.19778412110490237,
            "Wind_Speed_kmh": 117.90809899753707,
            "Soil_Moisture": 0.08504992615843217,
            "Soil_Temperature": 2.247579918559833,
            "Wind_Dir_Sin": 113.33379058413182,
            "Wind_Dir_Cos": 2.678264218203398
        }
    }
}