{
    "trial_number": 41,
    "overall_mae_val": 0.07711626542455899,
    "params": {
        "boosting_type": "gbdt",
        "n_estimators": 800,
        "learning_rate": 0.008789850793360744,
        "num_leaves": 35,
        "max_depth": 5,
        "min_child_samples": 40,
        "subsample": 0.75,
        "feature_fraction": 0.9,
        "reg_alpha": 0.017196711083737794,
        "reg_lambda": 0.0065469067783596275,
        "random_state": 42,
        "n_jobs": -1
    },
    "metrics": {
        "MSE": {
            "Temperature": 2.1218828137008576,
            "Precipitation_accumulated": 19.638173977644698,
            "Humidity": 10.023351791628633,
            "Wind_Speed_kmh": 0.5478997137573565,
            "Soil_Moisture": 1801.8433327033588,
            "Soil_Temperature": 0.4203163102979169,
            "Wind_Dir_Sin": 0.36110245768341426,
            "Wind_Dir_Cos": 0.3065668027106695
        },
        "RMSE": {
            "Temperature": 1.4566683952433572,
            "Precipitation_accumulated": 4.431497938355009,
            "Humidity": 3.165967749619164,
            "Wind_Speed_kmh": 0.7402024815936221,
            "Soil_Moisture": 42.4481251965662,
            "Soil_Temperature": 0.64831806260347,
            "Wind_Dir_Sin": 0.6009180124471343,
            "Wind_Dir_Cos": 0.553684750296294
        },
        "MAE": {
            "Temperature": 1.0733135267896419,
            "Precipitation_accumulated": 3.615845484636912,
            "Humidity": 2.1663544332493956,
            "Wind_Speed_kmh": 0.5566168110888745,
            "Soil_Moisture": 30.097965126557177,
            "Soil_Temperature": 0.4626181081755261,
            "Wind_Dir_Sin": 0.4883969836590909,
            "Wind_Dir_Cos": 0.44314036533988027
        },
        "R2": {
            "Temperature": 0.9305269796670147,
            "Precipitation_accumulated": -4.670142884236776,
            "Humidity": 0.9316257876971723,
            "Wind_Speed_kmh": 0.5942241521833895,
            "Soil_Moisture": 0.9691038905146881,
            "Soil_Temperature": 0.9740312769501525,
            "Wind_Dir_Sin": 0.3427767175406661,
            "Wind_Dir_Cos": 0.16823216508785754
        },
        "SMAPE": {
            "Temperature": 21.222630262079914,
            "Precipitation_accumulated": 0.7813549187081453,
            "Humidity": 2.628363781867627,
            "Wind_Speed_kmh": 57.42986052214548,
            "Soil_Moisture": 0.3520915957536196,
            "Soil_Temperature": 8.498439425754576,
            "Wind_Dir_Sin": 96.78280816874005,
            "Wind_Dir_Cos": 108.30117147071249
        }
    }
}