{
    "trial_number": 39,
    "overall_mae_val": 0.12974156627938072,
    "params": {
        "boosting_type": "dart",
        "n_estimators": 750,
        "learning_rate": 0.01298856298385247,
        "num_leaves": 30,
        "max_depth": 5,
        "min_child_samples": 25,
        "subsample": 0.85,
        "feature_fraction": 0.85,
        "reg_alpha": 0.00803299751484292,
        "reg_lambda": 0.04301996570785572,
        "random_state": 42,
        "n_jobs": -1
    },
    "metrics": {
        "MSE": {
            "Temperature": 5.124615113235694,
            "Precipitation_accumulated": 5427.490769963169,
            "Humidity": 123.5922003809277,
            "Wind_Speed_kmh": 0.6323542988861219,
            "Soil_Moisture": 242148.0149351333,
            "Soil_Temperature": 1.6865121652023853,
            "Wind_Dir_Sin": 0.41227571777862226,
            "Wind_Dir_Cos": 0.3211145339421367
        },
        "RMSE": {
            "Temperature": 2.263761275672789,
            "Precipitation_accumulated": 73.67150582120044,
            "Humidity": 11.117202902750659,
            "Wind_Speed_kmh": 0.7952070792479918,
            "Soil_Moisture": 492.08537362446907,
            "Soil_Temperature": 1.298657832226174,
            "Wind_Dir_Sin": 0.6420870017206565,
            "Wind_Dir_Cos": 0.566669686803641
        },
        "MAE": {
            "Temperature": 1.686645625380293,
            "Precipitation_accumulated": 73.64796098078766,
            "Humidity": 10.423257676928788,
            "Wind_Speed_kmh": 0.5875093530342032,
            "Soil_Moisture": 488.7009510235343,
            "Soil_Temperature": 1.152868920260262,
            "Wind_Dir_Sin": 0.5467381264257555,
            "Wind_Dir_Cos": 0.45619347432519386
        },
        "R2": {
            "Temperature": 0.8322434508864969,
            "Precipitation_accumulated": -1563.743672734626,
            "Humidity": 0.15697477830038598,
            "Wind_Speed_kmh": 0.5317249898356218,
            "Soil_Moisture": -3.1390968080027815,
            "Soil_Temperature": 0.8958378653988381,
            "Wind_Dir_Sin": 0.24933305609679113,
            "Wind_Dir_Cos": 0.1296906366678281
        },
        "SMAPE": {
            "Temperature": 25.58168002231513,
            "Precipitation_accumulated": 17.221245330702832,
            "Humidity": 12.456927320203041,
            "Wind_Speed_kmh": 59.71246694540626,
            "Soil_Moisture": 5.855864083900472,
            "Soil_Temperature": 18.915646379269436,
            "Wind_Dir_Sin": 113.84217909583586,
            "Wind_Dir_Cos": 111.19371912120751
        }
    }
}