{
    "trial_number": 65,
    "overall_mae_val": 0.07756722365830285,
    "params": {
        "boosting_type": "gbdt",
        "n_estimators": 650,
        "learning_rate": 0.011848703670093675,
        "num_leaves": 25,
        "max_depth": 7,
        "min_child_samples": 25,
        "subsample": 0.85,
        "feature_fraction": 0.85,
        "reg_alpha": 0.00032060872819231087,
        "reg_lambda": 0.00011272327734198175,
        "random_state": 42,
        "n_jobs": -1
    },
    "metrics": {
        "MSE": {
            "Temperature": 1.5705252651986534,
            "Precipitation_accumulated": 15.56170047531181,
            "Humidity": 9.029802576125213,
            "Wind_Speed_kmh": 0.5615008630077267,
            "Soil_Moisture": 2388.031306551652,
            "Soil_Temperature": 0.8278028010286911,
            "Wind_Dir_Sin": 0.3638472500644926,
            "Wind_Dir_Cos": 0.3102105878680189
        },
        "RMSE": {
            "Temperature": 1.2532059947186072,
            "Precipitation_accumulated": 3.94483212257655,
            "Humidity": 3.004962990807909,
            "Wind_Speed_kmh": 0.7493336126237277,
            "Soil_Moisture": 48.867487213398356,
            "Soil_Temperature": 0.9098366892078441,
            "Wind_Dir_Sin": 0.6031975216000913,
            "Wind_Dir_Cos": 0.5569655176651593
        },
        "MAE": {
            "Temperature": 0.9169019103760871,
            "Precipitation_accumulated": 3.4957022240921996,
            "Humidity": 2.0652084654164664,
            "Wind_Speed_kmh": 0.5619052681818985,
            "Soil_Moisture": 36.152455749327224,
            "Soil_Temperature": 0.6235277818481966,
            "Wind_Dir_Sin": 0.49427329405531645,
            "Wind_Dir_Cos": 0.4450160374632646
        },
        "R2": {
            "Temperature": 0.9486000249087887,
            "Precipitation_accumulated": -3.4797650793318278,
            "Humidity": 0.9384116885839817,
            "Wind_Speed_kmh": 0.584694215623748,
            "Soil_Moisture": 0.9593065197800159,
            "Soil_Temperature": 0.9488882179768117,
            "Wind_Dir_Sin": 0.3373086319201357,
            "Wind_Dir_Cos": 0.15990701946294594
        },
        "SMAPE": {
            "Temperature": 19.06371133611281,
            "Precipitation_accumulated": 0.7547027965157769,
            "Humidity": 2.5001080432190546,
            "Wind_Speed_kmh": 58.10176946253905,
            "Soil_Moisture": 0.42495086345788474,
            "Soil_Temperature": 10.314715165437029,
            "Wind_Dir_Sin": 99.6201123702433,
            "Wind_Dir_Cos": 109.24706570362522
        }
    }
}