{
    "trial_number": 42,
    "overall_smape_val": 32.202709826121094,
    "xgb_params": {
        "boosting_type": "gbdt",
        "n_estimators": 400,
        "learning_rate": 0.047500646207737245,
        "num_leaves": 60,
        "max_depth": 9,
        "min_child_samples": 10,
        "subsample": 0.95,
        "feature_fraction": 0.7,
        "reg_alpha": 0.08198482701749561,
        "reg_lambda": 0.0007029510101828246,
        "random_state": 42,
        "n_jobs": -1
    },
    "metrics": {
        "MSE": {
            "Temperature": 0.05604408051735516,
            "Precipitation_accumulated": 0.009568945522790874,
            "Humidity": 0.44058613767460875,
            "Wind_Speed_kmh": 0.0012733617859287613,
            "Soil_Moisture": 1018.9834303592613,
            "Soil_Temperature": 0.018257602048668393,
            "Wind_Dir_Sin": 0.0009433967997108679,
            "Wind_Dir_Cos": 0.00047335677807612114
        },
        "RMSE": {
            "Temperature": 0.23673631009491375,
            "Precipitation_accumulated": 0.0978209871284832,
            "Humidity": 0.6637666289251131,
            "Wind_Speed_kmh": 0.03568419518398532,
            "Soil_Moisture": 31.921519862927287,
            "Soil_Temperature": 0.1351206943760592,
            "Wind_Dir_Sin": 0.03071476517427519,
            "Wind_Dir_Cos": 0.021756763961493012
        },
        "MAE": {
            "Temperature": 0.12398748315467817,
            "Precipitation_accumulated": 0.06288211648190052,
            "Humidity": 0.2985775239342092,
            "Wind_Speed_kmh": 0.01293441030539939,
            "Soil_Moisture": 7.546852469943058,
            "Soil_Temperature": 0.06470699890171157,
            "Wind_Dir_Sin": 0.011483581760106075,
            "Wind_Dir_Cos": 0.008112980580197411
        },
        "R2": {
            "Temperature": 0.9835374993720574,
            "Precipitation_accumulated": 0.989918337128356,
            "Humidity": 0.9932247377254594,
            "Wind_Speed_kmh": 0.9962582086093138,
            "Soil_Moisture": 0.9986229398486157,
            "Soil_Temperature": 0.9967468058505993,
            "Wind_Dir_Sin": 0.9941264926363826,
            "Wind_Dir_Cos": 0.998351207325173
        },
        "SMAPE": {
            "Temperature": 2.1597045822369214,
            "Precipitation_accumulated": 0.01366460463775166,
            "Humidity": 0.3572439185405694,
            "Wind_Speed_kmh": 125.6926255345379,
            "Soil_Moisture": 0.11938510671514933,
            "Soil_Temperature": 4.275159026627927,
            "Wind_Dir_Sin": 119.36495207624819,
            "Wind_Dir_Cos": 5.638943759424273
        }
    }
}