{
    "trial_number": 39,
    "overall_smape_val": 35.897580955746875,
    "xgb_params": {
        "boosting_type": "dart",
        "n_estimators": 600,
        "learning_rate": 0.0860189016055058,
        "num_leaves": 75,
        "max_depth": 7,
        "min_child_samples": 25,
        "subsample": 0.95,
        "feature_fraction": 0.9,
        "reg_alpha": 0.034952469971492234,
        "reg_lambda": 0.0011596863904736454,
        "random_state": 42,
        "n_jobs": -1
    },
    "metrics": {
        "MSE": {
            "Temperature": 0.12265582939880842,
            "Precipitation_accumulated": 126.11935793977895,
            "Humidity": 3.7300976760347213,
            "Wind_Speed_kmh": 0.008381338068755281,
            "Soil_Moisture": 5035.81375867253,
            "Soil_Temperature": 0.04575191432063063,
            "Wind_Dir_Sin": 0.008032619065999431,
            "Wind_Dir_Cos": 0.00776049667103818
        },
        "RMSE": {
            "Temperature": 0.3502225426765222,
            "Precipitation_accumulated": 11.230287527030594,
            "Humidity": 1.9313460787841006,
            "Wind_Speed_kmh": 0.09154964810830941,
            "Soil_Moisture": 70.96346777513433,
            "Soil_Temperature": 0.21389697127502913,
            "Wind_Dir_Sin": 0.0896248797265549,
            "Wind_Dir_Cos": 0.08809368122083547
        },
        "MAE": {
            "Temperature": 0.19841611110202964,
            "Precipitation_accumulated": 11.224248882330313,
            "Humidity": 1.693889021051163,
            "Wind_Speed_kmh": 0.033085783833948876,
            "Soil_Moisture": 23.06841388546427,
            "Soil_Temperature": 0.18386908937166682,
            "Wind_Dir_Sin": 0.05211284791301845,
            "Wind_Dir_Cos": 0.06377551018185916
        },
        "R2": {
            "Temperature": 0.9639708306415444,
            "Precipitation_accumulated": -131.8770077443396,
            "Humidity": 0.9426391620077382,
            "Wind_Speed_kmh": 0.9753713210380155,
            "Soil_Moisture": 0.9931945719132884,
            "Soil_Temperature": 0.9918477870426247,
            "Wind_Dir_Sin": 0.949989604323716,
            "Wind_Dir_Cos": 0.9729686979106289
        },
        "SMAPE": {
            "Temperature": 3.2817765605828884,
            "Precipitation_accumulated": 2.4727988939076457,
            "Humidity": 2.0308782955482667,
            "Wind_Speed_kmh": 128.35545182336813,
            "Soil_Moisture": 0.34736137544038187,
            "Soil_Temperature": 5.049310720832215,
            "Wind_Dir_Sin": 129.19823756702766,
            "Wind_Dir_Cos": 16.4448324092679
        }
    }
}