{
    "trial_number": 26,
    "overall_smape_val": 30.08809964631378,
    "xgb_params": {
        "boosting_type": "gbdt",
        "n_estimators": 450,
        "learning_rate": 0.06272103875084055,
        "num_leaves": 85,
        "max_depth": 12,
        "min_child_samples": 20,
        "subsample": 1.0,
        "feature_fraction": 0.65,
        "reg_alpha": 0.0015315729909620426,
        "reg_lambda": 0.012208268719623683,
        "random_state": 42,
        "n_jobs": -1
    },
    "metrics": {
        "MSE": {
            "Temperature": 0.021342920758406735,
            "Precipitation_accumulated": 0.0011457299544414892,
            "Humidity": 0.27584326058718134,
            "Wind_Speed_kmh": 0.0005990071727693733,
            "Soil_Moisture": 1395.7947735658297,
            "Soil_Temperature": 0.005398145693193207,
            "Wind_Dir_Sin": 0.0004048343496891419,
            "Wind_Dir_Cos": 0.0001324972976450779
        },
        "RMSE": {
            "Temperature": 0.14609216528755653,
            "Precipitation_accumulated": 0.03384863297744075,
            "Humidity": 0.5252078260909497,
            "Wind_Speed_kmh": 0.0244746230363079,
            "Soil_Moisture": 37.36033690380521,
            "Soil_Temperature": 0.07347207424044326,
            "Wind_Dir_Sin": 0.02012049576151497,
            "Wind_Dir_Cos": 0.011510747049825997
        },
        "MAE": {
            "Temperature": 0.05706338768131127,
            "Precipitation_accumulated": 0.013594727859227195,
            "Humidity": 0.1992429578314846,
            "Wind_Speed_kmh": 0.006876179941065698,
            "Soil_Moisture": 6.235510249522155,
            "Soil_Temperature": 0.03202136261984584,
            "Wind_Dir_Sin": 0.0054706494835546375,
            "Wind_Dir_Cos": 0.0034421035708961305
        },
        "R2": {
            "Temperature": 0.9937306876454401,
            "Precipitation_accumulated": 0.9987928802483919,
            "Humidity": 0.9957581270100629,
            "Wind_Speed_kmh": 0.9982398090575705,
            "Soil_Moisture": 0.9981137148015152,
            "Soil_Temperature": 0.9990381422522029,
            "Wind_Dir_Sin": 0.9974795361456885,
            "Wind_Dir_Cos": 0.9995384864357927
        },
        "SMAPE": {
            "Temperature": 0.8989450041063158,
            "Precipitation_accumulated": 0.002952711035194932,
            "Humidity": 0.23944250670037626,
            "Wind_Speed_kmh": 119.98819662689166,
            "Soil_Moisture": 0.10025782614549979,
            "Soil_Temperature": 1.9703804767019912,
            "Wind_Dir_Sin": 114.41297303843922,
            "Wind_Dir_Cos": 3.091648980490047
        }
    }
}