{
    "trial_number": 42,
    "overall_mae_val": 0.07844154186118102,
    "params": {
        "boosting_type": "gbdt",
        "n_estimators": 800,
        "learning_rate": 0.005065257526121809,
        "num_leaves": 35,
        "max_depth": 5,
        "min_child_samples": 45,
        "subsample": 0.7,
        "feature_fraction": 0.85,
        "reg_alpha": 0.015571530996221687,
        "reg_lambda": 0.0005049078075982505,
        "random_state": 42,
        "n_jobs": -1
    },
    "metrics": {
        "MSE": {
            "Temperature": 2.1768331840146558,
            "Precipitation_accumulated": 50.85314292467187,
            "Humidity": 10.350724812842554,
            "Wind_Speed_kmh": 0.5427054398018897,
            "Soil_Moisture": 2941.1288101332234,
            "Soil_Temperature": 0.3814923708242965,
            "Wind_Dir_Sin": 0.3576970191736292,
            "Wind_Dir_Cos": 0.3036378569425522
        },
        "RMSE": {
            "Temperature": 1.4754094970599367,
            "Precipitation_accumulated": 7.131138964055593,
            "Humidity": 3.2172542350337427,
            "Wind_Speed_kmh": 0.7366854415569034,
            "Soil_Moisture": 54.23217504520009,
            "Soil_Temperature": 0.6176506867350643,
            "Wind_Dir_Sin": 0.5980777701717639,
            "Wind_Dir_Cos": 0.5510334444864052
        },
        "MAE": {
            "Temperature": 1.1024499804797976,
            "Precipitation_accumulated": 6.465399276119548,
            "Humidity": 2.2886628648717027,
            "Wind_Speed_kmh": 0.5550056854520831,
            "Soil_Moisture": 45.149403014123905,
            "Soil_Temperature": 0.4266756233988681,
            "Wind_Dir_Sin": 0.4872965014261461,
            "Wind_Dir_Cos": 0.4438678902938914
        },
        "R2": {
            "Temperature": 0.9287278378060855,
            "Precipitation_accumulated": -13.682861391473756,
            "Humidity": 0.9293926153093295,
            "Wind_Speed_kmh": 0.598071043987032,
            "Soil_Moisture": 0.949568624486377,
            "Soil_Temperature": 0.9764299660021664,
            "Wind_Dir_Sin": 0.34897477415310973,
            "Wind_Dir_Cos": 0.17617889271322695
        },
        "SMAPE": {
            "Temperature": 21.934666187095466,
            "Precipitation_accumulated": 1.401900780855703,
            "Humidity": 2.7601483620224414,
            "Wind_Speed_kmh": 56.97769698479298,
            "Soil_Moisture": 0.5263605571790291,
            "Soil_Temperature": 7.377847127766096,
            "Wind_Dir_Sin": 96.75607583056536,
            "Wind_Dir_Cos": 109.08081504920024
        }
    }
}