{
    "trial_number": 7,
    "overall_mae_val": 0.2512453500943497,
    "params": {
        "boosting_type": "dart",
        "n_estimators": 200,
        "learning_rate": 0.01567576465751575,
        "num_leaves": 45,
        "max_depth": 7,
        "min_child_samples": 25,
        "subsample": 0.7,
        "feature_fraction": 0.9,
        "reg_alpha": 0.0007627104751018934,
        "reg_lambda": 0.00015117261909973755,
        "random_state": 42,
        "n_jobs": -1
    },
    "metrics": {
        "MSE": {
            "Temperature": 20.388121133219794,
            "Precipitation_accumulated": 43386.73068399123,
            "Humidity": 970.6119913724727,
            "Wind_Speed_kmh": 1.3398728011487027,
            "Soil_Moisture": 2137692.1791379685,
            "Soil_Temperature": 11.369684356417675,
            "Wind_Dir_Sin": 0.6905417793069649,
            "Wind_Dir_Cos": 0.39587826205706517
        },
        "RMSE": {
            "Temperature": 4.515320712111134,
            "Precipitation_accumulated": 208.29481674777995,
            "Humidity": 31.154646384969173,
            "Wind_Speed_kmh": 1.157528747439433,
            "Soil_Moisture": 1462.0848741225552,
            "Soil_Temperature": 3.3718962552868788,
            "Wind_Dir_Sin": 0.8309884351222735,
            "Wind_Dir_Cos": 0.6291885743217729
        },
        "MAE": {
            "Temperature": 3.555386371417275,
            "Precipitation_accumulated": 208.2864779767964,
            "Humidity": 30.416823841640372,
            "Wind_Speed_kmh": 0.8710800580939742,
            "Soil_Moisture": 1456.6252509322242,
            "Soil_Temperature": 2.862275908218452,
            "Wind_Dir_Sin": 0.7163024632640446,
            "Wind_Dir_Cos": 0.5026298891870103
        },
        "R2": {
            "Temperature": 0.33273985358551783,
            "Precipitation_accumulated": -12488.789360286743,
            "Humidity": -5.620117448284353,
            "Wind_Speed_kmh": 0.008982957453066764,
            "Soil_Moisture": -35.427551920908655,
            "Soil_Temperature": 0.297991227167238,
            "Wind_Dir_Sin": -0.25771481401638474,
            "Wind_Dir_Cos": -0.07209283663407651
        },
        "SMAPE": {
            "Temperature": 48.00247482203204,
            "Precipitation_accumulated": 57.80587568606688,
            "Humidity": 41.71896048169822,
            "Wind_Speed_kmh": 82.90427212752577,
            "Soil_Moisture": 18.54045121822998,
            "Soil_Temperature": 42.43736649595874,
            "Wind_Dir_Sin": 146.77766065895344,
            "Wind_Dir_Cos": 108.28253820862852
        }
    }
}