{
    "trial_number": 1,
    "overall_smape_val": 57.59100260397702,
    "xgb_params": {
        "boosting_type": "dart",
        "n_estimators": 350,
        "learning_rate": 0.021553610896691243,
        "num_leaves": 50,
        "max_depth": 8,
        "min_child_samples": 50,
        "subsample": 0.9,
        "feature_fraction": 0.65,
        "reg_alpha": 4.0267453420294365e-05,
        "reg_lambda": 1.6825880578784423e-05,
        "random_state": 42,
        "n_jobs": -1
    },
    "metrics": {
        "MSE": {
            "Temperature": 1.3480129017767928,
            "Precipitation_accumulated": 9474.110220003313,
            "Humidity": 198.00755102934323,
            "Wind_Speed_kmh": 0.0713730517990596,
            "Soil_Moisture": 62182.71992523511,
            "Soil_Temperature": 1.7413364486240104,
            "Wind_Dir_Sin": 0.09625402949272949,
            "Wind_Dir_Cos": 0.17288740447711437
        },
        "RMSE": {
            "Temperature": 1.1610395780406424,
            "Precipitation_accumulated": 97.3350410695106,
            "Humidity": 14.071515591056396,
            "Wind_Speed_kmh": 0.26715735400519974,
            "Soil_Moisture": 249.3646324666654,
            "Soil_Temperature": 1.319597078135599,
            "Wind_Dir_Sin": 0.3102483351973536,
            "Wind_Dir_Cos": 0.41579731177235185
        },
        "MAE": {
            "Temperature": 1.0091092366512973,
            "Precipitation_accumulated": 97.33268349626583,
            "Humidity": 13.88917197404189,
            "Wind_Speed_kmh": 0.09874382374942642,
            "Soil_Moisture": 120.25341725402211,
            "Soil_Temperature": 1.2395067170291343,
            "Wind_Dir_Sin": 0.27040647493378484,
            "Wind_Dir_Cos": 0.3940873429122678
        },
        "R2": {
            "Temperature": 0.6040319863022267,
            "Precipitation_accumulated": -9980.746162038173,
            "Humidity": -2.0449280534424616,
            "Wind_Speed_kmh": 0.7902692905505022,
            "Soil_Moisture": 0.9159659095893828,
            "Soil_Temperature": 0.6897234624951767,
            "Wind_Dir_Sin": 0.40073068810848955,
            "Wind_Dir_Cos": 0.39779992750863646
        },
        "SMAPE": {
            "Temperature": 16.4208081738213,
            "Precipitation_accumulated": 23.69159103277021,
            "Humidity": 17.993993609619118,
            "Wind_Speed_kmh": 143.14990894893688,
            "Soil_Moisture": 1.6928331026872854,
            "Soil_Temperature": 23.902492913185164,
            "Wind_Dir_Sin": 168.48219225822,
            "Wind_Dir_Cos": 65.39420079257592
        }
    }
}