{
    "trial_number": 34,
    "overall_smape_val": 32.78516682617713,
    "xgb_params": {
        "boosting_type": "gbdt",
        "n_estimators": 550,
        "learning_rate": 0.02508372141995457,
        "num_leaves": 65,
        "max_depth": 9,
        "min_child_samples": 10,
        "subsample": 0.95,
        "feature_fraction": 0.8,
        "reg_alpha": 0.005870751209472065,
        "reg_lambda": 0.012628925174490113,
        "random_state": 42,
        "n_jobs": -1
    },
    "metrics": {
        "MSE": {
            "Temperature": 0.07578529828707335,
            "Precipitation_accumulated": 0.0038068480914542065,
            "Humidity": 0.5462788509746591,
            "Wind_Speed_kmh": 0.0018894143881578126,
            "Soil_Moisture": 1132.7755850454123,
            "Soil_Temperature": 0.015994153905003337,
            "Wind_Dir_Sin": 0.0018815022799917008,
            "Wind_Dir_Cos": 0.0009099156698899017
        },
        "RMSE": {
            "Temperature": 0.2752912971509876,
            "Precipitation_accumulated": 0.06169966038362129,
            "Humidity": 0.7391067926725198,
            "Wind_Speed_kmh": 0.043467394540710774,
            "Soil_Moisture": 33.65673164532487,
            "Soil_Temperature": 0.12646799557596908,
            "Wind_Dir_Sin": 0.04337628707014583,
            "Wind_Dir_Cos": 0.030164808467648217
        },
        "MAE": {
            "Temperature": 0.13023089342630184,
            "Precipitation_accumulated": 0.020272316998557045,
            "Humidity": 0.3130908920046018,
            "Wind_Speed_kmh": 0.0156876627628408,
            "Soil_Moisture": 6.717449673345298,
            "Soil_Temperature": 0.06130557744602703,
            "Wind_Dir_Sin": 0.01738489410029681,
            "Wind_Dir_Cos": 0.011655765183865322
        },
        "R2": {
            "Temperature": 0.9777386744661924,
            "Precipitation_accumulated": 0.9959891757174087,
            "Humidity": 0.9915994122967131,
            "Wind_Speed_kmh": 0.9944479294343744,
            "Soil_Moisture": 0.9984691604670382,
            "Soil_Temperature": 0.997150113811788,
            "Wind_Dir_Sin": 0.9882859285725997,
            "Wind_Dir_Cos": 0.9968305887636756
        },
        "SMAPE": {
            "Temperature": 2.163299559590969,
            "Precipitation_accumulated": 0.004400307728104078,
            "Humidity": 0.3752427482040694,
            "Wind_Speed_kmh": 126.72455699658501,
            "Soil_Moisture": 0.10861257587629611,
            "Soil_Temperature": 3.640926158997762,
            "Wind_Dir_Sin": 122.2258893212156,
            "Wind_Dir_Cos": 7.038406941219283
        }
    }
}