{
    "trial_number": 8,
    "overall_mae_val": 0.07929695988580032,
    "params": {
        "boosting_type": "gbdt",
        "n_estimators": 650,
        "learning_rate": 0.016085336902574198,
        "num_leaves": 115,
        "max_depth": 8,
        "min_child_samples": 20,
        "subsample": 0.9,
        "feature_fraction": 0.75,
        "reg_alpha": 0.000116620862895105,
        "reg_lambda": 5.58568603547398e-05,
        "random_state": 42,
        "n_jobs": -1
    },
    "metrics": {
        "MSE": {
            "Temperature": 1.6551678753593098,
            "Precipitation_accumulated": 17.647851727674148,
            "Humidity": 9.339357358161177,
            "Wind_Speed_kmh": 0.5803535537525584,
            "Soil_Moisture": 3780.696496243451,
            "Soil_Temperature": 2.008973598814938,
            "Wind_Dir_Sin": 0.37266230211488777,
            "Wind_Dir_Cos": 0.3117913335870166
        },
        "RMSE": {
            "Temperature": 1.2865332779836323,
            "Precipitation_accumulated": 4.200934625493968,
            "Humidity": 3.0560362167620294,
            "Wind_Speed_kmh": 0.7618093946339586,
            "Soil_Moisture": 61.487368590983394,
            "Soil_Temperature": 1.4173826578644662,
            "Wind_Dir_Sin": 0.6104607293797757,
            "Wind_Dir_Cos": 0.5583827841069391
        },
        "MAE": {
            "Temperature": 0.9404668810070026,
            "Precipitation_accumulated": 3.687532688027556,
            "Humidity": 2.033493074791834,
            "Wind_Speed_kmh": 0.5623323106128535,
            "Soil_Moisture": 43.7333079459353,
            "Soil_Temperature": 1.0405190453064321,
            "Wind_Dir_Sin": 0.4952925819760374,
            "Wind_Dir_Cos": 0.45008990257464754
        },
        "R2": {
            "Temperature": 0.945601227222225,
            "Precipitation_accumulated": -3.963662011742321,
            "Humidity": 0.9360474440444347,
            "Wind_Speed_kmh": 0.5695159431851371,
            "Soil_Moisture": 0.9388182492486901,
            "Soil_Temperature": 0.8762936936947875,
            "Wind_Dir_Sin": 0.3195169682239446,
            "Wind_Dir_Cos": 0.15849494650413554
        },
        "SMAPE": {
            "Temperature": 19.58384208493825,
            "Precipitation_accumulated": 0.7963996064225918,
            "Humidity": 2.476674129273904,
            "Wind_Speed_kmh": 58.1551751833234,
            "Soil_Moisture": 0.5113493993753452,
            "Soil_Temperature": 16.100056092324305,
            "Wind_Dir_Sin": 99.51657662442919,
            "Wind_Dir_Cos": 111.26769822919053
        }
    }
}