{
    "trial_number": 23,
    "overall_mae_val": 0.07897258856127225,
    "params": {
        "boosting_type": "gbdt",
        "n_estimators": 200,
        "learning_rate": 0.021503679805066584,
        "num_leaves": 75,
        "max_depth": 9,
        "min_child_samples": 45,
        "subsample": 0.8,
        "feature_fraction": 0.95,
        "reg_alpha": 0.10993997234715591,
        "reg_lambda": 0.10648301007208572,
        "random_state": 42,
        "n_jobs": -1
    },
    "metrics": {
        "MSE": {
            "Temperature": 1.8466633473292429,
            "Precipitation_accumulated": 47.11878940124668,
            "Humidity": 9.511058915368704,
            "Wind_Speed_kmh": 0.5454876950867297,
            "Soil_Moisture": 2389.1145850438734,
            "Soil_Temperature": 1.1009998016052938,
            "Wind_Dir_Sin": 0.3653371684299062,
            "Wind_Dir_Cos": 0.31438614092200795
        },
        "RMSE": {
            "Temperature": 1.3589199193952683,
            "Precipitation_accumulated": 6.864312740635197,
            "Humidity": 3.0840004726602595,
            "Wind_Speed_kmh": 0.7385713879421065,
            "Soil_Moisture": 48.87856979335498,
            "Soil_Temperature": 1.0492853766279666,
            "Wind_Dir_Sin": 0.6044312768461823,
            "Wind_Dir_Cos": 0.5607014721953278
        },
        "MAE": {
            "Temperature": 1.028147396831135,
            "Precipitation_accumulated": 6.604014609563669,
            "Humidity": 2.2441943702023575,
            "Wind_Speed_kmh": 0.556822733058681,
            "Soil_Moisture": 40.422287876936416,
            "Soil_Temperature": 0.6400716076715125,
            "Wind_Dir_Sin": 0.4896339859567519,
            "Wind_Dir_Cos": 0.44738304955334796
        },
        "R2": {
            "Temperature": 0.9395508550957501,
            "Precipitation_accumulated": -12.464961545848006,
            "Humidity": 0.9351503684086495,
            "Wind_Speed_kmh": 0.597643571154405,
            "Soil_Moisture": 0.9599310559766502,
            "Soil_Temperature": 0.9320516803300392,
            "Wind_Dir_Sin": 0.3341355069395905,
            "Wind_Dir_Cos": 0.1508145977015718
        },
        "SMAPE": {
            "Temperature": 21.800115066385544,
            "Precipitation_accumulated": 1.4312714952249077,
            "Humidity": 2.6724512489692653,
            "Wind_Speed_kmh": 57.57195557431078,
            "Soil_Moisture": 0.4720005391798194,
            "Soil_Temperature": 8.868936255473985,
            "Wind_Dir_Sin": 97.20772992830003,
            "Wind_Dir_Cos": 108.57847217170956
        }
    }
}