{
    "trial_number": 12,
    "overall_smape_val": 28.225349183389312,
    "xgb_params": {
        "boosting_type": "gbdt",
        "n_estimators": 600,
        "learning_rate": 0.09741262306069767,
        "num_leaves": 50,
        "max_depth": 12,
        "min_child_samples": 10,
        "subsample": 1.0,
        "feature_fraction": 0.8,
        "reg_alpha": 0.0007612501682515607,
        "reg_lambda": 0.022722609876655635,
        "random_state": 42,
        "n_jobs": -1
    },
    "metrics": {
        "MSE": {
            "Temperature": 0.002811762922319207,
            "Precipitation_accumulated": 0.00011335750167594648,
            "Humidity": 0.022568466523887786,
            "Wind_Speed_kmh": 1.0772551143544324e-05,
            "Soil_Moisture": 10.106960396985555,
            "Soil_Temperature": 0.001047067834524616,
            "Wind_Dir_Sin": 1.001614086845746e-05,
            "Wind_Dir_Cos": 8.390381747060173e-06
        },
        "RMSE": {
            "Temperature": 0.0530260588986133,
            "Precipitation_accumulated": 0.010646947998179876,
            "Humidity": 0.15022804839272788,
            "Wind_Speed_kmh": 0.0032821564776141193,
            "Soil_Moisture": 3.179144601458945,
            "Soil_Temperature": 0.03235842756569942,
            "Wind_Dir_Sin": 0.003164828726559695,
            "Wind_Dir_Cos": 0.002896615567703138
        },
        "MAE": {
            "Temperature": 0.025691166746158102,
            "Precipitation_accumulated": 0.005069016940998586,
            "Humidity": 0.07773005254292199,
            "Wind_Speed_kmh": 0.0009805708895117037,
            "Soil_Moisture": 1.6282734914480037,
            "Soil_Temperature": 0.0187519925618833,
            "Wind_Dir_Sin": 0.001010203589800145,
            "Wind_Dir_Cos": 0.0007234412377426594
        },
        "R2": {
            "Temperature": 0.9991740671191853,
            "Precipitation_accumulated": 0.9998805686464463,
            "Humidity": 0.9996529457766408,
            "Wind_Speed_kmh": 0.999968344708024,
            "Soil_Moisture": 0.9999863413947669,
            "Soil_Temperature": 0.9998134303210126,
            "Wind_Dir_Sin": 0.9999376403681208,
            "Wind_Dir_Cos": 0.9999707746870768
        },
        "SMAPE": {
            "Temperature": 0.41498986495448226,
            "Precipitation_accumulated": 0.0011012410594733741,
            "Humidity": 0.0938397846200493,
            "Wind_Speed_kmh": 112.36026543402328,
            "Soil_Moisture": 0.027561440084432422,
            "Soil_Temperature": 0.939823467038421,
            "Wind_Dir_Sin": 110.2293868018712,
            "Wind_Dir_Cos": 1.7358254334633958
        }
    }
}