{
    "trial_number": 9,
    "overall_mae_val": 0.0819696464689944,
    "params": {
        "boosting_type": "gbdt",
        "n_estimators": 550,
        "learning_rate": 0.041461963470918795,
        "num_leaves": 80,
        "max_depth": 12,
        "min_child_samples": 50,
        "subsample": 0.7,
        "feature_fraction": 0.7,
        "reg_alpha": 6.163235756016211e-05,
        "reg_lambda": 0.016028794929842834,
        "random_state": 42,
        "n_jobs": -1
    },
    "metrics": {
        "MSE": {
            "Temperature": 2.030218352805132,
            "Precipitation_accumulated": 11.36775753858391,
            "Humidity": 10.531333266624204,
            "Wind_Speed_kmh": 0.5935469284675762,
            "Soil_Moisture": 3260.2613358820004,
            "Soil_Temperature": 2.569234756729458,
            "Wind_Dir_Sin": 0.3800721569725564,
            "Wind_Dir_Cos": 0.3200229882944678
        },
        "RMSE": {
            "Temperature": 1.4248573096296808,
            "Precipitation_accumulated": 3.3716105259332534,
            "Humidity": 3.2452015756535375,
            "Wind_Speed_kmh": 0.7704199688920168,
            "Soil_Moisture": 57.098698197787314,
            "Soil_Temperature": 1.6028832636001469,
            "Wind_Dir_Sin": 0.616499924551947,
            "Wind_Dir_Cos": 0.565705743557963
        },
        "MAE": {
            "Temperature": 1.0911829367507275,
            "Precipitation_accumulated": 2.967140750686976,
            "Humidity": 2.2768802357997577,
            "Wind_Speed_kmh": 0.583375503808553,
            "Soil_Moisture": 42.77387078319414,
            "Soil_Temperature": 1.1357612569131592,
            "Wind_Dir_Sin": 0.510804358567113,
            "Wind_Dir_Cos": 0.45784061488889993
        },
        "R2": {
            "Temperature": 0.9334873484110486,
            "Precipitation_accumulated": -2.238965116298321,
            "Humidity": 0.9281860938688367,
            "Wind_Speed_kmh": 0.5617997266850987,
            "Soil_Moisture": 0.9456800009948282,
            "Soil_Temperature": 0.841413156577009,
            "Wind_Dir_Sin": 0.30798367321581177,
            "Wind_Dir_Cos": 0.13544201445981985
        },
        "SMAPE": {
            "Temperature": 22.526973302382377,
            "Precipitation_accumulated": 0.6403931615401389,
            "Humidity": 2.726226509621935,
            "Wind_Speed_kmh": 59.458256607050124,
            "Soil_Moisture": 0.4986087273369852,
            "Soil_Temperature": 17.730131198911263,
            "Wind_Dir_Sin": 105.51039038738381,
            "Wind_Dir_Cos": 111.92076005393113
        }
    }
}