{
    "trial_number": 31,
    "overall_mae_val": 0.07758192853571547,
    "params": {
        "boosting_type": "gbdt",
        "n_estimators": 250,
        "learning_rate": 0.022491353539469745,
        "num_leaves": 85,
        "max_depth": 9,
        "min_child_samples": 50,
        "subsample": 0.75,
        "feature_fraction": 0.95,
        "reg_alpha": 0.15129320903719784,
        "reg_lambda": 0.39734688887236336,
        "random_state": 42,
        "n_jobs": -1
    },
    "metrics": {
        "MSE": {
            "Temperature": 1.893285238401167,
            "Precipitation_accumulated": 39.22415821014221,
            "Humidity": 8.910217751585261,
            "Wind_Speed_kmh": 0.5426914485872393,
            "Soil_Moisture": 2528.7298619158905,
            "Soil_Temperature": 0.7721866805733665,
            "Wind_Dir_Sin": 0.3643147769489007,
            "Wind_Dir_Cos": 0.30712083184558
        },
        "RMSE": {
            "Temperature": 1.3759670193726181,
            "Precipitation_accumulated": 6.262919304137824,
            "Humidity": 2.984998785859931,
            "Wind_Speed_kmh": 0.7366759454381819,
            "Soil_Moisture": 50.28647792315436,
            "Soil_Temperature": 0.8787415322911319,
            "Wind_Dir_Sin": 0.6035849376425001,
            "Wind_Dir_Cos": 0.554184835452559
        },
        "MAE": {
            "Temperature": 1.0030141990796784,
            "Precipitation_accumulated": 5.460516191240811,
            "Humidity": 2.058981006053844,
            "Wind_Speed_kmh": 0.5529177789076175,
            "Soil_Moisture": 41.08206812547789,
            "Soil_Temperature": 0.5672269558356834,
            "Wind_Dir_Sin": 0.4858763806645017,
            "Wind_Dir_Cos": 0.44322773004578375
        },
        "R2": {
            "Temperature": 0.9380224678217491,
            "Precipitation_accumulated": -10.308310963388047,
            "Humidity": 0.9392232012030659,
            "Wind_Speed_kmh": 0.5981226915813604,
            "Soil_Moisture": 0.956775785659192,
            "Soil_Temperature": 0.9523083114259924,
            "Wind_Dir_Sin": 0.3366597923725908,
            "Wind_Dir_Cos": 0.1676174468087509
        },
        "SMAPE": {
            "Temperature": 20.710452056699378,
            "Precipitation_accumulated": 1.1823895659095682,
            "Humidity": 2.4865780243865077,
            "Wind_Speed_kmh": 56.91376044879184,
            "Soil_Moisture": 0.48085232388301474,
            "Soil_Temperature": 9.0744728190764,
            "Wind_Dir_Sin": 96.54708855671426,
            "Wind_Dir_Cos": 108.67795853355301
        }
    }
}