{
    "trial_number": 63,
    "overall_mae_val": 0.07699758781537604,
    "params": {
        "boosting_type": "gbdt",
        "n_estimators": 550,
        "learning_rate": 0.01064565934724224,
        "num_leaves": 20,
        "max_depth": 7,
        "min_child_samples": 30,
        "subsample": 0.85,
        "feature_fraction": 0.9,
        "reg_alpha": 0.00037129434509650366,
        "reg_lambda": 3.761173838059388e-05,
        "random_state": 42,
        "n_jobs": -1
    },
    "metrics": {
        "MSE": {
            "Temperature": 1.701847342363633,
            "Precipitation_accumulated": 16.67100516489141,
            "Humidity": 9.045539093802375,
            "Wind_Speed_kmh": 0.5559262803139895,
            "Soil_Moisture": 2468.3859795329367,
            "Soil_Temperature": 0.6953206045670307,
            "Wind_Dir_Sin": 0.3598292612228364,
            "Wind_Dir_Cos": 0.3083397719037912
        },
        "RMSE": {
            "Temperature": 1.3045487121467074,
            "Precipitation_accumulated": 4.083014225408896,
            "Humidity": 3.0075802722125933,
            "Wind_Speed_kmh": 0.7456046407540591,
            "Soil_Moisture": 49.6828539793452,
            "Soil_Temperature": 0.8338588636975869,
            "Wind_Dir_Sin": 0.5998577008114812,
            "Wind_Dir_Cos": 0.5552835058812671
        },
        "MAE": {
            "Temperature": 0.9559364757880006,
            "Precipitation_accumulated": 3.669642259908011,
            "Humidity": 2.1047366698589034,
            "Wind_Speed_kmh": 0.558415711241859,
            "Soil_Moisture": 34.92447968215829,
            "Soil_Temperature": 0.5842346346404602,
            "Wind_Dir_Sin": 0.4846764990663719,
            "Wind_Dir_Cos": 0.4448154755907569
        },
        "R2": {
            "Temperature": 0.9443021306661562,
            "Precipitation_accumulated": -3.7991019293503445,
            "Humidity": 0.9383043567189565,
            "Wind_Speed_kmh": 0.5888173730233492,
            "Soil_Moisture": 0.9579372281436056,
            "Soil_Temperature": 0.9570681868523542,
            "Wind_Dir_Sin": 0.34462677578939616,
            "Wind_Dir_Cos": 0.16497344666075986
        },
        "SMAPE": {
            "Temperature": 20.132974939325443,
            "Precipitation_accumulated": 0.7924968883994133,
            "Humidity": 2.536244920580733,
            "Wind_Speed_kmh": 57.45896392007196,
            "Soil_Moisture": 0.41290175335473256,
            "Soil_Temperature": 9.909271382166947,
            "Wind_Dir_Sin": 96.93683506578637,
            "Wind_Dir_Cos": 109.04576341506186
        }
    }
}