{
    "trial_number": 0,
    "overall_smape_val": 35.85681696401333,
    "xgb_params": {
        "boosting_type": "dart",
        "n_estimators": 750,
        "learning_rate": 0.08246549915408515,
        "num_leaves": 95,
        "max_depth": 6,
        "min_child_samples": 35,
        "subsample": 0.8,
        "feature_fraction": 0.9,
        "reg_alpha": 0.00031613318425182454,
        "reg_lambda": 1.9970259452406276e-05,
        "random_state": 42,
        "n_jobs": -1
    },
    "metrics": {
        "MSE": {
            "Temperature": 0.11274171076237667,
            "Precipitation_accumulated": 34.935447930284795,
            "Humidity": 1.759295477599545,
            "Wind_Speed_kmh": 0.012954285027708014,
            "Soil_Moisture": 4522.416315261739,
            "Soil_Temperature": 0.01852148236237928,
            "Wind_Dir_Sin": 0.011098846710201957,
            "Wind_Dir_Cos": 0.008636652576944173
        },
        "RMSE": {
            "Temperature": 0.33577032442188315,
            "Precipitation_accumulated": 5.910621619617077,
            "Humidity": 1.3263843626941418,
            "Wind_Speed_kmh": 0.11381689254108115,
            "Soil_Moisture": 67.24891311583957,
            "Soil_Temperature": 0.1360936529099696,
            "Wind_Dir_Sin": 0.10535106411518565,
            "Wind_Dir_Cos": 0.092933592295489
        },
        "MAE": {
            "Temperature": 0.166585026312872,
            "Precipitation_accumulated": 5.905743426810414,
            "Humidity": 0.958682424320468,
            "Wind_Speed_kmh": 0.03981185823562246,
            "Soil_Moisture": 15.063694434859281,
            "Soil_Temperature": 0.10041112166030931,
            "Wind_Dir_Sin": 0.050117307591486464,
            "Wind_Dir_Cos": 0.05041677794523948
        },
        "R2": {
            "Temperature": 0.9668830237361785,
            "Precipitation_accumulated": -35.80733759682635,
            "Humidity": 0.972945839054171,
            "Wind_Speed_kmh": 0.961933652537077,
            "Soil_Moisture": 0.9938883802128937,
            "Soil_Temperature": 0.9966997868669224,
            "Wind_Dir_Sin": 0.9308995346390722,
            "Wind_Dir_Cos": 0.9699168784235698
        },
        "SMAPE": {
            "Temperature": 2.921862450399206,
            "Precipitation_accumulated": 1.2935709975990521,
            "Humidity": 1.1435025053389856,
            "Wind_Speed_kmh": 132.38960753097447,
            "Soil_Moisture": 0.22803434996179003,
            "Soil_Temperature": 3.7698107596639465,
            "Wind_Dir_Sin": 130.09010733692926,
            "Wind_Dir_Cos": 15.01803978123987
        }
    }
}