{
    "trial_number": 71,
    "overall_mae_val": 0.07722926106926042,
    "params": {
        "boosting_type": "gbdt",
        "n_estimators": 500,
        "learning_rate": 0.010485046574982997,
        "num_leaves": 25,
        "max_depth": 7,
        "min_child_samples": 35,
        "subsample": 0.9,
        "feature_fraction": 1.0,
        "reg_alpha": 0.0003420742144948508,
        "reg_lambda": 0.0001998938127018776,
        "random_state": 42,
        "n_jobs": -1
    },
    "metrics": {
        "MSE": {
            "Temperature": 1.7953373855636188,
            "Precipitation_accumulated": 27.959879476320936,
            "Humidity": 8.70344154155549,
            "Wind_Speed_kmh": 0.543621712941006,
            "Soil_Moisture": 1569.8207101316953,
            "Soil_Temperature": 0.8739291235439448,
            "Wind_Dir_Sin": 0.3653785495087771,
            "Wind_Dir_Cos": 0.313698068538611
        },
        "RMSE": {
            "Temperature": 1.3399020059555171,
            "Precipitation_accumulated": 5.287710229988113,
            "Humidity": 2.950159578998311,
            "Wind_Speed_kmh": 0.7373070682836331,
            "Soil_Moisture": 39.62096301368374,
            "Soil_Temperature": 0.9348417639065687,
            "Wind_Dir_Sin": 0.6044655072944833,
            "Wind_Dir_Cos": 0.560087554350756
        },
        "MAE": {
            "Temperature": 0.9978010152578276,
            "Precipitation_accumulated": 4.683340309565637,
            "Humidity": 2.093757230504235,
            "Wind_Speed_kmh": 0.5521411960342633,
            "Soil_Moisture": 25.663952850588064,
            "Soil_Temperature": 0.615434378124711,
            "Wind_Dir_Sin": 0.484647663147666,
            "Wind_Dir_Cos": 0.4467277626326019
        },
        "R2": {
            "Temperature": 0.9412444478888194,
            "Precipitation_accumulated": -7.001623759306977,
            "Humidity": 0.9406532207123658,
            "Wind_Speed_kmh": 0.599258755498629,
            "Soil_Moisture": 0.9735854259206648,
            "Soil_Temperature": 0.9460660052261195,
            "Wind_Dir_Sin": 0.3336456415604838,
            "Wind_Dir_Cos": 0.15247850556885822
        },
        "SMAPE": {
            "Temperature": 21.05869040629041,
            "Precipitation_accumulated": 1.0129771291607623,
            "Humidity": 2.503593242244267,
            "Wind_Speed_kmh": 57.46461960367753,
            "Soil_Moisture": 0.30310650790707055,
            "Soil_Temperature": 9.537032256330154,
            "Wind_Dir_Sin": 95.79015703103028,
            "Wind_Dir_Cos": 107.55636708214345
        }
    }
}