{
    "trial_number": 4,
    "overall_mae_val": 0.24380697030933005,
    "params": {
        "boosting_type": "dart",
        "n_estimators": 600,
        "learning_rate": 0.006437953929436549,
        "num_leaves": 110,
        "max_depth": 6,
        "min_child_samples": 20,
        "subsample": 1.0,
        "feature_fraction": 1.0,
        "reg_alpha": 0.22826241121920784,
        "reg_lambda": 0.038115005146449374,
        "random_state": 42,
        "n_jobs": -1
    },
    "metrics": {
        "MSE": {
            "Temperature": 18.717787452518543,
            "Precipitation_accumulated": 39794.21977591577,
            "Humidity": 920.608743267782,
            "Wind_Speed_kmh": 1.2182765520821772,
            "Soil_Moisture": 1919985.3807560045,
            "Soil_Temperature": 11.139112920989769,
            "Wind_Dir_Sin": 0.668178416067873,
            "Wind_Dir_Cos": 0.4000974784741356
        },
        "RMSE": {
            "Temperature": 4.3264058353925305,
            "Precipitation_accumulated": 199.4848860839231,
            "Humidity": 30.341534952401172,
            "Wind_Speed_kmh": 1.10375565778037,
            "Soil_Moisture": 1385.635370779775,
            "Soil_Temperature": 3.3375309618024174,
            "Wind_Dir_Sin": 0.8174218103695747,
            "Wind_Dir_Cos": 0.6325325908395042
        },
        "MAE": {
            "Temperature": 3.439798416204993,
            "Precipitation_accumulated": 199.47615326134098,
            "Humidity": 29.655059746425838,
            "Wind_Speed_kmh": 0.8320680192703372,
            "Soil_Moisture": 1381.404119672883,
            "Soil_Temperature": 2.8909693380716934,
            "Wind_Dir_Sin": 0.7018058571211726,
            "Wind_Dir_Cos": 0.5029078370567721
        },
        "R2": {
            "Temperature": 0.38753782454442287,
            "Precipitation_accumulated": -11420.808396737935,
            "Humidity": -5.278232567320567,
            "Wind_Speed_kmh": 0.1026582245533445,
            "Soil_Moisture": -31.518694021034754,
            "Soil_Temperature": 0.31248073633148654,
            "Wind_Dir_Sin": -0.218067389478533,
            "Wind_Dir_Cos": -0.0810070982411466
        },
        "SMAPE": {
            "Temperature": 46.90615322890931,
            "Precipitation_accumulated": 54.69266115154732,
            "Humidity": 40.49741522430487,
            "Wind_Speed_kmh": 82.31906529814164,
            "Soil_Moisture": 17.503741810587364,
            "Soil_Temperature": 44.48679929165041,
            "Wind_Dir_Sin": 144.56802144527407,
            "Wind_Dir_Cos": 108.7778998183986
        }
    }
}