{
    "trial_number": 43,
    "overall_mae_val": 0.07755979237151016,
    "params": {
        "boosting_type": "gbdt",
        "n_estimators": 750,
        "learning_rate": 0.008216294496811032,
        "num_leaves": 40,
        "max_depth": 6,
        "min_child_samples": 45,
        "subsample": 0.8,
        "feature_fraction": 0.9,
        "reg_alpha": 0.003855654092376641,
        "reg_lambda": 0.004536401493541138,
        "random_state": 42,
        "n_jobs": -1
    },
    "metrics": {
        "MSE": {
            "Temperature": 2.1226142301840607,
            "Precipitation_accumulated": 21.76089724611083,
            "Humidity": 10.235583126274102,
            "Wind_Speed_kmh": 0.54186159239044,
            "Soil_Moisture": 1639.2805662752864,
            "Soil_Temperature": 0.4148219205366868,
            "Wind_Dir_Sin": 0.37033250097836284,
            "Wind_Dir_Cos": 0.3067885517836833
        },
        "RMSE": {
            "Temperature": 1.456919431603567,
            "Precipitation_accumulated": 4.6648576876589525,
            "Humidity": 3.199309789044209,
            "Wind_Speed_kmh": 0.7361124862345699,
            "Soil_Moisture": 40.48802991348538,
            "Soil_Temperature": 0.6440667050365877,
            "Wind_Dir_Sin": 0.6085495057744792,
            "Wind_Dir_Cos": 0.5538849625903228
        },
        "MAE": {
            "Temperature": 1.0671782204613152,
            "Precipitation_accumulated": 3.5612758091915566,
            "Humidity": 2.200277991287599,
            "Wind_Speed_kmh": 0.5492985409096189,
            "Soil_Moisture": 26.258632434708936,
            "Soil_Temperature": 0.48096965865014707,
            "Wind_Dir_Sin": 0.4978176075648136,
            "Wind_Dir_Cos": 0.44346730301347864
        },
        "R2": {
            "Temperature": 0.9304805793273884,
            "Precipitation_accumulated": -5.292473149845451,
            "Humidity": 0.9301731886093432,
            "Wind_Speed_kmh": 0.5989034725679236,
            "Soil_Moisture": 0.9718072126302253,
            "Soil_Temperature": 0.974359201750237,
            "Wind_Dir_Sin": 0.32625016548485675,
            "Wind_Dir_Cos": 0.1667457966012048
        },
        "SMAPE": {
            "Temperature": 21.049319134193414,
            "Precipitation_accumulated": 0.7700581494503573,
            "Humidity": 2.6754965794072327,
            "Wind_Speed_kmh": 56.85390940419141,
            "Soil_Moisture": 0.30951493837184346,
            "Soil_Temperature": 9.150363237901397,
            "Wind_Dir_Sin": 98.70362268850192,
            "Wind_Dir_Cos": 108.42437939670857
        }
    }
}