{
    "trial_number": 6,
    "overall_mae_val": 0.08735481020689381,
    "params": {
        "boosting_type": "dart",
        "n_estimators": 700,
        "learning_rate": 0.05264335443230731,
        "num_leaves": 25,
        "max_depth": 6,
        "min_child_samples": 45,
        "subsample": 0.8,
        "feature_fraction": 0.85,
        "reg_alpha": 0.01602085235056384,
        "reg_lambda": 0.00013425491818519052,
        "random_state": 42,
        "n_jobs": -1
    },
    "metrics": {
        "MSE": {
            "Temperature": 1.8792850171333357,
            "Precipitation_accumulated": 329.4680945089678,
            "Humidity": 15.991891871429665,
            "Wind_Speed_kmh": 0.5674312809176199,
            "Soil_Moisture": 12064.104090436507,
            "Soil_Temperature": 1.137548393832929,
            "Wind_Dir_Sin": 0.3737337724035445,
            "Wind_Dir_Cos": 0.3142500808233591
        },
        "RMSE": {
            "Temperature": 1.370870167861762,
            "Precipitation_accumulated": 18.15125600362046,
            "Humidity": 3.9989863554943104,
            "Wind_Speed_kmh": 0.7532803468282043,
            "Soil_Moisture": 109.83671558471013,
            "Soil_Temperature": 1.066559137522589,
            "Wind_Dir_Sin": 0.6113376909724645,
            "Wind_Dir_Cos": 0.5605801288159964
        },
        "MAE": {
            "Temperature": 0.9964901265062143,
            "Precipitation_accumulated": 18.0514681657193,
            "Humidity": 3.3576142144142938,
            "Wind_Speed_kmh": 0.5664026028472524,
            "Soil_Moisture": 103.62845067127216,
            "Soil_Temperature": 0.8068193312382583,
            "Wind_Dir_Sin": 0.5088429907986649,
            "Wind_Dir_Cos": 0.4506597531004868
        },
        "R2": {
            "Temperature": 0.9384830091086306,
            "Precipitation_accumulated": -93.15087440743314,
            "Humidity": 0.8909618470941074,
            "Wind_Speed_kmh": 0.5814577929773556,
            "Soil_Moisture": 0.7976673389724883,
            "Soil_Temperature": 0.9297960800796581,
            "Wind_Dir_Sin": 0.3188318342463251,
            "Wind_Dir_Cos": 0.1511821083344167
        },
        "SMAPE": {
            "Temperature": 20.75912151644839,
            "Precipitation_accumulated": 3.9628688085160517,
            "Humidity": 3.9090800287915357,
            "Wind_Speed_kmh": 58.24292232537338,
            "Soil_Moisture": 1.21082371569077,
            "Soil_Temperature": 14.541722923116417,
            "Wind_Dir_Sin": 104.03771587134148,
            "Wind_Dir_Cos": 108.97443398619438
        }
    }
}