{
    "trial_number": 24,
    "overall_smape_val": 29.61007801829247,
    "xgb_params": {
        "boosting_type": "gbdt",
        "n_estimators": 450,
        "learning_rate": 0.05433884489961396,
        "num_leaves": 85,
        "max_depth": 11,
        "min_child_samples": 10,
        "subsample": 0.9,
        "feature_fraction": 0.7,
        "reg_alpha": 0.009404470621957524,
        "reg_lambda": 0.004092005143994075,
        "random_state": 42,
        "n_jobs": -1
    },
    "metrics": {
        "MSE": {
            "Temperature": 0.010409923757312757,
            "Precipitation_accumulated": 0.0019387566673058217,
            "Humidity": 0.12332247166970307,
            "Wind_Speed_kmh": 0.000254791404847562,
            "Soil_Moisture": 315.36790594895473,
            "Soil_Temperature": 0.004783946277025078,
            "Wind_Dir_Sin": 0.00016809291239089304,
            "Wind_Dir_Cos": 9.620647617653903e-05
        },
        "RMSE": {
            "Temperature": 0.10202903389385179,
            "Precipitation_accumulated": 0.04403131462159427,
            "Humidity": 0.3511729939356144,
            "Wind_Speed_kmh": 0.015962186718854094,
            "Soil_Moisture": 17.758600900660916,
            "Soil_Temperature": 0.0691660775020897,
            "Wind_Dir_Sin": 0.012965065074687941,
            "Wind_Dir_Cos": 0.0098084900049161
        },
        "MAE": {
            "Temperature": 0.04850114678018066,
            "Precipitation_accumulated": 0.01755942584721272,
            "Humidity": 0.15289440387960498,
            "Wind_Speed_kmh": 0.004005080100786554,
            "Soil_Moisture": 4.197621807107907,
            "Soil_Temperature": 0.03251859735679728,
            "Wind_Dir_Sin": 0.003181706503326744,
            "Wind_Dir_Cos": 0.002435128745275925
        },
        "R2": {
            "Temperature": 0.996942168114641,
            "Precipitation_accumulated": 0.9979573620663451,
            "Humidity": 0.9981035670020922,
            "Wind_Speed_kmh": 0.999251291898646,
            "Soil_Moisture": 0.999573809972401,
            "Soil_Temperature": 0.9991475821415112,
            "Wind_Dir_Sin": 0.9989534679797489,
            "Wind_Dir_Cos": 0.9996648943449474
        },
        "SMAPE": {
            "Temperature": 0.8050271127739953,
            "Precipitation_accumulated": 0.0038124604855662414,
            "Humidity": 0.18393821488875237,
            "Wind_Speed_kmh": 118.21100630450397,
            "Soil_Moisture": 0.06832775124088727,
            "Soil_Temperature": 1.9331028313281484,
            "Wind_Dir_Sin": 112.8590656637531,
            "Wind_Dir_Cos": 2.8163438073650515
        }
    }
}