{
    "trial_number": 55,
    "overall_mae_val": 0.07821266958047227,
    "params": {
        "boosting_type": "gbdt",
        "n_estimators": 700,
        "learning_rate": 0.005426855753145141,
        "num_leaves": 25,
        "max_depth": 6,
        "min_child_samples": 20,
        "subsample": 0.8,
        "feature_fraction": 0.85,
        "reg_alpha": 0.000509395996280954,
        "reg_lambda": 2.556047476865467e-05,
        "random_state": 42,
        "n_jobs": -1
    },
    "metrics": {
        "MSE": {
            "Temperature": 1.696826835586247,
            "Precipitation_accumulated": 54.7505830529354,
            "Humidity": 9.455112843923297,
            "Wind_Speed_kmh": 0.5508424528623,
            "Soil_Moisture": 2763.321980258379,
            "Soil_Temperature": 0.6071984961838693,
            "Wind_Dir_Sin": 0.3571435292782364,
            "Wind_Dir_Cos": 0.3045160136171395
        },
        "RMSE": {
            "Temperature": 1.3026230596708501,
            "Precipitation_accumulated": 7.399363692435681,
            "Humidity": 3.0749167214614603,
            "Wind_Speed_kmh": 0.7421876129809093,
            "Soil_Moisture": 52.56730904524578,
            "Soil_Temperature": 0.7792294246137458,
            "Wind_Dir_Sin": 0.5976148670157365,
            "Wind_Dir_Cos": 0.5518296962081141
        },
        "MAE": {
            "Temperature": 0.9863494317653481,
            "Precipitation_accumulated": 7.163132284157098,
            "Humidity": 2.239214192935118,
            "Wind_Speed_kmh": 0.5561609057862614,
            "Soil_Moisture": 43.93796401743503,
            "Soil_Temperature": 0.4984208925121697,
            "Wind_Dir_Sin": 0.4854394206585569,
            "Wind_Dir_Cos": 0.4436215265938227
        },
        "R2": {
            "Temperature": 0.9444737779557881,
            "Precipitation_accumulated": -14.737794279505627,
            "Humidity": 0.9355151502522135,
            "Wind_Speed_kmh": 0.5933318609815925,
            "Soil_Moisture": 0.9530540230632878,
            "Soil_Temperature": 0.9625174987768811,
            "Wind_Dir_Sin": 0.34924624558911255,
            "Wind_Dir_Cos": 0.17622538617111816
        },
        "SMAPE": {
            "Temperature": 21.047709914789785,
            "Precipitation_accumulated": 1.5534385860524507,
            "Humidity": 2.6812294804653294,
            "Wind_Speed_kmh": 57.33959723175317,
            "Soil_Moisture": 0.5133068142787737,
            "Soil_Temperature": 7.631286386016064,
            "Wind_Dir_Sin": 97.35606231046613,
            "Wind_Dir_Cos": 108.30382554413761
        }
    }
}