{
    "trial_number": 48,
    "overall_smape_val": 36.650094832181594,
    "xgb_params": {
        "boosting_type": "dart",
        "n_estimators": 800,
        "learning_rate": 0.04289427679011988,
        "num_leaves": 100,
        "max_depth": 7,
        "min_child_samples": 15,
        "subsample": 0.9,
        "feature_fraction": 0.6,
        "reg_alpha": 0.0028947694350507196,
        "reg_lambda": 0.0007072052287248572,
        "random_state": 42,
        "n_jobs": -1
    },
    "metrics": {
        "MSE": {
            "Temperature": 0.11776510424779972,
            "Precipitation_accumulated": 224.9425834530373,
            "Humidity": 5.864632328803526,
            "Wind_Speed_kmh": 0.007148769721640384,
            "Soil_Moisture": 4784.394667845242,
            "Soil_Temperature": 0.06530998153483565,
            "Wind_Dir_Sin": 0.008357021507202926,
            "Wind_Dir_Cos": 0.008253695452700887
        },
        "RMSE": {
            "Temperature": 0.34316920643874754,
            "Precipitation_accumulated": 14.998085992987148,
            "Humidity": 2.421700297064756,
            "Wind_Speed_kmh": 0.08455039752502873,
            "Soil_Moisture": 69.16931883317373,
            "Soil_Temperature": 0.2555581764194518,
            "Wind_Dir_Sin": 0.09141674631708857,
            "Wind_Dir_Cos": 0.09084985114297595
        },
        "MAE": {
            "Temperature": 0.22359895903240326,
            "Precipitation_accumulated": 14.997496870285884,
            "Humidity": 2.2696420507478536,
            "Wind_Speed_kmh": 0.03333594985650328,
            "Soil_Moisture": 28.114547922895017,
            "Soil_Temperature": 0.23567166408045073,
            "Wind_Dir_Sin": 0.059816545981899026,
            "Wind_Dir_Cos": 0.07467710561280169
        },
        "R2": {
            "Temperature": 0.9654074420575288,
            "Precipitation_accumulated": -235.99531849657131,
            "Humidity": 0.9098146337941773,
            "Wind_Speed_kmh": 0.9789932403390591,
            "Soil_Moisture": 0.993534341139127,
            "Soil_Temperature": 0.988362872119776,
            "Wind_Dir_Sin": 0.9479699026162605,
            "Wind_Dir_Cos": 0.9712507917220999
        },
        "SMAPE": {
            "Temperature": 3.5553316739571303,
            "Precipitation_accumulated": 3.318000731401394,
            "Humidity": 2.7344788215624787,
            "Wind_Speed_kmh": 130.8592356899271,
            "Soil_Moisture": 0.41875094882456737,
            "Soil_Temperature": 5.076749237852,
            "Wind_Dir_Sin": 129.97829684421347,
            "Wind_Dir_Cos": 17.25991470971465
        }
    }
}