{
    "trial_number": 22,
    "overall_smape_val": 30.97707671582693,
    "xgb_params": {
        "boosting_type": "gbdt",
        "n_estimators": 500,
        "learning_rate": 0.03137905963797233,
        "num_leaves": 110,
        "max_depth": 10,
        "min_child_samples": 10,
        "subsample": 0.95,
        "feature_fraction": 0.7,
        "reg_alpha": 0.016210941084535278,
        "reg_lambda": 0.04680365299925114,
        "random_state": 42,
        "n_jobs": -1
    },
    "metrics": {
        "MSE": {
            "Temperature": 0.02399513942609572,
            "Precipitation_accumulated": 0.002779723362513388,
            "Humidity": 0.2947679490130297,
            "Wind_Speed_kmh": 0.0007721667813526911,
            "Soil_Moisture": 846.7151802454811,
            "Soil_Temperature": 0.007938057602914828,
            "Wind_Dir_Sin": 0.0006066626857207404,
            "Wind_Dir_Cos": 0.0002637902525100162
        },
        "RMSE": {
            "Temperature": 0.15490364561912584,
            "Precipitation_accumulated": 0.05272308187609472,
            "Humidity": 0.5429253622856735,
            "Wind_Speed_kmh": 0.027787889112933555,
            "Soil_Moisture": 29.098370748986635,
            "Soil_Temperature": 0.08909577769409069,
            "Wind_Dir_Sin": 0.024630523456084737,
            "Wind_Dir_Cos": 0.0162416209939161
        },
        "MAE": {
            "Temperature": 0.07201808290579984,
            "Precipitation_accumulated": 0.021718969073961796,
            "Humidity": 0.22590830019350686,
            "Wind_Speed_kmh": 0.009088883913301822,
            "Soil_Moisture": 6.122045897769309,
            "Soil_Temperature": 0.04109989754955693,
            "Wind_Dir_Sin": 0.007764719573567281,
            "Wind_Dir_Cos": 0.00546169181155973
        },
        "R2": {
            "Temperature": 0.9929516196140046,
            "Precipitation_accumulated": 0.9970713352113307,
            "Humidity": 0.9954671062162046,
            "Wind_Speed_kmh": 0.9977309771295422,
            "Soil_Moisture": 0.9988557441666376,
            "Soil_Temperature": 0.9985855731501557,
            "Wind_Dir_Sin": 0.9962229702783552,
            "Wind_Dir_Cos": 0.9990811678290591
        },
        "SMAPE": {
            "Temperature": 1.1924822858169424,
            "Precipitation_accumulated": 0.004715693670387428,
            "Humidity": 0.2710160143031238,
            "Wind_Speed_kmh": 123.11286864116299,
            "Soil_Moisture": 0.09885993561148732,
            "Soil_Temperature": 2.717398336326326,
            "Wind_Dir_Sin": 116.54811752397036,
            "Wind_Dir_Cos": 3.871155295753802
        }
    }
}