{
    "trial_number": 49,
    "overall_mae_val": 0.07784448584298337,
    "params": {
        "boosting_type": "gbdt",
        "n_estimators": 800,
        "learning_rate": 0.010110768881185794,
        "num_leaves": 55,
        "max_depth": 5,
        "min_child_samples": 35,
        "subsample": 0.7,
        "feature_fraction": 0.8,
        "reg_alpha": 0.00048421202489061434,
        "reg_lambda": 0.002254908371015162,
        "random_state": 42,
        "n_jobs": -1
    },
    "metrics": {
        "MSE": {
            "Temperature": 2.0959259106183445,
            "Precipitation_accumulated": 12.355153009242812,
            "Humidity": 10.965634319398355,
            "Wind_Speed_kmh": 0.5510710883612132,
            "Soil_Moisture": 1969.1802184356397,
            "Soil_Temperature": 0.40864063506835124,
            "Wind_Dir_Sin": 0.3675897570783645,
            "Wind_Dir_Cos": 0.3085551167198928
        },
        "RMSE": {
            "Temperature": 1.4477312977960877,
            "Precipitation_accumulated": 3.5149897594790818,
            "Humidity": 3.311439916320143,
            "Wind_Speed_kmh": 0.7423416251034379,
            "Soil_Moisture": 44.37544612097595,
            "Soil_Temperature": 0.6392500567605381,
            "Wind_Dir_Sin": 0.6062918085199276,
            "Wind_Dir_Cos": 0.5554773773250291
        },
        "MAE": {
            "Temperature": 1.0711022054434167,
            "Precipitation_accumulated": 2.9484187344948776,
            "Humidity": 2.280589869585698,
            "Wind_Speed_kmh": 0.5562070269122542,
            "Soil_Moisture": 30.90884207843674,
            "Soil_Temperature": 0.4623373951812885,
            "Wind_Dir_Sin": 0.497867271943297,
            "Wind_Dir_Cos": 0.44538779825525326
        },
        "R2": {
            "Temperature": 0.9313546696300683,
            "Precipitation_accumulated": -2.5726683368622285,
            "Humidity": 0.9251928033846895,
            "Wind_Speed_kmh": 0.5920864238876858,
            "Soil_Moisture": 0.9661335098254319,
            "Soil_Temperature": 0.9747412767703149,
            "Wind_Dir_Sin": 0.3312400684608564,
            "Wind_Dir_Cos": 0.16194771124203744
        },
        "SMAPE": {
            "Temperature": 21.056644760082154,
            "Precipitation_accumulated": 0.6364203706051118,
            "Humidity": 2.7759281480320332,
            "Wind_Speed_kmh": 57.16803848476293,
            "Soil_Moisture": 0.3625911448793174,
            "Soil_Temperature": 8.644875435018402,
            "Wind_Dir_Sin": 99.1476605299538,
            "Wind_Dir_Cos": 110.17088942852614
        }
    }
}