{
    "trial_number": 20,
    "overall_mae_val": 0.08523094043734074,
    "params": {
        "boosting_type": "gbdt",
        "n_estimators": 100,
        "learning_rate": 0.02693082410823541,
        "num_leaves": 100,
        "max_depth": 11,
        "min_child_samples": 45,
        "subsample": 0.6,
        "feature_fraction": 0.9,
        "reg_alpha": 0.5952780701724013,
        "reg_lambda": 0.2448574212980198,
        "random_state": 42,
        "n_jobs": -1
    },
    "metrics": {
        "MSE": {
            "Temperature": 2.772278448616421,
            "Precipitation_accumulated": 278.57716189776903,
            "Humidity": 11.296985562394577,
            "Wind_Speed_kmh": 0.5535347994452625,
            "Soil_Moisture": 10659.824625334617,
            "Soil_Temperature": 0.8551422812140589,
            "Wind_Dir_Sin": 0.3601912658150078,
            "Wind_Dir_Cos": 0.3084807267896765
        },
        "RMSE": {
            "Temperature": 1.6650160505581983,
            "Precipitation_accumulated": 16.690630961643393,
            "Humidity": 3.361098862335736,
            "Wind_Speed_kmh": 0.7439991931751422,
            "Soil_Moisture": 103.2464266952354,
            "Soil_Temperature": 0.9247390341139812,
            "Wind_Dir_Sin": 0.6001593670143022,
            "Wind_Dir_Cos": 0.5554104129287427
        },
        "MAE": {
            "Temperature": 1.313852386861684,
            "Precipitation_accumulated": 16.58546950830098,
            "Humidity": 2.72744453631151,
            "Wind_Speed_kmh": 0.557514713779821,
            "Soil_Moisture": 97.95784851825877,
            "Soil_Temperature": 0.6712190976782346,
            "Wind_Dir_Sin": 0.4889789383335978,
            "Wind_Dir_Cos": 0.45155064126716027
        },
        "R2": {
            "Temperature": 0.9092515363465082,
            "Precipitation_accumulated": -78.60796149838453,
            "Humidity": 0.9229733136622367,
            "Wind_Speed_kmh": 0.5917079575715316,
            "Soil_Moisture": 0.8212191583923485,
            "Soil_Temperature": 0.9472248033083087,
            "Wind_Dir_Sin": 0.34351444270660636,
            "Wind_Dir_Cos": 0.16676565540721922
        },
        "SMAPE": {
            "Temperature": 26.98490585520606,
            "Precipitation_accumulated": 3.6351043329278667,
            "Humidity": 3.1826611892252887,
            "Wind_Speed_kmh": 57.66987686480463,
            "Soil_Moisture": 1.1441889107909495,
            "Soil_Temperature": 11.870724576569742,
            "Wind_Dir_Sin": 97.53071097791062,
            "Wind_Dir_Cos": 111.30152793705638
        }
    }
}