{
    "trial_number": 14,
    "overall_smape_val": 29.401134638371033,
    "xgb_params": {
        "boosting_type": "gbdt",
        "n_estimators": 600,
        "learning_rate": 0.04740524089150926,
        "num_leaves": 90,
        "max_depth": 10,
        "min_child_samples": 10,
        "subsample": 0.95,
        "feature_fraction": 0.75,
        "reg_alpha": 0.020604420917890436,
        "reg_lambda": 0.006246903295807988,
        "random_state": 42,
        "n_jobs": -1
    },
    "metrics": {
        "MSE": {
            "Temperature": 0.009848265786828833,
            "Precipitation_accumulated": 0.004483723083545631,
            "Humidity": 0.10276479581340259,
            "Wind_Speed_kmh": 0.0001650183617899249,
            "Soil_Moisture": 326.0166643355831,
            "Soil_Temperature": 0.005039525045343896,
            "Wind_Dir_Sin": 0.00012709163468231974,
            "Wind_Dir_Cos": 5.4301368698454736e-05
        },
        "RMSE": {
            "Temperature": 0.09923842898206739,
            "Precipitation_accumulated": 0.06696060844665042,
            "Humidity": 0.3205694867160669,
            "Wind_Speed_kmh": 0.012845947290485233,
            "Soil_Moisture": 18.055931555463513,
            "Soil_Temperature": 0.07098961223548059,
            "Wind_Dir_Sin": 0.011273492568069567,
            "Wind_Dir_Cos": 0.00736894624070869
        },
        "MAE": {
            "Temperature": 0.05008372619613833,
            "Precipitation_accumulated": 0.02571425369418331,
            "Humidity": 0.14188632695715783,
            "Wind_Speed_kmh": 0.003352180481366334,
            "Soil_Moisture": 4.435491385581454,
            "Soil_Temperature": 0.03401440197130084,
            "Wind_Dir_Sin": 0.0028947271425539154,
            "Wind_Dir_Cos": 0.0019174297397862962
        },
        "R2": {
            "Temperature": 0.9971071506535002,
            "Precipitation_accumulated": 0.9952760328261404,
            "Humidity": 0.9984196996122024,
            "Wind_Speed_kmh": 0.9995150912393681,
            "Soil_Moisture": 0.9995594191782045,
            "Soil_Temperature": 0.9991020423520258,
            "Wind_Dir_Sin": 0.9992087384095542,
            "Wind_Dir_Cos": 0.9998108578917851
        },
        "SMAPE": {
            "Temperature": 0.842446062392963,
            "Precipitation_accumulated": 0.005582664526060471,
            "Humidity": 0.17023561908067655,
            "Wind_Speed_kmh": 116.38636603827369,
            "Soil_Moisture": 0.07124686461339497,
            "Soil_Temperature": 2.1572610891297934,
            "Wind_Dir_Sin": 113.08798399059629,
            "Wind_Dir_Cos": 2.4879547783552445
        }
    }
}