{
    "trial_number": 11,
    "overall_smape_val": 36.94826520787701,
    "xgb_params": {
        "boosting_type": "gbdt",
        "n_estimators": 100,
        "learning_rate": 0.07981341963143099,
        "num_leaves": 30,
        "max_depth": 12,
        "min_child_samples": 15,
        "subsample": 1.0,
        "feature_fraction": 0.8,
        "reg_alpha": 0.0036880500255865767,
        "reg_lambda": 0.020486189917006497,
        "random_state": 42,
        "n_jobs": -1
    },
    "metrics": {
        "MSE": {
            "Temperature": 0.15992710569631302,
            "Precipitation_accumulated": 0.006949282225416356,
            "Humidity": 1.0577915976055876,
            "Wind_Speed_kmh": 0.011576373229341354,
            "Soil_Moisture": 3336.6376811024047,
            "Soil_Temperature": 0.033003765575103386,
            "Wind_Dir_Sin": 0.00960589159991704,
            "Wind_Dir_Cos": 0.006257542606103786
        },
        "RMSE": {
            "Temperature": 0.39990887173994155,
            "Precipitation_accumulated": 0.08336235496563395,
            "Humidity": 1.0284899598953738,
            "Wind_Speed_kmh": 0.10759355570544805,
            "Soil_Moisture": 57.76363632167217,
            "Soil_Temperature": 0.18166938535455937,
            "Wind_Dir_Sin": 0.09800965054481645,
            "Wind_Dir_Cos": 0.07910463075006283
        },
        "MAE": {
            "Temperature": 0.20817502753420547,
            "Precipitation_accumulated": 0.06287445559559379,
            "Humidity": 0.46317204704228576,
            "Wind_Speed_kmh": 0.04175914094898846,
            "Soil_Moisture": 12.478613573821086,
            "Soil_Temperature": 0.0832691248127788,
            "Wind_Dir_Sin": 0.04071379629139665,
            "Wind_Dir_Cos": 0.03052813733356776
        },
        "R2": {
            "Temperature": 0.9530226911808233,
            "Precipitation_accumulated": 0.992678365612001,
            "Humidity": 0.9837334521158354,
            "Wind_Speed_kmh": 0.9659826655993723,
            "Soil_Moisture": 0.995490848375588,
            "Soil_Temperature": 0.9941192903213185,
            "Wind_Dir_Sin": 0.9401945447943918,
            "Wind_Dir_Cos": 0.9782037759059983
        },
        "SMAPE": {
            "Temperature": 3.623805271151496,
            "Precipitation_accumulated": 0.013672965788079815,
            "Humidity": 0.5570486681963348,
            "Wind_Speed_kmh": 140.85168269369663,
            "Soil_Moisture": 0.19855314773187147,
            "Soil_Temperature": 6.077488155939222,
            "Wind_Dir_Sin": 130.88672921506847,
            "Wind_Dir_Cos": 13.377141545444175
        }
    }
}