{
    "trial_number": 47,
    "overall_smape_val": 29.701118703773844,
    "xgb_params": {
        "boosting_type": "gbdt",
        "n_estimators": 450,
        "learning_rate": 0.05570080925864033,
        "num_leaves": 70,
        "max_depth": 11,
        "min_child_samples": 10,
        "subsample": 0.75,
        "feature_fraction": 0.8,
        "reg_alpha": 0.00023916484841184684,
        "reg_lambda": 0.025062915993792782,
        "random_state": 42,
        "n_jobs": -1
    },
    "metrics": {
        "MSE": {
            "Temperature": 0.023358120541303356,
            "Precipitation_accumulated": 0.0002548444246405998,
            "Humidity": 0.18318153319986843,
            "Wind_Speed_kmh": 0.00033676983116211255,
            "Soil_Moisture": 304.11619812456763,
            "Soil_Temperature": 0.005828884653105789,
            "Wind_Dir_Sin": 0.00025782159435058875,
            "Wind_Dir_Cos": 0.00012987764029862326
        },
        "RMSE": {
            "Temperature": 0.15283363681239598,
            "Precipitation_accumulated": 0.01596384742599978,
            "Humidity": 0.42799711821444364,
            "Wind_Speed_kmh": 0.018351289632124294,
            "Soil_Moisture": 17.438927665558097,
            "Soil_Temperature": 0.07634713257946096,
            "Wind_Dir_Sin": 0.01605682391852725,
            "Wind_Dir_Cos": 0.011396387159912709
        },
        "MAE": {
            "Temperature": 0.06319283653119646,
            "Precipitation_accumulated": 0.00686305257101831,
            "Humidity": 0.18344230886835391,
            "Wind_Speed_kmh": 0.004246249282424726,
            "Soil_Moisture": 4.250820580120684,
            "Soil_Temperature": 0.03819811241900703,
            "Wind_Dir_Sin": 0.004678138017991265,
            "Wind_Dir_Cos": 0.003089683598893699
        },
        "R2": {
            "Temperature": 0.9931387388189965,
            "Precipitation_accumulated": 0.9997315006582674,
            "Humidity": 0.9971830640477432,
            "Wind_Speed_kmh": 0.9990103971480767,
            "Soil_Moisture": 0.9995890155959846,
            "Soil_Temperature": 0.9989613918957995,
            "Wind_Dir_Sin": 0.9983948249205616,
            "Wind_Dir_Cos": 0.9995476112060367
        },
        "SMAPE": {
            "Temperature": 1.015395913935243,
            "Precipitation_accumulated": 0.0014909526435642315,
            "Humidity": 0.22077165019164505,
            "Wind_Speed_kmh": 117.67350065873096,
            "Soil_Moisture": 0.07013989434278059,
            "Soil_Temperature": 1.7963662625423158,
            "Wind_Dir_Sin": 113.94284248050688,
            "Wind_Dir_Cos": 2.8884418172973843
        }
    }
}