{
    "trial_number": 16,
    "overall_smape_val": 32.845117233759666,
    "xgb_params": {
        "boosting_type": "gbdt",
        "n_estimators": 800,
        "learning_rate": 0.013600557659322872,
        "num_leaves": 110,
        "max_depth": 11,
        "min_child_samples": 15,
        "subsample": 0.8,
        "feature_fraction": 0.75,
        "reg_alpha": 0.0216689418048442,
        "reg_lambda": 0.005431352266007399,
        "random_state": 42,
        "n_jobs": -1
    },
    "metrics": {
        "MSE": {
            "Temperature": 0.06176409950727171,
            "Precipitation_accumulated": 0.008638179691210692,
            "Humidity": 0.5773831702386849,
            "Wind_Speed_kmh": 0.002511406471461971,
            "Soil_Moisture": 2430.913890069284,
            "Soil_Temperature": 0.01272201486325721,
            "Wind_Dir_Sin": 0.0020447810533017075,
            "Wind_Dir_Cos": 0.0011406865848380763
        },
        "RMSE": {
            "Temperature": 0.24852384092330398,
            "Precipitation_accumulated": 0.09294180809092693,
            "Humidity": 0.7598573354509943,
            "Wind_Speed_kmh": 0.050113934902998494,
            "Soil_Moisture": 49.30429890049431,
            "Soil_Temperature": 0.11279190956472548,
            "Wind_Dir_Sin": 0.045219255337761895,
            "Wind_Dir_Cos": 0.0337740519458071
        },
        "MAE": {
            "Temperature": 0.11548256026414422,
            "Precipitation_accumulated": 0.0389264443091742,
            "Humidity": 0.3030280928597462,
            "Wind_Speed_kmh": 0.018031646855642083,
            "Soil_Moisture": 8.567570839636167,
            "Soil_Temperature": 0.052605282994770165,
            "Wind_Dir_Sin": 0.016345331278972884,
            "Wind_Dir_Cos": 0.01201163635392573
        },
        "R2": {
            "Temperature": 0.9818572895203821,
            "Precipitation_accumulated": 0.9908989746817926,
            "Humidity": 0.9911210951122527,
            "Wind_Speed_kmh": 0.9926201970113498,
            "Soil_Moisture": 0.9967148487897582,
            "Soil_Temperature": 0.9977331533346266,
            "Wind_Dir_Sin": 0.987269368968356,
            "Wind_Dir_Cos": 0.9960267692944031
        },
        "SMAPE": {
            "Temperature": 1.9018126384571628,
            "Precipitation_accumulated": 0.008451529400241525,
            "Humidity": 0.3634203579670084,
            "Wind_Speed_kmh": 129.23838126696177,
            "Soil_Moisture": 0.13603107720709975,
            "Soil_Temperature": 3.2853773948544784,
            "Wind_Dir_Sin": 122.06193370160122,
            "Wind_Dir_Cos": 5.765529903628518
        }
    }
}