{
    "trial_number": 63,
    "fold_smape": [
        96.05685859660991,
        9.445853438811564,
        36.72634263000585
    ],
    "mean_smape": 47.40968488847577,
    "hyperparameters": {
        "input_chunk_length": 120,
        "dropout": 0.25,
        "batch_size": 192,
        "lr": 0.0048535477940494344,
        "weight_decay": 1.046708613610446e-06,
        "num_layers": 5,
        "num_blocks": 2,
        "num_stacks": 4,
        "layer_widths": 128,
        "activation": "ReLU"
    },
    "metrics_per_fold": [
        {
            "Temperature": {
                "MSE": 265.1198876472819,
                "RMSE": 16.282502499532495,
                "MAE": 15.374148180551453,
                "R2": -12.703768670845857,
                "SMAPE": 66.59782784049033,
                "WAPE": 96.52455756044873
            },
            "Precipitation_accumulated": {
                "MSE": 188669.91159578078,
                "RMSE": 434.3614987493491,
                "MAE": 416.15063591868676,
                "R2": -11.14339653586619,
                "SMAPE": 189.63158864275707,
                "WAPE": 99.24755711151622
            },
            "Humidity": {
                "MSE": 18958.22165201643,
                "RMSE": 137.68885812590804,
                "MAE": 130.60034189480083,
                "R2": -259.6270011475501,
                "SMAPE": 83.41237326855266,
                "WAPE": 154.11210286364297
            },
            "Soil_Moisture": {
                "MSE": 44993431.67436627,
                "RMSE": 6707.7143405459865,
                "MAE": 6397.387106237679,
                "R2": -65.48243065987762,
                "SMAPE": 64.08027161386522,
                "WAPE": 95.1770207638086
            },
            "Soil_Temperature": {
                "MSE": 97.23357623905319,
                "RMSE": 9.860708708761921,
                "MAE": 8.9091599469875,
                "R2": -3.889422713304068,
                "SMAPE": 76.56223161738457,
                "WAPE": 56.79281223576472
            }
        },
        {
            "Temperature": {
                "MSE": 2.490358896391374,
                "RMSE": 1.57808710038178,
                "MAE": 1.2513163886755183,
                "R2": 0.05165398464525228,
                "SMAPE": 15.807816921285882,
                "WAPE": 15.139870061992104
            },
            "Precipitation_accumulated": {
                "MSE": 22.07094893186966,
                "RMSE": 4.697972853462401,
                "MAE": 3.692151883861939,
                "R2": -93.79180209515765,
                "SMAPE": 0.8047615027273466,
                "WAPE": 0.8050075842127539
            },
            "Humidity": {
                "MSE": 60.98507855317055,
                "RMSE": 7.80929436973473,
                "MAE": 5.647502772020326,
                "R2": -0.6119261262560096,
                "SMAPE": 6.494106782602418,
                "WAPE": 6.462916163179867
            },
            "Soil_Moisture": {
                "MSE": 241244.0204586218,
                "RMSE": 491.1659805591403,
                "MAE": 460.0413593646651,
                "R2": -6.564059435724206,
                "SMAPE": 7.60936032665153,
                "WAPE": 7.862171186991022
            },
            "Soil_Temperature": {
                "MSE": 2.9219188180220734,
                "RMSE": 1.7093621085136037,
                "MAE": 1.4949883067740999,
                "R2": -0.6981468346302089,
                "SMAPE": 16.513221660790673,
                "WAPE": 16.78619476238877
            }
        },
        {
            "Temperature": {
                "MSE": 35.82238598834246,
                "RMSE": 5.985180530973352,
                "MAE": 5.102173291774327,
                "R2": -0.2601612213308382,
                "SMAPE": 61.48516363183099,
                "WAPE": 61.36107266952635
            },
            "Precipitation_accumulated": {
                "MSE": 1986.0518468590428,
                "RMSE": 44.56514161156725,
                "MAE": 40.769304466822,
                "R2": -434.9846280038704,
                "SMAPE": 9.250417310920309,
                "WAPE": 8.787959427062722
            },
            "Humidity": {
                "MSE": 157.5510311658349,
                "RMSE": 12.551933363662942,
                "MAE": 11.185791637479307,
                "R2": -0.09832784465267119,
                "SMAPE": 13.046804180280876,
                "WAPE": 12.775655624304573
            },
            "Soil_Moisture": {
                "MSE": 4242467.649632618,
                "RMSE": 2059.725139340834,
                "MAE": 2014.476687377255,
                "R2": -7.35150193227601,
                "SMAPE": 26.964166811526823,
                "WAPE": 24.036945582946508
            },
            "Soil_Temperature": {
                "MSE": 46.62996636612218,
                "RMSE": 6.8286137953557,
                "MAE": 6.09192136402852,
                "R2": -1.738385767527547,
                "SMAPE": 72.88516121546996,
                "WAPE": 87.66455962274335
            }
        }
    ]
}