{
    "trial_number": 43,
    "fold_smape": [
        116.34982875010105,
        13.562837990445667,
        38.03369261882636
    ],
    "mean_smape": 55.982119786457694,
    "hyperparameters": {
        "input_chunk_length": 108,
        "dropout": 0.2,
        "batch_size": 136,
        "lr": 0.00014824523565342099,
        "weight_decay": 6.850304240235529e-05,
        "num_layers": 5,
        "num_blocks": 2,
        "num_stacks": 5,
        "layer_widths": 104,
        "activation": "ReLU"
    },
    "metrics_per_fold": [
        {
            "Temperature": {
                "MSE": 3819.411643374808,
                "RMSE": 61.80138868484112,
                "MAE": 58.67951234020687,
                "R2": -192.95423083698134,
                "SMAPE": 124.16472619888349,
                "WAPE": 367.61515783611156
            },
            "Precipitation_accumulated": {
                "MSE": 181466.01293641212,
                "RMSE": 425.98827793310477,
                "MAE": 406.9015219644106,
                "R2": -10.01287837831453,
                "SMAPE": 182.90040952698277,
                "WAPE": 97.63225354890315
            },
            "Humidity": {
                "MSE": 10505.364118835303,
                "RMSE": 102.49567853736714,
                "MAE": 98.75288719964318,
                "R2": -139.14964779698175,
                "SMAPE": 74.61549164572126,
                "WAPE": 116.6542392867357
            },
            "Soil_Moisture": {
                "MSE": 22925670.06472974,
                "RMSE": 4788.075820695589,
                "MAE": 4626.898954165578,
                "R2": -31.0599078196501,
                "SMAPE": 51.68032524950874,
                "WAPE": 68.67073643815566
            },
            "Soil_Temperature": {
                "MSE": 16551.930901816886,
                "RMSE": 128.65430774683327,
                "MAE": 121.37100924959985,
                "R2": -816.8169136022535,
                "SMAPE": 148.38819112940908,
                "WAPE": 772.1941053753917
            }
        },
        {
            "Temperature": {
                "MSE": 8.326876890669318,
                "RMSE": 2.885632840586154,
                "MAE": 2.5777886865357313,
                "R2": -2.16748133673012,
                "SMAPE": 28.76764897940761,
                "WAPE": 31.14813517360636
            },
            "Precipitation_accumulated": {
                "MSE": 45.74598453487806,
                "RMSE": 6.763577790997754,
                "MAE": 5.736347183185832,
                "R2": -195.61955023889905,
                "SMAPE": 1.242380601060327,
                "WAPE": 1.2507153848074035
            },
            "Humidity": {
                "MSE": 59.731887087339615,
                "RMSE": 7.728640701141412,
                "MAE": 5.599522003538047,
                "R2": -0.5861219993986337,
                "SMAPE": 6.441492964375658,
                "WAPE": 6.406612709735859
            },
            "Soil_Moisture": {
                "MSE": 166429.46881532596,
                "RMSE": 407.95768017690995,
                "MAE": 368.5387175168424,
                "R2": -4.167768695031335,
                "SMAPE": 6.14966604036189,
                "WAPE": 6.296467140413103
            },
            "Soil_Temperature": {
                "MSE": 7.373930582007119,
                "RMSE": 2.715498219849742,
                "MAE": 2.451965757849713,
                "R2": -3.287386791549391,
                "SMAPE": 25.213001367022855,
                "WAPE": 27.507312775346918
            }
        },
        {
            "Temperature": {
                "MSE": 52.12176638936518,
                "RMSE": 7.219540594065884,
                "MAE": 6.2028387278246,
                "R2": -0.8429198784085996,
                "SMAPE": 66.51228243863866,
                "WAPE": 74.70800947231761
            },
            "Precipitation_accumulated": {
                "MSE": 483.87693878394435,
                "RMSE": 21.997202976377345,
                "MAE": 17.405532596276394,
                "R2": -104.36577500232775,
                "SMAPE": 3.8539505635458036,
                "WAPE": 3.751983112676677
            },
            "Humidity": {
                "MSE": 152.49546111374053,
                "RMSE": 12.348905259728108,
                "MAE": 10.96071134870005,
                "R2": -0.0642499586294778,
                "SMAPE": 12.78029081393457,
                "WAPE": 12.528180107388092
            },
            "Soil_Moisture": {
                "MSE": 4397412.872784101,
                "RMSE": 2097.0009234104073,
                "MAE": 2035.0188070117279,
                "R2": -7.1110653380797135,
                "SMAPE": 27.317338110317007,
                "WAPE": 24.326208720106276
            },
            "Soil_Temperature": {
                "MSE": 59.65146848624944,
                "RMSE": 7.723436313341972,
                "MAE": 7.219194011138177,
                "R2": -2.5241829607964923,
                "SMAPE": 79.70460116769583,
                "WAPE": 103.9433384982499
            }
        }
    ]
}