{
    "trial_number": 0,
    "fold_smape": [
        142.06923463602214,
        9.434566020349836,
        28.518931486910468
    ],
    "mean_smape": 60.00757738109416,
    "hyperparameters": {
        "input_chunk_length": 96,
        "dropout": 0.4,
        "batch_size": 72,
        "lr": 0.0010661190683594463,
        "weight_decay": 0.0013753502218189293,
        "num_layers": 2,
        "num_blocks": 5,
        "num_stacks": 3,
        "layer_widths": 128,
        "activation": "GELU"
    },
    "metrics_per_fold": [
        {
            "Temperature": {
                "MSE": 99593.31765200474,
                "RMSE": 315.5840896686725,
                "MAE": 296.48756539677584,
                "R2": -5040.974391359103,
                "SMAPE": 180.71854814949722,
                "WAPE": 1860.7936982614244
            },
            "Precipitation_accumulated": {
                "MSE": 4939.564670778402,
                "RMSE": 70.2820366151864,
                "MAE": 25.71443175444043,
                "R2": 0.7160230698795811,
                "SMAPE": 8.85676760853092,
                "WAPE": 6.207248885744479
            },
            "Humidity": {
                "MSE": 2235370.5080185467,
                "RMSE": 1495.115550055763,
                "MAE": 1406.8663187952602,
                "R2": -29955.36097633349,
                "SMAPE": 163.11848385668216,
                "WAPE": 1661.6189993829573
            },
            "Soil_Moisture": {
                "MSE": 2235447006.0004764,
                "RMSE": 47280.51402005351,
                "MAE": 44123.52820448694,
                "R2": -2969.7152971763694,
                "SMAPE": 177.07510113135297,
                "WAPE": 653.3100208671348
            },
            "Soil_Temperature": {
                "MSE": 90881.58981910013,
                "RMSE": 301.4657357297843,
                "MAE": 283.2734566922835,
                "R2": -4480.033109837534,
                "SMAPE": 180.57727243404776,
                "WAPE": 1805.5693047807442
            }
        },
        {
            "Temperature": {
                "MSE": 5.098003920908527,
                "RMSE": 2.257875975537303,
                "MAE": 1.8154488417920738,
                "R2": -0.931511456738314,
                "SMAPE": 21.587235186208108,
                "WAPE": 21.90266498690828
            },
            "Precipitation_accumulated": {
                "MSE": 77.07821465023666,
                "RMSE": 8.779419949531784,
                "MAE": 8.558548979028949,
                "R2": -330.55402312890874,
                "SMAPE": 1.8843425427357492,
                "WAPE": 1.866060935859426
            },
            "Humidity": {
                "MSE": 89.82818290238716,
                "RMSE": 9.477773098275097,
                "MAE": 7.286933342735049,
                "R2": -1.3926698241911142,
                "SMAPE": 8.239550193386249,
                "WAPE": 8.334707697141905
            },
            "Soil_Moisture": {
                "MSE": 74233.00457574452,
                "RMSE": 272.457344506887,
                "MAE": 241.92627714906232,
                "R2": -1.2863028162504233,
                "SMAPE": 4.086858789165715,
                "WAPE": 4.132109515221168
            },
            "Soil_Temperature": {
                "MSE": 2.009578040525782,
                "RMSE": 1.4175958664322432,
                "MAE": 0.9704361773727121,
                "R2": -0.16545915781757747,
                "SMAPE": 11.374843390253377,
                "WAPE": 10.875118909969563
            }
        },
        {
            "Temperature": {
                "MSE": 20.766519460328215,
                "RMSE": 4.557029675164318,
                "MAE": 3.804238930393796,
                "R2": 0.2637574178471733,
                "SMAPE": 50.9947229166685,
                "WAPE": 45.95428120053281
            },
            "Precipitation_accumulated": {
                "MSE": 810.4864956731118,
                "RMSE": 28.469044516335842,
                "MAE": 27.09438825506676,
                "R2": -174.05994224248244,
                "SMAPE": 6.0368475828500765,
                "WAPE": 5.840791872959541
            },
            "Humidity": {
                "MSE": 172.99048077630937,
                "RMSE": 13.152584566400224,
                "MAE": 10.112585576324912,
                "R2": -0.20822493237446693,
                "SMAPE": 11.769844250402585,
                "WAPE": 11.567848787271332
            },
            "Soil_Moisture": {
                "MSE": 1840311.0807233953,
                "RMSE": 1356.580657654898,
                "MAE": 1291.3345288769638,
                "R2": -2.1988936659709952,
                "SMAPE": 16.51312120065947,
                "WAPE": 15.464076111346127
            },
            "Soil_Temperature": {
                "MSE": 19.5172895144435,
                "RMSE": 4.417837651435768,
                "MAE": 3.984143038695779,
                "R2": -0.15962741107234102,
                "SMAPE": 57.28012148397156,
                "WAPE": 57.422150250840055
            }
        }
    ]
}