{
    "trial_number": 7,
    "fold_smape": [
        131.69393255650715,
        8.982793968280887,
        25.241280696710067
    ],
    "mean_smape": 55.306002407166034,
    "hyperparameters": {
        "input_chunk_length": 156,
        "dropout": 0.25,
        "batch_size": 120,
        "lr": 0.0034424429947303254,
        "weight_decay": 7.291188734076786e-05,
        "num_layers": 5,
        "num_blocks": 4,
        "num_stacks": 4,
        "layer_widths": 136,
        "activation": "GELU"
    },
    "metrics_per_fold": [
        {
            "Temperature": {
                "MSE": 16620.470621663353,
                "RMSE": 128.92040420997506,
                "MAE": 122.92079162472626,
                "R2": -876.3167034979733,
                "SMAPE": 150.7057460630652,
                "WAPE": 773.0512331507365
            },
            "Precipitation_accumulated": {
                "MSE": 166798.2581514641,
                "RMSE": 408.40942466043083,
                "MAE": 394.87856766413415,
                "R2": -12.27751108965924,
                "SMAPE": 166.5423138997776,
                "WAPE": 92.4543811958008
            },
            "Humidity": {
                "MSE": 41975.327925244055,
                "RMSE": 204.8788127778079,
                "MAE": 195.6101827078417,
                "R2": -609.225226623482,
                "SMAPE": 102.1429261214104,
                "WAPE": 230.31269640506306
            },
            "Soil_Moisture": {
                "MSE": 95524685.74833307,
                "RMSE": 9773.673093997622,
                "MAE": 9346.521489298068,
                "R2": -170.94497225804557,
                "SMAPE": 80.87765268090912,
                "WAPE": 140.09381308426583
            },
            "Soil_Temperature": {
                "MSE": 29066.03732267081,
                "RMSE": 170.48764565994455,
                "MAE": 162.0515376062424,
                "R2": -1485.887850646377,
                "SMAPE": 158.2010240173733,
                "WAPE": 1033.7595418663393
            }
        },
        {
            "Temperature": {
                "MSE": 4.915159807850307,
                "RMSE": 2.2170159692366465,
                "MAE": 1.8798732048663898,
                "R2": -0.8803137499319011,
                "SMAPE": 22.35363963154618,
                "WAPE": 22.83760508562692
            },
            "Precipitation_accumulated": {
                "MSE": 0.9644542158785463,
                "RMSE": 0.9820662991257496,
                "MAE": 0.7484735407883732,
                "R2": -3.134464232387227,
                "SMAPE": 0.16295444606884968,
                "WAPE": 0.16318818620337866
            },
            "Humidity": {
                "MSE": 41.18632941697293,
                "RMSE": 6.417657626967407,
                "MAE": 4.992640950611945,
                "R2": -0.06950130030601409,
                "SMAPE": 5.778944153153255,
                "WAPE": 5.71514010123023
            },
            "Soil_Moisture": {
                "MSE": 15479.602798954966,
                "RMSE": 124.41705188178574,
                "MAE": 92.46614825249178,
                "R2": 0.5002123964545326,
                "SMAPE": 1.5808285000556526,
                "WAPE": 1.5816999795842246
            },
            "Soil_Temperature": {
                "MSE": 2.5131006303390975,
                "RMSE": 1.5852762000166083,
                "MAE": 1.3398959248672295,
                "R2": -0.459093257004787,
                "SMAPE": 15.037603110580491,
                "WAPE": 15.084747086863361
            }
        },
        {
            "Temperature": {
                "MSE": 15.539615616634737,
                "RMSE": 3.942031914715397,
                "MAE": 3.162593808148175,
                "R2": 0.4597767421042622,
                "SMAPE": 45.813788106634014,
                "WAPE": 37.771348558291635
            },
            "Precipitation_accumulated": {
                "MSE": 1138.6847134777074,
                "RMSE": 33.744402698487754,
                "MAE": 30.75440673502875,
                "R2": -255.1313081370232,
                "SMAPE": 6.908196787111694,
                "WAPE": 6.628351850545919
            },
            "Humidity": {
                "MSE": 141.48621366509505,
                "RMSE": 11.894797756376317,
                "MAE": 9.774951949384313,
                "R2": 0.017826702515317705,
                "SMAPE": 11.40296288794319,
                "WAPE": 11.139085247545516
            },
            "Soil_Moisture": {
                "MSE": 1255179.219985249,
                "RMSE": 1120.3478120589377,
                "MAE": 1057.8950805291984,
                "R2": -2.3649086275442297,
                "SMAPE": 13.274126384264008,
                "WAPE": 12.545409590242645
            },
            "Soil_Temperature": {
                "MSE": 12.718941866138179,
                "RMSE": 3.566362553938982,
                "MAE": 2.9428537419499916,
                "R2": 0.2663029363615824,
                "SMAPE": 48.80732931759743,
                "WAPE": 42.25097965111741
            }
        }
    ]
}