{
    "trial_number": 4,
    "fold_smape": [
        143.09420177797298,
        21.478215354980847,
        38.7573249088462
    ],
    "mean_smape": 67.77658068060002,
    "hyperparameters": {
        "input_chunk_length": 24,
        "dropout": 0.30000000000000004,
        "batch_size": 168,
        "lr": 0.0005098135946265985,
        "weight_decay": 0.003118299696681804,
        "num_layers": 3,
        "num_blocks": 3,
        "num_stacks": 3,
        "layer_widths": 240,
        "activation": "ReLU"
    },
    "metrics_per_fold": [
        {
            "Temperature": {
                "MSE": 3327.752459596191,
                "RMSE": 57.68667488767394,
                "MAE": 53.7812900757969,
                "R2": -154.9146497954242,
                "SMAPE": 175.23394834255052,
                "WAPE": 340.7414005833845
            },
            "Precipitation_accumulated": {
                "MSE": 65174.79886713992,
                "RMSE": 255.29355430002522,
                "MAE": 238.35892767426597,
                "R2": -1.9063856157493615,
                "SMAPE": 80.21713207187719,
                "WAPE": 59.61150444543933
            },
            "Humidity": {
                "MSE": 5790870.372263569,
                "RMSE": 2406.4227334912644,
                "MAE": 2229.819293648255,
                "R2": -73978.1341563824,
                "SMAPE": 164.68974781074434,
                "WAPE": 2636.925528808452
            },
            "Soil_Moisture": {
                "MSE": 728800402.1220303,
                "RMSE": 26996.30348996007,
                "MAE": 25101.595642621545,
                "R2": -752.4210215204128,
                "SMAPE": 120.09309251755725,
                "WAPE": 366.54985983791425
            },
            "Soil_Temperature": {
                "MSE": 36482.306376278546,
                "RMSE": 191.0034198025746,
                "MAE": 177.1214771896641,
                "R2": -1672.1002465401702,
                "SMAPE": 175.23708814713555,
                "WAPE": 1139.6004086917517
            }
        },
        {
            "Temperature": {
                "MSE": 39.64365934743481,
                "RMSE": 6.296321096277953,
                "MAE": 6.075656905074268,
                "R2": -13.5142250659554,
                "SMAPE": 54.68769620656444,
                "WAPE": 72.59734169767329
            },
            "Precipitation_accumulated": {
                "MSE": 307.8922048418599,
                "RMSE": 17.546857406437766,
                "MAE": 16.793446277650226,
                "R2": -1331.2662726595925,
                "SMAPE": 3.7359536166759293,
                "WAPE": 3.661681495799122
            },
            "Humidity": {
                "MSE": 44.37407062285974,
                "RMSE": 6.661386539066753,
                "MAE": 5.892588223249081,
                "R2": -0.1944833805365116,
                "SMAPE": 6.820696611073609,
                "WAPE": 6.725978234120659
            },
            "Soil_Moisture": {
                "MSE": 139122.6653729116,
                "RMSE": 372.99150844611944,
                "MAE": 327.9136375948171,
                "R2": -2.677720562120617,
                "SMAPE": 5.485498022827858,
                "WAPE": 5.586690525472385
            },
            "Soil_Temperature": {
                "MSE": 17.137502513544497,
                "RMSE": 4.139746672629196,
                "MAE": 3.9090752563119673,
                "R2": -8.65517393747551,
                "SMAPE": 36.661232317762384,
                "WAPE": 43.50654884517963
            }
        },
        {
            "Temperature": {
                "MSE": 30.12930436098233,
                "RMSE": 5.4890167025599705,
                "MAE": 4.619978736098503,
                "R2": -0.09305136311767814,
                "SMAPE": 57.832667115322636,
                "WAPE": 56.543967790976126
            },
            "Precipitation_accumulated": {
                "MSE": 17795.050209577603,
                "RMSE": 133.39808922761077,
                "MAE": 122.83954179354487,
                "R2": -3658.679860219111,
                "SMAPE": 31.382406700223303,
                "WAPE": 26.48766350512474
            },
            "Humidity": {
                "MSE": 218.2556351682683,
                "RMSE": 14.773477423012778,
                "MAE": 12.5365394195379,
                "R2": -0.5216599499527452,
                "SMAPE": 14.755119676351303,
                "WAPE": 14.413458898472557
            },
            "Soil_Moisture": {
                "MSE": 3248920.865284178,
                "RMSE": 1802.4763147637136,
                "MAE": 1710.1876494817193,
                "R2": -3.145994862204647,
                "SMAPE": 22.609280668599013,
                "WAPE": 20.70698126998577
            },
            "Soil_Temperature": {
                "MSE": 37.796451859297214,
                "RMSE": 6.147881900239888,
                "MAE": 5.384208189545864,
                "R2": -1.3244003386371133,
                "SMAPE": 67.20715038373477,
                "WAPE": 77.93236852858625
            }
        }
    ]
}