{
    "trial_number": 61,
    "fold_smape": [
        125.58511549929919,
        16.21199914562707,
        33.076403231530804
    ],
    "mean_smape": 58.29117262548569,
    "hyperparameters": {
        "input_chunk_length": 108,
        "dropout": 0.2,
        "batch_size": 152,
        "lr": 0.00011207710843827964,
        "weight_decay": 9.591869233519837e-06,
        "num_layers": 5,
        "num_blocks": 2,
        "num_stacks": 4,
        "layer_widths": 104,
        "activation": "ReLU"
    },
    "metrics_per_fold": [
        {
            "Temperature": {
                "MSE": 6905.233975667843,
                "RMSE": 83.09773748826044,
                "MAE": 78.59223490454337,
                "R2": -349.6559306911079,
                "SMAPE": 134.914162780407,
                "WAPE": 492.3642969563338
            },
            "Precipitation_accumulated": {
                "MSE": 175333.9641273689,
                "RMSE": 418.72898649050904,
                "MAE": 400.0431968369918,
                "R2": -9.640734269061712,
                "SMAPE": 178.87771305460038,
                "WAPE": 95.98666192140479
            },
            "Humidity": {
                "MSE": 53346.41422135655,
                "RMSE": 230.9684268928473,
                "MAE": 218.76827184081276,
                "R2": -710.6822491616704,
                "SMAPE": 107.30541351343128,
                "WAPE": 258.42531854355775
            },
            "Soil_Moisture": {
                "MSE": 39910091.472635165,
                "RMSE": 6317.443428526698,
                "MAE": 6093.356218618694,
                "R2": -54.81140486074471,
                "SMAPE": 62.68492056490088,
                "WAPE": 90.43535704099297
            },
            "Soil_Temperature": {
                "MSE": 5120.906787564558,
                "RMSE": 71.56051137020025,
                "MAE": 68.43847956406765,
                "R2": -252.01967538972568,
                "SMAPE": 144.143367583156,
                "WAPE": 435.42350703820557
            }
        },
        {
            "Temperature": {
                "MSE": 13.081660079098036,
                "RMSE": 3.6168577631831247,
                "MAE": 3.3341355302093594,
                "R2": -3.9761650974354508,
                "SMAPE": 35.280632018599306,
                "WAPE": 40.28728371899669
            },
            "Precipitation_accumulated": {
                "MSE": 97.88950422894554,
                "RMSE": 9.893912483388235,
                "MAE": 8.257753109064744,
                "R2": -419.7361693118577,
                "SMAPE": 1.7773508503529427,
                "WAPE": 1.8004661377055042
            },
            "Humidity": {
                "MSE": 46.73674947454231,
                "RMSE": 6.8364281225317,
                "MAE": 5.5362881683020495,
                "R2": -0.24104879548776625,
                "SMAPE": 6.401661017038134,
                "WAPE": 6.3342646249792836
            },
            "Soil_Moisture": {
                "MSE": 118415.84846466333,
                "RMSE": 344.11603924354256,
                "MAE": 304.19626683365374,
                "R2": -2.6769072150935656,
                "SMAPE": 5.108688242360117,
                "WAPE": 5.197179312013274
            },
            "Soil_Temperature": {
                "MSE": 12.746887653641519,
                "RMSE": 3.57027837200988,
                "MAE": 3.336501390508164,
                "R2": -6.4113577761280185,
                "SMAPE": 32.49166359978483,
                "WAPE": 37.430452293336344
            }
        },
        {
            "Temperature": {
                "MSE": 36.93029541813356,
                "RMSE": 6.077030147871044,
                "MAE": 5.156791490736569,
                "R2": -0.30578029595457257,
                "SMAPE": 60.67182113723867,
                "WAPE": 62.10924456387194
            },
            "Precipitation_accumulated": {
                "MSE": 1992.356967212807,
                "RMSE": 44.63582605052591,
                "MAE": 36.89006501932827,
                "R2": -432.8422005794303,
                "SMAPE": 8.420523926464087,
                "WAPE": 7.952120982938197
            },
            "Humidity": {
                "MSE": 233.57513932820095,
                "RMSE": 15.283165226097667,
                "MAE": 11.47047131139119,
                "R2": -0.6300965979669673,
                "SMAPE": 13.112135665898698,
                "WAPE": 13.110839792599805
            },
            "Soil_Moisture": {
                "MSE": 2692544.461921443,
                "RMSE": 1640.897456248087,
                "MAE": 1574.6030587458233,
                "R2": -3.9664210953433843,
                "SMAPE": 20.467685740252108,
                "WAPE": 18.822490743766338
            },
            "Soil_Temperature": {
                "MSE": 28.466816405356184,
                "RMSE": 5.335430292427799,
                "MAE": 4.622920376102588,
                "R2": -0.6818072022318127,
                "SMAPE": 62.709849687800364,
                "WAPE": 66.56169328076128
            }
        }
    ]
}