{
    "trial_number": 2,
    "fold_smape": [
        91.05442880242398,
        6.943100782385891,
        24.28665367601572
    ],
    "mean_smape": 40.7613944202752,
    "hyperparameters": {
        "input_chunk_length": 108,
        "dropout": 0.25,
        "batch_size": 104,
        "lr": 0.0019180126104774535,
        "weight_decay": 1.197326573432064e-06,
        "num_layers": 5,
        "num_blocks": 4,
        "num_stacks": 5,
        "layer_widths": 256,
        "activation": "ReLU"
    },
    "metrics_per_fold": [
        {
            "Temperature": {
                "MSE": 43.632345755491066,
                "RMSE": 6.605478465296141,
                "MAE": 5.609086214444613,
                "R2": -1.2157020114076857,
                "SMAPE": 39.04871547033056,
                "WAPE": 35.139779316580196
            },
            "Precipitation_accumulated": {
                "MSE": 193590.25760248478,
                "RMSE": 439.98892895445084,
                "MAE": 420.2286131752232,
                "R2": -10.748679147702541,
                "SMAPE": 190.96203244774298,
                "WAPE": 100.8299657173949
            },
            "Humidity": {
                "MSE": 66.22556654312865,
                "RMSE": 8.137909224311159,
                "MAE": 6.151519388012228,
                "R2": 0.11649994029868349,
                "SMAPE": 7.554979145557007,
                "WAPE": 7.266631234947482
            },
            "Soil_Moisture": {
                "MSE": 13276085.05731286,
                "RMSE": 3643.636241080174,
                "MAE": 3475.55109724209,
                "R2": -17.56565421824245,
                "SMAPE": 41.45819627270046,
                "WAPE": 51.582854032544155
            },
            "Soil_Temperature": {
                "MSE": 582.7645885466313,
                "RMSE": 24.14051756998245,
                "MAE": 22.821416023482204,
                "R2": -27.793905677166524,
                "SMAPE": 176.24822067578893,
                "WAPE": 145.195817671843
            }
        },
        {
            "Temperature": {
                "MSE": 2.201529665748472,
                "RMSE": 1.4837552580356614,
                "MAE": 1.146347183536581,
                "R2": 0.16255467445064298,
                "SMAPE": 14.652384209699804,
                "WAPE": 13.851630746609466
            },
            "Precipitation_accumulated": {
                "MSE": 28.50537753213056,
                "RMSE": 5.339042754289439,
                "MAE": 4.235412644762729,
                "R2": -121.51817436532232,
                "SMAPE": 0.9184155958039578,
                "WAPE": 0.9234614967761707
            },
            "Humidity": {
                "MSE": 68.36540826550284,
                "RMSE": 8.268337696629404,
                "MAE": 5.970328484664119,
                "R2": -0.8153767331882369,
                "SMAPE": 6.836486557623422,
                "WAPE": 6.83086562156185
            },
            "Soil_Moisture": {
                "MSE": 71688.98742924663,
                "RMSE": 267.74799239069307,
                "MAE": 230.98058689889362,
                "R2": -1.2260006455133268,
                "SMAPE": 3.896685251221261,
                "WAPE": 3.94629276750482
            },
            "Soil_Temperature": {
                "MSE": 0.8624694221804257,
                "RMSE": 0.92869231835976,
                "MAE": 0.7004273519475385,
                "R2": 0.4985388094384391,
                "SMAPE": 8.411532297581006,
                "WAPE": 7.857725657362076
            }
        },
        {
            "Temperature": {
                "MSE": 14.64128361931996,
                "RMSE": 3.826393029906881,
                "MAE": 2.987959811815732,
                "R2": 0.48231392570439713,
                "SMAPE": 44.51522783568284,
                "WAPE": 35.987479236352996
            },
            "Precipitation_accumulated": {
                "MSE": 137.0980857772521,
                "RMSE": 11.708889177767979,
                "MAE": 9.634509454504,
                "R2": -28.85355345836352,
                "SMAPE": 2.10257748440401,
                "WAPE": 2.076840600669475
            },
            "Humidity": {
                "MSE": 116.72659579863961,
                "RMSE": 10.804008320926062,
                "MAE": 8.9776781365927,
                "R2": 0.18537723128030437,
                "SMAPE": 10.43589671789276,
                "WAPE": 10.261557399258871
            },
            "Soil_Moisture": {
                "MSE": 1731981.1458020564,
                "RMSE": 1316.047546938201,
                "MAE": 1256.34157388998,
                "R2": -2.1946539122737425,
                "SMAPE": 16.032067829019482,
                "WAPE": 15.018056464584971
            },
            "Soil_Temperature": {
                "MSE": 12.18526415686034,
                "RMSE": 3.49073977214864,
                "MAE": 2.6837880668918563,
                "R2": 0.2800998633535656,
                "SMAPE": 48.34749851307951,
                "WAPE": 38.64169477425124
            }
        }
    ]
}