{
    "trial_number": 48,
    "fold_smape": [
        130.29976861881485,
        9.316959220141557,
        19.488462397103003
    ],
    "mean_smape": 53.03506341201981,
    "hyperparameters": {
        "input_chunk_length": 60,
        "dropout": 0.15000000000000002,
        "batch_size": 144,
        "lr": 0.00464522193614651,
        "weight_decay": 3.365602317622115e-05,
        "num_layers": 5,
        "num_blocks": 4,
        "num_stacks": 5,
        "layer_widths": 96,
        "activation": "ReLU"
    },
    "metrics_per_fold": [
        {
            "Temperature": {
                "MSE": 10128.638529180924,
                "RMSE": 100.64113736033056,
                "MAE": 94.2926978553568,
                "R2": -501.25076776257964,
                "SMAPE": 139.19062186781142,
                "WAPE": 591.9793081503379
            },
            "Precipitation_accumulated": {
                "MSE": 168394.38353036303,
                "RMSE": 410.35884726707553,
                "MAE": 387.4226816289013,
                "R2": -7.417290404360974,
                "SMAPE": 174.08928310281837,
                "WAPE": 95.20612810873396
            },
            "Humidity": {
                "MSE": 19184.241494813356,
                "RMSE": 138.50718932536807,
                "MAE": 130.17939654799395,
                "R2": -244.5430606167851,
                "SMAPE": 82.6040276357648,
                "WAPE": 154.02047521336914
            },
            "Soil_Moisture": {
                "MSE": 91598001.59700379,
                "RMSE": 9570.684489471158,
                "MAE": 8981.283851520995,
                "R2": -105.29532510739642,
                "SMAPE": 77.6715063688121,
                "WAPE": 132.05128094762014
            },
            "Soil_Temperature": {
                "MSE": 1741.4645679342264,
                "RMSE": 41.730858701136576,
                "MAE": 39.31343649098827,
                "R2": -82.76125834195933,
                "SMAPE": 177.9434041188675,
                "WAPE": 250.75887557705528
            }
        },
        {
            "Temperature": {
                "MSE": 6.0429349723149395,
                "RMSE": 2.458238184618191,
                "MAE": 2.015880095442503,
                "R2": -1.2566196937802214,
                "SMAPE": 23.444473230769542,
                "WAPE": 24.208655795472446
            },
            "Precipitation_accumulated": {
                "MSE": 26.898347424226046,
                "RMSE": 5.186361675030584,
                "MAE": 4.520343236719259,
                "R2": -115.0208492548859,
                "SMAPE": 0.9803595356626561,
                "WAPE": 0.985609219112159
            },
            "Humidity": {
                "MSE": 77.0835765595234,
                "RMSE": 8.779725312304674,
                "MAE": 6.924634467453604,
                "R2": -1.065409699301315,
                "SMAPE": 7.841373635402375,
                "WAPE": 7.912237146006101
            },
            "Soil_Moisture": {
                "MSE": 54695.14650841169,
                "RMSE": 233.86993502460228,
                "MAE": 189.5486585007426,
                "R2": -0.6396259557787332,
                "SMAPE": 3.222259874315908,
                "WAPE": 3.2346220417006455
            },
            "Soil_Temperature": {
                "MSE": 2.2490753536704995,
                "RMSE": 1.4996917528847384,
                "MAE": 0.9474994319316896,
                "R2": -0.2899529022394107,
                "SMAPE": 11.09632982455731,
                "WAPE": 10.584012766315315
            }
        },
        {
            "Temperature": {
                "MSE": 10.958380551175155,
                "RMSE": 3.3103444762101657,
                "MAE": 2.652602713732434,
                "R2": 0.606810700809971,
                "SMAPE": 40.54611809755584,
                "WAPE": 32.246033363616206
            },
            "Precipitation_accumulated": {
                "MSE": 174.37010305894705,
                "RMSE": 13.204927226567628,
                "MAE": 10.725505090777657,
                "R2": -35.7623885056572,
                "SMAPE": 2.2831790930912086,
                "WAPE": 2.3124187287315303
            },
            "Humidity": {
                "MSE": 92.13873598787336,
                "RMSE": 9.598892435477822,
                "MAE": 7.651964910464456,
                "R2": 0.3558746171127347,
                "SMAPE": 9.049303992146035,
                "WAPE": 8.774426617459133
            },
            "Soil_Moisture": {
                "MSE": 943367.9873028165,
                "RMSE": 971.271325275701,
                "MAE": 885.5999720854151,
                "R2": -0.40643731689538143,
                "SMAPE": 11.06341303840652,
                "WAPE": 10.661616654497893
            },
            "Soil_Temperature": {
                "MSE": 5.66639940556641,
                "RMSE": 2.380420006126316,
                "MAE": 1.8515131154827849,
                "R2": 0.6574464821742492,
                "SMAPE": 34.500297764315235,
                "WAPE": 26.744546875047824
            }
        }
    ]
}