{
    "trial_number": 21,
    "fold_smape": [
        117.90866277455362,
        16.732698346776385,
        34.12342365391429
    ],
    "mean_smape": 56.25492825841476,
    "hyperparameters": {
        "input_chunk_length": 120,
        "dropout": 0.2,
        "batch_size": 152,
        "lr": 0.00011434046728489479,
        "weight_decay": 9.846523271240005e-06,
        "num_layers": 5,
        "num_blocks": 2,
        "num_stacks": 4,
        "layer_widths": 104,
        "activation": "ReLU"
    },
    "metrics_per_fold": [
        {
            "Temperature": {
                "MSE": 2780.7514672916377,
                "RMSE": 52.732831019125435,
                "MAE": 50.17958050991491,
                "R2": -142.73412412416764,
                "SMAPE": 118.80427586370867,
                "WAPE": 315.0458646818324
            },
            "Precipitation_accumulated": {
                "MSE": 174394.8824396163,
                "RMSE": 417.6061331441581,
                "MAE": 400.1825220712376,
                "R2": -10.224610184941577,
                "SMAPE": 177.64892971883637,
                "WAPE": 95.43932962307485
            },
            "Humidity": {
                "MSE": 47444.983530368416,
                "RMSE": 217.81869417102016,
                "MAE": 207.1759167285547,
                "R2": -651.2470305488603,
                "SMAPE": 105.62233954215247,
                "WAPE": 244.47345027212071
            },
            "Soil_Moisture": {
                "MSE": 156847449.07657906,
                "RMSE": 12523.875162128496,
                "MAE": 11918.628590068625,
                "R2": -230.75826491476937,
                "SMAPE": 91.5846817238112,
                "WAPE": 177.3191995349201
            },
            "Soil_Temperature": {
                "MSE": 957.6579574139898,
                "RMSE": 30.946049140625203,
                "MAE": 29.51461771691582,
                "R2": -47.156148829129364,
                "SMAPE": 95.88308702425927,
                "WAPE": 188.14547636154663
            }
        },
        {
            "Temperature": {
                "MSE": 11.804589091088614,
                "RMSE": 3.4357807105647202,
                "MAE": 3.0095643740925904,
                "R2": -3.4952697555584287,
                "SMAPE": 32.48790824666852,
                "WAPE": 36.41318373140705
            },
            "Precipitation_accumulated": {
                "MSE": 484.7740292213726,
                "RMSE": 22.01758454557113,
                "MAE": 21.46558123793505,
                "R2": -2081.040241254449,
                "SMAPE": 4.567750004349559,
                "WAPE": 4.680185496052269
            },
            "Humidity": {
                "MSE": 39.64112950344285,
                "RMSE": 6.296120194488257,
                "MAE": 4.754853670119357,
                "R2": -0.047773879067594116,
                "SMAPE": 5.515243610862237,
                "WAPE": 5.441382125639247
            },
            "Soil_Moisture": {
                "MSE": 85041.73098476528,
                "RMSE": 291.6191540087264,
                "MAE": 242.8918025982772,
                "R2": -1.6664317169924039,
                "SMAPE": 4.111427435780488,
                "WAPE": 4.151054884677752
            },
            "Soil_Temperature": {
                "MSE": 16.985101119095606,
                "RMSE": 4.12129847488575,
                "MAE": 3.9167181447828523,
                "R2": -8.871320011823931,
                "SMAPE": 36.98116243622115,
                "WAPE": 43.978132343774675
            }
        },
        {
            "Temperature": {
                "MSE": 43.460535411712826,
                "RMSE": 6.592460497546635,
                "MAE": 5.59039764266307,
                "R2": -0.5288563246998366,
                "SMAPE": 63.185175070876895,
                "WAPE": 67.23268230736724
            },
            "Precipitation_accumulated": {
                "MSE": 263.4622414262037,
                "RMSE": 16.231519997406394,
                "MAE": 14.058459526069047,
                "R2": -56.83609702985852,
                "SMAPE": 3.0806542533350476,
                "WAPE": 3.030347795671596
            },
            "Humidity": {
                "MSE": 136.8339550518311,
                "RMSE": 11.697604671548406,
                "MAE": 9.470946076983383,
                "R2": 0.04609610095672689,
                "SMAPE": 11.092371647493142,
                "WAPE": 10.81707486044006
            },
            "Soil_Moisture": {
                "MSE": 4358121.37982271,
                "RMSE": 2087.6114053680367,
                "MAE": 2019.441192771289,
                "R2": -7.579171871312818,
                "SMAPE": 27.015346941003195,
                "WAPE": 24.09618257821698
            },
            "Soil_Temperature": {
                "MSE": 33.44161341757607,
                "RMSE": 5.782872419271937,
                "MAE": 5.098545979888882,
                "R2": -0.9638881466657203,
                "SMAPE": 66.24357035686323,
                "WAPE": 73.36959250368531
            }
        }
    ]
}