{
    "trial_number": 1,
    "fold_smape": [
        105.19915930051971,
        72.00064207322345,
        80.58984216316681
    ],
    "mean_smape": 85.92988117896999,
    "hyperparameters": {
        "input_chunk_length": 24,
        "dropout": 0.4,
        "batch_size": 120,
        "lr": 4.699492694771064e-06,
        "weight_decay": 2.322565250516378e-06,
        "num_layers": 4,
        "num_blocks": 5,
        "num_stacks": 5,
        "layer_widths": 48,
        "activation": "GELU"
    },
    "metrics_per_fold": [
        {
            "Temperature": {
                "MSE": 17676.306165993097,
                "RMSE": 132.9522702551299,
                "MAE": 125.53327243672713,
                "R2": -827.1851246477449,
                "SMAPE": 152.03247349788117,
                "WAPE": 795.3394760449537
            },
            "Precipitation_accumulated": {
                "MSE": 184084.78660948147,
                "RMSE": 429.0510303093112,
                "MAE": 401.7397920421082,
                "R2": -7.209022278238848,
                "SMAPE": 197.76552732812945,
                "WAPE": 100.47164430927059
            },
            "Humidity": {
                "MSE": 1388.1553304072215,
                "RMSE": 37.25795660536446,
                "MAE": 32.680599099881185,
                "R2": -16.733867763638322,
                "SMAPE": 32.26184187687945,
                "WAPE": 38.64721518407723
            },
            "Soil_Moisture": {
                "MSE": 887833.174277397,
                "RMSE": 942.2489980240875,
                "MAE": 745.8198684315512,
                "R2": 0.08217369919647155,
                "SMAPE": 10.346715228188915,
                "WAPE": 10.890947815832382
            },
            "Soil_Temperature": {
                "MSE": 6630.371829420022,
                "RMSE": 81.42709517979885,
                "MAE": 76.31439358615447,
                "R2": -303.0727915620128,
                "SMAPE": 133.58923857152013,
                "WAPE": 491.00716355655953
            }
        },
        {
            "Temperature": {
                "MSE": 303.96852049566854,
                "RMSE": 17.434693014093153,
                "MAE": 17.340802946027075,
                "R2": -110.28809983897425,
                "SMAPE": 102.45812921979594,
                "WAPE": 207.20330598874702
            },
            "Precipitation_accumulated": {
                "MSE": 179491.39344839603,
                "RMSE": 423.6642461294038,
                "MAE": 423.66361147883066,
                "R2": -776667.9963677173,
                "SMAPE": 171.66631167175515,
                "WAPE": 92.37658435005436
            },
            "Humidity": {
                "MSE": 38.90543904241998,
                "RMSE": 6.237422467848396,
                "MAE": 5.033202614650892,
                "R2": -0.047276026209471356,
                "SMAPE": 5.818826122645134,
                "WAPE": 5.745049535362741
            },
            "Soil_Moisture": {
                "MSE": 3655820.410459455,
                "RMSE": 1912.0199817102998,
                "MAE": 1902.2664529628887,
                "R2": -95.6419516110338,
                "SMAPE": 27.935896922242335,
                "WAPE": 32.40906370238657
            },
            "Soil_Temperature": {
                "MSE": 40.05458579625007,
                "RMSE": 6.328869235199134,
                "MAE": 6.198777934295203,
                "R2": -21.566531648977335,
                "SMAPE": 52.12404642967913,
                "WAPE": 68.99008519812269
            }
        },
        {
            "Temperature": {
                "MSE": 449.6341445231113,
                "RMSE": 21.204578385884293,
                "MAE": 20.535930726608978,
                "R2": -15.312132822147042,
                "SMAPE": 117.28697703457783,
                "WAPE": 251.33946970147647
            },
            "Precipitation_accumulated": {
                "MSE": 188859.6856122725,
                "RMSE": 434.579895545425,
                "MAE": 434.57742909707434,
                "R2": -38839.35053020246,
                "SMAPE": 176.32384444992425,
                "WAPE": 93.70712834627656
            },
            "Humidity": {
                "MSE": 181.15154443695096,
                "RMSE": 13.459254973324153,
                "MAE": 11.025934706805662,
                "R2": -0.2629733469620379,
                "SMAPE": 12.836929064924574,
                "WAPE": 12.676692617909334
            },
            "Soil_Moisture": {
                "MSE": 2224393.184743924,
                "RMSE": 1491.4399702113137,
                "MAE": 1468.246512482942,
                "R2": -1.8385802849232156,
                "SMAPE": 19.16195946949155,
                "WAPE": 17.777553850842025
            },
            "Soil_Temperature": {
                "MSE": 60.865385771948795,
                "RMSE": 7.801627123360151,
                "MAE": 6.986383781665337,
                "R2": -2.7430900611057227,
                "SMAPE": 77.33950079691604,
                "WAPE": 101.12265655180852
            }
        }
    ]
}