{
    "trial_number": 5,
    "fold_smape": [
        56.60509596008119,
        21.36957913623736,
        36.41245656407599
    ],
    "mean_smape": 38.12904388679818,
    "hyperparameters": {
        "input_chunk_length": 24,
        "dropout": 0.2,
        "batch_size": 120,
        "lr": 0.0033796011278951557,
        "weight_decay": 0.005818028181773525,
        "num_layers": 3,
        "num_blocks": 3,
        "num_stacks": 4,
        "layer_widths": 80,
        "activation": "GELU"
    },
    "metrics_per_fold": [
        {
            "Temperature": {
                "MSE": 21.798885669226415,
                "RMSE": 4.66892767873164,
                "MAE": 3.7281351389105266,
                "R2": -0.02133967784982227,
                "SMAPE": 24.250460875954694,
                "WAPE": 23.620295961777007
            },
            "Precipitation_accumulated": {
                "MSE": 180253.31708950872,
                "RMSE": 424.56250080466214,
                "MAE": 397.277359883569,
                "R2": -7.038162864882908,
                "SMAPE": 185.8993181608337,
                "WAPE": 99.35562865568552
            },
            "Humidity": {
                "MSE": 319.6729016281319,
                "RMSE": 17.879398804997106,
                "MAE": 16.75892134200276,
                "R2": -3.083863556846204,
                "SMAPE": 21.540086118454496,
                "WAPE": 19.818658690371432
            },
            "Soil_Moisture": {
                "MSE": 4449631.384733299,
                "RMSE": 2109.4149389660865,
                "MAE": 2010.1570098703123,
                "R2": -3.5999505674171095,
                "SMAPE": 26.383283651901845,
                "WAPE": 29.353622801933245
            },
            "Soil_Temperature": {
                "MSE": 22.52725685306381,
                "RMSE": 4.746288745226507,
                "MAE": 3.780593393760856,
                "R2": -0.033113383951014486,
                "SMAPE": 24.952330993268646,
                "WAPE": 24.3243554931159
            }
        },
        {
            "Temperature": {
                "MSE": 33.86454104232435,
                "RMSE": 5.819324792647713,
                "MAE": 5.583820702716545,
                "R2": -11.398390525353548,
                "SMAPE": 51.50154444936866,
                "WAPE": 66.72044617843672
            },
            "Precipitation_accumulated": {
                "MSE": 13.91442511274471,
                "RMSE": 3.7302044331034607,
                "MAE": 3.0645477088589126,
                "R2": -59.20847228230022,
                "SMAPE": 0.6674869998390678,
                "WAPE": 0.6682010025218239
            },
            "Humidity": {
                "MSE": 37.396173801193925,
                "RMSE": 6.115241107363954,
                "MAE": 5.209753435134642,
                "R2": -0.006648871157862946,
                "SMAPE": 6.02432687661073,
                "WAPE": 5.946569976092789
            },
            "Soil_Moisture": {
                "MSE": 246859.22570436847,
                "RMSE": 496.84929878623,
                "MAE": 461.8663615481075,
                "R2": -5.5257465265534105,
                "SMAPE": 7.623307271142613,
                "WAPE": 7.868853656167665
            },
            "Soil_Temperature": {
                "MSE": 22.152329151856087,
                "RMSE": 4.706626090083648,
                "MAE": 4.511898510843527,
                "R2": -11.480499472565374,
                "SMAPE": 41.03123008422578,
                "WAPE": 50.2157467113346
            }
        },
        {
            "Temperature": {
                "MSE": 36.04239473617959,
                "RMSE": 6.003531855181547,
                "MAE": 5.124459713293192,
                "R2": -0.30757047107350033,
                "SMAPE": 61.3651850747074,
                "WAPE": 62.71831571660011
            },
            "Precipitation_accumulated": {
                "MSE": 2637.3966209318396,
                "RMSE": 51.35558996771276,
                "MAE": 43.91431416421632,
                "R2": -541.3995539972855,
                "SMAPE": 10.10203561886605,
                "WAPE": 9.4691624509236
            },
            "Humidity": {
                "MSE": 151.1237852612535,
                "RMSE": 12.293241446471857,
                "MAE": 11.041637009760365,
                "R2": -0.05362233300421848,
                "SMAPE": 12.899681790158612,
                "WAPE": 12.694745805529536
            },
            "Soil_Moisture": {
                "MSE": 4257526.449156075,
                "RMSE": 2063.3774373962888,
                "MAE": 1966.6132669135143,
                "R2": -4.433091021857658,
                "SMAPE": 26.43274580662335,
                "WAPE": 23.8117870256079
            },
            "Soil_Temperature": {
                "MSE": 44.05230241162161,
                "RMSE": 6.6371908524331,
                "MAE": 5.925660199225738,
                "R2": -1.7091216663537296,
                "SMAPE": 71.2626345300247,
                "WAPE": 85.76947958993894
            }
        }
    ]
}