{
    "trial_number": 3,
    "fold_smape": [
        152.96710252969712,
        12.38844500756311,
        29.37118787946837
    ],
    "mean_smape": 64.90891180557621,
    "hyperparameters": {
        "input_chunk_length": 24,
        "dropout": 0.35,
        "batch_size": 200,
        "lr": 0.00040855449254778386,
        "weight_decay": 7.706175703930897e-05,
        "num_layers": 2,
        "num_blocks": 3,
        "num_stacks": 4,
        "layer_widths": 48,
        "activation": "ReLU"
    },
    "metrics_per_fold": [
        {
            "Temperature": {
                "MSE": 472.12928894688446,
                "RMSE": 21.72853628173984,
                "MAE": 16.123275169540115,
                "R2": -21.120597501789128,
                "SMAPE": 169.10144039585458,
                "WAPE": 102.15201895524629
            },
            "Precipitation_accumulated": {
                "MSE": 100792.87164421497,
                "RMSE": 317.4789310241153,
                "MAE": 296.93891324191054,
                "R2": -3.494727370221547,
                "SMAPE": 109.82861958951379,
                "WAPE": 74.26185173535302
            },
            "Humidity": {
                "MSE": 15350802.63703324,
                "RMSE": 3918.0100353410585,
                "MAE": 3635.2929234909925,
                "R2": -196107.53199763916,
                "SMAPE": 171.67001100751088,
                "WAPE": 4299.00160158999
            },
            "Soil_Moisture": {
                "MSE": 4294837986.957394,
                "RMSE": 65535.01344287185,
                "MAE": 60825.98729362425,
                "R2": -4438.927878711992,
                "SMAPE": 146.3125139466886,
                "WAPE": 888.2207105242101
            },
            "Soil_Temperature": {
                "MSE": 258055.07131966643,
                "RMSE": 507.99121185279023,
                "MAE": 471.62396617459234,
                "R2": -11833.558895284319,
                "SMAPE": 167.92292770891783,
                "WAPE": 3034.43079365168
            }
        },
        {
            "Temperature": {
                "MSE": 7.604440635114635,
                "RMSE": 2.757615026633456,
                "MAE": 2.394659065957521,
                "R2": -1.78411641850344,
                "SMAPE": 26.900817937291766,
                "WAPE": 28.613512115135514
            },
            "Precipitation_accumulated": {
                "MSE": 250.40265890128586,
                "RMSE": 15.824116370315464,
                "MAE": 15.113686838644156,
                "R2": -1082.5058887243122,
                "SMAPE": 3.2364114655520506,
                "WAPE": 3.2954228998259865
            },
            "Humidity": {
                "MSE": 32.02027766662247,
                "RMSE": 5.658646275092875,
                "MAE": 4.227280080186869,
                "R2": 0.13806218415217264,
                "SMAPE": 4.912938658854198,
                "WAPE": 4.825145204731687
            },
            "Soil_Moisture": {
                "MSE": 76229.56436002815,
                "RMSE": 276.0970198318485,
                "MAE": 244.7708052093063,
                "R2": -1.015135603799029,
                "SMAPE": 4.128919698281625,
                "WAPE": 4.170179527771771
            },
            "Soil_Temperature": {
                "MSE": 6.175947188561972,
                "RMSE": 2.4851453053215966,
                "MAE": 2.1898814691618482,
                "R2": -2.479494417993562,
                "SMAPE": 22.763137277835916,
                "WAPE": 24.372563549244763
            }
        },
        {
            "Temperature": {
                "MSE": 18.48602723653188,
                "RMSE": 4.299538025943238,
                "MAE": 3.514020752515187,
                "R2": 0.3293513508500102,
                "SMAPE": 48.38886018402733,
                "WAPE": 43.00813652983099
            },
            "Precipitation_accumulated": {
                "MSE": 1389.9616379275647,
                "RMSE": 37.28218928560345,
                "MAE": 35.28719000689289,
                "R2": -284.8555920265325,
                "SMAPE": 7.941148630489065,
                "WAPE": 7.60891160368278
            },
            "Humidity": {
                "MSE": 102.49334068908887,
                "RMSE": 10.12389948039237,
                "MAE": 8.487233412763477,
                "R2": 0.28542504048883643,
                "SMAPE": 10.028103055791286,
                "WAPE": 9.757907334934895
            },
            "Soil_Moisture": {
                "MSE": 2256337.2684138133,
                "RMSE": 1502.1109374522953,
                "MAE": 1416.5078929306242,
                "R2": -1.8793445916776101,
                "SMAPE": 18.322444116391985,
                "WAPE": 17.151101761605243
            },
            "Soil_Temperature": {
                "MSE": 29.738756883511417,
                "RMSE": 5.453325305124518,
                "MAE": 4.790491722867052,
                "R2": -0.8288694618216479,
                "SMAPE": 62.175383410642006,
                "WAPE": 69.33876871709643
            }
        }
    ]
}