{
    "trial_number": 13,
    "fold_smape": [
        83.8838604649911,
        12.516695258774572,
        36.40790971733119
    ],
    "mean_smape": 44.269488480365624,
    "hyperparameters": {
        "input_chunk_length": 108,
        "dropout": 0.2,
        "batch_size": 152,
        "lr": 0.00015033786418470132,
        "weight_decay": 1.2128569938058416e-05,
        "num_layers": 5,
        "num_blocks": 2,
        "num_stacks": 4,
        "layer_widths": 96,
        "activation": "ReLU"
    },
    "metrics_per_fold": [
        {
            "Temperature": {
                "MSE": 2334.194118891502,
                "RMSE": 48.313498309390745,
                "MAE": 45.48270475619294,
                "R2": -117.53313212235486,
                "SMAPE": 112.78203569324585,
                "WAPE": 284.9398541491387
            },
            "Precipitation_accumulated": {
                "MSE": 180359.69296931772,
                "RMSE": 424.6877593824876,
                "MAE": 405.7647154445041,
                "R2": -9.945737611578332,
                "SMAPE": 184.9555249668112,
                "WAPE": 97.35948734775516
            },
            "Humidity": {
                "MSE": 537.6213142803656,
                "RMSE": 23.18666242218499,
                "MAE": 18.726734536510698,
                "R2": -6.172282368533191,
                "SMAPE": 25.78261321424692,
                "WAPE": 22.121408635525846
            },
            "Soil_Moisture": {
                "MSE": 1205307.3647663346,
                "RMSE": 1097.8649118932324,
                "MAE": 1010.1786401497434,
                "R2": -0.6855360344822967,
                "SMAPE": 14.325415723694674,
                "WAPE": 14.992700692269116
            },
            "Soil_Temperature": {
                "MSE": 384.7944724824207,
                "RMSE": 19.61617884508654,
                "MAE": 18.702324940318977,
                "R2": -18.012369597449037,
                "SMAPE": 81.57371272695667,
                "WAPE": 118.98908285445525
            }
        },
        {
            "Temperature": {
                "MSE": 8.428993526451922,
                "RMSE": 2.9032728990661423,
                "MAE": 2.3991503670267633,
                "R2": -2.206325736888541,
                "SMAPE": 27.05713350139404,
                "WAPE": 28.989598846593086
            },
            "Precipitation_accumulated": {
                "MSE": 32.17341616627827,
                "RMSE": 5.672161507421864,
                "MAE": 4.5664164790399875,
                "R2": -137.28366971618004,
                "SMAPE": 0.9884206712321825,
                "WAPE": 0.9956313942283828
            },
            "Humidity": {
                "MSE": 50.72453031004978,
                "RMSE": 7.122115578256912,
                "MAE": 5.147333253926451,
                "R2": -0.3469404259117328,
                "SMAPE": 5.948323228358418,
                "WAPE": 5.8892474438023115
            },
            "Soil_Moisture": {
                "MSE": 184629.25856558877,
                "RMSE": 429.68506905126316,
                "MAE": 391.5404505239125,
                "R2": -4.732886786178541,
                "SMAPE": 6.5170321210919635,
                "WAPE": 6.6894506972763095
            },
            "Soil_Temperature": {
                "MSE": 6.1601545577908485,
                "RMSE": 2.4819658655571493,
                "MAE": 2.0970703172535314,
                "R2": -2.5816671978740593,
                "SMAPE": 22.072566771796232,
                "WAPE": 23.525927694510862
            }
        },
        {
            "Temperature": {
                "MSE": 37.47418475278157,
                "RMSE": 6.121616187967159,
                "MAE": 5.22005901136466,
                "R2": -0.3250111190043792,
                "SMAPE": 61.746703098240886,
                "WAPE": 62.871248984391706
            },
            "Precipitation_accumulated": {
                "MSE": 795.5244392771274,
                "RMSE": 28.205042798711144,
                "MAE": 24.77035227904842,
                "R2": -172.22803043348517,
                "SMAPE": 5.522916784161188,
                "WAPE": 5.339563321717851
            },
            "Humidity": {
                "MSE": 129.7830246912437,
                "RMSE": 11.39223528071834,
                "MAE": 10.041801564039465,
                "R2": 0.09425777233169574,
                "SMAPE": 11.71281335756689,
                "WAPE": 11.477858926725453
            },
            "Soil_Moisture": {
                "MSE": 4391949.58055037,
                "RMSE": 2095.6978743488694,
                "MAE": 2027.5094228236694,
                "R2": -7.1009882492207,
                "SMAPE": 27.180336823910817,
                "WAPE": 24.236443040060095
            },
            "Soil_Temperature": {
                "MSE": 53.991487469965456,
                "RMSE": 7.347890001215686,
                "MAE": 6.684351652725791,
                "R2": -2.1897937301169885,
                "SMAPE": 75.87677852277609,
                "WAPE": 96.24257575134374
            }
        }
    ]
}