{
    "trial_number": 36,
    "input_chunk_length": 31,
    "output_chunk_length": 12,
    "num_filters": 65,
    "kernel_size": 6,
    "num_layers": 2,
    "dilation_base": 4,
    "weight_norm": true,
    "dropout": 0.1424326614277679,
    "batch_size": 26,
    "lr": 6.185004184869351e-05,
    "forecast_horizon": 12,
    "overall_smape_val": 49.76153310218284,
    "metrics": {
        "MSE": {
            "Temperature": 0.798142098989179,
            "Precipitation_accumulated": 67.65828783923571,
            "Humidity": 10.791661400817985,
            "Wind_Speed_kmh": 0.13180976094468255,
            "Soil_Moisture": 78572.33744359267,
            "Soil_Temperature": 0.8019143220211696,
            "Wind_Dir_Sin": 0.08079697023700805,
            "Wind_Dir_Cos": 0.09791533453824122
        },
        "RMSE": {
            "Temperature": 0.8933879890558072,
            "Precipitation_accumulated": 8.225465812902982,
            "Humidity": 3.285066422588436,
            "Wind_Speed_kmh": 0.3630561402106877,
            "Soil_Moisture": 280.30757650051606,
            "Soil_Temperature": 0.8954966901229561,
            "Wind_Dir_Sin": 0.28424807868657276,
            "Wind_Dir_Cos": 0.3129142606821255
        },
        "MAE": {
            "Temperature": 0.6208802341317771,
            "Precipitation_accumulated": 5.829897545416725,
            "Humidity": 2.1957573785357725,
            "Wind_Speed_kmh": 0.17925068492090418,
            "Soil_Moisture": 134.05862341305402,
            "Soil_Temperature": 0.6213752890487809,
            "Wind_Dir_Sin": 0.16478064633018907,
            "Wind_Dir_Cos": 0.18167779462521738
        },
        "R2": {
            "Temperature": 0.7647740341064695,
            "Precipitation_accumulated": -70.16919365918211,
            "Humidity": 0.8342482967667628,
            "Wind_Speed_kmh": 0.6153751365363745,
            "Soil_Moisture": 0.8945186871212858,
            "Soil_Temperature": 0.8566749216611733,
            "Wind_Dir_Sin": 0.5002864297247398,
            "Wind_Dir_Cos": 0.6608534630865184
        },
        "SMAPE": {
            "Temperature": 11.048723698498717,
            "Precipitation_accumulated": 1.270630139518331,
            "Humidity": 2.6136390074184592,
            "Wind_Speed_kmh": 163.8241639738421,
            "Soil_Moisture": 2.1207355284371854,
            "Soil_Temperature": 19.29591089019311,
            "Wind_Dir_Sin": 153.85973665573894,
            "Wind_Dir_Cos": 44.05872492381588
        }
    }
}