{
    "trial_number": 44,
    "input_chunk_length": 13,
    "num_filters": 110,
    "kernel_size": 5,
    "num_layers": 4,
    "dilation_base": 4,
    "weight_norm": true,
    "dropout": 0.23549338752986762,
    "batch_size": 25,
    "lr": 0.0025825771154089246,
    "overall_smape_val": 43.03736726028847,
    "metrics": {
        "MSE": {
            "Temperature": 0.41095767419597934,
            "Precipitation_accumulated": 37.66051877522529,
            "Humidity": 3.8077652340524573,
            "Wind_Speed_kmh": 0.06498437919390387,
            "Soil_Moisture": 8884.29084865243,
            "Soil_Temperature": 0.4755177727126654,
            "Wind_Dir_Sin": 0.04330911501757473,
            "Wind_Dir_Cos": 0.04093921371321395
        },
        "RMSE": {
            "Temperature": 0.6410598054752609,
            "Precipitation_accumulated": 6.136816664625504,
            "Humidity": 1.9513495929874938,
            "Wind_Speed_kmh": 0.2549203389176781,
            "Soil_Moisture": 94.25651621321695,
            "Soil_Temperature": 0.6895779671021003,
            "Wind_Dir_Sin": 0.20810842130383558,
            "Wind_Dir_Cos": 0.20233441060090088
        },
        "MAE": {
            "Temperature": 0.43305481084665964,
            "Precipitation_accumulated": 5.080300953369738,
            "Humidity": 1.5335147641007125,
            "Wind_Speed_kmh": 0.11109665788768552,
            "Soil_Moisture": 26.443249447574313,
            "Soil_Temperature": 0.521798768099903,
            "Wind_Dir_Sin": 0.09805560455229481,
            "Wind_Dir_Cos": 0.09034803455722641
        },
        "R2": {
            "Temperature": 0.8792844684566801,
            "Precipitation_accumulated": -38.67842151036746,
            "Humidity": 0.9414448028783962,
            "Wind_Speed_kmh": 0.809042494219755,
            "Soil_Moisture": 0.9879937175262271,
            "Soil_Temperature": 0.9152708207791332,
            "Wind_Dir_Sin": 0.7303611735322447,
            "Wind_Dir_Cos": 0.8574008468667806
        },
        "SMAPE": {
            "Temperature": 7.930440031830342,
            "Precipitation_accumulated": 1.1134897557181602,
            "Humidity": 1.8329817592672812,
            "Wind_Speed_kmh": 148.05518485148318,
            "Soil_Moisture": 0.4211963480322478,
            "Soil_Temperature": 15.35888379834605,
            "Wind_Dir_Sin": 140.92297619597753,
            "Wind_Dir_Cos": 28.663785341653355
        }
    }
}