{
    "trial_number": 4,
    "input_chunk_length": 53,
    "num_filters": 15,
    "kernel_size": 7,
    "num_layers": 2,
    "dilation_base": 2,
    "weight_norm": true,
    "dropout": 0.3683836061265594,
    "batch_size": 41,
    "lr": 1.2561501496392211e-05,
    "overall_smape_val": 68.11648828610643,
    "metrics": {
        "MSE": {
            "Temperature": 6.173447690311434,
            "Precipitation_accumulated": 5996.873319767176,
            "Humidity": 233.70772245529105,
            "Wind_Speed_kmh": 0.3849629509287661,
            "Soil_Moisture": 285305.39050906734,
            "Soil_Temperature": 16.22538756402964,
            "Wind_Dir_Sin": 0.1519558518848788,
            "Wind_Dir_Cos": 0.22815555822646955
        },
        "RMSE": {
            "Temperature": 2.484642366682061,
            "Precipitation_accumulated": 77.43948165998515,
            "Humidity": 15.287502165340518,
            "Wind_Speed_kmh": 0.6204538265888656,
            "Soil_Moisture": 534.1398604383194,
            "Soil_Temperature": 4.028074920359556,
            "Wind_Dir_Sin": 0.38981515091755836,
            "Wind_Dir_Cos": 0.4776563181058841
        },
        "MAE": {
            "Temperature": 2.0872463556321024,
            "Precipitation_accumulated": 71.33894909552151,
            "Humidity": 12.477254772963905,
            "Wind_Speed_kmh": 0.44295414418410467,
            "Soil_Moisture": 351.6498503423939,
            "Soil_Temperature": 3.173516803195905,
            "Wind_Dir_Sin": 0.24865176277671489,
            "Wind_Dir_Cos": 0.39062297902821896
        },
        "R2": {
            "Temperature": -0.8134009076453852,
            "Precipitation_accumulated": -6317.1940946211835,
            "Humidity": -2.593919508174733,
            "Wind_Speed_kmh": -0.13121900738348602,
            "Soil_Moisture": 0.6144366311171013,
            "Soil_Temperature": -1.891088093296987,
            "Wind_Dir_Sin": 0.05393593102699179,
            "Wind_Dir_Cos": 0.20529032106861822
        },
        "SMAPE": {
            "Temperature": 40.653233379946904,
            "Precipitation_accumulated": 17.105215542047286,
            "Humidity": 16.04080533916219,
            "Wind_Speed_kmh": 178.27342298449628,
            "Soil_Moisture": 5.477995412830494,
            "Soil_Temperature": 43.99865983323674,
            "Wind_Dir_Sin": 178.7651858678761,
            "Wind_Dir_Cos": 64.6173879292555
        }
    }
}