{
    "trial_number": 12,
    "input_chunk_length": 15,
    "num_filters": 101,
    "kernel_size": 5,
    "num_layers": 4,
    "dilation_base": 4,
    "weight_norm": true,
    "dropout": 0.2555693944092098,
    "batch_size": 29,
    "lr": 0.0020395511354308143,
    "overall_smape_val": 43.5104818021586,
    "metrics": {
        "MSE": {
            "Temperature": 0.3577333126962797,
            "Precipitation_accumulated": 4.245810203618178,
            "Humidity": 1.9103406884121947,
            "Wind_Speed_kmh": 0.06998405972642927,
            "Soil_Moisture": 8576.652140606055,
            "Soil_Temperature": 0.15326867027282476,
            "Wind_Dir_Sin": 0.04117237234769606,
            "Wind_Dir_Cos": 0.03999901737666227
        },
        "RMSE": {
            "Temperature": 0.5981081112109079,
            "Precipitation_accumulated": 2.060536387356015,
            "Humidity": 1.3821507473543524,
            "Wind_Speed_kmh": 0.26454500510580287,
            "Soil_Moisture": 92.6102161783788,
            "Soil_Temperature": 0.39149542816337557,
            "Wind_Dir_Sin": 0.20290976405214228,
            "Wind_Dir_Cos": 0.19999754342656878
        },
        "MAE": {
            "Temperature": 0.3654250731487238,
            "Precipitation_accumulated": 1.5599856841476687,
            "Humidity": 0.771665114974951,
            "Wind_Speed_kmh": 0.15802690318755852,
            "Soil_Moisture": 22.633220751849233,
            "Soil_Temperature": 0.25975442571110174,
            "Wind_Dir_Sin": 0.09891778244414644,
            "Wind_Dir_Cos": 0.11647595153540014
        },
        "R2": {
            "Temperature": 0.8949186991644051,
            "Precipitation_accumulated": -3.473306592446783,
            "Humidity": 0.9706230902632755,
            "Wind_Speed_kmh": 0.7943508631534594,
            "Soil_Moisture": 0.9884094622706973,
            "Soil_Temperature": 0.9726901298380342,
            "Wind_Dir_Sin": 0.7436643496820197,
            "Wind_Dir_Cos": 0.8606757314874384
        },
        "SMAPE": {
            "Temperature": 6.314202022884302,
            "Precipitation_accumulated": 0.33891887671450466,
            "Humidity": 0.9242294294979151,
            "Wind_Speed_kmh": 163.37133535283306,
            "Soil_Moisture": 0.363852541535178,
            "Soil_Temperature": 10.505229907566152,
            "Wind_Dir_Sin": 139.40672273085397,
            "Wind_Dir_Cos": 26.859363555384054
        }
    }
}