{
    "trial_number": 174,
    "input_chunk_length": 19,
    "output_chunk_length": 17,
    "num_filters": 62,
    "kernel_size": 8,
    "num_layers": 2,
    "dilation_base": 4,
    "weight_norm": true,
    "dropout": 0.23701053098177507,
    "batch_size": 21,
    "lr": 0.00310766451680854,
    "forecast_horizon": 18,
    "overall_smape_val": 55.859073154157926,
    "metrics": {
        "MSE": {
            "Temperature": 2.2757917551654976,
            "Precipitation_accumulated": 579.450786986447,
            "Humidity": 39.77175272712614,
            "Wind_Speed_kmh": 0.20740139449695283,
            "Soil_Moisture": 240257.4737358886,
            "Soil_Temperature": 2.5145071338025007,
            "Wind_Dir_Sin": 0.12415808786755644,
            "Wind_Dir_Cos": 0.15587299903046772
        },
        "RMSE": {
            "Temperature": 1.5085727543494538,
            "Precipitation_accumulated": 24.071784042452006,
            "Humidity": 6.306484973987184,
            "Wind_Speed_kmh": 0.45541343249508226,
            "Soil_Moisture": 490.1606611468209,
            "Soil_Temperature": 1.5857197526052642,
            "Wind_Dir_Sin": 0.3523607354226013,
            "Wind_Dir_Cos": 0.3948075468256246
        },
        "MAE": {
            "Temperature": 1.1670408214083277,
            "Precipitation_accumulated": 23.015670852463177,
            "Humidity": 5.173206180881485,
            "Wind_Speed_kmh": 0.2609098965052613,
            "Soil_Moisture": 334.9419534878096,
            "Soil_Temperature": 1.2278934275504954,
            "Wind_Dir_Sin": 0.2539794441182899,
            "Wind_Dir_Cos": 0.2733646419484206
        },
        "R2": {
            "Temperature": 0.3269685286955696,
            "Precipitation_accumulated": -607.9530394432962,
            "Humidity": 0.38928310222452966,
            "Wind_Speed_kmh": 0.3973453040253925,
            "Soil_Moisture": 0.678751884987582,
            "Soil_Temperature": 0.5497438021037885,
            "Wind_Dir_Sin": 0.23516805325294554,
            "Wind_Dir_Cos": 0.4619308851777607
        },
        "SMAPE": {
            "Temperature": 20.249185595282615,
            "Precipitation_accumulated": 5.1486591256676615,
            "Humidity": 6.1927805402594025,
            "Wind_Speed_kmh": 166.85878983339026,
            "Soil_Moisture": 5.3986042332964255,
            "Soil_Temperature": 27.632404782088333,
            "Wind_Dir_Sin": 160.4712909492656,
            "Wind_Dir_Cos": 54.920870174013054
        }
    }
}