{
    "trial_number": 22,
    "input_chunk_length": 58,
    "output_chunk_length": 26,
    "num_filters": 73,
    "kernel_size": 7,
    "num_layers": 2,
    "dilation_base": 4,
    "weight_norm": true,
    "dropout": 0.16620896540060884,
    "batch_size": 35,
    "lr": 0.00030345150488308135,
    "forecast_horizon": 15,
    "overall_smape_val": 51.76137115316365,
    "metrics": {
        "MSE": {
            "Temperature": 0.8878232167503739,
            "Precipitation_accumulated": 92.65403642496327,
            "Humidity": 16.041122809483312,
            "Wind_Speed_kmh": 0.19397347360655393,
            "Soil_Moisture": 150487.06402931784,
            "Soil_Temperature": 1.5771787270750768,
            "Wind_Dir_Sin": 0.11026821862562468,
            "Wind_Dir_Cos": 0.12758039908187946
        },
        "RMSE": {
            "Temperature": 0.9422437140943811,
            "Precipitation_accumulated": 9.62569667218759,
            "Humidity": 4.005137052521837,
            "Wind_Speed_kmh": 0.4404241973445078,
            "Soil_Moisture": 387.9266219651828,
            "Soil_Temperature": 1.2558577654635403,
            "Wind_Dir_Sin": 0.3320665876381192,
            "Wind_Dir_Cos": 0.3571839849179684
        },
        "MAE": {
            "Temperature": 0.6804175391469329,
            "Precipitation_accumulated": 7.326900850143912,
            "Humidity": 2.85218591777635,
            "Wind_Speed_kmh": 0.19102167924470906,
            "Soil_Moisture": 169.99812884496333,
            "Soil_Temperature": 0.8046909954507764,
            "Wind_Dir_Sin": 0.2119808303356541,
            "Wind_Dir_Cos": 0.2184258798499636
        },
        "R2": {
            "Temperature": 0.7382409085055613,
            "Precipitation_accumulated": -96.4164068900451,
            "Humidity": 0.7537777717851014,
            "Wind_Speed_kmh": 0.4351714694909713,
            "Soil_Moisture": 0.7983833800657916,
            "Soil_Temperature": 0.7179058461330988,
            "Wind_Dir_Sin": 0.3193721321093508,
            "Wind_Dir_Cos": 0.5588499300202371
        },
        "SMAPE": {
            "Temperature": 11.809981697558891,
            "Precipitation_accumulated": 1.6112159392490737,
            "Humidity": 3.3811895091434536,
            "Wind_Speed_kmh": 166.9811789982364,
            "Soil_Moisture": 2.643701482794594,
            "Soil_Temperature": 21.564071503985442,
            "Wind_Dir_Sin": 159.5404178809236,
            "Wind_Dir_Cos": 46.55921221341737
        }
    }
}