{
    "trial_number": 19,
    "input_chunk_length": 43,
    "output_chunk_length": 37,
    "num_filters": 54,
    "kernel_size": 7,
    "num_layers": 3,
    "dilation_base": 2,
    "weight_norm": false,
    "dropout": 0.17990224464179402,
    "batch_size": 32,
    "lr": 0.0010519610299811882,
    "forecast_horizon": 19,
    "overall_smape_val": 53.25987282265068,
    "metrics": {
        "MSE": {
            "Temperature": 1.5171587504932367,
            "Precipitation_accumulated": 220.44197527198855,
            "Humidity": 23.501682715446865,
            "Wind_Speed_kmh": 0.21693467956639073,
            "Soil_Moisture": 178904.5228291149,
            "Soil_Temperature": 1.864890183042441,
            "Wind_Dir_Sin": 0.1090365737993051,
            "Wind_Dir_Cos": 0.13000297205414313
        },
        "RMSE": {
            "Temperature": 1.2317299827856902,
            "Precipitation_accumulated": 14.847288482143416,
            "Humidity": 4.847853413155854,
            "Wind_Speed_kmh": 0.4657624711871822,
            "Soil_Moisture": 422.97106618433713,
            "Soil_Temperature": 1.3656098209380456,
            "Wind_Dir_Sin": 0.3302068651607733,
            "Wind_Dir_Cos": 0.3605592490203838
        },
        "MAE": {
            "Temperature": 0.9187486629152853,
            "Precipitation_accumulated": 10.729063000120421,
            "Humidity": 3.5105739412331225,
            "Wind_Speed_kmh": 0.2411850115107585,
            "Soil_Moisture": 214.99163540249913,
            "Soil_Temperature": 0.8402819610714555,
            "Wind_Dir_Sin": 0.22220514748117742,
            "Wind_Dir_Cos": 0.22408534898841187
        },
        "R2": {
            "Temperature": 0.5510192466200365,
            "Precipitation_accumulated": -230.63027376037854,
            "Humidity": 0.639097926905382,
            "Wind_Speed_kmh": 0.37008836728141814,
            "Soil_Moisture": 0.7609441387839045,
            "Soil_Temperature": 0.6659435959019682,
            "Wind_Dir_Sin": 0.32876688312612157,
            "Wind_Dir_Cos": 0.5514868615842068
        },
        "SMAPE": {
            "Temperature": 16.314309256893484,
            "Precipitation_accumulated": 2.3287007821537364,
            "Humidity": 4.178146931724511,
            "Wind_Speed_kmh": 168.96523527897153,
            "Soil_Moisture": 3.36894244233523,
            "Soil_Temperature": 23.348642390988278,
            "Wind_Dir_Sin": 160.2090866964493,
            "Wind_Dir_Cos": 47.36591880168901
        }
    }
}