{
    "trial_number": 89,
    "input_chunk_length": 40,
    "output_chunk_length": 23,
    "num_filters": 120,
    "kernel_size": 6,
    "num_layers": 2,
    "dilation_base": 4,
    "weight_norm": true,
    "dropout": 0.23466503792746518,
    "batch_size": 33,
    "lr": 0.002336087436716015,
    "forecast_horizon": 2,
    "overall_smape_val": 52.41446071868004,
    "metrics": {
        "MSE": {
            "Temperature": 1.260900500475142,
            "Precipitation_accumulated": 42.106041802864105,
            "Humidity": 14.370266348897022,
            "Wind_Speed_kmh": 0.19891180247756313,
            "Soil_Moisture": 151970.85878568076,
            "Soil_Temperature": 1.9999332684886681,
            "Wind_Dir_Sin": 0.11009793251990747,
            "Wind_Dir_Cos": 0.13268374014432263
        },
        "RMSE": {
            "Temperature": 1.1228982591825236,
            "Precipitation_accumulated": 6.488916843577525,
            "Humidity": 3.790813415204845,
            "Wind_Speed_kmh": 0.44599529423253237,
            "Soil_Moisture": 389.83439918211525,
            "Soil_Temperature": 1.4141899690242001,
            "Wind_Dir_Sin": 0.3318100850183844,
            "Wind_Dir_Cos": 0.3642577935258526
        },
        "MAE": {
            "Temperature": 0.9226132769399343,
            "Precipitation_accumulated": 4.834381487737769,
            "Humidity": 2.400133321673078,
            "Wind_Speed_kmh": 0.19468633455000506,
            "Soil_Moisture": 136.05181873944198,
            "Soil_Temperature": 1.0469342308479979,
            "Wind_Dir_Sin": 0.22109118561370733,
            "Wind_Dir_Cos": 0.23369208978492884
        },
        "R2": {
            "Temperature": 0.6296205577961584,
            "Precipitation_accumulated": -43.36214181643864,
            "Humidity": 0.7790163712761018,
            "Wind_Speed_kmh": 0.415494890579313,
            "Soil_Moisture": 0.794625695010932,
            "Soil_Temperature": 0.6436459075569757,
            "Wind_Dir_Sin": 0.3145397381325574,
            "Wind_Dir_Cos": 0.5378370207188041
        },
        "SMAPE": {
            "Temperature": 14.937100584779447,
            "Precipitation_accumulated": 1.0535258032941834,
            "Humidity": 2.8272326299436643,
            "Wind_Speed_kmh": 166.1125234547075,
            "Soil_Moisture": 2.0895596530174823,
            "Soil_Temperature": 22.572059232656034,
            "Wind_Dir_Sin": 161.0157010442847,
            "Wind_Dir_Cos": 48.70798334675704
        }
    }
}