{
    "trial_number": 26,
    "input_chunk_length": 43,
    "output_chunk_length": 35,
    "num_filters": 8,
    "kernel_size": 8,
    "num_layers": 5,
    "dilation_base": 2,
    "weight_norm": true,
    "dropout": 0.2382635730146052,
    "batch_size": 62,
    "lr": 0.000680304492098954,
    "forecast_horizon": 1,
    "overall_smape_val": 55.44111453754027,
    "metrics": {
        "MSE": {
            "Temperature": 1.6789409275421765,
            "Precipitation_accumulated": 273.97724945560856,
            "Humidity": 30.56529046008034,
            "Wind_Speed_kmh": 0.23916515305269004,
            "Soil_Moisture": 251348.19825259256,
            "Soil_Temperature": 2.471126542552356,
            "Wind_Dir_Sin": 0.1371573734875915,
            "Wind_Dir_Cos": 0.156202856533746
        },
        "RMSE": {
            "Temperature": 1.2957395292041438,
            "Precipitation_accumulated": 16.55225813765628,
            "Humidity": 5.52858846904708,
            "Wind_Speed_kmh": 0.48904514418680206,
            "Soil_Moisture": 501.3463854986815,
            "Soil_Temperature": 1.5719817246241623,
            "Wind_Dir_Sin": 0.3703476386958495,
            "Wind_Dir_Cos": 0.3952250707302688
        },
        "MAE": {
            "Temperature": 1.0419628776200425,
            "Precipitation_accumulated": 10.285830805763686,
            "Humidity": 4.0456894669348396,
            "Wind_Speed_kmh": 0.2653552280622161,
            "Soil_Moisture": 249.36456454496698,
            "Soil_Temperature": 0.9910060586972156,
            "Wind_Dir_Sin": 0.22847916704990817,
            "Wind_Dir_Cos": 0.27566238383503694
        },
        "R2": {
            "Temperature": 0.5068245242174594,
            "Precipitation_accumulated": -287.6573297896823,
            "Humidity": 0.529971913193736,
            "Wind_Speed_kmh": 0.29720985776876485,
            "Soil_Moisture": 0.6603265788003527,
            "Soil_Temperature": 0.559687280441826,
            "Wind_Dir_Sin": 0.1460699851847309,
            "Wind_Dir_Cos": 0.4559154160913347
        },
        "SMAPE": {
            "Temperature": 18.171293365756657,
            "Precipitation_accumulated": 2.2901527439659772,
            "Humidity": 4.784975351862763,
            "Wind_Speed_kmh": 175.21967780633346,
            "Soil_Moisture": 3.868740816457536,
            "Soil_Temperature": 22.25258509039782,
            "Wind_Dir_Sin": 161.54351388894588,
            "Wind_Dir_Cos": 55.397977236601996
        }
    }
}