{
    "trial_number": 81,
    "input_chunk_length": 26,
    "output_chunk_length": 3,
    "num_filters": 57,
    "kernel_size": 7,
    "num_layers": 3,
    "dilation_base": 4,
    "weight_norm": true,
    "dropout": 0.11432865298134691,
    "batch_size": 139,
    "lr": 0.003285212039480844,
    "loss_function": "smoothl1",
    "optimizer": "AdamW",
    "overall_mae_val": 0.1209523802922343,
    "metrics": {
        "MSE": {
            "Temperature": 6.182311311396053,
            "Precipitation_accumulated": 1844.5154423204447,
            "Humidity": 49.65866905058443,
            "Wind_Speed_kmh": 0.9968054884480985,
            "Soil_Moisture": 71029.62072150582,
            "Soil_Temperature": 4.523395150424062,
            "Wind_Dir_Sin": 0.5243553360117585,
            "Wind_Dir_Cos": 0.35775630727344215
        },
        "RMSE": {
            "Temperature": 2.4864254083716353,
            "Precipitation_accumulated": 42.94782232337799,
            "Humidity": 7.0468907363875335,
            "Wind_Speed_kmh": 0.998401466569485,
            "Soil_Moisture": 266.51382838701977,
            "Soil_Temperature": 2.126827484876021,
            "Wind_Dir_Sin": 0.724123840245409,
            "Wind_Dir_Cos": 0.5981273336618568
        },
        "MAE": {
            "Temperature": 2.00755920154336,
            "Precipitation_accumulated": 37.79466730623536,
            "Humidity": 5.781069536540606,
            "Wind_Speed_kmh": 0.7970657268028563,
            "Soil_Moisture": 221.8992387078132,
            "Soil_Temperature": 1.7658803877700953,
            "Wind_Dir_Sin": 0.6451524441491034,
            "Wind_Dir_Cos": 0.5039349712937465
        },
        "R2": {
            "Temperature": 0.7970444618581867,
            "Precipitation_accumulated": -535.6149185465304,
            "Humidity": 0.6611326350477719,
            "Wind_Speed_kmh": 0.2614918824512307,
            "Soil_Moisture": -0.2372033585601303,
            "Soil_Temperature": 0.7196251925676611,
            "Wind_Dir_Sin": 0.04716024806659802,
            "Wind_Dir_Cos": 0.02528166094583073
        },
        "SMAPE": {
            "Temperature": 33.41283809460784,
            "Precipitation_accumulated": 8.575194415571888,
            "Humidity": 6.8002884186253905,
            "Wind_Speed_kmh": 68.74947871140364,
            "Soil_Moisture": 2.6434519283750237,
            "Soil_Temperature": 38.612297919897,
            "Wind_Dir_Sin": 144.11725835281607,
            "Wind_Dir_Cos": 125.54217415129818
        }
    }
}