{
    "trial_number": 12,
    "input_chunk_length": 26,
    "output_chunk_length": 7,
    "num_filters": 117,
    "kernel_size": 4,
    "num_layers": 3,
    "dilation_base": 4,
    "weight_norm": true,
    "dropout": 0.32860846534150756,
    "batch_size": 150,
    "lr": 0.0010170724125864556,
    "loss_function": "smoothl1",
    "optimizer": "AdamW",
    "overall_mae_val": 0.136319237163788,
    "metrics": {
        "MSE": {
            "Temperature": 8.710917426165052,
            "Precipitation_accumulated": 3084.1962407263663,
            "Humidity": 75.81825672413783,
            "Wind_Speed_kmh": 1.31099781488595,
            "Soil_Moisture": 108541.36748466546,
            "Soil_Temperature": 9.229303239737794,
            "Wind_Dir_Sin": 0.6157178565601112,
            "Wind_Dir_Cos": 0.4042250205513364
        },
        "RMSE": {
            "Temperature": 2.951426337580705,
            "Precipitation_accumulated": 55.53554033883497,
            "Humidity": 8.707367956170097,
            "Wind_Speed_kmh": 1.1449881287096169,
            "Soil_Moisture": 329.45616929216163,
            "Soil_Temperature": 3.03797683331157,
            "Wind_Dir_Sin": 0.7846769122129893,
            "Wind_Dir_Cos": 0.6357869301513962
        },
        "MAE": {
            "Temperature": 2.296990540518694,
            "Precipitation_accumulated": 48.98618495590039,
            "Humidity": 7.094614733148657,
            "Wind_Speed_kmh": 0.9086885612935333,
            "Soil_Moisture": 267.3268549587863,
            "Soil_Temperature": 2.523265090467302,
            "Wind_Dir_Sin": 0.6860846310192859,
            "Wind_Dir_Cos": 0.5339111082360436
        },
        "R2": {
            "Temperature": 0.7141387387014417,
            "Precipitation_accumulated": -901.8297456103071,
            "Humidity": 0.4824937373051368,
            "Wind_Speed_kmh": 0.027204743362717165,
            "Soil_Moisture": -0.9192292189224931,
            "Soil_Temperature": 0.4265859625114692,
            "Wind_Dir_Sin": -0.11822862363079567,
            "Wind_Dir_Cos": -0.10293448347004341
        },
        "SMAPE": {
            "Temperature": 35.79886477446966,
            "Precipitation_accumulated": 11.299693653909054,
            "Humidity": 8.366562765972944,
            "Wind_Speed_kmh": 75.51442590343159,
            "Soil_Moisture": 3.199061424972793,
            "Soil_Temperature": 50.129079532211335,
            "Wind_Dir_Sin": 143.10446288938667,
            "Wind_Dir_Cos": 130.5427079419516
        }
    }
}