{
    "trial_number": 33,
    "input_chunk_length": 32,
    "output_chunk_length": 16,
    "num_filters": 24,
    "kernel_size": 6,
    "num_layers": 2,
    "dilation_base": 4,
    "weight_norm": false,
    "dropout": 0.24428007543811858,
    "batch_size": 34,
    "lr": 0.0003414766937738815,
    "forecast_horizon": 8,
    "overall_smape_val": 49.99559483393253,
    "metrics": {
        "MSE": {
            "Temperature": 0.888445145487468,
            "Precipitation_accumulated": 49.92454174757737,
            "Humidity": 12.26467706925772,
            "Wind_Speed_kmh": 0.14879104311690078,
            "Soil_Moisture": 98759.67538843284,
            "Soil_Temperature": 0.8952642446245509,
            "Wind_Dir_Sin": 0.08018436036960952,
            "Wind_Dir_Cos": 0.10634114107299375
        },
        "RMSE": {
            "Temperature": 0.9425736817286318,
            "Precipitation_accumulated": 7.065730093031956,
            "Humidity": 3.502096096519586,
            "Wind_Speed_kmh": 0.3857344204461157,
            "Soil_Moisture": 314.2605215238351,
            "Soil_Temperature": 0.9461840437380832,
            "Wind_Dir_Sin": 0.28316843109642276,
            "Wind_Dir_Cos": 0.32609989431613395
        },
        "MAE": {
            "Temperature": 0.650725048157079,
            "Precipitation_accumulated": 4.734011520251114,
            "Humidity": 2.348274971972183,
            "Wind_Speed_kmh": 0.17919563146746997,
            "Soil_Moisture": 131.07434865285705,
            "Soil_Temperature": 0.6000747317123104,
            "Wind_Dir_Sin": 0.17392733713515784,
            "Wind_Dir_Cos": 0.19346544685604208
        },
        "R2": {
            "Temperature": 0.7384104404838037,
            "Precipitation_accumulated": -51.54850879203872,
            "Humidity": 0.8115168585007129,
            "Wind_Speed_kmh": 0.5646041540161162,
            "Soil_Moisture": 0.8670633156527772,
            "Soil_Temperature": 0.8401723633945961,
            "Wind_Dir_Sin": 0.5027569099651693,
            "Wind_Dir_Cos": 0.6308392160384495
        },
        "SMAPE": {
            "Temperature": 11.697408138503917,
            "Precipitation_accumulated": 1.0311002730456686,
            "Humidity": 2.775809740950999,
            "Wind_Speed_kmh": 164.84275230539572,
            "Soil_Moisture": 2.056885439635117,
            "Soil_Temperature": 17.13604524317941,
            "Wind_Dir_Sin": 154.09842599806555,
            "Wind_Dir_Cos": 46.32633153268371
        }
    }
}