{
    "trial_number": 45,
    "input_chunk_length": 26,
    "output_chunk_length": 2,
    "num_filters": 69,
    "kernel_size": 2,
    "num_layers": 3,
    "dilation_base": 4,
    "weight_norm": true,
    "dropout": 0.14756827146410467,
    "batch_size": 212,
    "lr": 0.0029012399875487233,
    "loss_function": "smoothl1",
    "optimizer": "AdamW",
    "overall_mae_val": 0.11507884828019702,
    "metrics": {
        "MSE": {
            "Temperature": 4.608467874926196,
            "Precipitation_accumulated": 2050.8456736575527,
            "Humidity": 33.699800360443184,
            "Wind_Speed_kmh": 0.9370782658012407,
            "Soil_Moisture": 43833.73921487807,
            "Soil_Temperature": 8.981517292931592,
            "Wind_Dir_Sin": 0.4930063552201764,
            "Wind_Dir_Cos": 0.3690304558353603
        },
        "RMSE": {
            "Temperature": 2.1467342348148724,
            "Precipitation_accumulated": 45.28626363101236,
            "Humidity": 5.8051529144754825,
            "Wind_Speed_kmh": 0.9680280294502017,
            "Soil_Moisture": 209.36508595006492,
            "Soil_Temperature": 2.996917965665993,
            "Wind_Dir_Sin": 0.7021441128573083,
            "Wind_Dir_Cos": 0.6074787698639026
        },
        "MAE": {
            "Temperature": 1.6836467687090249,
            "Precipitation_accumulated": 38.05257314724835,
            "Humidity": 4.597446324642071,
            "Wind_Speed_kmh": 0.7655067810122106,
            "Soil_Moisture": 166.62202433550414,
            "Soil_Temperature": 2.6660525594522384,
            "Wind_Dir_Sin": 0.5995714268107015,
            "Wind_Dir_Cos": 0.4959697256876222
        },
        "R2": {
            "Temperature": 0.8488122942217385,
            "Precipitation_accumulated": -594.7307903753502,
            "Humidity": 0.7700517385556377,
            "Wind_Speed_kmh": 0.30658420207861004,
            "Soil_Moisture": 0.23902411108028676,
            "Soil_Temperature": 0.44375486790672414,
            "Wind_Dir_Sin": 0.10384668021515497,
            "Wind_Dir_Cos": -0.004601350504664259
        },
        "SMAPE": {
            "Temperature": 30.152345381043308,
            "Precipitation_accumulated": 8.68183710770378,
            "Humidity": 5.335962632299466,
            "Wind_Speed_kmh": 66.98830413256881,
            "Soil_Moisture": 1.957697466391378,
            "Soil_Temperature": 65.07605770457461,
            "Wind_Dir_Sin": 126.0875811300882,
            "Wind_Dir_Cos": 118.13379754786675
        }
    }
}