{
    "trial_number": 17,
    "input_chunk_length": 38,
    "output_chunk_length": 24,
    "num_filters": 51,
    "kernel_size": 8,
    "num_layers": 3,
    "dilation_base": 2,
    "weight_norm": false,
    "dropout": 0.1909078031651404,
    "batch_size": 43,
    "lr": 0.003408669613568458,
    "forecast_horizon": 14,
    "overall_smape_val": 50.95799348124581,
    "metrics": {
        "MSE": {
            "Temperature": 0.9012939671028323,
            "Precipitation_accumulated": 92.73759221124527,
            "Humidity": 13.922963719482938,
            "Wind_Speed_kmh": 0.15536517794296137,
            "Soil_Moisture": 67394.93256566681,
            "Soil_Temperature": 0.44175294263210435,
            "Wind_Dir_Sin": 0.09218788276356295,
            "Wind_Dir_Cos": 0.10743024746337922
        },
        "RMSE": {
            "Temperature": 0.9493650336423984,
            "Precipitation_accumulated": 9.630035940288348,
            "Humidity": 3.73134878019771,
            "Wind_Speed_kmh": 0.394163897310448,
            "Soil_Moisture": 259.6053400176252,
            "Soil_Temperature": 0.6646449748791488,
            "Wind_Dir_Sin": 0.303624575361684,
            "Wind_Dir_Cos": 0.32776553733328834
        },
        "MAE": {
            "Temperature": 0.7068011602081989,
            "Precipitation_accumulated": 7.3549315882905395,
            "Humidity": 2.8918391014464295,
            "Wind_Speed_kmh": 0.1931777319774563,
            "Soil_Moisture": 131.04541790465467,
            "Soil_Temperature": 0.4979687313172821,
            "Wind_Dir_Sin": 0.19074737132840813,
            "Wind_Dir_Cos": 0.23117102733729264
        },
        "R2": {
            "Temperature": 0.7342957091806515,
            "Precipitation_accumulated": -96.51940296744513,
            "Humidity": 0.7862381019738054,
            "Wind_Speed_kmh": 0.5472761775119831,
            "Soil_Moisture": 0.9096458366322231,
            "Soil_Temperature": 0.9210059869664239,
            "Wind_Dir_Sin": 0.43059366625852746,
            "Wind_Dir_Cos": 0.6283160252888549
        },
        "SMAPE": {
            "Temperature": 12.121194583721259,
            "Precipitation_accumulated": 1.6047170690482184,
            "Humidity": 3.4529206238754693,
            "Wind_Speed_kmh": 169.3962238431398,
            "Soil_Moisture": 2.074101964799386,
            "Soil_Temperature": 14.502276835414888,
            "Wind_Dir_Sin": 156.24723003991747,
            "Wind_Dir_Cos": 48.26528289005015
        }
    }
}