{
    "trial_number": 30,
    "input_chunk_length": 55,
    "output_chunk_length": 24,
    "num_filters": 26,
    "kernel_size": 8,
    "num_layers": 3,
    "dilation_base": 3,
    "weight_norm": true,
    "dropout": 0.33279500983133475,
    "batch_size": 16,
    "lr": 0.0045730216344215925,
    "forecast_horizon": 22,
    "overall_smape_val": 52.12340710654031,
    "metrics": {
        "MSE": {
            "Temperature": 1.073187714921929,
            "Precipitation_accumulated": 64.2733755822436,
            "Humidity": 16.15159792843142,
            "Wind_Speed_kmh": 0.18815670003112153,
            "Soil_Moisture": 110476.57674155626,
            "Soil_Temperature": 2.481787877389459,
            "Wind_Dir_Sin": 0.10780253569764112,
            "Wind_Dir_Cos": 0.1371817970464627
        },
        "RMSE": {
            "Temperature": 1.035947737543709,
            "Precipitation_accumulated": 8.017067767098117,
            "Humidity": 4.01890506586451,
            "Wind_Speed_kmh": 0.4337703309714964,
            "Soil_Moisture": 332.38016899561904,
            "Soil_Temperature": 1.5753691241704146,
            "Wind_Dir_Sin": 0.3283329646831721,
            "Wind_Dir_Cos": 0.3703806110563331
        },
        "MAE": {
            "Temperature": 0.7560327902538485,
            "Precipitation_accumulated": 6.19535901669531,
            "Humidity": 3.176319880581509,
            "Wind_Speed_kmh": 0.18264532418495272,
            "Soil_Moisture": 142.4152364388386,
            "Soil_Temperature": 1.105890096426301,
            "Wind_Dir_Sin": 0.21097168632251528,
            "Wind_Dir_Cos": 0.2535860701551809
        },
        "R2": {
            "Temperature": 0.6815431169913566,
            "Precipitation_accumulated": -66.50490974552353,
            "Humidity": 0.7518288248800424,
            "Wind_Speed_kmh": 0.4548068836750664,
            "Soil_Moisture": 0.8526717906264986,
            "Soil_Temperature": 0.554873508029673,
            "Wind_Dir_Sin": 0.3376926688536238,
            "Wind_Dir_Cos": 0.5275216716327464
        },
        "SMAPE": {
            "Temperature": 13.138460296477158,
            "Precipitation_accumulated": 1.3571202185381366,
            "Humidity": 3.799581718220642,
            "Wind_Speed_kmh": 164.61002751122157,
            "Soil_Moisture": 2.222553129157264,
            "Soil_Temperature": 23.737991753656864,
            "Wind_Dir_Sin": 157.1394145950747,
            "Wind_Dir_Cos": 50.98210762997595
        }
    }
}