{
    "trial_number": 29,
    "input_chunk_length": 41,
    "output_chunk_length": 33,
    "num_filters": 15,
    "kernel_size": 5,
    "num_layers": 2,
    "dilation_base": 4,
    "weight_norm": true,
    "dropout": 0.17080815442005975,
    "batch_size": 54,
    "lr": 0.00012855677431167169,
    "forecast_horizon": 9,
    "overall_smape_val": 55.18340427857517,
    "metrics": {
        "MSE": {
            "Temperature": 2.177370525976787,
            "Precipitation_accumulated": 601.0170429919424,
            "Humidity": 37.9830461225113,
            "Wind_Speed_kmh": 0.22049626572999773,
            "Soil_Moisture": 227430.7445512255,
            "Soil_Temperature": 3.576337292804025,
            "Wind_Dir_Sin": 0.15377621563090385,
            "Wind_Dir_Cos": 0.1648165822668181
        },
        "RMSE": {
            "Temperature": 1.4755915850860586,
            "Precipitation_accumulated": 24.515648940869227,
            "Humidity": 6.163038708503403,
            "Wind_Speed_kmh": 0.46957029902880115,
            "Soil_Moisture": 476.89699574564895,
            "Soil_Temperature": 1.8911206446982765,
            "Wind_Dir_Sin": 0.3921431060606623,
            "Wind_Dir_Cos": 0.4059760858311954
        },
        "MAE": {
            "Temperature": 1.2124810625467355,
            "Precipitation_accumulated": 15.471588604076441,
            "Humidity": 4.984759025333308,
            "Wind_Speed_kmh": 0.21902527949999767,
            "Soil_Moisture": 241.9462596386786,
            "Soil_Temperature": 1.3325285182582158,
            "Wind_Dir_Sin": 0.23810619718981782,
            "Wind_Dir_Cos": 0.2719381009556916
        },
        "R2": {
            "Temperature": 0.3586940374589289,
            "Precipitation_accumulated": -631.5048076023578,
            "Humidity": 0.4163661764543325,
            "Wind_Speed_kmh": 0.35523030043989545,
            "Soil_Moisture": 0.6940683141179049,
            "Soil_Temperature": 0.36133884529551785,
            "Wind_Dir_Sin": 0.047027700285331986,
            "Wind_Dir_Cos": 0.42816476386550006
        },
        "SMAPE": {
            "Temperature": 20.033197778513674,
            "Precipitation_accumulated": 3.4830481000031983,
            "Humidity": 5.917564070799686,
            "Wind_Speed_kmh": 166.52855281590715,
            "Soil_Moisture": 3.748510743355912,
            "Soil_Temperature": 26.018641862232283,
            "Wind_Dir_Sin": 164.1237296865853,
            "Wind_Dir_Cos": 51.61398917120418
        }
    }
}