{
    "trial_number": 245,
    "input_chunk_length": 56,
    "output_chunk_length": 25,
    "num_filters": 38,
    "kernel_size": 6,
    "num_layers": 2,
    "dilation_base": 4,
    "weight_norm": true,
    "dropout": 0.24995232556122995,
    "batch_size": 19,
    "lr": 0.005067164043096721,
    "forecast_horizon": 17,
    "overall_smape_val": 53.5690372025119,
    "metrics": {
        "MSE": {
            "Temperature": 1.1137020591849123,
            "Precipitation_accumulated": 23.234889645368405,
            "Humidity": 17.345979567695487,
            "Wind_Speed_kmh": 0.21402388084105195,
            "Soil_Moisture": 167383.08259403292,
            "Soil_Temperature": 1.6673177127733085,
            "Wind_Dir_Sin": 0.10782686598920156,
            "Wind_Dir_Cos": 0.13272012181879234
        },
        "RMSE": {
            "Temperature": 1.0553208323466907,
            "Precipitation_accumulated": 4.820258255049039,
            "Humidity": 4.164850485635167,
            "Wind_Speed_kmh": 0.4626271509985681,
            "Soil_Moisture": 409.12477631406404,
            "Soil_Temperature": 1.2912465731893767,
            "Wind_Dir_Sin": 0.32837001383987785,
            "Wind_Dir_Cos": 0.36430772956223745
        },
        "MAE": {
            "Temperature": 0.7434318948692199,
            "Precipitation_accumulated": 3.7744862132792667,
            "Humidity": 3.033772489227456,
            "Wind_Speed_kmh": 0.2758994258494779,
            "Soil_Moisture": 166.30009778988568,
            "Soil_Temperature": 1.0267053907928552,
            "Wind_Dir_Sin": 0.20555416891298744,
            "Wind_Dir_Cos": 0.24457604103786
        },
        "R2": {
            "Temperature": 0.6708809123493245,
            "Precipitation_accumulated": -23.42161551517218,
            "Humidity": 0.7336399144571765,
            "Wind_Speed_kmh": 0.3776637143436452,
            "Soil_Moisture": 0.7760442790533957,
            "Soil_Temperature": 0.7015630787544349,
            "Wind_Dir_Sin": 0.33532762819574524,
            "Wind_Dir_Cos": 0.5415952344457275
        },
        "SMAPE": {
            "Temperature": 13.171772289850509,
            "Precipitation_accumulated": 0.8219225274430568,
            "Humidity": 3.6132520897789115,
            "Wind_Speed_kmh": 171.77431130598072,
            "Soil_Moisture": 2.630728044974174,
            "Soil_Temperature": 28.039436067858286,
            "Wind_Dir_Sin": 159.00019904752668,
            "Wind_Dir_Cos": 49.5006762466829
        }
    }
}