{
    "trial_number": 145,
    "input_chunk_length": 55,
    "output_chunk_length": 25,
    "num_filters": 89,
    "kernel_size": 6,
    "num_layers": 2,
    "dilation_base": 4,
    "weight_norm": true,
    "dropout": 0.2203320044441325,
    "batch_size": 19,
    "lr": 0.003523608579264147,
    "forecast_horizon": 5,
    "overall_smape_val": 52.54172857666349,
    "metrics": {
        "MSE": {
            "Temperature": 1.242529601499817,
            "Precipitation_accumulated": 72.76078441664409,
            "Humidity": 12.543934338742604,
            "Wind_Speed_kmh": 0.1559234997283624,
            "Soil_Moisture": 80995.57099568659,
            "Soil_Temperature": 0.7283458664496456,
            "Wind_Dir_Sin": 0.10204187233058262,
            "Wind_Dir_Cos": 0.13802732634365306
        },
        "RMSE": {
            "Temperature": 1.1146881184886726,
            "Precipitation_accumulated": 8.529993224888521,
            "Humidity": 3.5417417097725528,
            "Wind_Speed_kmh": 0.3948714977411796,
            "Soil_Moisture": 284.5972083413444,
            "Soil_Temperature": 0.8534318171064667,
            "Wind_Dir_Sin": 0.3194399354034849,
            "Wind_Dir_Cos": 0.37152029062172776
        },
        "MAE": {
            "Temperature": 0.8261328499983561,
            "Precipitation_accumulated": 7.160359473960292,
            "Humidity": 2.594282722793914,
            "Wind_Speed_kmh": 0.16815902287293388,
            "Soil_Moisture": 146.7755634202489,
            "Soil_Temperature": 0.6296697244794126,
            "Wind_Dir_Sin": 0.1933311447992059,
            "Wind_Dir_Cos": 0.30280230109698913
        },
        "R2": {
            "Temperature": 0.6345459194940866,
            "Precipitation_accumulated": -75.62195943691809,
            "Humidity": 0.8071350912898534,
            "Wind_Speed_kmh": 0.5427748176910382,
            "Soil_Moisture": 0.8907571671247073,
            "Soil_Temperature": 0.8700927897679329,
            "Wind_Dir_Sin": 0.36595461714002964,
            "Wind_Dir_Cos": 0.520032983092889
        },
        "SMAPE": {
            "Temperature": 13.917283800063514,
            "Precipitation_accumulated": 1.5724215634015903,
            "Humidity": 3.0719387230620407,
            "Wind_Speed_kmh": 166.51206796665193,
            "Soil_Moisture": 2.3145505581042918,
            "Soil_Temperature": 18.86718400098446,
            "Wind_Dir_Sin": 157.09641882565572,
            "Wind_Dir_Cos": 56.98196317538426
        }
    }
}