{
    "trial_number": 30,
    "input_chunk_length": 80,
    "output_chunk_length": 62,
    "num_filters": 20,
    "kernel_size": 7,
    "num_layers": 1,
    "dilation_base": 3,
    "weight_norm": false,
    "dropout": 0.261635859757439,
    "batch_size": 58,
    "lr": 9.768423811609925e-05,
    "forecast_horizon": 4,
    "overall_smape_val": 60.19819757577277,
    "metrics": {
        "MSE": {
            "Temperature": 5.42131432506946,
            "Precipitation_accumulated": 1213.4917508314845,
            "Humidity": 52.729693451301806,
            "Wind_Speed_kmh": 0.42146691642422024,
            "Soil_Moisture": 413839.13807357795,
            "Soil_Temperature": 4.209400236098979,
            "Wind_Dir_Sin": 0.17018657986926988,
            "Wind_Dir_Cos": 0.16653707172767393
        },
        "RMSE": {
            "Temperature": 2.328371603732845,
            "Precipitation_accumulated": 34.83520849415839,
            "Humidity": 7.261521428137619,
            "Wind_Speed_kmh": 0.6492048339501334,
            "Soil_Moisture": 643.3033017741926,
            "Soil_Temperature": 2.0516822941427795,
            "Wind_Dir_Sin": 0.4125367618398024,
            "Wind_Dir_Cos": 0.4080895388608656
        },
        "MAE": {
            "Temperature": 1.8683058747544068,
            "Precipitation_accumulated": 22.087020478213766,
            "Humidity": 5.161390105034715,
            "Wind_Speed_kmh": 0.40460891983639397,
            "Soil_Moisture": 414.0549383425981,
            "Soil_Temperature": 1.4307021646228724,
            "Wind_Dir_Sin": 0.24443750433464267,
            "Wind_Dir_Cos": 0.3097481785353517
        },
        "R2": {
            "Temperature": -0.5939023628686517,
            "Precipitation_accumulated": -1277.0950552887332,
            "Humidity": 0.1891998651389306,
            "Wind_Speed_kmh": -0.23675971412087304,
            "Soil_Moisture": 0.44146511664337007,
            "Soil_Temperature": 0.24946365195389253,
            "Wind_Dir_Sin": -0.05816765703181015,
            "Wind_Dir_Cos": 0.4205698926385424
        },
        "SMAPE": {
            "Temperature": 32.42708492713793,
            "Precipitation_accumulated": 5.136497955092374,
            "Humidity": 6.147647168891996,
            "Wind_Speed_kmh": 176.68409237827316,
            "Soil_Moisture": 6.4707325597080265,
            "Soil_Temperature": 29.030730748254385,
            "Wind_Dir_Sin": 167.86153331993597,
            "Wind_Dir_Cos": 57.827261548888565
        }
    }
}