{
    "trial_number": 206,
    "input_chunk_length": 34,
    "output_chunk_length": 20,
    "num_filters": 103,
    "kernel_size": 6,
    "num_layers": 2,
    "dilation_base": 3,
    "weight_norm": true,
    "dropout": 0.21648592298030395,
    "batch_size": 26,
    "lr": 0.0061492872290502655,
    "forecast_horizon": 19,
    "overall_smape_val": 55.45459349183662,
    "metrics": {
        "MSE": {
            "Temperature": 2.1311493950752585,
            "Precipitation_accumulated": 21.96890900539969,
            "Humidity": 18.95394896043705,
            "Wind_Speed_kmh": 0.22470417067525048,
            "Soil_Moisture": 160236.00481784088,
            "Soil_Temperature": 4.0332777337288395,
            "Wind_Dir_Sin": 0.1261928525022142,
            "Wind_Dir_Cos": 0.14490685774056594
        },
        "RMSE": {
            "Temperature": 1.459845675088726,
            "Precipitation_accumulated": 4.687100276866252,
            "Humidity": 4.353613322337785,
            "Wind_Speed_kmh": 0.47402971497074997,
            "Soil_Moisture": 400.2948973167668,
            "Soil_Temperature": 2.008302201793555,
            "Wind_Dir_Sin": 0.3552363333081432,
            "Wind_Dir_Cos": 0.38066633386808185
        },
        "MAE": {
            "Temperature": 1.1531286366654632,
            "Precipitation_accumulated": 3.629762004602896,
            "Humidity": 3.0252925376945763,
            "Wind_Speed_kmh": 0.22936366418913295,
            "Soil_Moisture": 141.46255335556785,
            "Soil_Temperature": 1.5052258333255377,
            "Wind_Dir_Sin": 0.21449482923718613,
            "Wind_Dir_Cos": 0.23873555803998137
        },
        "R2": {
            "Temperature": 0.36931777201623284,
            "Precipitation_accumulated": -22.0839176652224,
            "Humidity": 0.7089349066628634,
            "Wind_Speed_kmh": 0.34752815312130014,
            "Soil_Moisture": 0.7858893921527983,
            "Soil_Temperature": 0.2775219320099489,
            "Wind_Dir_Sin": 0.22315220700004534,
            "Wind_Dir_Cos": 0.5000681252415966
        },
        "SMAPE": {
            "Temperature": 18.85378095111943,
            "Precipitation_accumulated": 0.7937456950738072,
            "Humidity": 3.5781040023801944,
            "Wind_Speed_kmh": 175.30014124822907,
            "Soil_Moisture": 2.198537471349431,
            "Soil_Temperature": 28.296926841793567,
            "Wind_Dir_Sin": 164.88544729014848,
            "Wind_Dir_Cos": 49.73006443459878
        }
    }
}