{
    "trial_number": 149,
    "input_chunk_length": 56,
    "output_chunk_length": 25,
    "num_filters": 105,
    "kernel_size": 6,
    "num_layers": 2,
    "dilation_base": 2,
    "weight_norm": true,
    "dropout": 0.2699029638097886,
    "batch_size": 41,
    "lr": 0.0021729040828980957,
    "forecast_horizon": 18,
    "overall_smape_val": 50.11289561199366,
    "metrics": {
        "MSE": {
            "Temperature": 0.7884270177160502,
            "Precipitation_accumulated": 35.2969068047685,
            "Humidity": 10.656082803857828,
            "Wind_Speed_kmh": 0.15002150922150134,
            "Soil_Moisture": 72889.6233373745,
            "Soil_Temperature": 0.5897654103300382,
            "Wind_Dir_Sin": 0.09483803413700786,
            "Wind_Dir_Cos": 0.11089372021357267
        },
        "RMSE": {
            "Temperature": 0.8879341291537622,
            "Precipitation_accumulated": 5.941119995823052,
            "Humidity": 3.2643656051150014,
            "Wind_Speed_kmh": 0.3873261019109109,
            "Soil_Moisture": 269.98078327424435,
            "Soil_Temperature": 0.7679618547363132,
            "Wind_Dir_Sin": 0.30795784474016547,
            "Wind_Dir_Cos": 0.33300708733234596
        },
        "MAE": {
            "Temperature": 0.6259397687980837,
            "Precipitation_accumulated": 4.267728952792569,
            "Humidity": 2.348952869549401,
            "Wind_Speed_kmh": 0.17411992355671094,
            "Soil_Moisture": 138.03789054203767,
            "Soil_Temperature": 0.5389750079872054,
            "Wind_Dir_Sin": 0.1884908563317445,
            "Wind_Dir_Cos": 0.21724108955744173
        },
        "R2": {
            "Temperature": 0.7668344678087609,
            "Precipitation_accumulated": -36.09401931007003,
            "Humidity": 0.8363700519546895,
            "Wind_Speed_kmh": 0.5640763783251033,
            "Soil_Moisture": 0.9025393310892914,
            "Soil_Temperature": 0.89439460014403,
            "Wind_Dir_Sin": 0.4157838645836186,
            "Wind_Dir_Cos": 0.6171980635145218
        },
        "SMAPE": {
            "Temperature": 10.830865047874992,
            "Precipitation_accumulated": 0.9279729720474806,
            "Humidity": 2.7715236500400033,
            "Wind_Speed_kmh": 163.22312081001206,
            "Soil_Moisture": 2.160425558760927,
            "Soil_Temperature": 16.371428379769142,
            "Wind_Dir_Sin": 156.12486916129242,
            "Wind_Dir_Cos": 48.492959316152266
        }
    }
}