{
    "trial_number": 3,
    "input_chunk_length": 32,
    "output_chunk_length": 14,
    "num_filters": 32,
    "kernel_size": 5,
    "num_layers": 1,
    "dilation_base": 2,
    "weight_norm": false,
    "dropout": 0.08172557769195127,
    "batch_size": 54,
    "lr": 5.136256439829489e-05,
    "forecast_horizon": 9,
    "overall_smape_val": 57.37635397238362,
    "metrics": {
        "MSE": {
            "Temperature": 2.979451475094322,
            "Precipitation_accumulated": 648.258986692124,
            "Humidity": 36.601097016304664,
            "Wind_Speed_kmh": 0.19156945651842097,
            "Soil_Moisture": 163281.63522685546,
            "Soil_Temperature": 4.830312405922793,
            "Wind_Dir_Sin": 0.12646943436016717,
            "Wind_Dir_Cos": 0.14377933485007474
        },
        "RMSE": {
            "Temperature": 1.726108766878357,
            "Precipitation_accumulated": 25.46093059360015,
            "Humidity": 6.0498840498231585,
            "Wind_Speed_kmh": 0.43768648199187166,
            "Soil_Moisture": 404.08122355147293,
            "Soil_Temperature": 2.197797171242786,
            "Wind_Dir_Sin": 0.355625412984178,
            "Wind_Dir_Cos": 0.37918245588380634
        },
        "MAE": {
            "Temperature": 1.322640059614395,
            "Precipitation_accumulated": 17.57459088141823,
            "Humidity": 4.432939042432474,
            "Wind_Speed_kmh": 0.24760230356008212,
            "Soil_Moisture": 220.66236309375262,
            "Soil_Temperature": 1.6701764578946001,
            "Wind_Dir_Sin": 0.204374165763456,
            "Wind_Dir_Cos": 0.29705991795561004
        },
        "R2": {
            "Temperature": 0.12245528572928388,
            "Precipitation_accumulated": -681.2217945984245,
            "Humidity": 0.43760070930879147,
            "Wind_Speed_kmh": 0.43981735692737134,
            "Soil_Moisture": 0.7803593967161024,
            "Soil_Temperature": 0.13740437599181343,
            "Wind_Dir_Sin": 0.2162515691301684,
            "Wind_Dir_Cos": 0.5011540176087823
        },
        "SMAPE": {
            "Temperature": 23.28338118335507,
            "Precipitation_accumulated": 3.951515625184258,
            "Humidity": 5.3242423870811235,
            "Wind_Speed_kmh": 166.54465976497585,
            "Soil_Moisture": 3.4095150277081334,
            "Soil_Temperature": 33.99182996946912,
            "Wind_Dir_Sin": 162.135053691709,
            "Wind_Dir_Cos": 60.37063412958632
        }
    }
}