{
    "trial_number": 21,
    "input_chunk_length": 38,
    "output_chunk_length": 24,
    "num_filters": 31,
    "kernel_size": 6,
    "num_layers": 3,
    "dilation_base": 3,
    "weight_norm": false,
    "dropout": 0.2106315106881216,
    "batch_size": 45,
    "lr": 0.0009263134470544589,
    "forecast_horizon": 8,
    "overall_smape_val": 49.18496262764757,
    "metrics": {
        "MSE": {
            "Temperature": 0.8962441976380744,
            "Precipitation_accumulated": 52.267243438174155,
            "Humidity": 10.093770203730646,
            "Wind_Speed_kmh": 0.14919470083265995,
            "Soil_Moisture": 72342.23399595903,
            "Soil_Temperature": 0.6399956237753228,
            "Wind_Dir_Sin": 0.08816188950646163,
            "Wind_Dir_Cos": 0.10147777818913782
        },
        "RMSE": {
            "Temperature": 0.9467017469288173,
            "Precipitation_accumulated": 7.229608802568377,
            "Humidity": 3.1770694364037193,
            "Wind_Speed_kmh": 0.3862572987435447,
            "Soil_Moisture": 268.9651166898024,
            "Soil_Temperature": 0.7999972648549011,
            "Wind_Dir_Sin": 0.29692067881247614,
            "Wind_Dir_Cos": 0.3185557693546576
        },
        "MAE": {
            "Temperature": 0.6724531593863395,
            "Precipitation_accumulated": 4.9741533561225255,
            "Humidity": 2.3115398728944982,
            "Wind_Speed_kmh": 0.16292976969794865,
            "Soil_Moisture": 131.74885530227988,
            "Soil_Temperature": 0.5248043638512753,
            "Wind_Dir_Sin": 0.1733497792660003,
            "Wind_Dir_Cos": 0.19400003003111044
        },
        "R2": {
            "Temperature": 0.7361141246931404,
            "Precipitation_accumulated": -54.01433974563826,
            "Humidity": 0.8448792816290438,
            "Wind_Speed_kmh": 0.5634229613249486,
            "Soil_Moisture": 0.9026228398597985,
            "Soil_Temperature": 0.8857443613994567,
            "Wind_Dir_Sin": 0.45328627478685746,
            "Wind_Dir_Cos": 0.6477222665377986
        },
        "SMAPE": {
            "Temperature": 11.789122956392763,
            "Precipitation_accumulated": 1.0898353874452396,
            "Humidity": 2.736925898688344,
            "Wind_Speed_kmh": 160.67866474252094,
            "Soil_Moisture": 2.083093764093735,
            "Soil_Temperature": 17.539362660260867,
            "Wind_Dir_Sin": 154.17392872188938,
            "Wind_Dir_Cos": 43.38876688988942
        }
    }
}