{
    "trial_number": 0,
    "input_chunk_length": 73,
    "output_chunk_length": 64,
    "num_filters": 12,
    "kernel_size": 4,
    "num_layers": 6,
    "dilation_base": 2,
    "weight_norm": true,
    "dropout": 0.26087966071198904,
    "batch_size": 57,
    "lr": 0.00011280098108246725,
    "forecast_horizon": 16,
    "overall_smape_val": 57.73890158109293,
    "metrics": {
        "MSE": {
            "Temperature": 2.3756891913615235,
            "Precipitation_accumulated": 1691.1102853396092,
            "Humidity": 35.25194019608887,
            "Wind_Speed_kmh": 0.22786331832865542,
            "Soil_Moisture": 266869.31352217245,
            "Soil_Temperature": 5.96918693982612,
            "Wind_Dir_Sin": 0.15119025150290802,
            "Wind_Dir_Cos": 0.18366473945890754
        },
        "RMSE": {
            "Temperature": 1.5413270877271714,
            "Precipitation_accumulated": 41.12311132854139,
            "Humidity": 5.937334435257026,
            "Wind_Speed_kmh": 0.47735030986546495,
            "Soil_Moisture": 516.5939542059822,
            "Soil_Temperature": 2.4431919572203324,
            "Wind_Dir_Sin": 0.38883190648776245,
            "Wind_Dir_Cos": 0.42856124353341557
        },
        "MAE": {
            "Temperature": 1.2446853215182652,
            "Precipitation_accumulated": 22.7138187548946,
            "Humidity": 4.694696825452011,
            "Wind_Speed_kmh": 0.24300039828863265,
            "Soil_Moisture": 283.415867060529,
            "Soil_Temperature": 1.8904243392651117,
            "Wind_Dir_Sin": 0.25056009059634343,
            "Wind_Dir_Cos": 0.29962274429237584
        },
        "R2": {
            "Temperature": 0.29878476266051424,
            "Precipitation_accumulated": -1776.7576088052272,
            "Humidity": 0.4588237757708389,
            "Wind_Speed_kmh": 0.33695483953457905,
            "Soil_Moisture": 0.6426972632085381,
            "Soil_Temperature": -0.06799633444787845,
            "Wind_Dir_Sin": 0.06740326964253751,
            "Wind_Dir_Cos": 0.36527849375358423
        },
        "SMAPE": {
            "Temperature": 20.453121713940842,
            "Precipitation_accumulated": 5.348453234082263,
            "Humidity": 5.553659516994007,
            "Wind_Speed_kmh": 170.33224862633782,
            "Soil_Moisture": 4.347186492497589,
            "Soil_Temperature": 35.27356257279303,
            "Wind_Dir_Sin": 166.79806311464563,
            "Wind_Dir_Cos": 53.804917377452256
        }
    }
}