{
    "trial_number": 20,
    "input_chunk_length": 69,
    "output_chunk_length": 51,
    "num_filters": 88,
    "kernel_size": 8,
    "num_layers": 5,
    "dilation_base": 1,
    "weight_norm": false,
    "dropout": 0.12293904438824503,
    "batch_size": 42,
    "lr": 0.004043053337003291,
    "forecast_horizon": 14,
    "overall_smape_val": 57.542575431382026,
    "metrics": {
        "MSE": {
            "Temperature": 2.0209388200184657,
            "Precipitation_accumulated": 391.4678821942816,
            "Humidity": 23.682460369931647,
            "Wind_Speed_kmh": 0.18911746853082023,
            "Soil_Moisture": 208695.7397351384,
            "Soil_Temperature": 3.346601068307217,
            "Wind_Dir_Sin": 0.1293329781747844,
            "Wind_Dir_Cos": 0.15321042161461557
        },
        "RMSE": {
            "Temperature": 1.4215972777191386,
            "Precipitation_accumulated": 19.785547305906945,
            "Humidity": 4.866462819125576,
            "Wind_Speed_kmh": 0.43487638304559634,
            "Soil_Moisture": 456.8322884113364,
            "Soil_Temperature": 1.8293717687521083,
            "Wind_Dir_Sin": 0.35962894512926014,
            "Wind_Dir_Cos": 0.39142102857998773
        },
        "MAE": {
            "Temperature": 1.1543243811958734,
            "Precipitation_accumulated": 14.09131363974322,
            "Humidity": 3.7117798433598965,
            "Wind_Speed_kmh": 0.23211671255139252,
            "Soil_Moisture": 278.76719326972983,
            "Soil_Temperature": 1.552502840744615,
            "Wind_Dir_Sin": 0.2757318550151842,
            "Wind_Dir_Cos": 0.29557569136407236
        },
        "R2": {
            "Temperature": 0.40422089178254517,
            "Precipitation_accumulated": -410.6530658414845,
            "Humidity": 0.6363987021295832,
            "Wind_Speed_kmh": 0.44892424167297784,
            "Soil_Moisture": 0.7202085046406903,
            "Soil_Temperature": 0.40156267701831105,
            "Wind_Dir_Sin": 0.2011638110483095,
            "Wind_Dir_Cos": 0.46992714047035644
        },
        "SMAPE": {
            "Temperature": 21.170479764176786,
            "Precipitation_accumulated": 3.0903753467220434,
            "Humidity": 4.394272309786494,
            "Wind_Speed_kmh": 172.10831163718765,
            "Soil_Moisture": 4.3500272739994,
            "Soil_Temperature": 35.67068168610129,
            "Wind_Dir_Sin": 161.78597477373629,
            "Wind_Dir_Cos": 57.77048065934613
        }
    }
}