{
    "trial_number": 231,
    "input_chunk_length": 57,
    "output_chunk_length": 24,
    "num_filters": 53,
    "kernel_size": 4,
    "num_layers": 5,
    "dilation_base": 4,
    "weight_norm": true,
    "dropout": 0.2321900424161073,
    "batch_size": 37,
    "lr": 0.004102195279231927,
    "forecast_horizon": 16,
    "overall_smape_val": 51.850554001898445,
    "metrics": {
        "MSE": {
            "Temperature": 1.169363685474488,
            "Precipitation_accumulated": 87.02406558004517,
            "Humidity": 14.756830164623144,
            "Wind_Speed_kmh": 0.20288368163597423,
            "Soil_Moisture": 168110.72911489764,
            "Soil_Temperature": 0.9346687595283089,
            "Wind_Dir_Sin": 0.10794200897165523,
            "Wind_Dir_Cos": 0.12896478460399444
        },
        "RMSE": {
            "Temperature": 1.0813712061426863,
            "Precipitation_accumulated": 9.328669014390272,
            "Humidity": 3.8414619827122,
            "Wind_Speed_kmh": 0.4504261111835927,
            "Soil_Moisture": 410.01308407768846,
            "Soil_Temperature": 0.9667826847478749,
            "Wind_Dir_Sin": 0.32854529211610267,
            "Wind_Dir_Cos": 0.3591166726900805
        },
        "MAE": {
            "Temperature": 0.7870689251253707,
            "Precipitation_accumulated": 7.871515014159472,
            "Humidity": 2.5846964067228333,
            "Wind_Speed_kmh": 0.17975643790491277,
            "Soil_Moisture": 164.3333365531821,
            "Soil_Temperature": 0.6199393108575318,
            "Wind_Dir_Sin": 0.23179247955873902,
            "Wind_Dir_Cos": 0.25127163709024913
        },
        "R2": {
            "Temperature": 0.6548472598066436,
            "Precipitation_accumulated": -90.48291277941223,
            "Humidity": 0.7734579831447752,
            "Wind_Speed_kmh": 0.4096415156558222,
            "Soil_Moisture": 0.7749219541055609,
            "Soil_Temperature": 0.8327707241937614,
            "Wind_Dir_Sin": 0.3341742365363728,
            "Wind_Dir_Cos": 0.5543144395720756
        },
        "SMAPE": {
            "Temperature": 13.335408667864591,
            "Precipitation_accumulated": 1.7276190161162968,
            "Humidity": 3.0608161323883682,
            "Wind_Speed_kmh": 165.46313400142787,
            "Soil_Moisture": 2.544907765964746,
            "Soil_Temperature": 17.677020907056754,
            "Wind_Dir_Sin": 159.43905663834832,
            "Wind_Dir_Cos": 51.55646888602049
        }
    }
}