{
    "trial_number": 84,
    "input_chunk_length": 27,
    "output_chunk_length": 1,
    "num_filters": 49,
    "kernel_size": 8,
    "num_layers": 3,
    "dilation_base": 4,
    "weight_norm": true,
    "dropout": 0.10610066138615427,
    "batch_size": 103,
    "lr": 0.004829879409180696,
    "loss_function": "smoothl1",
    "optimizer": "AdamW",
    "overall_mae_val": 0.08593994574543275,
    "metrics": {
        "MSE": {
            "Temperature": 2.167372187689848,
            "Precipitation_accumulated": 139.88843558015066,
            "Humidity": 14.600532266912792,
            "Wind_Speed_kmh": 0.5059078738840314,
            "Soil_Moisture": 11809.455387470478,
            "Soil_Temperature": 2.45556059892722,
            "Wind_Dir_Sin": 0.3789260996842879,
            "Wind_Dir_Cos": 0.3059489734543367
        },
        "RMSE": {
            "Temperature": 1.4721997784573424,
            "Precipitation_accumulated": 11.827444169394782,
            "Humidity": 3.821064284582607,
            "Wind_Speed_kmh": 0.7112720111771806,
            "Soil_Moisture": 108.671318145454,
            "Soil_Temperature": 1.5670228456940951,
            "Wind_Dir_Sin": 0.6155697358417549,
            "Wind_Dir_Cos": 0.5531265437983759
        },
        "MAE": {
            "Temperature": 1.156699987052006,
            "Precipitation_accumulated": 10.466111839971283,
            "Humidity": 3.0444378511935297,
            "Wind_Speed_kmh": 0.5310061777785693,
            "Soil_Moisture": 91.22299718722714,
            "Soil_Temperature": 1.2790230904523405,
            "Wind_Dir_Sin": 0.514619246053274,
            "Wind_Dir_Cos": 0.4500265093043743
        },
        "R2": {
            "Temperature": 0.928896102236649,
            "Precipitation_accumulated": -39.6348704648801,
            "Humidity": 0.9003742759592194,
            "Wind_Speed_kmh": 0.6256401147623916,
            "Soil_Moisture": 0.7949818798920132,
            "Soil_Temperature": 0.8479217280149016,
            "Wind_Dir_Sin": 0.3112139862100898,
            "Wind_Dir_Cos": 0.16712361525286468
        },
        "SMAPE": {
            "Temperature": 22.815255320470246,
            "Precipitation_accumulated": 2.2829056795686276,
            "Humidity": 3.5933536489966103,
            "Wind_Speed_kmh": 56.23294980922849,
            "Soil_Moisture": 1.0659836242852028,
            "Soil_Temperature": 33.8013964048722,
            "Wind_Dir_Sin": 103.47435802889713,
            "Wind_Dir_Cos": 109.46832714961278
        }
    }
}