{
    "trial_number": 86,
    "input_chunk_length": 30,
    "output_chunk_length": 1,
    "num_filters": 50,
    "kernel_size": 8,
    "num_layers": 3,
    "dilation_base": 4,
    "weight_norm": true,
    "dropout": 0.10010492629300274,
    "batch_size": 103,
    "lr": 0.004211108311309934,
    "loss_function": "smoothl1",
    "optimizer": "Adam",
    "overall_mae_val": 0.09024517220049902,
    "metrics": {
        "MSE": {
            "Temperature": 3.0650359611388467,
            "Precipitation_accumulated": 209.2103016296868,
            "Humidity": 16.979426407311745,
            "Wind_Speed_kmh": 0.6554913668605101,
            "Soil_Moisture": 23591.391331204468,
            "Soil_Temperature": 1.7743294489352872,
            "Wind_Dir_Sin": 0.3647987347196181,
            "Wind_Dir_Cos": 0.3101918178232794
        },
        "RMSE": {
            "Temperature": 1.7507244103909807,
            "Precipitation_accumulated": 14.464103899989338,
            "Humidity": 4.120609955736134,
            "Wind_Speed_kmh": 0.8096242133610568,
            "Soil_Moisture": 153.59489357138298,
            "Soil_Temperature": 1.3320395823455424,
            "Wind_Dir_Sin": 0.6039857073802476,
            "Wind_Dir_Cos": 0.5569486671348441
        },
        "MAE": {
            "Temperature": 1.4460520797135128,
            "Precipitation_accumulated": 12.003005529519214,
            "Humidity": 3.4170647772852676,
            "Wind_Speed_kmh": 0.6374814526987966,
            "Soil_Moisture": 124.88842225545423,
            "Soil_Temperature": 1.1043511690128534,
            "Wind_Dir_Sin": 0.5133486693634934,
            "Wind_Dir_Cos": 0.4535144420635423
        },
        "R2": {
            "Temperature": 0.8993327219299434,
            "Precipitation_accumulated": -60.0519027575098,
            "Humidity": 0.8841162232117874,
            "Wind_Speed_kmh": 0.5141670413195221,
            "Soil_Moisture": 0.5861333970114595,
            "Soil_Temperature": 0.8898425036865746,
            "Wind_Dir_Sin": 0.3375118474925177,
            "Wind_Dir_Cos": 0.1534683116340041
        },
        "SMAPE": {
            "Temperature": 28.05579263412876,
            "Precipitation_accumulated": 2.6246748074433834,
            "Humidity": 3.9434945559762884,
            "Wind_Speed_kmh": 61.158634670064735,
            "Soil_Moisture": 1.4634093086594628,
            "Soil_Temperature": 22.04978924433267,
            "Wind_Dir_Sin": 103.71380025506954,
            "Wind_Dir_Cos": 111.71803709194165
        }
    }
}