{
    "trial_number": 2,
    "input_chunk_length": 20,
    "num_filters": 109,
    "kernel_size": 2,
    "num_layers": 6,
    "dilation_base": 4,
    "weight_norm": true,
    "dropout": 0.15531203611947797,
    "batch_size": 29,
    "lr": 0.0002474912028329941,
    "overall_smape_val": 39.99407731033253,
    "metrics": {
        "MSE": {
            "Temperature": 0.3130132033047091,
            "Precipitation_accumulated": 6.265242868171292,
            "Humidity": 1.6435309152860482,
            "Wind_Speed_kmh": 0.05580196582500815,
            "Soil_Moisture": 9297.561340558635,
            "Soil_Temperature": 0.11463740661785504,
            "Wind_Dir_Sin": 0.032683327992232926,
            "Wind_Dir_Cos": 0.031120435695571907
        },
        "RMSE": {
            "Temperature": 0.5594758290620866,
            "Precipitation_accumulated": 2.5030467171371957,
            "Humidity": 1.2820026970666045,
            "Wind_Speed_kmh": 0.23622439718413538,
            "Soil_Moisture": 96.42386292074507,
            "Soil_Temperature": 0.338581462306865,
            "Wind_Dir_Sin": 0.18078530911618046,
            "Wind_Dir_Cos": 0.17640985146972918
        },
        "MAE": {
            "Temperature": 0.32937721767957395,
            "Precipitation_accumulated": 1.804022657121064,
            "Humidity": 0.6657502350429196,
            "Wind_Speed_kmh": 0.08810249312410683,
            "Soil_Moisture": 32.93167774439766,
            "Soil_Temperature": 0.22179684441450187,
            "Wind_Dir_Sin": 0.07691100800679246,
            "Wind_Dir_Cos": 0.07288007439767394
        },
        "R2": {
            "Temperature": 0.9080548737995197,
            "Precipitation_accumulated": -5.600943254973443,
            "Humidity": 0.9747260477459628,
            "Wind_Speed_kmh": 0.836025144138368,
            "Soil_Moisture": 0.9874352213729125,
            "Soil_Temperature": 0.9795735639588621,
            "Wind_Dir_Sin": 0.7965164099679651,
            "Wind_Dir_Cos": 0.8916015386516084
        },
        "SMAPE": {
            "Temperature": 5.688000841976296,
            "Precipitation_accumulated": 0.3912665501084645,
            "Humidity": 0.8004283659169106,
            "Wind_Speed_kmh": 145.17157193778863,
            "Soil_Moisture": 0.5271891053044512,
            "Soil_Temperature": 8.990814859694403,
            "Wind_Dir_Sin": 137.5555347369168,
            "Wind_Dir_Cos": 20.82781208495434
        }
    }
}