{
    "trial_number": 3,
    "input_chunk_length": 73,
    "output_chunk_length": 70,
    "num_filters": 11,
    "kernel_size": 3,
    "num_layers": 2,
    "dilation_base": 2,
    "weight_norm": true,
    "dropout": 0.08309736333338143,
    "batch_size": 38,
    "lr": 7.250901160600218e-05,
    "forecast_horizon": 5,
    "overall_smape_val": 57.47189243618988,
    "metrics": {
        "MSE": {
            "Temperature": 1.6893613322179635,
            "Precipitation_accumulated": 1268.8177531406843,
            "Humidity": 41.179826086443285,
            "Wind_Speed_kmh": 0.32312054178116273,
            "Soil_Moisture": 385437.6820046914,
            "Soil_Temperature": 7.8123660734383344,
            "Wind_Dir_Sin": 0.14740325342263177,
            "Wind_Dir_Cos": 0.1472568928261053
        },
        "RMSE": {
            "Temperature": 1.299754335333398,
            "Precipitation_accumulated": 35.62046817688791,
            "Humidity": 6.417150932185037,
            "Wind_Speed_kmh": 0.5684369285867719,
            "Soil_Moisture": 620.836276327899,
            "Soil_Temperature": 2.7950610142603924,
            "Wind_Dir_Sin": 0.38393131341768905,
            "Wind_Dir_Cos": 0.38374065829164533
        },
        "MAE": {
            "Temperature": 0.9550579827977144,
            "Precipitation_accumulated": 24.666187854222336,
            "Humidity": 5.017350732572767,
            "Wind_Speed_kmh": 0.27748965208026527,
            "Soil_Moisture": 326.93144330474684,
            "Soil_Temperature": 1.9037990065146009,
            "Wind_Dir_Sin": 0.25112953071559896,
            "Wind_Dir_Cos": 0.2615665493286245
        },
        "R2": {
            "Temperature": 0.5031233126657613,
            "Precipitation_accumulated": -1335.1497294653695,
            "Humidity": 0.36685387659182267,
            "Wind_Speed_kmh": 0.05249145330215399,
            "Soil_Moisture": 0.4801406575512498,
            "Soil_Temperature": -0.3934076222044254,
            "Wind_Dir_Sin": 0.08409802646136755,
            "Wind_Dir_Cos": 0.48793870430566433
        },
        "SMAPE": {
            "Temperature": 16.74437880843291,
            "Precipitation_accumulated": 5.624996076011789,
            "Humidity": 5.901039813038055,
            "Wind_Speed_kmh": 177.98212143033132,
            "Soil_Moisture": 4.961415957156121,
            "Soil_Temperature": 32.75795250178858,
            "Wind_Dir_Sin": 164.053949707802,
            "Wind_Dir_Cos": 51.74928519495819
        }
    }
}