{
    "trial_number": 3,
    "input_chunk_length": 36,
    "output_chunk_length": 21,
    "num_filters": 70,
    "kernel_size": 5,
    "num_layers": 2,
    "dilation_base": 1,
    "weight_norm": false,
    "dropout": 0.11075566291197055,
    "batch_size": 80,
    "lr": 0.0036405774701015656,
    "loss_function": "smoothl1",
    "optimizer": "SGD",
    "overall_mae_val": 0.16518938740344818,
    "metrics": {
        "MSE": {
            "Temperature": 13.547953959802593,
            "Precipitation_accumulated": 15546.456545222029,
            "Humidity": 87.08555620509588,
            "Wind_Speed_kmh": 1.3478000426893955,
            "Soil_Moisture": 270879.21077456605,
            "Soil_Temperature": 18.289732446083043,
            "Wind_Dir_Sin": 0.5900742377975404,
            "Wind_Dir_Cos": 0.40436626139428083
        },
        "RMSE": {
            "Temperature": 3.680754536749577,
            "Precipitation_accumulated": 124.68543036466622,
            "Humidity": 9.331964220092996,
            "Wind_Speed_kmh": 1.160947906966284,
            "Soil_Moisture": 520.4605756198696,
            "Soil_Temperature": 4.276649675398144,
            "Wind_Dir_Sin": 0.7681628979568985,
            "Wind_Dir_Cos": 0.6358979960609098
        },
        "MAE": {
            "Temperature": 3.018599687830675,
            "Precipitation_accumulated": 115.90807627087639,
            "Humidity": 7.787640896012285,
            "Wind_Speed_kmh": 0.9084018754464379,
            "Soil_Moisture": 452.6314080570642,
            "Soil_Temperature": 3.546514136321179,
            "Wind_Dir_Sin": 0.6649177038849973,
            "Wind_Dir_Cos": 0.5492632786486834
        },
        "R2": {
            "Temperature": 0.5547716901432486,
            "Precipitation_accumulated": -4729.836807587741,
            "Humidity": 0.405660756901024,
            "Wind_Speed_kmh": -0.002169879890983051,
            "Soil_Moisture": -4.283290723532472,
            "Soil_Temperature": -0.14022251334129487,
            "Wind_Dir_Sin": -0.07073335909079259,
            "Wind_Dir_Cos": -0.10172942995428103
        },
        "SMAPE": {
            "Temperature": 43.23693116352265,
            "Precipitation_accumulated": 29.201680099329696,
            "Humidity": 9.210110434650364,
            "Wind_Speed_kmh": 75.02202609185501,
            "Soil_Moisture": 5.464277802994241,
            "Soil_Temperature": 74.12917851895868,
            "Wind_Dir_Sin": 132.59254523298694,
            "Wind_Dir_Cos": 151.21577241578473
        }
    }
}