{
    "trial_number": 28,
    "input_chunk_length": 24,
    "output_chunk_length": 12,
    "num_filters": 37,
    "kernel_size": 6,
    "num_layers": 4,
    "dilation_base": 3,
    "weight_norm": true,
    "dropout": 0.1285910193847551,
    "batch_size": 31,
    "lr": 0.009689411502937801,
    "forecast_horizon": 24,
    "overall_smape_val": 53.999486219963856,
    "metrics": {
        "MSE": {
            "Temperature": 1.585151698001176,
            "Precipitation_accumulated": 201.3110002375212,
            "Humidity": 26.7944056440383,
            "Wind_Speed_kmh": 0.22354323877829965,
            "Soil_Moisture": 195206.63825389897,
            "Soil_Temperature": 1.9199577394172407,
            "Wind_Dir_Sin": 0.11848546441304332,
            "Wind_Dir_Cos": 0.14780329020533453
        },
        "RMSE": {
            "Temperature": 1.259028076732674,
            "Precipitation_accumulated": 14.188410772088648,
            "Humidity": 5.176331291951694,
            "Wind_Speed_kmh": 0.4728035942950303,
            "Soil_Moisture": 441.8219531144859,
            "Soil_Temperature": 1.3856253964969178,
            "Wind_Dir_Sin": 0.34421717623187154,
            "Wind_Dir_Cos": 0.3844519348440511
        },
        "MAE": {
            "Temperature": 0.9519167185765085,
            "Precipitation_accumulated": 12.395819638715535,
            "Humidity": 3.8569902690374023,
            "Wind_Speed_kmh": 0.2647726549438163,
            "Soil_Moisture": 182.1084459777679,
            "Soil_Temperature": 1.0821900896964398,
            "Wind_Dir_Sin": 0.21616515150930696,
            "Wind_Dir_Cos": 0.2643421795038231
        },
        "R2": {
            "Temperature": 0.528555657509663,
            "Precipitation_accumulated": -210.36942110180192,
            "Humidity": 0.5884117835560817,
            "Wind_Speed_kmh": 0.3531883515794141,
            "Soil_Moisture": 0.7400230594655505,
            "Soil_Temperature": 0.6553419013443964,
            "Wind_Dir_Sin": 0.2730336080548863,
            "Wind_Dir_Cos": 0.49151517849167137
        },
        "SMAPE": {
            "Temperature": 16.098758712517352,
            "Precipitation_accumulated": 2.745374399246502,
            "Humidity": 4.617633410481163,
            "Wind_Speed_kmh": 167.18089366664688,
            "Soil_Moisture": 2.79875270633085,
            "Soil_Temperature": 23.53532382592704,
            "Wind_Dir_Sin": 160.73332791212863,
            "Wind_Dir_Cos": 54.28582512643227
        }
    }
}