{
    "trial_number": 85,
    "input_chunk_length": 29,
    "output_chunk_length": 1,
    "num_filters": 49,
    "kernel_size": 8,
    "num_layers": 3,
    "dilation_base": 4,
    "weight_norm": true,
    "dropout": 0.10229431455237283,
    "batch_size": 101,
    "lr": 0.004181705707112962,
    "loss_function": "smoothl1",
    "optimizer": "AdamW",
    "overall_mae_val": 0.08483495283757984,
    "metrics": {
        "MSE": {
            "Temperature": 1.8773620506790087,
            "Precipitation_accumulated": 347.69643680967215,
            "Humidity": 11.568730143049358,
            "Wind_Speed_kmh": 0.5687119663726575,
            "Soil_Moisture": 7580.675646180386,
            "Soil_Temperature": 1.912044335986707,
            "Wind_Dir_Sin": 0.3685535393376327,
            "Wind_Dir_Cos": 0.31368342730178644
        },
        "RMSE": {
            "Temperature": 1.3701686212576205,
            "Precipitation_accumulated": 18.646619983516374,
            "Humidity": 3.4012836022668496,
            "Wind_Speed_kmh": 0.7541299399789518,
            "Soil_Moisture": 87.06707555775826,
            "Soil_Temperature": 1.3827669131081735,
            "Wind_Dir_Sin": 0.6070861053735563,
            "Wind_Dir_Cos": 0.560074483708896
        },
        "MAE": {
            "Temperature": 1.0432664067816633,
            "Precipitation_accumulated": 16.507424341608225,
            "Humidity": 2.6133760820289043,
            "Wind_Speed_kmh": 0.5508387831723969,
            "Soil_Moisture": 73.75270537490422,
            "Soil_Temperature": 1.1977724291415317,
            "Wind_Dir_Sin": 0.49045933691074,
            "Wind_Dir_Cos": 0.4522061290933645
        },
        "R2": {
            "Temperature": 0.938340224326014,
            "Precipitation_accumulated": -100.3087690085626,
            "Humidity": 0.9210499090125926,
            "Wind_Speed_kmh": 0.578631065684834,
            "Soil_Moisture": 0.8675062868518806,
            "Soil_Temperature": 0.8813823642466662,
            "Wind_Dir_Sin": 0.33052599244793546,
            "Wind_Dir_Cos": 0.14451280676455092
        },
        "SMAPE": {
            "Temperature": 20.46616774543604,
            "Precipitation_accumulated": 3.6308190888324625,
            "Humidity": 3.0873405229204827,
            "Wind_Speed_kmh": 61.89647360478866,
            "Soil_Moisture": 0.8647423742497797,
            "Soil_Temperature": 28.805416353917533,
            "Wind_Dir_Sin": 97.75187772051558,
            "Wind_Dir_Cos": 109.6748072125165
        }
    }
}