{
    "trial_number": 30,
    "input_chunk_length": 27,
    "output_chunk_length": 17,
    "num_filters": 54,
    "kernel_size": 6,
    "num_layers": 3,
    "dilation_base": 3,
    "weight_norm": true,
    "dropout": 0.2884846054099668,
    "batch_size": 114,
    "lr": 0.004824609741243763,
    "loss_function": "smoothl1",
    "optimizer": "AdamW",
    "overall_mae_val": 0.128790991113101,
    "metrics": {
        "MSE": {
            "Temperature": 10.444908856137799,
            "Precipitation_accumulated": 460.1276609261937,
            "Humidity": 85.49048785639252,
            "Wind_Speed_kmh": 1.4082896010279726,
            "Soil_Moisture": 78044.48267595278,
            "Soil_Temperature": 8.022820046369919,
            "Wind_Dir_Sin": 0.5837756820298715,
            "Wind_Dir_Cos": 0.38333486541494655
        },
        "RMSE": {
            "Temperature": 3.2318584214253256,
            "Precipitation_accumulated": 21.450586493758014,
            "Humidity": 9.246106632328686,
            "Wind_Speed_kmh": 1.1867137822693274,
            "Soil_Moisture": 279.36442628930547,
            "Soil_Temperature": 2.8324583044362575,
            "Wind_Dir_Sin": 0.764052146145714,
            "Wind_Dir_Cos": 0.6191404246331736
        },
        "MAE": {
            "Temperature": 2.626735852556254,
            "Precipitation_accumulated": 19.128546109421354,
            "Humidity": 7.5894426549867555,
            "Wind_Speed_kmh": 0.9914422962394948,
            "Soil_Moisture": 219.26660365386923,
            "Soil_Temperature": 2.310924015324067,
            "Wind_Dir_Sin": 0.6764462550871706,
            "Wind_Dir_Cos": 0.5316243254415359
        },
        "R2": {
            "Temperature": 0.6580968336512061,
            "Precipitation_accumulated": -136.03560748828804,
            "Humidity": 0.41722456454220025,
            "Wind_Speed_kmh": -0.04493542987284749,
            "Soil_Moisture": -0.44577069758548427,
            "Soil_Temperature": 0.5025466744659399,
            "Wind_Dir_Sin": -0.0573922972041403,
            "Wind_Dir_Cos": -0.04646414328422943
        },
        "SMAPE": {
            "Temperature": 39.44132061084423,
            "Precipitation_accumulated": 4.223020018263732,
            "Humidity": 8.979634103318626,
            "Wind_Speed_kmh": 75.33549521903963,
            "Soil_Moisture": 2.5977720069553754,
            "Soil_Temperature": 46.00534902858163,
            "Wind_Dir_Sin": 145.26066246142182,
            "Wind_Dir_Cos": 136.37505011347665
        }
    }
}