{
    "trial_number": 43,
    "input_chunk_length": 32,
    "output_chunk_length": 13,
    "num_filters": 36,
    "kernel_size": 5,
    "num_layers": 2,
    "dilation_base": 3,
    "weight_norm": false,
    "dropout": 0.2022661095569026,
    "batch_size": 35,
    "lr": 0.0013633095788068786,
    "forecast_horizon": 8,
    "overall_smape_val": 48.271900027811256,
    "metrics": {
        "MSE": {
            "Temperature": 0.9064630814999514,
            "Precipitation_accumulated": 43.23231901325035,
            "Humidity": 11.343258824058939,
            "Wind_Speed_kmh": 0.13683954363509007,
            "Soil_Moisture": 90964.39501547567,
            "Soil_Temperature": 1.1723064825774248,
            "Wind_Dir_Sin": 0.07273406685581627,
            "Wind_Dir_Cos": 0.09837927507532189
        },
        "RMSE": {
            "Temperature": 0.9520835475418905,
            "Precipitation_accumulated": 6.57512882103844,
            "Humidity": 3.3679754785418106,
            "Wind_Speed_kmh": 0.3699182931879553,
            "Soil_Moisture": 301.60304211906697,
            "Soil_Temperature": 1.0827310296548376,
            "Wind_Dir_Sin": 0.26969254134257453,
            "Wind_Dir_Cos": 0.31365470676417706
        },
        "MAE": {
            "Temperature": 0.6839576387453218,
            "Precipitation_accumulated": 5.059605457157181,
            "Humidity": 2.341961457806075,
            "Wind_Speed_kmh": 0.16266026934123815,
            "Soil_Moisture": 134.3087423366736,
            "Soil_Temperature": 0.7337547685467921,
            "Wind_Dir_Sin": 0.15710812970955926,
            "Wind_Dir_Cos": 0.16793949146383916
        },
        "R2": {
            "Temperature": 0.7331053251721424,
            "Precipitation_accumulated": -44.50455179447388,
            "Humidity": 0.8256771828622199,
            "Wind_Speed_kmh": 0.5995769125817685,
            "Soil_Moisture": 0.8775562493553446,
            "Soil_Temperature": 0.7907132161118302,
            "Wind_Dir_Sin": 0.5489580263847385,
            "Wind_Dir_Cos": 0.6584786476247615
        },
        "SMAPE": {
            "Temperature": 11.636138507462503,
            "Precipitation_accumulated": 1.109077996926569,
            "Humidity": 2.7920232146446224,
            "Wind_Speed_kmh": 156.27106201005512,
            "Soil_Moisture": 2.0919188857326114,
            "Soil_Temperature": 18.652479960407373,
            "Wind_Dir_Sin": 152.302118370298,
            "Wind_Dir_Cos": 41.32038127696344
        }
    }
}