{
    "trial_number": 133,
    "input_chunk_length": 51,
    "output_chunk_length": 23,
    "num_filters": 80,
    "kernel_size": 7,
    "num_layers": 2,
    "dilation_base": 3,
    "weight_norm": true,
    "dropout": 0.23651755253117632,
    "batch_size": 19,
    "lr": 0.0018803485512635706,
    "forecast_horizon": 19,
    "overall_smape_val": 49.88489953215585,
    "metrics": {
        "MSE": {
            "Temperature": 0.6683239534795169,
            "Precipitation_accumulated": 46.968625802485825,
            "Humidity": 10.920031710031473,
            "Wind_Speed_kmh": 0.16978975043847264,
            "Soil_Moisture": 95936.10374115054,
            "Soil_Temperature": 0.8206410416764852,
            "Wind_Dir_Sin": 0.09561694182754824,
            "Wind_Dir_Cos": 0.12363326270885021
        },
        "RMSE": {
            "Temperature": 0.8175108277445118,
            "Precipitation_accumulated": 6.853366019882918,
            "Humidity": 3.3045471263142057,
            "Wind_Speed_kmh": 0.41205551863610884,
            "Soil_Moisture": 309.7355383890433,
            "Soil_Temperature": 0.9058924007168209,
            "Wind_Dir_Sin": 0.3092198923542084,
            "Wind_Dir_Cos": 0.35161521967749093
        },
        "MAE": {
            "Temperature": 0.544183902162568,
            "Precipitation_accumulated": 4.796637881430738,
            "Humidity": 2.3001309958772183,
            "Wind_Speed_kmh": 0.19963867494546206,
            "Soil_Moisture": 153.6385125064702,
            "Soil_Temperature": 0.6701346511853801,
            "Wind_Dir_Sin": 0.18366196325458617,
            "Wind_Dir_Cos": 0.22562090107673022
        },
        "R2": {
            "Temperature": 0.8022193840706805,
            "Precipitation_accumulated": -48.352468554844265,
            "Humidity": 0.8323072381613339,
            "Wind_Speed_kmh": 0.5069827510688669,
            "Soil_Moisture": 0.8718082274338951,
            "Soil_Temperature": 0.8529991750021074,
            "Wind_Dir_Sin": 0.4113786259738239,
            "Wind_Dir_Cos": 0.573462500172407
        },
        "SMAPE": {
            "Temperature": 9.454528036196983,
            "Precipitation_accumulated": 1.0520466477398853,
            "Humidity": 2.7345296812703976,
            "Wind_Speed_kmh": 161.19128446831263,
            "Soil_Moisture": 2.405926193565341,
            "Soil_Temperature": 18.984602834484647,
            "Wind_Dir_Sin": 155.26872411134778,
            "Wind_Dir_Cos": 47.98755428432928
        }
    }
}