{
    "trial_number": 41,
    "input_chunk_length": 24,
    "output_chunk_length": 7,
    "num_filters": 126,
    "kernel_size": 3,
    "num_layers": 3,
    "dilation_base": 4,
    "weight_norm": true,
    "dropout": 0.2569129187497019,
    "batch_size": 155,
    "lr": 0.0035034440374702553,
    "loss_function": "smoothl1",
    "optimizer": "AdamW",
    "overall_mae_val": 0.12631857190432055,
    "metrics": {
        "MSE": {
            "Temperature": 8.123346190872804,
            "Precipitation_accumulated": 369.2869781112754,
            "Humidity": 80.19440855636523,
            "Wind_Speed_kmh": 1.2971928519658622,
            "Soil_Moisture": 91388.13737558867,
            "Soil_Temperature": 9.751551834007905,
            "Wind_Dir_Sin": 0.6236531307644407,
            "Wind_Dir_Cos": 0.39827262507740135
        },
        "RMSE": {
            "Temperature": 2.8501484506728425,
            "Precipitation_accumulated": 19.21684100239359,
            "Humidity": 8.955133084235277,
            "Wind_Speed_kmh": 1.1389437439864456,
            "Soil_Moisture": 302.30470948297955,
            "Soil_Temperature": 3.1227474816270218,
            "Wind_Dir_Sin": 0.7897171207238961,
            "Wind_Dir_Cos": 0.6310884447344931
        },
        "MAE": {
            "Temperature": 2.2149029516666485,
            "Precipitation_accumulated": 16.2828937640361,
            "Humidity": 7.174826744735586,
            "Wind_Speed_kmh": 0.8826604269170968,
            "Soil_Moisture": 255.9420513498798,
            "Soil_Temperature": 2.601451982675419,
            "Wind_Dir_Sin": 0.6767736245422485,
            "Wind_Dir_Cos": 0.5362688995474733
        },
        "R2": {
            "Temperature": 0.7331988400057526,
            "Precipitation_accumulated": -106.76559520081022,
            "Humidity": 0.45267697990041256,
            "Wind_Speed_kmh": 0.03855478025867887,
            "Soil_Moisture": -0.60323303691957,
            "Soil_Temperature": 0.39458450861563676,
            "Wind_Dir_Sin": -0.1325774216930764,
            "Wind_Dir_Cos": -0.0869093843371751
        },
        "SMAPE": {
            "Temperature": 34.76940664200527,
            "Precipitation_accumulated": 3.5890654085967992,
            "Humidity": 8.431283744605697,
            "Wind_Speed_kmh": 74.62746850641945,
            "Soil_Moisture": 3.0312218691050075,
            "Soil_Temperature": 49.87776988252682,
            "Wind_Dir_Sin": 137.27519601760514,
            "Wind_Dir_Cos": 135.34082630460023
        }
    }
}