{
    "trial_number": 161,
    "input_chunk_length": 55,
    "output_chunk_length": 24,
    "num_filters": 21,
    "kernel_size": 8,
    "num_layers": 2,
    "dilation_base": 3,
    "weight_norm": true,
    "dropout": 0.25800945616870874,
    "batch_size": 16,
    "lr": 0.004642779468146066,
    "forecast_horizon": 22,
    "overall_smape_val": 54.507484464765305,
    "metrics": {
        "MSE": {
            "Temperature": 1.2860786237644153,
            "Precipitation_accumulated": 146.90536759212384,
            "Humidity": 22.557288885006884,
            "Wind_Speed_kmh": 0.18079875498664397,
            "Soil_Moisture": 135011.9601801254,
            "Soil_Temperature": 1.3732173944897133,
            "Wind_Dir_Sin": 0.11804303935187857,
            "Wind_Dir_Cos": 0.14620802906478736
        },
        "RMSE": {
            "Temperature": 1.1340540656266858,
            "Precipitation_accumulated": 12.120452449975778,
            "Humidity": 4.749451429902919,
            "Wind_Speed_kmh": 0.4252043684943088,
            "Soil_Moisture": 367.43973680064244,
            "Soil_Temperature": 1.1718435878946103,
            "Wind_Dir_Sin": 0.3435739212336678,
            "Wind_Dir_Cos": 0.3823715850645643
        },
        "MAE": {
            "Temperature": 0.7848805584573799,
            "Precipitation_accumulated": 10.566738333854367,
            "Humidity": 3.7979978046780563,
            "Wind_Speed_kmh": 0.1955245422528514,
            "Soil_Moisture": 271.2004886681685,
            "Soil_Temperature": 1.061590954537168,
            "Wind_Dir_Sin": 0.20456734126734402,
            "Wind_Dir_Cos": 0.2986467633294134
        },
        "R2": {
            "Temperature": 0.6183700352385643,
            "Precipitation_accumulated": -153.29146968871726,
            "Humidity": 0.6534046405242471,
            "Wind_Speed_kmh": 0.47612688443976314,
            "Soil_Moisture": 0.8199521480116405,
            "Soil_Temperature": 0.7537035912332664,
            "Wind_Dir_Sin": 0.27477800176401534,
            "Wind_Dir_Cos": 0.49643373498741583
        },
        "SMAPE": {
            "Temperature": 14.215271509513954,
            "Precipitation_accumulated": 2.3337327293448444,
            "Humidity": 4.594089255525353,
            "Wind_Speed_kmh": 167.05598700845093,
            "Soil_Moisture": 4.4176288692484915,
            "Soil_Temperature": 25.59555346663566,
            "Wind_Dir_Sin": 158.60632869618877,
            "Wind_Dir_Cos": 59.241284183214326
        }
    }
}