{
    "trial_number": 0,
    "input_chunk_length": 42,
    "output_chunk_length": 19,
    "num_filters": 29,
    "kernel_size": 8,
    "num_layers": 1,
    "dilation_base": 2,
    "weight_norm": false,
    "dropout": 0.10970982839711962,
    "batch_size": 256,
    "lr": 3.835126443855208e-05,
    "loss_function": "mse",
    "optimizer": "AdamW",
    "overall_mae_val": 0.25685879562761493,
    "metrics": {
        "MSE": {
            "Temperature": 22.540914028264215,
            "Precipitation_accumulated": 60279.59977550812,
            "Humidity": 388.0842675207057,
            "Wind_Speed_kmh": 1.8670393987410807,
            "Soil_Moisture": 2588765.054540171,
            "Soil_Temperature": 39.554235129549724,
            "Wind_Dir_Sin": 0.7699590576112828,
            "Wind_Dir_Cos": 0.4576191830844898
        },
        "RMSE": {
            "Temperature": 4.747727248722721,
            "Precipitation_accumulated": 245.51904157418855,
            "Humidity": 19.699854505064387,
            "Wind_Speed_kmh": 1.3663965012912909,
            "Soil_Moisture": 1608.9639693107397,
            "Soil_Temperature": 6.289215780170825,
            "Wind_Dir_Sin": 0.8774731093379915,
            "Wind_Dir_Cos": 0.6764755598574791
        },
        "MAE": {
            "Temperature": 3.846396157318468,
            "Precipitation_accumulated": 236.27408127473456,
            "Humidity": 16.70141218355471,
            "Wind_Speed_kmh": 1.1186882408655947,
            "Soil_Moisture": 1436.7224861161724,
            "Soil_Temperature": 4.970324855786677,
            "Wind_Dir_Sin": 0.7850737527090655,
            "Wind_Dir_Cos": 0.5702848698468947
        },
        "R2": {
            "Temperature": 0.2608776828530439,
            "Precipitation_accumulated": -18469.103781080627,
            "Humidity": -1.6443770011150831,
            "Wind_Speed_kmh": -0.3853365439586893,
            "Soil_Moisture": -50.54915024222536,
            "Soil_Temperature": -1.4645720842729144,
            "Wind_Dir_Sin": -0.40114308418646494,
            "Wind_Dir_Cos": -0.24446802797640643
        },
        "SMAPE": {
            "Temperature": 58.39431266325018,
            "Precipitation_accumulated": 70.61525426755156,
            "Humidity": 20.46029734477061,
            "Wind_Speed_kmh": 80.86373259737597,
            "Soil_Moisture": 18.81624484367526,
            "Soil_Temperature": 57.605196295368664,
            "Wind_Dir_Sin": 160.9323471370996,
            "Wind_Dir_Cos": 142.25358633681108
        }
    }
}