{
    "trial_number": 5,
    "input_chunk_length": 89,
    "output_chunk_length": 68,
    "num_filters": 70,
    "kernel_size": 3,
    "num_layers": 2,
    "dilation_base": 3,
    "weight_norm": true,
    "dropout": 0.08389477514588399,
    "batch_size": 57,
    "lr": 0.0005299443640985156,
    "forecast_horizon": 4,
    "overall_smape_val": 56.67567483285431,
    "metrics": {
        "MSE": {
            "Temperature": 1.815211185888927,
            "Precipitation_accumulated": 183.8355049430582,
            "Humidity": 40.801656678565806,
            "Wind_Speed_kmh": 0.2453588286907203,
            "Soil_Moisture": 296733.5344368455,
            "Soil_Temperature": 3.3595788654744903,
            "Wind_Dir_Sin": 0.15988012707404892,
            "Wind_Dir_Cos": 0.1588510093000764
        },
        "RMSE": {
            "Temperature": 1.3472977346855917,
            "Precipitation_accumulated": 13.558595242246087,
            "Humidity": 6.38761744929718,
            "Wind_Speed_kmh": 0.4953370859230311,
            "Soil_Moisture": 544.7325347699048,
            "Soil_Temperature": 1.8329154005230275,
            "Wind_Dir_Sin": 0.3998501307665772,
            "Wind_Dir_Cos": 0.39856117384923034
        },
        "MAE": {
            "Temperature": 1.0492798323279267,
            "Precipitation_accumulated": 8.171278200595916,
            "Humidity": 5.0810133384357865,
            "Wind_Speed_kmh": 0.28017600133556275,
            "Soil_Moisture": 313.9792647106431,
            "Soil_Temperature": 1.297292919691285,
            "Wind_Dir_Sin": 0.27771307759189323,
            "Wind_Dir_Cos": 0.301311700915747
        },
        "R2": {
            "Temperature": 0.46631587382513584,
            "Precipitation_accumulated": -192.6224532991148,
            "Humidity": 0.3726117757902597,
            "Wind_Speed_kmh": 0.2800148647417554,
            "Soil_Moisture": 0.5995158147289171,
            "Soil_Temperature": 0.40098686006563455,
            "Wind_Dir_Sin": 0.005914687269399921,
            "Wind_Dir_Cos": 0.4473119022788479
        },
        "SMAPE": {
            "Temperature": 17.424627003836488,
            "Precipitation_accumulated": 1.8133774603374413,
            "Humidity": 6.003675043220042,
            "Wind_Speed_kmh": 174.25582963105316,
            "Soil_Moisture": 4.88422748286673,
            "Soil_Temperature": 28.16643443935438,
            "Wind_Dir_Sin": 164.92025839480883,
            "Wind_Dir_Cos": 55.93696920735732
        }
    }
}