{
    "trial_number": 62,
    "input_chunk_length": 55,
    "output_chunk_length": 24,
    "num_filters": 114,
    "kernel_size": 6,
    "num_layers": 2,
    "dilation_base": 4,
    "weight_norm": true,
    "dropout": 0.14342086148947597,
    "batch_size": 37,
    "lr": 0.0013648004098758177,
    "forecast_horizon": 2,
    "overall_smape_val": 51.7865339915725,
    "metrics": {
        "MSE": {
            "Temperature": 0.7464241292832979,
            "Precipitation_accumulated": 70.6615509498256,
            "Humidity": 13.563306809923162,
            "Wind_Speed_kmh": 0.1735707054218217,
            "Soil_Moisture": 105856.94540046575,
            "Soil_Temperature": 0.7911684100313964,
            "Wind_Dir_Sin": 0.09357207093465279,
            "Wind_Dir_Cos": 0.12570644366601208
        },
        "RMSE": {
            "Temperature": 0.8639584071489194,
            "Precipitation_accumulated": 8.406042526053838,
            "Humidity": 3.6828395036877675,
            "Wind_Speed_kmh": 0.41661817701802417,
            "Soil_Moisture": 325.3566433937776,
            "Soil_Temperature": 0.8894764808759118,
            "Wind_Dir_Sin": 0.305895522907173,
            "Wind_Dir_Cos": 0.3545510452191787
        },
        "MAE": {
            "Temperature": 0.573082168571268,
            "Precipitation_accumulated": 6.730589320646131,
            "Humidity": 2.269538856782383,
            "Wind_Speed_kmh": 0.197730618051807,
            "Soil_Moisture": 164.8431404944836,
            "Soil_Temperature": 0.6232548264565151,
            "Wind_Dir_Sin": 0.20172777259188476,
            "Wind_Dir_Cos": 0.24823436987645942
        },
        "R2": {
            "Temperature": 0.7807438790394181,
            "Precipitation_accumulated": -73.44769467721476,
            "Humidity": 0.791425664383567,
            "Wind_Speed_kmh": 0.48996005817074917,
            "Soil_Moisture": 0.8569443065361237,
            "Soil_Temperature": 0.8590272459743693,
            "Wind_Dir_Sin": 0.41742833150160674,
            "Wind_Dir_Cos": 0.5621402859435912
        },
        "SMAPE": {
            "Temperature": 11.069075514183142,
            "Precipitation_accumulated": 1.4715948616688048,
            "Humidity": 2.6917270148403047,
            "Wind_Speed_kmh": 167.69094527750192,
            "Soil_Moisture": 2.6112935157383843,
            "Soil_Temperature": 19.690341327284347,
            "Wind_Dir_Sin": 157.21414754216997,
            "Wind_Dir_Cos": 51.85314687919299
        }
    }
}