{
    "trial_number": 34,
    "input_chunk_length": 32,
    "output_chunk_length": 16,
    "num_filters": 35,
    "kernel_size": 6,
    "num_layers": 2,
    "dilation_base": 4,
    "weight_norm": false,
    "dropout": 0.2067530708345706,
    "batch_size": 28,
    "lr": 0.0003172836322400257,
    "forecast_horizon": 9,
    "overall_smape_val": 49.248464580020496,
    "metrics": {
        "MSE": {
            "Temperature": 0.845748683482846,
            "Precipitation_accumulated": 32.18598190482927,
            "Humidity": 12.712178654638405,
            "Wind_Speed_kmh": 0.15127539844478552,
            "Soil_Moisture": 94803.31973780664,
            "Soil_Temperature": 0.5058494170475707,
            "Wind_Dir_Sin": 0.07380077175003316,
            "Wind_Dir_Cos": 0.10205473520493004
        },
        "RMSE": {
            "Temperature": 0.9196459555083392,
            "Precipitation_accumulated": 5.673269066845787,
            "Humidity": 3.5654142332467353,
            "Wind_Speed_kmh": 0.38894138175923826,
            "Soil_Moisture": 307.9014773231961,
            "Soil_Temperature": 0.7112309168248879,
            "Wind_Dir_Sin": 0.2716629745659742,
            "Wind_Dir_Cos": 0.31946006824786416
        },
        "MAE": {
            "Temperature": 0.6623389746935526,
            "Precipitation_accumulated": 4.277754298061546,
            "Humidity": 2.5941344438632354,
            "Wind_Speed_kmh": 0.1775817428687912,
            "Soil_Moisture": 127.34415522446403,
            "Soil_Temperature": 0.5247479766020474,
            "Wind_Dir_Sin": 0.15431065594398255,
            "Wind_Dir_Cos": 0.18521964093656185
        },
        "R2": {
            "Temperature": 0.7508996897597425,
            "Precipitation_accumulated": -32.872231294579,
            "Humidity": 0.8046692355881093,
            "Wind_Speed_kmh": 0.5576442399912726,
            "Soil_Moisture": 0.8724739722774204,
            "Soil_Temperature": 0.90966557504287,
            "Wind_Dir_Sin": 0.5426464951891272,
            "Wind_Dir_Cos": 0.645918555026947
        },
        "SMAPE": {
            "Temperature": 11.94610875320767,
            "Precipitation_accumulated": 0.9327748460746684,
            "Humidity": 3.0944509694055937,
            "Wind_Speed_kmh": 160.73132799510566,
            "Soil_Moisture": 2.01897946324596,
            "Soil_Temperature": 15.785206731018617,
            "Wind_Dir_Sin": 154.60436943378193,
            "Wind_Dir_Cos": 44.87449844832441
        }
    }
}