{
    "trial_number": 2,
    "input_chunk_length": 35,
    "output_chunk_length": 28,
    "num_filters": 54,
    "kernel_size": 4,
    "num_layers": 3,
    "dilation_base": 2,
    "weight_norm": false,
    "dropout": 0.03016709078914248,
    "batch_size": 64,
    "lr": 0.00010990368097576144,
    "forecast_horizon": 1,
    "overall_smape_val": 53.99188205193168,
    "metrics": {
        "MSE": {
            "Temperature": 2.500075237635861,
            "Precipitation_accumulated": 267.95815629907116,
            "Humidity": 21.723584582694087,
            "Wind_Speed_kmh": 0.19708126911683463,
            "Soil_Moisture": 180903.5557936268,
            "Soil_Temperature": 1.9068287227369132,
            "Wind_Dir_Sin": 0.11813344162861425,
            "Wind_Dir_Cos": 0.14195763226689798
        },
        "RMSE": {
            "Temperature": 1.581162622134694,
            "Precipitation_accumulated": 16.36942748843316,
            "Humidity": 4.6608566361446995,
            "Wind_Speed_kmh": 0.443938361844113,
            "Soil_Moisture": 425.32758644793637,
            "Soil_Temperature": 1.3808796916230295,
            "Wind_Dir_Sin": 0.34370545766486493,
            "Wind_Dir_Cos": 0.37677265328961707
        },
        "MAE": {
            "Temperature": 1.2549673295043702,
            "Precipitation_accumulated": 11.505765212299858,
            "Humidity": 3.5021576806653534,
            "Wind_Speed_kmh": 0.20933694738334893,
            "Soil_Moisture": 184.6883157707257,
            "Soil_Temperature": 0.980776879292915,
            "Wind_Dir_Sin": 0.22475701016239466,
            "Wind_Dir_Cos": 0.2475985552460789
        },
        "R2": {
            "Temperature": 0.26562288488721086,
            "Precipitation_accumulated": -281.3157252886745,
            "Humidity": 0.6659382343081808,
            "Wind_Speed_kmh": 0.42087393842355303,
            "Soil_Moisture": 0.7555258795137646,
            "Soil_Temperature": 0.6602355540349101,
            "Wind_Dir_Sin": 0.26451134929885767,
            "Wind_Dir_Cos": 0.5055342712768618
        },
        "SMAPE": {
            "Temperature": 20.31625978397892,
            "Precipitation_accumulated": 2.536086955357693,
            "Humidity": 4.128000678105433,
            "Wind_Speed_kmh": 167.93540164214252,
            "Soil_Moisture": 2.863197818362196,
            "Soil_Temperature": 22.716304139349198,
            "Wind_Dir_Sin": 161.69189867054547,
            "Wind_Dir_Cos": 49.74790672761195
        }
    }
}