{
    "trial_number": 75,
    "input_chunk_length": 59,
    "output_chunk_length": 25,
    "num_filters": 94,
    "kernel_size": 6,
    "num_layers": 2,
    "dilation_base": 4,
    "weight_norm": true,
    "dropout": 0.2048457842653681,
    "batch_size": 39,
    "lr": 0.004252308704520594,
    "forecast_horizon": 18,
    "overall_smape_val": 51.62251762596847,
    "metrics": {
        "MSE": {
            "Temperature": 1.0250829993154558,
            "Precipitation_accumulated": 142.24568706370746,
            "Humidity": 14.735317789380113,
            "Wind_Speed_kmh": 0.18694711586888452,
            "Soil_Moisture": 121717.35940797516,
            "Soil_Temperature": 0.7231546982769665,
            "Wind_Dir_Sin": 0.11677020890190404,
            "Wind_Dir_Cos": 0.14203589095647265
        },
        "RMSE": {
            "Temperature": 1.012463826176252,
            "Precipitation_accumulated": 11.926679632810947,
            "Humidity": 3.8386609370169844,
            "Wind_Speed_kmh": 0.4323738149667305,
            "Soil_Moisture": 348.8801504929381,
            "Soil_Temperature": 0.8503850294290032,
            "Wind_Dir_Sin": 0.341716562229436,
            "Wind_Dir_Cos": 0.37687649297412096
        },
        "MAE": {
            "Temperature": 0.667223091204942,
            "Precipitation_accumulated": 10.085029414476464,
            "Humidity": 2.7103735068895634,
            "Wind_Speed_kmh": 0.2231272999833619,
            "Soil_Moisture": 159.98094666597262,
            "Soil_Temperature": 0.589100120582285,
            "Wind_Dir_Sin": 0.21262579063387688,
            "Wind_Dir_Cos": 0.25262853602142343
        },
        "R2": {
            "Temperature": 0.6968469906473194,
            "Precipitation_accumulated": -148.4880073174715,
            "Humidity": 0.773731179769502,
            "Wind_Speed_kmh": 0.45678013616756263,
            "Soil_Moisture": 0.8372517963079698,
            "Soil_Temperature": 0.870509460657373,
            "Wind_Dir_Sin": 0.28067846621661097,
            "Wind_Dir_Cos": 0.5096961847446144
        },
        "SMAPE": {
            "Temperature": 11.450268020796337,
            "Precipitation_accumulated": 2.214989706949149,
            "Humidity": 3.2035417833025592,
            "Wind_Speed_kmh": 162.0851644618356,
            "Soil_Moisture": 2.5084867021052304,
            "Soil_Temperature": 17.63615884374126,
            "Wind_Dir_Sin": 161.02756009687934,
            "Wind_Dir_Cos": 52.853971392138355
        }
    }
}