{
    "trial_number": 31,
    "input_chunk_length": 27,
    "output_chunk_length": 17,
    "num_filters": 61,
    "kernel_size": 8,
    "num_layers": 3,
    "dilation_base": 3,
    "weight_norm": true,
    "dropout": 0.28827132090360935,
    "batch_size": 115,
    "lr": 0.004686240426867034,
    "loss_function": "smoothl1",
    "optimizer": "AdamW",
    "overall_mae_val": 0.1319086626355937,
    "metrics": {
        "MSE": {
            "Temperature": 10.638766531242432,
            "Precipitation_accumulated": 1286.8843031368783,
            "Humidity": 102.32259690489916,
            "Wind_Speed_kmh": 1.219294323337948,
            "Soil_Moisture": 50257.52796767452,
            "Soil_Temperature": 7.817775974335471,
            "Wind_Dir_Sin": 0.6211433023142924,
            "Wind_Dir_Cos": 0.4004049893132739
        },
        "RMSE": {
            "Temperature": 3.2617122085252146,
            "Precipitation_accumulated": 35.87316968344,
            "Humidity": 10.115463257058432,
            "Wind_Speed_kmh": 1.1042166106964466,
            "Soil_Moisture": 224.18190820776442,
            "Soil_Temperature": 2.7960286075674317,
            "Wind_Dir_Sin": 0.7881264507135212,
            "Wind_Dir_Cos": 0.6327756231977286
        },
        "MAE": {
            "Temperature": 2.7096388668987523,
            "Precipitation_accumulated": 33.77700571707677,
            "Humidity": 8.204979484885252,
            "Wind_Speed_kmh": 0.887727941746245,
            "Soil_Moisture": 172.18212893033686,
            "Soil_Temperature": 2.2505129429841464,
            "Wind_Dir_Sin": 0.6935524151470566,
            "Wind_Dir_Cos": 0.5326513093052728
        },
        "R2": {
            "Temperature": 0.651751105425886,
            "Precipitation_accumulated": -382.26096695106406,
            "Humidity": 0.30248268007787926,
            "Wind_Speed_kmh": 0.09529699220341359,
            "Soil_Moisture": 0.0689814477925268,
            "Soil_Temperature": 0.5152603904567072,
            "Wind_Dir_Sin": -0.12507622969719323,
            "Wind_Dir_Cos": -0.09306379855347391
        },
        "SMAPE": {
            "Temperature": 40.46958269844629,
            "Precipitation_accumulated": 7.577491761016999,
            "Humidity": 9.695798057615567,
            "Wind_Speed_kmh": 72.91787752319027,
            "Soil_Moisture": 2.0375721995246496,
            "Soil_Temperature": 38.142451580909196,
            "Wind_Dir_Sin": 145.81220246140202,
            "Wind_Dir_Cos": 127.20662456712283
        }
    }
}