{
    "trial_number": 11,
    "input_chunk_length": 33,
    "output_chunk_length": 20,
    "num_filters": 128,
    "kernel_size": 7,
    "num_layers": 1,
    "dilation_base": 1,
    "weight_norm": false,
    "dropout": 0.15747592276767647,
    "batch_size": 16,
    "lr": 1.2589048369421911e-05,
    "forecast_horizon": 11,
    "overall_smape_val": 53.77346644153372,
    "metrics": {
        "MSE": {
            "Temperature": 1.6029700135661382,
            "Precipitation_accumulated": 641.6130060574426,
            "Humidity": 22.84445985242829,
            "Wind_Speed_kmh": 0.22032120965354832,
            "Soil_Moisture": 160797.21203689577,
            "Soil_Temperature": 1.7549276753564544,
            "Wind_Dir_Sin": 0.11483560519972803,
            "Wind_Dir_Cos": 0.1355201424504869
        },
        "RMSE": {
            "Temperature": 1.266084520703945,
            "Precipitation_accumulated": 25.330081051142386,
            "Humidity": 4.7795878329023616,
            "Wind_Speed_kmh": 0.4693838617310445,
            "Soil_Moisture": 400.99527682616883,
            "Soil_Temperature": 1.324736832490308,
            "Wind_Dir_Sin": 0.33887402556072077,
            "Wind_Dir_Cos": 0.36813060515323487
        },
        "MAE": {
            "Temperature": 0.9388296819408973,
            "Precipitation_accumulated": 17.929718692547826,
            "Humidity": 3.36160687919595,
            "Wind_Speed_kmh": 0.2369097960076048,
            "Soil_Moisture": 226.662330889207,
            "Soil_Temperature": 0.8803578706766529,
            "Wind_Dir_Sin": 0.2062278632565506,
            "Wind_Dir_Cos": 0.24805184172078396
        },
        "R2": {
            "Temperature": 0.5276654106035692,
            "Precipitation_accumulated": -674.0136691016788,
            "Humidity": 0.6490741439610013,
            "Wind_Speed_kmh": 0.35664477292813657,
            "Soil_Moisture": 0.7839898629073997,
            "Soil_Temperature": 0.6864268524226012,
            "Wind_Dir_Sin": 0.2892920687604723,
            "Wind_Dir_Cos": 0.5303383778179449
        },
        "SMAPE": {
            "Temperature": 15.590705394911229,
            "Precipitation_accumulated": 4.040226879327678,
            "Humidity": 3.9892283539396676,
            "Wind_Speed_kmh": 171.08681731976668,
            "Soil_Moisture": 3.5802079940847142,
            "Soil_Temperature": 21.674571841368184,
            "Wind_Dir_Sin": 158.88386621637378,
            "Wind_Dir_Cos": 51.342107532497806
        }
    }
}