{
    "trial_number": 6,
    "input_chunk_length": 73,
    "output_chunk_length": 67,
    "num_filters": 17,
    "kernel_size": 3,
    "num_layers": 2,
    "dilation_base": 4,
    "weight_norm": false,
    "dropout": 0.27482681065472064,
    "batch_size": 50,
    "lr": 0.00021521031154365675,
    "forecast_horizon": 2,
    "overall_smape_val": 57.59779522195906,
    "metrics": {
        "MSE": {
            "Temperature": 2.1703703616159578,
            "Precipitation_accumulated": 804.1375857182946,
            "Humidity": 45.039605565002184,
            "Wind_Speed_kmh": 0.2731854866734479,
            "Soil_Moisture": 356552.06172827684,
            "Soil_Temperature": 5.435970847726442,
            "Wind_Dir_Sin": 0.14715015698124198,
            "Wind_Dir_Cos": 0.16689409367545022
        },
        "RMSE": {
            "Temperature": 1.4732176898258986,
            "Precipitation_accumulated": 28.357319790810532,
            "Humidity": 6.7111553077694595,
            "Wind_Speed_kmh": 0.522671490205318,
            "Soil_Moisture": 597.1198051716898,
            "Soil_Temperature": 2.33151685555272,
            "Wind_Dir_Sin": 0.3836015601913553,
            "Wind_Dir_Cos": 0.40852673556996266
        },
        "MAE": {
            "Temperature": 1.2030442904556422,
            "Precipitation_accumulated": 19.632891574975318,
            "Humidity": 5.5513222784056575,
            "Wind_Speed_kmh": 0.30040078677635246,
            "Soil_Moisture": 363.78101118363503,
            "Soil_Temperature": 1.7547275999108862,
            "Wind_Dir_Sin": 0.25369036985865123,
            "Wind_Dir_Cos": 0.29261691962059544
        },
        "R2": {
            "Temperature": 0.3624710565122692,
            "Precipitation_accumulated": -846.2243908506506,
            "Humidity": 0.30738823954983974,
            "Wind_Speed_kmh": 0.1972406323238728,
            "Soil_Moisture": 0.5181534640589673,
            "Soil_Temperature": 0.03140245301676181,
            "Wind_Dir_Sin": 0.08385577431293467,
            "Wind_Dir_Cos": 0.4186757814214249
        },
        "SMAPE": {
            "Temperature": 20.033290684225438,
            "Precipitation_accumulated": 4.461287177089134,
            "Humidity": 6.527006688834683,
            "Wind_Speed_kmh": 174.75224838030795,
            "Soil_Moisture": 5.5816509934103635,
            "Soil_Temperature": 30.92008508587049,
            "Wind_Dir_Sin": 164.29630631943982,
            "Wind_Dir_Cos": 54.210486446494485
        }
    }
}