{
    "trial_number": 15,
    "input_chunk_length": 54,
    "output_chunk_length": 52,
    "num_filters": 43,
    "kernel_size": 6,
    "num_layers": 5,
    "dilation_base": 3,
    "weight_norm": false,
    "dropout": 0.003765067560699345,
    "batch_size": 64,
    "lr": 0.00859710778461458,
    "forecast_horizon": 14,
    "overall_smape_val": 53.83243699822283,
    "metrics": {
        "MSE": {
            "Temperature": 1.9078127285352777,
            "Precipitation_accumulated": 176.72823585079266,
            "Humidity": 24.04457224745086,
            "Wind_Speed_kmh": 0.17848466174650632,
            "Soil_Moisture": 129938.2788900273,
            "Soil_Temperature": 2.019234469773096,
            "Wind_Dir_Sin": 0.12505394523591556,
            "Wind_Dir_Cos": 0.14063341805847387
        },
        "RMSE": {
            "Temperature": 1.3812359423846736,
            "Precipitation_accumulated": 13.293917250035546,
            "Humidity": 4.903526511343735,
            "Wind_Speed_kmh": 0.42247445099852643,
            "Soil_Moisture": 360.46952560518525,
            "Soil_Temperature": 1.4209977022406108,
            "Wind_Dir_Sin": 0.3536296724483334,
            "Wind_Dir_Cos": 0.37501122390999697
        },
        "MAE": {
            "Temperature": 1.0803326307717107,
            "Precipitation_accumulated": 8.592991180575197,
            "Humidity": 4.001030992177569,
            "Wind_Speed_kmh": 0.23401885459916752,
            "Soil_Moisture": 206.62312918577393,
            "Soil_Temperature": 1.0825855543057739,
            "Wind_Dir_Sin": 0.21234886281895465,
            "Wind_Dir_Cos": 0.252517807413147
        },
        "R2": {
            "Temperature": 0.4375708186741293,
            "Precipitation_accumulated": -184.84084012447872,
            "Humidity": 0.6308391299152263,
            "Wind_Speed_kmh": 0.479907535322848,
            "Soil_Moisture": 0.8257960349301059,
            "Soil_Temperature": 0.6389216264803892,
            "Wind_Dir_Sin": 0.2275936235642264,
            "Wind_Dir_Cos": 0.5134406832767848
        },
        "SMAPE": {
            "Temperature": 18.03741363481762,
            "Precipitation_accumulated": 1.9037991175431361,
            "Humidity": 4.726556528936568,
            "Wind_Speed_kmh": 165.45753028727623,
            "Soil_Moisture": 3.2035856866161216,
            "Soil_Temperature": 26.96325382997562,
            "Wind_Dir_Sin": 161.02119775201592,
            "Wind_Dir_Cos": 49.34615914860151
        }
    }
}