{
    "trial_number": 17,
    "input_chunk_length": 42,
    "output_chunk_length": 22,
    "num_filters": 47,
    "kernel_size": 6,
    "num_layers": 2,
    "dilation_base": 4,
    "weight_norm": false,
    "dropout": 0.2287053929893487,
    "batch_size": 38,
    "lr": 0.0018239389206375271,
    "forecast_horizon": 19,
    "overall_smape_val": 50.458156817008444,
    "metrics": {
        "MSE": {
            "Temperature": 0.9368140225824994,
            "Precipitation_accumulated": 95.99747523932606,
            "Humidity": 13.453953035092404,
            "Wind_Speed_kmh": 0.16690083344145792,
            "Soil_Moisture": 106323.23359625456,
            "Soil_Temperature": 1.2130332374253017,
            "Wind_Dir_Sin": 0.10405015803948095,
            "Wind_Dir_Cos": 0.12196452687882149
        },
        "RMSE": {
            "Temperature": 0.9678915345132942,
            "Precipitation_accumulated": 9.797830129131963,
            "Humidity": 3.6679630634852916,
            "Wind_Speed_kmh": 0.4085349843544099,
            "Soil_Moisture": 326.07243611850197,
            "Soil_Temperature": 1.1013778813038246,
            "Wind_Dir_Sin": 0.32256806729662646,
            "Wind_Dir_Cos": 0.34923420061446087
        },
        "MAE": {
            "Temperature": 0.6968991046462298,
            "Precipitation_accumulated": 6.758797224078852,
            "Humidity": 2.632012865818291,
            "Wind_Speed_kmh": 0.19740728731233673,
            "Soil_Moisture": 126.31028922197697,
            "Soil_Temperature": 0.7515374997663835,
            "Wind_Dir_Sin": 0.19207272163680475,
            "Wind_Dir_Cos": 0.21664865629150343
        },
        "R2": {
            "Temperature": 0.7227637084785876,
            "Precipitation_accumulated": -99.86972520798204,
            "Humidity": 0.7933952389506527,
            "Wind_Speed_kmh": 0.5153712780946764,
            "Soil_Moisture": 0.8579287333115072,
            "Soil_Temperature": 0.7827102501635784,
            "Wind_Dir_Sin": 0.35946344003239816,
            "Wind_Dir_Cos": 0.5792196758160634
        },
        "SMAPE": {
            "Temperature": 12.083933381628004,
            "Precipitation_accumulated": 1.4915654720662925,
            "Humidity": 3.1263174768974507,
            "Wind_Speed_kmh": 163.0484798002052,
            "Soil_Moisture": 1.945966447449206,
            "Soil_Temperature": 19.411984932256722,
            "Wind_Dir_Sin": 156.986499310276,
            "Wind_Dir_Cos": 45.57050771528854
        }
    }
}