{
    "trial_number": 1,
    "input_chunk_length": 70,
    "output_chunk_length": 22,
    "num_filters": 12,
    "kernel_size": 4,
    "num_layers": 5,
    "dilation_base": 1,
    "weight_norm": true,
    "dropout": 0.09145283029277294,
    "batch_size": 24,
    "lr": 0.002621974164110035,
    "forecast_horizon": 4,
    "overall_smape_val": 55.18059420026492,
    "metrics": {
        "MSE": {
            "Temperature": 1.7787103264823314,
            "Precipitation_accumulated": 223.82870805555902,
            "Humidity": 20.54954035107346,
            "Wind_Speed_kmh": 0.23371507857357476,
            "Soil_Moisture": 172524.70933864234,
            "Soil_Temperature": 2.123737952043251,
            "Wind_Dir_Sin": 0.11631663873681397,
            "Wind_Dir_Cos": 0.1419505020956987
        },
        "RMSE": {
            "Temperature": 1.3336829932492695,
            "Precipitation_accumulated": 14.96090599046592,
            "Humidity": 4.533160084430447,
            "Wind_Speed_kmh": 0.4834408739169401,
            "Soil_Moisture": 415.36093862885366,
            "Soil_Temperature": 1.4573050305420794,
            "Wind_Dir_Sin": 0.3410522522089745,
            "Wind_Dir_Cos": 0.3767631910042417
        },
        "MAE": {
            "Temperature": 0.9712563707512955,
            "Precipitation_accumulated": 11.070765508496986,
            "Humidity": 3.3964963750935437,
            "Wind_Speed_kmh": 0.27940944784769767,
            "Soil_Moisture": 222.60631810933836,
            "Soil_Temperature": 0.9867707441772924,
            "Wind_Dir_Sin": 0.23550546295261304,
            "Wind_Dir_Cos": 0.2776370809204649
        },
        "R2": {
            "Temperature": 0.47704736854512964,
            "Precipitation_accumulated": -234.74479579400295,
            "Humidity": 0.6840192119953998,
            "Wind_Speed_kmh": 0.31418248384778547,
            "Soil_Moisture": 0.7671533222905014,
            "Soil_Temperature": 0.6213373788825955,
            "Wind_Dir_Sin": 0.2767790199409572,
            "Wind_Dir_Cos": 0.5061136009175083
        },
        "SMAPE": {
            "Temperature": 16.602162270881923,
            "Precipitation_accumulated": 2.4613763778881173,
            "Humidity": 4.034123053694031,
            "Wind_Speed_kmh": 174.59266443994426,
            "Soil_Moisture": 3.5643113385260614,
            "Soil_Temperature": 22.407444428697755,
            "Wind_Dir_Sin": 160.48196131095006,
            "Wind_Dir_Cos": 57.30071038153694
        }
    }
}