{
    "trial_number": 49,
    "input_chunk_length": 62,
    "output_chunk_length": 57,
    "num_filters": 105,
    "kernel_size": 2,
    "num_layers": 6,
    "dilation_base": 3,
    "weight_norm": true,
    "dropout": 0.22543644397379234,
    "batch_size": 29,
    "lr": 0.001461471259478707,
    "forecast_horizon": 4,
    "overall_smape_val": 48.844991113470975,
    "metrics": {
        "MSE": {
            "Temperature": 0.8996381702159311,
            "Precipitation_accumulated": 48.20689806330954,
            "Humidity": 6.524499796200315,
            "Wind_Speed_kmh": 0.10234323223461567,
            "Soil_Moisture": 43304.586449203176,
            "Soil_Temperature": 0.5077809227932106,
            "Wind_Dir_Sin": 0.07807544017246718,
            "Wind_Dir_Cos": 0.06833067606961235
        },
        "RMSE": {
            "Temperature": 0.9484925778391369,
            "Precipitation_accumulated": 6.943118756244166,
            "Humidity": 2.5543100430841035,
            "Wind_Speed_kmh": 0.3199112880700143,
            "Soil_Moisture": 208.09754070916642,
            "Soil_Temperature": 0.7125874843085659,
            "Wind_Dir_Sin": 0.27941982780838437,
            "Wind_Dir_Cos": 0.2614013696781491
        },
        "MAE": {
            "Temperature": 0.7256255774433306,
            "Precipitation_accumulated": 5.9986506895644975,
            "Humidity": 1.8294390077704559,
            "Wind_Speed_kmh": 0.13526923789595577,
            "Soil_Moisture": 120.76940978551049,
            "Soil_Temperature": 0.5552830204908696,
            "Wind_Dir_Sin": 0.1856361124271088,
            "Wind_Dir_Cos": 0.16014855519876986
        },
        "R2": {
            "Temperature": 0.7355004120305032,
            "Precipitation_accumulated": -49.773314283600776,
            "Humidity": 0.8996757809801067,
            "Wind_Speed_kmh": 0.6996822723013245,
            "Soil_Moisture": 0.9415542902640772,
            "Soil_Temperature": 0.9094626269717971,
            "Wind_Dir_Sin": 0.5145509965445592,
            "Wind_Dir_Cos": 0.762258033239351
        },
        "SMAPE": {
            "Temperature": 12.335460734904403,
            "Precipitation_accumulated": 1.3167029066722846,
            "Humidity": 2.1842142397750974,
            "Wind_Speed_kmh": 160.648098744479,
            "Soil_Moisture": 1.9425216054660053,
            "Soil_Temperature": 16.794111161646644,
            "Wind_Dir_Sin": 156.89861236707202,
            "Wind_Dir_Cos": 38.64020714775235
        }
    }
}