{
    "trial_number": 77,
    "input_chunk_length": 65,
    "output_chunk_length": 15,
    "num_filters": 68,
    "kernel_size": 3,
    "num_layers": 2,
    "dilation_base": 4,
    "weight_norm": true,
    "dropout": 0.21791974189235197,
    "batch_size": 45,
    "lr": 0.004277740315522715,
    "forecast_horizon": 15,
    "overall_smape_val": 52.32689377688406,
    "metrics": {
        "MSE": {
            "Temperature": 1.724951881409569,
            "Precipitation_accumulated": 20.450873596999,
            "Humidity": 14.255663100475548,
            "Wind_Speed_kmh": 0.16235334158926917,
            "Soil_Moisture": 113844.11505282736,
            "Soil_Temperature": 1.5020067095457,
            "Wind_Dir_Sin": 0.08872917079465235,
            "Wind_Dir_Cos": 0.11664793460920145
        },
        "RMSE": {
            "Temperature": 1.313374235094312,
            "Precipitation_accumulated": 4.52226421132147,
            "Humidity": 3.775667239108281,
            "Wind_Speed_kmh": 0.402930938982438,
            "Soil_Moisture": 337.4079356696095,
            "Soil_Temperature": 1.2255638333215042,
            "Wind_Dir_Sin": 0.2978744211822364,
            "Wind_Dir_Cos": 0.3415376035068488
        },
        "MAE": {
            "Temperature": 1.0159406169189207,
            "Precipitation_accumulated": 3.5016722872993236,
            "Humidity": 2.4832457321623354,
            "Wind_Speed_kmh": 0.17747451560542987,
            "Soil_Moisture": 116.58133375700376,
            "Soil_Temperature": 0.9550585407639987,
            "Wind_Dir_Sin": 0.17397980362134594,
            "Wind_Dir_Cos": 0.19620220219247883
        },
        "R2": {
            "Temperature": 0.4914282158535349,
            "Precipitation_accumulated": -20.502038124324756,
            "Humidity": 0.7811835758027552,
            "Wind_Speed_kmh": 0.5272456710287068,
            "Soil_Moisture": 0.8474761546821027,
            "Soil_Temperature": 0.7313511116032614,
            "Wind_Dir_Sin": 0.4523213751851125,
            "Wind_Dir_Cos": 0.5966524255593671
        },
        "SMAPE": {
            "Temperature": 19.084303913324515,
            "Precipitation_accumulated": 0.7614036811028755,
            "Humidity": 2.945336727417562,
            "Wind_Speed_kmh": 166.51681847853717,
            "Soil_Moisture": 1.797802295968799,
            "Soil_Temperature": 24.475337940126323,
            "Wind_Dir_Sin": 156.4492906403063,
            "Wind_Dir_Cos": 46.58485653828904
        }
    }
}