{
    "trial_number": 102,
    "input_chunk_length": 57,
    "output_chunk_length": 22,
    "num_filters": 114,
    "kernel_size": 6,
    "num_layers": 2,
    "dilation_base": 4,
    "weight_norm": true,
    "dropout": 0.15902988843969854,
    "batch_size": 24,
    "lr": 0.001840391832637705,
    "forecast_horizon": 6,
    "overall_smape_val": 53.0805984980875,
    "metrics": {
        "MSE": {
            "Temperature": 1.2847816049380119,
            "Precipitation_accumulated": 43.46089359527713,
            "Humidity": 13.710778300603826,
            "Wind_Speed_kmh": 0.1933952940067952,
            "Soil_Moisture": 116400.67356490262,
            "Soil_Temperature": 1.13762576887874,
            "Wind_Dir_Sin": 0.12555474320470064,
            "Wind_Dir_Cos": 0.14399119534893962
        },
        "RMSE": {
            "Temperature": 1.1334820708498268,
            "Precipitation_accumulated": 6.592487663642392,
            "Humidity": 3.702806813837825,
            "Wind_Speed_kmh": 0.43976731802942703,
            "Soil_Moisture": 341.17542931005835,
            "Soil_Temperature": 1.0665954101151665,
            "Wind_Dir_Sin": 0.354337047462865,
            "Wind_Dir_Cos": 0.37946171789646926
        },
        "MAE": {
            "Temperature": 0.7933737276732674,
            "Precipitation_accumulated": 4.956087049036069,
            "Humidity": 2.5969081142022326,
            "Wind_Speed_kmh": 0.19757277781566138,
            "Soil_Moisture": 128.32789899722414,
            "Soil_Temperature": 0.894359916132163,
            "Wind_Dir_Sin": 0.21225730899958414,
            "Wind_Dir_Cos": 0.22839214679740977
        },
        "R2": {
            "Temperature": 0.6219707568931792,
            "Precipitation_accumulated": -44.75982774720414,
            "Humidity": 0.7892222966554017,
            "Wind_Speed_kmh": 0.43328985443832846,
            "Soil_Moisture": 0.8431086949040801,
            "Soil_Temperature": 0.797026800347997,
            "Wind_Dir_Sin": 0.22037165558301597,
            "Wind_Dir_Cos": 0.4995757633961381
        },
        "SMAPE": {
            "Temperature": 13.742513957268136,
            "Precipitation_accumulated": 1.0728023280944599,
            "Humidity": 3.090307520404472,
            "Wind_Speed_kmh": 167.6747309936738,
            "Soil_Moisture": 1.9911256002152606,
            "Soil_Temperature": 24.69891994757627,
            "Wind_Dir_Sin": 163.6295348177228,
            "Wind_Dir_Cos": 48.744852819744885
        }
    }
}