{
    "trial_number": 28,
    "input_chunk_length": 35,
    "num_filters": 22,
    "kernel_size": 5,
    "num_layers": 3,
    "dilation_base": 4,
    "weight_norm": true,
    "dropout": 0.3557624844653958,
    "batch_size": 42,
    "lr": 0.009841090495204444,
    "overall_smape_val": 45.32316709507968,
    "metrics": {
        "MSE": {
            "Temperature": 0.5233602496653066,
            "Precipitation_accumulated": 6.644950086383124,
            "Humidity": 2.472111747519653,
            "Wind_Speed_kmh": 0.07058025194522968,
            "Soil_Moisture": 9170.441150472838,
            "Soil_Temperature": 0.7174294498860925,
            "Wind_Dir_Sin": 0.04906199744575034,
            "Wind_Dir_Cos": 0.04474044407639096
        },
        "RMSE": {
            "Temperature": 0.723436417154477,
            "Precipitation_accumulated": 2.577780069436321,
            "Humidity": 1.5722950573984684,
            "Wind_Speed_kmh": 0.2656694411204075,
            "Soil_Moisture": 95.76242034573289,
            "Soil_Temperature": 0.8470120718656213,
            "Wind_Dir_Sin": 0.22149942989937998,
            "Wind_Dir_Cos": 0.21151937045195401
        },
        "MAE": {
            "Temperature": 0.5206610657926424,
            "Precipitation_accumulated": 2.097710492284898,
            "Humidity": 1.0343208908852128,
            "Wind_Speed_kmh": 0.12837275094442552,
            "Soil_Moisture": 28.52440817870564,
            "Soil_Temperature": 0.6395586962498618,
            "Wind_Dir_Sin": 0.11072088443769768,
            "Wind_Dir_Cos": 0.10066933517671021
        },
        "R2": {
            "Temperature": 0.8462671104740981,
            "Precipitation_accumulated": -6.000995711623332,
            "Humidity": 0.9619842658922045,
            "Wind_Speed_kmh": 0.792598943992579,
            "Soil_Moisture": 0.9876070123392698,
            "Soil_Temperature": 0.87216627447812,
            "Wind_Dir_Sin": 0.694544222155825,
            "Wind_Dir_Cos": 0.8441604306132959
        },
        "SMAPE": {
            "Temperature": 8.771584857555435,
            "Precipitation_accumulated": 0.45665067350371713,
            "Humidity": 1.2285081749753288,
            "Wind_Speed_kmh": 161.70030477722122,
            "Soil_Moisture": 0.46928827148593577,
            "Soil_Temperature": 17.306909137979638,
            "Wind_Dir_Sin": 141.67983365868918,
            "Wind_Dir_Cos": 30.9722572092273
        }
    }
}