{
    "trial_number": 20,
    "input_chunk_length": 42,
    "output_chunk_length": 20,
    "num_filters": 84,
    "kernel_size": 7,
    "num_layers": 2,
    "dilation_base": 4,
    "weight_norm": true,
    "dropout": 0.2559485385619378,
    "batch_size": 35,
    "lr": 0.0007618240173417514,
    "forecast_horizon": 20,
    "overall_smape_val": 51.5977688606411,
    "metrics": {
        "MSE": {
            "Temperature": 0.8443482354433929,
            "Precipitation_accumulated": 106.74140276656793,
            "Humidity": 17.279602883430822,
            "Wind_Speed_kmh": 0.1834244526968075,
            "Soil_Moisture": 107553.66928365658,
            "Soil_Temperature": 0.9285208010985491,
            "Wind_Dir_Sin": 0.09517125001809262,
            "Wind_Dir_Cos": 0.12365998318839277
        },
        "RMSE": {
            "Temperature": 0.9188842339725897,
            "Precipitation_accumulated": 10.331573102222523,
            "Humidity": 4.156874172191266,
            "Wind_Speed_kmh": 0.42828081056335865,
            "Soil_Moisture": 327.95376089268524,
            "Soil_Temperature": 0.9635978419955854,
            "Wind_Dir_Sin": 0.30849837927952334,
            "Wind_Dir_Cos": 0.35165321438654984
        },
        "MAE": {
            "Temperature": 0.6293823469740709,
            "Precipitation_accumulated": 8.277378055991042,
            "Humidity": 3.1944683686198405,
            "Wind_Speed_kmh": 0.2627712103711219,
            "Soil_Moisture": 180.00993291260096,
            "Soil_Temperature": 0.7068578164088131,
            "Wind_Dir_Sin": 0.1846868533917664,
            "Wind_Dir_Cos": 0.2255992014915504
        },
        "R2": {
            "Temperature": 0.749887571433498,
            "Precipitation_accumulated": -111.14193001611814,
            "Humidity": 0.7345025688360294,
            "Wind_Speed_kmh": 0.4677674472317098,
            "Soil_Moisture": 0.8563797561687739,
            "Soil_Temperature": 0.833604677226174,
            "Wind_Dir_Sin": 0.4145134254729016,
            "Wind_Dir_Cos": 0.5736113043674294
        },
        "SMAPE": {
            "Temperature": 11.757633308576313,
            "Precipitation_accumulated": 1.8175845919375742,
            "Humidity": 3.7472137621395185,
            "Wind_Speed_kmh": 168.65736189297147,
            "Soil_Moisture": 2.8264465320394687,
            "Soil_Temperature": 20.29100429760195,
            "Wind_Dir_Sin": 156.4988762378502,
            "Wind_Dir_Cos": 47.1860302620122
        }
    }
}