{
    "trial_number": 58,
    "input_chunk_length": 40,
    "output_chunk_length": 12,
    "num_filters": 51,
    "kernel_size": 8,
    "num_layers": 2,
    "dilation_base": 3,
    "weight_norm": true,
    "dropout": 0.2294970945866894,
    "batch_size": 34,
    "lr": 0.004535323787602138,
    "forecast_horizon": 22,
    "overall_smape_val": 55.72229828317381,
    "metrics": {
        "MSE": {
            "Temperature": 1.8237588836214889,
            "Precipitation_accumulated": 237.479219406148,
            "Humidity": 19.79439716343826,
            "Wind_Speed_kmh": 0.1672937038302905,
            "Soil_Moisture": 111369.67892462964,
            "Soil_Temperature": 1.6148160112482737,
            "Wind_Dir_Sin": 0.12307340310371269,
            "Wind_Dir_Cos": 0.1852850572892384
        },
        "RMSE": {
            "Temperature": 1.3504661727053695,
            "Precipitation_accumulated": 15.410360781180563,
            "Humidity": 4.449089475773471,
            "Wind_Speed_kmh": 0.4090155300600339,
            "Soil_Moisture": 333.7209596723431,
            "Soil_Temperature": 1.2707541112458671,
            "Wind_Dir_Sin": 0.35081819095325245,
            "Wind_Dir_Cos": 0.43044750816939154
        },
        "MAE": {
            "Temperature": 1.0729192168533233,
            "Precipitation_accumulated": 11.96411185592315,
            "Humidity": 3.3156779138665513,
            "Wind_Speed_kmh": 0.21301014927359374,
            "Soil_Moisture": 202.01596565594912,
            "Soil_Temperature": 0.9598819218205151,
            "Wind_Dir_Sin": 0.27070277111958607,
            "Wind_Dir_Cos": 0.37016972856886043
        },
        "R2": {
            "Temperature": 0.45881921553707583,
            "Precipitation_accumulated": -248.41918994026182,
            "Humidity": 0.6958567922128371,
            "Wind_Speed_kmh": 0.5152584217426717,
            "Soil_Moisture": 0.8514807766640767,
            "Soil_Temperature": 0.7103711429920643,
            "Wind_Dir_Sin": 0.2438729143315903,
            "Wind_Dir_Cos": 0.3618455507635623
        },
        "SMAPE": {
            "Temperature": 17.712610830375638,
            "Precipitation_accumulated": 2.601133449092458,
            "Humidity": 3.9024024118499123,
            "Wind_Speed_kmh": 165.2718056369645,
            "Soil_Moisture": 3.246823901068853,
            "Soil_Temperature": 21.96594424468754,
            "Wind_Dir_Sin": 159.95269553311883,
            "Wind_Dir_Cos": 71.1249702582325
        }
    }
}