{
    "trial_number": 54,
    "input_chunk_length": 57,
    "output_chunk_length": 26,
    "num_filters": 113,
    "kernel_size": 6,
    "num_layers": 2,
    "dilation_base": 4,
    "weight_norm": true,
    "dropout": 0.16011538652460697,
    "batch_size": 28,
    "lr": 0.001386025751469276,
    "forecast_horizon": 3,
    "overall_smape_val": 51.8898927784402,
    "metrics": {
        "MSE": {
            "Temperature": 1.1536764805714959,
            "Precipitation_accumulated": 173.959749436141,
            "Humidity": 18.642319014051107,
            "Wind_Speed_kmh": 0.16439567316490789,
            "Soil_Moisture": 142486.45908257292,
            "Soil_Temperature": 1.4663276856794065,
            "Wind_Dir_Sin": 0.11601316641446292,
            "Wind_Dir_Cos": 0.13665559079628575
        },
        "RMSE": {
            "Temperature": 1.07409332954427,
            "Precipitation_accumulated": 13.189380176344187,
            "Humidity": 4.3176751862606695,
            "Wind_Speed_kmh": 0.4054573629432667,
            "Soil_Moisture": 377.47378595416785,
            "Soil_Temperature": 1.2109201813824917,
            "Wind_Dir_Sin": 0.34060705573206046,
            "Wind_Dir_Cos": 0.3696695697461258
        },
        "MAE": {
            "Temperature": 0.7753845709414972,
            "Precipitation_accumulated": 11.255732918145176,
            "Humidity": 2.9153159410538665,
            "Wind_Speed_kmh": 0.19867227059460035,
            "Soil_Moisture": 156.18891616369632,
            "Soil_Temperature": 0.7462828348796666,
            "Wind_Dir_Sin": 0.20851275929354046,
            "Wind_Dir_Cos": 0.23275865724011544
        },
        "R2": {
            "Temperature": 0.6609548391978635,
            "Precipitation_accumulated": -182.25078167760813,
            "Humidity": 0.7133267710962039,
            "Wind_Speed_kmh": 0.5172577759379445,
            "Soil_Moisture": 0.8075679435282989,
            "Soil_Temperature": 0.7386398156301108,
            "Wind_Dir_Sin": 0.2781889649229826,
            "Wind_Dir_Cos": 0.5242692239441005
        },
        "SMAPE": {
            "Temperature": 13.269875702655742,
            "Precipitation_accumulated": 2.489561683311688,
            "Humidity": 3.4276377737419805,
            "Wind_Speed_kmh": 167.00619935408673,
            "Soil_Moisture": 2.412457391080697,
            "Soil_Temperature": 19.442605348729238,
            "Wind_Dir_Sin": 160.70843858356272,
            "Wind_Dir_Cos": 46.36236639035275
        }
    }
}