{
    "trial_number": 13,
    "input_chunk_length": 24,
    "output_chunk_length": 7,
    "num_filters": 42,
    "kernel_size": 2,
    "num_layers": 3,
    "dilation_base": 4,
    "weight_norm": true,
    "dropout": 0.2209209306843687,
    "batch_size": 198,
    "lr": 0.0012040311654676087,
    "loss_function": "smoothl1",
    "optimizer": "AdamW",
    "overall_mae_val": 0.14111862093371702,
    "metrics": {
        "MSE": {
            "Temperature": 7.218509724818025,
            "Precipitation_accumulated": 3454.329066587353,
            "Humidity": 79.04673082819316,
            "Wind_Speed_kmh": 1.4012251691070037,
            "Soil_Moisture": 185688.6099858786,
            "Soil_Temperature": 7.7656827546022935,
            "Wind_Dir_Sin": 0.6374864775346932,
            "Wind_Dir_Cos": 0.40335090429792053
        },
        "RMSE": {
            "Temperature": 2.686728442700904,
            "Precipitation_accumulated": 58.77354053132543,
            "Humidity": 8.890822843145237,
            "Wind_Speed_kmh": 1.1837335718425002,
            "Soil_Moisture": 430.91601268214504,
            "Soil_Temperature": 2.786697463773614,
            "Wind_Dir_Sin": 0.7984275029924089,
            "Wind_Dir_Cos": 0.6350991295049305
        },
        "MAE": {
            "Temperature": 2.084909295479123,
            "Precipitation_accumulated": 54.109908329303,
            "Humidity": 7.196508013521802,
            "Wind_Speed_kmh": 0.9683663291508281,
            "Soil_Moisture": 388.7621630460865,
            "Soil_Temperature": 2.3105200303118716,
            "Wind_Dir_Sin": 0.6780592063077046,
            "Wind_Dir_Cos": 0.5441736163014249
        },
        "R2": {
            "Temperature": 0.762917063638737,
            "Precipitation_accumulated": -1007.0448267744624,
            "Humidity": 0.4605098257507897,
            "Wind_Speed_kmh": -0.038551236678112,
            "Soil_Moisture": -2.2575575195884787,
            "Soil_Temperature": 0.5178752345430222,
            "Wind_Dir_Sin": -0.15769929705227592,
            "Wind_Dir_Cos": -0.10076830657666891
        },
        "SMAPE": {
            "Temperature": 35.696873985960536,
            "Precipitation_accumulated": 12.497701545399517,
            "Humidity": 8.419699658316556,
            "Wind_Speed_kmh": 74.5186637046971,
            "Soil_Moisture": 4.644008273469697,
            "Soil_Temperature": 43.8931271756249,
            "Wind_Dir_Sin": 134.4960163852103,
            "Wind_Dir_Cos": 137.74863648152032
        }
    }
}