{
    "trial_number": 211,
    "input_chunk_length": 55,
    "output_chunk_length": 24,
    "num_filters": 45,
    "kernel_size": 4,
    "num_layers": 6,
    "dilation_base": 4,
    "weight_norm": true,
    "dropout": 0.2513938244093842,
    "batch_size": 37,
    "lr": 0.005358542696133299,
    "forecast_horizon": 14,
    "overall_smape_val": 50.03408441655225,
    "metrics": {
        "MSE": {
            "Temperature": 0.849614218924891,
            "Precipitation_accumulated": 53.633980406511775,
            "Humidity": 10.799130962598833,
            "Wind_Speed_kmh": 0.16328804994052915,
            "Soil_Moisture": 98631.7155089405,
            "Soil_Temperature": 0.8159211505684868,
            "Wind_Dir_Sin": 0.09337878568704874,
            "Wind_Dir_Cos": 0.1255241028178303
        },
        "RMSE": {
            "Temperature": 0.9217452028217402,
            "Precipitation_accumulated": 7.323522404315547,
            "Humidity": 3.2862031225410933,
            "Wind_Speed_kmh": 0.40408916087978547,
            "Soil_Moisture": 314.0568666801293,
            "Soil_Temperature": 0.9032835383026122,
            "Wind_Dir_Sin": 0.3055794261514488,
            "Wind_Dir_Cos": 0.35429380860781395
        },
        "MAE": {
            "Temperature": 0.6276220272303712,
            "Precipitation_accumulated": 5.86332434076885,
            "Humidity": 2.0989143437720763,
            "Wind_Speed_kmh": 0.17617830370563783,
            "Soil_Moisture": 137.73797124858493,
            "Soil_Temperature": 0.7551445663388378,
            "Wind_Dir_Sin": 0.20313464728603745,
            "Wind_Dir_Cos": 0.20877746107186484
        },
        "R2": {
            "Temperature": 0.7495310611751642,
            "Precipitation_accumulated": -55.399499095216434,
            "Humidity": 0.8341988977269057,
            "Wind_Speed_kmh": 0.5241894540691084,
            "Soil_Moisture": 0.8677677119469533,
            "Soil_Temperature": 0.8540974382233953,
            "Wind_Dir_Sin": 0.4232379526096609,
            "Wind_Dir_Cos": 0.5657154427268218
        },
        "SMAPE": {
            "Temperature": 11.228604614779897,
            "Precipitation_accumulated": 1.275815325609973,
            "Humidity": 2.458130811067443,
            "Wind_Speed_kmh": 161.5001416562982,
            "Soil_Moisture": 2.1654482644446698,
            "Soil_Temperature": 19.068741994098435,
            "Wind_Dir_Sin": 156.3685634231324,
            "Wind_Dir_Cos": 46.20722924298704
        }
    }
}