{
    "trial_number": 51,
    "input_chunk_length": 24,
    "output_chunk_length": 3,
    "num_filters": 64,
    "kernel_size": 2,
    "num_layers": 3,
    "dilation_base": 4,
    "weight_norm": true,
    "dropout": 0.1382947627746293,
    "batch_size": 167,
    "lr": 0.003075558843123485,
    "loss_function": "smoothl1",
    "optimizer": "AdamW",
    "overall_mae_val": 0.11350776076026274,
    "metrics": {
        "MSE": {
            "Temperature": 4.477124933591482,
            "Precipitation_accumulated": 1057.5489150064316,
            "Humidity": 37.48078871145624,
            "Wind_Speed_kmh": 1.0166154610288562,
            "Soil_Moisture": 19978.525529341776,
            "Soil_Temperature": 7.275921237623093,
            "Wind_Dir_Sin": 0.5460012772354876,
            "Wind_Dir_Cos": 0.3797838219603676
        },
        "RMSE": {
            "Temperature": 2.1159217692512837,
            "Precipitation_accumulated": 32.51997716798755,
            "Humidity": 6.122155560867124,
            "Wind_Speed_kmh": 1.0082735050713454,
            "Soil_Moisture": 141.34541212696567,
            "Soil_Temperature": 2.697391561791334,
            "Wind_Dir_Sin": 0.7389189923364318,
            "Wind_Dir_Cos": 0.6162660318079909
        },
        "MAE": {
            "Temperature": 1.6780604354436057,
            "Precipitation_accumulated": 26.560724043248385,
            "Humidity": 4.7391878112555545,
            "Wind_Speed_kmh": 0.7981059585943642,
            "Soil_Moisture": 113.19162902859918,
            "Soil_Temperature": 2.210232149430398,
            "Wind_Dir_Sin": 0.6303225155807889,
            "Wind_Dir_Cos": 0.5202828579299018
        },
        "R2": {
            "Temperature": 0.85320053031027,
            "Precipitation_accumulated": -305.7305990385363,
            "Humidity": 0.7442709529159961,
            "Wind_Speed_kmh": 0.2472729540541203,
            "Soil_Moisture": 0.6543033515591687,
            "Soil_Temperature": 0.549716359772631,
            "Wind_Dir_Sin": 0.007175580082513511,
            "Wind_Dir_Cos": -0.03293666644546378
        },
        "SMAPE": {
            "Temperature": 29.186459784690772,
            "Precipitation_accumulated": 5.963244054157469,
            "Humidity": 5.60731780636574,
            "Wind_Speed_kmh": 68.69839628971981,
            "Soil_Moisture": 1.3280370976697589,
            "Soil_Temperature": 44.77041396826719,
            "Wind_Dir_Sin": 131.65256585870975,
            "Wind_Dir_Cos": 130.66675194337174
        }
    }
}