{
    "trial_number": 165,
    "input_chunk_length": 45,
    "output_chunk_length": 25,
    "num_filters": 29,
    "kernel_size": 7,
    "num_layers": 2,
    "dilation_base": 3,
    "weight_norm": true,
    "dropout": 0.23222721674340419,
    "batch_size": 17,
    "lr": 0.004975732610162035,
    "forecast_horizon": 2,
    "overall_smape_val": 54.62813539828157,
    "metrics": {
        "MSE": {
            "Temperature": 1.830971027783657,
            "Precipitation_accumulated": 119.05376088473024,
            "Humidity": 24.474898840097897,
            "Wind_Speed_kmh": 0.23043522024895374,
            "Soil_Moisture": 193907.62486656074,
            "Soil_Temperature": 1.7855227323389407,
            "Wind_Dir_Sin": 0.1332057742419322,
            "Wind_Dir_Cos": 0.14584204557831998
        },
        "RMSE": {
            "Temperature": 1.3531337804458423,
            "Precipitation_accumulated": 10.911175962504236,
            "Humidity": 4.947211218464186,
            "Wind_Speed_kmh": 0.4800366863573593,
            "Soil_Moisture": 440.3494349565589,
            "Soil_Temperature": 1.3362345349297557,
            "Wind_Dir_Sin": 0.3649736623948805,
            "Wind_Dir_Cos": 0.3818927147489462
        },
        "MAE": {
            "Temperature": 1.0739458556189974,
            "Precipitation_accumulated": 7.872660776809193,
            "Humidity": 3.683867097507223,
            "Wind_Speed_kmh": 0.20704864667639283,
            "Soil_Moisture": 165.2383624250514,
            "Soil_Temperature": 0.8469407751538206,
            "Wind_Dir_Sin": 0.2114624726507478,
            "Wind_Dir_Cos": 0.24902568522113966
        },
        "R2": {
            "Temperature": 0.46216689762090013,
            "Precipitation_accumulated": -124.4328262171042,
            "Humidity": 0.6236289692187723,
            "Wind_Speed_kmh": 0.3228628872276814,
            "Soil_Moisture": 0.7379521047175714,
            "Soil_Temperature": 0.681850218282602,
            "Wind_Dir_Sin": 0.17067230233755337,
            "Wind_Dir_Cos": 0.4920041128202671
        },
        "SMAPE": {
            "Temperature": 17.539903439716696,
            "Precipitation_accumulated": 1.7075488045771772,
            "Humidity": 4.362120288055474,
            "Wind_Speed_kmh": 171.24276363233372,
            "Soil_Moisture": 2.5546637432322985,
            "Soil_Temperature": 23.639871639836926,
            "Wind_Dir_Sin": 165.45971433868658,
            "Wind_Dir_Cos": 50.51849729981348
        }
    }
}