{
    "trial_number": 3,
    "input_chunk_length": 22,
    "num_filters": 50,
    "kernel_size": 4,
    "num_layers": 1,
    "dilation_base": 3,
    "weight_norm": true,
    "dropout": 0.20256491214805,
    "batch_size": 44,
    "lr": 0.004670358838862034,
    "overall_smape_val": 43.0131940463507,
    "metrics": {
        "MSE": {
            "Temperature": 0.4166223183509593,
            "Precipitation_accumulated": 1.7839174836041805,
            "Humidity": 3.2467828505796628,
            "Wind_Speed_kmh": 0.06614820310033488,
            "Soil_Moisture": 8663.944897587693,
            "Soil_Temperature": 0.2997340403792829,
            "Wind_Dir_Sin": 0.045525168879889,
            "Wind_Dir_Cos": 0.04533089866081833
        },
        "RMSE": {
            "Temperature": 0.6454628713961472,
            "Precipitation_accumulated": 1.335633738569141,
            "Humidity": 1.8018831401008397,
            "Wind_Speed_kmh": 0.25719292972462304,
            "Soil_Moisture": 93.0803142323214,
            "Soil_Temperature": 0.5474797168656415,
            "Wind_Dir_Sin": 0.21336627868500918,
            "Wind_Dir_Cos": 0.21291054145067204
        },
        "MAE": {
            "Temperature": 0.40442637267864695,
            "Precipitation_accumulated": 0.9204246975455844,
            "Humidity": 1.2799393065649998,
            "Wind_Speed_kmh": 0.09240734608088368,
            "Soil_Moisture": 17.308544015680354,
            "Soil_Temperature": 0.3557730493470511,
            "Wind_Dir_Sin": 0.10053680981322355,
            "Wind_Dir_Cos": 0.09416391922104783
        },
        "R2": {
            "Temperature": 0.8776205245200934,
            "Precipitation_accumulated": -0.8795022521231124,
            "Humidity": 0.9500714991232793,
            "Wind_Speed_kmh": 0.8056225814176899,
            "Soil_Moisture": 0.9882914943297451,
            "Soil_Temperature": 0.946592492051319,
            "Wind_Dir_Sin": 0.7165642127173844,
            "Wind_Dir_Cos": 0.8421037637634441
        },
        "SMAPE": {
            "Temperature": 7.187452950786118,
            "Precipitation_accumulated": 0.20026370353655107,
            "Humidity": 1.5447800607634599,
            "Wind_Speed_kmh": 148.74687045080154,
            "Soil_Moisture": 0.2590140756711301,
            "Soil_Temperature": 12.969244168670206,
            "Wind_Dir_Sin": 141.97121119671138,
            "Wind_Dir_Cos": 31.22671576386508
        }
    }
}