{
    "trial_number": 42,
    "input_chunk_length": 24,
    "output_chunk_length": 3,
    "num_filters": 80,
    "kernel_size": 2,
    "num_layers": 3,
    "dilation_base": 4,
    "weight_norm": true,
    "dropout": 0.24912925197879493,
    "batch_size": 160,
    "lr": 0.003272200424951969,
    "loss_function": "smoothl1",
    "optimizer": "AdamW",
    "overall_mae_val": 0.12090855930999456,
    "metrics": {
        "MSE": {
            "Temperature": 5.100776570429465,
            "Precipitation_accumulated": 1204.4213007480632,
            "Humidity": 50.00281521366464,
            "Wind_Speed_kmh": 1.0373864351117081,
            "Soil_Moisture": 81642.35601094548,
            "Soil_Temperature": 8.076137001633716,
            "Wind_Dir_Sin": 0.583151981994205,
            "Wind_Dir_Cos": 0.3780580259411684
        },
        "RMSE": {
            "Temperature": 2.25848988716564,
            "Precipitation_accumulated": 34.70477345766808,
            "Humidity": 7.071266874730767,
            "Wind_Speed_kmh": 1.0185216910364296,
            "Soil_Moisture": 285.7312653717571,
            "Soil_Temperature": 2.841854500433426,
            "Wind_Dir_Sin": 0.7636438842773542,
            "Wind_Dir_Cos": 0.6148642337469048
        },
        "MAE": {
            "Temperature": 1.7538298793988938,
            "Precipitation_accumulated": 31.898915537542514,
            "Humidity": 5.654950960135768,
            "Wind_Speed_kmh": 0.7860096509671466,
            "Soil_Moisture": 244.0650820686772,
            "Soil_Temperature": 2.4286550177132447,
            "Wind_Dir_Sin": 0.6342900321486978,
            "Wind_Dir_Cos": 0.5223423762107685
        },
        "R2": {
            "Temperature": 0.8327517532676543,
            "Precipitation_accumulated": -348.32934243611766,
            "Humidity": 0.6588339593238198,
            "Wind_Speed_kmh": 0.23189361490165417,
            "Soil_Moisture": -0.4126912820641415,
            "Soil_Temperature": 0.5001935494757263,
            "Wind_Dir_Sin": -0.06037760786669977,
            "Wind_Dir_Cos": -0.02824284358109108
        },
        "SMAPE": {
            "Temperature": 29.156689069391913,
            "Precipitation_accumulated": 7.1506154769689365,
            "Humidity": 6.571637116676179,
            "Wind_Speed_kmh": 68.06741479563429,
            "Soil_Moisture": 2.8980080091894798,
            "Soil_Temperature": 56.55329198782403,
            "Wind_Dir_Sin": 126.77167483698025,
            "Wind_Dir_Cos": 129.64184913508018
        }
    }
}