{
    "trial_number": 66,
    "input_chunk_length": 50,
    "output_chunk_length": 24,
    "num_filters": 105,
    "kernel_size": 2,
    "num_layers": 2,
    "dilation_base": 4,
    "weight_norm": true,
    "dropout": 0.11176490145357197,
    "batch_size": 41,
    "lr": 0.0035008101537400914,
    "forecast_horizon": 1,
    "overall_smape_val": 52.48358672436734,
    "metrics": {
        "MSE": {
            "Temperature": 0.917319127084916,
            "Precipitation_accumulated": 81.52279934598027,
            "Humidity": 15.274630323741913,
            "Wind_Speed_kmh": 0.2046483530576606,
            "Soil_Moisture": 162094.84021668058,
            "Soil_Temperature": 1.0793143785730643,
            "Wind_Dir_Sin": 0.11798688156580628,
            "Wind_Dir_Cos": 0.14542929578232797
        },
        "RMSE": {
            "Temperature": 0.9577677834866425,
            "Precipitation_accumulated": 9.028997693320132,
            "Humidity": 3.9082771554409894,
            "Wind_Speed_kmh": 0.45238076114890274,
            "Soil_Moisture": 402.6100349180092,
            "Soil_Temperature": 1.0389005624086765,
            "Wind_Dir_Sin": 0.3434921855964212,
            "Wind_Dir_Cos": 0.3813519316619859
        },
        "MAE": {
            "Temperature": 0.7161753086390518,
            "Precipitation_accumulated": 7.1395770896818505,
            "Humidity": 2.6787317613418664,
            "Wind_Speed_kmh": 0.24658264562187296,
            "Soil_Moisture": 212.6114594897114,
            "Soil_Temperature": 0.6579721479404539,
            "Wind_Dir_Sin": 0.2283766542302594,
            "Wind_Dir_Cos": 0.2640787043788363
        },
        "R2": {
            "Temperature": 0.7305448395931348,
            "Precipitation_accumulated": -84.89090379930815,
            "Humidity": 0.7651092085279505,
            "Wind_Speed_kmh": 0.3986379565876993,
            "Soil_Moisture": 0.7809440874532223,
            "Soil_Temperature": 0.8076845353306396,
            "Wind_Dir_Sin": 0.2654238196489571,
            "Wind_Dir_Cos": 0.49344179972301705
        },
        "SMAPE": {
            "Temperature": 12.54512303361355,
            "Precipitation_accumulated": 1.554320372817616,
            "Humidity": 3.1670404864424513,
            "Wind_Speed_kmh": 168.3355823219219,
            "Soil_Moisture": 3.412994199004138,
            "Soil_Temperature": 16.90660329120871,
            "Wind_Dir_Sin": 160.89052278045997,
            "Wind_Dir_Cos": 53.05650730947069
        }
    }
}