{
    "trial_number": 33,
    "input_chunk_length": 38,
    "output_chunk_length": 17,
    "num_filters": 68,
    "kernel_size": 7,
    "num_layers": 2,
    "dilation_base": 3,
    "weight_norm": true,
    "dropout": 0.23212851180261357,
    "batch_size": 44,
    "lr": 0.006219792324297634,
    "forecast_horizon": 18,
    "overall_smape_val": 52.403730937141724,
    "metrics": {
        "MSE": {
            "Temperature": 1.145748051292636,
            "Precipitation_accumulated": 369.2995481240496,
            "Humidity": 18.81437834337742,
            "Wind_Speed_kmh": 0.1786126783913747,
            "Soil_Moisture": 141803.8391604344,
            "Soil_Temperature": 1.2182637128339766,
            "Wind_Dir_Sin": 0.11453303098019134,
            "Wind_Dir_Cos": 0.14250414178123724
        },
        "RMSE": {
            "Temperature": 1.07039621229367,
            "Precipitation_accumulated": 19.217168056819652,
            "Humidity": 4.337554419644487,
            "Wind_Speed_kmh": 0.42262593199113413,
            "Soil_Moisture": 376.56850526887456,
            "Soil_Temperature": 1.103749841600884,
            "Wind_Dir_Sin": 0.338427290536965,
            "Wind_Dir_Cos": 0.3774972076469404
        },
        "MAE": {
            "Temperature": 0.814487887779708,
            "Precipitation_accumulated": 16.152227016060532,
            "Humidity": 3.304933218939524,
            "Wind_Speed_kmh": 0.25414070896297614,
            "Soil_Moisture": 215.79674275688527,
            "Soil_Temperature": 0.7571206113347088,
            "Wind_Dir_Sin": 0.19999681950710826,
            "Wind_Dir_Cos": 0.24308789692798347
        },
        "R2": {
            "Temperature": 0.661162101077394,
            "Precipitation_accumulated": -387.10212591951455,
            "Humidity": 0.7110949860752661,
            "Wind_Speed_kmh": 0.48099785127170025,
            "Soil_Moisture": 0.8103941770323835,
            "Soil_Temperature": 0.7818535569051871,
            "Wind_Dir_Sin": 0.29445980881354517,
            "Wind_Dir_Cos": 0.5080797963491706
        },
        "SMAPE": {
            "Temperature": 13.976300006030016,
            "Precipitation_accumulated": 3.430416396387102,
            "Humidity": 3.9103661826716545,
            "Wind_Speed_kmh": 166.45193589284935,
            "Soil_Moisture": 3.431232499059791,
            "Soil_Temperature": 23.293455919455145,
            "Wind_Dir_Sin": 158.03540196401718,
            "Wind_Dir_Cos": 46.70073863666372
        }
    }
}