{
    "trial_number": 44,
    "input_chunk_length": 42,
    "output_chunk_length": 16,
    "num_filters": 70,
    "kernel_size": 6,
    "num_layers": 2,
    "dilation_base": 4,
    "weight_norm": true,
    "dropout": 0.19944027491118888,
    "batch_size": 32,
    "lr": 0.006119251354431213,
    "forecast_horizon": 17,
    "overall_smape_val": 54.054048345657634,
    "metrics": {
        "MSE": {
            "Temperature": 1.5519581445993877,
            "Precipitation_accumulated": 57.46398799578542,
            "Humidity": 32.86273863309724,
            "Wind_Speed_kmh": 0.2365543848503099,
            "Soil_Moisture": 229576.45070930256,
            "Soil_Temperature": 2.1961405930179985,
            "Wind_Dir_Sin": 0.1214376414690965,
            "Wind_Dir_Cos": 0.15345856325686935
        },
        "RMSE": {
            "Temperature": 1.2457761213795149,
            "Precipitation_accumulated": 7.580500510901996,
            "Humidity": 5.732603128867132,
            "Wind_Speed_kmh": 0.4863685689374982,
            "Soil_Moisture": 479.14136818824414,
            "Soil_Temperature": 1.4819381205090847,
            "Wind_Dir_Sin": 0.348479040214898,
            "Wind_Dir_Cos": 0.3917378756986224
        },
        "MAE": {
            "Temperature": 0.9273278352787613,
            "Precipitation_accumulated": 5.616341975042049,
            "Humidity": 4.6276032391607425,
            "Wind_Speed_kmh": 0.23594032324105532,
            "Soil_Moisture": 260.3529542755117,
            "Soil_Temperature": 1.007301748465541,
            "Wind_Dir_Sin": 0.2298771604728568,
            "Wind_Dir_Cos": 0.22803203131105357
        },
        "R2": {
            "Temperature": 0.5413683180253697,
            "Precipitation_accumulated": -59.398970781480976,
            "Humidity": 0.4953688352207507,
            "Wind_Speed_kmh": 0.31214976270429284,
            "Soil_Moisture": 0.6928306090785465,
            "Soil_Temperature": 0.6069078903309104,
            "Wind_Dir_Sin": 0.2514273280495558,
            "Wind_Dir_Cos": 0.4699663039180535
        },
        "SMAPE": {
            "Temperature": 15.674483962293438,
            "Precipitation_accumulated": 1.2114003299554432,
            "Humidity": 5.529215757190818,
            "Wind_Speed_kmh": 173.68929156925373,
            "Soil_Moisture": 4.1500360587608975,
            "Soil_Temperature": 24.344026944403502,
            "Wind_Dir_Sin": 161.2083196794797,
            "Wind_Dir_Cos": 46.62561246392373
        }
    }
}