{
    "trial_number": 37,
    "input_chunk_length": 26,
    "output_chunk_length": 12,
    "num_filters": 73,
    "kernel_size": 4,
    "num_layers": 1,
    "dilation_base": 4,
    "weight_norm": true,
    "dropout": 0.13797658428011722,
    "batch_size": 27,
    "lr": 5.010987174408153e-05,
    "forecast_horizon": 16,
    "overall_smape_val": 54.62755317505943,
    "metrics": {
        "MSE": {
            "Temperature": 1.7524200539867625,
            "Precipitation_accumulated": 509.3537161792717,
            "Humidity": 21.58820723184912,
            "Wind_Speed_kmh": 0.20012164126666562,
            "Soil_Moisture": 170878.13620914973,
            "Soil_Temperature": 1.7634804342491874,
            "Wind_Dir_Sin": 0.12763530637259388,
            "Wind_Dir_Cos": 0.13791631767876006
        },
        "RMSE": {
            "Temperature": 1.3237900339505364,
            "Precipitation_accumulated": 22.56886608093707,
            "Humidity": 4.646311142384797,
            "Wind_Speed_kmh": 0.4473495738979368,
            "Soil_Moisture": 413.37408749116065,
            "Soil_Temperature": 1.3279610062984484,
            "Wind_Dir_Sin": 0.3572608380057824,
            "Wind_Dir_Cos": 0.37137086272183506
        },
        "MAE": {
            "Temperature": 1.047020253368467,
            "Precipitation_accumulated": 14.72961766574813,
            "Humidity": 3.745547084845761,
            "Wind_Speed_kmh": 0.23347107431238895,
            "Soil_Moisture": 245.49846074978151,
            "Soil_Temperature": 0.9663713617412402,
            "Wind_Dir_Sin": 0.20524381312627296,
            "Wind_Dir_Cos": 0.2462957418363689
        },
        "R2": {
            "Temperature": 0.4827506693455321,
            "Precipitation_accumulated": -534.4514441552664,
            "Humidity": 0.6685849229114208,
            "Wind_Speed_kmh": 0.4176786034736989,
            "Soil_Moisture": 0.7712167617942305,
            "Soil_Temperature": 0.6844812101489407,
            "Wind_Dir_Sin": 0.21269878039084722,
            "Wind_Dir_Cos": 0.5233791028647212
        },
        "SMAPE": {
            "Temperature": 17.249353910154774,
            "Precipitation_accumulated": 3.3252958519887166,
            "Humidity": 4.431133727875399,
            "Wind_Speed_kmh": 169.46096620431868,
            "Soil_Moisture": 3.8959489675790433,
            "Soil_Temperature": 22.15717592022837,
            "Wind_Dir_Sin": 165.88949267584073,
            "Wind_Dir_Cos": 50.611058142489796
        }
    }
}