{
    "trial_number": 82,
    "input_chunk_length": 27,
    "output_chunk_length": 2,
    "num_filters": 67,
    "kernel_size": 8,
    "num_layers": 3,
    "dilation_base": 4,
    "weight_norm": true,
    "dropout": 0.10007001202232783,
    "batch_size": 99,
    "lr": 0.0041047202616648825,
    "loss_function": "smoothl1",
    "optimizer": "AdamW",
    "overall_mae_val": 0.11205711411208115,
    "metrics": {
        "MSE": {
            "Temperature": 3.2671272375080322,
            "Precipitation_accumulated": 1555.2287745644578,
            "Humidity": 29.08847788547605,
            "Wind_Speed_kmh": 0.8495214910294151,
            "Soil_Moisture": 49998.83720650322,
            "Soil_Temperature": 6.583951667243724,
            "Wind_Dir_Sin": 0.48525474346292474,
            "Wind_Dir_Cos": 0.3731804499399649
        },
        "RMSE": {
            "Temperature": 1.8075196368250144,
            "Precipitation_accumulated": 39.43638896456492,
            "Humidity": 5.3933735162211836,
            "Wind_Speed_kmh": 0.9216949012712478,
            "Soil_Moisture": 223.60419764955938,
            "Soil_Temperature": 2.5659212122050286,
            "Wind_Dir_Sin": 0.6966022849969161,
            "Wind_Dir_Cos": 0.6108849727567088
        },
        "MAE": {
            "Temperature": 1.4455709322855679,
            "Precipitation_accumulated": 33.55549599661128,
            "Humidity": 4.298087352847401,
            "Wind_Speed_kmh": 0.6939497328870068,
            "Soil_Moisture": 191.10087133210055,
            "Soil_Temperature": 2.2045035688405203,
            "Wind_Dir_Sin": 0.6058715311907014,
            "Wind_Dir_Cos": 0.5070517455630689
        },
        "R2": {
            "Temperature": 0.8927453611978519,
            "Precipitation_accumulated": -451.45431024108507,
            "Humidity": 0.8015022142159804,
            "Wind_Speed_kmh": 0.37061089206670905,
            "Soil_Moisture": 0.12911361925296239,
            "Soil_Temperature": 0.5919051686929833,
            "Wind_Dir_Sin": 0.11821244558603805,
            "Wind_Dir_Cos": -0.01674190206505588
        },
        "SMAPE": {
            "Temperature": 26.390982024252715,
            "Precipitation_accumulated": 7.590605893487889,
            "Humidity": 5.103089031861221,
            "Wind_Speed_kmh": 64.62628666418865,
            "Soil_Moisture": 2.246808752274149,
            "Soil_Temperature": 51.080106744800915,
            "Wind_Dir_Sin": 129.74356395101591,
            "Wind_Dir_Cos": 122.88635193036029
        }
    }
}