{
    "trial_number": 46,
    "input_chunk_length": 9,
    "num_filters": 115,
    "kernel_size": 7,
    "num_layers": 4,
    "dilation_base": 4,
    "weight_norm": true,
    "dropout": 0.1522735994937656,
    "batch_size": 16,
    "lr": 0.0017537173892029118,
    "overall_smape_val": 42.44435013283522,
    "metrics": {
        "MSE": {
            "Temperature": 0.35875967572220324,
            "Precipitation_accumulated": 42.80695864495381,
            "Humidity": 2.3346772711214263,
            "Wind_Speed_kmh": 0.06402661901783,
            "Soil_Moisture": 16701.706925820214,
            "Soil_Temperature": 0.19719224064894467,
            "Wind_Dir_Sin": 0.04493532939545224,
            "Wind_Dir_Cos": 0.039429643731881
        },
        "RMSE": {
            "Temperature": 0.5989655046179231,
            "Precipitation_accumulated": 6.5427027018621144,
            "Humidity": 1.5279650752296094,
            "Wind_Speed_kmh": 0.25303481779753156,
            "Soil_Moisture": 129.23508395873085,
            "Soil_Temperature": 0.4440633295476498,
            "Wind_Dir_Sin": 0.21197954947459494,
            "Wind_Dir_Cos": 0.198568989854612
        },
        "MAE": {
            "Temperature": 0.35639842643895253,
            "Precipitation_accumulated": 6.2217388303078245,
            "Humidity": 1.0007172000581492,
            "Wind_Speed_kmh": 0.10045319808356196,
            "Soil_Moisture": 92.68266142923387,
            "Soil_Temperature": 0.34223992589438634,
            "Wind_Dir_Sin": 0.10705811507882033,
            "Wind_Dir_Cos": 0.09537140770741347
        },
        "R2": {
            "Temperature": 0.8946172132304262,
            "Precipitation_accumulated": -44.10061475331296,
            "Humidity": 0.9640977110134621,
            "Wind_Speed_kmh": 0.8118568858724474,
            "Soil_Moisture": 0.9774292158415794,
            "Soil_Temperature": 0.9648636966740577,
            "Wind_Dir_Sin": 0.7202365026342606,
            "Wind_Dir_Cos": 0.8626589693710711
        },
        "SMAPE": {
            "Temperature": 6.150755047774424,
            "Precipitation_accumulated": 1.3644245751530608,
            "Humidity": 1.224976929763843,
            "Wind_Speed_kmh": 147.23992055202433,
            "Soil_Moisture": 1.5102068095540682,
            "Soil_Temperature": 13.158803886397527,
            "Wind_Dir_Sin": 143.84770492281794,
            "Wind_Dir_Cos": 25.0580083391968
        }
    }
}