{
    "trial_number": 225,
    "input_chunk_length": 56,
    "output_chunk_length": 26,
    "num_filters": 49,
    "kernel_size": 6,
    "num_layers": 4,
    "dilation_base": 4,
    "weight_norm": true,
    "dropout": 0.25569822152542854,
    "batch_size": 37,
    "lr": 0.007851267311399887,
    "forecast_horizon": 15,
    "overall_smape_val": 53.32923946124857,
    "metrics": {
        "MSE": {
            "Temperature": 1.1342796665924233,
            "Precipitation_accumulated": 105.69137769926515,
            "Humidity": 23.296689498306552,
            "Wind_Speed_kmh": 0.2272819747242593,
            "Soil_Moisture": 196103.09156049427,
            "Soil_Temperature": 1.4611016185983172,
            "Wind_Dir_Sin": 0.1288609143653421,
            "Wind_Dir_Cos": 0.14327519207178938
        },
        "RMSE": {
            "Temperature": 1.0650256647576262,
            "Precipitation_accumulated": 10.280631191676179,
            "Humidity": 4.826664427770647,
            "Wind_Speed_kmh": 0.4767409933331298,
            "Soil_Moisture": 442.83528716724265,
            "Soil_Temperature": 1.2087603644222942,
            "Wind_Dir_Sin": 0.35897202448845805,
            "Wind_Dir_Cos": 0.37851709614202284
        },
        "MAE": {
            "Temperature": 0.7584421103665777,
            "Precipitation_accumulated": 9.37243925694441,
            "Humidity": 3.291425346675242,
            "Wind_Speed_kmh": 0.18677667703450482,
            "Soil_Moisture": 190.73233430987753,
            "Soil_Temperature": 0.7212039320979987,
            "Wind_Dir_Sin": 0.21853892563602081,
            "Wind_Dir_Cos": 0.25849844759997237
        },
        "R2": {
            "Temperature": 0.6655775503206647,
            "Precipitation_accumulated": -110.12386089147259,
            "Humidity": 0.6424088970310408,
            "Wind_Speed_kmh": 0.3381809305787673,
            "Soil_Moisture": 0.7372688294897379,
            "Soil_Temperature": 0.7386673953075503,
            "Wind_Dir_Sin": 0.2046091748639104,
            "Wind_Dir_Cos": 0.5045801591491406
        },
        "SMAPE": {
            "Temperature": 13.082701802175837,
            "Precipitation_accumulated": 2.0648140371184818,
            "Humidity": 3.840821445508997,
            "Wind_Speed_kmh": 170.98561660602462,
            "Soil_Moisture": 2.976173772828182,
            "Soil_Temperature": 17.75949273688164,
            "Wind_Dir_Sin": 162.84294003474565,
            "Wind_Dir_Cos": 53.081355254705166
        }
    }
}