{
    "trial_number": 4,
    "input_chunk_length": 31,
    "output_chunk_length": 4,
    "num_filters": 40,
    "kernel_size": 8,
    "num_layers": 2,
    "dilation_base": 4,
    "weight_norm": true,
    "dropout": 0.4002992446468062,
    "batch_size": 251,
    "lr": 0.0040537780612485514,
    "loss_function": "smoothl1",
    "optimizer": "AdamW",
    "overall_mae_val": 0.11382590314353705,
    "metrics": {
        "MSE": {
            "Temperature": 6.9822844144846785,
            "Precipitation_accumulated": 372.12529941040646,
            "Humidity": 45.797532363243405,
            "Wind_Speed_kmh": 1.120371747256862,
            "Soil_Moisture": 21569.15591743587,
            "Soil_Temperature": 3.8859178100216623,
            "Wind_Dir_Sin": 0.584920940873137,
            "Wind_Dir_Cos": 0.3867715784349051
        },
        "RMSE": {
            "Temperature": 2.642401259174064,
            "Precipitation_accumulated": 19.29054948440833,
            "Humidity": 6.767387410459328,
            "Wind_Speed_kmh": 1.0584761439243031,
            "Soil_Moisture": 146.8644133799467,
            "Soil_Temperature": 1.9712731444479383,
            "Wind_Dir_Sin": 0.764801242724629,
            "Wind_Dir_Cos": 0.6219096224009604
        },
        "MAE": {
            "Temperature": 2.102393695425115,
            "Precipitation_accumulated": 17.365846417019995,
            "Humidity": 5.301776155835977,
            "Wind_Speed_kmh": 0.8328212538751341,
            "Soil_Moisture": 124.84548952059876,
            "Soil_Temperature": 1.6486514225863813,
            "Wind_Dir_Sin": 0.637420394309012,
            "Wind_Dir_Cos": 0.5309239749984975
        },
        "R2": {
            "Temperature": 0.7711349953184714,
            "Precipitation_accumulated": -108.2666492251129,
            "Humidity": 0.6877292501790451,
            "Wind_Speed_kmh": 0.1679690278933914,
            "Soil_Moisture": 0.6152254093397147,
            "Soil_Temperature": 0.7587006157995018,
            "Wind_Dir_Sin": -0.06237384318249384,
            "Wind_Dir_Cos": -0.05504701411419166
        },
        "SMAPE": {
            "Temperature": 33.41296034428341,
            "Precipitation_accumulated": 3.8204606642906787,
            "Humidity": 6.273000192906779,
            "Wind_Speed_kmh": 70.5523386353784,
            "Soil_Moisture": 1.4618263658077835,
            "Soil_Temperature": 36.952872800926286,
            "Wind_Dir_Sin": 123.85703304954556,
            "Wind_Dir_Cos": 136.45330949178776
        }
    }
}