{
    "trial_number": 118,
    "input_chunk_length": 51,
    "output_chunk_length": 22,
    "num_filters": 76,
    "kernel_size": 8,
    "num_layers": 2,
    "dilation_base": 4,
    "weight_norm": true,
    "dropout": 0.15919081370520163,
    "batch_size": 23,
    "lr": 0.0073558094600857365,
    "forecast_horizon": 20,
    "overall_smape_val": 53.36305120001158,
    "metrics": {
        "MSE": {
            "Temperature": 1.2216422049384945,
            "Precipitation_accumulated": 113.82743243777503,
            "Humidity": 37.80200223770664,
            "Wind_Speed_kmh": 0.2059449818140207,
            "Soil_Moisture": 172736.6383191714,
            "Soil_Temperature": 1.3319181684585362,
            "Wind_Dir_Sin": 0.1406230480191013,
            "Wind_Dir_Cos": 0.1470200396426131
        },
        "RMSE": {
            "Temperature": 1.105279242969167,
            "Precipitation_accumulated": 10.66899397496198,
            "Humidity": 6.148333289413208,
            "Wind_Speed_kmh": 0.45381161489545496,
            "Soil_Moisture": 415.6159745716849,
            "Soil_Temperature": 1.1540875913285509,
            "Wind_Dir_Sin": 0.37499739734977,
            "Wind_Dir_Cos": 0.3834319230875451
        },
        "MAE": {
            "Temperature": 0.8440569585900956,
            "Precipitation_accumulated": 9.134075106856137,
            "Humidity": 5.098880555808935,
            "Wind_Speed_kmh": 0.20983183830114358,
            "Soil_Moisture": 151.9742270113273,
            "Soil_Temperature": 0.7306546478939117,
            "Wind_Dir_Sin": 0.28031849194739406,
            "Wind_Dir_Cos": 0.28128109404500945
        },
        "R2": {
            "Temperature": 0.6381257330915713,
            "Precipitation_accumulated": -118.58647377219411,
            "Humidity": 0.41918025809554427,
            "Wind_Speed_kmh": 0.40242087797379533,
            "Soil_Moisture": 0.7693386169043003,
            "Soil_Temperature": 0.7613139594861279,
            "Wind_Dir_Sin": 0.13489728601220097,
            "Wind_Dir_Cos": 0.49306411566011965
        },
        "SMAPE": {
            "Temperature": 14.678678783704294,
            "Precipitation_accumulated": 2.014049341532281,
            "Humidity": 6.085029799793658,
            "Wind_Speed_kmh": 167.16103540660208,
            "Soil_Moisture": 2.403326765251324,
            "Soil_Temperature": 18.656589141611317,
            "Wind_Dir_Sin": 160.13597555443937,
            "Wind_Dir_Cos": 55.76972480715838
        }
    }
}