{
    "trial_number": 173,
    "input_chunk_length": 72,
    "output_chunk_length": 16,
    "num_filters": 73,
    "kernel_size": 3,
    "num_layers": 2,
    "dilation_base": 4,
    "weight_norm": true,
    "dropout": 0.22056205612132995,
    "batch_size": 45,
    "lr": 0.006644437680751251,
    "forecast_horizon": 16,
    "overall_smape_val": 52.614392115041014,
    "metrics": {
        "MSE": {
            "Temperature": 1.2100618635710108,
            "Precipitation_accumulated": 26.535097653499086,
            "Humidity": 12.433310894392042,
            "Wind_Speed_kmh": 0.1805419452607331,
            "Soil_Moisture": 102745.29820266074,
            "Soil_Temperature": 1.8492687509068733,
            "Wind_Dir_Sin": 0.09338448940525568,
            "Wind_Dir_Cos": 0.12066005690912639
        },
        "RMSE": {
            "Temperature": 1.1000281194455943,
            "Precipitation_accumulated": 5.151222927955952,
            "Humidity": 3.526090029252237,
            "Wind_Speed_kmh": 0.4249022773070687,
            "Soil_Moisture": 320.539074377307,
            "Soil_Temperature": 1.3598782117920978,
            "Wind_Dir_Sin": 0.30558875863692314,
            "Wind_Dir_Cos": 0.34736156510058275
        },
        "MAE": {
            "Temperature": 0.856454845614389,
            "Precipitation_accumulated": 3.9311432703794544,
            "Humidity": 2.502581960359897,
            "Wind_Speed_kmh": 0.24990825651461696,
            "Soil_Moisture": 145.09569679931624,
            "Soil_Temperature": 0.9730948710293313,
            "Wind_Dir_Sin": 0.17206074261840643,
            "Wind_Dir_Cos": 0.20852401014546565
        },
        "R2": {
            "Temperature": 0.642834668800628,
            "Precipitation_accumulated": -26.894674973503836,
            "Humidity": 0.8091278889313189,
            "Wind_Speed_kmh": 0.47465233130027684,
            "Soil_Moisture": 0.8624376262832653,
            "Soil_Temperature": 0.6691321167711529,
            "Wind_Dir_Sin": 0.4239703379039129,
            "Wind_Dir_Cos": 0.5830145008194461
        },
        "SMAPE": {
            "Temperature": 15.781227514720001,
            "Precipitation_accumulated": 0.8555801379616469,
            "Humidity": 2.9812005888383597,
            "Wind_Speed_kmh": 167.97850106164114,
            "Soil_Moisture": 2.307455261565609,
            "Soil_Temperature": 24.76894000229101,
            "Wind_Dir_Sin": 157.34367045602158,
            "Wind_Dir_Cos": 48.898561897288566
        }
    }
}