{
    "trial_number": 114,
    "input_chunk_length": 60,
    "output_chunk_length": 20,
    "num_filters": 21,
    "kernel_size": 8,
    "num_layers": 2,
    "dilation_base": 2,
    "weight_norm": true,
    "dropout": 0.1870444166370373,
    "batch_size": 18,
    "lr": 0.007947373551982044,
    "forecast_horizon": 19,
    "overall_smape_val": 53.300078364141925,
    "metrics": {
        "MSE": {
            "Temperature": 1.6207611747360844,
            "Precipitation_accumulated": 101.68620089404607,
            "Humidity": 21.88252935550559,
            "Wind_Speed_kmh": 0.20894499254829982,
            "Soil_Moisture": 166319.5913455836,
            "Soil_Temperature": 2.382593227904128,
            "Wind_Dir_Sin": 0.13496895683543997,
            "Wind_Dir_Cos": 0.15406181837393712
        },
        "RMSE": {
            "Temperature": 1.273091188696271,
            "Precipitation_accumulated": 10.083957600765984,
            "Humidity": 4.677876586177279,
            "Wind_Speed_kmh": 0.4571050126046528,
            "Soil_Moisture": 407.82299021215516,
            "Soil_Temperature": 1.5435651032282791,
            "Wind_Dir_Sin": 0.367381214592472,
            "Wind_Dir_Cos": 0.39250709340588624
        },
        "MAE": {
            "Temperature": 0.9797075266800681,
            "Precipitation_accumulated": 8.763292727237134,
            "Humidity": 3.5013198895810893,
            "Wind_Speed_kmh": 0.20941438014621183,
            "Soil_Moisture": 172.9397064532519,
            "Soil_Temperature": 1.1105336622652158,
            "Wind_Dir_Sin": 0.20916574362683354,
            "Wind_Dir_Cos": 0.2224497802740066
        },
        "R2": {
            "Temperature": 0.520359637351447,
            "Precipitation_accumulated": -105.8471760955668,
            "Humidity": 0.6639623509271073,
            "Wind_Speed_kmh": 0.39328796268283417,
            "Soil_Moisture": 0.7777603801318931,
            "Soil_Temperature": 0.5732078310136817,
            "Wind_Dir_Sin": 0.16912618930396284,
            "Wind_Dir_Cos": 0.4684833079034495
        },
        "SMAPE": {
            "Temperature": 17.56687321203118,
            "Precipitation_accumulated": 1.917529873464484,
            "Humidity": 4.205153410812451,
            "Wind_Speed_kmh": 163.82834095374432,
            "Soil_Moisture": 2.74787709798184,
            "Soil_Temperature": 24.54100524391853,
            "Wind_Dir_Sin": 163.5455130038018,
            "Wind_Dir_Cos": 48.04833411738094
        }
    }
}