{
    "trial_number": 11,
    "input_chunk_length": 118,
    "output_chunk_length": 58,
    "num_filters": 20,
    "kernel_size": 2,
    "num_layers": 6,
    "dilation_base": 3,
    "weight_norm": false,
    "dropout": 0.3850131291582319,
    "batch_size": 64,
    "lr": 0.008433172579097897,
    "forecast_horizon": 24,
    "overall_smape_val": 54.70603956772921,
    "metrics": {
        "MSE": {
            "Temperature": 1.6364872604416096,
            "Precipitation_accumulated": 97.11430300144949,
            "Humidity": 31.452739960253666,
            "Wind_Speed_kmh": 0.23044453758402172,
            "Soil_Moisture": 253151.56678034356,
            "Soil_Temperature": 2.3594361824418355,
            "Wind_Dir_Sin": 0.13346675991325735,
            "Wind_Dir_Cos": 0.13923680796150695
        },
        "RMSE": {
            "Temperature": 1.2792526179146986,
            "Precipitation_accumulated": 9.854658949017438,
            "Humidity": 5.6082742408207595,
            "Wind_Speed_kmh": 0.4800463910748853,
            "Soil_Moisture": 503.14169652329906,
            "Soil_Temperature": 1.5360456316274707,
            "Wind_Dir_Sin": 0.36533102785454363,
            "Wind_Dir_Cos": 0.3731444867092464
        },
        "MAE": {
            "Temperature": 0.9604185281560459,
            "Precipitation_accumulated": 8.63867404978385,
            "Humidity": 4.437608944340209,
            "Wind_Speed_kmh": 0.3050148938948581,
            "Soil_Moisture": 305.02143827736916,
            "Soil_Temperature": 1.016441851403001,
            "Wind_Dir_Sin": 0.2502044014189598,
            "Wind_Dir_Cos": 0.26665059891894866
        },
        "R2": {
            "Temperature": 0.513287806166716,
            "Precipitation_accumulated": -100.9665789842688,
            "Humidity": 0.516855222896294,
            "Wind_Speed_kmh": 0.33321977421976,
            "Soil_Moisture": 0.6628517840799322,
            "Soil_Temperature": 0.5764496416538487,
            "Wind_Dir_Sin": 0.18111601807534083,
            "Wind_Dir_Cos": 0.5209862828808598
        },
        "SMAPE": {
            "Temperature": 15.897886443263728,
            "Precipitation_accumulated": 1.902501331288742,
            "Humidity": 5.267978687828653,
            "Wind_Speed_kmh": 171.83579499612978,
            "Soil_Moisture": 4.824153156710383,
            "Soil_Temperature": 23.38062326486466,
            "Wind_Dir_Sin": 158.8934121012342,
            "Wind_Dir_Cos": 55.64596656051343
        }
    }
}