{
    "trial_number": 222,
    "input_chunk_length": 57,
    "output_chunk_length": 25,
    "num_filters": 57,
    "kernel_size": 6,
    "num_layers": 5,
    "dilation_base": 4,
    "weight_norm": true,
    "dropout": 0.25162722256129644,
    "batch_size": 36,
    "lr": 0.004370423645977725,
    "forecast_horizon": 14,
    "overall_smape_val": 53.737804458213134,
    "metrics": {
        "MSE": {
            "Temperature": 1.385156929770775,
            "Precipitation_accumulated": 58.23602141697729,
            "Humidity": 19.180951033100207,
            "Wind_Speed_kmh": 0.20649640298396651,
            "Soil_Moisture": 163709.82518710435,
            "Soil_Temperature": 1.3070142996317762,
            "Wind_Dir_Sin": 0.13055796606276399,
            "Wind_Dir_Cos": 0.13674706246066626
        },
        "RMSE": {
            "Temperature": 1.1769269007762442,
            "Precipitation_accumulated": 7.631252938867725,
            "Humidity": 4.3796062646201666,
            "Wind_Speed_kmh": 0.4544187528964518,
            "Soil_Moisture": 404.6107081962912,
            "Soil_Temperature": 1.1432472609334239,
            "Wind_Dir_Sin": 0.3613280587814403,
            "Wind_Dir_Cos": 0.3697932698963926
        },
        "MAE": {
            "Temperature": 0.8648461839925069,
            "Precipitation_accumulated": 6.085639227960332,
            "Humidity": 3.0158585446208597,
            "Wind_Speed_kmh": 0.2047414583486418,
            "Soil_Moisture": 165.35157216783804,
            "Soil_Temperature": 0.8096599149415958,
            "Wind_Dir_Sin": 0.23780414121193963,
            "Wind_Dir_Cos": 0.25420032909637863
        },
        "R2": {
            "Temperature": 0.5916513888567296,
            "Precipitation_accumulated": -60.23883426740861,
            "Humidity": 0.7055112272507403,
            "Wind_Speed_kmh": 0.39828317949567593,
            "Soil_Moisture": 0.7805196366143218,
            "Soil_Temperature": 0.7662804371941279,
            "Wind_Dir_Sin": 0.19359756870427924,
            "Wind_Dir_Cos": 0.5268865807762433
        },
        "SMAPE": {
            "Temperature": 14.923892186497866,
            "Precipitation_accumulated": 1.3358185663321895,
            "Humidity": 3.595560050161926,
            "Wind_Speed_kmh": 169.28034973118645,
            "Soil_Moisture": 2.6031680669701265,
            "Soil_Temperature": 24.349127044252807,
            "Wind_Dir_Sin": 160.67842578932834,
            "Wind_Dir_Cos": 53.136094230975516
        }
    }
}