{
    "trial_number": 63,
    "input_chunk_length": 30,
    "output_chunk_length": 4,
    "num_filters": 99,
    "kernel_size": 2,
    "num_layers": 3,
    "dilation_base": 4,
    "weight_norm": true,
    "dropout": 0.20843978158731816,
    "batch_size": 165,
    "lr": 0.0049266746689799416,
    "loss_function": "smoothl1",
    "optimizer": "AdamW",
    "overall_mae_val": 0.12716907883381118,
    "metrics": {
        "MSE": {
            "Temperature": 9.529436339475826,
            "Precipitation_accumulated": 2290.569933517553,
            "Humidity": 61.83515849827125,
            "Wind_Speed_kmh": 1.097698555275024,
            "Soil_Moisture": 72191.17755040151,
            "Soil_Temperature": 8.589180958261101,
            "Wind_Dir_Sin": 0.5583363001890135,
            "Wind_Dir_Cos": 0.380938853223255
        },
        "RMSE": {
            "Temperature": 3.086978512959853,
            "Precipitation_accumulated": 47.859899012822346,
            "Humidity": 7.863533461381801,
            "Wind_Speed_kmh": 1.047711102964469,
            "Soil_Moisture": 268.68415947056036,
            "Soil_Temperature": 2.9307304479022123,
            "Wind_Dir_Sin": 0.7472190443163327,
            "Wind_Dir_Cos": 0.6172024410379912
        },
        "MAE": {
            "Temperature": 2.4190620645351144,
            "Precipitation_accumulated": 44.193395374354374,
            "Humidity": 6.4429237292318176,
            "Wind_Speed_kmh": 0.7888222931671768,
            "Soil_Moisture": 214.42221147628743,
            "Soil_Temperature": 2.3871142054545755,
            "Wind_Dir_Sin": 0.646995077912498,
            "Wind_Dir_Cos": 0.517062141205971
        },
        "R2": {
            "Temperature": 0.6874611783726552,
            "Precipitation_accumulated": -670.542034734416,
            "Humidity": 0.5781916058119589,
            "Wind_Speed_kmh": 0.18490955884275395,
            "Soil_Moisture": -0.28193321387369163,
            "Soil_Temperature": 0.466440041096141,
            "Wind_Dir_Sin": -0.01410638335356107,
            "Wind_Dir_Cos": -0.039088240464741464
        },
        "SMAPE": {
            "Temperature": 36.416207754586395,
            "Precipitation_accumulated": 10.066250714506072,
            "Humidity": 7.653193108994503,
            "Wind_Speed_kmh": 72.35285133069482,
            "Soil_Moisture": 2.5389961580648515,
            "Soil_Temperature": 49.77870753937397,
            "Wind_Dir_Sin": 133.88215758975946,
            "Wind_Dir_Cos": 126.49583348155542
        }
    }
}