{
    "trial_number": 28,
    "input_chunk_length": 50,
    "output_chunk_length": 47,
    "num_filters": 23,
    "kernel_size": 5,
    "num_layers": 2,
    "dilation_base": 3,
    "weight_norm": false,
    "dropout": 0.21107084135297513,
    "batch_size": 37,
    "lr": 0.00024142924088727186,
    "forecast_horizon": 7,
    "overall_smape_val": 53.856022373293996,
    "metrics": {
        "MSE": {
            "Temperature": 1.5344926074566092,
            "Precipitation_accumulated": 586.4868642083458,
            "Humidity": 21.592509248898523,
            "Wind_Speed_kmh": 0.2022954700796878,
            "Soil_Moisture": 189244.23484789056,
            "Soil_Temperature": 1.5262628923652033,
            "Wind_Dir_Sin": 0.14516485044210775,
            "Wind_Dir_Cos": 0.1362354576882588
        },
        "RMSE": {
            "Temperature": 1.2387463854464356,
            "Precipitation_accumulated": 24.217490873505987,
            "Humidity": 4.646774069061086,
            "Wind_Speed_kmh": 0.4497726871206029,
            "Soil_Moisture": 435.0221084587432,
            "Soil_Temperature": 1.2354201278776396,
            "Wind_Dir_Sin": 0.38100505304012405,
            "Wind_Dir_Cos": 0.36910087738754943
        },
        "MAE": {
            "Temperature": 0.9277116109574892,
            "Precipitation_accumulated": 15.391039324456615,
            "Humidity": 3.8766465446881524,
            "Wind_Speed_kmh": 0.2305731831334478,
            "Soil_Moisture": 236.64940507737919,
            "Soil_Temperature": 0.9564152679842663,
            "Wind_Dir_Sin": 0.24827419377789411,
            "Wind_Dir_Cos": 0.25060014698282246
        },
        "R2": {
            "Temperature": 0.5483399253484171,
            "Precipitation_accumulated": -616.4107131319126,
            "Humidity": 0.6681088045575887,
            "Wind_Speed_kmh": 0.4076238673702247,
            "Soil_Moisture": 0.7450952623282839,
            "Soil_Temperature": 0.7276047557910672,
            "Wind_Dir_Sin": 0.09920004812830507,
            "Wind_Dir_Cos": 0.526795867735658
        },
        "SMAPE": {
            "Temperature": 15.994429159390231,
            "Precipitation_accumulated": 3.470706631750023,
            "Humidity": 4.5796120570031915,
            "Wind_Speed_kmh": 163.7100154555055,
            "Soil_Moisture": 3.693634753922099,
            "Soil_Temperature": 25.09375042094914,
            "Wind_Dir_Sin": 164.63005835586813,
            "Wind_Dir_Cos": 49.67597215196339
        }
    }
}