{
    "trial_number": 13,
    "input_chunk_length": 38,
    "output_chunk_length": 29,
    "num_filters": 37,
    "kernel_size": 7,
    "num_layers": 3,
    "dilation_base": 3,
    "weight_norm": false,
    "dropout": 0.112384387125703,
    "batch_size": 46,
    "lr": 0.001624480316885703,
    "forecast_horizon": 9,
    "overall_smape_val": 54.330593398713376,
    "metrics": {
        "MSE": {
            "Temperature": 1.9493178251001946,
            "Precipitation_accumulated": 159.89899302240292,
            "Humidity": 27.476892286651687,
            "Wind_Speed_kmh": 0.2112943954680654,
            "Soil_Moisture": 187931.0040134649,
            "Soil_Temperature": 1.6703878604950912,
            "Wind_Dir_Sin": 0.13241932998413755,
            "Wind_Dir_Cos": 0.1517207938809355
        },
        "RMSE": {
            "Temperature": 1.3961797252145565,
            "Precipitation_accumulated": 12.645117358981011,
            "Humidity": 5.2418405438025,
            "Wind_Speed_kmh": 0.4596677011364464,
            "Soil_Moisture": 433.51009678375993,
            "Soil_Temperature": 1.2924348573506872,
            "Wind_Dir_Sin": 0.36389466880422633,
            "Wind_Dir_Cos": 0.38951353491366064
        },
        "MAE": {
            "Temperature": 1.1012690590943948,
            "Precipitation_accumulated": 8.973528700896601,
            "Humidity": 4.098728809794675,
            "Wind_Speed_kmh": 0.22606475263572182,
            "Soil_Moisture": 212.02016024103332,
            "Soil_Temperature": 0.978732637446735,
            "Wind_Dir_Sin": 0.26071322485924253,
            "Wind_Dir_Cos": 0.2841506323955655
        },
        "R2": {
            "Temperature": 0.4258629253909194,
            "Precipitation_accumulated": -167.27622942932354,
            "Humidity": 0.5777999570469755,
            "Wind_Speed_kmh": 0.3821381807367997,
            "Soil_Moisture": 0.7472019493195459,
            "Soil_Temperature": 0.7017026772237942,
            "Wind_Dir_Sin": 0.1793792498799227,
            "Wind_Dir_Cos": 0.4736009277575861
        },
        "SMAPE": {
            "Temperature": 19.48251178166405,
            "Precipitation_accumulated": 1.9768880458785811,
            "Humidity": 4.833977907668141,
            "Wind_Speed_kmh": 164.568273115522,
            "Soil_Moisture": 3.280467420263118,
            "Soil_Temperature": 22.766144402558368,
            "Wind_Dir_Sin": 164.23890974525244,
            "Wind_Dir_Cos": 53.497574770900556
        }
    }
}