{
    "trial_number": 24,
    "input_chunk_length": 27,
    "num_filters": 123,
    "kernel_size": 8,
    "num_layers": 2,
    "dilation_base": 4,
    "weight_norm": true,
    "dropout": 0.33007114516520614,
    "batch_size": 54,
    "lr": 0.003971841748805467,
    "overall_smape_val": 43.81802619541641,
    "metrics": {
        "MSE": {
            "Temperature": 0.4207635576182688,
            "Precipitation_accumulated": 4.602606567059653,
            "Humidity": 2.054789938829434,
            "Wind_Speed_kmh": 0.06801603690580366,
            "Soil_Moisture": 8785.494549053647,
            "Soil_Temperature": 0.2973432630334817,
            "Wind_Dir_Sin": 0.04404341118755621,
            "Wind_Dir_Cos": 0.043780969455504255
        },
        "RMSE": {
            "Temperature": 0.6486628998318532,
            "Precipitation_accumulated": 2.145368631974387,
            "Humidity": 1.4334538495638547,
            "Wind_Speed_kmh": 0.2607988437585636,
            "Soil_Moisture": 93.73096899666432,
            "Soil_Temperature": 0.5452919062607492,
            "Wind_Dir_Sin": 0.20986522148168385,
            "Wind_Dir_Cos": 0.20923902469545266
        },
        "MAE": {
            "Temperature": 0.41192593525382926,
            "Precipitation_accumulated": 1.7645346937601336,
            "Humidity": 0.8815007480477033,
            "Wind_Speed_kmh": 0.1328788277664935,
            "Soil_Moisture": 26.660372304839814,
            "Soil_Temperature": 0.38320649389575084,
            "Wind_Dir_Sin": 0.09199078156334826,
            "Wind_Dir_Cos": 0.10445793759535311
        },
        "R2": {
            "Temperature": 0.8764040685909533,
            "Precipitation_accumulated": -3.84922059900875,
            "Humidity": 0.9684017730831594,
            "Wind_Speed_kmh": 0.800133925695673,
            "Soil_Moisture": 0.9881272314217708,
            "Soil_Temperature": 0.9470184879106409,
            "Wind_Dir_Sin": 0.7257895087112658,
            "Wind_Dir_Cos": 0.8475024652051107
        },
        "SMAPE": {
            "Temperature": 6.998129535642626,
            "Precipitation_accumulated": 0.38319909764382515,
            "Humidity": 1.066371950891898,
            "Wind_Speed_kmh": 160.00574956306258,
            "Soil_Moisture": 0.4305437830622152,
            "Soil_Temperature": 12.629580216840631,
            "Wind_Dir_Sin": 142.006310006314,
            "Wind_Dir_Cos": 27.024325409873438
        }
    }
}