{
    "trial_number": 24,
    "input_chunk_length": 43,
    "output_chunk_length": 23,
    "num_filters": 45,
    "kernel_size": 7,
    "num_layers": 2,
    "dilation_base": 4,
    "weight_norm": true,
    "dropout": 0.295884520482958,
    "batch_size": 33,
    "lr": 0.003926972886249111,
    "forecast_horizon": 22,
    "overall_smape_val": 52.380268584288714,
    "metrics": {
        "MSE": {
            "Temperature": 1.4756313863393975,
            "Precipitation_accumulated": 42.254198079513976,
            "Humidity": 14.852986868968813,
            "Wind_Speed_kmh": 0.22566885444441462,
            "Soil_Moisture": 144871.9079464019,
            "Soil_Temperature": 2.1088695974628373,
            "Wind_Dir_Sin": 0.11476390267507583,
            "Wind_Dir_Cos": 0.14065807056215238
        },
        "RMSE": {
            "Temperature": 1.2147556899802519,
            "Precipitation_accumulated": 6.500322921171992,
            "Humidity": 3.853957299837248,
            "Wind_Speed_kmh": 0.47504616033014585,
            "Soil_Moisture": 380.6204250252499,
            "Soil_Temperature": 1.4521947519058307,
            "Wind_Dir_Sin": 0.3387682137908984,
            "Wind_Dir_Cos": 0.37504409149079043
        },
        "MAE": {
            "Temperature": 0.884873863302048,
            "Precipitation_accumulated": 5.309880025921145,
            "Humidity": 2.6730932611749036,
            "Wind_Speed_kmh": 0.2064694354693135,
            "Soil_Moisture": 143.5078626472791,
            "Soil_Temperature": 0.9902583965505976,
            "Wind_Dir_Sin": 0.23042660348289,
            "Wind_Dir_Cos": 0.25159667860046864
        },
        "R2": {
            "Temperature": 0.5621222967525739,
            "Precipitation_accumulated": -43.37865293191587,
            "Humidity": 0.771782134396453,
            "Wind_Speed_kmh": 0.3461136064159379,
            "Soil_Moisture": 0.806803220956089,
            "Soil_Temperature": 0.6217590816307308,
            "Wind_Dir_Sin": 0.29492406091580337,
            "Wind_Dir_Cos": 0.5155487719113341
        },
        "SMAPE": {
            "Temperature": 14.808297701149058,
            "Precipitation_accumulated": 1.1525188729269995,
            "Humidity": 3.1697857193960597,
            "Wind_Speed_kmh": 163.7150534479249,
            "Soil_Moisture": 2.237136100438124,
            "Soil_Temperature": 22.12982150171134,
            "Wind_Dir_Sin": 159.8223953898585,
            "Wind_Dir_Cos": 52.0071399409048
        }
    }
}