{
    "trial_number": 77,
    "input_chunk_length": 27,
    "output_chunk_length": 2,
    "num_filters": 64,
    "kernel_size": 7,
    "num_layers": 3,
    "dilation_base": 4,
    "weight_norm": true,
    "dropout": 0.10399032502443752,
    "batch_size": 106,
    "lr": 0.0037878570948573142,
    "loss_function": "smoothl1",
    "optimizer": "AdamW",
    "overall_mae_val": 0.10804793538803402,
    "metrics": {
        "MSE": {
            "Temperature": 3.083854927335031,
            "Precipitation_accumulated": 910.4478125820164,
            "Humidity": 28.1965541422501,
            "Wind_Speed_kmh": 0.8247871538621246,
            "Soil_Moisture": 46666.6267142455,
            "Soil_Temperature": 5.9811150767007,
            "Wind_Dir_Sin": 0.4956414621942397,
            "Wind_Dir_Cos": 0.36344997835667625
        },
        "RMSE": {
            "Temperature": 1.756090808396602,
            "Precipitation_accumulated": 30.173627766346165,
            "Humidity": 5.310042762751548,
            "Wind_Speed_kmh": 0.9081779307284034,
            "Soil_Moisture": 216.02459747502252,
            "Soil_Temperature": 2.4456318358863216,
            "Wind_Dir_Sin": 0.7040180837125135,
            "Wind_Dir_Cos": 0.6028681268375997
        },
        "MAE": {
            "Temperature": 1.3566569955473482,
            "Precipitation_accumulated": 24.583919437202137,
            "Humidity": 4.239035986082438,
            "Wind_Speed_kmh": 0.6808440864694615,
            "Soil_Moisture": 189.19534384691514,
            "Soil_Temperature": 2.188346439450363,
            "Wind_Dir_Sin": 0.5928675044573279,
            "Wind_Dir_Cos": 0.5058437960447354
        },
        "R2": {
            "Temperature": 0.8987619023366149,
            "Precipitation_accumulated": -263.8716663358185,
            "Humidity": 0.8075886409040866,
            "Wind_Speed_kmh": 0.38893594042561286,
            "Soil_Moisture": 0.18715450375401588,
            "Soil_Temperature": 0.6292709497857147,
            "Wind_Dir_Sin": 0.09933807200833455,
            "Wind_Dir_Cos": 0.0097690745607949
        },
        "SMAPE": {
            "Temperature": 24.57936430779436,
            "Precipitation_accumulated": 5.499395888319903,
            "Humidity": 5.012119335879331,
            "Wind_Speed_kmh": 64.8918293719318,
            "Soil_Moisture": 2.2255428261967203,
            "Soil_Temperature": 50.90881788881184,
            "Wind_Dir_Sin": 121.93534809104493,
            "Wind_Dir_Cos": 126.8850995952848
        }
    }
}