{
    "trial_number": 21,
    "input_chunk_length": 18,
    "num_filters": 62,
    "kernel_size": 6,
    "num_layers": 3,
    "dilation_base": 4,
    "weight_norm": true,
    "dropout": 0.23521108438263336,
    "batch_size": 25,
    "lr": 0.0010906627677639514,
    "overall_smape_val": 42.34320139558366,
    "metrics": {
        "MSE": {
            "Temperature": 0.28495795742850605,
            "Precipitation_accumulated": 5.723367628753615,
            "Humidity": 2.7585951432188813,
            "Wind_Speed_kmh": 0.06329450169866756,
            "Soil_Moisture": 8836.139417494249,
            "Soil_Temperature": 0.4284364942600622,
            "Wind_Dir_Sin": 0.03956977404738237,
            "Wind_Dir_Cos": 0.038550169716953915
        },
        "RMSE": {
            "Temperature": 0.5338145346733321,
            "Precipitation_accumulated": 2.39235608318528,
            "Humidity": 1.660901906561276,
            "Wind_Speed_kmh": 0.2515839853779798,
            "Soil_Moisture": 94.000741579491,
            "Soil_Temperature": 0.6545506048122347,
            "Wind_Dir_Sin": 0.19892152736036986,
            "Wind_Dir_Cos": 0.19634197135853027
        },
        "MAE": {
            "Temperature": 0.2969648648596151,
            "Precipitation_accumulated": 1.987260537793092,
            "Humidity": 1.2286132261545146,
            "Wind_Speed_kmh": 0.09860006457479151,
            "Soil_Moisture": 22.605621245754353,
            "Soil_Temperature": 0.5302641264545591,
            "Wind_Dir_Sin": 0.09766641380471383,
            "Wind_Dir_Cos": 0.09997237146117074
        },
        "R2": {
            "Temperature": 0.9162958779981888,
            "Precipitation_accumulated": -5.030033590027723,
            "Humidity": 0.9575787706276286,
            "Wind_Speed_kmh": 0.8140082228389609,
            "Soil_Moisture": 0.9880587896511553,
            "Soil_Temperature": 0.9236599038142455,
            "Wind_Dir_Sin": 0.7536419889115549,
            "Wind_Dir_Cos": 0.8657223464698549
        },
        "SMAPE": {
            "Temperature": 5.1885796666514965,
            "Precipitation_accumulated": 0.43304690249420014,
            "Humidity": 1.5071933364980195,
            "Wind_Speed_kmh": 147.51703193219254,
            "Soil_Moisture": 0.3501446727531686,
            "Soil_Temperature": 16.504926420945804,
            "Wind_Dir_Sin": 140.96136177685815,
            "Wind_Dir_Cos": 26.283326456276022
        }
    }
}