{
    "trial_number": 88,
    "input_chunk_length": 29,
    "output_chunk_length": 1,
    "num_filters": 50,
    "kernel_size": 8,
    "num_layers": 3,
    "dilation_base": 4,
    "weight_norm": true,
    "dropout": 0.10280907187171145,
    "batch_size": 104,
    "lr": 0.0041117854667840235,
    "loss_function": "smoothl1",
    "optimizer": "Adam",
    "overall_mae_val": 0.09137165641316664,
    "metrics": {
        "MSE": {
            "Temperature": 2.6304694899757726,
            "Precipitation_accumulated": 220.20541847865366,
            "Humidity": 15.221760987002863,
            "Wind_Speed_kmh": 0.6003017768383547,
            "Soil_Moisture": 42174.05797241556,
            "Soil_Temperature": 4.811470411812642,
            "Wind_Dir_Sin": 0.3700696217954595,
            "Wind_Dir_Cos": 0.31039671568994404
        },
        "RMSE": {
            "Temperature": 1.621872217523863,
            "Precipitation_accumulated": 14.839320014025361,
            "Humidity": 3.9015075274825324,
            "Wind_Speed_kmh": 0.7747914408654465,
            "Soil_Moisture": 205.36323422758895,
            "Soil_Temperature": 2.1935064193689158,
            "Wind_Dir_Sin": 0.6083334791012734,
            "Wind_Dir_Cos": 0.5571325835830678
        },
        "MAE": {
            "Temperature": 1.298734149433516,
            "Precipitation_accumulated": 12.8810152138287,
            "Humidity": 3.024824687719086,
            "Wind_Speed_kmh": 0.5923862476563245,
            "Soil_Moisture": 180.05656829325423,
            "Soil_Temperature": 1.9064983534628634,
            "Wind_Dir_Sin": 0.5017191595755386,
            "Wind_Dir_Cos": 0.4515308539058368
        },
        "R2": {
            "Temperature": 0.9136052853467941,
            "Precipitation_accumulated": -63.161542982102844,
            "Humidity": 0.8961200235416956,
            "Wind_Speed_kmh": 0.555225606404544,
            "Soil_Moisture": 0.26288924627650256,
            "Soil_Temperature": 0.7015104545408914,
            "Wind_Dir_Sin": 0.32777204304713803,
            "Wind_Dir_Cos": 0.15347642883402124
        },
        "SMAPE": {
            "Temperature": 24.582140082872364,
            "Precipitation_accumulated": 2.821181216504512,
            "Humidity": 3.6830616096682225,
            "Wind_Speed_kmh": 59.143224922002545,
            "Soil_Moisture": 2.1178446170583376,
            "Soil_Temperature": 46.166539974487875,
            "Wind_Dir_Sin": 100.91230029768222,
            "Wind_Dir_Cos": 110.54875567212103
        }
    }
}