{
    "trial_number": 41,
    "input_chunk_length": 32,
    "output_chunk_length": 17,
    "num_filters": 39,
    "kernel_size": 6,
    "num_layers": 2,
    "dilation_base": 3,
    "weight_norm": true,
    "dropout": 0.22208319334224658,
    "batch_size": 37,
    "lr": 0.00046234307182264385,
    "forecast_horizon": 11,
    "overall_smape_val": 50.646846294502765,
    "metrics": {
        "MSE": {
            "Temperature": 0.9774235236702451,
            "Precipitation_accumulated": 97.88042324732979,
            "Humidity": 12.895454226227967,
            "Wind_Speed_kmh": 0.15673142227001463,
            "Soil_Moisture": 92753.76380982563,
            "Soil_Temperature": 0.7451662228358407,
            "Wind_Dir_Sin": 0.09494314018654966,
            "Wind_Dir_Cos": 0.1153228857961629
        },
        "RMSE": {
            "Temperature": 0.9886473201654092,
            "Precipitation_accumulated": 9.893453555120669,
            "Humidity": 3.591024119416071,
            "Wind_Speed_kmh": 0.39589319553386443,
            "Soil_Moisture": 304.555025914572,
            "Soil_Temperature": 0.8632301100146129,
            "Wind_Dir_Sin": 0.3081284475450939,
            "Wind_Dir_Cos": 0.33959223459343546
        },
        "MAE": {
            "Temperature": 0.7499462331750488,
            "Precipitation_accumulated": 7.7470204107681155,
            "Humidity": 2.5369114804320687,
            "Wind_Speed_kmh": 0.18901716540566954,
            "Soil_Moisture": 133.52189247184825,
            "Soil_Temperature": 0.603929739017738,
            "Wind_Dir_Sin": 0.18677643380323913,
            "Wind_Dir_Cos": 0.21022610246753254
        },
        "R2": {
            "Temperature": 0.7119902837782253,
            "Precipitation_accumulated": -101.97581720700055,
            "Humidity": 0.8019060926551194,
            "Wind_Speed_kmh": 0.5423319437906988,
            "Soil_Moisture": 0.8753973841796598,
            "Soil_Temperature": 0.866852565353991,
            "Wind_Dir_Sin": 0.4124048666786929,
            "Wind_Dir_Cos": 0.6003344400443614
        },
        "SMAPE": {
            "Temperature": 13.250703213121897,
            "Precipitation_accumulated": 1.7061008341789545,
            "Humidity": 3.0026499116911256,
            "Wind_Speed_kmh": 162.87899467488697,
            "Soil_Moisture": 2.1060826056327953,
            "Soil_Temperature": 17.217949496542953,
            "Wind_Dir_Sin": 157.07627852654622,
            "Wind_Dir_Cos": 47.93601109342106
        }
    }
}