{
    "trial_number": 16,
    "input_chunk_length": 86,
    "output_chunk_length": 33,
    "num_filters": 45,
    "kernel_size": 6,
    "num_layers": 3,
    "dilation_base": 4,
    "weight_norm": false,
    "dropout": 0.30377272391040644,
    "batch_size": 48,
    "lr": 0.001785954080583934,
    "forecast_horizon": 20,
    "overall_smape_val": 52.63770062014575,
    "metrics": {
        "MSE": {
            "Temperature": 0.980550577012586,
            "Precipitation_accumulated": 186.05182564914978,
            "Humidity": 16.303630921358586,
            "Wind_Speed_kmh": 0.20468634811469405,
            "Soil_Moisture": 91503.53918468411,
            "Soil_Temperature": 1.2000520714427503,
            "Wind_Dir_Sin": 0.10852457637978052,
            "Wind_Dir_Cos": 0.1294476504797869
        },
        "RMSE": {
            "Temperature": 0.9902275379995176,
            "Precipitation_accumulated": 13.640081585135398,
            "Humidity": 4.037775491698193,
            "Wind_Speed_kmh": 0.45242275375437746,
            "Soil_Moisture": 302.4955192803426,
            "Soil_Temperature": 1.095468882005669,
            "Wind_Dir_Sin": 0.3294306852431639,
            "Wind_Dir_Cos": 0.3597883412227068
        },
        "MAE": {
            "Temperature": 0.6970920587284369,
            "Precipitation_accumulated": 9.222455795638645,
            "Humidity": 3.1325482657386523,
            "Wind_Speed_kmh": 0.2928157985099925,
            "Soil_Moisture": 160.4506409797796,
            "Soil_Temperature": 0.8049048025895127,
            "Wind_Dir_Sin": 0.22561298504126787,
            "Wind_Dir_Cos": 0.24766890223869734
        },
        "R2": {
            "Temperature": 0.7095417792634865,
            "Precipitation_accumulated": -194.46502360425012,
            "Humidity": 0.7494981709089628,
            "Wind_Speed_kmh": 0.406072985514223,
            "Soil_Moisture": 0.8778120663232319,
            "Soil_Temperature": 0.7849449882685811,
            "Wind_Dir_Sin": 0.33236473762272867,
            "Wind_Dir_Cos": 0.5536550028743812
        },
        "SMAPE": {
            "Temperature": 12.555818928073416,
            "Precipitation_accumulated": 2.0469607200358144,
            "Humidity": 3.7070506021062757,
            "Wind_Speed_kmh": 170.94425399732245,
            "Soil_Moisture": 2.5060487610961797,
            "Soil_Temperature": 21.122087277031365,
            "Wind_Dir_Sin": 158.2285830456177,
            "Wind_Dir_Cos": 49.99080162988282
        }
    }
}