{
    "trial_number": 45,
    "input_chunk_length": 23,
    "output_chunk_length": 12,
    "num_filters": 63,
    "kernel_size": 4,
    "num_layers": 2,
    "dilation_base": 3,
    "weight_norm": true,
    "dropout": 0.15834246418770143,
    "batch_size": 34,
    "lr": 0.00015348720390962375,
    "forecast_horizon": 8,
    "overall_smape_val": 49.04931391404441,
    "metrics": {
        "MSE": {
            "Temperature": 0.6541220140280247,
            "Precipitation_accumulated": 28.971417737339358,
            "Humidity": 9.1159390423054,
            "Wind_Speed_kmh": 0.11808334904465034,
            "Soil_Moisture": 74829.31721447127,
            "Soil_Temperature": 0.5265378081931488,
            "Wind_Dir_Sin": 0.07597790836797473,
            "Wind_Dir_Cos": 0.09798147783812779
        },
        "RMSE": {
            "Temperature": 0.8087780993746212,
            "Precipitation_accumulated": 5.382510356454445,
            "Humidity": 3.019261340511185,
            "Wind_Speed_kmh": 0.343632578555425,
            "Soil_Moisture": 273.5494785490758,
            "Soil_Temperature": 0.725629249819182,
            "Wind_Dir_Sin": 0.27564090474378933,
            "Wind_Dir_Cos": 0.31301993201412553
        },
        "MAE": {
            "Temperature": 0.5652141418025739,
            "Precipitation_accumulated": 4.082541756816534,
            "Humidity": 2.0157753537000103,
            "Wind_Speed_kmh": 0.16552572742866714,
            "Soil_Moisture": 99.5476847868631,
            "Soil_Temperature": 0.453252188561756,
            "Wind_Dir_Sin": 0.16112288684591658,
            "Wind_Dir_Cos": 0.1740091057123548
        },
        "R2": {
            "Temperature": 0.8074034279003759,
            "Precipitation_accumulated": -29.494116648797874,
            "Humidity": 0.8599065577750501,
            "Wind_Speed_kmh": 0.6544617298400679,
            "Soil_Moisture": 0.8992750706871655,
            "Soil_Temperature": 0.905999492359719,
            "Wind_Dir_Sin": 0.5288421612752094,
            "Wind_Dir_Cos": 0.6598595914293752
        },
        "SMAPE": {
            "Temperature": 9.79897306206676,
            "Precipitation_accumulated": 0.8925164190251146,
            "Humidity": 2.3913672410893794,
            "Wind_Speed_kmh": 166.09840289717243,
            "Soil_Moisture": 1.568322453499561,
            "Soil_Temperature": 13.828461702712099,
            "Wind_Dir_Sin": 154.16864278311616,
            "Wind_Dir_Cos": 43.64782475367379
        }
    }
}