{
    "trial_number": 10,
    "input_chunk_length": 24,
    "output_chunk_length": 7,
    "num_filters": 114,
    "kernel_size": 3,
    "num_layers": 3,
    "dilation_base": 4,
    "weight_norm": true,
    "dropout": 0.2534836542999394,
    "batch_size": 150,
    "lr": 0.004341487016749435,
    "loss_function": "smoothl1",
    "optimizer": "AdamW",
    "overall_mae_val": 0.1310128869433358,
    "metrics": {
        "MSE": {
            "Temperature": 8.694565072359149,
            "Precipitation_accumulated": 1529.958627981937,
            "Humidity": 73.87662124365707,
            "Wind_Speed_kmh": 1.2586230542546617,
            "Soil_Moisture": 62803.04312764021,
            "Soil_Temperature": 14.482462799786259,
            "Wind_Dir_Sin": 0.6187075001470774,
            "Wind_Dir_Cos": 0.39696727942358717
        },
        "RMSE": {
            "Temperature": 2.948654790300002,
            "Precipitation_accumulated": 39.11468557948456,
            "Humidity": 8.595151030881137,
            "Wind_Speed_kmh": 1.1218837079905661,
            "Soil_Moisture": 250.6053533499239,
            "Soil_Temperature": 3.805583109036808,
            "Wind_Dir_Sin": 0.7865796209838375,
            "Wind_Dir_Cos": 0.630053394105283
        },
        "MAE": {
            "Temperature": 2.2876653386810224,
            "Precipitation_accumulated": 33.70789723686954,
            "Humidity": 7.065879579640759,
            "Wind_Speed_kmh": 0.9089922547725544,
            "Soil_Moisture": 202.93014414712096,
            "Soil_Temperature": 3.2437171936405957,
            "Wind_Dir_Sin": 0.6760704874764065,
            "Wind_Dir_Cos": 0.5259011214275336
        },
        "R2": {
            "Temperature": 0.7144378692665752,
            "Precipitation_accumulated": -445.47364231567053,
            "Humidity": 0.49579557750074155,
            "Wind_Speed_kmh": 0.06714169975921835,
            "Soil_Moisture": -0.10176130570982389,
            "Soil_Temperature": 0.10087056074389633,
            "Wind_Dir_Sin": -0.1235959714333883,
            "Wind_Dir_Cos": -0.0833470193851309
        },
        "SMAPE": {
            "Temperature": 35.301292396471155,
            "Precipitation_accumulated": 7.620308852871555,
            "Humidity": 8.341376975315148,
            "Wind_Speed_kmh": 72.9790297431314,
            "Soil_Moisture": 2.399312791365944,
            "Soil_Temperature": 66.6499471402972,
            "Wind_Dir_Sin": 137.18617064691423,
            "Wind_Dir_Cos": 124.82096396372604
        }
    }
}