{
    "trial_number": 233,
    "input_chunk_length": 56,
    "output_chunk_length": 23,
    "num_filters": 43,
    "kernel_size": 6,
    "num_layers": 5,
    "dilation_base": 4,
    "weight_norm": true,
    "dropout": 0.24659548923467375,
    "batch_size": 36,
    "lr": 0.0034125309905202023,
    "forecast_horizon": 16,
    "overall_smape_val": 50.46158007697093,
    "metrics": {
        "MSE": {
            "Temperature": 0.7849170247548257,
            "Precipitation_accumulated": 124.73686572478817,
            "Humidity": 14.104776655406443,
            "Wind_Speed_kmh": 0.18333049305720198,
            "Soil_Moisture": 143226.49157129863,
            "Soil_Temperature": 0.7779752114936623,
            "Wind_Dir_Sin": 0.11226982749889503,
            "Wind_Dir_Cos": 0.12582448290020365
        },
        "RMSE": {
            "Temperature": 0.8859554304561972,
            "Precipitation_accumulated": 11.168565965458063,
            "Humidity": 3.755632657143992,
            "Wind_Speed_kmh": 0.4281711025480374,
            "Soil_Moisture": 378.45276002600195,
            "Soil_Temperature": 0.8820290309812157,
            "Wind_Dir_Sin": 0.3350669000347468,
            "Wind_Dir_Cos": 0.3547174691218402
        },
        "MAE": {
            "Temperature": 0.6219323048350066,
            "Precipitation_accumulated": 9.58989668686844,
            "Humidity": 2.4351136602132413,
            "Wind_Speed_kmh": 0.17538936640671507,
            "Soil_Moisture": 132.42181671732584,
            "Soil_Temperature": 0.4851193372347985,
            "Wind_Dir_Sin": 0.19098033668461956,
            "Wind_Dir_Cos": 0.21668428869043255
        },
        "R2": {
            "Temperature": 0.7683216391240881,
            "Precipitation_accumulated": -130.1280015639109,
            "Humidity": 0.7834680947627569,
            "Wind_Speed_kmh": 0.46653811118474064,
            "Soil_Moisture": 0.8082386590498258,
            "Soil_Temperature": 0.8608060557422,
            "Wind_Dir_Sin": 0.3074786700698625,
            "Wind_Dir_Cos": 0.5651669147579522
        },
        "SMAPE": {
            "Temperature": 10.814550153279272,
            "Precipitation_accumulated": 2.1122214858379937,
            "Humidity": 2.858153814442077,
            "Wind_Speed_kmh": 162.52228532232755,
            "Soil_Moisture": 2.043718444775886,
            "Soil_Temperature": 16.567380908213522,
            "Wind_Dir_Sin": 160.45603588844352,
            "Wind_Dir_Cos": 46.31829459844767
        }
    }
}