{
    "trial_number": 34,
    "input_chunk_length": 53,
    "output_chunk_length": 38,
    "num_filters": 58,
    "kernel_size": 6,
    "num_layers": 3,
    "dilation_base": 4,
    "weight_norm": true,
    "dropout": 0.3404271627743389,
    "batch_size": 21,
    "lr": 0.00345907482010495,
    "forecast_horizon": 16,
    "overall_smape_val": 55.504842232328556,
    "metrics": {
        "MSE": {
            "Temperature": 1.776256444293663,
            "Precipitation_accumulated": 90.40725104460586,
            "Humidity": 28.7015996163199,
            "Wind_Speed_kmh": 0.24181964475812737,
            "Soil_Moisture": 223099.07731083882,
            "Soil_Temperature": 2.617844406914134,
            "Wind_Dir_Sin": 0.12863701886980522,
            "Wind_Dir_Cos": 0.1524740125951745
        },
        "RMSE": {
            "Temperature": 1.3327627111731717,
            "Precipitation_accumulated": 9.508272768731755,
            "Humidity": 5.357387387180425,
            "Wind_Speed_kmh": 0.4917516088007515,
            "Soil_Moisture": 472.3336504112732,
            "Soil_Temperature": 1.6179754036802085,
            "Wind_Dir_Sin": 0.35866003243992106,
            "Wind_Dir_Cos": 0.39047920891537174
        },
        "MAE": {
            "Temperature": 0.980746950053072,
            "Precipitation_accumulated": 7.151290577199542,
            "Humidity": 3.871458348986483,
            "Wind_Speed_kmh": 0.3529340516122832,
            "Soil_Moisture": 243.3728611697748,
            "Soil_Temperature": 1.292021688037995,
            "Wind_Dir_Sin": 0.2174474089529541,
            "Wind_Dir_Cos": 0.24105871384449923
        },
        "R2": {
            "Temperature": 0.4757150519983021,
            "Precipitation_accumulated": -94.03944232911819,
            "Humidity": 0.5593824560209467,
            "Wind_Speed_kmh": 0.29634420169777675,
            "Soil_Moisture": 0.7012998240721682,
            "Soil_Temperature": 0.5316199243006758,
            "Wind_Dir_Sin": 0.20651985158842,
            "Wind_Dir_Cos": 0.4730695983183152
        },
        "SMAPE": {
            "Temperature": 17.2580433818723,
            "Precipitation_accumulated": 1.5733323468998786,
            "Humidity": 4.569122187673774,
            "Wind_Speed_kmh": 175.1987430814632,
            "Soil_Moisture": 3.837682952072182,
            "Soil_Temperature": 27.09603643707742,
            "Wind_Dir_Sin": 165.02769516006992,
            "Wind_Dir_Cos": 49.47808231149952
        }
    }
}