{
    "trial_number": 183,
    "input_chunk_length": 43,
    "output_chunk_length": 22,
    "num_filters": 54,
    "kernel_size": 2,
    "num_layers": 2,
    "dilation_base": 4,
    "weight_norm": true,
    "dropout": 0.1395069605659871,
    "batch_size": 36,
    "lr": 0.003150248389136884,
    "forecast_horizon": 21,
    "overall_smape_val": 51.72069664602007,
    "metrics": {
        "MSE": {
            "Temperature": 0.8207545797700353,
            "Precipitation_accumulated": 83.68937204108065,
            "Humidity": 16.789538623005495,
            "Wind_Speed_kmh": 0.18374818070234183,
            "Soil_Moisture": 156072.56106919207,
            "Soil_Temperature": 1.4236007047325008,
            "Wind_Dir_Sin": 0.11173280027680883,
            "Wind_Dir_Cos": 0.13754596418347623
        },
        "RMSE": {
            "Temperature": 0.9059550649839292,
            "Precipitation_accumulated": 9.148189549909898,
            "Humidity": 4.097503950334337,
            "Wind_Speed_kmh": 0.42865858290992126,
            "Soil_Moisture": 395.0601992977679,
            "Soil_Temperature": 1.1931473943870057,
            "Wind_Dir_Sin": 0.3342645662896515,
            "Wind_Dir_Cos": 0.3708718972684183
        },
        "MAE": {
            "Temperature": 0.6248965395885303,
            "Precipitation_accumulated": 8.032593128072564,
            "Humidity": 2.7833538614230267,
            "Wind_Speed_kmh": 0.17884939302714745,
            "Soil_Moisture": 145.8751663522411,
            "Soil_Temperature": 0.7292004341361257,
            "Wind_Dir_Sin": 0.209962177479746,
            "Wind_Dir_Cos": 0.2266981235376917
        },
        "R2": {
            "Temperature": 0.75665977993737,
            "Precipitation_accumulated": -86.91031523588153,
            "Humidity": 0.742006608717493,
            "Wind_Speed_kmh": 0.46720444408429584,
            "Soil_Moisture": 0.791728296126351,
            "Soil_Temperature": 0.7447758589054394,
            "Wind_Dir_Sin": 0.31308713036478764,
            "Wind_Dir_Cos": 0.5259994378305934
        },
        "SMAPE": {
            "Temperature": 11.14574094093818,
            "Precipitation_accumulated": 1.768937089882525,
            "Humidity": 3.3306866750130575,
            "Wind_Speed_kmh": 167.6548692176907,
            "Soil_Moisture": 2.25743817027081,
            "Soil_Temperature": 19.77011618771589,
            "Wind_Dir_Sin": 159.80003475972435,
            "Wind_Dir_Cos": 48.03775012692543
        }
    }
}