{
    "trial_number": 71,
    "input_chunk_length": 58,
    "output_chunk_length": 25,
    "num_filters": 113,
    "kernel_size": 6,
    "num_layers": 2,
    "dilation_base": 4,
    "weight_norm": true,
    "dropout": 0.172374440824546,
    "batch_size": 36,
    "lr": 0.0013920423594967143,
    "forecast_horizon": 3,
    "overall_smape_val": 49.98591862478426,
    "metrics": {
        "MSE": {
            "Temperature": 0.7640037081573953,
            "Precipitation_accumulated": 88.37643215789004,
            "Humidity": 11.924273353904516,
            "Wind_Speed_kmh": 0.16020029420786128,
            "Soil_Moisture": 97381.39353806443,
            "Soil_Temperature": 0.6623043557076351,
            "Wind_Dir_Sin": 0.09060780654420542,
            "Wind_Dir_Cos": 0.11844952204585663
        },
        "RMSE": {
            "Temperature": 0.8740730565332598,
            "Precipitation_accumulated": 9.400874010318937,
            "Humidity": 3.4531541167321964,
            "Wind_Speed_kmh": 0.40025028945381325,
            "Soil_Moisture": 312.05991978795424,
            "Soil_Temperature": 0.8138208375973395,
            "Wind_Dir_Sin": 0.3010113063394885,
            "Wind_Dir_Cos": 0.3441649634199516
        },
        "MAE": {
            "Temperature": 0.6137805343953099,
            "Precipitation_accumulated": 7.109590211440892,
            "Humidity": 2.302172288968349,
            "Wind_Speed_kmh": 0.17191997741475137,
            "Soil_Moisture": 144.40980620226853,
            "Soil_Temperature": 0.6423975849294237,
            "Wind_Dir_Sin": 0.19150121634592426,
            "Wind_Dir_Cos": 0.21796251286821108
        },
        "R2": {
            "Temperature": 0.7754727911612307,
            "Precipitation_accumulated": -92.0965371432459,
            "Humidity": 0.8166338671643368,
            "Wind_Speed_kmh": 0.5295773615421,
            "Soil_Moisture": 0.8684836303655348,
            "Soil_Temperature": 0.8819499964385353,
            "Wind_Dir_Sin": 0.43625610222481026,
            "Wind_Dir_Cos": 0.5876489010220771
        },
        "SMAPE": {
            "Temperature": 10.492457175936105,
            "Precipitation_accumulated": 1.5433784234597754,
            "Humidity": 2.7204647415593435,
            "Wind_Speed_kmh": 160.76694396722132,
            "Soil_Moisture": 2.2637022280773538,
            "Soil_Temperature": 18.7852343105245,
            "Wind_Dir_Sin": 156.37961974375804,
            "Wind_Dir_Cos": 46.93554840773755
        }
    }
}