{
    "trial_number": 46,
    "input_chunk_length": 28,
    "output_chunk_length": 21,
    "num_filters": 49,
    "kernel_size": 4,
    "num_layers": 3,
    "dilation_base": 3,
    "weight_norm": false,
    "dropout": 0.16375910416169184,
    "batch_size": 35,
    "lr": 0.00017820025727160085,
    "forecast_horizon": 5,
    "overall_smape_val": 52.0956995776361,
    "metrics": {
        "MSE": {
            "Temperature": 0.9917233179934473,
            "Precipitation_accumulated": 95.02441743742168,
            "Humidity": 12.299990583728603,
            "Wind_Speed_kmh": 0.17075842630305085,
            "Soil_Moisture": 122477.87757653123,
            "Soil_Temperature": 1.1267029218168134,
            "Wind_Dir_Sin": 0.11295554917265155,
            "Wind_Dir_Cos": 0.1305317216370125
        },
        "RMSE": {
            "Temperature": 0.9958530604428785,
            "Precipitation_accumulated": 9.748046852442886,
            "Humidity": 3.5071342409050446,
            "Wind_Speed_kmh": 0.4132292660292236,
            "Soil_Moisture": 349.968395110946,
            "Soil_Temperature": 1.0614626332645032,
            "Wind_Dir_Sin": 0.33608860315793443,
            "Wind_Dir_Cos": 0.3612917403387635
        },
        "MAE": {
            "Temperature": 0.7115759716396011,
            "Precipitation_accumulated": 6.421278499566554,
            "Humidity": 2.473753242193192,
            "Wind_Speed_kmh": 0.19274344693860493,
            "Soil_Moisture": 177.17596112456474,
            "Soil_Temperature": 0.6797103718050256,
            "Wind_Dir_Sin": 0.19910906305543039,
            "Wind_Dir_Cos": 0.2284849109135933
        },
        "R2": {
            "Temperature": 0.7083133207803723,
            "Precipitation_accumulated": -99.06705008448715,
            "Humidity": 0.8108857638277249,
            "Wind_Speed_kmh": 0.49927334408719637,
            "Soil_Moisture": 0.8348078771896541,
            "Soil_Temperature": 0.7990421308395519,
            "Wind_Dir_Sin": 0.2981416080909427,
            "Wind_Dir_Cos": 0.5460976988724584
        },
        "SMAPE": {
            "Temperature": 13.713063226803122,
            "Precipitation_accumulated": 1.4127563108094572,
            "Humidity": 2.921261760499042,
            "Wind_Speed_kmh": 165.710337505833,
            "Soil_Moisture": 2.819282940618895,
            "Soil_Temperature": 19.925110021937446,
            "Wind_Dir_Sin": 161.25989429613804,
            "Wind_Dir_Cos": 49.003890558450195
        }
    }
}