{
    "trial_number": 18,
    "input_chunk_length": 30,
    "output_chunk_length": 20,
    "num_filters": 44,
    "kernel_size": 8,
    "num_layers": 5,
    "dilation_base": 1,
    "weight_norm": false,
    "dropout": 0.04693989735465235,
    "batch_size": 50,
    "lr": 0.004595056373255801,
    "forecast_horizon": 14,
    "overall_smape_val": 52.86782241103165,
    "metrics": {
        "MSE": {
            "Temperature": 1.2949869055499412,
            "Precipitation_accumulated": 231.8041740947729,
            "Humidity": 17.08165464955372,
            "Wind_Speed_kmh": 0.16826886657111625,
            "Soil_Moisture": 160863.86697380047,
            "Soil_Temperature": 1.7736941277969198,
            "Wind_Dir_Sin": 0.10854764505651672,
            "Wind_Dir_Cos": 0.13418290424034215
        },
        "RMSE": {
            "Temperature": 1.1379749142885098,
            "Precipitation_accumulated": 15.225116554390409,
            "Humidity": 4.132995844366858,
            "Wind_Speed_kmh": 0.4102058831502984,
            "Soil_Moisture": 401.07838008773354,
            "Soil_Temperature": 1.3318010841702,
            "Wind_Dir_Sin": 0.32946569632742756,
            "Wind_Dir_Cos": 0.36630984731555083
        },
        "MAE": {
            "Temperature": 0.871751115275715,
            "Precipitation_accumulated": 11.99449799243003,
            "Humidity": 2.9862965971169237,
            "Wind_Speed_kmh": 0.20022257547857322,
            "Soil_Moisture": 221.61263438222798,
            "Soil_Temperature": 0.86365303437561,
            "Wind_Dir_Sin": 0.21208053298126547,
            "Wind_Dir_Cos": 0.2516172099489917
        },
        "R2": {
            "Temperature": 0.6182337950563116,
            "Precipitation_accumulated": -242.75664845375243,
            "Humidity": 0.7377421220880566,
            "Wind_Speed_kmh": 0.5096756848064805,
            "Soil_Moisture": 0.784335118929586,
            "Soil_Temperature": 0.6828290124929555,
            "Wind_Dir_Sin": 0.32954619679874864,
            "Wind_Dir_Cos": 0.5357579791172291
        },
        "SMAPE": {
            "Temperature": 15.209309466062718,
            "Precipitation_accumulated": 2.6021784958066,
            "Humidity": 3.535712529993004,
            "Wind_Speed_kmh": 165.65514245537287,
            "Soil_Moisture": 3.474710222234596,
            "Soil_Temperature": 23.12507412368726,
            "Wind_Dir_Sin": 158.81133932334734,
            "Wind_Dir_Cos": 50.52911267174888
        }
    }
}