{
    "trial_number": 26,
    "input_chunk_length": 21,
    "num_filters": 46,
    "kernel_size": 8,
    "num_layers": 2,
    "dilation_base": 4,
    "weight_norm": false,
    "dropout": 0.30296020696395737,
    "batch_size": 31,
    "lr": 0.0042456131934189385,
    "overall_smape_val": 42.47853445126634,
    "metrics": {
        "MSE": {
            "Temperature": 0.42013074394189337,
            "Precipitation_accumulated": 7.6669111279172135,
            "Humidity": 2.442327628660441,
            "Wind_Speed_kmh": 0.06830408694619157,
            "Soil_Moisture": 8473.562998302386,
            "Soil_Temperature": 0.28656919875321474,
            "Wind_Dir_Sin": 0.04672895876935751,
            "Wind_Dir_Cos": 0.04466728754440188
        },
        "RMSE": {
            "Temperature": 0.6481749331329416,
            "Precipitation_accumulated": 2.7689187651350866,
            "Humidity": 1.5627948133585678,
            "Wind_Speed_kmh": 0.26135050592296843,
            "Soil_Moisture": 92.05195814485636,
            "Soil_Temperature": 0.5353215844267954,
            "Wind_Dir_Sin": 0.2161688200674591,
            "Wind_Dir_Cos": 0.21134636865676656
        },
        "MAE": {
            "Temperature": 0.42719468595986865,
            "Precipitation_accumulated": 2.1938679320147636,
            "Humidity": 1.050095407189996,
            "Wind_Speed_kmh": 0.10625554396948012,
            "Soil_Moisture": 17.57114231038809,
            "Soil_Temperature": 0.4115798666876862,
            "Wind_Dir_Sin": 0.10953642059206894,
            "Wind_Dir_Cos": 0.09155428966994726
        },
        "R2": {
            "Temperature": 0.8765899525495896,
            "Precipitation_accumulated": -7.07771484061842,
            "Humidity": 0.9624422812486393,
            "Wind_Speed_kmh": 0.7992874866293207,
            "Soil_Moisture": 0.9885487775389119,
            "Soil_Temperature": 0.948938242913976,
            "Wind_Dir_Sin": 0.7090695203650166,
            "Wind_Dir_Cos": 0.8444152488807127
        },
        "SMAPE": {
            "Temperature": 7.477079044218004,
            "Precipitation_accumulated": 0.47874134963248044,
            "Humidity": 1.2717928575830968,
            "Wind_Speed_kmh": 148.5361998283665,
            "Soil_Moisture": 0.28043894262440416,
            "Soil_Temperature": 13.545436005633459,
            "Wind_Dir_Sin": 141.28252758310845,
            "Wind_Dir_Cos": 26.95605999896447
        }
    }
}