{
    "trial_number": 2,
    "input_chunk_length": 54,
    "output_chunk_length": 16,
    "num_filters": 9,
    "kernel_size": 7,
    "num_layers": 2,
    "dilation_base": 1,
    "weight_norm": true,
    "dropout": 0.30938542813304837,
    "batch_size": 256,
    "lr": 1.8534579220146951e-06,
    "loss_function": "huber",
    "optimizer": "SGD",
    "overall_mae_val": 0.5969961305127529,
    "metrics": {
        "MSE": {
            "Temperature": 25.834386629256006,
            "Precipitation_accumulated": 711021.5116633788,
            "Humidity": 6882.954171735819,
            "Wind_Speed_kmh": 3.1014386078470118,
            "Soil_Moisture": 6360995.573552876,
            "Soil_Temperature": 196.08094670986483,
            "Wind_Dir_Sin": 2.091005001851539,
            "Wind_Dir_Cos": 0.5758579260315295
        },
        "RMSE": {
            "Temperature": 5.082753843071294,
            "Precipitation_accumulated": 843.2209151007693,
            "Humidity": 82.96357135355143,
            "Wind_Speed_kmh": 1.7610901759555107,
            "Soil_Moisture": 2522.101420155993,
            "Soil_Temperature": 14.00289065549913,
            "Wind_Dir_Sin": 1.446030774863225,
            "Wind_Dir_Cos": 0.7588530332228564
        },
        "MAE": {
            "Temperature": 4.200822778181167,
            "Precipitation_accumulated": 839.825442986785,
            "Humidity": 80.83761026498972,
            "Wind_Speed_kmh": 1.418758838415639,
            "Soil_Moisture": 2459.3051395453836,
            "Soil_Temperature": 11.842210092065942,
            "Wind_Dir_Sin": 1.239477233413651,
            "Wind_Dir_Cos": 0.5927650816969352
        },
        "R2": {
            "Temperature": 0.1533307983860348,
            "Precipitation_accumulated": -221371.59571574788,
            "Humidity": -45.79567325395085,
            "Wind_Speed_kmh": -1.2990441376013235,
            "Soil_Moisture": -131.474825410998,
            "Soil_Temperature": -11.230088278858306,
            "Wind_Dir_Sin": -2.820989811169652,
            "Wind_Dir_Cos": -0.5623432275557552
        },
        "SMAPE": {
            "Temperature": 56.42351322236819,
            "Precipitation_accumulated": 200.0,
            "Humidity": 163.91133911721454,
            "Wind_Speed_kmh": 93.19363332720452,
            "Soil_Moisture": 33.68414996105404,
            "Soil_Temperature": 161.67085813682084,
            "Wind_Dir_Sin": 145.15112457285576,
            "Wind_Dir_Cos": 106.0754015896786
        }
    }
}