{
    "trial_number": 7,
    "input_chunk_length": 35,
    "output_chunk_length": 21,
    "num_filters": 123,
    "kernel_size": 5,
    "num_layers": 1,
    "dilation_base": 2,
    "weight_norm": false,
    "dropout": 0.27272658490845214,
    "batch_size": 21,
    "lr": 2.940302044466592e-05,
    "forecast_horizon": 12,
    "overall_smape_val": 52.743087434226595,
    "metrics": {
        "MSE": {
            "Temperature": 1.3140478985191446,
            "Precipitation_accumulated": 442.8098403047391,
            "Humidity": 23.08253944532682,
            "Wind_Speed_kmh": 0.20854194425784994,
            "Soil_Moisture": 137955.57682028154,
            "Soil_Temperature": 1.576680682945142,
            "Wind_Dir_Sin": 0.1137395551288842,
            "Wind_Dir_Cos": 0.13469231637535042
        },
        "RMSE": {
            "Temperature": 1.1463192829744882,
            "Precipitation_accumulated": 21.043047315081033,
            "Humidity": 4.804429148746688,
            "Wind_Speed_kmh": 0.4566639292278841,
            "Soil_Moisture": 371.4237160175445,
            "Soil_Temperature": 1.2556594613768266,
            "Wind_Dir_Sin": 0.3372529542181717,
            "Wind_Dir_Cos": 0.3670045181947362
        },
        "MAE": {
            "Temperature": 0.9121993971827647,
            "Precipitation_accumulated": 14.04547894776268,
            "Humidity": 3.6754335378094876,
            "Wind_Speed_kmh": 0.23622323398983558,
            "Soil_Moisture": 177.77498188083962,
            "Soil_Temperature": 0.903426813892041,
            "Wind_Dir_Sin": 0.20507990463222686,
            "Wind_Dir_Cos": 0.2368237359329177
        },
        "R2": {
            "Temperature": 0.6127278757116152,
            "Precipitation_accumulated": -464.7880103871615,
            "Humidity": 0.6454697672666694,
            "Wind_Speed_kmh": 0.3914683080999065,
            "Soil_Moisture": 0.8147982377081457,
            "Soil_Temperature": 0.7182019622384774,
            "Wind_Dir_Sin": 0.2965429395650663,
            "Wind_Dir_Cos": 0.5334700855286926
        },
        "SMAPE": {
            "Temperature": 15.43485961464824,
            "Precipitation_accumulated": 3.1472516998541074,
            "Humidity": 4.3111485224292805,
            "Wind_Speed_kmh": 164.04964104838044,
            "Soil_Moisture": 2.773613382873762,
            "Soil_Temperature": 23.110829430010774,
            "Wind_Dir_Sin": 160.18788109385133,
            "Wind_Dir_Cos": 48.92947468176487
        }
    }
}