{
    "trial_number": 44,
    "input_chunk_length": 27,
    "output_chunk_length": 14,
    "num_filters": 21,
    "kernel_size": 5,
    "num_layers": 1,
    "dilation_base": 4,
    "weight_norm": false,
    "dropout": 0.13494160338889843,
    "batch_size": 31,
    "lr": 0.001495936378598888,
    "forecast_horizon": 7,
    "overall_smape_val": 52.7914852248595,
    "metrics": {
        "MSE": {
            "Temperature": 1.1638581242486186,
            "Precipitation_accumulated": 90.49795390256426,
            "Humidity": 16.651846736321794,
            "Wind_Speed_kmh": 0.18007389889899733,
            "Soil_Moisture": 106354.64244769818,
            "Soil_Temperature": 1.355950130684402,
            "Wind_Dir_Sin": 0.10900581212196413,
            "Wind_Dir_Cos": 0.11757170658610323
        },
        "RMSE": {
            "Temperature": 1.0788225638392157,
            "Precipitation_accumulated": 9.513041254118699,
            "Humidity": 4.080667437604024,
            "Wind_Speed_kmh": 0.42435115046267674,
            "Soil_Moisture": 326.12059494564,
            "Soil_Temperature": 1.1644527172386185,
            "Wind_Dir_Sin": 0.33016028247195955,
            "Wind_Dir_Cos": 0.3428873088729054
        },
        "MAE": {
            "Temperature": 0.7806684004688162,
            "Precipitation_accumulated": 6.59874429419312,
            "Humidity": 2.9136820649904207,
            "Wind_Speed_kmh": 0.19235091545023572,
            "Soil_Moisture": 122.22270528658467,
            "Soil_Temperature": 0.9210132212563443,
            "Wind_Dir_Sin": 0.19038887815255193,
            "Wind_Dir_Cos": 0.2140369293556243
        },
        "R2": {
            "Temperature": 0.6574318802660986,
            "Precipitation_accumulated": -94.26966359490726,
            "Humidity": 0.7440500658846041,
            "Wind_Speed_kmh": 0.4726946689644934,
            "Soil_Moisture": 0.85674436922694,
            "Soil_Temperature": 0.7580008209394813,
            "Wind_Dir_Sin": 0.32357984722782607,
            "Wind_Dir_Cos": 0.5916230742130091
        },
        "SMAPE": {
            "Temperature": 13.845579961593387,
            "Precipitation_accumulated": 1.4475140432490288,
            "Humidity": 3.46754311735275,
            "Wind_Speed_kmh": 164.6887294074805,
            "Soil_Moisture": 1.951222190189577,
            "Soil_Temperature": 25.685609852686454,
            "Wind_Dir_Sin": 162.42739183459096,
            "Wind_Dir_Cos": 48.818291391733375
        }
    }
}