{
    "trial_number": 62,
    "input_chunk_length": 28,
    "output_chunk_length": 4,
    "num_filters": 78,
    "kernel_size": 2,
    "num_layers": 3,
    "dilation_base": 4,
    "weight_norm": true,
    "dropout": 0.19709091582073882,
    "batch_size": 183,
    "lr": 0.003513158891748793,
    "loss_function": "smoothl1",
    "optimizer": "AdamW",
    "overall_mae_val": 0.12061824352712533,
    "metrics": {
        "MSE": {
            "Temperature": 5.593924988662173,
            "Precipitation_accumulated": 810.5631652106025,
            "Humidity": 58.06118590028535,
            "Wind_Speed_kmh": 1.1442005484947044,
            "Soil_Moisture": 41491.40120372197,
            "Soil_Temperature": 8.462380045698785,
            "Wind_Dir_Sin": 0.6246359274814115,
            "Wind_Dir_Cos": 0.3698644891120805
        },
        "RMSE": {
            "Temperature": 2.365147984516439,
            "Precipitation_accumulated": 28.470391026654383,
            "Humidity": 7.619789098149984,
            "Wind_Speed_kmh": 1.0696731035670217,
            "Soil_Moisture": 203.69438186587763,
            "Soil_Temperature": 2.9090170239616655,
            "Wind_Dir_Sin": 0.7903391218213935,
            "Wind_Dir_Cos": 0.6081648535652816
        },
        "MAE": {
            "Temperature": 1.8642188014850523,
            "Precipitation_accumulated": 25.45647695114277,
            "Humidity": 6.243325753679288,
            "Wind_Speed_kmh": 0.7955110054474829,
            "Soil_Moisture": 163.63165053823494,
            "Soil_Temperature": 2.496186692045049,
            "Wind_Dir_Sin": 0.6795554128729315,
            "Wind_Dir_Cos": 0.511068551749421
        },
        "R2": {
            "Temperature": 0.8163243615409586,
            "Precipitation_accumulated": -235.905611980183,
            "Humidity": 0.6037049762435405,
            "Wind_Speed_kmh": 0.1516404523423347,
            "Soil_Moisture": 0.2693477190102824,
            "Soil_Temperature": 0.4743430246628497,
            "Wind_Dir_Sin": -0.13435187279932337,
            "Wind_Dir_Cos": -0.009396149895392947
        },
        "SMAPE": {
            "Temperature": 30.926828729523546,
            "Precipitation_accumulated": 5.668357091486655,
            "Humidity": 7.342318485111528,
            "Wind_Speed_kmh": 72.58862283752488,
            "Soil_Moisture": 1.9274163484713664,
            "Soil_Temperature": 49.17527358796539,
            "Wind_Dir_Sin": 139.55717965471237,
            "Wind_Dir_Cos": 124.43606275275076
        }
    }
}