{
    "trial_number": 14,
    "input_chunk_length": 30,
    "output_chunk_length": 29,
    "num_filters": 22,
    "kernel_size": 6,
    "num_layers": 3,
    "dilation_base": 3,
    "weight_norm": false,
    "dropout": 0.19121618894357667,
    "batch_size": 42,
    "lr": 0.0021331757319723956,
    "forecast_horizon": 7,
    "overall_smape_val": 54.26269097136182,
    "metrics": {
        "MSE": {
            "Temperature": 1.3777867689294363,
            "Precipitation_accumulated": 237.32216500919353,
            "Humidity": 21.189341702642608,
            "Wind_Speed_kmh": 0.18398851560207033,
            "Soil_Moisture": 118808.53689769207,
            "Soil_Temperature": 2.2068960709797953,
            "Wind_Dir_Sin": 0.11553708976302385,
            "Wind_Dir_Cos": 0.15017469547168327
        },
        "RMSE": {
            "Temperature": 1.1737916207442598,
            "Precipitation_accumulated": 15.405264197967963,
            "Humidity": 4.6031882106473345,
            "Wind_Speed_kmh": 0.428938825011295,
            "Soil_Moisture": 344.68614259597393,
            "Soil_Temperature": 1.4855625436109363,
            "Wind_Dir_Sin": 0.33990747235538066,
            "Wind_Dir_Cos": 0.38752379987774077
        },
        "MAE": {
            "Temperature": 0.8768614531563617,
            "Precipitation_accumulated": 12.621331311215052,
            "Humidity": 3.4938268651297526,
            "Wind_Speed_kmh": 0.22410726740348139,
            "Soil_Moisture": 173.87943355812305,
            "Soil_Temperature": 0.9284537965893013,
            "Wind_Dir_Sin": 0.22739907626657666,
            "Wind_Dir_Cos": 0.27226779302451914
        },
        "R2": {
            "Temperature": 0.5944644686558198,
            "Precipitation_accumulated": -248.8355139430428,
            "Humidity": 0.6743057572761473,
            "Wind_Speed_kmh": 0.4612316070265231,
            "Soil_Moisture": 0.839969450295758,
            "Soil_Temperature": 0.6061307673760614,
            "Wind_Dir_Sin": 0.2830509274045415,
            "Wind_Dir_Cos": 0.47837892084342337
        },
        "SMAPE": {
            "Temperature": 15.26367710062447,
            "Precipitation_accumulated": 2.802137232407653,
            "Humidity": 4.167713388990126,
            "Wind_Speed_kmh": 172.16800359584036,
            "Soil_Moisture": 2.7012499849939138,
            "Soil_Temperature": 21.22587145002415,
            "Wind_Dir_Sin": 161.56157061032042,
            "Wind_Dir_Cos": 54.211304407693724
        }
    }
}