{
    "trial_number": 25,
    "input_chunk_length": 27,
    "output_chunk_length": 18,
    "num_filters": 14,
    "kernel_size": 7,
    "num_layers": 4,
    "dilation_base": 3,
    "weight_norm": false,
    "dropout": 0.2984842905404568,
    "batch_size": 54,
    "lr": 0.0001902229889472982,
    "forecast_horizon": 3,
    "overall_smape_val": 54.76500164432703,
    "metrics": {
        "MSE": {
            "Temperature": 2.049923235024514,
            "Precipitation_accumulated": 552.7699195093415,
            "Humidity": 21.153754803009104,
            "Wind_Speed_kmh": 0.21248334356499574,
            "Soil_Moisture": 164165.9327696084,
            "Soil_Temperature": 1.808552846846321,
            "Wind_Dir_Sin": 0.12241514902767753,
            "Wind_Dir_Cos": 0.1414446377514739
        },
        "RMSE": {
            "Temperature": 1.4317552985844033,
            "Precipitation_accumulated": 23.511059514818587,
            "Humidity": 4.599321124145291,
            "Wind_Speed_kmh": 0.4609591560702485,
            "Soil_Moisture": 405.1739537156953,
            "Soil_Temperature": 1.344824466927309,
            "Wind_Dir_Sin": 0.3498787633276383,
            "Wind_Dir_Cos": 0.3760912625300858
        },
        "MAE": {
            "Temperature": 1.0638891895715827,
            "Precipitation_accumulated": 11.567797606190133,
            "Humidity": 3.4388369015095073,
            "Wind_Speed_kmh": 0.23630580751680416,
            "Soil_Moisture": 186.9199768195422,
            "Soil_Temperature": 0.9015306622674731,
            "Wind_Dir_Sin": 0.20810208919807643,
            "Wind_Dir_Cos": 0.2545142276342496
        },
        "R2": {
            "Temperature": 0.3975637325061596,
            "Precipitation_accumulated": -581.2928589302204,
            "Humidity": 0.674707036809794,
            "Wind_Speed_kmh": 0.37604999040447007,
            "Soil_Moisture": 0.7782891914863049,
            "Soil_Temperature": 0.6776411506712909,
            "Wind_Dir_Sin": 0.23835709204675515,
            "Wind_Dir_Cos": 0.5075974067774243
        },
        "SMAPE": {
            "Temperature": 20.55961464215155,
            "Precipitation_accumulated": 2.6504099414484217,
            "Humidity": 4.061566315448692,
            "Wind_Speed_kmh": 173.32050970557495,
            "Soil_Moisture": 2.9270155846461914,
            "Soil_Temperature": 21.0785418970007,
            "Wind_Dir_Sin": 161.08593949252108,
            "Wind_Dir_Cos": 52.43641557582459
        }
    }
}