{
    "trial_number": 17,
    "input_chunk_length": 25,
    "num_filters": 128,
    "kernel_size": 6,
    "num_layers": 3,
    "dilation_base": 4,
    "weight_norm": true,
    "dropout": 0.23221504614606284,
    "batch_size": 35,
    "lr": 0.0014846901401389882,
    "overall_smape_val": 41.88071811796599,
    "metrics": {
        "MSE": {
            "Temperature": 0.3069711441352685,
            "Precipitation_accumulated": 31.972998421144574,
            "Humidity": 2.037952549188513,
            "Wind_Speed_kmh": 0.057037747406493866,
            "Soil_Moisture": 8439.628425950776,
            "Soil_Temperature": 0.25803894154196483,
            "Wind_Dir_Sin": 0.03963931918489597,
            "Wind_Dir_Cos": 0.03612479287978716
        },
        "RMSE": {
            "Temperature": 0.5540497668398287,
            "Precipitation_accumulated": 5.654467120882796,
            "Humidity": 1.4275687546274305,
            "Wind_Speed_kmh": 0.23882576788632726,
            "Soil_Moisture": 91.86745030722675,
            "Soil_Temperature": 0.507975335564597,
            "Wind_Dir_Sin": 0.19909625607955558,
            "Wind_Dir_Cos": 0.19006523322214183
        },
        "MAE": {
            "Temperature": 0.3079134471376374,
            "Precipitation_accumulated": 5.286344866249935,
            "Humidity": 0.8436475127888691,
            "Wind_Speed_kmh": 0.1006411256303059,
            "Soil_Moisture": 23.122257793956226,
            "Soil_Temperature": 0.407937443018214,
            "Wind_Dir_Sin": 0.10226493944835413,
            "Wind_Dir_Cos": 0.09096115449815446
        },
        "R2": {
            "Temperature": 0.909829680379497,
            "Precipitation_accumulated": -32.68615594161842,
            "Humidity": 0.9686606957343304,
            "Wind_Speed_kmh": 0.8323937827032524,
            "Soil_Moisture": 0.9885946369179238,
            "Soil_Temperature": 0.9540218494901914,
            "Wind_Dir_Sin": 0.7532090068647479,
            "Wind_Dir_Cos": 0.8741704003438665
        },
        "SMAPE": {
            "Temperature": 5.409861279689867,
            "Precipitation_accumulated": 1.1577262058720736,
            "Humidity": 0.9957534591678191,
            "Wind_Speed_kmh": 145.3876621952022,
            "Soil_Moisture": 0.3701546183086701,
            "Soil_Temperature": 13.685172739186314,
            "Wind_Dir_Sin": 142.9317539193541,
            "Wind_Dir_Cos": 25.10766052694683
        }
    }
}