{
    "trial_number": 1,
    "input_chunk_length": 8,
    "num_filters": 60,
    "kernel_size": 7,
    "num_layers": 3,
    "dilation_base": 4,
    "weight_norm": true,
    "dropout": 0.2635845999070931,
    "batch_size": 64,
    "lr": 0.0008647514964195404,
    "overall_smape_val": 41.89338195037229,
    "metrics": {
        "MSE": {
            "Temperature": 0.3460957086922863,
            "Precipitation_accumulated": 9.447933976388835,
            "Humidity": 1.7022702806742311,
            "Wind_Speed_kmh": 0.05981625002741032,
            "Soil_Moisture": 9232.876065149056,
            "Soil_Temperature": 0.1720004740736542,
            "Wind_Dir_Sin": 0.0412513983846809,
            "Wind_Dir_Cos": 0.037458613126497245
        },
        "RMSE": {
            "Temperature": 0.5882989959980267,
            "Precipitation_accumulated": 3.0737491726536237,
            "Humidity": 1.304710803463446,
            "Wind_Speed_kmh": 0.24457360860773658,
            "Soil_Moisture": 96.08785597123632,
            "Soil_Temperature": 0.4147293986127029,
            "Wind_Dir_Sin": 0.20310440267183008,
            "Wind_Dir_Cos": 0.1935422773620721
        },
        "MAE": {
            "Temperature": 0.38265598871884887,
            "Precipitation_accumulated": 2.460936288589939,
            "Humidity": 0.6876795458957725,
            "Wind_Speed_kmh": 0.10404308994756427,
            "Soil_Moisture": 26.0768450255781,
            "Soil_Temperature": 0.265875838237345,
            "Wind_Dir_Sin": 0.09056627421567788,
            "Wind_Dir_Cos": 0.08422424418935574
        },
        "R2": {
            "Temperature": 0.8983371523079832,
            "Precipitation_accumulated": -8.95416735905109,
            "Humidity": 0.9738227632975562,
            "Wind_Speed_kmh": 0.8242291139493827,
            "Soil_Moisture": 0.9875226374314017,
            "Soil_Temperature": 0.9693524410018912,
            "Wind_Dir_Sin": 0.7431723403702537,
            "Wind_Dir_Cos": 0.8695244479583324
        },
        "SMAPE": {
            "Temperature": 6.861203696998213,
            "Precipitation_accumulated": 0.5347025422596144,
            "Humidity": 0.8195517694817721,
            "Wind_Speed_kmh": 150.334661552359,
            "Soil_Moisture": 0.3977714439310733,
            "Soil_Temperature": 11.568423308042261,
            "Wind_Dir_Sin": 139.6939084226759,
            "Wind_Dir_Cos": 24.93683286723052
        }
    }
}