{
    "trial_number": 29,
    "input_chunk_length": 53,
    "output_chunk_length": 24,
    "num_filters": 25,
    "kernel_size": 8,
    "num_layers": 2,
    "dilation_base": 3,
    "weight_norm": true,
    "dropout": 0.2756459769494297,
    "batch_size": 18,
    "lr": 0.004995728064092988,
    "forecast_horizon": 22,
    "overall_smape_val": 50.847770060365264,
    "metrics": {
        "MSE": {
            "Temperature": 1.0756073698872708,
            "Precipitation_accumulated": 12.161666845525668,
            "Humidity": 13.438645335749678,
            "Wind_Speed_kmh": 0.1774944886575224,
            "Soil_Moisture": 95584.33749097477,
            "Soil_Temperature": 0.9280536145571888,
            "Wind_Dir_Sin": 0.09781144661543181,
            "Wind_Dir_Cos": 0.12448933184024048
        },
        "RMSE": {
            "Temperature": 1.037114926074864,
            "Precipitation_accumulated": 3.4873581470112396,
            "Humidity": 3.6658757938246733,
            "Wind_Speed_kmh": 0.42130094784788036,
            "Soil_Moisture": 309.16716755013744,
            "Soil_Temperature": 0.963355393692893,
            "Wind_Dir_Sin": 0.31274821600679326,
            "Wind_Dir_Cos": 0.35283045764253473
        },
        "MAE": {
            "Temperature": 0.739189513955399,
            "Precipitation_accumulated": 2.7369433909325793,
            "Humidity": 2.776855869663831,
            "Wind_Speed_kmh": 0.19161938103043083,
            "Soil_Moisture": 130.49292767184696,
            "Soil_Temperature": 0.7658468914448943,
            "Wind_Dir_Sin": 0.18058699088288876,
            "Wind_Dir_Cos": 0.21197539101418444
        },
        "R2": {
            "Temperature": 0.6808251104697527,
            "Precipitation_accumulated": -11.773130636523485,
            "Humidity": 0.7935136560623124,
            "Wind_Speed_kmh": 0.48570115554912763,
            "Soil_Moisture": 0.8725316288570277,
            "Soil_Temperature": 0.8335469144757223,
            "Wind_Dir_Sin": 0.3990750055719663,
            "Wind_Dir_Cos": 0.5712367626478048
        },
        "SMAPE": {
            "Temperature": 12.804301928134684,
            "Precipitation_accumulated": 0.5961627245766488,
            "Humidity": 3.325583008109608,
            "Wind_Speed_kmh": 160.7937478675471,
            "Soil_Moisture": 2.025589215986307,
            "Soil_Temperature": 21.003434114531217,
            "Wind_Dir_Sin": 159.21841456394998,
            "Wind_Dir_Cos": 47.01492706008636
        }
    }
}