{
    "trial_number": 87,
    "input_chunk_length": 29,
    "output_chunk_length": 1,
    "num_filters": 51,
    "kernel_size": 8,
    "num_layers": 3,
    "dilation_base": 4,
    "weight_norm": true,
    "dropout": 0.10577306294379565,
    "batch_size": 102,
    "lr": 0.0041259435627923405,
    "loss_function": "smoothl1",
    "optimizer": "Adam",
    "overall_mae_val": 0.09428413396997018,
    "metrics": {
        "MSE": {
            "Temperature": 3.163943145066277,
            "Precipitation_accumulated": 689.8803073520254,
            "Humidity": 16.01507146164654,
            "Wind_Speed_kmh": 0.6203531800083717,
            "Soil_Moisture": 39897.1648915783,
            "Soil_Temperature": 4.387466151468646,
            "Wind_Dir_Sin": 0.36198484523186436,
            "Wind_Dir_Cos": 0.3104015171739559
        },
        "RMSE": {
            "Temperature": 1.7787476338891577,
            "Precipitation_accumulated": 26.26557266369849,
            "Humidity": 4.001883489264341,
            "Wind_Speed_kmh": 0.7876250250013465,
            "Soil_Moisture": 199.7427467808989,
            "Soil_Temperature": 2.094627926737502,
            "Wind_Dir_Sin": 0.6016517640893811,
            "Wind_Dir_Cos": 0.5571368926699756
        },
        "MAE": {
            "Temperature": 1.3876411020969341,
            "Precipitation_accumulated": 23.83326178301252,
            "Humidity": 3.1195717210563423,
            "Wind_Speed_kmh": 0.6198230204127524,
            "Soil_Moisture": 176.5216082524653,
            "Soil_Temperature": 1.8148569493652236,
            "Wind_Dir_Sin": 0.4929680403248565,
            "Wind_Dir_Cos": 0.45047060358464847
        },
        "R2": {
            "Temperature": 0.8960839628672198,
            "Precipitation_accumulated": -200.0113343190243,
            "Humidity": 0.8907061247490082,
            "Wind_Speed_kmh": 0.5403691608137062,
            "Soil_Moisture": 0.30268438233055484,
            "Soil_Temperature": 0.7278144381696976,
            "Wind_Dir_Sin": 0.3424579629705242,
            "Wind_Dir_Cos": 0.1534633340775784
        },
        "SMAPE": {
            "Temperature": 24.31940346255896,
            "Precipitation_accumulated": 5.289117921290074,
            "Humidity": 3.771273845389484,
            "Wind_Speed_kmh": 60.383162704020144,
            "Soil_Moisture": 2.0751932743535786,
            "Soil_Temperature": 42.5118760024937,
            "Wind_Dir_Sin": 98.41027264491711,
            "Wind_Dir_Cos": 109.43003997301527
        }
    }
}