{
    "trial_number": 44,
    "input_chunk_length": 31,
    "output_chunk_length": 3,
    "num_filters": 82,
    "kernel_size": 2,
    "num_layers": 3,
    "dilation_base": 4,
    "weight_norm": true,
    "dropout": 0.12000600467951462,
    "batch_size": 186,
    "lr": 0.0008196740747254762,
    "loss_function": "smoothl1",
    "optimizer": "AdamW",
    "overall_mae_val": 0.12219594809644321,
    "metrics": {
        "MSE": {
            "Temperature": 5.2880113116364,
            "Precipitation_accumulated": 1608.3753447429729,
            "Humidity": 59.58834538557195,
            "Wind_Speed_kmh": 1.1243463009999095,
            "Soil_Moisture": 120906.98332864106,
            "Soil_Temperature": 8.387773527585711,
            "Wind_Dir_Sin": 0.5686618593859752,
            "Wind_Dir_Cos": 0.37672743539594306
        },
        "RMSE": {
            "Temperature": 2.2995676358038266,
            "Precipitation_accumulated": 40.10455516201336,
            "Humidity": 7.71934876693442,
            "Wind_Speed_kmh": 1.0603519703381088,
            "Soil_Moisture": 347.7168148488667,
            "Soil_Temperature": 2.896165314270874,
            "Wind_Dir_Sin": 0.7540967175276493,
            "Wind_Dir_Cos": 0.6137812602189342
        },
        "MAE": {
            "Temperature": 1.813645273615918,
            "Precipitation_accumulated": 33.141309484078704,
            "Humidity": 6.099541078868462,
            "Wind_Speed_kmh": 0.7863942664462985,
            "Soil_Moisture": 288.7948169951143,
            "Soil_Temperature": 2.3720747156192488,
            "Wind_Dir_Sin": 0.6329630101207362,
            "Wind_Dir_Cos": 0.5075819968439083
        },
        "R2": {
            "Temperature": 0.8265680397858853,
            "Precipitation_accumulated": -470.5383869405386,
            "Humidity": 0.5935182363911435,
            "Wind_Speed_kmh": 0.1651224117117267,
            "Soil_Moisture": -1.1470030407807865,
            "Soil_Temperature": 0.4789514715755204,
            "Wind_Dir_Sin": -0.032860699506369384,
            "Wind_Dir_Cos": -0.027600741347714397
        },
        "SMAPE": {
            "Temperature": 30.788614622390575,
            "Precipitation_accumulated": 7.511512637915248,
            "Humidity": 7.246624816365502,
            "Wind_Speed_kmh": 72.00875387061924,
            "Soil_Moisture": 3.44114440751251,
            "Soil_Temperature": 46.060640367904284,
            "Wind_Dir_Sin": 126.78975559510842,
            "Wind_Dir_Cos": 119.80791743820497
        }
    }
}