{
    "trial_number": 33,
    "input_chunk_length": 28,
    "output_chunk_length": 18,
    "num_filters": 47,
    "kernel_size": 7,
    "num_layers": 3,
    "dilation_base": 3,
    "weight_norm": true,
    "dropout": 0.3165900506858714,
    "batch_size": 95,
    "lr": 0.0015801573613862347,
    "loss_function": "smoothl1",
    "optimizer": "AdamW",
    "overall_mae_val": 0.14439707554738965,
    "metrics": {
        "MSE": {
            "Temperature": 10.164712348879709,
            "Precipitation_accumulated": 1890.9257950915405,
            "Humidity": 140.32986812501258,
            "Wind_Speed_kmh": 1.4267602703043742,
            "Soil_Moisture": 268668.3641596327,
            "Soil_Temperature": 8.84404303279525,
            "Wind_Dir_Sin": 0.6678809283422079,
            "Wind_Dir_Cos": 0.4193731958666754
        },
        "RMSE": {
            "Temperature": 3.1882146020742876,
            "Precipitation_accumulated": 43.48477659010726,
            "Humidity": 11.846090837276767,
            "Wind_Speed_kmh": 1.1944707071771892,
            "Soil_Moisture": 518.3322912569047,
            "Soil_Temperature": 2.9738935812828355,
            "Wind_Dir_Sin": 0.8172398230276152,
            "Wind_Dir_Cos": 0.6475902993920426
        },
        "MAE": {
            "Temperature": 2.5056035388452753,
            "Precipitation_accumulated": 37.61875565981051,
            "Humidity": 9.539955595405829,
            "Wind_Speed_kmh": 0.9333535578720844,
            "Soil_Moisture": 449.1781229281126,
            "Soil_Temperature": 2.4216618873726885,
            "Wind_Dir_Sin": 0.7090083165037502,
            "Wind_Dir_Cos": 0.5377363840700504
        },
        "R2": {
            "Temperature": 0.6670531401907253,
            "Precipitation_accumulated": -563.9788509963314,
            "Humidity": 0.04323235477665899,
            "Wind_Speed_kmh": -0.05947377515339913,
            "Soil_Moisture": -4.010569874768134,
            "Soil_Temperature": 0.4512725969609569,
            "Wind_Dir_Sin": -0.21203874800400113,
            "Wind_Dir_Cos": -0.14361629598622971
        },
        "SMAPE": {
            "Temperature": 38.07056568370743,
            "Precipitation_accumulated": 8.55016663264628,
            "Humidity": 11.33338215348446,
            "Wind_Speed_kmh": 77.89621489064183,
            "Soil_Moisture": 5.301545052685605,
            "Soil_Temperature": 46.241865956361046,
            "Wind_Dir_Sin": 142.00884242715853,
            "Wind_Dir_Cos": 122.14622328039971
        }
    }
}