{
    "trial_number": 112,
    "input_chunk_length": 49,
    "output_chunk_length": 28,
    "num_filters": 30,
    "kernel_size": 8,
    "num_layers": 2,
    "dilation_base": 3,
    "weight_norm": true,
    "dropout": 0.3350029179964791,
    "batch_size": 20,
    "lr": 0.0048540261727266715,
    "forecast_horizon": 22,
    "overall_smape_val": 55.36973151377853,
    "metrics": {
        "MSE": {
            "Temperature": 2.4904032904237887,
            "Precipitation_accumulated": 59.73709172829879,
            "Humidity": 22.783164821946077,
            "Wind_Speed_kmh": 0.23049027106205558,
            "Soil_Moisture": 196359.42827098808,
            "Soil_Temperature": 2.0617722579158784,
            "Wind_Dir_Sin": 0.13806665733131887,
            "Wind_Dir_Cos": 0.1563011503655563
        },
        "RMSE": {
            "Temperature": 1.5781011660929056,
            "Precipitation_accumulated": 7.728977405083986,
            "Humidity": 4.773171358954765,
            "Wind_Speed_kmh": 0.4800940231476076,
            "Soil_Moisture": 443.12461934650855,
            "Soil_Temperature": 1.4358872720084535,
            "Wind_Dir_Sin": 0.37157321934084386,
            "Wind_Dir_Cos": 0.39534940289009707
        },
        "MAE": {
            "Temperature": 1.2161896593675237,
            "Precipitation_accumulated": 6.630864843194109,
            "Humidity": 3.3747695067080947,
            "Wind_Speed_kmh": 0.22880497059152918,
            "Soil_Moisture": 176.70645425574858,
            "Soil_Temperature": 1.143978350257413,
            "Wind_Dir_Sin": 0.27270149788549314,
            "Wind_Dir_Cos": 0.27265551207746935
        },
        "R2": {
            "Temperature": 0.26099967575521166,
            "Precipitation_accumulated": -61.74055079647812,
            "Humidity": 0.6499340305604584,
            "Wind_Speed_kmh": 0.33214331914773154,
            "Soil_Moisture": 0.7381410266861819,
            "Soil_Temperature": 0.6302063279585375,
            "Wind_Dir_Sin": 0.15175873419266928,
            "Wind_Dir_Cos": 0.46167124329487685
        },
        "SMAPE": {
            "Temperature": 20.960166345076157,
            "Precipitation_accumulated": 1.4297666330215524,
            "Humidity": 3.9838132430324666,
            "Wind_Speed_kmh": 172.53612077179022,
            "Soil_Moisture": 2.7364092659193693,
            "Soil_Temperature": 24.78915582069259,
            "Wind_Dir_Sin": 162.04732759387622,
            "Wind_Dir_Cos": 54.475092436819736
        }
    }
}