{
    "trial_number": 15,
    "input_chunk_length": 31,
    "output_chunk_length": 5,
    "num_filters": 20,
    "kernel_size": 4,
    "num_layers": 3,
    "dilation_base": 4,
    "weight_norm": true,
    "dropout": 0.4930656072499533,
    "batch_size": 128,
    "lr": 0.001966495216628639,
    "loss_function": "smoothl1",
    "optimizer": "AdamW",
    "overall_mae_val": 0.11747869509384581,
    "metrics": {
        "MSE": {
            "Temperature": 7.493129701746668,
            "Precipitation_accumulated": 122.10963834993387,
            "Humidity": 62.50723184848879,
            "Wind_Speed_kmh": 1.1724877740987982,
            "Soil_Moisture": 24936.23125377767,
            "Soil_Temperature": 10.347544526506585,
            "Wind_Dir_Sin": 0.5683805302048253,
            "Wind_Dir_Cos": 0.39639128243519456
        },
        "RMSE": {
            "Temperature": 2.7373581610280135,
            "Precipitation_accumulated": 11.050322997538753,
            "Humidity": 7.906151519449193,
            "Wind_Speed_kmh": 1.0828147459740278,
            "Soil_Moisture": 157.9120997700229,
            "Soil_Temperature": 3.2167599423187587,
            "Wind_Dir_Sin": 0.7539101605661149,
            "Wind_Dir_Cos": 0.6295961264455131
        },
        "MAE": {
            "Temperature": 2.152119560675435,
            "Precipitation_accumulated": 9.692748966613337,
            "Humidity": 6.414205039624793,
            "Wind_Speed_kmh": 0.8786430005945429,
            "Soil_Moisture": 130.8895163488928,
            "Soil_Temperature": 2.697310951046931,
            "Wind_Dir_Sin": 0.6430806700757141,
            "Wind_Dir_Cos": 0.5310102496531464
        },
        "R2": {
            "Temperature": 0.7545409659646755,
            "Precipitation_accumulated": -34.910393484185086,
            "Humidity": 0.5739854078584641,
            "Wind_Speed_kmh": 0.1297067529349566,
            "Soil_Moisture": 0.5530817332064927,
            "Soil_Temperature": 0.3577397331568938,
            "Wind_Dir_Sin": -0.03221561478832591,
            "Wind_Dir_Cos": -0.08078665197300028
        },
        "SMAPE": {
            "Temperature": 35.11401534249063,
            "Precipitation_accumulated": 2.112701898582341,
            "Humidity": 7.617343724574263,
            "Wind_Speed_kmh": 72.03194802816422,
            "Soil_Moisture": 1.5354667417783683,
            "Soil_Temperature": 54.3894923438231,
            "Wind_Dir_Sin": 129.31509184331546,
            "Wind_Dir_Cos": 132.81048946993354
        }
    }
}