{
    "trial_number": 21,
    "input_chunk_length": 42,
    "output_chunk_length": 21,
    "num_filters": 82,
    "kernel_size": 7,
    "num_layers": 2,
    "dilation_base": 4,
    "weight_norm": true,
    "dropout": 0.26401597506258534,
    "batch_size": 36,
    "lr": 0.0007401013095088563,
    "forecast_horizon": 20,
    "overall_smape_val": 51.035557441058884,
    "metrics": {
        "MSE": {
            "Temperature": 1.127579358153677,
            "Precipitation_accumulated": 100.1900269830879,
            "Humidity": 10.558199171854746,
            "Wind_Speed_kmh": 0.16611448588844221,
            "Soil_Moisture": 123318.51590498793,
            "Soil_Temperature": 1.2421254241632573,
            "Wind_Dir_Sin": 0.09852312941116363,
            "Wind_Dir_Cos": 0.12619299153567698
        },
        "RMSE": {
            "Temperature": 1.0618753967173724,
            "Precipitation_accumulated": 10.009496839656222,
            "Humidity": 3.2493382667636723,
            "Wind_Speed_kmh": 0.40757144881412166,
            "Soil_Moisture": 351.1673616738719,
            "Soil_Temperature": 1.1145068075894635,
            "Wind_Dir_Sin": 0.3138839425825469,
            "Wind_Dir_Cos": 0.35523652899959063
        },
        "MAE": {
            "Temperature": 0.7626805545792399,
            "Precipitation_accumulated": 7.504625234603966,
            "Humidity": 2.2806282320971554,
            "Wind_Speed_kmh": 0.18245664598898492,
            "Soil_Moisture": 144.24856526328148,
            "Soil_Temperature": 0.7159120200128045,
            "Wind_Dir_Sin": 0.19324579137589784,
            "Wind_Dir_Cos": 0.22437048110393473
        },
        "R2": {
            "Temperature": 0.6659889843659405,
            "Precipitation_accumulated": -104.25909069062246,
            "Humidity": 0.8377755104237423,
            "Wind_Speed_kmh": 0.5179948170687031,
            "Soil_Moisture": 0.835328395198967,
            "Soil_Temperature": 0.7774052443039623,
            "Wind_Dir_Sin": 0.3938929084186017,
            "Wind_Dir_Cos": 0.5648773057255283
        },
        "SMAPE": {
            "Temperature": 13.223095672117585,
            "Precipitation_accumulated": 1.650392551939278,
            "Humidity": 2.6995440055135553,
            "Wind_Speed_kmh": 162.35150732211096,
            "Soil_Moisture": 2.2356049994322933,
            "Soil_Temperature": 21.13103587486137,
            "Wind_Dir_Sin": 156.9873145940834,
            "Wind_Dir_Cos": 48.0059645084127
        }
    }
}