{
    "trial_number": 4,
    "input_chunk_length": 70,
    "output_chunk_length": 56,
    "num_filters": 87,
    "kernel_size": 2,
    "num_layers": 1,
    "dilation_base": 4,
    "weight_norm": true,
    "dropout": 0.13938393655222,
    "batch_size": 26,
    "lr": 0.00036476984876034833,
    "forecast_horizon": 6,
    "overall_smape_val": 55.965028027936114,
    "metrics": {
        "MSE": {
            "Temperature": 2.383868406817186,
            "Precipitation_accumulated": 515.5269892960504,
            "Humidity": 27.620864430505677,
            "Wind_Speed_kmh": 0.25279220553894344,
            "Soil_Moisture": 239403.06229937298,
            "Soil_Temperature": 2.232531020160772,
            "Wind_Dir_Sin": 0.1316214299890749,
            "Wind_Dir_Cos": 0.14953419932371753
        },
        "RMSE": {
            "Temperature": 1.543978110860768,
            "Precipitation_accumulated": 22.705219428493756,
            "Humidity": 5.255555577720179,
            "Wind_Speed_kmh": 0.5027844523639762,
            "Soil_Moisture": 489.2883222593535,
            "Soil_Temperature": 1.494165660213342,
            "Wind_Dir_Sin": 0.3627966785805445,
            "Wind_Dir_Cos": 0.3866965209614867
        },
        "MAE": {
            "Temperature": 1.1037546927793938,
            "Precipitation_accumulated": 13.921684130225433,
            "Humidity": 3.9950403130679053,
            "Wind_Speed_kmh": 0.28253677138483513,
            "Soil_Moisture": 277.5948480077883,
            "Soil_Temperature": 0.9487678207089996,
            "Wind_Dir_Sin": 0.236371821701063,
            "Wind_Dir_Cos": 0.30067351620750715
        },
        "R2": {
            "Temperature": 0.2985796449515299,
            "Precipitation_accumulated": -541.7966219218644,
            "Humidity": 0.5753806063075138,
            "Wind_Speed_kmh": 0.2592378820096988,
            "Soil_Moisture": 0.677319230741688,
            "Soil_Temperature": 0.6016757207152512,
            "Wind_Dir_Sin": 0.18270074922715773,
            "Wind_Dir_Cos": 0.4803117137724898
        },
        "SMAPE": {
            "Temperature": 18.77569145252735,
            "Precipitation_accumulated": 3.15315797236728,
            "Humidity": 4.68637388429624,
            "Wind_Speed_kmh": 172.98016234772209,
            "Soil_Moisture": 4.332652015334194,
            "Soil_Temperature": 23.555060963246138,
            "Wind_Dir_Sin": 163.3388167423605,
            "Wind_Dir_Cos": 56.898308845635505
        }
    }
}