{
    "trial_number": 113,
    "input_chunk_length": 56,
    "output_chunk_length": 20,
    "num_filters": 20,
    "kernel_size": 8,
    "num_layers": 2,
    "dilation_base": 3,
    "weight_norm": true,
    "dropout": 0.15198893109958767,
    "batch_size": 18,
    "lr": 0.006955894212376358,
    "forecast_horizon": 19,
    "overall_smape_val": 51.499454340371976,
    "metrics": {
        "MSE": {
            "Temperature": 1.1204701703886955,
            "Precipitation_accumulated": 19.185033995641778,
            "Humidity": 17.711651545911007,
            "Wind_Speed_kmh": 0.22020458958969313,
            "Soil_Moisture": 155787.9854434619,
            "Soil_Temperature": 1.624809291772148,
            "Wind_Dir_Sin": 0.10591199674965865,
            "Wind_Dir_Cos": 0.12799630183284091
        },
        "RMSE": {
            "Temperature": 1.058522635746962,
            "Precipitation_accumulated": 4.380072373333776,
            "Humidity": 4.208521301586937,
            "Wind_Speed_kmh": 0.46925961853721565,
            "Soil_Moisture": 394.6998675493341,
            "Soil_Temperature": 1.2746800742822286,
            "Wind_Dir_Sin": 0.3254412339419494,
            "Wind_Dir_Cos": 0.35776570801691004
        },
        "MAE": {
            "Temperature": 0.7842089527291278,
            "Precipitation_accumulated": 3.615641540718975,
            "Humidity": 2.7224124751764442,
            "Wind_Speed_kmh": 0.2429381337950409,
            "Soil_Moisture": 135.47895525728825,
            "Soil_Temperature": 0.7558613684095705,
            "Wind_Dir_Sin": 0.2113221606928492,
            "Wind_Dir_Cos": 0.20237661631184264
        },
        "R2": {
            "Temperature": 0.6684133805527326,
            "Precipitation_accumulated": -19.158750034015643,
            "Humidity": 0.7280121666927526,
            "Wind_Speed_kmh": 0.3605935536087572,
            "Soil_Moisture": 0.7918329260860555,
            "Soil_Temperature": 0.7089491090199378,
            "Wind_Dir_Sin": 0.34800189316786356,
            "Wind_Dir_Cos": 0.5584099183766849
        },
        "SMAPE": {
            "Temperature": 14.846470794802132,
            "Precipitation_accumulated": 0.7847410199498959,
            "Humidity": 3.20519432891372,
            "Wind_Speed_kmh": 164.71390941857044,
            "Soil_Moisture": 2.115881094268871,
            "Soil_Temperature": 20.76489008335009,
            "Wind_Dir_Sin": 159.8760504344741,
            "Wind_Dir_Cos": 45.68849754864613
        }
    }
}