{
    "trial_number": 12,
    "input_chunk_length": 36,
    "output_chunk_length": 27,
    "num_filters": 33,
    "kernel_size": 6,
    "num_layers": 3,
    "dilation_base": 3,
    "weight_norm": false,
    "dropout": 0.19301437000920346,
    "batch_size": 45,
    "lr": 0.0024309451487947147,
    "forecast_horizon": 8,
    "overall_smape_val": 52.59697524084716,
    "metrics": {
        "MSE": {
            "Temperature": 1.7181735651051406,
            "Precipitation_accumulated": 72.03335647211517,
            "Humidity": 13.37046764759651,
            "Wind_Speed_kmh": 0.18039249647789385,
            "Soil_Moisture": 108627.10577629071,
            "Soil_Temperature": 1.2429505470467466,
            "Wind_Dir_Sin": 0.11458403930617327,
            "Wind_Dir_Cos": 0.13841077967410995
        },
        "RMSE": {
            "Temperature": 1.3107911981338374,
            "Precipitation_accumulated": 8.487246695608368,
            "Humidity": 3.6565650066143376,
            "Wind_Speed_kmh": 0.42472637836363997,
            "Soil_Moisture": 329.5862645443386,
            "Soil_Temperature": 1.1148769201336741,
            "Wind_Dir_Sin": 0.3385026429825523,
            "Wind_Dir_Cos": 0.37203599244442725
        },
        "MAE": {
            "Temperature": 0.9827774778926129,
            "Precipitation_accumulated": 6.62152049075591,
            "Humidity": 2.826814792211142,
            "Wind_Speed_kmh": 0.18938990965099395,
            "Soil_Moisture": 155.7862721279498,
            "Soil_Temperature": 0.7841063177014066,
            "Wind_Dir_Sin": 0.21919165566378623,
            "Wind_Dir_Cos": 0.25048721586581746
        },
        "R2": {
            "Temperature": 0.4941091542330157,
            "Precipitation_accumulated": -74.81933320557089,
            "Humidity": 0.7945231063726577,
            "Wind_Speed_kmh": 0.47213123876395513,
            "Soil_Moisture": 0.8537811387558846,
            "Soil_Temperature": 0.7781014381567455,
            "Wind_Dir_Sin": 0.28943597591047854,
            "Wind_Dir_Cos": 0.5195102157296665
        },
        "SMAPE": {
            "Temperature": 16.638040091456734,
            "Precipitation_accumulated": 1.4278645210357588,
            "Humidity": 3.331553975498513,
            "Wind_Speed_kmh": 165.00683343738936,
            "Soil_Moisture": 2.430252182528829,
            "Soil_Temperature": 20.005167265956885,
            "Wind_Dir_Sin": 161.13139444331463,
            "Wind_Dir_Cos": 50.80469600959649
        }
    }
}