{
    "trial_number": 81,
    "input_chunk_length": 55,
    "output_chunk_length": 25,
    "num_filters": 106,
    "kernel_size": 6,
    "num_layers": 2,
    "dilation_base": 4,
    "weight_norm": true,
    "dropout": 0.2501450908116364,
    "batch_size": 37,
    "lr": 0.0010036352921726532,
    "forecast_horizon": 21,
    "overall_smape_val": 52.52713334138704,
    "metrics": {
        "MSE": {
            "Temperature": 1.1893278045835218,
            "Precipitation_accumulated": 103.12281387135752,
            "Humidity": 18.058030545155415,
            "Wind_Speed_kmh": 0.18354555717173252,
            "Soil_Moisture": 123103.18314677905,
            "Soil_Temperature": 1.14579666780513,
            "Wind_Dir_Sin": 0.12056426340787019,
            "Wind_Dir_Cos": 0.1400445041557962
        },
        "RMSE": {
            "Temperature": 1.0905630676781246,
            "Precipitation_accumulated": 10.154940367690868,
            "Humidity": 4.249474149251342,
            "Wind_Speed_kmh": 0.4284221716621731,
            "Soil_Moisture": 350.86063208456295,
            "Soil_Temperature": 1.0704189216400886,
            "Wind_Dir_Sin": 0.34722365041550696,
            "Wind_Dir_Cos": 0.37422520513161084
        },
        "MAE": {
            "Temperature": 0.8037832593135807,
            "Precipitation_accumulated": 8.123420101566602,
            "Humidity": 3.3642093844095022,
            "Wind_Speed_kmh": 0.23214481598751027,
            "Soil_Moisture": 171.3600394166173,
            "Soil_Temperature": 0.8315494715294964,
            "Wind_Dir_Sin": 0.2091019386653787,
            "Wind_Dir_Cos": 0.24350065248538974
        },
        "R2": {
            "Temperature": 0.6473838869409074,
            "Precipitation_accumulated": -107.32389889354361,
            "Humidity": 0.7225145583307421,
            "Wind_Speed_kmh": 0.467791970536095,
            "Soil_Moisture": 0.8357244250327707,
            "Soil_Temperature": 0.7945807631048318,
            "Wind_Dir_Sin": 0.2587929064000627,
            "Wind_Dir_Cos": 0.5173891571981306
        },
        "SMAPE": {
            "Temperature": 14.053020674945882,
            "Precipitation_accumulated": 1.7833381432533066,
            "Humidity": 3.974566436876733,
            "Wind_Speed_kmh": 164.7165828360356,
            "Soil_Moisture": 2.6718640688823636,
            "Soil_Temperature": 22.964133151517423,
            "Wind_Dir_Sin": 161.159721567271,
            "Wind_Dir_Cos": 48.89383985231397
        }
    }
}