{
    "trial_number": 4,
    "input_chunk_length": 50,
    "output_chunk_length": 40,
    "num_filters": 11,
    "kernel_size": 3,
    "num_layers": 4,
    "dilation_base": 1,
    "weight_norm": true,
    "dropout": 0.23013906946760282,
    "batch_size": 51,
    "lr": 0.0003626428048472065,
    "forecast_horizon": 17,
    "overall_smape_val": 57.38851128224553,
    "metrics": {
        "MSE": {
            "Temperature": 2.916030630534566,
            "Precipitation_accumulated": 644.1629980311484,
            "Humidity": 36.185814149536824,
            "Wind_Speed_kmh": 0.2049147770463216,
            "Soil_Moisture": 218446.5299932186,
            "Soil_Temperature": 8.093392242431134,
            "Wind_Dir_Sin": 0.14985549605692625,
            "Wind_Dir_Cos": 0.1789150359655222
        },
        "RMSE": {
            "Temperature": 1.7076389051947036,
            "Precipitation_accumulated": 25.380366388827966,
            "Humidity": 6.01546458301741,
            "Wind_Speed_kmh": 0.4526751341153185,
            "Soil_Moisture": 467.3826376677022,
            "Soil_Temperature": 2.8448887926298867,
            "Wind_Dir_Sin": 0.38711173588116166,
            "Wind_Dir_Cos": 0.42298349372702737
        },
        "MAE": {
            "Temperature": 1.3666616485414405,
            "Precipitation_accumulated": 14.532896857410547,
            "Humidity": 4.5598579395368235,
            "Wind_Speed_kmh": 0.20602124488106716,
            "Soil_Moisture": 234.17000672223304,
            "Soil_Temperature": 2.0209599138091496,
            "Wind_Dir_Sin": 0.23579569611833623,
            "Wind_Dir_Cos": 0.3024895782618074
        },
        "R2": {
            "Temperature": 0.13826024405005233,
            "Precipitation_accumulated": -676.0637307568708,
            "Humidity": 0.44434060269172415,
            "Wind_Speed_kmh": 0.40415106612417295,
            "Soil_Moisture": 0.7077222539175572,
            "Soil_Temperature": -0.4486543534923064,
            "Wind_Dir_Sin": 0.07625240631555263,
            "Wind_Dir_Cos": 0.38204166789502936
        },
        "SMAPE": {
            "Temperature": 22.96314058668474,
            "Precipitation_accumulated": 3.297214604492931,
            "Humidity": 5.3998305585722255,
            "Wind_Speed_kmh": 166.64376976982845,
            "Soil_Moisture": 3.6107005524295985,
            "Soil_Temperature": 40.130947488667445,
            "Wind_Dir_Sin": 162.93466389480525,
            "Wind_Dir_Cos": 54.12782280248353
        }
    }
}