{
    "trial_number": 24,
    "input_chunk_length": 29,
    "output_chunk_length": 9,
    "num_filters": 40,
    "kernel_size": 6,
    "num_layers": 2,
    "dilation_base": 4,
    "weight_norm": true,
    "dropout": 0.2954444800740047,
    "batch_size": 172,
    "lr": 0.002641260932788228,
    "loss_function": "smoothl1",
    "optimizer": "AdamW",
    "overall_mae_val": 0.13580973633968263,
    "metrics": {
        "MSE": {
            "Temperature": 11.174767205786674,
            "Precipitation_accumulated": 1702.6458646177387,
            "Humidity": 91.89961688246163,
            "Wind_Speed_kmh": 1.3299340283456664,
            "Soil_Moisture": 181254.22712429345,
            "Soil_Temperature": 6.534043690626892,
            "Wind_Dir_Sin": 0.6234116524933948,
            "Wind_Dir_Cos": 0.3813285296989406
        },
        "RMSE": {
            "Temperature": 3.3428681107376454,
            "Precipitation_accumulated": 41.26312960280326,
            "Humidity": 9.58642878669954,
            "Wind_Speed_kmh": 1.1532276567727928,
            "Soil_Moisture": 425.73962362492574,
            "Soil_Temperature": 2.5561775545972725,
            "Wind_Dir_Sin": 0.7895642168268486,
            "Wind_Dir_Cos": 0.6175180399785424
        },
        "MAE": {
            "Temperature": 2.6492406099859234,
            "Precipitation_accumulated": 37.914299939712045,
            "Humidity": 7.874664894936184,
            "Wind_Speed_kmh": 0.901331225247194,
            "Soil_Moisture": 354.16359229318283,
            "Soil_Temperature": 2.057342304896536,
            "Wind_Dir_Sin": 0.6772340738830711,
            "Wind_Dir_Cos": 0.527992407548214
        },
        "R2": {
            "Temperature": 0.634239296317631,
            "Precipitation_accumulated": -501.2815532500928,
            "Humidity": 0.3738354297048879,
            "Wind_Speed_kmh": 0.013989172223421331,
            "Soil_Moisture": -2.2788755971796117,
            "Soil_Temperature": 0.5947383758672834,
            "Wind_Dir_Sin": -0.13194769366771597,
            "Wind_Dir_Cos": -0.0398780326013366
        },
        "SMAPE": {
            "Temperature": 39.19566200681231,
            "Precipitation_accumulated": 8.570817948918753,
            "Humidity": 9.292684254490844,
            "Wind_Speed_kmh": 75.38080864386937,
            "Soil_Moisture": 4.226528931810645,
            "Soil_Temperature": 34.09576192756668,
            "Wind_Dir_Sin": 136.60878564204214,
            "Wind_Dir_Cos": 133.83552429918032
        }
    }
}