{
    "trial_number": 16,
    "input_chunk_length": 19,
    "output_chunk_length": 12,
    "num_filters": 26,
    "kernel_size": 6,
    "num_layers": 4,
    "dilation_base": 1,
    "weight_norm": false,
    "dropout": 0.12047748759335905,
    "batch_size": 30,
    "lr": 0.000989891671307191,
    "forecast_horizon": 24,
    "overall_smape_val": 53.17314885991247,
    "metrics": {
        "MSE": {
            "Temperature": 1.3807236703135362,
            "Precipitation_accumulated": 102.28370333248749,
            "Humidity": 18.996421702140683,
            "Wind_Speed_kmh": 0.201565956078134,
            "Soil_Moisture": 183016.39009910208,
            "Soil_Temperature": 2.1424792506465824,
            "Wind_Dir_Sin": 0.1186956209856156,
            "Wind_Dir_Cos": 0.14975669817905887
        },
        "RMSE": {
            "Temperature": 1.175041986617302,
            "Precipitation_accumulated": 10.113540593307938,
            "Humidity": 4.35848846529857,
            "Wind_Speed_kmh": 0.44896097389209005,
            "Soil_Moisture": 427.80414923081577,
            "Soil_Temperature": 1.4637210289691758,
            "Wind_Dir_Sin": 0.34452230840050924,
            "Wind_Dir_Cos": 0.386984105848107
        },
        "MAE": {
            "Temperature": 0.8900337884541737,
            "Precipitation_accumulated": 8.241971038878173,
            "Humidity": 3.40210360239466,
            "Wind_Speed_kmh": 0.24628038001327074,
            "Soil_Moisture": 233.22494020296955,
            "Soil_Temperature": 1.0654522330425378,
            "Wind_Dir_Sin": 0.1993723319536905,
            "Wind_Dir_Cos": 0.23032246334886508
        },
        "R2": {
            "Temperature": 0.5893551615705823,
            "Precipitation_accumulated": -106.39426626477398,
            "Humidity": 0.7081964261095572,
            "Wind_Speed_kmh": 0.41677856584305084,
            "Soil_Moisture": 0.7562580781513277,
            "Soil_Temperature": 0.6153963132745489,
            "Wind_Dir_Sin": 0.2717441944878868,
            "Wind_Dir_Cos": 0.4847949065445971
        },
        "SMAPE": {
            "Temperature": 15.05528236025314,
            "Precipitation_accumulated": 1.8101886941259149,
            "Humidity": 4.07203490005867,
            "Wind_Speed_kmh": 168.75561354840312,
            "Soil_Moisture": 3.6972966731643795,
            "Soil_Temperature": 25.376634820091056,
            "Wind_Dir_Sin": 160.2268483970082,
            "Wind_Dir_Cos": 46.39129148619524
        }
    }
}