{
    "trial_number": 192,
    "input_chunk_length": 42,
    "output_chunk_length": 18,
    "num_filters": 47,
    "kernel_size": 7,
    "num_layers": 2,
    "dilation_base": 4,
    "weight_norm": true,
    "dropout": 0.30172900475155673,
    "batch_size": 31,
    "lr": 0.004885998796613103,
    "forecast_horizon": 22,
    "overall_smape_val": 52.59675187806883,
    "metrics": {
        "MSE": {
            "Temperature": 1.634149365706807,
            "Precipitation_accumulated": 74.92265957525363,
            "Humidity": 22.948942190761354,
            "Wind_Speed_kmh": 0.19872503732886515,
            "Soil_Moisture": 221208.44585359792,
            "Soil_Temperature": 1.5824372918367449,
            "Wind_Dir_Sin": 0.10535610836048667,
            "Wind_Dir_Cos": 0.1331490603922344
        },
        "RMSE": {
            "Temperature": 1.27833851764969,
            "Precipitation_accumulated": 8.655787634597653,
            "Humidity": 4.790505421222416,
            "Wind_Speed_kmh": 0.44578586488230554,
            "Soil_Moisture": 470.3280194221879,
            "Soil_Temperature": 1.2579496380367319,
            "Wind_Dir_Sin": 0.3245860569409701,
            "Wind_Dir_Cos": 0.3648959583117281
        },
        "MAE": {
            "Temperature": 1.0011175499267124,
            "Precipitation_accumulated": 7.420721318006626,
            "Humidity": 3.456662210133073,
            "Wind_Speed_kmh": 0.1979443483453683,
            "Soil_Moisture": 196.43218569198226,
            "Soil_Temperature": 0.8330868510125059,
            "Wind_Dir_Sin": 0.20706328027743068,
            "Wind_Dir_Cos": 0.24171774381139813
        },
        "R2": {
            "Temperature": 0.5150837955581711,
            "Precipitation_accumulated": -77.68961800598701,
            "Humidity": 0.6473868420649622,
            "Wind_Speed_kmh": 0.4241846164649332,
            "Soil_Moisture": 0.705003131096777,
            "Soil_Temperature": 0.7161784990185212,
            "Wind_Dir_Sin": 0.35272280474076834,
            "Wind_Dir_Cos": 0.5414111286464185
        },
        "SMAPE": {
            "Temperature": 16.930258204892873,
            "Precipitation_accumulated": 1.5995158827056413,
            "Humidity": 4.10384094499756,
            "Wind_Speed_kmh": 166.17923680155374,
            "Soil_Moisture": 3.076516659185602,
            "Soil_Temperature": 22.493013134800435,
            "Wind_Dir_Sin": 158.4149068390356,
            "Wind_Dir_Cos": 47.97672655737899
        }
    }
}