{
    "trial_number": 47,
    "input_chunk_length": 43,
    "output_chunk_length": 25,
    "num_filters": 35,
    "kernel_size": 5,
    "num_layers": 1,
    "dilation_base": 3,
    "weight_norm": false,
    "dropout": 0.1804304924105133,
    "batch_size": 39,
    "lr": 0.00038846836077261805,
    "forecast_horizon": 6,
    "overall_smape_val": 54.60260111578927,
    "metrics": {
        "MSE": {
            "Temperature": 1.0235343426179127,
            "Precipitation_accumulated": 733.0760860817857,
            "Humidity": 23.662732804890524,
            "Wind_Speed_kmh": 0.23833633159011788,
            "Soil_Moisture": 189330.26422644287,
            "Soil_Temperature": 3.1536532267156994,
            "Wind_Dir_Sin": 0.12277350778570123,
            "Wind_Dir_Cos": 0.1519790771118179
        },
        "RMSE": {
            "Temperature": 1.011698741038019,
            "Precipitation_accumulated": 27.075377856676084,
            "Humidity": 4.864435507321535,
            "Wind_Speed_kmh": 0.4881970212835366,
            "Soil_Moisture": 435.1209765415164,
            "Soil_Temperature": 1.775852816737834,
            "Wind_Dir_Sin": 0.35039050755649936,
            "Wind_Dir_Cos": 0.3898449398309768
        },
        "MAE": {
            "Temperature": 0.7147431170624751,
            "Precipitation_accumulated": 18.343648276089404,
            "Humidity": 3.422074599872355,
            "Wind_Speed_kmh": 0.22860082367600204,
            "Soil_Moisture": 190.32912639639437,
            "Soil_Temperature": 1.1530489726633428,
            "Wind_Dir_Sin": 0.2013818215691922,
            "Wind_Dir_Cos": 0.27678159921360485
        },
        "R2": {
            "Temperature": 0.6988391557393481,
            "Precipitation_accumulated": -770.8533295031576,
            "Humidity": 0.6362295147568642,
            "Wind_Speed_kmh": 0.30159822211948584,
            "Soil_Moisture": 0.7448101343496136,
            "Soil_Temperature": 0.4373307079266957,
            "Wind_Dir_Sin": 0.23764165199894738,
            "Wind_Dir_Cos": 0.4718148324337734
        },
        "SMAPE": {
            "Temperature": 12.416290120676262,
            "Precipitation_accumulated": 4.164696867662371,
            "Humidity": 4.039197064560471,
            "Wind_Speed_kmh": 172.39855302780092,
            "Soil_Moisture": 2.9270263770723317,
            "Soil_Temperature": 25.280942952442455,
            "Wind_Dir_Sin": 160.16487538984939,
            "Wind_Dir_Cos": 55.429227126249955
        }
    }
}