{
    "trial_number": 15,
    "input_chunk_length": 34,
    "num_filters": 29,
    "kernel_size": 8,
    "num_layers": 5,
    "dilation_base": 3,
    "weight_norm": true,
    "dropout": 0.32958280088844244,
    "batch_size": 23,
    "lr": 0.0024645392532330855,
    "overall_smape_val": 42.50044812821141,
    "metrics": {
        "MSE": {
            "Temperature": 0.38624473363831224,
            "Precipitation_accumulated": 3.062231805487889,
            "Humidity": 1.8575484245031681,
            "Wind_Speed_kmh": 0.06418297484147248,
            "Soil_Moisture": 8938.335951901798,
            "Soil_Temperature": 0.30104175480308515,
            "Wind_Dir_Sin": 0.04281407486916783,
            "Wind_Dir_Cos": 0.0434747878413918
        },
        "RMSE": {
            "Temperature": 0.6214859078356582,
            "Precipitation_accumulated": 1.7499233713188382,
            "Humidity": 1.362919082155345,
            "Wind_Speed_kmh": 0.2533435904882389,
            "Soil_Moisture": 94.54277313418407,
            "Soil_Temperature": 0.5486727210305659,
            "Wind_Dir_Sin": 0.2069156225836218,
            "Wind_Dir_Cos": 0.2085060858617604
        },
        "MAE": {
            "Temperature": 0.3733324124864162,
            "Precipitation_accumulated": 1.3996440666596888,
            "Humidity": 0.7916284546121125,
            "Wind_Speed_kmh": 0.10469287407853155,
            "Soil_Moisture": 26.11885852560126,
            "Soil_Temperature": 0.40570446073226135,
            "Wind_Dir_Sin": 0.10533655332868849,
            "Wind_Dir_Cos": 0.12212278082894029
        },
        "R2": {
            "Temperature": 0.8865436971868743,
            "Precipitation_accumulated": -2.2263104251376626,
            "Humidity": 0.9714349211482377,
            "Wind_Speed_kmh": 0.8113974321011357,
            "Soil_Moisture": 0.987920680658458,
            "Soil_Temperature": 0.9463594795833475,
            "Wind_Dir_Sin": 0.7334432509336577,
            "Wind_Dir_Cos": 0.8485689546395013
        },
        "SMAPE": {
            "Temperature": 6.289040894891224,
            "Precipitation_accumulated": 0.3045997589174503,
            "Humidity": 0.952923315643079,
            "Wind_Speed_kmh": 149.20177858995257,
            "Soil_Moisture": 0.41422559123312974,
            "Soil_Temperature": 15.027263279344247,
            "Wind_Dir_Sin": 139.9595148173886,
            "Wind_Dir_Cos": 27.854238778320717
        }
    }
}