{
    "trial_number": 1,
    "input_chunk_length": 57,
    "output_chunk_length": 4,
    "num_filters": 13,
    "kernel_size": 7,
    "num_layers": 2,
    "dilation_base": 3,
    "weight_norm": false,
    "dropout": 0.3815406868905066,
    "batch_size": 236,
    "lr": 8.511397300728494e-05,
    "loss_function": "smoothl1",
    "optimizer": "AdamW",
    "overall_mae_val": 0.24724317644682645,
    "metrics": {
        "MSE": {
            "Temperature": 21.11302234272307,
            "Precipitation_accumulated": 38498.001060979484,
            "Humidity": 373.7199912843586,
            "Wind_Speed_kmh": 1.523899157250077,
            "Soil_Moisture": 2850917.983696831,
            "Soil_Temperature": 80.44235904410579,
            "Wind_Dir_Sin": 0.6197842114519049,
            "Wind_Dir_Cos": 0.3878013271495986
        },
        "RMSE": {
            "Temperature": 4.594890895627781,
            "Precipitation_accumulated": 196.20907486907808,
            "Humidity": 19.331838797288754,
            "Wind_Speed_kmh": 1.2344631048557413,
            "Soil_Moisture": 1688.4661630298758,
            "Soil_Temperature": 8.968966442355875,
            "Wind_Dir_Sin": 0.7872637496112118,
            "Wind_Dir_Cos": 0.6227369646565062
        },
        "MAE": {
            "Temperature": 3.5914383776693395,
            "Precipitation_accumulated": 190.4325875605414,
            "Humidity": 16.16032552539805,
            "Wind_Speed_kmh": 0.9721479568138083,
            "Soil_Moisture": 1656.1024056427902,
            "Soil_Temperature": 7.746624321838925,
            "Wind_Dir_Sin": 0.7273387761996616,
            "Wind_Dir_Cos": 0.528949660406582
        },
        "R2": {
            "Temperature": 0.30769861522201025,
            "Precipitation_accumulated": -11795.064964076802,
            "Humidity": -1.5464999035462323,
            "Wind_Speed_kmh": -0.13072771429991037,
            "Soil_Moisture": -55.769307516766645,
            "Soil_Temperature": -4.012257014800701,
            "Wind_Dir_Sin": -0.12786044008357766,
            "Wind_Dir_Cos": -0.054602540023745316
        },
        "SMAPE": {
            "Temperature": 50.29190536091668,
            "Precipitation_accumulated": 52.51141433805362,
            "Humidity": 19.877267125183014,
            "Wind_Speed_kmh": 79.4064532743243,
            "Soil_Moisture": 21.439011192600997,
            "Soil_Temperature": 71.62254777545691,
            "Wind_Dir_Sin": 176.16825570159054,
            "Wind_Dir_Cos": 131.81601955426328
        }
    }
}