{
    "trial_number": 83,
    "input_chunk_length": 29,
    "output_chunk_length": 1,
    "num_filters": 50,
    "kernel_size": 8,
    "num_layers": 3,
    "dilation_base": 4,
    "weight_norm": true,
    "dropout": 0.10987578257441336,
    "batch_size": 107,
    "lr": 0.004525867812805064,
    "loss_function": "smoothl1",
    "optimizer": "AdamW",
    "overall_mae_val": 0.08353507711014438,
    "metrics": {
        "MSE": {
            "Temperature": 1.8619307612652025,
            "Precipitation_accumulated": 82.35839132273182,
            "Humidity": 10.898082090214782,
            "Wind_Speed_kmh": 0.5525793720820837,
            "Soil_Moisture": 5309.79311916773,
            "Soil_Temperature": 1.746835802134098,
            "Wind_Dir_Sin": 0.40180616676038877,
            "Wind_Dir_Cos": 0.32093641036512066
        },
        "RMSE": {
            "Temperature": 1.364525837522032,
            "Precipitation_accumulated": 9.075152413195704,
            "Humidity": 3.3012243320039283,
            "Wind_Speed_kmh": 0.7433568268887316,
            "Soil_Moisture": 72.86832727027381,
            "Soil_Temperature": 1.3216791600589373,
            "Wind_Dir_Sin": 0.6338818239706742,
            "Wind_Dir_Cos": 0.5665124979778652
        },
        "MAE": {
            "Temperature": 1.0858284919399694,
            "Precipitation_accumulated": 7.330675636245744,
            "Humidity": 2.537921499799232,
            "Wind_Speed_kmh": 0.571352150324781,
            "Soil_Moisture": 56.42715375027571,
            "Soil_Temperature": 1.0438552769893663,
            "Wind_Dir_Sin": 0.5145047623769219,
            "Wind_Dir_Cos": 0.45518707985748985
        },
        "R2": {
            "Temperature": 0.9388470471007002,
            "Precipitation_accumulated": -22.99687301655817,
            "Humidity": 0.9256267056131797,
            "Wind_Speed_kmh": 0.5905839952272092,
            "Soil_Moisture": 0.9071963715053102,
            "Soil_Temperature": 0.8916314182686056,
            "Wind_Dir_Sin": 0.2701229102190762,
            "Wind_Dir_Cos": 0.12473224590799481
        },
        "SMAPE": {
            "Temperature": 21.652545313302927,
            "Precipitation_accumulated": 1.593184317889358,
            "Humidity": 3.0152448796029723,
            "Wind_Speed_kmh": 58.392044483500186,
            "Soil_Moisture": 0.6564326002338514,
            "Soil_Temperature": 20.254496398491924,
            "Wind_Dir_Sin": 103.74194398829431,
            "Wind_Dir_Cos": 110.16419655542734
        }
    }
}