{
    "trial_number": 9,
    "input_chunk_length": 38,
    "output_chunk_length": 26,
    "num_filters": 29,
    "kernel_size": 6,
    "num_layers": 3,
    "dilation_base": 1,
    "weight_norm": false,
    "dropout": 0.03766350959951032,
    "batch_size": 45,
    "lr": 0.0012204889059507713,
    "forecast_horizon": 15,
    "overall_smape_val": 52.170659128271154,
    "metrics": {
        "MSE": {
            "Temperature": 1.279383113142591,
            "Precipitation_accumulated": 155.29879410102183,
            "Humidity": 15.835331191678307,
            "Wind_Speed_kmh": 0.17133017716098053,
            "Soil_Moisture": 118528.37618301553,
            "Soil_Temperature": 1.4266766065727698,
            "Wind_Dir_Sin": 0.11204127403147648,
            "Wind_Dir_Cos": 0.13232595322934365
        },
        "RMSE": {
            "Temperature": 1.1310981889927112,
            "Precipitation_accumulated": 12.461893680377065,
            "Humidity": 3.9793631640852167,
            "Wind_Speed_kmh": 0.41392049618372434,
            "Soil_Moisture": 344.2795029957716,
            "Soil_Temperature": 1.194435685406615,
            "Wind_Dir_Sin": 0.33472566981257423,
            "Wind_Dir_Cos": 0.36376634427794946
        },
        "MAE": {
            "Temperature": 0.7896427489877144,
            "Precipitation_accumulated": 8.323202412693634,
            "Humidity": 2.804780010826992,
            "Wind_Speed_kmh": 0.18749048697341456,
            "Soil_Moisture": 163.24035321948827,
            "Soil_Temperature": 0.8330242278491418,
            "Wind_Dir_Sin": 0.20868468226297593,
            "Wind_Dir_Cos": 0.22661313635040808
        },
        "R2": {
            "Temperature": 0.6227963461067147,
            "Precipitation_accumulated": -162.2810733284195,
            "Humidity": 0.7569365575687212,
            "Wind_Speed_kmh": 0.5011061543704889,
            "Soil_Moisture": 0.8412003667793382,
            "Soil_Temperature": 0.7448246522325244,
            "Wind_Dir_Sin": 0.3084279912174577,
            "Wind_Dir_Cos": 0.5424406574414375
        },
        "SMAPE": {
            "Temperature": 13.73294060527593,
            "Precipitation_accumulated": 1.8308282278480754,
            "Humidity": 3.2867669815972644,
            "Wind_Speed_kmh": 163.3387564835944,
            "Soil_Moisture": 2.549216368103696,
            "Soil_Temperature": 23.7091785080457,
            "Wind_Dir_Sin": 160.47521390430157,
            "Wind_Dir_Cos": 48.44237194740273
        }
    }
}