{
    "trial_number": 22,
    "input_chunk_length": 39,
    "output_chunk_length": 25,
    "num_filters": 29,
    "kernel_size": 7,
    "num_layers": 3,
    "dilation_base": 2,
    "weight_norm": false,
    "dropout": 0.21509632172515897,
    "batch_size": 48,
    "lr": 0.0008370284267831584,
    "forecast_horizon": 13,
    "overall_smape_val": 51.97299927813229,
    "metrics": {
        "MSE": {
            "Temperature": 1.1437896589945384,
            "Precipitation_accumulated": 152.76069199781705,
            "Humidity": 13.14233819174081,
            "Wind_Speed_kmh": 0.18211174464978216,
            "Soil_Moisture": 130923.9871777487,
            "Soil_Temperature": 2.0279056662221113,
            "Wind_Dir_Sin": 0.10798463958335817,
            "Wind_Dir_Cos": 0.12109113127404232
        },
        "RMSE": {
            "Temperature": 1.0694810232044973,
            "Precipitation_accumulated": 12.35963963867139,
            "Humidity": 3.6252362946076784,
            "Wind_Speed_kmh": 0.4267455268069979,
            "Soil_Moisture": 361.8341984635348,
            "Soil_Temperature": 1.4240455281423103,
            "Wind_Dir_Sin": 0.32861016354239286,
            "Wind_Dir_Cos": 0.34798150996000105
        },
        "MAE": {
            "Temperature": 0.7880943610382679,
            "Precipitation_accumulated": 8.317739373292417,
            "Humidity": 2.4052639772956184,
            "Wind_Speed_kmh": 0.20741693133954917,
            "Soil_Moisture": 169.66114022509808,
            "Soil_Temperature": 1.0083130783928116,
            "Wind_Dir_Sin": 0.1956379273170786,
            "Wind_Dir_Cos": 0.21727144104366267
        },
        "R2": {
            "Temperature": 0.6628571919062143,
            "Precipitation_accumulated": -159.6625275446397,
            "Humidity": 0.7981817385502714,
            "Wind_Speed_kmh": 0.46896544423159914,
            "Soil_Moisture": 0.8243563845923709,
            "Soil_Temperature": 0.6374587569902516,
            "Wind_Dir_Sin": 0.3325798172015392,
            "Wind_Dir_Cos": 0.5808163290002557
        },
        "SMAPE": {
            "Temperature": 13.581523789219744,
            "Precipitation_accumulated": 1.8140721809974343,
            "Humidity": 2.828164619601231,
            "Wind_Speed_kmh": 162.44221141805627,
            "Soil_Moisture": 2.667182280686796,
            "Soil_Temperature": 27.328184788353372,
            "Wind_Dir_Sin": 158.75820296776655,
            "Wind_Dir_Cos": 46.36445218037701
        }
    }
}