{
    "trial_number": 248,
    "input_chunk_length": 54,
    "output_chunk_length": 24,
    "num_filters": 121,
    "kernel_size": 6,
    "num_layers": 2,
    "dilation_base": 4,
    "weight_norm": true,
    "dropout": 0.13656489941281566,
    "batch_size": 37,
    "lr": 0.007093948692060584,
    "forecast_horizon": 15,
    "overall_smape_val": 51.42626999705091,
    "metrics": {
        "MSE": {
            "Temperature": 0.9401061947716233,
            "Precipitation_accumulated": 127.13137832569254,
            "Humidity": 17.298489374613354,
            "Wind_Speed_kmh": 0.19497737954857183,
            "Soil_Moisture": 163879.9292406525,
            "Soil_Temperature": 1.0464728886317758,
            "Wind_Dir_Sin": 0.11113242367866323,
            "Wind_Dir_Cos": 0.13951716064832584
        },
        "RMSE": {
            "Temperature": 0.9695907357084345,
            "Precipitation_accumulated": 11.275255133507736,
            "Humidity": 4.159145269717488,
            "Wind_Speed_kmh": 0.44156242995591444,
            "Soil_Moisture": 404.8208606787112,
            "Soil_Temperature": 1.0229725747212268,
            "Wind_Dir_Sin": 0.3333653006517973,
            "Wind_Dir_Cos": 0.37351996017391875
        },
        "MAE": {
            "Temperature": 0.6888749210525531,
            "Precipitation_accumulated": 10.090241249446187,
            "Humidity": 2.972971213450673,
            "Wind_Speed_kmh": 0.19838082135329485,
            "Soil_Moisture": 168.7120047404321,
            "Soil_Temperature": 0.6264497912018057,
            "Wind_Dir_Sin": 0.23525908982515334,
            "Wind_Dir_Cos": 0.2609432509082239
        },
        "R2": {
            "Temperature": 0.7228261901593145,
            "Precipitation_accumulated": -132.66586667271397,
            "Humidity": 0.734477901007589,
            "Wind_Speed_kmh": 0.4322482104109727,
            "Soil_Moisture": 0.7804401486487864,
            "Soil_Temperature": 0.8128278812061479,
            "Wind_Dir_Sin": 0.3140378476709037,
            "Wind_Dir_Cos": 0.5175747557907696
        },
        "SMAPE": {
            "Temperature": 11.997142144904732,
            "Precipitation_accumulated": 2.166424442209573,
            "Humidity": 3.526126718195858,
            "Wind_Speed_kmh": 163.15643767708943,
            "Soil_Moisture": 2.6649562467237136,
            "Soil_Temperature": 16.59741995017681,
            "Wind_Dir_Sin": 159.3158645926364,
            "Wind_Dir_Cos": 51.98578820447119
        }
    }
}