{
    "trial_number": 127,
    "input_chunk_length": 53,
    "output_chunk_length": 18,
    "num_filters": 93,
    "kernel_size": 6,
    "num_layers": 2,
    "dilation_base": 2,
    "weight_norm": true,
    "dropout": 0.23989080521132317,
    "batch_size": 19,
    "lr": 0.0010888520210194882,
    "forecast_horizon": 18,
    "overall_smape_val": 51.86184276023412,
    "metrics": {
        "MSE": {
            "Temperature": 0.8859056655850631,
            "Precipitation_accumulated": 115.71756486862667,
            "Humidity": 14.596417648617265,
            "Wind_Speed_kmh": 0.1976877060446997,
            "Soil_Moisture": 130750.65523840909,
            "Soil_Temperature": 0.9153424644740492,
            "Wind_Dir_Sin": 0.10927999149073307,
            "Wind_Dir_Cos": 0.1314004829150597
        },
        "RMSE": {
            "Temperature": 0.9412256188529204,
            "Precipitation_accumulated": 10.757209901671839,
            "Humidity": 3.8205258340465735,
            "Wind_Speed_kmh": 0.44462085651114,
            "Soil_Moisture": 361.59460067651605,
            "Soil_Temperature": 0.9567353157869992,
            "Wind_Dir_Sin": 0.3305752433119169,
            "Wind_Dir_Cos": 0.36249204531280366
        },
        "MAE": {
            "Temperature": 0.6675030199494091,
            "Precipitation_accumulated": 6.379928508645923,
            "Humidity": 2.567702679997501,
            "Wind_Speed_kmh": 0.20598349653084555,
            "Soil_Moisture": 150.3836126323341,
            "Soil_Temperature": 0.6810006377586748,
            "Wind_Dir_Sin": 0.1910975843590449,
            "Wind_Dir_Cos": 0.2232435916128422
        },
        "R2": {
            "Temperature": 0.7380066114606841,
            "Precipitation_accumulated": -120.60922795566964,
            "Humidity": 0.7758640669884604,
            "Wind_Speed_kmh": 0.42557076497363433,
            "Soil_Moisture": 0.8251733822101569,
            "Soil_Temperature": 0.8360956657125139,
            "Wind_Dir_Sin": 0.3268192989447666,
            "Wind_Dir_Cos": 0.5464093077756136
        },
        "SMAPE": {
            "Temperature": 11.699134086784829,
            "Precipitation_accumulated": 1.4119289066231087,
            "Humidity": 3.035531427818402,
            "Wind_Speed_kmh": 169.32730986999348,
            "Soil_Moisture": 2.3542498051116625,
            "Soil_Temperature": 19.30858315680294,
            "Wind_Dir_Sin": 159.6346298863011,
            "Wind_Dir_Cos": 48.12337494243756
        }
    }
}