{
    "trial_number": 23,
    "input_chunk_length": 25,
    "num_filters": 127,
    "kernel_size": 8,
    "num_layers": 2,
    "dilation_base": 4,
    "weight_norm": true,
    "dropout": 0.3240939999208826,
    "batch_size": 53,
    "lr": 0.0012637489954842288,
    "overall_smape_val": 41.14329250505989,
    "metrics": {
        "MSE": {
            "Temperature": 0.30047822824988196,
            "Precipitation_accumulated": 8.641508790012047,
            "Humidity": 1.8895578821018921,
            "Wind_Speed_kmh": 0.059408760645622546,
            "Soil_Moisture": 8748.780827816998,
            "Soil_Temperature": 0.22721272887530433,
            "Wind_Dir_Sin": 0.04106937399933669,
            "Wind_Dir_Cos": 0.04062987500458381
        },
        "RMSE": {
            "Temperature": 0.5481589443308227,
            "Precipitation_accumulated": 2.9396443305291284,
            "Humidity": 1.3746119023571315,
            "Wind_Speed_kmh": 0.24373912415864332,
            "Soil_Moisture": 93.5349176928969,
            "Soil_Temperature": 0.4766683636190935,
            "Wind_Dir_Sin": 0.2026558017904661,
            "Wind_Dir_Cos": 0.2015685367426767
        },
        "MAE": {
            "Temperature": 0.3064264119704255,
            "Precipitation_accumulated": 1.9382465243692029,
            "Humidity": 0.7752597528386618,
            "Wind_Speed_kmh": 0.08815726494977233,
            "Soil_Moisture": 24.295342857914186,
            "Soil_Temperature": 0.37668903035266976,
            "Wind_Dir_Sin": 0.08598659237682994,
            "Wind_Dir_Cos": 0.09595744133730348
        },
        "R2": {
            "Temperature": 0.9117369225155733,
            "Precipitation_accumulated": -8.104532794731591,
            "Humidity": 0.9709426848930487,
            "Wind_Speed_kmh": 0.8254265271884312,
            "Soil_Moisture": 0.9881768465587963,
            "Soil_Temperature": 0.9595145562776457,
            "Wind_Dir_Sin": 0.7443056085433117,
            "Wind_Dir_Cos": 0.8584783330684207
        },
        "SMAPE": {
            "Temperature": 5.240531531412874,
            "Precipitation_accumulated": 0.42031336830915533,
            "Humidity": 0.916988828919574,
            "Wind_Speed_kmh": 143.19190459475635,
            "Soil_Moisture": 0.38250585893122874,
            "Soil_Temperature": 13.163159860312966,
            "Wind_Dir_Sin": 140.68776321679837,
            "Wind_Dir_Cos": 25.14317278103841
        }
    }
}