{
    "trial_number": 32,
    "input_chunk_length": 36,
    "output_chunk_length": 17,
    "num_filters": 40,
    "kernel_size": 7,
    "num_layers": 2,
    "dilation_base": 3,
    "weight_norm": false,
    "dropout": 0.20608213704475353,
    "batch_size": 39,
    "lr": 0.0005826833630323576,
    "forecast_horizon": 11,
    "overall_smape_val": 49.990214315544605,
    "metrics": {
        "MSE": {
            "Temperature": 0.9026243879180065,
            "Precipitation_accumulated": 105.27240042731472,
            "Humidity": 12.966014606202915,
            "Wind_Speed_kmh": 0.1671630161130028,
            "Soil_Moisture": 81977.27294064814,
            "Soil_Temperature": 0.9633621540889237,
            "Wind_Dir_Sin": 0.07928599042060687,
            "Wind_Dir_Cos": 0.09818906983963749
        },
        "RMSE": {
            "Temperature": 0.950065465069648,
            "Precipitation_accumulated": 10.26023393628599,
            "Humidity": 3.600835265074329,
            "Wind_Speed_kmh": 0.40885573997805486,
            "Soil_Moisture": 286.31673534854394,
            "Soil_Temperature": 0.9815101395751975,
            "Wind_Dir_Sin": 0.2815776809702908,
            "Wind_Dir_Cos": 0.313351352062884
        },
        "MAE": {
            "Temperature": 0.6344619740407869,
            "Precipitation_accumulated": 5.568384067422497,
            "Humidity": 2.677890740806125,
            "Wind_Speed_kmh": 0.18715471356040406,
            "Soil_Moisture": 128.63998737788924,
            "Soil_Temperature": 0.6783853250480981,
            "Wind_Dir_Sin": 0.16439049693251753,
            "Wind_Dir_Cos": 0.19543067439835882
        },
        "R2": {
            "Temperature": 0.7340307578817564,
            "Precipitation_accumulated": -109.7526010175999,
            "Humidity": 0.8008221772592159,
            "Wind_Speed_kmh": 0.5118708709047501,
            "Soil_Moisture": 0.8898741978043516,
            "Soil_Temperature": 0.827864984320081,
            "Wind_Dir_Sin": 0.509305653676827,
            "Wind_Dir_Cos": 0.6597137740002017
        },
        "SMAPE": {
            "Temperature": 11.56324143772526,
            "Precipitation_accumulated": 1.230314683286744,
            "Humidity": 3.1767647372078245,
            "Wind_Speed_kmh": 161.23636884686178,
            "Soil_Moisture": 2.0248624756711804,
            "Soil_Temperature": 20.29678375869885,
            "Wind_Dir_Sin": 154.8778210080512,
            "Wind_Dir_Cos": 45.515557576853865
        }
    }
}