{
    "trial_number": 210,
    "input_chunk_length": 54,
    "output_chunk_length": 24,
    "num_filters": 49,
    "kernel_size": 6,
    "num_layers": 5,
    "dilation_base": 4,
    "weight_norm": true,
    "dropout": 0.2532299231737955,
    "batch_size": 37,
    "lr": 0.005656962340985312,
    "forecast_horizon": 14,
    "overall_smape_val": 50.72813262715988,
    "metrics": {
        "MSE": {
            "Temperature": 1.028610020266114,
            "Precipitation_accumulated": 93.06160443659914,
            "Humidity": 13.231912597460576,
            "Wind_Speed_kmh": 0.17868109580831887,
            "Soil_Moisture": 110214.74208003549,
            "Soil_Temperature": 0.7390933862477302,
            "Wind_Dir_Sin": 0.09019326131594024,
            "Wind_Dir_Cos": 0.12072569209849784
        },
        "RMSE": {
            "Temperature": 1.0142041314578214,
            "Precipitation_accumulated": 9.646844273470943,
            "Humidity": 3.637569600359638,
            "Wind_Speed_kmh": 0.42270686747238784,
            "Soil_Moisture": 331.9860570566714,
            "Soil_Temperature": 0.8597054066642423,
            "Wind_Dir_Sin": 0.30032192946226927,
            "Wind_Dir_Cos": 0.3474560290144608
        },
        "MAE": {
            "Temperature": 0.7114814732793417,
            "Precipitation_accumulated": 7.684692153253964,
            "Humidity": 2.4836780941247,
            "Wind_Speed_kmh": 0.18913120486874058,
            "Soil_Moisture": 129.9310798450995,
            "Soil_Temperature": 0.723075272342822,
            "Wind_Dir_Sin": 0.17011676348157598,
            "Wind_Dir_Cos": 0.2021652203133861
        },
        "R2": {
            "Temperature": 0.6967625370410353,
            "Precipitation_accumulated": -96.86012217329521,
            "Humidity": 0.796847940687234,
            "Wind_Speed_kmh": 0.479335139497039,
            "Soil_Moisture": 0.852238730237857,
            "Soil_Temperature": 0.867835735878944,
            "Wind_Dir_Sin": 0.4429136160355046,
            "Wind_Dir_Cos": 0.5823168414070772
        },
        "SMAPE": {
            "Temperature": 12.423229572421256,
            "Precipitation_accumulated": 1.6501765234186738,
            "Humidity": 2.9495816626591758,
            "Wind_Speed_kmh": 164.10436765422867,
            "Soil_Moisture": 2.014463610457153,
            "Soil_Temperature": 23.14529045340362,
            "Wind_Dir_Sin": 154.4679938726866,
            "Wind_Dir_Cos": 45.069957668003724
        }
    }
}