{
    "trial_number": 42,
    "input_chunk_length": 34,
    "output_chunk_length": 16,
    "num_filters": 27,
    "kernel_size": 6,
    "num_layers": 2,
    "dilation_base": 3,
    "weight_norm": true,
    "dropout": 0.17384613044236835,
    "batch_size": 25,
    "lr": 0.0002898708834881564,
    "forecast_horizon": 10,
    "overall_smape_val": 51.577533775483275,
    "metrics": {
        "MSE": {
            "Temperature": 1.0157751088877138,
            "Precipitation_accumulated": 94.01107163903521,
            "Humidity": 12.480002740816593,
            "Wind_Speed_kmh": 0.15411008122840475,
            "Soil_Moisture": 88992.08781512603,
            "Soil_Temperature": 1.1689891892066833,
            "Wind_Dir_Sin": 0.0888948980842409,
            "Wind_Dir_Cos": 0.11206268367891277
        },
        "RMSE": {
            "Temperature": 1.007856690649873,
            "Precipitation_accumulated": 9.69593067420736,
            "Humidity": 3.5327047344515776,
            "Wind_Speed_kmh": 0.3925685688238486,
            "Soil_Moisture": 298.31541665680976,
            "Soil_Temperature": 1.0811980342225394,
            "Wind_Dir_Sin": 0.29815247455662836,
            "Wind_Dir_Cos": 0.334757649171625
        },
        "MAE": {
            "Temperature": 0.7712534755514697,
            "Precipitation_accumulated": 7.434781362182589,
            "Humidity": 2.4505106451275163,
            "Wind_Speed_kmh": 0.1749066994516185,
            "Soil_Moisture": 117.17970995734188,
            "Soil_Temperature": 0.7518781326227161,
            "Wind_Dir_Sin": 0.18009609054186793,
            "Wind_Dir_Cos": 0.2174311415907331
        },
        "R2": {
            "Temperature": 0.7007457497959939,
            "Precipitation_accumulated": -97.92067687933802,
            "Humidity": 0.8082571896789932,
            "Wind_Speed_kmh": 0.5496707996142369,
            "Soil_Moisture": 0.8803708708049999,
            "Soil_Temperature": 0.7911794625632079,
            "Wind_Dir_Sin": 0.4494715316903499,
            "Wind_Dir_Cos": 0.611414413412378
        },
        "SMAPE": {
            "Temperature": 13.518518433151552,
            "Precipitation_accumulated": 1.636513804212783,
            "Humidity": 2.896943364646431,
            "Wind_Speed_kmh": 166.10909560608462,
            "Soil_Moisture": 1.812914360852739,
            "Soil_Temperature": 21.155282761490923,
            "Wind_Dir_Sin": 156.78918426267225,
            "Wind_Dir_Cos": 48.70181761075466
        }
    }
}