{
    "trial_number": 75,
    "input_chunk_length": 25,
    "output_chunk_length": 3,
    "num_filters": 58,
    "kernel_size": 7,
    "num_layers": 3,
    "dilation_base": 4,
    "weight_norm": true,
    "dropout": 0.10738881701379833,
    "batch_size": 130,
    "lr": 0.003964427188646627,
    "loss_function": "smoothl1",
    "optimizer": "AdamW",
    "overall_mae_val": 0.10965916271811899,
    "metrics": {
        "MSE": {
            "Temperature": 5.410841876678784,
            "Precipitation_accumulated": 421.5169173612725,
            "Humidity": 42.14287889396667,
            "Wind_Speed_kmh": 0.970452707342495,
            "Soil_Moisture": 25640.620132396376,
            "Soil_Temperature": 3.0869876868127837,
            "Wind_Dir_Sin": 0.5412236514940653,
            "Wind_Dir_Cos": 0.36212969735805184
        },
        "RMSE": {
            "Temperature": 2.326121638409906,
            "Precipitation_accumulated": 20.530877169796533,
            "Humidity": 6.491754685288614,
            "Wind_Speed_kmh": 0.9851155807023331,
            "Soil_Moisture": 160.12688759979187,
            "Soil_Temperature": 1.7569825516529138,
            "Wind_Dir_Sin": 0.7356790410865769,
            "Wind_Dir_Cos": 0.6017721307588545
        },
        "MAE": {
            "Temperature": 1.8394313482197961,
            "Precipitation_accumulated": 16.871251521851057,
            "Humidity": 5.170329710705325,
            "Wind_Speed_kmh": 0.7521756204219814,
            "Soil_Moisture": 133.18294775545323,
            "Soil_Temperature": 1.4525708308501377,
            "Wind_Dir_Sin": 0.6375254725019145,
            "Wind_Dir_Cos": 0.508700486797307
        },
        "R2": {
            "Temperature": 0.8224892107602878,
            "Precipitation_accumulated": -121.44246827620739,
            "Humidity": 0.7124409750123366,
            "Wind_Speed_kmh": 0.2818879031075503,
            "Soil_Moisture": 0.5548658625253606,
            "Soil_Temperature": 0.8088160588442157,
            "Wind_Dir_Sin": 0.016200568416865124,
            "Wind_Dir_Cos": 0.014184392450121819
        },
        "SMAPE": {
            "Temperature": 31.29358231810725,
            "Precipitation_accumulated": 3.724504747317956,
            "Humidity": 6.196761884659791,
            "Wind_Speed_kmh": 67.63628983870088,
            "Soil_Moisture": 1.562693217759522,
            "Soil_Temperature": 27.053212804097118,
            "Wind_Dir_Sin": 135.02578009262643,
            "Wind_Dir_Cos": 128.11466664150436
        }
    }
}