{
    "trial_number": 209,
    "input_chunk_length": 54,
    "output_chunk_length": 24,
    "num_filters": 49,
    "kernel_size": 6,
    "num_layers": 2,
    "dilation_base": 4,
    "weight_norm": true,
    "dropout": 0.254720738413328,
    "batch_size": 37,
    "lr": 0.005168333118003879,
    "forecast_horizon": 15,
    "overall_smape_val": 51.04551742188041,
    "metrics": {
        "MSE": {
            "Temperature": 0.9989350752482855,
            "Precipitation_accumulated": 69.80994132663146,
            "Humidity": 15.085713515449648,
            "Wind_Speed_kmh": 0.18199484965198964,
            "Soil_Moisture": 93988.68527622605,
            "Soil_Temperature": 0.9294802505306098,
            "Wind_Dir_Sin": 0.09627176575628064,
            "Wind_Dir_Cos": 0.11533928489288893
        },
        "RMSE": {
            "Temperature": 0.9994673957905208,
            "Precipitation_accumulated": 8.355234366948151,
            "Humidity": 3.884033150663064,
            "Wind_Speed_kmh": 0.42660854381035274,
            "Soil_Moisture": 306.57574149992047,
            "Soil_Temperature": 0.9640955608914553,
            "Wind_Dir_Sin": 0.3102769178593223,
            "Wind_Dir_Cos": 0.339616379011509
        },
        "MAE": {
            "Temperature": 0.7032650633666293,
            "Precipitation_accumulated": 6.7759589508321465,
            "Humidity": 2.754141114275336,
            "Wind_Speed_kmh": 0.23006641824151453,
            "Soil_Moisture": 133.78937985046844,
            "Soil_Temperature": 0.8003481764809351,
            "Wind_Dir_Sin": 0.18201586928070496,
            "Wind_Dir_Cos": 0.2027364652096889
        },
        "R2": {
            "Temperature": 0.7054815273743404,
            "Precipitation_accumulated": -72.39813689339763,
            "Humidity": 0.7684427679969077,
            "Wind_Speed_kmh": 0.470051849988257,
            "Soil_Moisture": 0.8740776746514171,
            "Soil_Temperature": 0.8337531819899151,
            "Wind_Dir_Sin": 0.40576489326237986,
            "Wind_Dir_Cos": 0.6011775008694056
        },
        "SMAPE": {
            "Temperature": 12.07301401794381,
            "Precipitation_accumulated": 1.4909015794783136,
            "Humidity": 3.302107777667069,
            "Wind_Speed_kmh": 164.9417474453743,
            "Soil_Moisture": 2.087499784012366,
            "Soil_Temperature": 23.226538512953987,
            "Wind_Dir_Sin": 158.59612321868082,
            "Wind_Dir_Cos": 42.64620703893244
        }
    }
}