{
    "trial_number": 10,
    "input_chunk_length": 15,
    "output_chunk_length": 13,
    "num_filters": 32,
    "kernel_size": 8,
    "num_layers": 4,
    "dilation_base": 1,
    "weight_norm": false,
    "dropout": 0.15435176356950864,
    "batch_size": 32,
    "lr": 0.008841675837763841,
    "forecast_horizon": 10,
    "overall_smape_val": 54.47940850444776,
    "metrics": {
        "MSE": {
            "Temperature": 3.3203727066560766,
            "Precipitation_accumulated": 80.3288539629678,
            "Humidity": 21.06420144947396,
            "Wind_Speed_kmh": 0.2039397838851288,
            "Soil_Moisture": 114645.81447181726,
            "Soil_Temperature": 3.3700051390988404,
            "Wind_Dir_Sin": 0.10717325493185678,
            "Wind_Dir_Cos": 0.1293240522945993
        },
        "RMSE": {
            "Temperature": 1.8221889876343993,
            "Precipitation_accumulated": 8.962636551984454,
            "Humidity": 4.5895753016454535,
            "Wind_Speed_kmh": 0.4515969263459715,
            "Soil_Moisture": 338.5938783732176,
            "Soil_Temperature": 1.8357573747908082,
            "Wind_Dir_Sin": 0.3273732654507035,
            "Wind_Dir_Cos": 0.3596165350683966
        },
        "MAE": {
            "Temperature": 1.483316693714758,
            "Precipitation_accumulated": 6.93963772097467,
            "Humidity": 3.5110511839180445,
            "Wind_Speed_kmh": 0.24584221440497728,
            "Soil_Moisture": 129.96306446367686,
            "Soil_Temperature": 1.3746159744198603,
            "Wind_Dir_Sin": 0.21964850322000576,
            "Wind_Dir_Cos": 0.2146533323560946
        },
        "R2": {
            "Temperature": 0.021795635634098476,
            "Precipitation_accumulated": -83.52392328287067,
            "Humidity": 0.6763695275578372,
            "Wind_Speed_kmh": 0.404062089437742,
            "Soil_Moisture": 0.8458854119749745,
            "Soil_Temperature": 0.3980044547811906,
            "Wind_Dir_Sin": 0.3362731815555735,
            "Wind_Dir_Cos": 0.5515593499012238
        },
        "SMAPE": {
            "Temperature": 22.99782013920923,
            "Precipitation_accumulated": 1.5278199505763552,
            "Humidity": 4.199862302359502,
            "Wind_Speed_kmh": 172.08725689617336,
            "Soil_Moisture": 2.0389770963013865,
            "Soil_Temperature": 27.552154865973232,
            "Wind_Dir_Sin": 157.289186390123,
            "Wind_Dir_Cos": 48.14219039486614
        }
    }
}