{
    "trial_number": 158,
    "input_chunk_length": 55,
    "output_chunk_length": 21,
    "num_filters": 89,
    "kernel_size": 6,
    "num_layers": 2,
    "dilation_base": 3,
    "weight_norm": true,
    "dropout": 0.1639370683753444,
    "batch_size": 33,
    "lr": 0.003400648151389137,
    "forecast_horizon": 18,
    "overall_smape_val": 52.56312137239352,
    "metrics": {
        "MSE": {
            "Temperature": 1.1132410880446508,
            "Precipitation_accumulated": 194.16903001907926,
            "Humidity": 15.687033400774201,
            "Wind_Speed_kmh": 0.22061101777803335,
            "Soil_Moisture": 150476.73943507372,
            "Soil_Temperature": 1.559633005895784,
            "Wind_Dir_Sin": 0.12044764167568557,
            "Wind_Dir_Cos": 0.13817388063265099
        },
        "RMSE": {
            "Temperature": 1.0551024064253909,
            "Precipitation_accumulated": 13.93445478011534,
            "Humidity": 3.960685976036752,
            "Wind_Speed_kmh": 0.4696924714938843,
            "Soil_Moisture": 387.91331433075834,
            "Soil_Temperature": 1.2488526758172014,
            "Wind_Dir_Sin": 0.34705567518149816,
            "Wind_Dir_Cos": 0.3717174742094471
        },
        "MAE": {
            "Temperature": 0.7650340035512803,
            "Precipitation_accumulated": 11.530465312453645,
            "Humidity": 2.8620102285334132,
            "Wind_Speed_kmh": 0.21412017166188332,
            "Soil_Moisture": 159.06297287553582,
            "Soil_Temperature": 0.8473705819049296,
            "Wind_Dir_Sin": 0.23403464062416263,
            "Wind_Dir_Cos": 0.2534638125566697
        },
        "R2": {
            "Temperature": 0.670775550661598,
            "Precipitation_accumulated": -203.05498387672478,
            "Humidity": 0.7591170688515625,
            "Wind_Speed_kmh": 0.3589615625770405,
            "Soil_Moisture": 0.798797647602538,
            "Soil_Temperature": 0.7207268104719438,
            "Wind_Dir_Sin": 0.25802494347226046,
            "Wind_Dir_Cos": 0.5230277334368089
        },
        "SMAPE": {
            "Temperature": 13.37104676968548,
            "Precipitation_accumulated": 2.553689955244958,
            "Humidity": 3.398231287768899,
            "Wind_Speed_kmh": 163.4947953182944,
            "Soil_Moisture": 2.487945913940957,
            "Soil_Temperature": 21.76550808851987,
            "Wind_Dir_Sin": 161.80962299772463,
            "Wind_Dir_Cos": 51.62413064796923
        }
    }
}