{
    "trial_number": 0,
    "input_chunk_length": 67,
    "num_filters": 10,
    "kernel_size": 4,
    "num_layers": 5,
    "dilation_base": 3,
    "weight_norm": true,
    "dropout": 0.2788025910221225,
    "batch_size": 44,
    "lr": 0.0007275979677543863,
    "overall_smape_val": 44.34802074011704,
    "metrics": {
        "MSE": {
            "Temperature": 0.6976236965538609,
            "Precipitation_accumulated": 6.174523995281371,
            "Humidity": 3.507138990834848,
            "Wind_Speed_kmh": 0.06308009973466673,
            "Soil_Moisture": 8976.033712759088,
            "Soil_Temperature": 0.6057751378004702,
            "Wind_Dir_Sin": 0.046119606861524276,
            "Wind_Dir_Cos": 0.04343375816169761
        },
        "RMSE": {
            "Temperature": 0.8352387063312265,
            "Precipitation_accumulated": 2.484858948769803,
            "Humidity": 1.872735697004478,
            "Wind_Speed_kmh": 0.25115751976531925,
            "Soil_Moisture": 94.74193217767457,
            "Soil_Temperature": 0.7783155772567257,
            "Wind_Dir_Sin": 0.2147547598111024,
            "Wind_Dir_Cos": 0.2084076729914175
        },
        "MAE": {
            "Temperature": 0.5418081632495436,
            "Precipitation_accumulated": 2.009766551730544,
            "Humidity": 1.3607016234891458,
            "Wind_Speed_kmh": 0.10847440639560232,
            "Soil_Moisture": 26.79386296458723,
            "Soil_Temperature": 0.5703266047783271,
            "Wind_Dir_Sin": 0.09740724094411789,
            "Wind_Dir_Cos": 0.08622763113096162
        },
        "R2": {
            "Temperature": 0.795078616036369,
            "Precipitation_accumulated": -5.505363539278191,
            "Humidity": 0.9460677845617496,
            "Wind_Speed_kmh": 0.8146382460043408,
            "Soil_Moisture": 0.9878697356845493,
            "Soil_Temperature": 0.8920611738117813,
            "Wind_Dir_Sin": 0.7128632929523198,
            "Wind_Dir_Cos": 0.8487118689030411
        },
        "SMAPE": {
            "Temperature": 9.229401523747738,
            "Precipitation_accumulated": 0.43679944555060246,
            "Humidity": 1.6288805983736294,
            "Wind_Speed_kmh": 157.69997862834705,
            "Soil_Moisture": 0.4286770426833894,
            "Soil_Temperature": 16.59520847822475,
            "Wind_Dir_Sin": 141.4927701044618,
            "Wind_Dir_Cos": 27.272450099547306
        }
    }
}