{
    "trial_number": 19,
    "input_chunk_length": 49,
    "output_chunk_length": 19,
    "num_filters": 104,
    "kernel_size": 8,
    "num_layers": 2,
    "dilation_base": 4,
    "weight_norm": true,
    "dropout": 0.20693805195283035,
    "batch_size": 38,
    "lr": 0.0027690545401661995,
    "forecast_horizon": 18,
    "overall_smape_val": 53.49245608607132,
    "metrics": {
        "MSE": {
            "Temperature": 1.3018743248353437,
            "Precipitation_accumulated": 98.37270755338061,
            "Humidity": 22.203324697469867,
            "Wind_Speed_kmh": 0.20905188977476788,
            "Soil_Moisture": 143068.10287263308,
            "Soil_Temperature": 1.1886948100879187,
            "Wind_Dir_Sin": 0.12579458055973095,
            "Wind_Dir_Cos": 0.1399031338426414
        },
        "RMSE": {
            "Temperature": 1.1409970748583642,
            "Precipitation_accumulated": 9.918301646621796,
            "Humidity": 4.712040396417445,
            "Wind_Speed_kmh": 0.45722192617455243,
            "Soil_Moisture": 378.24344392551353,
            "Soil_Temperature": 1.0902728145230067,
            "Wind_Dir_Sin": 0.35467531709964106,
            "Wind_Dir_Cos": 0.37403627343165713
        },
        "MAE": {
            "Temperature": 0.8766524311374362,
            "Precipitation_accumulated": 7.95497632950998,
            "Humidity": 3.4875605363080555,
            "Wind_Speed_kmh": 0.2580057733097252,
            "Soil_Moisture": 199.7936451673037,
            "Soil_Temperature": 0.8131844774416097,
            "Wind_Dir_Sin": 0.2167012205411663,
            "Wind_Dir_Cos": 0.24952603574689375
        },
        "R2": {
            "Temperature": 0.6149900840845277,
            "Precipitation_accumulated": -102.38127172877365,
            "Humidity": 0.6590558713221663,
            "Wind_Speed_kmh": 0.39254939254045895,
            "Soil_Moisture": 0.8087037308285376,
            "Soil_Temperature": 0.7871482651791977,
            "Wind_Dir_Sin": 0.22508701936227926,
            "Wind_Dir_Cos": 0.5170584010329256
        },
        "SMAPE": {
            "Temperature": 15.213010080079052,
            "Precipitation_accumulated": 1.7305208246043629,
            "Humidity": 4.16692411619639,
            "Wind_Speed_kmh": 168.2913316996078,
            "Soil_Moisture": 3.18772895724493,
            "Soil_Temperature": 20.427940358287085,
            "Wind_Dir_Sin": 162.63446853287965,
            "Wind_Dir_Cos": 52.28772411967122
        }
    }
}