{
    "trial_number": 90,
    "input_chunk_length": 32,
    "output_chunk_length": 1,
    "num_filters": 50,
    "kernel_size": 8,
    "num_layers": 3,
    "dilation_base": 2,
    "weight_norm": true,
    "dropout": 0.12363452166863391,
    "batch_size": 86,
    "lr": 0.004065715349889218,
    "loss_function": "smoothl1",
    "optimizer": "Adam",
    "overall_mae_val": 0.08570353493707669,
    "metrics": {
        "MSE": {
            "Temperature": 2.0290339238368666,
            "Precipitation_accumulated": 82.1183580097019,
            "Humidity": 10.415942938010343,
            "Wind_Speed_kmh": 0.5354527706397785,
            "Soil_Moisture": 14196.502168639943,
            "Soil_Temperature": 3.0462973766518124,
            "Wind_Dir_Sin": 0.37414024439780735,
            "Wind_Dir_Cos": 0.31519629796044546
        },
        "RMSE": {
            "Temperature": 1.4244416182620006,
            "Precipitation_accumulated": 9.06191800943387,
            "Humidity": 3.2273740003306624,
            "Wind_Speed_kmh": 0.7317463840975085,
            "Soil_Moisture": 119.14907539985337,
            "Soil_Temperature": 1.7453645397600503,
            "Wind_Dir_Sin": 0.6116700453658062,
            "Wind_Dir_Cos": 0.5614234569025821
        },
        "MAE": {
            "Temperature": 1.1652971466223379,
            "Precipitation_accumulated": 7.3492187158833415,
            "Humidity": 2.5103836716335635,
            "Wind_Speed_kmh": 0.5660316170786622,
            "Soil_Moisture": 103.49021329542815,
            "Soil_Temperature": 1.5270825671492576,
            "Wind_Dir_Sin": 0.5029014286277509,
            "Wind_Dir_Cos": 0.45899414669163086
        },
        "R2": {
            "Temperature": 0.9334143387763782,
            "Precipitation_accumulated": -23.03832003062641,
            "Humidity": 0.928904779202387,
            "Wind_Speed_kmh": 0.6026797989156207,
            "Soil_Moisture": 0.7489773493741947,
            "Soil_Temperature": 0.8107343931862985,
            "Wind_Dir_Sin": 0.32050966838087047,
            "Wind_Dir_Cos": 0.13998182099535916
        },
        "SMAPE": {
            "Temperature": 23.791222024205847,
            "Precipitation_accumulated": 1.5954834169502183,
            "Humidity": 2.960728045931876,
            "Wind_Speed_kmh": 57.90096346388422,
            "Soil_Moisture": 1.2083060496293694,
            "Soil_Temperature": 38.68399309194728,
            "Wind_Dir_Sin": 102.17156053716556,
            "Wind_Dir_Cos": 114.19357135288753
        }
    }
}