{
    "trial_number": 18,
    "input_chunk_length": 45,
    "output_chunk_length": 20,
    "num_filters": 92,
    "kernel_size": 7,
    "num_layers": 2,
    "dilation_base": 4,
    "weight_norm": true,
    "dropout": 0.24515100031270928,
    "batch_size": 36,
    "lr": 0.0022682009356940875,
    "forecast_horizon": 19,
    "overall_smape_val": 51.27943242989707,
    "metrics": {
        "MSE": {
            "Temperature": 1.556276524172982,
            "Precipitation_accumulated": 58.2903348438299,
            "Humidity": 15.852454927888962,
            "Wind_Speed_kmh": 0.1875139182793675,
            "Soil_Moisture": 138295.13837205147,
            "Soil_Temperature": 1.2621967262113336,
            "Wind_Dir_Sin": 0.09597698513826008,
            "Wind_Dir_Cos": 0.12156003095681597
        },
        "RMSE": {
            "Temperature": 1.24750812589457,
            "Precipitation_accumulated": 7.634810727439803,
            "Humidity": 3.9815141501555615,
            "Wind_Speed_kmh": 0.4330287730386602,
            "Soil_Moisture": 371.88054314799996,
            "Soil_Temperature": 1.1234752895419344,
            "Wind_Dir_Sin": 0.30980152539692263,
            "Wind_Dir_Cos": 0.3486546012270826
        },
        "MAE": {
            "Temperature": 0.9705923878719972,
            "Precipitation_accumulated": 5.647284597025409,
            "Humidity": 2.5847619598334024,
            "Wind_Speed_kmh": 0.17664686570570928,
            "Soil_Moisture": 158.98971094376145,
            "Soil_Temperature": 0.6421181037287497,
            "Wind_Dir_Sin": 0.19427031612493129,
            "Wind_Dir_Cos": 0.2255135489884413
        },
        "R2": {
            "Temperature": 0.5394429185056787,
            "Precipitation_accumulated": -60.24879892226279,
            "Humidity": 0.7565627995073826,
            "Wind_Speed_kmh": 0.4555172153345518,
            "Soil_Moisture": 0.8152072240392257,
            "Soil_Temperature": 0.7739036306499392,
            "Wind_Dir_Sin": 0.4091621862487136,
            "Wind_Dir_Cos": 0.5806151957229431
        },
        "SMAPE": {
            "Temperature": 16.370793727941795,
            "Precipitation_accumulated": 1.2391740387002803,
            "Humidity": 3.068703905539043,
            "Wind_Speed_kmh": 165.45557706187245,
            "Soil_Moisture": 2.5136330574333265,
            "Soil_Temperature": 18.331137547115663,
            "Wind_Dir_Sin": 156.16642758849366,
            "Wind_Dir_Cos": 47.090012512080186
        }
    }
}