{
    "trial_number": 52,
    "input_chunk_length": 26,
    "output_chunk_length": 4,
    "num_filters": 66,
    "kernel_size": 2,
    "num_layers": 3,
    "dilation_base": 4,
    "weight_norm": true,
    "dropout": 0.10281805042044659,
    "batch_size": 161,
    "lr": 0.0034961909688346,
    "loss_function": "smoothl1",
    "optimizer": "AdamW",
    "overall_mae_val": 0.128587955248911,
    "metrics": {
        "MSE": {
            "Temperature": 5.175429329654961,
            "Precipitation_accumulated": 3659.2107458420664,
            "Humidity": 51.821684120832174,
            "Wind_Speed_kmh": 1.1914686935634955,
            "Soil_Moisture": 120639.18701983102,
            "Soil_Temperature": 7.6421606569537515,
            "Wind_Dir_Sin": 0.5706871184305178,
            "Wind_Dir_Cos": 0.37049234737520087
        },
        "RMSE": {
            "Temperature": 2.274956995122097,
            "Precipitation_accumulated": 60.49141051291552,
            "Humidity": 7.198727951578124,
            "Wind_Speed_kmh": 1.0915441784753814,
            "Soil_Moisture": 347.3315232164092,
            "Soil_Temperature": 2.7644458137127144,
            "Wind_Dir_Sin": 0.7554383617678664,
            "Wind_Dir_Cos": 0.6086808255360119
        },
        "MAE": {
            "Temperature": 1.7813015104140535,
            "Precipitation_accumulated": 52.68477866308162,
            "Humidity": 5.654612018358791,
            "Wind_Speed_kmh": 0.8162366351918573,
            "Soil_Moisture": 289.84843246516516,
            "Soil_Temperature": 2.3208814251199366,
            "Wind_Dir_Sin": 0.6525931191808078,
            "Wind_Dir_Cos": 0.5113662679400055
        },
        "R2": {
            "Temperature": 0.8300190358233384,
            "Precipitation_accumulated": -1065.189057344552,
            "Humidity": 0.6463460876111364,
            "Wind_Speed_kmh": 0.11721939512037927,
            "Soil_Moisture": -1.1085104528224363,
            "Soil_Temperature": 0.5259027146422295,
            "Wind_Dir_Sin": -0.03664773623029083,
            "Wind_Dir_Cos": -0.010418245865099651
        },
        "SMAPE": {
            "Temperature": 29.830562303450147,
            "Precipitation_accumulated": 12.243570233660433,
            "Humidity": 6.702463671197687,
            "Wind_Speed_kmh": 73.30619777072793,
            "Soil_Moisture": 3.4459236100547534,
            "Soil_Temperature": 46.816230249442874,
            "Wind_Dir_Sin": 135.37519769658815,
            "Wind_Dir_Cos": 125.76263500939146
        }
    }
}