{
    "trial_number": 208,
    "input_chunk_length": 54,
    "output_chunk_length": 24,
    "num_filters": 51,
    "kernel_size": 7,
    "num_layers": 2,
    "dilation_base": 4,
    "weight_norm": true,
    "dropout": 0.25138651244817145,
    "batch_size": 37,
    "lr": 0.0054560448553329696,
    "forecast_horizon": 14,
    "overall_smape_val": 50.9916074558178,
    "metrics": {
        "MSE": {
            "Temperature": 1.1298409913709608,
            "Precipitation_accumulated": 115.60888123354661,
            "Humidity": 15.021329452675113,
            "Wind_Speed_kmh": 0.19103518449301193,
            "Soil_Moisture": 149241.3274896712,
            "Soil_Temperature": 0.7940962676785572,
            "Wind_Dir_Sin": 0.11843020518023646,
            "Wind_Dir_Cos": 0.15146567058280427
        },
        "RMSE": {
            "Temperature": 1.0629397872744066,
            "Precipitation_accumulated": 10.752157050264222,
            "Humidity": 3.8757359885156153,
            "Wind_Speed_kmh": 0.437075719404558,
            "Soil_Moisture": 386.3176510200786,
            "Soil_Temperature": 0.8911207929784588,
            "Wind_Dir_Sin": 0.3441368988937926,
            "Wind_Dir_Cos": 0.38918590748227805
        },
        "MAE": {
            "Temperature": 0.7218137917260118,
            "Precipitation_accumulated": 8.846070478338346,
            "Humidity": 2.961655693604651,
            "Wind_Speed_kmh": 0.1960795000155576,
            "Soil_Moisture": 227.8507427886438,
            "Soil_Temperature": 0.5825502086362643,
            "Wind_Dir_Sin": 0.20049780792643387,
            "Wind_Dir_Cos": 0.22549539805673993
        },
        "R2": {
            "Temperature": 0.6669193289778236,
            "Precipitation_accumulated": -120.56999989765369,
            "Humidity": 0.7693746849180285,
            "Wind_Speed_kmh": 0.4433361445694656,
            "Soil_Moisture": 0.799917074298029,
            "Soil_Temperature": 0.8580001515209934,
            "Wind_Dir_Sin": 0.26850571990159333,
            "Wind_Dir_Cos": 0.47596357819341073
        },
        "SMAPE": {
            "Temperature": 12.54770333222369,
            "Precipitation_accumulated": 1.9428773479054535,
            "Humidity": 3.5415720722900454,
            "Wind_Speed_kmh": 164.00770419417896,
            "Soil_Moisture": 3.6767077001008044,
            "Soil_Temperature": 16.30859329276701,
            "Wind_Dir_Sin": 158.5793984044046,
            "Wind_Dir_Cos": 47.32830330267209
        }
    }
}