{
    "trial_number": 9,
    "input_chunk_length": 57,
    "output_chunk_length": 11,
    "num_filters": 14,
    "kernel_size": 7,
    "num_layers": 1,
    "dilation_base": 3,
    "weight_norm": false,
    "dropout": 0.3773157439050261,
    "batch_size": 106,
    "lr": 0.0002511353850322431,
    "loss_function": "huber",
    "optimizer": "Adam",
    "overall_mae_val": 0.17195229363845616,
    "metrics": {
        "MSE": {
            "Temperature": 17.127913974454117,
            "Precipitation_accumulated": 18387.51181195779,
            "Humidity": 155.91205435534994,
            "Wind_Speed_kmh": 1.3962355890076055,
            "Soil_Moisture": 445265.02854791714,
            "Soil_Temperature": 15.97259961807249,
            "Wind_Dir_Sin": 0.6609389170494209,
            "Wind_Dir_Cos": 0.3822491003798542
        },
        "RMSE": {
            "Temperature": 4.13858840360504,
            "Precipitation_accumulated": 135.60055977745,
            "Humidity": 12.486474857034308,
            "Wind_Speed_kmh": 1.1816241318658,
            "Soil_Moisture": 667.2818209331924,
            "Soil_Temperature": 3.9965734846331165,
            "Wind_Dir_Sin": 0.8129814985898639,
            "Wind_Dir_Cos": 0.6182629702479797
        },
        "MAE": {
            "Temperature": 3.35935350058313,
            "Precipitation_accumulated": 124.40446445645013,
            "Humidity": 10.277218572170066,
            "Wind_Speed_kmh": 0.8786576247212036,
            "Soil_Moisture": 547.1560457215039,
            "Soil_Temperature": 3.2657125536334326,
            "Wind_Dir_Sin": 0.6536708935194031,
            "Wind_Dir_Cos": 0.5323699813150532
        },
        "R2": {
            "Temperature": 0.4392206120964025,
            "Precipitation_accumulated": -5703.213253687893,
            "Humidity": -0.05987725866466298,
            "Wind_Speed_kmh": -0.03583675995646041,
            "Soil_Moisture": -8.188881530927716,
            "Soil_Temperature": 0.004797603225083158,
            "Wind_Dir_Sin": -0.20802102759029517,
            "Wind_Dir_Cos": -0.036873446778095786
        },
        "SMAPE": {
            "Temperature": 45.55647464776171,
            "Precipitation_accumulated": 31.912393770510572,
            "Humidity": 12.101129941191447,
            "Wind_Speed_kmh": 76.30250733614487,
            "Soil_Moisture": 6.697890119024076,
            "Soil_Temperature": 68.14493200975632,
            "Wind_Dir_Sin": 113.70668280358393,
            "Wind_Dir_Cos": 138.7338047342764
        }
    }
}