{
    "trial_number": 111,
    "input_chunk_length": 55,
    "output_chunk_length": 24,
    "num_filters": 25,
    "kernel_size": 8,
    "num_layers": 3,
    "dilation_base": 3,
    "weight_norm": true,
    "dropout": 0.35043807358321316,
    "batch_size": 16,
    "lr": 0.006219029862143903,
    "forecast_horizon": 20,
    "overall_smape_val": 54.00356467088716,
    "metrics": {
        "MSE": {
            "Temperature": 1.1569637014256882,
            "Precipitation_accumulated": 37.960820244678985,
            "Humidity": 28.423019617820856,
            "Wind_Speed_kmh": 0.25625706391779257,
            "Soil_Moisture": 184660.42781303974,
            "Soil_Temperature": 1.269539275423738,
            "Wind_Dir_Sin": 0.12836937176610191,
            "Wind_Dir_Cos": 0.14563982698371086
        },
        "RMSE": {
            "Temperature": 1.0756224716068776,
            "Precipitation_accumulated": 6.161235285612698,
            "Humidity": 5.331324377471404,
            "Wind_Speed_kmh": 0.5062183954755028,
            "Soil_Moisture": 429.72133739557285,
            "Soil_Temperature": 1.126738334940166,
            "Wind_Dir_Sin": 0.3582867172616115,
            "Wind_Dir_Cos": 0.38162786452735714
        },
        "MAE": {
            "Temperature": 0.7717886040837845,
            "Precipitation_accumulated": 5.046524821017121,
            "Humidity": 4.198735860212573,
            "Wind_Speed_kmh": 0.3140750583757256,
            "Soil_Moisture": 191.08858434447808,
            "Soil_Temperature": 0.9138848107976051,
            "Wind_Dir_Sin": 0.2251681426260458,
            "Wind_Dir_Cos": 0.23454572846711208
        },
        "R2": {
            "Temperature": 0.6572847683220293,
            "Precipitation_accumulated": -38.88142873241825,
            "Humidity": 0.5632863356084089,
            "Wind_Speed_kmh": 0.2564331020830819,
            "Soil_Moisture": 0.7534163562700756,
            "Soil_Temperature": 0.772492552392737,
            "Wind_Dir_Sin": 0.21028100676157402,
            "Wind_Dir_Cos": 0.4978231901816511
        },
        "SMAPE": {
            "Temperature": 13.453683853051812,
            "Precipitation_accumulated": 1.1058774599881347,
            "Humidity": 5.078881881430014,
            "Wind_Speed_kmh": 175.5614137153201,
            "Soil_Moisture": 3.0551411362231464,
            "Soil_Temperature": 22.590313950299866,
            "Wind_Dir_Sin": 161.0895600748921,
            "Wind_Dir_Cos": 50.09364529589179
        }
    }
}