{
    "trial_number": 0,
    "input_chunk_length": 122,
    "output_chunk_length": 52,
    "num_filters": 20,
    "kernel_size": 3,
    "num_layers": 6,
    "dilation_base": 3,
    "weight_norm": false,
    "dropout": 0.3236780876823655,
    "batch_size": 58,
    "lr": 0.005356090917597021,
    "forecast_horizon": 22,
    "overall_smape_val": 54.17882643785233,
    "metrics": {
        "MSE": {
            "Temperature": 1.4307947319214367,
            "Precipitation_accumulated": 72.62262878502288,
            "Humidity": 32.77944265202371,
            "Wind_Speed_kmh": 0.22836015347349733,
            "Soil_Moisture": 234402.8223285188,
            "Soil_Temperature": 2.1786620361677933,
            "Wind_Dir_Sin": 0.1323657505217101,
            "Wind_Dir_Cos": 0.1257548239272783
        },
        "RMSE": {
            "Temperature": 1.196158322264004,
            "Precipitation_accumulated": 8.52189115073778,
            "Humidity": 5.725333409682244,
            "Wind_Speed_kmh": 0.477870435864678,
            "Soil_Moisture": 484.1516522005464,
            "Soil_Temperature": 1.4760291447555476,
            "Wind_Dir_Sin": 0.3638210418897045,
            "Wind_Dir_Cos": 0.35461926615354433
        },
        "MAE": {
            "Temperature": 0.8161205465554063,
            "Precipitation_accumulated": 5.428998345341832,
            "Humidity": 4.837057459111965,
            "Wind_Speed_kmh": 0.2482757198413098,
            "Soil_Moisture": 297.9374101021102,
            "Soil_Temperature": 1.0894419720259783,
            "Wind_Dir_Sin": 0.21733605469029518,
            "Wind_Dir_Cos": 0.2391150415204596
        },
        "R2": {
            "Temperature": 0.5754270905104099,
            "Precipitation_accumulated": -75.27394636123609,
            "Humidity": 0.4963400625265558,
            "Wind_Speed_kmh": 0.3383154376322316,
            "Soil_Moisture": 0.6874075111275104,
            "Soil_Temperature": 0.6092413061633652,
            "Wind_Dir_Sin": 0.18678344256109036,
            "Wind_Dir_Cos": 0.5668781844784061
        },
        "SMAPE": {
            "Temperature": 14.866243791966067,
            "Precipitation_accumulated": 1.1939895499382565,
            "Humidity": 5.766535948362469,
            "Wind_Speed_kmh": 170.82681846341424,
            "Soil_Moisture": 4.718500531084999,
            "Soil_Temperature": 25.562270377041823,
            "Wind_Dir_Sin": 157.85294329704453,
            "Wind_Dir_Cos": 52.64330954396637
        }
    }
}