{
    "trial_number": 32,
    "input_chunk_length": 33,
    "output_chunk_length": 19,
    "num_filters": 90,
    "kernel_size": 6,
    "num_layers": 3,
    "dilation_base": 3,
    "weight_norm": true,
    "dropout": 0.2751179433199416,
    "batch_size": 134,
    "lr": 0.002791849940119462,
    "loss_function": "smoothl1",
    "optimizer": "AdamW",
    "overall_mae_val": 0.13952445250092954,
    "metrics": {
        "MSE": {
            "Temperature": 13.835176588059651,
            "Precipitation_accumulated": 3225.3300498200592,
            "Humidity": 92.01711463171276,
            "Wind_Speed_kmh": 1.3274248730991702,
            "Soil_Moisture": 129351.60494671165,
            "Soil_Temperature": 8.172995248132564,
            "Wind_Dir_Sin": 0.6059603889033081,
            "Wind_Dir_Cos": 0.3995189818235942
        },
        "RMSE": {
            "Temperature": 3.719566720474261,
            "Precipitation_accumulated": 56.7919893102897,
            "Humidity": 9.59255516698824,
            "Wind_Speed_kmh": 1.152139259421,
            "Soil_Moisture": 359.6548414059119,
            "Soil_Temperature": 2.8588450899152553,
            "Wind_Dir_Sin": 0.7784345758657616,
            "Wind_Dir_Cos": 0.6320751393810662
        },
        "MAE": {
            "Temperature": 2.8389558315339554,
            "Precipitation_accumulated": 49.89107480497815,
            "Humidity": 7.933077532795166,
            "Wind_Speed_kmh": 0.907680754176919,
            "Soil_Moisture": 287.4451881385252,
            "Soil_Temperature": 2.3952885909907846,
            "Wind_Dir_Sin": 0.6838115550771267,
            "Wind_Dir_Cos": 0.5318412043991232
        },
        "R2": {
            "Temperature": 0.5457449137638082,
            "Precipitation_accumulated": -972.234719469346,
            "Humidity": 0.37229725572135286,
            "Wind_Speed_kmh": 0.013098017288714514,
            "Soil_Moisture": -1.466986756019213,
            "Soil_Temperature": 0.49154322289666486,
            "Wind_Dir_Sin": -0.09966569538955428,
            "Wind_Dir_Cos": -0.08945261821467088
        },
        "SMAPE": {
            "Temperature": 41.96739277290603,
            "Precipitation_accumulated": 11.530227696364683,
            "Humidity": 9.370648460601984,
            "Wind_Speed_kmh": 74.28414983902518,
            "Soil_Moisture": 3.4159222367723636,
            "Soil_Temperature": 49.34972286610709,
            "Wind_Dir_Sin": 142.33683587548427,
            "Wind_Dir_Cos": 125.10116568277792
        }
    }
}