{
    "trial_number": 35,
    "input_chunk_length": 36,
    "output_chunk_length": 17,
    "num_filters": 34,
    "kernel_size": 4,
    "num_layers": 2,
    "dilation_base": 4,
    "weight_norm": false,
    "dropout": 0.2056750241537921,
    "batch_size": 24,
    "lr": 0.0001428473116643017,
    "forecast_horizon": 10,
    "overall_smape_val": 50.447640882680815,
    "metrics": {
        "MSE": {
            "Temperature": 0.9994828048517772,
            "Precipitation_accumulated": 31.151488747974163,
            "Humidity": 15.165428197184868,
            "Wind_Speed_kmh": 0.1464927410251819,
            "Soil_Moisture": 83491.07660902424,
            "Soil_Temperature": 0.8795918238315363,
            "Wind_Dir_Sin": 0.09305798087942915,
            "Wind_Dir_Cos": 0.11105505758745264
        },
        "RMSE": {
            "Temperature": 0.9997413689808866,
            "Precipitation_accumulated": 5.581351874588643,
            "Humidity": 3.894281473800381,
            "Wind_Speed_kmh": 0.38274370148335807,
            "Soil_Moisture": 288.948224789536,
            "Soil_Temperature": 0.9378655681021328,
            "Wind_Dir_Sin": 0.3050540622241067,
            "Wind_Dir_Cos": 0.33324924244092835
        },
        "MAE": {
            "Temperature": 0.7513644659658405,
            "Precipitation_accumulated": 3.9964666532007795,
            "Humidity": 2.787745525456244,
            "Wind_Speed_kmh": 0.17920743460717617,
            "Soil_Moisture": 125.43424383075936,
            "Soil_Temperature": 0.6818331156366393,
            "Wind_Dir_Sin": 0.18140057645059626,
            "Wind_Dir_Cos": 0.2184198724237491
        },
        "R2": {
            "Temperature": 0.7055455732861646,
            "Precipitation_accumulated": -31.778334498520678,
            "Humidity": 0.7669983025933695,
            "Wind_Speed_kmh": 0.5719296336596207,
            "Soil_Moisture": 0.8877656987771787,
            "Soil_Temperature": 0.8428755038340782,
            "Wind_Dir_Sin": 0.4236894492078509,
            "Wind_Dir_Cos": 0.6149084308939949
        },
        "SMAPE": {
            "Temperature": 13.000561919931078,
            "Precipitation_accumulated": 0.87027875628471,
            "Humidity": 3.311471361383251,
            "Wind_Speed_kmh": 159.52265329929025,
            "Soil_Moisture": 1.9746964073074722,
            "Soil_Temperature": 19.23423173651279,
            "Wind_Dir_Sin": 157.22647490499676,
            "Wind_Dir_Cos": 48.44075867574022
        }
    }
}