{
    "trial_number": 40,
    "input_chunk_length": 29,
    "output_chunk_length": 19,
    "num_filters": 18,
    "kernel_size": 5,
    "num_layers": 2,
    "dilation_base": 4,
    "weight_norm": true,
    "dropout": 0.14638086109431903,
    "batch_size": 21,
    "lr": 8.504825417576524e-05,
    "forecast_horizon": 9,
    "overall_smape_val": 53.89108506178438,
    "metrics": {
        "MSE": {
            "Temperature": 1.2792289392433682,
            "Precipitation_accumulated": 201.08484213600968,
            "Humidity": 16.539731239806894,
            "Wind_Speed_kmh": 0.21333456769340656,
            "Soil_Moisture": 146598.30790804027,
            "Soil_Temperature": 2.9094943639672417,
            "Wind_Dir_Sin": 0.11969200118794149,
            "Wind_Dir_Cos": 0.13409128690251426
        },
        "RMSE": {
            "Temperature": 1.131030034633638,
            "Precipitation_accumulated": 14.180438714511258,
            "Humidity": 4.066906839332184,
            "Wind_Speed_kmh": 0.4618815515837438,
            "Soil_Moisture": 382.8815847073874,
            "Soil_Temperature": 1.7057239999388065,
            "Wind_Dir_Sin": 0.3459653178975336,
            "Wind_Dir_Cos": 0.36618477153277995
        },
        "MAE": {
            "Temperature": 0.7911389481669953,
            "Precipitation_accumulated": 8.879704245618079,
            "Humidity": 2.748588244799234,
            "Wind_Speed_kmh": 0.22578452269963567,
            "Soil_Moisture": 153.83970157172763,
            "Soil_Temperature": 1.1576575685181911,
            "Wind_Dir_Sin": 0.2159804779386019,
            "Wind_Dir_Cos": 0.23253919826321817
        },
        "R2": {
            "Temperature": 0.623225750323853,
            "Precipitation_accumulated": -210.61983818933473,
            "Humidity": 0.7458564394027072,
            "Wind_Speed_kmh": 0.3761723598262775,
            "Soil_Moisture": 0.8028012106530846,
            "Soil_Temperature": 0.48042343941205967,
            "Wind_Dir_Sin": 0.2582522520693342,
            "Wind_Dir_Cos": 0.5347669411968171
        },
        "SMAPE": {
            "Temperature": 15.221041030836686,
            "Precipitation_accumulated": 1.9541595569861594,
            "Humidity": 3.2435089571700346,
            "Wind_Speed_kmh": 168.09862763017497,
            "Soil_Moisture": 2.418094153685241,
            "Soil_Temperature": 28.46311869071109,
            "Wind_Dir_Sin": 161.86726811979375,
            "Wind_Dir_Cos": 49.86286235491695
        }
    }
}