{
    "trial_number": 139,
    "input_chunk_length": 58,
    "output_chunk_length": 18,
    "num_filters": 96,
    "kernel_size": 6,
    "num_layers": 2,
    "dilation_base": 4,
    "weight_norm": false,
    "dropout": 0.29109775920815056,
    "batch_size": 38,
    "lr": 0.0026390016646433124,
    "forecast_horizon": 3,
    "overall_smape_val": 49.952662397881845,
    "metrics": {
        "MSE": {
            "Temperature": 0.9367273054117037,
            "Precipitation_accumulated": 23.770140659057407,
            "Humidity": 12.579851535937262,
            "Wind_Speed_kmh": 0.1394121368978107,
            "Soil_Moisture": 85481.75609639102,
            "Soil_Temperature": 1.4007130655503284,
            "Wind_Dir_Sin": 0.08030746367322225,
            "Wind_Dir_Cos": 0.10445233840330378
        },
        "RMSE": {
            "Temperature": 0.9678467365299651,
            "Precipitation_accumulated": 4.8754631225205065,
            "Humidity": 3.5468086410091626,
            "Wind_Speed_kmh": 0.3733793471763144,
            "Soil_Moisture": 292.37263226299245,
            "Soil_Temperature": 1.1835172434528904,
            "Wind_Dir_Sin": 0.2833857153655107,
            "Wind_Dir_Cos": 0.3231908699256583
        },
        "MAE": {
            "Temperature": 0.7208163296706313,
            "Precipitation_accumulated": 3.6312477237067418,
            "Humidity": 2.6127965127923183,
            "Wind_Speed_kmh": 0.1954340788026018,
            "Soil_Moisture": 110.8318129749915,
            "Soil_Temperature": 0.8477943464461113,
            "Wind_Dir_Sin": 0.1690321533812616,
            "Wind_Dir_Cos": 0.1967533021082015
        },
        "R2": {
            "Temperature": 0.7247123736684505,
            "Precipitation_accumulated": -24.039682285573615,
            "Humidity": 0.8065526796199891,
            "Wind_Speed_kmh": 0.5906210684767654,
            "Soil_Moisture": 0.88455443259413,
            "Soil_Temperature": 0.7503350522281638,
            "Wind_Dir_Sin": 0.5003428035806803,
            "Wind_Dir_Cos": 0.6363764429987175
        },
        "SMAPE": {
            "Temperature": 12.3673889708493,
            "Precipitation_accumulated": 0.7932136362832358,
            "Humidity": 3.1331210884730294,
            "Wind_Speed_kmh": 161.1101642898343,
            "Soil_Moisture": 1.712367577229004,
            "Soil_Temperature": 20.186600742102062,
            "Wind_Dir_Sin": 154.7862828147185,
            "Wind_Dir_Cos": 45.53216006356548
        }
    }
}