{
    "trial_number": 202,
    "input_chunk_length": 36,
    "output_chunk_length": 15,
    "num_filters": 68,
    "kernel_size": 7,
    "num_layers": 2,
    "dilation_base": 3,
    "weight_norm": true,
    "dropout": 0.2264491839644059,
    "batch_size": 45,
    "lr": 0.006428247765422746,
    "forecast_horizon": 19,
    "overall_smape_val": 56.136738208442154,
    "metrics": {
        "MSE": {
            "Temperature": 1.1390105413922067,
            "Precipitation_accumulated": 295.0714866357639,
            "Humidity": 23.695028265348515,
            "Wind_Speed_kmh": 0.20502114079469586,
            "Soil_Moisture": 233243.63034057582,
            "Soil_Temperature": 3.177759623037235,
            "Wind_Dir_Sin": 0.13470873356725194,
            "Wind_Dir_Cos": 0.15058776530079443
        },
        "RMSE": {
            "Temperature": 1.0672443681707608,
            "Precipitation_accumulated": 17.177644967682966,
            "Humidity": 4.867753924075098,
            "Wind_Speed_kmh": 0.4527926024072123,
            "Soil_Moisture": 482.95303119514205,
            "Soil_Temperature": 1.782627168826178,
            "Wind_Dir_Sin": 0.36702688398433697,
            "Wind_Dir_Cos": 0.3880563944851243
        },
        "MAE": {
            "Temperature": 0.7779281170506396,
            "Precipitation_accumulated": 14.312943124314934,
            "Humidity": 3.6490355173654,
            "Wind_Speed_kmh": 0.25347162585507294,
            "Soil_Moisture": 337.80833607445584,
            "Soil_Temperature": 1.6038983800415927,
            "Wind_Dir_Sin": 0.22783120077212424,
            "Wind_Dir_Cos": 0.2403095677684167
        },
        "R2": {
            "Temperature": 0.6629266312337215,
            "Precipitation_accumulated": -309.04752676523833,
            "Humidity": 0.6361288284528162,
            "Wind_Speed_kmh": 0.4046816221456676,
            "Soil_Moisture": 0.688335118405621,
            "Soil_Temperature": 0.4307702606767503,
            "Wind_Dir_Sin": 0.1707281332141819,
            "Wind_Dir_Cos": 0.4804688680967143
        },
        "SMAPE": {
            "Temperature": 13.399175884015863,
            "Precipitation_accumulated": 3.1834975826811323,
            "Humidity": 4.334270432524851,
            "Wind_Speed_kmh": 172.21935019376963,
            "Soil_Moisture": 5.450640479567815,
            "Soil_Temperature": 34.893489238481806,
            "Wind_Dir_Sin": 166.1245824033961,
            "Wind_Dir_Cos": 49.4888994530998
        }
    }
}