{
    "trial_number": 11,
    "input_chunk_length": 25,
    "output_chunk_length": 8,
    "num_filters": 105,
    "kernel_size": 3,
    "num_layers": 3,
    "dilation_base": 4,
    "weight_norm": true,
    "dropout": 0.23775210752326476,
    "batch_size": 153,
    "lr": 0.004666586765557407,
    "loss_function": "smoothl1",
    "optimizer": "AdamW",
    "overall_mae_val": 0.13637179990644313,
    "metrics": {
        "MSE": {
            "Temperature": 12.107973819338442,
            "Precipitation_accumulated": 1742.6111361931542,
            "Humidity": 98.40338420948268,
            "Wind_Speed_kmh": 1.412097249526575,
            "Soil_Moisture": 203630.3129719357,
            "Soil_Temperature": 5.530871177152774,
            "Wind_Dir_Sin": 0.6564931884274048,
            "Wind_Dir_Cos": 0.411057552732671
        },
        "RMSE": {
            "Temperature": 3.4796513933637723,
            "Precipitation_accumulated": 41.744594095441315,
            "Humidity": 9.919847993264952,
            "Wind_Speed_kmh": 1.1883169819229946,
            "Soil_Moisture": 451.25415562843926,
            "Soil_Temperature": 2.3517804270706852,
            "Wind_Dir_Sin": 0.8102426725539731,
            "Wind_Dir_Cos": 0.6411377018493539
        },
        "MAE": {
            "Temperature": 2.701150963254611,
            "Precipitation_accumulated": 34.411058376588116,
            "Humidity": 8.440151427517769,
            "Wind_Speed_kmh": 0.912100895487488,
            "Soil_Moisture": 394.31380061068825,
            "Soil_Temperature": 1.911538383453409,
            "Wind_Dir_Sin": 0.6586932303753912,
            "Wind_Dir_Cos": 0.5398563212766084
        },
        "R2": {
            "Temperature": 0.6026594561246128,
            "Precipitation_accumulated": -509.1105915414858,
            "Humidity": 0.32833634273519774,
            "Wind_Speed_kmh": -0.0478137268058747,
            "Soil_Moisture": -2.60059261801068,
            "Soil_Temperature": 0.6563685155706058,
            "Wind_Dir_Sin": -0.19228225508918584,
            "Wind_Dir_Cos": -0.12157715764675414
        },
        "SMAPE": {
            "Temperature": 39.33459945112157,
            "Precipitation_accumulated": 7.814395817307923,
            "Humidity": 9.919410417523636,
            "Wind_Speed_kmh": 77.26126462087942,
            "Soil_Moisture": 4.7254780087281585,
            "Soil_Temperature": 35.50552950260992,
            "Wind_Dir_Sin": 122.14350863378759,
            "Wind_Dir_Cos": 131.0361709932812
        }
    }
}