{
    "trial_number": 20,
    "input_chunk_length": 30,
    "output_chunk_length": 3,
    "num_filters": 9,
    "kernel_size": 5,
    "num_layers": 2,
    "dilation_base": 3,
    "weight_norm": true,
    "dropout": 0.3423373154331457,
    "batch_size": 65,
    "lr": 0.002676818996162833,
    "loss_function": "smoothl1",
    "optimizer": "AdamW",
    "overall_mae_val": 0.10575886306292326,
    "metrics": {
        "MSE": {
            "Temperature": 6.2102976916264385,
            "Precipitation_accumulated": 22.194252204335985,
            "Humidity": 38.20173882542174,
            "Wind_Speed_kmh": 1.0237995172083991,
            "Soil_Moisture": 6955.205736896807,
            "Soil_Temperature": 6.597523516576968,
            "Wind_Dir_Sin": 0.5287009669609797,
            "Wind_Dir_Cos": 0.38503770977378005
        },
        "RMSE": {
            "Temperature": 2.4920468879269584,
            "Precipitation_accumulated": 4.711077605424897,
            "Humidity": 6.18075552221747,
            "Wind_Speed_kmh": 1.0118297866777788,
            "Soil_Moisture": 83.39787609344022,
            "Soil_Temperature": 2.5685644855788548,
            "Wind_Dir_Sin": 0.7271182620186208,
            "Wind_Dir_Cos": 0.6205140689571672
        },
        "MAE": {
            "Temperature": 1.9139421382663464,
            "Precipitation_accumulated": 4.015032490465222,
            "Humidity": 4.894375235180927,
            "Wind_Speed_kmh": 0.7892662640988334,
            "Soil_Moisture": 60.94539384111043,
            "Soil_Temperature": 2.0784011682735897,
            "Wind_Dir_Sin": 0.611808643187706,
            "Wind_Dir_Cos": 0.5274071623426165
        },
        "R2": {
            "Temperature": 0.7962001653424673,
            "Precipitation_accumulated": -5.496872931448922,
            "Humidity": 0.7392496221599973,
            "Wind_Speed_kmh": 0.24031352090810842,
            "Soil_Moisture": 0.8770180035205879,
            "Soil_Temperature": 0.5900977030663251,
            "Wind_Dir_Sin": 0.039806060035342594,
            "Wind_Dir_Cos": -0.050581596771542614
        },
        "SMAPE": {
            "Temperature": 31.98961515340765,
            "Precipitation_accumulated": 0.8689436948539697,
            "Humidity": 5.816323899216038,
            "Wind_Speed_kmh": 68.95730433399406,
            "Soil_Moisture": 0.7134205491025974,
            "Soil_Temperature": 48.94241125797944,
            "Wind_Dir_Sin": 123.22077140421462,
            "Wind_Dir_Cos": 134.5345541551376
        }
    }
}