{
    "trial_number": 8,
    "input_chunk_length": 34,
    "output_chunk_length": 33,
    "num_filters": 58,
    "kernel_size": 5,
    "num_layers": 1,
    "dilation_base": 2,
    "weight_norm": true,
    "dropout": 0.22024540936300177,
    "batch_size": 59,
    "lr": 0.0004326304143045379,
    "forecast_horizon": 22,
    "overall_smape_val": 53.24399871094667,
    "metrics": {
        "MSE": {
            "Temperature": 1.2783495900101676,
            "Precipitation_accumulated": 564.474853065058,
            "Humidity": 24.04961335405207,
            "Wind_Speed_kmh": 0.1868306993191,
            "Soil_Moisture": 177026.77005362697,
            "Soil_Temperature": 2.53813963641721,
            "Wind_Dir_Sin": 0.12611679167255357,
            "Wind_Dir_Cos": 0.14519872235323794
        },
        "RMSE": {
            "Temperature": 1.1306412295729213,
            "Precipitation_accumulated": 23.758679531174664,
            "Humidity": 4.904040513092451,
            "Wind_Speed_kmh": 0.4322391691171683,
            "Soil_Moisture": 420.7454932065547,
            "Soil_Temperature": 1.5931539901770984,
            "Wind_Dir_Sin": 0.35512926051306104,
            "Wind_Dir_Cos": 0.3810495011848696
        },
        "MAE": {
            "Temperature": 0.8555059475148282,
            "Precipitation_accumulated": 13.4587222734816,
            "Humidity": 3.7192986724173496,
            "Wind_Speed_kmh": 0.22055206347499,
            "Soil_Moisture": 223.39268884778775,
            "Soil_Temperature": 1.1886542516500895,
            "Wind_Dir_Sin": 0.2309862790972523,
            "Wind_Dir_Cos": 0.2450480259114264
        },
        "R2": {
            "Temperature": 0.6206635426686464,
            "Precipitation_accumulated": -591.8554967681109,
            "Humidity": 0.6304749020064695,
            "Wind_Speed_kmh": 0.4586490347136237,
            "Soil_Moisture": 0.763922472867817,
            "Soil_Temperature": 0.5447664150581477,
            "Wind_Dir_Sin": 0.2251752227826287,
            "Wind_Dir_Cos": 0.49990996549430444
        },
        "SMAPE": {
            "Temperature": 15.175122272243845,
            "Precipitation_accumulated": 3.057836136221393,
            "Humidity": 4.3985041603718145,
            "Wind_Speed_kmh": 164.00247295236457,
            "Soil_Moisture": 3.46803751318697,
            "Soil_Temperature": 24.971755315887226,
            "Wind_Dir_Sin": 162.181422883362,
            "Wind_Dir_Cos": 48.69683845393543
        }
    }
}