{
    "trial_number": 31,
    "input_chunk_length": 40,
    "output_chunk_length": 23,
    "num_filters": 46,
    "kernel_size": 7,
    "num_layers": 3,
    "dilation_base": 2,
    "weight_norm": false,
    "dropout": 0.19059007950681953,
    "batch_size": 41,
    "lr": 0.0006350934171379613,
    "forecast_horizon": 11,
    "overall_smape_val": 50.470713323467194,
    "metrics": {
        "MSE": {
            "Temperature": 0.8541455240341655,
            "Precipitation_accumulated": 82.95882044041764,
            "Humidity": 9.034181256378302,
            "Wind_Speed_kmh": 0.1498475681441969,
            "Soil_Moisture": 56735.97759444022,
            "Soil_Temperature": 0.5848301992435188,
            "Wind_Dir_Sin": 0.08994862060283737,
            "Wind_Dir_Cos": 0.11332934091442762
        },
        "RMSE": {
            "Temperature": 0.9241999372615027,
            "Precipitation_accumulated": 9.108173276811199,
            "Humidity": 3.0056914772441803,
            "Wind_Speed_kmh": 0.3871014959208978,
            "Soil_Moisture": 238.1931518630211,
            "Soil_Temperature": 0.7647419167559202,
            "Wind_Dir_Sin": 0.29991435544641304,
            "Wind_Dir_Cos": 0.3366442349341922
        },
        "MAE": {
            "Temperature": 0.6379745417631408,
            "Precipitation_accumulated": 5.826226288319194,
            "Humidity": 2.153370444881285,
            "Wind_Speed_kmh": 0.2182196977408536,
            "Soil_Moisture": 128.1420111905518,
            "Soil_Temperature": 0.5338367546555515,
            "Wind_Dir_Sin": 0.17719657397325125,
            "Wind_Dir_Cos": 0.21726982638193157
        },
        "R2": {
            "Temperature": 0.748315644107443,
            "Precipitation_accumulated": -86.27743552757752,
            "Humidity": 0.8612211533349501,
            "Wind_Speed_kmh": 0.5624333382102793,
            "Soil_Moisture": 0.9237825945922145,
            "Soil_Temperature": 0.8955016500393052,
            "Wind_Dir_Sin": 0.44331552957546394,
            "Wind_Dir_Cos": 0.6072433135602715
        },
        "SMAPE": {
            "Temperature": 11.258558842358596,
            "Precipitation_accumulated": 1.2735422693136391,
            "Humidity": 2.540020216059045,
            "Wind_Speed_kmh": 165.6908830315734,
            "Soil_Moisture": 2.0359942310685053,
            "Soil_Temperature": 18.648772505898982,
            "Wind_Dir_Sin": 155.88011172935708,
            "Wind_Dir_Cos": 46.437823762107925
        }
    }
}