{
    "trial_number": 91,
    "input_chunk_length": 57,
    "output_chunk_length": 26,
    "num_filters": 114,
    "kernel_size": 6,
    "num_layers": 2,
    "dilation_base": 4,
    "weight_norm": true,
    "dropout": 0.16837581412572544,
    "batch_size": 40,
    "lr": 0.0015688937842551272,
    "forecast_horizon": 4,
    "overall_smape_val": 50.743119693073275,
    "metrics": {
        "MSE": {
            "Temperature": 0.976141421610689,
            "Precipitation_accumulated": 58.79336381346824,
            "Humidity": 13.444460733786718,
            "Wind_Speed_kmh": 0.181126535819299,
            "Soil_Moisture": 120764.69425075203,
            "Soil_Temperature": 1.272576206586281,
            "Wind_Dir_Sin": 0.09110289858344733,
            "Wind_Dir_Cos": 0.12089918100782135
        },
        "RMSE": {
            "Temperature": 0.9879986951462482,
            "Precipitation_accumulated": 7.667683079879361,
            "Humidity": 3.6666688879399403,
            "Wind_Speed_kmh": 0.4255896331200973,
            "Soil_Moisture": 347.51214978868296,
            "Soil_Temperature": 1.1280851947376496,
            "Wind_Dir_Sin": 0.301832567135237,
            "Wind_Dir_Cos": 0.34770559530703754
        },
        "MAE": {
            "Temperature": 0.713207459411823,
            "Precipitation_accumulated": 5.845550144307602,
            "Humidity": 2.617744738276547,
            "Wind_Speed_kmh": 0.2267215431626007,
            "Soil_Moisture": 188.59761382316455,
            "Soil_Temperature": 0.7402423283534493,
            "Wind_Dir_Sin": 0.1726183891988795,
            "Wind_Dir_Cos": 0.21975791963664035
        },
        "R2": {
            "Temperature": 0.7130079487912173,
            "Precipitation_accumulated": -60.923377330168876,
            "Humidity": 0.793270738693826,
            "Wind_Speed_kmh": 0.46849920140800116,
            "Soil_Moisture": 0.8370108377595005,
            "Soil_Temperature": 0.7730995759180221,
            "Wind_Dir_Sin": 0.4335502786594272,
            "Wind_Dir_Cos": 0.5793571683196987
        },
        "SMAPE": {
            "Temperature": 12.469366589782991,
            "Precipitation_accumulated": 1.2670521629913871,
            "Humidity": 3.104664393253518,
            "Wind_Speed_kmh": 160.8266955616279,
            "Soil_Moisture": 2.9784857936778826,
            "Soil_Temperature": 21.50367532697371,
            "Wind_Dir_Sin": 156.87094088482695,
            "Wind_Dir_Cos": 46.92407683145171
        }
    }
}