{
    "trial_number": 24,
    "input_chunk_length": 22,
    "output_chunk_length": 15,
    "num_filters": 8,
    "kernel_size": 8,
    "num_layers": 4,
    "dilation_base": 2,
    "weight_norm": false,
    "dropout": 0.25014597210089373,
    "batch_size": 53,
    "lr": 0.0039954482747112255,
    "forecast_horizon": 6,
    "overall_smape_val": 54.81213987704443,
    "metrics": {
        "MSE": {
            "Temperature": 1.6498743011934507,
            "Precipitation_accumulated": 27.99098264253094,
            "Humidity": 21.989743343209206,
            "Wind_Speed_kmh": 0.21881559861457756,
            "Soil_Moisture": 123011.71832737392,
            "Soil_Temperature": 2.498872089098048,
            "Wind_Dir_Sin": 0.11219450783080681,
            "Wind_Dir_Cos": 0.1291266567675838
        },
        "RMSE": {
            "Temperature": 1.284474328740536,
            "Precipitation_accumulated": 5.290650493326027,
            "Humidity": 4.689322269071428,
            "Wind_Speed_kmh": 0.4677772959588543,
            "Soil_Moisture": 350.7302643448009,
            "Soil_Temperature": 1.5807821131003628,
            "Wind_Dir_Sin": 0.33495448620791274,
            "Wind_Dir_Cos": 0.3593419774637856
        },
        "MAE": {
            "Temperature": 1.002940924929375,
            "Precipitation_accumulated": 4.10993012797776,
            "Humidity": 3.284886167132248,
            "Wind_Speed_kmh": 0.2613671366841488,
            "Soil_Moisture": 114.76733156788022,
            "Soil_Temperature": 1.1286487727973769,
            "Wind_Dir_Sin": 0.20061313183371574,
            "Wind_Dir_Cos": 0.22565491656550488
        },
        "R2": {
            "Temperature": 0.5145472733230427,
            "Precipitation_accumulated": -28.471610872179294,
            "Humidity": 0.6619486146300912,
            "Wind_Speed_kmh": 0.3588002211797643,
            "Soil_Moisture": 0.8341979608931352,
            "Soil_Temperature": 0.554155613101817,
            "Wind_Dir_Sin": 0.30333162921450274,
            "Wind_Dir_Cos": 0.5512356954775228
        },
        "SMAPE": {
            "Temperature": 18.61985091311667,
            "Precipitation_accumulated": 0.8994556553816727,
            "Humidity": 3.903386267746754,
            "Wind_Speed_kmh": 172.83622796481808,
            "Soil_Moisture": 1.8188164924945978,
            "Soil_Temperature": 27.383813797893485,
            "Wind_Dir_Sin": 162.5093374421337,
            "Wind_Dir_Cos": 50.526230482770465
        }
    }
}