{
    "trial_number": 38,
    "input_chunk_length": 41,
    "output_chunk_length": 30,
    "num_filters": 97,
    "kernel_size": 6,
    "num_layers": 2,
    "dilation_base": 4,
    "weight_norm": true,
    "dropout": 0.09272434156405196,
    "batch_size": 17,
    "lr": 5.307219936080691e-05,
    "forecast_horizon": 5,
    "overall_smape_val": 53.485076621556416,
    "metrics": {
        "MSE": {
            "Temperature": 1.3266497281211256,
            "Precipitation_accumulated": 188.23841327133576,
            "Humidity": 20.300978568619023,
            "Wind_Speed_kmh": 0.1929640408780114,
            "Soil_Moisture": 205684.36069446214,
            "Soil_Temperature": 2.007600481098376,
            "Wind_Dir_Sin": 0.12645253572602824,
            "Wind_Dir_Cos": 0.1492222667378475
        },
        "RMSE": {
            "Temperature": 1.1518028165103285,
            "Precipitation_accumulated": 13.720000483649255,
            "Humidity": 4.505660724979082,
            "Wind_Speed_kmh": 0.4392767247169048,
            "Soil_Moisture": 453.5243771777457,
            "Soil_Temperature": 1.4168981900963724,
            "Wind_Dir_Sin": 0.35560165315423975,
            "Wind_Dir_Cos": 0.3862929804408145
        },
        "MAE": {
            "Temperature": 0.8682090811028754,
            "Precipitation_accumulated": 9.365745476540566,
            "Humidity": 3.2849010549125754,
            "Wind_Speed_kmh": 0.21358817321866982,
            "Soil_Moisture": 214.87768798156947,
            "Soil_Temperature": 1.0393797004203205,
            "Wind_Dir_Sin": 0.24209908555726342,
            "Wind_Dir_Cos": 0.25088891784386075
        },
        "R2": {
            "Temperature": 0.6098044215938968,
            "Precipitation_accumulated": -197.22760545784877,
            "Humidity": 0.687869350027559,
            "Wind_Speed_kmh": 0.4341582960668109,
            "Soil_Moisture": 0.722583075047361,
            "Soil_Temperature": 0.6419259176531944,
            "Wind_Dir_Sin": 0.21427699632678954,
            "Wind_Dir_Cos": 0.481104444173889
        },
        "SMAPE": {
            "Temperature": 15.020734147501358,
            "Precipitation_accumulated": 2.069045073907306,
            "Humidity": 3.8879487956324934,
            "Wind_Speed_kmh": 163.81758118631166,
            "Soil_Moisture": 3.3341800681158253,
            "Soil_Temperature": 25.12592766198069,
            "Wind_Dir_Sin": 164.73474245810849,
            "Wind_Dir_Cos": 49.89045358089367
        }
    }
}