{
    "trial_number": 23,
    "input_chunk_length": 39,
    "output_chunk_length": 22,
    "num_filters": 15,
    "kernel_size": 7,
    "num_layers": 4,
    "dilation_base": 2,
    "weight_norm": false,
    "dropout": 0.23331279634569374,
    "batch_size": 53,
    "lr": 0.0007968806956766736,
    "forecast_horizon": 6,
    "overall_smape_val": 50.25990139815839,
    "metrics": {
        "MSE": {
            "Temperature": 1.238814044354322,
            "Precipitation_accumulated": 159.7765977553305,
            "Humidity": 12.646253657748641,
            "Wind_Speed_kmh": 0.19891044166810026,
            "Soil_Moisture": 79692.1150452009,
            "Soil_Temperature": 1.037865517084481,
            "Wind_Dir_Sin": 0.08295041518099995,
            "Wind_Dir_Cos": 0.11026620427368701
        },
        "RMSE": {
            "Temperature": 1.1130202353750456,
            "Precipitation_accumulated": 12.640276806910935,
            "Humidity": 3.5561571475046825,
            "Wind_Speed_kmh": 0.44599376864267987,
            "Soil_Moisture": 282.2979189530112,
            "Soil_Temperature": 1.0187568488527972,
            "Wind_Dir_Sin": 0.2880111372516694,
            "Wind_Dir_Cos": 0.3320635545700356
        },
        "MAE": {
            "Temperature": 0.821281956625705,
            "Precipitation_accumulated": 9.604809899512116,
            "Humidity": 2.5253152018913796,
            "Wind_Speed_kmh": 0.18539293540537322,
            "Soil_Moisture": 119.67442128159891,
            "Soil_Temperature": 0.7042476474173622,
            "Wind_Dir_Sin": 0.16058007307829947,
            "Wind_Dir_Cos": 0.18882103512263362
        },
        "R2": {
            "Temperature": 0.6354960767359688,
            "Precipitation_accumulated": -167.22823891759023,
            "Humidity": 0.8055873821709966,
            "Wind_Speed_kmh": 0.4171287055852313,
            "Soil_Moisture": 0.8925865327718714,
            "Soil_Temperature": 0.8148258499640475,
            "Wind_Dir_Sin": 0.48492192962532965,
            "Wind_Dir_Cos": 0.6167829500745118
        },
        "SMAPE": {
            "Temperature": 14.416112111032612,
            "Precipitation_accumulated": 2.116594995454867,
            "Humidity": 2.9973598808296757,
            "Wind_Speed_kmh": 160.16298105973195,
            "Soil_Moisture": 1.8608673150247266,
            "Soil_Temperature": 20.16922544612928,
            "Wind_Dir_Sin": 154.45902490777996,
            "Wind_Dir_Cos": 45.89704546928404
        }
    }
}