{
    "trial_number": 1,
    "input_chunk_length": 54,
    "output_chunk_length": 41,
    "num_filters": 83,
    "kernel_size": 2,
    "num_layers": 2,
    "dilation_base": 4,
    "weight_norm": false,
    "dropout": 0.01510326166735234,
    "batch_size": 23,
    "lr": 2.9496288885694155e-05,
    "forecast_horizon": 17,
    "overall_smape_val": 53.152564304220206,
    "metrics": {
        "MSE": {
            "Temperature": 1.2180154721158032,
            "Precipitation_accumulated": 80.38125779114127,
            "Humidity": 18.827124398799917,
            "Wind_Speed_kmh": 0.19408402058953275,
            "Soil_Moisture": 192889.8719058787,
            "Soil_Temperature": 2.4792461483420927,
            "Wind_Dir_Sin": 0.12147623840023968,
            "Wind_Dir_Cos": 0.14614202306084267
        },
        "RMSE": {
            "Temperature": 1.1036373825291546,
            "Precipitation_accumulated": 8.96555953586508,
            "Humidity": 4.339023438378723,
            "Wind_Speed_kmh": 0.4405496800470212,
            "Soil_Moisture": 439.1922949072293,
            "Soil_Temperature": 1.5745622084700537,
            "Wind_Dir_Sin": 0.3485344149438326,
            "Wind_Dir_Cos": 0.38228526398599605
        },
        "MAE": {
            "Temperature": 0.7897023139420055,
            "Precipitation_accumulated": 6.287597772554611,
            "Humidity": 3.169353381660473,
            "Wind_Speed_kmh": 0.22521555834810436,
            "Soil_Moisture": 227.20556654294353,
            "Soil_Temperature": 1.099748352182716,
            "Wind_Dir_Sin": 0.2341070983183453,
            "Wind_Dir_Cos": 0.25303823308637424
        },
        "R2": {
            "Temperature": 0.6400544134572694,
            "Precipitation_accumulated": -83.48674395974584,
            "Humidity": 0.7108958623052286,
            "Wind_Speed_kmh": 0.4356446205708956,
            "Soil_Moisture": 0.7419166282726877,
            "Soil_Temperature": 0.5562341946872019,
            "Wind_Dir_Sin": 0.2511894066972846,
            "Wind_Dir_Cos": 0.49523705297453247
        },
        "SMAPE": {
            "Temperature": 13.588416655651633,
            "Precipitation_accumulated": 1.3784467547845494,
            "Humidity": 3.74933104573761,
            "Wind_Speed_kmh": 163.67145572502974,
            "Soil_Moisture": 3.580743733478559,
            "Soil_Temperature": 28.298346515469444,
            "Wind_Dir_Sin": 161.65149982438447,
            "Wind_Dir_Cos": 49.30227417922523
        }
    }
}