{
    "trial_number": 215,
    "input_chunk_length": 53,
    "output_chunk_length": 25,
    "num_filters": 45,
    "kernel_size": 6,
    "num_layers": 6,
    "dilation_base": 4,
    "weight_norm": true,
    "dropout": 0.25557300742145433,
    "batch_size": 37,
    "lr": 0.008194194588088205,
    "forecast_horizon": 14,
    "overall_smape_val": 53.40061778876556,
    "metrics": {
        "MSE": {
            "Temperature": 1.4486531038324488,
            "Precipitation_accumulated": 44.21823989041235,
            "Humidity": 19.978703930898742,
            "Wind_Speed_kmh": 0.22204169004985705,
            "Soil_Moisture": 184373.9581152258,
            "Soil_Temperature": 1.0692224517549351,
            "Wind_Dir_Sin": 0.12116787632820603,
            "Wind_Dir_Cos": 0.14240516922970287
        },
        "RMSE": {
            "Temperature": 1.2036000597509326,
            "Precipitation_accumulated": 6.649679683293952,
            "Humidity": 4.469754347936667,
            "Wind_Speed_kmh": 0.47121299860026894,
            "Soil_Moisture": 429.38788771369155,
            "Soil_Temperature": 1.0340321328444948,
            "Wind_Dir_Sin": 0.34809176423495863,
            "Wind_Dir_Cos": 0.3773660944357652
        },
        "MAE": {
            "Temperature": 0.9371020278113934,
            "Precipitation_accumulated": 5.400845463711553,
            "Humidity": 2.8850626700848685,
            "Wind_Speed_kmh": 0.28189505154048083,
            "Soil_Moisture": 166.20868133410343,
            "Soil_Temperature": 0.7299459090432202,
            "Wind_Dir_Sin": 0.2546398642283648,
            "Wind_Dir_Cos": 0.2598544662392039
        },
        "R2": {
            "Temperature": 0.5729325174178909,
            "Precipitation_accumulated": -45.49825654909977,
            "Humidity": 0.6932631759719251,
            "Wind_Speed_kmh": 0.3529852441711515,
            "Soil_Moisture": 0.7528159151123864,
            "Soil_Temperature": 0.8088022418447988,
            "Wind_Dir_Sin": 0.25159626016974135,
            "Wind_Dir_Cos": 0.5073108312744798
        },
        "SMAPE": {
            "Temperature": 15.862866506080113,
            "Precipitation_accumulated": 1.167222398314762,
            "Humidity": 3.3792103532093987,
            "Wind_Speed_kmh": 171.320951279844,
            "Soil_Moisture": 2.5716010656317763,
            "Soil_Temperature": 18.67484345488843,
            "Wind_Dir_Sin": 160.48649167386802,
            "Wind_Dir_Cos": 53.741755578288036
        }
    }
}