{
    "trial_number": 27,
    "input_chunk_length": 50,
    "output_chunk_length": 29,
    "num_filters": 102,
    "kernel_size": 7,
    "num_layers": 2,
    "dilation_base": 4,
    "weight_norm": true,
    "dropout": 0.17962873188771805,
    "batch_size": 38,
    "lr": 0.002429091007668063,
    "forecast_horizon": 21,
    "overall_smape_val": 53.145535246055815,
    "metrics": {
        "MSE": {
            "Temperature": 1.109948033170878,
            "Precipitation_accumulated": 111.0422533567636,
            "Humidity": 21.079964999454326,
            "Wind_Speed_kmh": 0.20420561853190855,
            "Soil_Moisture": 154549.47455125183,
            "Soil_Temperature": 1.2890975359227967,
            "Wind_Dir_Sin": 0.11804690178266218,
            "Wind_Dir_Cos": 0.14188008468152552
        },
        "RMSE": {
            "Temperature": 1.0535407126309253,
            "Precipitation_accumulated": 10.537658817629445,
            "Humidity": 4.591292301678725,
            "Wind_Speed_kmh": 0.45189115783771266,
            "Soil_Moisture": 393.12780943511467,
            "Soil_Temperature": 1.135384311994312,
            "Wind_Dir_Sin": 0.3435795421480478,
            "Wind_Dir_Cos": 0.3766697289158309
        },
        "MAE": {
            "Temperature": 0.7594499440763108,
            "Precipitation_accumulated": 8.26352908911979,
            "Humidity": 3.228683024464145,
            "Wind_Speed_kmh": 0.260288940652384,
            "Soil_Moisture": 172.52238579756545,
            "Soil_Temperature": 0.7937441228735628,
            "Wind_Dir_Sin": 0.23107645905033417,
            "Wind_Dir_Cos": 0.25409508554862875
        },
        "R2": {
            "Temperature": 0.6709186822624105,
            "Precipitation_accumulated": -115.64276190654114,
            "Humidity": 0.6760785522197853,
            "Wind_Speed_kmh": 0.4078861318193623,
            "Soil_Moisture": 0.7937607855150384,
            "Soil_Temperature": 0.7688896821283661,
            "Wind_Dir_Sin": 0.27426918636080133,
            "Wind_Dir_Cos": 0.5110635175745477
        },
        "SMAPE": {
            "Temperature": 13.150949364776436,
            "Precipitation_accumulated": 1.8101353287363549,
            "Humidity": 3.824196166747964,
            "Wind_Speed_kmh": 168.7779788984137,
            "Soil_Moisture": 2.6732864507537784,
            "Soil_Temperature": 22.805382224542157,
            "Wind_Dir_Sin": 161.36099374128136,
            "Wind_Dir_Cos": 50.76135979319494
        }
    }
}