{
    "trial_number": 43,
    "input_chunk_length": 24,
    "output_chunk_length": 3,
    "num_filters": 85,
    "kernel_size": 2,
    "num_layers": 3,
    "dilation_base": 4,
    "weight_norm": true,
    "dropout": 0.14566429901084005,
    "batch_size": 182,
    "lr": 0.0028774005546646935,
    "loss_function": "smoothl1",
    "optimizer": "AdamW",
    "overall_mae_val": 0.12142150721639047,
    "metrics": {
        "MSE": {
            "Temperature": 6.3953002609116245,
            "Precipitation_accumulated": 2303.5272046440523,
            "Humidity": 54.2614919486584,
            "Wind_Speed_kmh": 1.0151757030322135,
            "Soil_Moisture": 60413.895200877465,
            "Soil_Temperature": 7.024753001820146,
            "Wind_Dir_Sin": 0.5271739068865204,
            "Wind_Dir_Cos": 0.3543474317465193
        },
        "RMSE": {
            "Temperature": 2.5288930900517768,
            "Precipitation_accumulated": 47.99507479569182,
            "Humidity": 7.366240014326061,
            "Wind_Speed_kmh": 1.0075592801578543,
            "Soil_Moisture": 245.79238230847892,
            "Soil_Temperature": 2.650425060593139,
            "Wind_Dir_Sin": 0.7260674258541836,
            "Wind_Dir_Cos": 0.5952708893827409
        },
        "MAE": {
            "Temperature": 1.954035871186723,
            "Precipitation_accumulated": 43.839861587895264,
            "Humidity": 5.874199517616201,
            "Wind_Speed_kmh": 0.7562617268206051,
            "Soil_Moisture": 212.56600802171283,
            "Soil_Temperature": 2.2839129713141366,
            "Wind_Dir_Sin": 0.620188502943969,
            "Wind_Dir_Cos": 0.5048292438292101
        },
        "R2": {
            "Temperature": 0.7903058992693094,
            "Precipitation_accumulated": -667.1130956271068,
            "Humidity": 0.6297772777352093,
            "Wind_Speed_kmh": 0.24833898622187145,
            "Soil_Moisture": -0.045366489109821995,
            "Soil_Temperature": 0.5652603635947206,
            "Wind_Dir_Sin": 0.04141043231569441,
            "Wind_Dir_Cos": 0.036245269684086034
        },
        "SMAPE": {
            "Temperature": 31.730942824360564,
            "Precipitation_accumulated": 9.990572368929866,
            "Humidity": 6.960202209621231,
            "Wind_Speed_kmh": 69.53140594046432,
            "Soil_Moisture": 2.520415715777124,
            "Soil_Temperature": 48.728103686240395,
            "Wind_Dir_Sin": 129.95140382214333,
            "Wind_Dir_Cos": 127.30791273408717
        }
    }
}