{
    "trial_number": 39,
    "input_chunk_length": 47,
    "output_chunk_length": 42,
    "num_filters": 65,
    "kernel_size": 2,
    "num_layers": 1,
    "dilation_base": 4,
    "weight_norm": true,
    "dropout": 0.16794044616395692,
    "batch_size": 28,
    "lr": 2.5054891714673693e-05,
    "forecast_horizon": 12,
    "overall_smape_val": 58.887463918151695,
    "metrics": {
        "MSE": {
            "Temperature": 1.9566547873650897,
            "Precipitation_accumulated": 1957.1165580729255,
            "Humidity": 34.36511277179672,
            "Wind_Speed_kmh": 0.23810050120707527,
            "Soil_Moisture": 298712.49465333234,
            "Soil_Temperature": 6.337633203870307,
            "Wind_Dir_Sin": 0.1409961345772591,
            "Wind_Dir_Cos": 0.20025686276279966
        },
        "RMSE": {
            "Temperature": 1.3988047709974003,
            "Precipitation_accumulated": 44.23931009942318,
            "Humidity": 5.862176453485234,
            "Wind_Speed_kmh": 0.4879554295292504,
            "Soil_Moisture": 546.5459675574712,
            "Soil_Temperature": 2.5174656311199777,
            "Wind_Dir_Sin": 0.3754945200362571,
            "Wind_Dir_Cos": 0.44750068465064907
        },
        "MAE": {
            "Temperature": 1.0691996211675325,
            "Precipitation_accumulated": 36.709080319158744,
            "Humidity": 4.659310456300998,
            "Wind_Speed_kmh": 0.26962940726815504,
            "Soil_Moisture": 325.889852837411,
            "Soil_Temperature": 1.7611738983005418,
            "Wind_Dir_Sin": 0.24713757356768828,
            "Wind_Dir_Cos": 0.36945801773640674
        },
        "R2": {
            "Temperature": 0.4233407649326443,
            "Precipitation_accumulated": -2057.674728305945,
            "Humidity": 0.47217803059537944,
            "Wind_Speed_kmh": 0.305215546170167,
            "Soil_Moisture": 0.5989862700479096,
            "Soil_Temperature": -0.13271673853891053,
            "Wind_Dir_Sin": 0.12796628886040895,
            "Wind_Dir_Cos": 0.30637604600496104
        },
        "SMAPE": {
            "Temperature": 18.16642923542797,
            "Precipitation_accumulated": 8.482663021856228,
            "Humidity": 5.522847985589064,
            "Wind_Speed_kmh": 171.77071212794294,
            "Soil_Moisture": 5.0315298447477135,
            "Soil_Temperature": 31.769714904216897,
            "Wind_Dir_Sin": 164.5002499547316,
            "Wind_Dir_Cos": 65.85556427070138
        }
    }
}