{
    "trial_number": 61,
    "input_chunk_length": 24,
    "output_chunk_length": 3,
    "num_filters": 88,
    "kernel_size": 2,
    "num_layers": 3,
    "dilation_base": 4,
    "weight_norm": true,
    "dropout": 0.14450284773167452,
    "batch_size": 180,
    "lr": 0.002738154020651138,
    "loss_function": "smoothl1",
    "optimizer": "AdamW",
    "overall_mae_val": 0.12455623825549711,
    "metrics": {
        "MSE": {
            "Temperature": 5.865830786111367,
            "Precipitation_accumulated": 2498.9829608346113,
            "Humidity": 57.72890007471318,
            "Wind_Speed_kmh": 1.0354400834518647,
            "Soil_Moisture": 107110.92051233916,
            "Soil_Temperature": 2.993923621525231,
            "Wind_Dir_Sin": 0.6236801493044197,
            "Wind_Dir_Cos": 0.3709190841871039
        },
        "RMSE": {
            "Temperature": 2.42194772571816,
            "Precipitation_accumulated": 49.989828573767,
            "Humidity": 7.5979536767943765,
            "Wind_Speed_kmh": 1.0175657636987718,
            "Soil_Moisture": 327.2780477091905,
            "Soil_Temperature": 1.7302958190798563,
            "Wind_Dir_Sin": 0.7897342270057818,
            "Wind_Dir_Cos": 0.6090312670028558
        },
        "MAE": {
            "Temperature": 1.9341168980412198,
            "Precipitation_accumulated": 45.765159364718656,
            "Humidity": 5.827532580668085,
            "Wind_Speed_kmh": 0.8108004806135711,
            "Soil_Moisture": 285.35514914520104,
            "Soil_Temperature": 1.4608959259898633,
            "Wind_Dir_Sin": 0.6430046741935782,
            "Wind_Dir_Cos": 0.5124499230332522
        },
        "R2": {
            "Temperature": 0.8076665580113533,
            "Precipitation_accumulated": -723.8029189829329,
            "Humidity": 0.6061193717409235,
            "Wind_Speed_kmh": 0.23333474145485755,
            "Soil_Moisture": -0.853384334001343,
            "Soil_Temperature": 0.8147155826959593,
            "Wind_Dir_Sin": -0.13407222338813662,
            "Wind_Dir_Cos": -0.008826338003449008
        },
        "SMAPE": {
            "Temperature": 32.457836821833425,
            "Precipitation_accumulated": 10.458320452026657,
            "Humidity": 7.01360021111791,
            "Wind_Speed_kmh": 69.05477833307614,
            "Soil_Moisture": 3.3868929190680435,
            "Soil_Temperature": 28.817210096845084,
            "Wind_Dir_Sin": 121.81370460114773,
            "Wind_Dir_Cos": 127.01133135303287
        }
    }
}