{
    "trial_number": 2,
    "input_chunk_length": 58,
    "output_chunk_length": 50,
    "num_filters": 19,
    "kernel_size": 4,
    "num_layers": 6,
    "dilation_base": 4,
    "weight_norm": false,
    "dropout": 0.04930228391645253,
    "batch_size": 36,
    "lr": 0.0024581594559270944,
    "forecast_horizon": 20,
    "overall_smape_val": 55.587346947337124,
    "metrics": {
        "MSE": {
            "Temperature": 2.3137743045883314,
            "Precipitation_accumulated": 160.0188117288843,
            "Humidity": 32.1176375244204,
            "Wind_Speed_kmh": 0.22185742197502248,
            "Soil_Moisture": 254242.42487921665,
            "Soil_Temperature": 3.7648191515121923,
            "Wind_Dir_Sin": 0.14182267356415307,
            "Wind_Dir_Cos": 0.1554800148334565
        },
        "RMSE": {
            "Temperature": 1.5211095636371272,
            "Precipitation_accumulated": 12.649854217692956,
            "Humidity": 5.667242497407394,
            "Wind_Speed_kmh": 0.4710174327718906,
            "Soil_Moisture": 504.22457782144716,
            "Soil_Temperature": 1.9403141888653477,
            "Wind_Dir_Sin": 0.37659351237661154,
            "Wind_Dir_Cos": 0.39430954190008705
        },
        "MAE": {
            "Temperature": 1.0310896933417035,
            "Precipitation_accumulated": 9.126956432566333,
            "Humidity": 4.477297416703097,
            "Wind_Speed_kmh": 0.2626291893368895,
            "Soil_Moisture": 266.84912720909756,
            "Soil_Temperature": 1.362470703544185,
            "Wind_Dir_Sin": 0.2574576003886902,
            "Wind_Dir_Cos": 0.2790582406876577
        },
        "R2": {
            "Temperature": 0.31461488733796905,
            "Precipitation_accumulated": -167.11488252038743,
            "Humidity": 0.5065193155587081,
            "Wind_Speed_kmh": 0.35624863363480463,
            "Soil_Moisture": 0.6605010382575218,
            "Soil_Temperature": 0.3253265870190617,
            "Wind_Dir_Sin": 0.1275172773335923,
            "Wind_Dir_Cos": 0.4638935004481469
        },
        "SMAPE": {
            "Temperature": 19.3222434682945,
            "Precipitation_accumulated": 1.9955627818524122,
            "Humidity": 5.265610309771343,
            "Wind_Speed_kmh": 168.7568344153318,
            "Soil_Moisture": 4.128236234422691,
            "Soil_Temperature": 27.210831642447772,
            "Wind_Dir_Sin": 165.45056018903932,
            "Wind_Dir_Cos": 52.56889653753729
        }
    }
}