{
    "trial_number": 27,
    "input_chunk_length": 41,
    "output_chunk_length": 23,
    "num_filters": 22,
    "kernel_size": 7,
    "num_layers": 2,
    "dilation_base": 3,
    "weight_norm": false,
    "dropout": 0.18557502146829113,
    "batch_size": 40,
    "lr": 0.000266403608464464,
    "forecast_horizon": 8,
    "overall_smape_val": 49.7188912271623,
    "metrics": {
        "MSE": {
            "Temperature": 0.7968090839278328,
            "Precipitation_accumulated": 74.36889876687177,
            "Humidity": 11.208443504843794,
            "Wind_Speed_kmh": 0.1641391251646093,
            "Soil_Moisture": 106119.63023213588,
            "Soil_Temperature": 0.8498628817626942,
            "Wind_Dir_Sin": 0.09843111359009181,
            "Wind_Dir_Cos": 0.12418769047461613
        },
        "RMSE": {
            "Temperature": 0.8926416324190984,
            "Precipitation_accumulated": 8.623740416250467,
            "Humidity": 3.347901358290563,
            "Wind_Speed_kmh": 0.40514087076547745,
            "Soil_Moisture": 325.76008078359735,
            "Soil_Temperature": 0.9218800799250921,
            "Wind_Dir_Sin": 0.31373733215875316,
            "Wind_Dir_Cos": 0.35240273902825464
        },
        "MAE": {
            "Temperature": 0.6272561207276877,
            "Precipitation_accumulated": 6.7297811841420385,
            "Humidity": 2.215988493150889,
            "Wind_Speed_kmh": 0.17741476240609777,
            "Soil_Moisture": 138.86806664665548,
            "Soil_Temperature": 0.6145847381277256,
            "Wind_Dir_Sin": 0.1859835393383619,
            "Wind_Dir_Cos": 0.2139968024814162
        },
        "R2": {
            "Temperature": 0.7653913262491614,
            "Precipitation_accumulated": -77.2776284750743,
            "Humidity": 0.8277490201184647,
            "Wind_Speed_kmh": 0.5196922357486848,
            "Soil_Moisture": 0.8571563572710391,
            "Soil_Temperature": 0.848277671484855,
            "Wind_Dir_Sin": 0.38960427131302666,
            "Wind_Dir_Cos": 0.5688853372137976
        },
        "SMAPE": {
            "Temperature": 10.817413445806679,
            "Precipitation_accumulated": 1.4790212249781416,
            "Humidity": 2.6131331023647504,
            "Wind_Speed_kmh": 156.7981381847063,
            "Soil_Moisture": 2.139824609829526,
            "Soil_Temperature": 18.993146282737452,
            "Wind_Dir_Sin": 157.30037176712574,
            "Wind_Dir_Cos": 47.6100811997498
        }
    }
}