{
    "trial_number": 82,
    "input_chunk_length": 44,
    "output_chunk_length": 23,
    "num_filters": 95,
    "kernel_size": 6,
    "num_layers": 2,
    "dilation_base": 4,
    "weight_norm": true,
    "dropout": 0.23097002371600334,
    "batch_size": 36,
    "lr": 0.007730229595360828,
    "forecast_horizon": 22,
    "overall_smape_val": 53.0234813446652,
    "metrics": {
        "MSE": {
            "Temperature": 1.0366881292158348,
            "Precipitation_accumulated": 42.75338965873174,
            "Humidity": 15.782026046755284,
            "Wind_Speed_kmh": 0.20423423815481556,
            "Soil_Moisture": 139347.6799772455,
            "Soil_Temperature": 1.701962434308246,
            "Wind_Dir_Sin": 0.10939534957953688,
            "Wind_Dir_Cos": 0.14120674417036888
        },
        "RMSE": {
            "Temperature": 1.018178829683585,
            "Precipitation_accumulated": 6.538607623854771,
            "Humidity": 3.972659820165236,
            "Wind_Speed_kmh": 0.45192282322849725,
            "Soil_Moisture": 373.29302160266207,
            "Soil_Temperature": 1.304592823185934,
            "Wind_Dir_Sin": 0.3307496781246157,
            "Wind_Dir_Cos": 0.3757748583532018
        },
        "MAE": {
            "Temperature": 0.7622520105479258,
            "Precipitation_accumulated": 5.102894363799722,
            "Humidity": 2.5901994392163368,
            "Wind_Speed_kmh": 0.1968682115203154,
            "Soil_Moisture": 133.88308763720815,
            "Soil_Temperature": 1.068807565923633,
            "Wind_Dir_Sin": 0.21290393298095608,
            "Wind_Dir_Cos": 0.2397941116499921
        },
        "R2": {
            "Temperature": 0.6923739755014311,
            "Precipitation_accumulated": -43.902942845049516,
            "Humidity": 0.7575073396977877,
            "Wind_Speed_kmh": 0.40822144126966775,
            "Soil_Moisture": 0.8141701636951889,
            "Soil_Temperature": 0.6947408057106802,
            "Wind_Dir_Sin": 0.32790688501927956,
            "Wind_Dir_Cos": 0.513659043136739
        },
        "SMAPE": {
            "Temperature": 13.681310028296886,
            "Precipitation_accumulated": 1.1186953747358555,
            "Humidity": 3.071525595809176,
            "Wind_Speed_kmh": 169.3223202612967,
            "Soil_Moisture": 2.0748173266867003,
            "Soil_Temperature": 27.348110949700594,
            "Wind_Dir_Sin": 158.24674355951538,
            "Wind_Dir_Cos": 49.324327661280414
        }
    }
}