{
    "trial_number": 110,
    "input_chunk_length": 53,
    "output_chunk_length": 19,
    "num_filters": 101,
    "kernel_size": 7,
    "num_layers": 2,
    "dilation_base": 3,
    "weight_norm": true,
    "dropout": 0.2616573811709326,
    "batch_size": 39,
    "lr": 0.0027318825036404645,
    "forecast_horizon": 23,
    "overall_smape_val": 52.88280893964016,
    "metrics": {
        "MSE": {
            "Temperature": 1.145688059774442,
            "Precipitation_accumulated": 171.95206245178926,
            "Humidity": 17.73703369294406,
            "Wind_Speed_kmh": 0.19113900407988382,
            "Soil_Moisture": 174451.54219356156,
            "Soil_Temperature": 2.3302854305580456,
            "Wind_Dir_Sin": 0.1171211535659229,
            "Wind_Dir_Cos": 0.14524020776212032
        },
        "RMSE": {
            "Temperature": 1.0703681888838261,
            "Precipitation_accumulated": 13.113049319353193,
            "Humidity": 4.211535787921558,
            "Wind_Speed_kmh": 0.4371944694067891,
            "Soil_Moisture": 417.6739663823466,
            "Soil_Temperature": 1.5265272452721064,
            "Wind_Dir_Sin": 0.34222967955150074,
            "Wind_Dir_Cos": 0.3811039330184357
        },
        "MAE": {
            "Temperature": 0.8024503200130012,
            "Precipitation_accumulated": 10.444721812164524,
            "Humidity": 2.976743697441347,
            "Wind_Speed_kmh": 0.19531257778839778,
            "Soil_Moisture": 193.3730554974573,
            "Soil_Temperature": 1.0049799165837308,
            "Wind_Dir_Sin": 0.22172382980319985,
            "Wind_Dir_Cos": 0.25946752032892423
        },
        "R2": {
            "Temperature": 0.65963755282854,
            "Precipitation_accumulated": -179.57045045596618,
            "Humidity": 0.7275070017373766,
            "Wind_Speed_kmh": 0.44655698455360815,
            "Soil_Moisture": 0.7675106495915353,
            "Soil_Temperature": 0.5818671552241161,
            "Wind_Dir_Sin": 0.28092306785805277,
            "Wind_Dir_Cos": 0.5000500117293268
        },
        "SMAPE": {
            "Temperature": 13.746525010224508,
            "Precipitation_accumulated": 2.238981713488108,
            "Humidity": 3.5334433411108406,
            "Wind_Speed_kmh": 166.67774306513954,
            "Soil_Moisture": 2.99152882959935,
            "Soil_Temperature": 22.48604907996025,
            "Wind_Dir_Sin": 161.04526944397637,
            "Wind_Dir_Cos": 50.342931033622236
        }
    }
}