{
    "trial_number": 217,
    "input_chunk_length": 52,
    "output_chunk_length": 27,
    "num_filters": 49,
    "kernel_size": 6,
    "num_layers": 5,
    "dilation_base": 4,
    "weight_norm": true,
    "dropout": 0.2583578566416647,
    "batch_size": 38,
    "lr": 0.005054072800227987,
    "forecast_horizon": 14,
    "overall_smape_val": 51.14414122674742,
    "metrics": {
        "MSE": {
            "Temperature": 1.2362238332681985,
            "Precipitation_accumulated": 161.572603827816,
            "Humidity": 15.477928631119138,
            "Wind_Speed_kmh": 0.15552026761860707,
            "Soil_Moisture": 102519.44412313782,
            "Soil_Temperature": 0.7319028686218142,
            "Wind_Dir_Sin": 0.10858408404674051,
            "Wind_Dir_Cos": 0.11392186891319823
        },
        "RMSE": {
            "Temperature": 1.111856030818828,
            "Precipitation_accumulated": 12.711121265561745,
            "Humidity": 3.9341998717806823,
            "Wind_Speed_kmh": 0.39436058071086044,
            "Soil_Moisture": 320.1865770502221,
            "Soil_Temperature": 0.8555132194313623,
            "Wind_Dir_Sin": 0.32952099181499883,
            "Wind_Dir_Cos": 0.3375231383375045
        },
        "MAE": {
            "Temperature": 0.7885804292910681,
            "Precipitation_accumulated": 9.674524691983152,
            "Humidity": 3.0178641534745667,
            "Wind_Speed_kmh": 0.17890566896687138,
            "Soil_Moisture": 182.0202986524727,
            "Soil_Temperature": 0.638403504311554,
            "Wind_Dir_Sin": 0.20792737216191404,
            "Wind_Dir_Cos": 0.21252055315625462
        },
        "R2": {
            "Temperature": 0.6355573332324028,
            "Precipitation_accumulated": -168.90374114191792,
            "Humidity": 0.7623644312832498,
            "Wind_Speed_kmh": 0.546824256484914,
            "Soil_Moisture": 0.8625555624133886,
            "Soil_Temperature": 0.8691215402013225,
            "Wind_Dir_Sin": 0.3293211282625531,
            "Wind_Dir_Cos": 0.6058565064870263
        },
        "SMAPE": {
            "Temperature": 13.828384490801625,
            "Precipitation_accumulated": 2.142773257241281,
            "Humidity": 3.5345421397856986,
            "Wind_Speed_kmh": 163.91741815156453,
            "Soil_Moisture": 2.8767462899525498,
            "Soil_Temperature": 16.81444995473672,
            "Wind_Dir_Sin": 160.04043314416765,
            "Wind_Dir_Cos": 45.998382385729116
        }
    }
}