{
    "trial_number": 48,
    "input_chunk_length": 50,
    "output_chunk_length": 46,
    "num_filters": 30,
    "kernel_size": 4,
    "num_layers": 2,
    "dilation_base": 3,
    "weight_norm": false,
    "dropout": 0.19966604284783734,
    "batch_size": 33,
    "lr": 0.00026414882727607806,
    "forecast_horizon": 8,
    "overall_smape_val": 54.264802504238936,
    "metrics": {
        "MSE": {
            "Temperature": 1.2761337463562896,
            "Precipitation_accumulated": 171.13773884946875,
            "Humidity": 30.34592854864512,
            "Wind_Speed_kmh": 0.20314610275239375,
            "Soil_Moisture": 222292.4324590079,
            "Soil_Temperature": 3.406430993053608,
            "Wind_Dir_Sin": 0.1365179486764399,
            "Wind_Dir_Cos": 0.14721549193633313
        },
        "RMSE": {
            "Temperature": 1.1296608988348182,
            "Precipitation_accumulated": 13.081962347043685,
            "Humidity": 5.508713874276383,
            "Wind_Speed_kmh": 0.45071732022676225,
            "Soil_Moisture": 471.4789841117077,
            "Soil_Temperature": 1.8456519154633704,
            "Wind_Dir_Sin": 0.36948335372035357,
            "Wind_Dir_Cos": 0.38368671065901294
        },
        "MAE": {
            "Temperature": 0.8577380320039839,
            "Precipitation_accumulated": 8.16964292356936,
            "Humidity": 4.603185843730042,
            "Wind_Speed_kmh": 0.21240941284177908,
            "Soil_Moisture": 234.54044142184884,
            "Soil_Temperature": 1.255625329050409,
            "Wind_Dir_Sin": 0.24268444036431824,
            "Wind_Dir_Cos": 0.27015815352461864
        },
        "R2": {
            "Temperature": 0.62426125429507,
            "Precipitation_accumulated": -179.132509178561,
            "Humidity": 0.5336447986145223,
            "Wind_Speed_kmh": 0.4055491015227598,
            "Soil_Moisture": 0.7007805178545514,
            "Soil_Temperature": 0.3918646721924194,
            "Wind_Dir_Sin": 0.1534183682181316,
            "Wind_Dir_Cos": 0.4889448630497746
        },
        "SMAPE": {
            "Temperature": 14.564109699316036,
            "Precipitation_accumulated": 1.801018929791334,
            "Humidity": 5.454871277931012,
            "Wind_Speed_kmh": 165.81554178188395,
            "Soil_Moisture": 3.6365444631933164,
            "Soil_Temperature": 27.874428962505032,
            "Wind_Dir_Sin": 163.4495661000183,
            "Wind_Dir_Cos": 51.52233881927242
        }
    }
}