{
    "trial_number": 18,
    "input_chunk_length": 48,
    "output_chunk_length": 10,
    "num_filters": 42,
    "kernel_size": 6,
    "num_layers": 3,
    "dilation_base": 3,
    "weight_norm": true,
    "dropout": 0.45314147256205145,
    "batch_size": 222,
    "lr": 0.0014001244059517477,
    "loss_function": "huber",
    "optimizer": "Adam",
    "overall_mae_val": 0.13350466842873993,
    "metrics": {
        "MSE": {
            "Temperature": 11.545588594339948,
            "Precipitation_accumulated": 886.3676852792574,
            "Humidity": 83.67660434255635,
            "Wind_Speed_kmh": 1.266532726130262,
            "Soil_Moisture": 138882.65734088194,
            "Soil_Temperature": 12.78525449583377,
            "Wind_Dir_Sin": 0.6145281472281753,
            "Wind_Dir_Cos": 0.3832870520760568
        },
        "RMSE": {
            "Temperature": 3.397880014706221,
            "Precipitation_accumulated": 29.771927805892204,
            "Humidity": 9.147491696774386,
            "Wind_Speed_kmh": 1.12540336152433,
            "Soil_Moisture": 372.66963565721574,
            "Soil_Temperature": 3.575647423311444,
            "Wind_Dir_Sin": 0.7839184570018589,
            "Wind_Dir_Cos": 0.6191018107517186
        },
        "MAE": {
            "Temperature": 2.633046998492779,
            "Precipitation_accumulated": 28.26936002027523,
            "Humidity": 7.518080967234578,
            "Wind_Speed_kmh": 0.8865109186832408,
            "Soil_Moisture": 299.3381424196306,
            "Soil_Temperature": 2.9714218732400637,
            "Wind_Dir_Sin": 0.6764004476102362,
            "Wind_Dir_Cos": 0.5344662536366005
        },
        "R2": {
            "Temperature": 0.6207213349315361,
            "Precipitation_accumulated": -269.18631244150976,
            "Humidity": 0.42887098530275325,
            "Wind_Speed_kmh": 0.058839485041862205,
            "Soil_Moisture": -1.7221111088887247,
            "Soil_Temperature": 0.20288978589397344,
            "Wind_Dir_Sin": -0.11612727313623794,
            "Wind_Dir_Cos": -0.04364724563213107
        },
        "SMAPE": {
            "Temperature": 39.94033477072768,
            "Precipitation_accumulated": 6.2934607467771535,
            "Humidity": 8.900635781248537,
            "Wind_Speed_kmh": 72.75181306953289,
            "Soil_Moisture": 3.578173857057658,
            "Soil_Temperature": 59.72694757786317,
            "Wind_Dir_Sin": 137.95557377379177,
            "Wind_Dir_Cos": 138.68751148983577
        }
    }
}