Timestamp,Temperature,Humidity,Precipitation,Wind_Speed_kmh,Soil_Moisture,Soil_Temperature,Wind_Dir_Sin,Wind_Dir_Cos,hour_sin,hour_cos
2024-09-16 07:20:12,7.008641,80.97389,0.013204339,2.478882,7932.93,7.66152,-0.47902852,0.85533404,0,0
2024-09-16 08:20:12,7.0977635,80.574135,0.0140292235,2.378596,7932.6514,7.809826,-0.4538529,0.7498996,0,0
2024-09-16 09:20:12,7.1805954,80.51973,0.014783721,2.3046463,7935.972,7.8929276,-0.43775803,0.6875551,0,0
2024-09-16 10:20:12,7.2531185,80.55411,0.015202216,2.2378867,7939.9478,7.9166307,-0.425555,0.6465535,0,0
2024-09-16 11:20:12,7.3149056,80.648735,0.015522246,2.1758413,7944.036,7.912763,-0.41678286,0.61485314,0,0
2024-09-16 12:20:12,7.372242,80.774254,0.015741698,2.1171296,7948.58,7.8938932,-0.40871215,0.5892856,0,0
2024-09-16 13:20:12,7.4285126,80.91378,0.015927877,2.057811,7953.08,7.8678427,-0.40178072,0.5664582,0,0
2024-09-16 14:20:12,7.4829082,81.062935,0.016088866,1.9993759,7958.129,7.8399935,-0.39511073,0.54518366,0,0
2024-09-16 15:20:12,7.539583,81.22582,0.01623092,1.9416207,7963.1934,7.812951,-0.38811117,0.5252223,0,0
2024-09-16 16:20:12,7.597553,81.397736,0.016375823,1.8841587,7968.425,7.7879276,-0.38114202,0.5057521,0,0
2024-09-16 17:20:12,7.6521664,81.57224,0.016521635,1.8288548,7973.74,7.764175,-0.37410152,0.48660183,0,0
2024-09-16 18:20:12,7.710632,81.747574,0.0166659,1.7720557,7979.4385,7.742574,-0.36718917,0.4675393,0,0
2024-09-16 19:20:12,7.76715,81.9288,0.016847098,1.7161447,7985.0796,7.7241516,-0.36119533,0.44761205,0,0
2024-09-16 20:20:12,7.8149652,82.0945,0.016989725,1.6615528,7991.175,7.7111406,-0.354205,0.4269817,0,0
2024-09-16 21:20:12,7.8640714,82.26237,0.017130738,1.6077518,7997.386,7.699687,-0.34709787,0.406569,0,0
2024-09-16 22:20:12,7.913497,82.43155,0.017270714,1.5547255,8003.724,7.6895046,-0.33993757,0.38642883,0,0
2024-09-16 23:20:12,7.962884,82.60192,0.017410459,1.5024681,8010.2007,7.6806283,-0.332749,0.36654353,0,0
2024-09-17 00:20:12,8.012107,82.77324,0.01755,1.4509611,8016.8223,7.6730757,-0.32554042,0.34689856,0,0
2024-09-17 01:20:12,8.061085,82.94538,0.017689535,1.4001956,8023.588,7.6668806,-0.31832045,0.3274758,0,0
2024-09-17 02:20:12,8.109754,83.1182,0.017829018,1.3501743,8030.4976,7.662062,-0.3110931,0.30826735,0,0
2024-09-17 03:20:12,8.158086,83.29165,0.017968416,1.3009003,8037.544,7.6586256,-0.30386376,0.2892728,0,0
2024-09-17 04:20:12,8.2060175,83.46554,0.018107645,1.2523788,8044.7227,7.656559,-0.29663944,0.27049422,0,0
2024-09-17 05:20:12,8.253504,83.63976,0.018246533,1.2046185,8052.03,7.655852,-0.2894255,0.25194073,0,0
2024-09-17 06:20:12,8.300543,83.81426,0.018385028,1.1576229,8059.4575,7.656477,-0.2822283,0.23362386,0,0
2024-09-17 07:20:12,8.347057,83.988976,0.018522996,1.1114122,8066.998,7.658424,-0.27505183,0.21555638,0,0
2024-09-17 08:20:12,8.393033,84.16381,0.018660208,1.0659944,8074.645,7.6616564,-0.26789904,0.19775808,0,0
2024-09-17 09:20:12,8.438528,84.33889,0.018796828,1.0213777,8082.3857,7.6661286,-0.26077855,0.18024826,0,0
2024-09-17 10:20:12,8.483482,84.51413,0.018932741,0.9775739,8090.2124,7.6718197,-0.25369596,0.16304243,0,0
2024-09-17 11:20:12,8.52784,84.689445,0.019067876,0.93459487,8098.1167,7.678711,-0.24665666,0.14615428,0,0
2024-09-17 12:20:12,8.571552,84.864815,0.019202117,0.89245135,8106.092,7.686774,-0.23966539,0.12959754,0,0
2024-09-17 13:20:12,8.614563,85.04017,0.019335387,0.85115373,8114.1284,7.695982,-0.23272687,0.113384485,0,0
2024-09-17 14:20:12,8.656824,85.21543,0.01946759,0.81071174,8122.2183,7.7063026,-0.22584558,0.09752715,0,0
2024-09-17 15:20:12,8.698285,85.39057,0.01959866,0.7711339,8130.353,7.717701,-0.21902573,0.082036495,0,0
2024-09-17 16:20:12,8.738898,85.56551,0.019728497,0.732428,8138.5244,7.7301373,-0.21227163,0.066922545,0,0
2024-09-17 17:20:12,8.778621,85.74022,0.01985703,0.6945997,8146.724,7.743568,-0.20558715,0.052194595,0,0
2024-09-17 18:20:12,8.817408,85.914635,0.019984202,0.65765375,8154.9434,7.7579465,-0.19897652,0.037860274,0,0
2024-09-17 19:20:12,8.855219,86.088715,0.020109965,0.6215932,8163.1753,7.773222,-0.19244313,0.023926258,0,0
2024-09-17 20:20:12,8.892017,86.26239,0.020234236,0.5864185,8171.4116,7.7893434,-0.18599081,0.0103981495,0,0
2024-09-17 21:20:12,8.927771,86.435616,0.020356975,0.5521297,8179.644,7.806252,-0.17962283,-0.0027201772,0,0
2024-09-17 22:20:12,8.962447,86.60836,0.020478174,0.5187244,8187.8657,7.8238955,-0.17334247,-0.015426338,0,0
2024-09-17 23:20:12,8.996021,86.78057,0.020597761,0.4861977,8196.069,7.8422112,-0.1671527,-0.027718961,0,0
2024-09-18 00:20:12,9.02847,86.95216,0.020715747,0.45454416,8204.249,7.861141,-0.16105664,-0.039597988,0,0
2024-09-18 01:20:12,9.059776,87.12315,0.020832088,0.42375594,8212.396,7.880625,-0.15505672,-0.051065207,0,0
2024-09-18 02:20:12,9.089925,87.293465,0.02094679,0.39382353,8220.508,7.9005985,-0.14915562,-0.062123,0,0
2024-09-18 03:20:12,9.118907,87.463036,0.02105985,0.364736,8228.576,7.9210043,-0.14335537,-0.072775066,0,0
2024-09-18 04:20:12,9.146717,87.631836,0.02117125,0.33648062,8236.595,7.9417768,-0.13765836,-0.08302641,0,0
2024-09-18 05:20:12,9.173354,87.79981,0.021281023,0.30904394,8244.56,7.9628596,-0.13206649,-0.09288311,0,0
2024-09-18 06:20:12,9.19882,87.96693,0.02138916,0.2824109,8252.466,7.984194,-0.12658107,-0.102351665,0,0
2024-09-18 07:20:12,9.223121,88.13315,0.021495674,0.25656536,8260.308,8.00572,-0.12120366,-0.11143994,0,0
2024-09-18 08:20:12,9.246263,88.29841,0.021600593,0.23149012,8268.081,8.027381,-0.11593568,-0.12015641,0,0
2024-09-18 09:20:12,9.268261,88.462685,0.021703959,0.20716766,8275.781,8.049125,-0.11077809,-0.12851,0,0
2024-09-18 10:20:12,9.289128,88.62591,0.021805767,0.1835789,8283.405,8.070899,-0.10573149,-0.13651031,0,0
2024-09-18 11:20:12,9.308886,88.78806,0.021906044,0.16070557,8290.949,8.092656,-0.1007967,-0.14416754,0,0
2024-09-18 12:20:12,9.327551,88.94909,0.022004828,0.13852753,8298.409,8.114348,-0.09597397,-0.151492,0,0
2024-09-18 13:20:12,9.345144,89.10897,0.02210214,0.117025115,8305.782,8.135934,-0.09126353,-0.15849447,0,0
2024-09-18 14:20:12,9.361691,89.26762,0.022198,0.09617842,8313.065,8.157369,-0.08666539,-0.16518581,0,0
2024-09-18 15:20:12,9.377217,89.42503,0.022292465,0.07596794,8320.256,8.178617,-0.08217931,-0.17157698,0,0
2024-09-18 16:20:12,9.391748,89.581154,0.022385541,0.056372948,8327.352,8.199641,-0.07780492,-0.1776793,0,0
2024-09-18 17:20:12,9.405311,89.735954,0.022477247,0.03737414,8334.349,8.220411,-0.07354152,-0.18350387,0,0
2024-09-18 18:20:12,9.417934,89.88938,0.02256764,0.018951476,8341.247,8.240894,-0.06938863,-0.18906146,0,0
2024-09-18 19:20:12,9.429648,90.04141,0.022656722,0.00108623,8348.043,8.261066,-0.06534517,-0.19436312,0,0
2024-09-18 20:20:12,9.440482,90.191986,0.022744514,-0.01624102,8354.735,8.280904,-0.06141019,-0.19941986,0,0
2024-09-18 21:20:12,9.450468,90.34111,0.022831047,-0.033049002,8361.323,8.3003845,-0.057582498,-0.20424199,0,0
2024-09-18 22:20:12,9.459632,90.48871,0.022916349,-0.049355686,8367.804,8.319485,-0.053860903,-0.20884007,0,0
2024-09-18 23:20:12,9.468004,90.63477,0.023000423,-0.06517864,8374.177,8.338194,-0.050243735,-0.21322387,0,0
2024-09-19 00:20:12,9.475617,90.77926,0.02308331,-0.08053507,8380.44,8.356495,-0.046729684,-0.21740347,0,0
2024-09-19 01:20:12,9.482502,90.92216,0.023165004,-0.09544139,8386.595,8.374375,-0.04331708,-0.22138828,0,0
2024-09-19 02:20:12,9.488685,91.063416,0.02324555,-0.10991447,8392.638,8.391827,-0.040004253,-0.22518742,0,0
2024-09-19 03:20:12,9.494196,91.20303,0.023324931,-0.12396888,8398.568,8.408839,-0.036789417,-0.2288099,0,0
2024-09-19 04:20:12,9.499065,91.34096,0.023403186,-0.13762008,8404.387,8.425405,-0.033670783,-0.23226416,0,0
2024-09-19 05:20:12,9.503318,91.477196,0.023480307,-0.15088226,8410.093,8.441521,-0.030646205,-0.23555863,0,0
2024-09-19 06:20:12,9.506987,91.6117,0.023556339,-0.1637692,8415.686,8.457186,-0.027714014,-0.23870087,0,0
2024-09-19 07:20:12,9.510096,91.744484,0.023631264,-0.1762939,8421.166,8.472395,-0.024872184,-0.2416985,0,0
2024-09-19 08:20:12,9.51267,91.87549,0.02370511,-0.18846934,8426.532,8.487149,-0.02211845,-0.24455893,0,0
2024-09-19 09:20:12,9.514737,92.004745,0.023777861,-0.20030762,8431.785,8.501448,-0.019451022,-0.2472887,0,0
2024-09-19 10:20:12,9.516321,92.13221,0.023849564,-0.2118202,8436.926,8.515296,-0.016867757,-0.24989462,0,0
2024-09-19 11:20:12,9.5174465,92.25789,0.023920188,-0.22301836,8441.953,8.528692,-0.014366388,-0.2523828,0,0
2024-09-19 12:20:12,9.518138,92.38178,0.023989791,-0.23391223,8446.868,8.541642,-0.011945128,-0.2547593,0,0
2024-09-19 13:20:12,9.518418,92.503845,0.024058335,-0.24451247,8451.671,8.5541525,-0.009601593,-0.25702965,0,0
2024-09-19 14:20:12,9.518309,92.62413,0.024125867,-0.25482854,8456.362,8.566227,-0.0073337555,-0.25919926,0,0
2024-09-19 15:20:12,9.517829,92.74259,0.02419236,-0.2648695,8460.942,8.577869,-0.0051398277,-0.26127315,0,0
2024-09-19 16:20:12,9.517003,92.85924,0.02425784,-0.27464437,8465.413,8.589089,-0.0030174255,-0.2632562,0,0
2024-09-19 17:20:12,9.515847,92.974075,0.024322318,-0.28416103,8469.774,8.5998955,-0.0009646416,-0.265153,0,0
2024-09-19 18:20:12,9.514384,93.08713,0.024385804,-0.29342845,8474.026,8.61029,0.0010206699,-0.2669679,0,0
2024-09-19 19:20:12,9.51263,93.19837,0.024448305,-0.30245322,8478.172,8.620283,0.0029402971,-0.2687049,0,0
2024-09-19 20:20:12,9.510604,93.30782,0.024509832,-0.31124383,8482.211,8.629885,0.004796505,-0.27036786,0,0
2024-09-19 21:20:12,9.50832,93.4155,0.024570366,-0.3198064,8486.145,8.639101,0.006590843,-0.27196056,0,0
2024-09-19 22:20:12,9.505796,93.5214,0.024629958,-0.32814798,8489.975,8.647942,0.008325577,-0.27348632,0,0
2024-09-19 23:20:12,9.503048,93.62553,0.024688603,-0.33627504,8493.701,8.656415,0.010002255,-0.27494836,0,0
2024-09-20 00:20:12,9.5000925,93.72792,0.024746303,-0.3441935,8497.326,8.664531,0.011622906,-0.27635014,0,0
2024-09-20 01:20:12,9.496942,93.828575,0.024803085,-0.35190898,8500.852,8.672299,0.013189316,-0.27769434,0,0
2024-09-20 02:20:12,9.493611,93.927536,0.024858953,-0.35942802,8504.277,8.679727,0.014703155,-0.2789837,0,0
2024-09-20 03:20:12,9.49011,94.02477,0.024913916,-0.3667553,8507.606,8.686824,0.01616621,-0.28022087,0,0
2024-09-20 04:20:12,9.486457,94.12034,0.024967982,-0.37389645,8510.84,8.6936,0.017580152,-0.2814083,0,0
2024-09-20 05:20:12,9.482658,94.21424,0.02502117,-0.3808565,8513.978,8.700066,0.01894641,-0.28254855,0,0
2024-09-20 06:20:12,9.478727,94.30649,0.025073482,-0.3876398,8517.023,8.706227,0.020266771,-0.28364342,0,0
2024-09-20 07:20:12,9.474677,94.39713,0.025124941,-0.39425203,8519.978,8.712095,0.021542907,-0.2846954,0,0
2024-09-20 08:20:12,9.470517,94.48618,0.025175562,-0.40069655,8522.843,8.717681,0.022776127,-0.2857064,0,0
2024-09-20 09:20:12,9.466253,94.573654,0.02522536,-0.40697837,8525.619,8.722987,0.023967862,-0.28667808,0,0
2024-09-20 10:20:12,9.4619,94.65958,0.025274318,-0.41310194,8528.31,8.728028,0.025119543,-0.28761232,0,0
2024-09-20 11:20:12,9.457463,94.74396,0.025322508,-0.419071,8530.915,8.732811,0.0262326,-0.28851068,0,0
2024-09-20 12:20:12,9.452952,94.826836,0.025369883,-0.42488956,8533.437,8.737346,0.027308464,-0.28937507,0,0
2024-09-20 13:20:12,9.448376,94.90825,0.02541648,-0.43056178,8535.878,8.741636,0.028348207,-0.29020685,0,0
2024-09-20 14:20:12,9.443743,94.9882,0.025462333,-0.43609127,8538.239,8.745697,0.029353142,-0.29100728,0,0
2024-09-20 15:20:12,9.439055,95.06671,0.025507435,-0.4414812,8540.522,8.749531,0.030324578,-0.29177785,0,0
2024-09-20 16:20:12,9.434326,95.14383,0.025551803,-0.44673595,8542.7295,8.753149,0.03126359,-0.29252005,0,0
2024-09-20 17:20:12,9.429558,95.219574,0.025595449,-0.45185846,8544.861,8.756557,0.032171488,-0.29323488,0,0
2024-09-20 18:20:12,9.424759,95.29397,0.025638392,-0.4568519,8546.92,8.759766,0.033049226,-0.29392344,0,0
2024-09-20 19:20:12,9.419932,95.367035,0.025680652,-0.46172008,8548.908,8.762779,0.033897877,-0.2945869,0,0
2024-09-20 20:20:12,9.415087,95.438805,0.025722241,-0.46646604,8550.826,8.765606,0.034718513,-0.29522634,0,0
2024-09-20 21:20:12,9.410226,95.50931,0.025763156,-0.47109264,8552.676,8.768254,0.03551209,-0.2958427,0,0
2024-09-20 22:20:12,9.405353,95.57857,0.025803428,-0.47560334,8554.46,8.770728,0.03627968,-0.29643703,0,0
2024-09-20 23:20:12,9.400475,95.6466,0.025843084,-0.48000064,8556.179,8.773037,0.037021875,-0.29701012,0,0
2024-09-21 00:20:12,9.395594,95.71344,0.02588211,-0.4842879,8557.834,8.7751875,0.037739873,-0.29756296,0,0
2024-09-21 01:20:12,9.390717,95.77912,0.025920538,-0.48846787,8559.429,8.777185,0.038434625,-0.2980963,0,0
2024-09-21 02:20:12,9.385842,95.84367,0.025958367,-0.49254277,8560.963,8.779033,0.039106727,-0.29861087,0,0
2024-09-21 03:20:12,9.38098,95.90709,0.025995627,-0.49651635,8562.4375,8.7807455,0.039757013,-0.29910737,0,0
2024-09-21 04:20:12,9.37613,95.96942,0.026032316,-0.50039047,8563.857,8.78232,0.04038632,-0.2995867,0,0
2024-09-21 05:20:12,9.371296,96.03069,0.02606848,-0.5041682,8565.221,8.783766,0.04099548,-0.30004942,0,0
2024-09-21 06:20:12,9.36648,96.09094,0.026104089,-0.50785154,8566.53,8.785089,0.04158497,-0.3004961,0,0
2024-09-21 07:20:12,9.361687,96.15015,0.026139194,-0.5114436,8567.787,8.786293,0.042155743,-0.3009274,0,0
2024-09-21 08:20:12,9.356915,96.20838,0.026173785,-0.5149465,8568.993,8.787384,0.04270816,-0.30134404,0,0
2024-09-21 09:20:12,9.352171,96.265656,0.02620787,-0.51836264,8570.15,8.788368,0.04324329,-0.3017463,0,0
2024-09-21 10:20:12,9.347453,96.321976,0.026241496,-0.5216942,8571.26,8.789247,0.04376149,-0.30213505,0,0
2024-09-21 11:20:12,9.342766,96.37738,0.026274635,-0.52494395,8572.321,8.790028,0.044263363,-0.30251074,0,0
2024-09-21 12:20:12,9.338111,96.431885,0.026307318,-0.5281141,8573.338,8.790714,0.044749618,-0.3028736,0,0
2024-09-21 13:20:12,9.333489,96.48552,0.026339557,-0.5312062,8574.311,8.791313,0.045220494,-0.30322444,0,0
2024-09-21 14:20:12,9.328903,96.5383,0.026371365,-0.53422284,8575.24,8.791824,0.045676947,-0.30356348,0,0
2024-09-21 15:20:12,9.324353,96.59025,0.026402747,-0.537166,8576.129,8.792256,0.046119213,-0.3038913,0,0
2024-09-21 16:20:12,9.31984,96.6414,0.026433717,-0.5400378,8576.977,8.792608,0.046548128,-0.3042081,0,0
2024-09-21 17:20:12,9.315368,96.69174,0.026464289,-0.54284036,8577.786,8.792888,0.04696393,-0.3045146,0,0
2024-09-21 18:20:12,9.310933,96.741325,0.026494471,-0.5455752,8578.558,8.793098,0.047366858,-0.30481088,0,0
2024-09-21 19:20:12,9.3065405,96.79017,0.02652427,-0.54824454,8579.292,8.7932415,0.047757745,-0.30509758,0,0
2024-09-21 20:20:12,9.302188,96.83828,0.02655371,-0.5508502,8579.991,8.793321,0.04813683,-0.30537474,0,0
2024-09-21 21:20:12,9.297879,96.88568,0.02658277,-0.5533944,8580.656,8.793342,0.04850471,-0.3056429,0,0
2024-09-21 22:20:12,9.293613,96.932396,0.026611496,-0.55587816,8581.288,8.793305,0.048861623,-0.30590236,0,0
2024-09-21 23:20:12,9.289389,96.97842,0.026639884,-0.5583037,8581.887,8.793214,0.049208045,-0.30615342,0,0
2024-09-22 00:20:12,9.285211,97.023796,0.026667936,-0.56067234,8582.454,8.793074,0.049544215,-0.30639648,0,0
2024-09-22 01:20:12,9.281076,97.06853,0.026695658,-0.56298625,8582.992,8.792887,0.04987061,-0.3066318,0,0
2024-09-22 02:20:12,9.276986,97.11266,0.026723068,-0.56524664,8583.5,8.792655,0.05018747,-0.30685937,0,0
2024-09-22 03:20:12,9.272943,97.15616,0.026750186,-0.56745476,8583.98,8.792378,0.050495267,-0.30707967,0,0
2024-09-22 04:20:12,9.268941,97.19908,0.026776992,-0.56961304,8584.434,8.792062,0.050794363,-0.30729306,0,0
2024-09-22 05:20:12,9.264987,97.24144,0.02680351,-0.5717224,8584.859,8.791708,0.051084638,-0.30749977,0,0
2024-09-22 06:20:12,9.261078,97.283226,0.02682975,-0.5737844,8585.262,8.791317,0.051367044,-0.3076998,0,0
2024-09-22 07:20:12,9.257214,97.32448,0.026855715,-0.5758008,8585.638,8.790893,0.051641583,-0.3078935,0,0
2024-09-22 08:20:12,9.253395,97.3652,0.02688142,-0.577772,8585.989,8.79044,0.051908255,-0.3080811,0,0
2024-09-22 09:20:12,9.249622,97.405396,0.026906861,-0.57970035,8586.318,8.789957,0.052167773,-0.30826283,0,0
2024-09-22 10:20:12,9.245895,97.44511,0.02693204,-0.58158624,8586.625,8.789447,0.05242014,-0.30843878,0,0
2024-09-22 11:20:12,9.242213,97.48432,0.026956977,-0.5834323,8586.91,8.788909,0.05266559,-0.3086095,0,0
2024-09-22 12:20:12,9.238575,97.523056,0.026981674,-0.5852383,8587.175,8.788351,0.052904487,-0.3087747,0,0
2024-09-22 13:20:12,9.2349825,97.56133,0.027006142,-0.5870063,8587.42,8.78777,0.053137064,-0.30893493,0,0
2024-09-22 14:20:12,9.231435,97.59917,0.027030379,-0.5887373,8587.645,8.787167,0.05336356,-0.30909014,0,0
2024-09-22 15:20:12,9.227929,97.636536,0.027054401,-0.5904324,8587.852,8.786545,0.05358398,-0.30924058,0,0
2024-09-22 16:20:12,9.22447,97.6735,0.027078189,-0.5920924,8588.04,8.785907,0.053798676,-0.30938637,0,0
2024-09-22 17:20:12,9.221056,97.710045,0.027101776,-0.5937188,8588.212,8.7852545,0.054008007,-0.30952775,0,0
2024-09-22 18:20:12,9.217683,97.74618,0.027125167,-0.59531224,8588.366,8.784585,0.054211855,-0.30966496,0,0
2024-09-22 19:20:12,9.214355,97.78191,0.02714835,-0.5968744,8588.505,8.783902,0.054410696,-0.30979788,0,0
2024-09-22 20:20:12,9.211068,97.817276,0.027171332,-0.59840596,8588.628,8.78321,0.05460453,-0.30992675,0,0
2024-09-22 21:20:12,9.207824,97.85225,0.027194131,-0.59990776,8588.736,8.782502,0.054793596,-0.3100518,0,0
2024-09-22 22:20:12,9.204622,97.886856,0.02721673,-0.60138,8588.829,8.78179,0.054978013,-0.31017315,0,0
2024-09-22 23:20:12,9.201462,97.921104,0.027239164,-0.6028249,8588.909,8.781065,0.05515802,-0.3102907,0,0
2024-09-23 00:20:12,9.198343,97.95501,0.027261397,-0.60424256,8588.976,8.7803335,0.055333614,-0.3104049,0,0
2024-09-23 01:20:12,9.195266,97.98857,0.027283467,-0.60563403,8589.029,8.779597,0.055505157,-0.31051564,0,0
2024-09-23 02:20:12,9.192228,98.021805,0.027305372,-0.60700035,8589.071,8.7788515,0.055672646,-0.31062317,0,0
2024-09-23 03:20:12,9.18923,98.0547,0.027327104,-0.60834163,8589.101,8.778105,0.05583632,-0.31072748,0,0
2024-09-23 04:20:12,9.186271,98.0873,0.027348675,-0.60965884,8589.118,8.777352,0.0559963,-0.3108288,0,0
2024-09-23 05:20:12,9.183351,98.11959,0.027370084,-0.61095345,8589.125,8.776596,0.0561527,-0.31092697,0,0
2024-09-23 06:20:12,9.1804695,98.15156,0.027391333,-0.61222565,8589.122,8.775838,0.05630529,-0.3110224,0,0
2024-09-23 07:20:12,9.177628,98.18325,0.027412452,-0.6134757,8589.107,8.775078,0.056454897,-0.31111503,0,0
2024-09-23 08:20:12,9.174823,98.21467,0.027433392,-0.6147052,8589.084,8.774315,0.056601167,-0.31120503,0,0
2024-09-23 09:20:12,9.172051,98.24578,0.027454196,-0.6159142,8589.052,8.773552,0.056744218,-0.31129247,0,0
2024-09-23 10:20:12,9.16932,98.27663,0.027474858,-0.61710334,8589.01,8.772787,0.056884408,-0.3113773,0,0
2024-09-23 11:20:12,9.166625,98.30719,0.027495392,-0.61827344,8588.959,8.772025,0.0570215,-0.31145966,0,0
2024-09-23 12:20:12,9.163965,98.33751,0.02751576,-0.6194253,8588.9,8.771266,0.057155848,-0.3115399,0,0
2024-09-23 13:20:12,9.161341,98.36756,0.027536016,-0.6205587,8588.834,8.770508,0.057287574,-0.31161785,0,0
2024-09-23 14:20:12,9.158751,98.39736,0.027556108,-0.62167513,8588.76,8.769749,0.057416677,-0.31169355,0,0
2024-09-23 15:20:12,9.156196,98.426926,0.027576096,-0.62277424,8588.679,8.768995,0.05754316,-0.3117671,0,0
2024-09-23 16:20:12,9.153673,98.45624,0.02759595,-0.62385726,8588.59,8.768246,0.057667255,-0.31183863,0,0
2024-09-23 17:20:12,9.151185,98.48532,0.027615666,-0.62492424,8588.495,8.767497,0.057788968,-0.31190813,0,0
2024-09-23 18:20:12,9.148728,98.51416,0.027635276,-0.62597597,8588.393,8.766753,0.057908416,-0.31197572,0,0
2024-09-23 19:20:12,9.146306,98.54278,0.027654741,-0.627013,8588.285,8.766014,0.0580256,-0.31204152,0,0
2024-09-23 20:20:12,9.143916,98.57119,0.027674101,-0.6280352,8588.172,8.765279,0.058140874,-0.31210554,0,0
2024-09-23 21:20:12,9.141555,98.59938,0.027693331,-0.6290433,8588.053,8.764546,0.058253884,-0.3121677,0,0
2024-09-23 22:20:12,9.139226,98.62734,0.027712459,-0.6300382,8587.928,8.763823,0.058365107,-0.3122282,0,0
2024-09-23 23:20:12,9.136927,98.6551,0.027731454,-0.6310196,8587.799,8.763102,0.058474302,-0.3122871,0,0
2024-09-24 00:20:12,9.134661,98.682655,0.027750347,-0.6319883,8587.664,8.762388,0.05858147,-0.3123445,0,0
2024-09-24 01:20:12,9.1324215,98.71001,0.027769137,-0.6329445,8587.524,8.761679,0.05868721,-0.31240028,0,0
2024-09-24 02:20:12,9.130212,98.73716,0.027787786,-0.6338892,8587.381,8.760974,0.058790922,-0.3124547,0,0
2024-09-24 03:20:12,9.128032,98.764114,0.02780636,-0.63482165,8587.233,8.760278,0.058892965,-0.3125075,0,0
2024-09-24 04:20:12,9.125879,98.790886,0.027824823,-0.6357426,8587.081,8.759589,0.058993697,-0.312559,0,0
2024-09-24 05:20:12,9.123756,98.81746,0.027843159,-0.63665265,8586.926,8.758906,0.05909264,-0.31260931,0,0
2024-09-24 06:20:12,9.12166,98.84386,0.0278614,-0.6375523,8586.766,8.75823,0.059190035,-0.31265807,0,0
2024-09-24 07:20:12,9.119589,98.87008,0.027879538,-0.63844097,8586.603,8.757559,0.059286118,-0.31270576,0,0
2024-09-24 08:20:12,9.117548,98.896095,0.027897565,-0.63932014,8586.4375,8.756896,0.05938077,-0.31275225,0,0
2024-09-24 09:20:12,9.115532,98.921974,0.027915502,-0.6401887,8586.269,8.756242,0.05947399,-0.31279743,0,0
2024-09-24 10:20:12,9.113541,98.94765,0.027933322,-0.6410485,8586.096,8.755592,0.0595659,-0.31284153,0,0
2024-09-24 11:20:12,9.111575,98.97316,0.027951062,-0.6418988,8585.921,8.754949,0.0596565,-0.31288457,0,0
2024-09-24 12:20:12,9.109635,98.998505,0.027968705,-0.64273983,8585.743,8.754314,0.059745908,-0.31292647,0,0
2024-09-24 13:20:12,9.107719,99.02369,0.027986238,-0.643572,8585.5625,8.753688,0.059834242,-0.31296742,0,0
2024-09-24 14:20:12,9.105828,99.04869,0.028003693,-0.64439565,8585.38,8.753068,0.059921265,-0.31300735,0,0
2024-09-24 15:20:12,9.10396,99.073555,0.028021017,-0.64521134,8585.195,8.752459,0.060007215,-0.3130464,0,0
2024-09-24 16:20:12,9.102118,99.09824,0.028038284,-0.6460185,8585.009,8.751856,0.06009209,-0.31308436,0,0
2024-09-24 17:20:12,9.100297,99.12279,0.028055442,-0.64681804,8584.819,8.751259,0.060175776,-0.31312156,0,0
2024-09-24 18:20:12,9.0985,99.14717,0.028072514,-0.64760965,8584.629,8.75067,0.060258627,-0.31315768,0,0
2024-09-24 19:20:12,9.0967245,99.1714,0.02808948,-0.6483937,8584.437,8.750093,0.060340405,-0.31319308,0,0
2024-09-24 20:20:12,9.094971,99.19549,0.02810637,-0.6491703,8584.242,8.749518,0.06042123,-0.3132277,0,0
2024-09-24 21:20:12,9.093239,99.21941,0.028123159,-0.6499401,8584.046,8.748954,0.0605011,-0.31326145,0,0
2024-09-24 22:20:12,9.091531,99.24318,0.028139863,-0.65070325,8583.85,8.748396,0.060580134,-0.31329435,0,0
2024-09-24 23:20:12,9.089841,99.26682,0.02815648,-0.6514591,8583.651,8.7478485,0.060658336,-0.31332666,0,0
2024-09-25 00:20:12,9.088174,99.29031,0.02817301,-0.65220803,8583.451,8.747309,0.060735583,-0.31335807,0,0
2024-09-25 01:20:12,9.086527,99.31367,0.028189436,-0.65295076,8583.251,8.746778,0.060812116,-0.31338894,0,0
2024-09-25 02:20:12,9.084899,99.33687,0.028205784,-0.65368754,8583.049,8.746248,0.060887814,-0.31341898,0,0
2024-09-25 03:20:12,9.083292,99.359924,0.028222049,-0.6544179,8582.846,8.745731,0.060962677,-0.31344843,0,0
2024-09-25 04:20:12,9.081704,99.382866,0.02823823,-0.65514195,8582.643,8.745221,0.061036944,-0.31347728,0,0
2024-09-25 05:20:12,9.080137,99.40566,0.028254326,-0.65586007,8582.438,8.74472,0.061110258,-0.3135054,0,0
2024-09-25 06:20:12,9.078587,99.42832,0.028270323,-0.6565729,8582.232,8.7442255,0.061182857,-0.31353295,0,0
2024-09-25 07:20:12,9.077056,99.450836,0.028286256,-0.6572795,8582.027,8.743742,0.06125498,-0.3135599,0,0
2024-09-25 08:20:12,9.075542,99.47323,0.028302085,-0.6579807,8581.821,8.743262,0.061326385,-0.31358635,0,0
2024-09-25 09:20:12,9.074049,99.49548,0.028317835,-0.65867674,8581.614,8.74279,0.061397076,-0.31361222,0,0
2024-09-25 10:20:12,9.072573,99.51761,0.028333504,-0.65936744,8581.406,8.742325,0.06146717,-0.3136375,0,0
2024-09-25 11:20:12,9.071114,99.53961,0.02834909,-0.66005266,8581.2,8.741872,0.06153667,-0.3136624,0,0
2024-09-25 12:20:12,9.069672,99.561485,0.028364604,-0.6607327,8580.992,8.741423,0.061605453,-0.3136866,0,0
2024-09-25 13:20:12,9.068247,99.58324,0.028380036,-0.6614077,8580.784,8.740981,0.06167376,-0.31371045,0,0
2024-09-25 14:20:12,9.06684,99.60484,0.028395368,-0.66207814,8580.575,8.740547,0.06174147,-0.31373382,0,0
2024-09-25 15:20:12,9.065451,99.626335,0.028410649,-0.6627433,8580.366,8.740122,0.061808705,-0.3137567,0,0
2024-09-25 16:20:12,9.0640745,99.647705,0.028425809,-0.66340435,8580.158,8.7397,0.061875224,-0.31377923,0,0
2024-09-25 17:20:12,9.062715,99.668945,0.028440908,-0.6640603,8579.95,8.739287,0.061941266,-0.31380117,0,0
2024-09-25 18:20:12,9.061374,99.69006,0.028455926,-0.6647115,8579.741,8.738883,0.06200683,-0.31382275,0,0
2024-09-25 19:20:12,9.060045,99.71105,0.02847088,-0.6653581,8579.532,8.738484,0.0620718,-0.31384397,0,0
2024-09-25 20:20:12,9.058734,99.73193,0.02848572,-0.66600096,8579.324,8.738095,0.06213641,-0.31386483,0,0
2024-09-25 21:20:12,9.057437,99.75269,0.028500509,-0.66663903,8579.116,8.737709,0.062200546,-0.31388527,0,0
2024-09-25 22:20:12,9.056155,99.773346,0.028515205,-0.6672723,8578.908,8.737332,0.062264085,-0.31390524,0,0
2024-09-25 23:20:12,9.054887,99.79385,0.028529838,-0.6679021,8578.7,8.736961,0.062327266,-0.3139249,0,0
2024-09-26 00:20:12,9.053636,99.81426,0.028544364,-0.66852766,8578.492,8.736597,0.06238997,-0.31394434,0,0
2024-09-26 01:20:12,9.052398,99.83454,0.028558845,-0.6691486,8578.285,8.736241,0.062452197,-0.3139633,0,0
2024-09-26 02:20:12,9.051172,99.85471,0.028573232,-0.6697659,8578.078,8.735891,0.062514186,-0.31398183,0,0
2024-09-26 03:20:12,9.049962,99.87476,0.028587548,-0.67037934,8577.872,8.735548,0.06257558,-0.31400025,0,0
2024-09-26 04:20:12,9.048765,99.894714,0.028601766,-0.6709885,8577.665,8.7352085,0.062636375,-0.31401825,0,0
2024-09-26 05:20:12,9.047583,99.91453,0.028615937,-0.6715941,8577.459,8.734879,0.06269705,-0.3140359,0,0
2024-09-26 06:20:12,9.046412,99.934235,0.028630009,-0.6721956,8577.254,8.734553,0.062757134,-0.31405342,0,0
