{
    "trial_number": 25,
    "input_chunk_length": 63,
    "hidden_size": 192,
    "layer_size": 1,
    "dropout": 0.21070105145304147,
    "batch_size": 19,
    "lr": 0.006840490404086644,
    "overall_smape_val": 50.96490143461803,
    "metrics": {
        "MSE": {
            "Temperature": 2.67873772522479,
            "Precipitation_accumulated": 43.66804784856117,
            "Humidity": 6.5665324066158774,
            "Wind_Speed_kmh": 0.07669403816794927,
            "Soil_Moisture": 17093.962162034124,
            "Soil_Temperature": 3.323496219889806,
            "Wind_Dir_Sin": 0.051137104877838034,
            "Wind_Dir_Cos": 0.04667293740529082
        },
        "RMSE": {
            "Temperature": 1.63668498044822,
            "Precipitation_accumulated": 6.608180373488694,
            "Humidity": 2.5625246158068173,
            "Wind_Speed_kmh": 0.27693688480942596,
            "Soil_Moisture": 130.7438800175141,
            "Soil_Temperature": 1.8230458633533622,
            "Wind_Dir_Sin": 0.22613514737394988,
            "Wind_Dir_Cos": 0.2160392033990378
        },
        "MAE": {
            "Temperature": 1.477525634379661,
            "Precipitation_accumulated": 4.767199853525041,
            "Humidity": 2.069272089306986,
            "Wind_Speed_kmh": 0.14363504580150827,
            "Soil_Moisture": 76.09091178016364,
            "Soil_Temperature": 1.7060109453705887,
            "Wind_Dir_Sin": 0.1160820726600493,
            "Wind_Dir_Cos": 0.1138046835734754
        },
        "R2": {
            "Temperature": 0.21314220741027878,
            "Precipitation_accumulated": -45.007842308585936,
            "Humidity": 0.8990209280666237,
            "Wind_Speed_kmh": 0.7746334977969542,
            "Soil_Moisture": 0.9768991198273864,
            "Soil_Temperature": 0.4078095015281935,
            "Wind_Dir_Sin": 0.6816247816972614,
            "Wind_Dir_Cos": 0.8374291847699551
        },
        "SMAPE": {
            "Temperature": 27.88856144209768,
            "Precipitation_accumulated": 1.0397421897532766,
            "Humidity": 2.5056468868007458,
            "Wind_Speed_kmh": 166.6848483754704,
            "Soil_Moisture": 1.2110187575274505,
            "Soil_Temperature": 34.96955527831435,
            "Wind_Dir_Sin": 143.8071906887348,
            "Wind_Dir_Cos": 29.612647858245452
        }
    }
}