{
    "trial_number": 46,
    "input_chunk_length": 66,
    "training_length": 88,
    "hidden_size": 206,
    "layer_size": 1,
    "dropout": 0.34236828027198896,
    "batch_size": 22,
    "lr": 2.582537198342003e-05,
    "forecast_horizon": 6,
    "overall_smape_val": 48.105336892274444,
    "metrics": {
        "MSE": {
            "Temperature": 0.7152598101955158,
            "Precipitation_accumulated": 51.351935403800454,
            "Humidity": 8.242848303851112,
            "Wind_Speed_kmh": 0.14994371605692913,
            "Soil_Moisture": 54875.39648213467,
            "Soil_Temperature": 0.4299899111791445,
            "Wind_Dir_Sin": 0.07682551509190454,
            "Wind_Dir_Cos": 0.07977467458990259
        },
        "RMSE": {
            "Temperature": 0.8457303413000599,
            "Precipitation_accumulated": 7.166026472446251,
            "Humidity": 2.8710361028470386,
            "Wind_Speed_kmh": 0.3872256655452078,
            "Soil_Moisture": 234.25498176588405,
            "Soil_Temperature": 0.6557361597312935,
            "Wind_Dir_Sin": 0.2771741602168293,
            "Wind_Dir_Cos": 0.2824441087895136
        },
        "MAE": {
            "Temperature": 0.5770216449789789,
            "Precipitation_accumulated": 5.194893968294356,
            "Humidity": 1.9150216180082253,
            "Wind_Speed_kmh": 0.1752496714759165,
            "Soil_Moisture": 93.03674738700387,
            "Soil_Temperature": 0.44797615402382135,
            "Wind_Dir_Sin": 0.14709786520824755,
            "Wind_Dir_Cos": 0.14882285613944066
        },
        "R2": {
            "Temperature": 0.7895446793184864,
            "Precipitation_accumulated": -53.06827895547045,
            "Humidity": 0.8732815456269802,
            "Wind_Speed_kmh": 0.5606168930372496,
            "Soil_Moisture": 0.9260358870093849,
            "Soil_Temperature": 0.923281952222186,
            "Wind_Dir_Sin": 0.5229543097194504,
            "Wind_Dir_Cos": 0.7227526270947963
        },
        "SMAPE": {
            "Temperature": 9.979263375466457,
            "Precipitation_accumulated": 1.1316064673429622,
            "Humidity": 2.276927605708981,
            "Wind_Speed_kmh": 162.99512189085118,
            "Soil_Moisture": 1.4616100615665595,
            "Soil_Temperature": 13.947347000506056,
            "Wind_Dir_Sin": 152.80981997169278,
            "Wind_Dir_Cos": 40.24099876506088
        }
    }
}