{
    "trial_number": 0,
    "input_chunk_length": 15,
    "hidden_size": 238,
    "layer_size": 1,
    "dropout": 0.34958859969666184,
    "batch_size": 34,
    "lr": 3.6732845690183884e-05,
    "overall_smape_val": 48.29907541701506,
    "metrics": {
        "MSE": {
            "Temperature": 1.3693447801013414,
            "Precipitation_accumulated": 83.76943385039912,
            "Humidity": 9.22225136222926,
            "Wind_Speed_kmh": 0.10388316883253589,
            "Soil_Moisture": 44450.152018745444,
            "Soil_Temperature": 0.8238251936181091,
            "Wind_Dir_Sin": 0.06326313755326352,
            "Wind_Dir_Cos": 0.06097327840484541
        },
        "RMSE": {
            "Temperature": 1.1701900615290413,
            "Precipitation_accumulated": 9.152564331945399,
            "Humidity": 3.0368159908412724,
            "Wind_Speed_kmh": 0.32230911999590683,
            "Soil_Moisture": 210.832046944352,
            "Soil_Temperature": 0.9076481662065479,
            "Wind_Dir_Sin": 0.25152164430375273,
            "Wind_Dir_Cos": 0.2469276784907788
        },
        "MAE": {
            "Temperature": 0.8991160636114384,
            "Precipitation_accumulated": 6.926597995488567,
            "Humidity": 2.365662584470152,
            "Wind_Speed_kmh": 0.15736280386120852,
            "Soil_Moisture": 91.64283453649506,
            "Soil_Temperature": 0.728416244815072,
            "Wind_Dir_Sin": 0.12986030851423408,
            "Wind_Dir_Cos": 0.1427819404238086
        },
        "R2": {
            "Temperature": 0.597765917574338,
            "Precipitation_accumulated": -87.2579160908305,
            "Humidity": 0.8581817120469895,
            "Wind_Speed_kmh": 0.6947378576377929,
            "Soil_Moisture": 0.9399298052899572,
            "Soil_Temperature": 0.8532083625843522,
            "Wind_Dir_Sin": 0.6061291448322603,
            "Wind_Dir_Cos": 0.787618347406595
        },
        "SMAPE": {
            "Temperature": 15.558992690744905,
            "Precipitation_accumulated": 1.504644935291868,
            "Humidity": 2.8322757296088628,
            "Wind_Speed_kmh": 157.05762444731198,
            "Soil_Moisture": 1.417366057464826,
            "Soil_Temperature": 20.200954335024793,
            "Wind_Dir_Sin": 151.22048571677604,
            "Wind_Dir_Cos": 36.60025942389726
        }
    }
}