{
    "trial_number": 5,
    "input_chunk_length": 25,
    "hidden_size": 136,
    "layer_size": 3,
    "dropout": 0.25666922090774136,
    "batch_size": 56,
    "lr": 0.00013582790102707217,
    "overall_smape_val": 50.0076083363771,
    "metrics": {
        "MSE": {
            "Temperature": 1.0634383158276237,
            "Precipitation_accumulated": 83.14849314681207,
            "Humidity": 14.477196242177866,
            "Wind_Speed_kmh": 0.15694533702825694,
            "Soil_Moisture": 87938.35482454461,
            "Soil_Temperature": 0.6490193964092614,
            "Wind_Dir_Sin": 0.0775318247803497,
            "Wind_Dir_Cos": 0.08146673853541615
        },
        "RMSE": {
            "Temperature": 1.031231455992118,
            "Precipitation_accumulated": 9.118579557519475,
            "Humidity": 3.8048910946540726,
            "Wind_Speed_kmh": 0.39616327067038526,
            "Soil_Moisture": 296.54401835907026,
            "Soil_Temperature": 0.8056174007612183,
            "Wind_Dir_Sin": 0.2784453712675966,
            "Wind_Dir_Cos": 0.28542378761311427
        },
        "MAE": {
            "Temperature": 0.7476987906064746,
            "Precipitation_accumulated": 5.194347804922303,
            "Humidity": 3.03205028115169,
            "Wind_Speed_kmh": 0.15963995966351807,
            "Soil_Moisture": 145.8735820384701,
            "Soil_Temperature": 0.6018310418414602,
            "Wind_Dir_Sin": 0.16688948784989918,
            "Wind_Dir_Cos": 0.15109172699748652
        },
        "R2": {
            "Temperature": 0.6876234959967065,
            "Precipitation_accumulated": -86.6037045246829,
            "Humidity": 0.7773720206939656,
            "Wind_Speed_kmh": 0.5388139353716053,
            "Soil_Moisture": 0.8811595943572137,
            "Soil_Temperature": 0.8843557824506222,
            "Wind_Dir_Sin": 0.5172935249498013,
            "Wind_Dir_Cos": 0.7162356853002747
        },
        "SMAPE": {
            "Temperature": 12.761174160066405,
            "Precipitation_accumulated": 1.1220350382298765,
            "Humidity": 3.634439537771101,
            "Wind_Speed_kmh": 167.79647313380624,
            "Soil_Moisture": 2.327238685040625,
            "Soil_Temperature": 16.10495469095347,
            "Wind_Dir_Sin": 154.44802023277168,
            "Wind_Dir_Cos": 41.866531212377275
        }
    }
}