{
    "trial_number": 29,
    "input_chunk_length": 63,
    "training_length": 85,
    "hidden_size": 124,
    "layer_size": 2,
    "dropout": 0.25183646586278174,
    "batch_size": 44,
    "lr": 0.00011201598976075196,
    "forecast_horizon": 5,
    "overall_smape_val": 47.26659797206254,
    "metrics": {
        "MSE": {
            "Temperature": 0.8622781032896489,
            "Precipitation_accumulated": 23.577579540982335,
            "Humidity": 10.48128231905812,
            "Wind_Speed_kmh": 0.11748730678711271,
            "Soil_Moisture": 50240.50845043391,
            "Soil_Temperature": 0.854794255537204,
            "Wind_Dir_Sin": 0.06555426439457951,
            "Wind_Dir_Cos": 0.0699789005164123
        },
        "RMSE": {
            "Temperature": 0.9285893081926202,
            "Precipitation_accumulated": 4.855674983046367,
            "Humidity": 3.2374808600296188,
            "Wind_Speed_kmh": 0.342764214566096,
            "Soil_Moisture": 224.14394582596674,
            "Soil_Temperature": 0.9245508398877825,
            "Wind_Dir_Sin": 0.25603567016058426,
            "Wind_Dir_Cos": 0.2645352538252932
        },
        "MAE": {
            "Temperature": 0.6208791586344676,
            "Precipitation_accumulated": 3.012979106323294,
            "Humidity": 2.3855349619428545,
            "Wind_Speed_kmh": 0.1589700635645314,
            "Soil_Moisture": 92.13890431884056,
            "Soil_Temperature": 0.6394818055876247,
            "Wind_Dir_Sin": 0.12805298094093479,
            "Wind_Dir_Cos": 0.13493199081753882
        },
        "R2": {
            "Temperature": 0.746385880064566,
            "Precipitation_accumulated": -23.828763979028878,
            "Humidity": 0.8388486815187642,
            "Wind_Speed_kmh": 0.6554839048744412,
            "Soil_Moisture": 0.9322380791844438,
            "Soil_Temperature": 0.8475395520530329,
            "Wind_Dir_Sin": 0.5926733044302661,
            "Wind_Dir_Cos": 0.7566600395947873
        },
        "SMAPE": {
            "Temperature": 11.441020022512637,
            "Precipitation_accumulated": 0.6548964745289626,
            "Humidity": 2.842669749461894,
            "Wind_Speed_kmh": 153.44335930182876,
            "Soil_Moisture": 1.4595645563964132,
            "Soil_Temperature": 21.39999188690707,
            "Wind_Dir_Sin": 150.92163995356103,
            "Wind_Dir_Cos": 35.969641831303726
        }
    }
}