{
    "trial_number": 41,
    "input_chunk_length": 57,
    "hidden_size": 144,
    "layer_size": 1,
    "dropout": 0.2690524261592101,
    "batch_size": 36,
    "lr": 0.0009745310152638202,
    "overall_smape_val": 47.605719465886324,
    "metrics": {
        "MSE": {
            "Temperature": 1.7671595971520626,
            "Precipitation_accumulated": 14.32106475785265,
            "Humidity": 3.3283430951708217,
            "Wind_Speed_kmh": 0.07402494697192856,
            "Soil_Moisture": 18978.0049669698,
            "Soil_Temperature": 1.3159059139588811,
            "Wind_Dir_Sin": 0.04583156832980423,
            "Wind_Dir_Cos": 0.04429934854265957
        },
        "RMSE": {
            "Temperature": 1.3293455521993003,
            "Precipitation_accumulated": 3.7843182685726435,
            "Humidity": 1.8243747134760506,
            "Wind_Speed_kmh": 0.27207525975716457,
            "Soil_Moisture": 137.76068004684717,
            "Soil_Temperature": 1.1471294233689941,
            "Wind_Dir_Sin": 0.21408308744458127,
            "Wind_Dir_Cos": 0.21047410420918666
        },
        "MAE": {
            "Temperature": 1.169184194461626,
            "Precipitation_accumulated": 2.794050686731131,
            "Humidity": 1.2034369870014865,
            "Wind_Speed_kmh": 0.14573182653566102,
            "Soil_Moisture": 64.30019794207006,
            "Soil_Temperature": 1.0479478540685276,
            "Wind_Dir_Sin": 0.09835346700824667,
            "Wind_Dir_Cos": 0.09841481994360275
        },
        "R2": {
            "Temperature": 0.4809109952516434,
            "Precipitation_accumulated": -14.08840723439946,
            "Humidity": 0.9488172788902112,
            "Wind_Speed_kmh": 0.7824766595508168,
            "Soil_Moisture": 0.9743530133914217,
            "Soil_Temperature": 0.7655279478081833,
            "Wind_Dir_Sin": 0.7146565960858282,
            "Wind_Dir_Cos": 0.8456968511708954
        },
        "SMAPE": {
            "Temperature": 20.90157356319285,
            "Precipitation_accumulated": 0.6101516422934692,
            "Humidity": 1.4549535781298266,
            "Wind_Speed_kmh": 164.306699892495,
            "Soil_Moisture": 1.025496506007223,
            "Soil_Temperature": 21.922753528984977,
            "Wind_Dir_Sin": 142.5943367204383,
            "Wind_Dir_Cos": 28.02979029554891
        }
    }
}