{
    "trial_number": 30,
    "input_chunk_length": 67,
    "hidden_size": 185,
    "layer_size": 1,
    "dropout": 0.33010330544790906,
    "batch_size": 34,
    "lr": 5.719327422547642e-05,
    "overall_smape_val": 47.15666821034671,
    "metrics": {
        "MSE": {
            "Temperature": 0.9720201801162099,
            "Precipitation_accumulated": 67.68745728021764,
            "Humidity": 9.120018997926516,
            "Wind_Speed_kmh": 0.10649905102679016,
            "Soil_Moisture": 42543.24309335777,
            "Soil_Temperature": 0.645307448999529,
            "Wind_Dir_Sin": 0.057952990463625675,
            "Wind_Dir_Cos": 0.05398297241456176
        },
        "RMSE": {
            "Temperature": 0.9859108378125326,
            "Precipitation_accumulated": 8.227238739711984,
            "Humidity": 3.0199369195277104,
            "Wind_Speed_kmh": 0.3263419234894441,
            "Soil_Moisture": 206.260134522786,
            "Soil_Temperature": 0.8033103067927916,
            "Wind_Dir_Sin": 0.24073427355411126,
            "Wind_Dir_Cos": 0.232342360353341
        },
        "MAE": {
            "Temperature": 0.6619797261181907,
            "Precipitation_accumulated": 6.042399434307684,
            "Humidity": 1.946192534811039,
            "Wind_Speed_kmh": 0.1625137316179133,
            "Soil_Moisture": 89.38886723957076,
            "Soil_Temperature": 0.574714895189243,
            "Wind_Dir_Sin": 0.12434372813183105,
            "Wind_Dir_Cos": 0.11897763238644808
        },
        "R2": {
            "Temperature": 0.7144768425528776,
            "Precipitation_accumulated": -70.31424495130045,
            "Humidity": 0.8597538247892406,
            "Wind_Speed_kmh": 0.6870510512786947,
            "Soil_Moisture": 0.9425068131344759,
            "Soil_Temperature": 0.8850171883441253,
            "Wind_Dir_Sin": 0.6391896640564487,
            "Wind_Dir_Cos": 0.8119669272630463
        },
        "SMAPE": {
            "Temperature": 12.963574117321121,
            "Precipitation_accumulated": 1.3232502254083978,
            "Humidity": 2.291370009190885,
            "Wind_Speed_kmh": 158.77051566832134,
            "Soil_Moisture": 1.4180874344236944,
            "Soil_Temperature": 18.404645881760985,
            "Wind_Dir_Sin": 148.1786233336389,
            "Wind_Dir_Cos": 33.90327901270817
        }
    }
}