{
    "trial_number": 27,
    "input_chunk_length": 62,
    "output_chunk_length": 12,
    "hidden_size": 159,
    "layer_size": 1,
    "dropout": 0.18311146930988745,
    "batch_size": 110,
    "lr": 0.000561489084794622,
    "loss_function": "smoothl1",
    "optimizer": "Adam",
    "overall_mae_val": 0.1343739263857888,
    "metrics": {
        "MSE": {
            "Temperature": 10.822443497189663,
            "Precipitation_accumulated": 1855.9654239822646,
            "Humidity": 117.05786756252824,
            "Wind_Speed_kmh": 1.3461124161831315,
            "Soil_Moisture": 52702.47046466989,
            "Soil_Temperature": 12.062573396798976,
            "Wind_Dir_Sin": 0.5826907587755481,
            "Wind_Dir_Cos": 0.3785199825563904
        },
        "RMSE": {
            "Temperature": 3.289748242220013,
            "Precipitation_accumulated": 43.080917167375446,
            "Humidity": 10.81932842474653,
            "Wind_Speed_kmh": 1.1602208480212426,
            "Soil_Moisture": 229.57018635848578,
            "Soil_Temperature": 3.473121563780769,
            "Wind_Dir_Sin": 0.7633418361229444,
            "Wind_Dir_Cos": 0.6152397764744981
        },
        "MAE": {
            "Temperature": 2.5954085160895177,
            "Precipitation_accumulated": 38.03829573861559,
            "Humidity": 8.784301833454977,
            "Wind_Speed_kmh": 0.9378365138311813,
            "Soil_Moisture": 191.57378829562796,
            "Soil_Temperature": 2.811053597585315,
            "Wind_Dir_Sin": 0.6803339025083132,
            "Wind_Dir_Cos": 0.514657992419951
        },
        "R2": {
            "Temperature": 0.6440513631747546,
            "Precipitation_accumulated": -581.0936432646424,
            "Humidity": 0.20383576363312605,
            "Wind_Speed_kmh": 0.004148276585461019,
            "Soil_Moisture": -0.1188987722827044,
            "Soil_Temperature": 0.24489155240898297,
            "Wind_Dir_Sin": -0.06357654458928774,
            "Wind_Dir_Cos": -0.029538346018996853
        },
        "SMAPE": {
            "Temperature": 39.004751726911,
            "Precipitation_accumulated": 8.631293225388486,
            "Humidity": 10.409231887789318,
            "Wind_Speed_kmh": 74.55853069807529,
            "Soil_Moisture": 2.2585025655620226,
            "Soil_Temperature": 59.63904108480754,
            "Wind_Dir_Sin": 148.18610077360654,
            "Wind_Dir_Cos": 117.20801840301722
        }
    }
}