{
    "trial_number": 52,
    "input_chunk_length": 61,
    "output_chunk_length": 2,
    "hidden_size": 79,
    "layer_size": 1,
    "dropout": 0.14779405244432603,
    "batch_size": 122,
    "lr": 0.002890416189489565,
    "loss_function": "smoothl1",
    "optimizer": "Adam",
    "overall_mae_val": 0.12458394399267281,
    "metrics": {
        "MSE": {
            "Temperature": 7.021822869839496,
            "Precipitation_accumulated": 4435.133965958387,
            "Humidity": 58.48818821348277,
            "Wind_Speed_kmh": 1.1297592988032101,
            "Soil_Moisture": 73309.38528573328,
            "Soil_Temperature": 8.472544973316573,
            "Wind_Dir_Sin": 0.48933459429233955,
            "Wind_Dir_Cos": 0.34246017211694807
        },
        "RMSE": {
            "Temperature": 2.6498722365124503,
            "Precipitation_accumulated": 66.59680146942785,
            "Humidity": 7.647757070768054,
            "Wind_Speed_kmh": 1.0629013589243408,
            "Soil_Moisture": 270.7570595307411,
            "Soil_Temperature": 2.910763640922528,
            "Wind_Dir_Sin": 0.6995245487417433,
            "Wind_Dir_Cos": 0.5852009672898261
        },
        "MAE": {
            "Temperature": 2.1066622312336496,
            "Precipitation_accumulated": 54.604489604860284,
            "Humidity": 6.142739064917777,
            "Wind_Speed_kmh": 0.8595017658068816,
            "Soil_Moisture": 222.73194298634596,
            "Soil_Temperature": 2.469210473909383,
            "Wind_Dir_Sin": 0.5813792493928599,
            "Wind_Dir_Cos": 0.4939180461779104
        },
        "R2": {
            "Temperature": 0.7700270796894423,
            "Precipitation_accumulated": -1362.7132563416296,
            "Humidity": 0.6019476358494291,
            "Wind_Speed_kmh": 0.1620595329536073,
            "Soil_Moisture": -0.47622776594753113,
            "Soil_Temperature": 0.4723582148812797,
            "Wind_Dir_Sin": 0.10852873406049868,
            "Wind_Dir_Cos": 0.0693787871399042
        },
        "SMAPE": {
            "Temperature": 33.80413898851263,
            "Precipitation_accumulated": 12.860025097065602,
            "Humidity": 7.2730356556761455,
            "Wind_Speed_kmh": 69.83590841451715,
            "Soil_Moisture": 2.603506218041176,
            "Soil_Temperature": 42.67392612788961,
            "Wind_Dir_Sin": 119.52266663243083,
            "Wind_Dir_Cos": 122.67235979641947
        }
    }
}