{
    "trial_number": 25,
    "input_chunk_length": 49,
    "output_chunk_length": 21,
    "hidden_size": 187,
    "layer_size": 2,
    "dropout": 0.3122971523073942,
    "batch_size": 178,
    "lr": 0.0024243952161254645,
    "loss_function": "huber",
    "optimizer": "Adam",
    "overall_mae_val": 0.16693544668399973,
    "metrics": {
        "MSE": {
            "Temperature": 25.55071730184752,
            "Precipitation_accumulated": 24469.386400697524,
            "Humidity": 99.77663123808684,
            "Wind_Speed_kmh": 1.5431616776147383,
            "Soil_Moisture": 88017.58212242377,
            "Soil_Temperature": 29.04771279419976,
            "Wind_Dir_Sin": 0.6181400480329652,
            "Wind_Dir_Cos": 0.4179099127781135
        },
        "RMSE": {
            "Temperature": 5.054771735879625,
            "Precipitation_accumulated": 156.42693630157666,
            "Humidity": 9.988825318228708,
            "Wind_Speed_kmh": 1.2422405876539127,
            "Soil_Moisture": 296.6775726650462,
            "Soil_Temperature": 5.389593008214977,
            "Wind_Dir_Sin": 0.7862188296097755,
            "Wind_Dir_Cos": 0.6464595213763299
        },
        "MAE": {
            "Temperature": 4.021014073908285,
            "Precipitation_accumulated": 106.76214693847758,
            "Humidity": 8.117616744539648,
            "Wind_Speed_kmh": 0.9788732640755361,
            "Soil_Moisture": 233.93028871834517,
            "Soil_Temperature": 4.673191628385497,
            "Wind_Dir_Sin": 0.7257525896174679,
            "Wind_Dir_Cos": 0.5286442163181686
        },
        "R2": {
            "Temperature": 0.1626274806106217,
            "Precipitation_accumulated": -7617.407452148296,
            "Humidity": 0.32164089469450163,
            "Wind_Speed_kmh": -0.14391972786913665,
            "Soil_Moisture": -0.8330642884339594,
            "Soil_Temperature": -0.8117828260878752,
            "Wind_Dir_Sin": -0.12955579891892288,
            "Wind_Dir_Cos": -0.13381911135065838
        },
        "SMAPE": {
            "Temperature": 56.35605453107781,
            "Precipitation_accumulated": 31.332317270174688,
            "Humidity": 9.641218409642176,
            "Wind_Speed_kmh": 78.99644695269784,
            "Soil_Moisture": 2.7494804874978422,
            "Soil_Temperature": 95.5950447458044,
            "Wind_Dir_Sin": 177.93769553348764,
            "Wind_Dir_Cos": 112.18057896251703
        }
    }
}