{
    "trial_number": 0,
    "input_chunk_length": 68,
    "output_chunk_length": 21,
    "hidden_size": 118,
    "layer_size": 3,
    "dropout": 0.14342683499491835,
    "batch_size": 235,
    "lr": 2.4531424786697702e-05,
    "loss_function": "huber",
    "optimizer": "SGD",
    "overall_mae_val": 0.5348403913380586,
    "metrics": {
        "MSE": {
            "Temperature": 124.55492216306634,
            "Precipitation_accumulated": 221908.88307387815,
            "Humidity": 5046.419375703579,
            "Wind_Speed_kmh": 2.9489325265950153,
            "Soil_Moisture": 8492053.975522118,
            "Soil_Temperature": 182.5527485378271,
            "Wind_Dir_Sin": 2.2719458545246036,
            "Wind_Dir_Cos": 1.143836558703658
        },
        "RMSE": {
            "Temperature": 11.160417651820488,
            "Precipitation_accumulated": 471.0720571991913,
            "Humidity": 71.03815436583061,
            "Wind_Speed_kmh": 1.7172456220922547,
            "Soil_Moisture": 2914.112896838782,
            "Soil_Temperature": 13.511208256030514,
            "Wind_Dir_Sin": 1.5072975335097591,
            "Wind_Dir_Cos": 1.0695029493665074
        },
        "MAE": {
            "Temperature": 9.70555164722756,
            "Precipitation_accumulated": 471.070503844244,
            "Humidity": 69.98988232710495,
            "Wind_Speed_kmh": 1.3117376658185638,
            "Soil_Moisture": 2906.9961993968727,
            "Soil_Temperature": 12.89419179881799,
            "Wind_Dir_Sin": 1.3128718216769215,
            "Wind_Dir_Cos": 0.8813286531796873
        },
        "R2": {
            "Temperature": -3.098207327539593,
            "Precipitation_accumulated": -71628.56272989427,
            "Humidity": -33.175211499019795,
            "Wind_Speed_kmh": -1.1830901971862318,
            "Soil_Moisture": -196.47182970603092,
            "Soil_Temperature": -10.510434287601871,
            "Wind_Dir_Sin": -3.1420643580444736,
            "Wind_Dir_Cos": -2.113914995445257
        },
        "SMAPE": {
            "Temperature": 198.17136469499462,
            "Precipitation_accumulated": 200.0,
            "Humidity": 133.96063460238668,
            "Wind_Speed_kmh": 130.3408542265514,
            "Soil_Moisture": 40.64122659765435,
            "Soil_Temperature": 200.0,
            "Wind_Dir_Sin": 145.94238933059216,
            "Wind_Dir_Cos": 114.2393397313186
        }
    }
}