{
    "trial_number": 44,
    "input_chunk_length": 43,
    "hidden_size": 32,
    "layer_size": 1,
    "dropout": 0.2566811007824933,
    "batch_size": 27,
    "lr": 0.0006523269075700478,
    "overall_smape_val": 44.04914754004126,
    "metrics": {
        "MSE": {
            "Temperature": 0.5068763068787199,
            "Precipitation_accumulated": 17.610339660330958,
            "Humidity": 3.023752818456808,
            "Wind_Speed_kmh": 0.068100072829163,
            "Soil_Moisture": 17801.606011673528,
            "Soil_Temperature": 0.514970603142346,
            "Wind_Dir_Sin": 0.047443503786284785,
            "Wind_Dir_Cos": 0.04480569952847859
        },
        "RMSE": {
            "Temperature": 0.7119524611086894,
            "Precipitation_accumulated": 4.196467521658062,
            "Humidity": 1.7388941366445538,
            "Wind_Speed_kmh": 0.26095990655493995,
            "Soil_Moisture": 133.42265928871876,
            "Soil_Temperature": 0.7176145226668326,
            "Wind_Dir_Sin": 0.21781529741109734,
            "Wind_Dir_Cos": 0.21167356832745696
        },
        "MAE": {
            "Temperature": 0.5125571574640988,
            "Precipitation_accumulated": 2.926642842783197,
            "Humidity": 1.0855969123523892,
            "Wind_Speed_kmh": 0.11297591932134825,
            "Soil_Moisture": 67.51147464147098,
            "Soil_Temperature": 0.482576532550792,
            "Wind_Dir_Sin": 0.10060935566847586,
            "Wind_Dir_Cos": 0.09944595677405364
        },
        "R2": {
            "Temperature": 0.851109136892769,
            "Precipitation_accumulated": -17.553926039994465,
            "Humidity": 0.9535012188387179,
            "Wind_Speed_kmh": 0.7998869849613042,
            "Soil_Moisture": 0.9759428058013899,
            "Soil_Temperature": 0.9082409974327265,
            "Wind_Dir_Sin": 0.7046208245247882,
            "Wind_Dir_Cos": 0.8439331333263913
        },
        "SMAPE": {
            "Temperature": 9.035802829079289,
            "Precipitation_accumulated": 0.6349364965552645,
            "Humidity": 1.2813410819995394,
            "Wind_Speed_kmh": 152.42043365028576,
            "Soil_Moisture": 1.0952286870081376,
            "Soil_Temperature": 17.17467910803115,
            "Wind_Dir_Sin": 142.66514109523644,
            "Wind_Dir_Cos": 28.085617372134497
        }
    }
}