{
    "trial_number": 18,
    "input_chunk_length": 29,
    "training_length": 36,
    "hidden_size": 182,
    "layer_size": 1,
    "dropout": 0.3087259341062861,
    "batch_size": 43,
    "lr": 5.752901565560998e-05,
    "forecast_horizon": 5,
    "overall_smape_val": 48.883880630603656,
    "metrics": {
        "MSE": {
            "Temperature": 0.8427673897348986,
            "Precipitation_accumulated": 53.94918852652137,
            "Humidity": 12.642568123889316,
            "Wind_Speed_kmh": 0.12535912123957368,
            "Soil_Moisture": 53780.98506984637,
            "Soil_Temperature": 0.6909639123670199,
            "Wind_Dir_Sin": 0.07626480512296062,
            "Wind_Dir_Cos": 0.08027067274801392
        },
        "RMSE": {
            "Temperature": 0.9180236324490229,
            "Precipitation_accumulated": 7.345011131817389,
            "Humidity": 3.555638919222439,
            "Wind_Speed_kmh": 0.3540609004671,
            "Soil_Moisture": 231.90727687989087,
            "Soil_Temperature": 0.8312423908626292,
            "Wind_Dir_Sin": 0.2761608319855671,
            "Wind_Dir_Cos": 0.2833207947680754
        },
        "MAE": {
            "Temperature": 0.6662389409205652,
            "Precipitation_accumulated": 5.950051364924147,
            "Humidity": 2.5870277554714343,
            "Wind_Speed_kmh": 0.16861625958483265,
            "Soil_Moisture": 104.72530934575464,
            "Soil_Temperature": 0.6349912834731458,
            "Wind_Dir_Sin": 0.1449635708539896,
            "Wind_Dir_Cos": 0.14661162812267292
        },
        "R2": {
            "Temperature": 0.7521243911419349,
            "Precipitation_accumulated": -55.812094153127106,
            "Humidity": 0.8056185817598805,
            "Wind_Speed_kmh": 0.6324008429601113,
            "Soil_Moisture": 0.9274628588745091,
            "Soil_Temperature": 0.8767602064329972,
            "Wind_Dir_Sin": 0.5261224979656104,
            "Wind_Dir_Cos": 0.7208721173945801
        },
        "SMAPE": {
            "Temperature": 11.356254391898188,
            "Precipitation_accumulated": 1.2957529243010353,
            "Humidity": 3.0867423189975582,
            "Wind_Speed_kmh": 165.15655059073796,
            "Soil_Moisture": 1.6666862367196649,
            "Soil_Temperature": 17.039913518595633,
            "Wind_Dir_Sin": 152.52791052931286,
            "Wind_Dir_Cos": 38.94123453426628
        }
    }
}