{
    "trial_number": 44,
    "input_chunk_length": 69,
    "training_length": 92,
    "hidden_size": 243,
    "layer_size": 1,
    "dropout": 0.327123212409494,
    "batch_size": 53,
    "lr": 0.00022351211036987742,
    "forecast_horizon": 2,
    "overall_smape_val": 44.61130859998294,
    "metrics": {
        "MSE": {
            "Temperature": 0.4870500665050858,
            "Precipitation_accumulated": 29.26045193929731,
            "Humidity": 4.0170362609464405,
            "Wind_Speed_kmh": 0.08647217121486807,
            "Soil_Moisture": 25194.53591115972,
            "Soil_Temperature": 0.3329236049720028,
            "Wind_Dir_Sin": 0.057198396725634315,
            "Wind_Dir_Cos": 0.04990576026766867
        },
        "RMSE": {
            "Temperature": 0.6978897237422871,
            "Precipitation_accumulated": 5.40929310902056,
            "Humidity": 2.0042545399590446,
            "Wind_Speed_kmh": 0.29406150923721397,
            "Soil_Moisture": 158.72786746869537,
            "Soil_Temperature": 0.5769953249134717,
            "Wind_Dir_Sin": 0.239161863025095,
            "Wind_Dir_Cos": 0.2233959719145998
        },
        "MAE": {
            "Temperature": 0.4212271919904601,
            "Precipitation_accumulated": 3.2726197180038468,
            "Humidity": 1.2188198142158937,
            "Wind_Speed_kmh": 0.1190649572143978,
            "Soil_Moisture": 52.368092843367144,
            "Soil_Temperature": 0.3980915171693107,
            "Wind_Dir_Sin": 0.11302517145890162,
            "Wind_Dir_Cos": 0.1019540468138555
        },
        "R2": {
            "Temperature": 0.8569329365088518,
            "Precipitation_accumulated": -29.82826746388446,
            "Humidity": 0.9382266669171682,
            "Wind_Speed_kmh": 0.7459003172851342,
            "Soil_Moisture": 0.9659519572132332,
            "Soil_Temperature": 0.9406786761478736,
            "Wind_Dir_Sin": 0.6438876997907125,
            "Wind_Dir_Cos": 0.8261686411348438
        },
        "SMAPE": {
            "Temperature": 7.6021482933271844,
            "Precipitation_accumulated": 0.7088068170851202,
            "Humidity": 1.4406010578834514,
            "Wind_Speed_kmh": 155.61010872190354,
            "Soil_Moisture": 0.817279298904509,
            "Soil_Temperature": 14.437114641345946,
            "Wind_Dir_Sin": 146.78102556181338,
            "Wind_Dir_Cos": 29.49338440760042
        }
    }
}