{
    "trial_number": 43,
    "input_chunk_length": 69,
    "training_length": 92,
    "hidden_size": 200,
    "layer_size": 1,
    "dropout": 0.3857291920031598,
    "batch_size": 18,
    "lr": 0.00014415870573797294,
    "forecast_horizon": 4,
    "overall_smape_val": 46.56296781338503,
    "metrics": {
        "MSE": {
            "Temperature": 0.6564782104076917,
            "Precipitation_accumulated": 22.28332737784277,
            "Humidity": 6.491153818322957,
            "Wind_Speed_kmh": 0.11264335870910762,
            "Soil_Moisture": 39843.45154573596,
            "Soil_Temperature": 0.47415158267042334,
            "Wind_Dir_Sin": 0.06466773495815535,
            "Wind_Dir_Cos": 0.06508037861976657
        },
        "RMSE": {
            "Temperature": 0.8102334295792119,
            "Precipitation_accumulated": 4.720521939133719,
            "Humidity": 2.547774287161827,
            "Wind_Speed_kmh": 0.3356238351325895,
            "Soil_Moisture": 199.60824518475172,
            "Soil_Temperature": 0.6885866558904721,
            "Wind_Dir_Sin": 0.2542985154462278,
            "Wind_Dir_Cos": 0.2551085624195444
        },
        "MAE": {
            "Temperature": 0.539181889861457,
            "Precipitation_accumulated": 3.1640538250799892,
            "Humidity": 1.5377432827329378,
            "Wind_Speed_kmh": 0.13594368163227927,
            "Soil_Moisture": 72.96956544196861,
            "Soil_Temperature": 0.4664444091945197,
            "Wind_Dir_Sin": 0.12435952607515845,
            "Wind_Dir_Cos": 0.12609052711821347
        },
        "R2": {
            "Temperature": 0.8069910527227736,
            "Precipitation_accumulated": -22.46963670538861,
            "Humidity": 0.9001885266759452,
            "Wind_Speed_kmh": 0.6694574053483524,
            "Soil_Moisture": 0.9462255849816057,
            "Soil_Temperature": 0.9154587406001718,
            "Wind_Dir_Sin": 0.5979159717599953,
            "Wind_Dir_Cos": 0.7735667477542818
        },
        "SMAPE": {
            "Temperature": 9.423528965771993,
            "Precipitation_accumulated": 0.6852881461625511,
            "Humidity": 1.8046653133239139,
            "Wind_Speed_kmh": 158.80576134384108,
            "Soil_Moisture": 1.1595957285418408,
            "Soil_Temperature": 15.506964286556883,
            "Wind_Dir_Sin": 150.7577136495687,
            "Wind_Dir_Cos": 34.36022507331315
        }
    }
}