{
    "trial_number": 9,
    "input_chunk_length": 56,
    "hidden_size": 70,
    "layer_size": 4,
    "dropout": 0.383940987851385,
    "batch_size": 59,
    "lr": 4.0231877293165734e-05,
    "overall_smape_val": 54.38660383363761,
    "metrics": {
        "MSE": {
            "Temperature": 2.5259995076550874,
            "Precipitation_accumulated": 185.98133080450506,
            "Humidity": 57.54745332080299,
            "Wind_Speed_kmh": 0.22328841762846355,
            "Soil_Moisture": 201093.10913605004,
            "Soil_Temperature": 2.523388636108629,
            "Wind_Dir_Sin": 0.15797422000375363,
            "Wind_Dir_Cos": 0.1628073576849126
        },
        "RMSE": {
            "Temperature": 1.5893393305569101,
            "Precipitation_accumulated": 13.637497233895413,
            "Humidity": 7.5860037780641125,
            "Wind_Speed_kmh": 0.47253403859242094,
            "Soil_Moisture": 448.43406330925626,
            "Soil_Temperature": 1.58851774812516,
            "Wind_Dir_Sin": 0.3974597086545423,
            "Wind_Dir_Cos": 0.4034939376061462
        },
        "MAE": {
            "Temperature": 1.2345668471995375,
            "Precipitation_accumulated": 8.739909041205415,
            "Humidity": 6.65326633389495,
            "Wind_Speed_kmh": 0.19427242226820454,
            "Soil_Moisture": 285.59559174587986,
            "Soil_Temperature": 1.2499270289690194,
            "Wind_Dir_Sin": 0.23456889455581897,
            "Wind_Dir_Cos": 0.21815747330864987
        },
        "R2": {
            "Temperature": 0.2580078378112167,
            "Precipitation_accumulated": -194.94646799116202,
            "Humidity": 0.11504458234162929,
            "Wind_Speed_kmh": 0.3438638665344216,
            "Soil_Moisture": 0.7282415993637956,
            "Soil_Temperature": 0.5503750642734875,
            "Wind_Dir_Sin": 0.016466088566211012,
            "Wind_Dir_Cos": 0.4329106686718758
        },
        "SMAPE": {
            "Temperature": 20.512501545579422,
            "Precipitation_accumulated": 1.8569444019157837,
            "Humidity": 7.925969607478117,
            "Wind_Speed_kmh": 171.11539916295467,
            "Soil_Moisture": 4.58196429548405,
            "Soil_Temperature": 25.206423728086744,
            "Wind_Dir_Sin": 162.08432503772815,
            "Wind_Dir_Cos": 41.80930288987389
        }
    }
}