{
    "trial_number": 42,
    "input_chunk_length": 46,
    "hidden_size": 143,
    "layer_size": 1,
    "dropout": 0.29215194085608903,
    "batch_size": 39,
    "lr": 0.001842323792691702,
    "overall_smape_val": 44.29866281123782,
    "metrics": {
        "MSE": {
            "Temperature": 0.6743503247508191,
            "Precipitation_accumulated": 106.90885766237818,
            "Humidity": 3.312879465270985,
            "Wind_Speed_kmh": 0.06820348618804498,
            "Soil_Moisture": 18013.998773407504,
            "Soil_Temperature": 0.6828188618578682,
            "Wind_Dir_Sin": 0.04909149599459632,
            "Wind_Dir_Cos": 0.04519603807892966
        },
        "RMSE": {
            "Temperature": 0.821188361309888,
            "Precipitation_accumulated": 10.33967396305987,
            "Humidity": 1.8201317164620217,
            "Wind_Speed_kmh": 0.26115797171069655,
            "Soil_Moisture": 134.2162388588188,
            "Soil_Temperature": 0.826328543533302,
            "Wind_Dir_Sin": 0.2215660082110889,
            "Wind_Dir_Cos": 0.21259359839592928
        },
        "MAE": {
            "Temperature": 0.6571320786648179,
            "Precipitation_accumulated": 9.811701521105846,
            "Humidity": 1.3247172393095772,
            "Wind_Speed_kmh": 0.10595516084958054,
            "Soil_Moisture": 63.275161113880166,
            "Soil_Temperature": 0.7103304542240066,
            "Wind_Dir_Sin": 0.11788020114542812,
            "Wind_Dir_Cos": 0.11708231255093955
        },
        "R2": {
            "Temperature": 0.8019149829530012,
            "Precipitation_accumulated": -111.63718226606778,
            "Humidity": 0.9490550760865569,
            "Wind_Speed_kmh": 0.7995831033620427,
            "Soil_Moisture": 0.9756557769843235,
            "Soil_Temperature": 0.8783332925881981,
            "Wind_Dir_Sin": 0.6943605667269366,
            "Wind_Dir_Cos": 0.8425735091010828
        },
        "SMAPE": {
            "Temperature": 11.387248984993716,
            "Precipitation_accumulated": 2.11044313349401,
            "Humidity": 1.5879344266801803,
            "Wind_Speed_kmh": 146.20402315417934,
            "Soil_Moisture": 1.0244689185955387,
            "Soil_Temperature": 16.608148951328808,
            "Wind_Dir_Sin": 145.4301028168249,
            "Wind_Dir_Cos": 30.036932103806055
        }
    }
}