{
    "trial_number": 63,
    "input_chunk_length": 44,
    "output_chunk_length": 4,
    "hidden_size": 79,
    "layer_size": 1,
    "dropout": 0.19713220511804186,
    "batch_size": 117,
    "lr": 0.003618205498041203,
    "loss_function": "smoothl1",
    "optimizer": "Adam",
    "overall_mae_val": 0.12798497005775478,
    "metrics": {
        "MSE": {
            "Temperature": 10.583047562072458,
            "Precipitation_accumulated": 2314.7491852042212,
            "Humidity": 60.45354701957412,
            "Wind_Speed_kmh": 1.2192097618009368,
            "Soil_Moisture": 60654.454478833206,
            "Soil_Temperature": 7.97957971668691,
            "Wind_Dir_Sin": 0.5551731198676385,
            "Wind_Dir_Cos": 0.3502343838461404
        },
        "RMSE": {
            "Temperature": 3.253159627511761,
            "Precipitation_accumulated": 48.11184038471425,
            "Humidity": 7.775187908955906,
            "Wind_Speed_kmh": 1.1041783197477375,
            "Soil_Moisture": 246.2812507659347,
            "Soil_Temperature": 2.824814988045573,
            "Wind_Dir_Sin": 0.7450994026756689,
            "Wind_Dir_Cos": 0.591806035662142
        },
        "MAE": {
            "Temperature": 2.5654991642782234,
            "Precipitation_accumulated": 40.73899819899002,
            "Humidity": 6.3611872945753625,
            "Wind_Speed_kmh": 0.8842100809694458,
            "Soil_Moisture": 211.08125131832927,
            "Soil_Temperature": 2.318203979283239,
            "Wind_Dir_Sin": 0.6587852021564641,
            "Wind_Dir_Cos": 0.5066174051546415
        },
        "R2": {
            "Temperature": 0.6531627956640444,
            "Precipitation_accumulated": -692.8684385312465,
            "Humidity": 0.5877574855285255,
            "Wind_Speed_kmh": 0.09462817141078705,
            "Soil_Moisture": -0.13931242120859078,
            "Soil_Temperature": 0.504519003204803,
            "Wind_Dir_Sin": -0.009186433776896763,
            "Wind_Dir_Cos": 0.046070316972834036
        },
        "SMAPE": {
            "Temperature": 37.91460680091633,
            "Precipitation_accumulated": 9.327054258869522,
            "Humidity": 7.581421050410117,
            "Wind_Speed_kmh": 72.29325593200232,
            "Soil_Moisture": 2.489289679236799,
            "Soil_Temperature": 45.591460144915,
            "Wind_Dir_Sin": 143.75553903660622,
            "Wind_Dir_Cos": 128.1756215371367
        }
    }
}