{
    "trial_number": 56,
    "input_chunk_length": 57,
    "output_chunk_length": 5,
    "hidden_size": 81,
    "layer_size": 1,
    "dropout": 0.12426087371937962,
    "batch_size": 156,
    "lr": 0.002979841405753369,
    "loss_function": "smoothl1",
    "optimizer": "Adam",
    "overall_mae_val": 0.13375374792630385,
    "metrics": {
        "MSE": {
            "Temperature": 10.363445023293401,
            "Precipitation_accumulated": 1456.6106534991432,
            "Humidity": 109.40972347263966,
            "Wind_Speed_kmh": 1.3114946965906535,
            "Soil_Moisture": 103134.20710599233,
            "Soil_Temperature": 11.435446811238924,
            "Wind_Dir_Sin": 0.6174344416174871,
            "Wind_Dir_Cos": 0.3571442364158073
        },
        "RMSE": {
            "Temperature": 3.219230501733823,
            "Precipitation_accumulated": 38.165568952907584,
            "Humidity": 10.459910299454755,
            "Wind_Speed_kmh": 1.1452050893139856,
            "Soil_Moisture": 321.1451495912593,
            "Soil_Temperature": 3.381633748831905,
            "Wind_Dir_Sin": 0.7857699673679868,
            "Wind_Dir_Cos": 0.5976154586486258
        },
        "MAE": {
            "Temperature": 2.6220516665492988,
            "Precipitation_accumulated": 29.116292435020487,
            "Humidity": 8.463595311809797,
            "Wind_Speed_kmh": 0.8855096791710066,
            "Soil_Moisture": 264.45555512659155,
            "Soil_Temperature": 2.7732145853041796,
            "Wind_Dir_Sin": 0.7021158234003452,
            "Wind_Dir_Cos": 0.5109433721168974
        },
        "R2": {
            "Temperature": 0.6603916146265082,
            "Precipitation_accumulated": -446.094523079622,
            "Humidity": 0.2549547441052067,
            "Wind_Speed_kmh": 0.027268961081045817,
            "Soil_Moisture": -1.0652831180277484,
            "Soil_Temperature": 0.2876621380975931,
            "Wind_Dir_Sin": -0.12376950015873645,
            "Wind_Dir_Cos": 0.028874342870690017
        },
        "SMAPE": {
            "Temperature": 39.85656159085478,
            "Precipitation_accumulated": 6.598137614669468,
            "Humidity": 9.937834004804873,
            "Wind_Speed_kmh": 74.3694265160508,
            "Soil_Moisture": 3.1434871807054545,
            "Soil_Temperature": 50.26234353837218,
            "Wind_Dir_Sin": 153.76644145511952,
            "Wind_Dir_Cos": 126.74587790500708
        }
    }
}