{
    "trial_number": 3,
    "input_chunk_length": 42,
    "output_chunk_length": 23,
    "hidden_size": 253,
    "layer_size": 1,
    "dropout": 0.23708812138257668,
    "batch_size": 87,
    "lr": 5.320101152610614e-06,
    "loss_function": "huber",
    "optimizer": "RMSprop",
    "overall_mae_val": 0.23952003042062833,
    "metrics": {
        "MSE": {
            "Temperature": 67.73785368785444,
            "Precipitation_accumulated": 11777.835857816717,
            "Humidity": 141.25698094831588,
            "Wind_Speed_kmh": 2.2021861594160783,
            "Soil_Moisture": 2376812.7302085604,
            "Soil_Temperature": 34.30860870578578,
            "Wind_Dir_Sin": 0.5878121173462988,
            "Wind_Dir_Cos": 1.0388966772616366
        },
        "RMSE": {
            "Temperature": 8.23030094758718,
            "Precipitation_accumulated": 108.52573822746712,
            "Humidity": 11.885158011079023,
            "Wind_Speed_kmh": 1.483976468619391,
            "Soil_Moisture": 1541.691515903412,
            "Soil_Temperature": 5.857355094732244,
            "Wind_Dir_Sin": 0.7666890617103512,
            "Wind_Dir_Cos": 1.0192628106929227
        },
        "MAE": {
            "Temperature": 7.207662890849292,
            "Precipitation_accumulated": 105.26982212098716,
            "Humidity": 10.366887652759903,
            "Wind_Speed_kmh": 1.1163337979955665,
            "Soil_Moisture": 1527.1461108932756,
            "Soil_Temperature": 5.177677784298507,
            "Wind_Dir_Sin": 0.7113211361872114,
            "Wind_Dir_Cos": 0.8614015880150129
        },
        "R2": {
            "Temperature": -1.2171862096665107,
            "Precipitation_accumulated": -3633.2390659010666,
            "Humidity": 0.039350451505902995,
            "Wind_Speed_kmh": -0.6346469379248147,
            "Soil_Moisture": -47.35891171066689,
            "Soil_Temperature": -1.1362329446949655,
            "Wind_Dir_Sin": -0.07301283494625377,
            "Wind_Dir_Cos": -1.8200745938381062
        },
        "SMAPE": {
            "Temperature": 70.46142393158352,
            "Precipitation_accumulated": 25.763561606034607,
            "Humidity": 12.169321210021135,
            "Wind_Speed_kmh": 98.79051309479085,
            "Soil_Moisture": 19.48026396996634,
            "Soil_Temperature": 60.17184565777096,
            "Wind_Dir_Sin": 186.22588409274567,
            "Wind_Dir_Cos": 148.35964663978373
        }
    }
}