{
    "trial_number": 4,
    "input_chunk_length": 55,
    "output_chunk_length": 18,
    "hidden_size": 208,
    "layer_size": 1,
    "dropout": 0.4738175703824876,
    "batch_size": 161,
    "lr": 2.806197412119607e-06,
    "loss_function": "huber",
    "optimizer": "AdamW",
    "overall_mae_val": 0.4496219557895804,
    "metrics": {
        "MSE": {
            "Temperature": 57.89745530815664,
            "Precipitation_accumulated": 192830.11300314686,
            "Humidity": 3050.7102728081763,
            "Wind_Speed_kmh": 5.870376715805684,
            "Soil_Moisture": 9417506.876789242,
            "Soil_Temperature": 29.087873743485556,
            "Wind_Dir_Sin": 1.104009238458009,
            "Wind_Dir_Cos": 0.7839630725313845
        },
        "RMSE": {
            "Temperature": 7.609037738647157,
            "Precipitation_accumulated": 439.12425690588634,
            "Humidity": 55.233235219459814,
            "Wind_Speed_kmh": 2.422886030296449,
            "Soil_Moisture": 3068.7956720494185,
            "Soil_Temperature": 5.393317508128513,
            "Wind_Dir_Sin": 1.0507184391919697,
            "Wind_Dir_Cos": 0.885416891939263
        },
        "MAE": {
            "Temperature": 6.009960375688081,
            "Precipitation_accumulated": 439.0489751877874,
            "Humidity": 53.91477070254241,
            "Wind_Speed_kmh": 2.1359464845167033,
            "Soil_Moisture": 3059.8586410180887,
            "Soil_Temperature": 4.584327075389503,
            "Wind_Dir_Sin": 0.9106365623796661,
            "Wind_Dir_Cos": 0.6821187393558497
        },
        "R2": {
            "Temperature": -0.902122109480046,
            "Precipitation_accumulated": -60365.59137918898,
            "Humidity": -19.747110196797216,
            "Wind_Speed_kmh": -3.3452445863319307,
            "Soil_Moisture": -197.96081790006792,
            "Soil_Temperature": -0.8188627405263276,
            "Wind_Dir_Sin": -1.015566621665314,
            "Wind_Dir_Cos": -1.1318783626926465
        },
        "SMAPE": {
            "Temperature": 84.49232971321229,
            "Precipitation_accumulated": 179.24386940048416,
            "Humidity": 88.93123159475672,
            "Wind_Speed_kmh": 200.0,
            "Soil_Moisture": 43.29379413957541,
            "Soil_Temperature": 55.681853981258854,
            "Wind_Dir_Sin": 145.68427386717843,
            "Wind_Dir_Cos": 105.58940442329549
        }
    }
}