{
    "trial_number": 8,
    "input_chunk_length": 55,
    "hidden_size": 52,
    "layer_size": 4,
    "dropout": 0.2651145697805989,
    "batch_size": 49,
    "lr": 0.0022088921864631254,
    "overall_smape_val": 49.18913407978254,
    "metrics": {
        "MSE": {
            "Temperature": 1.1315319451536154,
            "Precipitation_accumulated": 36.482345528351466,
            "Humidity": 12.712248070588545,
            "Wind_Speed_kmh": 0.1597612560675343,
            "Soil_Moisture": 83107.56158155148,
            "Soil_Temperature": 1.1408172632585314,
            "Wind_Dir_Sin": 0.07340980326994329,
            "Wind_Dir_Cos": 0.06574368437058116
        },
        "RMSE": {
            "Temperature": 1.0637349036078563,
            "Precipitation_accumulated": 6.040061715607835,
            "Humidity": 3.5654239678597195,
            "Wind_Speed_kmh": 0.399701458675765,
            "Soil_Moisture": 288.2838212275387,
            "Soil_Temperature": 1.0680904752213323,
            "Wind_Dir_Sin": 0.2709424353436414,
            "Wind_Dir_Cos": 0.2564053126801026
        },
        "MAE": {
            "Temperature": 0.761776484550793,
            "Precipitation_accumulated": 5.5319133381696135,
            "Humidity": 2.3169393863150365,
            "Wind_Speed_kmh": 0.150134832210472,
            "Soil_Moisture": 131.71000069254046,
            "Soil_Temperature": 0.5797815419673126,
            "Wind_Dir_Sin": 0.12422026456550724,
            "Wind_Dir_Cos": 0.11281921486273833
        },
        "R2": {
            "Temperature": 0.667621536731965,
            "Precipitation_accumulated": -37.437120109802294,
            "Humidity": 0.8045131078525452,
            "Wind_Speed_kmh": 0.530539317949855,
            "Soil_Moisture": 0.8876879565231783,
            "Soil_Temperature": 0.7967257673557061,
            "Wind_Dir_Sin": 0.5429568764703716,
            "Wind_Dir_Cos": 0.7710021061768322
        },
        "SMAPE": {
            "Temperature": 12.739151674692572,
            "Precipitation_accumulated": 1.1988301138600603,
            "Humidity": 2.723808481726491,
            "Wind_Speed_kmh": 165.08241014143283,
            "Soil_Moisture": 2.0472739429244906,
            "Soil_Temperature": 22.779413163420646,
            "Wind_Dir_Sin": 153.6944490699277,
            "Wind_Dir_Cos": 33.24773605027554
        }
    }
}