{
    "trial_number": 37,
    "input_chunk_length": 49,
    "training_length": 71,
    "hidden_size": 54,
    "layer_size": 1,
    "dropout": 0.35855732231631865,
    "batch_size": 16,
    "lr": 0.0004614031923728268,
    "forecast_horizon": 3,
    "overall_smape_val": 46.39255727588893,
    "metrics": {
        "MSE": {
            "Temperature": 0.7737167060992327,
            "Precipitation_accumulated": 23.100370765759735,
            "Humidity": 6.574711576056896,
            "Wind_Speed_kmh": 0.10283208126653454,
            "Soil_Moisture": 34821.507094314635,
            "Soil_Temperature": 0.5236276443767127,
            "Wind_Dir_Sin": 0.06169032446428881,
            "Wind_Dir_Cos": 0.05761378081913399
        },
        "RMSE": {
            "Temperature": 0.8796116791512222,
            "Precipitation_accumulated": 4.806284507367383,
            "Humidity": 2.564120039322827,
            "Wind_Speed_kmh": 0.32067441629561677,
            "Soil_Moisture": 186.60521722158424,
            "Soil_Temperature": 0.7236212022714044,
            "Wind_Dir_Sin": 0.24837537008384872,
            "Wind_Dir_Cos": 0.24002870832284623
        },
        "MAE": {
            "Temperature": 0.6056059055012338,
            "Precipitation_accumulated": 3.6818337828162684,
            "Humidity": 1.6905590406669015,
            "Wind_Speed_kmh": 0.12849749922914233,
            "Soil_Moisture": 83.68517753255664,
            "Soil_Temperature": 0.5300791890441405,
            "Wind_Dir_Sin": 0.11742472177758063,
            "Wind_Dir_Cos": 0.11528048544772981
        },
        "R2": {
            "Temperature": 0.7726183124537946,
            "Precipitation_accumulated": -23.33414059050477,
            "Humidity": 0.8988970312545994,
            "Wind_Speed_kmh": 0.6980371401518528,
            "Soil_Moisture": 0.952972554285178,
            "Soil_Temperature": 0.9066679167200897,
            "Wind_Dir_Sin": 0.6161749710655762,
            "Wind_Dir_Cos": 0.7994326576696044
        },
        "SMAPE": {
            "Temperature": 10.647726836838226,
            "Precipitation_accumulated": 0.7967480446522677,
            "Humidity": 1.988158823676847,
            "Wind_Speed_kmh": 159.03511239003484,
            "Soil_Moisture": 1.2992402232403206,
            "Soil_Temperature": 18.262627759761614,
            "Wind_Dir_Sin": 148.14715534636292,
            "Wind_Dir_Cos": 30.963688782544228
        }
    }
}