{
    "trial_number": 27,
    "input_chunk_length": 68,
    "training_length": 91,
    "hidden_size": 187,
    "layer_size": 2,
    "dropout": 0.37705471067090063,
    "batch_size": 16,
    "lr": 5.588240706842567e-05,
    "forecast_horizon": 2,
    "overall_smape_val": 45.28134501599375,
    "metrics": {
        "MSE": {
            "Temperature": 0.5632036712704546,
            "Precipitation_accumulated": 11.906855089871927,
            "Humidity": 4.731236118414286,
            "Wind_Speed_kmh": 0.09626828923087731,
            "Soil_Moisture": 32277.560760150114,
            "Soil_Temperature": 0.3493105077517097,
            "Wind_Dir_Sin": 0.05695367247140045,
            "Wind_Dir_Cos": 0.05037209483093452
        },
        "RMSE": {
            "Temperature": 0.7504689675599215,
            "Precipitation_accumulated": 3.45063111471973,
            "Humidity": 2.175140482454935,
            "Wind_Speed_kmh": 0.3102713155141437,
            "Soil_Moisture": 179.65956907482027,
            "Soil_Temperature": 0.5910249637297139,
            "Wind_Dir_Sin": 0.23864968567211742,
            "Wind_Dir_Cos": 0.2244372848502105
        },
        "MAE": {
            "Temperature": 0.5019829216602459,
            "Precipitation_accumulated": 2.26450799426574,
            "Humidity": 1.2481306566910457,
            "Wind_Speed_kmh": 0.12204879908075339,
            "Soil_Moisture": 66.26742051315162,
            "Soil_Temperature": 0.3807164709071715,
            "Wind_Dir_Sin": 0.1074574900081947,
            "Wind_Dir_Cos": 0.10122888644594424
        },
        "R2": {
            "Temperature": 0.8345634238913373,
            "Precipitation_accumulated": -11.544840870051884,
            "Humidity": 0.9272438171699574,
            "Wind_Speed_kmh": 0.7171142876904786,
            "Soil_Moisture": 0.9563799161179521,
            "Soil_Temperature": 0.9377588087902855,
            "Wind_Dir_Sin": 0.6454113319566674,
            "Wind_Dir_Cos": 0.8245443081844286
        },
        "SMAPE": {
            "Temperature": 8.776307757641703,
            "Precipitation_accumulated": 0.490766358017492,
            "Humidity": 1.4828694183950917,
            "Wind_Speed_kmh": 160.10508823722944,
            "Soil_Moisture": 1.0352563398131331,
            "Soil_Temperature": 12.693190176731765,
            "Wind_Dir_Sin": 147.8627687792178,
            "Wind_Dir_Cos": 29.804513060903624
        }
    }
}