{
    "trial_number": 21,
    "input_chunk_length": 63,
    "hidden_size": 128,
    "layer_size": 2,
    "dropout": 0.2130279512625276,
    "batch_size": 16,
    "lr": 0.001582061276029244,
    "overall_smape_val": 45.07969595696399,
    "metrics": {
        "MSE": {
            "Temperature": 0.7671801686044746,
            "Precipitation_accumulated": 18.277222832201577,
            "Humidity": 5.789911006318504,
            "Wind_Speed_kmh": 0.09280224519434395,
            "Soil_Moisture": 25254.21502816439,
            "Soil_Temperature": 0.2961633700561564,
            "Wind_Dir_Sin": 0.04630604562785607,
            "Wind_Dir_Cos": 0.04650768794361056
        },
        "RMSE": {
            "Temperature": 0.8758882169572065,
            "Precipitation_accumulated": 4.275186876874692,
            "Humidity": 2.406223390776198,
            "Wind_Speed_kmh": 0.3046346093180221,
            "Soil_Moisture": 158.91574820691747,
            "Soil_Temperature": 0.5442089397062092,
            "Wind_Dir_Sin": 0.21518839566262876,
            "Wind_Dir_Cos": 0.21565641178414
        },
        "MAE": {
            "Temperature": 0.5853370413660943,
            "Precipitation_accumulated": 3.1754946215577657,
            "Humidity": 1.7614986548409102,
            "Wind_Speed_kmh": 0.18130526983761103,
            "Soil_Moisture": 76.46998348600395,
            "Soil_Temperature": 0.41969463468960866,
            "Wind_Dir_Sin": 0.10206459672532542,
            "Wind_Dir_Cos": 0.10627020565819222
        },
        "R2": {
            "Temperature": 0.7746469584154343,
            "Precipitation_accumulated": -18.256541735481388,
            "Humidity": 0.9109636861906247,
            "Wind_Speed_kmh": 0.7272993064957822,
            "Soil_Moisture": 0.9658713065064127,
            "Soil_Temperature": 0.9472287247709099,
            "Wind_Dir_Sin": 0.7117025412227729,
            "Wind_Dir_Cos": 0.8380047804190655
        },
        "SMAPE": {
            "Temperature": 9.857700247524917,
            "Precipitation_accumulated": 0.6902036482425233,
            "Humidity": 2.10565374939801,
            "Wind_Speed_kmh": 158.11147252793378,
            "Soil_Moisture": 1.1862266587398829,
            "Soil_Temperature": 13.382170012996891,
            "Wind_Dir_Sin": 144.30960797781972,
            "Wind_Dir_Cos": 30.994532833056244
        }
    }
}