{
    "trial_number": 0,
    "input_chunk_length": 40,
    "training_length": 53,
    "hidden_size": 129,
    "layer_size": 2,
    "dropout": 0.26674465690069815,
    "batch_size": 48,
    "lr": 0.0023072805979340964,
    "forecast_horizon": 24,
    "overall_smape_val": 50.84025833900216,
    "metrics": {
        "MSE": {
            "Temperature": 1.4558302880947602,
            "Precipitation_accumulated": 20.942189063140415,
            "Humidity": 58.45242516026772,
            "Wind_Speed_kmh": 0.16229710467007913,
            "Soil_Moisture": 130535.54084520071,
            "Soil_Temperature": 1.6105034275165286,
            "Wind_Dir_Sin": 0.11811089912516418,
            "Wind_Dir_Cos": 0.17001517424330906
        },
        "RMSE": {
            "Temperature": 1.20657792458455,
            "Precipitation_accumulated": 4.576263657520228,
            "Humidity": 7.645418573254687,
            "Wind_Speed_kmh": 0.4028611481268442,
            "Soil_Moisture": 361.29702579069306,
            "Soil_Temperature": 1.2690561167720396,
            "Wind_Dir_Sin": 0.34367266275507596,
            "Wind_Dir_Cos": 0.41232896362408145
        },
        "MAE": {
            "Temperature": 0.9079512132147308,
            "Precipitation_accumulated": 3.8354299625919337,
            "Humidity": 6.789659307705986,
            "Wind_Speed_kmh": 0.17600295441729313,
            "Soil_Moisture": 148.80194338705527,
            "Soil_Temperature": 0.80737239925962,
            "Wind_Dir_Sin": 0.18025834136852706,
            "Wind_Dir_Cos": 0.2078179147138918
        },
        "R2": {
            "Temperature": 0.5670174950360851,
            "Precipitation_accumulated": -20.988556877953656,
            "Humidity": 0.10211371216255594,
            "Wind_Speed_kmh": 0.5304011054896968,
            "Soil_Moisture": 0.8261522720564185,
            "Soil_Temperature": 0.7108930900871498,
            "Wind_Dir_Sin": 0.2753317496642922,
            "Wind_Dir_Cos": 0.4151000602982772
        },
        "SMAPE": {
            "Temperature": 14.99194060068102,
            "Precipitation_accumulated": 0.8331431687581676,
            "Humidity": 7.88730644403749,
            "Wind_Speed_kmh": 160.1169643240473,
            "Soil_Moisture": 2.267887305591318,
            "Soil_Temperature": 19.52099933567993,
            "Wind_Dir_Sin": 154.84930573157,
            "Wind_Dir_Cos": 46.25451980165171
        }
    }
}