{
    "trial_number": 34,
    "input_chunk_length": 51,
    "hidden_size": 138,
    "layer_size": 1,
    "dropout": 0.22222308069923544,
    "batch_size": 37,
    "lr": 8.338218577833499e-05,
    "overall_smape_val": 46.877431461300866,
    "metrics": {
        "MSE": {
            "Temperature": 0.7301117623448391,
            "Precipitation_accumulated": 36.91482643762181,
            "Humidity": 6.960636483894645,
            "Wind_Speed_kmh": 0.10211827505146093,
            "Soil_Moisture": 46954.58633526302,
            "Soil_Temperature": 0.3813765521303383,
            "Wind_Dir_Sin": 0.054514872746962616,
            "Wind_Dir_Cos": 0.05660848602952729
        },
        "RMSE": {
            "Temperature": 0.8544657759938891,
            "Precipitation_accumulated": 6.075757272770351,
            "Humidity": 2.6383018181956825,
            "Wind_Speed_kmh": 0.31955950158219504,
            "Soil_Moisture": 216.69006976615938,
            "Soil_Temperature": 0.6175569221783027,
            "Wind_Dir_Sin": 0.23348420234988623,
            "Wind_Dir_Cos": 0.23792537912027648
        },
        "MAE": {
            "Temperature": 0.5714421002707719,
            "Precipitation_accumulated": 4.590006757696254,
            "Humidity": 1.8615799763573644,
            "Wind_Speed_kmh": 0.15035970156949202,
            "Soil_Moisture": 108.39460218246295,
            "Soil_Temperature": 0.46686880765604616,
            "Wind_Dir_Sin": 0.11586857917486038,
            "Wind_Dir_Cos": 0.12719352624302524
        },
        "R2": {
            "Temperature": 0.7855355064243021,
            "Precipitation_accumulated": -37.89277394494024,
            "Humidity": 0.8929604593893239,
            "Wind_Speed_kmh": 0.6999240226605521,
            "Soil_Moisture": 0.9365452981465783,
            "Soil_Temperature": 0.9320451850795208,
            "Wind_Dir_Sin": 0.6605950893578623,
            "Wind_Dir_Cos": 0.8028217585097692
        },
        "SMAPE": {
            "Temperature": 10.094195942431288,
            "Precipitation_accumulated": 0.9961655915063031,
            "Humidity": 2.2016593000987816,
            "Wind_Speed_kmh": 162.65755472732022,
            "Soil_Moisture": 1.6818933393564175,
            "Soil_Temperature": 13.643533008355417,
            "Wind_Dir_Sin": 147.93718689228095,
            "Wind_Dir_Cos": 35.80726288905766
        }
    }
}