{
    "trial_number": 11,
    "input_chunk_length": 41,
    "output_chunk_length": 10,
    "hidden_size": 164,
    "layer_size": 1,
    "dropout": 0.24582908364627326,
    "batch_size": 71,
    "lr": 1.1191318013616578e-05,
    "loss_function": "huber",
    "optimizer": "RMSprop",
    "overall_mae_val": 0.1701429642030727,
    "metrics": {
        "MSE": {
            "Temperature": 17.44450394092144,
            "Precipitation_accumulated": 20009.597483003112,
            "Humidity": 131.68166387720512,
            "Wind_Speed_kmh": 1.5389516341619447,
            "Soil_Moisture": 103554.6434886754,
            "Soil_Temperature": 17.74110663030564,
            "Wind_Dir_Sin": 0.7649255957308255,
            "Wind_Dir_Cos": 0.3995412655598424
        },
        "RMSE": {
            "Temperature": 4.176661817878177,
            "Precipitation_accumulated": 141.45528439405547,
            "Humidity": 11.475263128887509,
            "Wind_Speed_kmh": 1.2405448940533932,
            "Soil_Moisture": 321.79907316317025,
            "Soil_Temperature": 4.212019305547595,
            "Wind_Dir_Sin": 0.8746002491028833,
            "Wind_Dir_Cos": 0.6320927665776934
        },
        "MAE": {
            "Temperature": 3.5048155607111613,
            "Precipitation_accumulated": 134.66832495883926,
            "Humidity": 9.971851518746817,
            "Wind_Speed_kmh": 1.0315660892242113,
            "Soil_Moisture": 261.77559958373155,
            "Soil_Temperature": 3.642697173459832,
            "Wind_Dir_Sin": 0.6615116110887623,
            "Wind_Dir_Cos": 0.5214599396336324
        },
        "R2": {
            "Temperature": 0.42750907292068896,
            "Precipitation_accumulated": -6026.805984185521,
            "Humidity": 0.10180327930933142,
            "Wind_Speed_kmh": -0.14379892446082376,
            "Soil_Moisture": -0.9670558348950054,
            "Soil_Temperature": -0.10314605146959943,
            "Wind_Dir_Sin": -0.38885741300855003,
            "Wind_Dir_Cos": -0.08908418412791197
        },
        "SMAPE": {
            "Temperature": 47.860743457431916,
            "Precipitation_accumulated": 34.53293551619131,
            "Humidity": 11.701485317868228,
            "Wind_Speed_kmh": 76.68059258769165,
            "Soil_Moisture": 3.0057648415955334,
            "Soil_Temperature": 47.945913436267496,
            "Wind_Dir_Sin": 101.74521779479936,
            "Wind_Dir_Cos": 116.90134020885674
        }
    }
}