{
    "trial_number": 6,
    "input_chunk_length": 53,
    "hidden_size": 244,
    "layer_size": 3,
    "dropout": 0.3579873588140352,
    "batch_size": 17,
    "lr": 0.0005393509826447783,
    "overall_smape_val": 46.62675432216599,
    "metrics": {
        "MSE": {
            "Temperature": 1.1373549353243018,
            "Precipitation_accumulated": 22.6847492208434,
            "Humidity": 7.36436162154283,
            "Wind_Speed_kmh": 0.11377885187255767,
            "Soil_Moisture": 36317.81395683672,
            "Soil_Temperature": 0.42943616056900624,
            "Wind_Dir_Sin": 0.05092732039023368,
            "Wind_Dir_Cos": 0.05062167966487119
        },
        "RMSE": {
            "Temperature": 1.0664684408477834,
            "Precipitation_accumulated": 4.762850955136367,
            "Humidity": 2.7137357317069086,
            "Wind_Speed_kmh": 0.337311209230523,
            "Soil_Moisture": 190.5723326111026,
            "Soil_Temperature": 0.6553137878673134,
            "Wind_Dir_Sin": 0.22567082308139366,
            "Wind_Dir_Cos": 0.22499262135650402
        },
        "MAE": {
            "Temperature": 0.8324842334376082,
            "Precipitation_accumulated": 3.0451662557014534,
            "Humidity": 2.0181546556614767,
            "Wind_Speed_kmh": 0.14739380530667623,
            "Soil_Moisture": 74.99846102879239,
            "Soil_Temperature": 0.45728442574603106,
            "Wind_Dir_Sin": 0.11084182285023478,
            "Wind_Dir_Cos": 0.09304744583683579
        },
        "R2": {
            "Temperature": 0.6659110799191043,
            "Precipitation_accumulated": -22.90022949003362,
            "Humidity": 0.8867520396037436,
            "Wind_Speed_kmh": 0.6656592548296323,
            "Soil_Moisture": 0.9509198943816826,
            "Soil_Temperature": 0.9234817802808843,
            "Wind_Dir_Sin": 0.6829308818802327,
            "Wind_Dir_Cos": 0.823674956217789
        },
        "SMAPE": {
            "Temperature": 13.600333819845307,
            "Precipitation_accumulated": 0.6642825529147146,
            "Humidity": 2.4387248502012766,
            "Wind_Speed_kmh": 166.32844590158032,
            "Soil_Moisture": 1.1608188898688478,
            "Soil_Temperature": 16.30864764621367,
            "Wind_Dir_Sin": 144.65906808799033,
            "Wind_Dir_Cos": 27.853712828713693
        }
    }
}