{
    "trial_number": 44,
    "input_chunk_length": 59,
    "output_chunk_length": 2,
    "hidden_size": 104,
    "layer_size": 1,
    "dropout": 0.12818491060176804,
    "batch_size": 78,
    "lr": 0.0006671260328674597,
    "loss_function": "smoothl1",
    "optimizer": "Adam",
    "overall_mae_val": 0.12179768421104559,
    "metrics": {
        "MSE": {
            "Temperature": 11.791451466460067,
            "Precipitation_accumulated": 1274.1347626984507,
            "Humidity": 84.83532981726046,
            "Wind_Speed_kmh": 1.0822593955230921,
            "Soil_Moisture": 58146.5465335986,
            "Soil_Temperature": 6.349383001292444,
            "Wind_Dir_Sin": 0.4944480191942294,
            "Wind_Dir_Cos": 0.33508273102744396
        },
        "RMSE": {
            "Temperature": 3.433868294862234,
            "Precipitation_accumulated": 35.69502434091411,
            "Humidity": 9.210609633312036,
            "Wind_Speed_kmh": 1.0403169687759073,
            "Soil_Moisture": 241.135950313508,
            "Soil_Temperature": 2.519798206462661,
            "Wind_Dir_Sin": 0.703169978877248,
            "Wind_Dir_Cos": 0.5788633094500324
        },
        "MAE": {
            "Temperature": 2.6553023675796164,
            "Precipitation_accumulated": 31.375294700975754,
            "Humidity": 7.427016037726641,
            "Wind_Speed_kmh": 0.822444896987938,
            "Soil_Moisture": 198.90448636267593,
            "Soil_Temperature": 2.0790342553021564,
            "Wind_Dir_Sin": 0.6116275348703452,
            "Wind_Dir_Cos": 0.49682525167865405
        },
        "R2": {
            "Temperature": 0.6133553005220804,
            "Precipitation_accumulated": -389.40407344716067,
            "Humidity": 0.421938445266125,
            "Wind_Speed_kmh": 0.1969674064340935,
            "Soil_Moisture": -0.1578513307224152,
            "Soil_Temperature": 0.6043783416342231,
            "Wind_Dir_Sin": 0.10022173811032642,
            "Wind_Dir_Cos": 0.08876253246210264
        },
        "SMAPE": {
            "Temperature": 38.49738633053237,
            "Precipitation_accumulated": 7.052716288968391,
            "Humidity": 8.909476063555255,
            "Wind_Speed_kmh": 69.44589135450089,
            "Soil_Moisture": 2.3280203983436616,
            "Soil_Temperature": 32.669194896026895,
            "Wind_Dir_Sin": 131.44183197110607,
            "Wind_Dir_Cos": 128.71763026835546
        }
    }
}