{
    "trial_number": 66,
    "input_chunk_length": 58,
    "output_chunk_length": 3,
    "hidden_size": 92,
    "layer_size": 1,
    "dropout": 0.16178143244642007,
    "batch_size": 167,
    "lr": 0.0010813011700765156,
    "loss_function": "smoothl1",
    "optimizer": "Adam",
    "overall_mae_val": 0.12704400868033436,
    "metrics": {
        "MSE": {
            "Temperature": 10.726632174860915,
            "Precipitation_accumulated": 977.4863204862414,
            "Humidity": 105.94769446558803,
            "Wind_Speed_kmh": 1.2626840835359772,
            "Soil_Moisture": 51833.30277633748,
            "Soil_Temperature": 8.573556192401146,
            "Wind_Dir_Sin": 0.5198297511098483,
            "Wind_Dir_Cos": 0.34737642268443536
        },
        "RMSE": {
            "Temperature": 3.2751537635446852,
            "Precipitation_accumulated": 31.264777633724528,
            "Humidity": 10.293089646242668,
            "Wind_Speed_kmh": 1.1236921658247765,
            "Soil_Moisture": 227.66928377876863,
            "Soil_Temperature": 2.928063556755752,
            "Wind_Dir_Sin": 0.7209921990631024,
            "Wind_Dir_Cos": 0.5893864798962013
        },
        "MAE": {
            "Temperature": 2.5938628262516397,
            "Precipitation_accumulated": 27.18035932457162,
            "Humidity": 8.434845271929845,
            "Wind_Speed_kmh": 0.9144333128729127,
            "Soil_Moisture": 190.81022014317335,
            "Soil_Temperature": 2.3985377640342964,
            "Wind_Dir_Sin": 0.6452891023410571,
            "Wind_Dir_Cos": 0.5110351040774852
        },
        "R2": {
            "Temperature": 0.6482709965387851,
            "Precipitation_accumulated": -298.5088529320835,
            "Humidity": 0.27808038095483756,
            "Wind_Speed_kmh": 0.0630929344196669,
            "Soil_Moisture": -0.03213797161009069,
            "Soil_Temperature": 0.46579305135010995,
            "Wind_Dir_Sin": 0.054032998869338655,
            "Wind_Dir_Cos": 0.05533057248654938
        },
        "SMAPE": {
            "Temperature": 38.76623253443569,
            "Precipitation_accumulated": 6.072611211061759,
            "Humidity": 10.00766979522049,
            "Wind_Speed_kmh": 73.17332654145758,
            "Soil_Moisture": 2.249492404428299,
            "Soil_Temperature": 46.96113857680176,
            "Wind_Dir_Sin": 141.7884980339136,
            "Wind_Dir_Cos": 134.44293706912546
        }
    }
}