{
    "trial_number": 26,
    "input_chunk_length": 60,
    "training_length": 78,
    "hidden_size": 166,
    "layer_size": 1,
    "dropout": 0.32105818586781393,
    "batch_size": 26,
    "lr": 0.0005611264428668052,
    "forecast_horizon": 9,
    "overall_smape_val": 47.57964846999526,
    "metrics": {
        "MSE": {
            "Temperature": 0.6451179556003223,
            "Precipitation_accumulated": 41.63812146191483,
            "Humidity": 16.40107690149952,
            "Wind_Speed_kmh": 0.1094543934398168,
            "Soil_Moisture": 70638.2276762873,
            "Soil_Temperature": 0.6942341584760471,
            "Wind_Dir_Sin": 0.06859282600116655,
            "Wind_Dir_Cos": 0.08647544120034494
        },
        "RMSE": {
            "Temperature": 0.8031923528024418,
            "Precipitation_accumulated": 6.452760762798729,
            "Humidity": 4.049824305016147,
            "Wind_Speed_kmh": 0.3308389237073183,
            "Soil_Moisture": 265.77853125541816,
            "Soil_Temperature": 0.8332071521992878,
            "Wind_Dir_Sin": 0.2619023214886927,
            "Wind_Dir_Cos": 0.29406706922119813
        },
        "MAE": {
            "Temperature": 0.5475170982448649,
            "Precipitation_accumulated": 4.3491350714465105,
            "Humidity": 3.0268442741245885,
            "Wind_Speed_kmh": 0.15341003574275067,
            "Soil_Moisture": 98.29328317241814,
            "Soil_Temperature": 0.4889849599434554,
            "Wind_Dir_Sin": 0.14678394816286944,
            "Wind_Dir_Cos": 0.16675259554033614
        },
        "R2": {
            "Temperature": 0.8099919207443137,
            "Precipitation_accumulated": -42.819576019153125,
            "Humidity": 0.7479869520887228,
            "Wind_Speed_kmh": 0.6799361833177614,
            "Soil_Moisture": 0.9049799879810779,
            "Soil_Temperature": 0.8760238889716203,
            "Wind_Dir_Sin": 0.5749208492999018,
            "Wind_Dir_Cos": 0.6999713035028161
        },
        "SMAPE": {
            "Temperature": 9.449775403966383,
            "Precipitation_accumulated": 0.9390730914390911,
            "Humidity": 3.656479464929027,
            "Wind_Speed_kmh": 158.59921959285518,
            "Soil_Moisture": 1.5430286985240547,
            "Soil_Temperature": 16.599447630004033,
            "Wind_Dir_Sin": 149.83242158528046,
            "Wind_Dir_Cos": 40.01774229296435
        }
    }
}