{
    "trial_number": 24,
    "input_chunk_length": 60,
    "training_length": 83,
    "hidden_size": 255,
    "layer_size": 2,
    "dropout": 0.39892084794448857,
    "batch_size": 19,
    "lr": 0.00023410173311846937,
    "forecast_horizon": 1,
    "overall_smape_val": 44.4145713216605,
    "metrics": {
        "MSE": {
            "Temperature": 0.5247060451164114,
            "Precipitation_accumulated": 23.898229162791853,
            "Humidity": 4.601033936954281,
            "Wind_Speed_kmh": 0.09090259007575172,
            "Soil_Moisture": 25625.543109968406,
            "Soil_Temperature": 0.3910150163552786,
            "Wind_Dir_Sin": 0.04997175027304566,
            "Wind_Dir_Cos": 0.04431807363430148
        },
        "RMSE": {
            "Temperature": 0.7243659607659731,
            "Precipitation_accumulated": 4.888581508248773,
            "Humidity": 2.1450020832051147,
            "Wind_Speed_kmh": 0.3015005639725268,
            "Soil_Moisture": 160.07980231737048,
            "Soil_Temperature": 0.625311935241347,
            "Wind_Dir_Sin": 0.22354362051520427,
            "Wind_Dir_Cos": 0.21051858263417383
        },
        "MAE": {
            "Temperature": 0.4740185053326897,
            "Precipitation_accumulated": 2.7444960255763995,
            "Humidity": 1.420196230560453,
            "Wind_Speed_kmh": 0.12880422319673038,
            "Soil_Moisture": 64.45685726854597,
            "Soil_Temperature": 0.4856613184599626,
            "Wind_Dir_Sin": 0.10150551643843372,
            "Wind_Dir_Cos": 0.09178262899799587
        },
        "R2": {
            "Temperature": 0.8458717938188085,
            "Precipitation_accumulated": -24.178729367275917,
            "Humidity": 0.9292460452308874,
            "Wind_Speed_kmh": 0.7328814695908031,
            "Soil_Moisture": 0.9653694915707547,
            "Soil_Temperature": 0.9303277746911138,
            "Wind_Dir_Sin": 0.6888801792718251,
            "Wind_Dir_Cos": 0.8456316280762561
        },
        "SMAPE": {
            "Temperature": 8.388243520188551,
            "Precipitation_accumulated": 0.594453020390161,
            "Humidity": 1.677739017893877,
            "Wind_Speed_kmh": 153.88782363544172,
            "Soil_Moisture": 1.0358265586922168,
            "Soil_Temperature": 14.121498261746867,
            "Wind_Dir_Sin": 146.70766079107204,
            "Wind_Dir_Cos": 28.903325767858703
        }
    }
}