{
    "trial_number": 20,
    "input_chunk_length": 37,
    "output_chunk_length": 17,
    "hidden_size": 132,
    "layer_size": 2,
    "dropout": 0.3744235620551301,
    "batch_size": 148,
    "lr": 0.0009005818904931906,
    "loss_function": "huber",
    "optimizer": "AdamW",
    "overall_mae_val": 0.1567708172696124,
    "metrics": {
        "MSE": {
            "Temperature": 12.95622184901935,
            "Precipitation_accumulated": 10764.814262343005,
            "Humidity": 108.92709868404579,
            "Wind_Speed_kmh": 1.474706590023867,
            "Soil_Moisture": 166577.8637359108,
            "Soil_Temperature": 40.35288428484187,
            "Wind_Dir_Sin": 0.6141099227339865,
            "Wind_Dir_Cos": 0.37987301601310636
        },
        "RMSE": {
            "Temperature": 3.5994752185588594,
            "Precipitation_accumulated": 103.7536228877961,
            "Humidity": 10.43681458511388,
            "Wind_Speed_kmh": 1.214374979165771,
            "Soil_Moisture": 408.1395150385598,
            "Soil_Temperature": 6.352392012843813,
            "Wind_Dir_Sin": 0.7836516590513839,
            "Wind_Dir_Cos": 0.6163383940767493
        },
        "MAE": {
            "Temperature": 2.8646209342695808,
            "Precipitation_accumulated": 69.15849317459758,
            "Humidity": 8.511742174307129,
            "Wind_Speed_kmh": 0.9594358387616689,
            "Soil_Moisture": 323.0667392536414,
            "Soil_Temperature": 5.533439587131065,
            "Wind_Dir_Sin": 0.7208221110264466,
            "Wind_Dir_Cos": 0.5162489531737094
        },
        "R2": {
            "Temperature": 0.5742229621312663,
            "Precipitation_accumulated": -3258.155257910707,
            "Humidity": 0.25680774285975216,
            "Wind_Speed_kmh": -0.09724380352721496,
            "Soil_Moisture": -2.203935810267924,
            "Soil_Temperature": -1.51307884924903,
            "Wind_Dir_Sin": -0.1136297689972876,
            "Wind_Dir_Cos": -0.03559944788820779
        },
        "SMAPE": {
            "Temperature": 41.870256480876115,
            "Precipitation_accumulated": 18.088398302499733,
            "Humidity": 10.038898805019299,
            "Wind_Speed_kmh": 77.3462613550949,
            "Soil_Moisture": 3.8563685451226255,
            "Soil_Temperature": 120.82797027449908,
            "Wind_Dir_Sin": 173.94379309961937,
            "Wind_Dir_Cos": 120.33501269071638
        }
    }
}