{
    "trial_number": 21,
    "input_chunk_length": 72,
    "training_length": 95,
    "hidden_size": 200,
    "layer_size": 1,
    "dropout": 0.3759003366857428,
    "batch_size": 16,
    "lr": 8.39444608040973e-05,
    "forecast_horizon": 1,
    "overall_smape_val": 42.632202958423825,
    "metrics": {
        "MSE": {
            "Temperature": 0.4983533076872765,
            "Precipitation_accumulated": 29.93936468922075,
            "Humidity": 3.0908257306117206,
            "Wind_Speed_kmh": 0.06874993872912183,
            "Soil_Moisture": 18401.730514220828,
            "Soil_Temperature": 0.238183124100202,
            "Wind_Dir_Sin": 0.04448017603790355,
            "Wind_Dir_Cos": 0.04198430312020734
        },
        "RMSE": {
            "Temperature": 0.7059414336099535,
            "Precipitation_accumulated": 5.47168755405686,
            "Humidity": 1.7580744383022355,
            "Wind_Speed_kmh": 0.26220209520353155,
            "Soil_Moisture": 135.65297827257913,
            "Soil_Temperature": 0.4880400845219601,
            "Wind_Dir_Sin": 0.21090323856665538,
            "Wind_Dir_Cos": 0.20490071527500175
        },
        "MAE": {
            "Temperature": 0.5022419007606449,
            "Precipitation_accumulated": 3.1852885199036662,
            "Humidity": 1.0703657078740558,
            "Wind_Speed_kmh": 0.10038638434040102,
            "Soil_Moisture": 56.27927575583026,
            "Soil_Temperature": 0.3270087599536873,
            "Wind_Dir_Sin": 0.09418181647661361,
            "Wind_Dir_Cos": 0.08915442814900493
        },
        "R2": {
            "Temperature": 0.8536126997712364,
            "Precipitation_accumulated": -30.543557298870642,
            "Humidity": 0.9524697824577067,
            "Wind_Speed_kmh": 0.7979773449387769,
            "Soil_Moisture": 0.9751317940481999,
            "Soil_Temperature": 0.9575598184392857,
            "Wind_Dir_Sin": 0.7230702483051774,
            "Wind_Dir_Cos": 0.853760599512991
        },
        "SMAPE": {
            "Temperature": 8.774484942738136,
            "Precipitation_accumulated": 0.6935009236530237,
            "Humidity": 1.2697789940984137,
            "Wind_Speed_kmh": 148.41116179225193,
            "Soil_Moisture": 0.8998204615490344,
            "Soil_Temperature": 12.153182414170352,
            "Wind_Dir_Sin": 142.98300187059496,
            "Wind_Dir_Cos": 25.872692268334454
        }
    }
}