{
    "trial_number": 15,
    "input_chunk_length": 13,
    "hidden_size": 174,
    "layer_size": 1,
    "dropout": 0.18890837645896494,
    "batch_size": 36,
    "lr": 0.0006683777144895768,
    "overall_smape_val": 45.58861444672282,
    "metrics": {
        "MSE": {
            "Temperature": 0.692658151015832,
            "Precipitation_accumulated": 84.96964532957077,
            "Humidity": 3.2544525111057148,
            "Wind_Speed_kmh": 0.07784670023098055,
            "Soil_Moisture": 20510.91704678317,
            "Soil_Temperature": 0.9319371190392306,
            "Wind_Dir_Sin": 0.046712291413762215,
            "Wind_Dir_Cos": 0.04485927329252974
        },
        "RMSE": {
            "Temperature": 0.8322608671659577,
            "Precipitation_accumulated": 9.217898097157008,
            "Humidity": 1.8040101194576805,
            "Wind_Speed_kmh": 0.2790102152806964,
            "Soil_Moisture": 143.21632953955762,
            "Soil_Temperature": 0.96536890308277,
            "Wind_Dir_Sin": 0.2161302649185491,
            "Wind_Dir_Cos": 0.21180007859424826
        },
        "MAE": {
            "Temperature": 0.6272334665236433,
            "Precipitation_accumulated": 8.40846534855924,
            "Humidity": 1.1337543271930761,
            "Wind_Speed_kmh": 0.12881039697111357,
            "Soil_Moisture": 52.42753479103766,
            "Soil_Temperature": 0.8869698112691027,
            "Wind_Dir_Sin": 0.1029767285212577,
            "Wind_Dir_Cos": 0.10122010467354296
        },
        "R2": {
            "Temperature": 0.7965372053429162,
            "Precipitation_accumulated": -88.52243656269087,
            "Humidity": 0.9499535563257709,
            "Wind_Speed_kmh": 0.7712463842275965,
            "Soil_Moisture": 0.9722814270654867,
            "Soil_Temperature": 0.8339446563033793,
            "Wind_Dir_Sin": 0.7091732898879267,
            "Wind_Dir_Cos": 0.8437465256050665
        },
        "SMAPE": {
            "Temperature": 11.357386522601253,
            "Precipitation_accumulated": 1.8484944351579988,
            "Humidity": 1.3522429537377159,
            "Wind_Speed_kmh": 154.41068311954518,
            "Soil_Moisture": 0.8293885577169394,
            "Soil_Temperature": 21.12130272682015,
            "Wind_Dir_Sin": 142.7715196148943,
            "Wind_Dir_Cos": 31.0178976433088
        }
    }
}