{
    "trial_number": 45,
    "input_chunk_length": 36,
    "hidden_size": 135,
    "layer_size": 1,
    "dropout": 0.22948791657438733,
    "batch_size": 24,
    "lr": 0.0023070189640490408,
    "overall_smape_val": 45.60864167595042,
    "metrics": {
        "MSE": {
            "Temperature": 0.5190337646001167,
            "Precipitation_accumulated": 13.739675504205005,
            "Humidity": 3.7070895441008442,
            "Wind_Speed_kmh": 0.0873396929573646,
            "Soil_Moisture": 29530.6146049802,
            "Soil_Temperature": 0.6468216556080841,
            "Wind_Dir_Sin": 0.04629495766714467,
            "Wind_Dir_Cos": 0.04524183684941782
        },
        "RMSE": {
            "Temperature": 0.7204399798734914,
            "Precipitation_accumulated": 3.706706827388026,
            "Humidity": 1.9253803634868734,
            "Wind_Speed_kmh": 0.2955328965739087,
            "Soil_Moisture": 171.84473982342377,
            "Soil_Temperature": 0.8042522338222532,
            "Wind_Dir_Sin": 0.21516263074043473,
            "Wind_Dir_Cos": 0.21270128549075068
        },
        "MAE": {
            "Temperature": 0.4843343793237064,
            "Precipitation_accumulated": 2.6947665646947407,
            "Humidity": 1.4402561754687786,
            "Wind_Speed_kmh": 0.1749682834939523,
            "Soil_Moisture": 123.99942406834938,
            "Soil_Temperature": 0.5708922525576905,
            "Wind_Dir_Sin": 0.0973540765194458,
            "Wind_Dir_Cos": 0.11143788611873681
        },
        "R2": {
            "Temperature": 0.8475379808754853,
            "Precipitation_accumulated": -13.475866339636088,
            "Humidity": 0.9429929773345709,
            "Wind_Speed_kmh": 0.7433510925297055,
            "Soil_Moisture": 0.9600921551746256,
            "Soil_Temperature": 0.8847473824809674,
            "Wind_Dir_Sin": 0.7117715739128412,
            "Wind_Dir_Cos": 0.8424139831773094
        },
        "SMAPE": {
            "Temperature": 8.841629114405844,
            "Precipitation_accumulated": 0.5851661109699435,
            "Humidity": 1.7337543566245819,
            "Wind_Speed_kmh": 162.73740703357578,
            "Soil_Moisture": 2.0795215796212285,
            "Soil_Temperature": 17.601805615043695,
            "Wind_Dir_Sin": 141.99149372482083,
            "Wind_Dir_Cos": 29.298355872541737
        }
    }
}