{
    "trial_number": 4,
    "input_chunk_length": 27,
    "hidden_size": 45,
    "layer_size": 4,
    "dropout": 0.39539639665176085,
    "batch_size": 56,
    "lr": 0.00032006486935236685,
    "overall_smape_val": 52.4222238612749,
    "metrics": {
        "MSE": {
            "Temperature": 1.9100043247947505,
            "Precipitation_accumulated": 115.45420564164866,
            "Humidity": 33.999131025194956,
            "Wind_Speed_kmh": 0.19686426986005634,
            "Soil_Moisture": 117370.61282660183,
            "Soil_Temperature": 1.5129014040877093,
            "Wind_Dir_Sin": 0.08658087349483537,
            "Wind_Dir_Cos": 0.09758448481268331
        },
        "RMSE": {
            "Temperature": 1.3820290607634669,
            "Precipitation_accumulated": 10.744961872507908,
            "Humidity": 5.830877380394391,
            "Wind_Speed_kmh": 0.44369389206981014,
            "Soil_Moisture": 342.5939474459551,
            "Soil_Temperature": 1.230000570767229,
            "Wind_Dir_Sin": 0.2942462803415455,
            "Wind_Dir_Cos": 0.31238515459714683
        },
        "MAE": {
            "Temperature": 1.0760482824558977,
            "Precipitation_accumulated": 5.883422371647021,
            "Humidity": 4.682598762081455,
            "Wind_Speed_kmh": 0.17891978350864302,
            "Soil_Moisture": 177.23183743855057,
            "Soil_Temperature": 0.937206079168311,
            "Wind_Dir_Sin": 0.15302101385209388,
            "Wind_Dir_Cos": 0.15892500091686199
        },
        "R2": {
            "Temperature": 0.4389514984268569,
            "Precipitation_accumulated": -120.64040182068828,
            "Humidity": 0.47716686907591477,
            "Wind_Speed_kmh": 0.421511593770031,
            "Soil_Moisture": 0.8413846692187306,
            "Soil_Temperature": 0.7304267020784811,
            "Wind_Dir_Sin": 0.46095492567264384,
            "Wind_Dir_Cos": 0.660094475904928
        },
        "SMAPE": {
            "Temperature": 18.626893130506343,
            "Precipitation_accumulated": 1.2564097574395012,
            "Humidity": 5.633618526388755,
            "Wind_Speed_kmh": 170.91679758720258,
            "Soil_Moisture": 2.8021075305970187,
            "Soil_Temperature": 22.217887003546306,
            "Wind_Dir_Sin": 155.05102127367107,
            "Wind_Dir_Cos": 42.87305608084777
        }
    }
}