{
    "trial_number": 32,
    "input_chunk_length": 58,
    "hidden_size": 145,
    "layer_size": 1,
    "dropout": 0.2756766414695374,
    "batch_size": 38,
    "lr": 0.0008757867682690762,
    "overall_smape_val": 43.50068634764477,
    "metrics": {
        "MSE": {
            "Temperature": 0.4563136866071323,
            "Precipitation_accumulated": 30.705475581815897,
            "Humidity": 3.136974049241673,
            "Wind_Speed_kmh": 0.06701183856166043,
            "Soil_Moisture": 17263.351558540417,
            "Soil_Temperature": 0.3283523883428312,
            "Wind_Dir_Sin": 0.048649898249637724,
            "Wind_Dir_Cos": 0.04644240489050008
        },
        "RMSE": {
            "Temperature": 0.6755099456019373,
            "Precipitation_accumulated": 5.541252167318854,
            "Humidity": 1.771150487463353,
            "Wind_Speed_kmh": 0.25886644927773167,
            "Soil_Moisture": 131.39007404876676,
            "Soil_Temperature": 0.5730204083126806,
            "Wind_Dir_Sin": 0.22056721934511875,
            "Wind_Dir_Cos": 0.21550499968794246
        },
        "MAE": {
            "Temperature": 0.48008768868770607,
            "Precipitation_accumulated": 4.194759548021571,
            "Humidity": 1.206022238618658,
            "Wind_Speed_kmh": 0.12056181455193536,
            "Soil_Moisture": 62.55050448402631,
            "Soil_Temperature": 0.37115301423357483,
            "Wind_Dir_Sin": 0.11364022296407744,
            "Wind_Dir_Cos": 0.09490665935014622
        },
        "R2": {
            "Temperature": 0.8659615023930589,
            "Precipitation_accumulated": -31.35071747373449,
            "Humidity": 0.951760121087294,
            "Wind_Speed_kmh": 0.8030847765537548,
            "Soil_Moisture": 0.9766702060089217,
            "Soil_Temperature": 0.9414931892013415,
            "Wind_Dir_Sin": 0.697109916319352,
            "Wind_Dir_Cos": 0.8382321738456397
        },
        "SMAPE": {
            "Temperature": 8.399245330458497,
            "Precipitation_accumulated": 0.9122568463048285,
            "Humidity": 1.4338060062775067,
            "Wind_Speed_kmh": 149.22032815672353,
            "Soil_Moisture": 1.0133021770960038,
            "Soil_Temperature": 12.484908421088985,
            "Wind_Dir_Sin": 143.31461511431152,
            "Wind_Dir_Cos": 31.22702872889744
        }
    }
}