{
    "trial_number": 41,
    "input_chunk_length": 70,
    "training_length": 93,
    "hidden_size": 213,
    "layer_size": 1,
    "dropout": 0.3842422853132629,
    "batch_size": 18,
    "lr": 7.488480325795258e-05,
    "forecast_horizon": 1,
    "overall_smape_val": 43.076528901610345,
    "metrics": {
        "MSE": {
            "Temperature": 0.4246491444867009,
            "Precipitation_accumulated": 33.5895283407565,
            "Humidity": 3.6137243939153163,
            "Wind_Speed_kmh": 0.06987795462957885,
            "Soil_Moisture": 19812.060382973872,
            "Soil_Temperature": 0.2622925341435616,
            "Wind_Dir_Sin": 0.046112788547581565,
            "Wind_Dir_Cos": 0.04254821742746207
        },
        "RMSE": {
            "Temperature": 0.6516510910653805,
            "Precipitation_accumulated": 5.795647361663449,
            "Humidity": 1.9009798510019291,
            "Wind_Speed_kmh": 0.26434438641586255,
            "Soil_Moisture": 140.75532097570547,
            "Soil_Temperature": 0.5121450323331874,
            "Wind_Dir_Sin": 0.21473888457282617,
            "Wind_Dir_Cos": 0.20627219256958043
        },
        "MAE": {
            "Temperature": 0.41125671629979016,
            "Precipitation_accumulated": 3.620505491275724,
            "Humidity": 1.2573084575777818,
            "Wind_Speed_kmh": 0.11028385729625774,
            "Soil_Moisture": 50.759203110608944,
            "Soil_Temperature": 0.3532592957274597,
            "Wind_Dir_Sin": 0.09670682124454258,
            "Wind_Dir_Cos": 0.08906958603032647
        },
        "R2": {
            "Temperature": 0.8752627085102632,
            "Precipitation_accumulated": -34.3893017723306,
            "Humidity": 0.9444287314941264,
            "Wind_Speed_kmh": 0.7946626544623319,
            "Soil_Moisture": 0.9732258660372979,
            "Soil_Temperature": 0.9532639316361072,
            "Wind_Dir_Sin": 0.712905743188702,
            "Wind_Dir_Cos": 0.8517963775516817
        },
        "SMAPE": {
            "Temperature": 7.256751639617654,
            "Precipitation_accumulated": 0.787213212744267,
            "Humidity": 1.4990544192887068,
            "Wind_Speed_kmh": 151.11254637871892,
            "Soil_Moisture": 0.7950025806730763,
            "Soil_Temperature": 12.706338168456309,
            "Wind_Dir_Sin": 143.70455145822785,
            "Wind_Dir_Cos": 26.75077335515634
        }
    }
}