{
    "trial_number": 17,
    "input_chunk_length": 64,
    "hidden_size": 151,
    "layer_size": 1,
    "dropout": 0.29810666593621804,
    "batch_size": 26,
    "lr": 0.000983372172385512,
    "overall_smape_val": 43.325083740033975,
    "metrics": {
        "MSE": {
            "Temperature": 0.659105777148034,
            "Precipitation_accumulated": 176.26769783894164,
            "Humidity": 2.6415908342661014,
            "Wind_Speed_kmh": 0.06877156144811601,
            "Soil_Moisture": 17732.927562387726,
            "Soil_Temperature": 0.33289814597600975,
            "Wind_Dir_Sin": 0.04772248002916351,
            "Wind_Dir_Cos": 0.042861079320409536
        },
        "RMSE": {
            "Temperature": 0.8118532977995679,
            "Precipitation_accumulated": 13.276584569795865,
            "Humidity": 1.6252971526050557,
            "Wind_Speed_kmh": 0.2622433248876242,
            "Soil_Moisture": 133.16503881420124,
            "Soil_Temperature": 0.576973262791275,
            "Wind_Dir_Sin": 0.21845475510769619,
            "Wind_Dir_Cos": 0.2070291750464401
        },
        "MAE": {
            "Temperature": 0.5599355380818274,
            "Precipitation_accumulated": 12.82830754795512,
            "Humidity": 0.9768490284949584,
            "Wind_Speed_kmh": 0.11964149262460125,
            "Soil_Moisture": 74.0628587680472,
            "Soil_Temperature": 0.44343601425481466,
            "Wind_Dir_Sin": 0.124510032817042,
            "Wind_Dir_Cos": 0.08786541865027975
        },
        "R2": {
            "Temperature": 0.8063929469443247,
            "Precipitation_accumulated": -184.71236512324901,
            "Humidity": 0.9593780439424688,
            "Wind_Speed_kmh": 0.7979138062770472,
            "Soil_Moisture": 0.9760356182583472,
            "Soil_Temperature": 0.9406832125079385,
            "Wind_Dir_Sin": 0.7028839424224484,
            "Wind_Dir_Cos": 0.8507066194216284
        },
        "SMAPE": {
            "Temperature": 9.396484933545555,
            "Precipitation_accumulated": 2.834380451831374,
            "Humidity": 1.1460058571337874,
            "Wind_Speed_kmh": 150.00087815944406,
            "Soil_Moisture": 1.1995327287080193,
            "Soil_Temperature": 13.15191253831593,
            "Wind_Dir_Sin": 141.7987191825476,
            "Wind_Dir_Cos": 27.072756068745477
        }
    }
}