{
    "trial_number": 26,
    "input_chunk_length": 51,
    "hidden_size": 123,
    "layer_size": 2,
    "dropout": 0.14250643097183888,
    "batch_size": 41,
    "lr": 0.0016243048515041795,
    "overall_smape_val": 43.97513266319617,
    "metrics": {
        "MSE": {
            "Temperature": 0.45703179253707826,
            "Precipitation_accumulated": 18.96301981580708,
            "Humidity": 3.512601999379938,
            "Wind_Speed_kmh": 0.0853268594899922,
            "Soil_Moisture": 23368.387380352247,
            "Soil_Temperature": 0.33618353596519385,
            "Wind_Dir_Sin": 0.04428668361399709,
            "Wind_Dir_Cos": 0.04461616101996853
        },
        "RMSE": {
            "Temperature": 0.6760412654099439,
            "Precipitation_accumulated": 4.354654959443639,
            "Humidity": 1.8741936931331131,
            "Wind_Speed_kmh": 0.29210761628206855,
            "Soil_Moisture": 152.86722140587318,
            "Soil_Temperature": 0.5798133630446903,
            "Wind_Dir_Sin": 0.2104440153912605,
            "Wind_Dir_Cos": 0.21122537967765267
        },
        "MAE": {
            "Temperature": 0.44088451194180744,
            "Precipitation_accumulated": 3.577858566102821,
            "Humidity": 1.1597743349512777,
            "Wind_Speed_kmh": 0.12477738154912499,
            "Soil_Moisture": 56.63007098907402,
            "Soil_Temperature": 0.4034243152486766,
            "Wind_Dir_Sin": 0.09377111519502915,
            "Wind_Dir_Cos": 0.10097740475537131
        },
        "R2": {
            "Temperature": 0.865750564516774,
            "Precipitation_accumulated": -18.97908467092121,
            "Humidity": 0.9459837753010488,
            "Wind_Speed_kmh": 0.7492658317831735,
            "Soil_Moisture": 0.9684198249894516,
            "Soil_Temperature": 0.940097811891646,
            "Wind_Dir_Sin": 0.7242749155003249,
            "Wind_Dir_Cos": 0.8445933323958948
        },
        "SMAPE": {
            "Temperature": 7.99283804820507,
            "Precipitation_accumulated": 0.777057357166359,
            "Humidity": 1.3636526345446105,
            "Wind_Speed_kmh": 157.53054645713533,
            "Soil_Moisture": 0.8820631862501271,
            "Soil_Temperature": 13.45403350590921,
            "Wind_Dir_Sin": 143.53701462563214,
            "Wind_Dir_Cos": 26.263855490726478
        }
    }
}