{
    "trial_number": 49,
    "input_chunk_length": 30,
    "hidden_size": 173,
    "layer_size": 1,
    "dropout": 0.24962139482829848,
    "batch_size": 21,
    "lr": 0.0012420237064857016,
    "overall_smape_val": 42.73588590851553,
    "metrics": {
        "MSE": {
            "Temperature": 0.41254414441904036,
            "Precipitation_accumulated": 37.75249530498202,
            "Humidity": 2.5273556468820355,
            "Wind_Speed_kmh": 0.06983336745979961,
            "Soil_Moisture": 18824.333714907123,
            "Soil_Temperature": 0.2592020586396238,
            "Wind_Dir_Sin": 0.046187257562997484,
            "Wind_Dir_Cos": 0.0419925513499403
        },
        "RMSE": {
            "Temperature": 0.6422959943974743,
            "Precipitation_accumulated": 6.144305925406223,
            "Humidity": 1.5897659094602687,
            "Wind_Speed_kmh": 0.2642600375762473,
            "Soil_Moisture": 137.20179924077937,
            "Soil_Temperature": 0.5091189042253527,
            "Wind_Dir_Sin": 0.21491220896681856,
            "Wind_Dir_Cos": 0.2049208416680458
        },
        "MAE": {
            "Temperature": 0.39795117535274466,
            "Precipitation_accumulated": 5.380737779229524,
            "Humidity": 1.0349369579121048,
            "Wind_Speed_kmh": 0.12559640950715514,
            "Soil_Moisture": 86.04744298983016,
            "Soil_Temperature": 0.38094789263839934,
            "Wind_Dir_Sin": 0.10386728042423808,
            "Wind_Dir_Cos": 0.09195800385374653
        },
        "R2": {
            "Temperature": 0.8788184555111155,
            "Precipitation_accumulated": -38.7753262699256,
            "Humidity": 0.9611347341542702,
            "Wind_Speed_kmh": 0.7947936744833962,
            "Soil_Moisture": 0.9745606856178034,
            "Soil_Temperature": 0.9538146018063451,
            "Wind_Dir_Sin": 0.7124421055014205,
            "Wind_Dir_Cos": 0.8537318693428659
        },
        "SMAPE": {
            "Temperature": 7.059122467352596,
            "Precipitation_accumulated": 1.1784555844399915,
            "Humidity": 1.2481953601914593,
            "Wind_Speed_kmh": 151.94497250535517,
            "Soil_Moisture": 1.4566140545802932,
            "Soil_Temperature": 12.015624609186064,
            "Wind_Dir_Sin": 141.44027108859098,
            "Wind_Dir_Cos": 25.543831598427822
        }
    }
}