{
    "trial_number": 3,
    "input_chunk_length": 40,
    "training_length": 46,
    "hidden_size": 143,
    "layer_size": 2,
    "dropout": 0.22687077490153282,
    "batch_size": 39,
    "lr": 0.006125165867310871,
    "forecast_horizon": 10,
    "overall_smape_val": 53.16236750097874,
    "metrics": {
        "MSE": {
            "Temperature": 4.324414527702359,
            "Precipitation_accumulated": 8.838800511137503,
            "Humidity": 22.79972322256099,
            "Wind_Speed_kmh": 0.17519565885103114,
            "Soil_Moisture": 129208.16384484252,
            "Soil_Temperature": 2.790914535366991,
            "Wind_Dir_Sin": 0.08194005386926664,
            "Wind_Dir_Cos": 0.09923710224955298
        },
        "RMSE": {
            "Temperature": 2.0795226682347945,
            "Precipitation_accumulated": 2.973012026739465,
            "Humidity": 4.774905572109358,
            "Wind_Speed_kmh": 0.41856380499397117,
            "Soil_Moisture": 359.45537114479527,
            "Soil_Temperature": 1.6706030454201235,
            "Wind_Dir_Sin": 0.2862517316441363,
            "Wind_Dir_Cos": 0.31501920933421346
        },
        "MAE": {
            "Temperature": 1.8798479276496893,
            "Precipitation_accumulated": 1.8998966339957941,
            "Humidity": 3.372330586953908,
            "Wind_Speed_kmh": 0.1520010941978162,
            "Soil_Moisture": 255.10014553962225,
            "Soil_Temperature": 1.4930253224469194,
            "Wind_Dir_Sin": 0.1429067261876288,
            "Wind_Dir_Cos": 0.15037877042016481
        },
        "R2": {
            "Temperature": -0.27400190823334425,
            "Precipitation_accumulated": -8.300395305781386,
            "Humidity": 0.6497049643316892,
            "Wind_Speed_kmh": 0.4880560678927204,
            "Soil_Moisture": 0.8263097258965963,
            "Soil_Temperature": 0.5014493901256705,
            "Wind_Dir_Sin": 0.49254306690234406,
            "Wind_Dir_Cos": 0.6558880590492701
        },
        "SMAPE": {
            "Temperature": 26.296783723484477,
            "Precipitation_accumulated": 0.4113130624881918,
            "Humidity": 4.01996545999388,
            "Wind_Speed_kmh": 169.32321441542697,
            "Soil_Moisture": 4.1500860840369675,
            "Soil_Temperature": 26.129660172148895,
            "Wind_Dir_Sin": 156.75584465520834,
            "Wind_Dir_Cos": 38.21207243504234
        }
    }
}