{
    "trial_number": 49,
    "input_chunk_length": 61,
    "output_chunk_length": 3,
    "hidden_size": 74,
    "layer_size": 1,
    "dropout": 0.17769534151010713,
    "batch_size": 128,
    "lr": 0.001245110069112041,
    "loss_function": "smoothl1",
    "optimizer": "Adam",
    "overall_mae_val": 0.11972461631925484,
    "metrics": {
        "MSE": {
            "Temperature": 7.843091009579267,
            "Precipitation_accumulated": 485.32109745505625,
            "Humidity": 67.82345608179435,
            "Wind_Speed_kmh": 1.1551987058771815,
            "Soil_Moisture": 40345.70761757428,
            "Soil_Temperature": 9.827071379169217,
            "Wind_Dir_Sin": 0.5331173828399758,
            "Wind_Dir_Cos": 0.35967282082237323
        },
        "RMSE": {
            "Temperature": 2.8005519116022946,
            "Precipitation_accumulated": 22.03000448150332,
            "Humidity": 8.235499746936695,
            "Wind_Speed_kmh": 1.0748017053750807,
            "Soil_Moisture": 200.8624096678477,
            "Soil_Temperature": 3.134816004037433,
            "Wind_Dir_Sin": 0.7301488771750428,
            "Wind_Dir_Cos": 0.5997272887091042
        },
        "MAE": {
            "Temperature": 2.24395500726682,
            "Precipitation_accumulated": 17.3103544148449,
            "Humidity": 6.82550628440089,
            "Wind_Speed_kmh": 0.8700189721179831,
            "Soil_Moisture": 161.9193453489115,
            "Soil_Temperature": 2.51101424869977,
            "Wind_Dir_Sin": 0.6355346690120224,
            "Wind_Dir_Cos": 0.5229358992352693
        },
        "R2": {
            "Temperature": 0.7432260974788446,
            "Precipitation_accumulated": -148.48909935707022,
            "Humidity": 0.5386222605192089,
            "Wind_Speed_kmh": 0.14286911178335382,
            "Soil_Moisture": 0.18323775986604907,
            "Soil_Temperature": 0.3880991379630572,
            "Wind_Dir_Sin": 0.027799537901153748,
            "Wind_Dir_Cos": 0.023137943269602945
        },
        "SMAPE": {
            "Temperature": 35.32335241966073,
            "Precipitation_accumulated": 3.83406064081515,
            "Humidity": 8.06233738657666,
            "Wind_Speed_kmh": 70.83785083706479,
            "Soil_Moisture": 1.909374501357309,
            "Soil_Temperature": 55.96806381417234,
            "Wind_Dir_Sin": 135.37440478568354,
            "Wind_Dir_Cos": 146.98479192717105
        }
    }
}