{
    "trial_number": 34,
    "input_chunk_length": 69,
    "training_length": 92,
    "hidden_size": 213,
    "layer_size": 1,
    "dropout": 0.33839879567129,
    "batch_size": 64,
    "lr": 2.6127771457984272e-05,
    "forecast_horizon": 2,
    "overall_smape_val": 50.93981114465634,
    "metrics": {
        "MSE": {
            "Temperature": 2.032372031150532,
            "Precipitation_accumulated": 424.3103453887584,
            "Humidity": 14.610125174476373,
            "Wind_Speed_kmh": 0.1389358597917822,
            "Soil_Moisture": 62275.05327115499,
            "Soil_Temperature": 1.3050724001824492,
            "Wind_Dir_Sin": 0.08857955518537278,
            "Wind_Dir_Cos": 0.07803816225101773
        },
        "RMSE": {
            "Temperature": 1.4256128615969106,
            "Precipitation_accumulated": 20.598794755731667,
            "Humidity": 3.8223193449104134,
            "Wind_Speed_kmh": 0.37274100900193713,
            "Soil_Moisture": 249.54970100393828,
            "Soil_Temperature": 1.1423976541390695,
            "Wind_Dir_Sin": 0.2976231764923101,
            "Wind_Dir_Cos": 0.27935311390964973
        },
        "MAE": {
            "Temperature": 1.0014465124080312,
            "Precipitation_accumulated": 11.972626951440601,
            "Humidity": 3.1761280439581556,
            "Wind_Speed_kmh": 0.16330127485268037,
            "Soil_Moisture": 121.80070905063444,
            "Soil_Temperature": 0.9331354535975,
            "Wind_Dir_Sin": 0.16989172674291717,
            "Wind_Dir_Cos": 0.16139971964310307
        },
        "R2": {
            "Temperature": 0.4030069629089955,
            "Precipitation_accumulated": -446.04548113182597,
            "Humidity": 0.7753278611002241,
            "Wind_Speed_kmh": 0.5917350357366902,
            "Soil_Moisture": 0.9158411297671384,
            "Soil_Temperature": 0.7674582957005842,
            "Wind_Dir_Sin": 0.4485113053100388,
            "Wind_Dir_Cos": 0.7281780757436469
        },
        "SMAPE": {
            "Temperature": 19.858539830940533,
            "Precipitation_accumulated": 2.650327314206415,
            "Humidity": 3.7773495395594217,
            "Wind_Speed_kmh": 157.9540890287184,
            "Soil_Moisture": 1.9358970775327484,
            "Soil_Temperature": 24.52722580384225,
            "Wind_Dir_Sin": 152.79762036472383,
            "Wind_Dir_Cos": 44.017440197727055
        }
    }
}