{
    "trial_number": 45,
    "input_chunk_length": 61,
    "output_chunk_length": 2,
    "hidden_size": 109,
    "layer_size": 1,
    "dropout": 0.1266922194907988,
    "batch_size": 77,
    "lr": 0.00038772562989894844,
    "loss_function": "smoothl1",
    "optimizer": "Adam",
    "overall_mae_val": 0.11797784703135318,
    "metrics": {
        "MSE": {
            "Temperature": 7.753462061486282,
            "Precipitation_accumulated": 911.4775413928188,
            "Humidity": 62.65370182254787,
            "Wind_Speed_kmh": 1.186399690096504,
            "Soil_Moisture": 50727.803210276106,
            "Soil_Temperature": 5.446867258806536,
            "Wind_Dir_Sin": 0.4974486538452399,
            "Wind_Dir_Cos": 0.3358573298594139
        },
        "RMSE": {
            "Temperature": 2.78450391658663,
            "Precipitation_accumulated": 30.19068633523953,
            "Humidity": 7.915409138038783,
            "Wind_Speed_kmh": 1.089219762075819,
            "Soil_Moisture": 225.2283357179467,
            "Soil_Temperature": 2.3338524500933078,
            "Wind_Dir_Sin": 0.7053003997200341,
            "Wind_Dir_Cos": 0.5795319920931147
        },
        "MAE": {
            "Temperature": 2.2400000434840517,
            "Precipitation_accumulated": 25.41767999887289,
            "Humidity": 6.552516138334379,
            "Wind_Speed_kmh": 0.8894685250213282,
            "Soil_Moisture": 184.6652547753046,
            "Soil_Temperature": 1.9053594772043778,
            "Wind_Dir_Sin": 0.6146630976907198,
            "Wind_Dir_Cos": 0.49653583310884075
        },
        "R2": {
            "Temperature": 0.7460650395418085,
            "Precipitation_accumulated": -279.2607577573962,
            "Humidity": 0.573598449618225,
            "Wind_Speed_kmh": 0.12004945524566524,
            "Soil_Moisture": -0.021503472067789797,
            "Soil_Temperature": 0.6607873109210103,
            "Wind_Dir_Sin": 0.09374651546016988,
            "Wind_Dir_Cos": 0.08732173516812614
        },
        "SMAPE": {
            "Temperature": 35.373475418766986,
            "Precipitation_accumulated": 5.6634662063334655,
            "Humidity": 7.778353183261526,
            "Wind_Speed_kmh": 71.63832339068102,
            "Soil_Moisture": 2.1771703881389577,
            "Soil_Temperature": 36.79390679913358,
            "Wind_Dir_Sin": 129.9171316942358,
            "Wind_Dir_Cos": 128.48668514197817
        }
    }
}