{
    "trial_number": 42,
    "input_chunk_length": 65,
    "training_length": 87,
    "hidden_size": 218,
    "layer_size": 1,
    "dropout": 0.3628168481866739,
    "batch_size": 19,
    "lr": 8.036300836523513e-05,
    "forecast_horizon": 2,
    "overall_smape_val": 44.13291258872312,
    "metrics": {
        "MSE": {
            "Temperature": 0.4326554259568464,
            "Precipitation_accumulated": 22.885219236077678,
            "Humidity": 4.1868453881463275,
            "Wind_Speed_kmh": 0.08200718651710394,
            "Soil_Moisture": 23106.86172278087,
            "Soil_Temperature": 0.3856349911626606,
            "Wind_Dir_Sin": 0.05104998793518436,
            "Wind_Dir_Cos": 0.04835640939451171
        },
        "RMSE": {
            "Temperature": 0.6577654794505762,
            "Precipitation_accumulated": 4.783849834189789,
            "Humidity": 2.0461782395838166,
            "Wind_Speed_kmh": 0.2863689691937727,
            "Soil_Moisture": 152.00941327030006,
            "Soil_Temperature": 0.6209951619478694,
            "Wind_Dir_Sin": 0.22594244385503215,
            "Wind_Dir_Cos": 0.21990090812570945
        },
        "MAE": {
            "Temperature": 0.38882688142281635,
            "Precipitation_accumulated": 2.75660124044303,
            "Humidity": 1.2361215410708046,
            "Wind_Speed_kmh": 0.10825264607376214,
            "Soil_Moisture": 53.00626006877854,
            "Soil_Temperature": 0.36738620559676227,
            "Wind_Dir_Sin": 0.10383856124416806,
            "Wind_Dir_Cos": 0.09756803635199761
        },
        "R2": {
            "Temperature": 0.872910927331715,
            "Precipitation_accumulated": -23.11144096622518,
            "Humidity": 0.9356153696587879,
            "Wind_Speed_kmh": 0.759020737173857,
            "Soil_Moisture": 0.9687732522885384,
            "Soil_Temperature": 0.9312864036739122,
            "Wind_Dir_Sin": 0.6821671642920815,
            "Wind_Dir_Cos": 0.8315653281344059
        },
        "SMAPE": {
            "Temperature": 6.649053013632574,
            "Precipitation_accumulated": 0.597904691294058,
            "Humidity": 1.4547807822334877,
            "Wind_Speed_kmh": 153.3125906706764,
            "Soil_Moisture": 0.8275221224220882,
            "Soil_Temperature": 15.771420343922196,
            "Wind_Dir_Sin": 145.61060641747815,
            "Wind_Dir_Cos": 28.83942266812652
        }
    }
}