{
    "trial_number": 38,
    "input_chunk_length": 45,
    "hidden_size": 144,
    "layer_size": 1,
    "dropout": 0.31117397222565013,
    "batch_size": 32,
    "lr": 0.001228900050807948,
    "overall_smape_val": 42.8281253630154,
    "metrics": {
        "MSE": {
            "Temperature": 0.4869538464212215,
            "Precipitation_accumulated": 57.92673015402237,
            "Humidity": 2.233758573046678,
            "Wind_Speed_kmh": 0.06602501254012515,
            "Soil_Moisture": 16015.199995947249,
            "Soil_Temperature": 0.2730082886328547,
            "Wind_Dir_Sin": 0.04356216140682406,
            "Wind_Dir_Cos": 0.043304135881018745
        },
        "RMSE": {
            "Temperature": 0.6978207838845312,
            "Precipitation_accumulated": 7.610961184635117,
            "Humidity": 1.4945763858186298,
            "Wind_Speed_kmh": 0.25695332755215516,
            "Soil_Moisture": 126.55117540326225,
            "Soil_Temperature": 0.5225019508411951,
            "Wind_Dir_Sin": 0.20871550351333287,
            "Wind_Dir_Cos": 0.20809645811742866
        },
        "MAE": {
            "Temperature": 0.48103578184180246,
            "Precipitation_accumulated": 7.165087318674959,
            "Humidity": 0.945211060076696,
            "Wind_Speed_kmh": 0.10194816376740262,
            "Soil_Moisture": 70.16109804925628,
            "Soil_Temperature": 0.3672304975713531,
            "Wind_Dir_Sin": 0.09195584670283038,
            "Wind_Dir_Cos": 0.09868835601111083
        },
        "R2": {
            "Temperature": 0.8569612003892906,
            "Precipitation_accumulated": -60.03052455242932,
            "Humidity": 0.9656496224092005,
            "Wind_Speed_kmh": 0.8059845785992454,
            "Soil_Moisture": 0.9783569653109145,
            "Soil_Temperature": 0.9513545664457577,
            "Wind_Dir_Sin": 0.7287857284692042,
            "Wind_Dir_Cos": 0.8491633682303482
        },
        "SMAPE": {
            "Temperature": 7.978543227993642,
            "Precipitation_accumulated": 1.572933594213277,
            "Humidity": 1.1221580252950116,
            "Wind_Speed_kmh": 149.91375680189577,
            "Soil_Moisture": 1.1528894340314952,
            "Soil_Temperature": 12.53164048362293,
            "Wind_Dir_Sin": 142.1201073303616,
            "Wind_Dir_Cos": 26.2329740067094
        }
    }
}