{
    "trial_number": 7,
    "input_chunk_length": 37,
    "hidden_size": 255,
    "layer_size": 2,
    "dropout": 0.23732564131900172,
    "batch_size": 64,
    "lr": 0.005081289911207831,
    "overall_smape_val": 48.908590462606675,
    "metrics": {
        "MSE": {
            "Temperature": 1.4781125527133547,
            "Precipitation_accumulated": 58.711269463682974,
            "Humidity": 9.588416645192915,
            "Wind_Speed_kmh": 0.12411283917879887,
            "Soil_Moisture": 48137.803658119235,
            "Soil_Temperature": 0.523069852656784,
            "Wind_Dir_Sin": 0.059885086029529994,
            "Wind_Dir_Cos": 0.07113423368332668
        },
        "RMSE": {
            "Temperature": 1.2157765225210408,
            "Precipitation_accumulated": 7.662327940233501,
            "Humidity": 3.0965168569205166,
            "Wind_Speed_kmh": 0.35229652166718717,
            "Soil_Moisture": 219.40328998927805,
            "Soil_Temperature": 0.7232356826490131,
            "Wind_Dir_Sin": 0.2447142946979804,
            "Wind_Dir_Cos": 0.26671001796581745
        },
        "MAE": {
            "Temperature": 0.8300417484878498,
            "Precipitation_accumulated": 6.4115603800617915,
            "Humidity": 2.306761174918095,
            "Wind_Speed_kmh": 0.22270639119325542,
            "Soil_Moisture": 135.04537094124365,
            "Soil_Temperature": 0.5785797000370018,
            "Wind_Dir_Sin": 0.12529875255148434,
            "Wind_Dir_Cos": 0.17020916955910426
        },
        "R2": {
            "Temperature": 0.5658162538739815,
            "Precipitation_accumulated": -60.85710056445824,
            "Humidity": 0.8525508816241258,
            "Wind_Speed_kmh": 0.6352926888141851,
            "Soil_Moisture": 0.9349462913549188,
            "Soil_Temperature": 0.9067978489258923,
            "Wind_Dir_Sin": 0.6271606031808666,
            "Wind_Dir_Cos": 0.7522257864286037
        },
        "SMAPE": {
            "Temperature": 15.463140738106345,
            "Precipitation_accumulated": 1.397716836364187,
            "Humidity": 2.769682488560228,
            "Wind_Speed_kmh": 164.76717327378418,
            "Soil_Moisture": 2.131325536187351,
            "Soil_Temperature": 16.623050410220536,
            "Wind_Dir_Sin": 146.79613366245644,
            "Wind_Dir_Cos": 41.32050075517402
        }
    }
}