{
    "trial_number": 45,
    "input_chunk_length": 70,
    "training_length": 93,
    "hidden_size": 190,
    "layer_size": 1,
    "dropout": 0.10226585642510319,
    "batch_size": 20,
    "lr": 0.008439466087303062,
    "forecast_horizon": 11,
    "overall_smape_val": 52.682258631345704,
    "metrics": {
        "MSE": {
            "Temperature": 1.34984894798786,
            "Precipitation_accumulated": 23.52237424864735,
            "Humidity": 33.643657616010245,
            "Wind_Speed_kmh": 0.14933528076628055,
            "Soil_Moisture": 165089.9434968694,
            "Soil_Temperature": 2.0193236976676334,
            "Wind_Dir_Sin": 0.10950150739129544,
            "Wind_Dir_Cos": 0.17583981500505322
        },
        "RMSE": {
            "Temperature": 1.1618299996074555,
            "Precipitation_accumulated": 4.849987035925699,
            "Humidity": 5.80031530315467,
            "Wind_Speed_kmh": 0.3864392329542648,
            "Soil_Moisture": 406.31261793952376,
            "Soil_Temperature": 1.4210290981072955,
            "Wind_Dir_Sin": 0.33091011980792523,
            "Wind_Dir_Cos": 0.4193325828087453
        },
        "MAE": {
            "Temperature": 0.8592797837525545,
            "Precipitation_accumulated": 3.772342109964289,
            "Humidity": 4.389350709526936,
            "Wind_Speed_kmh": 0.18725706880420498,
            "Soil_Moisture": 232.21512342467233,
            "Soil_Temperature": 0.999461966109572,
            "Wind_Dir_Sin": 0.24860295709805563,
            "Wind_Dir_Cos": 0.34125595128282143
        },
        "R2": {
            "Temperature": 0.6022506078097989,
            "Precipitation_accumulated": -23.746886359315425,
            "Humidity": 0.48318194321734453,
            "Wind_Speed_kmh": 0.5639292575675835,
            "Soil_Moisture": 0.7782231366101934,
            "Soil_Temperature": 0.639184168813876,
            "Wind_Dir_Sin": 0.3223043528152909,
            "Wind_Dir_Cos": 0.3906056231483169
        },
        "SMAPE": {
            "Temperature": 15.983848360409134,
            "Precipitation_accumulated": 0.8251049058510432,
            "Humidity": 5.490598480837386,
            "Wind_Speed_kmh": 158.65490097330863,
            "Soil_Moisture": 3.7004165492428447,
            "Soil_Temperature": 23.026380766517594,
            "Wind_Dir_Sin": 153.1731527130657,
            "Wind_Dir_Cos": 60.603666301533416
        }
    }
}