{
    "trial_number": 33,
    "input_chunk_length": 59,
    "hidden_size": 150,
    "layer_size": 1,
    "dropout": 0.2754461873574234,
    "batch_size": 32,
    "lr": 0.0009330695807265797,
    "overall_smape_val": 43.90837738475622,
    "metrics": {
        "MSE": {
            "Temperature": 0.4820843183298378,
            "Precipitation_accumulated": 179.0221948676112,
            "Humidity": 2.6974031808790224,
            "Wind_Speed_kmh": 0.07467334738329176,
            "Soil_Moisture": 20353.854306610076,
            "Soil_Temperature": 0.2991960234033667,
            "Wind_Dir_Sin": 0.050710250703232894,
            "Wind_Dir_Cos": 0.04529727850528019
        },
        "RMSE": {
            "Temperature": 0.6943229207867458,
            "Precipitation_accumulated": 13.379917595695842,
            "Humidity": 1.6423772955320048,
            "Wind_Speed_kmh": 0.2732642446118624,
            "Soil_Moisture": 142.66693487493896,
            "Soil_Temperature": 0.546988138265691,
            "Wind_Dir_Sin": 0.2251893663191779,
            "Wind_Dir_Cos": 0.21283157309309206
        },
        "MAE": {
            "Temperature": 0.43187293263238513,
            "Precipitation_accumulated": 13.075330790161235,
            "Humidity": 0.9984201127800565,
            "Wind_Speed_kmh": 0.10443237951351826,
            "Soil_Moisture": 58.84448133749354,
            "Soil_Temperature": 0.3926914778057522,
            "Wind_Dir_Sin": 0.1303349429493544,
            "Wind_Dir_Cos": 0.10446099485800975
        },
        "R2": {
            "Temperature": 0.8583915853384622,
            "Precipitation_accumulated": -187.6144519161825,
            "Humidity": 0.9585197707147729,
            "Wind_Speed_kmh": 0.7805713258869935,
            "Soil_Moisture": 0.972493682568683,
            "Soil_Temperature": 0.9466883575255287,
            "Wind_Dir_Sin": 0.6842823390882791,
            "Wind_Dir_Cos": 0.8422208692296489
        },
        "SMAPE": {
            "Temperature": 7.6064532950305175,
            "Precipitation_accumulated": 2.8034685464150058,
            "Humidity": 1.18687033717034,
            "Wind_Speed_kmh": 149.70087177563767,
            "Soil_Moisture": 0.9077979199687873,
            "Soil_Temperature": 11.728533591774651,
            "Wind_Dir_Sin": 146.92492471760121,
            "Wind_Dir_Cos": 30.40809889445156
        }
    }
}