{
    "trial_number": 12,
    "input_chunk_length": 60,
    "training_length": 82,
    "hidden_size": 212,
    "layer_size": 1,
    "dropout": 0.39653758740344514,
    "batch_size": 18,
    "lr": 3.0378489033878987e-05,
    "forecast_horizon": 1,
    "overall_smape_val": 42.009663079630656,
    "metrics": {
        "MSE": {
            "Temperature": 0.40255148769621124,
            "Precipitation_accumulated": 27.021925491841692,
            "Humidity": 2.7362463525534433,
            "Wind_Speed_kmh": 0.07212546215681129,
            "Soil_Moisture": 16343.584731348772,
            "Soil_Temperature": 0.29874153385666835,
            "Wind_Dir_Sin": 0.045761333504071904,
            "Wind_Dir_Cos": 0.04177522945394022
        },
        "RMSE": {
            "Temperature": 0.6344694537140549,
            "Precipitation_accumulated": 5.1982617760018295,
            "Humidity": 1.6541603164607241,
            "Wind_Speed_kmh": 0.26856184047033055,
            "Soil_Moisture": 127.84203037870124,
            "Soil_Temperature": 0.5465725330243629,
            "Wind_Dir_Sin": 0.2139189881802733,
            "Wind_Dir_Cos": 0.20438989567476232
        },
        "MAE": {
            "Temperature": 0.38496035194299494,
            "Precipitation_accumulated": 3.0680250124487087,
            "Humidity": 0.9861947804570846,
            "Wind_Speed_kmh": 0.1030844340849193,
            "Soil_Moisture": 43.09737591069765,
            "Soil_Temperature": 0.3456233794564424,
            "Wind_Dir_Sin": 0.0930821507587217,
            "Wind_Dir_Cos": 0.08573391710837139
        },
        "R2": {
            "Temperature": 0.8817537185407845,
            "Precipitation_accumulated": -27.46979767024264,
            "Humidity": 0.9579224467112121,
            "Wind_Speed_kmh": 0.788058322206698,
            "Soil_Moisture": 0.9779131842640678,
            "Soil_Temperature": 0.9467693398325339,
            "Wind_Dir_Sin": 0.7150938720721869,
            "Wind_Dir_Cos": 0.854488843293172
        },
        "SMAPE": {
            "Temperature": 6.820857053171078,
            "Precipitation_accumulated": 0.6673233403604562,
            "Humidity": 1.1633177274403723,
            "Wind_Speed_kmh": 145.46628925348773,
            "Soil_Moisture": 0.6677856902712895,
            "Soil_Temperature": 13.161577504543747,
            "Wind_Dir_Sin": 142.22981269856865,
            "Wind_Dir_Cos": 25.900341369202035
        }
    }
}