{
    "trial_number": 26,
    "input_chunk_length": 60,
    "output_chunk_length": 12,
    "hidden_size": 173,
    "layer_size": 1,
    "dropout": 0.19740438815681485,
    "batch_size": 175,
    "lr": 0.0005869608412238964,
    "loss_function": "smoothl1",
    "optimizer": "Adam",
    "overall_mae_val": 0.14852933653850126,
    "metrics": {
        "MSE": {
            "Temperature": 10.1705110977026,
            "Precipitation_accumulated": 4657.816643452328,
            "Humidity": 113.93167944494208,
            "Wind_Speed_kmh": 1.7744726238763542,
            "Soil_Moisture": 71974.14851285379,
            "Soil_Temperature": 20.552968470098737,
            "Wind_Dir_Sin": 0.6347668672661553,
            "Wind_Dir_Cos": 0.3974306768525135
        },
        "RMSE": {
            "Temperature": 3.1891238761927387,
            "Precipitation_accumulated": 68.24819882936346,
            "Humidity": 10.673878369409222,
            "Wind_Speed_kmh": 1.3320933240116302,
            "Soil_Moisture": 268.2799815730831,
            "Soil_Temperature": 4.533538184475646,
            "Wind_Dir_Sin": 0.7967225786094901,
            "Wind_Dir_Cos": 0.630421031416714
        },
        "MAE": {
            "Temperature": 2.6047153135559213,
            "Precipitation_accumulated": 54.302214217579305,
            "Humidity": 8.758260657335073,
            "Wind_Speed_kmh": 1.089257168357189,
            "Soil_Moisture": 222.26032469273747,
            "Soil_Temperature": 3.849073842217084,
            "Wind_Dir_Sin": 0.7277556345519877,
            "Wind_Dir_Cos": 0.5278360280167612
        },
        "R2": {
            "Temperature": 0.6661872855632979,
            "Precipitation_accumulated": -1454.48198569444,
            "Humidity": 0.22524739376477987,
            "Wind_Speed_kmh": -0.3137924402203456,
            "Soil_Moisture": -0.5129567794566567,
            "Soil_Temperature": -0.28392755805765413,
            "Wind_Dir_Sin": -0.15925761840569663,
            "Wind_Dir_Cos": -0.07985884164808366
        },
        "SMAPE": {
            "Temperature": 39.4226033208292,
            "Precipitation_accumulated": 12.861981750632083,
            "Humidity": 10.363344808778209,
            "Wind_Speed_kmh": 77.85897490956026,
            "Soil_Moisture": 2.5994577439370317,
            "Soil_Temperature": 80.18029244811424,
            "Wind_Dir_Sin": 169.28032175708412,
            "Wind_Dir_Cos": 117.82535910940723
        }
    }
}