{
    "trial_number": 16,
    "input_chunk_length": 33,
    "output_chunk_length": 14,
    "hidden_size": 145,
    "layer_size": 2,
    "dropout": 0.39637916239102483,
    "batch_size": 123,
    "lr": 0.003925081648342779,
    "loss_function": "huber",
    "optimizer": "Adam",
    "overall_mae_val": 0.16832548181976634,
    "metrics": {
        "MSE": {
            "Temperature": 17.291854141900924,
            "Precipitation_accumulated": 20729.337420100845,
            "Humidity": 96.50253036868885,
            "Wind_Speed_kmh": 1.3521789737149001,
            "Soil_Moisture": 318243.37944720435,
            "Soil_Temperature": 15.124172007998386,
            "Wind_Dir_Sin": 0.6092733770135492,
            "Wind_Dir_Cos": 0.5043162547739305
        },
        "RMSE": {
            "Temperature": 4.15834752538805,
            "Precipitation_accumulated": 143.9768641834543,
            "Humidity": 9.823570143725185,
            "Wind_Speed_kmh": 1.1628323067901494,
            "Soil_Moisture": 564.1306404080568,
            "Soil_Temperature": 3.888980844385632,
            "Wind_Dir_Sin": 0.7805596562810233,
            "Wind_Dir_Cos": 0.7101522757648042
        },
        "MAE": {
            "Temperature": 3.2449943743397376,
            "Precipitation_accumulated": 114.06206940553729,
            "Humidity": 8.322942363246941,
            "Wind_Speed_kmh": 0.9488820274650939,
            "Soil_Moisture": 483.89964807048113,
            "Soil_Temperature": 3.165165245667233,
            "Wind_Dir_Sin": 0.6756328910623788,
            "Wind_Dir_Cos": 0.5630181677914862
        },
        "R2": {
            "Temperature": 0.43346219427554145,
            "Precipitation_accumulated": -6202.678046561167,
            "Humidity": 0.3419904995305443,
            "Wind_Speed_kmh": -0.0041286616886635485,
            "Soil_Moisture": -4.956068393841518,
            "Soil_Temperature": 0.061264352120160126,
            "Wind_Dir_Sin": -0.10666035410253905,
            "Wind_Dir_Cos": -0.37440305529689555
        },
        "SMAPE": {
            "Temperature": 45.69514598559366,
            "Precipitation_accumulated": 30.832634568847823,
            "Humidity": 9.81040049954209,
            "Wind_Speed_kmh": 75.11770180976755,
            "Soil_Moisture": 5.870954870359637,
            "Soil_Temperature": 56.161504376202885,
            "Wind_Dir_Sin": 134.15083812144712,
            "Wind_Dir_Cos": 106.85130007864643
        }
    }
}