{
    "trial_number": 2,
    "input_chunk_length": 26,
    "hidden_size": 151,
    "layer_size": 3,
    "dropout": 0.2368927821131336,
    "batch_size": 34,
    "lr": 2.8682128148840857e-05,
    "overall_smape_val": 52.66710034002679,
    "metrics": {
        "MSE": {
            "Temperature": 1.8382653845914958,
            "Precipitation_accumulated": 127.06725870188134,
            "Humidity": 24.68894939002179,
            "Wind_Speed_kmh": 0.17549426333445914,
            "Soil_Moisture": 114440.94786385751,
            "Soil_Temperature": 2.128911797400658,
            "Wind_Dir_Sin": 0.09028076428708533,
            "Wind_Dir_Cos": 0.10272561882094962
        },
        "RMSE": {
            "Temperature": 1.3558264581396455,
            "Precipitation_accumulated": 11.272411396940823,
            "Humidity": 4.96879757990017,
            "Wind_Speed_kmh": 0.41892035440458025,
            "Soil_Moisture": 338.29121753876126,
            "Soil_Temperature": 1.4590790922361467,
            "Wind_Dir_Sin": 0.3004675760994609,
            "Wind_Dir_Cos": 0.32050837558627016
        },
        "MAE": {
            "Temperature": 0.9810973572343515,
            "Precipitation_accumulated": 8.156760910355409,
            "Humidity": 4.0474185367744875,
            "Wind_Speed_kmh": 0.18696712339850763,
            "Soil_Moisture": 164.80515032244998,
            "Soil_Temperature": 0.9799379066133775,
            "Wind_Dir_Sin": 0.18087678611157473,
            "Wind_Dir_Cos": 0.1822247244172878
        },
        "R2": {
            "Temperature": 0.46002423862068154,
            "Precipitation_accumulated": -132.87569834159817,
            "Humidity": 0.6203373345264092,
            "Wind_Speed_kmh": 0.48430765638161954,
            "Soil_Moisture": 0.845343835537735,
            "Soil_Temperature": 0.6206641274449815,
            "Wind_Dir_Sin": 0.43791972370935517,
            "Wind_Dir_Cos": 0.6421869176196418
        },
        "SMAPE": {
            "Temperature": 17.07876938222066,
            "Precipitation_accumulated": 1.761693899047641,
            "Humidity": 4.886588304914402,
            "Wind_Speed_kmh": 171.6712785405613,
            "Soil_Moisture": 2.592585042669724,
            "Soil_Temperature": 22.79617911640886,
            "Wind_Dir_Sin": 156.84681006908986,
            "Wind_Dir_Cos": 43.70289836530172
        }
    }
}