{
    "trial_number": 35,
    "input_chunk_length": 63,
    "training_length": 85,
    "hidden_size": 241,
    "layer_size": 2,
    "dropout": 0.38649680620744975,
    "batch_size": 19,
    "lr": 0.00016853635758223582,
    "forecast_horizon": 7,
    "overall_smape_val": 47.05386784557075,
    "metrics": {
        "MSE": {
            "Temperature": 0.6434929106922391,
            "Precipitation_accumulated": 36.39003495644307,
            "Humidity": 8.929604496931452,
            "Wind_Speed_kmh": 0.12188135186250511,
            "Soil_Moisture": 76679.33097970935,
            "Soil_Temperature": 0.6025251874353303,
            "Wind_Dir_Sin": 0.07528443267169888,
            "Wind_Dir_Cos": 0.08181031108443354
        },
        "RMSE": {
            "Temperature": 0.8021800986637846,
            "Precipitation_accumulated": 6.032415350126603,
            "Humidity": 2.9882443837362853,
            "Wind_Speed_kmh": 0.3491150983021289,
            "Soil_Moisture": 276.9103302148718,
            "Soil_Temperature": 0.7762249592968075,
            "Wind_Dir_Sin": 0.2743800879650323,
            "Wind_Dir_Cos": 0.28602501828412413
        },
        "MAE": {
            "Temperature": 0.5479389193287713,
            "Precipitation_accumulated": 5.4215768867184035,
            "Humidity": 1.7340565560535668,
            "Wind_Speed_kmh": 0.16997935118289742,
            "Soil_Moisture": 124.41433242260874,
            "Soil_Temperature": 0.49148242531936137,
            "Wind_Dir_Sin": 0.1357472474321244,
            "Wind_Dir_Cos": 0.14026316436523165
        },
        "R2": {
            "Temperature": 0.8105953364201922,
            "Precipitation_accumulated": -37.30878201113686,
            "Humidity": 0.8627460534043447,
            "Wind_Speed_kmh": 0.6430982669678222,
            "Soil_Moisture": 0.8967158774271988,
            "Soil_Temperature": 0.8924661037135351,
            "Wind_Dir_Sin": 0.5328330989160524,
            "Wind_Dir_Cos": 0.7158377273883401
        },
        "SMAPE": {
            "Temperature": 10.227872324767816,
            "Precipitation_accumulated": 1.1717437931109764,
            "Humidity": 2.0411129192256587,
            "Wind_Speed_kmh": 159.75318574403536,
            "Soil_Moisture": 1.9575189356463025,
            "Soil_Temperature": 15.723076328780301,
            "Wind_Dir_Sin": 149.98914114612643,
            "Wind_Dir_Cos": 35.5672915728731
        }
    }
}