{
    "trial_number": 9,
    "input_chunk_length": 42,
    "output_chunk_length": 5,
    "hidden_size": 63,
    "layer_size": 3,
    "dropout": 0.4673537489226619,
    "batch_size": 189,
    "lr": 9.375361969310023e-05,
    "loss_function": "huber",
    "optimizer": "Adam",
    "overall_mae_val": 0.23062671517740468,
    "metrics": {
        "MSE": {
            "Temperature": 42.750750252708386,
            "Precipitation_accumulated": 33797.78485283062,
            "Humidity": 135.934102022466,
            "Wind_Speed_kmh": 2.293882122560068,
            "Soil_Moisture": 1745678.205133309,
            "Soil_Temperature": 49.155234259672284,
            "Wind_Dir_Sin": 0.5810696103292703,
            "Wind_Dir_Cos": 0.7863985271388299
        },
        "RMSE": {
            "Temperature": 6.538405788317852,
            "Precipitation_accumulated": 183.84173860369853,
            "Humidity": 11.659078094878085,
            "Wind_Speed_kmh": 1.5145567412811143,
            "Soil_Moisture": 1321.241160853426,
            "Soil_Temperature": 7.011079393336827,
            "Wind_Dir_Sin": 0.7622792207119844,
            "Wind_Dir_Cos": 0.8867911406519744
        },
        "MAE": {
            "Temperature": 5.526401889036943,
            "Precipitation_accumulated": 148.6207337214588,
            "Humidity": 10.12593033559285,
            "Wind_Speed_kmh": 1.1441391188110925,
            "Soil_Moisture": 1148.6098104677649,
            "Soil_Temperature": 6.5971300396764665,
            "Wind_Dir_Sin": 0.7064866126854301,
            "Wind_Dir_Cos": 0.7326642337276947
        },
        "R2": {
            "Temperature": -0.40065466909965597,
            "Precipitation_accumulated": -10113.678132962867,
            "Humidity": 0.07312346912730872,
            "Wind_Speed_kmh": -0.7034378071045508,
            "Soil_Moisture": -31.671155018127834,
            "Soil_Temperature": -2.0509948349592775,
            "Wind_Dir_Sin": -0.05543213438474992,
            "Wind_Dir_Cos": -1.143156259885156
        },
        "SMAPE": {
            "Temperature": 61.59109737530423,
            "Precipitation_accumulated": 42.90755194504457,
            "Humidity": 11.881561017352364,
            "Wind_Speed_kmh": 107.38528141065198,
            "Soil_Moisture": 14.799244067812635,
            "Soil_Temperature": 69.68607094491902,
            "Wind_Dir_Sin": 184.5025562089022,
            "Wind_Dir_Cos": 147.77017807041042
        }
    }
}