{
    "trial_number": 47,
    "input_chunk_length": 25,
    "training_length": 42,
    "hidden_size": 75,
    "layer_size": 2,
    "dropout": 0.38930577432438424,
    "batch_size": 36,
    "lr": 4.389015446107749e-05,
    "forecast_horizon": 1,
    "overall_smape_val": 50.59116740332894,
    "metrics": {
        "MSE": {
            "Temperature": 1.3479094123654796,
            "Precipitation_accumulated": 196.16437125702382,
            "Humidity": 19.97607890483561,
            "Wind_Speed_kmh": 0.15924168244954306,
            "Soil_Moisture": 54052.97434604633,
            "Soil_Temperature": 1.4189931904267372,
            "Wind_Dir_Sin": 0.06572703702468653,
            "Wind_Dir_Cos": 0.06624790391990816
        },
        "RMSE": {
            "Temperature": 1.1609950096212642,
            "Precipitation_accumulated": 14.00586917178023,
            "Humidity": 4.469460695076712,
            "Wind_Speed_kmh": 0.39905097725671973,
            "Soil_Moisture": 232.49295547617422,
            "Soil_Temperature": 1.1912150059610302,
            "Wind_Dir_Sin": 0.2563728476744106,
            "Wind_Dir_Cos": 0.2573866817065486
        },
        "MAE": {
            "Temperature": 0.8947944797435456,
            "Precipitation_accumulated": 7.69035838900692,
            "Humidity": 3.807857598230485,
            "Wind_Speed_kmh": 0.16487975075821834,
            "Soil_Moisture": 121.52006431525852,
            "Soil_Temperature": 0.8621561792223652,
            "Wind_Dir_Sin": 0.13311312928470337,
            "Wind_Dir_Cos": 0.12322472692827446
        },
        "R2": {
            "Temperature": 0.6040623854894913,
            "Precipitation_accumulated": -205.67512984905343,
            "Humidity": 0.6928110936228882,
            "Wind_Speed_kmh": 0.5320660922822645,
            "Soil_Moisture": 0.9269524951848389,
            "Soil_Temperature": 0.7471595485085973,
            "Wind_Dir_Sin": 0.5907891185643621,
            "Wind_Dir_Cos": 0.7692458125354613
        },
        "SMAPE": {
            "Temperature": 15.863909014141122,
            "Precipitation_accumulated": 1.6764829829525667,
            "Humidity": 4.60155798886645,
            "Wind_Speed_kmh": 167.87133809105245,
            "Soil_Moisture": 1.9033586133375986,
            "Soil_Temperature": 25.513186173111713,
            "Wind_Dir_Sin": 151.39285658663647,
            "Wind_Dir_Cos": 35.90664977653307
        }
    }
}