{
    "trial_number": 8,
    "input_chunk_length": 42,
    "training_length": 60,
    "hidden_size": 152,
    "layer_size": 4,
    "dropout": 0.23494409951862721,
    "batch_size": 18,
    "lr": 0.00551477436439797,
    "forecast_horizon": 15,
    "overall_smape_val": 52.78097882879591,
    "metrics": {
        "MSE": {
            "Temperature": 2.3168903805566017,
            "Precipitation_accumulated": 10.30159067964784,
            "Humidity": 52.78633834781108,
            "Wind_Speed_kmh": 0.22657532748072207,
            "Soil_Moisture": 170836.29894775074,
            "Soil_Temperature": 0.9179639011059239,
            "Wind_Dir_Sin": 0.1224229687690606,
            "Wind_Dir_Cos": 0.14547898698419282
        },
        "RMSE": {
            "Temperature": 1.5221334962993889,
            "Precipitation_accumulated": 3.2096091163329903,
            "Humidity": 7.265420727515447,
            "Wind_Speed_kmh": 0.4759992935716628,
            "Soil_Moisture": 413.3234797924632,
            "Soil_Temperature": 0.9581043268381183,
            "Wind_Dir_Sin": 0.3498899380791917,
            "Wind_Dir_Cos": 0.38141707746795084
        },
        "MAE": {
            "Temperature": 1.1998744499040743,
            "Precipitation_accumulated": 1.8380323990422114,
            "Humidity": 5.941810974640342,
            "Wind_Speed_kmh": 0.2686558228825314,
            "Soil_Moisture": 188.8038088493608,
            "Soil_Temperature": 0.5338106225487427,
            "Wind_Dir_Sin": 0.17306081342345908,
            "Wind_Dir_Cos": 0.18797537257436106
        },
        "R2": {
            "Temperature": 0.3169055396788317,
            "Precipitation_accumulated": -9.83108721416578,
            "Humidity": 0.18975934529845828,
            "Wind_Speed_kmh": 0.34023860638739345,
            "Soil_Moisture": 0.7711202794865797,
            "Soil_Temperature": 0.8358129960051708,
            "Wind_Dir_Sin": 0.24434723574317452,
            "Wind_Dir_Cos": 0.49695983277593436
        },
        "SMAPE": {
            "Temperature": 19.9559505198797,
            "Precipitation_accumulated": 0.39716154436054707,
            "Humidity": 7.359989764659393,
            "Wind_Speed_kmh": 171.88684132778712,
            "Soil_Moisture": 2.99832710993304,
            "Soil_Temperature": 17.006883423951518,
            "Wind_Dir_Sin": 160.9603353758525,
            "Wind_Dir_Cos": 41.68234156394363
        }
    }
}