{
    "trial_number": 12,
    "input_chunk_length": 41,
    "hidden_size": 119,
    "layer_size": 2,
    "dropout": 0.14562001535901944,
    "batch_size": 18,
    "lr": 0.0013743735524220692,
    "overall_smape_val": 44.17663811628509,
    "metrics": {
        "MSE": {
            "Temperature": 0.6208941312781024,
            "Precipitation_accumulated": 5.696752638551594,
            "Humidity": 4.551537074263417,
            "Wind_Speed_kmh": 0.08332998407440331,
            "Soil_Moisture": 32047.11506714807,
            "Soil_Temperature": 0.4433545755340059,
            "Wind_Dir_Sin": 0.048544056310937424,
            "Wind_Dir_Cos": 0.04490617441395845
        },
        "RMSE": {
            "Temperature": 0.7879683567746248,
            "Precipitation_accumulated": 2.386787095354672,
            "Humidity": 2.133433166111237,
            "Wind_Speed_kmh": 0.2886693334498892,
            "Soil_Moisture": 179.01708037823673,
            "Soil_Temperature": 0.66584876325935,
            "Wind_Dir_Sin": 0.22032715745213394,
            "Wind_Dir_Cos": 0.2119107699338532
        },
        "MAE": {
            "Temperature": 0.48679040971381937,
            "Precipitation_accumulated": 2.0150744790657935,
            "Humidity": 1.5490601872404677,
            "Wind_Speed_kmh": 0.1237692330385434,
            "Soil_Moisture": 118.74849333208738,
            "Soil_Temperature": 0.49041859720973,
            "Wind_Dir_Sin": 0.13268340834812173,
            "Wind_Dir_Cos": 0.11910351915859439
        },
        "R2": {
            "Temperature": 0.8176173124495036,
            "Precipitation_accumulated": -5.001992531803512,
            "Humidity": 0.9300071999695896,
            "Wind_Speed_kmh": 0.7551336780786186,
            "Soil_Moisture": 0.9566913417716346,
            "Soil_Temperature": 0.9210017554664334,
            "Wind_Dir_Sin": 0.6977688791296204,
            "Wind_Dir_Cos": 0.8435831599810077
        },
        "SMAPE": {
            "Temperature": 8.609748142524335,
            "Precipitation_accumulated": 0.4390009027562744,
            "Humidity": 1.8770134194654817,
            "Wind_Speed_kmh": 155.2808737538662,
            "Soil_Moisture": 1.959961024305279,
            "Soil_Temperature": 14.681623144655816,
            "Wind_Dir_Sin": 142.05773372618899,
            "Wind_Dir_Cos": 28.507150816518187
        }
    }
}