{
    "trial_number": 22,
    "input_chunk_length": 72,
    "training_length": 96,
    "hidden_size": 225,
    "layer_size": 1,
    "dropout": 0.37152106220336517,
    "batch_size": 21,
    "lr": 0.00012065479409558031,
    "forecast_horizon": 7,
    "overall_smape_val": 47.28515542241662,
    "metrics": {
        "MSE": {
            "Temperature": 0.6387942012656807,
            "Precipitation_accumulated": 36.43799909824019,
            "Humidity": 7.68567357613592,
            "Wind_Speed_kmh": 0.12917536661790838,
            "Soil_Moisture": 59040.126794686956,
            "Soil_Temperature": 0.46105785269068256,
            "Wind_Dir_Sin": 0.07357252856649094,
            "Wind_Dir_Cos": 0.08081035588548709
        },
        "RMSE": {
            "Temperature": 0.79924602048786,
            "Precipitation_accumulated": 6.036389574757431,
            "Humidity": 2.772304740849375,
            "Wind_Speed_kmh": 0.3594097475276768,
            "Soil_Moisture": 242.98174168996104,
            "Soil_Temperature": 0.6790124098208239,
            "Wind_Dir_Sin": 0.27124256407594094,
            "Wind_Dir_Cos": 0.28427162342641077
        },
        "MAE": {
            "Temperature": 0.5526089811603605,
            "Precipitation_accumulated": 4.580898885911114,
            "Humidity": 1.7533228419125295,
            "Wind_Speed_kmh": 0.18105036892394405,
            "Soil_Moisture": 96.49746469008598,
            "Soil_Temperature": 0.4233332295296011,
            "Wind_Dir_Sin": 0.15833765895010035,
            "Wind_Dir_Cos": 0.1732643007404447
        },
        "R2": {
            "Temperature": 0.811978346960649,
            "Precipitation_accumulated": -37.35927517099935,
            "Humidity": 0.881866097100594,
            "Wind_Speed_kmh": 0.6217394088063011,
            "Soil_Moisture": 0.9204752100120724,
            "Soil_Temperature": 0.9177140668187892,
            "Wind_Dir_Sin": 0.5434560777630926,
            "Wind_Dir_Cos": 0.7193110003544972
        },
        "SMAPE": {
            "Temperature": 10.140654361771588,
            "Precipitation_accumulated": 0.9914037322146073,
            "Humidity": 2.080674475157341,
            "Wind_Speed_kmh": 158.7741826918073,
            "Soil_Moisture": 1.5399612004404597,
            "Soil_Temperature": 14.197152553767065,
            "Wind_Dir_Sin": 150.26525811557428,
            "Wind_Dir_Cos": 40.29195624860011
        }
    }
}