{
    "trial_number": 32,
    "input_chunk_length": 72,
    "training_length": 94,
    "hidden_size": 217,
    "layer_size": 1,
    "dropout": 0.3786028007935257,
    "batch_size": 18,
    "lr": 5.6267651539746676e-05,
    "forecast_horizon": 1,
    "overall_smape_val": 43.09727717033751,
    "metrics": {
        "MSE": {
            "Temperature": 0.40738830967311124,
            "Precipitation_accumulated": 33.20802116718022,
            "Humidity": 3.0748169911816112,
            "Wind_Speed_kmh": 0.07047617374881034,
            "Soil_Moisture": 19258.465885135374,
            "Soil_Temperature": 0.2763911970393917,
            "Wind_Dir_Sin": 0.044648004498463525,
            "Wind_Dir_Cos": 0.04153937290430834
        },
        "RMSE": {
            "Temperature": 0.6382697781292103,
            "Precipitation_accumulated": 5.762640121262148,
            "Humidity": 1.7535156090498913,
            "Wind_Speed_kmh": 0.26547348972884344,
            "Soil_Moisture": 138.77487483379466,
            "Soil_Temperature": 0.5257292050470391,
            "Wind_Dir_Sin": 0.2113007441976093,
            "Wind_Dir_Cos": 0.20381210195743613
        },
        "MAE": {
            "Temperature": 0.3920296954437578,
            "Precipitation_accumulated": 3.388039565475958,
            "Humidity": 1.1402002399500415,
            "Wind_Speed_kmh": 0.1028690062800733,
            "Soil_Moisture": 62.739937666885595,
            "Soil_Temperature": 0.3532700350641912,
            "Wind_Dir_Sin": 0.09354980845912707,
            "Wind_Dir_Cos": 0.0865484856917745
        },
        "R2": {
            "Temperature": 0.8803329407512853,
            "Precipitation_accumulated": -33.98735291621588,
            "Humidity": 0.9527159622601313,
            "Wind_Speed_kmh": 0.7929047792262287,
            "Soil_Moisture": 0.973973996870721,
            "Soil_Temperature": 0.9507517897061416,
            "Wind_Dir_Sin": 0.7220253627392886,
            "Wind_Dir_Cos": 0.855310377005911
        },
        "SMAPE": {
            "Temperature": 6.885184348512586,
            "Precipitation_accumulated": 0.7358065728486317,
            "Humidity": 1.3620807854049672,
            "Wind_Speed_kmh": 151.80106272062093,
            "Soil_Moisture": 0.9949238770061894,
            "Soil_Temperature": 13.734918428879382,
            "Wind_Dir_Sin": 142.9941434679793,
            "Wind_Dir_Cos": 26.27009716144785
        }
    }
}