{
    "trial_number": 40,
    "input_chunk_length": 27,
    "hidden_size": 113,
    "layer_size": 2,
    "dropout": 0.3211332410029186,
    "batch_size": 30,
    "lr": 0.004051727718550399,
    "overall_smape_val": 44.4559493890587,
    "metrics": {
        "MSE": {
            "Temperature": 0.5493263675540638,
            "Precipitation_accumulated": 11.10935958958818,
            "Humidity": 4.883901732342454,
            "Wind_Speed_kmh": 0.08857714211993664,
            "Soil_Moisture": 25531.918275383687,
            "Soil_Temperature": 0.2704579203491969,
            "Wind_Dir_Sin": 0.046102029579714085,
            "Wind_Dir_Cos": 0.041702236629205226
        },
        "RMSE": {
            "Temperature": 0.7411655466588175,
            "Precipitation_accumulated": 3.333070594750159,
            "Humidity": 2.209955142608658,
            "Wind_Speed_kmh": 0.2976191225710079,
            "Soil_Moisture": 159.78710296949401,
            "Soil_Temperature": 0.5200556896614025,
            "Wind_Dir_Sin": 0.2147138318313799,
            "Wind_Dir_Cos": 0.20421125490336037
        },
        "MAE": {
            "Temperature": 0.5257678335141673,
            "Precipitation_accumulated": 2.306324440331797,
            "Humidity": 1.4833118373984109,
            "Wind_Speed_kmh": 0.12191676962842969,
            "Soil_Moisture": 92.17308476489237,
            "Soil_Temperature": 0.376171331294459,
            "Wind_Dir_Sin": 0.09443192153052749,
            "Wind_Dir_Cos": 0.08281851302378429
        },
        "R2": {
            "Temperature": 0.8386397709209668,
            "Precipitation_accumulated": -10.704614456769011,
            "Humidity": 0.9248961500823674,
            "Wind_Speed_kmh": 0.7397148308842796,
            "Soil_Moisture": 0.9654960167183139,
            "Soil_Temperature": 0.9518089986957923,
            "Wind_Dir_Sin": 0.7129727275976103,
            "Wind_Dir_Cos": 0.8547430913367453
        },
        "SMAPE": {
            "Temperature": 8.805552174725504,
            "Precipitation_accumulated": 0.5028895342625711,
            "Humidity": 1.7576601337226612,
            "Wind_Speed_kmh": 157.20787904014023,
            "Soil_Moisture": 1.5183603927630789,
            "Soil_Temperature": 13.20198293337202,
            "Wind_Dir_Sin": 148.51279163433693,
            "Wind_Dir_Cos": 24.140479269146567
        }
    }
}