{
    "trial_number": 40,
    "input_chunk_length": 57,
    "training_length": 80,
    "hidden_size": 118,
    "layer_size": 3,
    "dropout": 0.2631227901710351,
    "batch_size": 28,
    "lr": 1.5346090217323028e-05,
    "forecast_horizon": 20,
    "overall_smape_val": 54.75655311835522,
    "metrics": {
        "MSE": {
            "Temperature": 2.3025021256316753,
            "Precipitation_accumulated": 351.02667981203564,
            "Humidity": 34.421395143112285,
            "Wind_Speed_kmh": 0.24957092268494901,
            "Soil_Moisture": 231483.12653218897,
            "Soil_Temperature": 1.6428994240244932,
            "Wind_Dir_Sin": 0.14649044317117288,
            "Wind_Dir_Cos": 0.14936854667428365
        },
        "RMSE": {
            "Temperature": 1.517399790968641,
            "Precipitation_accumulated": 18.7357060131727,
            "Humidity": 5.866974956748348,
            "Wind_Speed_kmh": 0.4995707384194445,
            "Soil_Moisture": 481.12693390849466,
            "Soil_Temperature": 1.2817563824785478,
            "Wind_Dir_Sin": 0.38274069965339835,
            "Wind_Dir_Cos": 0.38648227213454905
        },
        "MAE": {
            "Temperature": 1.0739368568412822,
            "Precipitation_accumulated": 12.043551151807858,
            "Humidity": 5.044761535335825,
            "Wind_Speed_kmh": 0.2393429441597614,
            "Soil_Moisture": 265.3382806381082,
            "Soil_Temperature": 0.9471298079598353,
            "Wind_Dir_Sin": 0.23981715281127713,
            "Wind_Dir_Cos": 0.25816985849093077
        },
        "R2": {
            "Temperature": 0.3179539267718644,
            "Precipitation_accumulated": -367.78669701726005,
            "Humidity": 0.4711225686592977,
            "Wind_Speed_kmh": 0.2758339069605419,
            "Soil_Moisture": 0.6908923396403417,
            "Soil_Temperature": 0.7055846464375826,
            "Wind_Dir_Sin": 0.09880149985482445,
            "Wind_Dir_Cos": 0.4849662910923098
        },
        "SMAPE": {
            "Temperature": 18.572917253060986,
            "Precipitation_accumulated": 2.6781087347741237,
            "Humidity": 6.010802604614288,
            "Wind_Speed_kmh": 172.33952853754064,
            "Soil_Moisture": 4.134639183206055,
            "Soil_Temperature": 23.111496690146037,
            "Wind_Dir_Sin": 159.58697823164832,
            "Wind_Dir_Cos": 51.617953711850824
        }
    }
}