{
    "trial_number": 4,
    "input_chunk_length": 64,
    "training_length": 88,
    "hidden_size": 164,
    "layer_size": 1,
    "dropout": 0.3888549334021948,
    "batch_size": 30,
    "lr": 0.00014480948847210424,
    "forecast_horizon": 4,
    "overall_smape_val": 46.11139435562913,
    "metrics": {
        "MSE": {
            "Temperature": 0.5934374977142204,
            "Precipitation_accumulated": 30.688001255727208,
            "Humidity": 5.581899481940503,
            "Wind_Speed_kmh": 0.09412420235514306,
            "Soil_Moisture": 39142.667478991854,
            "Soil_Temperature": 0.4455612220208558,
            "Wind_Dir_Sin": 0.06017450867747471,
            "Wind_Dir_Cos": 0.06373588103405924
        },
        "RMSE": {
            "Temperature": 0.77034894542293,
            "Precipitation_accumulated": 5.5396751940639275,
            "Humidity": 2.362604385406178,
            "Wind_Speed_kmh": 0.30679667917880576,
            "Soil_Moisture": 197.84505927364438,
            "Soil_Temperature": 0.6675037243498015,
            "Wind_Dir_Sin": 0.2453049299901547,
            "Wind_Dir_Cos": 0.25245966219192173
        },
        "MAE": {
            "Temperature": 0.5501714807312861,
            "Precipitation_accumulated": 3.8402598123236173,
            "Humidity": 1.5134569398016608,
            "Wind_Speed_kmh": 0.13356640882286203,
            "Soil_Moisture": 76.36256877655671,
            "Soil_Temperature": 0.43944110694809285,
            "Wind_Dir_Sin": 0.12128973148893347,
            "Wind_Dir_Cos": 0.12683366443498661
        },
        "R2": {
            "Temperature": 0.8255254403074227,
            "Precipitation_accumulated": -31.321754667688793,
            "Humidity": 0.91416971052718,
            "Wind_Speed_kmh": 0.723800333880934,
            "Soil_Moisture": 0.9471713929320067,
            "Soil_Temperature": 0.9205564038461677,
            "Wind_Dir_Sin": 0.6258534667704354,
            "Wind_Dir_Cos": 0.7782446394233964
        },
        "SMAPE": {
            "Temperature": 9.995546194508021,
            "Precipitation_accumulated": 0.8328692982791066,
            "Humidity": 1.7940768725702514,
            "Wind_Speed_kmh": 157.9484971743382,
            "Soil_Moisture": 1.2082631658904832,
            "Soil_Temperature": 14.279209530510064,
            "Wind_Dir_Sin": 147.73232274561425,
            "Wind_Dir_Cos": 35.100369863322626
        }
    }
}