{
    "trial_number": 48,
    "input_chunk_length": 54,
    "hidden_size": 75,
    "layer_size": 2,
    "dropout": 0.3042826135662498,
    "batch_size": 37,
    "lr": 0.0029632744188529277,
    "overall_smape_val": 51.12879996135263,
    "metrics": {
        "MSE": {
            "Temperature": 2.2045162555852973,
            "Precipitation_accumulated": 94.67692900675127,
            "Humidity": 23.06369913213143,
            "Wind_Speed_kmh": 0.18793791807809715,
            "Soil_Moisture": 101132.54513047701,
            "Soil_Temperature": 1.7031647876953397,
            "Wind_Dir_Sin": 0.06454647129605258,
            "Wind_Dir_Cos": 0.07279668010097211
        },
        "RMSE": {
            "Temperature": 1.4847613463399758,
            "Precipitation_accumulated": 9.730207038226435,
            "Humidity": 4.80246802510245,
            "Wind_Speed_kmh": 0.4335180712243691,
            "Soil_Moisture": 318.01343545592067,
            "Soil_Temperature": 1.3050535574049595,
            "Wind_Dir_Sin": 0.2540599757853499,
            "Wind_Dir_Cos": 0.2698085990122852
        },
        "MAE": {
            "Temperature": 1.1334292801899992,
            "Precipitation_accumulated": 6.267362281304597,
            "Humidity": 4.071158668651501,
            "Wind_Speed_kmh": 0.1889154417321027,
            "Soil_Moisture": 189.98681352918916,
            "Soil_Temperature": 0.9885136182908012,
            "Wind_Dir_Sin": 0.11961224031879629,
            "Wind_Dir_Cos": 0.12405987632658967
        },
        "R2": {
            "Temperature": 0.35244097312571354,
            "Precipitation_accumulated": -98.74984993855915,
            "Humidity": 0.6453301697914724,
            "Wind_Speed_kmh": 0.4477418031394833,
            "Soil_Moisture": 0.8633288886177941,
            "Soil_Temperature": 0.6965250032273624,
            "Wind_Dir_Sin": 0.5981392192881412,
            "Wind_Dir_Cos": 0.7464351659016375
        },
        "SMAPE": {
            "Temperature": 21.720438994055183,
            "Precipitation_accumulated": 1.344143835837295,
            "Humidity": 4.883176092892089,
            "Wind_Speed_kmh": 167.0338511886867,
            "Soil_Moisture": 3.0014584382450695,
            "Soil_Temperature": 25.60222521263796,
            "Wind_Dir_Sin": 151.3573973288541,
            "Wind_Dir_Cos": 34.08770859961267
        }
    }
}