{
    "trial_number": 1,
    "input_chunk_length": 71,
    "output_chunk_length": 4,
    "hidden_size": 97,
    "layer_size": 3,
    "dropout": 0.1962231045587549,
    "batch_size": 196,
    "lr": 0.00040411815160186276,
    "loss_function": "huber",
    "optimizer": "SGD",
    "overall_mae_val": 0.4616154969174884,
    "metrics": {
        "MSE": {
            "Temperature": 93.19431871736272,
            "Precipitation_accumulated": 163267.77058821474,
            "Humidity": 4834.506247791611,
            "Wind_Speed_kmh": 2.622996397934548,
            "Soil_Moisture": 8923859.901812391,
            "Soil_Temperature": 66.05912649256625,
            "Wind_Dir_Sin": 1.3211238454520315,
            "Wind_Dir_Cos": 0.7965848286264194
        },
        "RMSE": {
            "Temperature": 9.653720459872593,
            "Precipitation_accumulated": 404.0640674301722,
            "Humidity": 69.53061374525333,
            "Wind_Speed_kmh": 1.6195667315472209,
            "Soil_Moisture": 2987.2830300814135,
            "Soil_Temperature": 8.127676574062617,
            "Wind_Dir_Sin": 1.1494015162039901,
            "Wind_Dir_Cos": 0.892516010291367
        },
        "MAE": {
            "Temperature": 8.011153283031069,
            "Precipitation_accumulated": 404.056623669072,
            "Humidity": 68.46295172460002,
            "Wind_Speed_kmh": 1.227193324567543,
            "Soil_Moisture": 2979.505282593347,
            "Soil_Temperature": 7.054708718578828,
            "Wind_Dir_Sin": 0.9760476882390388,
            "Wind_Dir_Cos": 0.6875778435530872
        },
        "R2": {
            "Temperature": -2.0685489582103025,
            "Precipitation_accumulated": -51300.311273432206,
            "Humidity": -31.885167182874717,
            "Wind_Speed_kmh": -0.9399272979046829,
            "Soil_Moisture": -189.43113158416006,
            "Soil_Temperature": -3.14014562703216,
            "Wind_Dir_Sin": -1.4119659402130837,
            "Wind_Dir_Cos": -1.1663017464589727
        },
        "SMAPE": {
            "Temperature": 143.2540185690368,
            "Precipitation_accumulated": 153.90198567472112,
            "Humidity": 128.99459141553618,
            "Wind_Speed_kmh": 113.98044418313893,
            "Soil_Moisture": 41.90101902476103,
            "Soil_Temperature": 154.35921886795225,
            "Wind_Dir_Sin": 142.06609097428537,
            "Wind_Dir_Cos": 105.77312120559947
        }
    }
}