{
    "trial_number": 49,
    "input_chunk_length": 66,
    "training_length": 88,
    "hidden_size": 154,
    "layer_size": 2,
    "dropout": 0.2035086405960666,
    "batch_size": 27,
    "lr": 2.8855969357087103e-05,
    "forecast_horizon": 2,
    "overall_smape_val": 46.31042367328655,
    "metrics": {
        "MSE": {
            "Temperature": 0.694993435029159,
            "Precipitation_accumulated": 26.13115496512151,
            "Humidity": 10.97548453563384,
            "Wind_Speed_kmh": 0.10920689625788074,
            "Soil_Moisture": 40822.86329299269,
            "Soil_Temperature": 0.7071999994335663,
            "Wind_Dir_Sin": 0.06070255574684646,
            "Wind_Dir_Cos": 0.05593669727331347
        },
        "RMSE": {
            "Temperature": 0.8336626626094988,
            "Precipitation_accumulated": 5.1118641379756475,
            "Humidity": 3.312926883532723,
            "Wind_Speed_kmh": 0.33046466718528433,
            "Soil_Moisture": 202.0466859242999,
            "Soil_Temperature": 0.8409518413283642,
            "Wind_Dir_Sin": 0.24637888656872864,
            "Wind_Dir_Cos": 0.23650940208227128
        },
        "MAE": {
            "Temperature": 0.6104458955800729,
            "Precipitation_accumulated": 3.252116485238291,
            "Humidity": 2.5762548259286673,
            "Wind_Speed_kmh": 0.13676317443045136,
            "Soil_Moisture": 84.12634593928179,
            "Soil_Temperature": 0.6287920157919746,
            "Wind_Dir_Sin": 0.11909742451268049,
            "Wind_Dir_Cos": 0.1149274379937367
        },
        "R2": {
            "Temperature": 0.7958512343325805,
            "Precipitation_accumulated": -26.531298425472105,
            "Humidity": 0.8312207762333121,
            "Wind_Speed_kmh": 0.6790940102515721,
            "Soil_Moisture": 0.9448317444314391,
            "Soil_Temperature": 0.8739889885604532,
            "Wind_Dir_Sin": 0.6220711070052765,
            "Wind_Dir_Cos": 0.8051617279188443
        },
        "SMAPE": {
            "Temperature": 10.610083875058246,
            "Precipitation_accumulated": 0.7041850770628642,
            "Humidity": 3.087119309501741,
            "Wind_Speed_kmh": 154.5399137678127,
            "Soil_Moisture": 1.3418943765682274,
            "Soil_Temperature": 19.49024107347074,
            "Wind_Dir_Sin": 148.8398918158041,
            "Wind_Dir_Cos": 31.870060091013638
        }
    }
}