{
    "trial_number": 61,
    "input_chunk_length": 52,
    "output_chunk_length": 2,
    "hidden_size": 45,
    "layer_size": 1,
    "dropout": 0.13695128137079407,
    "batch_size": 139,
    "lr": 0.0018570065421973784,
    "loss_function": "smoothl1",
    "optimizer": "Adam",
    "overall_mae_val": 0.11889971937978376,
    "metrics": {
        "MSE": {
            "Temperature": 11.553090896234206,
            "Precipitation_accumulated": 1058.2423722877484,
            "Humidity": 71.40701577592512,
            "Wind_Speed_kmh": 1.1043724230101084,
            "Soil_Moisture": 41352.809948716684,
            "Soil_Temperature": 9.645213403184885,
            "Wind_Dir_Sin": 0.4790031848073005,
            "Wind_Dir_Cos": 0.3368980437610412
        },
        "RMSE": {
            "Temperature": 3.3989838034674724,
            "Precipitation_accumulated": 32.53063744053824,
            "Humidity": 8.45026720145139,
            "Wind_Speed_kmh": 1.050891251752582,
            "Soil_Moisture": 203.3539032050201,
            "Soil_Temperature": 3.105674387823824,
            "Wind_Dir_Sin": 0.6921005597507492,
            "Wind_Dir_Cos": 0.5804291892738004
        },
        "MAE": {
            "Temperature": 2.653522565788798,
            "Precipitation_accumulated": 26.612473545409564,
            "Humidity": 6.544216760997868,
            "Wind_Speed_kmh": 0.8198753552674379,
            "Soil_Moisture": 167.02294776725196,
            "Soil_Temperature": 2.6774203990081853,
            "Wind_Dir_Sin": 0.6012703023126489,
            "Wind_Dir_Cos": 0.4931781215495668
        },
        "R2": {
            "Temperature": 0.6203336993338723,
            "Precipitation_accumulated": -319.3934696625998,
            "Humidity": 0.5128012967269829,
            "Wind_Speed_kmh": 0.1783004116672685,
            "Soil_Moisture": 0.20462571869725266,
            "Soil_Temperature": 0.39931972076795563,
            "Wind_Dir_Sin": 0.13137341329528474,
            "Wind_Dir_Cos": 0.08155774849373854
        },
        "SMAPE": {
            "Temperature": 38.05011650673302,
            "Precipitation_accumulated": 5.970714552123751,
            "Humidity": 7.90740630929326,
            "Wind_Speed_kmh": 69.64901146376275,
            "Soil_Moisture": 1.9621988161027577,
            "Soil_Temperature": 48.33352308939159,
            "Wind_Dir_Sin": 129.3343590160551,
            "Wind_Dir_Cos": 126.86886813892042
        }
    }
}