{
    "trial_number": 20,
    "input_chunk_length": 52,
    "training_length": 67,
    "hidden_size": 179,
    "layer_size": 2,
    "dropout": 0.31462357591663404,
    "batch_size": 22,
    "lr": 0.0002861085598986654,
    "forecast_horizon": 18,
    "overall_smape_val": 50.43026826339951,
    "metrics": {
        "MSE": {
            "Temperature": 0.9740785654644425,
            "Precipitation_accumulated": 13.896339450940363,
            "Humidity": 17.80556007454175,
            "Wind_Speed_kmh": 0.16988066715782155,
            "Soil_Moisture": 116067.97372475502,
            "Soil_Temperature": 0.9329212074498484,
            "Wind_Dir_Sin": 0.08923164529288904,
            "Wind_Dir_Cos": 0.11108204568015713
        },
        "RMSE": {
            "Temperature": 0.9869541861020918,
            "Precipitation_accumulated": 3.7277794262724777,
            "Humidity": 4.219663502525023,
            "Wind_Speed_kmh": 0.4121658248300331,
            "Soil_Moisture": 340.68750156816,
            "Soil_Temperature": 0.9658784641195022,
            "Wind_Dir_Sin": 0.29871666390224877,
            "Wind_Dir_Cos": 0.3332897323353318
        },
        "MAE": {
            "Temperature": 0.7313830748732,
            "Precipitation_accumulated": 2.4769268912440574,
            "Humidity": 2.6192603837112807,
            "Wind_Speed_kmh": 0.18727400512857237,
            "Soil_Moisture": 140.96856305745428,
            "Soil_Temperature": 0.767147919058846,
            "Wind_Dir_Sin": 0.17556250088111944,
            "Wind_Dir_Cos": 0.19952120652626454
        },
        "R2": {
            "Temperature": 0.7119307912981836,
            "Precipitation_accumulated": -13.603859958143168,
            "Humidity": 0.7265859393603682,
            "Wind_Speed_kmh": 0.5063708126636313,
            "Soil_Moisture": 0.8448055863045616,
            "Soil_Temperature": 0.832947956219199,
            "Wind_Dir_Sin": 0.45032003832400724,
            "Wind_Dir_Cos": 0.6165479694139792
        },
        "SMAPE": {
            "Temperature": 13.070444078513722,
            "Precipitation_accumulated": 0.5362199533122782,
            "Humidity": 3.1118613260585843,
            "Wind_Speed_kmh": 164.7466269940364,
            "Soil_Moisture": 2.2162225456958,
            "Soil_Temperature": 19.34011007849674,
            "Wind_Dir_Sin": 152.56976417088575,
            "Wind_Dir_Cos": 47.85089696019664
        }
    }
}