{
    "trial_number": 68,
    "input_chunk_length": 65,
    "output_chunk_length": 1,
    "hidden_size": 122,
    "layer_size": 1,
    "dropout": 0.12887879111838008,
    "batch_size": 106,
    "lr": 0.0016408452237179332,
    "loss_function": "smoothl1",
    "optimizer": "Adam",
    "overall_mae_val": 0.09531845089539022,
    "metrics": {
        "MSE": {
            "Temperature": 3.989544012581822,
            "Precipitation_accumulated": 339.30632849255977,
            "Humidity": 29.047505396706573,
            "Wind_Speed_kmh": 0.7180395557255294,
            "Soil_Moisture": 43158.413635063465,
            "Soil_Temperature": 4.170158337995896,
            "Wind_Dir_Sin": 0.37633824938073046,
            "Wind_Dir_Cos": 0.3063960167952446
        },
        "RMSE": {
            "Temperature": 1.997384292664239,
            "Precipitation_accumulated": 18.420269501083848,
            "Humidity": 5.38957376762825,
            "Wind_Speed_kmh": 0.8473721471263552,
            "Soil_Moisture": 207.7460315747655,
            "Soil_Temperature": 2.0420965545232908,
            "Wind_Dir_Sin": 0.6134641386264811,
            "Wind_Dir_Cos": 0.5535305021362821
        },
        "MAE": {
            "Temperature": 1.607032171955819,
            "Precipitation_accumulated": 14.960787875097617,
            "Humidity": 4.28057857314927,
            "Wind_Speed_kmh": 0.6623399479149678,
            "Soil_Moisture": 167.9822342924705,
            "Soil_Temperature": 1.7752023053510764,
            "Wind_Dir_Sin": 0.4978211224786439,
            "Wind_Dir_Cos": 0.45582073722826444
        },
        "R2": {
            "Temperature": 0.8694295770040068,
            "Precipitation_accumulated": -103.88447893578727,
            "Humidity": 0.8024911407386147,
            "Wind_Speed_kmh": 0.4668408880046946,
            "Soil_Moisture": 0.11747425418992119,
            "Soil_Temperature": 0.7403209191837741,
            "Wind_Dir_Sin": 0.31233011314028736,
            "Wind_Dir_Cos": 0.1687458086439847
        },
        "SMAPE": {
            "Temperature": 29.014342212080425,
            "Precipitation_accumulated": 3.291802384372008,
            "Humidity": 5.146659689181981,
            "Wind_Speed_kmh": 61.074319633804,
            "Soil_Moisture": 1.97892134354421,
            "Soil_Temperature": 38.110379851456464,
            "Wind_Dir_Sin": 101.11157046553411,
            "Wind_Dir_Cos": 114.46283500288692
        }
    }
}