{
    "trial_number": 33,
    "input_chunk_length": 67,
    "output_chunk_length": 8,
    "hidden_size": 211,
    "layer_size": 1,
    "dropout": 0.16727096410153403,
    "batch_size": 85,
    "lr": 0.00048174855642340756,
    "loss_function": "smoothl1",
    "optimizer": "Adam",
    "overall_mae_val": 0.14164953693263935,
    "metrics": {
        "MSE": {
            "Temperature": 17.1324417423656,
            "Precipitation_accumulated": 4233.138149939097,
            "Humidity": 104.9779332893886,
            "Wind_Speed_kmh": 1.4475422667253557,
            "Soil_Moisture": 88256.50722405461,
            "Soil_Temperature": 6.033523340113204,
            "Wind_Dir_Sin": 0.558372941087334,
            "Wind_Dir_Cos": 0.3743615433451757
        },
        "RMSE": {
            "Temperature": 4.139135385846373,
            "Precipitation_accumulated": 65.06257103695717,
            "Humidity": 10.245873964156917,
            "Wind_Speed_kmh": 1.2031385068749798,
            "Soil_Moisture": 297.07996772595527,
            "Soil_Temperature": 2.456323134303222,
            "Wind_Dir_Sin": 0.7472435620915941,
            "Wind_Dir_Cos": 0.6118509159469941
        },
        "MAE": {
            "Temperature": 3.3251593603928415,
            "Precipitation_accumulated": 58.033327401711844,
            "Humidity": 8.39271285190769,
            "Wind_Speed_kmh": 0.960425648890636,
            "Soil_Moisture": 268.4324532972586,
            "Soil_Temperature": 1.9680259680632366,
            "Wind_Dir_Sin": 0.667097710442156,
            "Wind_Dir_Cos": 0.5225935422844673
        },
        "R2": {
            "Temperature": 0.4358911896810702,
            "Precipitation_accumulated": -1329.1188416493412,
            "Humidity": 0.2859215171536542,
            "Wind_Speed_kmh": -0.07057972336621199,
            "Soil_Moisture": -0.883353921426864,
            "Soil_Temperature": 0.6218589830282246,
            "Wind_Dir_Sin": -0.019417309342749656,
            "Wind_Dir_Cos": -0.018071190929073166
        },
        "SMAPE": {
            "Temperature": 45.2242520217885,
            "Precipitation_accumulated": 13.551203080488158,
            "Humidity": 9.937995833325651,
            "Wind_Speed_kmh": 77.02631202340001,
            "Soil_Moisture": 3.17159923165515,
            "Soil_Temperature": 30.784576426369313,
            "Wind_Dir_Sin": 137.83517446523268,
            "Wind_Dir_Cos": 123.13597954024117
        }
    }
}