{
    "trial_number": 24,
    "input_chunk_length": 31,
    "hidden_size": 94,
    "layer_size": 2,
    "dropout": 0.3301192345782543,
    "batch_size": 25,
    "lr": 0.003144927547471522,
    "overall_smape_val": 47.08215851124176,
    "metrics": {
        "MSE": {
            "Temperature": 1.7200997339903203,
            "Precipitation_accumulated": 32.838270152178225,
            "Humidity": 7.406961226419993,
            "Wind_Speed_kmh": 0.09682052202298459,
            "Soil_Moisture": 29848.833000361046,
            "Soil_Temperature": 1.1721434353952305,
            "Wind_Dir_Sin": 0.04866467609736794,
            "Wind_Dir_Cos": 0.044530097938877695
        },
        "RMSE": {
            "Temperature": 1.3115257275365666,
            "Precipitation_accumulated": 5.7304685805070275,
            "Humidity": 2.721573299843308,
            "Wind_Speed_kmh": 0.31115996211431923,
            "Soil_Moisture": 172.76814810711218,
            "Soil_Temperature": 1.0826557326293667,
            "Wind_Dir_Sin": 0.22060071644799328,
            "Wind_Dir_Cos": 0.21102155799556996
        },
        "MAE": {
            "Temperature": 1.09958222732644,
            "Precipitation_accumulated": 5.27612913603028,
            "Humidity": 2.0144510602306074,
            "Wind_Speed_kmh": 0.15384764409880752,
            "Soil_Moisture": 84.93042543903259,
            "Soil_Temperature": 0.8341341815095361,
            "Wind_Dir_Sin": 0.11940757512608488,
            "Wind_Dir_Cos": 0.08872658553011324
        },
        "R2": {
            "Temperature": 0.49473445385243475,
            "Precipitation_accumulated": -33.597790129927695,
            "Humidity": 0.8860969497787257,
            "Wind_Speed_kmh": 0.7154915439188375,
            "Soil_Moisture": 0.9596621129789817,
            "Soil_Temperature": 0.7911439762942857,
            "Wind_Dir_Sin": 0.6970179107099537,
            "Wind_Dir_Cos": 0.8448931066554973
        },
        "SMAPE": {
            "Temperature": 18.315166066770253,
            "Precipitation_accumulated": 1.155846730927531,
            "Humidity": 2.4320874617031767,
            "Wind_Speed_kmh": 162.602710843002,
            "Soil_Moisture": 1.3278894326514856,
            "Soil_Temperature": 20.428184767818873,
            "Wind_Dir_Sin": 144.9158272366125,
            "Wind_Dir_Cos": 25.479555550448506
        }
    }
}