{
    "trial_number": 7,
    "input_chunk_length": 32,
    "training_length": 50,
    "hidden_size": 139,
    "layer_size": 4,
    "dropout": 0.1188766963323725,
    "batch_size": 28,
    "lr": 0.00566045090789743,
    "forecast_horizon": 3,
    "overall_smape_val": 48.34546272409402,
    "metrics": {
        "MSE": {
            "Temperature": 1.252556318998079,
            "Precipitation_accumulated": 31.060465658929058,
            "Humidity": 12.989632807151374,
            "Wind_Speed_kmh": 0.13737751030363554,
            "Soil_Moisture": 80479.94367066029,
            "Soil_Temperature": 0.5517112924231181,
            "Wind_Dir_Sin": 0.06843491613256478,
            "Wind_Dir_Cos": 0.060605477848522285
        },
        "RMSE": {
            "Temperature": 1.1191766254698492,
            "Precipitation_accumulated": 5.573191694077018,
            "Humidity": 3.6041133177456244,
            "Wind_Speed_kmh": 0.3706447224818337,
            "Soil_Moisture": 283.6898723441855,
            "Soil_Temperature": 0.7427727057607314,
            "Wind_Dir_Sin": 0.26160068068062203,
            "Wind_Dir_Cos": 0.24618179836966478
        },
        "MAE": {
            "Temperature": 0.7825477517294075,
            "Precipitation_accumulated": 3.033423776007302,
            "Humidity": 2.601809387991629,
            "Wind_Speed_kmh": 0.16776758111294038,
            "Soil_Moisture": 182.98242884497668,
            "Soil_Temperature": 0.5278109595659929,
            "Wind_Dir_Sin": 0.12594127009484984,
            "Wind_Dir_Cos": 0.10963981060706023
        },
        "R2": {
            "Temperature": 0.6318957994375808,
            "Precipitation_accumulated": -31.719376923215677,
            "Humidity": 0.8002512468382247,
            "Wind_Speed_kmh": 0.5965956792940627,
            "Soil_Moisture": 0.8913095239716994,
            "Soil_Temperature": 0.9016622501812447,
            "Wind_Dir_Sin": 0.5742114522365341,
            "Wind_Dir_Cos": 0.7890178452113518
        },
        "SMAPE": {
            "Temperature": 13.154082116638468,
            "Precipitation_accumulated": 0.6647097686086296,
            "Humidity": 3.079574583334718,
            "Wind_Speed_kmh": 166.77620577627596,
            "Soil_Moisture": 2.976795984576033,
            "Soil_Temperature": 18.157312940661175,
            "Wind_Dir_Sin": 154.18081557319883,
            "Wind_Dir_Cos": 27.77420504945855
        }
    }
}