{
    "trial_number": 23,
    "input_chunk_length": 66,
    "training_length": 89,
    "hidden_size": 198,
    "layer_size": 1,
    "dropout": 0.3727073681276022,
    "batch_size": 26,
    "lr": 5.547152584223347e-05,
    "forecast_horizon": 3,
    "overall_smape_val": 45.815781856411334,
    "metrics": {
        "MSE": {
            "Temperature": 0.5720585454124162,
            "Precipitation_accumulated": 24.973332753772485,
            "Humidity": 4.685658263469487,
            "Wind_Speed_kmh": 0.09974492177756354,
            "Soil_Moisture": 33178.623852243916,
            "Soil_Temperature": 0.37381117096198146,
            "Wind_Dir_Sin": 0.06145679661487713,
            "Wind_Dir_Cos": 0.058838817108339735
        },
        "RMSE": {
            "Temperature": 0.756345519860081,
            "Precipitation_accumulated": 4.99733256385569,
            "Humidity": 2.1646381368416954,
            "Wind_Speed_kmh": 0.3158241944144931,
            "Soil_Moisture": 182.15000371189652,
            "Soil_Temperature": 0.6114009903181229,
            "Wind_Dir_Sin": 0.24790481361780195,
            "Wind_Dir_Cos": 0.2425671393827691
        },
        "MAE": {
            "Temperature": 0.5026521033234044,
            "Precipitation_accumulated": 3.4548537175502636,
            "Humidity": 1.291430274303786,
            "Wind_Speed_kmh": 0.13255736168296559,
            "Soil_Moisture": 65.47850872683254,
            "Soil_Temperature": 0.40075267482610055,
            "Wind_Dir_Sin": 0.1191381333344062,
            "Wind_Dir_Cos": 0.11416957703895621
        },
        "R2": {
            "Temperature": 0.8318820875835917,
            "Precipitation_accumulated": -25.307135777427458,
            "Humidity": 0.9279460466846365,
            "Wind_Speed_kmh": 0.7071024775117064,
            "Soil_Moisture": 0.9551913153018396,
            "Soil_Temperature": 0.933371402916068,
            "Wind_Dir_Sin": 0.6176279352756983,
            "Wind_Dir_Cos": 0.7951680135290711
        },
        "SMAPE": {
            "Temperature": 8.769610217205946,
            "Precipitation_accumulated": 0.7504947289919142,
            "Humidity": 1.5305864867364196,
            "Wind_Speed_kmh": 159.0621601817419,
            "Soil_Moisture": 1.0276461528301533,
            "Soil_Temperature": 13.021702494771773,
            "Wind_Dir_Sin": 149.6016955717262,
            "Wind_Dir_Cos": 32.76235901728656
        }
    }
}