{
    "trial_number": 14,
    "input_chunk_length": 47,
    "hidden_size": 119,
    "layer_size": 2,
    "dropout": 0.10063279519644819,
    "batch_size": 24,
    "lr": 0.0027801834836627412,
    "overall_smape_val": 46.14312373854595,
    "metrics": {
        "MSE": {
            "Temperature": 0.8422626490589683,
            "Precipitation_accumulated": 75.50848302468465,
            "Humidity": 4.416239602545546,
            "Wind_Speed_kmh": 0.08128254724608654,
            "Soil_Moisture": 22614.394489920174,
            "Soil_Temperature": 1.2317098828647497,
            "Wind_Dir_Sin": 0.04626132584719373,
            "Wind_Dir_Cos": 0.04764307693423335
        },
        "RMSE": {
            "Temperature": 0.9177486851306126,
            "Precipitation_accumulated": 8.68956172799783,
            "Humidity": 2.1014850945332793,
            "Wind_Speed_kmh": 0.2851009422048383,
            "Soil_Moisture": 150.38083152423442,
            "Soil_Temperature": 1.1098242576483675,
            "Wind_Dir_Sin": 0.21508446212405427,
            "Wind_Dir_Cos": 0.2182729413698211
        },
        "MAE": {
            "Temperature": 0.7146813150446377,
            "Precipitation_accumulated": 8.304106124296082,
            "Humidity": 1.4661007076443358,
            "Wind_Speed_kmh": 0.15853037870880768,
            "Soil_Moisture": 75.79440989378688,
            "Soil_Temperature": 0.9744849577336894,
            "Wind_Dir_Sin": 0.1006687958202878,
            "Wind_Dir_Cos": 0.1313004681802872
        },
        "R2": {
            "Temperature": 0.7525920800015253,
            "Precipitation_accumulated": -78.55433208298763,
            "Humidity": 0.9320877825789494,
            "Wind_Speed_kmh": 0.761150099791464,
            "Soil_Moisture": 0.969438775379523,
            "Soil_Temperature": 0.7805302484952094,
            "Wind_Dir_Sin": 0.7119809627322586,
            "Wind_Dir_Cos": 0.834050002252739
        },
        "SMAPE": {
            "Temperature": 12.590809207467554,
            "Precipitation_accumulated": 1.7946308540419103,
            "Humidity": 1.7413881100728936,
            "Wind_Speed_kmh": 157.55924402435477,
            "Soil_Moisture": 1.20320124195629,
            "Soil_Temperature": 22.494959605092397,
            "Wind_Dir_Sin": 142.1910701302202,
            "Wind_Dir_Cos": 29.569686735161596
        }
    }
}