{
    "trial_number": 27,
    "input_chunk_length": 60,
    "hidden_size": 161,
    "layer_size": 1,
    "dropout": 0.2427073996082812,
    "batch_size": 42,
    "lr": 0.0004745676235090712,
    "overall_smape_val": 43.52929695346653,
    "metrics": {
        "MSE": {
            "Temperature": 0.4836164985402304,
            "Precipitation_accumulated": 12.830660849166922,
            "Humidity": 3.0727854304082727,
            "Wind_Speed_kmh": 0.0675871696011259,
            "Soil_Moisture": 21049.589621259463,
            "Soil_Temperature": 0.24470822447993337,
            "Wind_Dir_Sin": 0.0448953811167695,
            "Wind_Dir_Cos": 0.04357548734253139
        },
        "RMSE": {
            "Temperature": 0.6954254083222948,
            "Precipitation_accumulated": 3.581991184964994,
            "Humidity": 1.7529362311300067,
            "Wind_Speed_kmh": 0.25997532498513376,
            "Soil_Moisture": 145.0847670200406,
            "Soil_Temperature": 0.49467992124194143,
            "Wind_Dir_Sin": 0.2118853017950266,
            "Wind_Dir_Cos": 0.20874742475664554
        },
        "MAE": {
            "Temperature": 0.4603512708854526,
            "Precipitation_accumulated": 2.412861978477937,
            "Humidity": 1.143999462799281,
            "Wind_Speed_kmh": 0.1067787807894218,
            "Soil_Moisture": 70.72839309964642,
            "Soil_Temperature": 0.3724687039080831,
            "Wind_Dir_Sin": 0.0954885379116621,
            "Wind_Dir_Cos": 0.09682613417719689
        },
        "R2": {
            "Temperature": 0.8579415196501171,
            "Precipitation_accumulated": -12.51814542089427,
            "Humidity": 0.9527472032727031,
            "Wind_Speed_kmh": 0.8013941582596804,
            "Soil_Moisture": 0.9715534618063328,
            "Soil_Temperature": 0.9563971565342333,
            "Wind_Dir_Sin": 0.7204852171826658,
            "Wind_Dir_Cos": 0.8482181989145859
        },
        "SMAPE": {
            "Temperature": 7.999183508649276,
            "Precipitation_accumulated": 0.522612558745172,
            "Humidity": 1.3760553265520272,
            "Wind_Speed_kmh": 153.84636713778082,
            "Soil_Moisture": 1.1462435317507975,
            "Soil_Temperature": 12.526892574000396,
            "Wind_Dir_Sin": 143.16556504554876,
            "Wind_Dir_Cos": 27.65145594470512
        }
    }
}