{
    "trial_number": 42,
    "input_chunk_length": 61,
    "output_chunk_length": 1,
    "hidden_size": 236,
    "layer_size": 1,
    "dropout": 0.13961741792700083,
    "batch_size": 99,
    "lr": 0.0003347901155526305,
    "loss_function": "smoothl1",
    "optimizer": "Adam",
    "overall_mae_val": 0.10469268623092738,
    "metrics": {
        "MSE": {
            "Temperature": 5.269841248580225,
            "Precipitation_accumulated": 919.367082632871,
            "Humidity": 49.79062010428576,
            "Wind_Speed_kmh": 0.7880334927701118,
            "Soil_Moisture": 45859.41820717772,
            "Soil_Temperature": 4.928302287286394,
            "Wind_Dir_Sin": 0.410125654760335,
            "Wind_Dir_Cos": 0.3082409897678087
        },
        "RMSE": {
            "Temperature": 2.295613479787097,
            "Precipitation_accumulated": 30.3210666473472,
            "Humidity": 7.056246885156851,
            "Wind_Speed_kmh": 0.8877125056965863,
            "Soil_Moisture": 214.14812211919514,
            "Soil_Temperature": 2.2199779925229874,
            "Wind_Dir_Sin": 0.6404105361097169,
            "Wind_Dir_Cos": 0.5551945512771255
        },
        "MAE": {
            "Temperature": 1.8018398920371868,
            "Precipitation_accumulated": 24.78851015545911,
            "Humidity": 5.662607065984947,
            "Wind_Speed_kmh": 0.7112471310015435,
            "Soil_Moisture": 172.4810142752709,
            "Soil_Temperature": 1.847465540439205,
            "Wind_Dir_Sin": 0.536037970423133,
            "Wind_Dir_Cos": 0.4641906904395891
        },
        "R2": {
            "Temperature": 0.8273081708271356,
            "Precipitation_accumulated": -281.19207813523565,
            "Humidity": 0.6609417872623107,
            "Wind_Speed_kmh": 0.4155183089051724,
            "Soil_Moisture": 0.08165598123500317,
            "Soil_Temperature": 0.693005759015551,
            "Wind_Dir_Sin": 0.2535455248578039,
            "Wind_Dir_Cos": 0.1618491824296362
        },
        "SMAPE": {
            "Temperature": 29.547709976168775,
            "Precipitation_accumulated": 5.544352503734044,
            "Humidity": 6.8464818402295124,
            "Wind_Speed_kmh": 63.72823951922128,
            "Soil_Moisture": 2.0227665432493875,
            "Soil_Temperature": 39.89725543830044,
            "Wind_Dir_Sin": 111.55042521834591,
            "Wind_Dir_Cos": 119.45143431643359
        }
    }
}