{
    "trial_number": 3,
    "input_chunk_length": 45,
    "hidden_size": 81,
    "layer_size": 3,
    "dropout": 0.1864763087740826,
    "batch_size": 29,
    "lr": 0.0013147757093216726,
    "overall_smape_val": 46.05854847586676,
    "metrics": {
        "MSE": {
            "Temperature": 0.665815480444152,
            "Precipitation_accumulated": 12.825078250168993,
            "Humidity": 6.20422942788562,
            "Wind_Speed_kmh": 0.09987481971335371,
            "Soil_Moisture": 28881.283012389442,
            "Soil_Temperature": 0.4204154619367078,
            "Wind_Dir_Sin": 0.04899290311013433,
            "Wind_Dir_Cos": 0.047554202113125534
        },
        "RMSE": {
            "Temperature": 0.8159751714630489,
            "Precipitation_accumulated": 3.5812118410070344,
            "Humidity": 2.4908290643650397,
            "Wind_Speed_kmh": 0.31602977662453535,
            "Soil_Moisture": 169.9449411203212,
            "Soil_Temperature": 0.648394526454926,
            "Wind_Dir_Sin": 0.2213434053911124,
            "Wind_Dir_Cos": 0.21806925989952258
        },
        "MAE": {
            "Temperature": 0.5406278332866454,
            "Precipitation_accumulated": 2.399122751848456,
            "Humidity": 1.828056025065155,
            "Wind_Speed_kmh": 0.1452406761969638,
            "Soil_Moisture": 92.73883499856926,
            "Soil_Temperature": 0.42033785690930764,
            "Wind_Dir_Sin": 0.1021039377775704,
            "Wind_Dir_Cos": 0.09139279331952652
        },
        "R2": {
            "Temperature": 0.8044220252393742,
            "Precipitation_accumulated": -12.512263698513191,
            "Humidity": 0.904592364600466,
            "Wind_Speed_kmh": 0.7065164475018517,
            "Soil_Moisture": 0.9609696656763188,
            "Soil_Temperature": 0.9250891153479908,
            "Wind_Dir_Sin": 0.6949743975487765,
            "Wind_Dir_Cos": 0.8343595703434605
        },
        "SMAPE": {
            "Temperature": 9.377818507548936,
            "Precipitation_accumulated": 0.5193181480272538,
            "Humidity": 2.1653643350525607,
            "Wind_Speed_kmh": 163.75551080842493,
            "Soil_Moisture": 1.4862853693072744,
            "Soil_Temperature": 14.965838415274147,
            "Wind_Dir_Sin": 145.23067044562518,
            "Wind_Dir_Cos": 30.96758177767395
        }
    }
}