{
    "trial_number": 35,
    "input_chunk_length": 20,
    "hidden_size": 158,
    "layer_size": 1,
    "dropout": 0.29494370824596267,
    "batch_size": 56,
    "lr": 0.00023557266043703934,
    "overall_smape_val": 45.47061049201005,
    "metrics": {
        "MSE": {
            "Temperature": 0.6580406985019887,
            "Precipitation_accumulated": 21.60657819971401,
            "Humidity": 6.595805671420194,
            "Wind_Speed_kmh": 0.0850679759331801,
            "Soil_Moisture": 33962.495515531926,
            "Soil_Temperature": 0.36518273652860317,
            "Wind_Dir_Sin": 0.05250701917949138,
            "Wind_Dir_Cos": 0.05544773879566133
        },
        "RMSE": {
            "Temperature": 0.8111970774737719,
            "Precipitation_accumulated": 4.648287663184585,
            "Humidity": 2.568230065905349,
            "Wind_Speed_kmh": 0.2916641492079205,
            "Soil_Moisture": 184.28916277288778,
            "Soil_Temperature": 0.604303513582871,
            "Wind_Dir_Sin": 0.2291441013412551,
            "Wind_Dir_Cos": 0.2354734354352128
        },
        "MAE": {
            "Temperature": 0.5367345033436295,
            "Precipitation_accumulated": 3.3482883626855666,
            "Humidity": 1.8299660679922174,
            "Wind_Speed_kmh": 0.16344767049997883,
            "Soil_Moisture": 72.94705736792615,
            "Soil_Temperature": 0.4224864295416023,
            "Wind_Dir_Sin": 0.11230973017500216,
            "Wind_Dir_Cos": 0.1460386909492287
        },
        "R2": {
            "Temperature": 0.8067058052822165,
            "Precipitation_accumulated": -21.764288572916517,
            "Humidity": 0.898570768541115,
            "Wind_Speed_kmh": 0.7500265647302229,
            "Soil_Moisture": 0.9541028854615257,
            "Soil_Temperature": 0.9349306475861308,
            "Wind_Dir_Sin": 0.6730958130376776,
            "Wind_Dir_Cos": 0.8068648643131809
        },
        "SMAPE": {
            "Temperature": 9.562597820411721,
            "Precipitation_accumulated": 0.7254398346560974,
            "Humidity": 2.1569971318473398,
            "Wind_Speed_kmh": 155.26257794641106,
            "Soil_Moisture": 1.143181052686891,
            "Soil_Temperature": 13.217449777382575,
            "Wind_Dir_Sin": 147.52970493920805,
            "Wind_Dir_Cos": 34.16693543347654
        }
    }
}