{
    "trial_number": 36,
    "input_chunk_length": 72,
    "training_length": 94,
    "hidden_size": 192,
    "layer_size": 1,
    "dropout": 0.2880396880339734,
    "batch_size": 29,
    "lr": 7.934544313270525e-05,
    "forecast_horizon": 5,
    "overall_smape_val": 47.525577948601764,
    "metrics": {
        "MSE": {
            "Temperature": 0.682451582236617,
            "Precipitation_accumulated": 24.503861132294688,
            "Humidity": 6.410056029114642,
            "Wind_Speed_kmh": 0.12840928798136,
            "Soil_Moisture": 52401.9193788379,
            "Soil_Temperature": 0.5519476145480412,
            "Wind_Dir_Sin": 0.06835388798520675,
            "Wind_Dir_Cos": 0.07217522929081038
        },
        "RMSE": {
            "Temperature": 0.8261062778097119,
            "Precipitation_accumulated": 4.9501374862012355,
            "Humidity": 2.5318088452951266,
            "Wind_Speed_kmh": 0.3583424172231917,
            "Soil_Moisture": 228.91465522949355,
            "Soil_Temperature": 0.7429317697797296,
            "Wind_Dir_Sin": 0.2614457649020285,
            "Wind_Dir_Cos": 0.2686544793797609
        },
        "MAE": {
            "Temperature": 0.5466597158989022,
            "Precipitation_accumulated": 3.770337400843878,
            "Humidity": 1.5575239859190826,
            "Wind_Speed_kmh": 0.1705304164598897,
            "Soil_Moisture": 98.02808222871472,
            "Soil_Temperature": 0.4535700434080923,
            "Wind_Dir_Sin": 0.1295951645611679,
            "Wind_Dir_Cos": 0.12934493296820482
        },
        "R2": {
            "Temperature": 0.7992766408341175,
            "Precipitation_accumulated": -24.8042002815059,
            "Humidity": 0.9014444083094552,
            "Wind_Speed_kmh": 0.6234566296310393,
            "Soil_Moisture": 0.9293228746871628,
            "Soil_Temperature": 0.9015550467119491,
            "Wind_Dir_Sin": 0.5752776180238824,
            "Wind_Dir_Cos": 0.7490226724304732
        },
        "SMAPE": {
            "Temperature": 9.423237918526508,
            "Precipitation_accumulated": 0.8163592890393838,
            "Humidity": 1.8592365234723272,
            "Wind_Speed_kmh": 161.8639815826429,
            "Soil_Moisture": 1.533397492878574,
            "Soil_Temperature": 16.57151420814715,
            "Wind_Dir_Sin": 151.8187372198122,
            "Wind_Dir_Cos": 36.318159354294835
        }
    }
}