{
    "trial_number": 10,
    "input_chunk_length": 39,
    "output_chunk_length": 10,
    "hidden_size": 32,
    "layer_size": 3,
    "dropout": 0.3436834316745124,
    "batch_size": 204,
    "lr": 0.0002826089272812303,
    "loss_function": "smoothl1",
    "optimizer": "Adam",
    "overall_mae_val": 0.24823720382754477,
    "metrics": {
        "MSE": {
            "Temperature": 50.273918818869326,
            "Precipitation_accumulated": 24511.790109901125,
            "Humidity": 162.54620115379444,
            "Wind_Speed_kmh": 2.211182807908483,
            "Soil_Moisture": 2941886.5141014527,
            "Soil_Temperature": 43.72423963981104,
            "Wind_Dir_Sin": 0.58989586287209,
            "Wind_Dir_Cos": 0.8179005148980192
        },
        "RMSE": {
            "Temperature": 7.0904103420654945,
            "Precipitation_accumulated": 156.5624160196218,
            "Humidity": 12.749360813538631,
            "Wind_Speed_kmh": 1.4870046428671577,
            "Soil_Moisture": 1715.1928504111288,
            "Soil_Temperature": 6.612430690737789,
            "Wind_Dir_Sin": 0.7680467842990361,
            "Wind_Dir_Cos": 0.9043785241247269
        },
        "MAE": {
            "Temperature": 6.002855304773085,
            "Precipitation_accumulated": 149.87583628597238,
            "Humidity": 11.074759430824924,
            "Wind_Speed_kmh": 1.1174493982355624,
            "Soil_Moisture": 1679.8051220806578,
            "Soil_Temperature": 5.718189152736498,
            "Wind_Dir_Sin": 0.7120314929037952,
            "Wind_Dir_Cos": 0.7632086988084645
        },
        "R2": {
            "Temperature": -0.6483770637605275,
            "Precipitation_accumulated": -7358.71241075479,
            "Humidity": -0.1085257164697504,
            "Wind_Speed_kmh": -0.6423634056270711,
            "Soil_Moisture": -54.45996067967185,
            "Soil_Temperature": -1.7161882942402236,
            "Wind_Dir_Sin": -0.07230304446860725,
            "Wind_Dir_Cos": -1.2277398066725853
        },
        "SMAPE": {
            "Temperature": 64.18681819172677,
            "Precipitation_accumulated": 39.227216234316586,
            "Humidity": 13.017157617198377,
            "Wind_Speed_kmh": 100.87736777475855,
            "Soil_Moisture": 21.672029208410127,
            "Soil_Temperature": 63.610438705835406,
            "Wind_Dir_Sin": 185.26258530819942,
            "Wind_Dir_Cos": 148.8282074431391
        }
    }
}