{
    "trial_number": 19,
    "input_chunk_length": 21,
    "hidden_size": 203,
    "layer_size": 1,
    "dropout": 0.27933414707610943,
    "batch_size": 39,
    "lr": 0.000719644463992071,
    "overall_smape_val": 46.17956145974024,
    "metrics": {
        "MSE": {
            "Temperature": 1.0685663166708133,
            "Precipitation_accumulated": 58.982369713487,
            "Humidity": 3.229740220163454,
            "Wind_Speed_kmh": 0.07913798134461872,
            "Soil_Moisture": 19714.373043940937,
            "Soil_Temperature": 1.2471085591173434,
            "Wind_Dir_Sin": 0.04600441998307757,
            "Wind_Dir_Cos": 0.04580401868031786
        },
        "RMSE": {
            "Temperature": 1.033714813994079,
            "Precipitation_accumulated": 7.679998028221557,
            "Humidity": 1.7971478014240938,
            "Wind_Speed_kmh": 0.2813147371621663,
            "Soil_Moisture": 140.40788098942645,
            "Soil_Temperature": 1.116740148430844,
            "Wind_Dir_Sin": 0.2144864097864421,
            "Wind_Dir_Cos": 0.2140187344143448
        },
        "MAE": {
            "Temperature": 0.8917088794561665,
            "Precipitation_accumulated": 5.979244409834765,
            "Humidity": 1.2218346102474191,
            "Wind_Speed_kmh": 0.13876002051706873,
            "Soil_Moisture": 50.71781053598864,
            "Soil_Temperature": 1.0053702174655994,
            "Wind_Dir_Sin": 0.10472555257239317,
            "Wind_Dir_Cos": 0.11193994315780789
        },
        "R2": {
            "Temperature": 0.6861171867429584,
            "Precipitation_accumulated": -61.142726740971945,
            "Humidity": 0.9503335779338549,
            "Wind_Speed_kmh": 0.7674519366421895,
            "Soil_Moisture": 0.9733578812770645,
            "Soil_Temperature": 0.7777864662964344,
            "Wind_Dir_Sin": 0.7135804365539902,
            "Wind_Dir_Cos": 0.8404557957642631
        },
        "SMAPE": {
            "Temperature": 14.321094351812269,
            "Precipitation_accumulated": 1.2870185998920907,
            "Humidity": 1.4537584953249278,
            "Wind_Speed_kmh": 157.2619517947726,
            "Soil_Moisture": 0.8080935884161062,
            "Soil_Temperature": 20.70297706382034,
            "Wind_Dir_Sin": 142.94251428987158,
            "Wind_Dir_Cos": 30.659083494012
        }
    }
}