{
    "trial_number": 11,
    "input_chunk_length": 41,
    "hidden_size": 102,
    "layer_size": 2,
    "dropout": 0.1602121340460771,
    "batch_size": 20,
    "lr": 0.001270854555669312,
    "overall_smape_val": 44.75526004492639,
    "metrics": {
        "MSE": {
            "Temperature": 0.8631350172905479,
            "Precipitation_accumulated": 9.84391276942712,
            "Humidity": 3.940101037740578,
            "Wind_Speed_kmh": 0.08130099974122647,
            "Soil_Moisture": 22570.070266152074,
            "Soil_Temperature": 0.3418825300330571,
            "Wind_Dir_Sin": 0.045660518610700945,
            "Wind_Dir_Cos": 0.043883783851015074
        },
        "RMSE": {
            "Temperature": 0.9290505999624282,
            "Precipitation_accumulated": 3.137501038952357,
            "Humidity": 1.9849687750039238,
            "Wind_Speed_kmh": 0.28513330170505596,
            "Soil_Moisture": 150.23338599043848,
            "Soil_Temperature": 0.5847072173601563,
            "Wind_Dir_Sin": 0.2136832202366413,
            "Wind_Dir_Cos": 0.20948456709508478
        },
        "MAE": {
            "Temperature": 0.7768098532072037,
            "Precipitation_accumulated": 2.029221054411047,
            "Humidity": 1.311777608003114,
            "Wind_Speed_kmh": 0.11095605961321837,
            "Soil_Moisture": 57.927456857754784,
            "Soil_Temperature": 0.42958370455353884,
            "Wind_Dir_Sin": 0.09027087440349477,
            "Wind_Dir_Cos": 0.08884307139141921
        },
        "R2": {
            "Temperature": 0.7464609886900598,
            "Precipitation_accumulated": -9.37136324403384,
            "Humidity": 0.9394097643203712,
            "Wind_Speed_kmh": 0.7610958768768028,
            "Soil_Moisture": 0.9694986753940608,
            "Soil_Temperature": 0.9390823480804827,
            "Wind_Dir_Sin": 0.7157215369304502,
            "Wind_Dir_Cos": 0.8471443428964497
        },
        "SMAPE": {
            "Temperature": 12.55356755432655,
            "Precipitation_accumulated": 0.4399298175462745,
            "Humidity": 1.5696254598379977,
            "Wind_Speed_kmh": 153.99909373018144,
            "Soil_Moisture": 0.9206393604678463,
            "Soil_Temperature": 12.544651123887336,
            "Wind_Dir_Sin": 146.16964112446547,
            "Wind_Dir_Cos": 29.844932188697957
        }
    }
}