{
    "trial_number": 30,
    "input_chunk_length": 67,
    "output_chunk_length": 10,
    "hidden_size": 212,
    "layer_size": 1,
    "dropout": 0.10324735599579962,
    "batch_size": 95,
    "lr": 0.0005717137039948098,
    "loss_function": "smoothl1",
    "optimizer": "Adam",
    "overall_mae_val": 0.13372060011324843,
    "metrics": {
        "MSE": {
            "Temperature": 13.224739711651159,
            "Precipitation_accumulated": 1262.6796501570327,
            "Humidity": 160.88405815087958,
            "Wind_Speed_kmh": 1.3795065744700308,
            "Soil_Moisture": 55443.53565037482,
            "Soil_Temperature": 11.791395319699902,
            "Wind_Dir_Sin": 0.5679279228722339,
            "Wind_Dir_Cos": 0.35704566762755197
        },
        "RMSE": {
            "Temperature": 3.6365835218857767,
            "Precipitation_accumulated": 35.53420394714131,
            "Humidity": 12.684007968732894,
            "Wind_Speed_kmh": 1.174523977818261,
            "Soil_Moisture": 235.4645103839957,
            "Soil_Temperature": 3.433860119413705,
            "Wind_Dir_Sin": 0.7536099275303065,
            "Wind_Dir_Cos": 0.5975329845519425
        },
        "MAE": {
            "Temperature": 2.8293883388514147,
            "Precipitation_accumulated": 27.445121614228576,
            "Humidity": 9.972382041644169,
            "Wind_Speed_kmh": 0.9458469724137955,
            "Soil_Moisture": 191.20683113586884,
            "Soil_Temperature": 2.8291712496262234,
            "Wind_Dir_Sin": 0.6730394047426213,
            "Wind_Dir_Cos": 0.5143930200510448
        },
        "R2": {
            "Temperature": 0.5633871725709961,
            "Precipitation_accumulated": -397.238181574164,
            "Humidity": -0.09459656668241023,
            "Wind_Speed_kmh": -0.02047151225590138,
            "Soil_Moisture": -0.19573067507229847,
            "Soil_Temperature": 0.25910457406943077,
            "Wind_Dir_Sin": -0.03638933880057338,
            "Wind_Dir_Cos": 0.02866360395484291
        },
        "SMAPE": {
            "Temperature": 40.43902377662712,
            "Precipitation_accumulated": 6.1873589072377735,
            "Humidity": 11.73120438464585,
            "Wind_Speed_kmh": 75.094881985719,
            "Soil_Moisture": 2.212693071604659,
            "Soil_Temperature": 49.30152824578909,
            "Wind_Dir_Sin": 143.17278583595723,
            "Wind_Dir_Cos": 127.0142845821454
        }
    }
}