{
    "trial_number": 25,
    "input_chunk_length": 68,
    "training_length": 91,
    "hidden_size": 231,
    "layer_size": 1,
    "dropout": 0.35176988612732973,
    "batch_size": 32,
    "lr": 1.9940666650699967e-05,
    "forecast_horizon": 4,
    "overall_smape_val": 49.81135725336566,
    "metrics": {
        "MSE": {
            "Temperature": 1.356840902894939,
            "Precipitation_accumulated": 113.75623605901436,
            "Humidity": 15.224619762129157,
            "Wind_Speed_kmh": 0.14173011706591457,
            "Soil_Moisture": 62874.270972484126,
            "Soil_Temperature": 1.1925761163199882,
            "Wind_Dir_Sin": 0.08143474756224013,
            "Wind_Dir_Cos": 0.07755564045365271
        },
        "RMSE": {
            "Temperature": 1.1648351397922965,
            "Precipitation_accumulated": 10.665656850799877,
            "Humidity": 3.9018738782960627,
            "Wind_Speed_kmh": 0.37647060584581443,
            "Soil_Moisture": 250.74742465773028,
            "Soil_Temperature": 1.0920513341047609,
            "Wind_Dir_Sin": 0.28536774092780726,
            "Wind_Dir_Cos": 0.27848813341622425
        },
        "MAE": {
            "Temperature": 0.9287057510595944,
            "Precipitation_accumulated": 7.149610792152596,
            "Humidity": 3.201358277130748,
            "Wind_Speed_kmh": 0.16073532244147062,
            "Soil_Moisture": 116.17879678445567,
            "Soil_Temperature": 0.8878742009074598,
            "Wind_Dir_Sin": 0.1613712542438193,
            "Wind_Dir_Cos": 0.13938356493293616
        },
        "R2": {
            "Temperature": 0.6010797766954106,
            "Precipitation_accumulated": -118.81233717959931,
            "Humidity": 0.7658980557559439,
            "Wind_Speed_kmh": 0.5841047251065201,
            "Soil_Moisture": 0.915142212582354,
            "Soil_Temperature": 0.7873635974470052,
            "Wind_Dir_Sin": 0.49366385942354596,
            "Wind_Dir_Cos": 0.7301617435184007
        },
        "SMAPE": {
            "Temperature": 15.744875191038965,
            "Precipitation_accumulated": 1.5463479497093255,
            "Humidity": 3.8409447039811946,
            "Wind_Speed_kmh": 157.90577980407363,
            "Soil_Moisture": 1.8179848933560374,
            "Soil_Temperature": 23.778353187624244,
            "Wind_Dir_Sin": 153.37975252692976,
            "Wind_Dir_Cos": 40.47681977021195
        }
    }
}