{
    "trial_number": 23,
    "input_chunk_length": 47,
    "output_chunk_length": 20,
    "hidden_size": 184,
    "layer_size": 2,
    "dropout": 0.29631945980806346,
    "batch_size": 177,
    "lr": 0.0019708457825320163,
    "loss_function": "huber",
    "optimizer": "AdamW",
    "overall_mae_val": 0.1554949930845772,
    "metrics": {
        "MSE": {
            "Temperature": 17.270030121080012,
            "Precipitation_accumulated": 4238.903417824752,
            "Humidity": 136.6728514128258,
            "Wind_Speed_kmh": 1.3279613391310616,
            "Soil_Moisture": 367648.7243205404,
            "Soil_Temperature": 36.738285876986936,
            "Wind_Dir_Sin": 0.5890743666293949,
            "Wind_Dir_Cos": 0.37696951927141475
        },
        "RMSE": {
            "Temperature": 4.155722575086072,
            "Precipitation_accumulated": 65.1068615264532,
            "Humidity": 11.690716462767618,
            "Wind_Speed_kmh": 1.1523720489195586,
            "Soil_Moisture": 606.3404359932961,
            "Soil_Temperature": 6.061211584905029,
            "Wind_Dir_Sin": 0.7675118022736817,
            "Wind_Dir_Cos": 0.6139784355100876
        },
        "MAE": {
            "Temperature": 3.2570191695843955,
            "Precipitation_accumulated": 49.89680684547088,
            "Humidity": 9.577301850799943,
            "Wind_Speed_kmh": 0.8976429824209229,
            "Soil_Moisture": 479.5317670272583,
            "Soil_Temperature": 5.263588562940907,
            "Wind_Dir_Sin": 0.6919300751074267,
            "Wind_Dir_Cos": 0.520435450325791
        },
        "R2": {
            "Temperature": 0.4347011303088306,
            "Precipitation_accumulated": -1311.6462728900929,
            "Humidity": 0.07074938145214693,
            "Wind_Speed_kmh": 0.014381802608179783,
            "Soil_Moisture": -6.552952638157115,
            "Soil_Temperature": -1.2882252662605502,
            "Wind_Dir_Sin": -0.0772556864890468,
            "Wind_Dir_Cos": -0.02213163636157911
        },
        "SMAPE": {
            "Temperature": 47.42144548210729,
            "Precipitation_accumulated": 11.739454068043244,
            "Humidity": 11.273818577007603,
            "Wind_Speed_kmh": 74.4762556503996,
            "Soil_Moisture": 5.86822707755579,
            "Soil_Temperature": 113.11985847102477,
            "Wind_Dir_Sin": 157.13691455288043,
            "Wind_Dir_Cos": 128.96419413750326
        }
    }
}