{
    "trial_number": 16,
    "input_chunk_length": 32,
    "hidden_size": 216,
    "layer_size": 2,
    "dropout": 0.308226011625539,
    "batch_size": 51,
    "lr": 0.0001643028880725395,
    "overall_smape_val": 48.17998077190646,
    "metrics": {
        "MSE": {
            "Temperature": 0.8705625776152083,
            "Precipitation_accumulated": 45.32485831265194,
            "Humidity": 12.703528932608746,
            "Wind_Speed_kmh": 0.1173468145009213,
            "Soil_Moisture": 56582.7875484924,
            "Soil_Temperature": 0.5644224222946138,
            "Wind_Dir_Sin": 0.06285701698797147,
            "Wind_Dir_Cos": 0.06677599918693612
        },
        "RMSE": {
            "Temperature": 0.9330394298287764,
            "Precipitation_accumulated": 6.732373898756065,
            "Humidity": 3.5642010230357024,
            "Wind_Speed_kmh": 0.34255921313098747,
            "Soil_Moisture": 237.87136765170456,
            "Soil_Temperature": 0.7512805217058498,
            "Wind_Dir_Sin": 0.25071301718891953,
            "Wind_Dir_Cos": 0.2584105245281936
        },
        "MAE": {
            "Temperature": 0.7018180497007154,
            "Precipitation_accumulated": 5.1862680643247705,
            "Humidity": 2.810837023861163,
            "Wind_Speed_kmh": 0.15195974332174242,
            "Soil_Moisture": 95.02185941950943,
            "Soil_Temperature": 0.5681917810839621,
            "Wind_Dir_Sin": 0.12144581442339165,
            "Wind_Dir_Cos": 0.13595400435037072
        },
        "R2": {
            "Temperature": 0.744279202221622,
            "Precipitation_accumulated": -46.75342697111659,
            "Humidity": 0.8046471893443798,
            "Wind_Speed_kmh": 0.6551747468189231,
            "Soil_Moisture": 0.9235336908669844,
            "Soil_Temperature": 0.8994295243644375,
            "Wind_Dir_Sin": 0.6086576165543294,
            "Wind_Dir_Cos": 0.7674063551785277
        },
        "SMAPE": {
            "Temperature": 12.822562377520933,
            "Precipitation_accumulated": 1.119037455622709,
            "Humidity": 3.387329141401332,
            "Wind_Speed_kmh": 162.7374928027855,
            "Soil_Moisture": 1.4754985088562547,
            "Soil_Temperature": 16.658523876857966,
            "Wind_Dir_Sin": 149.35302025035224,
            "Wind_Dir_Cos": 37.88638176185482
        }
    }
}