{
    "trial_number": 39,
    "input_chunk_length": 18,
    "hidden_size": 87,
    "layer_size": 3,
    "dropout": 0.3426710430753124,
    "batch_size": 32,
    "lr": 0.001261951495856085,
    "overall_smape_val": 52.57986223687252,
    "metrics": {
        "MSE": {
            "Temperature": 1.4748810414335203,
            "Precipitation_accumulated": 68.00623610221876,
            "Humidity": 36.868500346146284,
            "Wind_Speed_kmh": 0.1947060061778014,
            "Soil_Moisture": 123168.50984011557,
            "Soil_Temperature": 1.0653179070140977,
            "Wind_Dir_Sin": 0.08695630607877415,
            "Wind_Dir_Cos": 0.09422863817950833
        },
        "RMSE": {
            "Temperature": 1.2144468046948456,
            "Precipitation_accumulated": 8.246589361803991,
            "Humidity": 6.071943704131839,
            "Wind_Speed_kmh": 0.4412550353002234,
            "Soil_Moisture": 350.95371466920756,
            "Soil_Temperature": 1.0321423869864552,
            "Wind_Dir_Sin": 0.2948835466396424,
            "Wind_Dir_Cos": 0.30696683563458177
        },
        "MAE": {
            "Temperature": 0.9412883918850707,
            "Precipitation_accumulated": 5.676241295370748,
            "Humidity": 5.002081737918854,
            "Wind_Speed_kmh": 0.1999869287964666,
            "Soil_Moisture": 240.81524647044114,
            "Soil_Temperature": 0.7039635446485881,
            "Wind_Dir_Sin": 0.1793246161662208,
            "Wind_Dir_Cos": 0.1755206037426039
        },
        "R2": {
            "Temperature": 0.5667654844792906,
            "Precipitation_accumulated": -70.65010438391825,
            "Humidity": 0.4330421723376723,
            "Wind_Speed_kmh": 0.42785368174089144,
            "Soil_Moisture": 0.8335493573762949,
            "Soil_Temperature": 0.8101784685025044,
            "Wind_Dir_Sin": 0.4586175146839887,
            "Wind_Dir_Cos": 0.6717835349886705
        },
        "SMAPE": {
            "Temperature": 15.996034506749739,
            "Precipitation_accumulated": 1.2417758867048574,
            "Humidity": 6.00912170388056,
            "Wind_Speed_kmh": 176.23406998815403,
            "Soil_Moisture": 3.860133956237831,
            "Soil_Temperature": 22.239196045295177,
            "Wind_Dir_Sin": 153.93898453395136,
            "Wind_Dir_Cos": 41.11958127400655
        }
    }
}