{
    "trial_number": 11,
    "input_chunk_length": 72,
    "training_length": 96,
    "hidden_size": 204,
    "layer_size": 1,
    "dropout": 0.39428415880186485,
    "batch_size": 16,
    "lr": 7.652225736875337e-05,
    "forecast_horizon": 1,
    "overall_smape_val": 43.012641083475316,
    "metrics": {
        "MSE": {
            "Temperature": 0.41362663946050315,
            "Precipitation_accumulated": 30.330938304853557,
            "Humidity": 3.0555840585884364,
            "Wind_Speed_kmh": 0.06775501229608334,
            "Soil_Moisture": 15725.927689131486,
            "Soil_Temperature": 0.25520010656447195,
            "Wind_Dir_Sin": 0.04497936202779579,
            "Wind_Dir_Cos": 0.04109070535611651
        },
        "RMSE": {
            "Temperature": 0.6431381184943893,
            "Precipitation_accumulated": 5.507353112417394,
            "Humidity": 1.748022899903899,
            "Wind_Speed_kmh": 0.260297929872835,
            "Soil_Moisture": 125.40306092409182,
            "Soil_Temperature": 0.5051733430857887,
            "Wind_Dir_Sin": 0.21208338461038334,
            "Wind_Dir_Cos": 0.2027084244823498
        },
        "MAE": {
            "Temperature": 0.3823881282289232,
            "Precipitation_accumulated": 3.6165346509769227,
            "Humidity": 1.0594989938639228,
            "Wind_Speed_kmh": 0.10177029994934751,
            "Soil_Moisture": 47.078324893865414,
            "Soil_Temperature": 0.3364030051015155,
            "Wind_Dir_Sin": 0.09409575678741366,
            "Wind_Dir_Cos": 0.08695380972484261
        },
        "R2": {
            "Temperature": 0.8785004812462989,
            "Precipitation_accumulated": -30.956111970943773,
            "Humidity": 0.9530117231828764,
            "Wind_Speed_kmh": 0.8009009501565933,
            "Soil_Moisture": 0.9787478895936329,
            "Soil_Temperature": 0.9545276815986619,
            "Wind_Dir_Sin": 0.719962359251128,
            "Wind_Dir_Cos": 0.8568731723458191
        },
        "SMAPE": {
            "Temperature": 6.5856397111574525,
            "Precipitation_accumulated": 0.7832707298753688,
            "Humidity": 1.252262067334043,
            "Wind_Speed_kmh": 153.14919134421095,
            "Soil_Moisture": 0.7454585496356586,
            "Soil_Temperature": 13.467898673953098,
            "Wind_Dir_Sin": 142.48130149825244,
            "Wind_Dir_Cos": 25.636106093383557
        }
    }
}