{
    "trial_number": 53,
    "input_chunk_length": 61,
    "output_chunk_length": 2,
    "hidden_size": 52,
    "layer_size": 1,
    "dropout": 0.12237528433286239,
    "batch_size": 123,
    "lr": 0.0026442190788145215,
    "loss_function": "smoothl1",
    "optimizer": "Adam",
    "overall_mae_val": 0.1189477436857172,
    "metrics": {
        "MSE": {
            "Temperature": 7.108741329964928,
            "Precipitation_accumulated": 1404.5210921545251,
            "Humidity": 45.09498964760853,
            "Wind_Speed_kmh": 1.052283030579656,
            "Soil_Moisture": 45228.053978888485,
            "Soil_Temperature": 11.756614504122062,
            "Wind_Dir_Sin": 0.5222820308094893,
            "Wind_Dir_Cos": 0.3446222924363878
        },
        "RMSE": {
            "Temperature": 2.6662222956769615,
            "Precipitation_accumulated": 37.476940805707784,
            "Humidity": 6.715280310426999,
            "Wind_Speed_kmh": 1.025808476558688,
            "Soil_Moisture": 212.66888342888456,
            "Soil_Temperature": 3.4287919890425056,
            "Wind_Dir_Sin": 0.722690826570733,
            "Wind_Dir_Cos": 0.5870453921430504
        },
        "MAE": {
            "Temperature": 2.131718680983574,
            "Precipitation_accumulated": 31.202352076048374,
            "Humidity": 5.344007735851614,
            "Wind_Speed_kmh": 0.8362964615152211,
            "Soil_Moisture": 173.50931909661836,
            "Soil_Temperature": 2.970317935189399,
            "Wind_Dir_Sin": 0.6207765751017957,
            "Wind_Dir_Cos": 0.4912355277416653
        },
        "R2": {
            "Temperature": 0.7671803983540586,
            "Precipitation_accumulated": -430.8615958128469,
            "Humidity": 0.6930975674086927,
            "Wind_Speed_kmh": 0.21952354360528226,
            "Soil_Moisture": 0.0892447287182152,
            "Soil_Temperature": 0.2678373400856281,
            "Wind_Dir_Sin": 0.048504993078356984,
            "Wind_Dir_Cos": 0.06350331548552646
        },
        "SMAPE": {
            "Temperature": 33.37144146039273,
            "Precipitation_accumulated": 7.043072914507791,
            "Humidity": 6.452248781774784,
            "Wind_Speed_kmh": 68.6788310815752,
            "Soil_Moisture": 2.0201690334457383,
            "Soil_Temperature": 60.052558486163996,
            "Wind_Dir_Sin": 132.3165454607535,
            "Wind_Dir_Cos": 124.59228669856297
        }
    }
}