{
    "trial_number": 10,
    "input_chunk_length": 71,
    "hidden_size": 178,
    "layer_size": 1,
    "dropout": 0.10017022269053286,
    "batch_size": 46,
    "lr": 0.009353208404223889,
    "overall_smape_val": 46.27513831687254,
    "metrics": {
        "MSE": {
            "Temperature": 0.852962271347949,
            "Precipitation_accumulated": 96.30909835578417,
            "Humidity": 3.5889556407114,
            "Wind_Speed_kmh": 0.09231687224082512,
            "Soil_Moisture": 36551.75355602011,
            "Soil_Temperature": 0.9072045435845764,
            "Wind_Dir_Sin": 0.049476163830238395,
            "Wind_Dir_Cos": 0.04696522330400572
        },
        "RMSE": {
            "Temperature": 0.9235595656740008,
            "Precipitation_accumulated": 9.813719904082456,
            "Humidity": 1.8944539162279457,
            "Wind_Speed_kmh": 0.303836917178978,
            "Soil_Moisture": 191.1851290137915,
            "Soil_Temperature": 0.9524728571379745,
            "Wind_Dir_Sin": 0.2224323803546561,
            "Wind_Dir_Cos": 0.21671461257609215
        },
        "MAE": {
            "Temperature": 0.7362535365581333,
            "Precipitation_accumulated": 8.134127276177544,
            "Humidity": 1.3889667478078123,
            "Wind_Speed_kmh": 0.17760842098619264,
            "Soil_Moisture": 146.63877626424534,
            "Soil_Temperature": 0.7975947425377727,
            "Wind_Dir_Sin": 0.1294930561965339,
            "Wind_Dir_Cos": 0.12823197150713014
        },
        "R2": {
            "Temperature": 0.7494491514883785,
            "Precipitation_accumulated": -100.46947318097271,
            "Humidity": 0.9448096213697262,
            "Wind_Speed_kmh": 0.7287255816980212,
            "Soil_Moisture": 0.9506037470428071,
            "Soil_Temperature": 0.8383515805836991,
            "Wind_Dir_Sin": 0.6919656578552053,
            "Wind_Dir_Cos": 0.8364110967841549
        },
        "SMAPE": {
            "Temperature": 13.064570654051757,
            "Precipitation_accumulated": 1.7479513564242724,
            "Humidity": 1.6886896619122937,
            "Wind_Speed_kmh": 158.0582856985873,
            "Soil_Moisture": 2.3412648068552984,
            "Soil_Temperature": 19.32222931546028,
            "Wind_Dir_Sin": 144.5351885013612,
            "Wind_Dir_Cos": 29.442926540327672
        }
    }
}