{
    "trial_number": 33,
    "input_chunk_length": 68,
    "training_length": 91,
    "hidden_size": 236,
    "layer_size": 3,
    "dropout": 0.38003253616906885,
    "batch_size": 23,
    "lr": 7.368742295132617e-05,
    "forecast_horizon": 4,
    "overall_smape_val": 50.242312613734626,
    "metrics": {
        "MSE": {
            "Temperature": 0.8818408947741677,
            "Precipitation_accumulated": 59.227203179840785,
            "Humidity": 13.091660579676534,
            "Wind_Speed_kmh": 0.1584170623932614,
            "Soil_Moisture": 89011.03906924465,
            "Soil_Temperature": 0.7962812884506384,
            "Wind_Dir_Sin": 0.08193475141853665,
            "Wind_Dir_Cos": 0.08869485637539583
        },
        "RMSE": {
            "Temperature": 0.9390638395626614,
            "Precipitation_accumulated": 7.6959212041081075,
            "Humidity": 3.6182399837043056,
            "Wind_Speed_kmh": 0.3980164097034963,
            "Soil_Moisture": 298.3471787519444,
            "Soil_Temperature": 0.8923459466208374,
            "Wind_Dir_Sin": 0.28624246962765093,
            "Wind_Dir_Cos": 0.2978168168109313
        },
        "MAE": {
            "Temperature": 0.6783611253816393,
            "Precipitation_accumulated": 4.825186446939661,
            "Humidity": 2.788727899562592,
            "Wind_Speed_kmh": 0.1600561959701964,
            "Soil_Moisture": 152.1998668225288,
            "Soil_Temperature": 0.5974823472355002,
            "Wind_Dir_Sin": 0.14514098552902613,
            "Wind_Dir_Cos": 0.15044289697096802
        },
        "R2": {
            "Temperature": 0.7407329290325289,
            "Precipitation_accumulated": -61.3803132331698,
            "Humidity": 0.798695583668427,
            "Wind_Speed_kmh": 0.5351382678868328,
            "Soil_Moisture": 0.8798669198968951,
            "Soil_Temperature": 0.8580229921768983,
            "Wind_Dir_Sin": 0.4905549896787601,
            "Wind_Dir_Cos": 0.6914052251618603
        },
        "SMAPE": {
            "Temperature": 12.338022330630809,
            "Precipitation_accumulated": 1.039175258060168,
            "Humidity": 3.377757884933779,
            "Wind_Speed_kmh": 163.72450193629308,
            "Soil_Moisture": 2.360916718425257,
            "Soil_Temperature": 19.57974083388646,
            "Wind_Dir_Sin": 154.1860714115755,
            "Wind_Dir_Cos": 45.332314536072
        }
    }
}