{
    "trial_number": 46,
    "input_chunk_length": 72,
    "hidden_size": 149,
    "layer_size": 1,
    "dropout": 0.28665060940010706,
    "batch_size": 60,
    "lr": 0.0003143943194398731,
    "overall_smape_val": 45.115149227985256,
    "metrics": {
        "MSE": {
            "Temperature": 0.6399833318649798,
            "Precipitation_accumulated": 42.215324806050084,
            "Humidity": 4.310015515461388,
            "Wind_Speed_kmh": 0.0746318454558528,
            "Soil_Moisture": 29231.980311085972,
            "Soil_Temperature": 0.5289712641916863,
            "Wind_Dir_Sin": 0.05130862374171999,
            "Wind_Dir_Cos": 0.04941416672599765
        },
        "RMSE": {
            "Temperature": 0.7999895823477827,
            "Precipitation_accumulated": 6.497332129886088,
            "Humidity": 2.076057685966695,
            "Wind_Speed_kmh": 0.2731882967036707,
            "Soil_Moisture": 170.97362460650464,
            "Soil_Temperature": 0.7273041070911715,
            "Wind_Dir_Sin": 0.22651406963303625,
            "Wind_Dir_Cos": 0.22229297498121178
        },
        "MAE": {
            "Temperature": 0.5506939068443372,
            "Precipitation_accumulated": 4.649508334244966,
            "Humidity": 1.3995586496901102,
            "Wind_Speed_kmh": 0.11341924503611846,
            "Soil_Moisture": 69.20756186082038,
            "Soil_Temperature": 0.5701376092141237,
            "Wind_Dir_Sin": 0.10871426331797321,
            "Wind_Dir_Cos": 0.10933007672012078
        },
        "R2": {
            "Temperature": 0.8120100123787838,
            "Precipitation_accumulated": -43.477280354232356,
            "Humidity": 0.9337212793876946,
            "Wind_Speed_kmh": 0.780693279880355,
            "Soil_Moisture": 0.960495731301289,
            "Soil_Temperature": 0.9057463177649341,
            "Wind_Dir_Sin": 0.6805569199975834,
            "Wind_Dir_Cos": 0.8278809559638269
        },
        "SMAPE": {
            "Temperature": 10.000147961949558,
            "Precipitation_accumulated": 1.0103477366788338,
            "Humidity": 1.671967630554775,
            "Wind_Speed_kmh": 154.32234352257126,
            "Soil_Moisture": 1.0867178187998092,
            "Soil_Temperature": 15.906519837973633,
            "Wind_Dir_Sin": 146.1817461794219,
            "Wind_Dir_Cos": 30.741403135932185
        }
    }
}