{
    "trial_number": 2,
    "input_chunk_length": 50,
    "training_length": 74,
    "hidden_size": 245,
    "layer_size": 3,
    "dropout": 0.15822914954326736,
    "batch_size": 60,
    "lr": 0.00032232324982365017,
    "forecast_horizon": 24,
    "overall_smape_val": 50.52276873319626,
    "metrics": {
        "MSE": {
            "Temperature": 0.7695841085774613,
            "Precipitation_accumulated": 33.75549444901176,
            "Humidity": 15.47401502423904,
            "Wind_Speed_kmh": 0.16049933442564637,
            "Soil_Moisture": 116845.46391176105,
            "Soil_Temperature": 0.7518733986831094,
            "Wind_Dir_Sin": 0.1208680411548869,
            "Wind_Dir_Cos": 0.16851606436098576
        },
        "RMSE": {
            "Temperature": 0.8772594306004703,
            "Precipitation_accumulated": 5.8099478869445775,
            "Humidity": 3.933702457512393,
            "Wind_Speed_kmh": 0.40062368180831043,
            "Soil_Moisture": 341.8266576962087,
            "Soil_Temperature": 0.8671063364334904,
            "Wind_Dir_Sin": 0.3476608133725843,
            "Wind_Dir_Cos": 0.4105070819863961
        },
        "MAE": {
            "Temperature": 0.5876564073633612,
            "Precipitation_accumulated": 3.5479201198033317,
            "Humidity": 2.790859898010061,
            "Wind_Speed_kmh": 0.15763313696047437,
            "Soil_Moisture": 168.32974496186222,
            "Soil_Temperature": 0.6096511648893407,
            "Wind_Dir_Sin": 0.18714637207660642,
            "Wind_Dir_Cos": 0.21042825811131013
        },
        "R2": {
            "Temperature": 0.7711158657453336,
            "Precipitation_accumulated": -34.44207376782421,
            "Humidity": 0.7623040298163877,
            "Wind_Speed_kmh": 0.5356028675364402,
            "Soil_Moisture": 0.8443847683929809,
            "Soil_Temperature": 0.8650286666734118,
            "Wind_Dir_Sin": 0.2584153320821274,
            "Wind_Dir_Cos": 0.4202574192439106
        },
        "SMAPE": {
            "Temperature": 10.354875095519867,
            "Precipitation_accumulated": 0.7667774070267727,
            "Humidity": 3.3641486661899065,
            "Wind_Speed_kmh": 167.10333139085836,
            "Soil_Moisture": 2.678500617195969,
            "Soil_Temperature": 17.276038522807976,
            "Wind_Dir_Sin": 158.13315706139286,
            "Wind_Dir_Cos": 44.505321104577966
        }
    }
}