{
    "trial_number": 9,
    "input_chunk_length": 17,
    "training_length": 22,
    "hidden_size": 105,
    "layer_size": 4,
    "dropout": 0.33379076431939125,
    "batch_size": 50,
    "lr": 0.0010328488549033515,
    "forecast_horizon": 11,
    "overall_smape_val": 50.23600497202708,
    "metrics": {
        "MSE": {
            "Temperature": 1.4276094157017014,
            "Precipitation_accumulated": 21.171468559436622,
            "Humidity": 12.842732587144017,
            "Wind_Speed_kmh": 0.14157420366824353,
            "Soil_Moisture": 92984.2729295359,
            "Soil_Temperature": 1.5905196708154408,
            "Wind_Dir_Sin": 0.09001341218006086,
            "Wind_Dir_Cos": 0.1140539727697764
        },
        "RMSE": {
            "Temperature": 1.1948261027035278,
            "Precipitation_accumulated": 4.601246413683647,
            "Humidity": 3.5836758485030447,
            "Wind_Speed_kmh": 0.3762634763941931,
            "Soil_Moisture": 304.9332270014796,
            "Soil_Temperature": 1.2611580673394753,
            "Wind_Dir_Sin": 0.3000223528006886,
            "Wind_Dir_Cos": 0.33771877763869806
        },
        "MAE": {
            "Temperature": 0.9506300356673071,
            "Precipitation_accumulated": 3.1184246154016124,
            "Humidity": 2.2565924957064265,
            "Wind_Speed_kmh": 0.1657340210194188,
            "Soil_Moisture": 109.51709184732636,
            "Soil_Temperature": 1.0076031963564418,
            "Wind_Dir_Sin": 0.13934934496013396,
            "Wind_Dir_Cos": 0.15594983499591827
        },
        "R2": {
            "Temperature": 0.57933754126579,
            "Precipitation_accumulated": -21.273598785646644,
            "Humidity": 0.8027159776971309,
            "Wind_Speed_kmh": 0.586592211926728,
            "Soil_Moisture": 0.8750877251630701,
            "Soil_Temperature": 0.7158035248603263,
            "Wind_Dir_Sin": 0.4429145399370137,
            "Wind_Dir_Cos": 0.6047320132729932
        },
        "SMAPE": {
            "Temperature": 16.22899368667723,
            "Precipitation_accumulated": 0.6733986461740901,
            "Humidity": 2.7003900701382935,
            "Wind_Speed_kmh": 167.05998833239232,
            "Soil_Moisture": 1.7087276458273426,
            "Soil_Temperature": 21.51253287705962,
            "Wind_Dir_Sin": 152.34371265850803,
            "Wind_Dir_Cos": 39.66029585943964
        }
    }
}