{
    "trial_number": 16,
    "input_chunk_length": 67,
    "training_length": 90,
    "hidden_size": 178,
    "layer_size": 2,
    "dropout": 0.39778938792156054,
    "batch_size": 25,
    "lr": 3.2821424490216425e-05,
    "forecast_horizon": 2,
    "overall_smape_val": 46.600109012033016,
    "metrics": {
        "MSE": {
            "Temperature": 0.7208504306023523,
            "Precipitation_accumulated": 16.755867628085724,
            "Humidity": 8.887855875605325,
            "Wind_Speed_kmh": 0.11705303701060144,
            "Soil_Moisture": 37575.95859241354,
            "Soil_Temperature": 0.4682292847614816,
            "Wind_Dir_Sin": 0.06301193255012644,
            "Wind_Dir_Cos": 0.05994434041933983
        },
        "RMSE": {
            "Temperature": 0.8490291105741619,
            "Precipitation_accumulated": 4.093393168031349,
            "Humidity": 2.9812507233718746,
            "Wind_Speed_kmh": 0.34213014630488414,
            "Soil_Moisture": 193.845192337632,
            "Soil_Temperature": 0.6842728145714118,
            "Wind_Dir_Sin": 0.25102177704359924,
            "Wind_Dir_Cos": 0.24483533327389623
        },
        "MAE": {
            "Temperature": 0.5827483777637039,
            "Precipitation_accumulated": 3.042912621408123,
            "Humidity": 2.145895859196965,
            "Wind_Speed_kmh": 0.13915779003956144,
            "Soil_Moisture": 72.23860396638793,
            "Soil_Temperature": 0.4471924592750848,
            "Wind_Dir_Sin": 0.11942963398132361,
            "Wind_Dir_Cos": 0.11525790638202492
        },
        "R2": {
            "Temperature": 0.7882559485873074,
            "Precipitation_accumulated": -16.65367021328636,
            "Humidity": 0.863323991686693,
            "Wind_Speed_kmh": 0.6560380160768855,
            "Soil_Moisture": 0.9492196303825713,
            "Soil_Temperature": 0.9165695053652888,
            "Wind_Dir_Sin": 0.6076931255836848,
            "Wind_Dir_Cos": 0.7912023362537559
        },
        "SMAPE": {
            "Temperature": 9.98791409646714,
            "Precipitation_accumulated": 0.6600604806490794,
            "Humidity": 2.54273953807707,
            "Wind_Speed_kmh": 158.391107217756,
            "Soil_Moisture": 1.1309684223072336,
            "Soil_Temperature": 16.33498286068575,
            "Wind_Dir_Sin": 148.9982480629153,
            "Wind_Dir_Cos": 34.75485141740655
        }
    }
}