{
    "trial_number": 31,
    "input_chunk_length": 72,
    "training_length": 96,
    "hidden_size": 195,
    "layer_size": 1,
    "dropout": 0.3985924702563375,
    "batch_size": 16,
    "lr": 0.0001001682807500336,
    "forecast_horizon": 1,
    "overall_smape_val": 43.254580674098435,
    "metrics": {
        "MSE": {
            "Temperature": 0.5310710673066896,
            "Precipitation_accumulated": 39.90582872746012,
            "Humidity": 3.9293986005389225,
            "Wind_Speed_kmh": 0.0697125461036938,
            "Soil_Moisture": 18344.20341018352,
            "Soil_Temperature": 0.29345195822285863,
            "Wind_Dir_Sin": 0.04655991508567742,
            "Wind_Dir_Cos": 0.04294381851399654
        },
        "RMSE": {
            "Temperature": 0.7287462297032415,
            "Precipitation_accumulated": 6.317106040542625,
            "Humidity": 1.982271071407471,
            "Wind_Speed_kmh": 0.2640313354579221,
            "Soil_Moisture": 135.44077454807885,
            "Soil_Temperature": 0.5417120620983611,
            "Wind_Dir_Sin": 0.21577746658462144,
            "Wind_Dir_Cos": 0.2072289036645143
        },
        "MAE": {
            "Temperature": 0.46330733259161666,
            "Precipitation_accumulated": 4.037737549715999,
            "Humidity": 1.3309655183298448,
            "Wind_Speed_kmh": 0.109608088527931,
            "Soil_Moisture": 49.81898295397628,
            "Soil_Temperature": 0.39442153417742837,
            "Wind_Dir_Sin": 0.0987530179628372,
            "Wind_Dir_Cos": 0.09114871140987484
        },
        "R2": {
            "Temperature": 0.8440021194332706,
            "Precipitation_accumulated": -41.04403827836599,
            "Humidity": 0.9395743446664545,
            "Wind_Speed_kmh": 0.7951487097256059,
            "Soil_Moisture": 0.975209536512144,
            "Soil_Temperature": 0.9477118522423702,
            "Wind_Dir_Sin": 0.7101219718055687,
            "Wind_Dir_Cos": 0.850418422901317
        },
        "SMAPE": {
            "Temperature": 8.334206630247003,
            "Precipitation_accumulated": 0.8791173428834448,
            "Humidity": 1.562211568658594,
            "Wind_Speed_kmh": 149.86522405275153,
            "Soil_Moisture": 0.7843378230260752,
            "Soil_Temperature": 13.296405722862545,
            "Wind_Dir_Sin": 143.8453663331012,
            "Wind_Dir_Cos": 27.469775919256904
        }
    }
}