{
    "trial_number": 17,
    "input_chunk_length": 55,
    "training_length": 69,
    "hidden_size": 227,
    "layer_size": 1,
    "dropout": 0.18878867652984319,
    "batch_size": 35,
    "lr": 0.00018429295617602607,
    "forecast_horizon": 6,
    "overall_smape_val": 46.97575193425791,
    "metrics": {
        "MSE": {
            "Temperature": 0.619660506177872,
            "Precipitation_accumulated": 124.42082040491266,
            "Humidity": 7.223523520093691,
            "Wind_Speed_kmh": 0.12091100589452283,
            "Soil_Moisture": 54951.84374972658,
            "Soil_Temperature": 0.4707074507727132,
            "Wind_Dir_Sin": 0.06439631942943827,
            "Wind_Dir_Cos": 0.07574409955200745
        },
        "RMSE": {
            "Temperature": 0.7871851790893118,
            "Precipitation_accumulated": 11.154408115400505,
            "Humidity": 2.6876613477322047,
            "Wind_Speed_kmh": 0.3477225990563783,
            "Soil_Moisture": 234.41809603724406,
            "Soil_Temperature": 0.6860812275326539,
            "Wind_Dir_Sin": 0.2537642989654736,
            "Wind_Dir_Cos": 0.275216459449662
        },
        "MAE": {
            "Temperature": 0.504445370165911,
            "Precipitation_accumulated": 10.382494391898959,
            "Humidity": 1.5733857534984028,
            "Wind_Speed_kmh": 0.18310145302568936,
            "Soil_Moisture": 109.10981971729662,
            "Soil_Temperature": 0.49978496853335286,
            "Wind_Dir_Sin": 0.12789366524377158,
            "Wind_Dir_Cos": 0.14369924020412983
        },
        "R2": {
            "Temperature": 0.8176734542016482,
            "Precipitation_accumulated": -130.00226062800817,
            "Humidity": 0.8889517674168809,
            "Wind_Speed_kmh": 0.6456920314302707,
            "Soil_Moisture": 0.9259328471281181,
            "Soil_Temperature": 0.9160172000344702,
            "Wind_Dir_Sin": 0.6001330206898898,
            "Wind_Dir_Cos": 0.7367604102201837
        },
        "SMAPE": {
            "Temperature": 8.908916800925153,
            "Precipitation_accumulated": 2.2308452285217624,
            "Humidity": 1.8567658532222273,
            "Wind_Speed_kmh": 160.92106512444914,
            "Soil_Moisture": 1.7759281440011245,
            "Soil_Temperature": 15.028815633462834,
            "Wind_Dir_Sin": 148.60743148555827,
            "Wind_Dir_Cos": 36.47624720392321
        }
    }
}