{
    "trial_number": 1,
    "input_chunk_length": 71,
    "training_length": 87,
    "hidden_size": 84,
    "layer_size": 3,
    "dropout": 0.281669254438636,
    "batch_size": 60,
    "lr": 9.294687842802146e-05,
    "forecast_horizon": 23,
    "overall_smape_val": 53.868521428834896,
    "metrics": {
        "MSE": {
            "Temperature": 2.1682065407865636,
            "Precipitation_accumulated": 77.03274920999048,
            "Humidity": 32.385696177265714,
            "Wind_Speed_kmh": 0.22349692717223968,
            "Soil_Moisture": 191279.08038845338,
            "Soil_Temperature": 1.4491544833125174,
            "Wind_Dir_Sin": 0.12988715120396305,
            "Wind_Dir_Cos": 0.1393631402972605
        },
        "RMSE": {
            "Temperature": 1.4724831207136344,
            "Precipitation_accumulated": 8.77683024844337,
            "Humidity": 5.6908431868454885,
            "Wind_Speed_kmh": 0.4727546162357801,
            "Soil_Moisture": 437.35463915277427,
            "Soil_Temperature": 1.2038083249888736,
            "Wind_Dir_Sin": 0.36039860044673183,
            "Wind_Dir_Cos": 0.3733137290500585
        },
        "MAE": {
            "Temperature": 1.0240569666850736,
            "Precipitation_accumulated": 5.194541623853014,
            "Humidity": 4.635027246861437,
            "Wind_Speed_kmh": 0.2107753634004208,
            "Soil_Moisture": 177.13721393928216,
            "Soil_Temperature": 0.7937659928314008,
            "Wind_Dir_Sin": 0.2198261251513459,
            "Wind_Dir_Cos": 0.23879765888305948
        },
        "R2": {
            "Temperature": 0.3558664787511444,
            "Precipitation_accumulated": -79.89369808291424,
            "Humidity": 0.5024604674638393,
            "Wind_Speed_kmh": 0.3528646133077512,
            "Soil_Moisture": 0.7450848035674098,
            "Soil_Temperature": 0.7399721601992415,
            "Wind_Dir_Sin": 0.20254495990912158,
            "Wind_Dir_Cos": 0.5202802210866075
        },
        "SMAPE": {
            "Temperature": 17.552065382059236,
            "Precipitation_accumulated": 1.1179157712989602,
            "Humidity": 5.539693421062506,
            "Wind_Speed_kmh": 173.92715203000608,
            "Soil_Moisture": 2.65423969809884,
            "Soil_Temperature": 22.527482710624252,
            "Wind_Dir_Sin": 159.5999518182311,
            "Wind_Dir_Cos": 48.02967059929798
        }
    }
}