{
    "trial_number": 6,
    "input_chunk_length": 42,
    "training_length": 59,
    "hidden_size": 39,
    "layer_size": 4,
    "dropout": 0.34531467100527413,
    "batch_size": 55,
    "lr": 0.0005844383163827961,
    "forecast_horizon": 21,
    "overall_smape_val": 49.802259304822535,
    "metrics": {
        "MSE": {
            "Temperature": 1.425574847550435,
            "Precipitation_accumulated": 8.960469238216133,
            "Humidity": 17.235428750259675,
            "Wind_Speed_kmh": 0.20380712294765355,
            "Soil_Moisture": 190034.74200795725,
            "Soil_Temperature": 0.8617334086103595,
            "Wind_Dir_Sin": 0.13470069775378066,
            "Wind_Dir_Cos": 0.17604134640921293
        },
        "RMSE": {
            "Temperature": 1.1939743914969179,
            "Precipitation_accumulated": 2.993404289135721,
            "Humidity": 4.151557388530198,
            "Wind_Speed_kmh": 0.45145002264664197,
            "Soil_Moisture": 435.92974434873935,
            "Soil_Temperature": 0.9282959703727899,
            "Wind_Dir_Sin": 0.3670159366482342,
            "Wind_Dir_Cos": 0.4195728141922602
        },
        "MAE": {
            "Temperature": 0.8337441033501982,
            "Precipitation_accumulated": 2.289128004599717,
            "Humidity": 2.3789161290445393,
            "Wind_Speed_kmh": 0.17138584417850553,
            "Soil_Moisture": 154.80505225070686,
            "Soil_Temperature": 0.5081527905313513,
            "Wind_Dir_Sin": 0.1767739201671642,
            "Wind_Dir_Cos": 0.2017683966314502
        },
        "R2": {
            "Temperature": 0.577340528254049,
            "Precipitation_accumulated": -8.412397968601462,
            "Humidity": 0.7351549191831499,
            "Wind_Speed_kmh": 0.4090416081649324,
            "Soil_Moisture": 0.7464073169425345,
            "Soil_Temperature": 0.8455078250987564,
            "Wind_Dir_Sin": 0.1718846873372435,
            "Wind_Dir_Cos": 0.3933395453775844
        },
        "SMAPE": {
            "Temperature": 14.574664384875437,
            "Precipitation_accumulated": 0.49804362201928826,
            "Humidity": 2.8447952751853722,
            "Wind_Speed_kmh": 156.50587700474026,
            "Soil_Moisture": 2.4237332035265,
            "Soil_Temperature": 14.912754883615921,
            "Wind_Dir_Sin": 164.64481351825583,
            "Wind_Dir_Cos": 42.01339254636146
        }
    }
}