{
    "trial_number": 23,
    "input_chunk_length": 40,
    "hidden_size": 144,
    "layer_size": 1,
    "dropout": 0.2834892511122531,
    "batch_size": 30,
    "lr": 0.0008161484664111747,
    "overall_smape_val": 44.19890845935286,
    "metrics": {
        "MSE": {
            "Temperature": 0.7548548630294825,
            "Precipitation_accumulated": 109.98042235113748,
            "Humidity": 4.379802582591588,
            "Wind_Speed_kmh": 0.07184924458689165,
            "Soil_Moisture": 18302.102172341485,
            "Soil_Temperature": 0.4072863396381472,
            "Wind_Dir_Sin": 0.04628818965908026,
            "Wind_Dir_Cos": 0.044210770119846386
        },
        "RMSE": {
            "Temperature": 0.8688238388934102,
            "Precipitation_accumulated": 10.48715511238093,
            "Humidity": 2.092797788270904,
            "Wind_Speed_kmh": 0.2680470939721072,
            "Soil_Moisture": 135.28526221411366,
            "Soil_Temperature": 0.6381898930868047,
            "Wind_Dir_Sin": 0.21514690250868188,
            "Wind_Dir_Cos": 0.21026357297412784
        },
        "MAE": {
            "Temperature": 0.706515277028848,
            "Precipitation_accumulated": 9.86060353282606,
            "Humidity": 1.610222464942703,
            "Wind_Speed_kmh": 0.10428941890344877,
            "Soil_Moisture": 71.32396406886643,
            "Soil_Temperature": 0.4826489406296402,
            "Wind_Dir_Sin": 0.11198921376820649,
            "Wind_Dir_Cos": 0.10167738477783587
        },
        "R2": {
            "Temperature": 0.7782674183979129,
            "Precipitation_accumulated": -114.87332564328348,
            "Humidity": 0.9326481051710167,
            "Wind_Speed_kmh": 0.7888699913933367,
            "Soil_Moisture": 0.9752664323705348,
            "Soil_Temperature": 0.9274285016340206,
            "Wind_Dir_Sin": 0.7118137109491502,
            "Wind_Dir_Cos": 0.8460053868493655
        },
        "SMAPE": {
            "Temperature": 11.799359088479761,
            "Precipitation_accumulated": 2.1201793804021767,
            "Humidity": 1.9345543977564854,
            "Wind_Speed_kmh": 154.39281890014377,
            "Soil_Moisture": 1.166367820422868,
            "Soil_Temperature": 13.81136884778366,
            "Wind_Dir_Sin": 142.20790262777962,
            "Wind_Dir_Cos": 26.158716612054526
        }
    }
}