{
    "trial_number": 36,
    "input_chunk_length": 65,
    "hidden_size": 138,
    "layer_size": 1,
    "dropout": 0.24949699303252726,
    "batch_size": 31,
    "lr": 0.0010259578406679422,
    "overall_smape_val": 42.74945392212689,
    "metrics": {
        "MSE": {
            "Temperature": 0.4514050985928769,
            "Precipitation_accumulated": 12.369198740716431,
            "Humidity": 2.780225670124055,
            "Wind_Speed_kmh": 0.06758363875577401,
            "Soil_Moisture": 12653.568328126385,
            "Soil_Temperature": 0.29374859668516495,
            "Wind_Dir_Sin": 0.04376521193787572,
            "Wind_Dir_Cos": 0.04169133044689237
        },
        "RMSE": {
            "Temperature": 0.6718668756479046,
            "Precipitation_accumulated": 3.516987168119388,
            "Humidity": 1.6674008726530207,
            "Wind_Speed_kmh": 0.25996853416476007,
            "Soil_Moisture": 112.48808082693199,
            "Soil_Temperature": 0.5419857901136939,
            "Wind_Dir_Sin": 0.2092013669598641,
            "Wind_Dir_Cos": 0.20418454997107977
        },
        "MAE": {
            "Temperature": 0.44252975281391954,
            "Precipitation_accumulated": 2.9819120569727238,
            "Humidity": 1.1644062086330034,
            "Wind_Speed_kmh": 0.120177986896413,
            "Soil_Moisture": 34.36044943352649,
            "Soil_Temperature": 0.4058670666764162,
            "Wind_Dir_Sin": 0.09408492868954452,
            "Wind_Dir_Cos": 0.08609146957166997
        },
        "R2": {
            "Temperature": 0.8674033608823237,
            "Precipitation_accumulated": -12.031957533801044,
            "Humidity": 0.9572461398878315,
            "Wind_Speed_kmh": 0.8014045336980558,
            "Soil_Moisture": 0.9828998939547646,
            "Soil_Temperature": 0.9476589963137827,
            "Wind_Dir_Sin": 0.7275215533207577,
            "Wind_Dir_Cos": 0.8547810796667759
        },
        "SMAPE": {
            "Temperature": 7.666081567006408,
            "Precipitation_accumulated": 0.6507875524131675,
            "Humidity": 1.395654072653204,
            "Wind_Speed_kmh": 148.7629208443043,
            "Soil_Moisture": 0.5388569379960283,
            "Soil_Temperature": 15.607692270119987,
            "Wind_Dir_Sin": 141.88792169353334,
            "Wind_Dir_Cos": 25.485716438988163
        }
    }
}