{
    "trial_number": 12,
    "input_chunk_length": 24,
    "output_chunk_length": 9,
    "hidden_size": 163,
    "layer_size": 1,
    "dropout": 0.2667590230042204,
    "batch_size": 72,
    "lr": 2.9032939975406324e-05,
    "loss_function": "huber",
    "optimizer": "AdamW",
    "overall_mae_val": 0.2489841853294702,
    "metrics": {
        "MSE": {
            "Temperature": 42.96558837950086,
            "Precipitation_accumulated": 40685.895284528,
            "Humidity": 168.59419791474818,
            "Wind_Speed_kmh": 2.8192415779245152,
            "Soil_Moisture": 1707074.7593927886,
            "Soil_Temperature": 47.816087864753975,
            "Wind_Dir_Sin": 0.5714579392948913,
            "Wind_Dir_Cos": 0.6869139048734645
        },
        "RMSE": {
            "Temperature": 6.554814137677807,
            "Precipitation_accumulated": 201.70744974970063,
            "Humidity": 12.984382846895272,
            "Wind_Speed_kmh": 1.6790597303028012,
            "Soil_Moisture": 1306.550710608964,
            "Soil_Temperature": 6.914917777150642,
            "Wind_Dir_Sin": 0.7559483707865844,
            "Wind_Dir_Cos": 0.8288026935727613
        },
        "MAE": {
            "Temperature": 5.57476583390823,
            "Precipitation_accumulated": 196.56045204688834,
            "Humidity": 11.409241598024625,
            "Wind_Speed_kmh": 1.2767067336838527,
            "Soil_Moisture": 1288.5613735625902,
            "Soil_Temperature": 6.4717927194527425,
            "Wind_Dir_Sin": 0.6991062740454285,
            "Wind_Dir_Cos": 0.70084350386957
        },
        "R2": {
            "Temperature": -0.4099774668632101,
            "Precipitation_accumulated": -11908.889521493957,
            "Humidity": -0.15075915807917273,
            "Wind_Speed_kmh": -1.0919522543660105,
            "Soil_Moisture": -29.184507833610905,
            "Soil_Temperature": -1.9708002096389974,
            "Wind_Dir_Sin": -0.037846504063880015,
            "Wind_Dir_Cos": -0.8742556604404641
        },
        "SMAPE": {
            "Temperature": 62.20815630083098,
            "Precipitation_accumulated": 54.562736338631204,
            "Humidity": 13.406554003457046,
            "Wind_Speed_kmh": 128.851752910318,
            "Soil_Moisture": 16.255062930034036,
            "Soil_Temperature": 69.17717028316123,
            "Wind_Dir_Sin": 181.80211751605967,
            "Wind_Dir_Cos": 154.10327649104178
        }
    }
}