{
    "trial_number": 30,
    "input_chunk_length": 55,
    "training_length": 75,
    "hidden_size": 162,
    "layer_size": 1,
    "dropout": 0.3526077851890751,
    "batch_size": 20,
    "lr": 0.0016460219999088414,
    "forecast_horizon": 3,
    "overall_smape_val": 46.069075883437435,
    "metrics": {
        "MSE": {
            "Temperature": 0.7103878040626052,
            "Precipitation_accumulated": 28.41531905454891,
            "Humidity": 7.2663747151801905,
            "Wind_Speed_kmh": 0.09680117806396253,
            "Soil_Moisture": 30625.519048239585,
            "Soil_Temperature": 0.6193304516368363,
            "Wind_Dir_Sin": 0.06293314751139299,
            "Wind_Dir_Cos": 0.0605522255457286
        },
        "RMSE": {
            "Temperature": 0.8428450652774834,
            "Precipitation_accumulated": 5.330602128704497,
            "Humidity": 2.6956213968545715,
            "Wind_Speed_kmh": 0.311128876936813,
            "Soil_Moisture": 175.00148298868666,
            "Soil_Temperature": 0.7869755089180579,
            "Wind_Dir_Sin": 0.25086479926724076,
            "Wind_Dir_Cos": 0.246073618142475
        },
        "MAE": {
            "Temperature": 0.566198880745782,
            "Precipitation_accumulated": 3.9313684052331572,
            "Humidity": 1.9210965815203374,
            "Wind_Speed_kmh": 0.1271632083884782,
            "Soil_Moisture": 68.5310147411081,
            "Soil_Temperature": 0.5995841723923073,
            "Wind_Dir_Sin": 0.1278497241189617,
            "Wind_Dir_Cos": 0.11445298054138016
        },
        "R2": {
            "Temperature": 0.7912295593120082,
            "Precipitation_accumulated": -28.932955440799876,
            "Humidity": 0.8882609454083717,
            "Wind_Speed_kmh": 0.7157466793937532,
            "Soil_Moisture": 0.9586393566875662,
            "Soil_Temperature": 0.8896097218878531,
            "Wind_Dir_Sin": 0.6084423712428719,
            "Wind_Dir_Cos": 0.7892032292061608
        },
        "SMAPE": {
            "Temperature": 9.951260392865006,
            "Precipitation_accumulated": 0.8512982705811312,
            "Humidity": 2.2983488503792877,
            "Wind_Speed_kmh": 154.74355060417923,
            "Soil_Moisture": 1.0940279658243486,
            "Soil_Temperature": 15.942474067330545,
            "Wind_Dir_Sin": 152.5228570195281,
            "Wind_Dir_Cos": 31.148789896812094
        }
    }
}