{
    "trial_number": 31,
    "input_chunk_length": 72,
    "output_chunk_length": 11,
    "hidden_size": 224,
    "layer_size": 1,
    "dropout": 0.1594972634996285,
    "batch_size": 89,
    "lr": 0.0005680713865347532,
    "loss_function": "smoothl1",
    "optimizer": "Adam",
    "overall_mae_val": 0.13542004249542802,
    "metrics": {
        "MSE": {
            "Temperature": 12.615400999000968,
            "Precipitation_accumulated": 3079.812256527979,
            "Humidity": 109.56219192670385,
            "Wind_Speed_kmh": 1.3883235492074815,
            "Soil_Moisture": 58097.757231250405,
            "Soil_Temperature": 7.0975444124831775,
            "Wind_Dir_Sin": 0.5926568191426989,
            "Wind_Dir_Cos": 0.3819499448164258
        },
        "RMSE": {
            "Temperature": 3.551816577330672,
            "Precipitation_accumulated": 55.49605622499656,
            "Humidity": 10.467195991606532,
            "Wind_Speed_kmh": 1.178271424251425,
            "Soil_Moisture": 241.03476353267055,
            "Soil_Temperature": 2.6641216962599845,
            "Wind_Dir_Sin": 0.7698420741572254,
            "Wind_Dir_Cos": 0.6180209905953242
        },
        "MAE": {
            "Temperature": 2.8327566804047937,
            "Precipitation_accumulated": 46.86045907533117,
            "Humidity": 8.705746799689482,
            "Wind_Speed_kmh": 0.9622824324633499,
            "Soil_Moisture": 183.95047263253647,
            "Soil_Temperature": 2.172194236016502,
            "Wind_Dir_Sin": 0.6651066271821711,
            "Wind_Dir_Cos": 0.5204387110369478
        },
        "R2": {
            "Temperature": 0.5834266337834559,
            "Precipitation_accumulated": -981.503806103442,
            "Humidity": 0.25570892463042727,
            "Wind_Speed_kmh": -0.025989032051608518,
            "Soil_Moisture": -0.29966311968189063,
            "Soil_Temperature": 0.5520452135280888,
            "Wind_Dir_Sin": -0.08082773806760102,
            "Wind_Dir_Cos": -0.0394111463517961
        },
        "SMAPE": {
            "Temperature": 40.536545285743145,
            "Precipitation_accumulated": 10.844223978057903,
            "Humidity": 10.323745229838728,
            "Wind_Speed_kmh": 74.63691149970332,
            "Soil_Moisture": 2.1741043688002337,
            "Soil_Temperature": 35.77745885479258,
            "Wind_Dir_Sin": 130.13732842829745,
            "Wind_Dir_Cos": 117.58464043185651
        }
    }
}