{
    "trial_number": 22,
    "input_chunk_length": 28,
    "output_chunk_length": 16,
    "hidden_size": 146,
    "layer_size": 2,
    "dropout": 0.4311751699244772,
    "batch_size": 149,
    "lr": 0.004784261050473258,
    "loss_function": "huber",
    "optimizer": "AdamW",
    "overall_mae_val": 0.16803520998928623,
    "metrics": {
        "MSE": {
            "Temperature": 24.517250588981522,
            "Precipitation_accumulated": 25766.789655038057,
            "Humidity": 119.37643212057691,
            "Wind_Speed_kmh": 1.4416138219045431,
            "Soil_Moisture": 290013.4171320018,
            "Soil_Temperature": 7.474720485317314,
            "Wind_Dir_Sin": 0.6293734413702687,
            "Wind_Dir_Cos": 0.5152423436527866
        },
        "RMSE": {
            "Temperature": 4.9514897343104245,
            "Precipitation_accumulated": 160.52037146430374,
            "Humidity": 10.925952229466176,
            "Wind_Speed_kmh": 1.2006722375005359,
            "Soil_Moisture": 538.5289380636864,
            "Soil_Temperature": 2.733993504988136,
            "Wind_Dir_Sin": 0.793330600298683,
            "Wind_Dir_Cos": 0.7178038336849328
        },
        "MAE": {
            "Temperature": 3.863456607647171,
            "Precipitation_accumulated": 106.87248495039425,
            "Humidity": 8.518931386398181,
            "Wind_Speed_kmh": 0.950959819772117,
            "Soil_Moisture": 416.09682501799836,
            "Soil_Temperature": 2.1391478232490426,
            "Wind_Dir_Sin": 0.7245895080126212,
            "Wind_Dir_Cos": 0.5744305499126227
        },
        "R2": {
            "Temperature": 0.1974534462678682,
            "Precipitation_accumulated": -7672.886995390736,
            "Humidity": 0.1862293226197137,
            "Wind_Speed_kmh": -0.06966163607462517,
            "Soil_Moisture": -4.372486126111226,
            "Soil_Temperature": 0.5365314762929165,
            "Wind_Dir_Sin": -0.13998347217164597,
            "Wind_Dir_Cos": -0.4065577811471064
        },
        "SMAPE": {
            "Temperature": 52.75106965209214,
            "Precipitation_accumulated": 31.9711806362413,
            "Humidity": 10.048854501738127,
            "Wind_Speed_kmh": 77.35397238044563,
            "Soil_Moisture": 5.025753890949596,
            "Soil_Temperature": 34.45027601368002,
            "Wind_Dir_Sin": 170.7849913751464,
            "Wind_Dir_Cos": 108.70476455736141
        }
    }
}