{
    "trial_number": 47,
    "input_chunk_length": 57,
    "hidden_size": 104,
    "layer_size": 4,
    "dropout": 0.26685240604213406,
    "batch_size": 31,
    "lr": 0.0005679899600528641,
    "overall_smape_val": 51.290741071617134,
    "metrics": {
        "MSE": {
            "Temperature": 1.2234070606411995,
            "Precipitation_accumulated": 138.25427534126496,
            "Humidity": 17.71816224614301,
            "Wind_Speed_kmh": 0.1867917026618292,
            "Soil_Moisture": 88870.3203979205,
            "Soil_Temperature": 0.8425078544546986,
            "Wind_Dir_Sin": 0.07831030842570844,
            "Wind_Dir_Cos": 0.08859958298653785
        },
        "RMSE": {
            "Temperature": 1.106077330317008,
            "Precipitation_accumulated": 11.75815782090311,
            "Humidity": 4.209294744508041,
            "Wind_Speed_kmh": 0.43219405671738387,
            "Soil_Moisture": 298.11125506750074,
            "Soil_Temperature": 0.9178822661184268,
            "Wind_Dir_Sin": 0.27983979064048137,
            "Wind_Dir_Cos": 0.29765682082985745
        },
        "MAE": {
            "Temperature": 0.7790365336176838,
            "Precipitation_accumulated": 6.506969942559229,
            "Humidity": 3.303861208933742,
            "Wind_Speed_kmh": 0.1594586555502237,
            "Soil_Moisture": 167.92739260928738,
            "Soil_Temperature": 0.5532390021938448,
            "Wind_Dir_Sin": 0.13904256756326422,
            "Wind_Dir_Cos": 0.166792268992837
        },
        "R2": {
            "Temperature": 0.6406339560197027,
            "Precipitation_accumulated": -144.66213082040306,
            "Humidity": 0.727532970342475,
            "Wind_Speed_kmh": 0.4511099731472984,
            "Soil_Moisture": 0.8799001306453205,
            "Soil_Temperature": 0.8498794301885854,
            "Wind_Dir_Sin": 0.512446752706275,
            "Wind_Dir_Cos": 0.6913906165775056
        },
        "SMAPE": {
            "Temperature": 13.379439072840997,
            "Precipitation_accumulated": 1.3823801652179488,
            "Humidity": 3.9678340205407054,
            "Wind_Speed_kmh": 167.14132556985749,
            "Soil_Moisture": 2.671062613725273,
            "Soil_Temperature": 18.272686153094156,
            "Wind_Dir_Sin": 159.72721688032098,
            "Wind_Dir_Cos": 43.78398409733956
        }
    }
}