{
    "trial_number": 35,
    "input_chunk_length": 63,
    "output_chunk_length": 6,
    "hidden_size": 221,
    "layer_size": 1,
    "dropout": 0.14513243453491123,
    "batch_size": 101,
    "lr": 0.00033529665467683673,
    "loss_function": "smoothl1",
    "optimizer": "Adam",
    "overall_mae_val": 0.13939937659095852,
    "metrics": {
        "MSE": {
            "Temperature": 9.731477993726878,
            "Precipitation_accumulated": 2427.377961181897,
            "Humidity": 85.413142832225,
            "Wind_Speed_kmh": 1.3737154072937632,
            "Soil_Moisture": 231685.0274591049,
            "Soil_Temperature": 14.419396390706591,
            "Wind_Dir_Sin": 0.6120372842277421,
            "Wind_Dir_Cos": 0.3960620165612545
        },
        "RMSE": {
            "Temperature": 3.1195316946181006,
            "Precipitation_accumulated": 49.268427630500824,
            "Humidity": 9.241923113304125,
            "Wind_Speed_kmh": 1.1720560597914091,
            "Soil_Moisture": 481.33670902924587,
            "Soil_Temperature": 3.7972880310435486,
            "Wind_Dir_Sin": 0.7823281180091523,
            "Wind_Dir_Cos": 0.6293345823655764
        },
        "MAE": {
            "Temperature": 2.4545246433946164,
            "Precipitation_accumulated": 40.440061948820635,
            "Humidity": 7.850917571369895,
            "Wind_Speed_kmh": 0.9317717738383842,
            "Soil_Moisture": 361.72334352646993,
            "Soil_Temperature": 3.1587187517214477,
            "Wind_Dir_Sin": 0.6821911591130371,
            "Wind_Dir_Cos": 0.5244934445937447
        },
        "R2": {
            "Temperature": 0.6812662623304697,
            "Precipitation_accumulated": -753.3840450630074,
            "Humidity": 0.41935332505143874,
            "Wind_Speed_kmh": -0.018592108403458152,
            "Soil_Moisture": -3.803679761079734,
            "Soil_Temperature": 0.10115023059466866,
            "Wind_Dir_Sin": -0.1187586001777996,
            "Wind_Dir_Cos": -0.07368620316106034
        },
        "SMAPE": {
            "Temperature": 37.33274443649269,
            "Precipitation_accumulated": 9.280534098344878,
            "Humidity": 9.243566049204917,
            "Wind_Speed_kmh": 74.38715647581513,
            "Soil_Moisture": 4.382658492873304,
            "Soil_Temperature": 59.41197420194023,
            "Wind_Dir_Sin": 143.17798307788917,
            "Wind_Dir_Cos": 121.25210705482351
        }
    }
}