{
    "trial_number": 2,
    "input_chunk_length": 34,
    "output_chunk_length": 6,
    "hidden_size": 67,
    "layer_size": 3,
    "dropout": 0.46908284970822356,
    "batch_size": 130,
    "lr": 0.0003186798209404841,
    "loss_function": "smoothl1",
    "optimizer": "RMSprop",
    "overall_mae_val": 0.24270686693622803,
    "metrics": {
        "MSE": {
            "Temperature": 33.669312281504176,
            "Precipitation_accumulated": 12914.533618622534,
            "Humidity": 132.5774400556744,
            "Wind_Speed_kmh": 2.7007239343108855,
            "Soil_Moisture": 3531466.448751051,
            "Soil_Temperature": 39.66374095119119,
            "Wind_Dir_Sin": 0.5956474712481821,
            "Wind_Dir_Cos": 1.0380894840572288
        },
        "RMSE": {
            "Temperature": 5.802526370599636,
            "Precipitation_accumulated": 113.6421295938374,
            "Humidity": 11.514227722938017,
            "Wind_Speed_kmh": 1.6433879439471635,
            "Soil_Moisture": 1879.2196382411107,
            "Soil_Temperature": 6.297915603689144,
            "Wind_Dir_Sin": 0.7717820101869323,
            "Wind_Dir_Cos": 1.0188667646249085
        },
        "MAE": {
            "Temperature": 4.935554460958481,
            "Precipitation_accumulated": 100.88060593531449,
            "Humidity": 9.915889339261744,
            "Wind_Speed_kmh": 1.2466859246530038,
            "Soil_Moisture": 1861.038588724308,
            "Soil_Temperature": 5.4780739328402674,
            "Wind_Dir_Sin": 0.713393420402803,
            "Wind_Dir_Cos": 0.8644255751784671
        },
        "R2": {
            "Temperature": -0.10152151892079098,
            "Precipitation_accumulated": -3820.7877691174795,
            "Humidity": 0.09653299443727426,
            "Wind_Speed_kmh": -1.0025993595131268,
            "Soil_Moisture": -63.4489575722324,
            "Soil_Temperature": -1.4588239716967397,
            "Wind_Dir_Sin": -0.08025096813123556,
            "Wind_Dir_Cos": -1.8328924288971185
        },
        "SMAPE": {
            "Temperature": 58.28996048095359,
            "Precipitation_accumulated": 25.246424101042678,
            "Humidity": 11.68178831519917,
            "Wind_Speed_kmh": 130.56632107540682,
            "Soil_Moisture": 24.383036537072297,
            "Soil_Temperature": 62.477785447445164,
            "Wind_Dir_Sin": 179.52262267967333,
            "Wind_Dir_Cos": 151.0535949626457
        }
    }
}