{
    "trial_number": 51,
    "input_chunk_length": 57,
    "output_chunk_length": 3,
    "hidden_size": 114,
    "layer_size": 1,
    "dropout": 0.18311583425413375,
    "batch_size": 106,
    "lr": 0.00044692915310659017,
    "loss_function": "smoothl1",
    "optimizer": "Adam",
    "overall_mae_val": 0.1409590495811341,
    "metrics": {
        "MSE": {
            "Temperature": 24.9171140288699,
            "Precipitation_accumulated": 868.8850036071441,
            "Humidity": 163.40652413775376,
            "Wind_Speed_kmh": 1.1693547802998252,
            "Soil_Moisture": 49324.12503548666,
            "Soil_Temperature": 36.45713228567133,
            "Wind_Dir_Sin": 0.5466862348364502,
            "Wind_Dir_Cos": 0.3493781573279666
        },
        "RMSE": {
            "Temperature": 4.991704521390454,
            "Precipitation_accumulated": 29.476855388713773,
            "Humidity": 12.783056134499049,
            "Wind_Speed_kmh": 1.0813670885965714,
            "Soil_Moisture": 222.0903533147864,
            "Soil_Temperature": 6.0379741872312875,
            "Wind_Dir_Sin": 0.739382333327251,
            "Wind_Dir_Cos": 0.5910821916856966
        },
        "MAE": {
            "Temperature": 4.024021986927519,
            "Precipitation_accumulated": 25.21017884505313,
            "Humidity": 10.235008216393554,
            "Wind_Speed_kmh": 0.8755127489967787,
            "Soil_Moisture": 186.49321613911346,
            "Soil_Temperature": 5.266587687484672,
            "Wind_Dir_Sin": 0.6616484982182198,
            "Wind_Dir_Cos": 0.5050829494955048
        },
        "R2": {
            "Temperature": 0.1824613157716649,
            "Precipitation_accumulated": -264.77120273011394,
            "Humidity": -0.11413317325755323,
            "Wind_Speed_kmh": 0.13180412506566708,
            "Soil_Moisture": 0.0233246007934772,
            "Soil_Temperature": -1.272241628200454,
            "Wind_Dir_Sin": 0.0061130913432762,
            "Wind_Dir_Cos": 0.04930408025050248
        },
        "SMAPE": {
            "Temperature": 62.32677019556633,
            "Precipitation_accumulated": 5.612718062775306,
            "Humidity": 11.93877169045696,
            "Wind_Speed_kmh": 71.18448298485643,
            "Soil_Moisture": 2.1411851539499667,
            "Soil_Temperature": 113.71494576229546,
            "Wind_Dir_Sin": 148.25152468170893,
            "Wind_Dir_Cos": 125.21485537437512
        }
    }
}