{
    "trial_number": 13,
    "input_chunk_length": 35,
    "hidden_size": 195,
    "layer_size": 1,
    "dropout": 0.30927047207036223,
    "batch_size": 43,
    "lr": 0.0001482265918366215,
    "overall_smape_val": 46.57808627577179,
    "metrics": {
        "MSE": {
            "Temperature": 0.6451371428598095,
            "Precipitation_accumulated": 39.171629768486476,
            "Humidity": 6.6778889393526955,
            "Wind_Speed_kmh": 0.09655014250897932,
            "Soil_Moisture": 36734.80649586894,
            "Soil_Temperature": 0.4389737615499769,
            "Wind_Dir_Sin": 0.05335551015103759,
            "Wind_Dir_Cos": 0.05303928888997493
        },
        "RMSE": {
            "Temperature": 0.8032042970874904,
            "Precipitation_accumulated": 6.258724292416664,
            "Humidity": 2.584161167449255,
            "Wind_Speed_kmh": 0.3107251880826196,
            "Soil_Moisture": 191.66326329234025,
            "Soil_Temperature": 0.6625509501540066,
            "Wind_Dir_Sin": 0.23098811690439314,
            "Wind_Dir_Cos": 0.2303026028727746
        },
        "MAE": {
            "Temperature": 0.5720983852836606,
            "Precipitation_accumulated": 4.970598489941957,
            "Humidity": 1.850285374298605,
            "Wind_Speed_kmh": 0.15423215347071245,
            "Soil_Moisture": 109.15519975876353,
            "Soil_Temperature": 0.49285503591652124,
            "Wind_Dir_Sin": 0.11483656515174277,
            "Wind_Dir_Cos": 0.12639137161675035
        },
        "R2": {
            "Temperature": 0.8104961215993213,
            "Precipitation_accumulated": -40.270499922707614,
            "Humidity": 0.8973085053398047,
            "Wind_Speed_kmh": 0.7162860578966422,
            "Soil_Moisture": 0.9503563682321716,
            "Soil_Temperature": 0.9217823420070134,
            "Wind_Dir_Sin": 0.6678131812003989,
            "Wind_Dir_Cos": 0.8152539584301451
        },
        "SMAPE": {
            "Temperature": 9.784172557634834,
            "Precipitation_accumulated": 1.0730973904339247,
            "Humidity": 2.208210294085369,
            "Wind_Speed_kmh": 163.32593207432015,
            "Soil_Moisture": 1.7833454391894965,
            "Soil_Temperature": 15.966134232996897,
            "Wind_Dir_Sin": 146.14656142198913,
            "Wind_Dir_Cos": 32.33723679552446
        }
    }
}