{
    "trial_number": 48,
    "input_chunk_length": 61,
    "training_length": 84,
    "hidden_size": 217,
    "layer_size": 1,
    "dropout": 0.3621126324954913,
    "batch_size": 17,
    "lr": 0.0008796672559880481,
    "forecast_horizon": 4,
    "overall_smape_val": 51.59097118269954,
    "metrics": {
        "MSE": {
            "Temperature": 2.0392285154113043,
            "Precipitation_accumulated": 50.104288277463475,
            "Humidity": 18.270770881628646,
            "Wind_Speed_kmh": 0.12236449542274332,
            "Soil_Moisture": 49233.9121808848,
            "Soil_Temperature": 1.5172060727660752,
            "Wind_Dir_Sin": 0.07384229621300524,
            "Wind_Dir_Cos": 0.07275289690156957
        },
        "RMSE": {
            "Temperature": 1.4280155865435449,
            "Precipitation_accumulated": 7.078438265427161,
            "Humidity": 4.274432229153791,
            "Wind_Speed_kmh": 0.3498063684708203,
            "Soil_Moisture": 221.8871609194295,
            "Soil_Temperature": 1.231749192313953,
            "Wind_Dir_Sin": 0.27173939024919674,
            "Wind_Dir_Cos": 0.2697274492920021
        },
        "MAE": {
            "Temperature": 1.2121438466729693,
            "Precipitation_accumulated": 4.953251159229196,
            "Humidity": 3.35945363815242,
            "Wind_Speed_kmh": 0.16290976451799224,
            "Soil_Moisture": 112.53656707990336,
            "Soil_Temperature": 1.1103574224184631,
            "Wind_Dir_Sin": 0.14249939714426632,
            "Wind_Dir_Cos": 0.14202657588140447
        },
        "R2": {
            "Temperature": 0.40045329338074,
            "Precipitation_accumulated": -51.77171686771537,
            "Humidity": 0.7190587973259974,
            "Wind_Speed_kmh": 0.6409315358331642,
            "Soil_Moisture": 0.9335518203397863,
            "Soil_Temperature": 0.7294820541601615,
            "Wind_Dir_Sin": 0.5408713799079423,
            "Wind_Dir_Cos": 0.7468718620712456
        },
        "SMAPE": {
            "Temperature": 20.88348000692249,
            "Precipitation_accumulated": 1.0666384175235706,
            "Humidity": 4.053723858656025,
            "Wind_Speed_kmh": 164.7973923735192,
            "Soil_Moisture": 1.7522560474076567,
            "Soil_Temperature": 26.16227461387111,
            "Wind_Dir_Sin": 155.71030385063074,
            "Wind_Dir_Cos": 38.30170029306555
        }
    }
}