{
    "trial_number": 36,
    "input_chunk_length": 64,
    "output_chunk_length": 6,
    "hidden_size": 243,
    "layer_size": 1,
    "dropout": 0.10551908504677063,
    "batch_size": 100,
    "lr": 0.0002953316564067783,
    "loss_function": "smoothl1",
    "optimizer": "Adam",
    "overall_mae_val": 0.13527956743242903,
    "metrics": {
        "MSE": {
            "Temperature": 18.25007395716619,
            "Precipitation_accumulated": 1429.65019790801,
            "Humidity": 119.1767682559956,
            "Wind_Speed_kmh": 1.3974288859477355,
            "Soil_Moisture": 43821.731596813515,
            "Soil_Temperature": 13.7628440593509,
            "Wind_Dir_Sin": 0.5678915125598657,
            "Wind_Dir_Cos": 0.3576790234183186
        },
        "RMSE": {
            "Temperature": 4.27201052868157,
            "Precipitation_accumulated": 37.81071538476904,
            "Humidity": 10.916811267764759,
            "Wind_Speed_kmh": 1.1821289633317236,
            "Soil_Moisture": 209.3364077192821,
            "Soil_Temperature": 3.7098307319001633,
            "Wind_Dir_Sin": 0.7535857698761739,
            "Wind_Dir_Cos": 0.5980627253209471
        },
        "MAE": {
            "Temperature": 3.310505425681787,
            "Precipitation_accumulated": 33.556941044851584,
            "Humidity": 8.654503020873854,
            "Wind_Speed_kmh": 0.9525832203065215,
            "Soil_Moisture": 160.10122300105618,
            "Soil_Temperature": 3.0677216328565673,
            "Wind_Dir_Sin": 0.6793380711378297,
            "Wind_Dir_Cos": 0.514954188444135
        },
        "R2": {
            "Temperature": 0.40189113957087563,
            "Precipitation_accumulated": -444.11364295580347,
            "Humidity": 0.18974368161993238,
            "Wind_Speed_kmh": -0.035890467031733486,
            "Soil_Moisture": 0.08736357770282177,
            "Soil_Temperature": 0.1415749432142357,
            "Wind_Dir_Sin": -0.037734334169245765,
            "Wind_Dir_Cos": 0.029591545735241143
        },
        "SMAPE": {
            "Temperature": 45.67549566465762,
            "Precipitation_accumulated": 7.560641191817611,
            "Humidity": 10.29839945466964,
            "Wind_Speed_kmh": 75.60091991910824,
            "Soil_Moisture": 1.8890250197886507,
            "Soil_Temperature": 50.2753837041798,
            "Wind_Dir_Sin": 151.02854551971973,
            "Wind_Dir_Cos": 128.09350351960052
        }
    }
}