{
    "trial_number": 14,
    "input_chunk_length": 35,
    "output_chunk_length": 13,
    "hidden_size": 148,
    "layer_size": 2,
    "dropout": 0.39695300772498543,
    "batch_size": 192,
    "lr": 0.0021849855786574214,
    "loss_function": "huber",
    "optimizer": "Adam",
    "overall_mae_val": 0.14865769505310367,
    "metrics": {
        "MSE": {
            "Temperature": 21.01868869682112,
            "Precipitation_accumulated": 1294.6642213143746,
            "Humidity": 315.30288734385834,
            "Wind_Speed_kmh": 1.5721749107316387,
            "Soil_Moisture": 45746.783827979794,
            "Soil_Temperature": 19.749024187419153,
            "Wind_Dir_Sin": 0.5588382625914209,
            "Wind_Dir_Cos": 0.3705410160697692
        },
        "RMSE": {
            "Temperature": 4.584614345484375,
            "Precipitation_accumulated": 35.98144273530975,
            "Humidity": 17.75677018333735,
            "Wind_Speed_kmh": 1.2538639921186183,
            "Soil_Moisture": 213.88497803253924,
            "Soil_Temperature": 4.443987419808831,
            "Wind_Dir_Sin": 0.7475548559078597,
            "Wind_Dir_Cos": 0.60872080305323
        },
        "MAE": {
            "Temperature": 3.6001124428414717,
            "Precipitation_accumulated": 33.42466552657711,
            "Humidity": 14.354096623112381,
            "Wind_Speed_kmh": 0.9749007240107819,
            "Soil_Moisture": 202.1283702089518,
            "Soil_Temperature": 3.5753928935159434,
            "Wind_Dir_Sin": 0.6777370956530108,
            "Wind_Dir_Cos": 0.5360645894446683
        },
        "R2": {
            "Temperature": 0.3111565280553662,
            "Precipitation_accumulated": -387.08811227054025,
            "Humidity": -1.150101383739516,
            "Wind_Speed_kmh": -0.16747988606048314,
            "Soil_Moisture": 0.14070813935437976,
            "Soil_Temperature": -0.22628841838022273,
            "Wind_Dir_Sin": -0.01584888226788128,
            "Wind_Dir_Cos": -0.009238642209612236
        },
        "SMAPE": {
            "Temperature": 48.553352803611695,
            "Precipitation_accumulated": 7.499972410886502,
            "Humidity": 16.123269560959667,
            "Wind_Speed_kmh": 81.80936106868889,
            "Soil_Moisture": 2.380299965325524,
            "Soil_Temperature": 56.39124466268144,
            "Wind_Dir_Sin": 148.46881740311235,
            "Wind_Dir_Cos": 152.4527587316294
        }
    }
}