{
    "trial_number": 28,
    "input_chunk_length": 63,
    "output_chunk_length": 9,
    "hidden_size": 214,
    "layer_size": 1,
    "dropout": 0.17275247036891583,
    "batch_size": 113,
    "lr": 0.000587883290197764,
    "loss_function": "smoothl1",
    "optimizer": "Adam",
    "overall_mae_val": 0.14045167413333415,
    "metrics": {
        "MSE": {
            "Temperature": 14.35364299403256,
            "Precipitation_accumulated": 2732.2492415921133,
            "Humidity": 102.11754842294066,
            "Wind_Speed_kmh": 1.2757532036831494,
            "Soil_Moisture": 112694.39607852182,
            "Soil_Temperature": 22.407107340013106,
            "Wind_Dir_Sin": 0.5823882935527736,
            "Wind_Dir_Cos": 0.3718078604487965
        },
        "RMSE": {
            "Temperature": 3.7886201965930235,
            "Precipitation_accumulated": 52.270921568230584,
            "Humidity": 10.105322776781584,
            "Wind_Speed_kmh": 1.1294924540177989,
            "Soil_Moisture": 335.6998601109655,
            "Soil_Temperature": 4.7336146167609705,
            "Wind_Dir_Sin": 0.763143691288065,
            "Wind_Dir_Cos": 0.609760494332649
        },
        "MAE": {
            "Temperature": 2.9625569108182654,
            "Precipitation_accumulated": 43.882492142075016,
            "Humidity": 8.406993466920254,
            "Wind_Speed_kmh": 0.915920720160802,
            "Soil_Moisture": 268.447579453983,
            "Soil_Temperature": 3.8760820914339407,
            "Wind_Dir_Sin": 0.669191402414176,
            "Wind_Dir_Cos": 0.5162597867615701
        },
        "R2": {
            "Temperature": 0.5288900937362244,
            "Precipitation_accumulated": -852.7776078315303,
            "Humidity": 0.3055852668154725,
            "Wind_Speed_kmh": 0.05545180464694621,
            "Soil_Moisture": -1.3689304295600455,
            "Soil_Temperature": -0.3997541353723759,
            "Wind_Dir_Sin": -0.06360004119160045,
            "Wind_Dir_Cos": -0.010239090448688204
        },
        "SMAPE": {
            "Temperature": 43.31404880426617,
            "Precipitation_accumulated": 10.074037637505006,
            "Humidity": 9.95227263179519,
            "Wind_Speed_kmh": 72.88877197154972,
            "Soil_Moisture": 3.1913837088487993,
            "Soil_Temperature": 83.16107841962807,
            "Wind_Dir_Sin": 138.60892337284182,
            "Wind_Dir_Cos": 118.61944987018526
        }
    }
}