{
    "trial_number": 29,
    "input_chunk_length": 68,
    "hidden_size": 169,
    "layer_size": 1,
    "dropout": 0.360739508118713,
    "batch_size": 46,
    "lr": 0.0004458818258160785,
    "overall_smape_val": 43.71905730903264,
    "metrics": {
        "MSE": {
            "Temperature": 0.473606398821148,
            "Precipitation_accumulated": 10.019569205331848,
            "Humidity": 5.2581281718243265,
            "Wind_Speed_kmh": 0.06979194083202454,
            "Soil_Moisture": 19807.70727774886,
            "Soil_Temperature": 0.37871075529890363,
            "Wind_Dir_Sin": 0.049526242475513564,
            "Wind_Dir_Cos": 0.04463368031638587
        },
        "RMSE": {
            "Temperature": 0.6881906703967644,
            "Precipitation_accumulated": 3.165370310932332,
            "Humidity": 2.2930608739901186,
            "Wind_Speed_kmh": 0.26418164363184765,
            "Soil_Moisture": 140.7398567490704,
            "Soil_Temperature": 0.6153947962884506,
            "Wind_Dir_Sin": 0.22254492237639026,
            "Wind_Dir_Cos": 0.21126684623098313
        },
        "MAE": {
            "Temperature": 0.45702262548408557,
            "Precipitation_accumulated": 2.34517197190866,
            "Humidity": 1.7540755434346489,
            "Wind_Speed_kmh": 0.10806153061153072,
            "Soil_Moisture": 64.43503492697494,
            "Soil_Temperature": 0.4442315379779959,
            "Wind_Dir_Sin": 0.12834673129445193,
            "Wind_Dir_Cos": 0.11130559519590483
        },
        "R2": {
            "Temperature": 0.8608819064204939,
            "Precipitation_accumulated": -9.556431594962179,
            "Humidity": 0.9191413565000288,
            "Wind_Speed_kmh": 0.7949154072076439,
            "Soil_Moisture": 0.97323174884909,
            "Soil_Temperature": 0.932520184733495,
            "Wind_Dir_Sin": 0.6916538725153845,
            "Wind_Dir_Cos": 0.8445323093178723
        },
        "SMAPE": {
            "Temperature": 8.105100181661708,
            "Precipitation_accumulated": 0.5104690650895995,
            "Humidity": 2.101529897282037,
            "Wind_Speed_kmh": 153.6903102994249,
            "Soil_Moisture": 1.0485649463631364,
            "Soil_Temperature": 13.023583580891051,
            "Wind_Dir_Sin": 142.98460567018412,
            "Wind_Dir_Cos": 28.288294831364546
        }
    }
}