{
    "trial_number": 38,
    "input_chunk_length": 37,
    "training_length": 58,
    "hidden_size": 171,
    "layer_size": 2,
    "dropout": 0.19272702875030157,
    "batch_size": 24,
    "lr": 4.336859496968157e-05,
    "forecast_horizon": 1,
    "overall_smape_val": 44.540617607489025,
    "metrics": {
        "MSE": {
            "Temperature": 0.5036134692847178,
            "Precipitation_accumulated": 26.99045480931847,
            "Humidity": 5.55080599855588,
            "Wind_Speed_kmh": 0.0961623346015601,
            "Soil_Moisture": 28929.692921979848,
            "Soil_Temperature": 0.34139905109461993,
            "Wind_Dir_Sin": 0.04828244893838858,
            "Wind_Dir_Cos": 0.04543905127138756
        },
        "RMSE": {
            "Temperature": 0.7096572900243595,
            "Precipitation_accumulated": 5.195233855113596,
            "Humidity": 2.3560148553342954,
            "Wind_Speed_kmh": 0.3101005233816288,
            "Soil_Moisture": 170.0873097029283,
            "Soil_Temperature": 0.5842936343095139,
            "Wind_Dir_Sin": 0.21973267608252664,
            "Wind_Dir_Cos": 0.21316437617807427
        },
        "MAE": {
            "Temperature": 0.4458665472765605,
            "Precipitation_accumulated": 3.3678036418804704,
            "Humidity": 1.6380793318417584,
            "Wind_Speed_kmh": 0.1291605650025726,
            "Soil_Moisture": 62.49165581036955,
            "Soil_Temperature": 0.4091967171013054,
            "Wind_Dir_Sin": 0.10081705951220347,
            "Wind_Dir_Cos": 0.09690476943799385
        },
        "R2": {
            "Temperature": 0.8520675693524379,
            "Precipitation_accumulated": -27.436640744980185,
            "Humidity": 0.9146406042781935,
            "Wind_Speed_kmh": 0.7174256368484033,
            "Soil_Moisture": 0.9609042442421297,
            "Soil_Temperature": 0.9391684958040277,
            "Wind_Dir_Sin": 0.6993976241386275,
            "Wind_Dir_Cos": 0.8417270474253054
        },
        "SMAPE": {
            "Temperature": 7.655959109758343,
            "Precipitation_accumulated": 0.7286945770008713,
            "Humidity": 1.9479784487229044,
            "Wind_Speed_kmh": 156.45730377305912,
            "Soil_Moisture": 0.9847095639300618,
            "Soil_Temperature": 13.95887054915075,
            "Wind_Dir_Sin": 145.45793105097013,
            "Wind_Dir_Cos": 29.133493787319864
        }
    }
}