{
    "trial_number": 24,
    "input_chunk_length": 63,
    "output_chunk_length": 21,
    "hidden_size": 209,
    "layer_size": 2,
    "dropout": 0.28231992758318647,
    "batch_size": 221,
    "lr": 0.0015415021845295333,
    "loss_function": "huber",
    "optimizer": "AdamW",
    "overall_mae_val": 0.1592917949862308,
    "metrics": {
        "MSE": {
            "Temperature": 22.096090313540223,
            "Precipitation_accumulated": 17820.63608015272,
            "Humidity": 119.63747241931806,
            "Wind_Speed_kmh": 1.3812639357250904,
            "Soil_Moisture": 172477.60176396067,
            "Soil_Temperature": 10.264176721784468,
            "Wind_Dir_Sin": 0.6026373923889791,
            "Wind_Dir_Cos": 0.39501037169008785
        },
        "RMSE": {
            "Temperature": 4.700647861044287,
            "Precipitation_accumulated": 133.49395521952565,
            "Humidity": 10.937891589301755,
            "Wind_Speed_kmh": 1.1752718560933426,
            "Soil_Moisture": 415.3042279630207,
            "Soil_Temperature": 3.203775385663681,
            "Wind_Dir_Sin": 0.7762972319859057,
            "Wind_Dir_Cos": 0.6284985057182617
        },
        "MAE": {
            "Temperature": 3.6759131713747335,
            "Precipitation_accumulated": 107.17232569796339,
            "Humidity": 9.280178402346419,
            "Wind_Speed_kmh": 0.9376566926407539,
            "Soil_Moisture": 321.6124182795672,
            "Soil_Temperature": 2.6132914667245593,
            "Wind_Dir_Sin": 0.6543111897049931,
            "Wind_Dir_Cos": 0.5215656009477033
        },
        "R2": {
            "Temperature": 0.2708262384800698,
            "Precipitation_accumulated": -5695.053689209267,
            "Humidity": 0.18773033274959383,
            "Wind_Speed_kmh": -0.021646075087143668,
            "Soil_Moisture": -2.884058565289026,
            "Soil_Temperature": 0.3522527863807545,
            "Wind_Dir_Sin": -0.0990218341983522,
            "Wind_Dir_Cos": -0.07492424759143934
        },
        "SMAPE": {
            "Temperature": 48.86015899172853,
            "Precipitation_accumulated": 28.20133744899149,
            "Humidity": 10.97065107771332,
            "Wind_Speed_kmh": 75.53558087276357,
            "Soil_Moisture": 3.811314005720083,
            "Soil_Temperature": 41.23565587712929,
            "Wind_Dir_Sin": 120.9375877315619,
            "Wind_Dir_Cos": 115.01461227621789
        }
    }
}