{
    "trial_number": 15,
    "input_chunk_length": 35,
    "output_chunk_length": 12,
    "hidden_size": 155,
    "layer_size": 2,
    "dropout": 0.3978593037284437,
    "batch_size": 116,
    "lr": 0.004990955350038824,
    "loss_function": "huber",
    "optimizer": "Adam",
    "overall_mae_val": 0.14711962189950123,
    "metrics": {
        "MSE": {
            "Temperature": 24.98639334611479,
            "Precipitation_accumulated": 1738.1755126246148,
            "Humidity": 99.61359300266248,
            "Wind_Speed_kmh": 1.4112513027876614,
            "Soil_Moisture": 307322.43058402184,
            "Soil_Temperature": 21.743176446076145,
            "Wind_Dir_Sin": 0.5687326024777423,
            "Wind_Dir_Cos": 0.35791588884236397
        },
        "RMSE": {
            "Temperature": 4.9986391494200495,
            "Precipitation_accumulated": 41.69143212489366,
            "Humidity": 9.980660950190748,
            "Wind_Speed_kmh": 1.1879609853811115,
            "Soil_Moisture": 554.3666932491723,
            "Soil_Temperature": 4.662957907388415,
            "Wind_Dir_Sin": 0.7541436219167688,
            "Wind_Dir_Cos": 0.5982607197889261
        },
        "MAE": {
            "Temperature": 3.864390725312954,
            "Precipitation_accumulated": 26.770771071511163,
            "Humidity": 8.229829564928792,
            "Wind_Speed_kmh": 0.9351093164402355,
            "Soil_Moisture": 511.49311718083476,
            "Soil_Temperature": 3.846852021352159,
            "Wind_Dir_Sin": 0.6937461622796731,
            "Wind_Dir_Cos": 0.5180935989138172
        },
        "R2": {
            "Temperature": 0.18136387555025257,
            "Precipitation_accumulated": -519.1845601820045,
            "Humidity": 0.3207774933856363,
            "Wind_Speed_kmh": -0.04799579753955019,
            "Soil_Moisture": -4.751677909842301,
            "Soil_Temperature": -0.34956775268613716,
            "Wind_Dir_Sin": -0.03302367540290563,
            "Wind_Dir_Cos": 0.02457894920566861
        },
        "SMAPE": {
            "Temperature": 52.03947371715178,
            "Precipitation_accumulated": 6.225637724700316,
            "Humidity": 9.758602945874362,
            "Wind_Speed_kmh": 76.6395803787063,
            "Soil_Moisture": 6.134033723299416,
            "Soil_Temperature": 61.77524359519969,
            "Wind_Dir_Sin": 169.86164079649043,
            "Wind_Dir_Cos": 131.79672164604693
        }
    }
}