{
    "trial_number": 15,
    "input_chunk_length": 55,
    "training_length": 69,
    "hidden_size": 207,
    "layer_size": 1,
    "dropout": 0.3018831503509288,
    "batch_size": 38,
    "lr": 3.485415551677712e-05,
    "forecast_horizon": 15,
    "overall_smape_val": 52.6702988822085,
    "metrics": {
        "MSE": {
            "Temperature": 1.612858491772451,
            "Precipitation_accumulated": 64.63135243125296,
            "Humidity": 21.60798052082585,
            "Wind_Speed_kmh": 0.17413113314352793,
            "Soil_Moisture": 130174.9908514315,
            "Soil_Temperature": 1.9732914081868729,
            "Wind_Dir_Sin": 0.10118244244468749,
            "Wind_Dir_Cos": 0.11862037746589472
        },
        "RMSE": {
            "Temperature": 1.269983658072989,
            "Precipitation_accumulated": 8.039362688127273,
            "Humidity": 4.648438503500487,
            "Wind_Speed_kmh": 0.41729022651330805,
            "Soil_Moisture": 360.7977145873176,
            "Soil_Temperature": 1.404738911038942,
            "Wind_Dir_Sin": 0.3180918773635811,
            "Wind_Dir_Cos": 0.3444130913102676
        },
        "MAE": {
            "Temperature": 1.0337833224618171,
            "Precipitation_accumulated": 6.501944468831514,
            "Humidity": 3.4044753370717022,
            "Wind_Speed_kmh": 0.19498755581169844,
            "Soil_Moisture": 164.3500683074984,
            "Soil_Temperature": 1.0706664302865778,
            "Wind_Dir_Sin": 0.19680072238178636,
            "Wind_Dir_Cos": 0.19657924183747694
        },
        "R2": {
            "Temperature": 0.5244769842123307,
            "Precipitation_accumulated": -66.95337115610548,
            "Humidity": 0.6683296316442056,
            "Wind_Speed_kmh": 0.49295009147061164,
            "Soil_Moisture": 0.8255966928139485,
            "Soil_Temperature": 0.6470571403422156,
            "Wind_Dir_Sin": 0.3754538621603144,
            "Wind_Dir_Cos": 0.5898320729775973
        },
        "SMAPE": {
            "Temperature": 17.32640852789639,
            "Precipitation_accumulated": 1.4133183834640894,
            "Humidity": 4.024970107419589,
            "Wind_Speed_kmh": 166.00409645932174,
            "Soil_Moisture": 2.5487632489350958,
            "Soil_Temperature": 27.63248990172953,
            "Wind_Dir_Sin": 157.28544874115352,
            "Wind_Dir_Cos": 45.12689568774811
        }
    }
}