{
    "trial_number": 43,
    "input_chunk_length": 53,
    "hidden_size": 179,
    "layer_size": 1,
    "dropout": 0.31323405735696885,
    "batch_size": 33,
    "lr": 0.0010170926517136744,
    "overall_smape_val": 44.01875675790511,
    "metrics": {
        "MSE": {
            "Temperature": 0.792001591670217,
            "Precipitation_accumulated": 52.53391937846983,
            "Humidity": 2.575651381529906,
            "Wind_Speed_kmh": 0.06842849924620939,
            "Soil_Moisture": 17528.57945567326,
            "Soil_Temperature": 0.3563490521103116,
            "Wind_Dir_Sin": 0.046684666315576856,
            "Wind_Dir_Cos": 0.04472036052691827
        },
        "RMSE": {
            "Temperature": 0.8899447127042314,
            "Precipitation_accumulated": 7.248028654639124,
            "Humidity": 1.6048836037326526,
            "Wind_Speed_kmh": 0.261588415733972,
            "Soil_Moisture": 132.39554167596907,
            "Soil_Temperature": 0.5969497902757916,
            "Wind_Dir_Sin": 0.21606634702233676,
            "Wind_Dir_Cos": 0.2114718906306894
        },
        "MAE": {
            "Temperature": 0.7391000046090289,
            "Precipitation_accumulated": 6.092037740875217,
            "Humidity": 0.9714169885123323,
            "Wind_Speed_kmh": 0.10776514675486756,
            "Soil_Moisture": 51.44385906321698,
            "Soil_Temperature": 0.42850650845590516,
            "Wind_Dir_Sin": 0.11008847248465702,
            "Wind_Dir_Cos": 0.10204324002515898
        },
        "R2": {
            "Temperature": 0.767355863815717,
            "Precipitation_accumulated": -54.34875950943715,
            "Humidity": 0.9603920501680968,
            "Wind_Speed_kmh": 0.7989218993482774,
            "Soil_Moisture": 0.9763117754816968,
            "Soil_Temperature": 0.9365046599011453,
            "Wind_Dir_Sin": 0.7093452813740777,
            "Wind_Dir_Cos": 0.8442303854777635
        },
        "SMAPE": {
            "Temperature": 12.372055367024819,
            "Precipitation_accumulated": 1.3156863287570413,
            "Humidity": 1.143607261507006,
            "Wind_Speed_kmh": 151.09722170392934,
            "Soil_Moisture": 0.8152427428319429,
            "Soil_Temperature": 13.247012623761341,
            "Wind_Dir_Sin": 142.90929501662728,
            "Wind_Dir_Cos": 29.249933018802228
        }
    }
}