{
    "trial_number": 31,
    "input_chunk_length": 67,
    "hidden_size": 162,
    "layer_size": 1,
    "dropout": 0.3651732487735981,
    "batch_size": 45,
    "lr": 0.00043797723116161566,
    "overall_smape_val": 45.38082042873979,
    "metrics": {
        "MSE": {
            "Temperature": 0.4532182464978641,
            "Precipitation_accumulated": 52.689960864979575,
            "Humidity": 4.648634447666185,
            "Wind_Speed_kmh": 0.07634765451483189,
            "Soil_Moisture": 25176.388105193004,
            "Soil_Temperature": 0.3522209239110113,
            "Wind_Dir_Sin": 0.04734671661652034,
            "Wind_Dir_Cos": 0.046882728081678794
        },
        "RMSE": {
            "Temperature": 0.673214859088734,
            "Precipitation_accumulated": 7.258785081883853,
            "Humidity": 2.1560692121697267,
            "Wind_Speed_kmh": 0.27631079333756015,
            "Soil_Moisture": 158.67069075665174,
            "Soil_Temperature": 0.5934820333514834,
            "Wind_Dir_Sin": 0.21759300681897004,
            "Wind_Dir_Cos": 0.21652419745072096
        },
        "MAE": {
            "Temperature": 0.4073621458692076,
            "Precipitation_accumulated": 6.6186622957387335,
            "Humidity": 1.560472026733464,
            "Wind_Speed_kmh": 0.15871317995277742,
            "Soil_Moisture": 70.9522664866166,
            "Soil_Temperature": 0.4188310598127421,
            "Wind_Dir_Sin": 0.10273167330093581,
            "Wind_Dir_Cos": 0.12009601146290201
        },
        "R2": {
            "Temperature": 0.8668707631797856,
            "Precipitation_accumulated": -54.51316191482597,
            "Humidity": 0.9285140522858134,
            "Wind_Speed_kmh": 0.7756513509989519,
            "Soil_Moisture": 0.9659764822640705,
            "Soil_Temperature": 0.9372402221327101,
            "Wind_Dir_Sin": 0.7052234131221731,
            "Wind_Dir_Cos": 0.8366984435056568
        },
        "SMAPE": {
            "Temperature": 7.5924393038018065,
            "Precipitation_accumulated": 1.4292081618245398,
            "Humidity": 1.8644445572360109,
            "Wind_Speed_kmh": 163.1716463514977,
            "Soil_Moisture": 1.1088763956067125,
            "Soil_Temperature": 13.25304970899404,
            "Wind_Dir_Sin": 144.3170066036106,
            "Wind_Dir_Cos": 30.309892347346814
        }
    }
}