{
    "trial_number": 28,
    "input_chunk_length": 13,
    "training_length": 28,
    "hidden_size": 209,
    "layer_size": 1,
    "dropout": 0.2840093499607113,
    "batch_size": 25,
    "lr": 1.11553965722325e-05,
    "forecast_horizon": 13,
    "overall_smape_val": 54.08568051713142,
    "metrics": {
        "MSE": {
            "Temperature": 1.9177347484151592,
            "Precipitation_accumulated": 269.16264628592364,
            "Humidity": 25.019334212718395,
            "Wind_Speed_kmh": 0.2373611496944372,
            "Soil_Moisture": 174150.11546192883,
            "Soil_Temperature": 2.112527467503678,
            "Wind_Dir_Sin": 0.1172376516544136,
            "Wind_Dir_Cos": 0.12291652165561906
        },
        "RMSE": {
            "Temperature": 1.384823002558507,
            "Precipitation_accumulated": 16.40617707712323,
            "Humidity": 5.001933047604536,
            "Wind_Speed_kmh": 0.4871972390053511,
            "Soil_Moisture": 417.31297063706137,
            "Soil_Temperature": 1.4534536344526707,
            "Wind_Dir_Sin": 0.34239984178503,
            "Wind_Dir_Cos": 0.3505945259920911
        },
        "MAE": {
            "Temperature": 1.0217869821627472,
            "Precipitation_accumulated": 10.698921264068819,
            "Humidity": 4.29019502793891,
            "Wind_Speed_kmh": 0.23661657218714047,
            "Soil_Moisture": 218.12188682024723,
            "Soil_Temperature": 1.0018344430373505,
            "Wind_Dir_Sin": 0.20462931199081233,
            "Wind_Dir_Cos": 0.21669189792823032
        },
        "R2": {
            "Temperature": 0.43472956485017156,
            "Precipitation_accumulated": -282.08559294506387,
            "Humidity": 0.6157945062915999,
            "Wind_Speed_kmh": 0.3078591777424218,
            "Soil_Moisture": 0.7663655334460522,
            "Soil_Temperature": 0.6223303940030834,
            "Wind_Dir_Sin": 0.2753897665450018,
            "Wind_Dir_Cos": 0.5744973374018925
        },
        "SMAPE": {
            "Temperature": 18.25708886567645,
            "Precipitation_accumulated": 2.3080065930828755,
            "Humidity": 5.135143699307739,
            "Wind_Speed_kmh": 172.1614836434787,
            "Soil_Moisture": 3.3658231095499374,
            "Soil_Temperature": 25.901966243176144,
            "Wind_Dir_Sin": 159.16833987508903,
            "Wind_Dir_Cos": 46.387592107690274
        }
    }
}