{
    "trial_number": 55,
    "input_chunk_length": 51,
    "output_chunk_length": 2,
    "hidden_size": 49,
    "layer_size": 1,
    "dropout": 0.13378924889818045,
    "batch_size": 140,
    "lr": 0.001746998517535273,
    "loss_function": "smoothl1",
    "optimizer": "Adam",
    "overall_mae_val": 0.12668132144539745,
    "metrics": {
        "MSE": {
            "Temperature": 5.319939289988554,
            "Precipitation_accumulated": 2423.968714312808,
            "Humidity": 58.69627135186575,
            "Wind_Speed_kmh": 1.0461912522917436,
            "Soil_Moisture": 179711.4200054442,
            "Soil_Temperature": 11.629208467089725,
            "Wind_Dir_Sin": 0.5104405410075186,
            "Wind_Dir_Cos": 0.352348454769849
        },
        "RMSE": {
            "Temperature": 2.3064993583325695,
            "Precipitation_accumulated": 49.233816775797585,
            "Humidity": 7.661349186133324,
            "Wind_Speed_kmh": 1.022834909597704,
            "Soil_Moisture": 423.92383750556445,
            "Soil_Temperature": 3.4101625279581214,
            "Wind_Dir_Sin": 0.7144512166743917,
            "Wind_Dir_Cos": 0.5935894665253495
        },
        "MAE": {
            "Temperature": 1.8432748042061815,
            "Precipitation_accumulated": 41.513651855535315,
            "Humidity": 6.002983833826444,
            "Wind_Speed_kmh": 0.8296122683358846,
            "Soil_Moisture": 353.0514841087845,
            "Soil_Temperature": 2.867071329350154,
            "Wind_Dir_Sin": 0.6118513767842843,
            "Wind_Dir_Cos": 0.5050389927915894
        },
        "R2": {
            "Temperature": 0.8252410308179068,
            "Precipitation_accumulated": -731.6495703993992,
            "Humidity": 0.5995616869703388,
            "Wind_Speed_kmh": 0.22188296504234883,
            "Soil_Moisture": -2.4418450159634135,
            "Soil_Temperature": 0.2761404246557295,
            "Wind_Dir_Sin": 0.07401537734244257,
            "Wind_Dir_Cos": 0.039317466546817004
        },
        "SMAPE": {
            "Temperature": 31.040709529007746,
            "Precipitation_accumulated": 9.49847066836264,
            "Humidity": 7.154058091957076,
            "Wind_Speed_kmh": 68.3902390937677,
            "Soil_Moisture": 4.023635472227271,
            "Soil_Temperature": 62.698399832596664,
            "Wind_Dir_Sin": 130.09287669281392,
            "Wind_Dir_Cos": 133.41973582376164
        }
    }
}