{
    "trial_number": 1,
    "input_chunk_length": 31,
    "hidden_size": 166,
    "layer_size": 1,
    "dropout": 0.2885384217843384,
    "batch_size": 58,
    "lr": 0.0013136370681049619,
    "overall_smape_val": 43.36706018686753,
    "metrics": {
        "MSE": {
            "Temperature": 0.9318807971556634,
            "Precipitation_accumulated": 75.35998989708541,
            "Humidity": 5.420013812507758,
            "Wind_Speed_kmh": 0.06778490777389229,
            "Soil_Moisture": 17418.14814741445,
            "Soil_Temperature": 0.2999755018703334,
            "Wind_Dir_Sin": 0.04669105113456973,
            "Wind_Dir_Cos": 0.044241228334690706
        },
        "RMSE": {
            "Temperature": 0.9653397314705654,
            "Precipitation_accumulated": 8.681013183787098,
            "Humidity": 2.3280923118527235,
            "Wind_Speed_kmh": 0.260355349040292,
            "Soil_Moisture": 131.97783203028624,
            "Soil_Temperature": 0.5477001934181998,
            "Wind_Dir_Sin": 0.21608112165242416,
            "Wind_Dir_Cos": 0.21033598915708815
        },
        "MAE": {
            "Temperature": 0.761640451250988,
            "Precipitation_accumulated": 7.603272800148994,
            "Humidity": 1.7934101983527877,
            "Wind_Speed_kmh": 0.11720641881878742,
            "Soil_Moisture": 57.44217561828859,
            "Soil_Temperature": 0.4594393946006883,
            "Wind_Dir_Sin": 0.11152745048436692,
            "Wind_Dir_Cos": 0.0920610128738809
        },
        "R2": {
            "Temperature": 0.7262674654178312,
            "Precipitation_accumulated": -78.39788248803009,
            "Humidity": 0.9166519053341314,
            "Wind_Speed_kmh": 0.8008131018775559,
            "Soil_Moisture": 0.9764610129958091,
            "Soil_Temperature": 0.9465494677205281,
            "Wind_Dir_Sin": 0.7093055300399822,
            "Wind_Dir_Cos": 0.8458992950305735
        },
        "SMAPE": {
            "Temperature": 12.929942366336435,
            "Precipitation_accumulated": 1.636926423704185,
            "Humidity": 2.1355107893492864,
            "Wind_Speed_kmh": 146.9041305838193,
            "Soil_Moisture": 0.903278258028936,
            "Soil_Temperature": 14.295368489003293,
            "Wind_Dir_Sin": 142.3764301981042,
            "Wind_Dir_Cos": 25.754894386594604
        }
    }
}