{
    "trial_number": 20,
    "input_chunk_length": 62,
    "hidden_size": 165,
    "layer_size": 1,
    "dropout": 0.3335556303712422,
    "batch_size": 63,
    "lr": 0.0042069726419906835,
    "overall_smape_val": 44.91520237552654,
    "metrics": {
        "MSE": {
            "Temperature": 0.4712622762872656,
            "Precipitation_accumulated": 65.26113890215113,
            "Humidity": 7.378864784565589,
            "Wind_Speed_kmh": 0.09270357133308622,
            "Soil_Moisture": 15449.269748327315,
            "Soil_Temperature": 0.4156480821359019,
            "Wind_Dir_Sin": 0.04634439381134829,
            "Wind_Dir_Cos": 0.04369228292108827
        },
        "RMSE": {
            "Temperature": 0.686485452349331,
            "Precipitation_accumulated": 8.078436662012715,
            "Humidity": 2.7164065941176014,
            "Wind_Speed_kmh": 0.3044726117947002,
            "Soil_Moisture": 124.29509140882159,
            "Soil_Temperature": 0.6447077493996034,
            "Wind_Dir_Sin": 0.2152774809666545,
            "Wind_Dir_Cos": 0.20902699089133983
        },
        "MAE": {
            "Temperature": 0.48204056400338513,
            "Precipitation_accumulated": 6.581983445925359,
            "Humidity": 2.235302673350353,
            "Wind_Speed_kmh": 0.20908288434421504,
            "Soil_Moisture": 64.80852556990065,
            "Soil_Temperature": 0.46212628515242077,
            "Wind_Dir_Sin": 0.10262903529062557,
            "Wind_Dir_Cos": 0.0965347918038778
        },
        "R2": {
            "Temperature": 0.8615704736755863,
            "Precipitation_accumulated": -67.75792107541676,
            "Humidity": 0.886529012311491,
            "Wind_Speed_kmh": 0.7275892610150869,
            "Soil_Moisture": 0.9791217667485451,
            "Soil_Temperature": 0.9259385813421893,
            "Wind_Dir_Sin": 0.7114637887294508,
            "Wind_Dir_Cos": 0.847811377457081
        },
        "SMAPE": {
            "Temperature": 8.21580759467568,
            "Precipitation_accumulated": 1.4183768628590705,
            "Humidity": 2.678660889719151,
            "Wind_Speed_kmh": 163.3862362057701,
            "Soil_Moisture": 1.057727314268944,
            "Soil_Temperature": 13.824169820219376,
            "Wind_Dir_Sin": 143.1569779283238,
            "Wind_Dir_Cos": 25.58366238837616
        }
    }
}