{
    "trial_number": 18,
    "input_chunk_length": 71,
    "hidden_size": 154,
    "layer_size": 1,
    "dropout": 0.29767951515467317,
    "batch_size": 27,
    "lr": 1.2943890806106512e-05,
    "overall_smape_val": 51.97220946527587,
    "metrics": {
        "MSE": {
            "Temperature": 1.3085649365959318,
            "Precipitation_accumulated": 101.58387583630758,
            "Humidity": 18.296254536970313,
            "Wind_Speed_kmh": 0.17049997321614907,
            "Soil_Moisture": 139848.165991379,
            "Soil_Temperature": 2.1438185620036534,
            "Wind_Dir_Sin": 0.08357537714309626,
            "Wind_Dir_Cos": 0.08543490545721404
        },
        "RMSE": {
            "Temperature": 1.1439252320829065,
            "Precipitation_accumulated": 10.078882668049449,
            "Humidity": 4.277412130829845,
            "Wind_Speed_kmh": 0.41291642400872003,
            "Soil_Moisture": 373.9627869071721,
            "Soil_Temperature": 1.4641784597526537,
            "Wind_Dir_Sin": 0.2890940627946141,
            "Wind_Dir_Cos": 0.2922924998305876
        },
        "MAE": {
            "Temperature": 0.8645548021507674,
            "Precipitation_accumulated": 7.313983335703878,
            "Humidity": 3.4995696694309966,
            "Wind_Speed_kmh": 0.20696437018208055,
            "Soil_Moisture": 200.82939318278602,
            "Soil_Temperature": 1.0506668925334413,
            "Wind_Dir_Sin": 0.19980139042742243,
            "Wind_Dir_Cos": 0.17851252758963715
        },
        "R2": {
            "Temperature": 0.6156195107216857,
            "Precipitation_accumulated": -106.0268805415767,
            "Humidity": 0.7186431607131543,
            "Wind_Speed_kmh": 0.4989834476404654,
            "Soil_Moisture": 0.8110083727632295,
            "Soil_Temperature": 0.618007995535452,
            "Wind_Dir_Sin": 0.4796668875519663,
            "Wind_Dir_Cos": 0.7024137969146415
        },
        "SMAPE": {
            "Temperature": 15.602868152901346,
            "Precipitation_accumulated": 1.5977186059239885,
            "Humidity": 4.20238799422525,
            "Wind_Speed_kmh": 166.2097292281584,
            "Soil_Moisture": 3.177386318153981,
            "Soil_Temperature": 26.707738368863325,
            "Wind_Dir_Sin": 154.72035606340987,
            "Wind_Dir_Cos": 43.55949099057071
        }
    }
}