{
    "trial_number": 5,
    "input_chunk_length": 46,
    "training_length": 52,
    "hidden_size": 105,
    "layer_size": 4,
    "dropout": 0.14259374472240874,
    "batch_size": 33,
    "lr": 1.169823676831168e-05,
    "forecast_horizon": 23,
    "overall_smape_val": 56.06409730096102,
    "metrics": {
        "MSE": {
            "Temperature": 3.2810307778299217,
            "Precipitation_accumulated": 201.92682139300564,
            "Humidity": 54.674568500076894,
            "Wind_Speed_kmh": 0.26214500202211444,
            "Soil_Moisture": 285362.76754262677,
            "Soil_Temperature": 2.8305015670132705,
            "Wind_Dir_Sin": 0.17105707458911512,
            "Wind_Dir_Cos": 0.1668113717457709
        },
        "RMSE": {
            "Temperature": 1.8113615811951853,
            "Precipitation_accumulated": 14.210095755940761,
            "Humidity": 7.394225348207674,
            "Wind_Speed_kmh": 0.512000978536286,
            "Soil_Moisture": 534.1935674852579,
            "Soil_Temperature": 1.6824094528423426,
            "Wind_Dir_Sin": 0.41359046723675236,
            "Wind_Dir_Cos": 0.40842547881562297
        },
        "MAE": {
            "Temperature": 1.3537152393726999,
            "Precipitation_accumulated": 7.466100134459994,
            "Humidity": 6.406415195375347,
            "Wind_Speed_kmh": 0.23563726079268835,
            "Soil_Moisture": 280.5229219747149,
            "Soil_Temperature": 1.1682230769757622,
            "Wind_Dir_Sin": 0.21919467256954417,
            "Wind_Dir_Cos": 0.2506473144367302
        },
        "R2": {
            "Temperature": 0.025267257296083145,
            "Precipitation_accumulated": -211.0475705739175,
            "Humidity": 0.16003784188402015,
            "Wind_Speed_kmh": 0.24095910668926368,
            "Soil_Moisture": 0.6197006708995687,
            "Soil_Temperature": 0.4921112852366627,
            "Wind_Dir_Sin": -0.05022186574932852,
            "Wind_Dir_Cos": 0.4257971354302642
        },
        "SMAPE": {
            "Temperature": 24.094787854028002,
            "Precipitation_accumulated": 1.6326819540635231,
            "Humidity": 7.6140263481103485,
            "Wind_Speed_kmh": 171.8312151986141,
            "Soil_Moisture": 4.257364823923869,
            "Soil_Temperature": 26.49329284364031,
            "Wind_Dir_Sin": 162.22549759021686,
            "Wind_Dir_Cos": 50.36391179509129
        }
    }
}