{
    "trial_number": 37,
    "input_chunk_length": 65,
    "hidden_size": 131,
    "layer_size": 3,
    "dropout": 0.2587678770166604,
    "batch_size": 28,
    "lr": 0.002179366250783857,
    "overall_smape_val": 45.98640468655189,
    "metrics": {
        "MSE": {
            "Temperature": 0.9057318795126637,
            "Precipitation_accumulated": 14.457300206174233,
            "Humidity": 8.623233411783483,
            "Wind_Speed_kmh": 0.10231104888694903,
            "Soil_Moisture": 37960.28986993054,
            "Soil_Temperature": 0.5917402491970226,
            "Wind_Dir_Sin": 0.046335837146466,
            "Wind_Dir_Cos": 0.04870964702597796
        },
        "RMSE": {
            "Temperature": 0.9516994691144173,
            "Precipitation_accumulated": 3.8022756615182747,
            "Humidity": 2.936534251764056,
            "Wind_Speed_kmh": 0.31986098368971017,
            "Soil_Moisture": 194.83400593821023,
            "Soil_Temperature": 0.7692465464316512,
            "Wind_Dir_Sin": 0.21525760647760162,
            "Wind_Dir_Cos": 0.2207026212485433
        },
        "MAE": {
            "Temperature": 0.6607244933490897,
            "Precipitation_accumulated": 3.3031102011796043,
            "Humidity": 2.275867443317811,
            "Wind_Speed_kmh": 0.13776821562809324,
            "Soil_Moisture": 92.18445810520836,
            "Soil_Temperature": 0.5655021804384762,
            "Wind_Dir_Sin": 0.10326214247988608,
            "Wind_Dir_Cos": 0.11513730327737752
        },
        "R2": {
            "Temperature": 0.7339485009374449,
            "Precipitation_accumulated": -14.231942366653497,
            "Humidity": 0.867393313081122,
            "Wind_Speed_kmh": 0.6993575540528478,
            "Soil_Moisture": 0.9487002428523809,
            "Soil_Temperature": 0.8945619522475537,
            "Wind_Dir_Sin": 0.711517061789323,
            "Wind_Dir_Cos": 0.8303349335436663
        },
        "SMAPE": {
            "Temperature": 11.161886922645746,
            "Precipitation_accumulated": 0.7173163607643199,
            "Humidity": 2.713709742289668,
            "Wind_Speed_kmh": 161.49392133555656,
            "Soil_Moisture": 1.4074123712384556,
            "Soil_Temperature": 18.582520923767465,
            "Wind_Dir_Sin": 142.49227679326825,
            "Wind_Dir_Cos": 29.322193042884862
        }
    }
}