{
    "trial_number": 22,
    "input_chunk_length": 48,
    "hidden_size": 109,
    "layer_size": 2,
    "dropout": 0.1424700204186373,
    "batch_size": 22,
    "lr": 0.00034383595302372983,
    "overall_smape_val": 44.9901232786367,
    "metrics": {
        "MSE": {
            "Temperature": 0.6152638045789944,
            "Precipitation_accumulated": 20.683683809009313,
            "Humidity": 5.147502706083025,
            "Wind_Speed_kmh": 0.09693469877222613,
            "Soil_Moisture": 34518.963845295824,
            "Soil_Temperature": 0.3450962745889591,
            "Wind_Dir_Sin": 0.05439650943297491,
            "Wind_Dir_Cos": 0.05183914636544733
        },
        "RMSE": {
            "Temperature": 0.7843875346912357,
            "Precipitation_accumulated": 4.547931816662307,
            "Humidity": 2.2688108572737007,
            "Wind_Speed_kmh": 0.3113433775949412,
            "Soil_Moisture": 185.79279815239295,
            "Soil_Temperature": 0.5874489548794508,
            "Wind_Dir_Sin": 0.2332305928324475,
            "Wind_Dir_Cos": 0.22768211692060342
        },
        "MAE": {
            "Temperature": 0.5275565512695165,
            "Precipitation_accumulated": 3.3269722549561997,
            "Humidity": 1.5096373229348259,
            "Wind_Speed_kmh": 0.12149146923863768,
            "Soil_Moisture": 84.7027981796613,
            "Soil_Temperature": 0.41385040660317085,
            "Wind_Dir_Sin": 0.12151500240872797,
            "Wind_Dir_Cos": 0.12462567753331191
        },
        "R2": {
            "Temperature": 0.8192711759077663,
            "Precipitation_accumulated": -20.79194422305524,
            "Humidity": 0.9208425369969833,
            "Wind_Speed_kmh": 0.7151560339466917,
            "Soil_Moisture": 0.9533508709148758,
            "Soil_Temperature": 0.9385097134618149,
            "Wind_Dir_Sin": 0.6613320091741073,
            "Wind_Dir_Cos": 0.8194342856058369
        },
        "SMAPE": {
            "Temperature": 9.42040064320681,
            "Precipitation_accumulated": 0.7210997367944806,
            "Humidity": 1.795791552706799,
            "Wind_Speed_kmh": 157.2379217351518,
            "Soil_Moisture": 1.3445128681074605,
            "Soil_Temperature": 13.448569475307872,
            "Wind_Dir_Sin": 145.3147717271844,
            "Wind_Dir_Cos": 30.637918490634057
        }
    }
}