{
    "trial_number": 10,
    "input_chunk_length": 72,
    "training_length": 96,
    "hidden_size": 199,
    "layer_size": 1,
    "dropout": 0.39581417543706354,
    "batch_size": 18,
    "lr": 8.559370632686827e-05,
    "forecast_horizon": 1,
    "overall_smape_val": 42.979743790845035,
    "metrics": {
        "MSE": {
            "Temperature": 0.4865962351810713,
            "Precipitation_accumulated": 31.131394153321146,
            "Humidity": 4.160645523803299,
            "Wind_Speed_kmh": 0.07091059938548143,
            "Soil_Moisture": 17594.836728422644,
            "Soil_Temperature": 0.2778278487894783,
            "Wind_Dir_Sin": 0.045976545230679705,
            "Wind_Dir_Cos": 0.042299345963081346
        },
        "RMSE": {
            "Temperature": 0.6975645025236529,
            "Precipitation_accumulated": 5.57955142940014,
            "Humidity": 2.0397660463404375,
            "Wind_Speed_kmh": 0.2662904417839315,
            "Soil_Moisture": 132.64553037484015,
            "Soil_Temperature": 0.5270937760868347,
            "Wind_Dir_Sin": 0.21442141971053102,
            "Wind_Dir_Cos": 0.20566804798772548
        },
        "MAE": {
            "Temperature": 0.4513169865622239,
            "Precipitation_accumulated": 3.390675995653168,
            "Humidity": 1.4350943027228602,
            "Wind_Speed_kmh": 0.10554944859913026,
            "Soil_Moisture": 44.907625071992065,
            "Soil_Temperature": 0.3384552563656786,
            "Wind_Dir_Sin": 0.0943529700640578,
            "Wind_Dir_Cos": 0.08674410927291092
        },
        "R2": {
            "Temperature": 0.8570662458322915,
            "Precipitation_accumulated": -31.79945735196464,
            "Humidity": 0.9360182669297241,
            "Wind_Speed_kmh": 0.7916282134260357,
            "Soil_Moisture": 0.9762222350168334,
            "Soil_Temperature": 0.9504958027996656,
            "Wind_Dir_Sin": 0.7137539823658033,
            "Wind_Dir_Cos": 0.8526632447149917
        },
        "SMAPE": {
            "Temperature": 8.08297299253994,
            "Precipitation_accumulated": 0.7365782800405997,
            "Humidity": 1.7083335718274173,
            "Wind_Speed_kmh": 151.06237487463883,
            "Soil_Moisture": 0.7017713752136967,
            "Soil_Temperature": 12.113769533791952,
            "Wind_Dir_Sin": 142.92630171808153,
            "Wind_Dir_Cos": 26.50584798062642
        }
    }
}