{
    "trial_number": 19,
    "input_chunk_length": 47,
    "output_chunk_length": 13,
    "hidden_size": 166,
    "layer_size": 2,
    "dropout": 0.3089230971095161,
    "batch_size": 109,
    "lr": 0.003894034109450216,
    "loss_function": "huber",
    "optimizer": "Adam",
    "overall_mae_val": 0.16823617975488536,
    "metrics": {
        "MSE": {
            "Temperature": 14.257961789190128,
            "Precipitation_accumulated": 35021.312791561955,
            "Humidity": 97.43745493700844,
            "Wind_Speed_kmh": 1.3941873475732922,
            "Soil_Moisture": 150755.71162636395,
            "Soil_Temperature": 7.6882414323606305,
            "Wind_Dir_Sin": 0.594884398650455,
            "Wind_Dir_Cos": 0.450802578633019
        },
        "RMSE": {
            "Temperature": 3.7759716351146135,
            "Precipitation_accumulated": 187.13982150136286,
            "Humidity": 9.87104122861456,
            "Wind_Speed_kmh": 1.1807571077801278,
            "Soil_Moisture": 388.27272840925093,
            "Soil_Temperature": 2.7727678287878037,
            "Wind_Dir_Sin": 0.771287494161843,
            "Wind_Dir_Cos": 0.6714183335544384
        },
        "MAE": {
            "Temperature": 3.0134374478820383,
            "Precipitation_accumulated": 144.7946389513404,
            "Humidity": 8.05835256568714,
            "Wind_Speed_kmh": 0.9755303645098292,
            "Soil_Moisture": 294.25605044993944,
            "Soil_Temperature": 2.261465249735872,
            "Wind_Dir_Sin": 0.6934731641868479,
            "Wind_Dir_Cos": 0.5421552483336729
        },
        "R2": {
            "Temperature": 0.5321915970121261,
            "Precipitation_accumulated": -10711.184446918238,
            "Humidity": 0.3356550392590627,
            "Wind_Speed_kmh": -0.03512443309840929,
            "Soil_Moisture": -1.9851395180230735,
            "Soil_Temperature": 0.5208196274633666,
            "Wind_Dir_Sin": -0.08151216969949115,
            "Wind_Dir_Cos": -0.22668278806179676
        },
        "SMAPE": {
            "Temperature": 44.14069688186393,
            "Precipitation_accumulated": 43.21977785908696,
            "Humidity": 9.509069900826079,
            "Wind_Speed_kmh": 74.5104515219024,
            "Soil_Moisture": 3.5243673920056384,
            "Soil_Temperature": 32.71153015499194,
            "Wind_Dir_Sin": 154.97860070955235,
            "Wind_Dir_Cos": 109.77817081015948
        }
    }
}