{
    "trial_number": 18,
    "input_chunk_length": 28,
    "output_chunk_length": 12,
    "hidden_size": 139,
    "layer_size": 2,
    "dropout": 0.41825853664932866,
    "batch_size": 175,
    "lr": 0.0010529937924516448,
    "loss_function": "smoothl1",
    "optimizer": "Adam",
    "overall_mae_val": 0.2474213362059984,
    "metrics": {
        "MSE": {
            "Temperature": 47.2265486404533,
            "Precipitation_accumulated": 23058.802430072854,
            "Humidity": 197.28559648053312,
            "Wind_Speed_kmh": 2.6363645771454016,
            "Soil_Moisture": 2536140.44451627,
            "Soil_Temperature": 47.58335583899269,
            "Wind_Dir_Sin": 0.5956602645197162,
            "Wind_Dir_Cos": 0.732825109628698
        },
        "RMSE": {
            "Temperature": 6.8721574953178495,
            "Precipitation_accumulated": 151.85125099936732,
            "Humidity": 14.045839116283979,
            "Wind_Speed_kmh": 1.6236885714771172,
            "Soil_Moisture": 1592.526434479588,
            "Soil_Temperature": 6.898068993493229,
            "Wind_Dir_Sin": 0.7717902982803789,
            "Wind_Dir_Cos": 0.8560520484343799
        },
        "MAE": {
            "Temperature": 5.824668699346032,
            "Precipitation_accumulated": 151.58804581013294,
            "Humidity": 12.186307227770815,
            "Wind_Speed_kmh": 1.2272693972181103,
            "Soil_Moisture": 1572.9945158658202,
            "Soil_Temperature": 5.979089403803271,
            "Wind_Dir_Sin": 0.7165138548795307,
            "Wind_Dir_Cos": 0.7289974967509409
        },
        "R2": {
            "Temperature": -0.5450585731267183,
            "Precipitation_accumulated": -6822.773254240703,
            "Humidity": -0.3444295425984478,
            "Wind_Speed_kmh": -0.9548765968120358,
            "Soil_Moisture": -45.28434399076862,
            "Soil_Temperature": -1.949774609880249,
            "Wind_Dir_Sin": -0.0802741696801843,
            "Wind_Dir_Cos": -0.9998417637938339
        },
        "SMAPE": {
            "Temperature": 63.44163603892187,
            "Precipitation_accumulated": 39.01890896234162,
            "Humidity": 14.344299495711669,
            "Wind_Speed_kmh": 116.65030417996233,
            "Soil_Moisture": 20.14171103233886,
            "Soil_Temperature": 65.33416448232138,
            "Wind_Dir_Sin": 192.16650050911778,
            "Wind_Dir_Cos": 150.16298183025015
        }
    }
}