{
    "trial_number": 19,
    "input_chunk_length": 64,
    "training_length": 82,
    "hidden_size": 224,
    "layer_size": 3,
    "dropout": 0.35997445955275664,
    "batch_size": 16,
    "lr": 1.9854076329366628e-05,
    "forecast_horizon": 1,
    "overall_smape_val": 52.092406570594065,
    "metrics": {
        "MSE": {
            "Temperature": 1.4911594556688856,
            "Precipitation_accumulated": 157.44478086921157,
            "Humidity": 21.61725916212854,
            "Wind_Speed_kmh": 0.19514356026546317,
            "Soil_Moisture": 83149.733999717,
            "Soil_Temperature": 0.9037565012205987,
            "Wind_Dir_Sin": 0.09286186854778529,
            "Wind_Dir_Cos": 0.0853136103731007
        },
        "RMSE": {
            "Temperature": 1.2211304007635244,
            "Precipitation_accumulated": 12.547700222320087,
            "Humidity": 4.649436434894937,
            "Wind_Speed_kmh": 0.44175056340141,
            "Soil_Moisture": 288.35695587191407,
            "Soil_Temperature": 0.9506610864133436,
            "Wind_Dir_Sin": 0.3047324540441751,
            "Wind_Dir_Cos": 0.29208493691578946
        },
        "MAE": {
            "Temperature": 0.8404906232151574,
            "Precipitation_accumulated": 7.012101328512143,
            "Humidity": 3.8604826512488635,
            "Wind_Speed_kmh": 0.19495404738572145,
            "Soil_Moisture": 151.38558542781126,
            "Soil_Temperature": 0.6343364225417877,
            "Wind_Dir_Sin": 0.16576987309430324,
            "Wind_Dir_Cos": 0.160897268010687
        },
        "R2": {
            "Temperature": 0.5619838304295177,
            "Precipitation_accumulated": -164.8808902028632,
            "Humidity": 0.6675732894067923,
            "Wind_Speed_kmh": 0.4265679229437731,
            "Soil_Moisture": 0.8876309644712833,
            "Soil_Temperature": 0.8389659630866957,
            "Wind_Dir_Sin": 0.42184999050045346,
            "Wind_Dir_Cos": 0.702836291015162
        },
        "SMAPE": {
            "Temperature": 14.497588918762204,
            "Precipitation_accumulated": 1.5240031151876832,
            "Humidity": 4.635320132280554,
            "Wind_Speed_kmh": 174.8866637671518,
            "Soil_Moisture": 2.392949682040731,
            "Soil_Temperature": 21.55701874856635,
            "Wind_Dir_Sin": 153.96458815745453,
            "Wind_Dir_Cos": 43.28112004330877
        }
    }
}