{
    "trial_number": 28,
    "input_chunk_length": 60,
    "hidden_size": 221,
    "layer_size": 1,
    "dropout": 0.24286508489060069,
    "batch_size": 52,
    "lr": 0.00021683966487430375,
    "overall_smape_val": 44.8444511257915,
    "metrics": {
        "MSE": {
            "Temperature": 0.4812509678562081,
            "Precipitation_accumulated": 89.03314136957137,
            "Humidity": 4.164066577505168,
            "Wind_Speed_kmh": 0.07625536033535497,
            "Soil_Moisture": 25119.483058501253,
            "Soil_Temperature": 0.3595553437317386,
            "Wind_Dir_Sin": 0.048151965931727554,
            "Wind_Dir_Cos": 0.04801715402298827
        },
        "RMSE": {
            "Temperature": 0.6937225438575627,
            "Precipitation_accumulated": 9.435737457643222,
            "Humidity": 2.0406044637570426,
            "Wind_Speed_kmh": 0.27614373129831316,
            "Soil_Moisture": 158.49127123757086,
            "Soil_Temperature": 0.5996293386182322,
            "Wind_Dir_Sin": 0.2194355621400678,
            "Wind_Dir_Cos": 0.2191281680272718
        },
        "MAE": {
            "Temperature": 0.4659784761584687,
            "Precipitation_accumulated": 8.435266116715116,
            "Humidity": 1.3254277618156916,
            "Wind_Speed_kmh": 0.13475633197038608,
            "Soil_Moisture": 62.576524997147004,
            "Soil_Temperature": 0.4320585593905122,
            "Wind_Dir_Sin": 0.10243697436628965,
            "Wind_Dir_Cos": 0.11149121974988307
        },
        "R2": {
            "Temperature": 0.8586363753781734,
            "Precipitation_accumulated": -92.80366034622831,
            "Humidity": 0.9359656585199185,
            "Wind_Speed_kmh": 0.7759225587342502,
            "Soil_Moisture": 0.9660533840760894,
            "Soil_Temperature": 0.9359333532686371,
            "Wind_Dir_Sin": 0.7002100001194294,
            "Wind_Dir_Cos": 0.8327470198252632
        },
        "SMAPE": {
            "Temperature": 8.244115468897864,
            "Precipitation_accumulated": 1.8154746987887858,
            "Humidity": 1.564581190129519,
            "Wind_Speed_kmh": 157.34920517835172,
            "Soil_Moisture": 0.9916410384407406,
            "Soil_Temperature": 14.568250466445882,
            "Wind_Dir_Sin": 144.66839979157731,
            "Wind_Dir_Cos": 29.55394117370027
        }
    }
}