{
    "trial_number": 13,
    "input_chunk_length": 59,
    "training_length": 76,
    "hidden_size": 203,
    "layer_size": 1,
    "dropout": 0.3346129856143125,
    "batch_size": 22,
    "lr": 1.710597656195216e-05,
    "forecast_horizon": 6,
    "overall_smape_val": 48.9877549221239,
    "metrics": {
        "MSE": {
            "Temperature": 1.0570086470138884,
            "Precipitation_accumulated": 45.33312355599016,
            "Humidity": 14.23855710282751,
            "Wind_Speed_kmh": 0.13405329406733324,
            "Soil_Moisture": 68264.88260445291,
            "Soil_Temperature": 0.7819359073421598,
            "Wind_Dir_Sin": 0.0802649791359331,
            "Wind_Dir_Cos": 0.08185839430227973
        },
        "RMSE": {
            "Temperature": 1.028109258305696,
            "Precipitation_accumulated": 6.732987713934295,
            "Humidity": 3.773401264486393,
            "Wind_Speed_kmh": 0.36613289126672743,
            "Soil_Moisture": 261.27549177918104,
            "Soil_Temperature": 0.8842713991429101,
            "Wind_Dir_Sin": 0.2833107465945002,
            "Wind_Dir_Cos": 0.2861090601541303
        },
        "MAE": {
            "Temperature": 0.7779966725960202,
            "Precipitation_accumulated": 4.294347972273809,
            "Humidity": 3.0856741943736017,
            "Wind_Speed_kmh": 0.16820704462458755,
            "Soil_Moisture": 106.52838805135993,
            "Soil_Temperature": 0.6595276865347592,
            "Wind_Dir_Sin": 0.15411427428073712,
            "Wind_Dir_Cos": 0.1492655786029362
        },
        "R2": {
            "Temperature": 0.6889898039851653,
            "Precipitation_accumulated": -46.73109233516221,
            "Humidity": 0.7811086796624283,
            "Wind_Speed_kmh": 0.6071809183151545,
            "Soil_Moisture": 0.9079887925385535,
            "Soil_Temperature": 0.860488363240524,
            "Wind_Dir_Sin": 0.5015970627538309,
            "Wind_Dir_Cos": 0.7155109076005186
        },
        "SMAPE": {
            "Temperature": 13.123845448532007,
            "Precipitation_accumulated": 0.9278237989826951,
            "Humidity": 3.7114463052252895,
            "Wind_Speed_kmh": 160.67860810813326,
            "Soil_Moisture": 1.6725333956068862,
            "Soil_Temperature": 18.53563013587657,
            "Wind_Dir_Sin": 153.75646743716803,
            "Wind_Dir_Cos": 39.495684747466534
        }
    }
}