{
    "trial_number": 39,
    "input_chunk_length": 63,
    "training_length": 86,
    "hidden_size": 152,
    "layer_size": 1,
    "dropout": 0.39996032301309037,
    "batch_size": 31,
    "lr": 0.00041050601178213293,
    "forecast_horizon": 3,
    "overall_smape_val": 45.904471991165714,
    "metrics": {
        "MSE": {
            "Temperature": 0.48540349780508407,
            "Precipitation_accumulated": 20.56849603562706,
            "Humidity": 5.661047896415979,
            "Wind_Speed_kmh": 0.08852891468922919,
            "Soil_Moisture": 30166.380460315973,
            "Soil_Temperature": 0.3716860732376457,
            "Wind_Dir_Sin": 0.06340423775518601,
            "Wind_Dir_Cos": 0.05741527023542771
        },
        "RMSE": {
            "Temperature": 0.6967090481722511,
            "Precipitation_accumulated": 4.535250382903579,
            "Humidity": 2.3792956723400267,
            "Wind_Speed_kmh": 0.2975380894763378,
            "Soil_Moisture": 173.68471567848442,
            "Soil_Temperature": 0.6096606213604793,
            "Wind_Dir_Sin": 0.2518019812376106,
            "Wind_Dir_Cos": 0.23961483726060812
        },
        "MAE": {
            "Temperature": 0.45322323481947446,
            "Precipitation_accumulated": 3.5683501187986106,
            "Humidity": 1.4942305984658848,
            "Wind_Speed_kmh": 0.1365830858710925,
            "Soil_Moisture": 57.21236231114897,
            "Soil_Temperature": 0.3740564130633285,
            "Wind_Dir_Sin": 0.13276328329022039,
            "Wind_Dir_Cos": 0.12141169808626513
        },
        "R2": {
            "Temperature": 0.8573484770308228,
            "Precipitation_accumulated": -20.667040730275815,
            "Humidity": 0.9129469419431445,
            "Wind_Speed_kmh": 0.7400378954742399,
            "Soil_Moisture": 0.9592594365411082,
            "Soil_Temperature": 0.9337501831426578,
            "Wind_Dir_Sin": 0.6055113406797363,
            "Wind_Dir_Cos": 0.8001237204610467
        },
        "SMAPE": {
            "Temperature": 8.245726114265198,
            "Precipitation_accumulated": 0.778866791111507,
            "Humidity": 1.7664884377389074,
            "Wind_Speed_kmh": 159.75559121175414,
            "Soil_Moisture": 0.8976560816606466,
            "Soil_Temperature": 14.846538721169738,
            "Wind_Dir_Sin": 148.82536040440633,
            "Wind_Dir_Cos": 32.11954816721913
        }
    }
}