{
    "trial_number": 14,
    "input_chunk_length": 60,
    "training_length": 80,
    "hidden_size": 249,
    "layer_size": 2,
    "dropout": 0.3676995677495688,
    "batch_size": 22,
    "lr": 3.808768722959794e-05,
    "forecast_horizon": 8,
    "overall_smape_val": 47.517823856982815,
    "metrics": {
        "MSE": {
            "Temperature": 0.6952651128752798,
            "Precipitation_accumulated": 15.647607926482014,
            "Humidity": 9.64317920359728,
            "Wind_Speed_kmh": 0.12741865253033416,
            "Soil_Moisture": 73330.98687632066,
            "Soil_Temperature": 0.6130077437122688,
            "Wind_Dir_Sin": 0.06709128982818673,
            "Wind_Dir_Cos": 0.08181265321114113
        },
        "RMSE": {
            "Temperature": 0.8338255890024483,
            "Precipitation_accumulated": 3.955705743161644,
            "Humidity": 3.1053468733133953,
            "Wind_Speed_kmh": 0.3569574940106093,
            "Soil_Moisture": 270.79694768649193,
            "Soil_Temperature": 0.7829481104851514,
            "Wind_Dir_Sin": 0.25901986377146197,
            "Wind_Dir_Cos": 0.2860291125237799
        },
        "MAE": {
            "Temperature": 0.5663872341930358,
            "Precipitation_accumulated": 2.3619448508338037,
            "Humidity": 1.8946550857768345,
            "Wind_Speed_kmh": 0.1531379068771262,
            "Soil_Moisture": 96.53605912370863,
            "Soil_Temperature": 0.5275225081986398,
            "Wind_Dir_Sin": 0.14165717069936876,
            "Wind_Dir_Cos": 0.14496413634421276
        },
        "R2": {
            "Temperature": 0.7952894497226014,
            "Precipitation_accumulated": -15.47002524042227,
            "Humidity": 0.8518039488466849,
            "Wind_Speed_kmh": 0.6271445454617568,
            "Soil_Moisture": 0.9012919167979612,
            "Soil_Temperature": 0.8905623903929825,
            "Wind_Dir_Sin": 0.5839502851327361,
            "Wind_Dir_Cos": 0.7159892879401368
        },
        "SMAPE": {
            "Temperature": 9.932613432548614,
            "Precipitation_accumulated": 0.5105290303000659,
            "Humidity": 2.250477306880078,
            "Wind_Speed_kmh": 162.1977024834687,
            "Soil_Moisture": 1.5022712442329678,
            "Soil_Temperature": 16.42006768211574,
            "Wind_Dir_Sin": 149.16522563971213,
            "Wind_Dir_Cos": 38.163704036604344
        }
    }
}