{
    "trial_number": 1,
    "input_chunk_length": 47,
    "output_chunk_length": 33,
    "hidden_size": 202,
    "lstm_layers": 1,
    "num_attention_heads": 4,
    "hidden_continuous_size": 29,
    "add_relative_index": true,
    "dropout": 0.1,
    "batch_size": 31,
    "lr": 1.819041376574268e-05,
    "forecast_horizon": 15,
    "overall_smape_val": 60.4285914530825,
    "metrics": {
        "MSE": {
            "Temperature": 3.086681570099405,
            "Precipitation_accumulated": 1557.9412176205174,
            "Humidity": 101.4751098182845,
            "Wind_Speed_kmh": 0.37876981571209256,
            "Soil_Moisture": 490989.55076822557,
            "Soil_Temperature": 9.08239234283348,
            "Wind_Dir_Sin": 0.16968923332109265,
            "Wind_Dir_Cos": 0.21451069395405784
        },
        "RMSE": {
            "Temperature": 1.756895435163802,
            "Precipitation_accumulated": 39.47076408711285,
            "Humidity": 10.073485485088291,
            "Wind_Speed_kmh": 0.6154427802095761,
            "Soil_Moisture": 700.7064654819632,
            "Soil_Temperature": 3.013700771946923,
            "Wind_Dir_Sin": 0.411933530221919,
            "Wind_Dir_Cos": 0.46315299195196596
        },
        "MAE": {
            "Temperature": 1.4329787321524856,
            "Precipitation_accumulated": 36.21734312610276,
            "Humidity": 8.34378781761919,
            "Wind_Speed_kmh": 0.4300867439842177,
            "Soil_Moisture": 380.032641365423,
            "Soil_Temperature": 2.325501645237937,
            "Wind_Dir_Sin": 0.2667178430086795,
            "Wind_Dir_Cos": 0.28476925311230833
        },
        "R2": {
            "Temperature": 0.08994611958990828,
            "Precipitation_accumulated": -1637.0186057992648,
            "Humidity": -0.557585958573827,
            "Wind_Speed_kmh": -0.10293430556273875,
            "Soil_Moisture": 0.3421916077144045,
            "Soil_Temperature": -0.6244765029200601,
            "Wind_Dir_Sin": -0.047402619892281894,
            "Wind_Dir_Cos": 0.25826060797547046
        },
        "SMAPE": {
            "Temperature": 22.559615190913092,
            "Precipitation_accumulated": 7.546674451943643,
            "Humidity": 9.728591387908237,
            "Wind_Speed_kmh": 175.7698267017837,
            "Soil_Moisture": 5.7220812813212385,
            "Soil_Temperature": 40.49122694096602,
            "Wind_Dir_Sin": 172.192294156274,
            "Wind_Dir_Cos": 49.41842151354977
        }
    }
}