{
    "trial_number": 0,
    "input_chunk_length": 85,
    "output_chunk_length": 24,
    "hidden_size": 96,
    "lstm_layers": 1,
    "num_attention_heads": 2,
    "hidden_continuous_size": 23,
    "add_relative_index": true,
    "dropout": 0.15000000000000002,
    "batch_size": 57,
    "lr": 0.007635364276486364,
    "forecast_horizon": 1,
    "overall_smape_val": 54.03868496051025,
    "metrics": {
        "MSE": {
            "Temperature": 1.5900361453809893,
            "Precipitation_accumulated": 128.47325504762304,
            "Humidity": 38.206963874650214,
            "Wind_Speed_kmh": 0.24163248042311333,
            "Soil_Moisture": 158570.26167816357,
            "Soil_Temperature": 1.200427226526288,
            "Wind_Dir_Sin": 0.14895248446457143,
            "Wind_Dir_Cos": 0.18122090022733184
        },
        "RMSE": {
            "Temperature": 1.2609663537862497,
            "Precipitation_accumulated": 11.334604318088171,
            "Humidity": 6.181178194701251,
            "Wind_Speed_kmh": 0.4915612682292141,
            "Soil_Moisture": 398.20881667557734,
            "Soil_Temperature": 1.0956400989952348,
            "Wind_Dir_Sin": 0.38594362860989356,
            "Wind_Dir_Cos": 0.42570048182652065
        },
        "MAE": {
            "Temperature": 0.9940487544998362,
            "Precipitation_accumulated": 10.660137107212837,
            "Humidity": 5.508749440716243,
            "Wind_Speed_kmh": 0.27651827249380606,
            "Soil_Moisture": 307.6638168685881,
            "Soil_Temperature": 0.8623803305771807,
            "Wind_Dir_Sin": 0.23052555802005278,
            "Wind_Dir_Cos": 0.24687655715169635
        },
        "R2": {
            "Temperature": 0.5329395932603428,
            "Precipitation_accumulated": -134.3570299180786,
            "Humidity": 0.4124594969535036,
            "Wind_Speed_kmh": 0.28995958183408976,
            "Soil_Moisture": 0.7857072234485787,
            "Soil_Temperature": 0.7861042857815254,
            "Wind_Dir_Sin": 0.07263463836226158,
            "Wind_Dir_Cos": 0.3687727594505277
        },
        "SMAPE": {
            "Temperature": 16.555195395903578,
            "Precipitation_accumulated": 2.2916015363936144,
            "Humidity": 6.577625843171409,
            "Wind_Speed_kmh": 164.20312698609126,
            "Soil_Moisture": 4.907652335664648,
            "Soil_Temperature": 22.27103460794323,
            "Wind_Dir_Sin": 169.03205864686183,
            "Wind_Dir_Cos": 46.47118433205261
        }
    }
}