{
    "trial_number": 11,
    "input_chunk_length": 32,
    "output_chunk_length": 21,
    "hidden_size": 65,
    "lstm_layers": 1,
    "num_attention_heads": 2,
    "hidden_continuous_size": 22,
    "add_relative_index": false,
    "dropout": 0.0,
    "batch_size": 17,
    "lr": 0.001103733411624849,
    "forecast_horizon": 18,
    "overall_smape_val": 56.823220795488965,
    "metrics": {
        "MSE": {
            "Temperature": 4.0852209968656314,
            "Precipitation_accumulated": 282.0917665325362,
            "Humidity": 36.41345240441425,
            "Wind_Speed_kmh": 0.27151699295340576,
            "Soil_Moisture": 275733.3805833927,
            "Soil_Temperature": 3.611437736764671,
            "Wind_Dir_Sin": 0.13412487772775825,
            "Wind_Dir_Cos": 0.16727630398664198
        },
        "RMSE": {
            "Temperature": 2.0211929637878794,
            "Precipitation_accumulated": 16.795587710245098,
            "Humidity": 6.034356005773462,
            "Wind_Speed_kmh": 0.5210729247940309,
            "Soil_Moisture": 525.1032094582861,
            "Soil_Temperature": 1.9003783141166053,
            "Wind_Dir_Sin": 0.3662306346112491,
            "Wind_Dir_Cos": 0.40899425911208337
        },
        "MAE": {
            "Temperature": 1.5711709515771883,
            "Precipitation_accumulated": 15.92532723909451,
            "Humidity": 4.765864866805925,
            "Wind_Speed_kmh": 0.35413450742709207,
            "Soil_Moisture": 281.9450239385711,
            "Soil_Temperature": 1.3122867664994011,
            "Wind_Dir_Sin": 0.21329077418353953,
            "Wind_Dir_Cos": 0.263863270586802
        },
        "R2": {
            "Temperature": -0.20814318440321578,
            "Precipitation_accumulated": -295.45423302520163,
            "Humidity": 0.44085163049525156,
            "Wind_Speed_kmh": 0.21104199305333748,
            "Soil_Moisture": 0.6313170725511335,
            "Soil_Temperature": 0.35332367825277444,
            "Wind_Dir_Sin": 0.17377117269105602,
            "Wind_Dir_Cos": 0.42256700405671155
        },
        "SMAPE": {
            "Temperature": 25.05678942632465,
            "Precipitation_accumulated": 3.4015785839798416,
            "Humidity": 5.618543394060086,
            "Wind_Speed_kmh": 176.3042004113028,
            "Soil_Moisture": 4.2812443493387144,
            "Soil_Temperature": 26.176666148725015,
            "Wind_Dir_Sin": 162.45227898221452,
            "Wind_Dir_Cos": 51.29446506796613
        }
    }
}