{
    "trial_number": 18,
    "input_chunk_length": 88,
    "output_chunk_length": 41,
    "hidden_size": 53,
    "lstm_layers": 1,
    "num_attention_heads": 3,
    "hidden_continuous_size": 17,
    "add_relative_index": true,
    "dropout": 0.15000000000000002,
    "batch_size": 55,
    "lr": 0.0005200545152029244,
    "forecast_horizon": 20,
    "overall_smape_val": 52.707281216337435,
    "metrics": {
        "MSE": {
            "Temperature": 1.854009838439621,
            "Precipitation_accumulated": 72.21241587720954,
            "Humidity": 24.517130669564498,
            "Wind_Speed_kmh": 0.2174437093044114,
            "Soil_Moisture": 173327.6012480246,
            "Soil_Temperature": 1.2264978698533626,
            "Wind_Dir_Sin": 0.11871383465750204,
            "Wind_Dir_Cos": 0.1394928807382351
        },
        "RMSE": {
            "Temperature": 1.3616202989231694,
            "Precipitation_accumulated": 8.497788881656778,
            "Humidity": 4.951477624867601,
            "Wind_Speed_kmh": 0.46630859878884007,
            "Soil_Moisture": 416.32631582452797,
            "Soil_Temperature": 1.1074736429610244,
            "Wind_Dir_Sin": 0.34454874061227103,
            "Wind_Dir_Cos": 0.37348745727030125
        },
        "MAE": {
            "Temperature": 1.0660489748714281,
            "Precipitation_accumulated": 7.433346414858969,
            "Humidity": 3.4937427344955045,
            "Wind_Speed_kmh": 0.2124858401734704,
            "Soil_Moisture": 265.5040999668205,
            "Soil_Temperature": 0.8098699084153392,
            "Wind_Dir_Sin": 0.23607558784357421,
            "Wind_Dir_Cos": 0.23262672304962226
        },
        "R2": {
            "Temperature": 0.45080609656889625,
            "Precipitation_accumulated": -74.86596651073062,
            "Humidity": 0.6232994903764606,
            "Wind_Speed_kmh": 0.3690556586924073,
            "Soil_Moisture": 0.7685494830653303,
            "Soil_Temperature": 0.7802057760103968,
            "Wind_Dir_Sin": 0.26968116537942044,
            "Wind_Dir_Cos": 0.5190183118706048
        },
        "SMAPE": {
            "Temperature": 17.590505493408386,
            "Precipitation_accumulated": 1.606553888860625,
            "Humidity": 4.115037751971169,
            "Wind_Speed_kmh": 164.9510525436896,
            "Soil_Moisture": 4.162707317566923,
            "Soil_Temperature": 19.439956135237026,
            "Wind_Dir_Sin": 162.82112693288252,
            "Wind_Dir_Cos": 46.97130966708348
        }
    }
}