{
    "trial_number": 48,
    "input_chunk_length": 114,
    "output_chunk_length": 53,
    "hidden_size": 179,
    "lstm_layers": 1,
    "num_attention_heads": 3,
    "hidden_continuous_size": 21,
    "add_relative_index": true,
    "dropout": 0.05,
    "batch_size": 53,
    "lr": 0.001302531504125827,
    "forecast_horizon": 1,
    "overall_smape_val": 58.544841417560896,
    "metrics": {
        "MSE": {
            "Temperature": 3.046265704814885,
            "Precipitation_accumulated": 2482.185883907069,
            "Humidity": 48.94242221764437,
            "Wind_Speed_kmh": 0.2543532356456783,
            "Soil_Moisture": 91671.3690662529,
            "Soil_Temperature": 4.600385959361237,
            "Wind_Dir_Sin": 0.15415826199562907,
            "Wind_Dir_Cos": 0.16766395651247065
        },
        "RMSE": {
            "Temperature": 1.7453554666069846,
            "Precipitation_accumulated": 49.82154036064189,
            "Humidity": 6.995886092386322,
            "Wind_Speed_kmh": 0.5043344482044413,
            "Soil_Moisture": 302.7728010674884,
            "Soil_Temperature": 2.1448510343054683,
            "Wind_Dir_Sin": 0.3926299300812778,
            "Wind_Dir_Cos": 0.40946789436104836
        },
        "MAE": {
            "Temperature": 1.36580942595426,
            "Precipitation_accumulated": 23.090268617923265,
            "Humidity": 5.510357860807859,
            "Wind_Speed_kmh": 0.3203086728460091,
            "Soil_Moisture": 164.01369497189953,
            "Soil_Temperature": 1.7248967931401449,
            "Wind_Dir_Sin": 0.32349392253958587,
            "Wind_Dir_Cos": 0.30012661173025224
        },
        "R2": {
            "Temperature": 0.10518380147452988,
            "Precipitation_accumulated": -2614.1848400330364,
            "Humidity": 0.2473713571062428,
            "Wind_Speed_kmh": 0.2525794649648667,
            "Soil_Moisture": 0.8761147771367863,
            "Soil_Temperature": 0.18028946802077062,
            "Wind_Dir_Sin": 0.0402239150363064,
            "Wind_Dir_Cos": 0.4159942011312687
        },
        "SMAPE": {
            "Temperature": 22.70628702404933,
            "Precipitation_accumulated": 5.682158525866141,
            "Humidity": 6.479768169445389,
            "Wind_Speed_kmh": 175.0670368846153,
            "Soil_Moisture": 2.5775383296929264,
            "Soil_Temperature": 34.864075516261394,
            "Wind_Dir_Sin": 165.88817234292793,
            "Wind_Dir_Cos": 55.09369454762885
        }
    }
}