{
    "trial_number": 3,
    "input_chunk_length": 31,
    "output_chunk_length": 25,
    "hidden_size": 93,
    "lstm_layers": 1,
    "num_attention_heads": 2,
    "hidden_continuous_size": 22,
    "add_relative_index": false,
    "dropout": 0.0,
    "batch_size": 26,
    "lr": 0.0015195201810891232,
    "forecast_horizon": 24,
    "overall_smape_val": 57.2867127775383,
    "metrics": {
        "MSE": {
            "Temperature": 6.384804618390184,
            "Precipitation_accumulated": 222.6978922699015,
            "Humidity": 26.58794971784485,
            "Wind_Speed_kmh": 0.27513657308227346,
            "Soil_Moisture": 230079.10579160744,
            "Soil_Temperature": 1.77571249564834,
            "Wind_Dir_Sin": 0.11898280979842679,
            "Wind_Dir_Cos": 0.14809769898057848
        },
        "RMSE": {
            "Temperature": 2.526817092389195,
            "Precipitation_accumulated": 14.923065779855744,
            "Humidity": 5.156350426206974,
            "Wind_Speed_kmh": 0.5245346252462972,
            "Soil_Moisture": 479.6656187299726,
            "Soil_Temperature": 1.3325586274713546,
            "Wind_Dir_Sin": 0.34493884936090746,
            "Wind_Dir_Cos": 0.3848346384885052
        },
        "MAE": {
            "Temperature": 2.1826178482607754,
            "Precipitation_accumulated": 12.896042947738996,
            "Humidity": 3.420120358077305,
            "Wind_Speed_kmh": 0.3005117307536838,
            "Soil_Moisture": 234.4710031885878,
            "Soil_Temperature": 0.9469876183193396,
            "Wind_Dir_Sin": 0.22158924273152014,
            "Wind_Dir_Cos": 0.25969107955737386
        },
        "R2": {
            "Temperature": -0.8989223675196762,
            "Precipitation_accumulated": -232.8249003489236,
            "Humidity": 0.5915831480403373,
            "Wind_Speed_kmh": 0.20390551130633516,
            "Soil_Moisture": 0.6935797750545538,
            "Soil_Temperature": 0.681235852256354,
            "Wind_Dir_Sin": 0.2699821503747917,
            "Wind_Dir_Cos": 0.49050232963477214
        },
        "SMAPE": {
            "Temperature": 38.80440615132013,
            "Precipitation_accumulated": 2.7536502468887583,
            "Humidity": 3.970427578787571,
            "Wind_Speed_kmh": 173.96831809926033,
            "Soil_Moisture": 3.7453724594694613,
            "Soil_Temperature": 23.895515123323953,
            "Wind_Dir_Sin": 159.9772546106597,
            "Wind_Dir_Cos": 51.17875795059639
        }
    }
}