{
    "trial_number": 43,
    "input_chunk_length": 111,
    "output_chunk_length": 49,
    "hidden_size": 136,
    "lstm_layers": 1,
    "num_attention_heads": 3,
    "hidden_continuous_size": 21,
    "add_relative_index": true,
    "dropout": 0.1,
    "batch_size": 53,
    "lr": 0.000584762976505246,
    "forecast_horizon": 4,
    "overall_smape_val": 56.321286934829104,
    "metrics": {
        "MSE": {
            "Temperature": 1.9406449461049413,
            "Precipitation_accumulated": 36.07311160108711,
            "Humidity": 66.18382963392055,
            "Wind_Speed_kmh": 0.2665667340078326,
            "Soil_Moisture": 440104.59075071337,
            "Soil_Temperature": 2.443110998223548,
            "Wind_Dir_Sin": 0.14889579325203403,
            "Wind_Dir_Cos": 0.1780452173842018
        },
        "RMSE": {
            "Temperature": 1.3930703306383858,
            "Precipitation_accumulated": 6.006089543212548,
            "Humidity": 8.135344469284663,
            "Wind_Speed_kmh": 0.5163010110466884,
            "Soil_Moisture": 663.4037916312458,
            "Soil_Temperature": 1.5630454242355045,
            "Wind_Dir_Sin": 0.3858701766812694,
            "Wind_Dir_Cos": 0.421954046531375
        },
        "MAE": {
            "Temperature": 1.027935391628353,
            "Precipitation_accumulated": 4.9208983315264865,
            "Humidity": 7.112871523517593,
            "Wind_Speed_kmh": 0.26103954655504463,
            "Soil_Moisture": 426.34455799214373,
            "Soil_Temperature": 1.1667761699317372,
            "Wind_Dir_Sin": 0.23256048851459324,
            "Wind_Dir_Cos": 0.2847758447291675
        },
        "R2": {
            "Temperature": 0.42943751651106454,
            "Precipitation_accumulated": -36.99355499090704,
            "Humidity": -0.017678171073835403,
            "Wind_Speed_kmh": 0.2177820253539684,
            "Soil_Moisture": 0.40601614578086875,
            "Soil_Temperature": 0.5643931430532505,
            "Wind_Dir_Sin": 0.07421188669267564,
            "Wind_Dir_Cos": 0.3805297622092215
        },
        "SMAPE": {
            "Temperature": 17.304331344152644,
            "Precipitation_accumulated": 1.0746899917650496,
            "Humidity": 8.424871136951955,
            "Wind_Speed_kmh": 170.1947191901196,
            "Soil_Moisture": 6.5341275547447815,
            "Soil_Temperature": 27.900237640227946,
            "Wind_Dir_Sin": 165.7917521521235,
            "Wind_Dir_Cos": 53.34556646854716
        }
    }
}