{
    "trial_number": 29,
    "input_chunk_length": 57,
    "output_chunk_length": 28,
    "hidden_size": 248,
    "lstm_layers": 1,
    "num_attention_heads": 3,
    "hidden_continuous_size": 28,
    "add_relative_index": true,
    "dropout": 0.1,
    "batch_size": 36,
    "lr": 8.649962732326911e-05,
    "forecast_horizon": 14,
    "overall_smape_val": 53.144467409648534,
    "metrics": {
        "MSE": {
            "Temperature": 1.2536409963963602,
            "Precipitation_accumulated": 124.07940193038534,
            "Humidity": 19.13835435501531,
            "Wind_Speed_kmh": 0.18793741431958086,
            "Soil_Moisture": 136834.99654513996,
            "Soil_Temperature": 1.6679502532321342,
            "Wind_Dir_Sin": 0.1180958759796908,
            "Wind_Dir_Cos": 0.14479432546191942
        },
        "RMSE": {
            "Temperature": 1.1196611078341339,
            "Precipitation_accumulated": 11.139093407023093,
            "Humidity": 4.3747404900194145,
            "Wind_Speed_kmh": 0.4335174902118493,
            "Soil_Moisture": 369.91214706351553,
            "Soil_Temperature": 1.291491483995204,
            "Wind_Dir_Sin": 0.3436508052946927,
            "Wind_Dir_Cos": 0.38051849555825723
        },
        "MAE": {
            "Temperature": 0.8285739296082956,
            "Precipitation_accumulated": 7.559688884198918,
            "Humidity": 3.2095002826753496,
            "Wind_Speed_kmh": 0.1833234714127914,
            "Soil_Moisture": 165.42621747466868,
            "Soil_Temperature": 0.9599635106149657,
            "Wind_Dir_Sin": 0.21937258601923398,
            "Wind_Dir_Cos": 0.23988174471066698
        },
        "R2": {
            "Temperature": 0.6304226988667374,
            "Precipitation_accumulated": -129.47728443548684,
            "Humidity": 0.7061652221142259,
            "Wind_Speed_kmh": 0.45236284136647864,
            "Soil_Moisture": 0.8165498330275472,
            "Soil_Temperature": 0.7017380727378536,
            "Wind_Dir_Sin": 0.2705707327713831,
            "Wind_Dir_Cos": 0.4990448996065959
        },
        "SMAPE": {
            "Temperature": 14.68017439325796,
            "Precipitation_accumulated": 1.6151902689840396,
            "Humidity": 3.846982054020987,
            "Wind_Speed_kmh": 165.77357637778073,
            "Soil_Moisture": 2.6140595883964584,
            "Soil_Temperature": 26.19124927630495,
            "Wind_Dir_Sin": 162.83854531370133,
            "Wind_Dir_Cos": 47.59596200474174
        }
    }
}