{
    "trial_number": 17,
    "input_chunk_length": 29,
    "output_chunk_length": 18,
    "hidden_size": 169,
    "lstm_layers": 2,
    "num_attention_heads": 2,
    "hidden_continuous_size": 22,
    "add_relative_index": true,
    "dropout": 0.2,
    "batch_size": 46,
    "lr": 0.0018410558612869195,
    "forecast_horizon": 12,
    "overall_smape_val": 60.51783040867282,
    "metrics": {
        "MSE": {
            "Temperature": 3.641007875741682,
            "Precipitation_accumulated": 223.81321188140586,
            "Humidity": 101.03505186105176,
            "Wind_Speed_kmh": 0.2923824038470313,
            "Soil_Moisture": 543193.8599848473,
            "Soil_Temperature": 6.511494856855514,
            "Wind_Dir_Sin": 0.1602490896870444,
            "Wind_Dir_Cos": 0.16913786290267432
        },
        "RMSE": {
            "Temperature": 1.9081425197667186,
            "Precipitation_accumulated": 14.960388092606618,
            "Humidity": 10.05161936510987,
            "Wind_Speed_kmh": 0.5407239627083594,
            "Soil_Moisture": 737.0168654683876,
            "Soil_Temperature": 2.551763087916963,
            "Wind_Dir_Sin": 0.40031124102008975,
            "Wind_Dir_Cos": 0.41126373886190637
        },
        "MAE": {
            "Temperature": 1.5745576892943718,
            "Precipitation_accumulated": 13.635527761874101,
            "Humidity": 7.829104160513734,
            "Wind_Speed_kmh": 0.34921932535869665,
            "Soil_Moisture": 541.7373105125106,
            "Soil_Temperature": 2.066060307287185,
            "Wind_Dir_Sin": 0.3010236977908201,
            "Wind_Dir_Cos": 0.2934162185735359
        },
        "R2": {
            "Temperature": -0.07306655729846456,
            "Precipitation_accumulated": -234.427267354439,
            "Humidity": -0.5518214768078626,
            "Wind_Speed_kmh": 0.14681931480001098,
            "Soil_Moisture": 0.27077641619110904,
            "Soil_Temperature": -0.1637908001311974,
            "Wind_Dir_Sin": 0.008890500399056811,
            "Wind_Dir_Cos": 0.41416203360888193
        },
        "SMAPE": {
            "Temperature": 31.822281949127113,
            "Precipitation_accumulated": 2.915906046839068,
            "Humidity": 9.201362001822696,
            "Wind_Speed_kmh": 168.95316130326546,
            "Soil_Moisture": 8.55401314582575,
            "Soil_Temperature": 38.57844966688982,
            "Wind_Dir_Sin": 161.06754460191908,
            "Wind_Dir_Cos": 63.04992455369372
        }
    }
}