{
    "trial_number": 8,
    "input_chunk_length": 124,
    "output_chunk_length": 52,
    "hidden_size": 125,
    "lstm_layers": 1,
    "num_attention_heads": 4,
    "hidden_continuous_size": 14,
    "add_relative_index": false,
    "dropout": 0.0,
    "batch_size": 50,
    "lr": 0.003234017700111188,
    "forecast_horizon": 6,
    "overall_smape_val": 61.13730682836196,
    "metrics": {
        "MSE": {
            "Temperature": 2.0094947389796083,
            "Precipitation_accumulated": 241.85762260197995,
            "Humidity": 74.99105412308282,
            "Wind_Speed_kmh": 0.34329608835875575,
            "Soil_Moisture": 655151.3920886473,
            "Soil_Temperature": 3.1769306509029014,
            "Wind_Dir_Sin": 0.15599202122868872,
            "Wind_Dir_Cos": 0.22889744789296126
        },
        "RMSE": {
            "Temperature": 1.4175664848533942,
            "Precipitation_accumulated": 15.551772329930115,
            "Humidity": 8.659737531997308,
            "Wind_Speed_kmh": 0.5859147449576224,
            "Soil_Moisture": 809.4142277527912,
            "Soil_Temperature": 1.7823946394956705,
            "Wind_Dir_Sin": 0.3949582525137166,
            "Wind_Dir_Cos": 0.4784322814076839
        },
        "MAE": {
            "Temperature": 1.1275427378806369,
            "Precipitation_accumulated": 13.324584803424088,
            "Humidity": 7.605591482367352,
            "Wind_Speed_kmh": 0.385723276968395,
            "Soil_Moisture": 704.271651820023,
            "Soil_Temperature": 1.4452839055443454,
            "Wind_Dir_Sin": 0.24226930813997105,
            "Wind_Dir_Cos": 0.4159486623271667
        },
        "R2": {
            "Temperature": 0.4087339262300139,
            "Precipitation_accumulated": -253.6510721265426,
            "Humidity": -0.15284791372913875,
            "Wind_Speed_kmh": -0.005967478183348085,
            "Soil_Moisture": 0.1169504970013393,
            "Soil_Temperature": 0.43317759062205696,
            "Wind_Dir_Sin": 0.031372307022261015,
            "Wind_Dir_Cos": 0.20449420296273035
        },
        "SMAPE": {
            "Temperature": 18.508642740253727,
            "Precipitation_accumulated": 2.8500464737427853,
            "Humidity": 8.97873960719811,
            "Wind_Speed_kmh": 179.18204555852338,
            "Soil_Moisture": 11.044897553635224,
            "Soil_Temperature": 29.66406811779739,
            "Wind_Dir_Sin": 167.24657051651587,
            "Wind_Dir_Cos": 71.62344405922947
        }
    }
}