{
    "trial_number": 42,
    "input_chunk_length": 24,
    "output_chunk_length": 16,
    "hidden_size": 245,
    "lstm_layers": 1,
    "num_attention_heads": 3,
    "hidden_continuous_size": 23,
    "add_relative_index": true,
    "dropout": 0.2,
    "batch_size": 61,
    "lr": 0.0009614849334262289,
    "forecast_horizon": 23,
    "overall_smape_val": 60.47415405994416,
    "metrics": {
        "MSE": {
            "Temperature": 7.2741618399075465,
            "Precipitation_accumulated": 146.55065925336294,
            "Humidity": 63.743034223377705,
            "Wind_Speed_kmh": 0.4256594577374919,
            "Soil_Moisture": 279976.1456132342,
            "Soil_Temperature": 7.888875915172833,
            "Wind_Dir_Sin": 0.16564316423066475,
            "Wind_Dir_Cos": 0.1786435074284955
        },
        "RMSE": {
            "Temperature": 2.6970654126119276,
            "Precipitation_accumulated": 12.105810970495241,
            "Humidity": 7.9839234855663355,
            "Wind_Speed_kmh": 0.6524258254679163,
            "Soil_Moisture": 529.127721456015,
            "Soil_Temperature": 2.8087142815125987,
            "Wind_Dir_Sin": 0.4069928306870586,
            "Wind_Dir_Cos": 0.42266240361368257
        },
        "MAE": {
            "Temperature": 2.2544631272984677,
            "Precipitation_accumulated": 8.772148059352666,
            "Humidity": 6.91341653676321,
            "Wind_Speed_kmh": 0.5451983829075876,
            "Soil_Moisture": 306.0598450740647,
            "Soil_Temperature": 2.19437830761603,
            "Wind_Dir_Sin": 0.24331565479512082,
            "Wind_Dir_Cos": 0.2646584891877013
        },
        "R2": {
            "Temperature": -1.1610171318706217,
            "Precipitation_accumulated": -152.89590667700185,
            "Humidity": 0.020719539998677705,
            "Wind_Speed_kmh": -0.23249702475721246,
            "Soil_Moisture": 0.6268793534008157,
            "Soil_Temperature": -0.4155339450005653,
            "Wind_Dir_Sin": -0.01698262644099291,
            "Wind_Dir_Cos": 0.38506822029759147
        },
        "SMAPE": {
            "Temperature": 31.628112230289755,
            "Precipitation_accumulated": 1.8930560574347617,
            "Humidity": 8.19849764374352,
            "Wind_Speed_kmh": 179.07473709810392,
            "Soil_Moisture": 4.753007184694821,
            "Soil_Temperature": 35.05959409159377,
            "Wind_Dir_Sin": 173.40869597659406,
            "Wind_Dir_Cos": 49.777532197098246
        }
    }
}