{
    "trial_number": 40,
    "input_chunk_length": 72,
    "output_chunk_length": 40,
    "hidden_size": 255,
    "lstm_layers": 1,
    "num_attention_heads": 4,
    "hidden_continuous_size": 26,
    "add_relative_index": true,
    "dropout": 0.25,
    "batch_size": 42,
    "lr": 2.88707327018461e-05,
    "forecast_horizon": 1,
    "overall_smape_val": 57.543167962973094,
    "metrics": {
        "MSE": {
            "Temperature": 1.8575351008110457,
            "Precipitation_accumulated": 4074.0764740548525,
            "Humidity": 140.1685683756462,
            "Wind_Speed_kmh": 0.4035442815514103,
            "Soil_Moisture": 367744.72965641046,
            "Soil_Temperature": 5.3983877639659275,
            "Wind_Dir_Sin": 0.15856372484961953,
            "Wind_Dir_Cos": 0.20020528332081447
        },
        "RMSE": {
            "Temperature": 1.362914194221722,
            "Precipitation_accumulated": 63.828492650656045,
            "Humidity": 11.8392807372596,
            "Wind_Speed_kmh": 0.6352513530496494,
            "Soil_Moisture": 606.4195986743919,
            "Soil_Temperature": 2.3234430838662536,
            "Wind_Dir_Sin": 0.39820060880116637,
            "Wind_Dir_Cos": 0.44744305036598175
        },
        "MAE": {
            "Temperature": 0.9907232622738286,
            "Precipitation_accumulated": 61.68570684357673,
            "Humidity": 10.704655041090549,
            "Wind_Speed_kmh": 0.4134254850970577,
            "Soil_Moisture": 389.34994262572684,
            "Soil_Temperature": 1.6388032380635558,
            "Wind_Dir_Sin": 0.311284809156008,
            "Wind_Dir_Cos": 0.27958201905477453
        },
        "R2": {
            "Temperature": 0.45436391352593086,
            "Precipitation_accumulated": -4291.371131896418,
            "Humidity": -1.1554895449144964,
            "Wind_Speed_kmh": -0.18582050690986884,
            "Soil_Moisture": 0.5030276273355228,
            "Soil_Temperature": 0.038099119308437346,
            "Wind_Dir_Sin": 0.012795882080305465,
            "Wind_Dir_Cos": 0.30264650282891015
        },
        "SMAPE": {
            "Temperature": 16.86144264560804,
            "Precipitation_accumulated": 12.598097501654367,
            "Humidity": 12.403318582316189,
            "Wind_Speed_kmh": 171.8280768202291,
            "Soil_Moisture": 6.1328860855869065,
            "Soil_Temperature": 29.30815024421929,
            "Wind_Dir_Sin": 162.96355615882837,
            "Wind_Dir_Cos": 48.24981566534281
        }
    }
}