{
    "trial_number": 22,
    "input_chunk_length": 73,
    "output_chunk_length": 30,
    "hidden_size": 67,
    "lstm_layers": 1,
    "num_attention_heads": 3,
    "hidden_continuous_size": 21,
    "add_relative_index": true,
    "dropout": 0.2,
    "batch_size": 46,
    "lr": 0.004082506769628191,
    "forecast_horizon": 21,
    "overall_smape_val": 61.05383568625035,
    "metrics": {
        "MSE": {
            "Temperature": 3.930099639819508,
            "Precipitation_accumulated": 198.3932179590045,
            "Humidity": 58.19855958198124,
            "Wind_Speed_kmh": 0.2917675082669634,
            "Soil_Moisture": 386669.2886275608,
            "Soil_Temperature": 6.63761839736587,
            "Wind_Dir_Sin": 0.16599249608764396,
            "Wind_Dir_Cos": 0.1695193753448109
        },
        "RMSE": {
            "Temperature": 1.9824478908207166,
            "Precipitation_accumulated": 14.08521274099204,
            "Humidity": 7.628798043072136,
            "Wind_Speed_kmh": 0.5401550779794293,
            "Soil_Moisture": 621.8273784802024,
            "Soil_Temperature": 2.5763575833656844,
            "Wind_Dir_Sin": 0.40742176683093895,
            "Wind_Dir_Cos": 0.4117273070186272
        },
        "MAE": {
            "Temperature": 1.5207113938506784,
            "Precipitation_accumulated": 11.009194916292799,
            "Humidity": 6.534791963963888,
            "Wind_Speed_kmh": 0.3004960109219597,
            "Soil_Moisture": 423.58700174362184,
            "Soil_Temperature": 2.0964354878924616,
            "Wind_Dir_Sin": 0.24706569518100982,
            "Wind_Dir_Cos": 0.2826576643361027
        },
        "R2": {
            "Temperature": -0.16520983835350522,
            "Precipitation_accumulated": -207.3993451746281,
            "Humidity": 0.10570242033103727,
            "Wind_Speed_kmh": 0.15399199507146266,
            "Soil_Moisture": 0.4840074960878532,
            "Soil_Temperature": -0.18999692030883164,
            "Wind_Dir_Sin": -0.020491579401878512,
            "Wind_Dir_Cos": 0.41581507179038
        },
        "SMAPE": {
            "Temperature": 27.8971483979391,
            "Precipitation_accumulated": 2.4417367287820007,
            "Humidity": 7.780638033219676,
            "Wind_Speed_kmh": 175.248527815932,
            "Soil_Moisture": 6.6624626705991625,
            "Soil_Temperature": 43.88629502423762,
            "Wind_Dir_Sin": 170.13034117522844,
            "Wind_Dir_Cos": 54.38353564406512
        }
    }
}