{
    "trial_number": 2,
    "input_chunk_length": 63,
    "output_chunk_length": 56,
    "hidden_size": 225,
    "lstm_layers": 2,
    "num_attention_heads": 2,
    "hidden_continuous_size": 11,
    "add_relative_index": true,
    "dropout": 0.25,
    "batch_size": 25,
    "lr": 5.402678421986355e-05,
    "forecast_horizon": 2,
    "overall_smape_val": 59.65574262585605,
    "metrics": {
        "MSE": {
            "Temperature": 3.7146706418876283,
            "Precipitation_accumulated": 3331.2534907291215,
            "Humidity": 68.65989177432057,
            "Wind_Speed_kmh": 0.32509136996150784,
            "Soil_Moisture": 482532.2260113372,
            "Soil_Temperature": 11.861603606657543,
            "Wind_Dir_Sin": 0.1423144108399984,
            "Wind_Dir_Cos": 0.25348364984879945
        },
        "RMSE": {
            "Temperature": 1.9273480852943061,
            "Precipitation_accumulated": 57.71701214312052,
            "Humidity": 8.286126463814112,
            "Wind_Speed_kmh": 0.570167843675446,
            "Soil_Moisture": 694.6453958757211,
            "Soil_Temperature": 3.444067886476331,
            "Wind_Dir_Sin": 0.37724582282644087,
            "Wind_Dir_Cos": 0.5034715978571179
        },
        "MAE": {
            "Temperature": 1.591319116130512,
            "Precipitation_accumulated": 55.485727803680156,
            "Humidity": 7.155085793128882,
            "Wind_Speed_kmh": 0.2734804256210366,
            "Soil_Moisture": 392.96336939941006,
            "Soil_Temperature": 2.8664196027706224,
            "Wind_Dir_Sin": 0.27198688500776447,
            "Wind_Dir_Cos": 0.2929758541181938
        },
        "R2": {
            "Temperature": -0.09115480547027488,
            "Precipitation_accumulated": -3508.746664721624,
            "Humidity": -0.05584069659530422,
            "Wind_Speed_kmh": 0.0447144694065813,
            "Soil_Moisture": 0.34790313522105487,
            "Soil_Temperature": -1.1135360138109038,
            "Wind_Dir_Sin": 0.1139627140204712,
            "Wind_Dir_Cos": 0.11706770787614607
        },
        "SMAPE": {
            "Temperature": 24.9350799080677,
            "Precipitation_accumulated": 11.334036954416081,
            "Humidity": 8.432884112333682,
            "Wind_Speed_kmh": 174.51449700038503,
            "Soil_Moisture": 5.9500220575461285,
            "Soil_Temperature": 41.794154715836356,
            "Wind_Dir_Sin": 164.02379139469562,
            "Wind_Dir_Cos": 46.26147486356784
        }
    }
}