{
    "trial_number": 4,
    "input_chunk_length": 18,
    "output_chunk_length": 14,
    "hidden_size": 152,
    "lstm_layers": 2,
    "num_attention_heads": 4,
    "hidden_continuous_size": 5,
    "add_relative_index": true,
    "dropout": 0.15000000000000002,
    "batch_size": 61,
    "lr": 4.053084508915588e-05,
    "forecast_horizon": 14,
    "overall_smape_val": 62.941857724753035,
    "metrics": {
        "MSE": {
            "Temperature": 9.16602484294326,
            "Precipitation_accumulated": 812.6517384072309,
            "Humidity": 86.40923468840347,
            "Wind_Speed_kmh": 0.5136416958594694,
            "Soil_Moisture": 638863.8879761953,
            "Soil_Temperature": 18.073336689337808,
            "Wind_Dir_Sin": 0.15935557506261533,
            "Wind_Dir_Cos": 0.2197284060673423
        },
        "RMSE": {
            "Temperature": 3.0275443585426225,
            "Precipitation_accumulated": 28.507047170958113,
            "Humidity": 9.29565676476942,
            "Wind_Speed_kmh": 0.716688004545541,
            "Soil_Moisture": 799.2896145804694,
            "Soil_Temperature": 4.251274713463928,
            "Wind_Dir_Sin": 0.39919365609014296,
            "Wind_Dir_Cos": 0.468751966467707
        },
        "MAE": {
            "Temperature": 2.5899622162350258,
            "Precipitation_accumulated": 23.96597759582675,
            "Humidity": 8.432337213959785,
            "Wind_Speed_kmh": 0.5413334921861628,
            "Soil_Moisture": 465.83679285385523,
            "Soil_Temperature": 3.404301904547155,
            "Wind_Dir_Sin": 0.2735380782853298,
            "Wind_Dir_Cos": 0.31563800756787497
        },
        "R2": {
            "Temperature": -1.7021728974348038,
            "Precipitation_accumulated": -853.5543447948163,
            "Humidity": -0.3266573400702635,
            "Wind_Speed_kmh": -0.496717829680581,
            "Soil_Moisture": 0.14349625548285205,
            "Soil_Temperature": -2.2318639135512206,
            "Wind_Dir_Sin": 0.015726676461520372,
            "Wind_Dir_Cos": 0.2397901964072663
        },
        "SMAPE": {
            "Temperature": 36.380344972735074,
            "Precipitation_accumulated": 5.106427476655259,
            "Humidity": 9.8981167019246,
            "Wind_Speed_kmh": 179.68596920466524,
            "Soil_Moisture": 7.103816438212993,
            "Soil_Temperature": 45.578951719114876,
            "Wind_Dir_Sin": 166.69292558783238,
            "Wind_Dir_Cos": 53.08830969688397
        }
    }
}