{
    "trial_number": 36,
    "input_chunk_length": 60,
    "output_chunk_length": 40,
    "hidden_size": 222,
    "lstm_layers": 1,
    "num_attention_heads": 4,
    "hidden_continuous_size": 25,
    "add_relative_index": true,
    "dropout": 0.3,
    "batch_size": 43,
    "lr": 0.00031002620708540484,
    "forecast_horizon": 7,
    "overall_smape_val": 51.62609841430928,
    "metrics": {
        "MSE": {
            "Temperature": 1.1374111094860042,
            "Precipitation_accumulated": 195.1312106461927,
            "Humidity": 14.344382931129232,
            "Wind_Speed_kmh": 0.1573253935532489,
            "Soil_Moisture": 111382.55249033766,
            "Soil_Temperature": 0.6076679835512104,
            "Wind_Dir_Sin": 0.12986309209219254,
            "Wind_Dir_Cos": 0.14466834849634258
        },
        "RMSE": {
            "Temperature": 1.0664947770551922,
            "Precipitation_accumulated": 13.968937348495507,
            "Humidity": 3.7873979103243474,
            "Wind_Speed_kmh": 0.39664265221134365,
            "Soil_Moisture": 333.7402470340334,
            "Soil_Temperature": 0.7795306174559217,
            "Wind_Dir_Sin": 0.36036522042532426,
            "Wind_Dir_Cos": 0.3803529262360717
        },
        "MAE": {
            "Temperature": 0.7857609605575377,
            "Precipitation_accumulated": 11.675337200246439,
            "Humidity": 2.867103047155523,
            "Wind_Speed_kmh": 0.18400511825994434,
            "Soil_Moisture": 202.10168454234088,
            "Soil_Temperature": 0.5797241582581697,
            "Wind_Dir_Sin": 0.2686002638113488,
            "Wind_Dir_Cos": 0.2451589026871918
        },
        "R2": {
            "Temperature": 0.6652162518583427,
            "Precipitation_accumulated": -204.41994590446774,
            "Humidity": 0.7795173157497174,
            "Wind_Speed_kmh": 0.5393084770468688,
            "Soil_Moisture": 0.8499719669316408,
            "Soil_Temperature": 0.8915482584256037,
            "Wind_Dir_Sin": 0.19415294576968656,
            "Wind_Dir_Cos": 0.49750482379575756
        },
        "SMAPE": {
            "Temperature": 13.120483703610033,
            "Precipitation_accumulated": 2.494003429366799,
            "Humidity": 3.376815149724262,
            "Wind_Speed_kmh": 164.34278922361463,
            "Soil_Moisture": 3.208949312377304,
            "Soil_Temperature": 16.20882151746326,
            "Wind_Dir_Sin": 161.67110896035572,
            "Wind_Dir_Cos": 48.58581601796227
        }
    }
}