{
    "trial_number": 9,
    "input_chunk_length": 101,
    "output_chunk_length": 66,
    "hidden_size": 212,
    "lstm_layers": 1,
    "num_attention_heads": 4,
    "hidden_continuous_size": 15,
    "add_relative_index": true,
    "dropout": 0.2,
    "batch_size": 56,
    "lr": 4.3292620409174215e-05,
    "forecast_horizon": 9,
    "overall_smape_val": 62.03295313463323,
    "metrics": {
        "MSE": {
            "Temperature": 2.7059358302770677,
            "Precipitation_accumulated": 1913.859833673001,
            "Humidity": 75.99445484458342,
            "Wind_Speed_kmh": 0.377727467103812,
            "Soil_Moisture": 492955.87252571917,
            "Soil_Temperature": 32.816217541367,
            "Wind_Dir_Sin": 0.1584386778380944,
            "Wind_Dir_Cos": 0.23510793943945169
        },
        "RMSE": {
            "Temperature": 1.6449728965174677,
            "Precipitation_accumulated": 43.74768375209139,
            "Humidity": 8.717479844805116,
            "Wind_Speed_kmh": 0.6145953685993835,
            "Soil_Moisture": 702.1081629818294,
            "Soil_Temperature": 5.728544103117912,
            "Wind_Dir_Sin": 0.3980435627391736,
            "Wind_Dir_Cos": 0.4848793039916755
        },
        "MAE": {
            "Temperature": 1.3016189612567568,
            "Precipitation_accumulated": 39.92822511368816,
            "Humidity": 7.835994218247173,
            "Wind_Speed_kmh": 0.4318548335520038,
            "Soil_Moisture": 432.28773301874656,
            "Soil_Temperature": 5.3762600263350375,
            "Wind_Dir_Sin": 0.3012539904062757,
            "Wind_Dir_Cos": 0.2978137234294755
        },
        "R2": {
            "Temperature": 0.20301447938828765,
            "Precipitation_accumulated": -2013.1284843588887,
            "Humidity": -0.16770345659365837,
            "Wind_Speed_kmh": -0.1045412704555857,
            "Soil_Moisture": 0.33689342905306063,
            "Soil_Temperature": -4.86030949322749,
            "Wind_Dir_Sin": 0.018133782499087703,
            "Wind_Dir_Cos": 0.18428714988879213
        },
        "SMAPE": {
            "Temperature": 21.111836504978783,
            "Precipitation_accumulated": 8.287768262578767,
            "Humidity": 9.251752347049845,
            "Wind_Speed_kmh": 179.17221937491044,
            "Soil_Moisture": 6.695513468683626,
            "Soil_Temperature": 61.46753888623076,
            "Wind_Dir_Sin": 161.92791179413814,
            "Wind_Dir_Cos": 48.34908443849569
        }
    }
}