{
    "trial_number": 55,
    "input_chunk_length": 23,
    "training_length": 28,
    "hidden_size": 61,
    "layer_size": 1,
    "dropout": 0.3545286177391331,
    "batch_size": 38,
    "lr": 0.009711415670100651,
    "forecast_horizon": 4,
    "overall_smape_val": 73.74090925900293,
    "metrics": {
        "MSE": {
            "Temperature": 1.9770193768921998,
            "Precipitation": 1.7132137902453735,
            "Humidity": 35.438435899042815,
            "Wind_Speed_kmh": 0.16335238770513924,
            "Soil_Moisture": 201747.8089049082,
            "Soil_Temperature": 1.6383271270340969,
            "Wind_Dir_Sin": 0.12414490930927229,
            "Wind_Dir_Cos": 0.11656155254191126
        },
        "RMSE": {
            "Temperature": 1.4060652107538254,
            "Precipitation": 1.308897929651267,
            "Humidity": 5.953019057507108,
            "Wind_Speed_kmh": 0.40416876141673697,
            "Soil_Moisture": 449.1634545518014,
            "Soil_Temperature": 1.2799715336811583,
            "Wind_Dir_Sin": 0.3523420345477847,
            "Wind_Dir_Cos": 0.341411119534662
        },
        "MAE": {
            "Temperature": 1.0851305561493598,
            "Precipitation": 1.1598291818676605,
            "Humidity": 4.8938430742956704,
            "Wind_Speed_kmh": 0.25041010116216383,
            "Soil_Moisture": 342.6341112591397,
            "Soil_Temperature": 1.0366337386941114,
            "Wind_Dir_Sin": 0.26408081292971447,
            "Wind_Dir_Cos": 0.2689233184912851
        },
        "R2": {
            "Temperature": 0.42821008715681885,
            "Precipitation": -2169.6604616750533,
            "Humidity": 0.3277544366664491,
            "Wind_Speed_kmh": 0.5355903335539383,
            "Soil_Moisture": 0.7861569913367551,
            "Soil_Temperature": 0.7255289057301864,
            "Wind_Dir_Sin": 0.419975131589986,
            "Wind_Dir_Cos": 0.6792978896817632
        },
        "SMAPE": {
            "Temperature": 17.24708167485214,
            "Precipitation": 199.00082082576606,
            "Humidity": 5.864249935498429,
            "Wind_Speed_kmh": 145.03141809537584,
            "Soil_Moisture": 5.7341261354801025,
            "Soil_Temperature": 23.852496534697238,
            "Wind_Dir_Sin": 137.41742320172716,
            "Wind_Dir_Cos": 55.779657668626584
        }
    }
}