{
    "trial_number": 65,
    "input_chunk_length": 22,
    "training_length": 27,
    "hidden_size": 109,
    "layer_size": 1,
    "dropout": 0.36849400685650563,
    "batch_size": 33,
    "lr": 0.0016524511375188723,
    "forecast_horizon": 1,
    "overall_smape_val": 63.514340332357406,
    "metrics": {
        "MSE": {
            "Temperature": 0.5769180668623451,
            "Precipitation": 0.329517617989447,
            "Humidity": 3.0567681813527945,
            "Wind_Speed_kmh": 0.06652630712676565,
            "Soil_Moisture": 31149.92279451443,
            "Soil_Temperature": 0.5732330373579871,
            "Wind_Dir_Sin": 0.05071560526215108,
            "Wind_Dir_Cos": 0.049446143095341795
        },
        "RMSE": {
            "Temperature": 0.7595512272798624,
            "Precipitation": 0.574036251459302,
            "Humidity": 1.7483615705433457,
            "Wind_Speed_kmh": 0.25792694145196554,
            "Soil_Moisture": 176.4934072267699,
            "Soil_Temperature": 0.757121547281536,
            "Wind_Dir_Sin": 0.22520125501904087,
            "Wind_Dir_Cos": 0.22236488728066262
        },
        "MAE": {
            "Temperature": 0.48270837006412076,
            "Precipitation": 0.4916876115653371,
            "Humidity": 1.1561588204954554,
            "Wind_Speed_kmh": 0.11061297603844181,
            "Soil_Moisture": 71.67968889049043,
            "Soil_Temperature": 0.5343812289248827,
            "Wind_Dir_Sin": 0.11739787976752368,
            "Wind_Dir_Cos": 0.10933890161101602
        },
        "R2": {
            "Temperature": 0.8332569227803627,
            "Precipitation": -417.12606867448903,
            "Humidity": 0.9419857317173927,
            "Wind_Speed_kmh": 0.8106279705295667,
            "Soil_Moisture": 0.9669459198133105,
            "Soil_Temperature": 0.9040496223013296,
            "Wind_Dir_Sin": 0.7627986773989676,
            "Wind_Dir_Cos": 0.8638419387760623
        },
        "SMAPE": {
            "Temperature": 8.379783936280326,
            "Precipitation": 194.63142949579301,
            "Humidity": 1.369568034024166,
            "Wind_Speed_kmh": 133.32798732434463,
            "Soil_Moisture": 1.113365604835678,
            "Soil_Temperature": 15.694707185428696,
            "Wind_Dir_Sin": 126.17094403054527,
            "Wind_Dir_Cos": 27.42693704760756
        }
    }
}