{
    "trial_number": 94,
    "input_chunk_length": 15,
    "training_length": 19,
    "hidden_size": 78,
    "layer_size": 1,
    "dropout": 0.3818258693054116,
    "batch_size": 35,
    "lr": 0.0001507473450180352,
    "forecast_horizon": 3,
    "overall_smape_val": 68.6324650097237,
    "metrics": {
        "MSE": {
            "Temperature": 1.0504849992083918,
            "Precipitation": 0.18547842507316495,
            "Humidity": 9.008157327457319,
            "Wind_Speed_kmh": 0.1192194485388001,
            "Soil_Moisture": 78359.76673354112,
            "Soil_Temperature": 1.2044899982720956,
            "Wind_Dir_Sin": 0.07356955589796986,
            "Wind_Dir_Cos": 0.07593884474861672
        },
        "RMSE": {
            "Temperature": 1.024931704655677,
            "Precipitation": 0.4306720620996502,
            "Humidity": 3.001359246650977,
            "Wind_Speed_kmh": 0.345281694473947,
            "Soil_Moisture": 279.92814566159853,
            "Soil_Temperature": 1.0974925959987591,
            "Wind_Dir_Sin": 0.27123708429705895,
            "Wind_Dir_Cos": 0.275570036013745
        },
        "MAE": {
            "Temperature": 0.7793243554104934,
            "Precipitation": 0.3310762075727739,
            "Humidity": 2.211276654434816,
            "Wind_Speed_kmh": 0.18475019953423724,
            "Soil_Moisture": 128.28855055774497,
            "Soil_Temperature": 0.8915515277739776,
            "Wind_Dir_Sin": 0.14328902165798313,
            "Wind_Dir_Cos": 0.15823559002148158
        },
        "R2": {
            "Temperature": 0.6962800004841587,
            "Precipitation": -234.17870270968083,
            "Humidity": 0.8290763748657571,
            "Wind_Speed_kmh": 0.6608465194257228,
            "Soil_Moisture": 0.9168960811709654,
            "Soil_Temperature": 0.7982985321690549,
            "Wind_Dir_Sin": 0.6560900282478634,
            "Wind_Dir_Cos": 0.790977666597507
        },
        "SMAPE": {
            "Temperature": 13.066084137647222,
            "Precipitation": 195.53194890016889,
            "Humidity": 2.607052101557715,
            "Wind_Speed_kmh": 142.46278372962283,
            "Soil_Moisture": 1.9427681344202643,
            "Soil_Temperature": 22.030773977919587,
            "Wind_Dir_Sin": 132.8699015282772,
            "Wind_Dir_Cos": 38.548407568175634
        }
    }
}