{
    "trial_number": 21,
    "input_chunk_length": 25,
    "training_length": 28,
    "hidden_size": 86,
    "layer_size": 1,
    "dropout": 0.2568268533098869,
    "batch_size": 32,
    "lr": 0.00013539393871579375,
    "forecast_horizon": 1,
    "overall_smape_val": 64.55112078758586,
    "metrics": {
        "MSE": {
            "Temperature": 0.5963396544227924,
            "Precipitation": 0.21687356264211705,
            "Humidity": 5.114826487268602,
            "Wind_Speed_kmh": 0.06836937131105865,
            "Soil_Moisture": 32159.405841899155,
            "Soil_Temperature": 0.6222814420581803,
            "Wind_Dir_Sin": 0.04879563765310374,
            "Wind_Dir_Cos": 0.04921505445426487
        },
        "RMSE": {
            "Temperature": 0.7722303117741445,
            "Precipitation": 0.4656968570240914,
            "Humidity": 2.2615982152603062,
            "Wind_Speed_kmh": 0.2614753741962303,
            "Soil_Moisture": 179.33043757795036,
            "Soil_Temperature": 0.7888481742757476,
            "Wind_Dir_Sin": 0.22089734641480813,
            "Wind_Dir_Cos": 0.22184466289335172
        },
        "MAE": {
            "Temperature": 0.5154033614616177,
            "Precipitation": 0.37467307149440643,
            "Humidity": 1.6895957587215105,
            "Wind_Speed_kmh": 0.113771357690398,
            "Soil_Moisture": 75.26373088267322,
            "Soil_Temperature": 0.5679611673963993,
            "Wind_Dir_Sin": 0.099716734939606,
            "Wind_Dir_Cos": 0.10530580387936661
        },
        "R2": {
            "Temperature": 0.8276436208917042,
            "Precipitation": -274.1916292071613,
            "Humidity": 0.902925934043168,
            "Wind_Speed_kmh": 0.8053815526822815,
            "Soil_Moisture": 0.9658747282788893,
            "Soil_Temperature": 0.895839675124887,
            "Wind_Dir_Sin": 0.771778533872396,
            "Wind_Dir_Cos": 0.8644782792339872
        },
        "SMAPE": {
            "Temperature": 9.002884433547436,
            "Precipitation": 196.02296633542485,
            "Humidity": 2.0001213208202455,
            "Wind_Speed_kmh": 136.9026713158359,
            "Soil_Moisture": 1.1644877058411163,
            "Soil_Temperature": 16.448123449661296,
            "Wind_Dir_Sin": 126.99495115452189,
            "Wind_Dir_Cos": 27.87276058503408
        }
    }
}