{
    "trial_number": 5,
    "input_chunk_length": 46,
    "training_length": 66,
    "hidden_size": 165,
    "layer_size": 4,
    "dropout": 0.3499941548306862,
    "batch_size": 23,
    "lr": 3.3491213661483574e-05,
    "forecast_horizon": 21,
    "overall_smape_val": 73.62019645586966,
    "metrics": {
        "MSE": {
            "Temperature": 1.1730161340721663,
            "Precipitation": 0.30042345115940156,
            "Humidity": 25.629213109024818,
            "Wind_Speed_kmh": 0.19695547751752498,
            "Soil_Moisture": 316280.61924242554,
            "Soil_Temperature": 0.883786209088523,
            "Wind_Dir_Sin": 0.10114489747072797,
            "Wind_Dir_Cos": 0.18508739656405862
        },
        "RMSE": {
            "Temperature": 1.0830586937337081,
            "Precipitation": 0.5481089774482822,
            "Humidity": 5.062530306973462,
            "Wind_Speed_kmh": 0.4437966623550981,
            "Soil_Moisture": 562.3883171283215,
            "Soil_Temperature": 0.9400990421697721,
            "Wind_Dir_Sin": 0.318032855961028,
            "Wind_Dir_Cos": 0.43021784779813427
        },
        "MAE": {
            "Temperature": 0.6661798730920074,
            "Precipitation": 0.3359559433780799,
            "Humidity": 3.68817207491202,
            "Wind_Speed_kmh": 0.23570338667594068,
            "Soil_Moisture": 371.11261723665865,
            "Soil_Temperature": 0.6352542047061716,
            "Wind_Dir_Sin": 0.20668687707102634,
            "Wind_Dir_Cos": 0.2566133922874443
        },
        "R2": {
            "Temperature": 0.6570356390126384,
            "Precipitation": -374.80663403663084,
            "Humidity": 0.5147403234676695,
            "Wind_Speed_kmh": 0.4460488002407932,
            "Soil_Moisture": 0.6678843628212506,
            "Soil_Temperature": 0.8506910875665809,
            "Wind_Dir_Sin": 0.5316632778868042,
            "Wind_Dir_Cos": 0.4943741759969701
        },
        "SMAPE": {
            "Temperature": 11.969056196244775,
            "Precipitation": 195.26266197116843,
            "Humidity": 4.314788570437496,
            "Wind_Speed_kmh": 153.56524531563988,
            "Soil_Moisture": 5.544921257504723,
            "Soil_Temperature": 21.555519440095257,
            "Wind_Dir_Sin": 137.62771300661944,
            "Wind_Dir_Cos": 59.12166588924724
        }
    }
}