{
    "trial_number": 56,
    "input_chunk_length": 16,
    "training_length": 24,
    "hidden_size": 80,
    "layer_size": 1,
    "dropout": 0.3415517470912684,
    "batch_size": 34,
    "lr": 0.0031498343766754346,
    "forecast_horizon": 22,
    "overall_smape_val": 80.79627317131967,
    "metrics": {
        "MSE": {
            "Temperature": 4.6398946726584285,
            "Precipitation": 1.2750076090243825,
            "Humidity": 46.269265942360136,
            "Wind_Speed_kmh": 0.21234135539920596,
            "Soil_Moisture": 642680.8157407322,
            "Soil_Temperature": 9.417987463405264,
            "Wind_Dir_Sin": 0.11369781398900514,
            "Wind_Dir_Cos": 0.19116305872531794
        },
        "RMSE": {
            "Temperature": 2.154041474219665,
            "Precipitation": 1.1291623483912234,
            "Humidity": 6.802151567141101,
            "Wind_Speed_kmh": 0.4608051165071911,
            "Soil_Moisture": 801.6737589198815,
            "Soil_Temperature": 3.0688739732034067,
            "Wind_Dir_Sin": 0.3371910645153651,
            "Wind_Dir_Cos": 0.4372219787765912
        },
        "MAE": {
            "Temperature": 1.851841085230017,
            "Precipitation": 0.9850736971959607,
            "Humidity": 5.750472061496597,
            "Wind_Speed_kmh": 0.29386273117918194,
            "Soil_Moisture": 636.2045060737651,
            "Soil_Temperature": 2.7270393984910792,
            "Wind_Dir_Sin": 0.23476359018597803,
            "Wind_Dir_Cos": 0.2871305545531143
        },
        "R2": {
            "Temperature": -0.3576385659889092,
            "Precipitation": -1592.7298802762687,
            "Humidity": 0.12405738762960095,
            "Wind_Speed_kmh": 0.4031547508564134,
            "Soil_Moisture": 0.32551030404334125,
            "Soil_Temperature": -0.5920236868834727,
            "Wind_Dir_Sin": 0.47381791546207697,
            "Wind_Dir_Cos": 0.4779950833444385
        },
        "SMAPE": {
            "Temperature": 28.68583951870403,
            "Precipitation": 197.92323951526322,
            "Humidity": 6.892179305005723,
            "Wind_Speed_kmh": 155.70794755253615,
            "Soil_Moisture": 10.760405449983443,
            "Soil_Temperature": 44.2417131798867,
            "Wind_Dir_Sin": 135.13345559118574,
            "Wind_Dir_Cos": 67.02540525799202
        }
    }
}