{
    "trial_number": 74,
    "input_chunk_length": 12,
    "training_length": 16,
    "hidden_size": 87,
    "layer_size": 1,
    "dropout": 0.3031223949655472,
    "batch_size": 36,
    "lr": 0.00023019645367290158,
    "forecast_horizon": 3,
    "overall_smape_val": 68.73725630955121,
    "metrics": {
        "MSE": {
            "Temperature": 1.131643807689235,
            "Precipitation": 0.29940743208926546,
            "Humidity": 9.415271515342658,
            "Wind_Speed_kmh": 0.12808619923051448,
            "Soil_Moisture": 76512.73802475777,
            "Soil_Temperature": 1.0568993933163813,
            "Wind_Dir_Sin": 0.07481841420063529,
            "Wind_Dir_Cos": 0.0773688347182217
        },
        "RMSE": {
            "Temperature": 1.0637874823898028,
            "Precipitation": 0.5471813521029983,
            "Humidity": 3.068431442177364,
            "Wind_Speed_kmh": 0.3578913232121093,
            "Soil_Moisture": 276.6093599731538,
            "Soil_Temperature": 1.0280561236218484,
            "Wind_Dir_Sin": 0.2735295490447701,
            "Wind_Dir_Cos": 0.2781525385795026
        },
        "MAE": {
            "Temperature": 0.7307214459864172,
            "Precipitation": 0.4283686908147938,
            "Humidity": 2.241801682739414,
            "Wind_Speed_kmh": 0.18152172814018527,
            "Soil_Moisture": 134.8138085434677,
            "Soil_Temperature": 0.729228534200853,
            "Wind_Dir_Sin": 0.14489626947119028,
            "Wind_Dir_Cos": 0.15684524622380527
        },
        "R2": {
            "Temperature": 0.6728150740063099,
            "Precipitation": -378.63580633496474,
            "Humidity": 0.82135166155232,
            "Wind_Speed_kmh": 0.6356225362976629,
            "Soil_Moisture": 0.9188549349334018,
            "Soil_Temperature": 0.8230137574513987,
            "Wind_Dir_Sin": 0.6502520859312381,
            "Wind_Dir_Cos": 0.7870416067169748
        },
        "SMAPE": {
            "Temperature": 12.448186252703078,
            "Precipitation": 196.07794413223857,
            "Humidity": 2.6336724222756,
            "Wind_Speed_kmh": 144.73338095948444,
            "Soil_Moisture": 2.046990483287723,
            "Soil_Temperature": 19.559707232546643,
            "Wind_Dir_Sin": 132.43980090628474,
            "Wind_Dir_Cos": 39.95836808758875
        }
    }
}