{
    "trial_number": 27,
    "input_chunk_length": 28,
    "training_length": 32,
    "hidden_size": 90,
    "layer_size": 1,
    "dropout": 0.18087943594469977,
    "batch_size": 20,
    "lr": 2.4855124767960593e-05,
    "forecast_horizon": 4,
    "overall_smape_val": 71.8304832780355,
    "metrics": {
        "MSE": {
            "Temperature": 1.5581024957739513,
            "Precipitation": 0.5766390985908184,
            "Humidity": 16.736242153681676,
            "Wind_Speed_kmh": 0.16215328482097377,
            "Soil_Moisture": 111823.66249455929,
            "Soil_Temperature": 1.0387539551244964,
            "Wind_Dir_Sin": 0.08827668629512483,
            "Wind_Dir_Cos": 0.09868291905853636
        },
        "RMSE": {
            "Temperature": 1.2482397589301308,
            "Precipitation": 0.7593675648793662,
            "Humidity": 4.0909952522194,
            "Wind_Speed_kmh": 0.40268261052716664,
            "Soil_Moisture": 334.4004522941907,
            "Soil_Temperature": 1.0191927958558658,
            "Wind_Dir_Sin": 0.29711392814057846,
            "Wind_Dir_Cos": 0.3141383756540044
        },
        "MAE": {
            "Temperature": 0.913127275951715,
            "Precipitation": 0.5918683647845656,
            "Humidity": 3.3032114073120074,
            "Wind_Speed_kmh": 0.2131802733508118,
            "Soil_Moisture": 197.7140896348366,
            "Soil_Temperature": 0.8113582258814163,
            "Wind_Dir_Sin": 0.17658535055013216,
            "Wind_Dir_Cos": 0.1943991858694007
        },
        "R2": {
            "Temperature": 0.5493684580573999,
            "Precipitation": -729.6079948070934,
            "Humidity": 0.6825236710011702,
            "Wind_Speed_kmh": 0.53899937445192,
            "Soil_Moisture": 0.8814722769115633,
            "Soil_Temperature": 0.8259761862966554,
            "Wind_Dir_Sin": 0.5875572052298597,
            "Wind_Dir_Cos": 0.7284883419594385
        },
        "SMAPE": {
            "Temperature": 15.813567066361056,
            "Precipitation": 195.4621101836258,
            "Humidity": 3.9213218519749335,
            "Wind_Speed_kmh": 147.47579687596956,
            "Soil_Moisture": 3.019041631463383,
            "Soil_Temperature": 20.061810798497806,
            "Wind_Dir_Sin": 136.7999113723218,
            "Wind_Dir_Cos": 52.090306444069604
        }
    }
}