{
    "trial_number": 66,
    "input_chunk_length": 21,
    "training_length": 27,
    "hidden_size": 90,
    "layer_size": 1,
    "dropout": 0.23964347274350314,
    "batch_size": 31,
    "lr": 0.0017592019053928232,
    "forecast_horizon": 3,
    "overall_smape_val": 69.26476442618187,
    "metrics": {
        "MSE": {
            "Temperature": 0.8511471965733549,
            "Precipitation": 0.3102963445846129,
            "Humidity": 12.846527479343761,
            "Wind_Speed_kmh": 0.13458049731732796,
            "Soil_Moisture": 75988.55889168695,
            "Soil_Temperature": 0.8423123635042102,
            "Wind_Dir_Sin": 0.07593286721604978,
            "Wind_Dir_Cos": 0.07894985138825485
        },
        "RMSE": {
            "Temperature": 0.9225763906438073,
            "Precipitation": 0.5570424980058639,
            "Humidity": 3.584205278627852,
            "Wind_Speed_kmh": 0.36685214639869285,
            "Soil_Moisture": 275.6602236299008,
            "Soil_Temperature": 0.9177757697303902,
            "Wind_Dir_Sin": 0.27555919004099605,
            "Wind_Dir_Cos": 0.2809801619122867
        },
        "MAE": {
            "Temperature": 0.6495217299914945,
            "Precipitation": 0.4418003214600086,
            "Humidity": 2.858364399060983,
            "Wind_Speed_kmh": 0.21530147327085497,
            "Soil_Moisture": 138.78621876480054,
            "Soil_Temperature": 0.6721998153267866,
            "Wind_Dir_Sin": 0.14389730383305427,
            "Wind_Dir_Cos": 0.17326856271155622
        },
        "R2": {
            "Temperature": 0.7539132626111051,
            "Precipitation": -392.4424812275561,
            "Humidity": 0.756245926071554,
            "Wind_Speed_kmh": 0.6171476664083524,
            "Soil_Moisture": 0.9194108495556941,
            "Soil_Temperature": 0.8589480690294846,
            "Wind_Dir_Sin": 0.6450424377231965,
            "Wind_Dir_Cos": 0.7826898445244825
        },
        "SMAPE": {
            "Temperature": 11.423425017357436,
            "Precipitation": 195.91601695100576,
            "Humidity": 3.379268211701004,
            "Wind_Speed_kmh": 148.96746676954535,
            "Soil_Moisture": 2.1418725067498214,
            "Soil_Temperature": 17.866423859872132,
            "Wind_Dir_Sin": 133.15651510520001,
            "Wind_Dir_Cos": 41.267126988023215
        }
    }
}