{
    "trial_number": 89,
    "input_chunk_length": 25,
    "training_length": 28,
    "hidden_size": 92,
    "layer_size": 1,
    "dropout": 0.24241623929196465,
    "batch_size": 64,
    "lr": 0.000313890606710569,
    "forecast_horizon": 4,
    "overall_smape_val": 70.6357726004082,
    "metrics": {
        "MSE": {
            "Temperature": 1.1645758538355748,
            "Precipitation": 0.33353445260923575,
            "Humidity": 11.120644966320262,
            "Wind_Speed_kmh": 0.15010522070509486,
            "Soil_Moisture": 94739.2448604067,
            "Soil_Temperature": 1.397583238909012,
            "Wind_Dir_Sin": 0.08252318830447915,
            "Wind_Dir_Cos": 0.08515979877983955
        },
        "RMSE": {
            "Temperature": 1.0791551574428835,
            "Precipitation": 0.5775244173272986,
            "Humidity": 3.3347631049776627,
            "Wind_Speed_kmh": 0.38743415015340976,
            "Soil_Moisture": 307.7974087941721,
            "Soil_Temperature": 1.1821942475367624,
            "Wind_Dir_Sin": 0.28726849514779573,
            "Wind_Dir_Cos": 0.29182151870593703
        },
        "MAE": {
            "Temperature": 0.8065841980997893,
            "Precipitation": 0.45455386658730307,
            "Humidity": 2.435147014461397,
            "Wind_Speed_kmh": 0.20673940503082397,
            "Soil_Moisture": 150.41257033626513,
            "Soil_Temperature": 0.9609495446400328,
            "Wind_Dir_Sin": 0.16328429861479896,
            "Wind_Dir_Cos": 0.17267537789342907
        },
        "R2": {
            "Temperature": 0.6631835106185581,
            "Precipitation": -421.59177051196104,
            "Humidity": 0.7890481323353692,
            "Wind_Speed_kmh": 0.5732519343072178,
            "Soil_Moisture": 0.8995809408320153,
            "Soil_Temperature": 0.7658610453390097,
            "Wind_Dir_Sin": 0.6144384678888699,
            "Wind_Dir_Cos": 0.7656952349433495
        },
        "SMAPE": {
            "Temperature": 14.448832624859945,
            "Precipitation": 196.5206010527368,
            "Humidity": 2.868273114075763,
            "Wind_Speed_kmh": 146.37807027960673,
            "Soil_Moisture": 2.309063084281492,
            "Soil_Temperature": 23.687561538344816,
            "Wind_Dir_Sin": 136.02782543605989,
            "Wind_Dir_Cos": 42.8459536733005
        }
    }
}