{
    "trial_number": 38,
    "input_chunk_length": 49,
    "training_length": 52,
    "hidden_size": 195,
    "layer_size": 1,
    "dropout": 0.35985156818181774,
    "batch_size": 44,
    "lr": 9.400636338956034e-05,
    "forecast_horizon": 5,
    "overall_smape_val": 70.331633973776,
    "metrics": {
        "MSE": {
            "Temperature": 1.2667340242954033,
            "Precipitation": 0.18346871955431057,
            "Humidity": 12.396360123696455,
            "Wind_Speed_kmh": 0.15283227905067043,
            "Soil_Moisture": 107207.12471528027,
            "Soil_Temperature": 1.198743324461494,
            "Wind_Dir_Sin": 0.08591005315627516,
            "Wind_Dir_Cos": 0.09543049955182588
        },
        "RMSE": {
            "Temperature": 1.1254927917563058,
            "Precipitation": 0.428332487157244,
            "Humidity": 3.52084650669359,
            "Wind_Speed_kmh": 0.390937692031186,
            "Soil_Moisture": 327.42499097546033,
            "Soil_Temperature": 1.0948713734779507,
            "Wind_Dir_Sin": 0.2931041677565762,
            "Wind_Dir_Cos": 0.3089182732565781
        },
        "MAE": {
            "Temperature": 0.7795937174453714,
            "Precipitation": 0.3166666909830716,
            "Humidity": 2.592178508387596,
            "Wind_Speed_kmh": 0.2014201900519134,
            "Soil_Moisture": 162.60994961359842,
            "Soil_Temperature": 0.8385464462658573,
            "Wind_Dir_Sin": 0.18164591466910807,
            "Wind_Dir_Cos": 0.19096069717853312
        },
        "R2": {
            "Temperature": 0.633517455588003,
            "Precipitation": -231.2832347274715,
            "Humidity": 0.7649038466438982,
            "Wind_Speed_kmh": 0.5657725355966441,
            "Soil_Moisture": 0.8864288309121455,
            "Soil_Temperature": 0.7990844839628637,
            "Wind_Dir_Sin": 0.5988260957858704,
            "Wind_Dir_Cos": 0.7375470243648335
        },
        "SMAPE": {
            "Temperature": 13.216644766862025,
            "Precipitation": 194.7800239008647,
            "Humidity": 3.030455416474111,
            "Wind_Speed_kmh": 145.4568392391477,
            "Soil_Moisture": 2.4759201224527647,
            "Soil_Temperature": 20.809001859829987,
            "Wind_Dir_Sin": 135.2499491497023,
            "Wind_Dir_Cos": 47.6342373348742
        }
    }
}