{
    "trial_number": 24,
    "input_chunk_length": 39,
    "training_length": 43,
    "hidden_size": 37,
    "layer_size": 1,
    "dropout": 0.3058357121826465,
    "batch_size": 40,
    "lr": 0.0006763267055646807,
    "forecast_horizon": 3,
    "overall_smape_val": 68.77443371856859,
    "metrics": {
        "MSE": {
            "Temperature": 0.8284010155066622,
            "Precipitation": 0.5513200272508407,
            "Humidity": 8.95662740616555,
            "Wind_Speed_kmh": 0.1247565112316155,
            "Soil_Moisture": 76505.52538813358,
            "Soil_Temperature": 1.135879907912751,
            "Wind_Dir_Sin": 0.07347957173224967,
            "Wind_Dir_Cos": 0.07027364038316963
        },
        "RMSE": {
            "Temperature": 0.9101653781081008,
            "Precipitation": 0.7425092775520321,
            "Humidity": 2.9927625041365293,
            "Wind_Speed_kmh": 0.3532088776228813,
            "Soil_Moisture": 276.5963220799105,
            "Soil_Temperature": 1.0657766688724009,
            "Wind_Dir_Sin": 0.27107115621594574,
            "Wind_Dir_Cos": 0.2650917584218144
        },
        "MAE": {
            "Temperature": 0.6504915005023321,
            "Precipitation": 0.5574213934606422,
            "Humidity": 2.1057645415713444,
            "Wind_Speed_kmh": 0.17954154747189024,
            "Soil_Moisture": 139.18948770576108,
            "Soil_Temperature": 0.8239206344278,
            "Wind_Dir_Sin": 0.139963281401223,
            "Wind_Dir_Cos": 0.14910754647005756
        },
        "R2": {
            "Temperature": 0.7604897202547355,
            "Precipitation": -698.050192687223,
            "Humidity": 0.8300541198839557,
            "Wind_Speed_kmh": 0.645094776673657,
            "Soil_Moisture": 0.9188625842462257,
            "Soil_Temperature": 0.8097878396380633,
            "Wind_Dir_Sin": 0.6565106703397348,
            "Wind_Dir_Cos": 0.8065711910919563
        },
        "SMAPE": {
            "Temperature": 11.453900494526096,
            "Precipitation": 195.8146774202003,
            "Humidity": 2.480954050254165,
            "Wind_Speed_kmh": 145.2605243172664,
            "Soil_Moisture": 2.112121855556693,
            "Soil_Temperature": 22.54932812333979,
            "Wind_Dir_Sin": 132.9074068068884,
            "Wind_Dir_Cos": 37.61655668051671
        }
    }
}