{
    "trial_number": 86,
    "input_chunk_length": 29,
    "training_length": 31,
    "hidden_size": 86,
    "layer_size": 1,
    "dropout": 0.27796260323919614,
    "batch_size": 44,
    "lr": 6.762933607310015e-05,
    "forecast_horizon": 1,
    "overall_smape_val": 66.77811510737098,
    "metrics": {
        "MSE": {
            "Temperature": 1.3166595027914487,
            "Precipitation": 0.3696309154636346,
            "Humidity": 10.223909655286718,
            "Wind_Speed_kmh": 0.07243358778819055,
            "Soil_Moisture": 45367.48963651356,
            "Soil_Temperature": 0.9293581091427651,
            "Wind_Dir_Sin": 0.05306651211414073,
            "Wind_Dir_Cos": 0.05316075856706761
        },
        "RMSE": {
            "Temperature": 1.147457843579209,
            "Precipitation": 0.6079727917132761,
            "Humidity": 3.197484895239807,
            "Wind_Speed_kmh": 0.2691348877202481,
            "Soil_Moisture": 212.99645451629837,
            "Soil_Temperature": 0.9640322137474272,
            "Wind_Dir_Sin": 0.2303616984529779,
            "Wind_Dir_Cos": 0.23056616960661772
        },
        "MAE": {
            "Temperature": 0.8112900599421313,
            "Precipitation": 0.4896757782573221,
            "Humidity": 2.561325397772799,
            "Wind_Speed_kmh": 0.12445711222519441,
            "Soil_Moisture": 122.25453284002529,
            "Soil_Temperature": 0.7024213753042927,
            "Wind_Dir_Sin": 0.12175599919561722,
            "Wind_Dir_Cos": 0.12203104679243255
        },
        "R2": {
            "Temperature": 0.6194540095789585,
            "Precipitation": -468.0259734407025,
            "Humidity": 0.8059608702886825,
            "Wind_Speed_kmh": 0.793812461360031,
            "Soil_Moisture": 0.9518592501751496,
            "Soil_Temperature": 0.8444397726960006,
            "Wind_Dir_Sin": 0.7518032803861286,
            "Wind_Dir_Cos": 0.8536131360998375
        },
        "SMAPE": {
            "Temperature": 14.905581881029047,
            "Precipitation": 197.06696690735376,
            "Humidity": 3.0241047076132257,
            "Wind_Speed_kmh": 135.2658255739283,
            "Soil_Moisture": 1.8698015007093312,
            "Soil_Temperature": 21.08283531268089,
            "Wind_Dir_Sin": 128.99045912233512,
            "Wind_Dir_Cos": 32.01934585331824
        }
    }
}