{
    "trial_number": 91,
    "input_chunk_length": 21,
    "training_length": 26,
    "hidden_size": 107,
    "layer_size": 1,
    "dropout": 0.365958128140562,
    "batch_size": 33,
    "lr": 0.0020011243787205024,
    "forecast_horizon": 1,
    "overall_smape_val": 64.33450291608453,
    "metrics": {
        "MSE": {
            "Temperature": 0.5466277485700232,
            "Precipitation": 0.652022497207992,
            "Humidity": 3.37445010363316,
            "Wind_Speed_kmh": 0.06505483457275862,
            "Soil_Moisture": 30281.687262910284,
            "Soil_Temperature": 0.5486731411797597,
            "Wind_Dir_Sin": 0.048202585671138345,
            "Wind_Dir_Cos": 0.048813436143244675
        },
        "RMSE": {
            "Temperature": 0.7393427815093775,
            "Precipitation": 0.8074791001679189,
            "Humidity": 1.836967638156198,
            "Wind_Speed_kmh": 0.2550584924537088,
            "Soil_Moisture": 174.01634194210118,
            "Soil_Temperature": 0.7407247404939029,
            "Wind_Dir_Sin": 0.21955087262668382,
            "Wind_Dir_Cos": 0.22093762953205748
        },
        "MAE": {
            "Temperature": 0.4688526495474697,
            "Precipitation": 0.7243008722343348,
            "Humidity": 1.2993232150297882,
            "Wind_Speed_kmh": 0.11128011356101405,
            "Soil_Moisture": 72.93222126379376,
            "Soil_Temperature": 0.5200437423106121,
            "Wind_Dir_Sin": 0.10052643394650972,
            "Wind_Dir_Cos": 0.11057756199037919
        },
        "R2": {
            "Temperature": 0.8420115470019494,
            "Precipitation": -826.3536483673894,
            "Humidity": 0.9359564605478822,
            "Wind_Speed_kmh": 0.8148166254526691,
            "Soil_Moisture": 0.9678672295408464,
            "Soil_Temperature": 0.9081605704863858,
            "Wind_Dir_Sin": 0.7745522898744434,
            "Wind_Dir_Cos": 0.8655842010947702
        },
        "SMAPE": {
            "Temperature": 8.361130026689038,
            "Precipitation": 197.453108430526,
            "Humidity": 1.5307553734460075,
            "Wind_Speed_kmh": 136.86864672149332,
            "Soil_Moisture": 1.1324198006030952,
            "Soil_Temperature": 15.565135322028972,
            "Wind_Dir_Sin": 126.23244215307092,
            "Wind_Dir_Cos": 27.532385500818588
        }
    }
}