{
    "trial_number": 36,
    "input_chunk_length": 19,
    "training_length": 27,
    "hidden_size": 174,
    "layer_size": 2,
    "dropout": 0.21680736919287108,
    "batch_size": 26,
    "lr": 0.0005706339767145762,
    "forecast_horizon": 2,
    "overall_smape_val": 67.70849775701708,
    "metrics": {
        "MSE": {
            "Temperature": 0.9826409352596743,
            "Precipitation": 0.17294030220289353,
            "Humidity": 5.167248703015505,
            "Wind_Speed_kmh": 0.10869734701045712,
            "Soil_Moisture": 56891.63070019794,
            "Soil_Temperature": 1.6321215226680452,
            "Wind_Dir_Sin": 0.06697157439018941,
            "Wind_Dir_Cos": 0.06680287705848192
        },
        "RMSE": {
            "Temperature": 0.9912824699648806,
            "Precipitation": 0.4158609168975771,
            "Humidity": 2.27315831015253,
            "Wind_Speed_kmh": 0.3296928070347564,
            "Soil_Moisture": 238.5196652274146,
            "Soil_Temperature": 1.2775451157074826,
            "Wind_Dir_Sin": 0.2587886674299889,
            "Wind_Dir_Cos": 0.2584625254432099
        },
        "MAE": {
            "Temperature": 0.6875601468206203,
            "Precipitation": 0.3541139293767942,
            "Humidity": 1.6059178790038302,
            "Wind_Speed_kmh": 0.16086958585647146,
            "Soil_Moisture": 106.86651943952367,
            "Soil_Temperature": 1.1016453569468903,
            "Wind_Dir_Sin": 0.12652459045311598,
            "Wind_Dir_Cos": 0.13754066524658976
        },
        "R2": {
            "Temperature": 0.7159933398544869,
            "Precipitation": -218.4445599500229,
            "Humidity": 0.9019310151262341,
            "Wind_Speed_kmh": 0.6905850017768307,
            "Soil_Moisture": 0.9396306522002992,
            "Soil_Temperature": 0.726808005916922,
            "Wind_Dir_Sin": 0.6867680876544354,
            "Wind_Dir_Cos": 0.8160473263420045
        },
        "SMAPE": {
            "Temperature": 11.831757467115525,
            "Precipitation": 195.76960904900335,
            "Humidity": 1.9064884922816108,
            "Wind_Speed_kmh": 138.85932591107996,
            "Soil_Moisture": 1.652353418868354,
            "Soil_Temperature": 26.667947310403925,
            "Wind_Dir_Sin": 130.30733023390735,
            "Wind_Dir_Cos": 34.673170173476585
        }
    }
}