{
    "trial_number": 64,
    "input_chunk_length": 29,
    "training_length": 32,
    "hidden_size": 137,
    "layer_size": 1,
    "dropout": 0.3476788944104007,
    "batch_size": 38,
    "lr": 0.002806620284504152,
    "forecast_horizon": 4,
    "overall_smape_val": 72.59153967532362,
    "metrics": {
        "MSE": {
            "Temperature": 1.9993792969571922,
            "Precipitation": 1.0191434323920052,
            "Humidity": 11.786956032769726,
            "Wind_Speed_kmh": 0.16130251879403457,
            "Soil_Moisture": 99287.45296785091,
            "Soil_Temperature": 2.157618521213738,
            "Wind_Dir_Sin": 0.08527680183666374,
            "Wind_Dir_Cos": 0.09461106693999607
        },
        "RMSE": {
            "Temperature": 1.4139940936783266,
            "Precipitation": 1.0095263406132626,
            "Humidity": 3.433213659644521,
            "Wind_Speed_kmh": 0.4016248483274342,
            "Soil_Moisture": 315.0991161013482,
            "Soil_Temperature": 1.4688834266931254,
            "Wind_Dir_Sin": 0.2920219201304309,
            "Wind_Dir_Cos": 0.30758912032124297
        },
        "MAE": {
            "Temperature": 1.17351339732837,
            "Precipitation": 0.8321058692642026,
            "Humidity": 2.566373478374186,
            "Wind_Speed_kmh": 0.2518392048427172,
            "Soil_Moisture": 163.78123934822864,
            "Soil_Temperature": 1.1454838977030728,
            "Wind_Dir_Sin": 0.18191659481939548,
            "Wind_Dir_Cos": 0.20824199877166974
        },
        "R2": {
            "Temperature": 0.4217431921457845,
            "Precipitation": -1290.2657871801782,
            "Humidity": 0.7764086168811107,
            "Wind_Speed_kmh": 0.5414180961635834,
            "Soil_Moisture": 0.8947600582112735,
            "Soil_Temperature": 0.6385313367749498,
            "Wind_Dir_Sin": 0.6015731451338424,
            "Wind_Dir_Cos": 0.7396914491490936
        },
        "SMAPE": {
            "Temperature": 19.10918833528844,
            "Precipitation": 195.00625549653319,
            "Humidity": 3.0063118073640567,
            "Wind_Speed_kmh": 150.91497375338406,
            "Soil_Moisture": 2.520078830045399,
            "Soil_Temperature": 25.114356971239626,
            "Wind_Dir_Sin": 135.94191492945293,
            "Wind_Dir_Cos": 49.119237279280874
        }
    }
}