{
    "trial_number": 41,
    "input_chunk_length": 36,
    "training_length": 50,
    "hidden_size": 127,
    "layer_size": 1,
    "dropout": 0.3969195594274594,
    "batch_size": 41,
    "lr": 0.0005452539208067533,
    "forecast_horizon": 1,
    "overall_smape_val": 63.287881118373576,
    "metrics": {
        "MSE": {
            "Temperature": 0.4285395485404439,
            "Precipitation": 0.22120948129840842,
            "Humidity": 2.6521171554445817,
            "Wind_Speed_kmh": 0.0664547226667086,
            "Soil_Moisture": 31646.66711291224,
            "Soil_Temperature": 0.3849147040136909,
            "Wind_Dir_Sin": 0.04645961161721312,
            "Wind_Dir_Cos": 0.04900175521698602
        },
        "RMSE": {
            "Temperature": 0.6546293214792963,
            "Precipitation": 0.4703291201896906,
            "Humidity": 1.6285322089061,
            "Wind_Speed_kmh": 0.25778813523261424,
            "Soil_Moisture": 177.8951014303436,
            "Soil_Temperature": 0.6204149450276732,
            "Wind_Dir_Sin": 0.21554491786449784,
            "Wind_Dir_Cos": 0.22136340080732864
        },
        "MAE": {
            "Temperature": 0.4292576402540732,
            "Precipitation": 0.37269449933576787,
            "Humidity": 1.0202820411924243,
            "Wind_Speed_kmh": 0.11256686763317897,
            "Soil_Moisture": 74.44206882514368,
            "Soil_Temperature": 0.43342650708454267,
            "Wind_Dir_Sin": 0.09833005352361524,
            "Wind_Dir_Cos": 0.10592591860442024
        },
        "R2": {
            "Temperature": 0.8761418524772991,
            "Precipitation": -279.69349169606033,
            "Humidity": 0.9496655856628371,
            "Wind_Speed_kmh": 0.8108317409636254,
            "Soil_Moisture": 0.9664188101109553,
            "Soil_Temperature": 0.9355712095693101,
            "Wind_Dir_Sin": 0.7827043320065106,
            "Wind_Dir_Cos": 0.8650656336521556
        },
        "SMAPE": {
            "Temperature": 7.397221597936401,
            "Precipitation": 194.6126850159513,
            "Humidity": 1.2033728972678768,
            "Wind_Speed_kmh": 133.43125553533815,
            "Soil_Moisture": 1.1419409249629502,
            "Soil_Temperature": 14.684194924656833,
            "Wind_Dir_Sin": 126.2189349555476,
            "Wind_Dir_Cos": 27.613443095326975
        }
    }
}