{
    "trial_number": 92,
    "input_chunk_length": 19,
    "training_length": 27,
    "hidden_size": 127,
    "layer_size": 1,
    "dropout": 0.33744450111688135,
    "batch_size": 33,
    "lr": 0.0002559747161136512,
    "forecast_horizon": 2,
    "overall_smape_val": 65.8912393734392,
    "metrics": {
        "MSE": {
            "Temperature": 0.6427847816271388,
            "Precipitation": 0.296713043338942,
            "Humidity": 4.825830568287718,
            "Wind_Speed_kmh": 0.10424711257214843,
            "Soil_Moisture": 54718.38327257869,
            "Soil_Temperature": 0.5854751155953454,
            "Wind_Dir_Sin": 0.06332137828300377,
            "Wind_Dir_Cos": 0.0655759404854774
        },
        "RMSE": {
            "Temperature": 0.8017385993122315,
            "Precipitation": 0.5447137260423516,
            "Humidity": 2.1967773142236604,
            "Wind_Speed_kmh": 0.3228732143925049,
            "Soil_Moisture": 233.9196085679409,
            "Soil_Temperature": 0.7651634567825004,
            "Wind_Dir_Sin": 0.2516373944448714,
            "Wind_Dir_Cos": 0.2560779968788365
        },
        "MAE": {
            "Temperature": 0.5349653230145851,
            "Precipitation": 0.3943805643621886,
            "Humidity": 1.471942590606138,
            "Wind_Speed_kmh": 0.14168815454095793,
            "Soil_Moisture": 106.5323936792801,
            "Soil_Temperature": 0.5731737477093907,
            "Wind_Dir_Sin": 0.12072968377105135,
            "Wind_Dir_Cos": 0.13501052049848336
        },
        "R2": {
            "Temperature": 0.8142198717031421,
            "Precipitation": -375.5002280992706,
            "Humidity": 0.9084107748232483,
            "Wind_Speed_kmh": 0.7032529216359005,
            "Soil_Moisture": 0.9419367476346896,
            "Soil_Temperature": 0.9020004870384616,
            "Wind_Dir_Sin": 0.7038403741804871,
            "Wind_Dir_Cos": 0.8194258973400077
        },
        "SMAPE": {
            "Temperature": 9.215536428385523,
            "Precipitation": 194.43051114739583,
            "Humidity": 1.721142440410739,
            "Wind_Speed_kmh": 138.91182595986868,
            "Soil_Moisture": 1.6281394230343234,
            "Soil_Temperature": 17.34916347858363,
            "Wind_Dir_Sin": 130.49754617223718,
            "Wind_Dir_Cos": 33.37604993759771
        }
    }
}