{
    "trial_number": 42,
    "input_chunk_length": 35,
    "training_length": 45,
    "hidden_size": 112,
    "layer_size": 1,
    "dropout": 0.3874041291785146,
    "batch_size": 46,
    "lr": 0.0016038477035568248,
    "forecast_horizon": 1,
    "overall_smape_val": 63.801062153287596,
    "metrics": {
        "MSE": {
            "Temperature": 0.4960842319915762,
            "Precipitation": 0.40040541806382035,
            "Humidity": 3.124953239924985,
            "Wind_Speed_kmh": 0.06707885420850206,
            "Soil_Moisture": 29595.69183055261,
            "Soil_Temperature": 0.43805656672646254,
            "Wind_Dir_Sin": 0.04556856797141559,
            "Wind_Dir_Cos": 0.047268866310544305
        },
        "RMSE": {
            "Temperature": 0.7043324726232464,
            "Precipitation": 0.6327759619832444,
            "Humidity": 1.7677537271704407,
            "Wind_Speed_kmh": 0.25899585751224297,
            "Soil_Moisture": 172.03398452210718,
            "Soil_Temperature": 0.6618584189435551,
            "Wind_Dir_Sin": 0.213467955373671,
            "Wind_Dir_Cos": 0.21741404349890625
        },
        "MAE": {
            "Temperature": 0.5030769240285258,
            "Precipitation": 0.5178126485939413,
            "Humidity": 1.2129020729255087,
            "Wind_Speed_kmh": 0.11456905311838048,
            "Soil_Moisture": 73.9504470546917,
            "Soil_Temperature": 0.4292756874439522,
            "Wind_Dir_Sin": 0.09808959092648095,
            "Wind_Dir_Cos": 0.10498398499084317
        },
        "R2": {
            "Temperature": 0.8566198284406427,
            "Precipitation": -507.07584842505196,
            "Humidity": 0.9406916505027938,
            "Wind_Speed_kmh": 0.8090551045947869,
            "Soil_Moisture": 0.9685951590506057,
            "Soil_Temperature": 0.9266760805962796,
            "Wind_Dir_Sin": 0.786871821089721,
            "Wind_Dir_Cos": 0.8698374273462082
        },
        "SMAPE": {
            "Temperature": 8.757701101022992,
            "Precipitation": 196.31836152320585,
            "Humidity": 1.428961685002334,
            "Wind_Speed_kmh": 135.12702826416185,
            "Soil_Moisture": 1.1482758517379934,
            "Soil_Temperature": 15.43896934395934,
            "Wind_Dir_Sin": 125.27897051077561,
            "Wind_Dir_Cos": 26.910228946434813
        }
    }
}