{
    "trial_number": 0,
    "input_chunk_length": 13,
    "training_length": 29,
    "hidden_size": 128,
    "layer_size": 2,
    "dropout": 0.1522316917206651,
    "batch_size": 50,
    "lr": 0.001294414131310825,
    "forecast_horizon": 1,
    "overall_smape_val": 65.06572055887548,
    "metrics": {
        "MSE": {
            "Temperature": 0.7625979383615775,
            "Precipitation": 0.05956206247619637,
            "Humidity": 4.7024603878711275,
            "Wind_Speed_kmh": 0.07540531993594302,
            "Soil_Moisture": 40991.641683188,
            "Soil_Temperature": 0.9736461006828366,
            "Wind_Dir_Sin": 0.048020420805440965,
            "Wind_Dir_Cos": 0.05014602528042494
        },
        "RMSE": {
            "Temperature": 0.8732685373707091,
            "Precipitation": 0.2440534008699661,
            "Humidity": 2.1685157107734145,
            "Wind_Speed_kmh": 0.27460029121605645,
            "Soil_Moisture": 202.4639268689314,
            "Soil_Temperature": 0.986735071173026,
            "Wind_Dir_Sin": 0.21913562194549968,
            "Wind_Dir_Cos": 0.22393308214827246
        },
        "MAE": {
            "Temperature": 0.6619317710267321,
            "Precipitation": 0.19228678279477682,
            "Humidity": 1.6593004900864226,
            "Wind_Speed_kmh": 0.12460549371888334,
            "Soil_Moisture": 125.61401448510786,
            "Soil_Temperature": 0.8471457066642453,
            "Wind_Dir_Sin": 0.10200058864990623,
            "Wind_Dir_Cos": 0.10807741563948219
        },
        "R2": {
            "Temperature": 0.7795910126106328,
            "Precipitation": -74.57851133202193,
            "Humidity": 0.9107522120275554,
            "Wind_Speed_kmh": 0.7853532070865287,
            "Soil_Moisture": 0.9565025884616719,
            "Soil_Temperature": 0.8370266453309573,
            "Wind_Dir_Sin": 0.7754042908877706,
            "Wind_Dir_Cos": 0.861914698440606
        },
        "SMAPE": {
            "Temperature": 11.184935412813642,
            "Precipitation": 194.5035233670447,
            "Humidity": 1.9398806431068318,
            "Wind_Speed_kmh": 134.98607983163222,
            "Soil_Moisture": 2.0111486427467433,
            "Soil_Temperature": 21.241375461959787,
            "Wind_Dir_Sin": 126.45057033644885,
            "Wind_Dir_Cos": 28.208250775251198
        }
    }
}