{
    "trial_number": 48,
    "input_chunk_length": 37,
    "training_length": 47,
    "hidden_size": 121,
    "layer_size": 1,
    "dropout": 0.14214424287358746,
    "batch_size": 45,
    "lr": 0.00020101511927619786,
    "forecast_horizon": 3,
    "overall_smape_val": 67.74114577890825,
    "metrics": {
        "MSE": {
            "Temperature": 0.7599883891407689,
            "Precipitation": 0.24547415481124782,
            "Humidity": 8.48691362330185,
            "Wind_Speed_kmh": 0.11834909586493614,
            "Soil_Moisture": 75199.50008871303,
            "Soil_Temperature": 0.7406176419236025,
            "Wind_Dir_Sin": 0.0752689075717567,
            "Wind_Dir_Cos": 0.07095765810693429
        },
        "RMSE": {
            "Temperature": 0.8717731293982219,
            "Precipitation": 0.4954534840035418,
            "Humidity": 2.9132307878542427,
            "Wind_Speed_kmh": 0.34401903416080937,
            "Soil_Moisture": 274.2252725200816,
            "Soil_Temperature": 0.8605914489022084,
            "Wind_Dir_Sin": 0.27435179527707976,
            "Wind_Dir_Cos": 0.2663787868936532
        },
        "MAE": {
            "Temperature": 0.639294767854864,
            "Precipitation": 0.34364876122712673,
            "Humidity": 2.1319688320953736,
            "Wind_Speed_kmh": 0.17444383196729354,
            "Soil_Moisture": 128.67962717409839,
            "Soil_Temperature": 0.6142257236595939,
            "Wind_Dir_Sin": 0.13925574559853646,
            "Wind_Dir_Cos": 0.14624823538849605
        },
        "R2": {
            "Temperature": 0.7802694247363647,
            "Precipitation": -310.2507196159983,
            "Humidity": 0.8389666177038894,
            "Wind_Speed_kmh": 0.6633224840630867,
            "Soil_Moisture": 0.9202476805143244,
            "Soil_Temperature": 0.8759776621708917,
            "Wind_Dir_Sin": 0.6481461990511848,
            "Wind_Dir_Cos": 0.8046884263332449
        },
        "SMAPE": {
            "Temperature": 11.141148433613251,
            "Precipitation": 194.79275690717802,
            "Humidity": 2.4905450643522604,
            "Wind_Speed_kmh": 143.80082517552864,
            "Soil_Moisture": 1.9848929586138995,
            "Soil_Temperature": 17.9394074358182,
            "Wind_Dir_Sin": 133.4371384177441,
            "Wind_Dir_Cos": 36.342451838417304
        }
    }
}