{
    "trial_number": 3,
    "input_chunk_length": 16,
    "training_length": 32,
    "hidden_size": 232,
    "layer_size": 4,
    "dropout": 0.1440720898371046,
    "batch_size": 64,
    "lr": 0.0014436197462555885,
    "forecast_horizon": 12,
    "overall_smape_val": 76.57880197597405,
    "metrics": {
        "MSE": {
            "Temperature": 1.6650501288425958,
            "Precipitation": 0.0948008039211299,
            "Humidity": 73.432631605663,
            "Wind_Speed_kmh": 0.21542850537587138,
            "Soil_Moisture": 211296.62796239863,
            "Soil_Temperature": 1.5587115814799357,
            "Wind_Dir_Sin": 0.2413628218357011,
            "Wind_Dir_Cos": 0.19426913563276413
        },
        "RMSE": {
            "Temperature": 1.2903682144421398,
            "Precipitation": 0.3078973918712692,
            "Humidity": 8.569284194474063,
            "Wind_Speed_kmh": 0.46414276400249027,
            "Soil_Moisture": 459.67012950854075,
            "Soil_Temperature": 1.2484837129413966,
            "Wind_Dir_Sin": 0.4912869037901388,
            "Wind_Dir_Cos": 0.44075972551126325
        },
        "MAE": {
            "Temperature": 0.9464986081281032,
            "Precipitation": 0.2674392959639845,
            "Humidity": 7.72709035899009,
            "Wind_Speed_kmh": 0.2096212112994429,
            "Soil_Moisture": 280.16051201904725,
            "Soil_Temperature": 0.9548241208847311,
            "Wind_Dir_Sin": 0.4264411570198607,
            "Wind_Dir_Cos": 0.3180302760879022
        },
        "R2": {
            "Temperature": 0.5172543026704989,
            "Precipitation": -118.39593760307734,
            "Humidity": -0.39057098850092964,
            "Wind_Speed_kmh": 0.3906231433689964,
            "Soil_Moisture": 0.777034512875164,
            "Soil_Temperature": 0.7380024020972458,
            "Wind_Dir_Sin": -0.12293304143291794,
            "Wind_Dir_Cos": 0.46728688026078724
        },
        "SMAPE": {
            "Temperature": 16.413635317380685,
            "Precipitation": 194.95406592648632,
            "Humidity": 9.494620928071187,
            "Wind_Speed_kmh": 148.66787982771368,
            "Soil_Moisture": 4.356028260556186,
            "Soil_Temperature": 23.00175938160063,
            "Wind_Dir_Sin": 153.33193586555691,
            "Wind_Dir_Cos": 62.41049030042666
        }
    }
}