{
    "trial_number": 14,
    "input_chunk_length": 27,
    "training_length": 31,
    "hidden_size": 90,
    "layer_size": 2,
    "dropout": 0.2996014736778872,
    "batch_size": 34,
    "lr": 0.0001443583790367719,
    "forecast_horizon": 6,
    "overall_smape_val": 72.18977450236298,
    "metrics": {
        "MSE": {
            "Temperature": 1.3660129479752554,
            "Precipitation": 0.295885892472368,
            "Humidity": 10.44299628134634,
            "Wind_Speed_kmh": 0.18138054946563142,
            "Soil_Moisture": 132324.00946311234,
            "Soil_Temperature": 1.5362701210542808,
            "Wind_Dir_Sin": 0.08322772956017432,
            "Wind_Dir_Cos": 0.09742051974368211
        },
        "RMSE": {
            "Temperature": 1.1687655658750626,
            "Precipitation": 0.5439539433374557,
            "Humidity": 3.231562513915883,
            "Wind_Speed_kmh": 0.42588795412130576,
            "Soil_Moisture": 363.76367254456886,
            "Soil_Temperature": 1.23946364248988,
            "Wind_Dir_Sin": 0.2884921655091769,
            "Wind_Dir_Cos": 0.31212260370515
        },
        "MAE": {
            "Temperature": 0.8777750095025474,
            "Precipitation": 0.3810123630274003,
            "Humidity": 2.2039842779053522,
            "Wind_Speed_kmh": 0.24269552461070648,
            "Soil_Moisture": 189.65504348955636,
            "Soil_Temperature": 1.0486268821363687,
            "Wind_Dir_Sin": 0.1562502563187526,
            "Wind_Dir_Cos": 0.18590300057641065
        },
        "R2": {
            "Temperature": 0.6046952702263448,
            "Precipitation": -373.3306193289833,
            "Humidity": 0.8019866774410712,
            "Wind_Speed_kmh": 0.48498581750353154,
            "Soil_Moisture": 0.8598988567329022,
            "Soil_Temperature": 0.7424001471057866,
            "Wind_Dir_Sin": 0.6115566890002024,
            "Wind_Dir_Cos": 0.7321864312468696
        },
        "SMAPE": {
            "Temperature": 15.52071117292809,
            "Precipitation": 195.66501010971226,
            "Humidity": 2.598302948632127,
            "Wind_Speed_kmh": 152.457146501664,
            "Soil_Moisture": 2.881060828180271,
            "Soil_Temperature": 25.92655382275105,
            "Wind_Dir_Sin": 135.85496448952014,
            "Wind_Dir_Cos": 46.61444614551582
        }
    }
}