{
    "trial_number": 88,
    "input_chunk_length": 45,
    "training_length": 47,
    "hidden_size": 100,
    "layer_size": 3,
    "dropout": 0.3199729821933873,
    "batch_size": 46,
    "lr": 0.00020101776277431526,
    "forecast_horizon": 2,
    "overall_smape_val": 66.92405466540455,
    "metrics": {
        "MSE": {
            "Temperature": 0.817504714422947,
            "Precipitation": 0.3963825074381475,
            "Humidity": 8.531718616360076,
            "Wind_Speed_kmh": 0.12283416167414699,
            "Soil_Moisture": 78348.89079453365,
            "Soil_Temperature": 0.7258912029221007,
            "Wind_Dir_Sin": 0.06511639038072324,
            "Wind_Dir_Cos": 0.06420700802465115
        },
        "RMSE": {
            "Temperature": 0.9041596730793444,
            "Precipitation": 0.6295891576561238,
            "Humidity": 2.9209105800007085,
            "Wind_Speed_kmh": 0.35047704871239,
            "Soil_Moisture": 279.90871868259774,
            "Soil_Temperature": 0.8519924899446595,
            "Wind_Dir_Sin": 0.2551791339054258,
            "Wind_Dir_Cos": 0.2533910180425722
        },
        "MAE": {
            "Temperature": 0.6568392837723336,
            "Precipitation": 0.5356884607714625,
            "Humidity": 2.194408049137697,
            "Wind_Speed_kmh": 0.16269189590090685,
            "Soil_Moisture": 138.96373874827532,
            "Soil_Temperature": 0.6080145902186288,
            "Wind_Dir_Sin": 0.12260008119551535,
            "Wind_Dir_Cos": 0.1301954694161626
        },
        "R2": {
            "Temperature": 0.7637216451448593,
            "Precipitation": -501.97116293113316,
            "Humidity": 0.8380768892647332,
            "Wind_Speed_kmh": 0.6503435183887766,
            "Soil_Moisture": 0.916861735550858,
            "Soil_Temperature": 0.8784969976442211,
            "Wind_Dir_Sin": 0.6954449455651123,
            "Wind_Dir_Cos": 0.8231954772939631
        },
        "SMAPE": {
            "Temperature": 11.114807721176273,
            "Precipitation": 194.91370799257876,
            "Humidity": 2.6101750564340342,
            "Wind_Speed_kmh": 141.59557040879895,
            "Soil_Moisture": 2.105197779648213,
            "Soil_Temperature": 17.495124555839066,
            "Wind_Dir_Sin": 131.3561832139721,
            "Wind_Dir_Cos": 34.20167059478928
        }
    }
}