{
    "trial_number": 46,
    "input_chunk_length": 30,
    "training_length": 33,
    "hidden_size": 143,
    "layer_size": 1,
    "dropout": 0.3754513160521715,
    "batch_size": 39,
    "lr": 0.002276336906506042,
    "forecast_horizon": 6,
    "overall_smape_val": 75.3991178134708,
    "metrics": {
        "MSE": {
            "Temperature": 2.4509889475504067,
            "Precipitation": 0.7059512990301483,
            "Humidity": 16.832866652532417,
            "Wind_Speed_kmh": 0.17313317757963936,
            "Soil_Moisture": 119502.41583828948,
            "Soil_Temperature": 2.3296563133037047,
            "Wind_Dir_Sin": 0.1088491732775739,
            "Wind_Dir_Cos": 0.11346155121686087
        },
        "RMSE": {
            "Temperature": 1.5655634600840704,
            "Precipitation": 0.840209080544925,
            "Humidity": 4.1027876684679185,
            "Wind_Speed_kmh": 0.41609275117410943,
            "Soil_Moisture": 345.69121458071436,
            "Soil_Temperature": 1.5263211697751247,
            "Wind_Dir_Sin": 0.32992298082669824,
            "Wind_Dir_Cos": 0.33684054271548264
        },
        "MAE": {
            "Temperature": 1.1240500315836721,
            "Precipitation": 0.7305829564262425,
            "Humidity": 3.166098240972605,
            "Wind_Speed_kmh": 0.2509259604058275,
            "Soil_Moisture": 184.84966935940236,
            "Soil_Temperature": 1.2228558990166811,
            "Wind_Dir_Sin": 0.21450501539299993,
            "Wind_Dir_Cos": 0.21104493411779457
        },
        "R2": {
            "Temperature": 0.2907186384830813,
            "Precipitation": -892.1118167681283,
            "Humidity": 0.6808260996881615,
            "Wind_Speed_kmh": 0.5084035075597269,
            "Soil_Moisture": 0.8734740191893011,
            "Soil_Temperature": 0.6093661424663573,
            "Wind_Dir_Sin": 0.4919754090256485,
            "Wind_Dir_Cos": 0.688088884891992
        },
        "SMAPE": {
            "Temperature": 23.303940830833145,
            "Precipitation": 197.52975719049763,
            "Humidity": 3.7335853991179073,
            "Wind_Speed_kmh": 149.91233587465717,
            "Soil_Moisture": 2.8266925959389186,
            "Soil_Temperature": 29.08275621997718,
            "Wind_Dir_Sin": 141.57177095821976,
            "Wind_Dir_Cos": 55.23210343852473
        }
    }
}