{
    "trial_number": 83,
    "input_chunk_length": 19,
    "training_length": 33,
    "hidden_size": 95,
    "layer_size": 1,
    "dropout": 0.29710907835724076,
    "batch_size": 32,
    "lr": 0.00017899375112112595,
    "forecast_horizon": 1,
    "overall_smape_val": 64.16551830496496,
    "metrics": {
        "MSE": {
            "Temperature": 0.5965274305120627,
            "Precipitation": 0.44349729687423367,
            "Humidity": 4.828121155776791,
            "Wind_Speed_kmh": 0.06655905829490129,
            "Soil_Moisture": 32853.54921884993,
            "Soil_Temperature": 0.43369003389289146,
            "Wind_Dir_Sin": 0.047293172741004676,
            "Wind_Dir_Cos": 0.049949184457971606
        },
        "RMSE": {
            "Temperature": 0.7723518825717088,
            "Precipitation": 0.6659559271259876,
            "Humidity": 2.197298604144824,
            "Wind_Speed_kmh": 0.25799042287437973,
            "Soil_Moisture": 181.25548052086572,
            "Soil_Temperature": 0.6585514663964325,
            "Wind_Dir_Sin": 0.2174699352577378,
            "Wind_Dir_Cos": 0.2234931418589206
        },
        "MAE": {
            "Temperature": 0.5153481394698451,
            "Precipitation": 0.5041966661729029,
            "Humidity": 1.5533570986226726,
            "Wind_Speed_kmh": 0.11463339472797437,
            "Soil_Moisture": 75.17117409721196,
            "Soil_Temperature": 0.4672058379484088,
            "Wind_Dir_Sin": 0.09682959730317989,
            "Wind_Dir_Cos": 0.10850687385020612
        },
        "R2": {
            "Temperature": 0.8275893491246169,
            "Precipitation": -561.7552855632891,
            "Humidity": 0.9083673018644788,
            "Wind_Speed_kmh": 0.8105347419190329,
            "Soil_Moisture": 0.9651381527504636,
            "Soil_Temperature": 0.9274069709101836,
            "Wind_Dir_Sin": 0.7788056937075072,
            "Wind_Dir_Cos": 0.8624567319153562
        },
        "SMAPE": {
            "Temperature": 9.062000627539728,
            "Precipitation": 197.48686669222138,
            "Humidity": 1.843121884578552,
            "Wind_Speed_kmh": 135.33733261853146,
            "Soil_Moisture": 1.1621129467532225,
            "Soil_Temperature": 14.828932854374402,
            "Wind_Dir_Sin": 126.26571174092989,
            "Wind_Dir_Cos": 27.338067074791482
        }
    }
}