{
    "trial_number": 28,
    "input_chunk_length": 22,
    "training_length": 29,
    "hidden_size": 161,
    "layer_size": 2,
    "dropout": 0.23126097551318006,
    "batch_size": 33,
    "lr": 7.195467212074747e-05,
    "forecast_horizon": 3,
    "overall_smape_val": 68.71967757967508,
    "metrics": {
        "MSE": {
            "Temperature": 0.7747821531337534,
            "Precipitation": 0.09382561252094845,
            "Humidity": 6.5653035465693925,
            "Wind_Speed_kmh": 0.1302065716605334,
            "Soil_Moisture": 83244.82852824025,
            "Soil_Temperature": 1.1069054842791592,
            "Wind_Dir_Sin": 0.07401016150982044,
            "Wind_Dir_Cos": 0.08051396229080103
        },
        "RMSE": {
            "Temperature": 0.88021710568118,
            "Precipitation": 0.30630966769096346,
            "Humidity": 2.562284829321165,
            "Wind_Speed_kmh": 0.3608414771898228,
            "Soil_Moisture": 288.52179905206515,
            "Soil_Temperature": 1.0520957581319104,
            "Wind_Dir_Sin": 0.2720480867600808,
            "Wind_Dir_Cos": 0.28374982341985877
        },
        "MAE": {
            "Temperature": 0.5874606534901552,
            "Precipitation": 0.23390687702992125,
            "Humidity": 1.746531366646505,
            "Wind_Speed_kmh": 0.16792893152635657,
            "Soil_Moisture": 134.95832428333355,
            "Soil_Temperature": 0.8096751053457497,
            "Wind_Dir_Sin": 0.13688709913517788,
            "Wind_Dir_Cos": 0.1586091596810557
        },
        "R2": {
            "Temperature": 0.7759921985064113,
            "Precipitation": -117.96686002651597,
            "Humidity": 0.8754278548326498,
            "Wind_Speed_kmh": 0.629590536497558,
            "Soil_Moisture": 0.9117152620365495,
            "Soil_Temperature": 0.8146398382306916,
            "Wind_Dir_Sin": 0.6540303629192388,
            "Wind_Dir_Cos": 0.7783846156046491
        },
        "SMAPE": {
            "Temperature": 10.161892047596234,
            "Precipitation": 194.9394886884815,
            "Humidity": 2.0670802159094332,
            "Wind_Speed_kmh": 143.0771689513748,
            "Soil_Moisture": 2.0755208647259753,
            "Soil_Temperature": 22.427107439263885,
            "Wind_Dir_Sin": 133.0671303901684,
            "Wind_Dir_Cos": 41.942032039880296
        }
    }
}