{
    "trial_number": 84,
    "input_chunk_length": 23,
    "training_length": 29,
    "hidden_size": 116,
    "layer_size": 1,
    "dropout": 0.20699896529202227,
    "batch_size": 34,
    "lr": 0.00042578780751691044,
    "forecast_horizon": 3,
    "overall_smape_val": 69.05149604526243,
    "metrics": {
        "MSE": {
            "Temperature": 0.9509186495284813,
            "Precipitation": 0.33108059497498876,
            "Humidity": 8.163912717666095,
            "Wind_Speed_kmh": 0.12590228349087768,
            "Soil_Moisture": 78958.8635242792,
            "Soil_Temperature": 1.1388519359679958,
            "Wind_Dir_Sin": 0.07270101522581825,
            "Wind_Dir_Cos": 0.07944078051438012
        },
        "RMSE": {
            "Temperature": 0.9751505778742487,
            "Precipitation": 0.575396033158892,
            "Humidity": 2.8572561519167468,
            "Wind_Speed_kmh": 0.3548271177501484,
            "Soil_Moisture": 280.99619841606255,
            "Soil_Temperature": 1.0671700595350282,
            "Wind_Dir_Sin": 0.2696312578797537,
            "Wind_Dir_Cos": 0.2818524090980599
        },
        "MAE": {
            "Temperature": 0.7012193370030678,
            "Precipitation": 0.4650204384998122,
            "Humidity": 2.079612160536032,
            "Wind_Speed_kmh": 0.19356727181969666,
            "Soil_Moisture": 141.58618217171306,
            "Soil_Temperature": 0.7850978207704985,
            "Wind_Dir_Sin": 0.14583131844389244,
            "Wind_Dir_Cos": 0.1887300421708903
        },
        "R2": {
            "Temperature": 0.7250669814494886,
            "Precipitation": -418.79602095420415,
            "Humidity": 0.8450953390068165,
            "Wind_Speed_kmh": 0.6418353030354464,
            "Soil_Moisture": 0.9162607131352548,
            "Soil_Temperature": 0.8092901498091419,
            "Wind_Dir_Sin": 0.6601501288476209,
            "Wind_Dir_Cos": 0.7813385578171638
        },
        "SMAPE": {
            "Temperature": 11.992441534853286,
            "Precipitation": 194.86437601361493,
            "Humidity": 2.4490581981402615,
            "Wind_Speed_kmh": 144.95374162076354,
            "Soil_Moisture": 2.179792231377799,
            "Soil_Temperature": 20.643969051440077,
            "Wind_Dir_Sin": 132.85460105800806,
            "Wind_Dir_Cos": 42.473988653902076
        }
    }
}