{
    "trial_number": 68,
    "input_chunk_length": 14,
    "training_length": 25,
    "hidden_size": 65,
    "layer_size": 2,
    "dropout": 0.3959560797441673,
    "batch_size": 36,
    "lr": 0.003931292890308031,
    "forecast_horizon": 3,
    "overall_smape_val": 73.22179167455621,
    "metrics": {
        "MSE": {
            "Temperature": 1.459963030787361,
            "Precipitation": 0.5608317704131812,
            "Humidity": 31.613119105041072,
            "Wind_Speed_kmh": 0.38002657247574084,
            "Soil_Moisture": 124280.39650536989,
            "Soil_Temperature": 0.8052183157327063,
            "Wind_Dir_Sin": 0.07178979912370713,
            "Wind_Dir_Cos": 0.07933792708513439
        },
        "RMSE": {
            "Temperature": 1.208289299293576,
            "Precipitation": 0.7488870211274737,
            "Humidity": 5.622554499961835,
            "Wind_Speed_kmh": 0.6164629530440097,
            "Soil_Moisture": 352.5342486984348,
            "Soil_Temperature": 0.8973395766000217,
            "Wind_Dir_Sin": 0.2679361847972519,
            "Wind_Dir_Cos": 0.2816698902707465
        },
        "MAE": {
            "Temperature": 0.8355912126081769,
            "Precipitation": 0.6261456133148584,
            "Humidity": 4.8448358320477025,
            "Wind_Speed_kmh": 0.5265105395217083,
            "Soil_Moisture": 257.38710673557154,
            "Soil_Temperature": 0.6837486988205901,
            "Wind_Dir_Sin": 0.1362381221161404,
            "Wind_Dir_Cos": 0.15763823977330674
        },
        "R2": {
            "Temperature": 0.5778902399005897,
            "Precipitation": -710.1106758218222,
            "Humidity": 0.4001626833531994,
            "Wind_Speed_kmh": -0.08109319700395856,
            "Soil_Moisture": 0.8681952689019221,
            "Soil_Temperature": 0.8651597635176388,
            "Wind_Dir_Sin": 0.6644097210133224,
            "Wind_Dir_Cos": 0.7816216627794601
        },
        "SMAPE": {
            "Temperature": 14.40611159716753,
            "Precipitation": 195.3851512591338,
            "Humidity": 5.664897558531626,
            "Wind_Speed_kmh": 174.26411398368424,
            "Soil_Moisture": 4.10770206889182,
            "Soil_Temperature": 18.76453150355073,
            "Wind_Dir_Sin": 132.94231206934074,
            "Wind_Dir_Cos": 40.239513356149345
        }
    }
}