{
    "trial_number": 51,
    "input_chunk_length": 35,
    "training_length": 45,
    "hidden_size": 111,
    "layer_size": 1,
    "dropout": 0.3917759923536872,
    "batch_size": 45,
    "lr": 0.0016658768385850575,
    "forecast_horizon": 1,
    "overall_smape_val": 63.36995868458408,
    "metrics": {
        "MSE": {
            "Temperature": 0.48211117086085425,
            "Precipitation": 0.38979491728989935,
            "Humidity": 2.671560493502677,
            "Wind_Speed_kmh": 0.06831909642193197,
            "Soil_Moisture": 30980.44496378579,
            "Soil_Temperature": 0.5785331560861412,
            "Wind_Dir_Sin": 0.047369501915736,
            "Wind_Dir_Cos": 0.04842591261764524
        },
        "RMSE": {
            "Temperature": 0.6943422577237066,
            "Precipitation": 0.624335580669482,
            "Humidity": 1.6344908973446983,
            "Wind_Speed_kmh": 0.2613792195679143,
            "Soil_Moisture": 176.0126272850496,
            "Soil_Temperature": 0.7606136707199925,
            "Wind_Dir_Sin": 0.21764535813045957,
            "Wind_Dir_Cos": 0.2200588844324292
        },
        "MAE": {
            "Temperature": 0.43791564629088087,
            "Precipitation": 0.49686941073283386,
            "Humidity": 1.0673051275165832,
            "Wind_Speed_kmh": 0.11374084282715853,
            "Soil_Moisture": 76.23153495104222,
            "Soil_Temperature": 0.524905369527564,
            "Wind_Dir_Sin": 0.09747041620765706,
            "Wind_Dir_Cos": 0.10198127363841705
        },
        "R2": {
            "Temperature": 0.8606583762777493,
            "Precipitation": -493.6121465376182,
            "Humidity": 0.9492965714087328,
            "Wind_Speed_kmh": 0.8055246638543353,
            "Soil_Moisture": 0.9671257576204128,
            "Soil_Temperature": 0.9031624640939833,
            "Wind_Dir_Sin": 0.7784486954797285,
            "Wind_Dir_Cos": 0.8666513106531951
        },
        "SMAPE": {
            "Temperature": 7.773568305944342,
            "Precipitation": 195.0256903595194,
            "Humidity": 1.26193453227503,
            "Wind_Speed_kmh": 133.10688618890703,
            "Soil_Moisture": 1.1806585416823243,
            "Soil_Temperature": 15.599308582461436,
            "Wind_Dir_Sin": 126.52530311727654,
            "Wind_Dir_Cos": 26.48631984860631
        }
    }
}