{
    "trial_number": 95,
    "input_chunk_length": 27,
    "training_length": 30,
    "hidden_size": 112,
    "layer_size": 1,
    "dropout": 0.39247098332132313,
    "batch_size": 29,
    "lr": 0.001279443344803022,
    "forecast_horizon": 2,
    "overall_smape_val": 66.69131166367822,
    "metrics": {
        "MSE": {
            "Temperature": 0.6960847706933505,
            "Precipitation": 0.25105375481810793,
            "Humidity": 4.7004028011457555,
            "Wind_Speed_kmh": 0.10328888695550766,
            "Soil_Moisture": 54769.53089331987,
            "Soil_Temperature": 0.528718596405617,
            "Wind_Dir_Sin": 0.0633780687216086,
            "Wind_Dir_Cos": 0.06745575311735162
        },
        "RMSE": {
            "Temperature": 0.834316948583301,
            "Precipitation": 0.5010526467529215,
            "Humidity": 2.168041236034443,
            "Wind_Speed_kmh": 0.32138588481062397,
            "Soil_Moisture": 234.02891037929453,
            "Soil_Temperature": 0.7271303847355143,
            "Wind_Dir_Sin": 0.25175001235671984,
            "Wind_Dir_Cos": 0.259722454010722
        },
        "MAE": {
            "Temperature": 0.5551447000423902,
            "Precipitation": 0.387684699603815,
            "Humidity": 1.4577873135974817,
            "Wind_Speed_kmh": 0.16896740956987752,
            "Soil_Moisture": 113.38546902693513,
            "Soil_Temperature": 0.531889217629837,
            "Wind_Dir_Sin": 0.12744294369235934,
            "Wind_Dir_Cos": 0.14879333588787508
        },
        "R2": {
            "Temperature": 0.7988149039908141,
            "Precipitation": -317.5629957164425,
            "Humidity": 0.9107912628751234,
            "Wind_Speed_kmh": 0.7059805813776032,
            "Soil_Moisture": 0.9418824734212834,
            "Soil_Temperature": 0.9115006538087088,
            "Wind_Dir_Sin": 0.7035752280396416,
            "Wind_Dir_Cos": 0.8142495250812707
        },
        "SMAPE": {
            "Temperature": 9.428075702379545,
            "Precipitation": 196.3038532048453,
            "Humidity": 1.702267285556656,
            "Wind_Speed_kmh": 141.13687145588761,
            "Soil_Moisture": 1.7659229409830666,
            "Soil_Temperature": 16.093244287159266,
            "Wind_Dir_Sin": 129.92321860076493,
            "Wind_Dir_Cos": 37.177039831849456
        }
    }
}