{
    "trial_number": 93,
    "input_chunk_length": 22,
    "training_length": 29,
    "hidden_size": 119,
    "layer_size": 1,
    "dropout": 0.2525923064339548,
    "batch_size": 31,
    "lr": 0.00039030098505746675,
    "forecast_horizon": 1,
    "overall_smape_val": 64.35754939699967,
    "metrics": {
        "MSE": {
            "Temperature": 0.543722767888707,
            "Precipitation": 0.16624014153398223,
            "Humidity": 3.2100880403581264,
            "Wind_Speed_kmh": 0.06803794775975534,
            "Soil_Moisture": 31776.90277933983,
            "Soil_Temperature": 0.5469595022486022,
            "Wind_Dir_Sin": 0.04828598598240692,
            "Wind_Dir_Cos": 0.05005187117455504
        },
        "RMSE": {
            "Temperature": 0.7373755948556386,
            "Precipitation": 0.4077255713515921,
            "Humidity": 1.7916718562164575,
            "Wind_Speed_kmh": 0.26084084756754516,
            "Soil_Moisture": 178.26077184658388,
            "Soil_Temperature": 0.7395671046285133,
            "Wind_Dir_Sin": 0.21974072445135637,
            "Wind_Dir_Cos": 0.22372275515591847
        },
        "MAE": {
            "Temperature": 0.4782526775232576,
            "Precipitation": 0.2992192991281929,
            "Humidity": 1.1910109577219876,
            "Wind_Speed_kmh": 0.11519881395059835,
            "Soil_Moisture": 73.19961624481803,
            "Soil_Temperature": 0.519713840477523,
            "Wind_Dir_Sin": 0.0950854184891118,
            "Wind_Dir_Cos": 0.10919294350929643
        },
        "R2": {
            "Temperature": 0.8428511556845144,
            "Precipitation": -209.94270242546096,
            "Humidity": 0.9390758808861627,
            "Wind_Speed_kmh": 0.8063249742133312,
            "Soil_Moisture": 0.9662806132945567,
            "Soil_Temperature": 0.9084474072385756,
            "Wind_Dir_Sin": 0.7741622193224705,
            "Wind_Dir_Cos": 0.8621739672067623
        },
        "SMAPE": {
            "Temperature": 8.307245233967643,
            "Precipitation": 195.80554302123662,
            "Humidity": 1.40468054039669,
            "Wind_Speed_kmh": 135.97504793175773,
            "Soil_Moisture": 1.1338839627383084,
            "Soil_Temperature": 17.089873059990982,
            "Wind_Dir_Sin": 126.31467207540142,
            "Wind_Dir_Cos": 28.8294493505083
        }
    }
}