{
    "trial_number": 11,
    "input_chunk_length": 27,
    "training_length": 28,
    "hidden_size": 123,
    "layer_size": 1,
    "dropout": 0.22515924030612405,
    "batch_size": 33,
    "lr": 0.00025383077197746625,
    "forecast_horizon": 1,
    "overall_smape_val": 62.97331869023951,
    "metrics": {
        "MSE": {
            "Temperature": 0.43962993342222745,
            "Precipitation": 0.13242187615328208,
            "Humidity": 2.5088104996760165,
            "Wind_Speed_kmh": 0.0660791496911291,
            "Soil_Moisture": 30332.23328572908,
            "Soil_Temperature": 0.35627770942777093,
            "Wind_Dir_Sin": 0.044454535414766266,
            "Wind_Dir_Cos": 0.04784130718619874
        },
        "RMSE": {
            "Temperature": 0.6630459512147159,
            "Precipitation": 0.3638981672848629,
            "Humidity": 1.5839225043151628,
            "Wind_Speed_kmh": 0.25705865029430364,
            "Soil_Moisture": 174.16151493865996,
            "Soil_Temperature": 0.5968900312685502,
            "Wind_Dir_Sin": 0.210842442157091,
            "Wind_Dir_Cos": 0.21872655802668028
        },
        "MAE": {
            "Temperature": 0.40182450590975494,
            "Precipitation": 0.2780831698455294,
            "Humidity": 1.0018272103935224,
            "Wind_Speed_kmh": 0.11397602603039331,
            "Soil_Moisture": 68.11719401197243,
            "Soil_Temperature": 0.4040323150264333,
            "Wind_Dir_Sin": 0.08949760529165102,
            "Wind_Dir_Cos": 0.10097624815684748
        },
        "R2": {
            "Temperature": 0.8729364668099788,
            "Precipitation": -167.03058610433732,
            "Humidity": 0.9523853963521651,
            "Wind_Speed_kmh": 0.811900837080207,
            "Soil_Moisture": 0.9678135937003214,
            "Soil_Temperature": 0.9403646012051761,
            "Wind_Dir_Sin": 0.7920822488168853,
            "Wind_Dir_Cos": 0.8682611175490182
        },
        "SMAPE": {
            "Temperature": 7.086743774516379,
            "Precipitation": 194.96268603835415,
            "Humidity": 1.1852479515588428,
            "Wind_Speed_kmh": 134.40700444380118,
            "Soil_Moisture": 1.0563458034331519,
            "Soil_Temperature": 13.857330974329932,
            "Wind_Dir_Sin": 125.34512619909997,
            "Wind_Dir_Cos": 25.886064336822244
        }
    }
}