{
    "trial_number": 40,
    "input_chunk_length": 30,
    "training_length": 34,
    "hidden_size": 59,
    "layer_size": 1,
    "dropout": 0.15916126493823468,
    "batch_size": 40,
    "lr": 2.236778906661403e-05,
    "forecast_horizon": 11,
    "overall_smape_val": 81.47729190347589,
    "metrics": {
        "MSE": {
            "Temperature": 3.7633873258031807,
            "Precipitation": 0.6447407625125589,
            "Humidity": 70.59352502505911,
            "Wind_Speed_kmh": 0.25349604216547533,
            "Soil_Moisture": 391206.2716426594,
            "Soil_Temperature": 5.137092460392521,
            "Wind_Dir_Sin": 0.17368190697422836,
            "Wind_Dir_Cos": 0.1722030756834206
        },
        "RMSE": {
            "Temperature": 1.9399451862883086,
            "Precipitation": 0.8029575097802865,
            "Humidity": 8.40199530022834,
            "Wind_Speed_kmh": 0.5034839045743918,
            "Soil_Moisture": 625.4648444498374,
            "Soil_Temperature": 2.26651548867254,
            "Wind_Dir_Sin": 0.41675161304334307,
            "Wind_Dir_Cos": 0.4149735843200391
        },
        "MAE": {
            "Temperature": 1.4478354335492185,
            "Precipitation": 0.6434318273215104,
            "Humidity": 7.017232763311818,
            "Wind_Speed_kmh": 0.29615196158093454,
            "Soil_Moisture": 446.3109676454511,
            "Soil_Temperature": 1.7840464951392792,
            "Wind_Dir_Sin": 0.3255015681785495,
            "Wind_Dir_Cos": 0.2799571489049365
        },
        "R2": {
            "Temperature": -0.08990477476796643,
            "Precipitation": -811.6225381676882,
            "Humidity": -0.33670825912700986,
            "Wind_Speed_kmh": 0.28248885481882,
            "Soil_Moisture": 0.5869610157616096,
            "Soil_Temperature": 0.13693012673799698,
            "Wind_Dir_Sin": 0.19152311750305395,
            "Wind_Dir_Cos": 0.5275971347002975
        },
        "SMAPE": {
            "Temperature": 32.355866871251415,
            "Precipitation": 195.5164371712475,
            "Humidity": 8.139712258010753,
            "Wind_Speed_kmh": 151.88859044698617,
            "Soil_Moisture": 6.863105730443957,
            "Soil_Temperature": 43.866290513454864,
            "Wind_Dir_Sin": 150.96081933255428,
            "Wind_Dir_Cos": 62.2275129038582
        }
    }
}