{
    "trial_number": 53,
    "input_chunk_length": 34,
    "training_length": 49,
    "hidden_size": 117,
    "layer_size": 1,
    "dropout": 0.37539124358423714,
    "batch_size": 28,
    "lr": 0.001426035176310395,
    "forecast_horizon": 3,
    "overall_smape_val": 68.03453885980798,
    "metrics": {
        "MSE": {
            "Temperature": 0.8057214769185469,
            "Precipitation": 0.17959929284703405,
            "Humidity": 6.065627766484402,
            "Wind_Speed_kmh": 0.11899825396080044,
            "Soil_Moisture": 75457.34218289898,
            "Soil_Temperature": 0.7307400070770527,
            "Wind_Dir_Sin": 0.0747126089382831,
            "Wind_Dir_Cos": 0.0738039212670675
        },
        "RMSE": {
            "Temperature": 0.897619895567465,
            "Precipitation": 0.42379156769222537,
            "Humidity": 2.4628495216891353,
            "Wind_Speed_kmh": 0.344961235446536,
            "Soil_Moisture": 274.69499846720726,
            "Soil_Temperature": 0.8548333212252858,
            "Wind_Dir_Sin": 0.2733360732473544,
            "Wind_Dir_Cos": 0.2716687712400295
        },
        "MAE": {
            "Temperature": 0.6437133589296247,
            "Precipitation": 0.315147080586883,
            "Humidity": 1.68602080442337,
            "Wind_Speed_kmh": 0.17301617282892948,
            "Soil_Moisture": 123.65180191316064,
            "Soil_Temperature": 0.6245606603756595,
            "Wind_Dir_Sin": 0.1382790169160321,
            "Wind_Dir_Cos": 0.16414211509501314
        },
        "R2": {
            "Temperature": 0.7670469099853767,
            "Precipitation": -226.72421473106695,
            "Humidity": 0.8849088610605922,
            "Wind_Speed_kmh": 0.6614757700382043,
            "Soil_Moisture": 0.9199742278311535,
            "Soil_Temperature": 0.8776317509969552,
            "Wind_Dir_Sin": 0.6507466856925473,
            "Wind_Dir_Cos": 0.7968540621263884
        },
        "SMAPE": {
            "Temperature": 10.877151685737402,
            "Precipitation": 195.74445544389158,
            "Humidity": 1.9760138158775218,
            "Wind_Speed_kmh": 144.82616225721466,
            "Soil_Moisture": 1.9143738232237586,
            "Soil_Temperature": 16.859038365849003,
            "Wind_Dir_Sin": 132.98926921539726,
            "Wind_Dir_Cos": 39.08984627127226
        }
    }
}