{
    "trial_number": 9,
    "input_chunk_length": 68,
    "training_length": 88,
    "hidden_size": 60,
    "layer_size": 1,
    "dropout": 0.3371113113951293,
    "batch_size": 38,
    "lr": 0.003309579700325688,
    "forecast_horizon": 16,
    "overall_smape_val": 76.70925311064426,
    "metrics": {
        "MSE": {
            "Temperature": 1.6228741615514546,
            "Precipitation": 0.46907323107595794,
            "Humidity": 22.381106285851814,
            "Wind_Speed_kmh": 0.19952144094355423,
            "Soil_Moisture": 249562.49826437625,
            "Soil_Temperature": 2.376451241090297,
            "Wind_Dir_Sin": 0.1081749600176853,
            "Wind_Dir_Cos": 0.197219354306478
        },
        "RMSE": {
            "Temperature": 1.2739207830754056,
            "Precipitation": 0.6848892108041693,
            "Humidity": 4.730867392545664,
            "Wind_Speed_kmh": 0.44667822976226884,
            "Soil_Moisture": 499.5623066889417,
            "Soil_Temperature": 1.5415742736210594,
            "Wind_Dir_Sin": 0.3288996199719381,
            "Wind_Dir_Cos": 0.44409385754193675
        },
        "MAE": {
            "Temperature": 1.0013829420710443,
            "Precipitation": 0.5423908122987783,
            "Humidity": 3.4468190376807835,
            "Wind_Speed_kmh": 0.24305414380763588,
            "Soil_Moisture": 294.10206419493744,
            "Soil_Temperature": 1.136552856621686,
            "Wind_Dir_Sin": 0.22139811557509204,
            "Wind_Dir_Cos": 0.3026612538122796
        },
        "R2": {
            "Temperature": 0.5278141623680571,
            "Precipitation": -587.9940473052882,
            "Humidity": 0.575925053137557,
            "Wind_Speed_kmh": 0.43704713085145275,
            "Soil_Moisture": 0.737228029565689,
            "Soil_Temperature": 0.5996799271107986,
            "Wind_Dir_Sin": 0.49778311294248345,
            "Wind_Dir_Cos": 0.4601026153177459
        },
        "SMAPE": {
            "Temperature": 18.53189940482791,
            "Precipitation": 196.38843579031175,
            "Humidity": 4.059736122161568,
            "Wind_Speed_kmh": 154.3636877887916,
            "Soil_Moisture": 4.504874042753969,
            "Soil_Temperature": 27.26858256859521,
            "Wind_Dir_Sin": 143.34114809135858,
            "Wind_Dir_Cos": 65.21566107635321
        }
    }
}