{
    "trial_number": 23,
    "input_chunk_length": 19,
    "training_length": 26,
    "hidden_size": 72,
    "layer_size": 2,
    "dropout": 0.1832231956935186,
    "batch_size": 22,
    "lr": 0.00019551046610818902,
    "forecast_horizon": 7,
    "overall_smape_val": 70.77632498772061,
    "metrics": {
        "MSE": {
            "Temperature": 1.0853681722138482,
            "Precipitation": 0.060566072502714195,
            "Humidity": 14.887376155932746,
            "Wind_Speed_kmh": 0.18254778690850207,
            "Soil_Moisture": 154594.83367138015,
            "Soil_Temperature": 1.2054814068919135,
            "Wind_Dir_Sin": 0.09178047897450026,
            "Wind_Dir_Cos": 0.10051302837681192
        },
        "RMSE": {
            "Temperature": 1.0418100461282989,
            "Precipitation": 0.24610175233572432,
            "Humidity": 3.8584162756152613,
            "Wind_Speed_kmh": 0.42725611395099083,
            "Soil_Moisture": 393.1854952454123,
            "Soil_Temperature": 1.0979441729395505,
            "Wind_Dir_Sin": 0.3029529319457071,
            "Wind_Dir_Cos": 0.3170378973826503
        },
        "MAE": {
            "Temperature": 0.7637400068081641,
            "Precipitation": 0.19302120042522078,
            "Humidity": 2.934392088970087,
            "Wind_Speed_kmh": 0.21520626203215018,
            "Soil_Moisture": 205.25123083033344,
            "Soil_Temperature": 0.784914188802077,
            "Wind_Dir_Sin": 0.16279519256550293,
            "Wind_Dir_Cos": 0.17909395085884033
        },
        "R2": {
            "Temperature": 0.6858509960076359,
            "Precipitation": -75.56592286325426,
            "Humidity": 0.7177845040820847,
            "Wind_Speed_kmh": 0.48199832367181117,
            "Soil_Moisture": 0.8364101011703848,
            "Soil_Temperature": 0.7977840895805495,
            "Wind_Dir_Sin": 0.5718649765062785,
            "Wind_Dir_Cos": 0.7238008454405269
        },
        "SMAPE": {
            "Temperature": 13.905957300831988,
            "Precipitation": 193.14772818994098,
            "Humidity": 3.4750986435533675,
            "Wind_Speed_kmh": 146.8925730115652,
            "Soil_Moisture": 3.11419292038077,
            "Soil_Temperature": 21.735602074158592,
            "Wind_Dir_Sin": 137.21481492395515,
            "Wind_Dir_Cos": 46.724632837378984
        }
    }
}