{
    "trial_number": 15,
    "input_chunk_length": 34,
    "training_length": 39,
    "hidden_size": 44,
    "layer_size": 1,
    "dropout": 0.28609838217800065,
    "batch_size": 29,
    "lr": 0.0004268928687321271,
    "forecast_horizon": 4,
    "overall_smape_val": 70.26093316683472,
    "metrics": {
        "MSE": {
            "Temperature": 1.3390921793248056,
            "Precipitation": 0.40160434958513314,
            "Humidity": 13.294106013424567,
            "Wind_Speed_kmh": 0.1431587595753315,
            "Soil_Moisture": 98713.72233510074,
            "Soil_Temperature": 1.6437925953110415,
            "Wind_Dir_Sin": 0.08226704501942556,
            "Wind_Dir_Cos": 0.08489868217809161
        },
        "RMSE": {
            "Temperature": 1.1571915050348431,
            "Precipitation": 0.6337226124931421,
            "Humidity": 3.6461083381359596,
            "Wind_Speed_kmh": 0.3783632640404344,
            "Soil_Moisture": 314.18740002600475,
            "Soil_Temperature": 1.28210475208192,
            "Wind_Dir_Sin": 0.28682232308421457,
            "Wind_Dir_Cos": 0.2913737843013534
        },
        "MAE": {
            "Temperature": 0.8056127294433076,
            "Precipitation": 0.48654697031094274,
            "Humidity": 2.6382646244348624,
            "Wind_Speed_kmh": 0.19594648323583236,
            "Soil_Moisture": 160.58179884500112,
            "Soil_Temperature": 0.9625296547886828,
            "Wind_Dir_Sin": 0.17233287704084221,
            "Wind_Dir_Cos": 0.17664630360366063
        },
        "R2": {
            "Temperature": 0.6127102195079468,
            "Precipitation": -507.8370685811019,
            "Humidity": 0.7478188989076708,
            "Wind_Speed_kmh": 0.5930006734690663,
            "Soil_Moisture": 0.8953681851859133,
            "Soil_Temperature": 0.7246132686550768,
            "Wind_Dir_Sin": 0.6156352102767289,
            "Wind_Dir_Cos": 0.7664136591869659
        },
        "SMAPE": {
            "Temperature": 14.253952916465245,
            "Precipitation": 195.51720777661862,
            "Humidity": 3.100508052634174,
            "Wind_Speed_kmh": 146.90028838463746,
            "Soil_Moisture": 2.4950364298171883,
            "Soil_Temperature": 23.51676071663771,
            "Wind_Dir_Sin": 134.0291120843084,
            "Wind_Dir_Cos": 42.27459897355944
        }
    }
}