{
    "trial_number": 58,
    "input_chunk_length": 20,
    "training_length": 31,
    "hidden_size": 93,
    "layer_size": 1,
    "dropout": 0.3855030078537688,
    "batch_size": 37,
    "lr": 0.0020226513027130077,
    "forecast_horizon": 3,
    "overall_smape_val": 68.34405995192144,
    "metrics": {
        "MSE": {
            "Temperature": 0.8179743622465866,
            "Precipitation": 0.41983138602584585,
            "Humidity": 7.503026792412731,
            "Wind_Speed_kmh": 0.12304463583068724,
            "Soil_Moisture": 79181.5021430221,
            "Soil_Temperature": 0.8127473426169372,
            "Wind_Dir_Sin": 0.07645237097812994,
            "Wind_Dir_Cos": 0.07842062099391292
        },
        "RMSE": {
            "Temperature": 0.9044193508802134,
            "Precipitation": 0.6479439682764597,
            "Humidity": 2.7391653459425793,
            "Wind_Speed_kmh": 0.3507771882986225,
            "Soil_Moisture": 281.39207903390263,
            "Soil_Temperature": 0.9015250094239966,
            "Wind_Dir_Sin": 0.27650021876687536,
            "Wind_Dir_Cos": 0.28003682078239805
        },
        "MAE": {
            "Temperature": 0.6323728590306061,
            "Precipitation": 0.5091471304705314,
            "Humidity": 2.0355142769816337,
            "Wind_Speed_kmh": 0.1976736387485086,
            "Soil_Moisture": 152.88698894921012,
            "Soil_Temperature": 0.6495999376162747,
            "Wind_Dir_Sin": 0.1471475557579266,
            "Wind_Dir_Cos": 0.17390934968483734
        },
        "R2": {
            "Temperature": 0.7635043117296146,
            "Precipitation": -531.3282246084303,
            "Humidity": 0.8576351974970976,
            "Wind_Speed_kmh": 0.6499646910009771,
            "Soil_Moisture": 0.9160245952590603,
            "Soil_Temperature": 0.8638989678480471,
            "Wind_Dir_Sin": 0.642613953250762,
            "Wind_Dir_Cos": 0.7841465558070819
        },
        "SMAPE": {
            "Temperature": 10.70659883388043,
            "Precipitation": 195.61546753053258,
            "Humidity": 2.411862104351448,
            "Wind_Speed_kmh": 144.143029663317,
            "Soil_Moisture": 2.358589179092643,
            "Soil_Temperature": 18.561344055638227,
            "Wind_Dir_Sin": 132.45816938982756,
            "Wind_Dir_Cos": 40.497418858731486
        }
    }
}