{
    "trial_number": 49,
    "input_chunk_length": 31,
    "training_length": 35,
    "hidden_size": 109,
    "layer_size": 1,
    "dropout": 0.22396369146495262,
    "batch_size": 42,
    "lr": 0.00030838776848931946,
    "forecast_horizon": 5,
    "overall_smape_val": 70.82827570268608,
    "metrics": {
        "MSE": {
            "Temperature": 1.36662509369516,
            "Precipitation": 0.19745683947044199,
            "Humidity": 10.712104193041629,
            "Wind_Speed_kmh": 0.1561590611798384,
            "Soil_Moisture": 107117.37315093078,
            "Soil_Temperature": 1.4694793232599959,
            "Wind_Dir_Sin": 0.08109241793738972,
            "Wind_Dir_Cos": 0.0999827564314141
        },
        "RMSE": {
            "Temperature": 1.1690274135772694,
            "Precipitation": 0.4443611588229129,
            "Humidity": 3.272935103701512,
            "Wind_Speed_kmh": 0.39516966125936137,
            "Soil_Moisture": 327.28790559831384,
            "Soil_Temperature": 1.2122208228124098,
            "Wind_Dir_Sin": 0.28476730489540003,
            "Wind_Dir_Cos": 0.31620050036553404
        },
        "MAE": {
            "Temperature": 0.8883525624286888,
            "Precipitation": 0.346314168130965,
            "Humidity": 2.2866648805347305,
            "Wind_Speed_kmh": 0.20343551641351693,
            "Soil_Moisture": 160.86238490749585,
            "Soil_Temperature": 0.8759371030586339,
            "Wind_Dir_Sin": 0.17186986491233322,
            "Wind_Dir_Cos": 0.21126800137557228
        },
        "R2": {
            "Temperature": 0.6046176766482048,
            "Precipitation": -248.9930969305101,
            "Humidity": 0.7968456494483556,
            "Wind_Speed_kmh": 0.5563204736530276,
            "Soil_Moisture": 0.8865239103214451,
            "Soil_Temperature": 0.7537077450076197,
            "Wind_Dir_Sin": 0.6213229917699068,
            "Wind_Dir_Cos": 0.7250274067424325
        },
        "SMAPE": {
            "Temperature": 15.169531186303143,
            "Precipitation": 194.40228205900976,
            "Humidity": 2.6994776137076615,
            "Wind_Speed_kmh": 146.03784534709388,
            "Soil_Moisture": 2.4885804221959145,
            "Soil_Temperature": 21.928292831075932,
            "Wind_Dir_Sin": 135.43581517714512,
            "Wind_Dir_Cos": 48.46438098495743
        }
    }
}