{
    "trial_number": 69,
    "input_chunk_length": 24,
    "training_length": 27,
    "hidden_size": 106,
    "layer_size": 1,
    "dropout": 0.3796519511778993,
    "batch_size": 32,
    "lr": 0.002639097449634627,
    "forecast_horizon": 5,
    "overall_smape_val": 73.69422881525783,
    "metrics": {
        "MSE": {
            "Temperature": 1.996523262273701,
            "Precipitation": 0.6718972982567516,
            "Humidity": 12.381229189847389,
            "Wind_Speed_kmh": 0.15834981069754883,
            "Soil_Moisture": 102405.03064484187,
            "Soil_Temperature": 2.9130966753254284,
            "Wind_Dir_Sin": 0.10207003223099254,
            "Wind_Dir_Cos": 0.11721544252908608
        },
        "RMSE": {
            "Temperature": 1.4129838152907843,
            "Precipitation": 0.8196934172339995,
            "Humidity": 3.5186970869694636,
            "Wind_Speed_kmh": 0.3979319171636636,
            "Soil_Moisture": 320.0078602860278,
            "Soil_Temperature": 1.7067796211946722,
            "Wind_Dir_Sin": 0.3194840093510042,
            "Wind_Dir_Cos": 0.34236740868412996
        },
        "MAE": {
            "Temperature": 1.1525200386706649,
            "Precipitation": 0.647257280190445,
            "Humidity": 2.6369158561942627,
            "Wind_Speed_kmh": 0.21758261183986743,
            "Soil_Moisture": 164.14848607067898,
            "Soil_Temperature": 1.4701575483764144,
            "Wind_Dir_Sin": 0.21784444387707347,
            "Wind_Dir_Cos": 0.27204746743527725
        },
        "R2": {
            "Temperature": 0.42237998577262825,
            "Precipitation": -849.6653244371003,
            "Humidity": 0.7651908038078645,
            "Wind_Speed_kmh": 0.5500961104875548,
            "Soil_Moisture": 0.8915159875642613,
            "Soil_Temperature": 0.5117500887423085,
            "Wind_Dir_Sin": 0.5233638924785329,
            "Wind_Dir_Cos": 0.6776340705893027
        },
        "SMAPE": {
            "Temperature": 18.978647201786973,
            "Precipitation": 196.85951814435018,
            "Humidity": 3.116228071784761,
            "Wind_Speed_kmh": 145.25204696785153,
            "Soil_Moisture": 2.5340273352125835,
            "Soil_Temperature": 30.43532979535365,
            "Wind_Dir_Sin": 135.3814796601644,
            "Wind_Dir_Cos": 56.99655334555878
        }
    }
}