{
    "trial_number": 70,
    "input_chunk_length": 17,
    "training_length": 20,
    "hidden_size": 115,
    "layer_size": 1,
    "dropout": 0.29451282174354526,
    "batch_size": 33,
    "lr": 0.00023922585809250412,
    "forecast_horizon": 1,
    "overall_smape_val": 63.250567565297445,
    "metrics": {
        "MSE": {
            "Temperature": 0.5294067704542279,
            "Precipitation": 0.11189395269809796,
            "Humidity": 2.9020260309594277,
            "Wind_Speed_kmh": 0.06578944348963116,
            "Soil_Moisture": 30240.812358486768,
            "Soil_Temperature": 0.48202687047757453,
            "Wind_Dir_Sin": 0.04633062239110649,
            "Wind_Dir_Cos": 0.0485694246612474
        },
        "RMSE": {
            "Temperature": 0.7276034431297229,
            "Precipitation": 0.3345055346299938,
            "Humidity": 1.703533395903769,
            "Wind_Speed_kmh": 0.2564945291612107,
            "Soil_Moisture": 173.8988566911432,
            "Soil_Temperature": 0.6942815498611313,
            "Wind_Dir_Sin": 0.21524549331195414,
            "Wind_Dir_Cos": 0.22038471966369946
        },
        "MAE": {
            "Temperature": 0.5082398827496657,
            "Precipitation": 0.23536170119967242,
            "Humidity": 1.107551744615045,
            "Wind_Speed_kmh": 0.11325351152364595,
            "Soil_Moisture": 67.74202522212876,
            "Soil_Temperature": 0.4936854501793116,
            "Wind_Dir_Sin": 0.09498350807785275,
            "Wind_Dir_Cos": 0.10159318771816551
        },
        "R2": {
            "Temperature": 0.8469888202902981,
            "Precipitation": -140.98263156783102,
            "Humidity": 0.9449225761540472,
            "Wind_Speed_kmh": 0.8127255071047027,
            "Soil_Moisture": 0.9679106030791164,
            "Soil_Temperature": 0.9193161292719638,
            "Wind_Dir_Sin": 0.7833076259014691,
            "Wind_Dir_Cos": 0.8662561267137425
        },
        "SMAPE": {
            "Temperature": 8.788565743393205,
            "Precipitation": 193.83106325952215,
            "Humidity": 1.3051025375637082,
            "Wind_Speed_kmh": 132.02468482995278,
            "Soil_Moisture": 1.0416750874186322,
            "Soil_Temperature": 16.38459291762395,
            "Wind_Dir_Sin": 125.70382558925004,
            "Wind_Dir_Cos": 26.925030557655088
        }
    }
}