{
    "trial_number": 31,
    "input_chunk_length": 36,
    "training_length": 49,
    "hidden_size": 127,
    "layer_size": 1,
    "dropout": 0.39875032084805995,
    "batch_size": 40,
    "lr": 0.0006210903182108084,
    "forecast_horizon": 1,
    "overall_smape_val": 63.82971955832147,
    "metrics": {
        "MSE": {
            "Temperature": 0.48324825088514556,
            "Precipitation": 0.158141391232928,
            "Humidity": 3.6619465736232137,
            "Wind_Speed_kmh": 0.06826412209434336,
            "Soil_Moisture": 30729.23708750508,
            "Soil_Temperature": 0.5025002066068847,
            "Wind_Dir_Sin": 0.04744246511192165,
            "Wind_Dir_Cos": 0.04794832135769701
        },
        "RMSE": {
            "Temperature": 0.6951605935934124,
            "Precipitation": 0.3976699526402869,
            "Humidity": 1.9136213245109948,
            "Wind_Speed_kmh": 0.26127403639539726,
            "Soil_Moisture": 175.29756726065847,
            "Soil_Temperature": 0.7088724896671366,
            "Wind_Dir_Sin": 0.21781291309727632,
            "Wind_Dir_Cos": 0.21897105141478637
        },
        "MAE": {
            "Temperature": 0.4573806502637173,
            "Precipitation": 0.30334024117066966,
            "Humidity": 1.339444478487482,
            "Wind_Speed_kmh": 0.11459204495639083,
            "Soil_Moisture": 69.46680694493075,
            "Soil_Temperature": 0.45536282605902756,
            "Wind_Dir_Sin": 0.10262455002541888,
            "Wind_Dir_Cos": 0.10323486084585916
        },
        "R2": {
            "Temperature": 0.8603297330384649,
            "Precipitation": -199.66616957960687,
            "Humidity": 0.9305000777439614,
            "Wind_Speed_kmh": 0.8056811523238424,
            "Soil_Moisture": 0.9673923215326538,
            "Soil_Temperature": 0.9158892082706672,
            "Wind_Dir_Sin": 0.7781074402280761,
            "Wind_Dir_Cos": 0.8679664364838724
        },
        "SMAPE": {
            "Temperature": 7.97239481896788,
            "Precipitation": 194.7654631405846,
            "Humidity": 1.5776615533727403,
            "Wind_Speed_kmh": 137.21345577572805,
            "Soil_Moisture": 1.0561546575351402,
            "Soil_Temperature": 14.854368056223882,
            "Wind_Dir_Sin": 126.40813753569992,
            "Wind_Dir_Cos": 26.790120928459377
        }
    }
}