{
    "trial_number": 33,
    "input_chunk_length": 37,
    "training_length": 42,
    "hidden_size": 115,
    "layer_size": 1,
    "dropout": 0.23749219969476582,
    "batch_size": 55,
    "lr": 0.0003929640110194824,
    "forecast_horizon": 5,
    "overall_smape_val": 70.40941709811773,
    "metrics": {
        "MSE": {
            "Temperature": 1.1922648664703108,
            "Precipitation": 0.4147203532269448,
            "Humidity": 10.923597215045909,
            "Wind_Speed_kmh": 0.14699939363259895,
            "Soil_Moisture": 107197.88319375835,
            "Soil_Temperature": 1.331059831013853,
            "Wind_Dir_Sin": 0.08358232304594931,
            "Wind_Dir_Cos": 0.0896365798766224
        },
        "RMSE": {
            "Temperature": 1.091908817837053,
            "Precipitation": 0.6439878517696935,
            "Humidity": 3.305086566951902,
            "Wind_Speed_kmh": 0.3834049994882682,
            "Soil_Moisture": 327.4108782459104,
            "Soil_Temperature": 1.1537156629836716,
            "Wind_Dir_Sin": 0.2891060757679598,
            "Wind_Dir_Cos": 0.2993936871021538
        },
        "MAE": {
            "Temperature": 0.76451513257602,
            "Precipitation": 0.4703195746409916,
            "Humidity": 2.3375936770214203,
            "Wind_Speed_kmh": 0.1935234106925275,
            "Soil_Moisture": 169.27392173387796,
            "Soil_Temperature": 0.8751410254641236,
            "Wind_Dir_Sin": 0.16936638014383623,
            "Wind_Dir_Cos": 0.1829299694452179
        },
        "R2": {
            "Temperature": 0.6550623465568384,
            "Precipitation": -524.0627212578211,
            "Humidity": 0.7928346982143866,
            "Wind_Speed_kmh": 0.5823449446517022,
            "Soil_Moisture": 0.8864386210301641,
            "Soil_Temperature": 0.7769075603031297,
            "Wind_Dir_Sin": 0.6096958897390592,
            "Wind_Dir_Cos": 0.7534814632128926
        },
        "SMAPE": {
            "Temperature": 12.94736619800185,
            "Precipitation": 196.26853939968575,
            "Humidity": 2.7466842830147145,
            "Wind_Speed_kmh": 145.2943063319482,
            "Soil_Moisture": 2.6031434438967374,
            "Soil_Temperature": 22.44054766129382,
            "Wind_Dir_Sin": 135.95592077085945,
            "Wind_Dir_Cos": 45.01882869624145
        }
    }
}