{
    "trial_number": 26,
    "input_chunk_length": 53,
    "training_length": 56,
    "hidden_size": 139,
    "layer_size": 2,
    "dropout": 0.26823435316810057,
    "batch_size": 37,
    "lr": 0.0002206463148306765,
    "forecast_horizon": 7,
    "overall_smape_val": 72.50468218185033,
    "metrics": {
        "MSE": {
            "Temperature": 1.3041348320567612,
            "Precipitation": 0.2539295455011576,
            "Humidity": 11.905421539099551,
            "Wind_Speed_kmh": 0.18704068409976313,
            "Soil_Moisture": 146586.7631051804,
            "Soil_Temperature": 1.2465169643601433,
            "Wind_Dir_Sin": 0.09331450054878128,
            "Wind_Dir_Cos": 0.10658475146047507
        },
        "RMSE": {
            "Temperature": 1.1419872293755133,
            "Precipitation": 0.5039142243489041,
            "Humidity": 3.4504233854846786,
            "Wind_Speed_kmh": 0.4324820043652257,
            "Soil_Moisture": 382.8665082051189,
            "Soil_Temperature": 1.1164752412660763,
            "Wind_Dir_Sin": 0.3054742223965572,
            "Wind_Dir_Cos": 0.326473201749355
        },
        "MAE": {
            "Temperature": 0.8505367122915987,
            "Precipitation": 0.4601970296066692,
            "Humidity": 2.494171493711545,
            "Wind_Speed_kmh": 0.22519273430605155,
            "Soil_Moisture": 217.86103329349493,
            "Soil_Temperature": 0.9085780792199828,
            "Wind_Dir_Sin": 0.16816169606482909,
            "Wind_Dir_Cos": 0.2020701750547055
        },
        "R2": {
            "Temperature": 0.6225311658745973,
            "Precipitation": -320.01057886280404,
            "Humidity": 0.7743125176272339,
            "Wind_Speed_kmh": 0.46924917827784396,
            "Soil_Moisture": 0.8448841194970889,
            "Soil_Temperature": 0.7909004972119185,
            "Wind_Dir_Sin": 0.5647091153680168,
            "Wind_Dir_Cos": 0.7071163935887719
        },
        "SMAPE": {
            "Temperature": 14.666711659458839,
            "Precipitation": 197.19597390306043,
            "Humidity": 2.9498554247152113,
            "Wind_Speed_kmh": 149.70358518283138,
            "Soil_Moisture": 3.3377605822903695,
            "Soil_Temperature": 23.049116937344184,
            "Wind_Dir_Sin": 138.6714430268263,
            "Wind_Dir_Cos": 50.463010738275685
        }
    }
}