{
    "trial_number": 96,
    "input_chunk_length": 29,
    "training_length": 31,
    "hidden_size": 96,
    "layer_size": 1,
    "dropout": 0.23251567097696582,
    "batch_size": 37,
    "lr": 0.0006404722858139143,
    "forecast_horizon": 1,
    "overall_smape_val": 63.69945718051191,
    "metrics": {
        "MSE": {
            "Temperature": 0.45244111021507855,
            "Precipitation": 0.23952765501946713,
            "Humidity": 2.933527213027127,
            "Wind_Speed_kmh": 0.06623994890755681,
            "Soil_Moisture": 30445.367454705043,
            "Soil_Temperature": 0.5214483604223211,
            "Wind_Dir_Sin": 0.0467337499179778,
            "Wind_Dir_Cos": 0.048197491642823526
        },
        "RMSE": {
            "Temperature": 0.6726374284970161,
            "Precipitation": 0.4894156260475008,
            "Humidity": 1.7127542768964632,
            "Wind_Speed_kmh": 0.2573712278160805,
            "Soil_Moisture": 174.48600933801268,
            "Soil_Temperature": 0.7221138140364863,
            "Wind_Dir_Sin": 0.21617990174384344,
            "Wind_Dir_Cos": 0.2195392712997461
        },
        "MAE": {
            "Temperature": 0.4528929743630384,
            "Precipitation": 0.398476909198249,
            "Humidity": 1.1292310095649554,
            "Wind_Speed_kmh": 0.11124015375968142,
            "Soil_Moisture": 77.19295616079985,
            "Soil_Temperature": 0.49804188484001266,
            "Wind_Dir_Sin": 0.10163224628523602,
            "Wind_Dir_Cos": 0.10648156342245071
        },
        "R2": {
            "Temperature": 0.8692337312502091,
            "Precipitation": -302.937486994448,
            "Humidity": 0.9443247166111342,
            "Wind_Speed_kmh": 0.8114431102760701,
            "Soil_Moisture": 0.9676935437753872,
            "Soil_Temperature": 0.9127175792876918,
            "Wind_Dir_Sin": 0.7814221631911951,
            "Wind_Dir_Cos": 0.8672803052547485
        },
        "SMAPE": {
            "Temperature": 7.9350944659982785,
            "Precipitation": 195.74991908516603,
            "Humidity": 1.3309479882207125,
            "Wind_Speed_kmh": 134.35827299696493,
            "Soil_Moisture": 1.1934944909080483,
            "Soil_Temperature": 15.546311628210894,
            "Wind_Dir_Sin": 126.23731409356819,
            "Wind_Dir_Cos": 27.244302695058376
        }
    }
}