{
    "trial_number": 13,
    "input_chunk_length": 28,
    "training_length": 36,
    "hidden_size": 152,
    "layer_size": 1,
    "dropout": 0.20446182739543622,
    "batch_size": 18,
    "lr": 0.00029987777697356425,
    "forecast_horizon": 6,
    "overall_smape_val": 72.10102283192842,
    "metrics": {
        "MSE": {
            "Temperature": 1.1357590694463662,
            "Precipitation": 0.236759315449948,
            "Humidity": 12.43373791498681,
            "Wind_Speed_kmh": 0.16875049766290637,
            "Soil_Moisture": 135685.42726377462,
            "Soil_Temperature": 1.4818798095028514,
            "Wind_Dir_Sin": 0.08802030958934967,
            "Wind_Dir_Cos": 0.10329918595184559
        },
        "RMSE": {
            "Temperature": 1.0657199770326002,
            "Precipitation": 0.48657919751048545,
            "Humidity": 3.5261505803052158,
            "Wind_Speed_kmh": 0.41079252386442766,
            "Soil_Moisture": 368.3550288292188,
            "Soil_Temperature": 1.2173248578349378,
            "Wind_Dir_Sin": 0.2966821693148236,
            "Wind_Dir_Cos": 0.32140190720007494
        },
        "MAE": {
            "Temperature": 0.792947569990631,
            "Precipitation": 0.38151867948990353,
            "Humidity": 2.563103664954046,
            "Wind_Speed_kmh": 0.2496103068390567,
            "Soil_Moisture": 242.38853875111377,
            "Soil_Temperature": 1.0401741887355636,
            "Wind_Dir_Sin": 0.1699406831896233,
            "Wind_Dir_Cos": 0.20255105794358233
        },
        "R2": {
            "Temperature": 0.6713274696986206,
            "Precipitation": -298.5285123049985,
            "Humidity": 0.7642395257028616,
            "Wind_Speed_kmh": 0.5208477432901276,
            "Soil_Moisture": 0.8563398769318674,
            "Soil_Temperature": 0.7515202465352433,
            "Wind_Dir_Sin": 0.5891885952818895,
            "Wind_Dir_Cos": 0.7160257026769649
        },
        "SMAPE": {
            "Temperature": 13.35305559314452,
            "Precipitation": 195.48109061032034,
            "Humidity": 3.027667525815178,
            "Wind_Speed_kmh": 147.5031835520829,
            "Soil_Moisture": 3.812692544942032,
            "Soil_Temperature": 24.26088134180726,
            "Wind_Dir_Sin": 136.44709273291315,
            "Wind_Dir_Cos": 52.92251875440178
        }
    }
}