{
    "trial_number": 20,
    "input_chunk_length": 33,
    "training_length": 38,
    "hidden_size": 136,
    "layer_size": 1,
    "dropout": 0.2215538970350543,
    "batch_size": 33,
    "lr": 4.279964460836785e-05,
    "forecast_horizon": 1,
    "overall_smape_val": 65.1882427415699,
    "metrics": {
        "MSE": {
            "Temperature": 0.6830743653083956,
            "Precipitation": 0.3427822579347277,
            "Humidity": 7.68273421822528,
            "Wind_Speed_kmh": 0.07243261048928532,
            "Soil_Moisture": 42485.596813901975,
            "Soil_Temperature": 0.6435308804378561,
            "Wind_Dir_Sin": 0.05097698569757573,
            "Wind_Dir_Cos": 0.051889537473019685
        },
        "RMSE": {
            "Temperature": 0.8264831306859176,
            "Precipitation": 0.5854760951010107,
            "Humidity": 2.7717745612198117,
            "Wind_Speed_kmh": 0.2691330720838398,
            "Soil_Moisture": 206.1203454632802,
            "Soil_Temperature": 0.8022037649112949,
            "Wind_Dir_Sin": 0.22578083554096376,
            "Wind_Dir_Cos": 0.2277927511423919
        },
        "MAE": {
            "Temperature": 0.5550735522689902,
            "Precipitation": 0.46336601025978846,
            "Humidity": 2.1060627809711576,
            "Wind_Speed_kmh": 0.1252455844700344,
            "Soil_Moisture": 98.03131793744149,
            "Soil_Temperature": 0.6396433056558566,
            "Wind_Dir_Sin": 0.10803540485771611,
            "Wind_Dir_Cos": 0.11530444191753798
        },
        "R2": {
            "Temperature": 0.8025752213640607,
            "Precipitation": -433.957617125657,
            "Humidity": 0.8541897266534496,
            "Wind_Speed_kmh": 0.7938152433132923,
            "Soil_Moisture": 0.9549173096469639,
            "Soil_Temperature": 0.8922828465655777,
            "Wind_Dir_Sin": 0.7615761782359529,
            "Wind_Dir_Cos": 0.8571136517865472
        },
        "SMAPE": {
            "Temperature": 9.550434021930895,
            "Precipitation": 197.38518975405364,
            "Humidity": 2.485669870048146,
            "Wind_Speed_kmh": 134.75256816270905,
            "Soil_Moisture": 1.482538323464836,
            "Soil_Temperature": 18.24511311091296,
            "Wind_Dir_Sin": 127.74768141206816,
            "Wind_Dir_Cos": 29.856747277371394
        }
    }
}