{
    "trial_number": 81,
    "input_chunk_length": 21,
    "training_length": 30,
    "hidden_size": 105,
    "layer_size": 1,
    "dropout": 0.23854092940119925,
    "batch_size": 39,
    "lr": 0.00022976227586383929,
    "forecast_horizon": 1,
    "overall_smape_val": 63.742869592031695,
    "metrics": {
        "MSE": {
            "Temperature": 0.5547617463959111,
            "Precipitation": 0.15375518155891066,
            "Humidity": 3.5562554736917753,
            "Wind_Speed_kmh": 0.06829459614628434,
            "Soil_Moisture": 30963.538262792772,
            "Soil_Temperature": 0.5149348647763198,
            "Wind_Dir_Sin": 0.04704099114091668,
            "Wind_Dir_Cos": 0.04967366263027589
        },
        "RMSE": {
            "Temperature": 0.7448232987735488,
            "Precipitation": 0.39211628576088325,
            "Humidity": 1.8858036678540466,
            "Wind_Speed_kmh": 0.2613323480671391,
            "Soil_Moisture": 175.96459377611387,
            "Soil_Temperature": 0.7175896214246132,
            "Wind_Dir_Sin": 0.21688935229954623,
            "Wind_Dir_Cos": 0.2228758906438197
        },
        "MAE": {
            "Temperature": 0.49674893055207703,
            "Precipitation": 0.2914719666200913,
            "Humidity": 1.304878691347404,
            "Wind_Speed_kmh": 0.11602838359122139,
            "Soil_Moisture": 69.7659869332051,
            "Soil_Temperature": 0.5002327803101368,
            "Wind_Dir_Sin": 0.09486972653908769,
            "Wind_Dir_Cos": 0.10512497774657258
        },
        "R2": {
            "Temperature": 0.8396606276851688,
            "Precipitation": -194.10049264078654,
            "Humidity": 0.9325059844607059,
            "Wind_Speed_kmh": 0.805594405692149,
            "Soil_Moisture": 0.9671436978077449,
            "Soil_Temperature": 0.9138078380945689,
            "Wind_Dir_Sin": 0.779985169112904,
            "Wind_Dir_Cos": 0.8632154264370218
        },
        "SMAPE": {
            "Temperature": 8.787247621621738,
            "Precipitation": 194.03504472845663,
            "Humidity": 1.5325496462885533,
            "Wind_Speed_kmh": 133.63416819256742,
            "Soil_Moisture": 1.0717649964517195,
            "Soil_Temperature": 16.93005913663834,
            "Wind_Dir_Sin": 126.38788040774688,
            "Wind_Dir_Cos": 27.564242006482516
        }
    }
}