{
    "trial_number": 90,
    "input_chunk_length": 23,
    "training_length": 33,
    "hidden_size": 111,
    "layer_size": 2,
    "dropout": 0.2894749402822073,
    "batch_size": 49,
    "lr": 0.0005038712292337424,
    "forecast_horizon": 1,
    "overall_smape_val": 64.80313777911022,
    "metrics": {
        "MSE": {
            "Temperature": 0.7637742939893847,
            "Precipitation": 0.11235797859979148,
            "Humidity": 3.6959962437599554,
            "Wind_Speed_kmh": 0.0745968215606519,
            "Soil_Moisture": 37207.91667838598,
            "Soil_Temperature": 0.7884558195528665,
            "Wind_Dir_Sin": 0.04785744165186129,
            "Wind_Dir_Cos": 0.049932930881409245
        },
        "RMSE": {
            "Temperature": 0.8739418138465425,
            "Precipitation": 0.3351984167620597,
            "Humidity": 1.922497397595106,
            "Wind_Speed_kmh": 0.2731241870663451,
            "Soil_Moisture": 192.89353716075087,
            "Soil_Temperature": 0.8879503474591732,
            "Wind_Dir_Sin": 0.21876343764866488,
            "Wind_Dir_Cos": 0.22345677631570998
        },
        "MAE": {
            "Temperature": 0.6793226141717327,
            "Precipitation": 0.25733197908475036,
            "Humidity": 1.3745842485757627,
            "Wind_Speed_kmh": 0.11576835816456175,
            "Soil_Moisture": 84.50063824341976,
            "Soil_Temperature": 0.6348840863131316,
            "Wind_Dir_Sin": 0.10396598813681666,
            "Wind_Dir_Cos": 0.11987686361528654
        },
        "R2": {
            "Temperature": 0.7792510177854542,
            "Precipitation": -141.57143567251612,
            "Humidity": 0.9298538505585643,
            "Wind_Speed_kmh": 0.7876546572160343,
            "Soil_Moisture": 0.9605176080345337,
            "Soil_Temperature": 0.868024644857364,
            "Wind_Dir_Sin": 0.7761665586470858,
            "Wind_Dir_Cos": 0.8625014888030355
        },
        "SMAPE": {
            "Temperature": 11.260756724549521,
            "Precipitation": 196.69640217563796,
            "Humidity": 1.645202741735148,
            "Wind_Speed_kmh": 134.16921426040614,
            "Soil_Moisture": 1.303369708747697,
            "Soil_Temperature": 17.606778289186774,
            "Wind_Dir_Sin": 126.40854296460586,
            "Wind_Dir_Cos": 29.33483536801225
        }
    }
}