{
    "trial_number": 67,
    "input_chunk_length": 32,
    "training_length": 34,
    "hidden_size": 110,
    "layer_size": 1,
    "dropout": 0.367780453327705,
    "batch_size": 34,
    "lr": 0.005911382702559221,
    "forecast_horizon": 2,
    "overall_smape_val": 67.85143028587117,
    "metrics": {
        "MSE": {
            "Temperature": 1.13108462840351,
            "Precipitation": 0.21672288080249952,
            "Humidity": 6.3297357575719975,
            "Wind_Speed_kmh": 0.10938769520125693,
            "Soil_Moisture": 52532.238623994264,
            "Soil_Temperature": 0.8308145963203909,
            "Wind_Dir_Sin": 0.06381327522548919,
            "Wind_Dir_Cos": 0.0717865800928362
        },
        "RMSE": {
            "Temperature": 1.0635246251984531,
            "Precipitation": 0.4655350478777076,
            "Humidity": 2.5158966110657244,
            "Wind_Speed_kmh": 0.3307381066663727,
            "Soil_Moisture": 229.19912439622072,
            "Soil_Temperature": 0.9114903160870065,
            "Wind_Dir_Sin": 0.2526128959999651,
            "Wind_Dir_Cos": 0.2679301776449159
        },
        "MAE": {
            "Temperature": 0.7568678790498885,
            "Precipitation": 0.3732660899877861,
            "Humidity": 1.9088970903059184,
            "Wind_Speed_kmh": 0.18432885424919696,
            "Soil_Moisture": 98.58727064412761,
            "Soil_Temperature": 0.6652335310312155,
            "Wind_Dir_Sin": 0.12527938834580413,
            "Wind_Dir_Cos": 0.16145547910882602
        },
        "R2": {
            "Temperature": 0.6730895730799985,
            "Precipitation": -274.00042848895896,
            "Humidity": 0.8798682246701217,
            "Wind_Speed_kmh": 0.6886198748431518,
            "Soil_Moisture": 0.9442565286816826,
            "Soil_Temperature": 0.8609344383186236,
            "Wind_Dir_Sin": 0.701539729147507,
            "Wind_Dir_Cos": 0.8023238830076049
        },
        "SMAPE": {
            "Temperature": 15.299397659095812,
            "Precipitation": 196.33443132348165,
            "Humidity": 2.251760190280716,
            "Wind_Speed_kmh": 141.38191701902088,
            "Soil_Moisture": 1.5155559989797491,
            "Soil_Temperature": 19.4740954416375,
            "Wind_Dir_Sin": 130.26172533445546,
            "Wind_Dir_Cos": 36.29255932001746
        }
    }
}