{
    "trial_number": 82,
    "input_chunk_length": 27,
    "training_length": 32,
    "hidden_size": 99,
    "layer_size": 1,
    "dropout": 0.22234608978232387,
    "batch_size": 35,
    "lr": 0.00028556960386972826,
    "forecast_horizon": 2,
    "overall_smape_val": 66.3515124264582,
    "metrics": {
        "MSE": {
            "Temperature": 0.6564105851441886,
            "Precipitation": 0.2292758546435934,
            "Humidity": 5.681298109958222,
            "Wind_Speed_kmh": 0.0981910823355508,
            "Soil_Moisture": 55045.91091003998,
            "Soil_Temperature": 0.857866803625491,
            "Wind_Dir_Sin": 0.06351750249150781,
            "Wind_Dir_Cos": 0.06524419516282781
        },
        "RMSE": {
            "Temperature": 0.8101916965411263,
            "Precipitation": 0.4788275834197456,
            "Humidity": 2.383547379423833,
            "Wind_Speed_kmh": 0.3133545632914108,
            "Soil_Moisture": 234.61864996210335,
            "Soil_Temperature": 0.9262109930385684,
            "Wind_Dir_Sin": 0.252026789233819,
            "Wind_Dir_Cos": 0.2554294328436483
        },
        "MAE": {
            "Temperature": 0.550072683401671,
            "Precipitation": 0.3961146106832062,
            "Humidity": 1.734701742660958,
            "Wind_Speed_kmh": 0.14646945916949827,
            "Soil_Moisture": 95.92571758126175,
            "Soil_Temperature": 0.691122480415781,
            "Wind_Dir_Sin": 0.12469511869739627,
            "Wind_Dir_Cos": 0.1376596382460197
        },
        "R2": {
            "Temperature": 0.8102816895963143,
            "Precipitation": -289.9289413083202,
            "Humidity": 0.8921748941397575,
            "Wind_Speed_kmh": 0.7204918574189059,
            "Soil_Moisture": 0.9415891986258712,
            "Soil_Temperature": 0.8564063156541127,
            "Wind_Dir_Sin": 0.7029230840996377,
            "Wind_Dir_Cos": 0.82033941247232
        },
        "SMAPE": {
            "Temperature": 9.530938637360126,
            "Precipitation": 194.58872271574185,
            "Humidity": 2.0587218293816685,
            "Wind_Speed_kmh": 138.77380220383762,
            "Soil_Moisture": 1.462347961360449,
            "Soil_Temperature": 19.75253437032427,
            "Wind_Dir_Sin": 130.81744747466988,
            "Wind_Dir_Cos": 33.82758421898956
        }
    }
}