{
    "trial_number": 25,
    "input_chunk_length": 12,
    "training_length": 18,
    "hidden_size": 108,
    "layer_size": 1,
    "dropout": 0.2304829613523257,
    "batch_size": 29,
    "lr": 8.655593475216483e-05,
    "forecast_horizon": 1,
    "overall_smape_val": 64.05770901281107,
    "metrics": {
        "MSE": {
            "Temperature": 0.4877699531737015,
            "Precipitation": 0.244996417859224,
            "Humidity": 2.805470315093108,
            "Wind_Speed_kmh": 0.06927882104581452,
            "Soil_Moisture": 32689.138237211584,
            "Soil_Temperature": 0.5997241873025302,
            "Wind_Dir_Sin": 0.04780238102750925,
            "Wind_Dir_Cos": 0.04962063159845831
        },
        "RMSE": {
            "Temperature": 0.6984052929164423,
            "Precipitation": 0.4949711283087368,
            "Humidity": 1.6749538247644644,
            "Wind_Speed_kmh": 0.26320870245076344,
            "Soil_Moisture": 180.80137786314458,
            "Soil_Temperature": 0.7744186124458335,
            "Wind_Dir_Sin": 0.21863755630611417,
            "Wind_Dir_Cos": 0.22275688900336688
        },
        "MAE": {
            "Temperature": 0.45447858072212105,
            "Precipitation": 0.40384417506200737,
            "Humidity": 1.11715291903979,
            "Wind_Speed_kmh": 0.11905971135200392,
            "Soil_Moisture": 73.58512200748885,
            "Soil_Temperature": 0.5451308219460127,
            "Wind_Dir_Sin": 0.09582560869957331,
            "Wind_Dir_Cos": 0.1054303406014094
        },
        "R2": {
            "Temperature": 0.8590228532626842,
            "Precipitation": -309.8768194667224,
            "Humidity": 0.946755102820171,
            "Wind_Speed_kmh": 0.8027927370781944,
            "Soil_Moisture": 0.9653126139780722,
            "Soil_Temperature": 0.8996154119938319,
            "Wind_Dir_Sin": 0.7764240820040887,
            "Wind_Dir_Cos": 0.8633614560770498
        },
        "SMAPE": {
            "Temperature": 7.919763375354354,
            "Precipitation": 196.98459265333238,
            "Humidity": 1.314232180853119,
            "Wind_Speed_kmh": 134.20833106598218,
            "Soil_Moisture": 1.1181580361826113,
            "Soil_Temperature": 16.767976835255496,
            "Wind_Dir_Sin": 126.35141467205597,
            "Wind_Dir_Cos": 27.797203283472246
        }
    }
}