{
    "trial_number": 99,
    "input_chunk_length": 24,
    "training_length": 45,
    "hidden_size": 120,
    "layer_size": 1,
    "dropout": 0.35600622517951885,
    "batch_size": 31,
    "lr": 9.325488811506052e-05,
    "forecast_horizon": 3,
    "overall_smape_val": 68.50608970229861,
    "metrics": {
        "MSE": {
            "Temperature": 0.9037483787352962,
            "Precipitation": 0.11084577392813731,
            "Humidity": 8.06136913386597,
            "Wind_Speed_kmh": 0.13305768421324815,
            "Soil_Moisture": 76756.64713190183,
            "Soil_Temperature": 1.015136461674082,
            "Wind_Dir_Sin": 0.07500878585385183,
            "Wind_Dir_Cos": 0.07792128519725734
        },
        "RMSE": {
            "Temperature": 0.9506568143842952,
            "Precipitation": 0.3329350896618398,
            "Humidity": 2.8392550314943477,
            "Wind_Speed_kmh": 0.3647707282845598,
            "Soil_Moisture": 277.04990007560343,
            "Soil_Temperature": 1.0075398064960421,
            "Wind_Dir_Sin": 0.2738773189839784,
            "Wind_Dir_Cos": 0.2791438432014171
        },
        "MAE": {
            "Temperature": 0.6618314723094867,
            "Precipitation": 0.2769126062995768,
            "Humidity": 2.039333466516419,
            "Wind_Speed_kmh": 0.21184853707585183,
            "Soil_Moisture": 132.8934043060999,
            "Soil_Temperature": 0.7681041112161082,
            "Wind_Dir_Sin": 0.14877942842497124,
            "Wind_Dir_Cos": 0.16486747688055067
        },
        "R2": {
            "Temperature": 0.738705019720634,
            "Precipitation": -139.54769606215243,
            "Humidity": 0.8470410333858379,
            "Wind_Speed_kmh": 0.6214797394957792,
            "Soil_Moisture": 0.9185962587850833,
            "Soil_Temperature": 0.8300072938238545,
            "Wind_Dir_Sin": 0.6493621701354855,
            "Wind_Dir_Cos": 0.7855209819484572
        },
        "SMAPE": {
            "Temperature": 11.132762442878382,
            "Precipitation": 193.25903514473404,
            "Humidity": 2.4052793727805803,
            "Wind_Speed_kmh": 145.73947680071544,
            "Soil_Moisture": 2.0349755889322836,
            "Soil_Temperature": 20.34372602430121,
            "Wind_Dir_Sin": 132.48355240640865,
            "Wind_Dir_Cos": 40.64990983763807
        }
    }
}