{
    "trial_number": 76,
    "input_chunk_length": 17,
    "training_length": 21,
    "hidden_size": 142,
    "layer_size": 1,
    "dropout": 0.2570974235016916,
    "batch_size": 24,
    "lr": 0.0003361977295549217,
    "forecast_horizon": 18,
    "overall_smape_val": 77.69198895387592,
    "metrics": {
        "MSE": {
            "Temperature": 2.1122773369522747,
            "Precipitation": 0.15522792037411,
            "Humidity": 37.95586862616007,
            "Wind_Speed_kmh": 0.1899823297787038,
            "Soil_Moisture": 271108.12262695737,
            "Soil_Temperature": 2.7870219259355995,
            "Wind_Dir_Sin": 0.12223568054723656,
            "Wind_Dir_Cos": 0.18002972310217574
        },
        "RMSE": {
            "Temperature": 1.4533675849392935,
            "Precipitation": 0.3939897465342341,
            "Humidity": 6.1608334360019885,
            "Wind_Speed_kmh": 0.43586962474885055,
            "Soil_Moisture": 520.680441947801,
            "Soil_Temperature": 1.6694376076797837,
            "Wind_Dir_Sin": 0.34962219687433543,
            "Wind_Dir_Cos": 0.42429909627782114
        },
        "MAE": {
            "Temperature": 1.1349152324406098,
            "Precipitation": 0.3163188014483776,
            "Humidity": 4.744545488776944,
            "Wind_Speed_kmh": 0.23144836290501286,
            "Soil_Moisture": 313.33754106703213,
            "Soil_Temperature": 1.3220109986986084,
            "Wind_Dir_Sin": 0.28771253106067385,
            "Wind_Dir_Cos": 0.30638986277646546
        },
        "R2": {
            "Temperature": 0.3843511041108383,
            "Precipitation": -193.61888494262166,
            "Humidity": 0.28091594652005614,
            "Wind_Speed_kmh": 0.46464168994385346,
            "Soil_Moisture": 0.7148528539254044,
            "Soil_Temperature": 0.5299802746142657,
            "Wind_Dir_Sin": 0.43310496442985524,
            "Wind_Dir_Cos": 0.5075727148605699
        },
        "SMAPE": {
            "Temperature": 22.769279036584553,
            "Precipitation": 195.54200652602358,
            "Humidity": 5.479516258420983,
            "Wind_Speed_kmh": 151.36028429159396,
            "Soil_Moisture": 4.777862472845521,
            "Soil_Temperature": 31.809072592618506,
            "Wind_Dir_Sin": 138.81785321658384,
            "Wind_Dir_Cos": 70.98003723633649
        }
    }
}