{
    "trial_number": 97,
    "input_chunk_length": 26,
    "training_length": 28,
    "hidden_size": 102,
    "layer_size": 1,
    "dropout": 0.3999692588105096,
    "batch_size": 38,
    "lr": 4.703094696869944e-05,
    "forecast_horizon": 1,
    "overall_smape_val": 66.34361940930098,
    "metrics": {
        "MSE": {
            "Temperature": 1.1685378489178289,
            "Precipitation": 0.22285307937887977,
            "Humidity": 10.992743014840967,
            "Wind_Speed_kmh": 0.08296036987771754,
            "Soil_Moisture": 48363.64771856851,
            "Soil_Temperature": 0.7813199855896497,
            "Wind_Dir_Sin": 0.050941975801471154,
            "Wind_Dir_Cos": 0.05464986650576551
        },
        "RMSE": {
            "Temperature": 1.0809892917683452,
            "Precipitation": 0.47207317163643153,
            "Humidity": 3.3155305781791498,
            "Wind_Speed_kmh": 0.28802841852448785,
            "Soil_Moisture": 219.91736565939604,
            "Soil_Temperature": 0.8839230654246159,
            "Wind_Dir_Sin": 0.2257032915166971,
            "Wind_Dir_Cos": 0.2337731090304561
        },
        "MAE": {
            "Temperature": 0.7946728308113014,
            "Precipitation": 0.378618228573832,
            "Humidity": 2.645772100240405,
            "Wind_Speed_kmh": 0.14486445659958674,
            "Soil_Moisture": 115.64286204920826,
            "Soil_Temperature": 0.672497957412324,
            "Wind_Dir_Sin": 0.11437064449227366,
            "Wind_Dir_Cos": 0.12509996232143486
        },
        "R2": {
            "Temperature": 0.6622646993257271,
            "Precipitation": -281.77905910232397,
            "Humidity": 0.7913692159205521,
            "Wind_Speed_kmh": 0.7638472013871879,
            "Soil_Moisture": 0.9486799405457311,
            "Soil_Temperature": 0.8692190735091412,
            "Wind_Dir_Sin": 0.7617399225828301,
            "Wind_Dir_Cos": 0.8495126332659697
        },
        "SMAPE": {
            "Temperature": 14.461987846251334,
            "Precipitation": 195.35753467976073,
            "Humidity": 3.1235092447883286,
            "Wind_Speed_kmh": 136.68575076443923,
            "Soil_Moisture": 1.727063372541813,
            "Soil_Temperature": 18.492367795945707,
            "Wind_Dir_Sin": 128.00333888752422,
            "Wind_Dir_Cos": 32.89740268315695
        }
    }
}