{
    "trial_number": 19,
    "input_chunk_length": 22,
    "training_length": 25,
    "hidden_size": 252,
    "layer_size": 2,
    "dropout": 0.21016596370251134,
    "batch_size": 48,
    "lr": 0.00013451253262465677,
    "forecast_horizon": 9,
    "overall_smape_val": 73.7114006510919,
    "metrics": {
        "MSE": {
            "Temperature": 1.184608568010494,
            "Precipitation": 0.04629449420908356,
            "Humidity": 15.650151958832533,
            "Wind_Speed_kmh": 0.20741176250778456,
            "Soil_Moisture": 165482.69299617063,
            "Soil_Temperature": 0.9371319417976351,
            "Wind_Dir_Sin": 0.11011494721910105,
            "Wind_Dir_Cos": 0.13679790848184745
        },
        "RMSE": {
            "Temperature": 1.0883972473368784,
            "Precipitation": 0.21516155374295742,
            "Humidity": 3.9560272950060056,
            "Wind_Speed_kmh": 0.45542481542817204,
            "Soil_Moisture": 406.79564033574724,
            "Soil_Temperature": 0.9680557534551588,
            "Wind_Dir_Sin": 0.33183572324133676,
            "Wind_Dir_Cos": 0.3698620127586063
        },
        "MAE": {
            "Temperature": 0.763009737395569,
            "Precipitation": 0.1438447532191623,
            "Humidity": 2.8179405184144914,
            "Wind_Speed_kmh": 0.22617241604365335,
            "Soil_Moisture": 194.06116849265763,
            "Soil_Temperature": 0.7265551787679642,
            "Wind_Dir_Sin": 0.19419982029729524,
            "Wind_Dir_Cos": 0.23715523024248114
        },
        "R2": {
            "Temperature": 0.6570137453821934,
            "Precipitation": -57.436575004794044,
            "Humidity": 0.7034753386229922,
            "Wind_Speed_kmh": 0.4121862622194229,
            "Soil_Moisture": 0.8250846204475704,
            "Soil_Temperature": 0.8426721025145878,
            "Wind_Dir_Sin": 0.48688092665627136,
            "Wind_Dir_Cos": 0.624408967238894
        },
        "SMAPE": {
            "Temperature": 13.104969517379407,
            "Precipitation": 194.0912962718789,
            "Humidity": 3.3528775259383776,
            "Wind_Speed_kmh": 153.42636451915925,
            "Soil_Moisture": 2.9536091590939186,
            "Soil_Temperature": 19.932362710457397,
            "Wind_Dir_Sin": 142.45161424638604,
            "Wind_Dir_Cos": 60.378111258441784
        }
    }
}