{
    "trial_number": 2,
    "input_chunk_length": 45,
    "training_length": 46,
    "hidden_size": 71,
    "layer_size": 4,
    "dropout": 0.3749893865860645,
    "batch_size": 50,
    "lr": 0.0003797308548875117,
    "forecast_horizon": 19,
    "overall_smape_val": 73.53189415316037,
    "metrics": {
        "MSE": {
            "Temperature": 1.2723237711204718,
            "Precipitation": 0.6208794448543683,
            "Humidity": 34.49796152694965,
            "Wind_Speed_kmh": 0.18805674790763194,
            "Soil_Moisture": 311796.0234683644,
            "Soil_Temperature": 0.8981870554275136,
            "Wind_Dir_Sin": 0.1010699819593089,
            "Wind_Dir_Cos": 0.18609770588536226
        },
        "RMSE": {
            "Temperature": 1.127973302485689,
            "Precipitation": 0.7879590375485063,
            "Humidity": 5.873496533322349,
            "Wind_Speed_kmh": 0.4336551024807986,
            "Soil_Moisture": 558.386983612946,
            "Soil_Temperature": 0.9477273106899018,
            "Wind_Dir_Sin": 0.31791505462829045,
            "Wind_Dir_Cos": 0.43139043323347154
        },
        "MAE": {
            "Temperature": 0.7929276694916713,
            "Precipitation": 0.5981481490471742,
            "Humidity": 4.6416307541030655,
            "Wind_Speed_kmh": 0.25648252222162987,
            "Soil_Moisture": 369.2717711788193,
            "Soil_Temperature": 0.6469588175203405,
            "Wind_Dir_Sin": 0.18358645225040568,
            "Wind_Dir_Cos": 0.23247005516652092
        },
        "R2": {
            "Temperature": 0.628742724887767,
            "Precipitation": -776.8475611177537,
            "Humidity": 0.34657630135921524,
            "Wind_Speed_kmh": 0.470404292022389,
            "Soil_Moisture": 0.6722365113604812,
            "Soil_Temperature": 0.8484369893904142,
            "Wind_Dir_Sin": 0.5315138242568247,
            "Wind_Dir_Cos": 0.49118833868502887
        },
        "SMAPE": {
            "Temperature": 13.689353139870004,
            "Precipitation": 195.76986945537254,
            "Humidity": 5.420538641014216,
            "Wind_Speed_kmh": 155.91321256657181,
            "Soil_Moisture": 5.498797613001261,
            "Soil_Temperature": 18.71371306811907,
            "Wind_Dir_Sin": 140.07927699986152,
            "Wind_Dir_Cos": 53.17039174147288
        }
    }
}