{
    "trial_number": 63,
    "input_chunk_length": 26,
    "training_length": 29,
    "hidden_size": 155,
    "layer_size": 1,
    "dropout": 0.2130213612372991,
    "batch_size": 41,
    "lr": 0.0011317401341401597,
    "forecast_horizon": 2,
    "overall_smape_val": 65.76922919305626,
    "metrics": {
        "MSE": {
            "Temperature": 0.4874133270501471,
            "Precipitation": 0.19372141149925332,
            "Humidity": 5.14883697848982,
            "Wind_Speed_kmh": 0.10291473379865416,
            "Soil_Moisture": 55676.59021810487,
            "Soil_Temperature": 0.6227351588211444,
            "Wind_Dir_Sin": 0.06755129521422704,
            "Wind_Dir_Cos": 0.06343644476508653
        },
        "RMSE": {
            "Temperature": 0.6981499316408669,
            "Precipitation": 0.44013794598881534,
            "Humidity": 2.2691048848587454,
            "Wind_Speed_kmh": 0.32080326338529375,
            "Soil_Moisture": 235.95887399736606,
            "Soil_Temperature": 0.7891357036791229,
            "Wind_Dir_Sin": 0.25990632007365083,
            "Wind_Dir_Cos": 0.251865926169235
        },
        "MAE": {
            "Temperature": 0.4306289450932466,
            "Precipitation": 0.3470166367647872,
            "Humidity": 1.6229060469993821,
            "Wind_Speed_kmh": 0.15681237159573932,
            "Soil_Moisture": 124.5969344253672,
            "Soil_Temperature": 0.5407711241141901,
            "Wind_Dir_Sin": 0.14405192473025827,
            "Wind_Dir_Cos": 0.14218912548991752
        },
        "R2": {
            "Temperature": 0.8591259267156994,
            "Precipitation": -244.8137828941511,
            "Humidity": 0.9022804504326778,
            "Wind_Speed_kmh": 0.7070456358756847,
            "Soil_Moisture": 0.9409199666486885,
            "Soil_Temperature": 0.8957637299299358,
            "Wind_Dir_Sin": 0.6840566826442755,
            "Wind_Dir_Cos": 0.8253173495554743
        },
        "SMAPE": {
            "Temperature": 7.872113570184819,
            "Precipitation": 195.0381412692019,
            "Humidity": 1.9314427109091246,
            "Wind_Speed_kmh": 139.1688532591845,
            "Soil_Moisture": 1.958236058537548,
            "Soil_Temperature": 16.26095175602919,
            "Wind_Dir_Sin": 130.14883523262824,
            "Wind_Dir_Cos": 33.775259687774664
        }
    }
}