{
    "trial_number": 29,
    "input_chunk_length": 37,
    "training_length": 41,
    "hidden_size": 129,
    "layer_size": 1,
    "dropout": 0.31480323044973757,
    "batch_size": 42,
    "lr": 0.0006573072363064153,
    "forecast_horizon": 1,
    "overall_smape_val": 63.627466600452166,
    "metrics": {
        "MSE": {
            "Temperature": 0.6002617387582813,
            "Precipitation": 0.37880574942149564,
            "Humidity": 3.2094916684775563,
            "Wind_Speed_kmh": 0.065948145681829,
            "Soil_Moisture": 32013.63096884819,
            "Soil_Temperature": 0.37100561478170135,
            "Wind_Dir_Sin": 0.04670963934318066,
            "Wind_Dir_Cos": 0.049022722649329
        },
        "RMSE": {
            "Temperature": 0.7747656024619841,
            "Precipitation": 0.6154719728968132,
            "Humidity": 1.7915054196059683,
            "Wind_Speed_kmh": 0.25680371041289296,
            "Soil_Moisture": 178.9235338597139,
            "Soil_Temperature": 0.6091023023940243,
            "Wind_Dir_Sin": 0.21612412947928944,
            "Wind_Dir_Cos": 0.22141075549604405
        },
        "MAE": {
            "Temperature": 0.5232083825809302,
            "Precipitation": 0.4174178431130822,
            "Humidity": 1.1979469851313223,
            "Wind_Speed_kmh": 0.11012086006390022,
            "Soil_Moisture": 72.33108648589584,
            "Soil_Temperature": 0.44039627195131936,
            "Wind_Dir_Sin": 0.09702185014099948,
            "Wind_Dir_Cos": 0.10875983972109077
        },
        "R2": {
            "Temperature": 0.826510045001507,
            "Precipitation": -479.6679526372883,
            "Humidity": 0.9390871994017396,
            "Wind_Speed_kmh": 0.8122737496343738,
            "Soil_Moisture": 0.9660294141949609,
            "Soil_Temperature": 0.9378993767862678,
            "Wind_Dir_Sin": 0.7815349304588042,
            "Wind_Dir_Cos": 0.865007896389794
        },
        "SMAPE": {
            "Temperature": 9.154921269855308,
            "Precipitation": 195.48223546980134,
            "Humidity": 1.4141933939099016,
            "Wind_Speed_kmh": 133.18612442972494,
            "Soil_Moisture": 1.116510991606346,
            "Soil_Temperature": 14.800289627606482,
            "Wind_Dir_Sin": 126.2479370392053,
            "Wind_Dir_Cos": 27.6175205819077
        }
    }
}