{
    "trial_number": 17,
    "input_chunk_length": 22,
    "training_length": 23,
    "hidden_size": 104,
    "layer_size": 1,
    "dropout": 0.10105136860132456,
    "batch_size": 37,
    "lr": 0.007593797927984619,
    "forecast_horizon": 3,
    "overall_smape_val": 70.68619507806122,
    "metrics": {
        "MSE": {
            "Temperature": 1.7109032783798728,
            "Precipitation": 3.7112479806794676,
            "Humidity": 10.034067285739706,
            "Wind_Speed_kmh": 0.13498263495705234,
            "Soil_Moisture": 82857.7583187384,
            "Soil_Temperature": 1.3927889385657888,
            "Wind_Dir_Sin": 0.08626688409739411,
            "Wind_Dir_Cos": 0.07932177949221376
        },
        "RMSE": {
            "Temperature": 1.3080150145850287,
            "Precipitation": 1.9264599608295698,
            "Humidity": 3.1676595912028973,
            "Wind_Speed_kmh": 0.36739982982719566,
            "Soil_Moisture": 287.8502359191988,
            "Soil_Temperature": 1.1801647929699433,
            "Wind_Dir_Sin": 0.29371224710146854,
            "Wind_Dir_Cos": 0.2816412247740266
        },
        "MAE": {
            "Temperature": 1.0480951102578053,
            "Precipitation": 1.8288554110401856,
            "Humidity": 2.5247751770583395,
            "Wind_Speed_kmh": 0.19756876266383247,
            "Soil_Moisture": 151.7086707262677,
            "Soil_Temperature": 0.9338892910100393,
            "Wind_Dir_Sin": 0.17103506360703316,
            "Wind_Dir_Cos": 0.1632281288366312
        },
        "R2": {
            "Temperature": 0.5053374933742366,
            "Precipitation": -4704.70356194165,
            "Humidity": 0.8096104349674315,
            "Wind_Speed_kmh": 0.6160036720193995,
            "Soil_Moisture": 0.9121257667204259,
            "Soil_Temperature": 0.7667663710861617,
            "Wind_Dir_Sin": 0.5967348000003581,
            "Wind_Dir_Cos": 0.7816661091700035
        },
        "SMAPE": {
            "Temperature": 16.450535183847926,
            "Precipitation": 199.14361285450204,
            "Humidity": 2.9800698847334335,
            "Wind_Speed_kmh": 144.80618219664638,
            "Soil_Moisture": 2.379824751349806,
            "Soil_Temperature": 22.430429231159764,
            "Wind_Dir_Sin": 135.11719552650146,
            "Wind_Dir_Cos": 42.181710995749
        }
    }
}