{
    "trial_number": 8,
    "input_chunk_length": 40,
    "training_length": 56,
    "hidden_size": 118,
    "layer_size": 3,
    "dropout": 0.342196746386151,
    "batch_size": 62,
    "lr": 1.0911151942459067e-05,
    "forecast_horizon": 5,
    "overall_smape_val": 80.35505934017775,
    "metrics": {
        "MSE": {
            "Temperature": 4.350425605349927,
            "Precipitation": 0.3382358340667848,
            "Humidity": 78.26037460698896,
            "Wind_Speed_kmh": 0.2688372074820926,
            "Soil_Moisture": 350300.1167575358,
            "Soil_Temperature": 9.010196976267814,
            "Wind_Dir_Sin": 0.1534083503427518,
            "Wind_Dir_Cos": 0.1341037037748791
        },
        "RMSE": {
            "Temperature": 2.085767390038958,
            "Precipitation": 0.5815804622464417,
            "Humidity": 8.84648939449932,
            "Wind_Speed_kmh": 0.5184951373755521,
            "Soil_Moisture": 591.8615689141641,
            "Soil_Temperature": 3.00169901493601,
            "Wind_Dir_Sin": 0.391673780514795,
            "Wind_Dir_Cos": 0.36620172552143865
        },
        "MAE": {
            "Temperature": 1.774799185604833,
            "Precipitation": 0.5045631078737233,
            "Humidity": 7.417850195565929,
            "Wind_Speed_kmh": 0.3271049291210537,
            "Soil_Moisture": 405.49388984182013,
            "Soil_Temperature": 2.5026751625711827,
            "Wind_Dir_Sin": 0.3054870685436008,
            "Wind_Dir_Cos": 0.2390453627532948
        },
        "R2": {
            "Temperature": -0.25863442091608224,
            "Precipitation": -427.2283858994271,
            "Humidity": -0.48420285041092903,
            "Wind_Speed_kmh": 0.2361790345119119,
            "Soil_Moisture": 0.6289053185837858,
            "Soil_Temperature": -0.5101551250734351,
            "Wind_Dir_Sin": 0.28362951034263906,
            "Wind_Dir_Cos": 0.6311879717207189
        },
        "SMAPE": {
            "Temperature": 29.09597846720769,
            "Precipitation": 195.27640873121834,
            "Humidity": 8.58611616039635,
            "Wind_Speed_kmh": 153.17652449005047,
            "Soil_Moisture": 6.218321704407554,
            "Soil_Temperature": 45.16134844861966,
            "Wind_Dir_Sin": 147.5928609226588,
            "Wind_Dir_Cos": 57.73291579686282
        }
    }
}