{
    "trial_number": 16,
    "input_chunk_length": 56,
    "training_length": 71,
    "hidden_size": 153,
    "layer_size": 2,
    "dropout": 0.200326101528563,
    "batch_size": 16,
    "lr": 4.634997893140895e-05,
    "forecast_horizon": 9,
    "overall_smape_val": 72.11784631928272,
    "metrics": {
        "MSE": {
            "Temperature": 1.4301996816903624,
            "Precipitation": 0.06277127520344146,
            "Humidity": 13.3978092862269,
            "Wind_Speed_kmh": 0.17751017865284716,
            "Soil_Moisture": 173135.04208475395,
            "Soil_Temperature": 1.5674442428786495,
            "Wind_Dir_Sin": 0.09381832596183412,
            "Wind_Dir_Cos": 0.11972502734781425
        },
        "RMSE": {
            "Temperature": 1.195909562504775,
            "Precipitation": 0.2505419629591847,
            "Humidity": 3.6603018026150385,
            "Wind_Speed_kmh": 0.42131956832414885,
            "Soil_Moisture": 416.09499166026256,
            "Soil_Temperature": 1.2519761351074745,
            "Wind_Dir_Sin": 0.3062977733543522,
            "Wind_Dir_Cos": 0.34601304505439423
        },
        "MAE": {
            "Temperature": 0.8510851429471138,
            "Precipitation": 0.19460849104060535,
            "Humidity": 2.5968307106292228,
            "Wind_Speed_kmh": 0.21755894690594724,
            "Soil_Moisture": 228.06299039314388,
            "Soil_Temperature": 0.9149245126232124,
            "Wind_Dir_Sin": 0.17639669174286213,
            "Wind_Dir_Cos": 0.21170056607527193
        },
        "R2": {
            "Temperature": 0.5859063952218424,
            "Precipitation": -78.23487218600481,
            "Humidity": 0.7461506525788058,
            "Wind_Speed_kmh": 0.4969286199276577,
            "Soil_Moisture": 0.8169960794584036,
            "Soil_Temperature": 0.7368538023742197,
            "Wind_Dir_Sin": 0.5628207278308024,
            "Wind_Dir_Cos": 0.6712841068408276
        },
        "SMAPE": {
            "Temperature": 14.510531270603167,
            "Precipitation": 193.48259984985376,
            "Humidity": 3.077033251183509,
            "Wind_Speed_kmh": 146.1558675293987,
            "Soil_Moisture": 3.44207266578217,
            "Soil_Temperature": 24.408362181873176,
            "Wind_Dir_Sin": 138.17362376877182,
            "Wind_Dir_Cos": 53.692680036795245
        }
    }
}