{
    "trial_number": 6,
    "input_chunk_length": 39,
    "training_length": 44,
    "hidden_size": 203,
    "layer_size": 3,
    "dropout": 0.16620569762518356,
    "batch_size": 43,
    "lr": 0.001602770985716362,
    "forecast_horizon": 15,
    "overall_smape_val": 76.2403508010026,
    "metrics": {
        "MSE": {
            "Temperature": 1.3661819634098664,
            "Precipitation": 0.04810587733606397,
            "Humidity": 54.10931990084568,
            "Wind_Speed_kmh": 0.3171652488248743,
            "Soil_Moisture": 280952.87718805415,
            "Soil_Temperature": 2.01086905310811,
            "Wind_Dir_Sin": 0.11882982795146732,
            "Wind_Dir_Cos": 0.17201939153183712
        },
        "RMSE": {
            "Temperature": 1.168837868743936,
            "Precipitation": 0.21933052075820175,
            "Humidity": 7.355903744669698,
            "Wind_Speed_kmh": 0.5631742615078164,
            "Soil_Moisture": 530.0498817923217,
            "Soil_Temperature": 1.4180511461538015,
            "Wind_Dir_Sin": 0.34471702590888564,
            "Wind_Dir_Cos": 0.41475220497525644
        },
        "MAE": {
            "Temperature": 0.8483998890733966,
            "Precipitation": 0.16262724273207135,
            "Humidity": 5.719896345400901,
            "Wind_Speed_kmh": 0.4095188207421061,
            "Soil_Moisture": 336.4033958213802,
            "Soil_Temperature": 1.1261613295834518,
            "Wind_Dir_Sin": 0.22310843211128756,
            "Wind_Dir_Cos": 0.2480979720641582
        },
        "R2": {
            "Temperature": 0.6028781718194478,
            "Precipitation": -59.449899503996186,
            "Humidity": -0.024742677795450918,
            "Wind_Speed_kmh": 0.1045457908608678,
            "Soil_Moisture": 0.7040145282717691,
            "Soil_Temperature": 0.661455527299486,
            "Wind_Dir_Sin": 0.4480244016081679,
            "Wind_Dir_Cos": 0.5288913975847229
        },
        "SMAPE": {
            "Temperature": 14.915325121577316,
            "Precipitation": 194.36072420555334,
            "Humidity": 6.6133524023872,
            "Wind_Speed_kmh": 163.56117608342558,
            "Soil_Moisture": 5.239103043877822,
            "Soil_Temperature": 26.936398620865763,
            "Wind_Dir_Sin": 139.09992666402337,
            "Wind_Dir_Cos": 59.19680026631066
        }
    }
}