{
    "trial_number": 78,
    "input_chunk_length": 18,
    "training_length": 38,
    "hidden_size": 116,
    "layer_size": 1,
    "dropout": 0.17591976552469374,
    "batch_size": 18,
    "lr": 0.00034848048679166007,
    "forecast_horizon": 14,
    "overall_smape_val": 77.5951163146522,
    "metrics": {
        "MSE": {
            "Temperature": 1.5316999512659684,
            "Precipitation": 0.08912076318559224,
            "Humidity": 29.637882567614525,
            "Wind_Speed_kmh": 0.20070579431667623,
            "Soil_Moisture": 221990.2410713739,
            "Soil_Temperature": 2.0454290339825283,
            "Wind_Dir_Sin": 0.11685290433461827,
            "Wind_Dir_Cos": 0.16876209382072455
        },
        "RMSE": {
            "Temperature": 1.2376186614890583,
            "Precipitation": 0.2985310087505019,
            "Humidity": 5.444068567497522,
            "Wind_Speed_kmh": 0.44800200258110034,
            "Soil_Moisture": 471.158403375525,
            "Soil_Temperature": 1.430184964954718,
            "Wind_Dir_Sin": 0.3418375408503552,
            "Wind_Dir_Cos": 0.410806637994963
        },
        "MAE": {
            "Temperature": 0.916736652489758,
            "Precipitation": 0.23390911997738786,
            "Humidity": 4.291296192122354,
            "Wind_Speed_kmh": 0.2511615803804453,
            "Soil_Moisture": 303.5914250154085,
            "Soil_Temperature": 1.1391344281366178,
            "Wind_Dir_Sin": 0.2313644067471385,
            "Wind_Dir_Cos": 0.28325177969876175
        },
        "R2": {
            "Temperature": 0.5550639281664556,
            "Precipitation": -111.07358951890987,
            "Humidity": 0.4386957923915006,
            "Wind_Speed_kmh": 0.4329872072836435,
            "Soil_Moisture": 0.7660055869505407,
            "Soil_Temperature": 0.6558134355043463,
            "Wind_Dir_Sin": 0.4569201507228189,
            "Wind_Dir_Cos": 0.5376184529934038
        },
        "SMAPE": {
            "Temperature": 17.252837506093915,
            "Precipitation": 194.9904967997093,
            "Humidity": 5.0591848790672085,
            "Wind_Speed_kmh": 155.27659485082378,
            "Soil_Moisture": 4.711525732015699,
            "Soil_Temperature": 29.926607466584766,
            "Wind_Dir_Sin": 143.65250035834734,
            "Wind_Dir_Cos": 69.89118292457512
        }
    }
}