{
    "trial_number": 39,
    "input_chunk_length": 43,
    "training_length": 47,
    "hidden_size": 150,
    "layer_size": 4,
    "dropout": 0.2465902563808854,
    "batch_size": 26,
    "lr": 5.8700638601788194e-05,
    "forecast_horizon": 14,
    "overall_smape_val": 72.85409531538389,
    "metrics": {
        "MSE": {
            "Temperature": 1.3273404319625526,
            "Precipitation": 0.27564897163420393,
            "Humidity": 20.832836145430562,
            "Wind_Speed_kmh": 0.17935648717652866,
            "Soil_Moisture": 244152.333806138,
            "Soil_Temperature": 1.3726747669408599,
            "Wind_Dir_Sin": 0.09096387438280047,
            "Wind_Dir_Cos": 0.14781686683391418
        },
        "RMSE": {
            "Temperature": 1.1521026134691965,
            "Precipitation": 0.5250228296314399,
            "Humidity": 4.5643001813455,
            "Wind_Speed_kmh": 0.4235050025401455,
            "Soil_Moisture": 494.11773273799633,
            "Soil_Temperature": 1.1716120377244592,
            "Wind_Dir_Sin": 0.30160217900870756,
            "Wind_Dir_Cos": 0.38446959155948107
        },
        "MAE": {
            "Temperature": 0.7651355588107331,
            "Precipitation": 0.42726059383966203,
            "Humidity": 3.2515402475956896,
            "Wind_Speed_kmh": 0.20774933059049366,
            "Soil_Moisture": 278.9106338031784,
            "Soil_Temperature": 0.9320222032940856,
            "Wind_Dir_Sin": 0.16884781220037762,
            "Wind_Dir_Cos": 0.21343605495228216
        },
        "R2": {
            "Temperature": 0.6144273313483261,
            "Precipitation": -345.6416645681927,
            "Humidity": 0.6054522937604786,
            "Wind_Speed_kmh": 0.4933010128980164,
            "Soil_Moisture": 0.7426450740901962,
            "Soil_Temperature": 0.7690185265027961,
            "Wind_Dir_Sin": 0.5772407415050913,
            "Wind_Dir_Cos": 0.5950050748188813
        },
        "SMAPE": {
            "Temperature": 15.900419551330142,
            "Precipitation": 196.2769099684007,
            "Humidity": 3.809685297692036,
            "Wind_Speed_kmh": 147.86814347099906,
            "Soil_Moisture": 4.138579714488228,
            "Soil_Temperature": 25.560801403771077,
            "Wind_Dir_Sin": 137.72218379881122,
            "Wind_Dir_Cos": 51.55603931757841
        }
    }
}