{
    "trial_number": 60,
    "input_chunk_length": 24,
    "training_length": 28,
    "hidden_size": 77,
    "layer_size": 2,
    "dropout": 0.19319075024114746,
    "batch_size": 23,
    "lr": 0.00015340193419195294,
    "forecast_horizon": 2,
    "overall_smape_val": 67.1286167498707,
    "metrics": {
        "MSE": {
            "Temperature": 0.6843139292794393,
            "Precipitation": 0.4233436923669218,
            "Humidity": 5.3851007038560414,
            "Wind_Speed_kmh": 0.11241039295066024,
            "Soil_Moisture": 66982.84070504172,
            "Soil_Temperature": 0.764039233352587,
            "Wind_Dir_Sin": 0.06378965905636583,
            "Wind_Dir_Cos": 0.06581954786653847
        },
        "RMSE": {
            "Temperature": 0.8272326935508771,
            "Precipitation": 0.650648670456585,
            "Humidity": 2.320581975250183,
            "Wind_Speed_kmh": 0.33527659171296204,
            "Soil_Moisture": 258.81043391842167,
            "Soil_Temperature": 0.8740933779365835,
            "Wind_Dir_Sin": 0.25256614788281867,
            "Wind_Dir_Cos": 0.25655320669704845
        },
        "MAE": {
            "Temperature": 0.5694467166363065,
            "Precipitation": 0.43300792683547956,
            "Humidity": 1.5158809196912586,
            "Wind_Speed_kmh": 0.1569355400738553,
            "Soil_Moisture": 126.1859031147274,
            "Soil_Temperature": 0.6838434883198732,
            "Wind_Dir_Sin": 0.12986881609987508,
            "Wind_Dir_Cos": 0.15230499272780124
        },
        "R2": {
            "Temperature": 0.8022169578205621,
            "Precipitation": -536.1823056610958,
            "Humidity": 0.8977964116257905,
            "Wind_Speed_kmh": 0.6800155432335604,
            "Soil_Moisture": 0.9289225786400152,
            "Soil_Temperature": 0.8721116051603269,
            "Wind_Dir_Sin": 0.7016501840365273,
            "Wind_Dir_Cos": 0.8187550844792115
        },
        "SMAPE": {
            "Temperature": 10.121131510097566,
            "Precipitation": 196.53778827899495,
            "Humidity": 1.768831174661054,
            "Wind_Speed_kmh": 142.0378653429553,
            "Soil_Moisture": 1.944190632684787,
            "Soil_Temperature": 19.190627156364094,
            "Wind_Dir_Sin": 130.007145312658,
            "Wind_Dir_Cos": 35.42135459055
        }
    }
}