{
    "trial_number": 12,
    "input_chunk_length": 27,
    "training_length": 28,
    "hidden_size": 97,
    "layer_size": 1,
    "dropout": 0.23544113246888784,
    "batch_size": 31,
    "lr": 0.00011751525164935647,
    "forecast_horizon": 1,
    "overall_smape_val": 63.25266207947047,
    "metrics": {
        "MSE": {
            "Temperature": 0.47626575218706174,
            "Precipitation": 0.15643063653756364,
            "Humidity": 3.1333329256475735,
            "Wind_Speed_kmh": 0.06934795544532422,
            "Soil_Moisture": 32702.08313844647,
            "Soil_Temperature": 0.5066960981252182,
            "Wind_Dir_Sin": 0.04632050302652118,
            "Wind_Dir_Cos": 0.04864333927025203
        },
        "RMSE": {
            "Temperature": 0.6901200998283282,
            "Precipitation": 0.39551313067654736,
            "Humidity": 1.7701222911560583,
            "Wind_Speed_kmh": 0.26333999970631927,
            "Soil_Moisture": 180.83717299948722,
            "Soil_Temperature": 0.711825890316739,
            "Wind_Dir_Sin": 0.21522198546273374,
            "Wind_Dir_Cos": 0.22055235040745322
        },
        "MAE": {
            "Temperature": 0.46716524348658167,
            "Precipitation": 0.30694956838987175,
            "Humidity": 1.1464912470169895,
            "Wind_Speed_kmh": 0.11331037638252967,
            "Soil_Moisture": 74.01549256447966,
            "Soil_Temperature": 0.4909665434076026,
            "Wind_Dir_Sin": 0.09249043388905984,
            "Wind_Dir_Cos": 0.10088137646663833
        },
        "R2": {
            "Temperature": 0.8623478416512402,
            "Precipitation": -197.49538690764052,
            "Humidity": 0.9405326128176335,
            "Wind_Speed_kmh": 0.8025959409218043,
            "Soil_Moisture": 0.9652988777705622,
            "Soil_Temperature": 0.9151868806835792,
            "Wind_Dir_Sin": 0.7833549550549141,
            "Wind_Dir_Cos": 0.866052590720272
        },
        "SMAPE": {
            "Temperature": 8.109332508920371,
            "Precipitation": 193.9772536635391,
            "Humidity": 1.3378562790354804,
            "Wind_Speed_kmh": 133.07172990048218,
            "Soil_Moisture": 1.140800275200287,
            "Soil_Temperature": 16.131298535703877,
            "Wind_Dir_Sin": 125.96386166693225,
            "Wind_Dir_Cos": 26.289163805950306
        }
    }
}