{
    "trial_number": 85,
    "input_chunk_length": 16,
    "training_length": 22,
    "hidden_size": 124,
    "layer_size": 1,
    "dropout": 0.2665060123561181,
    "batch_size": 28,
    "lr": 0.00012151577836796911,
    "forecast_horizon": 2,
    "overall_smape_val": 66.6856061642008,
    "metrics": {
        "MSE": {
            "Temperature": 0.7091304859876123,
            "Precipitation": 0.3928364875265804,
            "Humidity": 6.0441069328907595,
            "Wind_Speed_kmh": 0.10343162549065128,
            "Soil_Moisture": 55369.98388924973,
            "Soil_Temperature": 0.7692558399210788,
            "Wind_Dir_Sin": 0.06403507674316104,
            "Wind_Dir_Cos": 0.06679786935824819
        },
        "RMSE": {
            "Temperature": 0.84209885760973,
            "Precipitation": 0.626766693057776,
            "Humidity": 2.4584765471508487,
            "Wind_Speed_kmh": 0.3216078753554572,
            "Soil_Moisture": 235.30827416232037,
            "Soil_Temperature": 0.8770723116830669,
            "Wind_Dir_Sin": 0.25305152981786344,
            "Wind_Dir_Cos": 0.25845283778331435
        },
        "MAE": {
            "Temperature": 0.5843475905666774,
            "Precipitation": 0.5094807993165629,
            "Humidity": 1.7570475749559382,
            "Wind_Speed_kmh": 0.15986817294954778,
            "Soil_Moisture": 98.08634383720559,
            "Soil_Temperature": 0.6550333599825261,
            "Wind_Dir_Sin": 0.12013141631657583,
            "Wind_Dir_Cos": 0.13213763220175725
        },
        "R2": {
            "Temperature": 0.7950443812118567,
            "Precipitation": -497.47160574778246,
            "Humidity": 0.8852891615162288,
            "Wind_Speed_kmh": 0.7055742656319797,
            "Soil_Moisture": 0.9412453154544168,
            "Soil_Temperature": 0.8712384256016973,
            "Wind_Dir_Sin": 0.7005023440453333,
            "Wind_Dir_Cos": 0.8160611158655614
        },
        "SMAPE": {
            "Temperature": 10.104823086489986,
            "Precipitation": 197.68516666658334,
            "Humidity": 2.067810710205032,
            "Wind_Speed_kmh": 138.9151324343127,
            "Soil_Moisture": 1.5083546278799034,
            "Soil_Temperature": 18.65346187927103,
            "Wind_Dir_Sin": 130.61906096563627,
            "Wind_Dir_Cos": 33.93103894322821
        }
    }
}