{
    "trial_number": 52,
    "input_chunk_length": 27,
    "training_length": 38,
    "hidden_size": 131,
    "layer_size": 1,
    "dropout": 0.39838783777931575,
    "batch_size": 48,
    "lr": 0.004683405373393642,
    "forecast_horizon": 2,
    "overall_smape_val": 67.22335914088686,
    "metrics": {
        "MSE": {
            "Temperature": 0.8371061518553539,
            "Precipitation": 0.25521843132126426,
            "Humidity": 11.565552081744073,
            "Wind_Speed_kmh": 0.1113762210732585,
            "Soil_Moisture": 53024.98475838666,
            "Soil_Temperature": 0.6629130790285013,
            "Wind_Dir_Sin": 0.06704339571142688,
            "Wind_Dir_Cos": 0.07035956387106357
        },
        "RMSE": {
            "Temperature": 0.9149350533537087,
            "Precipitation": 0.5051914798581467,
            "Humidity": 3.4008163845970976,
            "Wind_Speed_kmh": 0.33373076135300817,
            "Soil_Moisture": 230.27154569852232,
            "Soil_Temperature": 0.8141947426927426,
            "Wind_Dir_Sin": 0.2589273946716084,
            "Wind_Dir_Cos": 0.26525377258592114
        },
        "MAE": {
            "Temperature": 0.6639460365838686,
            "Precipitation": 0.39706051053127145,
            "Humidity": 2.790560153432079,
            "Wind_Speed_kmh": 0.19403538140169405,
            "Soil_Moisture": 99.0962252703674,
            "Soil_Temperature": 0.5724408659486551,
            "Wind_Dir_Sin": 0.14558392012553192,
            "Wind_Dir_Cos": 0.16108944320716653
        },
        "R2": {
            "Temperature": 0.7580563623549071,
            "Precipitation": -322.84756843273817,
            "Humidity": 0.7804978979433674,
            "Wind_Speed_kmh": 0.6829593895960474,
            "Soil_Moisture": 0.9437336615675223,
            "Soil_Temperature": 0.8890385651752823,
            "Wind_Dir_Sin": 0.6864321730518113,
            "Wind_Dir_Cos": 0.8062534061195901
        },
        "SMAPE": {
            "Temperature": 11.019390863494198,
            "Precipitation": 195.5951493450685,
            "Humidity": 3.3089496167274373,
            "Wind_Speed_kmh": 142.60443258712502,
            "Soil_Moisture": 1.535200472360547,
            "Soil_Temperature": 16.98253960829422,
            "Wind_Dir_Sin": 130.31242229028626,
            "Wind_Dir_Cos": 36.428788343738624
        }
    }
}