{
    "trial_number": 34,
    "input_chunk_length": 43,
    "training_length": 49,
    "hidden_size": 96,
    "layer_size": 1,
    "dropout": 0.26385466717918843,
    "batch_size": 35,
    "lr": 0.0001878446809907683,
    "forecast_horizon": 2,
    "overall_smape_val": 65.52557584502877,
    "metrics": {
        "MSE": {
            "Temperature": 0.7110579068531827,
            "Precipitation": 0.2672280300913647,
            "Humidity": 5.063450682812508,
            "Wind_Speed_kmh": 0.09645657625419857,
            "Soil_Moisture": 54355.1048719092,
            "Soil_Temperature": 0.5042633563366612,
            "Wind_Dir_Sin": 0.06263662811870699,
            "Wind_Dir_Cos": 0.06263965290573247
        },
        "RMSE": {
            "Temperature": 0.843242495877184,
            "Precipitation": 0.5169410315416689,
            "Humidity": 2.250211252929935,
            "Wind_Speed_kmh": 0.3105745904838298,
            "Soil_Moisture": 233.141812791934,
            "Soil_Temperature": 0.7101150303554075,
            "Wind_Dir_Sin": 0.25027310706247885,
            "Wind_Dir_Cos": 0.2502791499620623
        },
        "MAE": {
            "Temperature": 0.5540334160001291,
            "Precipitation": 0.3813636132970506,
            "Humidity": 1.5724087942278906,
            "Wind_Speed_kmh": 0.14260396715078272,
            "Soil_Moisture": 106.08449404933053,
            "Soil_Temperature": 0.49384716068022516,
            "Wind_Dir_Sin": 0.12460746182099447,
            "Wind_Dir_Cos": 0.1295555589971875
        },
        "R2": {
            "Temperature": 0.7944873106247446,
            "Precipitation": -338.0865907063845,
            "Humidity": 0.9039009931664383,
            "Wind_Speed_kmh": 0.7254292566364604,
            "Soil_Moisture": 0.9423222328079606,
            "Soil_Temperature": 0.9155940841736837,
            "Wind_Dir_Sin": 0.7070430106033967,
            "Wind_Dir_Cos": 0.8275114465664277
        },
        "SMAPE": {
            "Temperature": 9.574052623883395,
            "Precipitation": 194.2437619423076,
            "Humidity": 1.8432718328053366,
            "Wind_Speed_kmh": 138.66218841865694,
            "Soil_Moisture": 1.6272258896330136,
            "Soil_Temperature": 15.695968292341847,
            "Wind_Dir_Sin": 130.15351609283707,
            "Wind_Dir_Cos": 32.404621667764836
        }
    }
}