{
    "trial_number": 54,
    "input_chunk_length": 23,
    "training_length": 28,
    "hidden_size": 96,
    "layer_size": 1,
    "dropout": 0.3564473440126668,
    "batch_size": 38,
    "lr": 0.0029216201740899107,
    "forecast_horizon": 1,
    "overall_smape_val": 63.460633344215395,
    "metrics": {
        "MSE": {
            "Temperature": 0.4489647353107556,
            "Precipitation": 0.22839770627612088,
            "Humidity": 2.327757898573266,
            "Wind_Speed_kmh": 0.0665436885219532,
            "Soil_Moisture": 28139.27694874053,
            "Soil_Temperature": 0.38930679629136544,
            "Wind_Dir_Sin": 0.046232466151094054,
            "Wind_Dir_Cos": 0.04707973523911122
        },
        "RMSE": {
            "Temperature": 0.6700483081918465,
            "Precipitation": 0.47790972607399496,
            "Humidity": 1.5256991507414777,
            "Wind_Speed_kmh": 0.25796063366714156,
            "Soil_Moisture": 167.7476585492046,
            "Soil_Temperature": 0.623944545846316,
            "Wind_Dir_Sin": 0.21501736244102254,
            "Wind_Dir_Cos": 0.21697865157455287
        },
        "MAE": {
            "Temperature": 0.4156148886277372,
            "Precipitation": 0.37409167363971096,
            "Humidity": 0.9705368764199067,
            "Wind_Speed_kmh": 0.10622158344774829,
            "Soil_Moisture": 67.5571454573941,
            "Soil_Temperature": 0.4920921517304581,
            "Wind_Dir_Sin": 0.11063464976298189,
            "Wind_Dir_Cos": 0.10941131636288665
        },
        "R2": {
            "Temperature": 0.8702384864874103,
            "Precipitation": -288.8146557449426,
            "Humidity": 0.9558215856705812,
            "Wind_Speed_kmh": 0.8105784931089213,
            "Soil_Moisture": 0.9701406028260549,
            "Soil_Temperature": 0.9348360409983,
            "Wind_Dir_Sin": 0.7837667112230805,
            "Wind_Dir_Cos": 0.8703582307575861
        },
        "SMAPE": {
            "Temperature": 7.19069465090375,
            "Precipitation": 196.23332983837017,
            "Humidity": 1.1469392074221778,
            "Wind_Speed_kmh": 135.31995725312723,
            "Soil_Moisture": 1.0659835656573864,
            "Soil_Temperature": 14.576588655705871,
            "Wind_Dir_Sin": 125.72188835328089,
            "Wind_Dir_Cos": 26.429685229255593
        }
    }
}