{
    "trial_number": 87,
    "input_chunk_length": 32,
    "training_length": 35,
    "hidden_size": 147,
    "layer_size": 1,
    "dropout": 0.3912320706156599,
    "batch_size": 39,
    "lr": 0.0007987484440612242,
    "forecast_horizon": 3,
    "overall_smape_val": 69.72452468341962,
    "metrics": {
        "MSE": {
            "Temperature": 0.8408391959437296,
            "Precipitation": 0.13568052711390885,
            "Humidity": 9.296242836696424,
            "Wind_Speed_kmh": 0.1501477963643559,
            "Soil_Moisture": 80355.60441916475,
            "Soil_Temperature": 1.1138261112804482,
            "Wind_Dir_Sin": 0.07571432993439582,
            "Wind_Dir_Cos": 0.08107869313552567
        },
        "RMSE": {
            "Temperature": 0.9169728436239154,
            "Precipitation": 0.36834837737379655,
            "Humidity": 3.0489740629753515,
            "Wind_Speed_kmh": 0.38748909192950953,
            "Soil_Moisture": 283.47064119440086,
            "Soil_Temperature": 1.055379605298704,
            "Wind_Dir_Sin": 0.2751623701278862,
            "Wind_Dir_Cos": 0.2847432056002841
        },
        "MAE": {
            "Temperature": 0.6620004656389843,
            "Precipitation": 0.3010866873565658,
            "Humidity": 2.3077678362603034,
            "Wind_Speed_kmh": 0.2568388158874409,
            "Soil_Moisture": 149.69631025245292,
            "Soil_Temperature": 0.7873599789294727,
            "Wind_Dir_Sin": 0.14893375987340726,
            "Wind_Dir_Cos": 0.17843800867733767
        },
        "R2": {
            "Temperature": 0.7568935488109064,
            "Precipitation": -171.03709993239198,
            "Humidity": 0.8236101493328499,
            "Wind_Speed_kmh": 0.5728620760986316,
            "Soil_Moisture": 0.9147794090580175,
            "Soil_Temperature": 0.8134809239794543,
            "Wind_Dir_Sin": 0.6460640172263354,
            "Wind_Dir_Cos": 0.7768301890223188
        },
        "SMAPE": {
            "Temperature": 11.730337155220525,
            "Precipitation": 194.50967010930438,
            "Humidity": 2.72213935589984,
            "Wind_Speed_kmh": 150.88209906768574,
            "Soil_Moisture": 2.3172979585098474,
            "Soil_Temperature": 20.807178917642155,
            "Wind_Dir_Sin": 133.24169520150056,
            "Wind_Dir_Cos": 41.58577970159352
        }
    }
}