{
    "trial_number": 75,
    "input_chunk_length": 18,
    "training_length": 32,
    "hidden_size": 97,
    "layer_size": 1,
    "dropout": 0.2968587821046222,
    "batch_size": 24,
    "lr": 0.00032615765379992695,
    "forecast_horizon": 1,
    "overall_smape_val": 63.31911232103157,
    "metrics": {
        "MSE": {
            "Temperature": 0.40525176563525495,
            "Precipitation": 0.16754177050371313,
            "Humidity": 2.511054606078962,
            "Wind_Speed_kmh": 0.0673705466460378,
            "Soil_Moisture": 29026.911922346313,
            "Soil_Temperature": 0.5249892944162978,
            "Wind_Dir_Sin": 0.045422116584280914,
            "Wind_Dir_Cos": 0.04808610947525616
        },
        "RMSE": {
            "Temperature": 0.6365938781006734,
            "Precipitation": 0.40931866620484475,
            "Humidity": 1.5846307475493973,
            "Wind_Speed_kmh": 0.25955836847622116,
            "Soil_Moisture": 170.37286146081573,
            "Soil_Temperature": 0.724561449717205,
            "Wind_Dir_Sin": 0.21312465034406722,
            "Wind_Dir_Cos": 0.21928545203742122
        },
        "MAE": {
            "Temperature": 0.39795143084383205,
            "Precipitation": 0.3125152583680547,
            "Humidity": 0.9508834821506847,
            "Wind_Speed_kmh": 0.11449929070287738,
            "Soil_Moisture": 64.23848843322675,
            "Soil_Temperature": 0.5417020823091696,
            "Wind_Dir_Sin": 0.09518940779269856,
            "Wind_Dir_Cos": 0.10488639595696271
        },
        "R2": {
            "Temperature": 0.8828725770052253,
            "Precipitation": -211.59434401994417,
            "Humidity": 0.9523428055558759,
            "Wind_Speed_kmh": 0.8082247806032257,
            "Soil_Moisture": 0.9691987077919123,
            "Soil_Temperature": 0.912124881498161,
            "Wind_Dir_Sin": 0.7875567870394624,
            "Wind_Dir_Cos": 0.8675870143131608
        },
        "SMAPE": {
            "Temperature": 7.084280799019895,
            "Precipitation": 194.25489057662475,
            "Humidity": 1.1201488425543884,
            "Wind_Speed_kmh": 134.5030160714309,
            "Soil_Moisture": 0.9790656798176363,
            "Soil_Temperature": 16.16681391080868,
            "Wind_Dir_Sin": 125.52369338717763,
            "Wind_Dir_Cos": 26.920989300818416
        }
    }
}