{
    "trial_number": 18,
    "input_chunk_length": 33,
    "training_length": 40,
    "hidden_size": 181,
    "layer_size": 1,
    "dropout": 0.27228203216499514,
    "batch_size": 25,
    "lr": 0.0007410715185466679,
    "forecast_horizon": 24,
    "overall_smape_val": 79.13927726038834,
    "metrics": {
        "MSE": {
            "Temperature": 5.109339571565387,
            "Precipitation": 0.17348834033070817,
            "Humidity": 29.867464011964877,
            "Wind_Speed_kmh": 0.18061477331976883,
            "Soil_Moisture": 317328.4351447454,
            "Soil_Temperature": 4.561872401948885,
            "Wind_Dir_Sin": 0.11372012723801415,
            "Wind_Dir_Cos": 0.2512617923052696
        },
        "RMSE": {
            "Temperature": 2.260384828201912,
            "Precipitation": 0.41651931567540557,
            "Humidity": 5.465113357650038,
            "Wind_Speed_kmh": 0.42498796844118875,
            "Soil_Moisture": 563.3191237165178,
            "Soil_Temperature": 2.1358540216852098,
            "Wind_Dir_Sin": 0.3372241498440083,
            "Wind_Dir_Cos": 0.5012602041906674
        },
        "MAE": {
            "Temperature": 1.9974055149343573,
            "Precipitation": 0.3138409012681435,
            "Humidity": 4.593710570626354,
            "Wind_Speed_kmh": 0.24410798010281276,
            "Soil_Moisture": 357.49065092262975,
            "Soil_Temperature": 1.8781608406116819,
            "Wind_Dir_Sin": 0.23750032527239726,
            "Wind_Dir_Cos": 0.3679662400750391
        },
        "R2": {
            "Temperature": -0.49661865606621713,
            "Precipitation": -215.52803669937933,
            "Humidity": 0.4347351150094403,
            "Wind_Speed_kmh": 0.49297734403465887,
            "Soil_Moisture": 0.6673284322952537,
            "Soil_Temperature": 0.22802246789830782,
            "Wind_Dir_Sin": 0.47427276807276353,
            "Wind_Dir_Cos": 0.3144587287797638
        },
        "SMAPE": {
            "Temperature": 28.2977225541029,
            "Precipitation": 194.10336804733538,
            "Humidity": 5.431579266751779,
            "Wind_Speed_kmh": 155.0851544593953,
            "Soil_Moisture": 5.359322413146327,
            "Soil_Temperature": 31.55004839758018,
            "Wind_Dir_Sin": 141.01717161159817,
            "Wind_Dir_Cos": 72.26985133319668
        }
    }
}