{
    "trial_number": 50,
    "input_chunk_length": 41,
    "training_length": 43,
    "hidden_size": 146,
    "layer_size": 2,
    "dropout": 0.11485416664327747,
    "batch_size": 35,
    "lr": 0.0005451287389390156,
    "forecast_horizon": 1,
    "overall_smape_val": 64.79529019821176,
    "metrics": {
        "MSE": {
            "Temperature": 0.5801443484329997,
            "Precipitation": 0.14087903316128197,
            "Humidity": 3.6612639219330525,
            "Wind_Speed_kmh": 0.08850311579030716,
            "Soil_Moisture": 39355.41333508839,
            "Soil_Temperature": 0.6605056240699403,
            "Wind_Dir_Sin": 0.04904773691576784,
            "Wind_Dir_Cos": 0.04922397774442972
        },
        "RMSE": {
            "Temperature": 0.7616720740797838,
            "Precipitation": 0.375338558052969,
            "Humidity": 1.913442949746099,
            "Wind_Speed_kmh": 0.2974947323740492,
            "Soil_Moisture": 198.38198843415296,
            "Soil_Temperature": 0.8127149709891779,
            "Wind_Dir_Sin": 0.2214672366644056,
            "Wind_Dir_Cos": 0.2218647735545905
        },
        "MAE": {
            "Temperature": 0.5656301372377543,
            "Precipitation": 0.3145426590663866,
            "Humidity": 1.3510140339394578,
            "Wind_Speed_kmh": 0.1892105027619398,
            "Soil_Moisture": 98.9316040116607,
            "Soil_Temperature": 0.5310560406212955,
            "Wind_Dir_Sin": 0.11159028276122676,
            "Wind_Dir_Cos": 0.10678211454935406
        },
        "R2": {
            "Temperature": 0.8323244504797573,
            "Precipitation": -177.76190248582182,
            "Humidity": 0.9305130337602332,
            "Wind_Speed_kmh": 0.7480693672094099,
            "Soil_Moisture": 0.9582388374847784,
            "Soil_Temperature": 0.8894415360396817,
            "Wind_Dir_Sin": 0.770599443566334,
            "Wind_Dir_Cos": 0.8644537074916323
        },
        "SMAPE": {
            "Temperature": 9.458226217803494,
            "Precipitation": 192.25819720540633,
            "Humidity": 1.5813118333114025,
            "Wind_Speed_kmh": 143.0395406880362,
            "Soil_Moisture": 1.5349517745578318,
            "Soil_Temperature": 16.317397158664196,
            "Wind_Dir_Sin": 126.59321881755623,
            "Wind_Dir_Cos": 27.579477890358316
        }
    }
}