{
    "trial_number": 7,
    "input_chunk_length": 48,
    "training_length": 60,
    "hidden_size": 183,
    "layer_size": 3,
    "dropout": 0.1385570600254065,
    "batch_size": 59,
    "lr": 0.0036301828338385026,
    "forecast_horizon": 20,
    "overall_smape_val": 78.70821747060207,
    "metrics": {
        "MSE": {
            "Temperature": 2.4803062381493572,
            "Precipitation": 0.07100722239889394,
            "Humidity": 32.571102029617144,
            "Wind_Speed_kmh": 0.31686325973717394,
            "Soil_Moisture": 437147.94026158913,
            "Soil_Temperature": 2.9358555968663755,
            "Wind_Dir_Sin": 0.11846928865977348,
            "Wind_Dir_Cos": 0.21605810823269184
        },
        "RMSE": {
            "Temperature": 1.5748988025106112,
            "Precipitation": 0.26647180413487265,
            "Humidity": 5.707109779005232,
            "Wind_Speed_kmh": 0.56290608429575,
            "Soil_Moisture": 661.1716420579372,
            "Soil_Temperature": 1.7134338612465834,
            "Wind_Dir_Sin": 0.34419367899450665,
            "Wind_Dir_Cos": 0.46482051184590795
        },
        "MAE": {
            "Temperature": 1.1478863957006966,
            "Precipitation": 0.22966679489875372,
            "Humidity": 4.596606635767267,
            "Wind_Speed_kmh": 0.30420055909498617,
            "Soil_Moisture": 388.27803697021074,
            "Soil_Temperature": 1.1806564540501383,
            "Wind_Dir_Sin": 0.2005415196834388,
            "Wind_Dir_Cos": 0.2512683518350319
        },
        "R2": {
            "Temperature": 0.2754605145888761,
            "Precipitation": -87.89177136230032,
            "Humidity": 0.38320532069471125,
            "Wind_Speed_kmh": 0.10823287937487724,
            "Soil_Moisture": 0.540715945291913,
            "Soil_Temperature": 0.5043016187879433,
            "Wind_Dir_Sin": 0.4511543444728906,
            "Wind_Dir_Cos": 0.40952056870149023
        },
        "SMAPE": {
            "Temperature": 26.613895248060597,
            "Precipitation": 197.8404274835893,
            "Humidity": 5.400762282162485,
            "Wind_Speed_kmh": 163.94075608434989,
            "Soil_Moisture": 5.886965673127827,
            "Soil_Temperature": 34.32425714543059,
            "Wind_Dir_Sin": 139.24698134422724,
            "Wind_Dir_Cos": 56.411694503868965
        }
    }
}