{
    "trial_number": 32,
    "input_chunk_length": 30,
    "training_length": 34,
    "hidden_size": 137,
    "layer_size": 1,
    "dropout": 0.3123008153625665,
    "batch_size": 43,
    "lr": 0.0010218303426889506,
    "forecast_horizon": 2,
    "overall_smape_val": 66.3132541176478,
    "metrics": {
        "MSE": {
            "Temperature": 0.7233786112479426,
            "Precipitation": 0.19867337862437298,
            "Humidity": 5.818973773423242,
            "Wind_Speed_kmh": 0.10209315633183197,
            "Soil_Moisture": 59660.99552988225,
            "Soil_Temperature": 0.8020816226260536,
            "Wind_Dir_Sin": 0.06473009728433203,
            "Wind_Dir_Cos": 0.0666484155839403
        },
        "RMSE": {
            "Temperature": 0.8505166731157847,
            "Precipitation": 0.4457279199515922,
            "Humidity": 2.4122549146852705,
            "Wind_Speed_kmh": 0.3195201970640228,
            "Soil_Moisture": 244.256004081542,
            "Soil_Temperature": 0.8955900974363515,
            "Wind_Dir_Sin": 0.2544211022779597,
            "Wind_Dir_Cos": 0.2581635442581704
        },
        "MAE": {
            "Temperature": 0.531582465976446,
            "Precipitation": 0.3476045206556464,
            "Humidity": 1.692836707626649,
            "Wind_Speed_kmh": 0.14847064645928554,
            "Soil_Moisture": 136.302378261118,
            "Soil_Temperature": 0.6493045622626453,
            "Wind_Dir_Sin": 0.1256790881691613,
            "Wind_Dir_Cos": 0.13206637800929735
        },
        "R2": {
            "Temperature": 0.7909263332827299,
            "Precipitation": -251.097351459817,
            "Humidity": 0.8895619538046121,
            "Wind_Speed_kmh": 0.7093843166018345,
            "Soil_Moisture": 0.9366919994225561,
            "Soil_Temperature": 0.8657438953783287,
            "Wind_Dir_Sin": 0.6972516721712921,
            "Wind_Dir_Cos": 0.8164726613346008
        },
        "SMAPE": {
            "Temperature": 9.233071600385795,
            "Precipitation": 195.46601939217038,
            "Humidity": 1.9991886639354437,
            "Wind_Speed_kmh": 139.3136236239926,
            "Soil_Moisture": 2.146752985894663,
            "Soil_Temperature": 18.407917105123435,
            "Wind_Dir_Sin": 130.45208459395522,
            "Wind_Dir_Cos": 33.487374975724535
        }
    }
}