{
    "trial_number": 45,
    "input_chunk_length": 39,
    "training_length": 53,
    "hidden_size": 161,
    "layer_size": 3,
    "dropout": 0.2822726211111159,
    "batch_size": 31,
    "lr": 0.0009276034736100719,
    "forecast_horizon": 4,
    "overall_smape_val": 69.47139385053907,
    "metrics": {
        "MSE": {
            "Temperature": 1.1879287375662912,
            "Precipitation": 0.06932670014134043,
            "Humidity": 9.59079429642249,
            "Wind_Speed_kmh": 0.15349142738024874,
            "Soil_Moisture": 101219.89046089759,
            "Soil_Temperature": 1.310612597607087,
            "Wind_Dir_Sin": 0.08142112653604072,
            "Wind_Dir_Cos": 0.08859444620169496
        },
        "RMSE": {
            "Temperature": 1.0899214364192913,
            "Precipitation": 0.26329963946298984,
            "Humidity": 3.096900756631134,
            "Wind_Speed_kmh": 0.3917798200268216,
            "Soil_Moisture": 318.15073543981885,
            "Soil_Temperature": 1.1448198974542183,
            "Wind_Dir_Sin": 0.2853438741869899,
            "Wind_Dir_Cos": 0.2976481920013877
        },
        "MAE": {
            "Temperature": 0.8015485557021469,
            "Precipitation": 0.23240336641880988,
            "Humidity": 2.2870601618797233,
            "Wind_Speed_kmh": 0.2063083906153141,
            "Soil_Moisture": 169.07288435679877,
            "Soil_Temperature": 0.8985259884059672,
            "Wind_Dir_Sin": 0.15521249257418177,
            "Wind_Dir_Cos": 0.19519976034447722
        },
        "R2": {
            "Temperature": 0.6564294324799747,
            "Precipitation": -86.83768131685245,
            "Humidity": 0.8180684685694921,
            "Wind_Speed_kmh": 0.5636249730205285,
            "Soil_Moisture": 0.8927117670808279,
            "Soil_Temperature": 0.7804313510451117,
            "Wind_Dir_Sin": 0.6195874767026406,
            "Wind_Dir_Cos": 0.7562453035348597
        },
        "SMAPE": {
            "Temperature": 13.219770964763113,
            "Precipitation": 191.85314300859136,
            "Humidity": 2.6930375587735367,
            "Wind_Speed_kmh": 141.98397098878144,
            "Soil_Moisture": 2.597560160463726,
            "Soil_Temperature": 22.036156842619857,
            "Wind_Dir_Sin": 135.6369509396056,
            "Wind_Dir_Cos": 45.75056034071429
        }
    }
}