{
    "trial_number": 47,
    "input_chunk_length": 47,
    "training_length": 60,
    "hidden_size": 99,
    "layer_size": 2,
    "dropout": 0.20060290229651032,
    "batch_size": 51,
    "lr": 0.0001238341599835834,
    "forecast_horizon": 2,
    "overall_smape_val": 66.82826912994243,
    "metrics": {
        "MSE": {
            "Temperature": 0.7585332042360498,
            "Precipitation": 0.20244608657196364,
            "Humidity": 6.033034402001206,
            "Wind_Speed_kmh": 0.11077510039665435,
            "Soil_Moisture": 66021.90358389882,
            "Soil_Temperature": 0.7217295534075409,
            "Wind_Dir_Sin": 0.06295042461680375,
            "Wind_Dir_Cos": 0.06468889934918923
        },
        "RMSE": {
            "Temperature": 0.8709381173401758,
            "Precipitation": 0.44994009220335507,
            "Humidity": 2.456223605863523,
            "Wind_Speed_kmh": 0.3328289356360927,
            "Soil_Moisture": 256.94727782932205,
            "Soil_Temperature": 0.8495466752377652,
            "Wind_Dir_Sin": 0.2508992319972378,
            "Wind_Dir_Cos": 0.2543401253227442
        },
        "MAE": {
            "Temperature": 0.5602898607591618,
            "Precipitation": 0.3392607308071651,
            "Humidity": 1.776106431837331,
            "Wind_Speed_kmh": 0.15987271894718386,
            "Soil_Moisture": 123.51988089057079,
            "Soil_Temperature": 0.5992538639689612,
            "Wind_Dir_Sin": 0.12235060872836098,
            "Wind_Dir_Cos": 0.1334386536927173
        },
        "R2": {
            "Temperature": 0.7807658176914588,
            "Precipitation": -255.88455389229392,
            "Humidity": 0.8854993065908578,
            "Wind_Speed_kmh": 0.6846705238435602,
            "Soil_Moisture": 0.9299422566939914,
            "Soil_Temperature": 0.8791935936475009,
            "Wind_Dir_Sin": 0.7055753569297122,
            "Wind_Dir_Cos": 0.8218685105304843
        },
        "SMAPE": {
            "Temperature": 9.915653222656987,
            "Precipitation": 194.98898275813863,
            "Humidity": 2.1203013116854157,
            "Wind_Speed_kmh": 144.34657785901786,
            "Soil_Moisture": 1.8913089819488322,
            "Soil_Temperature": 17.489977435355406,
            "Wind_Dir_Sin": 130.16158496655044,
            "Wind_Dir_Cos": 33.71176650418574
        }
    }
}