{
    "trial_number": 30,
    "input_chunk_length": 25,
    "training_length": 30,
    "hidden_size": 121,
    "layer_size": 2,
    "dropout": 0.18712286426659996,
    "batch_size": 47,
    "lr": 0.0002668370115473875,
    "forecast_horizon": 12,
    "overall_smape_val": 74.9063319064694,
    "metrics": {
        "MSE": {
            "Temperature": 1.753240615394661,
            "Precipitation": 0.14976412410701903,
            "Humidity": 19.7059121348065,
            "Wind_Speed_kmh": 0.2298352830158807,
            "Soil_Moisture": 226207.53967982577,
            "Soil_Temperature": 2.0722591694680963,
            "Wind_Dir_Sin": 0.10384912425909638,
            "Wind_Dir_Cos": 0.14113099176598606
        },
        "RMSE": {
            "Temperature": 1.324099926514106,
            "Precipitation": 0.386993700345392,
            "Humidity": 4.4391341649928195,
            "Wind_Speed_kmh": 0.4794113922466598,
            "Soil_Moisture": 475.61280436908527,
            "Soil_Temperature": 1.4395343585576887,
            "Wind_Dir_Sin": 0.32225630212471623,
            "Wind_Dir_Cos": 0.3756740498969633
        },
        "MAE": {
            "Temperature": 1.0207764094770506,
            "Precipitation": 0.32544578055262613,
            "Humidity": 3.1605188888660214,
            "Wind_Speed_kmh": 0.25761691325830055,
            "Soil_Moisture": 270.96352248652744,
            "Soil_Temperature": 1.0470590595090448,
            "Wind_Dir_Sin": 0.2101641633280628,
            "Wind_Dir_Cos": 0.2750258204491735
        },
        "R2": {
            "Temperature": 0.49168535601181884,
            "Precipitation": -187.61894918040537,
            "Humidity": 0.6268352486158605,
            "Wind_Speed_kmh": 0.34987107642626225,
            "Soil_Moisture": 0.7613001458546775,
            "Soil_Temperature": 0.6516822412282907,
            "Wind_Dir_Sin": 0.516845170820078,
            "Wind_Dir_Cos": 0.6129990969967138
        },
        "SMAPE": {
            "Temperature": 21.04846832241614,
            "Precipitation": 195.70181878294775,
            "Humidity": 3.7083479910105646,
            "Wind_Speed_kmh": 150.83107827422566,
            "Soil_Moisture": 4.093879649272794,
            "Soil_Temperature": 27.978265543590172,
            "Wind_Dir_Sin": 137.20350459744057,
            "Wind_Dir_Cos": 58.685292090851355
        }
    }
}