{
    "trial_number": 4,
    "input_chunk_length": 17,
    "training_length": 34,
    "hidden_size": 214,
    "layer_size": 2,
    "dropout": 0.1560527413661753,
    "batch_size": 26,
    "lr": 0.0023095754419473606,
    "forecast_horizon": 10,
    "overall_smape_val": 82.21749337251528,
    "metrics": {
        "MSE": {
            "Temperature": 4.620518746349012,
            "Precipitation": 0.05973963189990994,
            "Humidity": 34.62789157576533,
            "Wind_Speed_kmh": 0.2199446576671391,
            "Soil_Moisture": 239874.49819228757,
            "Soil_Temperature": 7.300212447762758,
            "Wind_Dir_Sin": 0.1265876235600553,
            "Wind_Dir_Cos": 0.17938152913819677
        },
        "RMSE": {
            "Temperature": 2.14953919395507,
            "Precipitation": 0.24441692228630557,
            "Humidity": 5.884546845404949,
            "Wind_Speed_kmh": 0.4689825771466773,
            "Soil_Moisture": 489.76984206082716,
            "Soil_Temperature": 2.7018905321575777,
            "Wind_Dir_Sin": 0.35579154509354954,
            "Wind_Dir_Cos": 0.4235345666391313
        },
        "MAE": {
            "Temperature": 1.7869574006953108,
            "Precipitation": 0.19025355615462655,
            "Humidity": 4.590558053110223,
            "Wind_Speed_kmh": 0.3115168503082704,
            "Soil_Moisture": 322.7083468139504,
            "Soil_Temperature": 2.372971849209429,
            "Wind_Dir_Sin": 0.25836004009981445,
            "Wind_Dir_Cos": 0.3411814593111903
        },
        "R2": {
            "Temperature": -0.33800262818185334,
            "Precipitation": -74.35155810651142,
            "Humidity": 0.3440938842801352,
            "Wind_Speed_kmh": 0.3770611646580596,
            "Soil_Moisture": 0.7465948894842709,
            "Soil_Temperature": -0.22604272102331446,
            "Wind_Dir_Sin": 0.41043222165138993,
            "Wind_Dir_Cos": 0.507698228477488
        },
        "SMAPE": {
            "Temperature": 34.973091283674194,
            "Precipitation": 194.13232163883166,
            "Humidity": 5.372540007204716,
            "Wind_Speed_kmh": 153.39410252725492,
            "Soil_Moisture": 5.018342932539726,
            "Soil_Temperature": 51.364737805550334,
            "Wind_Dir_Sin": 138.2868320682315,
            "Wind_Dir_Cos": 75.1979787168352
        }
    }
}