{
    "trial_number": 80,
    "input_chunk_length": 35,
    "training_length": 37,
    "hidden_size": 232,
    "layer_size": 1,
    "dropout": 0.292600263398031,
    "batch_size": 25,
    "lr": 0.00015488295784648804,
    "forecast_horizon": 1,
    "overall_smape_val": 63.597742983096936,
    "metrics": {
        "MSE": {
            "Temperature": 0.42085314956709,
            "Precipitation": 0.11065518826042364,
            "Humidity": 2.525173229249514,
            "Wind_Speed_kmh": 0.06747685472080225,
            "Soil_Moisture": 33290.06087087199,
            "Soil_Temperature": 0.3700725502079509,
            "Wind_Dir_Sin": 0.04722111861728658,
            "Wind_Dir_Cos": 0.04918502782684957
        },
        "RMSE": {
            "Temperature": 0.6487319550994001,
            "Precipitation": 0.3326487460677158,
            "Humidity": 1.5890793653085784,
            "Wind_Speed_kmh": 0.25976307420571204,
            "Soil_Moisture": 182.4556408305098,
            "Soil_Temperature": 0.6083358860103116,
            "Wind_Dir_Sin": 0.21730420754621063,
            "Wind_Dir_Cos": 0.22177697767543314
        },
        "MAE": {
            "Temperature": 0.40803953154329536,
            "Precipitation": 0.2710558298253859,
            "Humidity": 0.9336747058833815,
            "Wind_Speed_kmh": 0.11406467252409097,
            "Soil_Moisture": 73.95365136229506,
            "Soil_Temperature": 0.4336296209136284,
            "Wind_Dir_Sin": 0.09757460507271452,
            "Wind_Dir_Cos": 0.10681377665498305
        },
        "R2": {
            "Temperature": 0.8783634050532574,
            "Precipitation": -139.4107589999882,
            "Humidity": 0.9520748488304055,
            "Wind_Speed_kmh": 0.8079221668442975,
            "Soil_Moisture": 0.9646749576650843,
            "Soil_Temperature": 0.9380555574186354,
            "Wind_Dir_Sin": 0.7791426971476998,
            "Wind_Dir_Cos": 0.8645609624751468
        },
        "SMAPE": {
            "Temperature": 7.279819034711096,
            "Precipitation": 195.53238711012858,
            "Humidity": 1.104336956564515,
            "Wind_Speed_kmh": 135.06874267481098,
            "Soil_Moisture": 1.1239008662463623,
            "Soil_Temperature": 15.220512168009261,
            "Wind_Dir_Sin": 125.92570679527743,
            "Wind_Dir_Cos": 27.526538259027593
        }
    }
}