{
    "trial_number": 43,
    "input_chunk_length": 25,
    "training_length": 30,
    "hidden_size": 130,
    "layer_size": 1,
    "dropout": 0.36134791316283293,
    "batch_size": 42,
    "lr": 0.0004846814393516791,
    "forecast_horizon": 18,
    "overall_smape_val": 76.2076289441054,
    "metrics": {
        "MSE": {
            "Temperature": 1.7577224792341042,
            "Precipitation": 0.3566768515404293,
            "Humidity": 23.78937604815507,
            "Wind_Speed_kmh": 0.2113857909549298,
            "Soil_Moisture": 306611.2423906681,
            "Soil_Temperature": 1.8882134395198251,
            "Wind_Dir_Sin": 0.11081377287805,
            "Wind_Dir_Cos": 0.18736379605260478
        },
        "RMSE": {
            "Temperature": 1.325791265333312,
            "Precipitation": 0.5972242891413821,
            "Humidity": 4.87743539661522,
            "Wind_Speed_kmh": 0.4597671051248989,
            "Soil_Moisture": 553.7248796926756,
            "Soil_Temperature": 1.3741227890984944,
            "Wind_Dir_Sin": 0.3328870271999947,
            "Wind_Dir_Cos": 0.4328553985485277
        },
        "MAE": {
            "Temperature": 1.0050166955271826,
            "Precipitation": 0.45019212911223183,
            "Humidity": 3.8537415394943846,
            "Wind_Speed_kmh": 0.29739279709484456,
            "Soil_Moisture": 380.81957644218414,
            "Soil_Temperature": 0.986357019272281,
            "Wind_Dir_Sin": 0.23984863288644628,
            "Wind_Dir_Cos": 0.3159874752034519
        },
        "R2": {
            "Temperature": 0.4876904255473312,
            "Precipitation": -446.1879218915377,
            "Humidity": 0.5493039264374575,
            "Wind_Speed_kmh": 0.4043280764725171,
            "Soil_Moisture": 0.6775112457903479,
            "Soil_Temperature": 0.6815606098919264,
            "Wind_Dir_Sin": 0.4860765904347535,
            "Wind_Dir_Cos": 0.48751215169487194
        },
        "SMAPE": {
            "Temperature": 17.186399678198036,
            "Precipitation": 195.09901372664527,
            "Humidity": 4.546536419717125,
            "Wind_Speed_kmh": 155.3415447146038,
            "Soil_Moisture": 6.074643450338064,
            "Soil_Temperature": 22.99869765206268,
            "Wind_Dir_Sin": 138.248672003107,
            "Wind_Dir_Cos": 70.16552390817091
        }
    }
}