{
    "trial_number": 1,
    "input_chunk_length": 66,
    "training_length": 83,
    "hidden_size": 119,
    "layer_size": 4,
    "dropout": 0.24433710703677147,
    "batch_size": 44,
    "lr": 0.0022351825581011127,
    "forecast_horizon": 16,
    "overall_smape_val": 79.85185391350723,
    "metrics": {
        "MSE": {
            "Temperature": 4.211768956202532,
            "Precipitation": 0.30417348130606786,
            "Humidity": 25.304211117995077,
            "Wind_Speed_kmh": 0.1903073772899331,
            "Soil_Moisture": 280422.3768611199,
            "Soil_Temperature": 5.504961746367264,
            "Wind_Dir_Sin": 0.0958868977401068,
            "Wind_Dir_Cos": 0.1563817290470168
        },
        "RMSE": {
            "Temperature": 2.0522594758466903,
            "Precipitation": 0.5515192483550033,
            "Humidity": 5.030329126209843,
            "Wind_Speed_kmh": 0.4362423378008296,
            "Soil_Moisture": 529.5492204329262,
            "Soil_Temperature": 2.3462654893185606,
            "Wind_Dir_Sin": 0.30965609591950033,
            "Wind_Dir_Cos": 0.39545129794579864
        },
        "MAE": {
            "Temperature": 1.714419116137109,
            "Precipitation": 0.45899314957559356,
            "Humidity": 3.5800125062019736,
            "Wind_Speed_kmh": 0.22412550953539842,
            "Soil_Moisture": 374.10497771361634,
            "Soil_Temperature": 2.1519904171275677,
            "Wind_Dir_Sin": 0.17563742512874608,
            "Wind_Dir_Cos": 0.23378814633092518
        },
        "R2": {
            "Temperature": -0.22544168834106593,
            "Precipitation": -380.93688739485793,
            "Humidity": 0.5205383572999109,
            "Wind_Speed_kmh": 0.4630447556971494,
            "Soil_Moisture": 0.7047347216262907,
            "Soil_Temperature": 0.07267329981197213,
            "Wind_Dir_Sin": 0.5548321045391102,
            "Wind_Dir_Cos": 0.5718975613652537
        },
        "SMAPE": {
            "Temperature": 34.53110025279141,
            "Precipitation": 197.21779275123595,
            "Humidity": 4.258048958336938,
            "Wind_Speed_kmh": 151.1146968775221,
            "Soil_Moisture": 5.74408760757738,
            "Soil_Temperature": 51.90197260421802,
            "Wind_Dir_Sin": 137.49499239861973,
            "Wind_Dir_Cos": 56.55213985775592
        }
    }
}