{
    "trial_number": 22,
    "input_chunk_length": 32,
    "training_length": 36,
    "hidden_size": 103,
    "layer_size": 1,
    "dropout": 0.2488943136830778,
    "batch_size": 29,
    "lr": 8.09281341727095e-05,
    "forecast_horizon": 3,
    "overall_smape_val": 68.96004568952215,
    "metrics": {
        "MSE": {
            "Temperature": 0.8031614407100155,
            "Precipitation": 0.232413254254993,
            "Humidity": 9.213857145647296,
            "Wind_Speed_kmh": 0.1325360700478983,
            "Soil_Moisture": 75315.12627911428,
            "Soil_Temperature": 1.1370999691844097,
            "Wind_Dir_Sin": 0.07644895044955502,
            "Wind_Dir_Cos": 0.07711506655460142
        },
        "RMSE": {
            "Temperature": 0.8961927475214333,
            "Precipitation": 0.4820925785105938,
            "Humidity": 3.035433600928753,
            "Wind_Speed_kmh": 0.3640550371137561,
            "Soil_Moisture": 274.4360149089661,
            "Soil_Temperature": 1.066348896555161,
            "Wind_Dir_Sin": 0.2764940332982884,
            "Wind_Dir_Cos": 0.27769599664849587
        },
        "MAE": {
            "Temperature": 0.6458107439434071,
            "Precipitation": 0.38040938900980437,
            "Humidity": 2.25490969095333,
            "Wind_Speed_kmh": 0.21524908632573644,
            "Soil_Moisture": 134.70217137631883,
            "Soil_Temperature": 0.8320272483147637,
            "Wind_Dir_Sin": 0.14238579841415802,
            "Wind_Dir_Cos": 0.16221020250394086
        },
        "R2": {
            "Temperature": 0.7677870768574421,
            "Precipitation": -293.69005684442,
            "Humidity": 0.8251733614817303,
            "Wind_Speed_kmh": 0.6229636186938755,
            "Soil_Moisture": 0.9201250539427792,
            "Soil_Temperature": 0.8095835306361703,
            "Wind_Dir_Sin": 0.6426299429338751,
            "Wind_Dir_Cos": 0.7877401058036908
        },
        "SMAPE": {
            "Temperature": 11.21528665204673,
            "Precipitation": 196.1325415108882,
            "Humidity": 2.6567316070525546,
            "Wind_Speed_kmh": 145.99924431245378,
            "Soil_Moisture": 2.05983806372664,
            "Soil_Temperature": 21.088902420546003,
            "Wind_Dir_Sin": 133.06847687156747,
            "Wind_Dir_Cos": 39.45934407789587
        }
    }
}