{
    "trial_number": 62,
    "input_chunk_length": 26,
    "training_length": 41,
    "hidden_size": 135,
    "layer_size": 1,
    "dropout": 0.34731617171829027,
    "batch_size": 41,
    "lr": 0.0011680021330456075,
    "forecast_horizon": 1,
    "overall_smape_val": 63.61802025689207,
    "metrics": {
        "MSE": {
            "Temperature": 0.5039165267318884,
            "Precipitation": 0.2127819459860842,
            "Humidity": 3.3511580691671337,
            "Wind_Speed_kmh": 0.06753299905546153,
            "Soil_Moisture": 34279.36737864253,
            "Soil_Temperature": 0.4408645886143142,
            "Wind_Dir_Sin": 0.046222636338551316,
            "Wind_Dir_Cos": 0.04910430256181502
        },
        "RMSE": {
            "Temperature": 0.7098707817144528,
            "Precipitation": 0.4612829348524441,
            "Humidity": 1.8306168548243877,
            "Wind_Speed_kmh": 0.25987112008736474,
            "Soil_Moisture": 185.1468805533664,
            "Soil_Temperature": 0.6639763464268243,
            "Wind_Dir_Sin": 0.214994503042639,
            "Wind_Dir_Cos": 0.2215949064437516
        },
        "MAE": {
            "Temperature": 0.49218767743694974,
            "Precipitation": 0.3477358467022884,
            "Humidity": 1.2923445646132479,
            "Wind_Speed_kmh": 0.10831841765154848,
            "Soil_Moisture": 85.39780281964295,
            "Soil_Temperature": 0.4525355541706773,
            "Wind_Dir_Sin": 0.09548383467816535,
            "Wind_Dir_Cos": 0.1037326177181958
        },
        "R2": {
            "Temperature": 0.8543561085093296,
            "Precipitation": -268.99976238878423,
            "Humidity": 0.9363985190410983,
            "Wind_Speed_kmh": 0.807762347863553,
            "Soil_Moisture": 0.9636251760379266,
            "Soil_Temperature": 0.9262060610001179,
            "Wind_Dir_Sin": 0.7838126861162915,
            "Wind_Dir_Cos": 0.864783252726536
        },
        "SMAPE": {
            "Temperature": 9.245792003252149,
            "Precipitation": 196.28251868446637,
            "Humidity": 1.509227990003255,
            "Wind_Speed_kmh": 133.95171655477944,
            "Soil_Moisture": 1.3306815231053513,
            "Soil_Temperature": 13.921285873558958,
            "Wind_Dir_Sin": 125.70043606453201,
            "Wind_Dir_Cos": 27.002503361438993
        }
    }
}