{
    "trial_number": 71,
    "input_chunk_length": 17,
    "training_length": 20,
    "hidden_size": 114,
    "layer_size": 1,
    "dropout": 0.3303633257469814,
    "batch_size": 30,
    "lr": 0.00017180381387214583,
    "forecast_horizon": 1,
    "overall_smape_val": 63.65901965424047,
    "metrics": {
        "MSE": {
            "Temperature": 0.5984939275667143,
            "Precipitation": 0.28588245916196936,
            "Humidity": 3.651019329289118,
            "Wind_Speed_kmh": 0.06741343901891905,
            "Soil_Moisture": 30543.027716600882,
            "Soil_Temperature": 0.4443253342373794,
            "Wind_Dir_Sin": 0.047394929744443405,
            "Wind_Dir_Cos": 0.04993296358791448
        },
        "RMSE": {
            "Temperature": 0.7736238928359919,
            "Precipitation": 0.5346797725386377,
            "Humidity": 1.9107640694991932,
            "Wind_Speed_kmh": 0.2596409810082358,
            "Soil_Moisture": 174.7656365439181,
            "Soil_Temperature": 0.6665773280253232,
            "Wind_Dir_Sin": 0.21770376603183375,
            "Wind_Dir_Cos": 0.2234568494987667
        },
        "MAE": {
            "Temperature": 0.5096154155125268,
            "Precipitation": 0.4453818949264702,
            "Humidity": 1.3263150347666341,
            "Wind_Speed_kmh": 0.10820638188377174,
            "Soil_Moisture": 64.9013231682822,
            "Soil_Temperature": 0.4516088713461643,
            "Wind_Dir_Sin": 0.0976022981936242,
            "Wind_Dir_Cos": 0.10850074082400027
        },
        "R2": {
            "Temperature": 0.8270209845871371,
            "Precipitation": -361.75726160480315,
            "Humidity": 0.9307074654314723,
            "Wind_Speed_kmh": 0.8081026843070064,
            "Soil_Moisture": 0.9675899136589002,
            "Soil_Temperature": 0.925626785508282,
            "Wind_Dir_Sin": 0.7783297673003429,
            "Wind_Dir_Cos": 0.8625013987403114
        },
        "SMAPE": {
            "Temperature": 8.950915927759162,
            "Precipitation": 194.92889534337957,
            "Humidity": 1.5865865112999098,
            "Wind_Speed_kmh": 134.12523958616893,
            "Soil_Moisture": 0.9868245366593265,
            "Soil_Temperature": 14.643901246648634,
            "Wind_Dir_Sin": 126.17107866466513,
            "Wind_Dir_Cos": 27.87871541734315
        }
    }
}