{
    "trial_number": 37,
    "input_chunk_length": 62,
    "training_length": 74,
    "hidden_size": 127,
    "layer_size": 3,
    "dropout": 0.32357285635940536,
    "batch_size": 52,
    "lr": 0.0003901167931615711,
    "forecast_horizon": 8,
    "overall_smape_val": 73.6152247858256,
    "metrics": {
        "MSE": {
            "Temperature": 1.5236363156716917,
            "Precipitation": 0.20434210060843042,
            "Humidity": 19.081496544499263,
            "Wind_Speed_kmh": 0.1747800132952004,
            "Soil_Moisture": 170346.44863509116,
            "Soil_Temperature": 1.3521025143064545,
            "Wind_Dir_Sin": 0.09047971748346545,
            "Wind_Dir_Cos": 0.11383506536732184
        },
        "RMSE": {
            "Temperature": 1.2343566403887054,
            "Precipitation": 0.452042144725943,
            "Humidity": 4.368237235373013,
            "Wind_Speed_kmh": 0.4180669961802778,
            "Soil_Moisture": 412.73047941131165,
            "Soil_Temperature": 1.1627994299561961,
            "Wind_Dir_Sin": 0.3007984665577028,
            "Wind_Dir_Cos": 0.3373945248034144
        },
        "MAE": {
            "Temperature": 0.8432988967237102,
            "Precipitation": 0.2933934104013236,
            "Humidity": 3.3144360640788757,
            "Wind_Speed_kmh": 0.2031053996203423,
            "Soil_Moisture": 240.24717080719475,
            "Soil_Temperature": 0.8920924839069122,
            "Wind_Dir_Sin": 0.18180527472220678,
            "Wind_Dir_Cos": 0.20470228552219624
        },
        "R2": {
            "Temperature": 0.558916873922177,
            "Precipitation": -257.1301508628793,
            "Humidity": 0.6383622802844271,
            "Wind_Speed_kmh": 0.5043531857496008,
            "Soil_Moisture": 0.8198420483889917,
            "Soil_Temperature": 0.7730976603473116,
            "Wind_Dir_Sin": 0.5781554585886046,
            "Wind_Dir_Cos": 0.6873244501705429
        },
        "SMAPE": {
            "Temperature": 15.771353323416417,
            "Precipitation": 195.51836217493158,
            "Humidity": 3.93592558186752,
            "Wind_Speed_kmh": 152.94970670474336,
            "Soil_Moisture": 3.686042297833063,
            "Soil_Temperature": 28.032736626842603,
            "Wind_Dir_Sin": 136.7768473180954,
            "Wind_Dir_Cos": 52.2508242588748
        }
    }
}