{
    "trial_number": 98,
    "input_chunk_length": 20,
    "training_length": 25,
    "hidden_size": 130,
    "layer_size": 1,
    "dropout": 0.21465380668657175,
    "batch_size": 27,
    "lr": 0.0016688609342588292,
    "forecast_horizon": 2,
    "overall_smape_val": 66.21310524048778,
    "metrics": {
        "MSE": {
            "Temperature": 0.6330714107416597,
            "Precipitation": 0.2645584007892279,
            "Humidity": 5.573394071962582,
            "Wind_Speed_kmh": 0.10096032489833671,
            "Soil_Moisture": 58683.75166791334,
            "Soil_Temperature": 0.5487832225286358,
            "Wind_Dir_Sin": 0.06568937542374416,
            "Wind_Dir_Cos": 0.06396601316119555
        },
        "RMSE": {
            "Temperature": 0.7956578477848752,
            "Precipitation": 0.514352409141075,
            "Humidity": 2.3608036919580124,
            "Wind_Speed_kmh": 0.3177425449925406,
            "Soil_Moisture": 242.24729444910906,
            "Soil_Temperature": 0.7407990432827487,
            "Wind_Dir_Sin": 0.25629938631168075,
            "Wind_Dir_Cos": 0.25291503150504036
        },
        "MAE": {
            "Temperature": 0.505523673371011,
            "Precipitation": 0.40088448573671703,
            "Humidity": 1.7531051678242902,
            "Wind_Speed_kmh": 0.14893494740156235,
            "Soil_Moisture": 134.71950967395009,
            "Soil_Temperature": 0.5569174009042454,
            "Wind_Dir_Sin": 0.14169275653206595,
            "Wind_Dir_Cos": 0.14505098868950086
        },
        "R2": {
            "Temperature": 0.8170272674923381,
            "Precipitation": -334.6990886610267,
            "Humidity": 0.8942228001102669,
            "Wind_Speed_kmh": 0.7126090046519336,
            "Soil_Moisture": 0.9377289810288527,
            "Soil_Temperature": 0.9081421445647904,
            "Wind_Dir_Sin": 0.6927650443920388,
            "Wind_Dir_Cos": 0.8238590961592358
        },
        "SMAPE": {
            "Temperature": 8.824201083600586,
            "Precipitation": 195.73381360874865,
            "Humidity": 2.0542360475245296,
            "Wind_Speed_kmh": 138.8843243913586,
            "Soil_Moisture": 2.1025400167563135,
            "Soil_Temperature": 18.354960024837492,
            "Wind_Dir_Sin": 129.5160855047633,
            "Wind_Dir_Cos": 34.23468124631279
        }
    }
}