{
    "trial_number": 10,
    "input_chunk_length": 28,
    "training_length": 30,
    "hidden_size": 127,
    "layer_size": 1,
    "dropout": 0.22594620241564983,
    "batch_size": 32,
    "lr": 0.00021909136989533098,
    "forecast_horizon": 1,
    "overall_smape_val": 62.55172746051961,
    "metrics": {
        "MSE": {
            "Temperature": 0.35187998067996,
            "Precipitation": 0.10832935460673719,
            "Humidity": 2.3759980463645043,
            "Wind_Speed_kmh": 0.06650844127369053,
            "Soil_Moisture": 29209.187097477603,
            "Soil_Temperature": 0.3649081742968235,
            "Wind_Dir_Sin": 0.046188529065113317,
            "Wind_Dir_Cos": 0.0473825277232489
        },
        "RMSE": {
            "Temperature": 0.5931947240830451,
            "Precipitation": 0.32913425012711334,
            "Humidity": 1.5414272757300307,
            "Wind_Speed_kmh": 0.25789230557286996,
            "Soil_Moisture": 170.90695450296224,
            "Soil_Temperature": 0.6040762984067687,
            "Wind_Dir_Sin": 0.21491516713604306,
            "Wind_Dir_Cos": 0.21767528045979154
        },
        "MAE": {
            "Temperature": 0.3661288497432491,
            "Precipitation": 0.24098513888851925,
            "Humidity": 0.9729545746769019,
            "Wind_Speed_kmh": 0.10786260169266144,
            "Soil_Moisture": 63.97182234713987,
            "Soil_Temperature": 0.3971238504598292,
            "Wind_Dir_Sin": 0.09843120448445014,
            "Wind_Dir_Cos": 0.09851122557664115
        },
        "R2": {
            "Temperature": 0.8982982954413823,
            "Precipitation": -136.4595004665586,
            "Humidity": 0.954906038036637,
            "Wind_Speed_kmh": 0.8106788269952443,
            "Soil_Moisture": 0.9690052903541043,
            "Soil_Temperature": 0.9389199943700268,
            "Wind_Dir_Sin": 0.7839722088179922,
            "Wind_Dir_Cos": 0.8695244420126506
        },
        "SMAPE": {
            "Temperature": 6.4795499506162875,
            "Precipitation": 193.81544154178897,
            "Humidity": 1.1575577728597104,
            "Wind_Speed_kmh": 132.40868552729145,
            "Soil_Moisture": 0.9769135874087864,
            "Soil_Temperature": 13.803651618518801,
            "Wind_Dir_Sin": 125.88042143688426,
            "Wind_Dir_Cos": 25.89159824878891
        }
    }
}