{
    "trial_number": 72,
    "input_chunk_length": 20,
    "training_length": 30,
    "hidden_size": 119,
    "layer_size": 1,
    "dropout": 0.2991646637218531,
    "batch_size": 33,
    "lr": 0.0002280421669055731,
    "forecast_horizon": 1,
    "overall_smape_val": 62.65833058042776,
    "metrics": {
        "MSE": {
            "Temperature": 0.4122433025638461,
            "Precipitation": 0.1717364941871161,
            "Humidity": 2.4298838977030726,
            "Wind_Speed_kmh": 0.06373492229478321,
            "Soil_Moisture": 31857.833586709025,
            "Soil_Temperature": 0.29196930596987647,
            "Wind_Dir_Sin": 0.04582232589593177,
            "Wind_Dir_Cos": 0.04804838135008863
        },
        "RMSE": {
            "Temperature": 0.6420617591508204,
            "Precipitation": 0.4144110208321155,
            "Humidity": 1.5588084865380585,
            "Wind_Speed_kmh": 0.25245776338782533,
            "Soil_Moisture": 178.4876286657118,
            "Soil_Temperature": 0.5403418417722955,
            "Wind_Dir_Sin": 0.2140615002655353,
            "Wind_Dir_Cos": 0.21919941001309431
        },
        "MAE": {
            "Temperature": 0.3825424838433184,
            "Precipitation": 0.3192169576559174,
            "Humidity": 0.9484945738600401,
            "Wind_Speed_kmh": 0.09582772533900145,
            "Soil_Moisture": 79.84837277145222,
            "Soil_Temperature": 0.3581994473013124,
            "Wind_Dir_Sin": 0.09682520655518036,
            "Wind_Dir_Cos": 0.10496474033556258
        },
        "R2": {
            "Temperature": 0.8808518561283278,
            "Precipitation": -216.91704370932231,
            "Humidity": 0.9538833408444642,
            "Wind_Speed_kmh": 0.8185738528954439,
            "Soil_Moisture": 0.9661947352840716,
            "Soil_Temperature": 0.9511288370374699,
            "Wind_Dir_Sin": 0.7856849730770709,
            "Wind_Dir_Cos": 0.8676909048909662
        },
        "SMAPE": {
            "Temperature": 6.7766095592568965,
            "Precipitation": 193.65438638526444,
            "Humidity": 1.1126317435963202,
            "Wind_Speed_kmh": 132.6474920814471,
            "Soil_Moisture": 1.24541432709737,
            "Soil_Temperature": 12.926306305610545,
            "Wind_Dir_Sin": 126.01586192735155,
            "Wind_Dir_Cos": 26.88794231379825
        }
    }
}