{
    "trial_number": 79,
    "input_chunk_length": 39,
    "training_length": 54,
    "hidden_size": 133,
    "layer_size": 1,
    "dropout": 0.31130187819047456,
    "batch_size": 30,
    "lr": 0.00010970541725837447,
    "forecast_horizon": 4,
    "overall_smape_val": 69.50995052729364,
    "metrics": {
        "MSE": {
            "Temperature": 0.9016728026106259,
            "Precipitation": 0.15742172072204272,
            "Humidity": 10.922457426884453,
            "Wind_Speed_kmh": 0.13613837528921333,
            "Soil_Moisture": 93254.18341195655,
            "Soil_Temperature": 1.2248662972672038,
            "Wind_Dir_Sin": 0.07934376595200644,
            "Wind_Dir_Cos": 0.08860220383553831
        },
        "RMSE": {
            "Temperature": 0.9495645331469714,
            "Precipitation": 0.396764061782368,
            "Humidity": 3.3049141330576886,
            "Wind_Speed_kmh": 0.3689693419367161,
            "Soil_Moisture": 305.37547938882807,
            "Soil_Temperature": 1.1067367786728712,
            "Wind_Dir_Sin": 0.2816802548138695,
            "Wind_Dir_Cos": 0.2976612232648692
        },
        "MAE": {
            "Temperature": 0.6747650395594295,
            "Precipitation": 0.29257110366805295,
            "Humidity": 2.4162518885350353,
            "Wind_Speed_kmh": 0.19230599035221443,
            "Soil_Moisture": 160.78844550471243,
            "Soil_Temperature": 0.8520509731874247,
            "Wind_Dir_Sin": 0.14899772013526416,
            "Wind_Dir_Cos": 0.1807810556842134
        },
        "R2": {
            "Temperature": 0.7392198481998445,
            "Precipitation": -198.45502827831524,
            "Humidity": 0.7928076293536142,
            "Wind_Speed_kmh": 0.6129595756341475,
            "Soil_Moisture": 0.9011550347957127,
            "Soil_Temperature": 0.7947965413026165,
            "Wind_Dir_Sin": 0.6292932375437308,
            "Wind_Dir_Cos": 0.7562239595368572
        },
        "SMAPE": {
            "Temperature": 11.554338918094498,
            "Precipitation": 195.06725333075804,
            "Humidity": 2.849015263257872,
            "Wind_Speed_kmh": 144.09156648075418,
            "Soil_Moisture": 2.4700766758769728,
            "Soil_Temperature": 21.667737945753476,
            "Wind_Dir_Sin": 134.89690824485865,
            "Wind_Dir_Cos": 43.4827073589957
        }
    }
}