{
    "trial_number": 73,
    "input_chunk_length": 20,
    "training_length": 29,
    "hidden_size": 121,
    "layer_size": 1,
    "dropout": 0.2301896663931588,
    "batch_size": 27,
    "lr": 0.0002526680943700702,
    "forecast_horizon": 2,
    "overall_smape_val": 65.21942425473635,
    "metrics": {
        "MSE": {
            "Temperature": 0.5685174547761713,
            "Precipitation": 0.13952065732079794,
            "Humidity": 4.447895810868058,
            "Wind_Speed_kmh": 0.0976025204813293,
            "Soil_Moisture": 55045.74523630899,
            "Soil_Temperature": 0.4797896421889075,
            "Wind_Dir_Sin": 0.0626211785077243,
            "Wind_Dir_Cos": 0.06405851592900473
        },
        "RMSE": {
            "Temperature": 0.7540009647050667,
            "Precipitation": 0.3735246408482283,
            "Humidity": 2.109003511345597,
            "Wind_Speed_kmh": 0.3124140209422895,
            "Soil_Moisture": 234.61829689158728,
            "Soil_Temperature": 0.6926684937175268,
            "Wind_Dir_Sin": 0.25024223965534736,
            "Wind_Dir_Cos": 0.2530978386494139
        },
        "MAE": {
            "Temperature": 0.4939397011867783,
            "Precipitation": 0.2855443878094124,
            "Humidity": 1.4202636030675546,
            "Wind_Speed_kmh": 0.1378624000330341,
            "Soil_Moisture": 96.78484279975557,
            "Soil_Temperature": 0.49553201012309134,
            "Wind_Dir_Sin": 0.12089565562147678,
            "Wind_Dir_Cos": 0.13297281315232695
        },
        "R2": {
            "Temperature": 0.8356848999754526,
            "Precipitation": -176.03825458672165,
            "Humidity": 0.9155835818892271,
            "Wind_Speed_kmh": 0.7221672420541965,
            "Soil_Moisture": 0.9415893744270385,
            "Soil_Temperature": 0.9196906068147885,
            "Wind_Dir_Sin": 0.7071152697855521,
            "Wind_Dir_Cos": 0.8236043746231504
        },
        "SMAPE": {
            "Temperature": 8.518042123961287,
            "Precipitation": 194.8857613403783,
            "Humidity": 1.6691424911694777,
            "Wind_Speed_kmh": 137.21306123223678,
            "Soil_Moisture": 1.4828939640001568,
            "Soil_Temperature": 15.358610039018489,
            "Wind_Dir_Sin": 129.7171502750661,
            "Wind_Dir_Cos": 32.91073257206024
        }
    }
}