{
    "trial_number": 77,
    "input_chunk_length": 14,
    "training_length": 30,
    "hidden_size": 126,
    "layer_size": 4,
    "dropout": 0.27525043152999035,
    "batch_size": 20,
    "lr": 0.0004739944307645887,
    "forecast_horizon": 2,
    "overall_smape_val": 66.38921755292607,
    "metrics": {
        "MSE": {
            "Temperature": 0.853702577298384,
            "Precipitation": 0.22194227741835734,
            "Humidity": 6.429213378349548,
            "Wind_Speed_kmh": 0.13005960317497128,
            "Soil_Moisture": 69652.44581052958,
            "Soil_Temperature": 0.869968974050296,
            "Wind_Dir_Sin": 0.06588293628298349,
            "Wind_Dir_Cos": 0.06145482828117134
        },
        "RMSE": {
            "Temperature": 0.9239602682466297,
            "Precipitation": 0.47110750091497944,
            "Humidity": 2.5355893552287894,
            "Wind_Speed_kmh": 0.3606377728066921,
            "Soil_Moisture": 263.91749811357636,
            "Soil_Temperature": 0.9327212735058079,
            "Wind_Dir_Sin": 0.256676715506069,
            "Wind_Dir_Cos": 0.24790084364755868
        },
        "MAE": {
            "Temperature": 0.6247772290851132,
            "Precipitation": 0.29614181021992747,
            "Humidity": 1.8128414111621458,
            "Wind_Speed_kmh": 0.15520014659395595,
            "Soil_Moisture": 131.11967792273776,
            "Soil_Temperature": 0.647496155707613,
            "Wind_Dir_Sin": 0.1246905023508849,
            "Wind_Dir_Cos": 0.1401224833948821
        },
        "R2": {
            "Temperature": 0.7532595996806721,
            "Precipitation": -280.6233392794571,
            "Humidity": 0.8779802432997614,
            "Wind_Speed_kmh": 0.629775767375276,
            "Soil_Moisture": 0.9260897837786702,
            "Soil_Temperature": 0.8543805988032737,
            "Wind_Dir_Sin": 0.6918597433199519,
            "Wind_Dir_Cos": 0.8307740554105505
        },
        "SMAPE": {
            "Temperature": 11.138083177164111,
            "Precipitation": 192.9726497646722,
            "Humidity": 2.168506776018021,
            "Wind_Speed_kmh": 141.9367933310271,
            "Soil_Moisture": 1.9945174106716639,
            "Soil_Temperature": 17.935170938494934,
            "Wind_Dir_Sin": 130.59079431502212,
            "Wind_Dir_Cos": 32.37722471033823
        }
    }
}