{
    "trial_number": 44,
    "input_chunk_length": 72,
    "training_length": 78,
    "hidden_size": 83,
    "layer_size": 1,
    "dropout": 0.3281560666538701,
    "batch_size": 36,
    "lr": 0.00027077150427320506,
    "forecast_horizon": 2,
    "overall_smape_val": 66.23767382303295,
    "metrics": {
        "MSE": {
            "Temperature": 0.635975663724329,
            "Precipitation": 0.3771949197247483,
            "Humidity": 5.500689883979054,
            "Wind_Speed_kmh": 0.0999625739092302,
            "Soil_Moisture": 54235.417537769616,
            "Soil_Temperature": 0.6748815805030123,
            "Wind_Dir_Sin": 0.06500849889855706,
            "Wind_Dir_Cos": 0.06274596208125531
        },
        "RMSE": {
            "Temperature": 0.7974808234210582,
            "Precipitation": 0.6141619653843343,
            "Humidity": 2.3453549590582345,
            "Wind_Speed_kmh": 0.3161685846336258,
            "Soil_Moisture": 232.88498778961605,
            "Soil_Temperature": 0.8215117652858127,
            "Wind_Dir_Sin": 0.2549676428462189,
            "Wind_Dir_Cos": 0.2504914411337348
        },
        "MAE": {
            "Temperature": 0.5413817345667488,
            "Precipitation": 0.45396443079220555,
            "Humidity": 1.654859944766526,
            "Wind_Speed_kmh": 0.14364954486540962,
            "Soil_Moisture": 104.03209286352009,
            "Soil_Temperature": 0.575631297437597,
            "Wind_Dir_Sin": 0.12429883762717103,
            "Wind_Dir_Cos": 0.12817456356532428
        },
        "R2": {
            "Temperature": 0.8161878691320331,
            "Precipitation": -477.6239651488055,
            "Humidity": 0.8956026496823332,
            "Wind_Speed_kmh": 0.7154491762753666,
            "Soil_Moisture": 0.9424492364851793,
            "Soil_Temperature": 0.8870352224470626,
            "Wind_Dir_Sin": 0.695949563465952,
            "Wind_Dir_Cos": 0.8272187068232774
        },
        "SMAPE": {
            "Temperature": 9.338904766523514,
            "Precipitation": 194.31284909832684,
            "Humidity": 1.9427359452514845,
            "Wind_Speed_kmh": 141.47060527798803,
            "Soil_Moisture": 1.6051919611946455,
            "Soil_Temperature": 17.85691895018849,
            "Wind_Dir_Sin": 130.84013647820342,
            "Wind_Dir_Cos": 32.534048106587115
        }
    }
}