{
    "trial_number": 61,
    "input_chunk_length": 33,
    "training_length": 35,
    "hidden_size": 123,
    "layer_size": 1,
    "dropout": 0.3664010681759363,
    "batch_size": 43,
    "lr": 0.0007895205552444437,
    "forecast_horizon": 1,
    "overall_smape_val": 63.69055046826102,
    "metrics": {
        "MSE": {
            "Temperature": 0.43409554967883945,
            "Precipitation": 0.3106658421221662,
            "Humidity": 2.7554412687974073,
            "Wind_Speed_kmh": 0.06856830993110326,
            "Soil_Moisture": 31224.298616831675,
            "Soil_Temperature": 0.4418664443749498,
            "Wind_Dir_Sin": 0.046441606983119554,
            "Wind_Dir_Cos": 0.049256698993536574
        },
        "RMSE": {
            "Temperature": 0.6588592791172023,
            "Precipitation": 0.5573740594270299,
            "Humidity": 1.6599521887082793,
            "Wind_Speed_kmh": 0.2618555134632518,
            "Soil_Moisture": 176.7039858543991,
            "Soil_Temperature": 0.6647303546363366,
            "Wind_Dir_Sin": 0.2155031484297145,
            "Wind_Dir_Cos": 0.22193850272887888
        },
        "MAE": {
            "Temperature": 0.36996675614303287,
            "Precipitation": 0.42127245597906515,
            "Humidity": 1.1054998329372654,
            "Wind_Speed_kmh": 0.1113615343519828,
            "Soil_Moisture": 76.16669251202114,
            "Soil_Temperature": 0.47705394127248507,
            "Wind_Dir_Sin": 0.1026607011521559,
            "Wind_Dir_Cos": 0.11278654409497524
        },
        "R2": {
            "Temperature": 0.8745360356723404,
            "Precipitation": -393.2049837291276,
            "Humidity": 0.9477046018798077,
            "Wind_Speed_kmh": 0.8048152592587475,
            "Soil_Moisture": 0.9668669974862459,
            "Soil_Temperature": 0.926038365783046,
            "Wind_Dir_Sin": 0.7827885412552786,
            "Wind_Dir_Cos": 0.8643636041678883
        },
        "SMAPE": {
            "Temperature": 6.67261181245303,
            "Precipitation": 195.86479407988315,
            "Humidity": 1.3021206604136575,
            "Wind_Speed_kmh": 135.38576959491976,
            "Soil_Moisture": 1.182157272106278,
            "Soil_Temperature": 16.345814144587283,
            "Wind_Dir_Sin": 125.52769934084536,
            "Wind_Dir_Cos": 27.243436840879866
        }
    }
}