{
    "trial_number": 57,
    "input_chunk_length": 18,
    "training_length": 26,
    "hidden_size": 100,
    "layer_size": 1,
    "dropout": 0.3847142068470345,
    "batch_size": 32,
    "lr": 0.004704513900375865,
    "forecast_horizon": 1,
    "overall_smape_val": 64.86838689135222,
    "metrics": {
        "MSE": {
            "Temperature": 0.6281398452687108,
            "Precipitation": 1.0249358139015816,
            "Humidity": 6.245744025738865,
            "Wind_Speed_kmh": 0.06817521918445492,
            "Soil_Moisture": 37056.97969169072,
            "Soil_Temperature": 0.7544781248125575,
            "Wind_Dir_Sin": 0.04862735313859984,
            "Wind_Dir_Cos": 0.05165654826411268
        },
        "RMSE": {
            "Temperature": 0.7925527397395777,
            "Precipitation": 1.0123911368150067,
            "Humidity": 2.4991486601918793,
            "Wind_Speed_kmh": 0.26110384750986515,
            "Soil_Moisture": 192.50189529376254,
            "Soil_Temperature": 0.8686070025118134,
            "Wind_Dir_Sin": 0.22051610630201104,
            "Wind_Dir_Cos": 0.227280769675115
        },
        "MAE": {
            "Temperature": 0.5575448399997304,
            "Precipitation": 0.8610201430589405,
            "Humidity": 2.0632063456191143,
            "Wind_Speed_kmh": 0.12377944355566738,
            "Soil_Moisture": 113.69304202778459,
            "Soil_Temperature": 0.5787826597802561,
            "Wind_Dir_Sin": 0.11047580228365035,
            "Wind_Dir_Cos": 0.1148702546882925
        },
        "R2": {
            "Temperature": 0.8184526075010881,
            "Precipitation": -1299.544672315763,
            "Humidity": 0.8814623000382877,
            "Wind_Speed_kmh": 0.8059342209999576,
            "Soil_Moisture": 0.9606777716180608,
            "Soil_Temperature": 0.8737119874060224,
            "Wind_Dir_Sin": 0.7725656152688866,
            "Wind_Dir_Cos": 0.8577552257695717
        },
        "SMAPE": {
            "Temperature": 9.635932131854322,
            "Precipitation": 197.8920899665173,
            "Humidity": 2.4502799908752055,
            "Wind_Speed_kmh": 134.7116762043145,
            "Soil_Moisture": 1.8121082786403298,
            "Soil_Temperature": 16.789327745101733,
            "Wind_Dir_Sin": 126.24356771823977,
            "Wind_Dir_Cos": 29.412113095274165
        }
    }
}