{
    "trial_number": 59,
    "input_chunk_length": 28,
    "training_length": 31,
    "hidden_size": 104,
    "layer_size": 1,
    "dropout": 0.25685962230108206,
    "batch_size": 28,
    "lr": 0.00010714664656875566,
    "forecast_horizon": 6,
    "overall_smape_val": 71.79059968121547,
    "metrics": {
        "MSE": {
            "Temperature": 1.2099497422907262,
            "Precipitation": 0.2903349187516739,
            "Humidity": 13.45082955622205,
            "Wind_Speed_kmh": 0.16905556754968312,
            "Soil_Moisture": 123919.2865384115,
            "Soil_Temperature": 1.5528535173811144,
            "Wind_Dir_Sin": 0.0894464855768556,
            "Wind_Dir_Cos": 0.10584771408853055
        },
        "RMSE": {
            "Temperature": 1.0999771553494764,
            "Precipitation": 0.5388273552369756,
            "Humidity": 3.667537260372695,
            "Wind_Speed_kmh": 0.4111636748907704,
            "Soil_Moisture": 352.02171316328133,
            "Soil_Temperature": 1.2461354330012104,
            "Wind_Dir_Sin": 0.29907605316517,
            "Wind_Dir_Cos": 0.32534245663382233
        },
        "MAE": {
            "Temperature": 0.8380506729143192,
            "Precipitation": 0.4269881453761701,
            "Humidity": 2.728257972917363,
            "Wind_Speed_kmh": 0.2280592933929931,
            "Soil_Moisture": 176.747160978936,
            "Soil_Temperature": 0.9899515459320042,
            "Wind_Dir_Sin": 0.16877884251947117,
            "Wind_Dir_Cos": 0.20482488250822609
        },
        "R2": {
            "Temperature": 0.649857743570522,
            "Precipitation": -366.3079816040691,
            "Humidity": 0.7449540936484954,
            "Wind_Speed_kmh": 0.5199815240686869,
            "Soil_Moisture": 0.86879755391848,
            "Soil_Temperature": 0.7396194639461433,
            "Wind_Dir_Sin": 0.5825322978485363,
            "Wind_Dir_Cos": 0.7090196795398565
        },
        "SMAPE": {
            "Temperature": 14.41596746000217,
            "Precipitation": 196.42465835829964,
            "Humidity": 3.2154927389590777,
            "Wind_Speed_kmh": 145.95804220833972,
            "Soil_Moisture": 2.6874425250059586,
            "Soil_Temperature": 23.822902221826553,
            "Wind_Dir_Sin": 137.00633501381105,
            "Wind_Dir_Cos": 50.79395692347951
        }
    }
}