{
    "trial_number": 35,
    "input_chunk_length": 15,
    "training_length": 23,
    "hidden_size": 73,
    "layer_size": 1,
    "dropout": 0.28389040897204154,
    "batch_size": 30,
    "lr": 0.0009905234159145635,
    "forecast_horizon": 4,
    "overall_smape_val": 70.80203491218326,
    "metrics": {
        "MSE": {
            "Temperature": 0.8976356051748517,
            "Precipitation": 0.3603782170275093,
            "Humidity": 11.67363196166377,
            "Wind_Speed_kmh": 0.15296538525824133,
            "Soil_Moisture": 97172.76391741009,
            "Soil_Temperature": 1.4444544838476687,
            "Wind_Dir_Sin": 0.07771379624792732,
            "Wind_Dir_Cos": 0.08869060065278495
        },
        "RMSE": {
            "Temperature": 0.9474363330455782,
            "Precipitation": 0.6003150981172382,
            "Humidity": 3.4166697179656933,
            "Wind_Speed_kmh": 0.39110789465087675,
            "Soil_Moisture": 311.7254624143015,
            "Soil_Temperature": 1.2018546017916096,
            "Wind_Dir_Sin": 0.2787719430787957,
            "Wind_Dir_Cos": 0.29780967185903306
        },
        "MAE": {
            "Temperature": 0.7166786509798536,
            "Precipitation": 0.47558090931459984,
            "Humidity": 2.524819462137584,
            "Wind_Speed_kmh": 0.22913897990939627,
            "Soil_Moisture": 174.25061819816474,
            "Soil_Temperature": 0.9082415983653466,
            "Wind_Dir_Sin": 0.1519820581660029,
            "Wind_Dir_Cos": 0.1843465459284557
        },
        "R2": {
            "Temperature": 0.7403874790267921,
            "Precipitation": -455.60311130143754,
            "Humidity": 0.7785583055478708,
            "Wind_Speed_kmh": 0.5651205069998604,
            "Soil_Moisture": 0.89700152725814,
            "Soil_Temperature": 0.7580086441452438,
            "Wind_Dir_Sin": 0.6369087166510178,
            "Wind_Dir_Cos": 0.755980748587636
        },
        "SMAPE": {
            "Temperature": 12.655358212900962,
            "Precipitation": 195.97231398374606,
            "Humidity": 2.980284085045311,
            "Wind_Speed_kmh": 149.10702281815583,
            "Soil_Moisture": 2.6815018135551147,
            "Soil_Temperature": 23.86284965966795,
            "Wind_Dir_Sin": 134.0032550794857,
            "Wind_Dir_Cos": 45.153693644909225
        }
    }
}