{
    "trial_number": 4,
    "overall_mae_val": 0.27360041457141726,
    "params": {
        "n_estimators": 450,
        "max_depth": 13,
        "min_samples_split": 18,
        "min_samples_leaf": 1,
        "max_features": 0.4551460001986476,
        "bootstrap": true,
        "criterion": "poisson",
        "min_weight_fraction_leaf": 0.47222240487038075,
        "n_jobs": -1
    },
    "metrics": {
        "MSE": {
            "Temperature": 90.51888100689054,
            "Precipitation_accumulated": 121786.0015769169,
            "Humidity": 328.7445218738788,
            "Wind_Speed_kmh": 1.3901290840743554,
            "Soil_Moisture": 132969.15141743972,
            "Soil_Temperature": 99.96087318890713,
            "Wind_Dir_Sin": 0.6430404539216237,
            "Wind_Dir_Cos": 0.37419801984731443
        },
        "RMSE": {
            "Temperature": 9.514141107156785,
            "Precipitation_accumulated": 348.9785116263133,
            "Humidity": 18.13131329699751,
            "Wind_Speed_kmh": 1.179037354825688,
            "Soil_Moisture": 364.6493540614596,
            "Soil_Temperature": 9.998043468044491,
            "Wind_Dir_Sin": 0.801898032122304,
            "Wind_Dir_Cos": 0.6117172711697083
        },
        "MAE": {
            "Temperature": 8.371748668159256,
            "Precipitation_accumulated": 348.9735179684783,
            "Humidity": 15.631833736120234,
            "Wind_Speed_kmh": 0.9667254796053798,
            "Soil_Moisture": 356.5133585014159,
            "Soil_Temperature": 9.21439690392796,
            "Wind_Dir_Sin": 0.7429946748097653,
            "Wind_Dir_Cos": 0.5275930905243132
        },
        "R2": {
            "Temperature": -1.9623885030258243,
            "Precipitation_accumulated": -34852.00301791865,
            "Humidity": -1.2416337822820696,
            "Wind_Speed_kmh": -0.02476050148122555,
            "Soil_Moisture": -1.237404232033378,
            "Soil_Temperature": -5.169023398946092,
            "Wind_Dir_Sin": -0.17273663081665291,
            "Wind_Dir_Cos": -0.010974872977693284
        },
        "SMAPE": {
            "Temperature": 76.41773831142032,
            "Precipitation_accumulated": 120.35043924753782,
            "Humidity": 18.751242095808614,
            "Wind_Speed_kmh": 77.40253413743895,
            "Soil_Moisture": 4.222185542982117,
            "Soil_Temperature": 83.02327477347545,
            "Wind_Dir_Sin": 175.26103971270575,
            "Wind_Dir_Cos": 124.99605676887145
        }
    }
}