{
    "trial_number": 28,
    "overall_mae_val": 0.1560090797763539,
    "params": {
        "n_estimators": 250,
        "max_depth": 9,
        "min_samples_split": 16,
        "min_samples_leaf": 2,
        "max_features": 0.5336392694833939,
        "bootstrap": true,
        "criterion": "squared_error",
        "min_weight_fraction_leaf": 0.0367074291264722,
        "n_jobs": -1
    },
    "metrics": {
        "MSE": {
            "Temperature": 27.943880020118108,
            "Precipitation_accumulated": 43.40282631008481,
            "Humidity": 113.81300919327334,
            "Wind_Speed_kmh": 1.8096641314019615,
            "Soil_Moisture": 1141612.7866810646,
            "Soil_Temperature": 14.657962729485407,
            "Wind_Dir_Sin": 0.5942753386006325,
            "Wind_Dir_Cos": 0.3841910875968571
        },
        "RMSE": {
            "Temperature": 5.286197122707222,
            "Precipitation_accumulated": 6.588082142026222,
            "Humidity": 10.668318011442729,
            "Wind_Speed_kmh": 1.34523757433472,
            "Soil_Moisture": 1068.462814833097,
            "Soil_Temperature": 3.828571891643855,
            "Wind_Dir_Sin": 0.7708925596998797,
            "Wind_Dir_Cos": 0.6198314993583798
        },
        "MAE": {
            "Temperature": 4.242300249737568,
            "Precipitation_accumulated": 6.2696516546665,
            "Humidity": 8.825149657186959,
            "Wind_Speed_kmh": 1.0423695305100542,
            "Soil_Moisture": 1007.4728498100809,
            "Soil_Temperature": 3.0680522123118132,
            "Wind_Dir_Sin": 0.6472862104273043,
            "Wind_Dir_Cos": 0.5451648371669834
        },
        "R2": {
            "Temperature": 0.08131789128814237,
            "Precipitation_accumulated": -11.224809359553104,
            "Humidity": 0.22076305563281728,
            "Wind_Speed_kmh": -0.34219316314973613,
            "Soil_Moisture": -17.526160636794614,
            "Soil_Temperature": 0.09645434850416446,
            "Wind_Dir_Sin": -0.08449574804165616,
            "Wind_Dir_Cos": -0.037254709778738127
        },
        "SMAPE": {
            "Temperature": 54.52662206736431,
            "Precipitation_accumulated": 1.358349328359838,
            "Humidity": 10.425183501118623,
            "Wind_Speed_kmh": 88.37353125570002,
            "Soil_Moisture": 12.486503563244277,
            "Soil_Temperature": 45.00589027454388,
            "Wind_Dir_Sin": 117.7783635546187,
            "Wind_Dir_Cos": 146.85268130278698
        }
    }
}