{
    "trial_number": 33,
    "overall_mae_val": 0.17581325431294562,
    "params": {
        "n_estimators": 100,
        "max_depth": 16,
        "min_samples_split": 19,
        "min_samples_leaf": 5,
        "max_features": 0.43977051924599847,
        "bootstrap": false,
        "criterion": "squared_error",
        "min_weight_fraction_leaf": 0.043828808082253604,
        "n_jobs": -1
    },
    "metrics": {
        "MSE": {
            "Temperature": 30.641058927382264,
            "Precipitation_accumulated": 45.90569437737636,
            "Humidity": 149.94022841686538,
            "Wind_Speed_kmh": 2.1087242793741554,
            "Soil_Moisture": 2370807.3629202293,
            "Soil_Temperature": 16.46626767677214,
            "Wind_Dir_Sin": 0.6943849343424785,
            "Wind_Dir_Cos": 0.3859429178449671
        },
        "RMSE": {
            "Temperature": 5.535436651916655,
            "Precipitation_accumulated": 6.775374113462397,
            "Humidity": 12.245008306116635,
            "Wind_Speed_kmh": 1.4521447170906057,
            "Soil_Moisture": 1539.7426287923022,
            "Soil_Temperature": 4.057864916033078,
            "Wind_Dir_Sin": 0.8332976265071673,
            "Wind_Dir_Cos": 0.6212430424922013
        },
        "MAE": {
            "Temperature": 4.522274104209608,
            "Precipitation_accumulated": 6.50942838606669,
            "Humidity": 10.745577795022138,
            "Wind_Speed_kmh": 1.101371177551919,
            "Soil_Moisture": 1518.080400581249,
            "Soil_Temperature": 3.324358269506214,
            "Wind_Dir_Sin": 0.6493418339599696,
            "Wind_Dir_Cos": 0.5466938892347294
        },
        "R2": {
            "Temperature": -0.005427148745355659,
            "Precipitation_accumulated": -12.022659996121474,
            "Humidity": -0.02427324399930897,
            "Wind_Speed_kmh": -0.5594879942786515,
            "Soil_Moisture": -38.095323473037304,
            "Soil_Temperature": -0.016966695365804974,
            "Wind_Dir_Sin": -0.26493922017627414,
            "Wind_Dir_Cos": -0.04273404083340582
        },
        "SMAPE": {
            "Temperature": 56.511707436506484,
            "Precipitation_accumulated": 1.4106422324458743,
            "Humidity": 12.581051909462309,
            "Wind_Speed_kmh": 96.584961622351,
            "Soil_Moisture": 19.39561133015924,
            "Soil_Temperature": 47.05764726864463,
            "Wind_Dir_Sin": 104.93268418593294,
            "Wind_Dir_Cos": 151.34789424200756
        }
    }
}