{
    "trial_number": 16,
    "overall_mae_val": 0.2348133014688533,
    "params": {
        "n_estimators": 300,
        "max_depth": 7,
        "min_samples_split": 12,
        "min_samples_leaf": 4,
        "max_features": 0.9944448484652568,
        "bootstrap": true,
        "criterion": "squared_error",
        "min_weight_fraction_leaf": 0.21626480888417726,
        "n_jobs": -1
    },
    "metrics": {
        "MSE": {
            "Temperature": 19.994651978061608,
            "Precipitation_accumulated": 39.51337306129982,
            "Humidity": 136.20675636082441,
            "Wind_Speed_kmh": 3.2980225695410748,
            "Soil_Moisture": 5652481.031280547,
            "Soil_Temperature": 14.650031896599563,
            "Wind_Dir_Sin": 0.5595357958090472,
            "Wind_Dir_Cos": 1.487850005756205
        },
        "RMSE": {
            "Temperature": 4.471537987992678,
            "Precipitation_accumulated": 6.28596635858798,
            "Humidity": 11.670765028944093,
            "Wind_Speed_kmh": 1.8160458610786994,
            "Soil_Moisture": 2377.4946963727484,
            "Soil_Temperature": 3.8275360085307577,
            "Wind_Dir_Sin": 0.7480212535811046,
            "Wind_Dir_Cos": 1.2197745716960184
        },
        "MAE": {
            "Temperature": 3.675169849340577,
            "Precipitation_accumulated": 5.917523893587374,
            "Humidity": 10.19424053316713,
            "Wind_Speed_kmh": 1.4101183286982917,
            "Soil_Moisture": 2365.206816483054,
            "Soil_Temperature": 3.1157583919240457,
            "Wind_Dir_Sin": 0.6906277123094171,
            "Wind_Dir_Cos": 1.0608505485884294
        },
        "R2": {
            "Temperature": 0.3425851071826409,
            "Precipitation_accumulated": -10.145115965014455,
            "Humidity": 0.06745062421972225,
            "Wind_Speed_kmh": -1.4447317512317261,
            "Soil_Moisture": -90.98894785411157,
            "Soil_Temperature": 0.09606606839080045,
            "Wind_Dir_Sin": -0.020785393531721263,
            "Wind_Dir_Cos": -3.0179898202831614
        },
        "SMAPE": {
            "Temperature": 49.76314271269459,
            "Precipitation_accumulated": 1.2815520562019933,
            "Humidity": 11.943071809101557,
            "Wind_Speed_kmh": 157.15938746531936,
            "Soil_Moisture": 31.989597744528712,
            "Soil_Temperature": 44.81983345726491,
            "Wind_Dir_Sin": 170.20241075123462,
            "Wind_Dir_Cos": 151.59222358370607
        }
    }
}