{
    "trial_number": 62,
    "overall_mae_val": 0.12811281369865007,
    "params": {
        "n_estimators": 150,
        "max_depth": 18,
        "min_samples_split": 13,
        "min_samples_leaf": 5,
        "max_features": 0.5774519952255706,
        "bootstrap": false,
        "criterion": "squared_error",
        "min_weight_fraction_leaf": 0.0003584570012586107,
        "n_jobs": -1
    },
    "metrics": {
        "MSE": {
            "Temperature": 14.323031654848165,
            "Precipitation_accumulated": 51.38438899247817,
            "Humidity": 121.65571300782236,
            "Wind_Speed_kmh": 1.4513661517572258,
            "Soil_Moisture": 447167.5818398539,
            "Soil_Temperature": 7.267494857836037,
            "Wind_Dir_Sin": 0.45574293062281607,
            "Wind_Dir_Cos": 0.37266618459837225
        },
        "RMSE": {
            "Temperature": 3.7845781343299234,
            "Precipitation_accumulated": 7.168290520931624,
            "Humidity": 11.029764866388692,
            "Wind_Speed_kmh": 1.2047265879680857,
            "Soil_Moisture": 668.705900856164,
            "Soil_Temperature": 2.6958291596160238,
            "Wind_Dir_Sin": 0.675087350364985,
            "Wind_Dir_Cos": 0.610463909333199
        },
        "MAE": {
            "Temperature": 2.9957312192273298,
            "Precipitation_accumulated": 6.180001614083906,
            "Humidity": 8.607518384704651,
            "Wind_Speed_kmh": 0.9140257800930156,
            "Soil_Moisture": 601.5019760228375,
            "Soil_Temperature": 1.9550741730190448,
            "Wind_Dir_Sin": 0.5523698702951629,
            "Wind_Dir_Cos": 0.523104348952219
        },
        "R2": {
            "Temperature": 0.529259021951581,
            "Precipitation_accumulated": -13.45245254631162,
            "Humidity": 0.16694548724508917,
            "Wind_Speed_kmh": -0.07656786952081673,
            "Soil_Moisture": -6.2363638719415,
            "Soil_Temperature": 0.5524904132710613,
            "Wind_Dir_Sin": 0.16781136868222835,
            "Wind_Dir_Cos": -0.005802419197233455
        },
        "SMAPE": {
            "Temperature": 42.78931676748956,
            "Precipitation_accumulated": 1.3398583014579935,
            "Humidity": 10.222286786987679,
            "Wind_Speed_kmh": 79.41893813365266,
            "Soil_Moisture": 7.259093729476792,
            "Soil_Temperature": 29.140592865046397,
            "Wind_Dir_Sin": 110.76261204790852,
            "Wind_Dir_Cos": 138.81027304195356
        }
    }
}