{
    "trial_number": 61,
    "overall_mae_val": 0.1378758720584885,
    "params": {
        "n_estimators": 100,
        "max_depth": 17,
        "min_samples_split": 10,
        "min_samples_leaf": 5,
        "max_features": 0.520559248082299,
        "bootstrap": false,
        "criterion": "squared_error",
        "min_weight_fraction_leaf": 0.011879303548965563,
        "n_jobs": -1
    },
    "metrics": {
        "MSE": {
            "Temperature": 24.5230853127159,
            "Precipitation_accumulated": 31.15358791926525,
            "Humidity": 165.41934264000628,
            "Wind_Speed_kmh": 1.5088818063656553,
            "Soil_Moisture": 463296.18844888074,
            "Soil_Temperature": 16.69700262708947,
            "Wind_Dir_Sin": 0.4407151745453671,
            "Wind_Dir_Cos": 0.3633942803159094
        },
        "RMSE": {
            "Temperature": 4.952078887973808,
            "Precipitation_accumulated": 5.58153992364699,
            "Humidity": 12.861545110911297,
            "Wind_Speed_kmh": 1.2283655019438047,
            "Soil_Moisture": 680.6586431162692,
            "Soil_Temperature": 4.086196596725306,
            "Wind_Dir_Sin": 0.6638638222899085,
            "Wind_Dir_Cos": 0.6028219308518141
        },
        "MAE": {
            "Temperature": 3.9215315644960986,
            "Precipitation_accumulated": 4.958746237590248,
            "Humidity": 10.108681090968185,
            "Wind_Speed_kmh": 0.9802267139081589,
            "Soil_Moisture": 616.5680750039495,
            "Soil_Temperature": 3.176244355354931,
            "Wind_Dir_Sin": 0.5568331605440973,
            "Wind_Dir_Cos": 0.5227876160258638
        },
        "R2": {
            "Temperature": 0.19369231732069314,
            "Precipitation_accumulated": -7.787160477234712,
            "Humidity": -0.13255545350678566,
            "Wind_Speed_kmh": -0.11849181838416079,
            "Soil_Moisture": -6.539720820713266,
            "Soil_Temperature": -0.03023579315874203,
            "Wind_Dir_Sin": 0.1959842136047666,
            "Wind_Dir_Cos": 0.018641319078167795
        },
        "SMAPE": {
            "Temperature": 52.3865576124213,
            "Precipitation_accumulated": 1.0727798395436836,
            "Humidity": 11.84673883509266,
            "Wind_Speed_kmh": 81.08030652142885,
            "Soil_Moisture": 7.4485832320407015,
            "Soil_Temperature": 47.100274108892926,
            "Wind_Dir_Sin": 115.33967456930152,
            "Wind_Dir_Cos": 148.1976386274481
        }
    }
}