{
    "trial_number": 18,
    "overall_mae_val": 0.19576409450093857,
    "params": {
        "n_estimators": 550,
        "max_depth": 16,
        "min_samples_split": 20,
        "min_samples_leaf": 5,
        "max_features": 0.6846833475681278,
        "bootstrap": false,
        "criterion": "poisson",
        "min_weight_fraction_leaf": 0.09512465830283846,
        "n_jobs": -1
    },
    "metrics": {
        "MSE": {
            "Temperature": 26.922017104441164,
            "Precipitation_accumulated": 43.06284663676813,
            "Humidity": 148.17015227338345,
            "Wind_Speed_kmh": 2.5686488699445804,
            "Soil_Moisture": 2459258.518760309,
            "Soil_Temperature": 14.723586480798485,
            "Wind_Dir_Sin": 0.5531240908299762,
            "Wind_Dir_Cos": 0.9679290282533628
        },
        "RMSE": {
            "Temperature": 5.188643088943501,
            "Precipitation_accumulated": 6.562228785768455,
            "Humidity": 12.172516267123386,
            "Wind_Speed_kmh": 1.6027004929008353,
            "Soil_Moisture": 1568.2023207355323,
            "Soil_Temperature": 3.8371325857726735,
            "Wind_Dir_Sin": 0.7437231278036042,
            "Wind_Dir_Cos": 0.9838338417910633
        },
        "MAE": {
            "Temperature": 4.292058927619337,
            "Precipitation_accumulated": 6.268945216033712,
            "Humidity": 10.153654046369734,
            "Wind_Speed_kmh": 1.2187295598274506,
            "Soil_Moisture": 1532.1375370685173,
            "Soil_Temperature": 3.085015717803691,
            "Wind_Dir_Sin": 0.6829451889808619,
            "Wind_Dir_Cos": 0.8317869833179392
        },
        "R2": {
            "Temperature": 0.11513415205710098,
            "Precipitation_accumulated": -11.163605136364529,
            "Humidity": -0.013963435851750194,
            "Wind_Speed_kmh": -0.9029515587951094,
            "Soil_Moisture": -39.14456248160202,
            "Soil_Temperature": 0.09091073476250133,
            "Wind_Dir_Sin": -0.008480175722746175,
            "Wind_Dir_Cos": -1.61489465503384
        },
        "SMAPE": {
            "Temperature": 54.04678893055839,
            "Precipitation_accumulated": 1.3581629092701877,
            "Humidity": 11.897724833019115,
            "Wind_Speed_kmh": 114.72490684504501,
            "Soil_Moisture": 19.616153645351943,
            "Soil_Temperature": 44.78926063579644,
            "Wind_Dir_Sin": 159.83465059961844,
            "Wind_Dir_Cos": 148.38316600173547
        }
    }
}