{
    "trial_number": 10,
    "overall_mae_val": 0.23883514748597573,
    "params": {
        "n_estimators": 200,
        "max_depth": 5,
        "min_samples_split": 10,
        "min_samples_leaf": 10,
        "max_features": 0.881779041468749,
        "bootstrap": true,
        "criterion": "poisson",
        "min_weight_fraction_leaf": 0.15788965696590118,
        "n_jobs": -1
    },
    "metrics": {
        "MSE": {
            "Temperature": 62.550071787251966,
            "Precipitation_accumulated": 50.74477337665208,
            "Humidity": 144.7259890471385,
            "Wind_Speed_kmh": 3.088496738175687,
            "Soil_Moisture": 3773281.214027808,
            "Soil_Temperature": 57.6438564172899,
            "Wind_Dir_Sin": 0.5602659302943658,
            "Wind_Dir_Cos": 1.377821591497367
        },
        "RMSE": {
            "Temperature": 7.908860334286601,
            "Precipitation_accumulated": 7.1235365778980935,
            "Humidity": 12.030211512984238,
            "Wind_Speed_kmh": 1.7574119432209645,
            "Soil_Moisture": 1942.493555723624,
            "Soil_Temperature": 7.592355129819067,
            "Wind_Dir_Sin": 0.7485091384174049,
            "Wind_Dir_Cos": 1.1738064540193016
        },
        "MAE": {
            "Temperature": 6.815237208490888,
            "Precipitation_accumulated": 6.868721627262049,
            "Humidity": 10.489007274063542,
            "Wind_Speed_kmh": 1.350741099337321,
            "Soil_Moisture": 1926.4331119391668,
            "Soil_Temperature": 6.72681171789914,
            "Wind_Dir_Sin": 0.6913386416557604,
            "Wind_Dir_Cos": 1.0137151861370994
        },
        "R2": {
            "Temperature": -1.0563941660291967,
            "Precipitation_accumulated": -13.292736977341912,
            "Humidity": 0.009112945216143808,
            "Wind_Speed_kmh": -1.2906787698655577,
            "Soil_Moisture": -60.2330334019007,
            "Soil_Temperature": -2.5532806818046194,
            "Wind_Dir_Sin": -0.02243182530104737,
            "Wind_Dir_Cos": -2.7198987200742444
        },
        "SMAPE": {
            "Temperature": 69.08205360548345,
            "Precipitation_accumulated": 1.4891566104352074,
            "Humidity": 12.28033618054996,
            "Wind_Speed_kmh": 140.3304670036152,
            "Soil_Moisture": 25.28568480436941,
            "Soil_Temperature": 70.55295527902348,
            "Wind_Dir_Sin": 171.58267799681335,
            "Wind_Dir_Cos": 150.42491369687323
        }
    }
}