{
    "trial_number": 43,
    "overall_mae_val": 0.1507961408686207,
    "params": {
        "n_estimators": 650,
        "max_depth": 17,
        "min_samples_split": 9,
        "min_samples_leaf": 7,
        "max_features": 0.2482488813285581,
        "bootstrap": false,
        "criterion": "poisson",
        "min_weight_fraction_leaf": 0.02805341494237532,
        "n_jobs": -1
    },
    "metrics": {
        "MSE": {
            "Temperature": 25.607320654167744,
            "Precipitation_accumulated": 310.17529361533633,
            "Humidity": 138.09361983944925,
            "Wind_Speed_kmh": 1.610012081077186,
            "Soil_Moisture": 643559.874407813,
            "Soil_Temperature": 13.764195469192511,
            "Wind_Dir_Sin": 0.559842905933066,
            "Wind_Dir_Cos": 0.3807338024073058
        },
        "RMSE": {
            "Temperature": 5.060367640218223,
            "Precipitation_accumulated": 17.61179416230318,
            "Humidity": 11.751324173872884,
            "Wind_Speed_kmh": 1.2688625146473458,
            "Soil_Moisture": 802.221836157439,
            "Soil_Temperature": 3.7100128664456826,
            "Wind_Dir_Sin": 0.7482265071040092,
            "Wind_Dir_Cos": 0.6170363055828286
        },
        "MAE": {
            "Temperature": 3.998490693699547,
            "Precipitation_accumulated": 16.501354043753462,
            "Humidity": 9.620548315382623,
            "Wind_Speed_kmh": 0.9994844545632671,
            "Soil_Moisture": 738.1711372073049,
            "Soil_Temperature": 2.742519680433557,
            "Wind_Dir_Sin": 0.6586699911996604,
            "Wind_Dir_Cos": 0.5436448880601518
        },
        "R2": {
            "Temperature": 0.15880167137089363,
            "Precipitation_accumulated": -86.73817081053241,
            "Humidity": 0.05553912286201401,
            "Wind_Speed_kmh": -0.1920989073816468,
            "Soil_Moisture": -9.539572853619532,
            "Soil_Temperature": 0.14988603019646896,
            "Wind_Dir_Sin": -0.0204241156048508,
            "Wind_Dir_Cos": -0.028827246249006455
        },
        "SMAPE": {
            "Temperature": 52.41815221107335,
            "Precipitation_accumulated": 3.6217059944978813,
            "Humidity": 11.320855927418254,
            "Wind_Speed_kmh": 83.15820030295389,
            "Soil_Moisture": 8.975372059574784,
            "Soil_Temperature": 39.50042710349283,
            "Wind_Dir_Sin": 131.61500923522038,
            "Wind_Dir_Cos": 149.879786537682
        }
    }
}