{
    "trial_number": 56,
    "overall_mae_val": 0.17577706625688883,
    "params": {
        "n_estimators": 550,
        "max_depth": 18,
        "min_samples_split": 13,
        "min_samples_leaf": 7,
        "max_features": 0.8333498620432656,
        "bootstrap": false,
        "criterion": "squared_error",
        "min_weight_fraction_leaf": 0.04334078088138224,
        "n_jobs": -1
    },
    "metrics": {
        "MSE": {
            "Temperature": 30.66010110215236,
            "Precipitation_accumulated": 45.52994900394156,
            "Humidity": 149.67168459993786,
            "Wind_Speed_kmh": 2.1000692183649416,
            "Soil_Moisture": 2354367.433401209,
            "Soil_Temperature": 16.574951093839026,
            "Wind_Dir_Sin": 0.7031624604369199,
            "Wind_Dir_Cos": 0.3892952141027174
        },
        "RMSE": {
            "Temperature": 5.537156409399355,
            "Precipitation_accumulated": 6.747588384300094,
            "Humidity": 12.234037951548862,
            "Wind_Speed_kmh": 1.4491615570270078,
            "Soil_Moisture": 1534.394810145423,
            "Soil_Temperature": 4.071234590862952,
            "Wind_Dir_Sin": 0.8385478283538274,
            "Wind_Dir_Cos": 0.6239352643525748
        },
        "MAE": {
            "Temperature": 4.522627458615861,
            "Precipitation_accumulated": 6.478237859921974,
            "Humidity": 10.733821189364882,
            "Wind_Speed_kmh": 1.0997207016421084,
            "Soil_Moisture": 1510.877945513125,
            "Soil_Temperature": 3.3339601597162476,
            "Wind_Dir_Sin": 0.6519956231588007,
            "Wind_Dir_Cos": 0.5470965262187634
        },
        "R2": {
            "Temperature": -0.007675353074098057,
            "Precipitation_accumulated": -11.80582372034776,
            "Humidity": -0.02489779727476349,
            "Wind_Speed_kmh": -0.5577509793266655,
            "Soil_Moisture": -37.09994312700803,
            "Soil_Temperature": -0.02063361022657606,
            "Wind_Dir_Sin": -0.2839778002597979,
            "Wind_Dir_Cos": -0.05068311617379928
        },
        "SMAPE": {
            "Temperature": 56.563848004060425,
            "Precipitation_accumulated": 1.4038630287593805,
            "Humidity": 12.56630557836953,
            "Wind_Speed_kmh": 96.68725670496528,
            "Soil_Moisture": 19.302753619211185,
            "Soil_Temperature": 47.326329468316935,
            "Wind_Dir_Sin": 105.2977735596332,
            "Wind_Dir_Cos": 147.45863246244693
        }
    }
}