{
    "trial_number": 54,
    "overall_mae_val": 0.14637626181998475,
    "params": {
        "n_estimators": 250,
        "max_depth": 13,
        "min_samples_split": 17,
        "min_samples_leaf": 6,
        "max_features": 0.48850211847242636,
        "bootstrap": false,
        "criterion": "squared_error",
        "min_weight_fraction_leaf": 0.018351739887526593,
        "n_jobs": -1
    },
    "metrics": {
        "MSE": {
            "Temperature": 22.973567056372445,
            "Precipitation_accumulated": 39.330605158663005,
            "Humidity": 155.8164956020658,
            "Wind_Speed_kmh": 1.5979681639487189,
            "Soil_Moisture": 596004.286007907,
            "Soil_Temperature": 11.44081381563493,
            "Wind_Dir_Sin": 0.5761775131884548,
            "Wind_Dir_Cos": 0.38330712785422605
        },
        "RMSE": {
            "Temperature": 4.793074906192521,
            "Precipitation_accumulated": 6.271411735698989,
            "Humidity": 12.482647780101216,
            "Wind_Speed_kmh": 1.2641076552053305,
            "Soil_Moisture": 772.0131384943569,
            "Soil_Temperature": 3.3824272077363218,
            "Wind_Dir_Sin": 0.7590635765128338,
            "Wind_Dir_Cos": 0.6191180241716647
        },
        "MAE": {
            "Temperature": 3.7971665237959638,
            "Precipitation_accumulated": 5.588977828915344,
            "Humidity": 10.018769677609065,
            "Wind_Speed_kmh": 0.9975904325241912,
            "Soil_Moisture": 712.1855849864753,
            "Soil_Temperature": 2.352452135839377,
            "Wind_Dir_Sin": 0.6631710903001802,
            "Wind_Dir_Cos": 0.544594711665293
        },
        "R2": {
            "Temperature": 0.24491078009691258,
            "Precipitation_accumulated": -10.10938984037732,
            "Humidity": -0.06628917375710053,
            "Wind_Speed_kmh": -0.18383483397510103,
            "Soil_Moisture": -8.729083427556075,
            "Soil_Temperature": 0.29360138992367746,
            "Wind_Dir_Sin": -0.05051218954482306,
            "Wind_Dir_Cos": -0.03551782269725123
        },
        "SMAPE": {
            "Temperature": 50.755410955799704,
            "Precipitation_accumulated": 1.2101559912084896,
            "Humidity": 11.758118499228779,
            "Wind_Speed_kmh": 82.72508999093297,
            "Soil_Moisture": 8.650693731112701,
            "Soil_Temperature": 33.490661893406475,
            "Wind_Dir_Sin": 132.82827788996696,
            "Wind_Dir_Cos": 148.26827051886502
        }
    }
}