{
    "trial_number": 8,
    "overall_mae_val": 0.2412868525154554,
    "params": {
        "n_estimators": 600,
        "max_depth": 19,
        "min_samples_split": 19,
        "min_samples_leaf": 7,
        "max_features": 0.11546947339019657,
        "bootstrap": false,
        "criterion": "squared_error",
        "min_weight_fraction_leaf": 0.36125778323019525,
        "n_jobs": -1
    },
    "metrics": {
        "MSE": {
            "Temperature": 43.310338935537935,
            "Precipitation_accumulated": 9016.597653924679,
            "Humidity": 161.33762701642203,
            "Wind_Speed_kmh": 2.5424150518188986,
            "Soil_Moisture": 3389171.803396479,
            "Soil_Temperature": 40.68684163578431,
            "Wind_Dir_Sin": 0.5744563584781653,
            "Wind_Dir_Cos": 0.9803475291870379
        },
        "RMSE": {
            "Temperature": 6.581059104394819,
            "Precipitation_accumulated": 94.95576682816414,
            "Humidity": 12.701874940984974,
            "Wind_Speed_kmh": 1.5944952341787977,
            "Soil_Moisture": 1840.9703428889013,
            "Soil_Temperature": 6.378623804221747,
            "Wind_Dir_Sin": 0.7579289930317782,
            "Wind_Dir_Cos": 0.9901250068486493
        },
        "MAE": {
            "Temperature": 5.584512900170653,
            "Precipitation_accumulated": 94.89758714612944,
            "Humidity": 11.180853011748086,
            "Wind_Speed_kmh": 1.2058206730689116,
            "Soil_Moisture": 1824.3848140957766,
            "Soil_Temperature": 5.525398322104032,
            "Wind_Dir_Sin": 0.7027113200338968,
            "Wind_Dir_Cos": 0.8395735064083442
        },
        "R2": {
            "Temperature": -0.4202887219858482,
            "Precipitation_accumulated": -2560.5676770368564,
            "Humidity": -0.1014992450579899,
            "Wind_Speed_kmh": -0.8790899634051885,
            "Soil_Moisture": -55.083234138922926,
            "Soil_Temperature": -1.5123431946487758,
            "Wind_Dir_Sin": -0.046599923964949275,
            "Wind_Dir_Cos": -1.6472535787003366
        },
        "SMAPE": {
            "Temperature": 62.567070876699546,
            "Precipitation_accumulated": 22.759072529331103,
            "Humidity": 13.095755960900402,
            "Wind_Speed_kmh": 111.9150415073346,
            "Soil_Moisture": 23.77818516666806,
            "Soil_Temperature": 63.202574659909025,
            "Wind_Dir_Sin": 187.21809019663297,
            "Wind_Dir_Cos": 147.51683154210198
        }
    }
}