{
    "trial_number": 35,
    "overall_mae_val": 0.14909136275021664,
    "params": {
        "n_estimators": 250,
        "max_depth": 19,
        "min_samples_split": 20,
        "min_samples_leaf": 5,
        "max_features": 0.38461841995654233,
        "bootstrap": false,
        "criterion": "squared_error",
        "min_weight_fraction_leaf": 0.02997118063353841,
        "n_jobs": -1
    },
    "metrics": {
        "MSE": {
            "Temperature": 31.639484288571467,
            "Precipitation_accumulated": 32.29046941826734,
            "Humidity": 165.40582395691874,
            "Wind_Speed_kmh": 1.5793749365215415,
            "Soil_Moisture": 437217.3478373322,
            "Soil_Temperature": 24.47303054394178,
            "Wind_Dir_Sin": 0.5519971850769584,
            "Wind_Dir_Cos": 0.3841232074282743
        },
        "RMSE": {
            "Temperature": 5.624898602514668,
            "Precipitation_accumulated": 5.682470362286753,
            "Humidity": 12.861019553554794,
            "Wind_Speed_kmh": 1.2567318475003095,
            "Soil_Moisture": 661.224128293374,
            "Soil_Temperature": 4.9470223916960165,
            "Wind_Dir_Sin": 0.7429651304583267,
            "Wind_Dir_Cos": 0.6197767399864844
        },
        "MAE": {
            "Temperature": 4.379289116533565,
            "Precipitation_accumulated": 5.331520468894752,
            "Humidity": 9.945575334196176,
            "Wind_Speed_kmh": 0.9971951369406864,
            "Soil_Moisture": 606.7647649340627,
            "Soil_Temperature": 3.893477711856823,
            "Wind_Dir_Sin": 0.6626921724749407,
            "Wind_Dir_Cos": 0.5456381056901389
        },
        "R2": {
            "Temperature": -0.035694878127994434,
            "Precipitation_accumulated": -8.227527585902854,
            "Humidity": -0.1277931134815311,
            "Wind_Speed_kmh": -0.16496057562949984,
            "Soil_Moisture": -6.332774052028076,
            "Soil_Temperature": -0.5103556787820556,
            "Wind_Dir_Sin": -0.006071534937626577,
            "Wind_Dir_Cos": -0.0375515265256634
        },
        "SMAPE": {
            "Temperature": 56.90886635701659,
            "Precipitation_accumulated": 1.1537528131520762,
            "Humidity": 11.687167635312745,
            "Wind_Speed_kmh": 82.38631711177689,
            "Soil_Moisture": 7.318776009261907,
            "Soil_Temperature": 58.89134852058689,
            "Wind_Dir_Sin": 137.07481663527855,
            "Wind_Dir_Cos": 150.01354173831362
        }
    }
}