{
    "trial_number": 2,
    "overall_mae_val": 0.17662237025336439,
    "params": {
        "n_estimators": 600,
        "max_depth": 14,
        "min_samples_split": 17,
        "min_samples_leaf": 1,
        "max_features": 0.5840392889035287,
        "bootstrap": true,
        "criterion": "squared_error",
        "min_weight_fraction_leaf": 0.07675398555838381,
        "n_jobs": -1
    },
    "metrics": {
        "MSE": {
            "Temperature": 30.670098131844714,
            "Precipitation_accumulated": 51.26957182384164,
            "Humidity": 151.09725979329312,
            "Wind_Speed_kmh": 2.1221173726335603,
            "Soil_Moisture": 2417712.3787262416,
            "Soil_Temperature": 16.470570751990905,
            "Wind_Dir_Sin": 0.6856967937535081,
            "Wind_Dir_Cos": 0.38891567632718976
        },
        "RMSE": {
            "Temperature": 5.538059058175953,
            "Precipitation_accumulated": 7.160277356628138,
            "Humidity": 12.292162535261772,
            "Wind_Speed_kmh": 1.4567489051423927,
            "Soil_Moisture": 1554.8994754408536,
            "Soil_Temperature": 4.058395095600095,
            "Wind_Dir_Sin": 0.8280681093687331,
            "Wind_Dir_Cos": 0.623631041824563
        },
        "MAE": {
            "Temperature": 4.523720192245779,
            "Precipitation_accumulated": 6.912032335459233,
            "Humidity": 10.799481664120119,
            "Wind_Speed_kmh": 1.1049181625828772,
            "Soil_Moisture": 1533.8261758216743,
            "Soil_Temperature": 3.3249494377732036,
            "Wind_Dir_Sin": 0.6480415279774805,
            "Wind_Dir_Cos": 0.5499042431061251
        },
        "R2": {
            "Temperature": -0.0037325371436522925,
            "Precipitation_accumulated": -13.672446080555412,
            "Humidity": -0.030297691448189612,
            "Wind_Speed_kmh": -0.5643598050680518,
            "Soil_Moisture": -39.68161562541266,
            "Soil_Temperature": -0.016471076348146818,
            "Wind_Dir_Sin": -0.25053057356525565,
            "Wind_Dir_Cos": -0.050737726069066014
        },
        "SMAPE": {
            "Temperature": 56.545524196018654,
            "Precipitation_accumulated": 1.4985617566840443,
            "Humidity": 12.64638927687633,
            "Wind_Speed_kmh": 96.93362275873301,
            "Soil_Moisture": 19.611745179181128,
            "Soil_Temperature": 47.012046730423634,
            "Wind_Dir_Sin": 105.40987530358986,
            "Wind_Dir_Cos": 156.02002887768074
        }
    }
}