{
    "trial_number": 1,
    "overall_mae_val": 0.24141448681255467,
    "params": {
        "n_estimators": 100,
        "max_depth": 10,
        "min_samples_split": 20,
        "min_samples_leaf": 9,
        "max_features": 0.7378961010099323,
        "bootstrap": false,
        "criterion": "squared_error",
        "min_weight_fraction_leaf": 0.2591903633753151,
        "n_jobs": -1
    },
    "metrics": {
        "MSE": {
            "Temperature": 66.05811416048056,
            "Precipitation_accumulated": 49.72638741098945,
            "Humidity": 146.52905620251502,
            "Wind_Speed_kmh": 3.1134878871883527,
            "Soil_Moisture": 3840913.489018481,
            "Soil_Temperature": 61.57585600873905,
            "Wind_Dir_Sin": 0.5615295578497279,
            "Wind_Dir_Cos": 1.3923566367530915
        },
        "RMSE": {
            "Temperature": 8.127614296980422,
            "Precipitation_accumulated": 7.051693939117711,
            "Humidity": 12.104918678062857,
            "Wind_Speed_kmh": 1.7645078314329898,
            "Soil_Moisture": 1959.8248618227296,
            "Soil_Temperature": 7.847028482727653,
            "Wind_Dir_Sin": 0.7493527592861241,
            "Wind_Dir_Cos": 1.1799816255997766
        },
        "MAE": {
            "Temperature": 7.030208101363424,
            "Precipitation_accumulated": 6.797155626125368,
            "Humidity": 10.572469071420992,
            "Wind_Speed_kmh": 1.3566259688979196,
            "Soil_Moisture": 1944.2921016660544,
            "Soil_Temperature": 7.001431249166672,
            "Wind_Dir_Sin": 0.6925245529518389,
            "Wind_Dir_Cos": 1.0203568361071684
        },
        "R2": {
            "Temperature": -1.1675693888148957,
            "Precipitation_accumulated": -13.106525233346034,
            "Humidity": -0.0009708089775415374,
            "Wind_Speed_kmh": -1.3025518451579075,
            "Soil_Moisture": -62.33781379022246,
            "Soil_Temperature": -2.802962275893442,
            "Wind_Dir_Sin": -0.022920754588311,
            "Wind_Dir_Cos": -2.761845586465643
        },
        "SMAPE": {
            "Temperature": 70.1750525493536,
            "Precipitation_accumulated": 1.473490420488177,
            "Humidity": 12.377601236367777,
            "Wind_Speed_kmh": 141.9024393479286,
            "Soil_Moisture": 25.545036510026126,
            "Soil_Temperature": 71.99197696075586,
            "Wind_Dir_Sin": 171.86932488956054,
            "Wind_Dir_Cos": 150.5287617231758
        }
    }
}