{
    "trial_number": 14,
    "overall_mae_val": 0.19595902128120132,
    "params": {
        "n_estimators": 500,
        "max_depth": 9,
        "min_samples_split": 14,
        "min_samples_leaf": 3,
        "max_features": 0.6497154524336786,
        "bootstrap": false,
        "criterion": "squared_error",
        "min_weight_fraction_leaf": 0.11571203845116548,
        "n_jobs": -1
    },
    "metrics": {
        "MSE": {
            "Temperature": 30.740954144261927,
            "Precipitation_accumulated": 43.45012216291717,
            "Humidity": 173.95004971870907,
            "Wind_Speed_kmh": 2.469010997754815,
            "Soil_Moisture": 3729021.9790230105,
            "Soil_Temperature": 16.16574761524785,
            "Wind_Dir_Sin": 0.6006416078851684,
            "Wind_Dir_Cos": 0.585437600993414
        },
        "RMSE": {
            "Temperature": 5.544452555867164,
            "Precipitation_accumulated": 6.591670665538227,
            "Humidity": 13.189012461845241,
            "Wind_Speed_kmh": 1.5713086895180128,
            "Soil_Moisture": 1931.067574949932,
            "Soil_Temperature": 4.02066507125971,
            "Wind_Dir_Sin": 0.7750107146905573,
            "Wind_Dir_Cos": 0.7651389422800372
        },
        "MAE": {
            "Temperature": 4.4249448015862916,
            "Precipitation_accumulated": 6.3175813226570465,
            "Humidity": 11.574513404378866,
            "Wind_Speed_kmh": 1.1888021615128614,
            "Soil_Moisture": 1914.7883663447246,
            "Soil_Temperature": 3.272749784047823,
            "Wind_Dir_Sin": 0.6476866022134972,
            "Wind_Dir_Cos": 0.6602002284077023
        },
        "R2": {
            "Temperature": -0.01038567615161412,
            "Precipitation_accumulated": -11.272995642263705,
            "Humidity": -0.190381378254471,
            "Wind_Speed_kmh": -0.8291360807758685,
            "Soil_Moisture": -59.871988320942734,
            "Soil_Temperature": 0.0018663156068534636,
            "Wind_Dir_Sin": -0.09511620323299819,
            "Wind_Dir_Cos": -0.5815804764693953
        },
        "SMAPE": {
            "Temperature": 56.392394149916875,
            "Precipitation_accumulated": 1.3687730834720053,
            "Humidity": 13.56998703370494,
            "Wind_Speed_kmh": 109.13242916908119,
            "Soil_Moisture": 25.111635498319878,
            "Soil_Temperature": 46.793523746682496,
            "Wind_Dir_Sin": 116.22543003361545,
            "Wind_Dir_Cos": 156.04978096540896
        }
    }
}