{
    "trial_number": 49,
    "overall_mae_val": 0.17592220275478387,
    "params": {
        "n_estimators": 250,
        "max_depth": 9,
        "min_samples_split": 13,
        "min_samples_leaf": 10,
        "max_features": 0.3647668990016959,
        "bootstrap": true,
        "criterion": "poisson",
        "min_weight_fraction_leaf": 0.07078920530960792,
        "n_jobs": -1
    },
    "metrics": {
        "MSE": {
            "Temperature": 30.50971277506872,
            "Precipitation_accumulated": 419.97771707259386,
            "Humidity": 145.50940686856202,
            "Wind_Speed_kmh": 2.048104925123705,
            "Soil_Moisture": 2006223.6350120038,
            "Soil_Temperature": 16.64370516111287,
            "Wind_Dir_Sin": 0.6463984609497132,
            "Wind_Dir_Cos": 0.3904440499800818
        },
        "RMSE": {
            "Temperature": 5.523559791933887,
            "Precipitation_accumulated": 20.493357876946224,
            "Humidity": 12.062728002759659,
            "Wind_Speed_kmh": 1.431120164459891,
            "Soil_Moisture": 1416.412240490742,
            "Soil_Temperature": 4.079669736769493,
            "Wind_Dir_Sin": 0.8039890925564309,
            "Wind_Dir_Cos": 0.6248552232158117
        },
        "MAE": {
            "Temperature": 4.558275451730629,
            "Precipitation_accumulated": 19.804483814982067,
            "Humidity": 10.603572048058242,
            "Wind_Speed_kmh": 1.087129741818902,
            "Soil_Moisture": 1396.2894349354008,
            "Soil_Temperature": 3.3653339942663756,
            "Wind_Dir_Sin": 0.6466091760677114,
            "Wind_Dir_Cos": 0.5510330551170417
        },
        "R2": {
            "Temperature": -0.003145219827662249,
            "Precipitation_accumulated": -117.45863809790666,
            "Humidity": 0.003759356944320391,
            "Wind_Speed_kmh": -0.518202812359996,
            "Soil_Moisture": -31.6494508028444,
            "Soil_Temperature": -0.026947241413252554,
            "Wind_Dir_Sin": -0.17925271677173216,
            "Wind_Dir_Cos": -0.0544075089160283
        },
        "SMAPE": {
            "Temperature": 56.41375301610356,
            "Precipitation_accumulated": 4.359688087934971,
            "Humidity": 12.415118462861047,
            "Wind_Speed_kmh": 94.77933831297315,
            "Soil_Moisture": 17.700525729160695,
            "Soil_Temperature": 47.301493258909616,
            "Wind_Dir_Sin": 109.39537752981391,
            "Wind_Dir_Cos": 158.4701374801776
        }
    }
}