{
    "trial_number": 46,
    "overall_mae_val": 0.19104527200468857,
    "params": {
        "n_estimators": 450,
        "max_depth": 8,
        "min_samples_split": 20,
        "min_samples_leaf": 6,
        "max_features": 0.3205751173046408,
        "bootstrap": true,
        "criterion": "squared_error",
        "min_weight_fraction_leaf": 0.10401898458353118,
        "n_jobs": -1
    },
    "metrics": {
        "MSE": {
            "Temperature": 30.512698991973362,
            "Precipitation_accumulated": 51.937114858989425,
            "Humidity": 167.1931695302138,
            "Wind_Speed_kmh": 2.389586064275961,
            "Soil_Moisture": 3416313.5410588854,
            "Soil_Temperature": 16.15836726013733,
            "Wind_Dir_Sin": 0.6137853897583696,
            "Wind_Dir_Cos": 0.5192274999815746
        },
        "RMSE": {
            "Temperature": 5.523830101657125,
            "Precipitation_accumulated": 7.206740931862989,
            "Humidity": 12.930319776796466,
            "Wind_Speed_kmh": 1.5458286011961226,
            "Soil_Moisture": 1848.3272278086706,
            "Soil_Temperature": 4.019747163707853,
            "Wind_Dir_Sin": 0.783444567125441,
            "Wind_Dir_Cos": 0.7205744236243572
        },
        "MAE": {
            "Temperature": 4.447728444106641,
            "Precipitation_accumulated": 6.960745257447646,
            "Humidity": 11.367172022595076,
            "Wind_Speed_kmh": 1.1690977237120728,
            "Soil_Moisture": 1831.7283904094859,
            "Soil_Temperature": 3.2794437152687714,
            "Wind_Dir_Sin": 0.6449336091268044,
            "Wind_Dir_Cos": 0.6269960783573965
        },
        "R2": {
            "Temperature": 0.0015392275286640889,
            "Precipitation_accumulated": -13.885220572960662,
            "Humidity": -0.1401252303069378,
            "Wind_Speed_kmh": -0.7609640094326944,
            "Soil_Moisture": -56.676263136473445,
            "Soil_Temperature": 0.0027596598342449763,
            "Wind_Dir_Sin": -0.11948473513551061,
            "Wind_Dir_Cos": -0.40272381317962935
        },
        "SMAPE": {
            "Temperature": 56.39202166360153,
            "Precipitation_accumulated": 1.509201461745494,
            "Humidity": 13.322206140431367,
            "Wind_Speed_kmh": 105.84149688140846,
            "Soil_Moisture": 23.879511865808123,
            "Soil_Temperature": 46.679063657360324,
            "Wind_Dir_Sin": 112.96699735032497,
            "Wind_Dir_Cos": 162.31937462327988
        }
    }
}