{
    "trial_number": 36,
    "overall_mae_val": 0.1509812589249326,
    "params": {
        "n_estimators": 350,
        "max_depth": 14,
        "min_samples_split": 17,
        "min_samples_leaf": 8,
        "max_features": 0.2095549824360844,
        "bootstrap": false,
        "criterion": "squared_error",
        "min_weight_fraction_leaf": 0.03177889172887946,
        "n_jobs": -1
    },
    "metrics": {
        "MSE": {
            "Temperature": 25.39795273573325,
            "Precipitation_accumulated": 58.225508802678604,
            "Humidity": 116.7950982272099,
            "Wind_Speed_kmh": 1.7211319733580417,
            "Soil_Moisture": 877994.8987654721,
            "Soil_Temperature": 13.028932410239138,
            "Wind_Dir_Sin": 0.5483477083901905,
            "Wind_Dir_Cos": 0.3965192718349976
        },
        "RMSE": {
            "Temperature": 5.039638155238256,
            "Precipitation_accumulated": 7.630564120868037,
            "Humidity": 10.807178088067667,
            "Wind_Speed_kmh": 1.311919194675511,
            "Soil_Moisture": 937.0138199436933,
            "Soil_Temperature": 3.6095612489940017,
            "Wind_Dir_Sin": 0.7405050360329702,
            "Wind_Dir_Cos": 0.6296977622915597
        },
        "MAE": {
            "Temperature": 4.0266113899106815,
            "Precipitation_accumulated": 7.210956778158137,
            "Humidity": 8.680686641429666,
            "Wind_Speed_kmh": 1.0270378475253477,
            "Soil_Moisture": 859.9576247666843,
            "Soil_Temperature": 2.902523627317597,
            "Wind_Dir_Sin": 0.6429634828847762,
            "Wind_Dir_Cos": 0.5557302643667873
        },
        "R2": {
            "Temperature": 0.16567938987312159,
            "Precipitation_accumulated": -15.470040464264056,
            "Humidity": 0.20120566724708244,
            "Wind_Speed_kmh": -0.27437524787205336,
            "Soil_Moisture": -13.378912621238241,
            "Soil_Temperature": 0.19529786696497198,
            "Wind_Dir_Sin": 0.0005281491502805435,
            "Wind_Dir_Cos": -0.0714830885707396
        },
        "SMAPE": {
            "Temperature": 52.51445734971311,
            "Precipitation_accumulated": 1.5641047877259577,
            "Humidity": 10.290931573644981,
            "Wind_Speed_kmh": 86.26287738665582,
            "Soil_Moisture": 10.563510539425064,
            "Soil_Temperature": 42.963421468318685,
            "Wind_Dir_Sin": 125.92501864395962,
            "Wind_Dir_Cos": 162.71969410078768
        }
    }
}