{
    "trial_number": 50,
    "overall_mae_val": 0.2247682613615159,
    "params": {
        "n_estimators": 500,
        "max_depth": 14,
        "min_samples_split": 15,
        "min_samples_leaf": 3,
        "max_features": 0.6322131150691553,
        "bootstrap": false,
        "criterion": "squared_error",
        "min_weight_fraction_leaf": 0.16330610017396674,
        "n_jobs": -1
    },
    "metrics": {
        "MSE": {
            "Temperature": 13.508566143656525,
            "Precipitation_accumulated": 67.36279538172897,
            "Humidity": 163.55378871257525,
            "Wind_Speed_kmh": 3.1486370932758945,
            "Soil_Moisture": 5189732.792544041,
            "Soil_Temperature": 8.468718507608202,
            "Wind_Dir_Sin": 0.5585303286858582,
            "Wind_Dir_Cos": 1.3588710040289769
        },
        "RMSE": {
            "Temperature": 3.675400133816252,
            "Precipitation_accumulated": 8.207484107918148,
            "Humidity": 12.788814984687802,
            "Wind_Speed_kmh": 1.774439937917284,
            "Soil_Moisture": 2278.098503696458,
            "Soil_Temperature": 2.9101062708444516,
            "Wind_Dir_Sin": 0.7473488667856921,
            "Wind_Dir_Cos": 1.1657062254397448
        },
        "MAE": {
            "Temperature": 2.981383519856063,
            "Precipitation_accumulated": 7.83313885164689,
            "Humidity": 11.209398519036366,
            "Wind_Speed_kmh": 1.368253503651679,
            "Soil_Moisture": 2263.6697486159565,
            "Soil_Temperature": 2.3051971640257416,
            "Wind_Dir_Sin": 0.6856583838088293,
            "Wind_Dir_Cos": 0.997739486465518
        },
        "R2": {
            "Temperature": 0.5560272579343091,
            "Precipitation_accumulated": -17.946563785819276,
            "Humidity": -0.11995744709838085,
            "Wind_Speed_kmh": -1.3355385016373562,
            "Soil_Moisture": -82.98371530082302,
            "Soil_Temperature": 0.4785228206419512,
            "Wind_Dir_Sin": -0.01987888027874063,
            "Wind_Dir_Cos": -2.6675067385099376
        },
        "SMAPE": {
            "Temperature": 43.655893123999334,
            "Precipitation_accumulated": 1.700297487954403,
            "Humidity": 13.118645721538662,
            "Wind_Speed_kmh": 145.8059249733893,
            "Soil_Moisture": 30.40292183279221,
            "Soil_Temperature": 36.31932815821889,
            "Wind_Dir_Sin": 163.7097542922867,
            "Wind_Dir_Cos": 149.59490624429802
        }
    }
}