{
    "trial_number": 60,
    "overall_mae_val": 0.2439648095192123,
    "params": {
        "n_estimators": 300,
        "max_depth": 8,
        "min_samples_split": 15,
        "min_samples_leaf": 6,
        "max_features": 0.7485486189441608,
        "bootstrap": true,
        "criterion": "squared_error",
        "min_weight_fraction_leaf": 0.3238336260163277,
        "n_jobs": -1
    },
    "metrics": {
        "MSE": {
            "Temperature": 37.57232909646109,
            "Precipitation_accumulated": 42.40872914481712,
            "Humidity": 146.5470442827317,
            "Wind_Speed_kmh": 3.3145895646016914,
            "Soil_Moisture": 5345214.435173861,
            "Soil_Temperature": 32.37936978445593,
            "Wind_Dir_Sin": 0.5607651295656451,
            "Wind_Dir_Cos": 1.516535798734285
        },
        "RMSE": {
            "Temperature": 6.129627158030176,
            "Precipitation_accumulated": 6.512198487823994,
            "Humidity": 12.105661662326916,
            "Wind_Speed_kmh": 1.8206014293638493,
            "Soil_Moisture": 2311.9719797553475,
            "Soil_Temperature": 5.690287320026638,
            "Wind_Dir_Sin": 0.7488425265472342,
            "Wind_Dir_Cos": 1.2314770800686
        },
        "MAE": {
            "Temperature": 5.163034445588556,
            "Precipitation_accumulated": 6.231009886846464,
            "Humidity": 10.585833457163513,
            "Wind_Speed_kmh": 1.4146356090599899,
            "Soil_Moisture": 2298.8626253861976,
            "Soil_Temperature": 4.867265110734192,
            "Wind_Dir_Sin": 0.6918110342948799,
            "Wind_Dir_Cos": 1.0752591903813977
        },
        "R2": {
            "Temperature": -0.23491752925323084,
            "Precipitation_accumulated": -10.978841993509782,
            "Humidity": -0.0028561235509361182,
            "Wind_Speed_kmh": -1.455572442200276,
            "Soil_Moisture": -86.254468464164,
            "Soil_Temperature": -0.9992233227001059,
            "Wind_Dir_Sin": -0.0224116536941521,
            "Wind_Dir_Cos": -3.0969753344764195
        },
        "SMAPE": {
            "Temperature": 60.04129145160582,
            "Precipitation_accumulated": 1.3498784503330918,
            "Humidity": 12.3930597008608,
            "Wind_Speed_kmh": 158.8361651668553,
            "Soil_Moisture": 30.938811962598578,
            "Soil_Temperature": 58.896838557793956,
            "Wind_Dir_Sin": 171.52206656250385,
            "Wind_Dir_Cos": 152.13156585615445
        }
    }
}