{
    "trial_number": 51,
    "overall_mae_val": 0.14834866318406464,
    "params": {
        "n_estimators": 200,
        "max_depth": 15,
        "min_samples_split": 17,
        "min_samples_leaf": 5,
        "max_features": 0.3636450153472897,
        "bootstrap": false,
        "criterion": "squared_error",
        "min_weight_fraction_leaf": 0.020702693353294027,
        "n_jobs": -1
    },
    "metrics": {
        "MSE": {
            "Temperature": 21.93421985034432,
            "Precipitation_accumulated": 64.07614304714099,
            "Humidity": 145.0731566779289,
            "Wind_Speed_kmh": 1.6457591755216978,
            "Soil_Moisture": 764634.3987474047,
            "Soil_Temperature": 9.915466823545799,
            "Wind_Dir_Sin": 0.5711968962591497,
            "Wind_Dir_Cos": 0.3839003576664231
        },
        "RMSE": {
            "Temperature": 4.683398322836135,
            "Precipitation_accumulated": 8.004757525818068,
            "Humidity": 12.044631861453006,
            "Wind_Speed_kmh": 1.2828714571311102,
            "Soil_Moisture": 874.4337589248282,
            "Soil_Temperature": 3.148883424889813,
            "Wind_Dir_Sin": 0.7557756917625426,
            "Wind_Dir_Cos": 0.619596931614758
        },
        "MAE": {
            "Temperature": 3.7357902672997647,
            "Precipitation_accumulated": 7.153800108426248,
            "Humidity": 9.779020157332658,
            "Wind_Speed_kmh": 1.0092744566541645,
            "Soil_Moisture": 804.8069874041993,
            "Soil_Temperature": 2.228499338286482,
            "Wind_Dir_Sin": 0.65648145468015,
            "Wind_Dir_Cos": 0.5458179907853459
        },
        "R2": {
            "Temperature": 0.2788912874462507,
            "Precipitation_accumulated": -17.047641129415247,
            "Humidity": 0.006736012686920478,
            "Wind_Speed_kmh": -0.22062800231604096,
            "Soil_Moisture": -11.408532792275745,
            "Soil_Temperature": 0.38879112354786594,
            "Wind_Dir_Sin": -0.04237979443385842,
            "Wind_Dir_Cos": -0.03646978529883249
        },
        "SMAPE": {
            "Temperature": 50.188230367179905,
            "Precipitation_accumulated": 1.5522635932507194,
            "Humidity": 11.495728561486885,
            "Wind_Speed_kmh": 84.12629502984544,
            "Soil_Moisture": 9.840482018143467,
            "Soil_Temperature": 31.819291732612303,
            "Wind_Dir_Sin": 130.94125602347796,
            "Wind_Dir_Cos": 151.8476281832764
        }
    }
}