{
    "trial_number": 26,
    "overall_mae_val": 0.20897221465241206,
    "params": {
        "n_estimators": 400,
        "max_depth": 8,
        "min_samples_split": 18,
        "min_samples_leaf": 7,
        "max_features": 0.4116086193638808,
        "bootstrap": true,
        "criterion": "poisson",
        "min_weight_fraction_leaf": 0.1310948554162548,
        "n_jobs": -1
    },
    "metrics": {
        "MSE": {
            "Temperature": 26.224975333196415,
            "Precipitation_accumulated": 1117.9201159570796,
            "Humidity": 124.70955895744575,
            "Wind_Speed_kmh": 2.6634671911041057,
            "Soil_Moisture": 2750498.3659393354,
            "Soil_Temperature": 18.694117266486185,
            "Wind_Dir_Sin": 0.5623048436786271,
            "Wind_Dir_Cos": 1.0575890543167912
        },
        "RMSE": {
            "Temperature": 5.121032643246518,
            "Precipitation_accumulated": 33.43531241004157,
            "Humidity": 11.167343415398568,
            "Wind_Speed_kmh": 1.632013232515014,
            "Soil_Moisture": 1658.4626513549636,
            "Soil_Temperature": 4.323669421508331,
            "Wind_Dir_Sin": 0.7498698844990557,
            "Wind_Dir_Cos": 1.0283914888391439
        },
        "MAE": {
            "Temperature": 4.154656579755445,
            "Precipitation_accumulated": 32.897895228747196,
            "Humidity": 9.502107352307968,
            "Wind_Speed_kmh": 1.237522529887588,
            "Soil_Moisture": 1635.7487472849518,
            "Soil_Temperature": 3.4984867886638784,
            "Wind_Dir_Sin": 0.6930420469879987,
            "Wind_Dir_Cos": 0.8725856137301387
        },
        "R2": {
            "Temperature": 0.13808955847236026,
            "Precipitation_accumulated": -313.4279370297066,
            "Humidity": 0.14603384991467872,
            "Wind_Speed_kmh": -0.9756580350133313,
            "Soil_Moisture": -43.510397921121445,
            "Soil_Temperature": -0.15112523033535963,
            "Wind_Dir_Sin": -0.026771161551053968,
            "Wind_Dir_Cos": -1.8543658461921768
        },
        "SMAPE": {
            "Temperature": 53.02656569460951,
            "Precipitation_accumulated": 7.348844757676115,
            "Humidity": 11.160114667471694,
            "Wind_Speed_kmh": 117.44485431118092,
            "Soil_Moisture": 21.06862360051134,
            "Soil_Temperature": 48.41268248463081,
            "Wind_Dir_Sin": 174.19538296746353,
            "Wind_Dir_Cos": 147.95649441538683
        }
    }
}