{
    "trial_number": 9,
    "overall_mae_val": 0.24225246803251288,
    "params": {
        "n_estimators": 800,
        "max_depth": 15,
        "min_samples_split": 14,
        "min_samples_leaf": 2,
        "max_features": 0.11325467590591584,
        "bootstrap": true,
        "criterion": "poisson",
        "min_weight_fraction_leaf": 0.3717956703336437,
        "n_jobs": -1
    },
    "metrics": {
        "MSE": {
            "Temperature": 43.6784756555501,
            "Precipitation_accumulated": 11848.986506539499,
            "Humidity": 162.79264603490077,
            "Wind_Speed_kmh": 2.4278105674105,
            "Soil_Moisture": 3163406.8386090766,
            "Soil_Temperature": 41.75215575997489,
            "Wind_Dir_Sin": 0.5806962358880757,
            "Wind_Dir_Cos": 0.9414586554390707
        },
        "RMSE": {
            "Temperature": 6.608969333833385,
            "Precipitation_accumulated": 108.8530500562088,
            "Humidity": 12.759022142582118,
            "Wind_Speed_kmh": 1.5581433077257367,
            "Soil_Moisture": 1778.5968735520357,
            "Soil_Temperature": 6.461590807221925,
            "Wind_Dir_Sin": 0.7620342747462713,
            "Wind_Dir_Cos": 0.9702879239890965
        },
        "MAE": {
            "Temperature": 5.611135630550779,
            "Precipitation_accumulated": 108.37071155102721,
            "Humidity": 11.228350344966769,
            "Wind_Speed_kmh": 1.1753688933196835,
            "Soil_Moisture": 1760.2417773673992,
            "Soil_Temperature": 5.608135582399276,
            "Wind_Dir_Sin": 0.7070173307572931,
            "Wind_Dir_Cos": 0.8228792189756577
        },
        "R2": {
            "Temperature": -0.4340862775882539,
            "Precipitation_accumulated": -3355.503423030027,
            "Humidity": -0.11274239561358379,
            "Wind_Speed_kmh": -0.7965392955517914,
            "Soil_Moisture": -50.98280793830378,
            "Soil_Temperature": -1.5789039534520497,
            "Wind_Dir_Sin": -0.057835725557562334,
            "Wind_Dir_Cos": -1.5450533468062209
        },
        "SMAPE": {
            "Temperature": 62.699447915817956,
            "Precipitation_accumulated": 26.447453965657946,
            "Humidity": 13.153462194938555,
            "Wind_Speed_kmh": 107.73163056484303,
            "Soil_Moisture": 22.85009144095352,
            "Soil_Temperature": 63.76198859369815,
            "Wind_Dir_Sin": 194.39162549532077,
            "Wind_Dir_Cos": 147.70291600479285
        }
    }
}