{
    "trial_number": 0,
    "overall_mae_val": 0.17478106779814798,
    "params": {
        "n_estimators": 650,
        "max_depth": 18,
        "min_samples_split": 2,
        "min_samples_leaf": 5,
        "max_features": 0.5204563904175212,
        "bootstrap": true,
        "criterion": "poisson",
        "min_weight_fraction_leaf": 0.052310916507274985,
        "n_jobs": -1
    },
    "metrics": {
        "MSE": {
            "Temperature": 30.905292354427537,
            "Precipitation_accumulated": 55.6144761136727,
            "Humidity": 150.79793874855181,
            "Wind_Speed_kmh": 2.07209714622737,
            "Soil_Moisture": 2240922.85131144,
            "Soil_Temperature": 16.673856253218922,
            "Wind_Dir_Sin": 0.6850216894777466,
            "Wind_Dir_Cos": 0.38218161066126655
        },
        "RMSE": {
            "Temperature": 5.55925285937126,
            "Precipitation_accumulated": 7.457511388772578,
            "Humidity": 12.279981219389214,
            "Wind_Speed_kmh": 1.4394780811903216,
            "Soil_Moisture": 1496.9712259463909,
            "Soil_Temperature": 4.083363350623959,
            "Wind_Dir_Sin": 0.8276603708513212,
            "Wind_Dir_Cos": 0.618208387731246
        },
        "MAE": {
            "Temperature": 4.5573087433896085,
            "Precipitation_accumulated": 7.2213078791578535,
            "Humidity": 10.793979665207676,
            "Wind_Speed_kmh": 1.092453222192045,
            "Soil_Moisture": 1476.175177711907,
            "Soil_Temperature": 3.3458423892014717,
            "Wind_Dir_Sin": 0.6500840319704971,
            "Wind_Dir_Cos": 0.5434246415077724
        },
        "R2": {
            "Temperature": -0.012203720132031748,
            "Precipitation_accumulated": -15.081717299159216,
            "Humidity": -0.028738577684524813,
            "Wind_Speed_kmh": -0.5338067534686124,
            "Soil_Moisture": -37.53999294498019,
            "Soil_Temperature": -0.030637396599499045,
            "Wind_Dir_Sin": -0.2462672023265957,
            "Wind_Dir_Cos": -0.03802580537543809
        },
        "SMAPE": {
            "Temperature": 56.49755162694164,
            "Precipitation_accumulated": 1.5661339569702524,
            "Humidity": 12.645638012344184,
            "Wind_Speed_kmh": 95.81401690874569,
            "Soil_Moisture": 18.79725759443589,
            "Soil_Temperature": 47.013741879039046,
            "Wind_Dir_Sin": 106.1467180747896,
            "Wind_Dir_Cos": 147.71560218480303
        }
    }
}