{
    "trial_number": 58,
    "overall_mae_val": 0.15280138008234218,
    "params": {
        "n_estimators": 750,
        "max_depth": 12,
        "min_samples_split": 14,
        "min_samples_leaf": 3,
        "max_features": 0.6721627224452846,
        "bootstrap": false,
        "criterion": "squared_error",
        "min_weight_fraction_leaf": 0.022759952474381902,
        "n_jobs": -1
    },
    "metrics": {
        "MSE": {
            "Temperature": 29.634287136116498,
            "Precipitation_accumulated": 27.326523858174735,
            "Humidity": 159.27441668256023,
            "Wind_Speed_kmh": 1.644029378682176,
            "Soil_Moisture": 777091.1459569744,
            "Soil_Temperature": 20.20221786482144,
            "Wind_Dir_Sin": 0.5755305953367787,
            "Wind_Dir_Cos": 0.3856114856265903
        },
        "RMSE": {
            "Temperature": 5.443738341995921,
            "Precipitation_accumulated": 5.227477772135883,
            "Humidity": 12.620396851230955,
            "Wind_Speed_kmh": 1.2821970904202582,
            "Soil_Moisture": 881.5277340826971,
            "Soil_Temperature": 4.494687738299674,
            "Wind_Dir_Sin": 0.7586373279352782,
            "Wind_Dir_Cos": 0.6209762359596301
        },
        "MAE": {
            "Temperature": 4.166352576114533,
            "Precipitation_accumulated": 4.674184896081212,
            "Humidity": 10.091482997833952,
            "Wind_Speed_kmh": 1.0075642197280077,
            "Soil_Moisture": 808.1600112833183,
            "Soil_Temperature": 3.3314897023319667,
            "Wind_Dir_Sin": 0.6636605993094951,
            "Wind_Dir_Cos": 0.5452507086747019
        },
        "R2": {
            "Temperature": 0.026516161308778208,
            "Precipitation_accumulated": -6.7297556165127075,
            "Humidity": -0.08932226891107242,
            "Wind_Speed_kmh": -0.2172862856526554,
            "Soil_Moisture": -11.726412991879952,
            "Soil_Temperature": -0.24774365972490142,
            "Wind_Dir_Sin": -0.04901802367444974,
            "Wind_Dir_Cos": -0.042007829015342946
        },
        "SMAPE": {
            "Temperature": 54.84308965966029,
            "Precipitation_accumulated": 1.0107713818669282,
            "Humidity": 11.836434672948133,
            "Wind_Speed_kmh": 83.94924837390407,
            "Soil_Moisture": 9.892542831323324,
            "Soil_Temperature": 48.55668989457169,
            "Wind_Dir_Sin": 132.91434193968058,
            "Wind_Dir_Cos": 147.3277842483249
        }
    }
}