{
    "trial_number": 29,
    "overall_mae_val": 0.2407084411349435,
    "params": {
        "n_estimators": 650,
        "max_depth": 9,
        "min_samples_split": 18,
        "min_samples_leaf": 4,
        "max_features": 0.49744379421964513,
        "bootstrap": true,
        "criterion": "poisson",
        "min_weight_fraction_leaf": 0.29854271138746513,
        "n_jobs": -1
    },
    "metrics": {
        "MSE": {
            "Temperature": 65.16580833838755,
            "Precipitation_accumulated": 97.2812288646587,
            "Humidity": 146.1506744477725,
            "Wind_Speed_kmh": 3.080416234516691,
            "Soil_Moisture": 3776801.6692292364,
            "Soil_Temperature": 60.73570293322877,
            "Wind_Dir_Sin": 0.5613165391486606,
            "Wind_Dir_Cos": 1.3725666398442542
        },
        "RMSE": {
            "Temperature": 8.072534195553931,
            "Precipitation_accumulated": 9.863124700857163,
            "Humidity": 12.089279318792022,
            "Wind_Speed_kmh": 1.7551114592859027,
            "Soil_Moisture": 1943.3995135404446,
            "Soil_Temperature": 7.7933114228310405,
            "Wind_Dir_Sin": 0.7492106106754366,
            "Wind_Dir_Cos": 1.1715658922332342
        },
        "MAE": {
            "Temperature": 6.98184706538173,
            "Precipitation_accumulated": 9.63055313835651,
            "Humidity": 10.5577604975975,
            "Wind_Speed_kmh": 1.3479994301009368,
            "Soil_Moisture": 1927.7543567082726,
            "Soil_Temperature": 6.951422509308049,
            "Wind_Dir_Sin": 0.6923122105641955,
            "Wind_Dir_Cos": 1.0114794189145264
        },
        "R2": {
            "Temperature": -1.1418528198884257,
            "Precipitation_accumulated": -26.478221889764548,
            "Humidity": -0.000143670917549521,
            "Wind_Speed_kmh": -1.2820880439519828,
            "Soil_Moisture": -60.65193672579865,
            "Soil_Temperature": -2.750049325635338,
            "Wind_Dir_Sin": -0.02341700790380208,
            "Wind_Dir_Cos": -2.7080375373007404
        },
        "SMAPE": {
            "Temperature": 69.93191636058533,
            "Precipitation_accumulated": 2.0946054050312672,
            "Humidity": 12.360406248547244,
            "Wind_Speed_kmh": 139.82116677811408,
            "Soil_Moisture": 25.303231170329912,
            "Soil_Temperature": 71.78300919599134,
            "Wind_Dir_Sin": 172.20818002304082,
            "Wind_Dir_Cos": 150.3346806463789
        }
    }
}