{
    "trial_number": 55,
    "overall_mae_val": 0.13381132806572987,
    "params": {
        "n_estimators": 100,
        "max_depth": 17,
        "min_samples_split": 13,
        "min_samples_leaf": 5,
        "max_features": 0.7308293498748402,
        "bootstrap": false,
        "criterion": "squared_error",
        "min_weight_fraction_leaf": 0.0021690105168410308,
        "n_jobs": -1
    },
    "metrics": {
        "MSE": {
            "Temperature": 15.893819378214971,
            "Precipitation_accumulated": 47.40396170374853,
            "Humidity": 118.4564876339597,
            "Wind_Speed_kmh": 1.6139047781095346,
            "Soil_Moisture": 625642.964997487,
            "Soil_Temperature": 7.03568607083865,
            "Wind_Dir_Sin": 0.45426864516132487,
            "Wind_Dir_Cos": 0.3766730621930353
        },
        "RMSE": {
            "Temperature": 3.986705328741387,
            "Precipitation_accumulated": 6.8850535004274676,
            "Humidity": 10.883771755873958,
            "Wind_Speed_kmh": 1.2703955203437765,
            "Soil_Moisture": 790.9759572815643,
            "Soil_Temperature": 2.6524867710958806,
            "Wind_Dir_Sin": 0.6739945438661391,
            "Wind_Dir_Cos": 0.6137369649882882
        },
        "MAE": {
            "Temperature": 3.1734295105860286,
            "Precipitation_accumulated": 6.040134093571229,
            "Humidity": 8.639052248892124,
            "Wind_Speed_kmh": 0.962568598184853,
            "Soil_Moisture": 711.3670482814097,
            "Soil_Temperature": 1.909835497929302,
            "Wind_Dir_Sin": 0.5710825017224884,
            "Wind_Dir_Cos": 0.5264498367537516
        },
        "R2": {
            "Temperature": 0.4774753008046232,
            "Precipitation_accumulated": -12.351766324517717,
            "Humidity": 0.18897082048322444,
            "Wind_Speed_kmh": -0.19700220696486825,
            "Soil_Moisture": -9.152971485647923,
            "Soil_Temperature": 0.5663064730128933,
            "Wind_Dir_Sin": 0.17100309882255582,
            "Wind_Dir_Cos": -0.016957239300888105
        },
        "SMAPE": {
            "Temperature": 44.670855894473014,
            "Precipitation_accumulated": 1.3089328008463366,
            "Humidity": 10.240160228193025,
            "Wind_Speed_kmh": 83.83847627018011,
            "Soil_Moisture": 8.655825883682231,
            "Soil_Temperature": 27.90171117324676,
            "Wind_Dir_Sin": 117.89390244907986,
            "Wind_Dir_Cos": 130.5561308611576
        }
    }
}