{
    "trial_number": 41,
    "overall_mae_val": 0.1368703772124044,
    "params": {
        "n_estimators": 550,
        "max_depth": 15,
        "min_samples_split": 10,
        "min_samples_leaf": 5,
        "max_features": 0.18358345090322004,
        "bootstrap": false,
        "criterion": "poisson",
        "min_weight_fraction_leaf": 0.004088676434695069,
        "n_jobs": -1
    },
    "metrics": {
        "MSE": {
            "Temperature": 17.080195963741144,
            "Precipitation_accumulated": 55.208863802118344,
            "Humidity": 145.52039242119994,
            "Wind_Speed_kmh": 1.222224829573641,
            "Soil_Moisture": 385047.2979016978,
            "Soil_Temperature": 10.470693289820842,
            "Wind_Dir_Sin": 0.5570207321949747,
            "Wind_Dir_Cos": 0.43755401104597946
        },
        "RMSE": {
            "Temperature": 4.132819372261646,
            "Precipitation_accumulated": 7.430266738288629,
            "Humidity": 12.063183345253439,
            "Wind_Speed_kmh": 1.1055427760035526,
            "Soil_Moisture": 620.5217948643688,
            "Soil_Temperature": 3.235845065793608,
            "Wind_Dir_Sin": 0.7463382156870803,
            "Wind_Dir_Cos": 0.661478655019177
        },
        "MAE": {
            "Temperature": 3.300251854279763,
            "Precipitation_accumulated": 6.432857840234468,
            "Humidity": 9.441912991945292,
            "Wind_Speed_kmh": 0.8897985744020847,
            "Soil_Moisture": 549.0371268967058,
            "Soil_Temperature": 2.514215547348773,
            "Wind_Dir_Sin": 0.6107875481922357,
            "Wind_Dir_Cos": 0.5751411521474513
        },
        "R2": {
            "Temperature": 0.44017402343231793,
            "Precipitation_accumulated": -14.70741520302912,
            "Humidity": 0.007090778343689652,
            "Wind_Speed_kmh": 0.09720001634947084,
            "Soil_Moisture": -5.393579134867807,
            "Soil_Temperature": 0.35358662753085224,
            "Wind_Dir_Sin": -0.014660220345536379,
            "Wind_Dir_Cos": -0.18204976168882725
        },
        "SMAPE": {
            "Temperature": 45.88365459593359,
            "Precipitation_accumulated": 1.3948980080485034,
            "Humidity": 11.135985563098368,
            "Wind_Speed_kmh": 74.0420070168611,
            "Soil_Moisture": 6.606324822535618,
            "Soil_Temperature": 40.6240470276907,
            "Wind_Dir_Sin": 114.20243951083702,
            "Wind_Dir_Cos": 163.83068697498445
        }
    }
}