{
    "trial_number": 27,
    "overall_mae_val": 0.17607153538277337,
    "params": {
        "n_estimators": 150,
        "max_depth": 6,
        "min_samples_split": 12,
        "min_samples_leaf": 5,
        "max_features": 0.6123608766850388,
        "bootstrap": false,
        "criterion": "squared_error",
        "min_weight_fraction_leaf": 0.07674368016721506,
        "n_jobs": -1
    },
    "metrics": {
        "MSE": {
            "Temperature": 30.70905438780248,
            "Precipitation_accumulated": 53.02647287145565,
            "Humidity": 150.1925956487624,
            "Wind_Speed_kmh": 2.1038448919911374,
            "Soil_Moisture": 2377024.6966412333,
            "Soil_Temperature": 16.57754722810534,
            "Wind_Dir_Sin": 0.687229809438163,
            "Wind_Dir_Cos": 0.38649392028585045
        },
        "RMSE": {
            "Temperature": 5.541575081851954,
            "Precipitation_accumulated": 7.281927826575573,
            "Humidity": 12.255308876105996,
            "Wind_Speed_kmh": 1.4504636817208274,
            "Soil_Moisture": 1541.7602591327982,
            "Soil_Temperature": 4.071553417076257,
            "Wind_Dir_Sin": 0.8289932505383641,
            "Wind_Dir_Cos": 0.6216863520183232
        },
        "MAE": {
            "Temperature": 4.531266268722019,
            "Precipitation_accumulated": 7.035620591356279,
            "Humidity": 10.756493982575705,
            "Wind_Speed_kmh": 1.0999950007927224,
            "Soil_Moisture": 1519.951180973588,
            "Soil_Temperature": 3.3405471085444485,
            "Wind_Dir_Sin": 0.6486126168163457,
            "Wind_Dir_Cos": 0.5474268507770319
        },
        "R2": {
            "Temperature": -0.008263975202690732,
            "Precipitation_accumulated": -14.020992521682764,
            "Humidity": -0.0266168205767503,
            "Wind_Speed_kmh": -0.5568101032855097,
            "Soil_Moisture": -38.060552301403085,
            "Soil_Temperature": -0.02394478337529171,
            "Wind_Dir_Sin": -0.2519045228182313,
            "Wind_Dir_Cos": -0.044812366067221276
        },
        "SMAPE": {
            "Temperature": 56.57406264985768,
            "Precipitation_accumulated": 1.5256164527727716,
            "Humidity": 12.594215067593623,
            "Wind_Speed_kmh": 96.39317525935594,
            "Soil_Moisture": 19.422813136859073,
            "Soil_Temperature": 47.21745837620415,
            "Wind_Dir_Sin": 105.42945149956616,
            "Wind_Dir_Cos": 153.2014934962617
        }
    }
}