{
    "trial_number": 17,
    "overall_mae_val": 0.13816431233106446,
    "params": {
        "n_estimators": 200,
        "max_depth": 12,
        "min_samples_split": 16,
        "min_samples_leaf": 3,
        "max_features": 0.28316356016072,
        "bootstrap": false,
        "criterion": "squared_error",
        "min_weight_fraction_leaf": 0.003488047590030463,
        "n_jobs": -1
    },
    "metrics": {
        "MSE": {
            "Temperature": 20.223090891555078,
            "Precipitation_accumulated": 43.64519790663446,
            "Humidity": 138.4557128639236,
            "Wind_Speed_kmh": 1.393989379168605,
            "Soil_Moisture": 605291.4743505861,
            "Soil_Temperature": 10.750480681857049,
            "Wind_Dir_Sin": 0.5039381930526072,
            "Wind_Dir_Cos": 0.383013641875721
        },
        "RMSE": {
            "Temperature": 4.497009105122546,
            "Precipitation_accumulated": 6.606451233955675,
            "Humidity": 11.766720565387944,
            "Wind_Speed_kmh": 1.1806732736742223,
            "Soil_Moisture": 778.0048035523856,
            "Soil_Temperature": 3.2787925646275715,
            "Wind_Dir_Sin": 0.7098860423001759,
            "Wind_Dir_Cos": 0.618880959374031
        },
        "MAE": {
            "Temperature": 3.567360574299327,
            "Precipitation_accumulated": 5.8317653098456566,
            "Humidity": 9.308393723675506,
            "Wind_Speed_kmh": 0.9273293762963859,
            "Soil_Moisture": 695.9036577124498,
            "Soil_Temperature": 2.427769626578438,
            "Wind_Dir_Sin": 0.5883674290782467,
            "Wind_Dir_Cos": 0.5385611486437609
        },
        "R2": {
            "Temperature": 0.3371614920803261,
            "Precipitation_accumulated": -11.417448900869797,
            "Humidity": 0.05529423191989513,
            "Wind_Speed_kmh": -0.029674375999576563,
            "Soil_Moisture": -9.050658612618756,
            "Soil_Temperature": 0.336313816012603,
            "Wind_Dir_Sin": 0.0820340995417208,
            "Wind_Dir_Cos": -0.03470925342560838
        },
        "SMAPE": {
            "Temperature": 48.412077772967,
            "Precipitation_accumulated": 1.263234478155041,
            "Humidity": 10.988121188407572,
            "Wind_Speed_kmh": 78.40295503441203,
            "Soil_Moisture": 8.462670565464045,
            "Soil_Temperature": 35.75414994860294,
            "Wind_Dir_Sin": 114.39062225509203,
            "Wind_Dir_Cos": 156.11379285705482
        }
    }
}