{
    "trial_number": 20,
    "overall_mae_val": 0.22311198135817584,
    "params": {
        "n_estimators": 800,
        "max_depth": 10,
        "min_samples_split": 17,
        "min_samples_leaf": 5,
        "max_features": 0.8012089922115274,
        "bootstrap": false,
        "criterion": "squared_error",
        "min_weight_fraction_leaf": 0.1982350038504579,
        "n_jobs": -1
    },
    "metrics": {
        "MSE": {
            "Temperature": 20.27882334323513,
            "Precipitation_accumulated": 41.571579475690854,
            "Humidity": 129.2681685546266,
            "Wind_Speed_kmh": 3.101444710831526,
            "Soil_Moisture": 4339534.907201403,
            "Soil_Temperature": 14.55991276971826,
            "Wind_Dir_Sin": 0.5658200915225037,
            "Wind_Dir_Cos": 1.4127151680416568
        },
        "RMSE": {
            "Temperature": 4.503201454880197,
            "Precipitation_accumulated": 6.447602614591787,
            "Humidity": 11.369616024942381,
            "Wind_Speed_kmh": 1.7610919086837933,
            "Soil_Moisture": 2083.1550367654836,
            "Soil_Temperature": 3.815745375377956,
            "Wind_Dir_Sin": 0.7522101378753836,
            "Wind_Dir_Cos": 1.188576950828871
        },
        "MAE": {
            "Temperature": 3.704268438762849,
            "Precipitation_accumulated": 6.094340759949101,
            "Humidity": 9.689234458962625,
            "Wind_Speed_kmh": 1.3526253200792984,
            "Soil_Moisture": 2067.814093896105,
            "Soil_Temperature": 3.09611239726019,
            "Wind_Dir_Sin": 0.6960754755216355,
            "Wind_Dir_Cos": 1.0255845646139723
        },
        "R2": {
            "Temperature": 0.3364593816452397,
            "Precipitation_accumulated": -10.931949368397365,
            "Humidity": 0.11843589182437941,
            "Wind_Speed_kmh": -1.284420477855075,
            "Soil_Moisture": -72.49848038182284,
            "Soil_Temperature": 0.10134491161752013,
            "Wind_Dir_Sin": -0.03147151302970519,
            "Wind_Dir_Cos": -2.8169576331001256
        },
        "SMAPE": {
            "Temperature": 49.686555583309016,
            "Precipitation_accumulated": 1.3200582417197078,
            "Humidity": 11.378090269465986,
            "Wind_Speed_kmh": 140.70424230193277,
            "Soil_Moisture": 27.3843256280329,
            "Soil_Temperature": 44.23875083556252,
            "Wind_Dir_Sin": 177.20677680778604,
            "Wind_Dir_Cos": 150.41352168840933
        }
    }
}