{
    "trial_number": 59,
    "overall_mae_val": 0.17608871348048075,
    "params": {
        "n_estimators": 600,
        "max_depth": 6,
        "min_samples_split": 12,
        "min_samples_leaf": 5,
        "max_features": 0.9773537803396349,
        "bootstrap": false,
        "criterion": "poisson",
        "min_weight_fraction_leaf": 0.05704044835111756,
        "n_jobs": -1
    },
    "metrics": {
        "MSE": {
            "Temperature": 30.48030461114824,
            "Precipitation_accumulated": 52.127695174064506,
            "Humidity": 154.2008501166999,
            "Wind_Speed_kmh": 2.102114103362218,
            "Soil_Moisture": 2358990.901312141,
            "Soil_Temperature": 16.484392107164783,
            "Wind_Dir_Sin": 0.7016493010701063,
            "Wind_Dir_Cos": 0.3912482045359171
        },
        "RMSE": {
            "Temperature": 5.520897083912019,
            "Precipitation_accumulated": 7.219951189174655,
            "Humidity": 12.417763490931042,
            "Wind_Speed_kmh": 1.4498669260874317,
            "Soil_Moisture": 1535.9006808098436,
            "Soil_Temperature": 4.06009754897155,
            "Wind_Dir_Sin": 0.8376450925482142,
            "Wind_Dir_Cos": 0.6254983649346472
        },
        "MAE": {
            "Temperature": 4.508820017170616,
            "Precipitation_accumulated": 6.962472305900723,
            "Humidity": 10.918014570445447,
            "Wind_Speed_kmh": 1.1009159131749227,
            "Soil_Moisture": 1509.7213615662984,
            "Soil_Temperature": 3.326893799195636,
            "Wind_Dir_Sin": 0.6524650954868879,
            "Wind_Dir_Cos": 0.5463530879364988
        },
        "R2": {
            "Temperature": -0.00206952270728622,
            "Precipitation_accumulated": -13.682249752656483,
            "Humidity": -0.055758037815424766,
            "Wind_Speed_kmh": -0.5590976959396396,
            "Soil_Moisture": -37.2818455507148,
            "Soil_Temperature": -0.01613035050362055,
            "Wind_Dir_Sin": -0.2804429768510004,
            "Wind_Dir_Cos": -0.056307800854553
        },
        "SMAPE": {
            "Temperature": 56.29420633121242,
            "Precipitation_accumulated": 1.5096588850078672,
            "Humidity": 12.784868117172476,
            "Wind_Speed_kmh": 97.34170317038233,
            "Soil_Moisture": 19.296135324596843,
            "Soil_Temperature": 47.14419211061921,
            "Wind_Dir_Sin": 105.80957902911442,
            "Wind_Dir_Cos": 144.57792923215334
        }
    }
}