{
    "trial_number": 38,
    "overall_mae_val": 0.13405340255261106,
    "params": {
        "n_estimators": 500,
        "max_depth": 14,
        "min_samples_split": 9,
        "min_samples_leaf": 5,
        "max_features": 0.18077734702372852,
        "bootstrap": false,
        "criterion": "poisson",
        "min_weight_fraction_leaf": 0.0007765039077370087,
        "n_jobs": -1
    },
    "metrics": {
        "MSE": {
            "Temperature": 15.21769222687988,
            "Precipitation_accumulated": 75.81503560732668,
            "Humidity": 133.20546312779217,
            "Wind_Speed_kmh": 1.190631676536158,
            "Soil_Moisture": 426802.4181266791,
            "Soil_Temperature": 10.441191533632592,
            "Wind_Dir_Sin": 0.495554979220429,
            "Wind_Dir_Cos": 0.40417616857193217
        },
        "RMSE": {
            "Temperature": 3.900986058278071,
            "Precipitation_accumulated": 8.707182989194994,
            "Humidity": 11.541467113317621,
            "Wind_Speed_kmh": 1.0911607015174978,
            "Soil_Moisture": 653.3011695433272,
            "Soil_Temperature": 3.2312832642206706,
            "Wind_Dir_Sin": 0.703956660044089,
            "Wind_Dir_Cos": 0.6357485104755907
        },
        "MAE": {
            "Temperature": 3.083935756573748,
            "Precipitation_accumulated": 7.466746687120859,
            "Humidity": 8.878441258811081,
            "Wind_Speed_kmh": 0.8521869731147637,
            "Soil_Moisture": 579.573233533795,
            "Soil_Temperature": 2.6354499402834604,
            "Wind_Dir_Sin": 0.5977099798172243,
            "Wind_Dir_Cos": 0.5548604461697744
        },
        "R2": {
            "Temperature": 0.5006608308669397,
            "Precipitation_accumulated": -20.50742832014833,
            "Humidity": 0.09004545826750743,
            "Wind_Speed_kmh": 0.11947909770495435,
            "Soil_Moisture": -6.038099702535162,
            "Soil_Temperature": 0.35514566761122535,
            "Wind_Dir_Sin": 0.09726306265108109,
            "Wind_Dir_Cos": -0.09199632893087561
        },
        "SMAPE": {
            "Temperature": 43.442389373335594,
            "Precipitation_accumulated": 1.6218725675421777,
            "Humidity": 10.529934523006137,
            "Wind_Speed_kmh": 73.15876848370658,
            "Soil_Moisture": 6.987334612776495,
            "Soil_Temperature": 42.9779758677638,
            "Wind_Dir_Sin": 121.27110830850657,
            "Wind_Dir_Cos": 161.8212976851264
        }
    }
}