{
    "trial_number": 5,
    "overall_mae_val": 0.24507352609545313,
    "params": {
        "n_estimators": 700,
        "max_depth": 12,
        "min_samples_split": 10,
        "min_samples_leaf": 6,
        "max_features": 0.18512027788271523,
        "bootstrap": true,
        "criterion": "squared_error",
        "min_weight_fraction_leaf": 0.3546735191417445,
        "n_jobs": -1
    },
    "metrics": {
        "MSE": {
            "Temperature": 36.37269506817072,
            "Precipitation_accumulated": 113.40257924869373,
            "Humidity": 147.2497251610401,
            "Wind_Speed_kmh": 3.298481890150942,
            "Soil_Moisture": 5501267.141053695,
            "Soil_Temperature": 30.247788142760548,
            "Wind_Dir_Sin": 0.5621596958628338,
            "Wind_Dir_Cos": 1.5068947234996997
        },
        "RMSE": {
            "Temperature": 6.030977952883821,
            "Precipitation_accumulated": 10.649064712391118,
            "Humidity": 12.134649774964258,
            "Wind_Speed_kmh": 1.8161723184078493,
            "Soil_Moisture": 2345.478019733652,
            "Soil_Temperature": 5.499798918393339,
            "Wind_Dir_Sin": 0.7497730962516819,
            "Wind_Dir_Cos": 1.227556403388333
        },
        "MAE": {
            "Temperature": 5.065575154998927,
            "Precipitation_accumulated": 10.484939957536463,
            "Humidity": 10.628715578110784,
            "Wind_Speed_kmh": 1.4093076694529323,
            "Soil_Moisture": 2332.973321601885,
            "Soil_Temperature": 4.672821484390001,
            "Wind_Dir_Sin": 0.6928239183733965,
            "Wind_Dir_Cos": 1.0717445221275612
        },
        "R2": {
            "Temperature": -0.1906763087113852,
            "Precipitation_accumulated": -31.693923559152296,
            "Humidity": -0.0043937385732404355,
            "Wind_Speed_kmh": -1.4426126988592038,
            "Soil_Moisture": -93.03454027738219,
            "Soil_Temperature": -0.868159770751233,
            "Wind_Dir_Sin": -0.02357398867111371,
            "Wind_Dir_Cos": -3.084102240149468
        },
        "SMAPE": {
            "Temperature": 59.46559813838302,
            "Precipitation_accumulated": 2.2824043792339457,
            "Humidity": 12.44963830706062,
            "Wind_Speed_kmh": 158.00082119346587,
            "Soil_Moisture": 31.45066347694529,
            "Soil_Temperature": 57.303916436512885,
            "Wind_Dir_Sin": 172.23540507753353,
            "Wind_Dir_Cos": 152.22609970879003
        }
    }
}