{
    "trial_number": 23,
    "overall_mae_val": 0.13480670123789068,
    "params": {
        "n_estimators": 250,
        "max_depth": 8,
        "min_samples_split": 18,
        "min_samples_leaf": 4,
        "max_features": 0.4238142664858209,
        "bootstrap": false,
        "criterion": "squared_error",
        "min_weight_fraction_leaf": 0.005713672102944796,
        "n_jobs": -1
    },
    "metrics": {
        "MSE": {
            "Temperature": 19.27637702683744,
            "Precipitation_accumulated": 42.58805418772947,
            "Humidity": 134.3468828578138,
            "Wind_Speed_kmh": 1.486841932919854,
            "Soil_Moisture": 601472.4156496697,
            "Soil_Temperature": 9.22319501632921,
            "Wind_Dir_Sin": 0.4803329297670588,
            "Wind_Dir_Cos": 0.3450782938351273
        },
        "RMSE": {
            "Temperature": 4.390487105873042,
            "Precipitation_accumulated": 6.52595235867758,
            "Humidity": 11.590810276154718,
            "Wind_Speed_kmh": 1.2193612807203016,
            "Soil_Moisture": 775.546527069569,
            "Soil_Temperature": 3.0369713558624833,
            "Wind_Dir_Sin": 0.6930605527420088,
            "Wind_Dir_Cos": 0.5874336505811761
        },
        "MAE": {
            "Temperature": 3.5121651599478505,
            "Precipitation_accumulated": 5.766768475416787,
            "Humidity": 9.17105077132879,
            "Wind_Speed_kmh": 0.9550560087316368,
            "Soil_Moisture": 699.4969889531649,
            "Soil_Temperature": 2.2215957687947494,
            "Wind_Dir_Sin": 0.5722987495385352,
            "Wind_Dir_Cos": 0.5067111811894274
        },
        "R2": {
            "Temperature": 0.3662016547769946,
            "Precipitation_accumulated": -11.01235849721584,
            "Humidity": 0.08018438222558932,
            "Wind_Speed_kmh": -0.10215427754872097,
            "Soil_Moisture": -8.78841226935519,
            "Soil_Temperature": 0.43091189207280933,
            "Wind_Dir_Sin": 0.12370782636068867,
            "Wind_Dir_Cos": 0.06810426691800908
        },
        "SMAPE": {
            "Temperature": 48.02543792988299,
            "Precipitation_accumulated": 1.2490627476722407,
            "Humidity": 10.83349639481747,
            "Wind_Speed_kmh": 80.5259688934931,
            "Soil_Moisture": 8.50347392206514,
            "Soil_Temperature": 31.870356790013354,
            "Wind_Dir_Sin": 112.54172047534034,
            "Wind_Dir_Cos": 137.53868742520464
        }
    }
}