{
    "trial_number": 24,
    "overall_mae_val": 0.1929892723902879,
    "params": {
        "n_estimators": 350,
        "max_depth": 8,
        "min_samples_split": 18,
        "min_samples_leaf": 6,
        "max_features": 0.426677921101175,
        "bootstrap": false,
        "criterion": "squared_error",
        "min_weight_fraction_leaf": 0.10907482099524561,
        "n_jobs": -1
    },
    "metrics": {
        "MSE": {
            "Temperature": 30.423866028844195,
            "Precipitation_accumulated": 113.04225733753375,
            "Humidity": 168.87274820496282,
            "Wind_Speed_kmh": 2.4002734164509985,
            "Soil_Moisture": 3403744.121031883,
            "Soil_Temperature": 16.33406497226358,
            "Wind_Dir_Sin": 0.6026197735751749,
            "Wind_Dir_Cos": 0.5443232533589057
        },
        "RMSE": {
            "Temperature": 5.5157833558656195,
            "Precipitation_accumulated": 10.632133244910627,
            "Humidity": 12.9951047785296,
            "Wind_Speed_kmh": 1.549281580749929,
            "Soil_Moisture": 1844.92387946817,
            "Soil_Temperature": 4.041542400156601,
            "Wind_Dir_Sin": 0.7762858839211073,
            "Wind_Dir_Cos": 0.7377826599744032
        },
        "MAE": {
            "Temperature": 4.446051046166785,
            "Precipitation_accumulated": 10.464287767459084,
            "Humidity": 11.417731408923645,
            "Wind_Speed_kmh": 1.172134802959081,
            "Soil_Moisture": 1827.7437658781607,
            "Soil_Temperature": 3.306151332903289,
            "Wind_Dir_Sin": 0.6470053142355867,
            "Wind_Dir_Cos": 0.6396041821117845
        },
        "R2": {
            "Temperature": -0.00032261858759863316,
            "Precipitation_accumulated": -30.884624605935265,
            "Humidity": -0.15619944364325877,
            "Wind_Speed_kmh": -0.7792554505325153,
            "Soil_Moisture": -54.39281577870375,
            "Soil_Temperature": -0.007841871864144645,
            "Wind_Dir_Sin": -0.09938536073367232,
            "Wind_Dir_Cos": -0.46996355981993077
        },
        "SMAPE": {
            "Temperature": 56.26065033416491,
            "Precipitation_accumulated": 2.2779939432444922,
            "Humidity": 13.380364061767976,
            "Wind_Speed_kmh": 106.50363737955612,
            "Soil_Moisture": 23.832616192950177,
            "Soil_Temperature": 47.0255005670239,
            "Wind_Dir_Sin": 115.5795196617226,
            "Wind_Dir_Cos": 159.39661901041873
        }
    }
}