{
    "trial_number": 32,
    "overall_mae_val": 0.13664091123187933,
    "params": {
        "n_estimators": 150,
        "max_depth": 16,
        "min_samples_split": 19,
        "min_samples_leaf": 5,
        "max_features": 0.3300263629788661,
        "bootstrap": false,
        "criterion": "squared_error",
        "min_weight_fraction_leaf": 0.0027405173358434885,
        "n_jobs": -1
    },
    "metrics": {
        "MSE": {
            "Temperature": 20.298094183770537,
            "Precipitation_accumulated": 43.382306759520986,
            "Humidity": 138.61583627352448,
            "Wind_Speed_kmh": 1.359723942531514,
            "Soil_Moisture": 532477.591822088,
            "Soil_Temperature": 11.90402256504481,
            "Wind_Dir_Sin": 0.4893749531676182,
            "Wind_Dir_Cos": 0.37374993109854304
        },
        "RMSE": {
            "Temperature": 4.50534062905021,
            "Precipitation_accumulated": 6.586524634397186,
            "Humidity": 11.77352267902536,
            "Wind_Speed_kmh": 1.1660720142990801,
            "Soil_Moisture": 729.7106219742782,
            "Soil_Temperature": 3.4502206545444034,
            "Wind_Dir_Sin": 0.6995533955086046,
            "Wind_Dir_Cos": 0.6113509066800695
        },
        "MAE": {
            "Temperature": 3.572482183421057,
            "Precipitation_accumulated": 5.798398685583003,
            "Humidity": 9.240241885944716,
            "Wind_Speed_kmh": 0.9142345442316959,
            "Soil_Moisture": 655.9578754888322,
            "Soil_Temperature": 2.5871194200450516,
            "Wind_Dir_Sin": 0.5861913379628828,
            "Wind_Dir_Cos": 0.5325924836912015
        },
        "R2": {
            "Temperature": 0.3343586091550922,
            "Precipitation_accumulated": -11.324683768285487,
            "Humidity": 0.053629076911935636,
            "Wind_Speed_kmh": -0.004967151836505979,
            "Soil_Moisture": -7.811316506870657,
            "Soil_Temperature": 0.2649468752587465,
            "Wind_Dir_Sin": 0.10840957504163917,
            "Wind_Dir_Cos": -0.009245000556180605
        },
        "SMAPE": {
            "Temperature": 48.45030014089712,
            "Precipitation_accumulated": 1.2560155572582126,
            "Humidity": 10.919128723704743,
            "Wind_Speed_kmh": 77.29963263056666,
            "Soil_Moisture": 7.948638031923753,
            "Soil_Temperature": 37.6979212418835,
            "Wind_Dir_Sin": 116.13224282458718,
            "Wind_Dir_Cos": 153.16289237692746
        }
    }
}