{
    "trial_number": 7,
    "overall_mae_val": 0.13147010661034764,
    "params": {
        "n_estimators": 800,
        "max_depth": 7,
        "min_samples_split": 20,
        "min_samples_leaf": 5,
        "max_features": 0.48852755754703836,
        "bootstrap": true,
        "criterion": "squared_error",
        "min_weight_fraction_leaf": 0.0008024524519354981,
        "n_jobs": -1
    },
    "metrics": {
        "MSE": {
            "Temperature": 17.116494134208963,
            "Precipitation_accumulated": 49.91427330067667,
            "Humidity": 123.55202129145559,
            "Wind_Speed_kmh": 1.3439738442245492,
            "Soil_Moisture": 588087.656792923,
            "Soil_Temperature": 8.942460968542838,
            "Wind_Dir_Sin": 0.4656436399046437,
            "Wind_Dir_Cos": 0.3381342512759025
        },
        "RMSE": {
            "Temperature": 4.137208495375712,
            "Precipitation_accumulated": 7.065003418306085,
            "Humidity": 11.115395687579259,
            "Wind_Speed_kmh": 1.1592988588903852,
            "Soil_Moisture": 766.8687350472198,
            "Soil_Temperature": 2.99039478473041,
            "Wind_Dir_Sin": 0.6823808613264617,
            "Wind_Dir_Cos": 0.5814931222945827
        },
        "MAE": {
            "Temperature": 3.255581957583871,
            "Precipitation_accumulated": 6.1835897741774986,
            "Humidity": 8.71505540088381,
            "Wind_Speed_kmh": 0.8928414013537945,
            "Soil_Moisture": 691.9046090852299,
            "Soil_Temperature": 2.2124650706323794,
            "Wind_Dir_Sin": 0.5668351196852273,
            "Wind_Dir_Cos": 0.5013886271543952
        },
        "R2": {
            "Temperature": 0.4372786845045017,
            "Precipitation_accumulated": -13.058818913357799,
            "Humidity": 0.15408352503842648,
            "Wind_Speed_kmh": 0.0032003873708963404,
            "Soil_Moisture": -8.543521696122694,
            "Soil_Temperature": 0.4487691181295711,
            "Wind_Dir_Sin": 0.15024481956739788,
            "Wind_Dir_Cos": 0.08709140842572116
        },
        "SMAPE": {
            "Temperature": 45.12856265696427,
            "Precipitation_accumulated": 1.3403451652731548,
            "Humidity": 10.343647067108812,
            "Wind_Speed_kmh": 76.93701943121084,
            "Soil_Moisture": 8.40401807310128,
            "Soil_Temperature": 31.49057221979708,
            "Wind_Dir_Sin": 113.31880675606823,
            "Wind_Dir_Cos": 133.813230875208
        }
    }
}