{
    "trial_number": 3,
    "overall_mae_val": 0.15564800158876063,
    "params": {
        "n_estimators": 400,
        "max_depth": 7,
        "min_samples_split": 2,
        "min_samples_leaf": 6,
        "max_features": 0.12384702922153905,
        "bootstrap": false,
        "criterion": "squared_error",
        "min_weight_fraction_leaf": 0.029575185364909384,
        "n_jobs": -1
    },
    "metrics": {
        "MSE": {
            "Temperature": 23.1410744355979,
            "Precipitation_accumulated": 941.920773039279,
            "Humidity": 116.89169077413531,
            "Wind_Speed_kmh": 1.6853299223922291,
            "Soil_Moisture": 813093.9283243233,
            "Soil_Temperature": 9.859574529026336,
            "Wind_Dir_Sin": 0.5312009498209102,
            "Wind_Dir_Cos": 0.40541911562580396
        },
        "RMSE": {
            "Temperature": 4.810517065305755,
            "Precipitation_accumulated": 30.690727802371825,
            "Humidity": 10.811646071442373,
            "Wind_Speed_kmh": 1.2982025737119107,
            "Soil_Moisture": 901.7172108395865,
            "Soil_Temperature": 3.1399959441098546,
            "Wind_Dir_Sin": 0.7288353379336859,
            "Wind_Dir_Cos": 0.6367253062552202
        },
        "MAE": {
            "Temperature": 3.8854550702149444,
            "Precipitation_accumulated": 28.924915646658427,
            "Humidity": 8.982538316974606,
            "Wind_Speed_kmh": 1.0130909645586852,
            "Soil_Moisture": 845.8073167079007,
            "Soil_Temperature": 2.493119605512685,
            "Wind_Dir_Sin": 0.6436750619017374,
            "Wind_Dir_Cos": 0.5621624903601949
        },
        "R2": {
            "Temperature": 0.23981765211588235,
            "Precipitation_accumulated": -265.43774464318847,
            "Humidity": 0.20054504381132765,
            "Wind_Speed_kmh": -0.24786638726163335,
            "Soil_Moisture": -12.316030155384507,
            "Soil_Temperature": 0.39104598868820906,
            "Wind_Dir_Sin": 0.03178149855083501,
            "Wind_Dir_Cos": -0.09553244200730737
        },
        "SMAPE": {
            "Temperature": 51.12561291019614,
            "Precipitation_accumulated": 6.445925640794724,
            "Humidity": 10.608871586294779,
            "Wind_Speed_kmh": 85.29901401337747,
            "Soil_Moisture": 10.357409960476755,
            "Soil_Temperature": 37.44076916175384,
            "Wind_Dir_Sin": 130.87564282279527,
            "Wind_Dir_Cos": 175.95101083477746
        }
    }
}