{
    "trial_number": 25,
    "overall_mae_val": 0.17570051021575772,
    "params": {
        "n_estimators": 300,
        "max_depth": 6,
        "min_samples_split": 20,
        "min_samples_leaf": 4,
        "max_features": 0.5646627379997179,
        "bootstrap": false,
        "criterion": "squared_error",
        "min_weight_fraction_leaf": 0.05254821980577354,
        "n_jobs": -1
    },
    "metrics": {
        "MSE": {
            "Temperature": 30.639738557901513,
            "Precipitation_accumulated": 45.71472278649563,
            "Humidity": 149.73967655333684,
            "Wind_Speed_kmh": 2.1050787257077905,
            "Soil_Moisture": 2362650.8575542853,
            "Soil_Temperature": 16.496244652885164,
            "Wind_Dir_Sin": 0.6967917134005512,
            "Wind_Dir_Cos": 0.3859639850976326
        },
        "RMSE": {
            "Temperature": 5.5353173854713615,
            "Precipitation_accumulated": 6.761266359676686,
            "Humidity": 12.236816438654984,
            "Wind_Speed_kmh": 1.4508889432716037,
            "Soil_Moisture": 1537.091688076637,
            "Soil_Temperature": 4.061556924737749,
            "Wind_Dir_Sin": 0.8347405066249938,
            "Wind_Dir_Cos": 0.6212599979860546
        },
        "MAE": {
            "Temperature": 4.522198118480766,
            "Precipitation_accumulated": 6.494914998379423,
            "Humidity": 10.734309564693998,
            "Wind_Speed_kmh": 1.1005161356283595,
            "Soil_Moisture": 1514.9633936570672,
            "Soil_Temperature": 3.328601734734277,
            "Wind_Dir_Sin": 0.6497587775763792,
            "Wind_Dir_Cos": 0.5462427883418592
        },
        "R2": {
            "Temperature": -0.006512833287954711,
            "Precipitation_accumulated": -11.931159376516424,
            "Humidity": -0.02411151524845767,
            "Wind_Speed_kmh": -0.5586603842063342,
            "Soil_Moisture": -37.693106626284944,
            "Soil_Temperature": -0.018852722638440733,
            "Wind_Dir_Sin": -0.27004032804973166,
            "Wind_Dir_Cos": -0.04296036083101984
        },
        "SMAPE": {
            "Temperature": 56.50875270374141,
            "Precipitation_accumulated": 1.4074839569165412,
            "Humidity": 12.567998335352575,
            "Wind_Speed_kmh": 96.52908103354635,
            "Soil_Moisture": 19.35406149092278,
            "Soil_Temperature": 47.1306762258705,
            "Wind_Dir_Sin": 104.88982247627337,
            "Wind_Dir_Cos": 149.56486432224932
        }
    }
}