{
    "trial_number": 39,
    "overall_mae_val": 0.1747149696951128,
    "params": {
        "n_estimators": 700,
        "max_depth": 14,
        "min_samples_split": 7,
        "min_samples_leaf": 4,
        "max_features": 0.4669310394383882,
        "bootstrap": true,
        "criterion": "poisson",
        "min_weight_fraction_leaf": 0.0606957502810805,
        "n_jobs": -1
    },
    "metrics": {
        "MSE": {
            "Temperature": 30.947293868226435,
            "Precipitation_accumulated": 55.37816545259686,
            "Humidity": 150.46020009353472,
            "Wind_Speed_kmh": 2.0824054197678903,
            "Soil_Moisture": 2214256.2931976505,
            "Soil_Temperature": 16.78069706058685,
            "Wind_Dir_Sin": 0.679025965616874,
            "Wind_Dir_Cos": 0.38549592924388404
        },
        "RMSE": {
            "Temperature": 5.5630291989370715,
            "Precipitation_accumulated": 7.441650720948737,
            "Humidity": 12.266221916039784,
            "Wind_Speed_kmh": 1.443054198485937,
            "Soil_Moisture": 1488.0377324509116,
            "Soil_Temperature": 4.096424912113836,
            "Wind_Dir_Sin": 0.8240303183845082,
            "Wind_Dir_Cos": 0.6208831848616002
        },
        "MAE": {
            "Temperature": 4.568876776749456,
            "Precipitation_accumulated": 7.200159026284867,
            "Humidity": 10.78386987817563,
            "Wind_Speed_kmh": 1.0953111699558384,
            "Soil_Moisture": 1466.3106032822031,
            "Soil_Temperature": 3.364491052883988,
            "Wind_Dir_Sin": 0.6481331932045267,
            "Wind_Dir_Cos": 0.5469065473704281
        },
        "R2": {
            "Temperature": -0.015475656668951343,
            "Precipitation_accumulated": -14.70983795538758,
            "Humidity": -0.027825279911706913,
            "Wind_Speed_kmh": -0.5400241193754534,
            "Soil_Moisture": -35.51374944615582,
            "Soil_Temperature": -0.0363860451335134,
            "Wind_Dir_Sin": -0.2369602693643953,
            "Wind_Dir_Cos": -0.04152637459919584
        },
        "SMAPE": {
            "Temperature": 56.704048709749294,
            "Precipitation_accumulated": 1.5615859989869423,
            "Humidity": 12.625468992060126,
            "Wind_Speed_kmh": 95.79509911120431,
            "Soil_Moisture": 18.669198483045225,
            "Soil_Temperature": 47.357520288316906,
            "Wind_Dir_Sin": 106.14333739762992,
            "Wind_Dir_Cos": 151.48359969450743
        }
    }
}