{
    "trial_number": 21,
    "overall_mae_val": 0.13921912827889454,
    "params": {
        "n_estimators": 200,
        "max_depth": 12,
        "min_samples_split": 16,
        "min_samples_leaf": 3,
        "max_features": 0.2754295166970906,
        "bootstrap": false,
        "criterion": "squared_error",
        "min_weight_fraction_leaf": 0.00947773234941085,
        "n_jobs": -1
    },
    "metrics": {
        "MSE": {
            "Temperature": 22.525764948938996,
            "Precipitation_accumulated": 38.591736871312044,
            "Humidity": 155.6346141301695,
            "Wind_Speed_kmh": 1.4454341383250373,
            "Soil_Moisture": 465564.3810188663,
            "Soil_Temperature": 13.933753003851567,
            "Wind_Dir_Sin": 0.5074185800167174,
            "Wind_Dir_Cos": 0.3832780092541337
        },
        "RMSE": {
            "Temperature": 4.746131577288918,
            "Precipitation_accumulated": 6.212224792400227,
            "Humidity": 12.475360280575847,
            "Wind_Speed_kmh": 1.202262092193311,
            "Soil_Moisture": 682.3227835994239,
            "Soil_Temperature": 3.7327942621917387,
            "Wind_Dir_Sin": 0.7123331945211576,
            "Wind_Dir_Cos": 0.6190945075302589
        },
        "MAE": {
            "Temperature": 3.753218041432135,
            "Precipitation_accumulated": 5.529595940221389,
            "Humidity": 9.836234607038419,
            "Wind_Speed_kmh": 0.9663958624091816,
            "Soil_Moisture": 619.8826080662848,
            "Soil_Temperature": 2.7631018981807167,
            "Wind_Dir_Sin": 0.5930692440367337,
            "Wind_Dir_Cos": 0.5396571668885712
        },
        "R2": {
            "Temperature": 0.2613059445528716,
            "Precipitation_accumulated": -9.963708215064399,
            "Humidity": -0.06256310533080933,
            "Wind_Speed_kmh": -0.06831525409143868,
            "Soil_Moisture": -6.70405211127307,
            "Soil_Temperature": 0.13961447662835746,
            "Wind_Dir_Sin": 0.07553595773440402,
            "Wind_Dir_Cos": -0.03497387551590059
        },
        "SMAPE": {
            "Temperature": 50.43875599060885,
            "Precipitation_accumulated": 1.1971962337618183,
            "Humidity": 11.562591637164983,
            "Wind_Speed_kmh": 79.34399131040874,
            "Soil_Moisture": 7.486029284803861,
            "Soil_Temperature": 40.13156726573991,
            "Wind_Dir_Sin": 116.15726008162086,
            "Wind_Dir_Cos": 158.16278366645787
        }
    }
}