{
    "trial_number": 40,
    "overall_mae_val": 0.18782185410761001,
    "params": {
        "n_estimators": 450,
        "max_depth": 11,
        "min_samples_split": 8,
        "min_samples_leaf": 1,
        "max_features": 0.5914066258122995,
        "bootstrap": false,
        "criterion": "poisson",
        "min_weight_fraction_leaf": 0.08935482513867526,
        "n_jobs": -1
    },
    "metrics": {
        "MSE": {
            "Temperature": 47.13447062224673,
            "Precipitation_accumulated": 70.03321713833179,
            "Humidity": 145.34565729932245,
            "Wind_Speed_kmh": 2.2220768412457548,
            "Soil_Moisture": 1701617.306217035,
            "Soil_Temperature": 32.496007146195716,
            "Wind_Dir_Sin": 0.5521109076077505,
            "Wind_Dir_Cos": 0.6513464378006469
        },
        "RMSE": {
            "Temperature": 6.865454873658899,
            "Precipitation_accumulated": 8.368585133601247,
            "Humidity": 12.055938673505372,
            "Wind_Speed_kmh": 1.4906632219404068,
            "Soil_Moisture": 1304.4605422231195,
            "Soil_Temperature": 5.700526918294107,
            "Wind_Dir_Sin": 0.7430416594025873,
            "Wind_Dir_Cos": 0.8070603681266024
        },
        "MAE": {
            "Temperature": 5.838384569707847,
            "Precipitation_accumulated": 8.15349200360992,
            "Humidity": 10.471437177309488,
            "Wind_Speed_kmh": 1.1307477026668915,
            "Soil_Moisture": 1280.164192167866,
            "Soil_Temperature": 4.850556000326773,
            "Wind_Dir_Sin": 0.6628418060940463,
            "Wind_Dir_Cos": 0.6919813588112209
        },
        "R2": {
            "Temperature": -0.5492035070289645,
            "Precipitation_accumulated": -18.781702006030613,
            "Humidity": 0.005365252041886537,
            "Wind_Speed_kmh": -0.6461979830284681,
            "Soil_Moisture": -26.77694241906699,
            "Soil_Temperature": -1.0064249493976192,
            "Wind_Dir_Sin": -0.006632895499503189,
            "Wind_Dir_Cos": -0.7596355404834672
        },
        "SMAPE": {
            "Temperature": 63.897133089704894,
            "Precipitation_accumulated": 1.7703066642791485,
            "Humidity": 12.260386290443709,
            "Wind_Speed_kmh": 100.47259229349545,
            "Soil_Moisture": 16.10108384712226,
            "Soil_Temperature": 58.71766265381495,
            "Wind_Dir_Sin": 136.35413964652602,
            "Wind_Dir_Cos": 152.47820520959493
        }
    }
}