{
    "trial_number": 30,
    "overall_mae_val": 0.17625062885135495,
    "params": {
        "n_estimators": 400,
        "max_depth": 6,
        "min_samples_split": 13,
        "min_samples_leaf": 6,
        "max_features": 0.317178723250636,
        "bootstrap": false,
        "criterion": "squared_error",
        "min_weight_fraction_leaf": 0.06675890285650998,
        "n_jobs": -1
    },
    "metrics": {
        "MSE": {
            "Temperature": 30.309985001302802,
            "Precipitation_accumulated": 122.21557073668265,
            "Humidity": 148.5318639263383,
            "Wind_Speed_kmh": 2.102766516556839,
            "Soil_Moisture": 2292285.235743307,
            "Soil_Temperature": 16.378468777928305,
            "Wind_Dir_Sin": 0.6553229527898307,
            "Wind_Dir_Cos": 0.3974010704367282
        },
        "RMSE": {
            "Temperature": 5.505450481232467,
            "Precipitation_accumulated": 11.055115139006135,
            "Humidity": 12.187364929562841,
            "Wind_Speed_kmh": 1.4500918993487408,
            "Soil_Moisture": 1514.029469905823,
            "Soil_Temperature": 4.047032094996073,
            "Wind_Dir_Sin": 0.8095201991240433,
            "Wind_Dir_Cos": 0.6303975495167539
        },
        "MAE": {
            "Temperature": 4.52496282074727,
            "Precipitation_accumulated": 10.769709468652469,
            "Humidity": 10.703472496990695,
            "Wind_Speed_kmh": 1.1009443017378158,
            "Soil_Moisture": 1493.280963477028,
            "Soil_Temperature": 3.3356989764056943,
            "Wind_Dir_Sin": 0.6398623712628037,
            "Wind_Dir_Cos": 0.5561857127726284
        },
        "R2": {
            "Temperature": 0.0034217368329008124,
            "Precipitation_accumulated": -33.472043337773904,
            "Humidity": -0.01693411317316218,
            "Wind_Speed_kmh": -0.5587219189857682,
            "Soil_Moisture": -36.3048411574714,
            "Soil_Temperature": -0.010581668399484823,
            "Wind_Dir_Sin": -0.19553405387888256,
            "Wind_Dir_Cos": -0.07319518056717689
        },
        "SMAPE": {
            "Temperature": 56.36464735503802,
            "Precipitation_accumulated": 2.3454210399244686,
            "Humidity": 12.531302022349111,
            "Wind_Speed_kmh": 96.51082987413938,
            "Soil_Moisture": 19.049136209123247,
            "Soil_Temperature": 47.130900933175106,
            "Wind_Dir_Sin": 106.39089751657096,
            "Wind_Dir_Cos": 162.52885822515208
        }
    }
}