{
    "trial_number": 44,
    "overall_mae_val": 0.15281916489886865,
    "params": {
        "n_estimators": 350,
        "max_depth": 15,
        "min_samples_split": 4,
        "min_samples_leaf": 6,
        "max_features": 0.15005476606516058,
        "bootstrap": false,
        "criterion": "squared_error",
        "min_weight_fraction_leaf": 0.02385611867450404,
        "n_jobs": -1
    },
    "metrics": {
        "MSE": {
            "Temperature": 21.623378065727785,
            "Precipitation_accumulated": 946.8181950761228,
            "Humidity": 135.19885664318699,
            "Wind_Speed_kmh": 1.6131814829252562,
            "Soil_Moisture": 673636.474344324,
            "Soil_Temperature": 9.425129003886477,
            "Wind_Dir_Sin": 0.5236831096650498,
            "Wind_Dir_Cos": 0.403952498346028
        },
        "RMSE": {
            "Temperature": 4.650094414711145,
            "Precipitation_accumulated": 30.770411031965804,
            "Humidity": 11.627504317057335,
            "Wind_Speed_kmh": 1.2701108152146632,
            "Soil_Moisture": 820.7536014811777,
            "Soil_Temperature": 3.070037296823359,
            "Wind_Dir_Sin": 0.7236595260652967,
            "Wind_Dir_Cos": 0.6355725751997391
        },
        "MAE": {
            "Temperature": 3.7243866915193014,
            "Precipitation_accumulated": 28.69292899406303,
            "Humidity": 9.584898336057503,
            "Wind_Speed_kmh": 0.997252227990455,
            "Soil_Moisture": 758.6063354446876,
            "Soil_Temperature": 2.307344980776585,
            "Wind_Dir_Sin": 0.6445317970172404,
            "Wind_Dir_Cos": 0.5615093705402133
        },
        "R2": {
            "Temperature": 0.2891105120479053,
            "Precipitation_accumulated": -265.68014313787546,
            "Humidity": 0.07434181136825269,
            "Wind_Speed_kmh": -0.19646575280498757,
            "Soil_Moisture": -9.931813028118667,
            "Soil_Temperature": 0.4190165111336811,
            "Wind_Dir_Sin": 0.04432832920458263,
            "Wind_Dir_Cos": -0.090607369518098
        },
        "SMAPE": {
            "Temperature": 49.83495676334006,
            "Precipitation_accumulated": 6.397211735910034,
            "Humidity": 11.278347037731098,
            "Wind_Speed_kmh": 83.42548922038272,
            "Soil_Moisture": 9.234184432805392,
            "Soil_Temperature": 33.62584051160247,
            "Wind_Dir_Sin": 135.21439878493538,
            "Wind_Dir_Cos": 172.30959579872538
        }
    }
}