{
    "trial_number": 19,
    "overall_mae_val": 0.2409504668798317,
    "params": {
        "n_estimators": 200,
        "max_depth": 7,
        "min_samples_split": 12,
        "min_samples_leaf": 3,
        "max_features": 0.4812676880649446,
        "bootstrap": true,
        "criterion": "squared_error",
        "min_weight_fraction_leaf": 0.26878342268230054,
        "n_jobs": -1
    },
    "metrics": {
        "MSE": {
            "Temperature": 63.682143145515404,
            "Precipitation_accumulated": 49.799642581267655,
            "Humidity": 146.50688641086978,
            "Wind_Speed_kmh": 3.1153178834397335,
            "Soil_Moisture": 3877244.2362900707,
            "Soil_Temperature": 59.13138963137072,
            "Wind_Dir_Sin": 0.5615184772808574,
            "Wind_Dir_Cos": 1.395514841038055
        },
        "RMSE": {
            "Temperature": 7.980109218896406,
            "Precipitation_accumulated": 7.056886181685776,
            "Humidity": 12.104002908578211,
            "Wind_Speed_kmh": 1.7650263123930288,
            "Soil_Moisture": 1969.0719225792823,
            "Soil_Temperature": 7.689693728060353,
            "Wind_Dir_Sin": 0.7493453658233014,
            "Wind_Dir_Cos": 1.1813191105869976
        },
        "MAE": {
            "Temperature": 6.892309855359438,
            "Precipitation_accumulated": 6.801541610225018,
            "Humidity": 10.57561891329545,
            "Wind_Speed_kmh": 1.3566080951171637,
            "Soil_Moisture": 1953.9274728427688,
            "Soil_Temperature": 6.8559064262645295,
            "Wind_Dir_Sin": 0.6924438652593385,
            "Wind_Dir_Cos": 1.0217322150131531
        },
        "R2": {
            "Temperature": -1.0863116490021958,
            "Precipitation_accumulated": -13.189192950093798,
            "Humidity": 0.0009591832381754539,
            "Wind_Speed_kmh": -1.299958238366428,
            "Soil_Moisture": -63.599699643742724,
            "Soil_Temperature": -2.6499040830317995,
            "Wind_Dir_Sin": -0.022384689172081362,
            "Wind_Dir_Cos": -2.7700526021247147
        },
        "SMAPE": {
            "Temperature": 69.49503250551706,
            "Precipitation_accumulated": 1.4744322454102405,
            "Humidity": 12.381604781703796,
            "Wind_Speed_kmh": 141.78186822952452,
            "Soil_Moisture": 25.68482617451419,
            "Soil_Temperature": 71.17969967440062,
            "Wind_Dir_Sin": 171.81803518517157,
            "Wind_Dir_Cos": 150.5668274656808
        }
    }
}