{
    "trial_number": 15,
    "overall_mae_val": 0.2273260317929242,
    "params": {
        "n_estimators": 500,
        "max_depth": 10,
        "min_samples_split": 15,
        "min_samples_leaf": 4,
        "max_features": 0.38032300268199354,
        "bootstrap": true,
        "criterion": "squared_error",
        "min_weight_fraction_leaf": 0.17582816390250172,
        "n_jobs": -1
    },
    "metrics": {
        "MSE": {
            "Temperature": 26.91556019166053,
            "Precipitation_accumulated": 43.23341903531885,
            "Humidity": 141.68079883177717,
            "Wind_Speed_kmh": 3.1182136894162005,
            "Soil_Moisture": 4390049.455643341,
            "Soil_Temperature": 22.465497070106483,
            "Wind_Dir_Sin": 0.5605635875812255,
            "Wind_Dir_Cos": 1.370846082859137
        },
        "RMSE": {
            "Temperature": 5.188020835700309,
            "Precipitation_accumulated": 6.575212470735744,
            "Humidity": 11.902974369113679,
            "Wind_Speed_kmh": 1.7658464512567904,
            "Soil_Moisture": 2095.244485887826,
            "Soil_Temperature": 4.7397781667612335,
            "Wind_Dir_Sin": 0.748707945450845,
            "Wind_Dir_Cos": 1.1708313639714034
        },
        "MAE": {
            "Temperature": 4.261116261519002,
            "Precipitation_accumulated": 6.2307164097594185,
            "Humidity": 10.412784932119488,
            "Wind_Speed_kmh": 1.3572148241436683,
            "Soil_Moisture": 2080.863058279623,
            "Soil_Temperature": 4.0408774352138845,
            "Wind_Dir_Sin": 0.6909589107581344,
            "Wind_Dir_Cos": 1.0062144823808665
        },
        "R2": {
            "Temperature": 0.11859641445754787,
            "Precipitation_accumulated": -11.33642734228249,
            "Humidity": 0.03402233872937821,
            "Wind_Speed_kmh": -1.3008233527452755,
            "Soil_Moisture": -72.3857221965193,
            "Soil_Temperature": -0.3865420386614047,
            "Wind_Dir_Sin": -0.02136761854717939,
            "Wind_Dir_Cos": -2.7036631886620013
        },
        "SMAPE": {
            "Temperature": 53.78372215868412,
            "Precipitation_accumulated": 1.3498120647154692,
            "Humidity": 12.19525257411429,
            "Wind_Speed_kmh": 141.6607930535982,
            "Soil_Moisture": 27.586026668232435,
            "Soil_Temperature": 52.7132777707059,
            "Wind_Dir_Sin": 169.43624402271695,
            "Wind_Dir_Cos": 149.78933617016034
        }
    }
}