{
    "trial_number": 34,
    "overall_mae_val": 0.18091664180254785,
    "params": {
        "n_estimators": 150,
        "max_depth": 17,
        "min_samples_split": 19,
        "min_samples_leaf": 4,
        "max_features": 0.516064117003691,
        "bootstrap": false,
        "criterion": "squared_error",
        "min_weight_fraction_leaf": 0.08528913752382954,
        "n_jobs": -1
    },
    "metrics": {
        "MSE": {
            "Temperature": 30.526355622501377,
            "Precipitation_accumulated": 53.40508872042498,
            "Humidity": 155.23866027799107,
            "Wind_Speed_kmh": 2.200956062160788,
            "Soil_Moisture": 2736207.7382306396,
            "Soil_Temperature": 16.439223701215752,
            "Wind_Dir_Sin": 0.6594093451703971,
            "Wind_Dir_Cos": 0.41642711002260213
        },
        "RMSE": {
            "Temperature": 5.525066119287748,
            "Precipitation_accumulated": 7.307878537607544,
            "Humidity": 12.459480738698185,
            "Wind_Speed_kmh": 1.4835619509008675,
            "Soil_Moisture": 1654.1486445391295,
            "Soil_Temperature": 4.054531255424695,
            "Wind_Dir_Sin": 0.8120402361769995,
            "Wind_Dir_Cos": 0.6453116379103991
        },
        "MAE": {
            "Temperature": 4.490911632240566,
            "Precipitation_accumulated": 7.062808593920138,
            "Humidity": 10.951910128321128,
            "Wind_Speed_kmh": 1.1235070009934052,
            "Soil_Moisture": 1634.4839023309694,
            "Soil_Temperature": 3.3203745221802516,
            "Wind_Dir_Sin": 0.6462800253028377,
            "Wind_Dir_Cos": 0.5685062099071362
        },
        "R2": {
            "Temperature": -0.002265464762060576,
            "Precipitation_accumulated": -14.128244343800848,
            "Humidity": -0.061108366606078546,
            "Wind_Speed_kmh": -0.6286707482586791,
            "Soil_Moisture": -43.962841832346726,
            "Soil_Temperature": -0.015400958898257988,
            "Wind_Dir_Sin": -0.20122487451806093,
            "Wind_Dir_Cos": -0.12573101743866855
        },
        "SMAPE": {
            "Temperature": 56.40615301832169,
            "Precipitation_accumulated": 1.5315590825719567,
            "Humidity": 12.824149335091212,
            "Wind_Speed_kmh": 99.50994439950652,
            "Soil_Moisture": 21.040728386180373,
            "Soil_Temperature": 47.06199089609421,
            "Wind_Dir_Sin": 107.60368082840287,
            "Wind_Dir_Cos": 191.46526733286902
        }
    }
}