{
    "trial_number": 11,
    "overall_mae_val": 0.13833575465575373,
    "params": {
        "n_estimators": 350,
        "max_depth": 5,
        "min_samples_split": 6,
        "min_samples_leaf": 7,
        "max_features": 0.353473298883436,
        "bootstrap": false,
        "criterion": "squared_error",
        "min_weight_fraction_leaf": 0.01016332465595689,
        "n_jobs": -1
    },
    "metrics": {
        "MSE": {
            "Temperature": 20.97933860361081,
            "Precipitation_accumulated": 38.311528280387776,
            "Humidity": 146.51290541236074,
            "Wind_Speed_kmh": 1.5048568959531228,
            "Soil_Moisture": 566909.9124475647,
            "Soil_Temperature": 12.201402333715814,
            "Wind_Dir_Sin": 0.4695452769860675,
            "Wind_Dir_Cos": 0.3652238658460863
        },
        "RMSE": {
            "Temperature": 4.5803207970196596,
            "Precipitation_accumulated": 6.189630706301288,
            "Humidity": 12.10425154284067,
            "Wind_Speed_kmh": 1.2267260883967221,
            "Soil_Moisture": 752.9342019377023,
            "Soil_Temperature": 3.49305057703375,
            "Wind_Dir_Sin": 0.6852337389431926,
            "Wind_Dir_Cos": 0.6043375429725397
        },
        "MAE": {
            "Temperature": 3.6596610601332817,
            "Precipitation_accumulated": 5.438868433800516,
            "Humidity": 9.631910601549988,
            "Wind_Speed_kmh": 0.9791207752927318,
            "Soil_Moisture": 680.922825505452,
            "Soil_Temperature": 2.7065200709298316,
            "Wind_Dir_Sin": 0.5744437934104851,
            "Wind_Dir_Cos": 0.5261511500651274
        },
        "R2": {
            "Temperature": 0.31049273568212366,
            "Precipitation_accumulated": -9.775559567907518,
            "Humidity": -0.0032676149187715886,
            "Wind_Speed_kmh": -0.1162452565456813,
            "Soil_Moisture": -8.174114080904626,
            "Soil_Temperature": 0.24867583360072587,
            "Wind_Dir_Sin": 0.14260822244074722,
            "Wind_Dir_Cos": 0.014283927551810627
        },
        "SMAPE": {
            "Temperature": 49.639617369740485,
            "Precipitation_accumulated": 1.1775731482345748,
            "Humidity": 11.33270389544372,
            "Wind_Speed_kmh": 81.11641997613236,
            "Soil_Moisture": 8.264733324342638,
            "Soil_Temperature": 39.69109980224141,
            "Wind_Dir_Sin": 115.92892870995094,
            "Wind_Dir_Cos": 150.33477650282487
        }
    }
}