{
    "trial_number": 22,
    "overall_mae_val": 0.1761992785594968,
    "params": {
        "n_estimators": 100,
        "max_depth": 11,
        "min_samples_split": 14,
        "min_samples_leaf": 2,
        "max_features": 0.2927556086099437,
        "bootstrap": false,
        "criterion": "squared_error",
        "min_weight_fraction_leaf": 0.055840046835276984,
        "n_jobs": -1
    },
    "metrics": {
        "MSE": {
            "Temperature": 30.663454364926366,
            "Precipitation_accumulated": 47.665237964307494,
            "Humidity": 150.47621695051322,
            "Wind_Speed_kmh": 2.121236211528071,
            "Soil_Moisture": 2376515.333104444,
            "Soil_Temperature": 16.48954411132012,
            "Wind_Dir_Sin": 0.6761287656568045,
            "Wind_Dir_Cos": 0.3918556381499588
        },
        "RMSE": {
            "Temperature": 5.537459197585691,
            "Precipitation_accumulated": 6.90400159069416,
            "Humidity": 12.2668747833551,
            "Wind_Speed_kmh": 1.4564464327698672,
            "Soil_Moisture": 1541.5950613259126,
            "Soil_Temperature": 4.0607319674315026,
            "Wind_Dir_Sin": 0.8222704942151363,
            "Wind_Dir_Cos": 0.6259837363302331
        },
        "MAE": {
            "Temperature": 4.536505026286989,
            "Precipitation_accumulated": 6.644615450494222,
            "Humidity": 10.780029126763782,
            "Wind_Speed_kmh": 1.1051793144728832,
            "Soil_Moisture": 1521.0371550960133,
            "Soil_Temperature": 3.3351056025950467,
            "Wind_Dir_Sin": 0.6453329739531259,
            "Wind_Dir_Cos": 0.5519823606865644
        },
        "R2": {
            "Temperature": -0.004575519608564171,
            "Precipitation_accumulated": -12.581046437913592,
            "Humidity": -0.02610796235115842,
            "Wind_Speed_kmh": -0.5660535723045932,
            "Soil_Moisture": -38.59569409643214,
            "Soil_Temperature": -0.017822424848112473,
            "Wind_Dir_Sin": -0.23106135574338804,
            "Wind_Dir_Cos": -0.05861745416164088
        },
        "SMAPE": {
            "Temperature": 56.58166240325303,
            "Precipitation_accumulated": 1.4401503437507508,
            "Humidity": 12.621057954767972,
            "Wind_Speed_kmh": 96.96835121735838,
            "Soil_Moisture": 19.432199610524354,
            "Soil_Temperature": 47.10496791578237,
            "Wind_Dir_Sin": 105.55118518329951,
            "Wind_Dir_Cos": 159.03858902458214
        }
    }
}