{
    "trial_number": 12,
    "overall_mae_val": 0.21416836317404808,
    "params": {
        "n_estimators": 300,
        "max_depth": 5,
        "min_samples_split": 7,
        "min_samples_leaf": 8,
        "max_features": 0.3600313379705643,
        "bootstrap": false,
        "criterion": "squared_error",
        "min_weight_fraction_leaf": 0.14441617679272245,
        "n_jobs": -1
    },
    "metrics": {
        "MSE": {
            "Temperature": 16.28218819792946,
            "Precipitation_accumulated": 2037.1079536741317,
            "Humidity": 133.01586224686667,
            "Wind_Speed_kmh": 2.7328408057805107,
            "Soil_Moisture": 3434705.340098808,
            "Soil_Temperature": 10.946335416306502,
            "Wind_Dir_Sin": 0.5615512662551886,
            "Wind_Dir_Cos": 1.0669584440741453
        },
        "RMSE": {
            "Temperature": 4.035119353616379,
            "Precipitation_accumulated": 45.13433231669803,
            "Humidity": 11.533250289786773,
            "Wind_Speed_kmh": 1.6531306075989611,
            "Soil_Moisture": 1853.2958048025707,
            "Soil_Temperature": 3.308524658561048,
            "Wind_Dir_Sin": 0.7493672439166184,
            "Wind_Dir_Cos": 1.032936805460114
        },
        "MAE": {
            "Temperature": 3.2441084235319213,
            "Precipitation_accumulated": 44.98761265472583,
            "Humidity": 10.154143054815018,
            "Wind_Speed_kmh": 1.2563807824562874,
            "Soil_Moisture": 1834.6747700791582,
            "Soil_Temperature": 2.6589713356656905,
            "Wind_Dir_Sin": 0.6911079128863712,
            "Wind_Dir_Cos": 0.878109392777134
        },
        "R2": {
            "Temperature": 0.46486935295801457,
            "Precipitation_accumulated": -571.9601267906303,
            "Humidity": 0.08915527620463737,
            "Wind_Speed_kmh": -1.0271167275443038,
            "Soil_Moisture": -54.58269123980662,
            "Soil_Temperature": 0.32595892612626254,
            "Wind_Dir_Sin": -0.025395125802685437,
            "Wind_Dir_Cos": -1.879653235480005
        },
        "SMAPE": {
            "Temperature": 46.20238824668897,
            "Precipitation_accumulated": 10.180411097987026,
            "Humidity": 11.890030221095364,
            "Wind_Speed_kmh": 120.58066396103793,
            "Soil_Moisture": 23.93638636030676,
            "Soil_Temperature": 40.67154343434002,
            "Wind_Dir_Sin": 171.1624528666575,
            "Wind_Dir_Cos": 148.46142090885803
        }
    }
}