{
    "trial_number": 31,
    "overall_mae_val": 0.1383944557777872,
    "params": {
        "n_estimators": 250,
        "max_depth": 11,
        "min_samples_split": 16,
        "min_samples_leaf": 3,
        "max_features": 0.24028137100644362,
        "bootstrap": false,
        "criterion": "squared_error",
        "min_weight_fraction_leaf": 0.003802639029082684,
        "n_jobs": -1
    },
    "metrics": {
        "MSE": {
            "Temperature": 23.290508411885057,
            "Precipitation_accumulated": 36.25256654053988,
            "Humidity": 162.93607882199552,
            "Wind_Speed_kmh": 1.2962500605708827,
            "Soil_Moisture": 411790.42895083805,
            "Soil_Temperature": 16.485108931600653,
            "Wind_Dir_Sin": 0.5174343141823722,
            "Wind_Dir_Cos": 0.3896424654495305
        },
        "RMSE": {
            "Temperature": 4.8260240790826,
            "Precipitation_accumulated": 6.0210104252143495,
            "Humidity": 12.764641742798563,
            "Wind_Speed_kmh": 1.1385297802740526,
            "Soil_Moisture": 641.708990860217,
            "Soil_Temperature": 4.060185824762292,
            "Wind_Dir_Sin": 0.7193290722488367,
            "Wind_Dir_Cos": 0.6242134774654665
        },
        "MAE": {
            "Temperature": 3.750342677431413,
            "Precipitation_accumulated": 5.346719915159757,
            "Humidity": 9.945934227734657,
            "Wind_Speed_kmh": 0.9059641115322885,
            "Soil_Moisture": 578.5942605701836,
            "Soil_Temperature": 3.1337321412860457,
            "Wind_Dir_Sin": 0.5947938897373417,
            "Wind_Dir_Cos": 0.5424248995462794
        },
        "R2": {
            "Temperature": 0.23757487500170948,
            "Precipitation_accumulated": -9.45160213420054,
            "Humidity": -0.11139071517797272,
            "Wind_Speed_kmh": 0.04009269588484532,
            "Soil_Moisture": -6.038837177719983,
            "Soil_Temperature": -0.018151052140287893,
            "Wind_Dir_Sin": 0.05786147825833721,
            "Wind_Dir_Cos": -0.056039045849181734
        },
        "SMAPE": {
            "Temperature": 50.16003145042492,
            "Precipitation_accumulated": 1.157282940963788,
            "Humidity": 11.690548865073172,
            "Wind_Speed_kmh": 76.22561596106561,
            "Soil_Moisture": 6.969245456790041,
            "Soil_Temperature": 46.42712798659843,
            "Wind_Dir_Sin": 114.3784473463564,
            "Wind_Dir_Cos": 158.17384880728497
        }
    }
}