{
    "trial_number": 53,
    "overall_mae_val": 0.17560690865778728,
    "params": {
        "n_estimators": 300,
        "max_depth": 10,
        "min_samples_split": 18,
        "min_samples_leaf": 4,
        "max_features": 0.5539675829670526,
        "bootstrap": false,
        "criterion": "squared_error",
        "min_weight_fraction_leaf": 0.03949934859678627,
        "n_jobs": -1
    },
    "metrics": {
        "MSE": {
            "Temperature": 30.584316823907862,
            "Precipitation_accumulated": 45.889126306044574,
            "Humidity": 149.45130974650138,
            "Wind_Speed_kmh": 2.103656463324536,
            "Soil_Moisture": 2351647.6204336234,
            "Soil_Temperature": 16.497862720163827,
            "Wind_Dir_Sin": 0.6943063113731526,
            "Wind_Dir_Cos": 0.3871913186079214
        },
        "RMSE": {
            "Temperature": 5.530308926624973,
            "Precipitation_accumulated": 6.7741513347462625,
            "Humidity": 12.225028005959798,
            "Wind_Speed_kmh": 1.4503987256353117,
            "Soil_Moisture": 1533.5082720460373,
            "Soil_Temperature": 4.061756112836395,
            "Wind_Dir_Sin": 0.8332504493687073,
            "Wind_Dir_Cos": 0.6222469916423231
        },
        "MAE": {
            "Temperature": 4.518865841542406,
            "Precipitation_accumulated": 6.506577595581642,
            "Humidity": 10.722546484166404,
            "Wind_Speed_kmh": 1.1004962588389862,
            "Soil_Moisture": 1511.2512798818577,
            "Soil_Temperature": 3.328695897614858,
            "Wind_Dir_Sin": 0.6492794102804367,
            "Wind_Dir_Cos": 0.5472726600733339
        },
        "R2": {
            "Temperature": -0.005598166386828973,
            "Precipitation_accumulated": -11.943456723389083,
            "Humidity": -0.023229165258430662,
            "Wind_Speed_kmh": -0.5593816115967252,
            "Soil_Moisture": -37.270909558153164,
            "Soil_Temperature": -0.017948494381640367,
            "Wind_Dir_Sin": -0.2666530838510863,
            "Wind_Dir_Cos": -0.045623396612440636
        },
        "SMAPE": {
            "Temperature": 56.44935471350911,
            "Precipitation_accumulated": 1.4100404938523925,
            "Humidity": 12.554047442744343,
            "Wind_Speed_kmh": 96.52501055991374,
            "Soil_Moisture": 19.303177879609304,
            "Soil_Temperature": 47.16788879747118,
            "Wind_Dir_Sin": 105.09433096222614,
            "Wind_Dir_Cos": 150.08555757369265
        }
    }
}