{
    "trial_number": 37,
    "overall_mae_val": 0.28136746472531127,
    "params": {
        "n_estimators": 150,
        "max_depth": 20,
        "min_samples_split": 19,
        "min_samples_leaf": 6,
        "max_features": 0.3326657688177863,
        "bootstrap": true,
        "criterion": "squared_error",
        "min_weight_fraction_leaf": 0.41706715708674463,
        "n_jobs": -1
    },
    "metrics": {
        "MSE": {
            "Temperature": 88.80368695503137,
            "Precipitation_accumulated": 151423.63149064465,
            "Humidity": 361.4990589747717,
            "Wind_Speed_kmh": 1.3452079184423538,
            "Soil_Moisture": 64094.02042931017,
            "Soil_Temperature": 99.05859200874166,
            "Wind_Dir_Sin": 0.6488062859108834,
            "Wind_Dir_Cos": 0.41625447900219503
        },
        "RMSE": {
            "Temperature": 9.42357081763762,
            "Precipitation_accumulated": 389.1318947229135,
            "Humidity": 19.01312859512531,
            "Wind_Speed_kmh": 1.1598309870159331,
            "Soil_Moisture": 253.1679688059099,
            "Soil_Temperature": 9.95281829477167,
            "Wind_Dir_Sin": 0.8054851245745531,
            "Wind_Dir_Cos": 0.6451778661750533
        },
        "MAE": {
            "Temperature": 8.290561016520398,
            "Precipitation_accumulated": 389.12284472549203,
            "Humidity": 16.41776258233585,
            "Wind_Speed_kmh": 0.9631479953525727,
            "Soil_Moisture": 196.15923483566348,
            "Soil_Temperature": 9.167876049408479,
            "Wind_Dir_Sin": 0.745456946874891,
            "Wind_Dir_Cos": 0.5346963246373491
        },
        "R2": {
            "Temperature": -1.919507181339919,
            "Precipitation_accumulated": -42648.87294327967,
            "Humidity": -1.4750546892996295,
            "Wind_Speed_kmh": 0.0022850982024728017,
            "Soil_Moisture": -0.04012160005976484,
            "Soil_Temperature": -5.106166436946646,
            "Wind_Dir_Sin": -0.18400951994729686,
            "Wind_Dir_Cos": -0.1238207567807561
        },
        "SMAPE": {
            "Temperature": 76.11519934941295,
            "Precipitation_accumulated": 144.19470100045712,
            "Humidity": 19.803455499188857,
            "Wind_Speed_kmh": 75.53567025210965,
            "Soil_Moisture": 2.316758580185866,
            "Soil_Temperature": 83.02773840373449,
            "Wind_Dir_Sin": 173.7808395549849,
            "Wind_Dir_Cos": 112.38542640605067
        }
    }
}