{
    "trial_number": 48,
    "overall_mae_val": 0.21295912383652726,
    "params": {
        "n_estimators": 300,
        "max_depth": 13,
        "min_samples_split": 15,
        "min_samples_leaf": 4,
        "max_features": 0.4533109098370507,
        "bootstrap": false,
        "criterion": "squared_error",
        "min_weight_fraction_leaf": 0.1269904879411337,
        "n_jobs": -1
    },
    "metrics": {
        "MSE": {
            "Temperature": 12.868059665549119,
            "Precipitation_accumulated": 290.59792204137375,
            "Humidity": 152.4352960563828,
            "Wind_Speed_kmh": 2.9372483781290093,
            "Soil_Moisture": 4096977.726356139,
            "Soil_Temperature": 7.00887991847756,
            "Wind_Dir_Sin": 0.557126519271886,
            "Wind_Dir_Cos": 1.1709107273409354
        },
        "RMSE": {
            "Temperature": 3.5872077812065917,
            "Precipitation_accumulated": 17.046932921830066,
            "Humidity": 12.346468971182928,
            "Wind_Speed_kmh": 1.7138402428840938,
            "Soil_Moisture": 2024.0992382677632,
            "Soil_Temperature": 2.6474289260483577,
            "Wind_Dir_Sin": 0.746409083058269,
            "Wind_Dir_Cos": 1.082086284609936
        },
        "MAE": {
            "Temperature": 2.9085211317621256,
            "Precipitation_accumulated": 16.859787833695552,
            "Humidity": 10.800283935699788,
            "Wind_Speed_kmh": 1.310295384505597,
            "Soil_Moisture": 2008.9603128097663,
            "Soil_Temperature": 2.119716215817157,
            "Wind_Dir_Sin": 0.6831934724318235,
            "Wind_Dir_Cos": 0.9212242341670003
        },
        "R2": {
            "Temperature": 0.5770781536675855,
            "Precipitation_accumulated": -80.73402001480463,
            "Humidity": -0.043822013313385755,
            "Wind_Speed_kmh": -1.1787384423064342,
            "Soil_Moisture": -65.3000244364098,
            "Soil_Temperature": 0.5684151117948525,
            "Wind_Dir_Sin": -0.01731551800508324,
            "Wind_Dir_Cos": -2.1602138613481516
        },
        "SMAPE": {
            "Temperature": 43.214039241439714,
            "Precipitation_accumulated": 3.696689930204955,
            "Humidity": 12.640780665380422,
            "Wind_Speed_kmh": 131.57404369060262,
            "Soil_Moisture": 26.516429543346035,
            "Soil_Temperature": 34.4843288772713,
            "Wind_Dir_Sin": 160.65702881932464,
            "Wind_Dir_Cos": 148.9827832331895
        }
    }
}