{
    "trial_number": 6,
    "overall_mae_val": 0.24532687750962495,
    "params": {
        "n_estimators": 750,
        "max_depth": 8,
        "min_samples_split": 5,
        "min_samples_leaf": 4,
        "max_features": 0.22549040409873716,
        "bootstrap": false,
        "criterion": "squared_error",
        "min_weight_fraction_leaf": 0.3535178518849555,
        "n_jobs": -1
    },
    "metrics": {
        "MSE": {
            "Temperature": 36.11578179401777,
            "Precipitation_accumulated": 48.184186820531615,
            "Humidity": 147.0248001952408,
            "Wind_Speed_kmh": 3.330954758097153,
            "Soil_Moisture": 5604238.285368802,
            "Soil_Temperature": 29.85229449955313,
            "Wind_Dir_Sin": 0.5618315482254208,
            "Wind_Dir_Cos": 1.5325378643599281
        },
        "RMSE": {
            "Temperature": 6.009640737516492,
            "Precipitation_accumulated": 6.941483041867323,
            "Humidity": 12.125378352663509,
            "Wind_Speed_kmh": 1.8250903424480533,
            "Soil_Moisture": 2367.3272450949407,
            "Soil_Temperature": 5.463725331635287,
            "Wind_Dir_Sin": 0.7495542330114752,
            "Wind_Dir_Cos": 1.2379571334904647
        },
        "MAE": {
            "Temperature": 5.044829123426798,
            "Precipitation_accumulated": 6.687745842401708,
            "Humidity": 10.611708235118542,
            "Wind_Speed_kmh": 1.4183890774200782,
            "Soil_Moisture": 2355.0144154890027,
            "Soil_Temperature": 4.638589082754952,
            "Wind_Dir_Sin": 0.6924102620669688,
            "Wind_Dir_Cos": 1.0833881283891444
        },
        "R2": {
            "Temperature": -0.1828565887079967,
            "Precipitation_accumulated": -12.93314339874109,
            "Humidity": -0.0029983505902264618,
            "Wind_Speed_kmh": -1.4656377297607692,
            "Soil_Moisture": -95.38319492065544,
            "Soil_Temperature": -0.8452174840838853,
            "Wind_Dir_Sin": -0.02214607587029005,
            "Wind_Dir_Cos": -3.1624552478285803
        },
        "SMAPE": {
            "Temperature": 59.28389947161566,
            "Precipitation_accumulated": 1.4495170108001911,
            "Humidity": 12.431363110456969,
            "Wind_Speed_kmh": 161.43937661673735,
            "Soil_Moisture": 31.792742806512706,
            "Soil_Temperature": 57.009856811841765,
            "Wind_Dir_Sin": 171.43029565110632,
            "Wind_Dir_Cos": 152.69812734181258
        }
    }
}