{
    "trial_number": 52,
    "overall_mae_val": 0.13525298426057616,
    "params": {
        "n_estimators": 150,
        "max_depth": 16,
        "min_samples_split": 18,
        "min_samples_leaf": 5,
        "max_features": 0.5475649770669943,
        "bootstrap": false,
        "criterion": "squared_error",
        "min_weight_fraction_leaf": 0.005404280827117998,
        "n_jobs": -1
    },
    "metrics": {
        "MSE": {
            "Temperature": 20.28270578989832,
            "Precipitation_accumulated": 40.23476523699589,
            "Humidity": 136.2175925262823,
            "Wind_Speed_kmh": 1.5187966798527253,
            "Soil_Moisture": 599210.443303453,
            "Soil_Temperature": 10.21849224882916,
            "Wind_Dir_Sin": 0.4540062647185109,
            "Wind_Dir_Cos": 0.3508983906599902
        },
        "RMSE": {
            "Temperature": 4.503632510529508,
            "Precipitation_accumulated": 6.343087989063047,
            "Humidity": 11.671229263718638,
            "Wind_Speed_kmh": 1.2323946932102252,
            "Soil_Moisture": 774.0868448071269,
            "Soil_Temperature": 3.1966376474084703,
            "Wind_Dir_Sin": 0.6737998699306129,
            "Wind_Dir_Cos": 0.5923667703880681
        },
        "MAE": {
            "Temperature": 3.5936035693275854,
            "Precipitation_accumulated": 5.64230818533796,
            "Humidity": 9.31862069317834,
            "Wind_Speed_kmh": 0.9566114034017842,
            "Soil_Moisture": 700.3338602652757,
            "Soil_Temperature": 2.337196894193659,
            "Wind_Dir_Sin": 0.5620838320262509,
            "Wind_Dir_Cos": 0.5114122970135169
        },
        "R2": {
            "Temperature": 0.33311403131485173,
            "Precipitation_accumulated": -10.348591366669329,
            "Humidity": 0.06737643363179857,
            "Wind_Speed_kmh": -0.12584143637863643,
            "Soil_Moisture": -8.751600742690691,
            "Soil_Temperature": 0.3695002209690582,
            "Wind_Dir_Sin": 0.1717367019808841,
            "Wind_Dir_Cos": 0.05238689641366445
        },
        "SMAPE": {
            "Temperature": 48.785417374146185,
            "Precipitation_accumulated": 1.221841687772978,
            "Humidity": 10.993520331169938,
            "Wind_Speed_kmh": 81.04387289105223,
            "Soil_Moisture": 8.512073311696424,
            "Soil_Temperature": 33.57709526510287,
            "Wind_Dir_Sin": 113.12743085734739,
            "Wind_Dir_Cos": 135.58449590147256
        }
    }
}