{
    "trial_number": 57,
    "overall_mae_val": 0.2339055299767937,
    "params": {
        "n_estimators": 100,
        "max_depth": 7,
        "min_samples_split": 11,
        "min_samples_leaf": 4,
        "max_features": 0.7283194669665802,
        "bootstrap": true,
        "criterion": "squared_error",
        "min_weight_fraction_leaf": 0.2283810853582939,
        "n_jobs": -1
    },
    "metrics": {
        "MSE": {
            "Temperature": 20.763523044039246,
            "Precipitation_accumulated": 41.18309522704868,
            "Humidity": 135.9049625550273,
            "Wind_Speed_kmh": 3.2792813391397138,
            "Soil_Moisture": 5366391.150899599,
            "Soil_Temperature": 17.9098152100555,
            "Wind_Dir_Sin": 0.5596455786188462,
            "Wind_Dir_Cos": 1.4815654091165797
        },
        "RMSE": {
            "Temperature": 4.556700894730666,
            "Precipitation_accumulated": 6.417405646135258,
            "Humidity": 11.657828380750306,
            "Wind_Speed_kmh": 1.8108786097195233,
            "Soil_Moisture": 2316.5472477157896,
            "Soil_Temperature": 4.231998961490362,
            "Wind_Dir_Sin": 0.7480946321280793,
            "Wind_Dir_Cos": 1.2171957152063015
        },
        "MAE": {
            "Temperature": 3.705200377965435,
            "Precipitation_accumulated": 6.058212758567974,
            "Humidity": 10.191144468238084,
            "Wind_Speed_kmh": 1.4047751348162838,
            "Soil_Moisture": 2304.337385058436,
            "Soil_Temperature": 3.4724379350502024,
            "Wind_Dir_Sin": 0.6907375964697398,
            "Wind_Dir_Cos": 1.0581161892842277
        },
        "R2": {
            "Temperature": 0.3173790783294166,
            "Precipitation_accumulated": -10.599601472727405,
            "Humidity": 0.06950735687977083,
            "Wind_Speed_kmh": -1.432180047702008,
            "Soil_Moisture": -86.08611681765784,
            "Soil_Temperature": -0.10399623404607539,
            "Wind_Dir_Sin": -0.021299742728050575,
            "Wind_Dir_Cos": -2.9999904944801923
        },
        "SMAPE": {
            "Temperature": 49.55177174695572,
            "Precipitation_accumulated": 1.3122310496325695,
            "Humidity": 11.939600568118804,
            "Wind_Speed_kmh": 155.34257000346943,
            "Soil_Moisture": 31.037468909199248,
            "Soil_Temperature": 47.91520899968547,
            "Wind_Dir_Sin": 170.60482852842722,
            "Wind_Dir_Cos": 151.53072141642713
        }
    }
}