{
    "trial_number": 45,
    "overall_mae_val": 0.17490855770940644,
    "params": {
        "n_estimators": 400,
        "max_depth": 7,
        "min_samples_split": 11,
        "min_samples_leaf": 4,
        "max_features": 0.40320819143361586,
        "bootstrap": false,
        "criterion": "poisson",
        "min_weight_fraction_leaf": 0.052471472295691365,
        "n_jobs": -1
    },
    "metrics": {
        "MSE": {
            "Temperature": 30.734550891233752,
            "Precipitation_accumulated": 68.54037828711307,
            "Humidity": 151.33473619011818,
            "Wind_Speed_kmh": 2.079082913638757,
            "Soil_Moisture": 2233970.685902887,
            "Soil_Temperature": 16.62185006655278,
            "Wind_Dir_Sin": 0.6799601907731269,
            "Wind_Dir_Cos": 0.3837167917681545
        },
        "RMSE": {
            "Temperature": 5.5438750789708235,
            "Precipitation_accumulated": 8.278911660786886,
            "Humidity": 12.301818409898521,
            "Wind_Speed_kmh": 1.4419025326417723,
            "Soil_Moisture": 1494.6473449957641,
            "Soil_Temperature": 4.076990319654044,
            "Wind_Dir_Sin": 0.8245969868809411,
            "Wind_Dir_Cos": 0.6194487805849281
        },
        "MAE": {
            "Temperature": 4.546631054582178,
            "Precipitation_accumulated": 7.990078456888058,
            "Humidity": 10.820653545241296,
            "Wind_Speed_kmh": 1.094613225765745,
            "Soil_Moisture": 1472.91773580544,
            "Soil_Temperature": 3.3488164709212147,
            "Wind_Dir_Sin": 0.6477304717872677,
            "Wind_Dir_Cos": 0.5451613417825328
        },
        "R2": {
            "Temperature": -0.009101096579947843,
            "Precipitation_accumulated": -18.415670210232683,
            "Humidity": -0.03442373466698001,
            "Wind_Speed_kmh": -0.5384866526247349,
            "Soil_Moisture": -35.709811614414754,
            "Soil_Temperature": -0.02668123525763444,
            "Wind_Dir_Sin": -0.23866169143790605,
            "Wind_Dir_Cos": -0.03730493046435179
        },
        "SMAPE": {
            "Temperature": 56.55860006613329,
            "Precipitation_accumulated": 1.7345211311263204,
            "Humidity": 12.66862007699264,
            "Wind_Speed_kmh": 95.6754834524825,
            "Soil_Moisture": 18.763033168144723,
            "Soil_Temperature": 47.23402647798196,
            "Wind_Dir_Sin": 105.8540738051482,
            "Wind_Dir_Cos": 149.71653003413545
        }
    }
}