{
    "trial_number": 42,
    "overall_mae_val": 0.22890516326987567,
    "params": {
        "n_estimators": 750,
        "max_depth": 13,
        "min_samples_split": 8,
        "min_samples_leaf": 5,
        "max_features": 0.18580504387735314,
        "bootstrap": false,
        "criterion": "poisson",
        "min_weight_fraction_leaf": 0.49549277587221774,
        "n_jobs": -1
    },
    "metrics": {
        "MSE": {
            "Temperature": 18.54622651923669,
            "Precipitation_accumulated": 18124.354374460618,
            "Humidity": 109.02071245777545,
            "Wind_Speed_kmh": 2.5008746938482473,
            "Soil_Moisture": 3157861.404488544,
            "Soil_Temperature": 17.664833295302515,
            "Wind_Dir_Sin": 0.5877260264213046,
            "Wind_Dir_Cos": 0.8717852589066932
        },
        "RMSE": {
            "Temperature": 4.306533004545152,
            "Precipitation_accumulated": 134.626722363952,
            "Humidity": 10.441298408616404,
            "Wind_Speed_kmh": 1.5814154083757523,
            "Soil_Moisture": 1777.0372546709716,
            "Soil_Temperature": 4.202955304937529,
            "Wind_Dir_Sin": 0.7666329150390717,
            "Wind_Dir_Cos": 0.9336944140920482
        },
        "MAE": {
            "Temperature": 3.600876416869907,
            "Precipitation_accumulated": 121.84450865444617,
            "Humidity": 9.05058044522748,
            "Wind_Speed_kmh": 1.1952592451085702,
            "Soil_Moisture": 1743.9911089479822,
            "Soil_Temperature": 3.604401845428841,
            "Wind_Dir_Sin": 0.7118699264403463,
            "Wind_Dir_Cos": 0.785410143182961
        },
        "R2": {
            "Temperature": 0.39180812230834694,
            "Precipitation_accumulated": -5148.03316247804,
            "Humidity": 0.25568365737956056,
            "Wind_Speed_kmh": -0.8483876319022874,
            "Soil_Moisture": -51.25556295160784,
            "Soil_Temperature": -0.09077337856143175,
            "Wind_Dir_Sin": -0.07077588312244121,
            "Wind_Dir_Cos": -1.3541005386250502
        },
        "SMAPE": {
            "Temperature": 48.6547306451768,
            "Precipitation_accumulated": 31.435380765880108,
            "Humidity": 10.557737056189415,
            "Wind_Speed_kmh": 111.70881230028549,
            "Soil_Moisture": 22.71704858741619,
            "Soil_Temperature": 48.22964293230451,
            "Wind_Dir_Sin": 186.79519856840167,
            "Wind_Dir_Cos": 148.73781725806163
        }
    }
}