{
    "trial_number": 13,
    "overall_mae_val": 0.13334264640623503,
    "params": {
        "n_estimators": 350,
        "max_depth": 8,
        "min_samples_split": 14,
        "min_samples_leaf": 4,
        "max_features": 0.3650821887983916,
        "bootstrap": false,
        "criterion": "squared_error",
        "min_weight_fraction_leaf": 0.001572269674508131,
        "n_jobs": -1
    },
    "metrics": {
        "MSE": {
            "Temperature": 15.933428969838019,
            "Precipitation_accumulated": 51.78134504915543,
            "Humidity": 121.40166187895869,
            "Wind_Speed_kmh": 1.3358424145504653,
            "Soil_Moisture": 559828.4340323356,
            "Soil_Temperature": 7.349716531197955,
            "Wind_Dir_Sin": 0.5090597029721137,
            "Wind_Dir_Cos": 0.3653425555425097
        },
        "RMSE": {
            "Temperature": 3.9916699475079374,
            "Precipitation_accumulated": 7.195925586688306,
            "Humidity": 11.018242231815321,
            "Wind_Speed_kmh": 1.1557864917667386,
            "Soil_Moisture": 748.2168362395594,
            "Soil_Temperature": 2.7110360623197094,
            "Wind_Dir_Sin": 0.7134841995251988,
            "Wind_Dir_Cos": 0.6044357331780689
        },
        "MAE": {
            "Temperature": 3.2017917329247436,
            "Precipitation_accumulated": 6.246886884064927,
            "Humidity": 8.607114510339132,
            "Wind_Speed_kmh": 0.8958453656650475,
            "Soil_Moisture": 668.4337021879055,
            "Soil_Temperature": 2.0323022465070406,
            "Wind_Dir_Sin": 0.5942440604969942,
            "Wind_Dir_Cos": 0.5258960754897336
        },
        "R2": {
            "Temperature": 0.476116237986426,
            "Precipitation_accumulated": -13.605412058898523,
            "Humidity": 0.16881477080329743,
            "Wind_Speed_kmh": 0.009777435832400982,
            "Soil_Moisture": -8.110694638418412,
            "Soil_Temperature": 0.546508962768814,
            "Wind_Dir_Sin": 0.0713003294486847,
            "Wind_Dir_Cos": 0.013379935203917004
        },
        "SMAPE": {
            "Temperature": 44.778214630284616,
            "Precipitation_accumulated": 1.3542779311541826,
            "Humidity": 10.221604759157065,
            "Wind_Speed_kmh": 76.61166674207274,
            "Soil_Moisture": 8.111496666441735,
            "Soil_Temperature": 30.022225774470492,
            "Wind_Dir_Sin": 115.34174261360648,
            "Wind_Dir_Cos": 149.73227367869984
        }
    }
}