{
    "trial_number": 47,
    "overall_mae_val": 0.13107686673009888,
    "params": {
        "n_estimators": 250,
        "max_depth": 13,
        "min_samples_split": 15,
        "min_samples_leaf": 5,
        "max_features": 0.36621140956816634,
        "bootstrap": false,
        "criterion": "squared_error",
        "min_weight_fraction_leaf": 0.0017922221263610785,
        "n_jobs": -1
    },
    "metrics": {
        "MSE": {
            "Temperature": 15.053029710202116,
            "Precipitation_accumulated": 76.23393558996659,
            "Humidity": 117.97501027627249,
            "Wind_Speed_kmh": 1.3362112285973076,
            "Soil_Moisture": 540802.2413547232,
            "Soil_Temperature": 7.750210295760224,
            "Wind_Dir_Sin": 0.4743893690880964,
            "Wind_Dir_Cos": 0.34987981305032656
        },
        "RMSE": {
            "Temperature": 3.879823412244701,
            "Precipitation_accumulated": 8.73120470439026,
            "Humidity": 10.86163018502621,
            "Wind_Speed_kmh": 1.1559460318705659,
            "Soil_Moisture": 735.3925763527418,
            "Soil_Temperature": 2.7839199513923214,
            "Wind_Dir_Sin": 0.6887592969159083,
            "Wind_Dir_Cos": 0.5915063930764625
        },
        "MAE": {
            "Temperature": 3.082667253283067,
            "Precipitation_accumulated": 7.434580468883435,
            "Humidity": 8.485269636662585,
            "Wind_Speed_kmh": 0.8964632480058948,
            "Soil_Moisture": 659.9815300986327,
            "Soil_Temperature": 2.1318179237015036,
            "Wind_Dir_Sin": 0.5750634669378919,
            "Wind_Dir_Cos": 0.5123606822366403
        },
        "R2": {
            "Temperature": 0.5052668946679382,
            "Precipitation_accumulated": -20.441674371059456,
            "Humidity": 0.19214961407824327,
            "Wind_Speed_kmh": 0.00884964565342694,
            "Soil_Moisture": -7.751622345033599,
            "Soil_Temperature": 0.5227663074603481,
            "Wind_Dir_Sin": 0.13376288857927476,
            "Wind_Dir_Cos": 0.0556965538111468
        },
        "SMAPE": {
            "Temperature": 43.57877401712433,
            "Precipitation_accumulated": 1.6151211853230678,
            "Humidity": 10.086912618865867,
            "Wind_Speed_kmh": 76.72272235313064,
            "Soil_Moisture": 8.00046691976686,
            "Soil_Temperature": 31.26706206057356,
            "Wind_Dir_Sin": 115.03784743495578,
            "Wind_Dir_Cos": 141.05662286103967
        }
    }
}