{
    "trial_number": 32,
    "fold_smape": [
        48.72077913741308,
        51.01346404964352,
        53.790287613063114
    ],
    "mean_smape": 51.1748436000399,
    "hyperparameters": {
        "input_chunk_length": 48,
        "hidden_size": 64,
        "dropout": 0.1,
        "batch_size": 144,
        "lr": 0.0015965492627027782,
        "weight_decay": 0.000489239481086489,
        "num_encoder_layers": 4,
        "num_decoder_layers": 1,
        "temporal_width_past": 1,
        "temporal_width_future": 2,
        "use_reversible_instance_norm": true,
        "temporal_hidden_size_past": 72,
        "temporal_hidden_size_future": 132
    },
    "metrics_per_fold": [
        {
            "Temperature": {
                "MSE": 4.6356174238955274,
                "RMSE": 2.153048402590041,
                "MAE": 1.2918049722415872,
                "R2": 0.776261840806814,
                "SMAPE": 9.082627396668364,
                "WAPE": 8.14134751574663
            },
            "Precipitation_accumulated": {
                "MSE": 1951.2094269896156,
                "RMSE": 44.17249627301604,
                "MAE": 6.379582901765929,
                "R2": 0.9063370972176705,
                "SMAPE": 3.2617010219613727,
                "WAPE": 1.5769804948881376
            },
            "Humidity": {
                "MSE": 22.385553600110914,
                "RMSE": 4.731337400789645,
                "MAE": 3.4141005678695535,
                "R2": 0.7124812750286955,
                "SMAPE": 4.212848009558334,
                "WAPE": 4.03803062483193
            },
            "Wind_Speed_kmh": {
                "MSE": 0.03749047999510087,
                "RMSE": 0.1936245852031732,
                "MAE": 0.07890549101301743,
                "R2": 0.792273315674122,
                "SMAPE": 165.9706899039235,
                "WAPE": 40.59393867932453
            },
            "Soil_Moisture": {
                "MSE": 80674.26911037992,
                "RMSE": 284.0321621055966,
                "MAE": 102.29628962575164,
                "R2": 0.9100448705779307,
                "SMAPE": 1.4018254396893455,
                "WAPE": 1.5006225353573346
            },
            "Soil_Temperature": {
                "MSE": 4.7830412840913725,
                "RMSE": 2.187016525792929,
                "MAE": 1.2867762006017274,
                "R2": 0.7747976355397814,
                "SMAPE": 9.22698021460214,
                "WAPE": 8.23752819978198
            },
            "Wind_Dir_Sin": {
                "MSE": 0.06813633398577089,
                "RMSE": 0.2610293737987564,
                "MAE": 0.09616519244354628,
                "R2": 0.37307563044739056,
                "SMAPE": 173.26979211269528,
                "WAPE": 68.25153339568666
            },
            "Wind_Dir_Cos": {
                "MSE": 0.10217165899226646,
                "RMSE": 0.31964301805649764,
                "MAE": 0.11807250286748551,
                "R2": 0.7503657395064943,
                "SMAPE": 23.3397690002063,
                "WAPE": 12.81561106645863
            }
        },
        {
            "Temperature": {
                "MSE": 0.4532757707988217,
                "RMSE": 0.6732575813155183,
                "MAE": 0.4637399771282427,
                "R2": 0.8319382939034099,
                "SMAPE": 5.788690258221614,
                "WAPE": 5.55941649380015
            },
            "Precipitation_accumulated": {
                "MSE": 0.023207165725295003,
                "RMSE": 0.1523389829468971,
                "MAE": 0.12677804671853204,
                "R2": 0.899798861356364,
                "SMAPE": 0.027640365659357735,
                "WAPE": 0.027642663944678403
            },
            "Humidity": {
                "MSE": 5.092085217631321,
                "RMSE": 2.2565649154481067,
                "MAE": 1.6846806565384735,
                "R2": 0.863451278748231,
                "SMAPE": 1.945136488071632,
                "WAPE": 1.92420397204329
            },
            "Wind_Speed_kmh": {
                "MSE": 0.0012420574758979187,
                "RMSE": 0.035242835809536084,
                "MAE": 0.01100599434954017,
                "R2": -0.18740274605767127,
                "SMAPE": 195.27681846692406,
                "WAPE": 134.07721341496966
            },
            "Soil_Moisture": {
                "MSE": 10857.878791240697,
                "RMSE": 104.20114582498935,
                "MAE": 51.24678558297451,
                "R2": 0.6886972450360318,
                "SMAPE": 0.8761182149603757,
                "WAPE": 0.8740397795809376
            },
            "Soil_Temperature": {
                "MSE": 0.10140740391151275,
                "RMSE": 0.3184452918658286,
                "MAE": 0.23550745445910534,
                "R2": 0.9421798257523734,
                "SMAPE": 2.6708677212954393,
                "WAPE": 2.6274737476507446
            },
            "Wind_Dir_Sin": {
                "MSE": 0.02581583006977304,
                "RMSE": 0.1606730533405432,
                "MAE": 0.03746250768150576,
                "R2": 0.14025554803881346,
                "SMAPE": 192.41456324491566,
                "WAPE": 95.84735345732825
            },
            "Wind_Dir_Cos": {
                "MSE": 0.04830095396048746,
                "RMSE": 0.2197747800829009,
                "MAE": 0.04656347649214223,
                "R2": -0.06551017625422118,
                "SMAPE": 9.10787763709952,
                "WAPE": 4.781635447407029
            }
        },
        {
            "Temperature": {
                "MSE": 9.36553393927653,
                "RMSE": 3.0603159868347793,
                "MAE": 2.363663604642741,
                "R2": 0.6631118252843743,
                "SMAPE": 39.00753453655577,
                "WAPE": 28.817828924483486
            },
            "Precipitation_accumulated": {
                "MSE": 0.053553770863787986,
                "RMSE": 0.23141687679118822,
                "MAE": 0.1799846447102344,
                "R2": 0.9888003809973203,
                "SMAPE": 0.03878889724172209,
                "WAPE": 0.03880636605263155
            },
            "Humidity": {
                "MSE": 89.65020506477772,
                "RMSE": 9.468379220583516,
                "MAE": 6.752975420803799,
                "R2": 0.37378914532986984,
                "SMAPE": 7.975032660601801,
                "WAPE": 7.750357723439412
            },
            "Wind_Speed_kmh": {
                "MSE": 1.5029326796061537,
                "RMSE": 1.225941548201281,
                "MAE": 0.9109011898175638,
                "R2": -0.07239301097045203,
                "SMAPE": 87.73619603038387,
                "WAPE": 67.65494151880104
            },
            "Soil_Moisture": {
                "MSE": 160117.7277259289,
                "RMSE": 400.1471325974096,
                "MAE": 113.1297455496811,
                "R2": 0.7737126293975507,
                "SMAPE": 1.5062201286746466,
                "WAPE": 1.3645266804607945
            },
            "Soil_Temperature": {
                "MSE": 2.894682192956859,
                "RMSE": 1.7013765582483082,
                "MAE": 1.243556624927609,
                "R2": 0.8240274114478674,
                "SMAPE": 25.55987488871057,
                "WAPE": 17.979341432081583
            },
            "Wind_Dir_Sin": {
                "MSE": 0.6914412101333531,
                "RMSE": 0.8315294403286952,
                "MAE": 0.7023724304899288,
                "R2": -0.3314737560143164,
                "SMAPE": 139.2568453796821,
                "WAPE": 103.80646026502107
            },
            "Wind_Dir_Cos": {
                "MSE": 0.47874771225901885,
                "RMSE": 0.6919159719640954,
                "MAE": 0.5646181579203989,
                "R2": -0.11898226195321082,
                "SMAPE": 129.24180838265465,
                "WAPE": 96.14387067789687
            }
        }
    ]
}