{
    "trial_number": 22,
    "input_chunk_length": 31,
    "output_chunk_length": 3,
    "hidden_size": 64,
    "temporal_width_past": 2,
    "temporal_width_future": 1,
    "use_reversible_instance_norm": true,
    "num_encoder_layers": 3,
    "num_decoder_layers": 2,
    "dropout": 0.20128071613978848,
    "batch_size": 64,
    "lr": 0.0027357599094927233,
    "loss_function": "smoothl1",
    "optimizer": "Adam",
    "overall_mae_val": 0.09996805895093903,
    "metrics": {
        "MSE": {
            "Temperature": 4.354211369526869,
            "Precipitation_accumulated": 0.4181391817773065,
            "Humidity": 38.53011386291303,
            "Wind_Speed_kmh": 1.1201128775201943,
            "Soil_Moisture": 3989.2502139791313,
            "Soil_Temperature": 1.1305354257606128,
            "Wind_Dir_Sin": 0.5828498421033657,
            "Wind_Dir_Cos": 0.3933691444846133
        },
        "RMSE": {
            "Temperature": 2.0866747157922982,
            "Precipitation_accumulated": 0.6466368237096513,
            "Humidity": 6.207262992890911,
            "Wind_Speed_kmh": 1.0583538526977612,
            "Soil_Moisture": 63.1605115082132,
            "Soil_Temperature": 1.063266394541186,
            "Wind_Dir_Sin": 0.7634460309041927,
            "Wind_Dir_Cos": 0.6271914735426601
        },
        "MAE": {
            "Temperature": 1.5846619171968102,
            "Precipitation_accumulated": 0.5508850635053626,
            "Humidity": 4.474272069145726,
            "Wind_Speed_kmh": 0.8232958631446707,
            "Soil_Moisture": 26.336395562323702,
            "Soil_Temperature": 0.7979119218708532,
            "Wind_Dir_Sin": 0.6358756006314159,
            "Wind_Dir_Cos": 0.5108055734078912
        },
        "R2": {
            "Temperature": 0.8571940624745105,
            "Precipitation_accumulated": 0.8774112796889358,
            "Humidity": 0.7371669152129351,
            "Wind_Speed_kmh": 0.16826591863819973,
            "Soil_Moisture": 0.9291609789273463,
            "Soil_Temperature": 0.9297711343794636,
            "Wind_Dir_Sin": -0.058630336615302925,
            "Wind_Dir_Cos": -0.07299438935436209
        },
        "SMAPE": {
            "Temperature": 28.788114435929767,
            "Precipitation_accumulated": 0.11851242286732702,
            "Humidity": 5.262314804649775,
            "Wind_Speed_kmh": 72.44609945170046,
            "Soil_Moisture": 0.30827590806640454,
            "Soil_Temperature": 12.982386748092518,
            "Wind_Dir_Sin": 125.69478041290287,
            "Wind_Dir_Cos": 119.18257567080161
        }
    }
}