{
    "trial_number": 10,
    "fold_smape": [
        51.14486375401621,
        51.478438663937496,
        54.73504088569931
    ],
    "mean_smape": 52.452781101217674,
    "hyperparameters": {
        "input_chunk_length": 72,
        "hidden_size": 32,
        "dropout": 0.5,
        "batch_size": 136,
        "lr": 4.811218908322309e-05,
        "weight_decay": 2.211935353793933e-05,
        "num_encoder_layers": 1,
        "num_decoder_layers": 2,
        "temporal_width_past": 5,
        "temporal_width_future": 2,
        "use_reversible_instance_norm": true,
        "temporal_hidden_size_past": 168,
        "temporal_hidden_size_future": 132
    },
    "metrics_per_fold": [
        {
            "Temperature": {
                "MSE": 7.688920076851292,
                "RMSE": 2.772890202812093,
                "MAE": 1.7199703390446481,
                "R2": 0.6159393580591115,
                "SMAPE": 11.51316740725806,
                "WAPE": 10.799030867912228
            },
            "Precipitation_accumulated": {
                "MSE": 3689.778064213387,
                "RMSE": 60.74354339527278,
                "MAE": 12.683352577609758,
                "R2": 0.8073995728769722,
                "SMAPE": 5.419984716279305,
                "WAPE": 3.098446681236516
            },
            "Humidity": {
                "MSE": 32.99891753735052,
                "RMSE": 5.744468429485058,
                "MAE": 4.118782440646432,
                "R2": 0.5707633210644827,
                "SMAPE": 5.078122412200081,
                "WAPE": 4.869281510069097
            },
            "Wind_Speed_kmh": {
                "MSE": 0.05399092698362541,
                "RMSE": 0.23235947792940448,
                "MAE": 0.10161863822099547,
                "R2": 0.6893237132319161,
                "SMAPE": 168.84703185986908,
                "WAPE": 54.914633014213884
            },
            "Soil_Moisture": {
                "MSE": 175232.3438398177,
                "RMSE": 418.60762515727987,
                "MAE": 185.32920687793433,
                "R2": 0.7879235783694154,
                "SMAPE": 2.529627904653731,
                "WAPE": 2.731166837801788
            },
            "Soil_Temperature": {
                "MSE": 7.30375707557707,
                "RMSE": 2.7025464058137967,
                "MAE": 1.7249007995592929,
                "R2": 0.6454178552810532,
                "SMAPE": 11.705515384114205,
                "WAPE": 11.00253380084277
            },
            "Wind_Dir_Sin": {
                "MSE": 0.09201333866529834,
                "RMSE": 0.30333700510372674,
                "MAE": 0.1231596059639415,
                "R2": 0.14815282860000234,
                "SMAPE": 178.2861872159795,
                "WAPE": 89.29560624589791
            },
            "Wind_Dir_Cos": {
                "MSE": 0.11767019620817956,
                "RMSE": 0.34303089687108296,
                "MAE": 0.13511607808694706,
                "R2": 0.695855427646416,
                "SMAPE": 25.77927313177566,
                "WAPE": 14.662512431495678
            }
        },
        {
            "Temperature": {
                "MSE": 0.5597333747255326,
                "RMSE": 0.748153309640165,
                "MAE": 0.5403621744427015,
                "R2": 0.7895495325995765,
                "SMAPE": 6.938703184755353,
                "WAPE": 6.500425648101937
            },
            "Precipitation_accumulated": {
                "MSE": 0.06003818516555901,
                "RMSE": 0.24502690702361446,
                "MAE": 0.19107841017877908,
                "R2": 0.7412862968612455,
                "SMAPE": 0.041649181705581,
                "WAPE": 0.041662223082593576
            },
            "Humidity": {
                "MSE": 5.9755178489930145,
                "RMSE": 2.4444872364144214,
                "MAE": 1.8597373401879438,
                "R2": 0.8400694122958313,
                "SMAPE": 2.1574207066766156,
                "WAPE": 2.125784244202549
            },
            "Wind_Speed_kmh": {
                "MSE": 0.0011408891010836425,
                "RMSE": 0.03377704991682433,
                "MAE": 0.011327098922514352,
                "R2": -0.07764368397921761,
                "SMAPE": 195.06808798882676,
                "WAPE": 136.3380582904939
            },
            "Soil_Moisture": {
                "MSE": 12887.822460612617,
                "RMSE": 113.52454563050502,
                "MAE": 63.715946471585866,
                "R2": 0.6099190827727385,
                "SMAPE": 1.0889356274686088,
                "WAPE": 1.0876327094322258
            },
            "Soil_Temperature": {
                "MSE": 0.13610109166514173,
                "RMSE": 0.3689188144634829,
                "MAE": 0.2777805715349159,
                "R2": 0.9215009101431669,
                "SMAPE": 3.202603115177071,
                "WAPE": 3.106773895482968
            },
            "Wind_Dir_Sin": {
                "MSE": 0.027201995043514653,
                "RMSE": 0.16493027327787538,
                "MAE": 0.042025693134317255,
                "R2": 0.1044421547946427,
                "SMAPE": 193.30325956664706,
                "WAPE": 106.23579864232087
            },
            "Wind_Dir_Cos": {
                "MSE": 0.05178243163216076,
                "RMSE": 0.2275575347734299,
                "MAE": 0.05397393821319787,
                "R2": -0.1291057921451355,
                "SMAPE": 10.026849940243038,
                "WAPE": 5.544427318806393
            }
        },
        {
            "Temperature": {
                "MSE": 8.77800763915131,
                "RMSE": 2.9627702643221108,
                "MAE": 2.319592722771034,
                "R2": 0.686529729362722,
                "SMAPE": 37.375712354615885,
                "WAPE": 28.151134504966034
            },
            "Precipitation_accumulated": {
                "MSE": 0.1165406566389272,
                "RMSE": 0.34138051590406737,
                "MAE": 0.27952047673924346,
                "R2": 0.9752313021000798,
                "SMAPE": 0.060259932460683764,
                "WAPE": 0.06026200689950922
            },
            "Humidity": {
                "MSE": 94.50422346839511,
                "RMSE": 9.721328276958612,
                "MAE": 7.19217098968987,
                "R2": 0.3395715787702034,
                "SMAPE": 8.457102583392416,
                "WAPE": 8.240572237535114
            },
            "Wind_Speed_kmh": {
                "MSE": 1.435562518391585,
                "RMSE": 1.19814962270644,
                "MAE": 0.9167062664811532,
                "R2": -0.02771663484149789,
                "SMAPE": 88.06944724338986,
                "WAPE": 67.31550948703284
            },
            "Soil_Moisture": {
                "MSE": 166732.4732078315,
                "RMSE": 408.3288787335908,
                "MAE": 125.81570820781167,
                "R2": 0.7392610614946672,
                "SMAPE": 1.6716079199396785,
                "WAPE": 1.5120231452508346
            },
            "Soil_Temperature": {
                "MSE": 2.765269061945828,
                "RMSE": 1.662909817742931,
                "MAE": 1.226770454744963,
                "R2": 0.833801452973719,
                "SMAPE": 25.888871965171983,
                "WAPE": 17.70957557919163
            },
            "Wind_Dir_Sin": {
                "MSE": 0.6905397605150506,
                "RMSE": 0.8309872204282389,
                "MAE": 0.7135246888842873,
                "R2": -0.31477116197490007,
                "SMAPE": 144.59043585357682,
                "WAPE": 104.33678783543306
            },
            "Wind_Dir_Cos": {
                "MSE": 0.4904120781773492,
                "RMSE": 0.7002942796977205,
                "MAE": 0.5801109676686885,
                "R2": -0.17460042096269013,
                "SMAPE": 131.76688923304698,
                "WAPE": 99.61811696932537
            }
        }
    ]
}