{
    "trial_number": 85,
    "fold_smape": [
        48.5997575766805,
        50.898261928537536,
        52.49769964998223
    ],
    "mean_smape": 50.665239718400095,
    "hyperparameters": {
        "input_chunk_length": 36,
        "hidden_size": 152,
        "dropout": 0.4,
        "batch_size": 64,
        "lr": 0.004954369188160855,
        "weight_decay": 0.0006378550597828199,
        "num_encoder_layers": 3,
        "num_decoder_layers": 2,
        "temporal_width_past": 5,
        "temporal_width_future": 1,
        "use_reversible_instance_norm": true,
        "temporal_hidden_size_past": 48,
        "temporal_hidden_size_future": 132
    },
    "metrics_per_fold": [
        {
            "Temperature": {
                "MSE": 4.634020332857263,
                "RMSE": 2.152677479990271,
                "MAE": 1.2892020153268697,
                "R2": 0.7772325892082381,
                "SMAPE": 9.211685327855646,
                "WAPE": 8.136933056727704
            },
            "Precipitation_accumulated": {
                "MSE": 1888.85486775969,
                "RMSE": 43.46095797103062,
                "MAE": 5.969248548461751,
                "R2": 0.9127057366088932,
                "SMAPE": 3.196475456825618,
                "WAPE": 1.4842000089558163
            },
            "Humidity": {
                "MSE": 22.30944970351764,
                "RMSE": 4.72328801826838,
                "MAE": 3.3934585369382826,
                "R2": 0.7146806754980802,
                "SMAPE": 4.190504113986405,
                "WAPE": 4.015600371561336
            },
            "Wind_Speed_kmh": {
                "MSE": 0.041003355015081885,
                "RMSE": 0.20249285176292492,
                "MAE": 0.08028501611161822,
                "R2": 0.793360525247362,
                "SMAPE": 165.20467321976054,
                "WAPE": 39.31591111686804
            },
            "Soil_Moisture": {
                "MSE": 77264.47599339508,
                "RMSE": 277.96488266217204,
                "MAE": 100.431085579517,
                "R2": 0.9171296455821524,
                "SMAPE": 1.3763057505118879,
                "WAPE": 1.469890175398098
            },
            "Soil_Temperature": {
                "MSE": 4.657777586974669,
                "RMSE": 2.158188496627361,
                "MAE": 1.265809073953241,
                "R2": 0.781431642543064,
                "SMAPE": 9.258990762861634,
                "WAPE": 8.113742075647203
            },
            "Wind_Dir_Sin": {
                "MSE": 0.06889324753082487,
                "RMSE": 0.262475232223585,
                "MAE": 0.09665219777929776,
                "R2": 0.3856039582004924,
                "SMAPE": 172.59368452194062,
                "WAPE": 66.7930955729711
            },
            "Wind_Dir_Cos": {
                "MSE": 0.10741841506432255,
                "RMSE": 0.3277474867399025,
                "MAE": 0.12058015671549373,
                "R2": 0.7406513604341398,
                "SMAPE": 23.76574145970168,
                "WAPE": 13.122488138120573
            }
        },
        {
            "Temperature": {
                "MSE": 0.46392328142322153,
                "RMSE": 0.6811191389347546,
                "MAE": 0.4609080163727332,
                "R2": 0.8285793021781839,
                "SMAPE": 5.704550903237815,
                "WAPE": 5.5176017463403895
            },
            "Precipitation_accumulated": {
                "MSE": 0.08013169800733506,
                "RMSE": 0.28307542812355696,
                "MAE": 0.2760071410411202,
                "R2": 0.653649530796897,
                "SMAPE": 0.06016741473679165,
                "WAPE": 0.06018089192583181
            },
            "Humidity": {
                "MSE": 5.125837770843413,
                "RMSE": 2.264031309598746,
                "MAE": 1.6935778236750876,
                "R2": 0.8624668035687557,
                "SMAPE": 1.9543041390998142,
                "WAPE": 1.933617076923998
            },
            "Wind_Speed_kmh": {
                "MSE": 0.0012402786489261965,
                "RMSE": 0.035217590049948004,
                "MAE": 0.010525498733908198,
                "R2": -0.19279151415728957,
                "SMAPE": 195.1161760157692,
                "WAPE": 128.99076140190155
            },
            "Soil_Moisture": {
                "MSE": 10909.311338814554,
                "RMSE": 104.44764879505213,
                "MAE": 51.03254398627933,
                "R2": 0.6997844202764387,
                "SMAPE": 0.8723687570046874,
                "WAPE": 0.8699173814921439
            },
            "Soil_Temperature": {
                "MSE": 0.10442664786953035,
                "RMSE": 0.3231511223398897,
                "MAE": 0.23509185290585846,
                "R2": 0.9406536040771613,
                "SMAPE": 2.651282088772919,
                "WAPE": 2.6200828916621353
            },
            "Wind_Dir_Sin": {
                "MSE": 0.026549378206535725,
                "RMSE": 0.16293979933256247,
                "MAE": 0.037162922405053186,
                "R2": 0.11077513552447027,
                "SMAPE": 192.00142740442308,
                "WAPE": 95.6496471788574
            },
            "Wind_Dir_Cos": {
                "MSE": 0.04917214044408533,
                "RMSE": 0.22174792094647772,
                "MAE": 0.045258057788983015,
                "R2": -0.0909982670583025,
                "SMAPE": 8.825818705255914,
                "WAPE": 4.64683760237485
            }
        },
        {
            "Temperature": {
                "MSE": 8.960798032166341,
                "RMSE": 2.993459208368529,
                "MAE": 2.270222620555667,
                "R2": 0.6760644519821273,
                "SMAPE": 38.38316251287844,
                "WAPE": 27.718271088174724
            },
            "Precipitation_accumulated": {
                "MSE": 0.043389609555696526,
                "RMSE": 0.20830172720286436,
                "MAE": 0.09734662453462066,
                "R2": 0.991000251905142,
                "SMAPE": 0.020996512466955206,
                "WAPE": 0.020989751062981902
            },
            "Humidity": {
                "MSE": 89.65904035249875,
                "RMSE": 9.468845777205306,
                "MAE": 6.48720937849502,
                "R2": 0.3743455416668261,
                "SMAPE": 7.685601247222947,
                "WAPE": 7.451925420539355
            },
            "Wind_Speed_kmh": {
                "MSE": 1.5979720080984183,
                "RMSE": 1.2641091757037517,
                "MAE": 0.9284229374515537,
                "R2": -0.1382948003795903,
                "SMAPE": 88.19127481670546,
                "WAPE": 69.3579104661193
            },
            "Soil_Moisture": {
                "MSE": 147676.2367655365,
                "RMSE": 384.28665962473445,
                "MAE": 105.72260296909069,
                "R2": 0.8021488896909329,
                "SMAPE": 1.4029221586616984,
                "WAPE": 1.277656833292469
            },
            "Soil_Temperature": {
                "MSE": 2.6071660831726824,
                "RMSE": 1.6146721286913583,
                "MAE": 1.180316099144947,
                "R2": 0.8405767907510251,
                "SMAPE": 25.37192990706,
                "WAPE": 17.072880229903653
            },
            "Wind_Dir_Sin": {
                "MSE": 0.7004466799032086,
                "RMSE": 0.8369269262625075,
                "MAE": 0.6876265760294907,
                "R2": -0.3565774542518494,
                "SMAPE": 131.31057694300384,
                "WAPE": 102.15679264825948
            },
            "Wind_Dir_Cos": {
                "MSE": 0.4933324475416668,
                "RMSE": 0.7023762862893841,
                "MAE": 0.5691383612680192,
                "R2": -0.13993047235689837,
                "SMAPE": 127.6151331018581,
                "WAPE": 96.51604834408612
            }
        }
    ]
}