{
    "trial_number": 36,
    "fold_smape": [
        48.77366484001851,
        51.06435655661836,
        55.66147941719424
    ],
    "mean_smape": 51.8331669379437,
    "hyperparameters": {
        "input_chunk_length": 48,
        "hidden_size": 72,
        "dropout": 0.2,
        "batch_size": 152,
        "lr": 0.001654259756065979,
        "weight_decay": 0.0013488930549345774,
        "num_encoder_layers": 3,
        "num_decoder_layers": 1,
        "temporal_width_past": 1,
        "temporal_width_future": 2,
        "use_reversible_instance_norm": true,
        "temporal_hidden_size_past": 72,
        "temporal_hidden_size_future": 156
    },
    "metrics_per_fold": [
        {
            "Temperature": {
                "MSE": 4.762888168028315,
                "RMSE": 2.182404217377779,
                "MAE": 1.3137389146193714,
                "R2": 0.7701191160287439,
                "SMAPE": 9.167387937571373,
                "WAPE": 8.279581886356025
            },
            "Precipitation_accumulated": {
                "MSE": 1976.739688731229,
                "RMSE": 44.460540805654055,
                "MAE": 6.4250180922407445,
                "R2": 0.9051115811913353,
                "SMAPE": 3.290991559872003,
                "WAPE": 1.588211700793539
            },
            "Humidity": {
                "MSE": 23.258891187343266,
                "RMSE": 4.822747265547228,
                "MAE": 3.4825463646717134,
                "R2": 0.7012641787693779,
                "SMAPE": 4.302742687625529,
                "WAPE": 4.118984954715837
            },
            "Wind_Speed_kmh": {
                "MSE": 0.0371357417273688,
                "RMSE": 0.19270636140866965,
                "MAE": 0.07817119257554003,
                "R2": 0.7942388441007817,
                "SMAPE": 165.84659221936892,
                "WAPE": 40.21616945996357
            },
            "Soil_Moisture": {
                "MSE": 80018.73970324473,
                "RMSE": 282.8758379629563,
                "MAE": 102.78907372024291,
                "R2": 0.9107758128388161,
                "SMAPE": 1.4114240216301064,
                "WAPE": 1.507851369560067
            },
            "Soil_Temperature": {
                "MSE": 4.8851235865900025,
                "RMSE": 2.2102315685443465,
                "MAE": 1.304464211487853,
                "R2": 0.7699912425929554,
                "SMAPE": 9.342605441118483,
                "WAPE": 8.350761167880377
            },
            "Wind_Dir_Sin": {
                "MSE": 0.06773868649197091,
                "RMSE": 0.2602665681411482,
                "MAE": 0.09550788578170484,
                "R2": 0.37673439647972196,
                "SMAPE": 173.27626918437377,
                "WAPE": 67.78502169387507
            },
            "Wind_Dir_Cos": {
                "MSE": 0.10235169840558812,
                "RMSE": 0.31992451985677517,
                "MAE": 0.11884693432984487,
                "R2": 0.7499258522985588,
                "SMAPE": 23.551305668587823,
                "WAPE": 12.89966799909065
            }
        },
        {
            "Temperature": {
                "MSE": 0.44477995497606043,
                "RMSE": 0.6669182520939583,
                "MAE": 0.4577732414601096,
                "R2": 0.8350882996920258,
                "SMAPE": 5.704051214769176,
                "WAPE": 5.487885958751213
            },
            "Precipitation_accumulated": {
                "MSE": 0.040286381512710176,
                "RMSE": 0.20071467687418917,
                "MAE": 0.18615837573304592,
                "R2": 0.8260562557621769,
                "SMAPE": 0.04058527228498846,
                "WAPE": 0.04058994087754428
            },
            "Humidity": {
                "MSE": 5.296543145032265,
                "RMSE": 2.3014219832599725,
                "MAE": 1.7320556491843,
                "R2": 0.8579685605015452,
                "SMAPE": 2.0015283747515094,
                "WAPE": 1.9783146123422803
            },
            "Wind_Speed_kmh": {
                "MSE": 0.0011966987885690826,
                "RMSE": 0.03459333445288388,
                "MAE": 0.010224000405380424,
                "R2": -0.14403999438396542,
                "SMAPE": 195.32308124705312,
                "WAPE": 124.55080756644215
            },
            "Soil_Moisture": {
                "MSE": 11120.758815107787,
                "RMSE": 105.4550084875431,
                "MAE": 53.28871237934971,
                "R2": 0.6811602963162839,
                "SMAPE": 0.9109297527162606,
                "WAPE": 0.9088658711439784
            },
            "Soil_Temperature": {
                "MSE": 0.1016911609414358,
                "RMSE": 0.31889051560282533,
                "MAE": 0.23538291523525992,
                "R2": 0.9420180340065907,
                "SMAPE": 2.6728400403724684,
                "WAPE": 2.6260843073803373
            },
            "Wind_Dir_Sin": {
                "MSE": 0.02641703978105464,
                "RMSE": 0.1625331959356446,
                "MAE": 0.03868764998038062,
                "R2": 0.12023346421107894,
                "SMAPE": 192.57903567544085,
                "WAPE": 98.98186457852991
            },
            "Wind_Dir_Cos": {
                "MSE": 0.04975659175498962,
                "RMSE": 0.22306185634256168,
                "MAE": 0.04781777724221878,
                "R2": -0.09762127874406223,
                "SMAPE": 9.282800875558275,
                "WAPE": 4.910440454681076
            }
        },
        {
            "Temperature": {
                "MSE": 11.440643439919597,
                "RMSE": 3.382402022220244,
                "MAE": 2.60829436044849,
                "R2": 0.588467938823727,
                "SMAPE": 40.721009925159116,
                "WAPE": 31.80037147268281
            },
            "Precipitation_accumulated": {
                "MSE": 0.0647675106130785,
                "RMSE": 0.2544946180434441,
                "MAE": 0.1619646136170919,
                "R2": 0.9864552685848499,
                "SMAPE": 0.0349115790673663,
                "WAPE": 0.03492107948273492
            },
            "Humidity": {
                "MSE": 109.18927862720135,
                "RMSE": 10.449367379281933,
                "MAE": 7.71667569221613,
                "R2": 0.23730780715393496,
                "SMAPE": 9.096778075814655,
                "WAPE": 8.856391934464598
            },
            "Wind_Speed_kmh": {
                "MSE": 1.536090780999799,
                "RMSE": 1.2393912945473673,
                "MAE": 0.932729055258258,
                "R2": -0.09605243143159536,
                "SMAPE": 90.6719964280942,
                "WAPE": 69.27615244307943
            },
            "Soil_Moisture": {
                "MSE": 207670.4320590998,
                "RMSE": 455.7087140478003,
                "MAE": 139.6282624087482,
                "R2": 0.7065084754202493,
                "SMAPE": 1.8710514600143602,
                "WAPE": 1.6841414119458789
            },
            "Soil_Temperature": {
                "MSE": 3.800178949745101,
                "RMSE": 1.9494047680625748,
                "MAE": 1.433778428076524,
                "R2": 0.7689807439396728,
                "SMAPE": 28.361334253791615,
                "WAPE": 20.729568223595514
            },
            "Wind_Dir_Sin": {
                "MSE": 0.6579571421932494,
                "RMSE": 0.8111455739836404,
                "MAE": 0.6961569152208975,
                "R2": -0.2669951610832302,
                "SMAPE": 143.4633154707354,
                "WAPE": 102.88784414230216
            },
            "Wind_Dir_Cos": {
                "MSE": 0.4845411366680535,
                "RMSE": 0.6960898912267391,
                "MAE": 0.5760811662356228,
                "R2": -0.1325232961632481,
                "SMAPE": 131.07143814487748,
                "WAPE": 98.0958057575227
            }
        }
    ]
}