{
    "trial_number": 14,
    "fold_smape": [
        50.109767401966096,
        51.13233745448353,
        55.72439442456587
    ],
    "mean_smape": 52.322166427005165,
    "hyperparameters": {
        "input_chunk_length": 60,
        "hidden_size": 104,
        "dropout": 0.30000000000000004,
        "batch_size": 160,
        "lr": 0.00024316131900840076,
        "weight_decay": 7.513432206087764e-06,
        "num_encoder_layers": 1,
        "num_decoder_layers": 3,
        "temporal_width_past": 3,
        "temporal_width_future": 2,
        "use_reversible_instance_norm": true,
        "temporal_hidden_size_past": 144,
        "temporal_hidden_size_future": 96
    },
    "metrics_per_fold": [
        {
            "Temperature": {
                "MSE": 5.9530803534332986,
                "RMSE": 2.439893512724131,
                "MAE": 1.4704573821166778,
                "R2": 0.7048034472303366,
                "SMAPE": 10.516040138825332,
                "WAPE": 9.231683508147025
            },
            "Precipitation_accumulated": {
                "MSE": 2609.5015333024785,
                "RMSE": 51.083280369436714,
                "MAE": 8.493078723936101,
                "R2": 0.8695625604848529,
                "SMAPE": 4.008890355210921,
                "WAPE": 2.0871084202631858
            },
            "Humidity": {
                "MSE": 31.188903721593327,
                "RMSE": 5.584702652925519,
                "MAE": 3.9244470802236715,
                "R2": 0.6008067934740742,
                "SMAPE": 4.845521284895429,
                "WAPE": 4.64317104145528
            },
            "Wind_Speed_kmh": {
                "MSE": 0.04171210973608066,
                "RMSE": 0.2042354272306366,
                "MAE": 0.09107043253539512,
                "R2": 0.7631797777027641,
                "SMAPE": 167.00284648942622,
                "WAPE": 48.23577193897223
            },
            "Soil_Moisture": {
                "MSE": 112971.30064989894,
                "RMSE": 336.1120358599182,
                "MAE": 136.58671309843513,
                "R2": 0.8689019310353685,
                "SMAPE": 1.8865236721000906,
                "WAPE": 2.0082262985173265
            },
            "Soil_Temperature": {
                "MSE": 5.6021640104830706,
                "RMSE": 2.3668890997431777,
                "MAE": 1.4118936948674459,
                "R2": 0.7305461646499474,
                "SMAPE": 10.096464398750319,
                "WAPE": 9.005696447840462
            },
            "Wind_Dir_Sin": {
                "MSE": 0.06835835220124845,
                "RMSE": 0.2614543023192551,
                "MAE": 0.10210058677109302,
                "R2": 0.3705059378430262,
                "SMAPE": 175.04138187909905,
                "WAPE": 73.19308970618218
            },
            "Wind_Dir_Cos": {
                "MSE": 0.11182514281099308,
                "RMSE": 0.33440266567566873,
                "MAE": 0.13449999407712004,
                "R2": 0.7183864898298697,
                "SMAPE": 27.480470997421392,
                "WAPE": 14.599143253748942
            }
        },
        {
            "Temperature": {
                "MSE": 0.4671663720301003,
                "RMSE": 0.6834957000816467,
                "MAE": 0.4673584692369632,
                "R2": 0.825545560191403,
                "SMAPE": 5.885442850193342,
                "WAPE": 5.612496666064356
            },
            "Precipitation_accumulated": {
                "MSE": 0.0902747469473002,
                "RMSE": 0.3004575626395518,
                "MAE": 0.21230430305417058,
                "R2": 0.6106172382299411,
                "SMAPE": 0.04628293766557009,
                "WAPE": 0.04629052870313439
            },
            "Humidity": {
                "MSE": 5.535266527202894,
                "RMSE": 2.3527147143678286,
                "MAE": 1.7857426761708393,
                "R2": 0.8516857457350258,
                "SMAPE": 2.066144100601047,
                "WAPE": 2.0404282135058307
            },
            "Wind_Speed_kmh": {
                "MSE": 0.0011957834092323992,
                "RMSE": 0.03458010134791972,
                "MAE": 0.014568548144820967,
                "R2": -0.13632990495599717,
                "SMAPE": 194.97349630423867,
                "WAPE": 176.4152760291772
            },
            "Soil_Moisture": {
                "MSE": 11719.137021125469,
                "RMSE": 108.25496303230383,
                "MAE": 52.190772360856464,
                "R2": 0.648689098287548,
                "SMAPE": 0.8936175805937592,
                "WAPE": 0.8906284222061417
            },
            "Soil_Temperature": {
                "MSE": 0.10448281487072197,
                "RMSE": 0.3232380158191823,
                "MAE": 0.2361069850038959,
                "R2": 0.9400740797516309,
                "SMAPE": 2.711866714493114,
                "WAPE": 2.6374256904859195
            },
            "Wind_Dir_Sin": {
                "MSE": 0.02634779877768662,
                "RMSE": 0.16232005044875578,
                "MAE": 0.04015167076322735,
                "R2": 0.12755198161697323,
                "SMAPE": 192.59116493298058,
                "WAPE": 102.11302159379132
            },
            "Wind_Dir_Cos": {
                "MSE": 0.05355806494191918,
                "RMSE": 0.23142615440334133,
                "MAE": 0.05296684205629288,
                "R2": -0.1746520551085986,
                "SMAPE": 9.890684215102223,
                "WAPE": 5.440082360809393
            }
        },
        {
            "Temperature": {
                "MSE": 10.197484646152263,
                "RMSE": 3.193350066333515,
                "MAE": 2.478692402992716,
                "R2": 0.6341118267615087,
                "SMAPE": 39.515267831016466,
                "WAPE": 30.1319144066545
            },
            "Precipitation_accumulated": {
                "MSE": 0.06466481104186268,
                "RMSE": 0.2542927663970461,
                "MAE": 0.16836565926711825,
                "R2": 0.9863667402584362,
                "SMAPE": 0.0362988669584456,
                "WAPE": 0.036299633487590556
            },
            "Humidity": {
                "MSE": 98.03723918546724,
                "RMSE": 9.901375620865378,
                "MAE": 7.330294516400298,
                "R2": 0.314639238855408,
                "SMAPE": 8.637086877601785,
                "WAPE": 8.405570604559069
            },
            "Wind_Speed_kmh": {
                "MSE": 1.6756246683307852,
                "RMSE": 1.2944592184888581,
                "MAE": 0.9783760004276859,
                "R2": -0.19851578330963537,
                "SMAPE": 95.72677487649224,
                "WAPE": 72.25114580185003
            },
            "Soil_Moisture": {
                "MSE": 173037.71725596613,
                "RMSE": 415.9780249676251,
                "MAE": 119.84696766737821,
                "R2": 0.74202357292726,
                "SMAPE": 1.596126210368171,
                "WAPE": 1.4428212135832716
            },
            "Soil_Temperature": {
                "MSE": 3.2265090241901127,
                "RMSE": 1.7962485975471527,
                "MAE": 1.3160635959056972,
                "R2": 0.8049463270366883,
                "SMAPE": 27.60455862313088,
                "WAPE": 19.01014053690141
            },
            "Wind_Dir_Sin": {
                "MSE": 0.7249132364622456,
                "RMSE": 0.8514183674682181,
                "MAE": 0.7208856188008929,
                "R2": -0.3882765663482055,
                "SMAPE": 143.327929316437,
                "WAPE": 105.9737144653282
            },
            "Wind_Dir_Cos": {
                "MSE": 0.49429658573961305,
                "RMSE": 0.7030622915073834,
                "MAE": 0.5747720086188666,
                "R2": -0.16924259276636966,
                "SMAPE": 129.35111279452178,
                "WAPE": 98.2832980676895
            }
        }
    ]
}