{
    "trial_number": 61,
    "input_chunk_length": 26,
    "output_chunk_length": 1,
    "hidden_size": 64,
    "temporal_width_past": 2,
    "temporal_width_future": 1,
    "use_reversible_instance_norm": true,
    "num_encoder_layers": 3,
    "num_decoder_layers": 2,
    "dropout": 0.22465750732962966,
    "batch_size": 80,
    "lr": 0.0027941466055897797,
    "loss_function": "smoothl1",
    "optimizer": "Adam",
    "overall_mae_val": 0.0766567656596896,
    "metrics": {
        "MSE": {
            "Temperature": 1.6066707761695325,
            "Precipitation_accumulated": 0.5840986867392037,
            "Humidity": 12.68234781435501,
            "Wind_Speed_kmh": 0.6101170405790698,
            "Soil_Moisture": 1597.824586894221,
            "Soil_Temperature": 0.3200911491705911,
            "Wind_Dir_Sin": 0.3739390838082302,
            "Wind_Dir_Cos": 0.31526644449760216
        },
        "RMSE": {
            "Temperature": 1.267545177171028,
            "Precipitation_accumulated": 0.7642634930043458,
            "Humidity": 3.561228413673435,
            "Wind_Speed_kmh": 0.7810998915497747,
            "Soil_Moisture": 39.97279808687679,
            "Soil_Temperature": 0.5657659844587611,
            "Wind_Dir_Sin": 0.6115055877162777,
            "Wind_Dir_Cos": 0.5614859254670611
        },
        "MAE": {
            "Temperature": 0.948449513901148,
            "Precipitation_accumulated": 0.7118617460625275,
            "Humidity": 2.5189690621371077,
            "Wind_Speed_kmh": 0.5785238318641066,
            "Soil_Moisture": 16.057714313873966,
            "Soil_Temperature": 0.42835078561060613,
            "Wind_Dir_Sin": 0.4899089238063939,
            "Wind_Dir_Cos": 0.4468618559947228
        },
        "R2": {
            "Temperature": 0.9473192235181893,
            "Precipitation_accumulated": 0.8305885075017558,
            "Humidity": 0.9134691442509162,
            "Wind_Speed_kmh": 0.5482543643674824,
            "Soil_Moisture": 0.9723521836646828,
            "Soil_Temperature": 0.9801905761283116,
            "Wind_Dir_Sin": 0.3200458140938346,
            "Wind_Dir_Cos": 0.14253780337317712
        },
        "SMAPE": {
            "Temperature": 18.31927151996541,
            "Precipitation_accumulated": 0.15312454344832976,
            "Humidity": 3.010774751551652,
            "Wind_Speed_kmh": 61.03466740533467,
            "Soil_Moisture": 0.18748969634105037,
            "Soil_Temperature": 7.192457329931912,
            "Wind_Dir_Sin": 97.61709039568008,
            "Wind_Dir_Cos": 109.2361955230426
        }
    }
}