{
    "trial_number": 47,
    "fold_smape": [
        48.71289102691502,
        51.049471764798156,
        52.51091150157539
    ],
    "mean_smape": 50.75775809776286,
    "hyperparameters": {
        "input_chunk_length": 24,
        "hidden_size": 128,
        "dropout": 0.30000000000000004,
        "batch_size": 88,
        "lr": 0.004956395234150667,
        "weight_decay": 0.0026094146411939495,
        "num_encoder_layers": 4,
        "num_decoder_layers": 2,
        "temporal_width_past": 3,
        "temporal_width_future": 1,
        "use_reversible_instance_norm": true,
        "temporal_hidden_size_past": 48,
        "temporal_hidden_size_future": 144
    },
    "metrics_per_fold": [
        {
            "Temperature": {
                "MSE": 4.946686941893114,
                "RMSE": 2.2241148670635504,
                "MAE": 1.339183429412913,
                "R2": 0.768233673761163,
                "SMAPE": 9.67160428519344,
                "WAPE": 8.48464655148856
            },
            "Precipitation_accumulated": {
                "MSE": 1813.2272350613146,
                "RMSE": 42.582006000907406,
                "MAE": 5.302925281150381,
                "R2": 0.9191414834311946,
                "SMAPE": 3.082926167636101,
                "WAPE": 1.3262157077796648
            },
            "Humidity": {
                "MSE": 22.817622666960276,
                "RMSE": 4.776779528820676,
                "MAE": 3.454738546971691,
                "R2": 0.7085018555252274,
                "SMAPE": 4.257909415588383,
                "WAPE": 4.085482754507603
            },
            "Wind_Speed_kmh": {
                "MSE": 0.04493818841835216,
                "RMSE": 0.21198629299639202,
                "MAE": 0.08639757029826765,
                "R2": 0.7753587121278231,
                "SMAPE": 164.91484868503724,
                "WAPE": 41.60423450231534
            },
            "Soil_Moisture": {
                "MSE": 76709.38478176971,
                "RMSE": 276.9645912057527,
                "MAE": 102.47804768213719,
                "R2": 0.9206991888667945,
                "SMAPE": 1.405542694119223,
                "WAPE": 1.496451243544431
            },
            "Soil_Temperature": {
                "MSE": 5.174589149788831,
                "RMSE": 2.2747723292208457,
                "MAE": 1.3373142916367775,
                "R2": 0.7626902670856053,
                "SMAPE": 9.819844500563056,
                "WAPE": 8.604286377234015
            },
            "Wind_Dir_Sin": {
                "MSE": 0.0676715426097369,
                "RMSE": 0.26013754555953067,
                "MAE": 0.09771478299822264,
                "R2": 0.4077095086260326,
                "SMAPE": 172.24900544416332,
                "WAPE": 66.29165377426743
            },
            "Wind_Dir_Cos": {
                "MSE": 0.1060897558868881,
                "RMSE": 0.3257142242624477,
                "MAE": 0.12220935292148723,
                "R2": 0.7489051203769765,
                "SMAPE": 24.30144702301982,
                "WAPE": 13.31943292125729
            }
        },
        {
            "Temperature": {
                "MSE": 0.4726088162733571,
                "RMSE": 0.6874655018787176,
                "MAE": 0.4676636034676452,
                "R2": 0.8269697893569927,
                "SMAPE": 5.823753039918162,
                "WAPE": 5.588059851133218
            },
            "Precipitation_accumulated": {
                "MSE": 0.05701093312190178,
                "RMSE": 0.2387696235326047,
                "MAE": 0.22895135526258975,
                "R2": 0.7533105996945494,
                "SMAPE": 0.04991278531178181,
                "WAPE": 0.049921077969498164
            },
            "Humidity": {
                "MSE": 5.407381815610608,
                "RMSE": 2.325377779116892,
                "MAE": 1.75130806274785,
                "R2": 0.854441397412957,
                "SMAPE": 2.022519254011258,
                "WAPE": 1.9989959360824228
            },
            "Wind_Speed_kmh": {
                "MSE": 0.0012056444387611733,
                "RMSE": 0.03472239102886167,
                "MAE": 0.010910097949977188,
                "R2": -0.16637471503845425,
                "SMAPE": 195.05921817503926,
                "WAPE": 134.49912179211998
            },
            "Soil_Moisture": {
                "MSE": 11113.101150784101,
                "RMSE": 105.418694503319,
                "MAE": 52.80831546232536,
                "R2": 0.7062241403899749,
                "SMAPE": 0.9025752040121741,
                "WAPE": 0.8996994386188744
            },
            "Soil_Temperature": {
                "MSE": 0.10725670752195743,
                "RMSE": 0.32750069850606034,
                "MAE": 0.23991281115206295,
                "R2": 0.9395721654151781,
                "SMAPE": 2.7158938698568127,
                "WAPE": 2.670140059370243
            },
            "Wind_Dir_Sin": {
                "MSE": 0.027200056974070064,
                "RMSE": 0.16492439775263715,
                "MAE": 0.03942702793641826,
                "R2": 0.08380680673271312,
                "SMAPE": 192.73958928567617,
                "WAPE": 102.080415813515
            },
            "Wind_Dir_Cos": {
                "MSE": 0.04940665092114958,
                "RMSE": 0.2222760691598391,
                "MAE": 0.04656046837678839,
                "R2": -0.10250129359919513,
                "SMAPE": 9.082312504559622,
                "WAPE": 4.77980603345787
            }
        },
        {
            "Temperature": {
                "MSE": 9.327775547406969,
                "RMSE": 3.054140721611722,
                "MAE": 2.342727376156259,
                "R2": 0.6616006246014599,
                "SMAPE": 37.8707259162097,
                "WAPE": 28.67266471712895
            },
            "Precipitation_accumulated": {
                "MSE": 0.047540296436543616,
                "RMSE": 0.21803737394433922,
                "MAE": 0.10190318808869671,
                "R2": 0.990222996655327,
                "SMAPE": 0.02198149451219857,
                "WAPE": 0.021973196226417985
            },
            "Humidity": {
                "MSE": 88.09391236441705,
                "RMSE": 9.385835730739009,
                "MAE": 6.611594858182875,
                "R2": 0.38581664488876644,
                "SMAPE": 7.810224037159327,
                "WAPE": 7.601455836628637
            },
            "Wind_Speed_kmh": {
                "MSE": 1.4942244238569438,
                "RMSE": 1.22238472824923,
                "MAE": 0.9023704379182954,
                "R2": -0.062063934893829664,
                "SMAPE": 86.35534630863849,
                "WAPE": 67.79437443828127
            },
            "Soil_Moisture": {
                "MSE": 154914.81095584805,
                "RMSE": 393.59218863672595,
                "MAE": 110.85222775801844,
                "R2": 0.8023109712627083,
                "SMAPE": 1.4714797540088393,
                "WAPE": 1.3422006670537714
            },
            "Soil_Temperature": {
                "MSE": 2.8295108841428775,
                "RMSE": 1.6821150032452827,
                "MAE": 1.2291201050966354,
                "R2": 0.8259911781729505,
                "SMAPE": 25.468380401044442,
                "WAPE": 17.790590115417697
            },
            "Wind_Dir_Sin": {
                "MSE": 0.6570391768472517,
                "RMSE": 0.8105795314756299,
                "MAE": 0.6802660009543657,
                "R2": -0.279622739475629,
                "SMAPE": 135.1493008996112,
                "WAPE": 101.55762451007953
            },
            "Wind_Dir_Cos": {
                "MSE": 0.4728267177561575,
                "RMSE": 0.6876239653736317,
                "MAE": 0.5603095053805296,
                "R2": -0.08088799642759703,
                "SMAPE": 125.93985320141928,
                "WAPE": 94.643980851715
            }
        }
    ]
}