{
    "trial_number": 21,
    "input_chunk_length": 27,
    "output_chunk_length": 1,
    "hidden_size": 64,
    "temporal_width_past": 2,
    "temporal_width_future": 1,
    "use_reversible_instance_norm": true,
    "num_encoder_layers": 3,
    "num_decoder_layers": 2,
    "dropout": 0.22632682724298764,
    "batch_size": 91,
    "lr": 0.002228492817624405,
    "loss_function": "smoothl1",
    "optimizer": "Adam",
    "overall_mae_val": 0.07869614822774502,
    "metrics": {
        "MSE": {
            "Temperature": 1.751829844173539,
            "Precipitation_accumulated": 0.3723591639202434,
            "Humidity": 14.595027445632692,
            "Wind_Speed_kmh": 0.6313318853942428,
            "Soil_Moisture": 2221.8213161498443,
            "Soil_Temperature": 0.4005823008976495,
            "Wind_Dir_Sin": 0.3833797856682458,
            "Wind_Dir_Cos": 0.32229142534994226
        },
        "RMSE": {
            "Temperature": 1.3235670909226849,
            "Precipitation_accumulated": 0.6102123924669536,
            "Humidity": 3.820343891017233,
            "Wind_Speed_kmh": 0.7945639592847406,
            "Soil_Moisture": 47.13619963626517,
            "Soil_Temperature": 0.6329157138969213,
            "Wind_Dir_Sin": 0.6191766998751211,
            "Wind_Dir_Cos": 0.5677071651388084
        },
        "MAE": {
            "Temperature": 0.9963938796282006,
            "Precipitation_accumulated": 0.5430663673218133,
            "Humidity": 2.731554728245826,
            "Wind_Speed_kmh": 0.6012873066924302,
            "Soil_Moisture": 18.100586248342424,
            "Soil_Temperature": 0.46199979418088644,
            "Wind_Dir_Sin": 0.4989007278224232,
            "Wind_Dir_Cos": 0.455408619499612
        },
        "R2": {
            "Temperature": 0.942528592529523,
            "Precipitation_accumulated": 0.8918369032467963,
            "Humidity": 0.9004118377272234,
            "Wind_Speed_kmh": 0.5328293067500096,
            "Soil_Moisture": 0.9614280578987425,
            "Soil_Temperature": 0.9751910565208841,
            "Wind_Dir_Sin": 0.3031183796574711,
            "Wind_Dir_Cos": 0.12263501279397304
        },
        "SMAPE": {
            "Temperature": 19.394815582080014,
            "Precipitation_accumulated": 0.11685516792361383,
            "Humidity": 3.261702474418213,
            "Wind_Speed_kmh": 60.734000043351166,
            "Soil_Moisture": 0.21144117903951914,
            "Soil_Temperature": 7.581979193734724,
            "Wind_Dir_Sin": 100.12860559932238,
            "Wind_Dir_Cos": 111.78534238467935
        }
    }
}