{
    "trial_number": 63,
    "fold_smape": [
        48.648611048935166,
        51.03025678913651,
        52.58236345262799
    ],
    "mean_smape": 50.753743763566554,
    "hyperparameters": {
        "input_chunk_length": 24,
        "hidden_size": 144,
        "dropout": 0.4,
        "batch_size": 64,
        "lr": 0.003560456973215573,
        "weight_decay": 0.0020805302303520522,
        "num_encoder_layers": 3,
        "num_decoder_layers": 2,
        "temporal_width_past": 3,
        "temporal_width_future": 1,
        "use_reversible_instance_norm": true,
        "temporal_hidden_size_past": 48,
        "temporal_hidden_size_future": 144
    },
    "metrics_per_fold": [
        {
            "Temperature": {
                "MSE": 4.9781346567813785,
                "RMSE": 2.2311733811565113,
                "MAE": 1.3299212035644945,
                "R2": 0.76676025904261,
                "SMAPE": 9.675821560925597,
                "WAPE": 8.425963990998435
            },
            "Precipitation_accumulated": {
                "MSE": 1816.7905595947952,
                "RMSE": 42.6238261960936,
                "MAE": 5.529411629744506,
                "R2": 0.9189825815956942,
                "SMAPE": 3.1048623831654276,
                "WAPE": 1.3828579829727312
            },
            "Humidity": {
                "MSE": 22.65251439483667,
                "RMSE": 4.759465767797544,
                "MAE": 3.4113621090407027,
                "R2": 0.7106111355174485,
                "SMAPE": 4.206663550321291,
                "WAPE": 4.034186922215355
            },
            "Wind_Speed_kmh": {
                "MSE": 0.04528088483195972,
                "RMSE": 0.21279305635278542,
                "MAE": 0.08541615591580401,
                "R2": 0.7736456087204207,
                "SMAPE": 164.63147066250923,
                "WAPE": 41.13164026186387
            },
            "Soil_Moisture": {
                "MSE": 78343.74137618832,
                "RMSE": 279.89952014283324,
                "MAE": 102.96815730742085,
                "R2": 0.9190096198005451,
                "SMAPE": 1.4065395458045038,
                "WAPE": 1.503608143727617
            },
            "Soil_Temperature": {
                "MSE": 5.179830203979945,
                "RMSE": 2.275924032998453,
                "MAE": 1.3305782323300896,
                "R2": 0.7624499092264052,
                "SMAPE": 9.85020248655809,
                "WAPE": 8.560946540300217
            },
            "Wind_Dir_Sin": {
                "MSE": 0.06809670298528792,
                "RMSE": 0.26095344984362234,
                "MAE": 0.09789065154277045,
                "R2": 0.40398832187549416,
                "SMAPE": 172.1293355073905,
                "WAPE": 66.41096649550796
            },
            "Wind_Dir_Cos": {
                "MSE": 0.10498075393283941,
                "RMSE": 0.32400733623305417,
                "MAE": 0.12153891748550856,
                "R2": 0.7515299234017893,
                "SMAPE": 24.1839926948069,
                "WAPE": 13.2463630652759
            }
        },
        {
            "Temperature": {
                "MSE": 0.4657080110945837,
                "RMSE": 0.682428026310895,
                "MAE": 0.4626876669400194,
                "R2": 0.8294962927411338,
                "SMAPE": 5.760548623844195,
                "WAPE": 5.528602944661049
            },
            "Precipitation_accumulated": {
                "MSE": 0.01826046218013258,
                "RMSE": 0.13513127757899937,
                "MAE": 0.09905657623127062,
                "R2": 0.9209859895665043,
                "SMAPE": 0.021596171739725622,
                "WAPE": 0.02159852279433441
            },
            "Humidity": {
                "MSE": 5.331424654634903,
                "RMSE": 2.308987798719366,
                "MAE": 1.7366219863269041,
                "R2": 0.8564860501830249,
                "SMAPE": 2.004906585683132,
                "WAPE": 1.9822328047368134
            },
            "Wind_Speed_kmh": {
                "MSE": 0.0012178416911607327,
                "RMSE": 0.034897588615271584,
                "MAE": 0.009991509479364695,
                "R2": -0.17817468386376256,
                "SMAPE": 195.2564291735555,
                "WAPE": 123.17481075914658
            },
            "Soil_Moisture": {
                "MSE": 11007.656863437847,
                "RMSE": 104.91738113123986,
                "MAE": 52.05549850889804,
                "R2": 0.709011569905446,
                "SMAPE": 0.8896459424943999,
                "WAPE": 0.886873636764533
            },
            "Soil_Temperature": {
                "MSE": 0.10562775309956791,
                "RMSE": 0.32500423551019747,
                "MAE": 0.23763350379766998,
                "R2": 0.9404899093088382,
                "SMAPE": 2.6896538286681246,
                "WAPE": 2.6447722190896155
            },
            "Wind_Dir_Sin": {
                "MSE": 0.026712489615784176,
                "RMSE": 0.16343955951905945,
                "MAE": 0.03845405285052705,
                "R2": 0.10022978317525111,
                "SMAPE": 192.6194415976317,
                "WAPE": 99.56128854112369
            },
            "Wind_Dir_Cos": {
                "MSE": 0.04901543498356642,
                "RMSE": 0.22139429754075965,
                "MAE": 0.046049467411263055,
                "R2": -0.09377137426201076,
                "SMAPE": 8.999832389475271,
                "WAPE": 4.727347680196577
            }
        },
        {
            "Temperature": {
                "MSE": 9.103361909510152,
                "RMSE": 3.017177805418526,
                "MAE": 2.3074027656202416,
                "R2": 0.6697420549466945,
                "SMAPE": 37.84430539741029,
                "WAPE": 28.240326441463182
            },
            "Precipitation_accumulated": {
                "MSE": 0.05140440694445179,
                "RMSE": 0.2267253998661195,
                "MAE": 0.09299112502973174,
                "R2": 0.9894283145815533,
                "SMAPE": 0.020070240831270028,
                "WAPE": 0.020051504530115016
            },
            "Humidity": {
                "MSE": 87.47060203912085,
                "RMSE": 9.352571947818463,
                "MAE": 6.536594733681991,
                "R2": 0.39016231210447905,
                "SMAPE": 7.7237715404779985,
                "WAPE": 7.515226999810313
            },
            "Wind_Speed_kmh": {
                "MSE": 1.5104912132852772,
                "RMSE": 1.2290204283433523,
                "MAE": 0.9040591685549616,
                "R2": -0.07362603367397869,
                "SMAPE": 87.03226103226896,
                "WAPE": 67.92124743001142
            },
            "Soil_Moisture": {
                "MSE": 151617.50774094198,
                "RMSE": 389.3809288356865,
                "MAE": 108.78133303806217,
                "R2": 0.8065187075403772,
                "SMAPE": 1.4432603055725393,
                "WAPE": 1.317126238413591
            },
            "Soil_Temperature": {
                "MSE": 2.727058079787385,
                "RMSE": 1.6513806586572901,
                "MAE": 1.2064632410394163,
                "R2": 0.8322918048567658,
                "SMAPE": 25.256048799057037,
                "WAPE": 17.462649029700092
            },
            "Wind_Dir_Sin": {
                "MSE": 0.6656766130524733,
                "RMSE": 0.8158900741230238,
                "MAE": 0.680649913185624,
                "R2": -0.2964446584242175,
                "SMAPE": 134.10028796082167,
                "WAPE": 101.61493916959837
            },
            "Wind_Dir_Cos": {
                "MSE": 0.4766488109631806,
                "RMSE": 0.6903975745635124,
                "MAE": 0.5629022677485057,
                "R2": -0.08962535096691737,
                "SMAPE": 127.23890234458395,
                "WAPE": 95.08193407141117
            }
        }
    ]
}