{
    "trial_number": 10,
    "input_chunk_length": 27,
    "output_chunk_length": 1,
    "hidden_size": 64,
    "temporal_width_past": 2,
    "temporal_width_future": 1,
    "use_reversible_instance_norm": true,
    "num_encoder_layers": 3,
    "num_decoder_layers": 2,
    "dropout": 0.22738610933140774,
    "batch_size": 93,
    "lr": 0.004407799253698987,
    "loss_function": "smoothl1",
    "optimizer": "Adam",
    "overall_mae_val": 0.07572013632775909,
    "metrics": {
        "MSE": {
            "Temperature": 1.5187813356151416,
            "Precipitation_accumulated": 0.1403854536039278,
            "Humidity": 13.034444014722146,
            "Wind_Speed_kmh": 0.557266205725057,
            "Soil_Moisture": 1326.068421838364,
            "Soil_Temperature": 0.3969653481458785,
            "Wind_Dir_Sin": 0.36882045613486003,
            "Wind_Dir_Cos": 0.3149399524901693
        },
        "RMSE": {
            "Temperature": 1.2323884678197625,
            "Precipitation_accumulated": 0.3746804686715439,
            "Humidity": 3.610324641181475,
            "Wind_Speed_kmh": 0.7465026495097369,
            "Soil_Moisture": 36.415222391719155,
            "Soil_Temperature": 0.6300518614732271,
            "Wind_Dir_Sin": 0.6073058999671088,
            "Wind_Dir_Cos": 0.5611951108929668
        },
        "MAE": {
            "Temperature": 0.9543256246299167,
            "Precipitation_accumulated": 0.3541058314977623,
            "Humidity": 2.589764815974879,
            "Wind_Speed_kmh": 0.5593871829084354,
            "Soil_Moisture": 14.632933849301725,
            "Soil_Temperature": 0.47407992163527723,
            "Wind_Dir_Sin": 0.48030267445652625,
            "Wind_Dir_Cos": 0.4449000975327445
        },
        "R2": {
            "Temperature": 0.9501740986500476,
            "Precipitation_accumulated": 0.9592207554635168,
            "Humidity": 0.9110603710401383,
            "Wind_Speed_kmh": 0.5876361614607899,
            "Soil_Moisture": 0.9769787813188819,
            "Soil_Temperature": 0.9754150623648374,
            "Wind_Dir_Sin": 0.32958333565049946,
            "Wind_Dir_Cos": 0.14264772298183137
        },
        "SMAPE": {
            "Temperature": 19.199420028293844,
            "Precipitation_accumulated": 0.07620840574539019,
            "Humidity": 3.094389146884415,
            "Wind_Speed_kmh": 58.663780428638084,
            "Soil_Moisture": 0.17058952475705755,
            "Soil_Temperature": 7.823281150864923,
            "Wind_Dir_Sin": 95.03802249604396,
            "Wind_Dir_Cos": 108.2548465299796
        }
    }
}