{
    "trial_number": 34,
    "fold_smape": [
        49.07483613179612,
        51.04507631102423,
        54.02088535501939
    ],
    "mean_smape": 51.38026593261325,
    "hyperparameters": {
        "input_chunk_length": 60,
        "hidden_size": 48,
        "dropout": 0.2,
        "batch_size": 192,
        "lr": 0.0029164287671377305,
        "weight_decay": 0.0003133238858408443,
        "num_encoder_layers": 3,
        "num_decoder_layers": 1,
        "temporal_width_past": 2,
        "temporal_width_future": 2,
        "use_reversible_instance_norm": true,
        "temporal_hidden_size_past": 84,
        "temporal_hidden_size_future": 108
    },
    "metrics_per_fold": [
        {
            "Temperature": {
                "MSE": 5.100915425959935,
                "RMSE": 2.2585206277472727,
                "MAE": 1.381167760873245,
                "R2": 0.7470599151505567,
                "SMAPE": 9.529247381226522,
                "WAPE": 8.671114032345459
            },
            "Precipitation_accumulated": {
                "MSE": 2140.612419320384,
                "RMSE": 46.26675285040419,
                "MAE": 7.096481884075849,
                "R2": 0.8930002533406789,
                "SMAPE": 3.4806353281506213,
                "WAPE": 1.7439055466138043
            },
            "Humidity": {
                "MSE": 25.374863795311967,
                "RMSE": 5.037346900433994,
                "MAE": 3.6169969586393425,
                "R2": 0.6752218887194752,
                "SMAPE": 4.475564939301619,
                "WAPE": 4.279414447965707
            },
            "Wind_Speed_kmh": {
                "MSE": 0.038927257433708506,
                "RMSE": 0.1972999174701006,
                "MAE": 0.08100756085011496,
                "R2": 0.7789907579069678,
                "SMAPE": 166.46239212568818,
                "WAPE": 42.905936885496835
            },
            "Soil_Moisture": {
                "MSE": 89841.52154255353,
                "RMSE": 299.7357528600042,
                "MAE": 111.49080531314777,
                "R2": 0.8957429903053555,
                "SMAPE": 1.5381065825283051,
                "WAPE": 1.6392426627279593
            },
            "Soil_Temperature": {
                "MSE": 5.11340893039297,
                "RMSE": 2.261284796391859,
                "MAE": 1.3592475531849906,
                "R2": 0.754054389441414,
                "SMAPE": 9.67271971069499,
                "WAPE": 8.669895549468503
            },
            "Wind_Dir_Sin": {
                "MSE": 0.06308258774886161,
                "RMSE": 0.25116247281164755,
                "MAE": 0.09365196469372798,
                "R2": 0.41908906322818884,
                "SMAPE": 173.60046837206514,
                "WAPE": 67.13650596696623
            },
            "Wind_Dir_Cos": {
                "MSE": 0.10110330877289189,
                "RMSE": 0.3179674649596903,
                "MAE": 0.12078925080256832,
                "R2": 0.7453876922699567,
                "SMAPE": 23.839554614713585,
                "WAPE": 13.110926792818956
            }
        },
        {
            "Temperature": {
                "MSE": 0.43636883920187675,
                "RMSE": 0.660582197157838,
                "MAE": 0.45222189052125,
                "R2": 0.8370463159364858,
                "SMAPE": 5.6566122556199145,
                "WAPE": 5.430721854716094
            },
            "Precipitation_accumulated": {
                "MSE": 0.018789065292104373,
                "RMSE": 0.1370732114313529,
                "MAE": 0.1008809427855303,
                "R2": 0.9189569798651609,
                "SMAPE": 0.02199185513303275,
                "WAPE": 0.021995937484231367
            },
            "Humidity": {
                "MSE": 5.166952520018599,
                "RMSE": 2.273093161315347,
                "MAE": 1.6988336713405707,
                "R2": 0.8615545058105206,
                "SMAPE": 1.9626863044039586,
                "WAPE": 1.9411241044481664
            },
            "Wind_Speed_kmh": {
                "MSE": 0.0012883553116651994,
                "RMSE": 0.035893666734748614,
                "MAE": 0.012200022008666492,
                "R2": -0.22429919795746556,
                "SMAPE": 195.3552765066184,
                "WAPE": 147.73402461425476
            },
            "Soil_Moisture": {
                "MSE": 10800.751981515143,
                "RMSE": 103.92666636390847,
                "MAE": 51.50566020044855,
                "R2": 0.6762200227748312,
                "SMAPE": 0.880572596720133,
                "WAPE": 0.8789370764977579
            },
            "Soil_Temperature": {
                "MSE": 0.09827598009690325,
                "RMSE": 0.31348999999506083,
                "MAE": 0.23073454345400254,
                "R2": 0.9436339980607891,
                "SMAPE": 2.62301273703957,
                "WAPE": 2.577413000204482
            },
            "Wind_Dir_Sin": {
                "MSE": 0.025347987357539882,
                "RMSE": 0.15921051271049874,
                "MAE": 0.037677333876062355,
                "R2": 0.16065848510987446,
                "SMAPE": 192.58645912586007,
                "WAPE": 95.82033162132838
            },
            "Wind_Dir_Cos": {
                "MSE": 0.047607175968128586,
                "RMSE": 0.21819068717094364,
                "MAE": 0.04713805931988357,
                "R2": -0.04413531649291613,
                "SMAPE": 9.273999106798936,
                "WAPE": 4.841423711014293
            }
        },
        {
            "Temperature": {
                "MSE": 9.28190154161249,
                "RMSE": 3.0466213321665836,
                "MAE": 2.3336887098484027,
                "R2": 0.6669631662037787,
                "SMAPE": 39.3497531388629,
                "WAPE": 28.36919513370319
            },
            "Precipitation_accumulated": {
                "MSE": 0.05128422027556182,
                "RMSE": 0.22646019578628343,
                "MAE": 0.1719356637173075,
                "R2": 0.9891877655807627,
                "SMAPE": 0.03705474613785747,
                "WAPE": 0.03706932639085261
            },
            "Humidity": {
                "MSE": 90.38543094523381,
                "RMSE": 9.50712527240668,
                "MAE": 6.761643283632953,
                "R2": 0.3681316582995925,
                "SMAPE": 7.970857636032638,
                "WAPE": 7.753504295940582
            },
            "Wind_Speed_kmh": {
                "MSE": 1.5615943171517568,
                "RMSE": 1.2496376743487516,
                "MAE": 0.93119636845729,
                "R2": -0.11695385703377648,
                "SMAPE": 89.7472235291498,
                "WAPE": 68.76702265606498
            },
            "Soil_Moisture": {
                "MSE": 156254.36336092974,
                "RMSE": 395.29022674603243,
                "MAE": 110.76413360948968,
                "R2": 0.7670453412492155,
                "SMAPE": 1.4711572933806192,
                "WAPE": 1.333474219552105
            },
            "Soil_Temperature": {
                "MSE": 2.7797905841133823,
                "RMSE": 1.6672703992194495,
                "MAE": 1.2147189031567804,
                "R2": 0.8319520077473688,
                "SMAPE": 25.383872351929025,
                "WAPE": 17.546247106660182
            },
            "Wind_Dir_Sin": {
                "MSE": 0.7131338470804526,
                "RMSE": 0.8444725259476785,
                "MAE": 0.7096999162859504,
                "R2": -0.36571793529817676,
                "SMAPE": 137.37310451208378,
                "WAPE": 104.32936144524108
            },
            "Wind_Dir_Cos": {
                "MSE": 0.49641235144545076,
                "RMSE": 0.7045653635011097,
                "MAE": 0.5775160334393615,
                "R2": -0.1742473681400014,
                "SMAPE": 130.83405963257846,
                "WAPE": 98.75251334834641
            }
        }
    ]
}