{
    "trial_number": 77,
    "fold_smape": [
        48.70268783234999,
        50.969071173320785,
        54.06181615320794
    ],
    "mean_smape": 51.24452505295957,
    "hyperparameters": {
        "input_chunk_length": 36,
        "hidden_size": 80,
        "dropout": 0.5,
        "batch_size": 80,
        "lr": 0.0017989501457456696,
        "weight_decay": 0.0010260400346335302,
        "num_encoder_layers": 3,
        "num_decoder_layers": 2,
        "temporal_width_past": 3,
        "temporal_width_future": 2,
        "use_reversible_instance_norm": true,
        "temporal_hidden_size_past": 156,
        "temporal_hidden_size_future": 132
    },
    "metrics_per_fold": [
        {
            "Temperature": {
                "MSE": 4.681380694016047,
                "RMSE": 2.163649854763022,
                "MAE": 1.2949732972178836,
                "R2": 0.7749558739002153,
                "SMAPE": 9.188487277117835,
                "WAPE": 8.173359104655328
            },
            "Precipitation_accumulated": {
                "MSE": 1919.2544058102517,
                "RMSE": 43.80929588352513,
                "MAE": 6.1296494653347215,
                "R2": 0.9113008085083552,
                "SMAPE": 3.2467200551633866,
                "WAPE": 1.5240822554943245
            },
            "Humidity": {
                "MSE": 22.861854464347378,
                "RMSE": 4.7814071636232125,
                "MAE": 3.4756221294144414,
                "R2": 0.7076158776072234,
                "SMAPE": 4.289517335843993,
                "WAPE": 4.112827477443042
            },
            "Wind_Speed_kmh": {
                "MSE": 0.04134999375890644,
                "RMSE": 0.2033469787307066,
                "MAE": 0.08150257692500806,
                "R2": 0.7916136133684079,
                "SMAPE": 165.27942058613453,
                "WAPE": 39.91215578414275
            },
            "Soil_Moisture": {
                "MSE": 79142.4740985736,
                "RMSE": 281.3227223289537,
                "MAE": 102.27970634853905,
                "R2": 0.9151153904335703,
                "SMAPE": 1.4018534708708903,
                "WAPE": 1.4969462356880265
            },
            "Soil_Temperature": {
                "MSE": 4.804368452433257,
                "RMSE": 2.1918869616002685,
                "MAE": 1.2845686487517671,
                "R2": 0.7745527986989368,
                "SMAPE": 9.360689231488628,
                "WAPE": 8.233989555694636
            },
            "Wind_Dir_Sin": {
                "MSE": 0.06891871259688077,
                "RMSE": 0.26252373720652533,
                "MAE": 0.09702682958263117,
                "R2": 0.3853768585013252,
                "SMAPE": 172.6202149389478,
                "WAPE": 67.05199106029215
            },
            "Wind_Dir_Cos": {
                "MSE": 0.10642450279097103,
                "RMSE": 0.32622768550656617,
                "MAE": 0.12082768274384177,
                "R2": 0.7430510401891164,
                "SMAPE": 24.234599763232794,
                "WAPE": 13.149425881936393
            }
        },
        {
            "Temperature": {
                "MSE": 0.46043413612157186,
                "RMSE": 0.6785529722295613,
                "MAE": 0.46299250212900966,
                "R2": 0.8298685492290662,
                "SMAPE": 5.747013315916043,
                "WAPE": 5.54255545042123
            },
            "Precipitation_accumulated": {
                "MSE": 0.030371666386573144,
                "RMSE": 0.1742746865915218,
                "MAE": 0.15505176577087681,
                "R2": 0.868725595924514,
                "SMAPE": 0.0338044948604951,
                "WAPE": 0.033807652670031274
            },
            "Humidity": {
                "MSE": 5.241025383595086,
                "RMSE": 2.289328587947804,
                "MAE": 1.7211286537899604,
                "R2": 0.8593761633106628,
                "SMAPE": 1.9871556283434038,
                "WAPE": 1.9650728239518775
            },
            "Wind_Speed_kmh": {
                "MSE": 0.0012006469891763297,
                "RMSE": 0.03465035337736586,
                "MAE": 0.01024283523393944,
                "R2": -0.15467725049360626,
                "SMAPE": 194.9920141757151,
                "WAPE": 125.52669941270227
            },
            "Soil_Moisture": {
                "MSE": 11179.525010612537,
                "RMSE": 105.73327295895335,
                "MAE": 52.64557138461928,
                "R2": 0.6923483547349378,
                "SMAPE": 0.9004747860164255,
                "WAPE": 0.8974135723741083
            },
            "Soil_Temperature": {
                "MSE": 0.10533126090261255,
                "RMSE": 0.32454777907515026,
                "MAE": 0.23713248449601507,
                "R2": 0.9401395061499221,
                "SMAPE": 2.6792807224507884,
                "WAPE": 2.6428255935102323
            },
            "Wind_Dir_Sin": {
                "MSE": 0.02704849065983329,
                "RMSE": 0.16446425344078053,
                "MAE": 0.03831326262111786,
                "R2": 0.09405823917424538,
                "SMAPE": 192.33789556391753,
                "WAPE": 98.6103840822414
            },
            "Wind_Dir_Cos": {
                "MSE": 0.050105003211228516,
                "RMSE": 0.2238414689266234,
                "MAE": 0.04649393596743381,
                "R2": -0.11169599656864859,
                "SMAPE": 9.074930699346416,
                "WAPE": 4.773730480066514
            }
        },
        {
            "Temperature": {
                "MSE": 10.515229850743433,
                "RMSE": 3.242719514657941,
                "MAE": 2.4763648055968246,
                "R2": 0.6198712735174794,
                "SMAPE": 39.35624166481325,
                "WAPE": 30.235163007030213
            },
            "Precipitation_accumulated": {
                "MSE": 0.052635805038211365,
                "RMSE": 0.22942494423713253,
                "MAE": 0.11843494157697117,
                "R2": 0.9890824326154425,
                "SMAPE": 0.025539566150038533,
                "WAPE": 0.02553678622904207
            },
            "Humidity": {
                "MSE": 99.3758230477867,
                "RMSE": 9.968742300199494,
                "MAE": 7.020464353969981,
                "R2": 0.30654035002011326,
                "SMAPE": 8.27422742241861,
                "WAPE": 8.064481001147552
            },
            "Wind_Speed_kmh": {
                "MSE": 1.5902518637991943,
                "RMSE": 1.2610518878298365,
                "MAE": 0.9339509529037113,
                "R2": -0.13279545491580835,
                "SMAPE": 89.92561454473446,
                "WAPE": 69.77088130658402
            },
            "Soil_Moisture": {
                "MSE": 178378.90825412536,
                "RMSE": 422.34927282301004,
                "MAE": 123.93825434161015,
                "R2": 0.7610145963440871,
                "SMAPE": 1.6506749275259318,
                "WAPE": 1.4977928382277341
            },
            "Soil_Temperature": {
                "MSE": 3.259843199408192,
                "RMSE": 1.805503586096741,
                "MAE": 1.3198416208301318,
                "R2": 0.8006668359747611,
                "SMAPE": 27.18856557969987,
                "WAPE": 19.091070545592515
            },
            "Wind_Dir_Sin": {
                "MSE": 0.6982717346042864,
                "RMSE": 0.8356265521178025,
                "MAE": 0.6998893753226543,
                "R2": -0.3523651682329383,
                "SMAPE": 138.40761092134147,
                "WAPE": 103.97860740695083
            },
            "Wind_Dir_Cos": {
                "MSE": 0.5151775406877322,
                "RMSE": 0.7177586925197996,
                "MAE": 0.5844973207529055,
                "R2": -0.1904073616690929,
                "SMAPE": 127.66605459897988,
                "WAPE": 99.12066292823653
            }
        }
    ]
}