{
    "trial_number": 12,
    "fold_smape": [
        50.0996190485775,
        51.230954236412984,
        56.59560668156787
    ],
    "mean_smape": 52.64205998885279,
    "hyperparameters": {
        "input_chunk_length": 24,
        "hidden_size": 88,
        "dropout": 0.2,
        "batch_size": 208,
        "lr": 0.00019946598777564648,
        "weight_decay": 0.008390254007967836,
        "num_encoder_layers": 2,
        "num_decoder_layers": 2,
        "temporal_width_past": 3,
        "temporal_width_future": 4,
        "use_reversible_instance_norm": true,
        "temporal_hidden_size_past": 132,
        "temporal_hidden_size_future": 168
    },
    "metrics_per_fold": [
        {
            "Temperature": {
                "MSE": 11.554657819151933,
                "RMSE": 3.399214294385091,
                "MAE": 1.9331236638485672,
                "R2": 0.45863147897796364,
                "SMAPE": 13.050969162544549,
                "WAPE": 12.247665754992292
            },
            "Precipitation_accumulated": {
                "MSE": 2143.3837602760386,
                "RMSE": 46.296692757431806,
                "MAE": 6.825094814227926,
                "R2": 0.904418581442867,
                "SMAPE": 3.608409005925133,
                "WAPE": 1.706897131266203
            },
            "Humidity": {
                "MSE": 45.2803554468395,
                "RMSE": 6.729067947854257,
                "MAE": 4.585880858505678,
                "R2": 0.4215374762497007,
                "SMAPE": 5.697462970523989,
                "WAPE": 5.423141840378751
            },
            "Wind_Speed_kmh": {
                "MSE": 0.049686067523577584,
                "RMSE": 0.22290371805687223,
                "MAE": 0.09302136588908654,
                "R2": 0.7516245627462326,
                "SMAPE": 165.5326690532505,
                "WAPE": 44.7938837494465
            },
            "Soil_Moisture": {
                "MSE": 89253.36426412305,
                "RMSE": 298.75301548958976,
                "MAE": 115.29043422685811,
                "R2": 0.9077314437777306,
                "SMAPE": 1.5863678482782755,
                "WAPE": 1.6835460624961938
            },
            "Soil_Temperature": {
                "MSE": 11.662146348001409,
                "RMSE": 3.4149884843146117,
                "MAE": 2.016551940883525,
                "R2": 0.46516703936471193,
                "SMAPE": 13.82569102512422,
                "WAPE": 12.974504574158516
            },
            "Wind_Dir_Sin": {
                "MSE": 0.0808667968829081,
                "RMSE": 0.2843708791049254,
                "MAE": 0.10969303892082388,
                "R2": 0.29221895918883833,
                "SMAPE": 172.65397231289643,
                "WAPE": 74.41794101634311
            },
            "Wind_Dir_Cos": {
                "MSE": 0.11631585852983323,
                "RMSE": 0.3410511083838216,
                "MAE": 0.12933609219449307,
                "R2": 0.7247018220407953,
                "SMAPE": 24.841411010076985,
                "WAPE": 14.09616664437155
            }
        },
        {
            "Temperature": {
                "MSE": 0.5095744431602,
                "RMSE": 0.7138448312905263,
                "MAE": 0.4921887545690104,
                "R2": 0.8134360380037771,
                "SMAPE": 6.272236372826416,
                "WAPE": 5.881108125996446
            },
            "Precipitation_accumulated": {
                "MSE": 0.015195172041205587,
                "RMSE": 0.12326869854592279,
                "MAE": 0.0484506381571549,
                "R2": 0.9342496662812364,
                "SMAPE": 0.010556929176735367,
                "WAPE": 0.010564288131604196
            },
            "Humidity": {
                "MSE": 5.467109958597952,
                "RMSE": 2.3381851848384363,
                "MAE": 1.7649805475372864,
                "R2": 0.8528336054491534,
                "SMAPE": 2.0384935904376684,
                "WAPE": 2.0146021233156093
            },
            "Wind_Speed_kmh": {
                "MSE": 0.001182988063046726,
                "RMSE": 0.0343945935147768,
                "MAE": 0.010811878905975092,
                "R2": -0.14445629289162665,
                "SMAPE": 195.1371394709204,
                "WAPE": 133.2882825107393
            },
            "Soil_Moisture": {
                "MSE": 11290.198790372247,
                "RMSE": 106.25534711426172,
                "MAE": 52.701226501984564,
                "R2": 0.7015425478624702,
                "SMAPE": 0.9006119874144193,
                "WAPE": 0.8978749555491649
            },
            "Soil_Temperature": {
                "MSE": 0.10875908054213723,
                "RMSE": 0.3297864165518908,
                "MAE": 0.24528713008469916,
                "R2": 0.9387257367819895,
                "SMAPE": 2.8041153170958664,
                "WAPE": 2.729954223544945
            },
            "Wind_Dir_Sin": {
                "MSE": 0.02819663275363038,
                "RMSE": 0.16791853010799726,
                "MAE": 0.04112360600044607,
                "R2": 0.050238643743987677,
                "SMAPE": 193.7190045960806,
                "WAPE": 106.4730216806206
            },
            "Wind_Dir_Cos": {
                "MSE": 0.05152136482485881,
                "RMSE": 0.2269831818105888,
                "MAE": 0.0487601254709095,
                "R2": -0.14969078673348046,
                "SMAPE": 8.965475627351841,
                "WAPE": 5.005618500912771
            }
        },
        {
            "Temperature": {
                "MSE": 17.71037092656839,
                "RMSE": 4.208369152839184,
                "MAE": 3.2554883318880883,
                "R2": 0.35749113717758196,
                "SMAPE": 48.36692418818561,
                "WAPE": 39.84395554548153
            },
            "Precipitation_accumulated": {
                "MSE": 0.06590289073577175,
                "RMSE": 0.25671558335202743,
                "MAE": 0.13984301694877915,
                "R2": 0.9864465972775893,
                "SMAPE": 0.03017599490311113,
                "WAPE": 0.030154091446434942
            },
            "Humidity": {
                "MSE": 114.65023144977239,
                "RMSE": 10.707484833039569,
                "MAE": 7.923700256049973,
                "R2": 0.20066821956084158,
                "SMAPE": 9.358606844159791,
                "WAPE": 9.110004295635395
            },
            "Wind_Speed_kmh": {
                "MSE": 1.6825913191602102,
                "RMSE": 1.2971473775790514,
                "MAE": 0.9899162148300666,
                "R2": -0.19595124314242973,
                "SMAPE": 90.63149016569919,
                "WAPE": 74.37161913851627
            },
            "Soil_Moisture": {
                "MSE": 158310.81226139943,
                "RMSE": 397.88291275373894,
                "MAE": 113.09579298164205,
                "R2": 0.7979772849254068,
                "SMAPE": 1.5006539496795352,
                "WAPE": 1.3693657931015732
            },
            "Soil_Temperature": {
                "MSE": 5.094057018109714,
                "RMSE": 2.257001776275268,
                "MAE": 1.66062172309244,
                "R2": 0.6867264709923184,
                "SMAPE": 30.592674046539617,
                "WAPE": 24.036251860003148
            },
            "Wind_Dir_Sin": {
                "MSE": 0.7590773894848086,
                "RMSE": 0.8712504745966045,
                "MAE": 0.7414859578226779,
                "R2": -0.47834820636939757,
                "SMAPE": 148.76323455967406,
                "WAPE": 110.69721605725785
            },
            "Wind_Dir_Cos": {
                "MSE": 0.5122086487958387,
                "RMSE": 0.7156875357275958,
                "MAE": 0.5769762467752058,
                "R2": -0.170915600491383,
                "SMAPE": 123.52109370370171,
                "WAPE": 97.459222674798
            }
        }
    ]
}