{
    "trial_number": 3,
    "fold_smape": [
        172.61923870665424,
        77.93339209150565,
        89.87339670565623
    ],
    "mean_smape": 113.47534250127205,
    "hyperparameters": {
        "input_chunk_length": 120,
        "hidden_size": 224,
        "dropout": 0.4,
        "batch_size": 88,
        "lr": 3.7368617361630236e-06,
        "weight_decay": 0.00022132476452014978,
        "num_encoder_layers": 3,
        "num_decoder_layers": 1,
        "temporal_width_past": 2,
        "temporal_width_future": 4,
        "use_reversible_instance_norm": false,
        "temporal_hidden_size_past": 72,
        "temporal_hidden_size_future": 48
    },
    "metrics_per_fold": [
        {
            "Temperature": {
                "MSE": 5726.477021570794,
                "RMSE": 75.67348955592568,
                "MAE": 73.00639375823161,
                "R2": -294.9955856156802,
                "SMAPE": 198.64431630468442,
                "WAPE": 458.3609949533118
            },
            "Precipitation_accumulated": {
                "MSE": 549817.8343069191,
                "RMSE": 741.4970224531716,
                "MAE": 706.0414700274445,
                "R2": -34.38802731187267,
                "SMAPE": 199.20794766813526,
                "WAPE": 168.383477211217
            },
            "Humidity": {
                "MSE": 30338.85657258709,
                "RMSE": 174.1805286838546,
                "MAE": 170.72103784926918,
                "R2": -416.08158876378565,
                "SMAPE": 199.2543051406643,
                "WAPE": 201.4556605618033
            },
            "Wind_Speed_kmh": {
                "MSE": 396.3905531272622,
                "RMSE": 19.909559340358644,
                "MAE": 18.980389460417648,
                "R2": -2601.1737626308545,
                "SMAPE": 199.99852524776,
                "WAPE": 11727.590285009202
            },
            "Soil_Moisture": {
                "MSE": 28900925.03321291,
                "RMSE": 5375.958057240859,
                "MAE": 5294.491244771489,
                "R2": -41.70409419829971,
                "SMAPE": 135.27558043011825,
                "WAPE": 78.76870584337235
            },
            "Soil_Temperature": {
                "MSE": 442.6921384677849,
                "RMSE": 21.04025043738275,
                "MAE": 16.32779867873276,
                "R2": -21.2609213869085,
                "SMAPE": 73.64257575378326,
                "WAPE": 104.08406742076622
            },
            "Wind_Dir_Sin": {
                "MSE": 12.095976964560199,
                "RMSE": 3.4779271074247946,
                "MAE": 3.3757132954716194,
                "R2": -119.02616004571856,
                "SMAPE": 192.0511568273057,
                "WAPE": 2642.9025794356103
            },
            "Wind_Dir_Cos": {
                "MSE": 4.743231274988165,
                "RMSE": 2.177896066158384,
                "MAE": 2.0711752995366024,
                "R2": -12.838336871466028,
                "SMAPE": 182.8795022807828,
                "WAPE": 223.77839241421202
            }
        },
        {
            "Temperature": {
                "MSE": 217.73084441935814,
                "RMSE": 14.75570548700936,
                "MAE": 14.659433692218046,
                "R2": -81.91342224774361,
                "SMAPE": 94.81293935493755,
                "WAPE": 177.3667501609959
            },
            "Precipitation_accumulated": {
                "MSE": 482.3769843973422,
                "RMSE": 21.963082306391836,
                "MAE": 21.043116884119648,
                "R2": -2070.7452512531527,
                "SMAPE": 4.705835988412487,
                "WAPE": 4.588074710911649
            },
            "Humidity": {
                "MSE": 39.768710749261984,
                "RMSE": 6.30624379082049,
                "MAE": 4.9836116591445885,
                "R2": -0.05114604072147899,
                "SMAPE": 5.766993447404816,
                "WAPE": 5.703169284390617
            },
            "Wind_Speed_kmh": {
                "MSE": 0.26168198353782457,
                "RMSE": 0.5115486130738941,
                "MAE": 0.4941132274988831,
                "R2": -240.19258788724977,
                "SMAPE": 198.06709728395066,
                "WAPE": 5803.335933578415
            },
            "Soil_Moisture": {
                "MSE": 67817.59179917716,
                "RMSE": 260.418109583756,
                "MAE": 212.0705750935116,
                "R2": -1.1263793157710382,
                "SMAPE": 3.5993257108770518,
                "WAPE": 3.6243157950221625
            },
            "Soil_Temperature": {
                "MSE": 40.94245072572572,
                "RMSE": 6.398628816060963,
                "MAE": 6.18208419303962,
                "R2": -22.79473812655708,
                "SMAPE": 52.18047459869851,
                "WAPE": 69.41436854832122
            },
            "Wind_Dir_Sin": {
                "MSE": 0.04990456840330522,
                "RMSE": 0.2233933042938065,
                "MAE": 0.08415244292706804,
                "R2": -0.6050102502929928,
                "SMAPE": 198.07014867514832,
                "WAPE": 207.57524043642238
            },
            "Wind_Dir_Cos": {
                "MSE": 0.2323230214490704,
                "RMSE": 0.4819989849046058,
                "MAE": 0.4729169596384454,
                "R2": -3.9472729868205034,
                "SMAPE": 66.2643216726157,
                "WAPE": 48.612863761231836
            }
        },
        {
            "Temperature": {
                "MSE": 156.2351417046239,
                "RMSE": 12.499405654055073,
                "MAE": 11.064732309468821,
                "R2": -4.496045602583977,
                "SMAPE": 89.01955150904425,
                "WAPE": 133.0695381132505
            },
            "Precipitation_accumulated": {
                "MSE": 36643.721233641685,
                "RMSE": 191.4254978670336,
                "MAE": 185.72032261524075,
                "R2": -8043.1501041340525,
                "SMAPE": 50.877750660125194,
                "WAPE": 40.032634386783265
            },
            "Humidity": {
                "MSE": 394.734896637117,
                "RMSE": 19.86793639604066,
                "MAE": 17.290491784385278,
                "R2": -1.751796195965838,
                "SMAPE": 21.04949243032863,
                "WAPE": 19.748031768447326
            },
            "Wind_Speed_kmh": {
                "MSE": 2.9165630412325925,
                "RMSE": 1.7077947889698553,
                "MAE": 1.3269050502918376,
                "R2": -1.1012339300782559,
                "SMAPE": 131.0836614053418,
                "WAPE": 95.24159685452761
            },
            "Soil_Moisture": {
                "MSE": 8676251.075933259,
                "RMSE": 2945.547669947519,
                "MAE": 2858.9859522302486,
                "R2": -16.07961818679824,
                "SMAPE": 40.71402648784931,
                "WAPE": 34.11371806225196
            },
            "Soil_Temperature": {
                "MSE": 53.003888745935996,
                "RMSE": 7.28037696454902,
                "MAE": 6.355918373495605,
                "R2": -2.1126999626346743,
                "SMAPE": 74.51021191623948,
                "WAPE": 91.46355507815232
            },
            "Wind_Dir_Sin": {
                "MSE": 0.9167922621827094,
                "RMSE": 0.9574926956289063,
                "MAE": 0.8268287684829534,
                "R2": -0.7051150637515697,
                "SMAPE": 157.2064390314329,
                "WAPE": 118.48592743531576
            },
            "Wind_Dir_Cos": {
                "MSE": 0.7644240289218385,
                "RMSE": 0.8743134614781123,
                "MAE": 0.7323039696228992,
                "R2": -0.9340899998207848,
                "SMAPE": 154.52604020488826,
                "WAPE": 127.9684018648046
            }
        }
    ]
}