{
    "trial_number": 53,
    "fold_smape": [
        48.76145160809614,
        51.03383315622969,
        52.8722971597456
    ],
    "mean_smape": 50.88919397469048,
    "hyperparameters": {
        "input_chunk_length": 24,
        "hidden_size": 120,
        "dropout": 0.35,
        "batch_size": 72,
        "lr": 0.0035057495457620183,
        "weight_decay": 0.0030393272390399225,
        "num_encoder_layers": 3,
        "num_decoder_layers": 2,
        "temporal_width_past": 3,
        "temporal_width_future": 1,
        "use_reversible_instance_norm": true,
        "temporal_hidden_size_past": 24,
        "temporal_hidden_size_future": 156
    },
    "metrics_per_fold": [
        {
            "Temperature": {
                "MSE": 5.146098957114812,
                "RMSE": 2.268501478314443,
                "MAE": 1.350055405926013,
                "R2": 0.7588906547428363,
                "SMAPE": 9.796801298580746,
                "WAPE": 8.553527987745708
            },
            "Precipitation_accumulated": {
                "MSE": 1809.2234848362973,
                "RMSE": 42.53496778929423,
                "MAE": 5.341505873481978,
                "R2": 0.9193200254791227,
                "SMAPE": 3.0828279300085333,
                "WAPE": 1.3358643799469836
            },
            "Humidity": {
                "MSE": 23.50112909719503,
                "RMSE": 4.847796313501118,
                "MAE": 3.5045973031326865,
                "R2": 0.6997699705669181,
                "SMAPE": 4.320705790819917,
                "WAPE": 4.144444405494332
            },
            "Wind_Speed_kmh": {
                "MSE": 0.04495357109499773,
                "RMSE": 0.21202257213560477,
                "MAE": 0.08841576540410338,
                "R2": 0.7752818157416046,
                "SMAPE": 165.13252283393015,
                "WAPE": 42.576084314349906
            },
            "Soil_Moisture": {
                "MSE": 76747.25899903808,
                "RMSE": 277.0329565214906,
                "MAE": 102.60134051761591,
                "R2": 0.9206600351679484,
                "SMAPE": 1.4082507608744452,
                "WAPE": 1.4982516458856674
            },
            "Soil_Temperature": {
                "MSE": 5.476699803674139,
                "RMSE": 2.340234988985965,
                "MAE": 1.3621850589198088,
                "R2": 0.748835292998041,
                "SMAPE": 10.064272764989475,
                "WAPE": 8.764305009699859
            },
            "Wind_Dir_Sin": {
                "MSE": 0.06926474534978837,
                "RMSE": 0.2631819624324364,
                "MAE": 0.0989704101876618,
                "R2": 0.3937651119509721,
                "SMAPE": 171.90326041824346,
                "WAPE": 67.14349625252757
            },
            "Wind_Dir_Cos": {
                "MSE": 0.10580265147247396,
                "RMSE": 0.32527319513368136,
                "MAE": 0.12219706928882734,
                "R2": 0.749584643557833,
                "SMAPE": 24.382971067320266,
                "WAPE": 13.318094144663426
            }
        },
        {
            "Temperature": {
                "MSE": 0.47322571878107106,
                "RMSE": 0.6879140344411292,
                "MAE": 0.4701055135816706,
                "R2": 0.8267439307458528,
                "SMAPE": 5.866502090265474,
                "WAPE": 5.617237960712587
            },
            "Precipitation_accumulated": {
                "MSE": 0.016338059863479023,
                "RMSE": 0.1278204203696695,
                "MAE": 0.08311921348799423,
                "R2": 0.929304328675725,
                "SMAPE": 0.018119691898538168,
                "WAPE": 0.018123503713435008
            },
            "Humidity": {
                "MSE": 5.416234567816686,
                "RMSE": 2.3272805090527195,
                "MAE": 1.7517925851380773,
                "R2": 0.8542030946105831,
                "SMAPE": 2.0228092466505143,
                "WAPE": 1.9995489845777776
            },
            "Wind_Speed_kmh": {
                "MSE": 0.0012172834275442927,
                "RMSE": 0.03488958909967689,
                "MAE": 0.011691811055471542,
                "R2": -0.1776346037658436,
                "SMAPE": 194.95244826739236,
                "WAPE": 144.13604042148953
            },
            "Soil_Moisture": {
                "MSE": 11092.924235982222,
                "RMSE": 105.3229520853941,
                "MAE": 52.53738828831015,
                "R2": 0.7067575190040787,
                "SMAPE": 0.8978715923073508,
                "WAPE": 0.8950836309712703
            },
            "Soil_Temperature": {
                "MSE": 0.10517131492187812,
                "RMSE": 0.3243012718474569,
                "MAE": 0.23763557934519994,
                "R2": 0.9407470640484986,
                "SMAPE": 2.6947174150321276,
                "WAPE": 2.6447953191590874
            },
            "Wind_Dir_Sin": {
                "MSE": 0.027096585863073612,
                "RMSE": 0.16461040630249843,
                "MAE": 0.038867944500711286,
                "R2": 0.08729207618215307,
                "SMAPE": 192.70647850743762,
                "WAPE": 100.6328943395796
            },
            "Wind_Dir_Cos": {
                "MSE": 0.04959888409438059,
                "RMSE": 0.2227080692170371,
                "MAE": 0.04673490144878661,
                "R2": -0.10679094525961852,
                "SMAPE": 9.111718438853506,
                "WAPE": 4.79771298927336
            }
        },
        {
            "Temperature": {
                "MSE": 9.526265078236197,
                "RMSE": 3.0864648188884636,
                "MAE": 2.3675735623479635,
                "R2": 0.654399686616365,
                "SMAPE": 38.05552404750445,
                "WAPE": 28.976757448287003
            },
            "Precipitation_accumulated": {
                "MSE": 0.05011667978989458,
                "RMSE": 0.22386754965803904,
                "MAE": 0.09539969309993514,
                "R2": 0.9896931449179384,
                "SMAPE": 0.020585977376035947,
                "WAPE": 0.020570859614326892
            },
            "Humidity": {
                "MSE": 88.51823508942246,
                "RMSE": 9.408412995262402,
                "MAE": 6.6524786951974315,
                "R2": 0.3828583025027944,
                "SMAPE": 7.861098547297623,
                "WAPE": 7.648460634739253
            },
            "Wind_Speed_kmh": {
                "MSE": 1.4859350824726933,
                "RMSE": 1.2189893693025766,
                "MAE": 0.9016205429414136,
                "R2": -0.05617204182363711,
                "SMAPE": 86.54290188987271,
                "WAPE": 67.73803542415155
            },
            "Soil_Moisture": {
                "MSE": 156237.0203905112,
                "RMSE": 395.26828912842376,
                "MAE": 111.1333413242123,
                "R2": 0.8006236806975711,
                "SMAPE": 1.4753013235625692,
                "WAPE": 1.3456043949146754
            },
            "Soil_Temperature": {
                "MSE": 2.893597916093733,
                "RMSE": 1.7010578814648645,
                "MAE": 1.2382226497065754,
                "R2": 0.8220499638144346,
                "SMAPE": 25.40901938538814,
                "WAPE": 17.92234261014238
            },
            "Wind_Dir_Sin": {
                "MSE": 0.6573834298027338,
                "RMSE": 0.8107918535621419,
                "MAE": 0.6840161965801899,
                "R2": -0.28029319251022655,
                "SMAPE": 137.020425748265,
                "WAPE": 102.11749514696639
            },
            "Wind_Dir_Cos": {
                "MSE": 0.4692935700278908,
                "RMSE": 0.6850500492868319,
                "MAE": 0.5593543476260082,
                "R2": -0.07281117499243783,
                "SMAPE": 126.59352035869844,
                "WAPE": 94.48264157161854
            }
        }
    ]
}