{
    "trial_number": 66,
    "input_chunk_length": 25,
    "output_chunk_length": 1,
    "hidden_size": 64,
    "temporal_width_past": 2,
    "temporal_width_future": 1,
    "use_reversible_instance_norm": true,
    "num_encoder_layers": 3,
    "num_decoder_layers": 2,
    "dropout": 0.20867238638148655,
    "batch_size": 111,
    "lr": 0.003922560548363273,
    "loss_function": "smoothl1",
    "optimizer": "Adam",
    "overall_mae_val": 0.07675115101432409,
    "metrics": {
        "MSE": {
            "Temperature": 1.6478025520370216,
            "Precipitation_accumulated": 0.5726358054064068,
            "Humidity": 13.398974387061637,
            "Wind_Speed_kmh": 0.6085193617967118,
            "Soil_Moisture": 1785.6513031987038,
            "Soil_Temperature": 0.43878233126508037,
            "Wind_Dir_Sin": 0.37070129823805154,
            "Wind_Dir_Cos": 0.3140613522909912
        },
        "RMSE": {
            "Temperature": 1.2836676174294581,
            "Precipitation_accumulated": 0.7567270349382311,
            "Humidity": 3.6604609528120413,
            "Wind_Speed_kmh": 0.7800765102198065,
            "Soil_Moisture": 42.25696751068046,
            "Soil_Temperature": 0.6624064698242917,
            "Wind_Dir_Sin": 0.6088524437316907,
            "Wind_Dir_Cos": 0.5604117703001884
        },
        "MAE": {
            "Temperature": 0.9861080982203911,
            "Precipitation_accumulated": 0.7400439375767541,
            "Humidity": 2.652034857993981,
            "Wind_Speed_kmh": 0.5949869024894195,
            "Soil_Moisture": 16.375054077331104,
            "Soil_Temperature": 0.5110240165961097,
            "Wind_Dir_Sin": 0.48084107689422834,
            "Wind_Dir_Cos": 0.4443709829833857
        },
        "R2": {
            "Temperature": 0.9460036654785954,
            "Precipitation_accumulated": 0.8341644457613684,
            "Humidity": 0.9085861845242462,
            "Wind_Speed_kmh": 0.5493589880903188,
            "Soil_Moisture": 0.9691964273104172,
            "Soil_Temperature": 0.9728630625011074,
            "Wind_Dir_Sin": 0.32584152778854303,
            "Wind_Dir_Cos": 0.14611805482736573
        },
        "SMAPE": {
            "Temperature": 19.757047743528812,
            "Precipitation_accumulated": 0.15918684709507802,
            "Humidity": 3.1450838002201698,
            "Wind_Speed_kmh": 59.24239085371493,
            "Soil_Moisture": 0.19119461726221737,
            "Soil_Temperature": 8.643843524307053,
            "Wind_Dir_Sin": 95.0191388937118,
            "Wind_Dir_Cos": 107.01959877203042
        }
    }
}