{
    "trial_number": 25,
    "fold_smape": [
        48.62117984122043,
        50.95391476346623,
        52.90624225559641
    ],
    "mean_smape": 50.82711228676103,
    "hyperparameters": {
        "input_chunk_length": 48,
        "hidden_size": 72,
        "dropout": 0.15000000000000002,
        "batch_size": 144,
        "lr": 0.0046984406855663996,
        "weight_decay": 0.0004584087111761119,
        "num_encoder_layers": 4,
        "num_decoder_layers": 2,
        "temporal_width_past": 3,
        "temporal_width_future": 2,
        "use_reversible_instance_norm": true,
        "temporal_hidden_size_past": 156,
        "temporal_hidden_size_future": 144
    },
    "metrics_per_fold": [
        {
            "Temperature": {
                "MSE": 4.436287995551693,
                "RMSE": 2.1062497467184875,
                "MAE": 1.274612890455872,
                "R2": 0.7858824792876321,
                "SMAPE": 9.012620412520556,
                "WAPE": 8.032997791644107
            },
            "Precipitation_accumulated": {
                "MSE": 1908.413288207954,
                "RMSE": 43.68538987130542,
                "MAE": 6.129647179621256,
                "R2": 0.9083914182611836,
                "SMAPE": 3.1876895160840935,
                "WAPE": 1.5151984372102245
            },
            "Humidity": {
                "MSE": 21.711747105064852,
                "RMSE": 4.65958658091733,
                "MAE": 3.330146190608928,
                "R2": 0.7211356057543858,
                "SMAPE": 4.108754410780057,
                "WAPE": 3.9387335069738447
            },
            "Wind_Speed_kmh": {
                "MSE": 0.03711616256050526,
                "RMSE": 0.19265555419064684,
                "MAE": 0.07646372073775032,
                "R2": 0.7943473280523063,
                "SMAPE": 165.76860268748288,
                "WAPE": 39.337738742531315
            },
            "Soil_Moisture": {
                "MSE": 76961.58887597354,
                "RMSE": 277.4195178353058,
                "MAE": 99.41218878727358,
                "R2": 0.9141846617984974,
                "SMAPE": 1.3639382883982707,
                "WAPE": 1.458314581390511
            },
            "Soil_Temperature": {
                "MSE": 4.487517227631396,
                "RMSE": 2.118376082670732,
                "MAE": 1.2488100194294804,
                "R2": 0.7887119449334761,
                "SMAPE": 9.131464072598586,
                "WAPE": 7.994480894509962
            },
            "Wind_Dir_Sin": {
                "MSE": 0.06782953758353265,
                "RMSE": 0.2604410443527146,
                "MAE": 0.09486259540169535,
                "R2": 0.3758984729721203,
                "SMAPE": 173.13039889341087,
                "WAPE": 67.32703833417881
            },
            "Wind_Dir_Cos": {
                "MSE": 0.10511389116692106,
                "RMSE": 0.3242127251773457,
                "MAE": 0.11865934105255625,
                "R2": 0.7431770341417738,
                "SMAPE": 23.26597044849021,
                "WAPE": 12.879306590447424
            }
        },
        {
            "Temperature": {
                "MSE": 0.43849301134810004,
                "RMSE": 0.662188048327739,
                "MAE": 0.4495656232730418,
                "R2": 0.8374193187764698,
                "SMAPE": 5.584808199742546,
                "WAPE": 5.389491232882279
            },
            "Precipitation_accumulated": {
                "MSE": 0.06438457441525557,
                "RMSE": 0.25374115632915284,
                "MAE": 0.24485218321989535,
                "R2": 0.7220079459999411,
                "SMAPE": 0.05337800881151249,
                "WAPE": 0.053387528772195623
            },
            "Humidity": {
                "MSE": 5.072474707461569,
                "RMSE": 2.2522155108829103,
                "MAE": 1.6861517159276824,
                "R2": 0.8639771517398107,
                "SMAPE": 1.9472113955316181,
                "WAPE": 1.9258841826569997
            },
            "Wind_Speed_kmh": {
                "MSE": 0.0012598277577047514,
                "RMSE": 0.035494052427199003,
                "MAE": 0.011178939488848887,
                "R2": -0.20439107536215673,
                "SMAPE": 195.3306622850267,
                "WAPE": 136.1840655189911
            },
            "Soil_Moisture": {
                "MSE": 10807.698397611659,
                "RMSE": 103.9600807887896,
                "MAE": 51.04650361444678,
                "R2": 0.6901359509823994,
                "SMAPE": 0.8723670629198829,
                "WAPE": 0.8706238695753709
            },
            "Soil_Temperature": {
                "MSE": 0.09901821685849212,
                "RMSE": 0.3146716016079178,
                "MAE": 0.23056895153864074,
                "R2": 0.9435420853743274,
                "SMAPE": 2.611656599346834,
                "WAPE": 2.5723766094050826
            },
            "Wind_Dir_Sin": {
                "MSE": 0.025571945600550792,
                "RMSE": 0.159912305969712,
                "MAE": 0.03717407671650172,
                "R2": 0.14837763122446435,
                "SMAPE": 192.36192398698677,
                "WAPE": 95.10940647081541
            },
            "Wind_Dir_Cos": {
                "MSE": 0.04717458988080953,
                "RMSE": 0.21719712217432702,
                "MAE": 0.04472339967583147,
                "R2": -0.040662791458346614,
                "SMAPE": 8.869310569363908,
                "WAPE": 4.592676692742133
            }
        },
        {
            "Temperature": {
                "MSE": 8.740938198822189,
                "RMSE": 2.95650777080362,
                "MAE": 2.24930995982628,
                "R2": 0.685579195570053,
                "SMAPE": 38.03260607023717,
                "WAPE": 27.42362724251021
            },
            "Precipitation_accumulated": {
                "MSE": 0.05388484539399036,
                "RMSE": 0.232131095275903,
                "MAE": 0.10863267823002067,
                "R2": 0.988731143882175,
                "SMAPE": 0.023443030437980815,
                "WAPE": 0.02342221739781676
            },
            "Humidity": {
                "MSE": 88.32761021803624,
                "RMSE": 9.39827698134271,
                "MAE": 6.520477133097522,
                "R2": 0.38302753188751193,
                "SMAPE": 7.700527935124087,
                "WAPE": 7.48352054611761
            },
            "Wind_Speed_kmh": {
                "MSE": 1.617894915570592,
                "RMSE": 1.271964982053591,
                "MAE": 0.9382250306074084,
                "R2": -0.1544224325451471,
                "SMAPE": 89.78873068019591,
                "WAPE": 69.68435247069165
            },
            "Soil_Moisture": {
                "MSE": 145795.84829749056,
                "RMSE": 381.8322253261117,
                "MAE": 102.56666251434032,
                "R2": 0.7939531142206551,
                "SMAPE": 1.363381470735643,
                "WAPE": 1.2371189102089333
            },
            "Soil_Temperature": {
                "MSE": 2.550868774398138,
                "RMSE": 1.597143942917525,
                "MAE": 1.1677944251887615,
                "R2": 0.8449284061718978,
                "SMAPE": 24.301612190923738,
                "WAPE": 16.88397156355662
            },
            "Wind_Dir_Sin": {
                "MSE": 0.7371642563250893,
                "RMSE": 0.8585827020882084,
                "MAE": 0.7067059354788361,
                "R2": -0.41952033923371346,
                "SMAPE": 133.90622655939862,
                "WAPE": 104.44692648196168
            },
            "Wind_Dir_Cos": {
                "MSE": 0.5118478810599375,
                "RMSE": 0.7154354485625782,
                "MAE": 0.5792080469120316,
                "R2": -0.19634764837169638,
                "SMAPE": 128.13341010771816,
                "WAPE": 98.62825482449063
            }
        }
    ]
}