{
    "trial_number": 2,
    "input_chunk_length": 61,
    "output_chunk_length": 19,
    "hidden_size": 64,
    "temporal_width_past": 5,
    "temporal_width_future": 1,
    "use_reversible_instance_norm": true,
    "num_encoder_layers": 4,
    "num_decoder_layers": 1,
    "dropout": 0.284378056418091,
    "batch_size": 229,
    "lr": 8.070732321670134e-05,
    "loss_function": "mse",
    "optimizer": "SGD",
    "overall_mae_val": 0.12239739170754754,
    "metrics": {
        "MSE": {
            "Temperature": 11.926586817090227,
            "Precipitation_accumulated": 1.1958099706515386,
            "Humidity": 102.00916774355386,
            "Wind_Speed_kmh": 1.6315259589114686,
            "Soil_Moisture": 10692.856210252066,
            "Soil_Temperature": 3.0636979486662117,
            "Wind_Dir_Sin": 0.6916966481225315,
            "Wind_Dir_Cos": 0.4805214011753885
        },
        "RMSE": {
            "Temperature": 3.4534890787564723,
            "Precipitation_accumulated": 1.0935309646514535,
            "Humidity": 10.099958799101799,
            "Wind_Speed_kmh": 1.2773120053109455,
            "Soil_Moisture": 103.40626775129284,
            "Soil_Temperature": 1.7503422375827569,
            "Wind_Dir_Sin": 0.8316830214225438,
            "Wind_Dir_Cos": 0.6931965097830401
        },
        "MAE": {
            "Temperature": 2.79572588423114,
            "Precipitation_accumulated": 1.05771038730257,
            "Humidity": 7.805833559227069,
            "Wind_Speed_kmh": 1.0161580861711825,
            "Soil_Moisture": 45.85825283729665,
            "Soil_Temperature": 1.3823994729104887,
            "Wind_Dir_Sin": 0.7020440049395572,
            "Wind_Dir_Cos": 0.5758465012114238
        },
        "R2": {
            "Temperature": 0.6057447579221917,
            "Precipitation_accumulated": 0.6207077357043805,
            "Humidity": 0.3061634708293005,
            "Wind_Speed_kmh": -0.2061963633822903,
            "Soil_Moisture": 0.7653530972668271,
            "Soil_Temperature": 0.8068461956764811,
            "Wind_Dir_Sin": -0.26127524906095867,
            "Wind_Dir_Cos": -0.30844506687066087
        },
        "SMAPE": {
            "Temperature": 40.94732591987147,
            "Precipitation_accumulated": 0.2280021604903066,
            "Humidity": 9.257837837956734,
            "Wind_Speed_kmh": 77.81894303015528,
            "Soil_Moisture": 0.5388525898471302,
            "Soil_Temperature": 21.29814547665077,
            "Wind_Dir_Sin": 135.56862805067044,
            "Wind_Dir_Cos": 137.10533731243538
        }
    }
}