{
    "trial_number": 44,
    "fold_smape": [
        48.61954026712314,
        50.91466955821424,
        53.80039251153154
    ],
    "mean_smape": 51.11153411228964,
    "hyperparameters": {
        "input_chunk_length": 36,
        "hidden_size": 88,
        "dropout": 0.15000000000000002,
        "batch_size": 128,
        "lr": 0.0031339481418702917,
        "weight_decay": 0.0008327782479226364,
        "num_encoder_layers": 4,
        "num_decoder_layers": 1,
        "temporal_width_past": 2,
        "temporal_width_future": 1,
        "use_reversible_instance_norm": true,
        "temporal_hidden_size_past": 72,
        "temporal_hidden_size_future": 144
    },
    "metrics_per_fold": [
        {
            "Temperature": {
                "MSE": 4.572076219973275,
                "RMSE": 2.1382413848705846,
                "MAE": 1.2885776504095918,
                "R2": 0.7802103771007763,
                "SMAPE": 9.15671472632555,
                "WAPE": 8.132992312395583
            },
            "Precipitation_accumulated": {
                "MSE": 1897.5482764907467,
                "RMSE": 43.56085715973398,
                "MAE": 6.061226211624238,
                "R2": 0.9123039668782016,
                "SMAPE": 3.209454026541745,
                "WAPE": 1.507069428344405
            },
            "Humidity": {
                "MSE": 22.62029542943323,
                "RMSE": 4.756079838420843,
                "MAE": 3.4712478885553786,
                "R2": 0.7107052169492949,
                "SMAPE": 4.2799012808584775,
                "WAPE": 4.1076512824114095
            },
            "Wind_Speed_kmh": {
                "MSE": 0.04097154209555079,
                "RMSE": 0.2024142833288965,
                "MAE": 0.08105952645647105,
                "R2": 0.7935208488350254,
                "SMAPE": 165.22603310939277,
                "WAPE": 39.695192100445276
            },
            "Soil_Moisture": {
                "MSE": 78716.3361134588,
                "RMSE": 280.5643172491092,
                "MAE": 101.73440767246777,
                "R2": 0.9155724466085243,
                "SMAPE": 1.394818843419293,
                "WAPE": 1.4889653484757686
            },
            "Soil_Temperature": {
                "MSE": 4.607433450413725,
                "RMSE": 2.146493291490501,
                "MAE": 1.261117884586428,
                "R2": 0.7837940643268959,
                "SMAPE": 9.220240518999942,
                "WAPE": 8.083671900505019
            },
            "Wind_Dir_Sin": {
                "MSE": 0.06844186533999655,
                "RMSE": 0.26161396243319385,
                "MAE": 0.09653028852466865,
                "R2": 0.3896294242849535,
                "SMAPE": 172.4633020276689,
                "WAPE": 66.70884817164179
            },
            "Wind_Dir_Cos": {
                "MSE": 0.10756076029609314,
                "RMSE": 0.3279645717087337,
                "MAE": 0.12103143443468728,
                "R2": 0.7403076852627432,
                "SMAPE": 24.005857603778377,
                "WAPE": 13.17159975547473
            }
        },
        {
            "Temperature": {
                "MSE": 0.4557276765331279,
                "RMSE": 0.6750760524067847,
                "MAE": 0.45961206048624426,
                "R2": 0.8316075966518344,
                "SMAPE": 5.712466455411292,
                "WAPE": 5.502087656308401
            },
            "Precipitation_accumulated": {
                "MSE": 0.017269800342326065,
                "RMSE": 0.13141461236227145,
                "MAE": 0.09416197707121401,
                "R2": 0.925355338769172,
                "SMAPE": 0.020529069996760695,
                "WAPE": 0.02053117808571894
            },
            "Humidity": {
                "MSE": 5.142249583450045,
                "RMSE": 2.2676528798407496,
                "MAE": 1.69864477180452,
                "R2": 0.8620264523231779,
                "SMAPE": 1.9601566894467144,
                "WAPE": 1.939402188947783
            },
            "Wind_Speed_kmh": {
                "MSE": 0.0012373776887903592,
                "RMSE": 0.03517637969988326,
                "MAE": 0.01019409446225265,
                "R2": -0.1900016244531244,
                "SMAPE": 195.08676645420485,
                "WAPE": 124.92937766955853
            },
            "Soil_Moisture": {
                "MSE": 10926.88111815651,
                "RMSE": 104.53172302299676,
                "MAE": 50.8838842696747,
                "R2": 0.6993009139095434,
                "SMAPE": 0.8699015080511302,
                "WAPE": 0.867383279499564
            },
            "Soil_Temperature": {
                "MSE": 0.10299947127333842,
                "RMSE": 0.3209353069908925,
                "MAE": 0.234255473858041,
                "R2": 0.9414646785400247,
                "SMAPE": 2.6468547740640163,
                "WAPE": 2.6107615034173084
            },
            "Wind_Dir_Sin": {
                "MSE": 0.026470830235369606,
                "RMSE": 0.1626985870724439,
                "MAE": 0.03764635389565612,
                "R2": 0.11340596207233367,
                "SMAPE": 192.18407115356453,
                "WAPE": 96.89389947439356
            },
            "Wind_Dir_Cos": {
                "MSE": 0.049434679232850255,
                "RMSE": 0.22233910864454381,
                "MAE": 0.04538337301956569,
                "R2": -0.09682330052219701,
                "SMAPE": 8.836610360974746,
                "WAPE": 4.6597042509689395
            }
        },
        {
            "Temperature": {
                "MSE": 9.762810628413703,
                "RMSE": 3.124549668098381,
                "MAE": 2.3821235506486063,
                "R2": 0.6470714550470298,
                "SMAPE": 39.654275771745496,
                "WAPE": 29.084524902778952
            },
            "Precipitation_accumulated": {
                "MSE": 0.047789221545039985,
                "RMSE": 0.21860745994828262,
                "MAE": 0.10798104915576136,
                "R2": 0.9900876970325663,
                "SMAPE": 0.02328644125571675,
                "WAPE": 0.02328273170368613
            },
            "Humidity": {
                "MSE": 92.73429515771227,
                "RMSE": 9.62986475282557,
                "MAE": 6.722004659570175,
                "R2": 0.3528859445996717,
                "SMAPE": 7.939095943388066,
                "WAPE": 7.721637221343377
            },
            "Wind_Speed_kmh": {
                "MSE": 1.5249492356456122,
                "RMSE": 1.234888349465494,
                "MAE": 0.9128179497046878,
                "R2": -0.08627796793754716,
                "SMAPE": 89.158205899312,
                "WAPE": 68.19213859716601
            },
            "Soil_Moisture": {
                "MSE": 162475.49319040388,
                "RMSE": 403.08248931255235,
                "MAE": 116.51101921020961,
                "R2": 0.7823213982844622,
                "SMAPE": 1.5462078441690221,
                "WAPE": 1.4080347595236167
            },
            "Soil_Temperature": {
                "MSE": 2.9511084242566272,
                "RMSE": 1.7178790482035187,
                "MAE": 1.2565139406725017,
                "R2": 0.8195453757728577,
                "SMAPE": 26.643257413442324,
                "WAPE": 18.175056691886624
            },
            "Wind_Dir_Sin": {
                "MSE": 0.6834429914039462,
                "RMSE": 0.826706109451204,
                "MAE": 0.6919626257740823,
                "R2": -0.32364586770994674,
                "SMAPE": 137.75051173770257,
                "WAPE": 102.80097504334448
            },
            "Wind_Dir_Cos": {
                "MSE": 0.4961895621074075,
                "RMSE": 0.7044072416630933,
                "MAE": 0.572601638839145,
                "R2": -0.14653233277117317,
                "SMAPE": 127.6882990412373,
                "WAPE": 97.10336047806186
            }
        }
    ]
}