{
    "trial_number": 87,
    "fold_smape": [
        48.741488831669045,
        50.93875313880526,
        52.5754234022984
    ],
    "mean_smape": 50.751888457590894,
    "hyperparameters": {
        "input_chunk_length": 36,
        "hidden_size": 144,
        "dropout": 0.5,
        "batch_size": 64,
        "lr": 0.004593977745064824,
        "weight_decay": 0.00022361966975693087,
        "num_encoder_layers": 3,
        "num_decoder_layers": 2,
        "temporal_width_past": 3,
        "temporal_width_future": 1,
        "use_reversible_instance_norm": true,
        "temporal_hidden_size_past": 48,
        "temporal_hidden_size_future": 120
    },
    "metrics_per_fold": [
        {
            "Temperature": {
                "MSE": 4.727732523781632,
                "RMSE": 2.174334961265543,
                "MAE": 1.302324244428365,
                "R2": 0.7727276408842472,
                "SMAPE": 9.259368939534816,
                "WAPE": 8.219755375095582
            },
            "Precipitation_accumulated": {
                "MSE": 1939.0792277695505,
                "RMSE": 44.03497732223273,
                "MAE": 6.241500635981818,
                "R2": 0.910384595590499,
                "SMAPE": 3.278984251427646,
                "WAPE": 1.5518930439257959
            },
            "Humidity": {
                "MSE": 22.78278304070068,
                "RMSE": 4.773131366377912,
                "MAE": 3.474532660412266,
                "R2": 0.7086271354142112,
                "SMAPE": 4.28463983660441,
                "WAPE": 4.111538269962733
            },
            "Wind_Speed_kmh": {
                "MSE": 0.04155185428958133,
                "RMSE": 0.2038427194912326,
                "MAE": 0.08347003287492737,
                "R2": 0.7905963221243961,
                "SMAPE": 165.65538411274403,
                "WAPE": 40.87562726362578
            },
            "Soil_Moisture": {
                "MSE": 81350.3703063085,
                "RMSE": 285.21986309916866,
                "MAE": 102.97581643530677,
                "R2": 0.9127473016204338,
                "SMAPE": 1.4085548513738775,
                "WAPE": 1.507134369886031
            },
            "Soil_Temperature": {
                "MSE": 4.749682779896247,
                "RMSE": 2.179376695272354,
                "MAE": 1.2792484912400046,
                "R2": 0.7771189490570534,
                "SMAPE": 9.282345277211517,
                "WAPE": 8.19988774149493
            },
            "Wind_Dir_Sin": {
                "MSE": 0.07005911484649861,
                "RMSE": 0.2646868240893351,
                "MAE": 0.09862562854070935,
                "R2": 0.3752066509216788,
                "SMAPE": 172.72909915290316,
                "WAPE": 68.15686745278487
            },
            "Wind_Dir_Cos": {
                "MSE": 0.10597624567910471,
                "RMSE": 0.32553992946965005,
                "MAE": 0.12038314586048553,
                "R2": 0.7441333022208978,
                "SMAPE": 24.033534231552856,
                "WAPE": 13.101047855752837
            }
        },
        {
            "Temperature": {
                "MSE": 0.4528925338491496,
                "RMSE": 0.6729729072177791,
                "MAE": 0.45693638137786297,
                "R2": 0.8326551882618545,
                "SMAPE": 5.689034095525635,
                "WAPE": 5.4700566844081155
            },
            "Precipitation_accumulated": {
                "MSE": 0.018649624040162308,
                "RMSE": 0.1365636263437754,
                "MAE": 0.10300492805633538,
                "R2": 0.9193913744822877,
                "SMAPE": 0.02245740815011293,
                "WAPE": 0.022459304566554202
            },
            "Humidity": {
                "MSE": 5.11095824892774,
                "RMSE": 2.260742853339968,
                "MAE": 1.6861576017153341,
                "R2": 0.8628660413718074,
                "SMAPE": 1.9449662610690621,
                "WAPE": 1.9251451498029812
            },
            "Wind_Speed_kmh": {
                "MSE": 0.00123554967225845,
                "RMSE": 0.03515038651648727,
                "MAE": 0.010257979827208384,
                "R2": -0.1882435980540662,
                "SMAPE": 195.16621707848688,
                "WAPE": 125.71229751748278
            },
            "Soil_Moisture": {
                "MSE": 10875.304828492612,
                "RMSE": 104.28472960358391,
                "MAE": 50.383067633265576,
                "R2": 0.7007202524196056,
                "SMAPE": 0.8618594892091519,
                "WAPE": 0.8588461958482011
            },
            "Soil_Temperature": {
                "MSE": 0.10106658598229883,
                "RMSE": 0.31790971357021924,
                "MAE": 0.2315020744063139,
                "R2": 0.9425631507987415,
                "SMAPE": 2.6174518462967558,
                "WAPE": 2.580075051682756
            },
            "Wind_Dir_Sin": {
                "MSE": 0.0263769640954429,
                "RMSE": 0.1624098645262747,
                "MAE": 0.03764281990331126,
                "R2": 0.11654984381999045,
                "SMAPE": 192.25003224618828,
                "WAPE": 96.88480371176128
            },
            "Wind_Dir_Cos": {
                "MSE": 0.04957446829129995,
                "RMSE": 0.22265324675670004,
                "MAE": 0.045908417947626484,
                "R2": -0.09992484581074823,
                "SMAPE": 8.958006685516311,
                "WAPE": 4.71361285053865
            }
        },
        {
            "Temperature": {
                "MSE": 8.882418252157423,
                "RMSE": 2.980338613674195,
                "MAE": 2.2510440304774795,
                "R2": 0.6788979046388625,
                "SMAPE": 37.696802033998615,
                "WAPE": 27.484110193968654
            },
            "Precipitation_accumulated": {
                "MSE": 0.04240907183794286,
                "RMSE": 0.20593463001142587,
                "MAE": 0.09769234450130254,
                "R2": 0.9912036322200988,
                "SMAPE": 0.02106968151198822,
                "WAPE": 0.02106429474719125
            },
            "Humidity": {
                "MSE": 88.52654965221208,
                "RMSE": 9.408854853392738,
                "MAE": 6.436978394583904,
                "R2": 0.38224823450035994,
                "SMAPE": 7.616057096259554,
                "WAPE": 7.394224562733408
            },
            "Wind_Speed_kmh": {
                "MSE": 1.6020500093644705,
                "RMSE": 1.2657211420231829,
                "MAE": 0.9223492316148646,
                "R2": -0.14119971211369053,
                "SMAPE": 89.60097714214079,
                "WAPE": 68.90417378144095
            },
            "Soil_Moisture": {
                "MSE": 143752.9887710258,
                "RMSE": 379.1477136565982,
                "MAE": 102.94946259212786,
                "R2": 0.80740511092688,
                "SMAPE": 1.3650545154239146,
                "WAPE": 1.244143453439897
            },
            "Soil_Temperature": {
                "MSE": 2.550164054024601,
                "RMSE": 1.5969233087486077,
                "MAE": 1.1665551442465254,
                "R2": 0.8440623555867843,
                "SMAPE": 24.877646044615613,
                "WAPE": 16.873832589191093
            },
            "Wind_Dir_Sin": {
                "MSE": 0.7107155914890783,
                "RMSE": 0.8430394958061445,
                "MAE": 0.6893155227046243,
                "R2": -0.3764655832654973,
                "SMAPE": 130.4358872323253,
                "WAPE": 102.40770990669624
            },
            "Wind_Dir_Cos": {
                "MSE": 0.5037797699029521,
                "RMSE": 0.7097744500212388,
                "MAE": 0.5755220986248628,
                "R2": -0.16407082877073198,
                "SMAPE": 128.9898934721115,
                "WAPE": 97.59862007932524
            }
        }
    ]
}