{
    "trial_number": 33,
    "input_chunk_length": 28,
    "output_chunk_length": 2,
    "hidden_size": 64,
    "temporal_width_past": 2,
    "temporal_width_future": 1,
    "use_reversible_instance_norm": true,
    "num_encoder_layers": 3,
    "num_decoder_layers": 2,
    "dropout": 0.18832486195001252,
    "batch_size": 74,
    "lr": 0.001965851694869524,
    "loss_function": "smoothl1",
    "optimizer": "Adam",
    "overall_mae_val": 0.09180099838066036,
    "metrics": {
        "MSE": {
            "Temperature": 2.811259305269585,
            "Precipitation_accumulated": 0.8608756542379533,
            "Humidity": 24.885568654379107,
            "Wind_Speed_kmh": 0.9701685020816112,
            "Soil_Moisture": 3536.233781386748,
            "Soil_Temperature": 0.644718505723419,
            "Wind_Dir_Sin": 0.5048805330641898,
            "Wind_Dir_Cos": 0.3958739178932644
        },
        "RMSE": {
            "Temperature": 1.6766810386205198,
            "Precipitation_accumulated": 0.9278338505562046,
            "Humidity": 4.988543740850541,
            "Wind_Speed_kmh": 0.9849713204360883,
            "Soil_Moisture": 59.46624068651682,
            "Soil_Temperature": 0.8029436504035754,
            "Wind_Dir_Sin": 0.7105494585630122,
            "Wind_Dir_Cos": 0.6291851221169048
        },
        "MAE": {
            "Temperature": 1.2570801258302053,
            "Precipitation_accumulated": 0.8441141807006312,
            "Humidity": 3.524897395295318,
            "Wind_Speed_kmh": 0.7511031729007175,
            "Soil_Moisture": 23.452608272531197,
            "Soil_Temperature": 0.607566699261954,
            "Wind_Dir_Sin": 0.5720408436686613,
            "Wind_Dir_Cos": 0.5103558133025508
        },
        "R2": {
            "Temperature": 0.9076674538820929,
            "Precipitation_accumulated": 0.7491655261108447,
            "Humidity": 0.8301699594300737,
            "Wind_Speed_kmh": 0.28118469102090704,
            "Soil_Moisture": 0.9381943290909934,
            "Soil_Temperature": 0.9600035504219261,
            "Wind_Dir_Sin": 0.08288930174712228,
            "Wind_Dir_Cos": -0.07963965392347228
        },
        "SMAPE": {
            "Temperature": 22.920976159346395,
            "Precipitation_accumulated": 0.18158165364593465,
            "Humidity": 4.18298271941633,
            "Wind_Speed_kmh": 70.15245830242215,
            "Soil_Moisture": 0.2747563480364867,
            "Soil_Temperature": 10.00290742950448,
            "Wind_Dir_Sin": 112.76807598952892,
            "Wind_Dir_Cos": 121.6929164003287
        }
    }
}