{
    "trial_number": 79,
    "input_chunk_length": 28,
    "output_chunk_length": 1,
    "hidden_size": 64,
    "temporal_width_past": 5,
    "temporal_width_future": 5,
    "use_reversible_instance_norm": true,
    "num_encoder_layers": 3,
    "num_decoder_layers": 2,
    "dropout": 0.25514985426186043,
    "batch_size": 111,
    "lr": 0.004980841340630088,
    "loss_function": "huber",
    "optimizer": "AdamW",
    "overall_mae_val": 0.07569822892504585,
    "metrics": {
        "MSE": {
            "Temperature": 1.367188639046568,
            "Precipitation_accumulated": 0.4772107906859712,
            "Humidity": 12.232045976825763,
            "Wind_Speed_kmh": 0.5921861850696215,
            "Soil_Moisture": 1311.77260025869,
            "Soil_Temperature": 0.3283410315926947,
            "Wind_Dir_Sin": 0.3690956669233641,
            "Wind_Dir_Cos": 0.3192880379075053
        },
        "RMSE": {
            "Temperature": 1.1692684204435557,
            "Precipitation_accumulated": 0.6908044518429012,
            "Humidity": 3.497434199070193,
            "Wind_Speed_kmh": 0.769536344216192,
            "Soil_Moisture": 36.21840140396439,
            "Soil_Temperature": 0.573010498675805,
            "Wind_Dir_Sin": 0.6075324410460433,
            "Wind_Dir_Cos": 0.5650557830050988
        },
        "MAE": {
            "Temperature": 0.8867462835629683,
            "Precipitation_accumulated": 0.663609609690594,
            "Humidity": 2.4622318652940547,
            "Wind_Speed_kmh": 0.5866623428371851,
            "Soil_Moisture": 14.691820652952474,
            "Soil_Temperature": 0.4276386930165552,
            "Wind_Dir_Sin": 0.4767733782236026,
            "Wind_Dir_Cos": 0.4479231654671226
        },
        "R2": {
            "Temperature": 0.955117351423636,
            "Precipitation_accumulated": 0.8611676412687957,
            "Humidity": 0.9165293539398098,
            "Wind_Speed_kmh": 0.5612641484799324,
            "Soil_Moisture": 0.9771513707912025,
            "Soil_Temperature": 0.9796483503113128,
            "Wind_Dir_Sin": 0.32929256258571715,
            "Wind_Dir_Cos": 0.1300896737197198
        },
        "SMAPE": {
            "Temperature": 18.015742161907983,
            "Precipitation_accumulated": 0.14273594132802506,
            "Humidity": 2.936438963548889,
            "Wind_Speed_kmh": 59.27343531938764,
            "Soil_Moisture": 0.1714316926381061,
            "Soil_Temperature": 7.1924306814517065,
            "Wind_Dir_Sin": 93.7971304274331,
            "Wind_Dir_Cos": 108.67638628693254
        }
    }
}