{
    "trial_number": 15,
    "fold_smape": [
        49.87101299166957,
        51.393866814110496,
        54.68903998752961
    ],
    "mean_smape": 51.98463993110323,
    "hyperparameters": {
        "input_chunk_length": 84,
        "hidden_size": 56,
        "dropout": 0.25,
        "batch_size": 120,
        "lr": 0.0010685358460437798,
        "weight_decay": 0.0001503552302615658,
        "num_encoder_layers": 4,
        "num_decoder_layers": 2,
        "temporal_width_past": 2,
        "temporal_width_future": 1,
        "use_reversible_instance_norm": true,
        "temporal_hidden_size_past": 108,
        "temporal_hidden_size_future": 120
    },
    "metrics_per_fold": [
        {
            "Temperature": {
                "MSE": 5.76017780076085,
                "RMSE": 2.400037041539328,
                "MAE": 1.457799038409326,
                "R2": 0.7112278453501393,
                "SMAPE": 9.832352773899714,
                "WAPE": 9.134368076082769
            },
            "Precipitation_accumulated": {
                "MSE": 2534.5344885914456,
                "RMSE": 50.34416042195406,
                "MAE": 9.124052157690421,
                "R2": 0.8614053073077306,
                "SMAPE": 4.045430436854823,
                "WAPE": 2.215704849514171
            },
            "Humidity": {
                "MSE": 26.577865412153482,
                "RMSE": 5.155372480447313,
                "MAE": 3.7408086958529547,
                "R2": 0.6557422420408365,
                "SMAPE": 4.62391641653644,
                "WAPE": 4.423545490207311
            },
            "Wind_Speed_kmh": {
                "MSE": 0.034653286417793694,
                "RMSE": 0.18615393205031608,
                "MAE": 0.07922546240978282,
                "R2": 0.7925264377547288,
                "SMAPE": 168.24943921703152,
                "WAPE": 44.428963897349824
            },
            "Soil_Moisture": {
                "MSE": 107984.33429943102,
                "RMSE": 328.6096990343271,
                "MAE": 126.33943922173873,
                "R2": 0.8631983999388219,
                "SMAPE": 1.7362710709440605,
                "WAPE": 1.8662271471172924
            },
            "Soil_Temperature": {
                "MSE": 6.065610360523271,
                "RMSE": 2.46284598798286,
                "MAE": 1.4442406192890191,
                "R2": 0.7043201127434868,
                "SMAPE": 10.052331205990876,
                "WAPE": 9.192260667302298
            },
            "Wind_Dir_Sin": {
                "MSE": 0.06560925036380767,
                "RMSE": 0.2561430271621847,
                "MAE": 0.09584232094241439,
                "R2": 0.3739458080711249,
                "SMAPE": 175.372593460151,
                "WAPE": 71.41194135001042
            },
            "Wind_Dir_Cos": {
                "MSE": 0.1062702438698879,
                "RMSE": 0.32599117146003803,
                "MAE": 0.12499868973367262,
                "R2": 0.7208792233448094,
                "SMAPE": 25.055769351948193,
                "WAPE": 13.535066021210584
            }
        },
        {
            "Temperature": {
                "MSE": 0.4624334147273759,
                "RMSE": 0.680024569208625,
                "MAE": 0.47481890507423613,
                "R2": 0.8257857756655086,
                "SMAPE": 6.0276993480635666,
                "WAPE": 5.719004614459168
            },
            "Precipitation_accumulated": {
                "MSE": 0.14363371034246675,
                "RMSE": 0.3789903829155388,
                "MAE": 0.30549560832811623,
                "R2": 0.3816248249647969,
                "SMAPE": 0.06659144258441016,
                "WAPE": 0.06660904974553442
            },
            "Humidity": {
                "MSE": 5.786967143840325,
                "RMSE": 2.405611594551441,
                "MAE": 1.835209360954549,
                "R2": 0.8456542769098939,
                "SMAPE": 2.130902217773129,
                "WAPE": 2.0983050977429163
            },
            "Wind_Speed_kmh": {
                "MSE": 0.0012182449924027351,
                "RMSE": 0.034903366490966675,
                "MAE": 0.011533008214208608,
                "R2": -0.1437479576701275,
                "SMAPE": 195.32863253649626,
                "WAPE": 137.97601213849347
            },
            "Soil_Moisture": {
                "MSE": 10492.331193075934,
                "RMSE": 102.43208087838465,
                "MAE": 48.54925157915237,
                "R2": 0.6796595932243673,
                "SMAPE": 0.8335069467521399,
                "WAPE": 0.8289794664786013
            },
            "Soil_Temperature": {
                "MSE": 0.10248494246043008,
                "RMSE": 0.3201326950819458,
                "MAE": 0.24368553785749916,
                "R2": 0.9408077729259916,
                "SMAPE": 2.8042567404651773,
                "WAPE": 2.727675514012434
            },
            "Wind_Dir_Sin": {
                "MSE": 0.02780941426076408,
                "RMSE": 0.16676154910759278,
                "MAE": 0.04270946131111305,
                "R2": 0.08973476773477407,
                "SMAPE": 194.27746567344258,
                "WAPE": 107.31061204014135
            },
            "Wind_Dir_Cos": {
                "MSE": 0.048102429645029005,
                "RMSE": 0.21932266103854614,
                "MAE": 0.050892296597211305,
                "R2": -0.04273085383878805,
                "SMAPE": 9.681879607306806,
                "WAPE": 5.22873592939856
            }
        },
        {
            "Temperature": {
                "MSE": 9.988951677469016,
                "RMSE": 3.160530284219567,
                "MAE": 2.4463929115057788,
                "R2": 0.6441501164485107,
                "SMAPE": 39.95454923846673,
                "WAPE": 29.60062180221171
            },
            "Precipitation_accumulated": {
                "MSE": 0.11023761652245768,
                "RMSE": 0.3320205061776421,
                "MAE": 0.3094845349729272,
                "R2": 0.9763807185582554,
                "SMAPE": 0.06668600760180109,
                "WAPE": 0.06671909105083557
            },
            "Humidity": {
                "MSE": 96.09450733621809,
                "RMSE": 9.802780592067645,
                "MAE": 7.0824387643900995,
                "R2": 0.3285886405152144,
                "SMAPE": 8.360194069841015,
                "WAPE": 8.108206584330237
            },
            "Wind_Speed_kmh": {
                "MSE": 1.552512801504687,
                "RMSE": 1.2459987164939965,
                "MAE": 0.9475078413156811,
                "R2": -0.11276037975531494,
                "SMAPE": 87.97770091502362,
                "WAPE": 69.18395303881734
            },
            "Soil_Moisture": {
                "MSE": 180512.63544469688,
                "RMSE": 424.86778584013274,
                "MAE": 119.57888214020646,
                "R2": 0.703153605454139,
                "SMAPE": 1.5822431395487961,
                "WAPE": 1.4345517125777099
            },
            "Soil_Temperature": {
                "MSE": 3.1435872280159565,
                "RMSE": 1.7730164206842407,
                "MAE": 1.3060541091394045,
                "R2": 0.8121175801253652,
                "SMAPE": 26.364916089488556,
                "WAPE": 18.835375414632498
            },
            "Wind_Dir_Sin": {
                "MSE": 0.684151458079595,
                "RMSE": 0.827134486090137,
                "MAE": 0.7050697902475991,
                "R2": -0.29547265520725485,
                "SMAPE": 139.4865463023116,
                "WAPE": 102.55912480361667
            },
            "Wind_Dir_Cos": {
                "MSE": 0.5071364660374056,
                "RMSE": 0.712135145907998,
                "MAE": 0.5871352393421259,
                "R2": -0.23053394418651796,
                "SMAPE": 133.7194841379549,
                "WAPE": 101.2596268675582
            }
        }
    ]
}