{
    "trial_number": 51,
    "fold_smape": [
        48.99231034483165,
        51.13043680191902,
        54.083722808228146
    ],
    "mean_smape": 51.4021566516596,
    "hyperparameters": {
        "input_chunk_length": 24,
        "hidden_size": 160,
        "dropout": 0.30000000000000004,
        "batch_size": 80,
        "lr": 0.0020543369714829665,
        "weight_decay": 0.006805321223641589,
        "num_encoder_layers": 3,
        "num_decoder_layers": 2,
        "temporal_width_past": 3,
        "temporal_width_future": 1,
        "use_reversible_instance_norm": true,
        "temporal_hidden_size_past": 36,
        "temporal_hidden_size_future": 168
    },
    "metrics_per_fold": [
        {
            "Temperature": {
                "MSE": 5.837971248686217,
                "RMSE": 2.416189406624865,
                "MAE": 1.4242975437816823,
                "R2": 0.726474473745827,
                "SMAPE": 10.235202329849448,
                "WAPE": 9.023902908086825
            },
            "Precipitation_accumulated": {
                "MSE": 1844.2333327527454,
                "RMSE": 42.94453786865968,
                "MAE": 5.454453639215764,
                "R2": 0.9177588067233677,
                "SMAPE": 3.140898304189031,
                "WAPE": 1.3641116384190601
            },
            "Humidity": {
                "MSE": 25.1897271389789,
                "RMSE": 5.018936853456008,
                "MAE": 3.613240615442655,
                "R2": 0.6781979074677914,
                "SMAPE": 4.461134627746538,
                "WAPE": 4.272923123290223
            },
            "Wind_Speed_kmh": {
                "MSE": 0.046604095724622076,
                "RMSE": 0.2158798177797593,
                "MAE": 0.08915397089954037,
                "R2": 0.767031016332162,
                "SMAPE": 165.07035833850384,
                "WAPE": 42.93156276631367
            },
            "Soil_Moisture": {
                "MSE": 83036.79756048041,
                "RMSE": 288.16106183952127,
                "MAE": 107.44063285516957,
                "R2": 0.914158020962061,
                "SMAPE": 1.4673756618993794,
                "WAPE": 1.5689181466651267
            },
            "Soil_Temperature": {
                "MSE": 6.257523252189965,
                "RMSE": 2.501504197915719,
                "MAE": 1.4341855629944038,
                "R2": 0.7130262657193924,
                "SMAPE": 10.457022936483002,
                "WAPE": 9.227556588059034
            },
            "Wind_Dir_Sin": {
                "MSE": 0.06954267868625996,
                "RMSE": 0.26370945884867303,
                "MAE": 0.10016674184143087,
                "R2": 0.39133251966654137,
                "SMAPE": 172.19141267037907,
                "WAPE": 67.95511145912633
            },
            "Wind_Dir_Cos": {
                "MSE": 0.10303163544116306,
                "RMSE": 0.32098541312832746,
                "MAE": 0.12188027079897544,
                "R2": 0.7561431272775744,
                "SMAPE": 24.91507788960058,
                "WAPE": 13.283566703561197
            }
        },
        {
            "Temperature": {
                "MSE": 0.478126939308381,
                "RMSE": 0.6914672366123944,
                "MAE": 0.47118295068357713,
                "R2": 0.8249495096706486,
                "SMAPE": 5.907635289321713,
                "WAPE": 5.630112135582391
            },
            "Precipitation_accumulated": {
                "MSE": 0.02327238278318978,
                "RMSE": 0.15255288520113208,
                "MAE": 0.12310806032489047,
                "R2": 0.8992991372341097,
                "SMAPE": 0.026840663737066162,
                "WAPE": 0.026842763481805587
            },
            "Humidity": {
                "MSE": 5.565693497661882,
                "RMSE": 2.3591722060209768,
                "MAE": 1.7839250208686048,
                "R2": 0.8501798845406715,
                "SMAPE": 2.061322100339348,
                "WAPE": 2.036225917556074
            },
            "Wind_Speed_kmh": {
                "MSE": 0.001144112678517316,
                "RMSE": 0.03382473471466282,
                "MAE": 0.011518853771925255,
                "R2": -0.10684714039630872,
                "SMAPE": 195.03478162745375,
                "WAPE": 142.00383199850512
            },
            "Soil_Moisture": {
                "MSE": 11409.44456615101,
                "RMSE": 106.81500159692463,
                "MAE": 54.26067715769011,
                "R2": 0.698390274720261,
                "SMAPE": 0.9275510358376183,
                "WAPE": 0.9244434394557016
            },
            "Soil_Temperature": {
                "MSE": 0.10674770669225733,
                "RMSE": 0.32672267550976214,
                "MAE": 0.2399891465531313,
                "R2": 0.9398589336616708,
                "SMAPE": 2.731494440381908,
                "WAPE": 2.6709896438978964
            },
            "Wind_Dir_Sin": {
                "MSE": 0.028005488933335255,
                "RMSE": 0.16734840582848484,
                "MAE": 0.04020359799403615,
                "R2": 0.05667703713619454,
                "SMAPE": 193.02002017089978,
                "WAPE": 104.09103133639434
            },
            "Wind_Dir_Cos": {
                "MSE": 0.051690635180489566,
                "RMSE": 0.2273557458708479,
                "MAE": 0.04894081151105627,
                "R2": -0.15346802689389416,
                "SMAPE": 9.333849087381068,
                "WAPE": 5.024167374129985
            }
        },
        {
            "Temperature": {
                "MSE": 11.874236022596536,
                "RMSE": 3.4459013367472573,
                "MAE": 2.6544687920411136,
                "R2": 0.5692184022911503,
                "SMAPE": 40.99017289808782,
                "WAPE": 32.48807114772051
            },
            "Precipitation_accumulated": {
                "MSE": 0.05787392440863574,
                "RMSE": 0.24056999897874992,
                "MAE": 0.10104011225508498,
                "R2": 0.9880978118580338,
                "SMAPE": 0.021806482608021538,
                "WAPE": 0.021787092778567822
            },
            "Humidity": {
                "MSE": 96.40583963170272,
                "RMSE": 9.818647545955741,
                "MAE": 7.112390165390372,
                "R2": 0.32786658637230426,
                "SMAPE": 8.403080299373181,
                "WAPE": 8.177228171834141
            },
            "Wind_Speed_kmh": {
                "MSE": 1.4730678000612831,
                "RMSE": 1.2137000453412214,
                "MAE": 0.913546209621706,
                "R2": -0.04702624259089694,
                "SMAPE": 86.30925774074161,
                "WAPE": 68.6340012918001
            },
            "Soil_Moisture": {
                "MSE": 165344.12324069493,
                "RMSE": 406.62528603210956,
                "MAE": 116.76422948744863,
                "R2": 0.7890019751553129,
                "SMAPE": 1.5528812560104428,
                "WAPE": 1.4137832849708953
            },
            "Soil_Temperature": {
                "MSE": 3.705697520789642,
                "RMSE": 1.925018836476579,
                "MAE": 1.401618215476739,
                "R2": 0.7721075881864453,
                "SMAPE": 27.469150132879648,
                "WAPE": 20.287370669841398
            },
            "Wind_Dir_Sin": {
                "MSE": 0.6384880059742105,
                "RMSE": 0.7990544449373963,
                "MAE": 0.6882256204626769,
                "R2": -0.24349323467661765,
                "SMAPE": 143.68751853421088,
                "WAPE": 102.74592445177012
            },
            "Wind_Dir_Cos": {
                "MSE": 0.47949184751692764,
                "RMSE": 0.6924534984509267,
                "MAE": 0.5630698051852824,
                "R2": -0.09612456932524793,
                "SMAPE": 124.23591512191348,
                "WAPE": 95.11023344846254
            }
        }
    ]
}