{
    "trial_number": 83,
    "fold_smape": [
        48.72910641492243,
        50.89769550114578,
        52.81017406380285
    ],
    "mean_smape": 50.81232532662369,
    "hyperparameters": {
        "input_chunk_length": 36,
        "hidden_size": 144,
        "dropout": 0.45000000000000007,
        "batch_size": 64,
        "lr": 0.0040459676822691805,
        "weight_decay": 0.0012840173374100887,
        "num_encoder_layers": 3,
        "num_decoder_layers": 2,
        "temporal_width_past": 3,
        "temporal_width_future": 1,
        "use_reversible_instance_norm": true,
        "temporal_hidden_size_past": 36,
        "temporal_hidden_size_future": 132
    },
    "metrics_per_fold": [
        {
            "Temperature": {
                "MSE": 4.838566569769847,
                "RMSE": 2.1996741962776776,
                "MAE": 1.3080264837450741,
                "R2": 0.7673996078419005,
                "SMAPE": 9.384752251684011,
                "WAPE": 8.255745653610418
            },
            "Precipitation_accumulated": {
                "MSE": 1908.5588051744958,
                "RMSE": 43.68705535023499,
                "MAE": 6.049875903371974,
                "R2": 0.9117951104237432,
                "SMAPE": 3.225223135513346,
                "WAPE": 1.504247276196962
            },
            "Humidity": {
                "MSE": 22.336491037792324,
                "RMSE": 4.726149705393633,
                "MAE": 3.396899086680508,
                "R2": 0.7143348393016963,
                "SMAPE": 4.189572367799606,
                "WAPE": 4.0196716966336385
            },
            "Wind_Speed_kmh": {
                "MSE": 0.04123679068511444,
                "RMSE": 0.20306843842683786,
                "MAE": 0.08237131871302841,
                "R2": 0.7921841087266575,
                "SMAPE": 165.47830695368876,
                "WAPE": 40.33758230300689
            },
            "Soil_Moisture": {
                "MSE": 76315.31944316368,
                "RMSE": 276.25227500088334,
                "MAE": 101.44001604337144,
                "R2": 0.9181476676253281,
                "SMAPE": 1.3981593286570475,
                "WAPE": 1.4846566888527921
            },
            "Soil_Temperature": {
                "MSE": 4.917380704861488,
                "RMSE": 2.2175167879548257,
                "MAE": 1.2898474010217618,
                "R2": 0.7692496467290312,
                "SMAPE": 9.497968994436812,
                "WAPE": 8.26782596537229
            },
            "Wind_Dir_Sin": {
                "MSE": 0.06884423361301724,
                "RMSE": 0.2623818469578588,
                "MAE": 0.09703807679638805,
                "R2": 0.3860410686310992,
                "SMAPE": 172.53966109661982,
                "WAPE": 67.05976363288391
            },
            "Wind_Dir_Cos": {
                "MSE": 0.10769382639897022,
                "RMSE": 0.3281673755859504,
                "MAE": 0.12142509502138445,
                "R2": 0.7399864134144029,
                "SMAPE": 24.119207190980248,
                "WAPE": 13.21444101990904
            }
        },
        {
            "Temperature": {
                "MSE": 0.4561929368395588,
                "RMSE": 0.6754205629380547,
                "MAE": 0.4581274803929243,
                "R2": 0.8314356819202595,
                "SMAPE": 5.675733195726543,
                "WAPE": 5.484315516478964
            },
            "Precipitation_accumulated": {
                "MSE": 0.04099265400992641,
                "RMSE": 0.20246642687104055,
                "MAE": 0.18931697843310286,
                "R2": 0.8228188681472988,
                "SMAPE": 0.04127337590158693,
                "WAPE": 0.041278876248749666
            },
            "Humidity": {
                "MSE": 5.189486228668531,
                "RMSE": 2.2780443868960347,
                "MAE": 1.7033243851726985,
                "R2": 0.8607590289094794,
                "SMAPE": 1.964895652617864,
                "WAPE": 1.9447450673178346
            },
            "Wind_Speed_kmh": {
                "MSE": 0.0012160752212859558,
                "RMSE": 0.034872270090803605,
                "MAE": 0.010372341692313616,
                "R2": -0.1695147745892951,
                "SMAPE": 194.93837519985792,
                "WAPE": 127.11381058856824
            },
            "Soil_Moisture": {
                "MSE": 11136.646259835397,
                "RMSE": 105.5303096737397,
                "MAE": 51.83930125420307,
                "R2": 0.6935283438857269,
                "SMAPE": 0.8867243678923658,
                "WAPE": 0.8836696288855069
            },
            "Soil_Temperature": {
                "MSE": 0.10267055133523183,
                "RMSE": 0.32042245760126087,
                "MAE": 0.2334529819022459,
                "R2": 0.9416516060462891,
                "SMAPE": 2.633884557802417,
                "WAPE": 2.6018177845343016
            },
            "Wind_Dir_Sin": {
                "MSE": 0.02671043590633728,
                "RMSE": 0.16343327661873908,
                "MAE": 0.03810338672245875,
                "R2": 0.10538079030987968,
                "SMAPE": 192.33363826359118,
                "WAPE": 98.0702070897194
            },
            "Wind_Dir_Cos": {
                "MSE": 0.050746233947947764,
                "RMSE": 0.2252692476747498,
                "MAE": 0.04599232770161419,
                "R2": -0.12592319140351105,
                "SMAPE": 8.707039395776512,
                "WAPE": 4.7222282224543894
            }
        },
        {
            "Temperature": {
                "MSE": 9.085079431974139,
                "RMSE": 3.014146551177321,
                "MAE": 2.2908340355537025,
                "R2": 0.6715716419432614,
                "SMAPE": 37.98709345876076,
                "WAPE": 27.96992605066761
            },
            "Precipitation_accumulated": {
                "MSE": 0.04535769727735207,
                "RMSE": 0.21297346613452126,
                "MAE": 0.0991991590277202,
                "R2": 0.9905920368069917,
                "SMAPE": 0.021396375140525278,
                "WAPE": 0.021389192112239008
            },
            "Humidity": {
                "MSE": 88.39876213590897,
                "RMSE": 9.402061589667927,
                "MAE": 6.524567225134253,
                "R2": 0.3831399552792132,
                "SMAPE": 7.700945313947844,
                "WAPE": 7.494838770607932
            },
            "Wind_Speed_kmh": {
                "MSE": 1.5331319810403699,
                "RMSE": 1.238197068741632,
                "MAE": 0.9067595798795888,
                "R2": -0.09210684133988334,
                "SMAPE": 88.49405718667482,
                "WAPE": 67.73954759047109
            },
            "Soil_Moisture": {
                "MSE": 149790.58753147526,
                "RMSE": 387.0278898625721,
                "MAE": 108.04636323278153,
                "R2": 0.7993161614484874,
                "SMAPE": 1.4324687475802174,
                "WAPE": 1.3057394579768624
            },
            "Soil_Temperature": {
                "MSE": 2.6826478057045264,
                "RMSE": 1.637879057105416,
                "MAE": 1.1982214977146606,
                "R2": 0.8359612280819129,
                "SMAPE": 25.383228689782463,
                "WAPE": 17.33187587138551
            },
            "Wind_Dir_Sin": {
                "MSE": 0.6768572880969934,
                "RMSE": 0.822713369343779,
                "MAE": 0.6814409152662728,
                "R2": -0.3108911257960605,
                "SMAPE": 132.8381203594767,
                "WAPE": 101.23782400160057
            },
            "Wind_Dir_Cos": {
                "MSE": 0.48439065576742657,
                "RMSE": 0.6959817926982189,
                "MAE": 0.5673369586446644,
                "R2": -0.11926890636479759,
                "SMAPE": 128.62408237905953,
                "WAPE": 96.21056153364601
            }
        }
    ]
}