{
    "trial_number": 1,
    "fold_smape": [
        58.21819091243586,
        53.630772265563856,
        61.980745171999814
    ],
    "mean_smape": 57.943236116666505,
    "hyperparameters": {
        "input_chunk_length": 144,
        "hidden_size": 208,
        "dropout": 0.2,
        "batch_size": 144,
        "lr": 2.246504011355177e-06,
        "weight_decay": 0.0009173852478711887,
        "num_encoder_layers": 2,
        "num_decoder_layers": 1,
        "temporal_width_past": 2,
        "temporal_width_future": 5,
        "use_reversible_instance_norm": true,
        "temporal_hidden_size_past": 84,
        "temporal_hidden_size_future": 60
    },
    "metrics_per_fold": [
        {
            "Temperature": {
                "MSE": 22.167090041284983,
                "RMSE": 4.708193925624239,
                "MAE": 3.2189114989770538,
                "R2": -0.1748815654907474,
                "SMAPE": 20.242420517600266,
                "WAPE": 20.247990459738322
            },
            "Precipitation_accumulated": {
                "MSE": 20214.42533634004,
                "RMSE": 142.1774431347675,
                "MAE": 39.76579251578629,
                "R2": -0.4885458173361932,
                "SMAPE": 15.183751398134923,
                "WAPE": 9.368263151581537
            },
            "Humidity": {
                "MSE": 91.53911059424989,
                "RMSE": 9.567607359954206,
                "MAE": 6.960505528746494,
                "R2": -0.32967644946800223,
                "SMAPE": 8.513255563925243,
                "WAPE": 8.199991691883747
            },
            "Wind_Speed_kmh": {
                "MSE": 0.11288204550804286,
                "RMSE": 0.3359792337452463,
                "MAE": 0.15159547573236196,
                "R2": 0.19450260122823426,
                "SMAPE": 174.46355090751143,
                "WAPE": 101.21998119315204
            },
            "Soil_Moisture": {
                "MSE": 447317.3421299245,
                "RMSE": 668.8178691765977,
                "MAE": 306.24237916338456,
                "R2": 0.2504396300978783,
                "SMAPE": 4.076098338452635,
                "WAPE": 4.578689506620165
            },
            "Soil_Temperature": {
                "MSE": 23.043210482963083,
                "RMSE": 4.800334413659436,
                "MAE": 3.3275222660971124,
                "R2": -0.18357907518943106,
                "SMAPE": 21.37002192944209,
                "WAPE": 21.23985128174606
            },
            "Wind_Dir_Sin": {
                "MSE": 0.22535769849731285,
                "RMSE": 0.4747185466118981,
                "MAE": 0.20936423764750337,
                "R2": -1.3154845799587886,
                "SMAPE": 188.82995981885594,
                "WAPE": 170.43161633781253
            },
            "Wind_Dir_Cos": {
                "MSE": 0.188129059399917,
                "RMSE": 0.43373846889562034,
                "MAE": 0.18600070993116102,
                "R2": 0.40863447179220025,
                "SMAPE": 33.06646882556428,
                "WAPE": 20.050913845858563
            }
        },
        {
            "Temperature": {
                "MSE": 1.5698672315112203,
                "RMSE": 1.2529434270992528,
                "MAE": 0.9742695363660796,
                "R2": 0.3999317466255099,
                "SMAPE": 12.440947299052896,
                "WAPE": 11.820366721262829
            },
            "Precipitation_accumulated": {
                "MSE": 0.4679246038583143,
                "RMSE": 0.6840501471809756,
                "MAE": 0.569861877670403,
                "R2": -1.0070426009559248,
                "SMAPE": 0.1242953132349003,
                "WAPE": 0.12424663024500157
            },
            "Humidity": {
                "MSE": 21.97578832862748,
                "RMSE": 4.687834076482174,
                "MAE": 3.4851920856988183,
                "R2": 0.4258106280425219,
                "SMAPE": 4.01038682321212,
                "WAPE": 3.9893342065635493
            },
            "Wind_Speed_kmh": {
                "MSE": 0.0017073679042897284,
                "RMSE": 0.04132030861803586,
                "MAE": 0.01719766953022609,
                "R2": -0.5541646578488864,
                "SMAPE": 196.69200387427097,
                "WAPE": 199.479250420843
            },
            "Soil_Moisture": {
                "MSE": 28749.06688230861,
                "RMSE": 169.55549794184972,
                "MAE": 110.10657958608131,
                "R2": 0.08095169553752413,
                "SMAPE": 1.8783902645038166,
                "WAPE": 1.882877557975204
            },
            "Soil_Temperature": {
                "MSE": 0.638171863030981,
                "RMSE": 0.7988565972882623,
                "MAE": 0.6191659516632595,
                "R2": 0.629020691543785,
                "SMAPE": 7.154326133272914,
                "WAPE": 6.96485666492903
            },
            "Wind_Dir_Sin": {
                "MSE": 0.05038784118860091,
                "RMSE": 0.22447236174772364,
                "MAE": 0.061693009414179406,
                "R2": -0.6013842231655622,
                "SMAPE": 195.80832084084327,
                "WAPE": 150.28708990040678
            },
            "Wind_Dir_Cos": {
                "MSE": 0.07936492911281545,
                "RMSE": 0.281717818238065,
                "MAE": 0.07584397109638426,
                "R2": -0.6698233733015508,
                "SMAPE": 10.937507576119964,
                "WAPE": 7.799016885364521
            }
        },
        {
            "Temperature": {
                "MSE": 27.026889236570558,
                "RMSE": 5.198739196821721,
                "MAE": 4.083568240522398,
                "R2": 0.057105136530137934,
                "SMAPE": 58.07560897378022,
                "WAPE": 48.90116413169038
            },
            "Precipitation_accumulated": {
                "MSE": 1.2341338175219756,
                "RMSE": 1.1109157562668628,
                "MAE": 0.9354988234695479,
                "R2": 0.7246606228816569,
                "SMAPE": 0.20195345926442215,
                "WAPE": 0.20163240995365286
            },
            "Humidity": {
                "MSE": 265.4027625466704,
                "RMSE": 16.29118665250234,
                "MAE": 13.122207559157816,
                "R2": -0.8453225218301086,
                "SMAPE": 15.362993179229914,
                "WAPE": 14.964604012083786
            },
            "Wind_Speed_kmh": {
                "MSE": 2.4056494498499315,
                "RMSE": 1.5510156188284925,
                "MAE": 1.245859624048034,
                "R2": -0.7400444789153076,
                "SMAPE": 96.39346933402749,
                "WAPE": 88.38912993629185
            },
            "Soil_Moisture": {
                "MSE": 829885.9619241183,
                "RMSE": 910.9807692394601,
                "MAE": 351.24908272751,
                "R2": -0.9669359859677054,
                "SMAPE": 4.9666961566186245,
                "WAPE": 4.174316719944559
            },
            "Soil_Temperature": {
                "MSE": 11.016869764179724,
                "RMSE": 3.319167028665434,
                "MAE": 2.5829458228061917,
                "R2": 0.3606753689361859,
                "SMAPE": 48.157077992407494,
                "WAPE": 37.114975395217904
            },
            "Wind_Dir_Sin": {
                "MSE": 0.7927458304496692,
                "RMSE": 0.8903627521688389,
                "MAE": 0.7321573389110413,
                "R2": -0.46880678706952006,
                "SMAPE": 132.60409564468839,
                "WAPE": 104.85572099275123
            },
            "Wind_Dir_Cos": {
                "MSE": 0.6668278314638735,
                "RMSE": 0.8165952678431792,
                "MAE": 0.6667086650638624,
                "R2": -0.6933196811564559,
                "SMAPE": 140.08406663598194,
                "WAPE": 116.393920965006
            }
        }
    ]
}