{
    "trial_number": 9,
    "fold_smape": [
        49.460943063730255,
        51.192458935191304,
        54.937232948284546
    ],
    "mean_smape": 51.86354498240204,
    "hyperparameters": {
        "input_chunk_length": 24,
        "hidden_size": 120,
        "dropout": 0.2,
        "batch_size": 216,
        "lr": 5.326501034289967e-05,
        "weight_decay": 9.96967329121517e-05,
        "num_encoder_layers": 2,
        "num_decoder_layers": 4,
        "temporal_width_past": 3,
        "temporal_width_future": 4,
        "use_reversible_instance_norm": true,
        "temporal_hidden_size_past": 132,
        "temporal_hidden_size_future": 60
    },
    "metrics_per_fold": [
        {
            "Temperature": {
                "MSE": 5.873242323712007,
                "RMSE": 2.4234773206514655,
                "MAE": 1.4627118717094458,
                "R2": 0.7248219237508007,
                "SMAPE": 10.532565031479962,
                "WAPE": 9.26728405201491
            },
            "Precipitation_accumulated": {
                "MSE": 2242.7592773176016,
                "RMSE": 47.357779480435966,
                "MAE": 6.9598565365844545,
                "R2": 0.8999870591626675,
                "SMAPE": 3.73737372507044,
                "WAPE": 1.7405998714560287
            },
            "Humidity": {
                "MSE": 28.436187009066053,
                "RMSE": 5.332559142575547,
                "MAE": 3.853955832471843,
                "R2": 0.6367239536709962,
                "SMAPE": 4.74386144295875,
                "WAPE": 4.5575865947944125
            },
            "Wind_Speed_kmh": {
                "MSE": 0.05305536494772432,
                "RMSE": 0.2303375022607572,
                "MAE": 0.09713826290674463,
                "R2": 0.7347817985133149,
                "SMAPE": 165.32583762340764,
                "WAPE": 46.77635094560983
            },
            "Soil_Moisture": {
                "MSE": 99404.91210533625,
                "RMSE": 315.28544543847283,
                "MAE": 123.50413473812765,
                "R2": 0.8972369523884962,
                "SMAPE": 1.6917581080619022,
                "WAPE": 1.803487870739027
            },
            "Soil_Temperature": {
                "MSE": 6.46243670801193,
                "RMSE": 2.5421323152054716,
                "MAE": 1.4964804994106533,
                "R2": 0.703628812885159,
                "SMAPE": 10.877245442258074,
                "WAPE": 9.628362498927572
            },
            "Wind_Dir_Sin": {
                "MSE": 0.08091072482191443,
                "RMSE": 0.2844481056746809,
                "MAE": 0.10990139526023601,
                "R2": 0.2918344829440873,
                "SMAPE": 173.24299626927885,
                "WAPE": 74.55929410428102
            },
            "Wind_Dir_Cos": {
                "MSE": 0.11929957128484495,
                "RMSE": 0.34539770017306853,
                "MAE": 0.13314543143651875,
                "R2": 0.7176399244165974,
                "SMAPE": 25.535906867326464,
                "WAPE": 14.511341402240292
            }
        },
        {
            "Temperature": {
                "MSE": 0.545603377557193,
                "RMSE": 0.738649698813445,
                "MAE": 0.5064256244880712,
                "R2": 0.8002452258705792,
                "SMAPE": 6.318430084573172,
                "WAPE": 6.051222885004015
            },
            "Precipitation_accumulated": {
                "MSE": 0.11118327521803843,
                "RMSE": 0.3334415619235827,
                "MAE": 0.2576530963928897,
                "R2": 0.5189039367433733,
                "SMAPE": 0.0561873207254788,
                "WAPE": 0.0561792713537772
            },
            "Humidity": {
                "MSE": 5.899540682776111,
                "RMSE": 2.4288970095037192,
                "MAE": 1.8393497557522394,
                "R2": 0.8411932193855389,
                "SMAPE": 2.1243070143981035,
                "WAPE": 2.0994893845311493
            },
            "Wind_Speed_kmh": {
                "MSE": 0.0012311963987491539,
                "RMSE": 0.03508840832453296,
                "MAE": 0.010766359526811778,
                "R2": -0.19109440775339626,
                "SMAPE": 194.78708291871476,
                "WAPE": 132.72712196478827
            },
            "Soil_Moisture": {
                "MSE": 11734.975105434263,
                "RMSE": 108.32809010332575,
                "MAE": 54.33134508349853,
                "R2": 0.6897848447228472,
                "SMAPE": 0.9278614440017049,
                "WAPE": 0.9256474144854214
            },
            "Soil_Temperature": {
                "MSE": 0.12032110734837023,
                "RMSE": 0.34687333040804713,
                "MAE": 0.2559891350210789,
                "R2": 0.9322117549578756,
                "SMAPE": 2.902588427498307,
                "WAPE": 2.8490635447978794
            },
            "Wind_Dir_Sin": {
                "MSE": 0.029101414517959084,
                "RMSE": 0.17059136706750164,
                "MAE": 0.041365357556491344,
                "R2": 0.019762424717660987,
                "SMAPE": 193.29369798570607,
                "WAPE": 107.09894000762367
            },
            "Wind_Dir_Cos": {
                "MSE": 0.05199513847382322,
                "RMSE": 0.22802442516937352,
                "MAE": 0.048336702740924505,
                "R2": -0.16026296782889826,
                "SMAPE": 9.12951628591282,
                "WAPE": 4.962150756922153
            }
        },
        {
            "Temperature": {
                "MSE": 12.925131764551473,
                "RMSE": 3.595153927796621,
                "MAE": 2.754104971149296,
                "R2": 0.5310932929465761,
                "SMAPE": 42.08201828976874,
                "WAPE": 33.70751937987117
            },
            "Precipitation_accumulated": {
                "MSE": 0.2078086708345858,
                "RMSE": 0.4558603633072147,
                "MAE": 0.396329548514972,
                "R2": 0.9572626545879082,
                "SMAPE": 0.08551635625181297,
                "WAPE": 0.08545980850242998
            },
            "Humidity": {
                "MSE": 102.4488616194232,
                "RMSE": 10.121702505973152,
                "MAE": 7.209361721235338,
                "R2": 0.2857351448252914,
                "SMAPE": 8.533959935231643,
                "WAPE": 8.288717912959518
            },
            "Wind_Speed_kmh": {
                "MSE": 1.6652944156949159,
                "RMSE": 1.290462868778066,
                "MAE": 0.9803271275464946,
                "R2": -0.18365696052830205,
                "SMAPE": 89.80320626999331,
                "WAPE": 73.6511986254911
            },
            "Soil_Moisture": {
                "MSE": 154395.04710444197,
                "RMSE": 392.93135164356886,
                "MAE": 110.30808003033158,
                "R2": 0.8029742494239328,
                "SMAPE": 1.4652515189145392,
                "WAPE": 1.3356121170728776
            },
            "Soil_Temperature": {
                "MSE": 3.9021608971044803,
                "RMSE": 1.975388796440964,
                "MAE": 1.4246595612555049,
                "R2": 0.7600255139183107,
                "SMAPE": 26.856130925340604,
                "WAPE": 20.62087683962731
            },
            "Wind_Dir_Sin": {
                "MSE": 0.7303269439237452,
                "RMSE": 0.8545916825734645,
                "MAE": 0.7142436530025374,
                "R2": -0.42235500960672456,
                "SMAPE": 138.820378620187,
                "WAPE": 106.63018380835591
            },
            "Wind_Dir_Cos": {
                "MSE": 0.5154676014284492,
                "RMSE": 0.7179607241544966,
                "MAE": 0.5861343011275505,
                "R2": -0.17836560838905702,
                "SMAPE": 131.85140167058847,
                "WAPE": 99.0061439967442
            }
        }
    ]
}