{
    "trial_number": 33,
    "fold_smape": [
        48.88390002868518,
        50.96521424716205,
        53.71579247011635
    ],
    "mean_smape": 51.18830224865453,
    "hyperparameters": {
        "input_chunk_length": 36,
        "hidden_size": 104,
        "dropout": 0.15000000000000002,
        "batch_size": 128,
        "lr": 0.004487196848811977,
        "weight_decay": 0.0006843396329131541,
        "num_encoder_layers": 4,
        "num_decoder_layers": 1,
        "temporal_width_past": 2,
        "temporal_width_future": 1,
        "use_reversible_instance_norm": true,
        "temporal_hidden_size_past": 24,
        "temporal_hidden_size_future": 144
    },
    "metrics_per_fold": [
        {
            "Temperature": {
                "MSE": 5.215282576482826,
                "RMSE": 2.2836993183172836,
                "MAE": 1.3556482966294827,
                "R2": 0.7492900521232448,
                "SMAPE": 9.527097186361999,
                "WAPE": 8.556315695290191
            },
            "Precipitation_accumulated": {
                "MSE": 1958.0077561943858,
                "RMSE": 44.249381421601655,
                "MAE": 6.267629783740985,
                "R2": 0.9095098052748812,
                "SMAPE": 3.29580118875541,
                "WAPE": 1.5583898217066705
            },
            "Humidity": {
                "MSE": 24.56550654811295,
                "RMSE": 4.956360211699,
                "MAE": 3.6042147044908175,
                "R2": 0.6858275830420897,
                "SMAPE": 4.445357633709711,
                "WAPE": 4.264995652370153
            },
            "Wind_Speed_kmh": {
                "MSE": 0.045377025159789065,
                "RMSE": 0.21301883757027,
                "MAE": 0.08701249500439892,
                "R2": 0.7713190873915778,
                "SMAPE": 165.9320124802178,
                "WAPE": 42.61038591427542
            },
            "Soil_Moisture": {
                "MSE": 81226.25758431108,
                "RMSE": 285.00220627972527,
                "MAE": 104.66931133257539,
                "R2": 0.9128804192676766,
                "SMAPE": 1.4362657395471017,
                "WAPE": 1.5319200375627093
            },
            "Soil_Temperature": {
                "MSE": 5.520809599342087,
                "RMSE": 2.3496403127589733,
                "MAE": 1.3561829884840761,
                "R2": 0.7409334680695978,
                "SMAPE": 9.696392394970246,
                "WAPE": 8.693032150239343
            },
            "Wind_Dir_Sin": {
                "MSE": 0.07053860971007798,
                "RMSE": 0.2655910572855908,
                "MAE": 0.09991669760024363,
                "R2": 0.3709304735486415,
                "SMAPE": 172.59011760648218,
                "WAPE": 69.04908202282178
            },
            "Wind_Dir_Cos": {
                "MSE": 0.10636779109714158,
                "RMSE": 0.3261407535055096,
                "MAE": 0.1227318073857782,
                "R2": 0.7431879636452421,
                "SMAPE": 24.14815599943705,
                "WAPE": 13.35664781386894
            }
        },
        {
            "Temperature": {
                "MSE": 0.46239446740457124,
                "RMSE": 0.6799959319029573,
                "MAE": 0.46280624248487195,
                "R2": 0.829144202402878,
                "SMAPE": 5.738927840452341,
                "WAPE": 5.540325707172555
            },
            "Precipitation_accumulated": {
                "MSE": 0.014938956164471686,
                "RMSE": 0.12222502266095796,
                "MAE": 0.07145240929327255,
                "R2": 0.9354298660126268,
                "SMAPE": 0.015575338617835522,
                "WAPE": 0.01557955966392225
            },
            "Humidity": {
                "MSE": 5.218937486906923,
                "RMSE": 2.284499395252037,
                "MAE": 1.7148334137595298,
                "R2": 0.8599688116092972,
                "SMAPE": 1.9793998703915276,
                "WAPE": 1.9578853280742086
            },
            "Wind_Speed_kmh": {
                "MSE": 0.0012134532215586497,
                "RMSE": 0.0348346554677759,
                "MAE": 0.01057144514959666,
                "R2": -0.16699316460466695,
                "SMAPE": 195.10495937664774,
                "WAPE": 129.55383810668988
            },
            "Soil_Moisture": {
                "MSE": 11109.212793837321,
                "RMSE": 105.40025044485104,
                "MAE": 52.0785488529023,
                "R2": 0.6942832910719106,
                "SMAPE": 0.8906472761951686,
                "WAPE": 0.8877479214480856
            },
            "Soil_Temperature": {
                "MSE": 0.10423882388010873,
                "RMSE": 0.3228603783063334,
                "MAE": 0.2353318834361151,
                "R2": 0.9407603457668299,
                "SMAPE": 2.658369779851463,
                "WAPE": 2.622758015780766
            },
            "Wind_Dir_Sin": {
                "MSE": 0.02688539298958711,
                "RMSE": 0.16396765836465163,
                "MAE": 0.03816700851674676,
                "R2": 0.0995209096214662,
                "SMAPE": 192.3146370124708,
                "WAPE": 98.23395638021404
            },
            "Wind_Dir_Cos": {
                "MSE": 0.04988785484345438,
                "RMSE": 0.22335589278873835,
                "MAE": 0.04607336908073876,
                "R2": -0.1068780551327757,
                "SMAPE": 9.019197482669526,
                "WAPE": 4.730549086103028
            }
        },
        {
            "Temperature": {
                "MSE": 9.503806922715608,
                "RMSE": 3.082824504040995,
                "MAE": 2.346726721822768,
                "R2": 0.6564345170246346,
                "SMAPE": 38.69576782144474,
                "WAPE": 28.652347508292344
            },
            "Precipitation_accumulated": {
                "MSE": 0.0459065966112984,
                "RMSE": 0.21425824747556022,
                "MAE": 0.1406364941025105,
                "R2": 0.990478185684902,
                "SMAPE": 0.03031109521090259,
                "WAPE": 0.030323855764843553
            },
            "Humidity": {
                "MSE": 91.47085498886855,
                "RMSE": 9.564039679385932,
                "MAE": 6.643406722298064,
                "R2": 0.36170242279714626,
                "SMAPE": 7.840374943621875,
                "WAPE": 7.631350946831935
            },
            "Wind_Speed_kmh": {
                "MSE": 1.5457427033892117,
                "RMSE": 1.2432790126875028,
                "MAE": 0.914400821590837,
                "R2": -0.10108992715488396,
                "SMAPE": 89.41998866444743,
                "WAPE": 68.31038716915867
            },
            "Soil_Moisture": {
                "MSE": 157016.110988707,
                "RMSE": 396.25258483536356,
                "MAE": 112.58499864598467,
                "R2": 0.7896356747981725,
                "SMAPE": 1.493723685233887,
                "WAPE": 1.3605888315890269
            },
            "Soil_Temperature": {
                "MSE": 2.8552085033171126,
                "RMSE": 1.6897362229996469,
                "MAE": 1.2341488559322726,
                "R2": 0.8254094721423131,
                "SMAPE": 26.018402191734545,
                "WAPE": 17.85155317161931
            },
            "Wind_Dir_Sin": {
                "MSE": 0.6951460018179045,
                "RMSE": 0.833754161499602,
                "MAE": 0.6957060053681184,
                "R2": -0.3463114617229619,
                "SMAPE": 137.3148128069188,
                "WAPE": 103.35710778504246
            },
            "Wind_Dir_Cos": {
                "MSE": 0.5009796507530447,
                "RMSE": 0.7077991598985158,
                "MAE": 0.5748346434272387,
                "R2": -0.15760066618338286,
                "SMAPE": 128.9129585523189,
                "WAPE": 97.48203953651935
            }
        }
    ]
}