{
    "trial_number": 78,
    "fold_smape": [
        49.0330741897468,
        50.859467603992385,
        53.18845336662242
    ],
    "mean_smape": 51.0269983867872,
    "hyperparameters": {
        "input_chunk_length": 24,
        "hidden_size": 104,
        "dropout": 0.5,
        "batch_size": 240,
        "lr": 0.0024896254571053975,
        "weight_decay": 4.671768351629282e-06,
        "num_encoder_layers": 4,
        "num_decoder_layers": 2,
        "temporal_width_past": 4,
        "temporal_width_future": 1,
        "use_reversible_instance_norm": true,
        "temporal_hidden_size_past": 144,
        "temporal_hidden_size_future": 156
    },
    "metrics_per_fold": [
        {
            "Temperature": {
                "MSE": 5.012604232953503,
                "RMSE": 2.238884595720267,
                "MAE": 1.341420037673893,
                "R2": 0.7651452615442307,
                "SMAPE": 9.959393118332372,
                "WAPE": 8.498817000548605
            },
            "Precipitation_accumulated": {
                "MSE": 1921.6196755466513,
                "RMSE": 43.83628263831972,
                "MAE": 5.957276299409723,
                "R2": 0.9143078631460788,
                "SMAPE": 3.296492608597891,
                "WAPE": 1.4898632330242407
            },
            "Humidity": {
                "MSE": 23.20022346849312,
                "RMSE": 4.816661029021361,
                "MAE": 3.4747555107414607,
                "R2": 0.7036140797324024,
                "SMAPE": 4.259859015050665,
                "WAPE": 4.109154288305922
            },
            "Wind_Speed_kmh": {
                "MSE": 0.04270756480415177,
                "RMSE": 0.2066580867136628,
                "MAE": 0.0875298458707244,
                "R2": 0.7865093654827642,
                "SMAPE": 164.18203457134956,
                "WAPE": 42.14947504872314
            },
            "Soil_Moisture": {
                "MSE": 83994.19058645512,
                "RMSE": 289.81751255998165,
                "MAE": 112.31105514234022,
                "R2": 0.9131682849115235,
                "SMAPE": 1.5503797133108437,
                "WAPE": 1.6400392272582092
            },
            "Soil_Temperature": {
                "MSE": 5.038046242522709,
                "RMSE": 2.2445592535111896,
                "MAE": 1.3398398034729948,
                "R2": 0.7689522059404031,
                "SMAPE": 10.028580249099418,
                "WAPE": 8.620535532143824
            },
            "Wind_Dir_Sin": {
                "MSE": 0.07260924124291457,
                "RMSE": 0.2694610198951132,
                "MAE": 0.1031381167057154,
                "R2": 0.3644926432064379,
                "SMAPE": 172.89459292441737,
                "WAPE": 69.97095131152915
            },
            "Wind_Dir_Cos": {
                "MSE": 0.11302255163160538,
                "RMSE": 0.33618826813499214,
                "MAE": 0.12924711035716346,
                "R2": 0.7324964718847808,
                "SMAPE": 26.093261317816296,
                "WAPE": 14.086468633661328
            }
        },
        {
            "Temperature": {
                "MSE": 0.48886703760393996,
                "RMSE": 0.699190272818451,
                "MAE": 0.466131212958875,
                "R2": 0.8210173750882664,
                "SMAPE": 5.834021954122554,
                "WAPE": 5.569749489123383
            },
            "Precipitation_accumulated": {
                "MSE": 0.035894754281601174,
                "RMSE": 0.18945910978784095,
                "MAE": 0.13814797299609655,
                "R2": 0.8446814510313997,
                "SMAPE": 0.030112720538962304,
                "WAPE": 0.03012210049316593
            },
            "Humidity": {
                "MSE": 4.795506897221061,
                "RMSE": 2.189864584220006,
                "MAE": 1.6076856868089366,
                "R2": 0.8709121518586159,
                "SMAPE": 1.8501280451242206,
                "WAPE": 1.8350610168415888
            },
            "Wind_Speed_kmh": {
                "MSE": 0.001222932694536338,
                "RMSE": 0.03497045459436205,
                "MAE": 0.011370915668429111,
                "R2": -0.1830998653024818,
                "SMAPE": 194.30101532979526,
                "WAPE": 140.18005872982744
            },
            "Soil_Moisture": {
                "MSE": 11074.54391628769,
                "RMSE": 105.23565895782518,
                "MAE": 48.820966297009925,
                "R2": 0.7072434044598939,
                "SMAPE": 0.8353722941961785,
                "WAPE": 0.8317666561734455
            },
            "Soil_Temperature": {
                "MSE": 0.10418040492885033,
                "RMSE": 0.32276989470650813,
                "MAE": 0.23171131577809362,
                "R2": 0.941305337246796,
                "SMAPE": 2.6252301014513826,
                "WAPE": 2.5788604764266916
            },
            "Wind_Dir_Sin": {
                "MSE": 0.026702076475760513,
                "RMSE": 0.16340770017279024,
                "MAE": 0.038785426127237004,
                "R2": 0.1005805342056374,
                "SMAPE": 192.96101651345478,
                "WAPE": 100.41924623275061
            },
            "Wind_Dir_Cos": {
                "MSE": 0.048972007861906676,
                "RMSE": 0.22129619938423406,
                "MAE": 0.04535348464696179,
                "R2": -0.09280230518093568,
                "SMAPE": 8.438843873255745,
                "WAPE": 4.655899459593017
            }
        },
        {
            "Temperature": {
                "MSE": 9.36878299776352,
                "RMSE": 3.0608467778971753,
                "MAE": 2.326414481905264,
                "R2": 0.6601129284710355,
                "SMAPE": 39.40681542155988,
                "WAPE": 28.473011034764856
            },
            "Precipitation_accumulated": {
                "MSE": 0.050800583838278596,
                "RMSE": 0.22538984856971397,
                "MAE": 0.15654854980896815,
                "R2": 0.9895524951393361,
                "SMAPE": 0.03374083315828989,
                "WAPE": 0.03375627464098136
            },
            "Humidity": {
                "MSE": 90.94959446109615,
                "RMSE": 9.536749680110942,
                "MAE": 6.550815037387063,
                "R2": 0.36590706925300553,
                "SMAPE": 7.752882389027311,
                "WAPE": 7.531576309306155
            },
            "Wind_Speed_kmh": {
                "MSE": 1.5074530084979039,
                "RMSE": 1.2277837792127342,
                "MAE": 0.9043730437234693,
                "R2": -0.07146654030740529,
                "SMAPE": 89.16756713982859,
                "WAPE": 67.94482862217656
            },
            "Soil_Moisture": {
                "MSE": 162785.4661004683,
                "RMSE": 403.46680916832344,
                "MAE": 116.5119296997707,
                "R2": 0.7922671145038501,
                "SMAPE": 1.5474561558044213,
                "WAPE": 1.4107284348324023
            },
            "Soil_Temperature": {
                "MSE": 2.6598055952053277,
                "RMSE": 1.6308910433273363,
                "MAE": 1.1849924805287169,
                "R2": 0.8364276877306042,
                "SMAPE": 24.702142305554656,
                "WAPE": 17.151875901729724
            },
            "Wind_Dir_Sin": {
                "MSE": 0.706252426685366,
                "RMSE": 0.8403882594880572,
                "MAE": 0.7025773761538247,
                "R2": -0.37546846039370885,
                "SMAPE": 136.36575113959609,
                "WAPE": 104.88851310605708
            },
            "Wind_Dir_Cos": {
                "MSE": 0.5157407918324628,
                "RMSE": 0.7181509533743325,
                "MAE": 0.5795494515994863,
                "R2": -0.17899012518844382,
                "SMAPE": 126.53127154844988,
                "WAPE": 97.89387235640808
            }
        }
    ]
}