{
    "trial_number": 82,
    "input_chunk_length": 28,
    "output_chunk_length": 1,
    "hidden_size": 64,
    "temporal_width_past": 5,
    "temporal_width_future": 4,
    "use_reversible_instance_norm": true,
    "num_encoder_layers": 3,
    "num_decoder_layers": 2,
    "dropout": 0.26158827647177646,
    "batch_size": 119,
    "lr": 0.003958657220159631,
    "loss_function": "huber",
    "optimizer": "AdamW",
    "overall_mae_val": 0.07728693974438268,
    "metrics": {
        "MSE": {
            "Temperature": 1.5923805523658392,
            "Precipitation_accumulated": 0.08155594381595335,
            "Humidity": 13.359406290501202,
            "Wind_Speed_kmh": 0.6129206099395762,
            "Soil_Moisture": 1370.587722762742,
            "Soil_Temperature": 0.375255786298475,
            "Wind_Dir_Sin": 0.3760056725073447,
            "Wind_Dir_Cos": 0.31739551255873344
        },
        "RMSE": {
            "Temperature": 1.2618956186491175,
            "Precipitation_accumulated": 0.2855800129840206,
            "Humidity": 3.655052159751103,
            "Wind_Speed_kmh": 0.7828924638413479,
            "Soil_Moisture": 37.02144949570103,
            "Soil_Temperature": 0.6125812487323417,
            "Wind_Dir_Sin": 0.6131930140725225,
            "Wind_Dir_Cos": 0.5633786582386072
        },
        "MAE": {
            "Temperature": 0.9460961064986599,
            "Precipitation_accumulated": 0.23044955603956974,
            "Humidity": 2.555919204560268,
            "Wind_Speed_kmh": 0.5990225702016015,
            "Soil_Moisture": 16.77989441015779,
            "Soil_Temperature": 0.45707237518835464,
            "Wind_Dir_Sin": 0.49248805124820094,
            "Wind_Dir_Cos": 0.4488038802045145
        },
        "R2": {
            "Temperature": 0.94772465577134,
            "Precipitation_accumulated": 0.9762733696104344,
            "Humidity": 0.9088363241798345,
            "Wind_Speed_kmh": 0.5459025345476032,
            "Soil_Moisture": 0.9761269211833207,
            "Soil_Temperature": 0.9767404205640884,
            "Wind_Dir_Sin": 0.31673594772111535,
            "Wind_Dir_Cos": 0.13524591870288072
        },
        "SMAPE": {
            "Temperature": 18.986845818131666,
            "Precipitation_accumulated": 0.049637621768296315,
            "Humidity": 3.0465435483902366,
            "Wind_Speed_kmh": 59.64231833664585,
            "Soil_Moisture": 0.19567893472147385,
            "Soil_Temperature": 7.440895454805246,
            "Wind_Dir_Sin": 98.08018638022547,
            "Wind_Dir_Cos": 109.59968656879497
        }
    }
}