{
    "trial_number": 5,
    "input_chunk_length": 57,
    "output_chunk_length": 11,
    "hidden_size": 128,
    "temporal_width_past": 3,
    "temporal_width_future": 4,
    "use_reversible_instance_norm": true,
    "num_encoder_layers": 4,
    "num_decoder_layers": 3,
    "dropout": 0.35441929327301525,
    "batch_size": 156,
    "lr": 2.192789400448234e-06,
    "loss_function": "huber",
    "optimizer": "RMSprop",
    "overall_mae_val": 0.1258190013406152,
    "metrics": {
        "MSE": {
            "Temperature": 16.942629507725414,
            "Precipitation_accumulated": 0.0684129080283207,
            "Humidity": 118.11631798682535,
            "Wind_Speed_kmh": 1.729834482628177,
            "Soil_Moisture": 8068.3310981722125,
            "Soil_Temperature": 4.371316102480961,
            "Wind_Dir_Sin": 0.7265081822168763,
            "Wind_Dir_Cos": 0.4725958665627411
        },
        "RMSE": {
            "Temperature": 4.116142551919869,
            "Precipitation_accumulated": 0.2615586129882186,
            "Humidity": 10.868133141750949,
            "Wind_Speed_kmh": 1.3152317220277867,
            "Soil_Moisture": 89.82388935117547,
            "Soil_Temperature": 2.0907692609374573,
            "Wind_Dir_Sin": 0.8523544932813321,
            "Wind_Dir_Cos": 0.6874560833702332
        },
        "MAE": {
            "Temperature": 3.3284393207862237,
            "Precipitation_accumulated": 0.20994694292971458,
            "Humidity": 8.497212881117783,
            "Wind_Speed_kmh": 1.0471781199654293,
            "Soil_Moisture": 41.69045126270658,
            "Soil_Temperature": 1.6622548773503034,
            "Wind_Dir_Sin": 0.7101000242635191,
            "Wind_Dir_Cos": 0.5643401359594562
        },
        "R2": {
            "Temperature": 0.4452869497715646,
            "Precipitation_accumulated": 0.978776801304639,
            "Humidity": 0.19705503317842488,
            "Wind_Speed_kmh": -0.2833265101200415,
            "Soil_Moisture": 0.8334948090237768,
            "Soil_Temperature": 0.7276370555656098,
            "Wind_Dir_Sin": -0.32786425219497883,
            "Wind_Dir_Cos": -0.28194442997782976
        },
        "SMAPE": {
            "Temperature": 46.92740912229583,
            "Precipitation_accumulated": 0.04519218082314056,
            "Humidity": 10.036428602847293,
            "Wind_Speed_kmh": 85.02915433165906,
            "Soil_Moisture": 0.4887638802622769,
            "Soil_Temperature": 25.58700580121577,
            "Wind_Dir_Sin": 134.8845000218841,
            "Wind_Dir_Cos": 130.36169658037923
        }
    }
}