{
    "trial_number": 51,
    "input_chunk_length": 25,
    "output_chunk_length": 1,
    "hidden_size": 64,
    "temporal_width_past": 2,
    "temporal_width_future": 1,
    "use_reversible_instance_norm": true,
    "num_encoder_layers": 3,
    "num_decoder_layers": 2,
    "dropout": 0.21681024106774108,
    "batch_size": 88,
    "lr": 0.003388720125598311,
    "loss_function": "smoothl1",
    "optimizer": "Adam",
    "overall_mae_val": 0.07537033374535873,
    "metrics": {
        "MSE": {
            "Temperature": 1.599308804365822,
            "Precipitation_accumulated": 0.8099484858118964,
            "Humidity": 12.147776552533788,
            "Wind_Speed_kmh": 0.5697094649807178,
            "Soil_Moisture": 1448.266304542892,
            "Soil_Temperature": 0.3636655591217587,
            "Wind_Dir_Sin": 0.36869997136821614,
            "Wind_Dir_Cos": 0.318365541340254
        },
        "RMSE": {
            "Temperature": 1.264637815489408,
            "Precipitation_accumulated": 0.8999713805515687,
            "Humidity": 3.485366057178756,
            "Wind_Speed_kmh": 0.7547910074853289,
            "Soil_Moisture": 38.05609418401857,
            "Soil_Temperature": 0.6030468962873109,
            "Wind_Dir_Sin": 0.607206695753774,
            "Wind_Dir_Cos": 0.5642389044901583
        },
        "MAE": {
            "Temperature": 0.9363412692744809,
            "Precipitation_accumulated": 0.8887137564792622,
            "Humidity": 2.449625366320708,
            "Wind_Speed_kmh": 0.5620664175853965,
            "Soil_Moisture": 14.532515138572013,
            "Soil_Temperature": 0.4420667983551329,
            "Wind_Dir_Sin": 0.47986192195822885,
            "Wind_Dir_Cos": 0.4423100758769068
        },
        "R2": {
            "Temperature": 0.9475927421663415,
            "Precipitation_accumulated": 0.7654386002739928,
            "Humidity": 0.9171224175720261,
            "Wind_Speed_kmh": 0.5780997846388969,
            "Soil_Moisture": 0.9750165240515067,
            "Soil_Temperature": 0.9775087353222868,
            "Wind_Dir_Sin": 0.3294811467253441,
            "Wind_Dir_Cos": 0.13441566199563026
        },
        "SMAPE": {
            "Temperature": 18.52317797896938,
            "Precipitation_accumulated": 0.19117961426155644,
            "Humidity": 2.9357913669870883,
            "Wind_Speed_kmh": 59.83320864789111,
            "Soil_Moisture": 0.16960671839276636,
            "Soil_Temperature": 7.297276291940899,
            "Wind_Dir_Sin": 93.7015219791573,
            "Wind_Dir_Cos": 106.1282234770833
        }
    }
}