{
    "trial_number": 5,
    "fold_smape": [
        54.08757779590361,
        52.75932239213478,
        57.98025565358811
    ],
    "mean_smape": 54.94238528054217,
    "hyperparameters": {
        "input_chunk_length": 96,
        "hidden_size": 80,
        "dropout": 0.4,
        "batch_size": 80,
        "lr": 2.567022094281526e-06,
        "weight_decay": 2.0568426098537607e-06,
        "num_encoder_layers": 4,
        "num_decoder_layers": 3,
        "temporal_width_past": 1,
        "temporal_width_future": 3,
        "use_reversible_instance_norm": true,
        "temporal_hidden_size_past": 84,
        "temporal_hidden_size_future": 48
    },
    "metrics_per_fold": [
        {
            "Temperature": {
                "MSE": 15.869337953207324,
                "RMSE": 3.9836337624344087,
                "MAE": 2.5055249002917077,
                "R2": 0.19660477776759955,
                "SMAPE": 16.25706787772273,
                "WAPE": 15.72499318499444
            },
            "Precipitation_accumulated": {
                "MSE": 8050.407395105064,
                "RMSE": 89.72406252006796,
                "MAE": 21.519158110695614,
                "R2": 0.5371798669212697,
                "SMAPE": 9.248125199983159,
                "WAPE": 5.194544895269116
            },
            "Humidity": {
                "MSE": 60.12807442591242,
                "RMSE": 7.754229454040706,
                "MAE": 5.6066207491219275,
                "R2": 0.19421934938602403,
                "SMAPE": 6.909097801561731,
                "WAPE": 6.621856984289252
            },
            "Wind_Speed_kmh": {
                "MSE": 0.05619202291560727,
                "RMSE": 0.23704856657572784,
                "MAE": 0.10442661562028299,
                "R2": 0.6535557412351461,
                "SMAPE": 169.96696914624292,
                "WAPE": 60.37753986477472
            },
            "Soil_Moisture": {
                "MSE": 227495.15518414724,
                "RMSE": 476.96452193443827,
                "MAE": 208.46855824882564,
                "R2": 0.697678658574779,
                "SMAPE": 2.8281143860288083,
                "WAPE": 3.086666086821046
            },
            "Soil_Temperature": {
                "MSE": 14.933653777097799,
                "RMSE": 3.864408593445807,
                "MAE": 2.463351638135998,
                "R2": 0.2636770862038582,
                "SMAPE": 16.33325815255236,
                "WAPE": 15.701266742867686
            },
            "Wind_Dir_Sin": {
                "MSE": 0.13153665604088421,
                "RMSE": 0.3626798257980229,
                "MAE": 0.15589997895673652,
                "R2": -0.27807837764537613,
                "SMAPE": 183.16309418875636,
                "WAPE": 118.40015665459403
            },
            "Wind_Dir_Cos": {
                "MSE": 0.16293333328225956,
                "RMSE": 0.4036500133559512,
                "MAE": 0.16181808768891018,
                "R2": 0.5589835767573434,
                "SMAPE": 27.994895614380706,
                "WAPE": 17.502457610443603
            }
        },
        {
            "Temperature": {
                "MSE": 0.9034545805789419,
                "RMSE": 0.9505022780503695,
                "MAE": 0.7198738244740416,
                "R2": 0.6577027204953683,
                "SMAPE": 9.283947407698447,
                "WAPE": 8.684990095746903
            },
            "Precipitation_accumulated": {
                "MSE": 0.06122488053726422,
                "RMSE": 0.2474366192326112,
                "MAE": 0.1422043883155433,
                "R2": 0.7366395219475358,
                "SMAPE": 0.030987057350723386,
                "WAPE": 0.031005495743920822
            },
            "Humidity": {
                "MSE": 13.279020937702487,
                "RMSE": 3.6440390966210128,
                "MAE": 2.7696498651684864,
                "R2": 0.6462990604299712,
                "SMAPE": 3.2002518094516885,
                "WAPE": 3.1678925775576645
            },
            "Wind_Speed_kmh": {
                "MSE": 0.0015168529640089477,
                "RMSE": 0.038946796582118894,
                "MAE": 0.015685285936516812,
                "R2": -0.4154255257174688,
                "SMAPE": 194.74952153012873,
                "WAPE": 186.5090408384991
            },
            "Soil_Moisture": {
                "MSE": 21192.647312168592,
                "RMSE": 145.5769463622884,
                "MAE": 93.70534578467101,
                "R2": 0.3472875103125642,
                "SMAPE": 1.600821197585858,
                "WAPE": 1.6004906763615268
            },
            "Soil_Temperature": {
                "MSE": 0.2912414900296423,
                "RMSE": 0.5396679442301926,
                "MAE": 0.41413527858945837,
                "R2": 0.8310938640617931,
                "SMAPE": 4.79403092084677,
                "WAPE": 4.640975372194914
            },
            "Wind_Dir_Sin": {
                "MSE": 0.044690711908109096,
                "RMSE": 0.211401778393913,
                "MAE": 0.06039345491179113,
                "R2": -0.454326818057341,
                "SMAPE": 195.82043339296928,
                "WAPE": 150.81860320252235
            },
            "Wind_Dir_Cos": {
                "MSE": 0.0766729331428133,
                "RMSE": 0.27689877779219846,
                "MAE": 0.07796655433311729,
                "R2": -0.6522863621903972,
                "SMAPE": 12.594585821047025,
                "WAPE": 8.011723793766615
            }
        },
        {
            "Temperature": {
                "MSE": 18.853815856949232,
                "RMSE": 4.342098093888395,
                "MAE": 3.3499291470539014,
                "R2": 0.331569158882303,
                "SMAPE": 49.95147368760383,
                "WAPE": 40.46632949251706
            },
            "Precipitation_accumulated": {
                "MSE": 0.19610400893125876,
                "RMSE": 0.44283632295833497,
                "MAE": 0.269634147107179,
                "R2": 0.957642777936091,
                "SMAPE": 0.05816815711598088,
                "WAPE": 0.05812557642084721
            },
            "Humidity": {
                "MSE": 176.49542364568893,
                "RMSE": 13.285158021103435,
                "MAE": 10.55652262772217,
                "R2": -0.2327046571681588,
                "SMAPE": 12.45800704215293,
                "WAPE": 12.075671108563062
            },
            "Wind_Speed_kmh": {
                "MSE": 1.919939329589525,
                "RMSE": 1.3856187533335154,
                "MAE": 1.0682387258703492,
                "R2": -0.37858729704526506,
                "SMAPE": 103.1955728551744,
                "WAPE": 77.54512673652215
            },
            "Soil_Moisture": {
                "MSE": 458418.98930835037,
                "RMSE": 677.0664585610118,
                "MAE": 242.9752434500107,
                "R2": 0.20315993495899776,
                "SMAPE": 3.3270477180318707,
                "WAPE": 2.909693479002309
            },
            "Soil_Temperature": {
                "MSE": 6.855650210792552,
                "RMSE": 2.618329660450065,
                "MAE": 2.005809150240028,
                "R2": 0.5926688539781291,
                "SMAPE": 38.804545554846996,
                "WAPE": 28.909071105362855
            },
            "Wind_Dir_Sin": {
                "MSE": 0.7005639977462883,
                "RMSE": 0.836997011790537,
                "MAE": 0.6818420072444131,
                "R2": -0.3185821477302251,
                "SMAPE": 126.10368094983905,
                "WAPE": 98.71046409287291
            },
            "Wind_Dir_Cos": {
                "MSE": 0.5337428959414169,
                "RMSE": 0.7305770978763411,
                "MAE": 0.6016766806445377,
                "R2": -0.3124035453730303,
                "SMAPE": 129.94354926393953,
                "WAPE": 104.21392141294477
            }
        }
    ]
}