{
    "trial_number": 24,
    "fold_smape": [
        49.269408335874175,
        50.89704872179195,
        54.2396710648801
    ],
    "mean_smape": 51.468709374182076,
    "hyperparameters": {
        "input_chunk_length": 48,
        "hidden_size": 64,
        "dropout": 0.15000000000000002,
        "batch_size": 136,
        "lr": 0.0038422417199991793,
        "weight_decay": 0.0004236959476115921,
        "num_encoder_layers": 4,
        "num_decoder_layers": 2,
        "temporal_width_past": 4,
        "temporal_width_future": 1,
        "use_reversible_instance_norm": true,
        "temporal_hidden_size_past": 144,
        "temporal_hidden_size_future": 144
    },
    "metrics_per_fold": [
        {
            "Temperature": {
                "MSE": 5.600247015437071,
                "RMSE": 2.3664841042012243,
                "MAE": 1.4066400929035348,
                "R2": 0.7297039760438042,
                "SMAPE": 9.825711081614267,
                "WAPE": 8.86507334465354
            },
            "Precipitation_accumulated": {
                "MSE": 2149.1457051805664,
                "RMSE": 46.35887946424683,
                "MAE": 7.063145512477974,
                "R2": 0.8968356638375038,
                "SMAPE": 3.5160642451274096,
                "WAPE": 1.7459515578441998
            },
            "Humidity": {
                "MSE": 25.741879219682517,
                "RMSE": 5.073645555188351,
                "MAE": 3.6542850696671993,
                "R2": 0.6693728275019402,
                "SMAPE": 4.5123432239964325,
                "WAPE": 4.322109067920708
            },
            "Wind_Speed_kmh": {
                "MSE": 0.042595431874066295,
                "RMSE": 0.20638660778758464,
                "MAE": 0.08522753839134968,
                "R2": 0.7639878755410743,
                "SMAPE": 166.50380513132657,
                "WAPE": 43.84639678216386
            },
            "Soil_Moisture": {
                "MSE": 89619.49981546645,
                "RMSE": 299.36516132553976,
                "MAE": 111.02880348347037,
                "R2": 0.900070570287892,
                "SMAPE": 1.5227486007363775,
                "WAPE": 1.6287230474399759
            },
            "Soil_Temperature": {
                "MSE": 6.01744604522087,
                "RMSE": 2.4530483169356594,
                "MAE": 1.432007272272412,
                "R2": 0.7166775286044879,
                "SMAPE": 10.26108005377317,
                "WAPE": 9.167250903553144
            },
            "Wind_Dir_Sin": {
                "MSE": 0.07333800899538201,
                "RMSE": 0.2708099130301216,
                "MAE": 0.1013530184930921,
                "R2": 0.32521486901136976,
                "SMAPE": 173.82054285598994,
                "WAPE": 71.93350058022125
            },
            "Wind_Dir_Cos": {
                "MSE": 0.10689390777701976,
                "RMSE": 0.32694633776358434,
                "MAE": 0.12334231345697054,
                "R2": 0.7388279501148444,
                "SMAPE": 24.192971494429347,
                "WAPE": 13.387597272125342
            }
        },
        {
            "Temperature": {
                "MSE": 0.4378052250826957,
                "RMSE": 0.6616685160128867,
                "MAE": 0.44829095031883576,
                "R2": 0.8376743302741944,
                "SMAPE": 5.567275996179966,
                "WAPE": 5.374210174109436
            },
            "Precipitation_accumulated": {
                "MSE": 0.041923361799369584,
                "RMSE": 0.20475195188170878,
                "MAE": 0.19170281417439633,
                "R2": 0.818988297072087,
                "SMAPE": 0.04179364804059706,
                "WAPE": 0.04179884930107028
            },
            "Humidity": {
                "MSE": 4.975235834420832,
                "RMSE": 2.2305236682045835,
                "MAE": 1.6629694913727624,
                "R2": 0.8665846972152284,
                "SMAPE": 1.9197208707045803,
                "WAPE": 1.899405972441758
            },
            "Wind_Speed_kmh": {
                "MSE": 0.001260202656018837,
                "RMSE": 0.03549933317710119,
                "MAE": 0.011292796926359929,
                "R2": -0.20474947688243716,
                "SMAPE": 195.17983576700902,
                "WAPE": 137.57109948095993
            },
            "Soil_Moisture": {
                "MSE": 10836.212446263633,
                "RMSE": 104.09712986563862,
                "MAE": 50.51337120198538,
                "R2": 0.6893184338530225,
                "SMAPE": 0.8635378654099286,
                "WAPE": 0.8615310273419641
            },
            "Soil_Temperature": {
                "MSE": 0.09691437150596471,
                "RMSE": 0.3113107314339882,
                "MAE": 0.22796917850247966,
                "R2": 0.9447416497077101,
                "SMAPE": 2.580700520389442,
                "WAPE": 2.5433718570160253
            },
            "Wind_Dir_Sin": {
                "MSE": 0.025831529945037717,
                "RMSE": 0.16072190250565638,
                "MAE": 0.03679385185107888,
                "R2": 0.13973269517610054,
                "SMAPE": 192.33204833246927,
                "WAPE": 94.136605947709
            },
            "Wind_Dir_Cos": {
                "MSE": 0.048986023103421435,
                "RMSE": 0.2213278633688525,
                "MAE": 0.04534741862668959,
                "R2": -0.08062267576781346,
                "SMAPE": 8.691476774132791,
                "WAPE": 4.656757628274953
            }
        },
        {
            "Temperature": {
                "MSE": 10.281162029522719,
                "RMSE": 3.2064251167807925,
                "MAE": 2.4552462459424764,
                "R2": 0.6301757131479614,
                "SMAPE": 39.61146338442182,
                "WAPE": 29.9344061244895
            },
            "Precipitation_accumulated": {
                "MSE": 0.053292623798864305,
                "RMSE": 0.23085195212270634,
                "MAE": 0.11392280183260431,
                "R2": 0.988854994287545,
                "SMAPE": 0.024570114210573153,
                "WAPE": 0.024562817326860893
            },
            "Humidity": {
                "MSE": 96.93687049633992,
                "RMSE": 9.845652365198555,
                "MAE": 6.963111895317564,
                "R2": 0.32289144817126525,
                "SMAPE": 8.215681114059494,
                "WAPE": 7.991530354278075
            },
            "Wind_Speed_kmh": {
                "MSE": 1.5510750769472585,
                "RMSE": 1.245421646249678,
                "MAE": 0.9311294909870839,
                "R2": -0.10674423051642168,
                "SMAPE": 89.20277340589591,
                "WAPE": 69.15734874797883
            },
            "Soil_Moisture": {
                "MSE": 171812.73043527795,
                "RMSE": 414.5029920703564,
                "MAE": 120.25753993009805,
                "R2": 0.7571845943706175,
                "SMAPE": 1.6015545735822687,
                "WAPE": 1.450499344481737
            },
            "Soil_Temperature": {
                "MSE": 3.135193779735413,
                "RMSE": 1.7706478418181897,
                "MAE": 1.2923431867729462,
                "R2": 0.8094063084455476,
                "SMAPE": 26.129000519300035,
                "WAPE": 18.68469753338959
            },
            "Wind_Dir_Sin": {
                "MSE": 0.6735833468617259,
                "RMSE": 0.820721235780899,
                "MAE": 0.6938757738811598,
                "R2": -0.2970857618707825,
                "SMAPE": 139.0193498030767,
                "WAPE": 102.55070504406447
            },
            "Wind_Dir_Cos": {
                "MSE": 0.5012755246400161,
                "RMSE": 0.708008138823288,
                "MAE": 0.5799679317508987,
                "R2": -0.17163676412513418,
                "SMAPE": 130.11297560449404,
                "WAPE": 98.75764894448709
            }
        }
    ]
}