{
    "trial_number": 66,
    "fold_smape": [
        48.68815623763879,
        50.98164636630766,
        53.466203414213524
    ],
    "mean_smape": 51.04533533938666,
    "hyperparameters": {
        "input_chunk_length": 36,
        "hidden_size": 112,
        "dropout": 0.4,
        "batch_size": 96,
        "lr": 0.00151990931357288,
        "weight_decay": 0.001175886637278853,
        "num_encoder_layers": 3,
        "num_decoder_layers": 2,
        "temporal_width_past": 4,
        "temporal_width_future": 1,
        "use_reversible_instance_norm": true,
        "temporal_hidden_size_past": 48,
        "temporal_hidden_size_future": 84
    },
    "metrics_per_fold": [
        {
            "Temperature": {
                "MSE": 4.66711970657948,
                "RMSE": 2.1603517552888185,
                "MAE": 1.293348635650307,
                "R2": 0.7756414305051469,
                "SMAPE": 9.227064701153779,
                "WAPE": 8.163104883627092
            },
            "Precipitation_accumulated": {
                "MSE": 1898.5568141804322,
                "RMSE": 43.57243181393979,
                "MAE": 6.005098109772955,
                "R2": 0.91225735686267,
                "SMAPE": 3.2067036084018556,
                "WAPE": 1.4931136802139617
            },
            "Humidity": {
                "MSE": 22.240348861700838,
                "RMSE": 4.715967436454671,
                "MAE": 3.3930701991705075,
                "R2": 0.7155644178481471,
                "SMAPE": 4.184171782593169,
                "WAPE": 4.015140837647015
            },
            "Wind_Speed_kmh": {
                "MSE": 0.041180934718954655,
                "RMSE": 0.20293086191842447,
                "MAE": 0.08219850129914334,
                "R2": 0.7924655990462864,
                "SMAPE": 165.4614516807301,
                "WAPE": 40.25295288630095
            },
            "Soil_Moisture": {
                "MSE": 77740.76391484567,
                "RMSE": 278.8203075725398,
                "MAE": 101.00959385493357,
                "R2": 0.9166188008718494,
                "SMAPE": 1.385019308677684,
                "WAPE": 1.478357111959767
            },
            "Soil_Temperature": {
                "MSE": 4.746423656454608,
                "RMSE": 2.1786288477973037,
                "MAE": 1.2738408608974445,
                "R2": 0.7772718849248759,
                "SMAPE": 9.335844903147555,
                "WAPE": 8.165225232951718
            },
            "Wind_Dir_Sin": {
                "MSE": 0.06888930319436445,
                "RMSE": 0.26246771838526056,
                "MAE": 0.09704283644545102,
                "R2": 0.38563913414001716,
                "SMAPE": 172.57847783194774,
                "WAPE": 67.06305286688027
            },
            "Wind_Dir_Cos": {
                "MSE": 0.10717585369871917,
                "RMSE": 0.3273772345455914,
                "MAE": 0.12110258012051749,
                "R2": 0.7412369952169916,
                "SMAPE": 24.126516084456963,
                "WAPE": 13.179342392769424
            }
        },
        {
            "Temperature": {
                "MSE": 0.458728744043711,
                "RMSE": 0.6772951675921739,
                "MAE": 0.4604774029899027,
                "R2": 0.8304986954445134,
                "SMAPE": 5.711929074622079,
                "WAPE": 5.512446806376876
            },
            "Precipitation_accumulated": {
                "MSE": 0.017653032173106917,
                "RMSE": 0.13286471379981563,
                "MAE": 0.09548240996650435,
                "R2": 0.9236989090702485,
                "SMAPE": 0.020816869308079293,
                "WAPE": 0.02081908668499298
            },
            "Humidity": {
                "MSE": 5.255799230436184,
                "RMSE": 2.292552994030058,
                "MAE": 1.7206467868419835,
                "R2": 0.8589797609135367,
                "SMAPE": 1.9860293653625767,
                "WAPE": 1.9645226595919123
            },
            "Wind_Speed_kmh": {
                "MSE": 0.0012061505794439607,
                "RMSE": 0.03472967865448744,
                "MAE": 0.010308469735347946,
                "R2": -0.1599701221997445,
                "SMAPE": 195.12983804492978,
                "WAPE": 126.33105505654868
            },
            "Soil_Moisture": {
                "MSE": 11126.744048938439,
                "RMSE": 105.48338280951384,
                "MAE": 52.3158589141773,
                "R2": 0.6938008448615125,
                "SMAPE": 0.8947856095372334,
                "WAPE": 0.8917931861160902
            },
            "Soil_Temperature": {
                "MSE": 0.10503264905216732,
                "RMSE": 0.32408740958600557,
                "MAE": 0.23637554156296947,
                "R2": 0.9403092093575355,
                "SMAPE": 2.669281366751962,
                "WAPE": 2.634389515422782
            },
            "Wind_Dir_Sin": {
                "MSE": 0.026806684315588122,
                "RMSE": 0.1637274696426599,
                "MAE": 0.038588934717277146,
                "R2": 0.10215711862889865,
                "SMAPE": 192.41249453408022,
                "WAPE": 99.31990682771595
            },
            "Wind_Dir_Cos": {
                "MSE": 0.05022371036650358,
                "RMSE": 0.2241064710500426,
                "MAE": 0.046442271841290295,
                "R2": -0.11432979081723915,
                "SMAPE": 9.027996065869342,
                "WAPE": 4.768425904134933
            }
        },
        {
            "Temperature": {
                "MSE": 9.901771802141038,
                "RMSE": 3.1467080897568236,
                "MAE": 2.4056964924666064,
                "R2": 0.6420479667591581,
                "SMAPE": 37.68557071957371,
                "WAPE": 29.372338611329337
            },
            "Precipitation_accumulated": {
                "MSE": 0.06209189225059757,
                "RMSE": 0.24918244771772666,
                "MAE": 0.2102491297821582,
                "R2": 0.9871210781864462,
                "SMAPE": 0.04531228345023122,
                "WAPE": 0.04533364065198371
            },
            "Humidity": {
                "MSE": 93.73208124409987,
                "RMSE": 9.681533000723588,
                "MAE": 6.988537097222573,
                "R2": 0.3459232411070081,
                "SMAPE": 8.229079133284696,
                "WAPE": 8.027805826618302
            },
            "Wind_Speed_kmh": {
                "MSE": 1.5941745637264866,
                "RMSE": 1.2626062583903528,
                "MAE": 0.9440976677174643,
                "R2": -0.13558973973935773,
                "SMAPE": 89.55001355389231,
                "WAPE": 70.52889245558607
            },
            "Soil_Moisture": {
                "MSE": 162664.24688736972,
                "RMSE": 403.3165591534393,
                "MAE": 115.74334374619838,
                "R2": 0.7820685131261079,
                "SMAPE": 1.5391113194649682,
                "WAPE": 1.398757407521305
            },
            "Soil_Temperature": {
                "MSE": 2.967497162643015,
                "RMSE": 1.7226424941475857,
                "MAE": 1.2635040693834823,
                "R2": 0.8185432358301961,
                "SMAPE": 25.574972457558335,
                "WAPE": 18.276166581314243
            },
            "Wind_Dir_Sin": {
                "MSE": 0.6718618658330665,
                "RMSE": 0.8196718037318756,
                "MAE": 0.6821609326185252,
                "R2": -0.30121633196500475,
                "SMAPE": 134.04116014236678,
                "WAPE": 101.34479290873894
            },
            "Wind_Dir_Cos": {
                "MSE": 0.48746334164992233,
                "RMSE": 0.6981857501051725,
                "MAE": 0.5754439349339084,
                "R2": -0.12636888182129136,
                "SMAPE": 131.06440770411703,
                "WAPE": 97.58536486567544
            }
        }
    ]
}