{
    "trial_number": 23,
    "fold_smape": [
        48.77390023106268,
        50.917348393808794,
        53.4260902026444
    ],
    "mean_smape": 51.03911294250529,
    "hyperparameters": {
        "input_chunk_length": 36,
        "hidden_size": 72,
        "dropout": 0.15000000000000002,
        "batch_size": 144,
        "lr": 0.004629813985388944,
        "weight_decay": 0.0004307870755702792,
        "num_encoder_layers": 4,
        "num_decoder_layers": 2,
        "temporal_width_past": 3,
        "temporal_width_future": 1,
        "use_reversible_instance_norm": true,
        "temporal_hidden_size_past": 132,
        "temporal_hidden_size_future": 144
    },
    "metrics_per_fold": [
        {
            "Temperature": {
                "MSE": 4.97947235997146,
                "RMSE": 2.2314731367353406,
                "MAE": 1.327564934453711,
                "R2": 0.7606259608153182,
                "SMAPE": 9.48019926876323,
                "WAPE": 8.379064624228103
            },
            "Precipitation_accumulated": {
                "MSE": 1952.6249042979612,
                "RMSE": 44.1885155249411,
                "MAE": 6.284006743939363,
                "R2": 0.9097585761567856,
                "SMAPE": 3.292056874921839,
                "WAPE": 1.5624618056885349
            },
            "Humidity": {
                "MSE": 23.2233347400357,
                "RMSE": 4.819059528583944,
                "MAE": 3.4898180021982017,
                "R2": 0.7029928452397376,
                "SMAPE": 4.301601872854829,
                "WAPE": 4.12962595940609
            },
            "Wind_Speed_kmh": {
                "MSE": 0.04289011757925231,
                "RMSE": 0.20709929400954585,
                "MAE": 0.08226392321148263,
                "R2": 0.7838520441706376,
                "SMAPE": 165.44288624007362,
                "WAPE": 40.284990272792236
            },
            "Soil_Moisture": {
                "MSE": 80780.09154949574,
                "RMSE": 284.21838707144855,
                "MAE": 103.1207560251307,
                "R2": 0.9133589566156489,
                "SMAPE": 1.4116139112452424,
                "WAPE": 1.5092556780236368
            },
            "Soil_Temperature": {
                "MSE": 4.860993692533973,
                "RMSE": 2.2047661310293147,
                "MAE": 1.295132003518995,
                "R2": 0.7718956332400216,
                "SMAPE": 9.427731551213151,
                "WAPE": 8.301699874571693
            },
            "Wind_Dir_Sin": {
                "MSE": 0.07033946586334083,
                "RMSE": 0.2652158853902625,
                "MAE": 0.09895934561771884,
                "R2": 0.37270645589189355,
                "SMAPE": 172.6854234590107,
                "WAPE": 68.3874881435831
            },
            "Wind_Dir_Cos": {
                "MSE": 0.10820318824682292,
                "RMSE": 0.328942530310118,
                "MAE": 0.12194962232701477,
                "R2": 0.7387566214629182,
                "SMAPE": 24.14968867041877,
                "WAPE": 13.271524237693331
            }
        },
        {
            "Temperature": {
                "MSE": 0.45081078884710907,
                "RMSE": 0.6714244476090434,
                "MAE": 0.4525064460297019,
                "R2": 0.833424397730804,
                "SMAPE": 5.620652461164689,
                "WAPE": 5.417025237470943
            },
            "Precipitation_accumulated": {
                "MSE": 0.01544174582633987,
                "RMSE": 0.12426482135479804,
                "MAE": 0.0393904320125739,
                "R2": 0.933256675631929,
                "SMAPE": 0.008579907563143389,
                "WAPE": 0.008588731881786224
            },
            "Humidity": {
                "MSE": 5.150585125627983,
                "RMSE": 2.2694900584994824,
                "MAE": 1.6996407117103771,
                "R2": 0.8618027983936212,
                "SMAPE": 1.9614072153206588,
                "WAPE": 1.9405392883964383
            },
            "Wind_Speed_kmh": {
                "MSE": 0.0012295425944851008,
                "RMSE": 0.03506483415738767,
                "MAE": 0.010292555329996515,
                "R2": -0.18246651610628173,
                "SMAPE": 195.18147590030685,
                "WAPE": 126.13602284805805
            },
            "Soil_Moisture": {
                "MSE": 11112.027332558093,
                "RMSE": 105.41360126927688,
                "MAE": 52.14371608744869,
                "R2": 0.6942058372026911,
                "SMAPE": 0.8920483818061483,
                "WAPE": 0.8888587833728
            },
            "Soil_Temperature": {
                "MSE": 0.1027762088807753,
                "RMSE": 0.3205872874597109,
                "MAE": 0.23272635437055578,
                "R2": 0.9415915601225906,
                "SMAPE": 2.6284255497765345,
                "WAPE": 2.5937195695563697
            },
            "Wind_Dir_Sin": {
                "MSE": 0.026477630655037967,
                "RMSE": 0.16271948455866608,
                "MAE": 0.03777220326624611,
                "R2": 0.11317819394115802,
                "SMAPE": 192.16061050631254,
                "WAPE": 97.21780962772901
            },
            "Wind_Dir_Cos": {
                "MSE": 0.049364214962064244,
                "RMSE": 0.22218059087612546,
                "MAE": 0.04553607009578546,
                "R2": -0.09525988683666764,
                "SMAPE": 8.88558722821979,
                "WAPE": 4.675382310307214
            }
        },
        {
            "Temperature": {
                "MSE": 9.420688808407682,
                "RMSE": 3.0693140615465992,
                "MAE": 2.337461094464137,
                "R2": 0.6594392618935512,
                "SMAPE": 38.51424434596034,
                "WAPE": 28.539218880023427
            },
            "Precipitation_accumulated": {
                "MSE": 0.05187908042992558,
                "RMSE": 0.227769797009888,
                "MAE": 0.09276443764504279,
                "R2": 0.9892393902585623,
                "SMAPE": 0.020020078003114932,
                "WAPE": 0.020001745956527556
            },
            "Humidity": {
                "MSE": 91.72456107438211,
                "RMSE": 9.577294037168437,
                "MAE": 6.680641981296146,
                "R2": 0.3599320230373033,
                "SMAPE": 7.88157320268267,
                "WAPE": 7.674123479191997
            },
            "Wind_Speed_kmh": {
                "MSE": 1.585315111064412,
                "RMSE": 1.2590929715729542,
                "MAE": 0.931439655202035,
                "R2": -0.12927882262169854,
                "SMAPE": 88.89224502642442,
                "WAPE": 69.58327460911838
            },
            "Soil_Moisture": {
                "MSE": 153957.12188098725,
                "RMSE": 392.3737018213469,
                "MAE": 110.35563941797977,
                "R2": 0.7937339942342685,
                "SMAPE": 1.4634068412991161,
                "WAPE": 1.3336470426855054
            },
            "Soil_Temperature": {
                "MSE": 2.7694224258787568,
                "RMSE": 1.6641581733353223,
                "MAE": 1.2152480183166037,
                "R2": 0.8306551263652543,
                "SMAPE": 25.222148408495837,
                "WAPE": 17.57815883505901
            },
            "Wind_Dir_Sin": {
                "MSE": 0.7002982239070543,
                "RMSE": 0.8368382304287098,
                "MAE": 0.6987396948951824,
                "R2": -0.35628993478304527,
                "SMAPE": 136.66835922690964,
                "WAPE": 103.80780588598698
            },
            "Wind_Dir_Cos": {
                "MSE": 0.505135544561743,
                "RMSE": 0.7107288825999286,
                "MAE": 0.5782653447022786,
                "R2": -0.16720358205891817,
                "SMAPE": 128.74672449138004,
                "WAPE": 98.06382729262519
            }
        }
    ]
}