{
    "trial_number": 7,
    "fold_smape": [
        50.13620033074433,
        51.3951391523246,
        53.849112865147454
    ],
    "mean_smape": 51.79348411607213,
    "hyperparameters": {
        "input_chunk_length": 108,
        "hidden_size": 200,
        "dropout": 0.4,
        "batch_size": 80,
        "lr": 8.962976130859648e-05,
        "weight_decay": 0.00508205212362534,
        "num_encoder_layers": 3,
        "num_decoder_layers": 3,
        "temporal_width_past": 5,
        "temporal_width_future": 1,
        "use_reversible_instance_norm": true,
        "temporal_hidden_size_past": 144,
        "temporal_hidden_size_future": 120
    },
    "metrics_per_fold": [
        {
            "Temperature": {
                "MSE": 5.746163593739724,
                "RMSE": 2.397115682177171,
                "MAE": 1.4201489058132415,
                "R2": 0.7082030312128142,
                "SMAPE": 9.404079981340605,
                "WAPE": 8.896942788728625
            },
            "Precipitation_accumulated": {
                "MSE": 2701.776896466655,
                "RMSE": 51.97861960909173,
                "MAE": 9.617912436349679,
                "R2": 0.8360335366129764,
                "SMAPE": 4.268580388100997,
                "WAPE": 2.3077290570541815
            },
            "Humidity": {
                "MSE": 25.44962545098499,
                "RMSE": 5.044762179824237,
                "MAE": 3.6692817637712256,
                "R2": 0.6604823970712512,
                "SMAPE": 4.497144121321881,
                "WAPE": 4.334427934406467
            },
            "Wind_Speed_kmh": {
                "MSE": 0.043016141255918454,
                "RMSE": 0.2074033299055694,
                "MAE": 0.08582937955755668,
                "R2": 0.7218955214972409,
                "SMAPE": 170.76639311897887,
                "WAPE": 51.76624855446483
            },
            "Soil_Moisture": {
                "MSE": 103714.179384764,
                "RMSE": 322.0468589891291,
                "MAE": 131.60648551752843,
                "R2": 0.8549631473680817,
                "SMAPE": 1.81366395604357,
                "WAPE": 1.953255165079779
            },
            "Soil_Temperature": {
                "MSE": 6.28243251027728,
                "RMSE": 2.5064781088765327,
                "MAE": 1.4652942634720416,
                "R2": 0.6895903205525439,
                "SMAPE": 9.902396169225513,
                "WAPE": 9.32258535122313
            },
            "Wind_Dir_Sin": {
                "MSE": 0.06348377006805227,
                "RMSE": 0.2519598580489604,
                "MAE": 0.09472439640956491,
                "R2": 0.3749905739062226,
                "SMAPE": 176.53747849379204,
                "WAPE": 73.25498699291532
            },
            "Wind_Dir_Cos": {
                "MSE": 0.1039955148577821,
                "RMSE": 0.32248335593915867,
                "MAE": 0.123374303108519,
                "R2": 0.7085570847285518,
                "SMAPE": 23.899866417151227,
                "WAPE": 13.334433975010416
            }
        },
        {
            "Temperature": {
                "MSE": 0.4711479150666599,
                "RMSE": 0.6864021525801474,
                "MAE": 0.4797186836630949,
                "R2": 0.8207788769538303,
                "SMAPE": 6.071886347729789,
                "WAPE": 5.796573816189517
            },
            "Precipitation_accumulated": {
                "MSE": 0.025406301285528596,
                "RMSE": 0.15939354217009105,
                "MAE": 0.12681215533666254,
                "R2": 0.8908018794920465,
                "SMAPE": 0.02764618896398545,
                "WAPE": 0.027649287707872682
            },
            "Humidity": {
                "MSE": 5.98975719851431,
                "RMSE": 2.447398046602618,
                "MAE": 1.856442359173195,
                "R2": 0.8409478399748476,
                "SMAPE": 2.1509032525154117,
                "WAPE": 2.124021872877029
            },
            "Wind_Speed_kmh": {
                "MSE": 0.0012141765551302653,
                "RMSE": 0.03484503630548066,
                "MAE": 0.011320935493393684,
                "R2": -0.126048063139248,
                "SMAPE": 195.41457778984488,
                "WAPE": 133.78884755580012
            },
            "Soil_Moisture": {
                "MSE": 11146.056636073265,
                "RMSE": 105.57488638910895,
                "MAE": 54.64907923381018,
                "R2": 0.6539059881224505,
                "SMAPE": 0.9381012559032699,
                "WAPE": 0.9336770203358418
            },
            "Soil_Temperature": {
                "MSE": 0.10751430318769527,
                "RMSE": 0.3278937376463528,
                "MAE": 0.24946166576435921,
                "R2": 0.9374885078909851,
                "SMAPE": 2.8682286474670557,
                "WAPE": 2.79857907626615
            },
            "Wind_Dir_Sin": {
                "MSE": 0.02880093829375248,
                "RMSE": 0.16970839193673506,
                "MAE": 0.04338728888708134,
                "R2": 0.06823749173126503,
                "SMAPE": 193.42900962214512,
                "WAPE": 107.68561715270953
            },
            "Wind_Dir_Cos": {
                "MSE": 0.052405794999074,
                "RMSE": 0.2289231202807484,
                "MAE": 0.05417942918872914,
                "R2": -0.12265268618057878,
                "SMAPE": 10.26076011402734,
                "WAPE": 5.568342400654663
            }
        },
        {
            "Temperature": {
                "MSE": 9.280636617204497,
                "RMSE": 3.046413730471371,
                "MAE": 2.375310883099567,
                "R2": 0.6718555242666783,
                "SMAPE": 38.34206804684389,
                "WAPE": 28.60863481074846
            },
            "Precipitation_accumulated": {
                "MSE": 0.05666531296069934,
                "RMSE": 0.2380447709165218,
                "MAE": 0.15700147186820484,
                "R2": 0.9876609440597468,
                "SMAPE": 0.03383862030526926,
                "WAPE": 0.03384365677157775
            },
            "Humidity": {
                "MSE": 93.48249622804019,
                "RMSE": 9.66863466204201,
                "MAE": 7.1961975940502505,
                "R2": 0.3475953840418421,
                "SMAPE": 8.467783191688497,
                "WAPE": 8.225310992913512
            },
            "Wind_Speed_kmh": {
                "MSE": 1.428417783529753,
                "RMSE": 1.1951643332737774,
                "MAE": 0.9057068043069118,
                "R2": -0.028609654625247893,
                "SMAPE": 83.51932368244212,
                "WAPE": 65.36559874218925
            },
            "Soil_Moisture": {
                "MSE": 174654.7438458304,
                "RMSE": 417.91714949955144,
                "MAE": 120.27105128618119,
                "R2": 0.677847843738584,
                "SMAPE": 1.5756938060914396,
                "WAPE": 1.4376961463419973
            },
            "Soil_Temperature": {
                "MSE": 2.9914129575010926,
                "RMSE": 1.7295701655327813,
                "MAE": 1.27563104041113,
                "R2": 0.8232686161622098,
                "SMAPE": 25.669949383861194,
                "WAPE": 18.366780118079156
            },
            "Wind_Dir_Sin": {
                "MSE": 0.6161148821331849,
                "RMSE": 0.7849298580976423,
                "MAE": 0.6810436551361134,
                "R2": -0.15292640230673848,
                "SMAPE": 139.77908882730364,
                "WAPE": 98.0651895342176
            },
            "Wind_Dir_Cos": {
                "MSE": 0.44989339737636985,
                "RMSE": 0.6707409316393103,
                "MAE": 0.5603473440858621,
                "R2": -0.12187751858948492,
                "SMAPE": 133.40515736264337,
                "WAPE": 97.48510171859176
            }
        }
    ]
}