{
    "trial_number": 45,
    "input_chunk_length": 32,
    "output_chunk_length": 1,
    "hidden_size": 64,
    "temporal_width_past": 1,
    "temporal_width_future": 2,
    "use_reversible_instance_norm": true,
    "num_encoder_layers": 3,
    "num_decoder_layers": 1,
    "dropout": 0.21881523553377513,
    "batch_size": 235,
    "lr": 0.003386291567829172,
    "loss_function": "smoothl1",
    "optimizer": "Adam",
    "overall_mae_val": 0.07981342977281426,
    "metrics": {
        "MSE": {
            "Temperature": 1.893972621876313,
            "Precipitation_accumulated": 0.2698715431820667,
            "Humidity": 15.950488519638013,
            "Wind_Speed_kmh": 0.6378822079127595,
            "Soil_Moisture": 2231.1337926065353,
            "Soil_Temperature": 0.43341680399031923,
            "Wind_Dir_Sin": 0.39351944664849453,
            "Wind_Dir_Cos": 0.33167052309366807
        },
        "RMSE": {
            "Temperature": 1.3762167786639985,
            "Precipitation_accumulated": 0.5194916199343996,
            "Humidity": 3.993806269667823,
            "Wind_Speed_kmh": 0.7986752831487647,
            "Soil_Moisture": 47.23487898371854,
            "Soil_Temperature": 0.6583439860667972,
            "Wind_Dir_Sin": 0.6273112836929482,
            "Wind_Dir_Cos": 0.5759084329072357
        },
        "MAE": {
            "Temperature": 1.0497639015855096,
            "Precipitation_accumulated": 0.4153493369612483,
            "Humidity": 2.894642877786543,
            "Wind_Speed_kmh": 0.5962435020889085,
            "Soil_Moisture": 19.787200598379073,
            "Soil_Temperature": 0.4926314089281219,
            "Wind_Dir_Sin": 0.5055408521469985,
            "Wind_Dir_Cos": 0.4598973290693387
        },
        "R2": {
            "Temperature": 0.9378465693029929,
            "Precipitation_accumulated": 0.9210011174187982,
            "Humidity": 0.8911280995026194,
            "Wind_Speed_kmh": 0.5266744314102214,
            "Soil_Moisture": 0.9605490766762195,
            "Soil_Temperature": 0.9730719347890313,
            "Wind_Dir_Sin": 0.28531436191222803,
            "Wind_Dir_Cos": 0.0950316322042315
        },
        "SMAPE": {
            "Temperature": 20.18849508595891,
            "Precipitation_accumulated": 0.0893337862651962,
            "Humidity": 3.4527115828681887,
            "Wind_Speed_kmh": 62.14131326761923,
            "Soil_Moisture": 0.2309089531917574,
            "Soil_Temperature": 7.965809254127429,
            "Wind_Dir_Sin": 101.76179320591261,
            "Wind_Dir_Cos": 113.45648617993689
        }
    }
}