{
    "trial_number": 62,
    "input_chunk_length": 46,
    "output_chunk_length": 1,
    "hidden_size": 64,
    "temporal_width_past": 2,
    "temporal_width_future": 1,
    "use_reversible_instance_norm": true,
    "num_encoder_layers": 3,
    "num_decoder_layers": 2,
    "dropout": 0.22751533683295236,
    "batch_size": 88,
    "lr": 0.0036758496973992244,
    "loss_function": "smoothl1",
    "optimizer": "Adam",
    "overall_mae_val": 0.07626249496488574,
    "metrics": {
        "MSE": {
            "Temperature": 1.480465261460164,
            "Precipitation_accumulated": 0.1861315033356613,
            "Humidity": 14.684403493375031,
            "Wind_Speed_kmh": 0.5940898600428416,
            "Soil_Moisture": 1272.9255854776948,
            "Soil_Temperature": 0.30698068287729563,
            "Wind_Dir_Sin": 0.3674960424220251,
            "Wind_Dir_Cos": 0.31776899211459564
        },
        "RMSE": {
            "Temperature": 1.2167437123158533,
            "Precipitation_accumulated": 0.43142960414841874,
            "Humidity": 3.8320234202539827,
            "Wind_Speed_kmh": 0.7707722491390318,
            "Soil_Moisture": 35.67808270461986,
            "Soil_Temperature": 0.5540583749726157,
            "Wind_Dir_Sin": 0.6062145184850204,
            "Wind_Dir_Cos": 0.5637100248484106
        },
        "MAE": {
            "Temperature": 0.9146815090313662,
            "Precipitation_accumulated": 0.38001652142177156,
            "Humidity": 2.7400441484242792,
            "Wind_Speed_kmh": 0.5897563684095134,
            "Soil_Moisture": 14.648987331509538,
            "Soil_Temperature": 0.41021049656892317,
            "Wind_Dir_Sin": 0.4792374583114875,
            "Wind_Dir_Cos": 0.44757914538885574
        },
        "R2": {
            "Temperature": 0.951495106667218,
            "Precipitation_accumulated": 0.9442963420578422,
            "Humidity": 0.899873330052051,
            "Wind_Speed_kmh": 0.5588286257338284,
            "Soil_Moisture": 0.976176623499457,
            "Soil_Temperature": 0.9809461496421085,
            "Wind_Dir_Sin": 0.3324945487828269,
            "Wind_Dir_Cos": 0.13399048809820013
        },
        "SMAPE": {
            "Temperature": 18.20640739300579,
            "Precipitation_accumulated": 0.08178036908115882,
            "Humidity": 3.2586037780424872,
            "Wind_Speed_kmh": 59.2653647889312,
            "Soil_Moisture": 0.17054761345001682,
            "Soil_Temperature": 6.832567853028529,
            "Wind_Dir_Sin": 94.29742645897352,
            "Wind_Dir_Cos": 108.22788830327211
        }
    }
}