{
    "trial_number": 87,
    "input_chunk_length": 28,
    "output_chunk_length": 1,
    "hidden_size": 64,
    "temporal_width_past": 2,
    "temporal_width_future": 4,
    "use_reversible_instance_norm": true,
    "num_encoder_layers": 4,
    "num_decoder_layers": 2,
    "dropout": 0.1926203832445392,
    "batch_size": 83,
    "lr": 0.0026720978705627547,
    "loss_function": "huber",
    "optimizer": "AdamW",
    "overall_mae_val": 0.07849354421331625,
    "metrics": {
        "MSE": {
            "Temperature": 2.106127046129951,
            "Precipitation_accumulated": 0.34402422585027537,
            "Humidity": 13.951705828802407,
            "Wind_Speed_kmh": 0.6492953611762632,
            "Soil_Moisture": 1569.8106582476837,
            "Soil_Temperature": 0.3481463498012361,
            "Wind_Dir_Sin": 0.3812696216765066,
            "Wind_Dir_Cos": 0.3114600721269783
        },
        "RMSE": {
            "Temperature": 1.4512501666252966,
            "Precipitation_accumulated": 0.5865357839469604,
            "Humidity": 3.735198231526997,
            "Wind_Speed_kmh": 0.8057886578850953,
            "Soil_Moisture": 39.62083616290403,
            "Soil_Temperature": 0.5900392781851358,
            "Wind_Dir_Sin": 0.6174703407261815,
            "Wind_Dir_Cos": 0.5580860794957874
        },
        "MAE": {
            "Temperature": 1.1533488387234403,
            "Precipitation_accumulated": 0.49561628119166146,
            "Humidity": 2.6727907359753074,
            "Wind_Speed_kmh": 0.6195960619600663,
            "Soil_Moisture": 17.03149343248062,
            "Soil_Temperature": 0.44100544908808864,
            "Wind_Dir_Sin": 0.4954794599668141,
            "Wind_Dir_Cos": 0.4454523359319408
        },
        "R2": {
            "Temperature": 0.9308591679531895,
            "Precipitation_accumulated": 0.8999148894625482,
            "Humidity": 0.9047945125959981,
            "Wind_Speed_kmh": 0.5189533961515728,
            "Soil_Moisture": 0.972656829658398,
            "Soil_Temperature": 0.978420751993192,
            "Wind_Dir_Sin": 0.3071704876674739,
            "Wind_Dir_Cos": 0.15141721330083568
        },
        "SMAPE": {
            "Temperature": 22.3041890810856,
            "Precipitation_accumulated": 0.10661254200883069,
            "Humidity": 3.178589861767917,
            "Wind_Speed_kmh": 61.412297092114976,
            "Soil_Moisture": 0.19883294468823093,
            "Soil_Temperature": 7.522700253497059,
            "Wind_Dir_Sin": 99.53755178214254,
            "Wind_Dir_Cos": 108.97915784311617
        }
    }
}