{
    "trial_number": 42,
    "input_chunk_length": 26,
    "output_chunk_length": 1,
    "hidden_size": 64,
    "temporal_width_past": 2,
    "temporal_width_future": 1,
    "use_reversible_instance_norm": true,
    "num_encoder_layers": 3,
    "num_decoder_layers": 2,
    "dropout": 0.21731726431152848,
    "batch_size": 73,
    "lr": 0.0024008969123629357,
    "loss_function": "smoothl1",
    "optimizer": "Adam",
    "overall_mae_val": 0.07579397272648078,
    "metrics": {
        "MSE": {
            "Temperature": 1.420036594891982,
            "Precipitation_accumulated": 0.5075504814869042,
            "Humidity": 11.292467781892412,
            "Wind_Speed_kmh": 0.5859172912977236,
            "Soil_Moisture": 1643.1584602050254,
            "Soil_Temperature": 0.27820104411629787,
            "Wind_Dir_Sin": 0.37767704607005426,
            "Wind_Dir_Cos": 0.31683187132242063
        },
        "RMSE": {
            "Temperature": 1.191652883557952,
            "Precipitation_accumulated": 0.7124257726155786,
            "Humidity": 3.360426726160297,
            "Wind_Speed_kmh": 0.7654523442368726,
            "Soil_Moisture": 40.53589101284226,
            "Soil_Temperature": 0.527447669552438,
            "Wind_Dir_Sin": 0.6145543475316518,
            "Wind_Dir_Cos": 0.562878202919975
        },
        "MAE": {
            "Temperature": 0.8839509580224157,
            "Precipitation_accumulated": 0.6831100264054255,
            "Humidity": 2.369318828212511,
            "Wind_Speed_kmh": 0.5778014602526186,
            "Soil_Moisture": 15.572346986617564,
            "Soil_Temperature": 0.40124023734702247,
            "Wind_Dir_Sin": 0.48478075888058797,
            "Wind_Dir_Cos": 0.44672678091995366
        },
        "R2": {
            "Temperature": 0.9534387308457508,
            "Precipitation_accumulated": 0.8527904846577912,
            "Humidity": 0.9229522076677249,
            "Wind_Speed_kmh": 0.5661724528556737,
            "Soil_Moisture": 0.9715677529997986,
            "Soil_Temperature": 0.9827830215901754,
            "Wind_Dir_Sin": 0.3132488698942548,
            "Wind_Dir_Cos": 0.13828015290864248
        },
        "SMAPE": {
            "Temperature": 17.313141691231486,
            "Precipitation_accumulated": 0.1469444904921486,
            "Humidity": 2.8320407518798216,
            "Wind_Speed_kmh": 58.876785677473976,
            "Soil_Moisture": 0.18174204325923507,
            "Soil_Temperature": 6.7586371979268565,
            "Wind_Dir_Sin": 95.8352420375757,
            "Wind_Dir_Cos": 108.26088252906284
        }
    }
}