{
    "trial_number": 4,
    "input_chunk_length": 52,
    "output_chunk_length": 10,
    "hidden_size": 256,
    "temporal_width_past": 1,
    "temporal_width_future": 3,
    "use_reversible_instance_norm": false,
    "num_encoder_layers": 2,
    "num_decoder_layers": 2,
    "dropout": 0.39512963048443994,
    "batch_size": 202,
    "lr": 8.205997793684982e-05,
    "loss_function": "huber",
    "optimizer": "SGD",
    "overall_mae_val": 0.35671440738650584,
    "metrics": {
        "MSE": {
            "Temperature": 238.92944611914803,
            "Precipitation_accumulated": 13223.382012669796,
            "Humidity": 1065.3739768461942,
            "Wind_Speed_kmh": 5.273314882187923,
            "Soil_Moisture": 10600826.449314745,
            "Soil_Temperature": 56.79242054706977,
            "Wind_Dir_Sin": 0.8103819795043887,
            "Wind_Dir_Cos": 0.8481656066058998
        },
        "RMSE": {
            "Temperature": 15.457342789727736,
            "Precipitation_accumulated": 114.99296505730163,
            "Humidity": 32.640067047207395,
            "Wind_Speed_kmh": 2.2963699358308807,
            "Soil_Moisture": 3255.891037690719,
            "Soil_Temperature": 7.536074611299291,
            "Wind_Dir_Sin": 0.9002121858230918,
            "Wind_Dir_Cos": 0.920959068909091
        },
        "MAE": {
            "Temperature": 14.753417008326094,
            "Precipitation_accumulated": 114.02788267959149,
            "Humidity": 30.53619915846149,
            "Wind_Speed_kmh": 1.9150175697579002,
            "Soil_Moisture": 3246.134405835782,
            "Soil_Temperature": 6.726657162486416,
            "Wind_Dir_Sin": 0.7751219720793856,
            "Wind_Dir_Cos": 0.7271864028678968
        },
        "R2": {
            "Temperature": -6.8296785704296905,
            "Precipitation_accumulated": -4057.8071083044097,
            "Humidity": -6.25485635105843,
            "Wind_Speed_kmh": -2.911199242537598,
            "Soil_Moisture": -211.28366918467063,
            "Soil_Temperature": -2.537718472443232,
            "Wind_Dir_Sin": -0.47494614919697065,
            "Wind_Dir_Cos": -1.306282163015688
        },
        "SMAPE": {
            "Temperature": 199.29191901842253,
            "Precipitation_accumulated": 28.053258641366117,
            "Humidity": 42.061917746547174,
            "Wind_Speed_kmh": 177.78322636609616,
            "Soil_Moisture": 46.60085889057161,
            "Soil_Temperature": 143.03902283808935,
            "Wind_Dir_Sin": 149.27475147915848,
            "Wind_Dir_Cos": 114.60307682685226
        }
    }
}