{
    "trial_number": 11,
    "fold_smape": [
        50.49146454706927,
        51.34277284137809,
        58.49249461585532
    ],
    "mean_smape": 53.44224400143423,
    "hyperparameters": {
        "input_chunk_length": 24,
        "hidden_size": 128,
        "dropout": 0.2,
        "batch_size": 224,
        "lr": 3.995779652778198e-05,
        "weight_decay": 4.002586081822598e-05,
        "num_encoder_layers": 3,
        "num_decoder_layers": 3,
        "temporal_width_past": 5,
        "temporal_width_future": 3,
        "use_reversible_instance_norm": true,
        "temporal_hidden_size_past": 132,
        "temporal_hidden_size_future": 108
    },
    "metrics_per_fold": [
        {
            "Temperature": {
                "MSE": 6.785273105386541,
                "RMSE": 2.604855678418008,
                "MAE": 1.5764019034896108,
                "R2": 0.6820906924906824,
                "SMAPE": 11.11848182834181,
                "WAPE": 9.987588466552868
            },
            "Precipitation_accumulated": {
                "MSE": 2995.476284589054,
                "RMSE": 54.73094448837014,
                "MAE": 8.307091182689515,
                "R2": 0.866420620589941,
                "SMAPE": 4.437094355963899,
                "WAPE": 2.077531594043285
            },
            "Humidity": {
                "MSE": 28.85305064036635,
                "RMSE": 5.371503573522627,
                "MAE": 3.912216960694247,
                "R2": 0.6313984657007263,
                "SMAPE": 4.812380281801816,
                "WAPE": 4.6264846695327835
            },
            "Wind_Speed_kmh": {
                "MSE": 0.07699404668492331,
                "RMSE": 0.2774780111737204,
                "MAE": 0.11862272321793359,
                "R2": 0.6151148407502737,
                "SMAPE": 167.3027085705804,
                "WAPE": 57.12206462548068
            },
            "Soil_Moisture": {
                "MSE": 113013.63362002568,
                "RMSE": 336.17500445456335,
                "MAE": 137.62351100255327,
                "R2": 0.8831684957365372,
                "SMAPE": 1.8875194043178847,
                "WAPE": 2.0096682054240564
            },
            "Soil_Temperature": {
                "MSE": 7.294950897398838,
                "RMSE": 2.7009166772410507,
                "MAE": 1.6171575104045108,
                "R2": 0.6654492175178798,
                "SMAPE": 11.678247079049282,
                "WAPE": 10.404798949381501
            },
            "Wind_Dir_Sin": {
                "MSE": 0.09520091644953903,
                "RMSE": 0.3085464575222652,
                "MAE": 0.12187475768676105,
                "R2": 0.16676057012129764,
                "SMAPE": 174.6459211380498,
                "WAPE": 82.6822615012148
            },
            "Wind_Dir_Cos": {
                "MSE": 0.15458912453312185,
                "RMSE": 0.3931782350704599,
                "MAE": 0.1548120304041861,
                "R2": 0.6341160624682873,
                "SMAPE": 28.049363718449374,
                "WAPE": 16.872754867599436
            }
        },
        {
            "Temperature": {
                "MSE": 0.5637931141350507,
                "RMSE": 0.7508615812085812,
                "MAE": 0.5260606618835537,
                "R2": 0.7935856506717386,
                "SMAPE": 6.671678253522525,
                "WAPE": 6.285839740649029
            },
            "Precipitation_accumulated": {
                "MSE": 0.37921569115977477,
                "RMSE": 0.6158049132312723,
                "MAE": 0.5680073360927677,
                "R2": -0.6408868670610037,
                "SMAPE": 0.12393011557360623,
                "WAPE": 0.12384962071883071
            },
            "Humidity": {
                "MSE": 6.413662320143599,
                "RMSE": 2.5325209416989227,
                "MAE": 1.9205326574278607,
                "R2": 0.8273538365480014,
                "SMAPE": 2.217692194292984,
                "WAPE": 2.192154001328675
            },
            "Wind_Speed_kmh": {
                "MSE": 0.001212462255098027,
                "RMSE": 0.034820428703535904,
                "MAE": 0.013401748369805622,
                "R2": -0.17297046444136566,
                "SMAPE": 194.9739751082586,
                "WAPE": 165.21605896504352
            },
            "Soil_Moisture": {
                "MSE": 12661.61703457621,
                "RMSE": 112.52385095870213,
                "MAE": 56.99818781346024,
                "R2": 0.6652889793842005,
                "SMAPE": 0.9732201443947199,
                "WAPE": 0.9710826245659839
            },
            "Soil_Temperature": {
                "MSE": 0.12057646830298374,
                "RMSE": 0.34724122494741855,
                "MAE": 0.25892504249107134,
                "R2": 0.9320678860112958,
                "SMAPE": 2.956908612829851,
                "WAPE": 2.881739099340327
            },
            "Wind_Dir_Sin": {
                "MSE": 0.032612442074646364,
                "RMSE": 0.18058915270482434,
                "MAE": 0.04425201084906745,
                "R2": -0.09850128156344451,
                "SMAPE": 193.31449332696465,
                "WAPE": 114.57276656363038
            },
            "Wind_Dir_Cos": {
                "MSE": 0.05650319722868559,
                "RMSE": 0.23770401180603912,
                "MAE": 0.051933654557924404,
                "R2": -0.2608595578869659,
                "SMAPE": 9.510284975187693,
                "WAPE": 5.331406750178536
            }
        },
        {
            "Temperature": {
                "MSE": 26.775317784688543,
                "RMSE": 5.174487200166655,
                "MAE": 4.0922860408090305,
                "R2": 0.028626839444605978,
                "SMAPE": 57.43377346486185,
                "WAPE": 50.08553140622799
            },
            "Precipitation_accumulated": {
                "MSE": 0.6026848312126489,
                "RMSE": 0.7763277859336537,
                "MAE": 0.7401418406577001,
                "R2": 0.8760535366367567,
                "SMAPE": 0.15974344121634035,
                "WAPE": 0.15959541801575677
            },
            "Humidity": {
                "MSE": 152.22600688204312,
                "RMSE": 12.337990390742048,
                "MAE": 9.278456917309096,
                "R2": -0.061306929532663146,
                "SMAPE": 10.96946766165166,
                "WAPE": 10.667589590988781
            },
            "Wind_Speed_kmh": {
                "MSE": 1.8693741269310629,
                "RMSE": 1.3672505721085155,
                "MAE": 1.0527681282719465,
                "R2": -0.3287126146100279,
                "SMAPE": 96.21097860135419,
                "WAPE": 79.09363348538594
            },
            "Soil_Moisture": {
                "MSE": 169041.33241026185,
                "RMSE": 411.14636373226244,
                "MAE": 122.22254571045656,
                "R2": 0.78428391311037,
                "SMAPE": 1.6196692465967797,
                "WAPE": 1.4798726710272954
            },
            "Soil_Temperature": {
                "MSE": 7.257474897215772,
                "RMSE": 2.69397009954004,
                "MAE": 2.0445476165772805,
                "R2": 0.5536809335559585,
                "SMAPE": 36.73325638746472,
                "WAPE": 29.59329073469253
            },
            "Wind_Dir_Sin": {
                "MSE": 0.8670044324374939,
                "RMSE": 0.9311307278988777,
                "MAE": 0.7586289769922696,
                "R2": -0.6885425193315391,
                "SMAPE": 134.88265277451987,
                "WAPE": 113.25651536275302
            },
            "Wind_Dir_Cos": {
                "MSE": 0.5511597167291242,
                "RMSE": 0.7424013178390272,
                "MAE": 0.602501734161876,
                "R2": -0.2599582459174321,
                "SMAPE": 129.930415349177,
                "WAPE": 101.77082852166654
            }
        }
    ]
}