{
    "trial_number": 48,
    "fold_smape": [
        48.653656812909375,
        51.08365794263541,
        52.914842645768836
    ],
    "mean_smape": 50.88405246710454,
    "hyperparameters": {
        "input_chunk_length": 24,
        "hidden_size": 128,
        "dropout": 0.35,
        "batch_size": 64,
        "lr": 0.00462460683749393,
        "weight_decay": 0.004792966478205099,
        "num_encoder_layers": 3,
        "num_decoder_layers": 2,
        "temporal_width_past": 3,
        "temporal_width_future": 1,
        "use_reversible_instance_norm": true,
        "temporal_hidden_size_past": 36,
        "temporal_hidden_size_future": 168
    },
    "metrics_per_fold": [
        {
            "Temperature": {
                "MSE": 5.43701741094239,
                "RMSE": 2.331741283020565,
                "MAE": 1.38852796575836,
                "R2": 0.745260299300756,
                "SMAPE": 9.952600934221083,
                "WAPE": 8.797278070773217
            },
            "Precipitation_accumulated": {
                "MSE": 1820.7764177547388,
                "RMSE": 42.67055680155508,
                "MAE": 5.312459355175719,
                "R2": 0.9188048374211999,
                "SMAPE": 3.0935931776480285,
                "WAPE": 1.3286000971612164
            },
            "Humidity": {
                "MSE": 24.3921727617403,
                "RMSE": 4.938843261507729,
                "MAE": 3.559522946622777,
                "R2": 0.6883867700182893,
                "SMAPE": 4.394439161259046,
                "WAPE": 4.209398023896425
            },
            "Wind_Speed_kmh": {
                "MSE": 0.04687168666759933,
                "RMSE": 0.21649869899747512,
                "MAE": 0.08774933902191052,
                "R2": 0.7656933572905085,
                "SMAPE": 163.63442172621532,
                "WAPE": 42.25517066611231
            },
            "Soil_Moisture": {
                "MSE": 80110.4236176468,
                "RMSE": 283.03784838365135,
                "MAE": 104.83501129283974,
                "R2": 0.9171832548106439,
                "SMAPE": 1.433713877019611,
                "WAPE": 1.5308691623670554
            },
            "Soil_Temperature": {
                "MSE": 5.713964586889558,
                "RMSE": 2.39039004911114,
                "MAE": 1.3996288964687862,
                "R2": 0.7379541890678591,
                "SMAPE": 10.127847623265852,
                "WAPE": 9.0052188347811
            },
            "Wind_Dir_Sin": {
                "MSE": 0.06952285656296464,
                "RMSE": 0.2636718729082885,
                "MAE": 0.09977783917363062,
                "R2": 0.3915060114282759,
                "SMAPE": 171.85846874976292,
                "WAPE": 67.69127214828048
            },
            "Wind_Dir_Cos": {
                "MSE": 0.1048000607930945,
                "RMSE": 0.3237283750200073,
                "MAE": 0.12214606574765129,
                "R2": 0.7519575907273822,
                "SMAPE": 24.73416925388381,
                "WAPE": 13.312535337344665
            }
        },
        {
            "Temperature": {
                "MSE": 0.47344249544172134,
                "RMSE": 0.6880715772662909,
                "MAE": 0.4678966251300602,
                "R2": 0.826664565084521,
                "SMAPE": 5.8568880434173565,
                "WAPE": 5.590844200795091
            },
            "Precipitation_accumulated": {
                "MSE": 0.05936739951564314,
                "RMSE": 0.24365426225626166,
                "MAE": 0.23403408260259076,
                "R2": 0.7431140417769825,
                "SMAPE": 0.05102056291030286,
                "WAPE": 0.05102932748191916
            },
            "Humidity": {
                "MSE": 5.388129224976229,
                "RMSE": 2.321234418359384,
                "MAE": 1.7529975999189222,
                "R2": 0.8549596482567998,
                "SMAPE": 2.024942636112771,
                "WAPE": 2.0009244248564277
            },
            "Wind_Speed_kmh": {
                "MSE": 0.0011865309573231182,
                "RMSE": 0.03444605866166866,
                "MAE": 0.010521354118264473,
                "R2": -0.14788378956409853,
                "SMAPE": 195.087166058722,
                "WAPE": 129.70670799279446
            },
            "Soil_Moisture": {
                "MSE": 11177.79586459734,
                "RMSE": 105.72509571808077,
                "MAE": 52.795940203290606,
                "R2": 0.7045139296301846,
                "SMAPE": 0.9022863330110353,
                "WAPE": 0.8994886003539372
            },
            "Soil_Temperature": {
                "MSE": 0.10728030788213072,
                "RMSE": 0.32753672753163227,
                "MAE": 0.24114249433087043,
                "R2": 0.9395588691030532,
                "SMAPE": 2.736080007927347,
                "WAPE": 2.6838259742669943
            },
            "Wind_Dir_Sin": {
                "MSE": 0.027280267414933407,
                "RMSE": 0.16516739210550432,
                "MAE": 0.03914938966170206,
                "R2": 0.08110503812913927,
                "SMAPE": 192.87196006108204,
                "WAPE": 101.36158327623927
            },
            "Wind_Dir_Cos": {
                "MSE": 0.049692677642943994,
                "RMSE": 0.22291854486099624,
                "MAE": 0.0465696414258869,
                "R2": -0.1088839328775697,
                "SMAPE": 9.138919837900602,
                "WAPE": 4.780747720621998
            }
        },
        {
            "Temperature": {
                "MSE": 9.713554557130076,
                "RMSE": 3.1166575938222785,
                "MAE": 2.3957075961022616,
                "R2": 0.6476050717208528,
                "SMAPE": 38.09311915100881,
                "WAPE": 29.321090179951625
            },
            "Precipitation_accumulated": {
                "MSE": 0.050697642767578835,
                "RMSE": 0.2251613705047534,
                "MAE": 0.09943769536799735,
                "R2": 0.9895736657097358,
                "SMAPE": 0.0214546765869921,
                "WAPE": 0.021441566584962816
            },
            "Humidity": {
                "MSE": 89.84886594257799,
                "RMSE": 9.478864169433908,
                "MAE": 6.7361849010386265,
                "R2": 0.3735812559978683,
                "SMAPE": 7.954530177341936,
                "WAPE": 7.744698991837931
            },
            "Wind_Speed_kmh": {
                "MSE": 1.4792034249005974,
                "RMSE": 1.216225071646115,
                "MAE": 0.9003166398128913,
                "R2": -0.051387318314083164,
                "SMAPE": 86.32290462110679,
                "WAPE": 67.64007421752093
            },
            "Soil_Moisture": {
                "MSE": 158918.89663266778,
                "RMSE": 398.6463302636408,
                "MAE": 112.99290618061822,
                "R2": 0.7972012996725788,
                "SMAPE": 1.500828928936749,
                "WAPE": 1.3681200379574672
            },
            "Soil_Temperature": {
                "MSE": 2.9742875881659967,
                "RMSE": 1.7246123008276373,
                "MAE": 1.2569645986531528,
                "R2": 0.8170877228668587,
                "SMAPE": 25.62534715127212,
                "WAPE": 18.19361824080699
            },
            "Wind_Dir_Sin": {
                "MSE": 0.6445393687002184,
                "RMSE": 0.8028320924702864,
                "MAE": 0.6787526191661574,
                "R2": -0.25527862224843845,
                "SMAPE": 136.74632935267513,
                "WAPE": 101.33169015620672
            },
            "Wind_Dir_Cos": {
                "MSE": 0.46555139238795873,
                "RMSE": 0.6823132655811103,
                "MAE": 0.5592768222513126,
                "R2": -0.06425650847380782,
                "SMAPE": 127.05422710722222,
                "WAPE": 94.4695464697012
            }
        }
    ]
}