{
    "trial_number": 40,
    "fold_smape": [
        49.124275742541286,
        50.99193945617732,
        54.14403254983076
    ],
    "mean_smape": 51.420082582849794,
    "hyperparameters": {
        "input_chunk_length": 48,
        "hidden_size": 80,
        "dropout": 0.15000000000000002,
        "batch_size": 112,
        "lr": 0.0033305611663376634,
        "weight_decay": 0.0005946771815489925,
        "num_encoder_layers": 3,
        "num_decoder_layers": 2,
        "temporal_width_past": 3,
        "temporal_width_future": 2,
        "use_reversible_instance_norm": true,
        "temporal_hidden_size_past": 156,
        "temporal_hidden_size_future": 132
    },
    "metrics_per_fold": [
        {
            "Temperature": {
                "MSE": 5.262948169759204,
                "RMSE": 2.2941116297510904,
                "MAE": 1.372586896514913,
                "R2": 0.7459837109591447,
                "SMAPE": 9.6127860215013,
                "WAPE": 8.650459752215774
            },
            "Precipitation_accumulated": {
                "MSE": 2055.6058138732014,
                "RMSE": 45.3387892854805,
                "MAE": 6.811256582733486,
                "R2": 0.9013258111403017,
                "SMAPE": 3.4126965720594495,
                "WAPE": 1.6836866832901987
            },
            "Humidity": {
                "MSE": 24.681853788480943,
                "RMSE": 4.9680835126315,
                "MAE": 3.5774299365890876,
                "R2": 0.6829877313752455,
                "SMAPE": 4.419035472995854,
                "WAPE": 4.231208587728173
            },
            "Wind_Speed_kmh": {
                "MSE": 0.03866763513360709,
                "RMSE": 0.19664087859244092,
                "MAE": 0.08197569067539646,
                "R2": 0.7857509522930444,
                "SMAPE": 166.20701849919902,
                "WAPE": 42.17344214895425
            },
            "Soil_Moisture": {
                "MSE": 86054.6542263273,
                "RMSE": 293.3507358544159,
                "MAE": 108.39905627649267,
                "R2": 0.9040455197962903,
                "SMAPE": 1.4882442950846575,
                "WAPE": 1.5901463020318964
            },
            "Soil_Temperature": {
                "MSE": 5.5696293296603105,
                "RMSE": 2.3600062139029023,
                "MAE": 1.3858723611065176,
                "R2": 0.7377623106916669,
                "SMAPE": 9.940132608697834,
                "WAPE": 8.871910010905474
            },
            "Wind_Dir_Sin": {
                "MSE": 0.07008776273390835,
                "RMSE": 0.26474093513075825,
                "MAE": 0.09825530257817083,
                "R2": 0.35512047838551997,
                "SMAPE": 173.7177779218059,
                "WAPE": 69.73495185541402
            },
            "Wind_Dir_Cos": {
                "MSE": 0.10339848006083505,
                "RMSE": 0.3215563404146077,
                "MAE": 0.11993966957433064,
                "R2": 0.7473682686497947,
                "SMAPE": 24.19651454898622,
                "WAPE": 13.018273682478746
            }
        },
        {
            "Temperature": {
                "MSE": 0.441617584452991,
                "RMSE": 0.6645431396478267,
                "MAE": 0.4528583009825476,
                "R2": 0.8362608163356575,
                "SMAPE": 5.640061891535259,
                "WAPE": 5.428964574991693
            },
            "Precipitation_accumulated": {
                "MSE": 0.10892489623509888,
                "RMSE": 0.3300377194126436,
                "MAE": 0.3243084268978732,
                "R2": 0.5296970444994713,
                "SMAPE": 0.07069320167682905,
                "WAPE": 0.07071215475553441
            },
            "Humidity": {
                "MSE": 5.044423127036329,
                "RMSE": 2.2459793247125694,
                "MAE": 1.6832199139137598,
                "R2": 0.8647293794171667,
                "SMAPE": 1.944034293260813,
                "WAPE": 1.9225355450036024
            },
            "Wind_Speed_kmh": {
                "MSE": 0.0012683769648723184,
                "RMSE": 0.035614280350335856,
                "MAE": 0.01115890196224641,
                "R2": -0.21256408849912645,
                "SMAPE": 195.41009850117436,
                "WAPE": 135.93996438234996
            },
            "Soil_Moisture": {
                "MSE": 10880.410584633079,
                "RMSE": 104.30920661491524,
                "MAE": 51.62916872930471,
                "R2": 0.6880512432255321,
                "SMAPE": 0.882540462541255,
                "WAPE": 0.8805615170349439
            },
            "Soil_Temperature": {
                "MSE": 0.09879630341981177,
                "RMSE": 0.31431879266090945,
                "MAE": 0.23069527203843612,
                "R2": 0.9436686153237932,
                "SMAPE": 2.616421397259982,
                "WAPE": 2.57378592274408
            },
            "Wind_Dir_Sin": {
                "MSE": 0.025396618838765983,
                "RMSE": 0.1593631665058334,
                "MAE": 0.037531799981817916,
                "R2": 0.15421653744275798,
                "SMAPE": 192.43518264520225,
                "WAPE": 96.02463693382036
            },
            "Wind_Dir_Cos": {
                "MSE": 0.04765161069224608,
                "RMSE": 0.21829248885897581,
                "MAE": 0.045236374095793105,
                "R2": -0.051185782977033245,
                "SMAPE": 8.936483256767927,
                "WAPE": 4.645354388972901
            }
        },
        {
            "Temperature": {
                "MSE": 9.732847718642535,
                "RMSE": 3.1197512270439987,
                "MAE": 2.3932619708290304,
                "R2": 0.6498991596231498,
                "SMAPE": 38.789338791205054,
                "WAPE": 29.17869273417506
            },
            "Precipitation_accumulated": {
                "MSE": 0.0515001556738408,
                "RMSE": 0.22693645734839699,
                "MAE": 0.11627727000129957,
                "R2": 0.9892298504321435,
                "SMAPE": 0.025076198152305267,
                "WAPE": 0.02507046259716023
            },
            "Humidity": {
                "MSE": 94.28391554777956,
                "RMSE": 9.70999050194075,
                "MAE": 6.900445684446773,
                "R2": 0.34142246195465753,
                "SMAPE": 8.144452483053469,
                "WAPE": 7.9196086425649135
            },
            "Wind_Speed_kmh": {
                "MSE": 1.4967956152786892,
                "RMSE": 1.2234359874054257,
                "MAE": 0.9092878088495301,
                "R2": -0.06801400918151379,
                "SMAPE": 88.53707629658113,
                "WAPE": 67.53511162258394
            },
            "Soil_Moisture": {
                "MSE": 168349.29809000756,
                "RMSE": 410.30390942569335,
                "MAE": 117.48049636006095,
                "R2": 0.7620793115877654,
                "SMAPE": 1.5659376934422915,
                "WAPE": 1.4170037326450284
            },
            "Soil_Temperature": {
                "MSE": 3.0262272903502194,
                "RMSE": 1.7396054984824059,
                "MAE": 1.2653060469350614,
                "R2": 0.8160305642098614,
                "SMAPE": 25.629936982554074,
                "WAPE": 18.29379457107329
            },
            "Wind_Dir_Sin": {
                "MSE": 0.6800229681276038,
                "RMSE": 0.8246350514788974,
                "MAE": 0.7025903677480896,
                "R2": -0.3094862184656888,
                "SMAPE": 141.61859409507983,
                "WAPE": 103.83867009323679
            },
            "Wind_Dir_Cos": {
                "MSE": 0.48079448412045106,
                "RMSE": 0.6933934554929482,
                "MAE": 0.5678949569263025,
                "R2": -0.12376620420204265,
                "SMAPE": 128.84184785857815,
                "WAPE": 96.7018480214195
            }
        }
    ]
}