{
    "trial_number": 1,
    "input_chunk_length": 49,
    "output_chunk_length": 1,
    "hidden_size": 64,
    "temporal_width_past": 1,
    "temporal_width_future": 2,
    "use_reversible_instance_norm": true,
    "num_encoder_layers": 3,
    "num_decoder_layers": 1,
    "dropout": 0.24620637461947661,
    "batch_size": 197,
    "lr": 0.00395985787088,
    "loss_function": "smoothl1",
    "optimizer": "RMSprop",
    "overall_mae_val": 0.0785026644732259,
    "metrics": {
        "MSE": {
            "Temperature": 2.4565645640081195,
            "Precipitation_accumulated": 0.47943678483654323,
            "Humidity": 16.20013707724569,
            "Wind_Speed_kmh": 0.614024548074651,
            "Soil_Moisture": 1616.6932056226203,
            "Soil_Temperature": 0.6223722779690105,
            "Wind_Dir_Sin": 0.3677892372530499,
            "Wind_Dir_Cos": 0.32818217527480636
        },
        "RMSE": {
            "Temperature": 1.5673431545159853,
            "Precipitation_accumulated": 0.6924137381916561,
            "Humidity": 4.024939388021351,
            "Wind_Speed_kmh": 0.7835971848307337,
            "Soil_Moisture": 40.20812362723011,
            "Soil_Temperature": 0.7889057472024212,
            "Wind_Dir_Sin": 0.6064562945943013,
            "Wind_Dir_Cos": 0.5728718663669969
        },
        "MAE": {
            "Temperature": 1.2156825281984303,
            "Precipitation_accumulated": 0.5594977211590876,
            "Humidity": 2.9427069246422866,
            "Wind_Speed_kmh": 0.5984378128456285,
            "Soil_Moisture": 18.806121719909996,
            "Soil_Temperature": 0.58153844527503,
            "Wind_Dir_Sin": 0.4774034264216757,
            "Wind_Dir_Cos": 0.45289185033594
        },
        "R2": {
            "Temperature": 0.919417040010135,
            "Precipitation_accumulated": 0.8558106889283033,
            "Humidity": 0.8895092231832662,
            "Wind_Speed_kmh": 0.5437702273655989,
            "Soil_Moisture": 0.9694081320965996,
            "Soil_Temperature": 0.9613196621081002,
            "Wind_Dir_Sin": 0.3318529156145996,
            "Wind_Dir_Cos": 0.10579055668366
        },
        "SMAPE": {
            "Temperature": 25.067154594976394,
            "Precipitation_accumulated": 0.12051972902355851,
            "Humidity": 3.517691578608892,
            "Wind_Speed_kmh": 60.676935738165916,
            "Soil_Moisture": 0.21878011533941852,
            "Soil_Temperature": 11.126577552670499,
            "Wind_Dir_Sin": 93.03064061220621,
            "Wind_Dir_Cos": 107.73468977384205
        }
    }
}