{
    "trial_number": 4,
    "fold_smape": [
        53.284196227901944,
        52.15664853588254,
        56.46294062461217
    ],
    "mean_smape": 53.96792846279889,
    "hyperparameters": {
        "input_chunk_length": 144,
        "hidden_size": 216,
        "dropout": 0.30000000000000004,
        "batch_size": 80,
        "lr": 2.085209943151151e-06,
        "weight_decay": 0.0016697193246129284,
        "num_encoder_layers": 1,
        "num_decoder_layers": 4,
        "temporal_width_past": 1,
        "temporal_width_future": 4,
        "use_reversible_instance_norm": true,
        "temporal_hidden_size_past": 48,
        "temporal_hidden_size_future": 144
    },
    "metrics_per_fold": [
        {
            "Temperature": {
                "MSE": 11.596877188984733,
                "RMSE": 3.4054187978844443,
                "MAE": 2.064665489447652,
                "R2": 0.38535201502666383,
                "SMAPE": 13.281251246331173,
                "WAPE": 12.987411162491554
            },
            "Precipitation_accumulated": {
                "MSE": 5889.313540893693,
                "RMSE": 76.74186302725322,
                "MAE": 18.131319644364186,
                "R2": 0.5663239052104585,
                "SMAPE": 7.478523914033919,
                "WAPE": 4.271484684893745
            },
            "Humidity": {
                "MSE": 45.07662232201581,
                "RMSE": 6.713912594159669,
                "MAE": 4.805546294866689,
                "R2": 0.3452271631868675,
                "SMAPE": 5.8380800907472565,
                "WAPE": 5.661289906333288
            },
            "Wind_Speed_kmh": {
                "MSE": 0.04701835450243987,
                "RMSE": 0.21683716125802763,
                "MAE": 0.08989667173547868,
                "R2": 0.6644890507096136,
                "SMAPE": 172.9232473932678,
                "WAPE": 60.02381917028166
            },
            "Soil_Moisture": {
                "MSE": 167645.003873451,
                "RMSE": 409.44475069714963,
                "MAE": 177.78531116604518,
                "R2": 0.7190807525653047,
                "SMAPE": 2.4353465785079877,
                "WAPE": 2.6581028428886353
            },
            "Soil_Temperature": {
                "MSE": 11.312857486831723,
                "RMSE": 3.363459154922462,
                "MAE": 2.2534740418007075,
                "R2": 0.41893246985207555,
                "SMAPE": 14.769079540597781,
                "WAPE": 14.38411216741813
            },
            "Wind_Dir_Sin": {
                "MSE": 0.09877651938519802,
                "RMSE": 0.3142873197970259,
                "MAE": 0.13191222213214782,
                "R2": -0.014899908117199656,
                "SMAPE": 183.04908526921324,
                "WAPE": 107.38229931391824
            },
            "Wind_Dir_Cos": {
                "MSE": 0.11804381169388561,
                "RMSE": 0.34357504521412147,
                "MAE": 0.13684587392439906,
                "R2": 0.6289406789324142,
                "SMAPE": 26.498955790516384,
                "WAPE": 14.752012662934792
            }
        },
        {
            "Temperature": {
                "MSE": 0.7430124240811257,
                "RMSE": 0.861981684307228,
                "MAE": 0.6210129308449889,
                "R2": 0.7159898884412632,
                "SMAPE": 8.108102354056054,
                "WAPE": 7.534465881601563
            },
            "Precipitation_accumulated": {
                "MSE": 0.0640136183450761,
                "RMSE": 0.2530091269995533,
                "MAE": 0.21428076681584324,
                "R2": 0.7254299987636382,
                "SMAPE": 0.0467080800423174,
                "WAPE": 0.04671950212220037
            },
            "Humidity": {
                "MSE": 12.79514617267549,
                "RMSE": 3.5770303566891197,
                "MAE": 2.602425989204292,
                "R2": 0.6656849422133324,
                "SMAPE": 3.013245899238568,
                "WAPE": 2.978873692897466
            },
            "Wind_Speed_kmh": {
                "MSE": 0.001250320341824328,
                "RMSE": 0.03535986908664013,
                "MAE": 0.009722461158832501,
                "R2": -0.13812827415265816,
                "SMAPE": 195.57065213638464,
                "WAPE": 112.77279522094472
            },
            "Soil_Moisture": {
                "MSE": 16446.495638528442,
                "RMSE": 128.243891232793,
                "MAE": 78.27652539695752,
                "R2": 0.4742394947002435,
                "SMAPE": 1.3444554679633252,
                "WAPE": 1.3385677181169882
            },
            "Soil_Temperature": {
                "MSE": 0.27050680508856917,
                "RMSE": 0.5201026870614774,
                "MAE": 0.39647165463199463,
                "R2": 0.8427501535278659,
                "SMAPE": 4.63907142221156,
                "WAPE": 4.4598192759166615
            },
            "Wind_Dir_Sin": {
                "MSE": 0.038044391583308475,
                "RMSE": 0.19504971567092447,
                "MAE": 0.05583636282586379,
                "R2": -0.20909503214091796,
                "SMAPE": 194.2054701003972,
                "WAPE": 136.02002170757518
            },
            "Wind_Dir_Cos": {
                "MSE": 0.05981958599836032,
                "RMSE": 0.24458042848592837,
                "MAE": 0.06458343899335589,
                "R2": -0.258592983045389,
                "SMAPE": 10.325482826766466,
                "WAPE": 6.6410991400225425
            }
        },
        {
            "Temperature": {
                "MSE": 17.01888920071913,
                "RMSE": 4.125395641719607,
                "MAE": 3.1969064882420897,
                "R2": 0.4062571142073108,
                "SMAPE": 48.7884767479691,
                "WAPE": 38.28329531605751
            },
            "Precipitation_accumulated": {
                "MSE": 0.12452728205913426,
                "RMSE": 0.352884233225479,
                "MAE": 0.2656290083670629,
                "R2": 0.97221754740888,
                "SMAPE": 0.057244710547514156,
                "WAPE": 0.05725225491146047
            },
            "Humidity": {
                "MSE": 156.29029812497762,
                "RMSE": 12.501611821080417,
                "MAE": 9.825065616401872,
                "R2": -0.08667296566985705,
                "SMAPE": 11.456745143315567,
                "WAPE": 11.20453366397065
            },
            "Wind_Speed_kmh": {
                "MSE": 1.6648853849186873,
                "RMSE": 1.290304376850163,
                "MAE": 1.0159764207311006,
                "R2": -0.20423805814070994,
                "SMAPE": 88.64598665661411,
                "WAPE": 72.07976735968747
            },
            "Soil_Moisture": {
                "MSE": 372585.9595186796,
                "RMSE": 610.3981975060867,
                "MAE": 209.81253041948688,
                "R2": 0.11692357110794604,
                "SMAPE": 2.808589645952952,
                "WAPE": 2.493455490283464
            },
            "Soil_Temperature": {
                "MSE": 5.35494871723539,
                "RMSE": 2.31407621249504,
                "MAE": 1.7810606330880534,
                "R2": 0.6892447050482978,
                "SMAPE": 33.094152159791285,
                "WAPE": 25.592492490855612
            },
            "Wind_Dir_Sin": {
                "MSE": 0.7105802465504475,
                "RMSE": 0.8429592199806866,
                "MAE": 0.6933830833485763,
                "R2": -0.31656963531275784,
                "SMAPE": 130.65850164774068,
                "WAPE": 99.30267616633932
            },
            "Wind_Dir_Cos": {
                "MSE": 0.4934688898867044,
                "RMSE": 0.7024734086687584,
                "MAE": 0.5836460240606852,
                "R2": -0.25309794201182,
                "SMAPE": 136.1938282849661,
                "WAPE": 101.89285478920881
            }
        }
    ]
}