{
    "trial_number": 73,
    "fold_smape": [
        48.628533811810655,
        50.99541768841081,
        52.62529642953642
    ],
    "mean_smape": 50.74974930991929,
    "hyperparameters": {
        "input_chunk_length": 24,
        "hidden_size": 104,
        "dropout": 0.45000000000000007,
        "batch_size": 64,
        "lr": 0.0019236722208631487,
        "weight_decay": 0.0015992894560815313,
        "num_encoder_layers": 3,
        "num_decoder_layers": 2,
        "temporal_width_past": 3,
        "temporal_width_future": 1,
        "use_reversible_instance_norm": true,
        "temporal_hidden_size_past": 24,
        "temporal_hidden_size_future": 156
    },
    "metrics_per_fold": [
        {
            "Temperature": {
                "MSE": 4.9490444513456415,
                "RMSE": 2.2246447921737174,
                "MAE": 1.3275670947955265,
                "R2": 0.7681232177506445,
                "SMAPE": 9.693354662004252,
                "WAPE": 8.41104909554068
            },
            "Precipitation_accumulated": {
                "MSE": 1808.627590754891,
                "RMSE": 42.52796245712803,
                "MAE": 5.286794110868248,
                "R2": 0.9193465986027352,
                "SMAPE": 3.0747839690570014,
                "WAPE": 1.3221814417323798
            },
            "Humidity": {
                "MSE": 22.207731371438094,
                "RMSE": 4.71250797043762,
                "MAE": 3.3982095603145868,
                "R2": 0.7162932974107775,
                "SMAPE": 4.188240261439027,
                "WAPE": 4.018633064733009
            },
            "Wind_Speed_kmh": {
                "MSE": 0.0444868737530201,
                "RMSE": 0.2109191166135021,
                "MAE": 0.08483896373867111,
                "R2": 0.7776147867766711,
                "SMAPE": 164.58815905088562,
                "WAPE": 40.85369681267383
            },
            "Soil_Moisture": {
                "MSE": 74919.28348794299,
                "RMSE": 273.7138715665375,
                "MAE": 101.85500603350862,
                "R2": 0.922549764060624,
                "SMAPE": 1.4037638169685425,
                "WAPE": 1.487353183316331
            },
            "Soil_Temperature": {
                "MSE": 5.162551683891286,
                "RMSE": 2.2721249269992367,
                "MAE": 1.328392897674322,
                "R2": 0.7632423124237804,
                "SMAPE": 9.898497236634618,
                "WAPE": 8.546886086952856
            },
            "Wind_Dir_Sin": {
                "MSE": 0.06799810660073043,
                "RMSE": 0.2607644657554599,
                "MAE": 0.09772139761929925,
                "R2": 0.40485127990489855,
                "SMAPE": 172.04126830033408,
                "WAPE": 66.29614126486818
            },
            "Wind_Dir_Cos": {
                "MSE": 0.10590327834343004,
                "RMSE": 0.3254278389189069,
                "MAE": 0.12177873745109948,
                "R2": 0.7493464783189905,
                "SMAPE": 24.140203197160744,
                "WAPE": 13.27250072060674
            }
        },
        {
            "Temperature": {
                "MSE": 0.46675062295994046,
                "RMSE": 0.6831914980149713,
                "MAE": 0.46348617943684944,
                "R2": 0.8291145746172441,
                "SMAPE": 5.761791711078912,
                "WAPE": 5.538144280764774
            },
            "Precipitation_accumulated": {
                "MSE": 0.017666345164229873,
                "RMSE": 0.1329148041575124,
                "MAE": 0.0959557235824586,
                "R2": 0.9235567661235363,
                "SMAPE": 0.020919933922674355,
                "WAPE": 0.020922405779540028
            },
            "Humidity": {
                "MSE": 5.233597027898529,
                "RMSE": 2.2877056252714265,
                "MAE": 1.721598721612912,
                "R2": 0.8591194230661908,
                "SMAPE": 1.987576258816278,
                "WAPE": 1.9650847964858604
            },
            "Wind_Speed_kmh": {
                "MSE": 0.0012220577221237945,
                "RMSE": 0.034957942189491,
                "MAE": 0.011341892320695416,
                "R2": -0.18225339210894576,
                "SMAPE": 195.2169683613667,
                "WAPE": 139.82226040395108
            },
            "Soil_Moisture": {
                "MSE": 10958.952995104664,
                "RMSE": 104.6850180068985,
                "MAE": 51.765752788063764,
                "R2": 0.7102990611818937,
                "SMAPE": 0.8847399335922216,
                "WAPE": 0.8819372160494509
            },
            "Soil_Temperature": {
                "MSE": 0.10506285853524018,
                "RMSE": 0.3241340132340946,
                "MAE": 0.2367442076854611,
                "R2": 0.9408081677756486,
                "SMAPE": 2.677234825660751,
                "WAPE": 2.6348746852211713
            },
            "Wind_Dir_Sin": {
                "MSE": 0.0265348494708142,
                "RMSE": 0.162895210091685,
                "MAE": 0.03799204310907912,
                "R2": 0.10621332548281548,
                "SMAPE": 192.4965075125891,
                "WAPE": 98.36510031732567
            },
            "Wind_Dir_Cos": {
                "MSE": 0.048654334834658544,
                "RMSE": 0.2205772763333942,
                "MAE": 0.045636980080938576,
                "R2": -0.08571348379853516,
                "SMAPE": 8.917602970259765,
                "WAPE": 4.685002542809756
            }
        },
        {
            "Temperature": {
                "MSE": 9.420796720817155,
                "RMSE": 3.069331640735024,
                "MAE": 2.350724289923301,
                "R2": 0.6582259393058217,
                "SMAPE": 38.138823100833015,
                "WAPE": 28.77053902787798
            },
            "Precipitation_accumulated": {
                "MSE": 0.044119134191702665,
                "RMSE": 0.21004555265870942,
                "MAE": 0.12040994624196447,
                "R2": 0.9909265832380301,
                "SMAPE": 0.025958337976110843,
                "WAPE": 0.025963774303942526
            },
            "Humidity": {
                "MSE": 88.77317207373166,
                "RMSE": 9.421951606420597,
                "MAE": 6.6414403393997965,
                "R2": 0.38108090326869926,
                "SMAPE": 7.846522090770352,
                "WAPE": 7.635769661395527
            },
            "Wind_Speed_kmh": {
                "MSE": 1.5141118587763698,
                "RMSE": 1.2304925269079734,
                "MAE": 0.90553700068385,
                "R2": -0.07619951389269963,
                "SMAPE": 88.08768687692343,
                "WAPE": 68.03227578432444
            },
            "Soil_Moisture": {
                "MSE": 152233.80779079295,
                "RMSE": 390.17151073700006,
                "MAE": 109.04694325016713,
                "R2": 0.8057322381413956,
                "SMAPE": 1.4471710348919533,
                "WAPE": 1.320342251398389
            },
            "Soil_Temperature": {
                "MSE": 2.8187487816898993,
                "RMSE": 1.678912976211066,
                "MAE": 1.222617560313272,
                "R2": 0.8266530242816613,
                "SMAPE": 25.180659666037435,
                "WAPE": 17.6964706648707
            },
            "Wind_Dir_Sin": {
                "MSE": 0.6671341284359255,
                "RMSE": 0.8167827914665718,
                "MAE": 0.6824108487030224,
                "R2": -0.29928325602010264,
                "SMAPE": 134.53269776820562,
                "WAPE": 101.87783107925065
            },
            "Wind_Dir_Cos": {
                "MSE": 0.48212586435882787,
                "RMSE": 0.6943528385185934,
                "MAE": 0.5641589373401991,
                "R2": -0.10214596591702518,
                "SMAPE": 125.7428525606535,
                "WAPE": 95.29420284720568
            }
        }
    ]
}