{
    "trial_number": 2,
    "fold_smape": [
        138.76609908997068,
        159.88336479273516,
        145.1206704290533
    ],
    "mean_smape": 147.9233781039197,
    "hyperparameters": {
        "input_chunk_length": 96,
        "hidden_size": 168,
        "dropout": 0.4,
        "batch_size": 192,
        "lr": 1.6720804085773264e-06,
        "weight_decay": 0.005372560507748014,
        "num_encoder_layers": 2,
        "num_decoder_layers": 4,
        "temporal_width_past": 4,
        "temporal_width_future": 1,
        "use_reversible_instance_norm": false,
        "temporal_hidden_size_past": 120,
        "temporal_hidden_size_future": 72
    },
    "metrics_per_fold": [
        {
            "Temperature": {
                "MSE": 297.38585803173356,
                "RMSE": 17.244879182868566,
                "MAE": 15.994300168147175,
                "R2": -14.055346241075563,
                "SMAPE": 173.72272817696944,
                "WAPE": 100.38226365804125
            },
            "Precipitation_accumulated": {
                "MSE": 410187.14505332505,
                "RMSE": 640.4585428061093,
                "MAE": 608.123518723546,
                "R2": -22.581771672349852,
                "SMAPE": 199.37579810137683,
                "WAPE": 146.79593428464173
            },
            "Humidity": {
                "MSE": 2618.767565518072,
                "RMSE": 51.17389535220152,
                "MAE": 49.15677976360671,
                "R2": -34.094292523037325,
                "SMAPE": 58.01782355735622,
                "WAPE": 58.057996067200875
            },
            "Wind_Speed_kmh": {
                "MSE": 296.19787804575986,
                "RMSE": 17.21040028720308,
                "MAE": 16.178920072300436,
                "R2": -1825.1676476997657,
                "SMAPE": 180.68545056551343,
                "WAPE": 9354.352679457987
            },
            "Soil_Moisture": {
                "MSE": 6154192.469579997,
                "RMSE": 2480.764492969858,
                "MAE": 2388.763458427113,
                "R2": -7.1783883322103765,
                "SMAPE": 31.806053526493727,
                "WAPE": 35.368955484230014
            },
            "Soil_Temperature": {
                "MSE": 515.8975159821277,
                "RMSE": 22.713377467521816,
                "MAE": 21.74706553902395,
                "R2": -24.436987348047058,
                "SMAPE": 95.86514632426197,
                "WAPE": 138.6145898200789
            },
            "Wind_Dir_Sin": {
                "MSE": 2.073283584984622,
                "RMSE": 1.4398901294837123,
                "MAE": 1.3684456775661755,
                "R2": -19.145098715846316,
                "SMAPE": 188.83032846625113,
                "WAPE": 1039.2829022901938
            },
            "Wind_Dir_Cos": {
                "MSE": 24.78689689856736,
                "RMSE": 4.978644082334804,
                "MAE": 4.6866155554646705,
                "R2": -66.09141949826484,
                "SMAPE": 181.8254640015425,
                "WAPE": 506.9105145628757
            }
        },
        {
            "Temperature": {
                "MSE": 23.982369360831562,
                "RMSE": 4.897179735401955,
                "MAE": 4.518496470730879,
                "R2": -8.086344753520882,
                "SMAPE": 72.28089334769456,
                "WAPE": 54.51385473647002
            },
            "Precipitation_accumulated": {
                "MSE": 437646.42346836405,
                "RMSE": 661.5485042446729,
                "MAE": 661.5477732214423,
                "R2": -1882546.9166501248,
                "SMAPE": 200.0,
                "WAPE": 144.24039166431092
            },
            "Humidity": {
                "MSE": 8348.302785497946,
                "RMSE": 91.36904719596208,
                "MAE": 90.98647945994423,
                "R2": -221.3659826201465,
                "SMAPE": 198.78677183472328,
                "WAPE": 104.06925314428725
            },
            "Wind_Speed_kmh": {
                "MSE": 2.013493712940106,
                "RMSE": 1.4189762904784935,
                "MAE": 1.4183443681198908,
                "R2": -1877.8573874918154,
                "SMAPE": 198.84140796413163,
                "WAPE": 16865.108404614286
            },
            "Soil_Moisture": {
                "MSE": 521087.88422263984,
                "RMSE": 721.8641729734478,
                "MAE": 678.5282666701647,
                "R2": -15.048989314403581,
                "SMAPE": 10.98731562802011,
                "WAPE": 11.589287199781065
            },
            "Soil_Temperature": {
                "MSE": 134.38598999365166,
                "RMSE": 11.592497142274897,
                "MAE": 11.462006541009849,
                "R2": -76.93744734566494,
                "SMAPE": 200.0,
                "WAPE": 128.44810095373936
            },
            "Wind_Dir_Sin": {
                "MSE": 1.4439499910206124,
                "RMSE": 1.2016447024893058,
                "MAE": 1.1845946086644181,
                "R2": -45.98907460218583,
                "SMAPE": 199.71512095509445,
                "WAPE": 2958.249441118246
            },
            "Wind_Dir_Cos": {
                "MSE": 5.4770868982482925,
                "RMSE": 2.340317691735097,
                "MAE": 2.328023796207933,
                "R2": -117.03012635046953,
                "SMAPE": 198.45540861221707,
                "WAPE": 239.22416220735207
            }
        },
        {
            "Temperature": {
                "MSE": 82.37779021960388,
                "RMSE": 9.076221142061485,
                "MAE": 6.650636733234289,
                "R2": -1.9205682299910287,
                "SMAPE": 103.02699515262988,
                "WAPE": 80.33807449891289
            },
            "Precipitation_accumulated": {
                "MSE": 445865.83502764045,
                "RMSE": 667.7318586286268,
                "MAE": 667.7213945676966,
                "R2": -96303.1922901028,
                "SMAPE": 200.0,
                "WAPE": 143.94204652555288
            },
            "Humidity": {
                "MSE": 8727.712562530403,
                "RMSE": 93.4222273472989,
                "MAE": 92.17708044562099,
                "R2": -59.957342122672465,
                "SMAPE": 195.59915803483383,
                "WAPE": 105.44192879251729
            },
            "Wind_Speed_kmh": {
                "MSE": 2.7749646286516643,
                "RMSE": 1.6658225081477511,
                "MAE": 1.326141516488559,
                "R2": -0.9925270178339427,
                "SMAPE": 126.24766850971865,
                "WAPE": 96.26669533337069
            },
            "Soil_Moisture": {
                "MSE": 17718572.826017693,
                "RMSE": 4209.343514850943,
                "MAE": 4056.4643840477434,
                "R2": -29.799048583087327,
                "SMAPE": 63.75476841358424,
                "WAPE": 48.57724514842261
            },
            "Soil_Temperature": {
                "MSE": 132.84923521423494,
                "RMSE": 11.52602425879084,
                "MAE": 9.975467949677745,
                "R2": -6.8932894129800655,
                "SMAPE": 197.5353766463364,
                "WAPE": 143.77315620082425
            },
            "Wind_Dir_Sin": {
                "MSE": 3.0056568479002728,
                "RMSE": 1.7336830298241581,
                "MAE": 1.5270257420414044,
                "R2": -4.657164048672237,
                "SMAPE": 153.97041021182778,
                "WAPE": 221.06795720586737
            },
            "Wind_Dir_Cos": {
                "MSE": 1.2717256525115062,
                "RMSE": 1.1277081415470522,
                "MAE": 0.8962511296042295,
                "R2": -2.127006031910016,
                "SMAPE": 120.83098646349607,
                "WAPE": 155.23593948627482
            }
        }
    ]
}