{
    "trial_number": 3,
    "input_chunk_length": 56,
    "output_chunk_length": 16,
    "hidden_size": 256,
    "temporal_width_past": 4,
    "temporal_width_future": 3,
    "use_reversible_instance_norm": true,
    "num_encoder_layers": 2,
    "num_decoder_layers": 3,
    "dropout": 0.11598125373801788,
    "batch_size": 206,
    "lr": 0.0009917179505142609,
    "loss_function": "huber",
    "optimizer": "AdamW",
    "overall_mae_val": 0.1244716924460133,
    "metrics": {
        "MSE": {
            "Temperature": 11.190497520012917,
            "Precipitation_accumulated": 0.4482209065353816,
            "Humidity": 106.59913687040435,
            "Wind_Speed_kmh": 1.5949235441231915,
            "Soil_Moisture": 14488.259633733003,
            "Soil_Temperature": 3.3173442623383202,
            "Wind_Dir_Sin": 0.7547289500836668,
            "Wind_Dir_Cos": 0.4647901508857147
        },
        "RMSE": {
            "Temperature": 3.3452201003839668,
            "Precipitation_accumulated": 0.669493022021426,
            "Humidity": 10.32468580008149,
            "Wind_Speed_kmh": 1.2629028244972735,
            "Soil_Moisture": 120.3671866985891,
            "Soil_Temperature": 1.8213578073344951,
            "Wind_Dir_Sin": 0.8687513741477862,
            "Wind_Dir_Cos": 0.68175519864957
        },
        "MAE": {
            "Temperature": 2.676580088182482,
            "Precipitation_accumulated": 0.5125593156116773,
            "Humidity": 7.772194730760175,
            "Wind_Speed_kmh": 0.9970604962347054,
            "Soil_Moisture": 54.11232942019265,
            "Soil_Temperature": 1.4465809763794393,
            "Wind_Dir_Sin": 0.7559555556265039,
            "Wind_Dir_Cos": 0.5633275661425236
        },
        "R2": {
            "Temperature": 0.6327096723883907,
            "Precipitation_accumulated": 0.8599392150846146,
            "Humidity": 0.27510978934808317,
            "Wind_Speed_kmh": -0.18085704270887515,
            "Soil_Moisture": 0.6954446688387029,
            "Soil_Temperature": 0.7927681481058513,
            "Wind_Dir_Sin": -0.3783411364616336,
            "Wind_Dir_Cos": -0.26288125999680667
        },
        "SMAPE": {
            "Temperature": 44.3162252613049,
            "Precipitation_accumulated": 0.11035199495919902,
            "Humidity": 9.132022430842166,
            "Wind_Speed_kmh": 80.54552979410332,
            "Soil_Moisture": 0.6381905011182617,
            "Soil_Temperature": 23.702898542130217,
            "Wind_Dir_Sin": 150.07190633215092,
            "Wind_Dir_Cos": 133.65603592865412
        }
    }
}