{
    "trial_number": 21,
    "fold_smape": [
        49.32600007746996,
        51.04768169934294,
        55.42621577441771
    ],
    "mean_smape": 51.93329918374354,
    "hyperparameters": {
        "input_chunk_length": 72,
        "hidden_size": 48,
        "dropout": 0.25,
        "batch_size": 120,
        "lr": 0.0013645428600587246,
        "weight_decay": 0.0001994915444611346,
        "num_encoder_layers": 4,
        "num_decoder_layers": 2,
        "temporal_width_past": 2,
        "temporal_width_future": 1,
        "use_reversible_instance_norm": true,
        "temporal_hidden_size_past": 108,
        "temporal_hidden_size_future": 120
    },
    "metrics_per_fold": [
        {
            "Temperature": {
                "MSE": 5.471160557449757,
                "RMSE": 2.339051208813043,
                "MAE": 1.4089771906703,
                "R2": 0.7267161818755288,
                "SMAPE": 9.632100481853788,
                "WAPE": 8.84642474862925
            },
            "Precipitation_accumulated": {
                "MSE": 2212.7996064133213,
                "RMSE": 47.04040397799876,
                "MAE": 7.394245177202705,
                "R2": 0.8844954515106505,
                "SMAPE": 3.578855684348477,
                "WAPE": 1.8063579238503253
            },
            "Humidity": {
                "MSE": 27.05164065699155,
                "RMSE": 5.201119173504059,
                "MAE": 3.707810361619362,
                "R2": 0.6481231124559985,
                "SMAPE": 4.566048733201374,
                "WAPE": 4.383424639889983
            },
            "Wind_Speed_kmh": {
                "MSE": 0.033214527912237266,
                "RMSE": 0.18224853336100477,
                "MAE": 0.07827693279477997,
                "R2": 0.808875920918003,
                "SMAPE": 167.16929612268285,
                "WAPE": 42.30079356658315
            },
            "Soil_Moisture": {
                "MSE": 99549.44244641453,
                "RMSE": 315.5145677245577,
                "MAE": 117.6304222494914,
                "R2": 0.8795194479127993,
                "SMAPE": 1.609926892751201,
                "WAPE": 1.7335006919661258
            },
            "Soil_Temperature": {
                "MSE": 5.388635314438002,
                "RMSE": 2.32134342880109,
                "MAE": 1.3881355370166968,
                "R2": 0.7383930151112374,
                "SMAPE": 9.83973709928299,
                "WAPE": 8.854426973469689
            },
            "Wind_Dir_Sin": {
                "MSE": 0.06028376739399995,
                "RMSE": 0.2455275287905614,
                "MAE": 0.09117009747932123,
                "R2": 0.44190095174449706,
                "SMAPE": 173.86200895639118,
                "WAPE": 66.10194196542928
            },
            "Wind_Dir_Cos": {
                "MSE": 0.10144178116215047,
                "RMSE": 0.31849926398996664,
                "MAE": 0.12072317814832909,
                "R2": 0.7378013452466442,
                "SMAPE": 24.35002664924788,
                "WAPE": 13.100625221156003
            }
        },
        {
            "Temperature": {
                "MSE": 0.4378913795966311,
                "RMSE": 0.6617336167950296,
                "MAE": 0.45465680393759245,
                "R2": 0.8353601023846121,
                "SMAPE": 5.6887942385345935,
                "WAPE": 5.469410867716775
            },
            "Precipitation_accumulated": {
                "MSE": 0.04537388175645854,
                "RMSE": 0.21301145921395528,
                "MAE": 0.19923073543196318,
                "R2": 0.8044770183738438,
                "SMAPE": 0.04343065513352849,
                "WAPE": 0.04343973417357573
            },
            "Humidity": {
                "MSE": 5.17726149679922,
                "RMSE": 2.275359641199435,
                "MAE": 1.7074050135966414,
                "R2": 0.8614341895036266,
                "SMAPE": 1.974468585915563,
                "WAPE": 1.9516598381626178
            },
            "Wind_Speed_kmh": {
                "MSE": 0.0012792800455864802,
                "RMSE": 0.035767024555957684,
                "MAE": 0.010664727414939944,
                "R2": -0.20836289860029567,
                "SMAPE": 195.23669912918083,
                "WAPE": 128.36545684793532
            },
            "Soil_Moisture": {
                "MSE": 10465.327260092205,
                "RMSE": 102.30018211172552,
                "MAE": 50.519022176093856,
                "R2": 0.6832417214640789,
                "SMAPE": 0.8653236447369836,
                "WAPE": 0.8623609003713836
            },
            "Soil_Temperature": {
                "MSE": 0.09818069213374522,
                "RMSE": 0.3133379838668546,
                "MAE": 0.23068920145174213,
                "R2": 0.9433722765944068,
                "SMAPE": 2.62585293350891,
                "WAPE": 2.580091131211449
            },
            "Wind_Dir_Sin": {
                "MSE": 0.025927347358387746,
                "RMSE": 0.16101971108652427,
                "MAE": 0.03776184671141732,
                "R2": 0.14640675086423882,
                "SMAPE": 192.6211684684512,
                "WAPE": 95.4573177597512
            },
            "Wind_Dir_Cos": {
                "MSE": 0.04757008915194091,
                "RMSE": 0.21810568344713283,
                "MAE": 0.047538583943354626,
                "R2": -0.03725648837545115,
                "SMAPE": 9.325715939281983,
                "WAPE": 4.883360974546347
            }
        },
        {
            "Temperature": {
                "MSE": 11.060024405290902,
                "RMSE": 3.325661498903775,
                "MAE": 2.5513618225618955,
                "R2": 0.605036930234816,
                "SMAPE": 40.820624280822166,
                "WAPE": 30.963939976485648
            },
            "Precipitation_accumulated": {
                "MSE": 0.058668988866162404,
                "RMSE": 0.24221682201317563,
                "MAE": 0.16908628269013615,
                "R2": 0.9875309226562708,
                "SMAPE": 0.036441641180181256,
                "WAPE": 0.0364534249975211
            },
            "Humidity": {
                "MSE": 101.83354247950165,
                "RMSE": 10.091260698223074,
                "MAE": 7.341490210117004,
                "R2": 0.28835174535383323,
                "SMAPE": 8.652426228552338,
                "WAPE": 8.411657689222253
            },
            "Wind_Speed_kmh": {
                "MSE": 1.5591549824587867,
                "RMSE": 1.2486612761108542,
                "MAE": 0.943743737540551,
                "R2": -0.11619625842851211,
                "SMAPE": 90.12638603640373,
                "WAPE": 69.30092314258756
            },
            "Soil_Moisture": {
                "MSE": 180562.98693966202,
                "RMSE": 424.9270371954014,
                "MAE": 123.66980245392044,
                "R2": 0.717632680411842,
                "SMAPE": 1.6391220594344513,
                "WAPE": 1.4862341621927635
            },
            "Soil_Temperature": {
                "MSE": 3.5132289892500146,
                "RMSE": 1.874360954899033,
                "MAE": 1.3791690202419855,
                "R2": 0.7888474718720153,
                "SMAPE": 28.463317967495897,
                "WAPE": 19.909590996412437
            },
            "Wind_Dir_Sin": {
                "MSE": 0.6787354691002692,
                "RMSE": 0.8238540338556759,
                "MAE": 0.704026712150613,
                "R2": -0.29229607389579115,
                "SMAPE": 141.83312236604837,
                "WAPE": 102.94792435423125
            },
            "Wind_Dir_Cos": {
                "MSE": 0.5140099510872588,
                "RMSE": 0.7169448731159591,
                "MAE": 0.5897023387250149,
                "R2": -0.23112038180219474,
                "SMAPE": 131.83828561540452,
                "WAPE": 101.26517137277014
            }
        }
    ]
}