{
    "trial_number": 74,
    "fold_smape": [
        48.617808651033755,
        50.998810254164,
        52.94346664005891
    ],
    "mean_smape": 50.85336184841889,
    "hyperparameters": {
        "input_chunk_length": 24,
        "hidden_size": 104,
        "dropout": 0.45000000000000007,
        "batch_size": 80,
        "lr": 0.0017522248073888974,
        "weight_decay": 0.0015235975625444605,
        "num_encoder_layers": 3,
        "num_decoder_layers": 2,
        "temporal_width_past": 3,
        "temporal_width_future": 1,
        "use_reversible_instance_norm": true,
        "temporal_hidden_size_past": 24,
        "temporal_hidden_size_future": 156
    },
    "metrics_per_fold": [
        {
            "Temperature": {
                "MSE": 4.797203152897351,
                "RMSE": 2.1902518469110697,
                "MAE": 1.3166884642442573,
                "R2": 0.7752374136409603,
                "SMAPE": 9.551882021228124,
                "WAPE": 8.342125501382851
            },
            "Precipitation_accumulated": {
                "MSE": 1821.1563871113513,
                "RMSE": 42.67500892924747,
                "MAE": 5.430169933810251,
                "R2": 0.9187878931806087,
                "SMAPE": 3.1139064328182324,
                "WAPE": 1.3580384939102432
            },
            "Humidity": {
                "MSE": 22.095787530920507,
                "RMSE": 4.700615654456393,
                "MAE": 3.398597709541472,
                "R2": 0.7177233947645876,
                "SMAPE": 4.187808796400579,
                "WAPE": 4.01909207977888
            },
            "Wind_Speed_kmh": {
                "MSE": 0.043587778569992346,
                "RMSE": 0.2087768631098579,
                "MAE": 0.08533960434661056,
                "R2": 0.7821092692412233,
                "SMAPE": 164.83417368314736,
                "WAPE": 41.09477731044927
            },
            "Soil_Moisture": {
                "MSE": 76312.06385670339,
                "RMSE": 276.2463825223842,
                "MAE": 101.18235607998493,
                "R2": 0.9211099322422966,
                "SMAPE": 1.3845308730730692,
                "WAPE": 1.4775307102873478
            },
            "Soil_Temperature": {
                "MSE": 4.998429214807611,
                "RMSE": 2.2357167116626404,
                "MAE": 1.3096729699307468,
                "R2": 0.7707690663700502,
                "SMAPE": 9.682218968144275,
                "WAPE": 8.4264419847144
            },
            "Wind_Dir_Sin": {
                "MSE": 0.067764652016728,
                "RMSE": 0.26031644592059106,
                "MAE": 0.09752662958194233,
                "R2": 0.40689457498788073,
                "SMAPE": 172.0261237670551,
                "WAPE": 66.16400675151627
            },
            "Wind_Dir_Cos": {
                "MSE": 0.10611195140716502,
                "RMSE": 0.32574829455756943,
                "MAE": 0.12187531592686272,
                "R2": 0.7488525876753456,
                "SMAPE": 24.161824666402875,
                "WAPE": 13.283026678717263
            }
        },
        {
            "Temperature": {
                "MSE": 0.46645574640647625,
                "RMSE": 0.6829756557934377,
                "MAE": 0.46340919248973467,
                "R2": 0.8292225339916839,
                "SMAPE": 5.761136619768456,
                "WAPE": 5.537224372383957
            },
            "Precipitation_accumulated": {
                "MSE": 0.024356067374468847,
                "RMSE": 0.1560643052541767,
                "MAE": 0.1312620011384209,
                "R2": 0.894609975220724,
                "SMAPE": 0.028618628931704342,
                "WAPE": 0.028620667415346693
            },
            "Humidity": {
                "MSE": 5.239420762586967,
                "RMSE": 2.2889781044359,
                "MAE": 1.7215797278274867,
                "R2": 0.8589626568691674,
                "SMAPE": 1.9874260498167304,
                "WAPE": 1.965063116405306
            },
            "Wind_Speed_kmh": {
                "MSE": 0.0012229802074351839,
                "RMSE": 0.03497113391692045,
                "MAE": 0.011097099016515281,
                "R2": -0.18314583063195222,
                "SMAPE": 195.23645448466135,
                "WAPE": 136.80446124359722
            },
            "Soil_Moisture": {
                "MSE": 10959.397202230037,
                "RMSE": 104.68713962197093,
                "MAE": 51.76233389859841,
                "R2": 0.7102873185253362,
                "SMAPE": 0.8846956212943681,
                "WAPE": 0.8818789681597816
            },
            "Soil_Temperature": {
                "MSE": 0.10483405021142815,
                "RMSE": 0.32378086758088126,
                "MAE": 0.23644378385735973,
                "R2": 0.9409370771171935,
                "SMAPE": 2.6740120210997365,
                "WAPE": 2.6315310801241747
            },
            "Wind_Dir_Sin": {
                "MSE": 0.026535941537803188,
                "RMSE": 0.16289856211091364,
                "MAE": 0.03808275172621742,
                "R2": 0.10617654084141348,
                "SMAPE": 192.50535980718163,
                "WAPE": 98.59995376279154
            },
            "Wind_Dir_Cos": {
                "MSE": 0.04856060145982321,
                "RMSE": 0.2203647010295052,
                "MAE": 0.04551602176896683,
                "R2": -0.08362183894743414,
                "SMAPE": 8.912778800558085,
                "WAPE": 4.672585200598317
            }
        },
        {
            "Temperature": {
                "MSE": 9.765284274964777,
                "RMSE": 3.124945483518837,
                "MAE": 2.395121775534831,
                "R2": 0.6457283858898273,
                "SMAPE": 38.78989095559151,
                "WAPE": 29.31392031593531
            },
            "Precipitation_accumulated": {
                "MSE": 0.045716630593714266,
                "RMSE": 0.21381447704426906,
                "MAE": 0.13902139152025667,
                "R2": 0.9905980466314815,
                "SMAPE": 0.029964580521962624,
                "WAPE": 0.029976925872872852
            },
            "Humidity": {
                "MSE": 90.24666290659013,
                "RMSE": 9.499824361881126,
                "MAE": 6.733562076296108,
                "R2": 0.3708078489887736,
                "SMAPE": 7.953487550108541,
                "WAPE": 7.74168348848736
            },
            "Wind_Speed_kmh": {
                "MSE": 1.5248167986224588,
                "RMSE": 1.2348347252253877,
                "MAE": 0.9120584881164834,
                "R2": -0.08380836458086605,
                "SMAPE": 88.4242127054639,
                "WAPE": 68.52222995649615
            },
            "Soil_Moisture": {
                "MSE": 152891.26949052195,
                "RMSE": 391.01313212029333,
                "MAE": 109.7709617493975,
                "R2": 0.8048932417662302,
                "SMAPE": 1.4569442505230665,
                "WAPE": 1.32910867975333
            },
            "Soil_Temperature": {
                "MSE": 2.940584243445996,
                "RMSE": 1.7148131803336468,
                "MAE": 1.24776323270862,
                "R2": 0.8191604059370052,
                "SMAPE": 25.533693884655836,
                "WAPE": 18.060435381505968
            },
            "Wind_Dir_Sin": {
                "MSE": 0.66808827366478,
                "RMSE": 0.8173666702678669,
                "MAE": 0.684382056699903,
                "R2": -0.30114151040527193,
                "SMAPE": 135.64257244070114,
                "WAPE": 102.17211478782588
            },
            "Wind_Dir_Cos": {
                "MSE": 0.48651831293082215,
                "RMSE": 0.6975086472086365,
                "MAE": 0.5663004625022631,
                "R2": -0.11218716020258723,
                "SMAPE": 125.71696675290511,
                "WAPE": 95.65593589739586
            }
        }
    ]
}