{
    "trial_number": 52,
    "fold_smape": [
        48.78986103160196,
        51.03440402679349,
        53.4690788262935
    ],
    "mean_smape": 51.097781294896315,
    "hyperparameters": {
        "input_chunk_length": 36,
        "hidden_size": 128,
        "dropout": 0.4,
        "batch_size": 88,
        "lr": 0.0010543984344856612,
        "weight_decay": 0.002158766723301606,
        "num_encoder_layers": 3,
        "num_decoder_layers": 2,
        "temporal_width_past": 3,
        "temporal_width_future": 1,
        "use_reversible_instance_norm": true,
        "temporal_hidden_size_past": 36,
        "temporal_hidden_size_future": 156
    },
    "metrics_per_fold": [
        {
            "Temperature": {
                "MSE": 4.909322532442319,
                "RMSE": 2.2156991069281764,
                "MAE": 1.3195935636694773,
                "R2": 0.7639982152129419,
                "SMAPE": 9.404131454914946,
                "WAPE": 8.328752485656693
            },
            "Precipitation_accumulated": {
                "MSE": 1937.3189542038363,
                "RMSE": 44.01498556405348,
                "MAE": 6.195608272142758,
                "R2": 0.9104659474121284,
                "SMAPE": 3.2754193124363478,
                "WAPE": 1.5404823200686886
            },
            "Humidity": {
                "MSE": 22.841140872698475,
                "RMSE": 4.779240616740119,
                "MAE": 3.4508857758498386,
                "R2": 0.7078807872332257,
                "SMAPE": 4.2560063673868385,
                "WAPE": 4.083556069089631
            },
            "Wind_Speed_kmh": {
                "MSE": 0.04165389361149406,
                "RMSE": 0.2040928553661153,
                "MAE": 0.08265528914922761,
                "R2": 0.7900820873288188,
                "SMAPE": 165.42980062019615,
                "WAPE": 40.47664382370091
            },
            "Soil_Moisture": {
                "MSE": 79039.2423253308,
                "RMSE": 281.1391867480071,
                "MAE": 102.64799549497836,
                "R2": 0.9152261121271535,
                "SMAPE": 1.407854828760699,
                "WAPE": 1.5023364452524575
            },
            "Soil_Temperature": {
                "MSE": 5.070782458639758,
                "RMSE": 2.251839794177143,
                "MAE": 1.3105645506922867,
                "R2": 0.7620511988151394,
                "SMAPE": 9.570417177615433,
                "WAPE": 8.400621354841451
            },
            "Wind_Dir_Sin": {
                "MSE": 0.06891913985310363,
                "RMSE": 0.2625245509530559,
                "MAE": 0.09736516980290641,
                "R2": 0.3853730481927453,
                "SMAPE": 172.65960128317292,
                "WAPE": 67.28580665050386
            },
            "Wind_Dir_Cos": {
                "MSE": 0.10619845926262292,
                "RMSE": 0.3258810507878955,
                "MAE": 0.12110375785196109,
                "R2": 0.7435967946719455,
                "SMAPE": 24.31565720833343,
                "WAPE": 13.17947056283753
            }
        },
        {
            "Temperature": {
                "MSE": 0.46097763763413213,
                "RMSE": 0.6789533398063022,
                "MAE": 0.4642034848747605,
                "R2": 0.8296677241955294,
                "SMAPE": 5.773230821566774,
                "WAPE": 5.557052313733191
            },
            "Precipitation_accumulated": {
                "MSE": 0.02020579283802856,
                "RMSE": 0.1421470817077458,
                "MAE": 0.10901703241082579,
                "R2": 0.9126651998634637,
                "SMAPE": 0.023768277750292062,
                "WAPE": 0.02377019022349634
            },
            "Humidity": {
                "MSE": 5.383805061307374,
                "RMSE": 2.3203027951772532,
                "MAE": 1.7483285196871896,
                "R2": 0.8555451904357716,
                "SMAPE": 2.0191457251677103,
                "WAPE": 1.9961278628486403
            },
            "Wind_Speed_kmh": {
                "MSE": 0.0011646129694118375,
                "RMSE": 0.034126426261943066,
                "MAE": 0.010451980154763483,
                "R2": -0.12002288227298541,
                "SMAPE": 195.13107192978998,
                "WAPE": 128.08978580532366
            },
            "Soil_Moisture": {
                "MSE": 11341.942856036407,
                "RMSE": 106.49855799979832,
                "MAE": 53.709395067143994,
                "R2": 0.6878787446828447,
                "SMAPE": 0.9187602027733528,
                "WAPE": 0.9155478576748773
            },
            "Soil_Temperature": {
                "MSE": 0.10583316891439665,
                "RMSE": 0.3253201022291685,
                "MAE": 0.23803763391318122,
                "R2": 0.9398542683088933,
                "SMAPE": 2.6943787060439557,
                "WAPE": 2.652913422896922
            },
            "Wind_Dir_Sin": {
                "MSE": 0.027508328825049045,
                "RMSE": 0.16585634996902907,
                "MAE": 0.03930501557897744,
                "R2": 0.07865676622961737,
                "SMAPE": 192.4559061758723,
                "WAPE": 101.16295030601496
            },
            "Wind_Dir_Cos": {
                "MSE": 0.05159645811939494,
                "RMSE": 0.22714853756825057,
                "MAE": 0.04798233914046761,
                "R2": -0.1447873915233886,
                "SMAPE": 9.258970375383521,
                "WAPE": 4.926551174763473
            }
        },
        {
            "Temperature": {
                "MSE": 9.826952553813397,
                "RMSE": 3.1347970514553882,
                "MAE": 2.4071781321224313,
                "R2": 0.6447527051231184,
                "SMAPE": 39.43377100687888,
                "WAPE": 29.390428682877072
            },
            "Precipitation_accumulated": {
                "MSE": 0.042881169604294056,
                "RMSE": 0.20707768977920837,
                "MAE": 0.12159719097182593,
                "R2": 0.9911057110584011,
                "SMAPE": 0.02621103658556824,
                "WAPE": 0.026218626281682627
            },
            "Humidity": {
                "MSE": 90.08826291207527,
                "RMSE": 9.491483704462398,
                "MAE": 6.696513723987951,
                "R2": 0.37135036118128417,
                "SMAPE": 7.909394273372349,
                "WAPE": 7.692355516410558
            },
            "Wind_Speed_kmh": {
                "MSE": 1.6018259749722874,
                "RMSE": 1.2656326382376077,
                "MAE": 0.9390962380507755,
                "R2": -0.14104012409685684,
                "SMAPE": 89.96640076316673,
                "WAPE": 70.15526024872034
            },
            "Soil_Moisture": {
                "MSE": 148048.40892304463,
                "RMSE": 384.7705925912798,
                "MAE": 105.25221110096021,
                "R2": 0.8016502673248578,
                "SMAPE": 1.396638238625728,
                "WAPE": 1.2719721512305089
            },
            "Soil_Temperature": {
                "MSE": 2.9293733213323145,
                "RMSE": 1.7115412122798312,
                "MAE": 1.2452125530737113,
                "R2": 0.820874435660494,
                "SMAPE": 25.630793032046707,
                "WAPE": 18.011585875004908
            },
            "Wind_Dir_Sin": {
                "MSE": 0.703320634228402,
                "RMSE": 0.838642137164835,
                "MAE": 0.6954539113002829,
                "R2": -0.36214353337531047,
                "SMAPE": 135.83466156286403,
                "WAPE": 103.31965559469165
            },
            "Wind_Dir_Cos": {
                "MSE": 0.5064266696264607,
                "RMSE": 0.7116366134667754,
                "MAE": 0.5763580555453264,
                "R2": -0.17018695120933502,
                "SMAPE": 127.55476069680813,
                "WAPE": 97.74038395264645
            }
        }
    ]
}