{
    "trial_number": 84,
    "fold_smape": [
        48.61817363236152,
        50.8133886388244,
        52.688572135916665
    ],
    "mean_smape": 50.7067114690342,
    "hyperparameters": {
        "input_chunk_length": 36,
        "hidden_size": 144,
        "dropout": 0.45000000000000007,
        "batch_size": 64,
        "lr": 0.004199891631935404,
        "weight_decay": 0.0006060336563660212,
        "num_encoder_layers": 3,
        "num_decoder_layers": 2,
        "temporal_width_past": 3,
        "temporal_width_future": 1,
        "use_reversible_instance_norm": true,
        "temporal_hidden_size_past": 48,
        "temporal_hidden_size_future": 132
    },
    "metrics_per_fold": [
        {
            "Temperature": {
                "MSE": 4.548760009463584,
                "RMSE": 2.1327822226996322,
                "MAE": 1.2811952013219854,
                "R2": 0.7813312379239132,
                "SMAPE": 9.12809177025033,
                "WAPE": 8.086397214570418
            },
            "Precipitation_accumulated": {
                "MSE": 1902.0612080032645,
                "RMSE": 43.61262670378,
                "MAE": 6.073189723240335,
                "R2": 0.9120953997517145,
                "SMAPE": 3.221694469520033,
                "WAPE": 1.5100440479977164
            },
            "Humidity": {
                "MSE": 22.388508662728874,
                "RMSE": 4.7316496766697425,
                "MAE": 3.428523846815158,
                "R2": 0.7136695771008652,
                "SMAPE": 4.232177722170269,
                "WAPE": 4.057094401866341
            },
            "Wind_Speed_kmh": {
                "MSE": 0.0412731492705807,
                "RMSE": 0.20315794168720233,
                "MAE": 0.0809060568060496,
                "R2": 0.7920008769154865,
                "SMAPE": 165.25835387601194,
                "WAPE": 39.62003736513678
            },
            "Soil_Moisture": {
                "MSE": 79760.84295839263,
                "RMSE": 282.4196221199806,
                "MAE": 102.01598762834693,
                "R2": 0.9144521561863266,
                "SMAPE": 1.3947995619391451,
                "WAPE": 1.4930864988979464
            },
            "Soil_Temperature": {
                "MSE": 4.6040980656565225,
                "RMSE": 2.1457162127496083,
                "MAE": 1.262038517763248,
                "R2": 0.7839505787920579,
                "SMAPE": 9.25379942223682,
                "WAPE": 8.089573090737186
            },
            "Wind_Dir_Sin": {
                "MSE": 0.06872645777293397,
                "RMSE": 0.2621573149331027,
                "MAE": 0.09645778157856669,
                "R2": 0.3870914039333274,
                "SMAPE": 172.57090307016202,
                "WAPE": 66.65874105052127
            },
            "Wind_Dir_Cos": {
                "MSE": 0.10697798918696826,
                "RMSE": 0.3270748984360742,
                "MAE": 0.1205492940821034,
                "R2": 0.7417147149069556,
                "SMAPE": 23.88556916660159,
                "WAPE": 13.119129421797695
            }
        },
        {
            "Temperature": {
                "MSE": 0.4547041530253496,
                "RMSE": 0.6743175461348678,
                "MAE": 0.4548564432313145,
                "R2": 0.8319857908942145,
                "SMAPE": 5.625616466562496,
                "WAPE": 5.445157420472566
            },
            "Precipitation_accumulated": {
                "MSE": 0.04864466766885102,
                "RMSE": 0.22055536191362707,
                "MAE": 0.20976060736718857,
                "R2": 0.7897448339383333,
                "SMAPE": 0.045729388691359577,
                "WAPE": 0.04573642694404391
            },
            "Humidity": {
                "MSE": 5.062591620047766,
                "RMSE": 2.250020359918498,
                "MAE": 1.676931283481974,
                "R2": 0.8641637837834586,
                "SMAPE": 1.933572097465288,
                "WAPE": 1.9146111393525804
            },
            "Wind_Speed_kmh": {
                "MSE": 0.0012625323668812938,
                "RMSE": 0.03553213147112475,
                "MAE": 0.011233073315692817,
                "R2": -0.21419319349625998,
                "SMAPE": 195.01061520611117,
                "WAPE": 137.66213996176012
            },
            "Soil_Moisture": {
                "MSE": 11014.587594980012,
                "RMSE": 104.95040540645859,
                "MAE": 50.824985614979184,
                "R2": 0.696887301357173,
                "SMAPE": 0.8694318081469772,
                "WAPE": 0.8663792738305557
            },
            "Soil_Temperature": {
                "MSE": 0.10058579313346848,
                "RMSE": 0.31715263381133774,
                "MAE": 0.22995660962542375,
                "R2": 0.9428363887446651,
                "SMAPE": 2.593534679434625,
                "WAPE": 2.5628509506259745
            },
            "Wind_Dir_Sin": {
                "MSE": 0.026207133650432066,
                "RMSE": 0.1618861749823995,
                "MAE": 0.03712195092299684,
                "R2": 0.12223801675096335,
                "SMAPE": 192.34111731913583,
                "WAPE": 95.54419508980018
            },
            "Wind_Dir_Cos": {
                "MSE": 0.049996953542137755,
                "RMSE": 0.22359998555934157,
                "MAE": 0.045011799499488275,
                "R2": -0.10929866343103001,
                "SMAPE": 8.087492145047419,
                "WAPE": 4.621553214678495
            }
        },
        {
            "Temperature": {
                "MSE": 8.953671577971315,
                "RMSE": 2.992268633991827,
                "MAE": 2.266475387977442,
                "R2": 0.6763220754478949,
                "SMAPE": 37.85875245024492,
                "WAPE": 27.67251927181398
            },
            "Precipitation_accumulated": {
                "MSE": 0.045154444908891145,
                "RMSE": 0.21249575268435636,
                "MAE": 0.09311166792671624,
                "R2": 0.9906341948290288,
                "SMAPE": 0.020087204371772235,
                "WAPE": 0.02007661529286765
            },
            "Humidity": {
                "MSE": 88.16564766167345,
                "RMSE": 9.389656418723394,
                "MAE": 6.476992166416733,
                "R2": 0.3847666636349355,
                "SMAPE": 7.649412155738205,
                "WAPE": 7.44018880191477
            },
            "Wind_Speed_kmh": {
                "MSE": 1.568795147316206,
                "RMSE": 1.2525155277744888,
                "MAE": 0.9147425388903464,
                "R2": -0.1175110389923597,
                "SMAPE": 89.02371062065647,
                "WAPE": 68.33591518759513
            },
            "Soil_Moisture": {
                "MSE": 146372.10124001323,
                "RMSE": 382.58607036850316,
                "MAE": 105.44052507685366,
                "R2": 0.803896121793874,
                "SMAPE": 1.397528128497543,
                "WAPE": 1.2742479241621978
            },
            "Soil_Temperature": {
                "MSE": 2.6020255044257223,
                "RMSE": 1.6130795096416426,
                "MAE": 1.1801514549114462,
                "R2": 0.840891127289279,
                "SMAPE": 25.07653557244547,
                "WAPE": 17.070498705766912
            },
            "Wind_Dir_Sin": {
                "MSE": 0.6957731696733425,
                "RMSE": 0.834130187484749,
                "MAE": 0.6860421209191809,
                "R2": -0.3475261177376585,
                "SMAPE": 131.67455820654098,
                "WAPE": 101.92139911082667
            },
            "Wind_Dir_Cos": {
                "MSE": 0.4948022120579032,
                "RMSE": 0.7034217881597805,
                "MAE": 0.5719138816527191,
                "R2": -0.14332661904782795,
                "SMAPE": 128.807992748838,
                "WAPE": 96.98672872316452
            }
        }
    ]
}