{
    "trial_number": 71,
    "fold_smape": [
        48.719376407653755,
        51.025287980272296,
        52.82252946433436
    ],
    "mean_smape": 50.8557312840868,
    "hyperparameters": {
        "input_chunk_length": 24,
        "hidden_size": 120,
        "dropout": 0.35,
        "batch_size": 72,
        "lr": 0.0033282476625675793,
        "weight_decay": 0.00264411545351366,
        "num_encoder_layers": 3,
        "num_decoder_layers": 2,
        "temporal_width_past": 3,
        "temporal_width_future": 1,
        "use_reversible_instance_norm": true,
        "temporal_hidden_size_past": 24,
        "temporal_hidden_size_future": 156
    },
    "metrics_per_fold": [
        {
            "Temperature": {
                "MSE": 5.082039126771545,
                "RMSE": 2.2543378466351367,
                "MAE": 1.3450963463591168,
                "R2": 0.7618920396520783,
                "SMAPE": 9.717018512214947,
                "WAPE": 8.522108940340576
            },
            "Precipitation_accumulated": {
                "MSE": 1818.1186388346184,
                "RMSE": 42.639402421171646,
                "MAE": 5.313055289746718,
                "R2": 0.9189233576246765,
                "SMAPE": 3.0891726121500267,
                "WAPE": 1.328749135238686
            },
            "Humidity": {
                "MSE": 22.923777921356415,
                "RMSE": 4.787878227498734,
                "MAE": 3.460015165871051,
                "R2": 0.7071457081239678,
                "SMAPE": 4.267846779544163,
                "WAPE": 4.091722744950394
            },
            "Wind_Speed_kmh": {
                "MSE": 0.043978274559047036,
                "RMSE": 0.20970997725203022,
                "MAE": 0.08799218336647474,
                "R2": 0.7801572207724794,
                "SMAPE": 165.0748298482141,
                "WAPE": 42.3721109113522
            },
            "Soil_Moisture": {
                "MSE": 76819.06932870211,
                "RMSE": 277.16253233202735,
                "MAE": 101.98783300557331,
                "R2": 0.9205857989137234,
                "SMAPE": 1.3976738600513994,
                "WAPE": 1.489292809333983
            },
            "Soil_Temperature": {
                "MSE": 5.34264447598795,
                "RMSE": 2.3114161191762834,
                "MAE": 1.3464574944793566,
                "R2": 0.7549831499752967,
                "SMAPE": 9.876061941589064,
                "WAPE": 8.66311378688235
            },
            "Wind_Dir_Sin": {
                "MSE": 0.06919450873564895,
                "RMSE": 0.26304849122481,
                "MAE": 0.09902648334905753,
                "R2": 0.3943798530533138,
                "SMAPE": 171.91601857211674,
                "WAPE": 67.18153740134066
            },
            "Wind_Dir_Cos": {
                "MSE": 0.10531133796481745,
                "RMSE": 0.3245170842418276,
                "MAE": 0.12197114193135769,
                "R2": 0.750747491987739,
                "SMAPE": 24.416389135350457,
                "WAPE": 13.293470625996838
            }
        },
        {
            "Temperature": {
                "MSE": 0.47119145607825247,
                "RMSE": 0.6864338686852889,
                "MAE": 0.4685410873057611,
                "R2": 0.8274887092854227,
                "SMAPE": 5.842936907468526,
                "WAPE": 5.598544806920745
            },
            "Precipitation_accumulated": {
                "MSE": 0.020560839068379005,
                "RMSE": 0.14339051247686857,
                "MAE": 0.11179949268200044,
                "R2": 0.9110321339819162,
                "SMAPE": 0.024375117821012194,
                "WAPE": 0.024377017487960832
            },
            "Humidity": {
                "MSE": 5.385012774442345,
                "RMSE": 2.3205630296206876,
                "MAE": 1.746100923118205,
                "R2": 0.8550435384277204,
                "SMAPE": 2.016107963568963,
                "WAPE": 1.9930523495828882
            },
            "Wind_Speed_kmh": {
                "MSE": 0.0012199140719421485,
                "RMSE": 0.034927268314916195,
                "MAE": 0.0114997859815935,
                "R2": -0.18017956396411683,
                "SMAPE": 194.99202942991022,
                "WAPE": 141.76876526804162
            },
            "Soil_Moisture": {
                "MSE": 11047.781339914602,
                "RMSE": 105.10842658852144,
                "MAE": 52.267253838016536,
                "R2": 0.7079508756484223,
                "SMAPE": 0.8932156124597564,
                "WAPE": 0.8904813290202799
            },
            "Soil_Temperature": {
                "MSE": 0.10486821549887584,
                "RMSE": 0.32383362317535197,
                "MAE": 0.23715076058879148,
                "R2": 0.9409178285835947,
                "SMAPE": 2.6880260941396075,
                "WAPE": 2.6393994673210637
            },
            "Wind_Dir_Sin": {
                "MSE": 0.027013978071115014,
                "RMSE": 0.16435929566384438,
                "MAE": 0.038835658566233736,
                "R2": 0.09007459596788214,
                "SMAPE": 192.6697268993347,
                "WAPE": 100.54930291032679
            },
            "Wind_Dir_Cos": {
                "MSE": 0.049505718503334795,
                "RMSE": 0.22249880562226573,
                "MAE": 0.046647944312822064,
                "R2": -0.10471197041044578,
                "SMAPE": 9.075885817475834,
                "WAPE": 4.788786140862558
            }
        },
        {
            "Temperature": {
                "MSE": 9.453293185129535,
                "RMSE": 3.0746208197320097,
                "MAE": 2.3574693214590394,
                "R2": 0.6570470105065511,
                "SMAPE": 37.963036012779945,
                "WAPE": 28.853091538980664
            },
            "Precipitation_accumulated": {
                "MSE": 0.050872880805255725,
                "RMSE": 0.22555017358728796,
                "MAE": 0.09393946754947528,
                "R2": 0.9895376267489193,
                "SMAPE": 0.020273009948458976,
                "WAPE": 0.020255993876003225
            },
            "Humidity": {
                "MSE": 88.17153130200192,
                "RMSE": 9.389969717842646,
                "MAE": 6.63101228794092,
                "R2": 0.385275492177682,
                "SMAPE": 7.835948670443373,
                "WAPE": 7.623780364663494
            },
            "Wind_Speed_kmh": {
                "MSE": 1.4906346586254668,
                "RMSE": 1.2209155001987102,
                "MAE": 0.9025848918053542,
                "R2": -0.059512403727416174,
                "SMAPE": 86.5759709880651,
                "WAPE": 67.8104861885205
            },
            "Soil_Moisture": {
                "MSE": 155246.025492537,
                "RMSE": 394.01272250085657,
                "MAE": 110.55221765814997,
                "R2": 0.8018883036064803,
                "SMAPE": 1.4673434896777195,
                "WAPE": 1.3385681396403815
            },
            "Soil_Temperature": {
                "MSE": 2.8562892823174955,
                "RMSE": 1.6900559997578468,
                "MAE": 1.2303882616546808,
                "R2": 0.8243443643922033,
                "SMAPE": 25.26337534541894,
                "WAPE": 17.80894572886248
            },
            "Wind_Dir_Sin": {
                "MSE": 0.660107403240496,
                "RMSE": 0.8124699398996224,
                "MAE": 0.6841406614961093,
                "R2": -0.28559829222956723,
                "SMAPE": 136.68837466311768,
                "WAPE": 102.13607664475974
            },
            "Wind_Dir_Cos": {
                "MSE": 0.4704253074301593,
                "RMSE": 0.6858755772223992,
                "MAE": 0.5598632871800766,
                "R2": -0.07539834134171963,
                "SMAPE": 126.76591353522348,
                "WAPE": 94.56860846125255
            }
        }
    ]
}