{
    "trial_number": 81,
    "input_chunk_length": 28,
    "output_chunk_length": 1,
    "hidden_size": 64,
    "temporal_width_past": 2,
    "temporal_width_future": 4,
    "use_reversible_instance_norm": true,
    "num_encoder_layers": 3,
    "num_decoder_layers": 2,
    "dropout": 0.26148571039941676,
    "batch_size": 98,
    "lr": 0.003934925842663647,
    "loss_function": "huber",
    "optimizer": "AdamW",
    "overall_mae_val": 0.07640936208626925,
    "metrics": {
        "MSE": {
            "Temperature": 1.7242559302479548,
            "Precipitation_accumulated": 0.23091431217239983,
            "Humidity": 13.2385316858087,
            "Wind_Speed_kmh": 0.6023747458545188,
            "Soil_Moisture": 1110.3688280544193,
            "Soil_Temperature": 0.36048721900709496,
            "Wind_Dir_Sin": 0.3701138822066192,
            "Wind_Dir_Cos": 0.3154812604031079
        },
        "RMSE": {
            "Temperature": 1.313109260590281,
            "Precipitation_accumulated": 0.4805354432010191,
            "Humidity": 3.63847930952049,
            "Wind_Speed_kmh": 0.7761280473314431,
            "Soil_Moisture": 33.32219722729009,
            "Soil_Temperature": 0.6004058785580759,
            "Wind_Dir_Sin": 0.6083698564250363,
            "Wind_Dir_Cos": 0.561677185225738
        },
        "MAE": {
            "Temperature": 0.98286079952619,
            "Precipitation_accumulated": 0.44627154773203775,
            "Humidity": 2.5892278025994244,
            "Wind_Speed_kmh": 0.5950116250617499,
            "Soil_Moisture": 14.068916056685154,
            "Soil_Temperature": 0.4408285907283353,
            "Wind_Dir_Sin": 0.4798931579610258,
            "Wind_Dir_Cos": 0.4466249988533959
        },
        "R2": {
            "Temperature": 0.9433953949273604,
            "Precipitation_accumulated": 0.9328213459347697,
            "Humidity": 0.9096611642241794,
            "Wind_Speed_kmh": 0.5537157000283692,
            "Soil_Moisture": 0.980659448419475,
            "Soil_Temperature": 0.9776558246074394,
            "Wind_Dir_Sin": 0.3274422982110071,
            "Wind_Dir_Cos": 0.14046135905635015
        },
        "SMAPE": {
            "Temperature": 18.712534169160925,
            "Precipitation_accumulated": 0.09604167616686012,
            "Humidity": 3.0876194469952454,
            "Wind_Speed_kmh": 59.321779657471176,
            "Soil_Moisture": 0.1641154560917209,
            "Soil_Temperature": 7.223287673956524,
            "Wind_Dir_Sin": 95.3422103826333,
            "Wind_Dir_Cos": 107.8100003110531
        }
    }
}