{
    "trial_number": 28,
    "fold_smape": [
        48.7457557505696,
        50.97381518853274,
        54.663429222209075
    ],
    "mean_smape": 51.461000053770476,
    "hyperparameters": {
        "input_chunk_length": 36,
        "hidden_size": 96,
        "dropout": 0.15000000000000002,
        "batch_size": 168,
        "lr": 0.0009297909455263569,
        "weight_decay": 0.001025978832591666,
        "num_encoder_layers": 4,
        "num_decoder_layers": 2,
        "temporal_width_past": 3,
        "temporal_width_future": 1,
        "use_reversible_instance_norm": true,
        "temporal_hidden_size_past": 120,
        "temporal_hidden_size_future": 156
    },
    "metrics_per_fold": [
        {
            "Temperature": {
                "MSE": 4.85496938636806,
                "RMSE": 2.203399506754973,
                "MAE": 1.3098855434156798,
                "R2": 0.7666110888625237,
                "SMAPE": 9.330258478089984,
                "WAPE": 8.267479302726958
            },
            "Precipitation_accumulated": {
                "MSE": 1928.5608034354666,
                "RMSE": 43.915382310022835,
                "MAE": 6.136059033522501,
                "R2": 0.910870709224718,
                "SMAPE": 3.2581401208525733,
                "WAPE": 1.5256759370246666
            },
            "Humidity": {
                "MSE": 23.21712778179175,
                "RMSE": 4.818415484554206,
                "MAE": 3.4806060458286687,
                "R2": 0.703072227078237,
                "SMAPE": 4.292105957546734,
                "WAPE": 4.118725123277507
            },
            "Wind_Speed_kmh": {
                "MSE": 0.042868657015299017,
                "RMSE": 0.2070474752690769,
                "MAE": 0.08265675737343381,
                "R2": 0.7839601962879844,
                "SMAPE": 165.43557079084684,
                "WAPE": 40.477362819289205
            },
            "Soil_Moisture": {
                "MSE": 78902.18165445628,
                "RMSE": 280.8953215246852,
                "MAE": 102.41423905910972,
                "R2": 0.9153731171540574,
                "SMAPE": 1.4045669148233153,
                "WAPE": 1.4989152307297156
            },
            "Soil_Temperature": {
                "MSE": 5.116684652768064,
                "RMSE": 2.2620089860051538,
                "MAE": 1.3157317382786944,
                "R2": 0.7598972172247883,
                "SMAPE": 9.602420871264385,
                "WAPE": 8.433742643189987
            },
            "Wind_Dir_Sin": {
                "MSE": 0.07060497457819018,
                "RMSE": 0.2657159659828332,
                "MAE": 0.09879595490817845,
                "R2": 0.3703386258169109,
                "SMAPE": 172.77195532314542,
                "WAPE": 68.27457429859233
            },
            "Wind_Dir_Cos": {
                "MSE": 0.10664938901335796,
                "RMSE": 0.32657218040328845,
                "MAE": 0.12075893152246917,
                "R2": 0.7425080798801393,
                "SMAPE": 23.871027547987534,
                "WAPE": 13.141943829237855
            }
        },
        {
            "Temperature": {
                "MSE": 0.45775147938317956,
                "RMSE": 0.6765733362933981,
                "MAE": 0.4602668010342194,
                "R2": 0.830859796938603,
                "SMAPE": 5.711785869062842,
                "WAPE": 5.509925657520309
            },
            "Precipitation_accumulated": {
                "MSE": 0.018458385178118937,
                "RMSE": 0.1358616398330262,
                "MAE": 0.10048866355217063,
                "R2": 0.9202179596070972,
                "SMAPE": 0.021908737395358292,
                "WAPE": 0.021910655565623514
            },
            "Humidity": {
                "MSE": 5.239767779767462,
                "RMSE": 2.289053904950135,
                "MAE": 1.7188674083447615,
                "R2": 0.859409906531184,
                "SMAPE": 1.9842329229288174,
                "WAPE": 1.9624910808829554
            },
            "Wind_Speed_kmh": {
                "MSE": 0.0011970978349078757,
                "RMSE": 0.03459910164885608,
                "MAE": 0.01023447661164469,
                "R2": -0.1512639843719068,
                "SMAPE": 195.12121686007748,
                "WAPE": 125.4242638814911
            },
            "Soil_Moisture": {
                "MSE": 11121.382711799271,
                "RMSE": 105.4579665639314,
                "MAE": 52.28194667455302,
                "R2": 0.6939483845995711,
                "SMAPE": 0.8941549592019011,
                "WAPE": 0.891215107024003
            },
            "Soil_Temperature": {
                "MSE": 0.10394501865130452,
                "RMSE": 0.3224050537000072,
                "MAE": 0.23503567003945292,
                "R2": 0.9409273173376744,
                "SMAPE": 2.6562235114266013,
                "WAPE": 2.619456737394115
            },
            "Wind_Dir_Sin": {
                "MSE": 0.02695261096403021,
                "RMSE": 0.16417250367838768,
                "MAE": 0.03831766903168067,
                "R2": 0.0972695614448913,
                "SMAPE": 192.3608714139297,
                "WAPE": 98.62172526825105
            },
            "Wind_Dir_Cos": {
                "MSE": 0.050583500142251915,
                "RMSE": 0.22490775918640937,
                "MAE": 0.046675610002229785,
                "R2": -0.12231256354792963,
                "SMAPE": 9.040127234239385,
                "WAPE": 4.79238372718996
            }
        },
        {
            "Temperature": {
                "MSE": 11.862372801975669,
                "RMSE": 3.444179554258992,
                "MAE": 2.6760645970896944,
                "R2": 0.5711716500465185,
                "SMAPE": 41.02681408101519,
                "WAPE": 32.673396555904155
            },
            "Precipitation_accumulated": {
                "MSE": 0.05131645586688043,
                "RMSE": 0.22653135735893262,
                "MAE": 0.14432067191981912,
                "R2": 0.9893560882282199,
                "SMAPE": 0.031105705711543793,
                "WAPE": 0.031118233337016753
            },
            "Humidity": {
                "MSE": 98.4442524421773,
                "RMSE": 9.921907701756618,
                "MAE": 7.319577295679069,
                "R2": 0.31304099178875355,
                "SMAPE": 8.621460763968363,
                "WAPE": 8.408075172984097
            },
            "Wind_Speed_kmh": {
                "MSE": 1.6643067585324955,
                "RMSE": 1.2900801364769925,
                "MAE": 0.9728799437959834,
                "R2": -0.1855475063850247,
                "SMAPE": 88.08172531028451,
                "WAPE": 72.67907471276371
            },
            "Soil_Moisture": {
                "MSE": 169781.61237164674,
                "RMSE": 412.0456435537776,
                "MAE": 120.15911050398667,
                "R2": 0.7725329324911857,
                "SMAPE": 1.5983752460728187,
                "WAPE": 1.4521219143899393
            },
            "Soil_Temperature": {
                "MSE": 3.6105107326320938,
                "RMSE": 1.9001343985708206,
                "MAE": 1.4125843609485103,
                "R2": 0.7792241883863322,
                "SMAPE": 28.27881184731921,
                "WAPE": 20.43256346887061
            },
            "Wind_Dir_Sin": {
                "MSE": 0.7050634673894525,
                "RMSE": 0.8396805746171888,
                "MAE": 0.7009332665094645,
                "R2": -0.36551893401698443,
                "SMAPE": 137.31552580642534,
                "WAPE": 104.13369241854839
            },
            "Wind_Dir_Cos": {
                "MSE": 0.5285108157416054,
                "RMSE": 0.7269874935248923,
                "MAE": 0.5972853342162958,
                "R2": -0.22121621400784464,
                "SMAPE": 132.35361501687558,
                "WAPE": 101.28928941636772
            }
        }
    ]
}