{
    "trial_number": 81,
    "fold_smape": [
        48.720423154125506,
        51.060215733957364,
        53.09089681691137
    ],
    "mean_smape": 50.957178568331415,
    "hyperparameters": {
        "input_chunk_length": 24,
        "hidden_size": 120,
        "dropout": 0.4,
        "batch_size": 72,
        "lr": 0.0023189168581566498,
        "weight_decay": 0.0025516117643734665,
        "num_encoder_layers": 3,
        "num_decoder_layers": 2,
        "temporal_width_past": 3,
        "temporal_width_future": 1,
        "use_reversible_instance_norm": true,
        "temporal_hidden_size_past": 24,
        "temporal_hidden_size_future": 156
    },
    "metrics_per_fold": [
        {
            "Temperature": {
                "MSE": 5.099073760051762,
                "RMSE": 2.2581128758438456,
                "MAE": 1.3462332038668796,
                "R2": 0.7610939187237564,
                "SMAPE": 9.730234956516556,
                "WAPE": 8.529311713254964
            },
            "Precipitation_accumulated": {
                "MSE": 1826.4140212482105,
                "RMSE": 42.736565388999274,
                "MAE": 5.3967999852387,
                "R2": 0.9185534358060737,
                "SMAPE": 3.1123296311743247,
                "WAPE": 1.3496929586411153
            },
            "Humidity": {
                "MSE": 22.914155092542746,
                "RMSE": 4.786873206232096,
                "MAE": 3.4610889412972696,
                "R2": 0.7072686410335317,
                "SMAPE": 4.269002810111296,
                "WAPE": 4.09299256346962
            },
            "Wind_Speed_kmh": {
                "MSE": 0.04399413068236783,
                "RMSE": 0.20974777873047387,
                "MAE": 0.08749962097472479,
                "R2": 0.7800779576760172,
                "SMAPE": 165.01715189698868,
                "WAPE": 42.13492043038567
            },
            "Soil_Moisture": {
                "MSE": 76692.60742153808,
                "RMSE": 276.9343016340484,
                "MAE": 101.92223512290796,
                "R2": 0.9207165330063523,
                "SMAPE": 1.3972050579436768,
                "WAPE": 1.4883349062971012
            },
            "Soil_Temperature": {
                "MSE": 5.379403763027805,
                "RMSE": 2.3193541693815987,
                "MAE": 1.3488933079586638,
                "R2": 0.7532973472309556,
                "SMAPE": 9.90703398322224,
                "WAPE": 8.67878582214628
            },
            "Wind_Dir_Sin": {
                "MSE": 0.06920260480072422,
                "RMSE": 0.26306387969602407,
                "MAE": 0.09906504255960943,
                "R2": 0.3943089928042829,
                "SMAPE": 171.92104678593276,
                "WAPE": 67.20769673729049
            },
            "Wind_Dir_Cos": {
                "MSE": 0.10522849343878314,
                "RMSE": 0.32438941634828833,
                "MAE": 0.121924095366734,
                "R2": 0.7509435696968272,
                "SMAPE": 24.40938011111274,
                "WAPE": 13.288343084227728
            }
        },
        {
            "Temperature": {
                "MSE": 0.4619180624727026,
                "RMSE": 0.6796455417882932,
                "MAE": 0.4598349542372248,
                "R2": 0.8308838580716775,
                "SMAPE": 5.737350327602502,
                "WAPE": 5.494516201106274
            },
            "Precipitation_accumulated": {
                "MSE": 0.025181043629333592,
                "RMSE": 0.15868536047579687,
                "MAE": 0.10186195427464076,
                "R2": 0.891040258213222,
                "SMAPE": 0.02220309619990608,
                "WAPE": 0.02221021384930272
            },
            "Humidity": {
                "MSE": 5.3886042546107475,
                "RMSE": 2.321336738737133,
                "MAE": 1.749484103625446,
                "R2": 0.8549468611720062,
                "SMAPE": 2.020466892764625,
                "WAPE": 1.9969140140318014
            },
            "Wind_Speed_kmh": {
                "MSE": 0.0011833036683283592,
                "RMSE": 0.0343991812159586,
                "MAE": 0.009842432714442973,
                "R2": -0.14476161841596413,
                "SMAPE": 195.25506491143463,
                "WAPE": 121.3370001314589
            },
            "Soil_Moisture": {
                "MSE": 11095.05086856327,
                "RMSE": 105.3330473714839,
                "MAE": 52.645233817180724,
                "R2": 0.7067013012745633,
                "SMAPE": 0.8997278778348904,
                "WAPE": 0.8969210037587366
            },
            "Soil_Temperature": {
                "MSE": 0.10449460140657721,
                "RMSE": 0.32325624728159114,
                "MAE": 0.23630737579855376,
                "R2": 0.9411283206925695,
                "SMAPE": 2.680971438203514,
                "WAPE": 2.6300129093333373
            },
            "Wind_Dir_Sin": {
                "MSE": 0.02730534413432566,
                "RMSE": 0.1652432877133763,
                "MAE": 0.039692603033931885,
                "R2": 0.08026036638309997,
                "SMAPE": 192.77356259533343,
                "WAPE": 102.76801560996996
            },
            "Wind_Dir_Cos": {
                "MSE": 0.0501085913643091,
                "RMSE": 0.22384948372580424,
                "MAE": 0.047389205270927874,
                "R2": -0.11816497919990598,
                "SMAPE": 9.09237873228553,
                "WAPE": 4.864882531716032
            }
        },
        {
            "Temperature": {
                "MSE": 9.602310609095971,
                "RMSE": 3.0987595274715933,
                "MAE": 2.3763407121977704,
                "R2": 0.6516408552085969,
                "SMAPE": 38.22502401896147,
                "WAPE": 29.084058686462132
            },
            "Precipitation_accumulated": {
                "MSE": 0.05093034778629998,
                "RMSE": 0.2256775305304008,
                "MAE": 0.09618798481423803,
                "R2": 0.9895258082516025,
                "SMAPE": 0.020756413594047486,
                "WAPE": 0.020740837500661132
            },
            "Humidity": {
                "MSE": 88.739242276792,
                "RMSE": 9.420150862740575,
                "MAE": 6.678987964484241,
                "R2": 0.38131745896208735,
                "SMAPE": 7.8927910012040225,
                "WAPE": 7.678938763551939
            },
            "Wind_Speed_kmh": {
                "MSE": 1.4908171321190116,
                "RMSE": 1.2209902260538417,
                "MAE": 0.906136861439576,
                "R2": -0.059642102127116736,
                "SMAPE": 86.61306982030287,
                "WAPE": 68.07734284655923
            },
            "Soil_Moisture": {
                "MSE": 155804.51057455892,
                "RMSE": 394.720800787796,
                "MAE": 111.16114867773746,
                "R2": 0.8011756127233559,
                "SMAPE": 1.4758314837222626,
                "WAPE": 1.3459410868261086
            },
            "Soil_Temperature": {
                "MSE": 2.8871223166562343,
                "RMSE": 1.699153411748402,
                "MAE": 1.236743195478724,
                "R2": 0.8224481992250343,
                "SMAPE": 25.19154247004238,
                "WAPE": 17.900928621669582
            },
            "Wind_Dir_Sin": {
                "MSE": 0.6538832600615844,
                "RMSE": 0.8086304842519755,
                "MAE": 0.6821154952958279,
                "R2": -0.2734764044850575,
                "SMAPE": 137.44226123893563,
                "WAPE": 101.83373745942615
            },
            "Wind_Dir_Cos": {
                "MSE": 0.470416297303389,
                "RMSE": 0.6858690088518281,
                "MAE": 0.5618630365297171,
                "R2": -0.07537774407530784,
                "SMAPE": 127.86589808852848,
                "WAPE": 94.90639362701921
            }
        }
    ]
}