{
    "trial_number": 88,
    "fold_smape": [
        48.72504578788303,
        50.943833240802206,
        52.559955087917785
    ],
    "mean_smape": 50.74294470553434,
    "hyperparameters": {
        "input_chunk_length": 36,
        "hidden_size": 144,
        "dropout": 0.5,
        "batch_size": 64,
        "lr": 0.004895489656683197,
        "weight_decay": 0.00023771183692238376,
        "num_encoder_layers": 3,
        "num_decoder_layers": 2,
        "temporal_width_past": 3,
        "temporal_width_future": 1,
        "use_reversible_instance_norm": true,
        "temporal_hidden_size_past": 60,
        "temporal_hidden_size_future": 120
    },
    "metrics_per_fold": [
        {
            "Temperature": {
                "MSE": 4.652398846181234,
                "RMSE": 2.1569420127071646,
                "MAE": 1.2953958707952882,
                "R2": 0.7763490942010294,
                "SMAPE": 9.245335741191333,
                "WAPE": 8.176026221887541
            },
            "Precipitation_accumulated": {
                "MSE": 1954.010451069974,
                "RMSE": 44.204190424324864,
                "MAE": 6.323467725013777,
                "R2": 0.9096945424997157,
                "SMAPE": 3.3023729183419808,
                "WAPE": 1.5722734240167986
            },
            "Humidity": {
                "MSE": 22.662734495039302,
                "RMSE": 4.760539307162509,
                "MAE": 3.4693542977770235,
                "R2": 0.7101624565633538,
                "SMAPE": 4.2800885279331276,
                "WAPE": 4.105410528988205
            },
            "Wind_Speed_kmh": {
                "MSE": 0.04203513406775206,
                "RMSE": 0.20502471574849718,
                "MAE": 0.08360966501129231,
                "R2": 0.7881607975317613,
                "SMAPE": 165.63709112764423,
                "WAPE": 40.94400570991956
            },
            "Soil_Moisture": {
                "MSE": 81216.43775058247,
                "RMSE": 284.9849781139042,
                "MAE": 103.52817115910548,
                "R2": 0.912890951573642,
                "SMAPE": 1.4171887655767816,
                "WAPE": 1.5152185280643633
            },
            "Soil_Temperature": {
                "MSE": 4.660515314991477,
                "RMSE": 2.1588226687228103,
                "MAE": 1.2728819586641684,
                "R2": 0.7813031733955738,
                "SMAPE": 9.289500737202042,
                "WAPE": 8.159078740912232
            },
            "Wind_Dir_Sin": {
                "MSE": 0.06968809312771869,
                "RMSE": 0.26398502443835464,
                "MAE": 0.09818621455725438,
                "R2": 0.3785154552473573,
                "SMAPE": 172.68963761780546,
                "WAPE": 67.85320317129562
            },
            "Wind_Dir_Cos": {
                "MSE": 0.10711257677360675,
                "RMSE": 0.3272805780574319,
                "MAE": 0.1206508721652889,
                "R2": 0.7413897696219574,
                "SMAPE": 23.93915086736923,
                "WAPE": 13.130183953720719
            }
        },
        {
            "Temperature": {
                "MSE": 0.45253319189366376,
                "RMSE": 0.6727058732415406,
                "MAE": 0.4565536605605327,
                "R2": 0.8327879659240944,
                "SMAPE": 5.684254275869572,
                "WAPE": 5.4654750738154405
            },
            "Precipitation_accumulated": {
                "MSE": 0.019436115323780617,
                "RMSE": 0.1394134689468009,
                "MAE": 0.1074262840662709,
                "R2": 0.9159919503857159,
                "SMAPE": 0.023421450755372848,
                "WAPE": 0.023423341754852584
            },
            "Humidity": {
                "MSE": 5.114279098872659,
                "RMSE": 2.2614771939758,
                "MAE": 1.6874501438849838,
                "R2": 0.8627769384527898,
                "SMAPE": 1.946572876472368,
                "WAPE": 1.9266208904373594
            },
            "Wind_Speed_kmh": {
                "MSE": 0.0012352226668784583,
                "RMSE": 0.035145734689695396,
                "MAE": 0.01023177970939666,
                "R2": -0.18792911288359604,
                "SMAPE": 195.17945832727332,
                "WAPE": 125.39121314601576
            },
            "Soil_Moisture": {
                "MSE": 10877.224117729573,
                "RMSE": 104.29393135618953,
                "MAE": 50.43056086690128,
                "R2": 0.7006674351048332,
                "SMAPE": 0.862665662828053,
                "WAPE": 0.8596557809916356
            },
            "Soil_Temperature": {
                "MSE": 0.10112347627404973,
                "RMSE": 0.31799917653045856,
                "MAE": 0.2315243547027779,
                "R2": 0.9425308196471888,
                "SMAPE": 2.6177075597205963,
                "WAPE": 2.580323364088588
            },
            "Wind_Dir_Sin": {
                "MSE": 0.026365751250186295,
                "RMSE": 0.1623753406468676,
                "MAE": 0.0376591027866527,
                "R2": 0.11692539840835503,
                "SMAPE": 192.27028359180787,
                "WAPE": 96.92671247312529
            },
            "Wind_Dir_Cos": {
                "MSE": 0.0495969791747963,
                "RMSE": 0.22270379245714766,
                "MAE": 0.04596340462801741,
                "R2": -0.10042430210170217,
                "SMAPE": 8.966302181690864,
                "WAPE": 4.719258567269617
            }
        },
        {
            "Temperature": {
                "MSE": 8.875795627730831,
                "RMSE": 2.9792273541525547,
                "MAE": 2.2532427141417615,
                "R2": 0.6791373145067385,
                "SMAPE": 37.72380924635601,
                "WAPE": 27.510955010548262
            },
            "Precipitation_accumulated": {
                "MSE": 0.04215527631138982,
                "RMSE": 0.2053175012301431,
                "MAE": 0.0994922334631646,
                "R2": 0.9912562737587061,
                "SMAPE": 0.02145665521945494,
                "WAPE": 0.02145238443629041
            },
            "Humidity": {
                "MSE": 88.20504026479895,
                "RMSE": 9.391753843920684,
                "MAE": 6.432506940396205,
                "R2": 0.3844917760421849,
                "SMAPE": 7.610202770196261,
                "WAPE": 7.389088156432334
            },
            "Wind_Speed_kmh": {
                "MSE": 1.5984728319504384,
                "RMSE": 1.264307253775932,
                "MAE": 0.9213603410797924,
                "R2": -0.13865155580695188,
                "SMAPE": 89.48466930184628,
                "WAPE": 68.83029863421483
            },
            "Soil_Moisture": {
                "MSE": 143891.83459839204,
                "RMSE": 379.3307720161812,
                "MAE": 103.03022431314636,
                "R2": 0.8072190904695075,
                "SMAPE": 1.3662973892715409,
                "WAPE": 1.245119458209264
            },
            "Soil_Temperature": {
                "MSE": 2.5529299010477873,
                "RMSE": 1.5977890665065233,
                "MAE": 1.1677495294926146,
                "R2": 0.8438932293421717,
                "SMAPE": 24.89834476629546,
                "WAPE": 16.89110897495726
            },
            "Wind_Dir_Sin": {
                "MSE": 0.7090776702662832,
                "RMSE": 0.842067497452718,
                "MAE": 0.6886238934541646,
                "R2": -0.37329336892508325,
                "SMAPE": 130.4865950975248,
                "WAPE": 102.30495845933852
            },
            "Wind_Dir_Cos": {
                "MSE": 0.5020801683142446,
                "RMSE": 0.7085761556207241,
                "MAE": 0.5743868304507038,
                "R2": -0.16014360352639967,
                "SMAPE": 128.88826547663237,
                "WAPE": 97.40609818054388
            }
        }
    ]
}