{
    "trial_number": 11,
    "input_chunk_length": 25,
    "output_chunk_length": 1,
    "hidden_size": 64,
    "temporal_width_past": 2,
    "temporal_width_future": 1,
    "use_reversible_instance_norm": true,
    "num_encoder_layers": 3,
    "num_decoder_layers": 2,
    "dropout": 0.21591872485806274,
    "batch_size": 81,
    "lr": 0.0027450007230539553,
    "loss_function": "smoothl1",
    "optimizer": "Adam",
    "overall_mae_val": 0.0785755714557393,
    "metrics": {
        "MSE": {
            "Temperature": 1.8799057268457613,
            "Precipitation_accumulated": 0.9811840510293127,
            "Humidity": 13.8157759400092,
            "Wind_Speed_kmh": 0.6794089719649175,
            "Soil_Moisture": 1885.4298138685638,
            "Soil_Temperature": 0.5055688867431446,
            "Wind_Dir_Sin": 0.38209447730157436,
            "Wind_Dir_Cos": 0.31613578869037606
        },
        "RMSE": {
            "Temperature": 1.371096541767122,
            "Precipitation_accumulated": 0.9905473492111887,
            "Humidity": 3.7169578878444667,
            "Wind_Speed_kmh": 0.8242626838362377,
            "Soil_Moisture": 43.421536290976206,
            "Soil_Temperature": 0.7110336748306262,
            "Wind_Dir_Sin": 0.6181379112314455,
            "Wind_Dir_Cos": 0.5622595385499263
        },
        "MAE": {
            "Temperature": 1.0393793072822115,
            "Precipitation_accumulated": 0.9191520429181357,
            "Humidity": 2.6717245078639555,
            "Wind_Speed_kmh": 0.6146627002570832,
            "Soil_Moisture": 17.132591664422367,
            "Soil_Temperature": 0.5317452662398431,
            "Wind_Dir_Sin": 0.4935050478500535,
            "Wind_Dir_Cos": 0.4504935897357211
        },
        "R2": {
            "Temperature": 0.9383979480005153,
            "Precipitation_accumulated": 0.7158487133072812,
            "Humidity": 0.905742577308462,
            "Wind_Speed_kmh": 0.4968614544608875,
            "Soil_Moisture": 0.9674751872224047,
            "Soil_Temperature": 0.9687325803630752,
            "Wind_Dir_Sin": 0.30512185880544773,
            "Wind_Dir_Cos": 0.1404779982749682
        },
        "SMAPE": {
            "Temperature": 20.21224925084137,
            "Precipitation_accumulated": 0.19773281201037982,
            "Humidity": 3.1901751248596906,
            "Wind_Speed_kmh": 64.91248636503292,
            "Soil_Moisture": 0.20009101756910275,
            "Soil_Temperature": 8.896754814246036,
            "Wind_Dir_Sin": 98.12162746973661,
            "Wind_Dir_Cos": 110.58075165146113
        }
    }
}