{
    "trial_number": 54,
    "fold_smape": [
        48.78208647118743,
        51.06086461636464,
        52.71343597260058
    ],
    "mean_smape": 50.85212902005088,
    "hyperparameters": {
        "input_chunk_length": 24,
        "hidden_size": 152,
        "dropout": 0.35,
        "batch_size": 72,
        "lr": 0.002193965107356739,
        "weight_decay": 0.003332831781808475,
        "num_encoder_layers": 3,
        "num_decoder_layers": 2,
        "temporal_width_past": 4,
        "temporal_width_future": 1,
        "use_reversible_instance_norm": true,
        "temporal_hidden_size_past": 24,
        "temporal_hidden_size_future": 168
    },
    "metrics_per_fold": [
        {
            "Temperature": {
                "MSE": 5.50158895295558,
                "RMSE": 2.3455466213562204,
                "MAE": 1.379796846517692,
                "R2": 0.7422349392470942,
                "SMAPE": 9.966705033373856,
                "WAPE": 8.74196043531797
            },
            "Precipitation_accumulated": {
                "MSE": 1812.5310221133893,
                "RMSE": 42.57383024950174,
                "MAE": 5.394746850731504,
                "R2": 0.9191725301445335,
                "SMAPE": 3.0937551301396384,
                "WAPE": 1.3491794874739267
            },
            "Humidity": {
                "MSE": 23.531228318146486,
                "RMSE": 4.85089974315554,
                "MAE": 3.49713990678873,
                "R2": 0.6993854490422375,
                "SMAPE": 4.3170130100413475,
                "WAPE": 4.135625485120903
            },
            "Wind_Speed_kmh": {
                "MSE": 0.044951742221888184,
                "RMSE": 0.212018259170969,
                "MAE": 0.08685742413028144,
                "R2": 0.7752909580863484,
                "SMAPE": 164.91394253320047,
                "WAPE": 41.82567437149038
            },
            "Soil_Moisture": {
                "MSE": 78977.04608327878,
                "RMSE": 281.0285502992156,
                "MAE": 103.56816351995097,
                "R2": 0.9183549205468667,
                "SMAPE": 1.4160213421934735,
                "WAPE": 1.5123698255041873
            },
            "Soil_Temperature": {
                "MSE": 5.632340633723635,
                "RMSE": 2.3732552820384987,
                "MAE": 1.3714218548939696,
                "R2": 0.741697512057282,
                "SMAPE": 10.019210718265088,
                "WAPE": 8.823734597992441
            },
            "Wind_Dir_Sin": {
                "MSE": 0.06849365638078345,
                "RMSE": 0.2617129274238922,
                "MAE": 0.09864535015916762,
                "R2": 0.4005140147649484,
                "SMAPE": 172.0034857020699,
                "WAPE": 66.92296905895869
            },
            "Wind_Dir_Cos": {
                "MSE": 0.10571814232844043,
                "RMSE": 0.32514326431350293,
                "MAE": 0.12224213303208026,
                "R2": 0.7497846611106189,
                "SMAPE": 24.526558300213658,
                "WAPE": 13.323005581399562
            }
        },
        {
            "Temperature": {
                "MSE": 0.47237566164471595,
                "RMSE": 0.687295905447367,
                "MAE": 0.4680281640369326,
                "R2": 0.8270551512739038,
                "SMAPE": 5.834037607526621,
                "WAPE": 5.592415944413592
            },
            "Precipitation_accumulated": {
                "MSE": 0.02322473935806138,
                "RMSE": 0.1523966514004208,
                "MAE": 0.12494172574146507,
                "R2": 0.8995052929191656,
                "SMAPE": 0.027240582189062744,
                "WAPE": 0.027242580089686354
            },
            "Humidity": {
                "MSE": 5.401589246281906,
                "RMSE": 2.324131933923267,
                "MAE": 1.750811485360835,
                "R2": 0.8545973246852722,
                "SMAPE": 2.0218319150916875,
                "WAPE": 1.99842912764951
            },
            "Wind_Speed_kmh": {
                "MSE": 0.0011924260898588622,
                "RMSE": 0.03453152313262278,
                "MAE": 0.010331901094778259,
                "R2": -0.15358690841940348,
                "SMAPE": 195.21224541282407,
                "WAPE": 127.37114094320523
            },
            "Soil_Moisture": {
                "MSE": 11125.284904849987,
                "RMSE": 105.47646611851378,
                "MAE": 52.74370756877169,
                "R2": 0.705902061721256,
                "SMAPE": 0.901468868670821,
                "WAPE": 0.8985987088369888
            },
            "Soil_Temperature": {
                "MSE": 0.10679513496270135,
                "RMSE": 0.32679524929640785,
                "MAE": 0.23965211621257462,
                "R2": 0.9398322128369574,
                "SMAPE": 2.7146541035821565,
                "WAPE": 2.667238621977799
            },
            "Wind_Dir_Sin": {
                "MSE": 0.027051101639212066,
                "RMSE": 0.16447219108169037,
                "MAE": 0.038724574665599025,
                "R2": 0.0888241441606401,
                "SMAPE": 192.68271973527484,
                "WAPE": 100.26169587118437
            },
            "Wind_Dir_Cos": {
                "MSE": 0.04991946928683543,
                "RMSE": 0.2234266530359246,
                "MAE": 0.047108067272237354,
                "R2": -0.11394475112989078,
                "SMAPE": 9.092718705757756,
                "WAPE": 4.836021458165381
            }
        },
        {
            "Temperature": {
                "MSE": 9.608043376856932,
                "RMSE": 3.0996843995569825,
                "MAE": 2.3752010433407382,
                "R2": 0.6514328779668898,
                "SMAPE": 38.322666578028596,
                "WAPE": 29.070110267470312
            },
            "Precipitation_accumulated": {
                "MSE": 0.04992009026831672,
                "RMSE": 0.22342804270797506,
                "MAE": 0.09717046116782539,
                "R2": 0.9897335749647421,
                "SMAPE": 0.02096641750826719,
                "WAPE": 0.020952687062093894
            },
            "Humidity": {
                "MSE": 89.38905191077555,
                "RMSE": 9.45457835711226,
                "MAE": 6.676012392360828,
                "R2": 0.3767870407927517,
                "SMAPE": 7.888193973774729,
                "WAPE": 7.675517700923329
            },
            "Wind_Speed_kmh": {
                "MSE": 1.504594420534917,
                "RMSE": 1.226619101650923,
                "MAE": 0.9080696978254239,
                "R2": -0.06943471487895114,
                "SMAPE": 86.871000726754,
                "WAPE": 68.22255530938371
            },
            "Soil_Moisture": {
                "MSE": 155569.77492701152,
                "RMSE": 394.4233448048068,
                "MAE": 110.95930779516665,
                "R2": 0.8014751622750569,
                "SMAPE": 1.4731621067904743,
                "WAPE": 1.3434971939724922
            },
            "Soil_Temperature": {
                "MSE": 2.9292517366617283,
                "RMSE": 1.7115056928511012,
                "MAE": 1.245602512665729,
                "R2": 0.8198573306828787,
                "SMAPE": 25.621257042462815,
                "WAPE": 18.029160582177695
            },
            "Wind_Dir_Sin": {
                "MSE": 0.6565110237280484,
                "RMSE": 0.8102536786266683,
                "MAE": 0.6827206080679621,
                "R2": -0.27859412997246324,
                "SMAPE": 136.2791656202859,
                "WAPE": 101.92407537961094
            },
            "Wind_Dir_Cos": {
                "MSE": 0.47367676997153435,
                "RMSE": 0.6882417961527288,
                "MAE": 0.560707681628439,
                "R2": -0.08283122679388821,
                "SMAPE": 125.23107531519972,
                "WAPE": 94.71123829571846
            }
        }
    ]
}