{
    "trial_number": 0,
    "input_chunk_length": 63,
    "output_chunk_length": 18,
    "hidden_size": 256,
    "temporal_width_past": 5,
    "temporal_width_future": 4,
    "use_reversible_instance_norm": false,
    "num_encoder_layers": 1,
    "num_decoder_layers": 1,
    "dropout": 0.3248950983008395,
    "batch_size": 249,
    "lr": 3.8995974987079916e-06,
    "loss_function": "mse",
    "optimizer": "AdamW",
    "overall_mae_val": 0.3524937269185149,
    "metrics": {
        "MSE": {
            "Temperature": 67.36830304014714,
            "Precipitation_accumulated": 87435.2355005635,
            "Humidity": 1665.5008008946986,
            "Wind_Speed_kmh": 1.9823096527238906,
            "Soil_Moisture": 6165959.632984234,
            "Soil_Temperature": 63.58762436042869,
            "Wind_Dir_Sin": 0.9631623132003807,
            "Wind_Dir_Cos": 0.5497919327981007
        },
        "RMSE": {
            "Temperature": 8.207819627656734,
            "Precipitation_accumulated": 295.69449690612015,
            "Humidity": 40.81054766717421,
            "Wind_Speed_kmh": 1.4079451881106346,
            "Soil_Moisture": 2483.135041229984,
            "Soil_Temperature": 7.97418487122218,
            "Wind_Dir_Sin": 0.9814083315319779,
            "Wind_Dir_Cos": 0.7414795565611372
        },
        "MAE": {
            "Temperature": 6.948679293529338,
            "Precipitation_accumulated": 281.0227171400854,
            "Humidity": 38.934467685575115,
            "Wind_Speed_kmh": 1.102915621217367,
            "Soil_Moisture": 2456.966383348777,
            "Soil_Temperature": 7.137304183473313,
            "Wind_Dir_Sin": 0.8457699684211929,
            "Wind_Dir_Cos": 0.6216696134703273
        },
        "R2": {
            "Temperature": -1.2269817490535537,
            "Precipitation_accumulated": -27785.060785205547,
            "Humidity": -10.32779203075898,
            "Wind_Speed_kmh": -0.46484691375552867,
            "Soil_Moisture": -135.16956531801407,
            "Soil_Temperature": -3.0117293865743715,
            "Wind_Dir_Sin": -0.7562871138600025,
            "Wind_Dir_Cos": -0.4969635417194047
        },
        "SMAPE": {
            "Temperature": 67.85465704010731,
            "Precipitation_accumulated": 92.36038396695984,
            "Humidity": 57.54443772868656,
            "Wind_Speed_kmh": 91.9947946262942,
            "Soil_Moisture": 33.43364071018022,
            "Soil_Temperature": 70.01526981829892,
            "Wind_Dir_Sin": 154.68371583636505,
            "Wind_Dir_Cos": 146.48991554480827
        }
    }
}