{
    "trial_number": 41,
    "input_chunk_length": 26,
    "output_chunk_length": 1,
    "hidden_size": 64,
    "temporal_width_past": 2,
    "temporal_width_future": 1,
    "use_reversible_instance_norm": true,
    "num_encoder_layers": 3,
    "num_decoder_layers": 2,
    "dropout": 0.218562499429309,
    "batch_size": 90,
    "lr": 0.002256006691591312,
    "loss_function": "smoothl1",
    "optimizer": "Adam",
    "overall_mae_val": 0.07728038556383093,
    "metrics": {
        "MSE": {
            "Temperature": 1.4339522748034021,
            "Precipitation_accumulated": 0.8126771521237961,
            "Humidity": 12.267372858033829,
            "Wind_Speed_kmh": 0.5850080646126756,
            "Soil_Moisture": 2091.0932977991856,
            "Soil_Temperature": 0.3773072838798332,
            "Wind_Dir_Sin": 0.3817049824235336,
            "Wind_Dir_Cos": 0.32706880179631775
        },
        "RMSE": {
            "Temperature": 1.197477463171396,
            "Precipitation_accumulated": 0.9014860798280782,
            "Humidity": 3.502480957554777,
            "Wind_Speed_kmh": 0.7648581990229795,
            "Soil_Moisture": 45.7284736001453,
            "Soil_Temperature": 0.6142534361970091,
            "Wind_Dir_Sin": 0.6178227759022272,
            "Wind_Dir_Cos": 0.5718992934042826
        },
        "MAE": {
            "Temperature": 0.8967609500098623,
            "Precipitation_accumulated": 0.8394249466714069,
            "Humidity": 2.505009799680733,
            "Wind_Speed_kmh": 0.5773291060117958,
            "Soil_Moisture": 19.350875748266056,
            "Soil_Temperature": 0.4750185865850992,
            "Wind_Dir_Sin": 0.4960353727773342,
            "Wind_Dir_Cos": 0.4501717546125107
        },
        "R2": {
            "Temperature": 0.9529824526623922,
            "Precipitation_accumulated": 0.7642918013921393,
            "Humidity": 0.916300492090491,
            "Wind_Speed_kmh": 0.5668456666154161,
            "Soil_Moisture": 0.9638169521787487,
            "Soil_Temperature": 0.976649651402052,
            "Wind_Dir_Sin": 0.305924649713204,
            "Wind_Dir_Cos": 0.11043773249231215
        },
        "SMAPE": {
            "Temperature": 18.20904925942599,
            "Precipitation_accumulated": 0.1805661159987183,
            "Humidity": 2.985041570254665,
            "Wind_Speed_kmh": 59.45191395822132,
            "Soil_Moisture": 0.22588396048533854,
            "Soil_Temperature": 8.193826717007058,
            "Wind_Dir_Sin": 99.4093696694544,
            "Wind_Dir_Cos": 106.18591217146485
        }
    }
}