{
    "trial_number": 67,
    "fold_smape": [
        48.66455490304669,
        51.01501231564865,
        54.56024549048338
    ],
    "mean_smape": 51.413270903059576,
    "hyperparameters": {
        "input_chunk_length": 24,
        "hidden_size": 136,
        "dropout": 0.25,
        "batch_size": 80,
        "lr": 0.0009355885151724856,
        "weight_decay": 0.0018368346632427353,
        "num_encoder_layers": 3,
        "num_decoder_layers": 2,
        "temporal_width_past": 3,
        "temporal_width_future": 2,
        "use_reversible_instance_norm": true,
        "temporal_hidden_size_past": 168,
        "temporal_hidden_size_future": 156
    },
    "metrics_per_fold": [
        {
            "Temperature": {
                "MSE": 4.948977878206316,
                "RMSE": 2.2246298294786744,
                "MAE": 1.3282782932017683,
                "R2": 0.7681263368912146,
                "SMAPE": 9.617935604071118,
                "WAPE": 8.415555025775786
            },
            "Precipitation_accumulated": {
                "MSE": 1877.4372745143235,
                "RMSE": 43.32940427139893,
                "MAE": 5.870807478698489,
                "R2": 0.9162781200101068,
                "SMAPE": 3.247376435275792,
                "WAPE": 1.4682381294860016
            },
            "Humidity": {
                "MSE": 22.60923021467978,
                "RMSE": 4.754916425625142,
                "MAE": 3.4308841911725922,
                "R2": 0.7111640966381139,
                "SMAPE": 4.230826119173964,
                "WAPE": 4.057273222031539
            },
            "Wind_Speed_kmh": {
                "MSE": 0.04427543641279051,
                "RMSE": 0.21041729114497817,
                "MAE": 0.08567088715425429,
                "R2": 0.7786717398512202,
                "SMAPE": 164.85266191350746,
                "WAPE": 41.25430456993369
            },
            "Soil_Moisture": {
                "MSE": 76373.90567694839,
                "RMSE": 276.35829221673157,
                "MAE": 101.4033887724382,
                "R2": 0.9210460012575633,
                "SMAPE": 1.388580410272037,
                "WAPE": 1.4807583737232444
            },
            "Soil_Temperature": {
                "MSE": 5.167644576757546,
                "RMSE": 2.273245384193608,
                "MAE": 1.3280725182745121,
                "R2": 0.7630087493309688,
                "SMAPE": 9.778426880495886,
                "WAPE": 8.544824764403197
            },
            "Wind_Dir_Sin": {
                "MSE": 0.06839090611844753,
                "RMSE": 0.2615165503719555,
                "MAE": 0.09819874488320836,
                "R2": 0.4014133293220098,
                "SMAPE": 171.97312862739176,
                "WAPE": 66.61998315018181
            },
            "Wind_Dir_Cos": {
                "MSE": 0.10596074541138284,
                "RMSE": 0.32551612158445065,
                "MAE": 0.12194665434108881,
                "R2": 0.7492104643712792,
                "SMAPE": 24.227503234184187,
                "WAPE": 13.290801756485688
            }
        },
        {
            "Temperature": {
                "MSE": 0.46642688172595875,
                "RMSE": 0.6829545239076747,
                "MAE": 0.46332333231302386,
                "R2": 0.8292331018473356,
                "SMAPE": 5.762905317514433,
                "WAPE": 5.536198438779693
            },
            "Precipitation_accumulated": {
                "MSE": 0.016090498119919604,
                "RMSE": 0.12684832722554762,
                "MAE": 0.08319186474762359,
                "R2": 0.9303755417696532,
                "SMAPE": 0.01813573969596203,
                "WAPE": 0.01813934476050975
            },
            "Humidity": {
                "MSE": 5.259884769610671,
                "RMSE": 2.293443866679686,
                "MAE": 1.727515314272999,
                "R2": 0.8584117965143275,
                "SMAPE": 1.9946774758682508,
                "WAPE": 1.9718381741094477
            },
            "Wind_Speed_kmh": {
                "MSE": 0.001214717559935488,
                "RMSE": 0.03485279845199648,
                "MAE": 0.010608003287826828,
                "R2": -0.17515231047535984,
                "SMAPE": 195.24305322812393,
                "WAPE": 130.77491446202947
            },
            "Soil_Moisture": {
                "MSE": 10964.628860172901,
                "RMSE": 104.71212374970197,
                "MAE": 51.823269650128026,
                "R2": 0.7101490191624045,
                "SMAPE": 0.8856389278125699,
                "WAPE": 0.882917135368166
            },
            "Soil_Temperature": {
                "MSE": 0.10493568800440327,
                "RMSE": 0.323937784156778,
                "MAE": 0.23659051893450642,
                "R2": 0.9408798149479235,
                "SMAPE": 2.6774311214408106,
                "WAPE": 2.6331641867753897
            },
            "Wind_Dir_Sin": {
                "MSE": 0.026663132026611268,
                "RMSE": 0.1632884932461907,
                "MAE": 0.03831478013111278,
                "R2": 0.10189231966476697,
                "SMAPE": 192.56455329581735,
                "WAPE": 99.20069790436014
            },
            "Wind_Dir_Cos": {
                "MSE": 0.04907410622744025,
                "RMSE": 0.22152676187639328,
                "MAE": 0.04616748476302765,
                "R2": -0.09508061342439,
                "SMAPE": 8.973703418915969,
                "WAPE": 4.739463109222166
            }
        },
        {
            "Temperature": {
                "MSE": 10.674642379431326,
                "RMSE": 3.2672071222117713,
                "MAE": 2.5099821388811523,
                "R2": 0.6127380750701564,
                "SMAPE": 39.91023498937231,
                "WAPE": 30.719697497282006
            },
            "Precipitation_accumulated": {
                "MSE": 0.04828062507147613,
                "RMSE": 0.21972852584832067,
                "MAE": 0.1290103707459532,
                "R2": 0.9900707427553213,
                "SMAPE": 0.027811201061648774,
                "WAPE": 0.02781826795425061
            },
            "Humidity": {
                "MSE": 96.51358909277687,
                "RMSE": 9.824132994456908,
                "MAE": 7.017906745539923,
                "R2": 0.3271153661831022,
                "SMAPE": 8.285478504843997,
                "WAPE": 8.068599080262093
            },
            "Wind_Speed_kmh": {
                "MSE": 1.5797381759153164,
                "RMSE": 1.2568763566537944,
                "MAE": 0.9331568175435481,
                "R2": -0.12284534801263036,
                "SMAPE": 89.83180683670352,
                "WAPE": 70.10733069239829
            },
            "Soil_Moisture": {
                "MSE": 160287.78120517312,
                "RMSE": 400.3595648978217,
                "MAE": 114.44883275400267,
                "R2": 0.795454446289598,
                "SMAPE": 1.5207579889338028,
                "WAPE": 1.3857484217752796
            },
            "Soil_Temperature": {
                "MSE": 3.418806624892458,
                "RMSE": 1.8490015210627755,
                "MAE": 1.3451434951893306,
                "R2": 0.7897507600391305,
                "SMAPE": 27.515126411484093,
                "WAPE": 19.46994152166458
            },
            "Wind_Dir_Sin": {
                "MSE": 0.6947955242636024,
                "RMSE": 0.8335439546080353,
                "MAE": 0.7013843442184643,
                "R2": -0.35315546387927044,
                "SMAPE": 139.82800449541617,
                "WAPE": 104.71040411758803
            },
            "Wind_Dir_Cos": {
                "MSE": 0.4993709496123496,
                "RMSE": 0.706661835401028,
                "MAE": 0.5782305928314225,
                "R2": -0.14156845400390838,
                "SMAPE": 129.56274349605155,
                "WAPE": 97.67109897349718
            }
        }
    ]
}