{
    "trial_number": 25,
    "input_chunk_length": 51,
    "output_chunk_length": 1,
    "hidden_size": 64,
    "temporal_width_past": 1,
    "temporal_width_future": 2,
    "use_reversible_instance_norm": true,
    "num_encoder_layers": 3,
    "num_decoder_layers": 2,
    "dropout": 0.1984136632655537,
    "batch_size": 104,
    "lr": 0.0002091724894919776,
    "loss_function": "smoothl1",
    "optimizer": "Adam",
    "overall_mae_val": 0.08724337632803594,
    "metrics": {
        "MSE": {
            "Temperature": 2.6118127211477606,
            "Precipitation_accumulated": 0.4744173406583918,
            "Humidity": 23.123351684154066,
            "Wind_Speed_kmh": 0.968488488207193,
            "Soil_Moisture": 3956.2749933877644,
            "Soil_Temperature": 0.7030674030011516,
            "Wind_Dir_Sin": 0.4198952991471722,
            "Wind_Dir_Cos": 0.34191984137056436
        },
        "RMSE": {
            "Temperature": 1.616110367873358,
            "Precipitation_accumulated": 0.688779602382643,
            "Humidity": 4.808674628642914,
            "Wind_Speed_kmh": 0.984118127161162,
            "Soil_Moisture": 62.89892680632766,
            "Soil_Temperature": 0.8384911466444661,
            "Wind_Dir_Sin": 0.6479932863442123,
            "Wind_Dir_Cos": 0.5847391224901617
        },
        "MAE": {
            "Temperature": 1.2541191388500794,
            "Precipitation_accumulated": 0.569914638535737,
            "Humidity": 3.54368441243337,
            "Wind_Speed_kmh": 0.7517818235868629,
            "Soil_Moisture": 27.44843534031609,
            "Soil_Temperature": 0.6394002422681849,
            "Wind_Dir_Sin": 0.5309656305438728,
            "Wind_Dir_Cos": 0.47617678165664096
        },
        "R2": {
            "Temperature": 0.9142454593675589,
            "Precipitation_accumulated": 0.856845835832267,
            "Humidity": 0.8422620469338051,
            "Wind_Speed_kmh": 0.2799568332532463,
            "Soil_Moisture": 0.9245461390612167,
            "Soil_Temperature": 0.9562609086432472,
            "Wind_Dir_Sin": 0.2379956436374263,
            "Wind_Dir_Cos": 0.06761509878600858
        },
        "SMAPE": {
            "Temperature": 24.85558815496997,
            "Precipitation_accumulated": 0.12259685492541458,
            "Humidity": 4.209872302525769,
            "Wind_Speed_kmh": 68.70036275204423,
            "Soil_Moisture": 0.3214063173755333,
            "Soil_Temperature": 11.162749367519613,
            "Wind_Dir_Sin": 106.96833810746512,
            "Wind_Dir_Cos": 117.46365148889514
        }
    }
}