{
    "trial_number": 45,
    "fold_smape": [
        48.87292282647364,
        51.116335491888435,
        53.202846935503715
    ],
    "mean_smape": 51.064035084621935,
    "hyperparameters": {
        "input_chunk_length": 24,
        "hidden_size": 88,
        "dropout": 0.2,
        "batch_size": 128,
        "lr": 0.004982073857593194,
        "weight_decay": 0.0050675075751496455,
        "num_encoder_layers": 4,
        "num_decoder_layers": 2,
        "temporal_width_past": 2,
        "temporal_width_future": 1,
        "use_reversible_instance_norm": true,
        "temporal_hidden_size_past": 48,
        "temporal_hidden_size_future": 144
    },
    "metrics_per_fold": [
        {
            "Temperature": {
                "MSE": 5.438805698804091,
                "RMSE": 2.332124717677871,
                "MAE": 1.3847617867223683,
                "R2": 0.7451765129377149,
                "SMAPE": 9.918785066658197,
                "WAPE": 8.773416740601274
            },
            "Precipitation_accumulated": {
                "MSE": 1825.3848875184603,
                "RMSE": 42.7245232567721,
                "MAE": 5.337578150798651,
                "R2": 0.9185993286898388,
                "SMAPE": 3.101539400409556,
                "WAPE": 1.3348820905044099
            },
            "Humidity": {
                "MSE": 24.322317605047242,
                "RMSE": 4.93176617501755,
                "MAE": 3.548297060103318,
                "R2": 0.6892791788750413,
                "SMAPE": 4.38258665976616,
                "WAPE": 4.196122586361647
            },
            "Wind_Speed_kmh": {
                "MSE": 0.04517710742921607,
                "RMSE": 0.21254907063832593,
                "MAE": 0.08952110432245751,
                "R2": 0.7741643810658327,
                "SMAPE": 165.16543657015322,
                "WAPE": 43.10835367568706
            },
            "Soil_Moisture": {
                "MSE": 82639.10807549105,
                "RMSE": 287.47018641154955,
                "MAE": 106.88619806583947,
                "R2": 0.9145691453483211,
                "SMAPE": 1.4590409534581021,
                "WAPE": 1.5608219285118416
            },
            "Soil_Temperature": {
                "MSE": 5.787081071928295,
                "RMSE": 2.405635274086306,
                "MAE": 1.393576366569702,
                "R2": 0.734601023621499,
                "SMAPE": 10.106576068908959,
                "WAPE": 8.966276829237474
            },
            "Wind_Dir_Sin": {
                "MSE": 0.06842837711496227,
                "RMSE": 0.26158818229224784,
                "MAE": 0.09896340059974004,
                "R2": 0.40108536701936237,
                "SMAPE": 172.2323282804538,
                "WAPE": 67.13874080855736
            },
            "Wind_Dir_Cos": {
                "MSE": 0.10536594042510895,
                "RMSE": 0.32460120213133675,
                "MAE": 0.12227126055984888,
                "R2": 0.750618258037869,
                "SMAPE": 24.6170896119836,
                "WAPE": 13.326180151454976
            }
        },
        {
            "Temperature": {
                "MSE": 0.4825186706913542,
                "RMSE": 0.6946356388001944,
                "MAE": 0.4772024291817192,
                "R2": 0.8233416213280751,
                "SMAPE": 5.973858015858941,
                "WAPE": 5.70203820780784
            },
            "Precipitation_accumulated": {
                "MSE": 0.047434695503723215,
                "RMSE": 0.2177950768583239,
                "MAE": 0.205474448166047,
                "R2": 0.7947474993530717,
                "SMAPE": 0.04479584701580091,
                "WAPE": 0.04480211936667623
            },
            "Humidity": {
                "MSE": 5.441811046213772,
                "RMSE": 2.332768965460097,
                "MAE": 1.7647221916781635,
                "R2": 0.8535146141996326,
                "SMAPE": 2.0390076313755685,
                "WAPE": 2.014307228132154
            },
            "Wind_Speed_kmh": {
                "MSE": 0.0011614584590255563,
                "RMSE": 0.03408017692186407,
                "MAE": 0.011816815194805768,
                "R2": -0.12362794172294755,
                "SMAPE": 195.1116798923754,
                "WAPE": 145.67708496920307
            },
            "Soil_Moisture": {
                "MSE": 11255.920596118107,
                "RMSE": 106.09392346462688,
                "MAE": 53.40182485109779,
                "R2": 0.7024486951067235,
                "SMAPE": 0.9126934158140902,
                "WAPE": 0.9098111049202647
            },
            "Soil_Temperature": {
                "MSE": 0.10740259618550636,
                "RMSE": 0.32772335312807105,
                "MAE": 0.24115641400156404,
                "R2": 0.9394899725506718,
                "SMAPE": 2.7375890741705824,
                "WAPE": 2.6839808950073825
            },
            "Wind_Dir_Sin": {
                "MSE": 0.027658734395585298,
                "RMSE": 0.1663091530721785,
                "MAE": 0.03990303089188135,
                "R2": 0.0683569445541794,
                "SMAPE": 192.89138955619543,
                "WAPE": 103.31283383144154
            },
            "Wind_Dir_Cos": {
                "MSE": 0.05050655432922149,
                "RMSE": 0.22473663326040438,
                "MAE": 0.047688094825552946,
                "R2": -0.1270454573428328,
                "SMAPE": 9.219670502301557,
                "WAPE": 4.895565945056578
            }
        },
        {
            "Temperature": {
                "MSE": 10.29773400429679,
                "RMSE": 3.20900825868317,
                "MAE": 2.4657252402403618,
                "R2": 0.6264118130454942,
                "SMAPE": 39.101025980529215,
                "WAPE": 30.178036854621418
            },
            "Precipitation_accumulated": {
                "MSE": 0.05996682930465115,
                "RMSE": 0.2448812555191825,
                "MAE": 0.10952597102471152,
                "R2": 0.9876673909372106,
                "SMAPE": 0.023638318584774463,
                "WAPE": 0.023616882831184998
            },
            "Humidity": {
                "MSE": 92.97589483893222,
                "RMSE": 9.642400885616208,
                "MAE": 6.861811225487753,
                "R2": 0.3517798732740789,
                "SMAPE": 8.105491601288845,
                "WAPE": 7.889133576488279
            },
            "Wind_Speed_kmh": {
                "MSE": 1.4879407075720403,
                "RMSE": 1.2198117508747162,
                "MAE": 0.9068869141833026,
                "R2": -0.05759759882225457,
                "SMAPE": 86.38847714314049,
                "WAPE": 68.13369371358672
            },
            "Soil_Moisture": {
                "MSE": 164216.8663464584,
                "RMSE": 405.2368028035687,
                "MAE": 116.12472683288057,
                "R2": 0.7904404839666012,
                "SMAPE": 1.543944609840299,
                "WAPE": 1.406040175906659
            },
            "Soil_Temperature": {
                "MSE": 3.217326393171715,
                "RMSE": 1.7936907183714017,
                "MAE": 1.3062053202959747,
                "R2": 0.8021413601034901,
                "SMAPE": 26.624518198474966,
                "WAPE": 18.9063406933178
            },
            "Wind_Dir_Sin": {
                "MSE": 0.6435792065935967,
                "RMSE": 0.8022338852190156,
                "MAE": 0.6817702424092674,
                "R2": -0.25340864963719834,
                "SMAPE": 138.41507843863468,
                "WAPE": 101.78219429400974
            },
            "Wind_Dir_Cos": {
                "MSE": 0.47365579393772683,
                "RMSE": 0.6882265571290654,
                "MAE": 0.5621973583521698,
                "R2": -0.08278327530911822,
                "SMAPE": 125.42060119353633,
                "WAPE": 94.96286518043509
            }
        }
    ]
}