{
    "trial_number": 0,
    "fold_smape": [
        57.06071592338574,
        52.661226125608906,
        59.65668735037886
    ],
    "mean_smape": 56.4595431331245,
    "hyperparameters": {
        "input_chunk_length": 132,
        "hidden_size": 248,
        "dropout": 0.35,
        "batch_size": 248,
        "lr": 3.97943962458924e-06,
        "weight_decay": 0.0004524007583360882,
        "num_encoder_layers": 3,
        "num_decoder_layers": 4,
        "temporal_width_past": 1,
        "temporal_width_future": 5,
        "use_reversible_instance_norm": true,
        "temporal_hidden_size_past": 84,
        "temporal_hidden_size_future": 60
    },
    "metrics_per_fold": [
        {
            "Temperature": {
                "MSE": 20.209195249751833,
                "RMSE": 4.495463852568702,
                "MAE": 3.0336346846318,
                "R2": -0.04269050157477294,
                "SMAPE": 18.767643178897778,
                "WAPE": 19.026809743947208
            },
            "Precipitation_accumulated": {
                "MSE": 12005.193927729764,
                "RMSE": 109.56821586450043,
                "MAE": 30.53040674753666,
                "R2": 0.1761007681743597,
                "SMAPE": 13.020920156572938,
                "WAPE": 7.236863868799624
            },
            "Humidity": {
                "MSE": 85.60509928112451,
                "RMSE": 9.252302377307203,
                "MAE": 6.381059392446029,
                "R2": -0.1705864231106109,
                "SMAPE": 7.876364613505088,
                "WAPE": 7.529351619169764
            },
            "Wind_Speed_kmh": {
                "MSE": 0.09507383712069771,
                "RMSE": 0.30834045650984193,
                "MAE": 0.13837669801317112,
                "R2": 0.3326968190826284,
                "SMAPE": 173.28224833557078,
                "WAPE": 90.02521892331964
            },
            "Soil_Moisture": {
                "MSE": 382666.0843390227,
                "RMSE": 618.6001005003335,
                "MAE": 292.12916397090225,
                "R2": 0.3988428032079381,
                "SMAPE": 3.9126938633890456,
                "WAPE": 4.356911067103828
            },
            "Soil_Temperature": {
                "MSE": 22.761817314666676,
                "RMSE": 4.770934637433914,
                "MAE": 3.0274722857957728,
                "R2": -0.14264661896618147,
                "SMAPE": 19.86229205568369,
                "WAPE": 19.275873930241183
            },
            "Wind_Dir_Sin": {
                "MSE": 0.16470959850466557,
                "RMSE": 0.40584430327979915,
                "MAE": 0.18103424072054564,
                "R2": -0.671931777796958,
                "SMAPE": 187.91696912035601,
                "WAPE": 145.2650168254615
            },
            "Wind_Dir_Cos": {
                "MSE": 0.14722986364396143,
                "RMSE": 0.38370543864266693,
                "MAE": 0.16553766143021081,
                "R2": 0.5565215051290963,
                "SMAPE": 31.846596063110646,
                "WAPE": 17.858466257266254
            }
        },
        {
            "Temperature": {
                "MSE": 1.4589652300051428,
                "RMSE": 1.2078763305923097,
                "MAE": 0.9353487188254904,
                "R2": 0.4429084133486809,
                "SMAPE": 11.923564361154403,
                "WAPE": 11.333121194694694
            },
            "Precipitation_accumulated": {
                "MSE": 0.11471000511528015,
                "RMSE": 0.33868865513223223,
                "MAE": 0.1719411220298536,
                "R2": 0.5076736602551498,
                "SMAPE": 0.03746156412386982,
                "WAPE": 0.037488450243209605
            },
            "Humidity": {
                "MSE": 13.717028965633922,
                "RMSE": 3.7036507618340475,
                "MAE": 2.8065670776410916,
                "R2": 0.6395152003196806,
                "SMAPE": 3.245125448780876,
                "WAPE": 3.2121560386697037
            },
            "Wind_Speed_kmh": {
                "MSE": 0.0014394037998559741,
                "RMSE": 0.03793947548208823,
                "MAE": 0.015739642817831377,
                "R2": -0.3184726507910096,
                "SMAPE": 195.17467952928638,
                "WAPE": 183.71432312449144
            },
            "Soil_Moisture": {
                "MSE": 22374.850552284915,
                "RMSE": 149.5822534670638,
                "MAE": 98.01630802026679,
                "R2": 0.2917023157290911,
                "SMAPE": 1.6642604282457818,
                "WAPE": 1.6756182098795893
            },
            "Soil_Temperature": {
                "MSE": 0.35635040447582067,
                "RMSE": 0.596950923004413,
                "MAE": 0.4661705640712659,
                "R2": 0.7927350896525689,
                "SMAPE": 5.449871880729563,
                "WAPE": 5.239229796446729
            },
            "Wind_Dir_Sin": {
                "MSE": 0.030802804269020195,
                "RMSE": 0.17550727696884877,
                "MAE": 0.045831127308467126,
                "R2": 0.015192029190621792,
                "SMAPE": 193.89418138994714,
                "WAPE": 112.34824042544302
            },
            "Wind_Dir_Cos": {
                "MSE": 0.04904893964836982,
                "RMSE": 0.22146995202141942,
                "MAE": 0.056691284435439575,
                "R2": -0.038233996308546514,
                "SMAPE": 9.900664402603164,
                "WAPE": 5.828521071443988
            }
        },
        {
            "Temperature": {
                "MSE": 22.7216377244737,
                "RMSE": 4.766721905510505,
                "MAE": 3.810399707743091,
                "R2": 0.20318795472341367,
                "SMAPE": 51.45786443047501,
                "WAPE": 45.69738814078531
            },
            "Precipitation_accumulated": {
                "MSE": 0.38482355858451756,
                "RMSE": 0.6203414854614493,
                "MAE": 0.41279513764931913,
                "R2": 0.9148312030698637,
                "SMAPE": 0.08908620490366723,
                "WAPE": 0.08897550386544542
            },
            "Humidity": {
                "MSE": 201.4086372636331,
                "RMSE": 14.191851086578984,
                "MAE": 11.47015860436851,
                "R2": -0.4018968968728913,
                "SMAPE": 13.492957576001551,
                "WAPE": 13.090781566445184
            },
            "Wind_Speed_kmh": {
                "MSE": 2.0967259614781217,
                "RMSE": 1.4480075833634718,
                "MAE": 1.1565965144793835,
                "R2": -0.5127777250333398,
                "SMAPE": 90.16934855956518,
                "WAPE": 82.5588256862514
            },
            "Soil_Moisture": {
                "MSE": 408157.6167837707,
                "RMSE": 638.8721443166627,
                "MAE": 256.7854147685118,
                "R2": 0.1326044634186443,
                "SMAPE": 3.419174251144948,
                "WAPE": 3.0582137783451726
            },
            "Soil_Temperature": {
                "MSE": 8.742338485292365,
                "RMSE": 2.9567445755919404,
                "MAE": 2.3808307416720402,
                "R2": 0.48956076590703423,
                "SMAPE": 46.69827977012223,
                "WAPE": 34.227677099941474
            },
            "Wind_Dir_Sin": {
                "MSE": 0.7662149416348046,
                "RMSE": 0.8753370445918558,
                "MAE": 0.7145992492815295,
                "R2": -0.4186499004730413,
                "SMAPE": 131.37859562641103,
                "WAPE": 102.09839228197384
            },
            "Wind_Dir_Cos": {
                "MSE": 0.5590473143176037,
                "RMSE": 0.747694666503382,
                "MAE": 0.6217980365115287,
                "R2": -0.42811543890722725,
                "SMAPE": 140.54819238440732,
                "WAPE": 108.95972805182241
            }
        }
    ]
}