{
    "trial_number": 49,
    "fold_smape": [
        48.792976875023456,
        51.076260016844756,
        52.73792487647789
    ],
    "mean_smape": 50.86905392278203,
    "hyperparameters": {
        "input_chunk_length": 24,
        "hidden_size": 128,
        "dropout": 0.35,
        "batch_size": 72,
        "lr": 0.0019980175624282545,
        "weight_decay": 0.0033173821818944065,
        "num_encoder_layers": 3,
        "num_decoder_layers": 2,
        "temporal_width_past": 3,
        "temporal_width_future": 1,
        "use_reversible_instance_norm": true,
        "temporal_hidden_size_past": 24,
        "temporal_hidden_size_future": 168
    },
    "metrics_per_fold": [
        {
            "Temperature": {
                "MSE": 5.2732444053125835,
                "RMSE": 2.2963545905004703,
                "MAE": 1.365042591745258,
                "R2": 0.7529335295451155,
                "SMAPE": 9.896580431659256,
                "WAPE": 8.648482100591567
            },
            "Precipitation_accumulated": {
                "MSE": 1827.43681166095,
                "RMSE": 42.74852993567089,
                "MAE": 5.379260276219649,
                "R2": 0.9185078257943026,
                "SMAPE": 3.1101707959993665,
                "WAPE": 1.3453064292488128
            },
            "Humidity": {
                "MSE": 23.371104784562657,
                "RMSE": 4.834367051079454,
                "MAE": 3.4999844546915293,
                "R2": 0.7014310483409768,
                "SMAPE": 4.316081505273763,
                "WAPE": 4.138989372501452
            },
            "Wind_Speed_kmh": {
                "MSE": 0.04486754066948869,
                "RMSE": 0.2118195946306401,
                "MAE": 0.08779642262787156,
                "R2": 0.7757118728102746,
                "SMAPE": 165.0275070040626,
                "WAPE": 42.27784349564738
            },
            "Soil_Moisture": {
                "MSE": 77395.99235626103,
                "RMSE": 278.2013521826611,
                "MAE": 102.92867042047668,
                "R2": 0.9199893860474619,
                "SMAPE": 1.4113520237922188,
                "WAPE": 1.5030315304684088
            },
            "Soil_Temperature": {
                "MSE": 5.671897808903132,
                "RMSE": 2.3815746490301604,
                "MAE": 1.3798621412505,
                "R2": 0.7398833965004793,
                "SMAPE": 10.194649387440515,
                "WAPE": 8.878039439697652
            },
            "Wind_Dir_Sin": {
                "MSE": 0.06936748108424763,
                "RMSE": 0.2633770701565488,
                "MAE": 0.0992636360350211,
                "R2": 0.39286592454814506,
                "SMAPE": 171.9124575310906,
                "WAPE": 67.34242650396314
            },
            "Wind_Dir_Cos": {
                "MSE": 0.10713368181718934,
                "RMSE": 0.3273128195124495,
                "MAE": 0.12278851584684591,
                "R2": 0.7464343402944602,
                "SMAPE": 24.47501632086742,
                "WAPE": 13.382555109129033
            }
        },
        {
            "Temperature": {
                "MSE": 0.4715524064083699,
                "RMSE": 0.6866967353995284,
                "MAE": 0.4685281075066342,
                "R2": 0.8273565591657015,
                "SMAPE": 5.846879691024097,
                "WAPE": 5.5983897127593885
            },
            "Precipitation_accumulated": {
                "MSE": 0.024934163093017832,
                "RMSE": 0.15790555117860117,
                "MAE": 0.13240819960186373,
                "R2": 0.8921085236864532,
                "SMAPE": 0.02886841838148485,
                "WAPE": 0.028870587153958512
            },
            "Humidity": {
                "MSE": 5.409014109068472,
                "RMSE": 2.325728726457252,
                "MAE": 1.7536267580563645,
                "R2": 0.8543974585229654,
                "SMAPE": 2.0253209851442975,
                "WAPE": 2.0016425649636154
            },
            "Wind_Speed_kmh": {
                "MSE": 0.0011784601914557554,
                "RMSE": 0.03432870797824694,
                "MAE": 0.010656769518944932,
                "R2": -0.1400759011551742,
                "SMAPE": 195.22782407133565,
                "WAPE": 131.37610203051597
            },
            "Soil_Moisture": {
                "MSE": 11128.893684441036,
                "RMSE": 105.4935717683359,
                "MAE": 52.77057223118583,
                "R2": 0.7058066632980688,
                "SMAPE": 0.9018712479341818,
                "WAPE": 0.8990564042109291
            },
            "Soil_Temperature": {
                "MSE": 0.10587611809516054,
                "RMSE": 0.32538610618027397,
                "MAE": 0.23859096341204558,
                "R2": 0.9403499818467981,
                "SMAPE": 2.705598351732337,
                "WAPE": 2.655428387300462
            },
            "Wind_Dir_Sin": {
                "MSE": 0.027215179373528228,
                "RMSE": 0.1649702378416429,
                "MAE": 0.039123345492836525,
                "R2": 0.08329743134932166,
                "SMAPE": 192.74272085217544,
                "WAPE": 101.29415238615042
            },
            "Wind_Dir_Cos": {
                "MSE": 0.0501381334462305,
                "RMSE": 0.22391546048951264,
                "MAE": 0.047371074669306824,
                "R2": -0.11882420590171039,
                "SMAPE": 9.130996517030477,
                "WAPE": 4.863021279842077
            }
        },
        {
            "Temperature": {
                "MSE": 9.58964074770693,
                "RMSE": 3.096714508589213,
                "MAE": 2.3769907101461976,
                "R2": 0.6521005010436245,
                "SMAPE": 37.94541376691613,
                "WAPE": 29.092014018111797
            },
            "Precipitation_accumulated": {
                "MSE": 0.04521939853313661,
                "RMSE": 0.21264853287322866,
                "MAE": 0.11773462651112966,
                "R2": 0.9907003059753171,
                "SMAPE": 0.02538384222003591,
                "WAPE": 0.02538690005185461
            },
            "Humidity": {
                "MSE": 88.85601877895581,
                "RMSE": 9.426347053814421,
                "MAE": 6.691973060959596,
                "R2": 0.3805033030008851,
                "SMAPE": 7.906838629400198,
                "WAPE": 7.693867935636584
            },
            "Wind_Speed_kmh": {
                "MSE": 1.486683239189944,
                "RMSE": 1.2192962065019082,
                "MAE": 0.9035475128919507,
                "R2": -0.056703816203947044,
                "SMAPE": 86.45811029776691,
                "WAPE": 67.88280714634958
            },
            "Soil_Moisture": {
                "MSE": 155867.8244437661,
                "RMSE": 394.80099346856525,
                "MAE": 111.27201098582145,
                "R2": 0.8010948169799926,
                "SMAPE": 1.4774351281417908,
                "WAPE": 1.3472834095459214
            },
            "Soil_Temperature": {
                "MSE": 2.9301014336447837,
                "RMSE": 1.7117539056899458,
                "MAE": 1.247677973579389,
                "R2": 0.8198050761495033,
                "SMAPE": 25.514852113328498,
                "WAPE": 18.059201319663305
            },
            "Wind_Dir_Sin": {
                "MSE": 0.6550324003800543,
                "RMSE": 0.8093407195860433,
                "MAE": 0.6803956935443095,
                "R2": -0.2757144233645683,
                "SMAPE": 136.38292901379583,
                "WAPE": 101.57698645280897
            },
            "Wind_Dir_Cos": {
                "MSE": 0.47573180001565607,
                "RMSE": 0.6897331368113729,
                "MAE": 0.5617709992517138,
                "R2": -0.08752905207231243,
                "SMAPE": 126.19243622025365,
                "WAPE": 94.89084726506509
            }
        }
    ]
}