{
    "trial_number": 17,
    "fold_smape": [
        50.081531455713304,
        51.155071501349624,
        55.442961415586055
    ],
    "mean_smape": 52.226521457549666,
    "hyperparameters": {
        "input_chunk_length": 36,
        "hidden_size": 192,
        "dropout": 0.5,
        "batch_size": 224,
        "lr": 0.0001231163582532156,
        "weight_decay": 1.0181522632410464e-05,
        "num_encoder_layers": 2,
        "num_decoder_layers": 3,
        "temporal_width_past": 4,
        "temporal_width_future": 3,
        "use_reversible_instance_norm": true,
        "temporal_hidden_size_past": 168,
        "temporal_hidden_size_future": 24
    },
    "metrics_per_fold": [
        {
            "Temperature": {
                "MSE": 5.857394992621101,
                "RMSE": 2.4202055682567756,
                "MAE": 1.4553737596826206,
                "R2": 0.7184223152326368,
                "SMAPE": 10.266208597977414,
                "WAPE": 9.185743362379911
            },
            "Precipitation_accumulated": {
                "MSE": 2707.05013924952,
                "RMSE": 52.029319996032235,
                "MAE": 8.777550015185255,
                "R2": 0.8748924801465241,
                "SMAPE": 4.266312239555981,
                "WAPE": 2.1824589318709546
            },
            "Humidity": {
                "MSE": 26.85222295852608,
                "RMSE": 5.181913059722835,
                "MAE": 3.891131305276537,
                "R2": 0.656582380214713,
                "SMAPE": 4.772446291603413,
                "WAPE": 4.604514286878581
            },
            "Wind_Speed_kmh": {
                "MSE": 0.06054658361386719,
                "RMSE": 0.24606215396494274,
                "MAE": 0.10721118371103544,
                "R2": 0.6948709628411072,
                "SMAPE": 166.3407491357019,
                "WAPE": 52.50176899332156
            },
            "Soil_Moisture": {
                "MSE": 150796.50992598425,
                "RMSE": 388.3252630540334,
                "MAE": 166.63527619782943,
                "R2": 0.8382625383545077,
                "SMAPE": 2.2908807337976564,
                "WAPE": 2.4388420571637512
            },
            "Soil_Temperature": {
                "MSE": 6.192166775525176,
                "RMSE": 2.4884064731319873,
                "MAE": 1.4953410948274508,
                "R2": 0.7094297235207787,
                "SMAPE": 10.662478222675919,
                "WAPE": 9.585025268189874
            },
            "Wind_Dir_Sin": {
                "MSE": 0.0804884081283971,
                "RMSE": 0.28370479045725877,
                "MAE": 0.11241792722939335,
                "R2": 0.2821972960019876,
                "SMAPE": 174.20271386750625,
                "WAPE": 77.68826296836161
            },
            "Wind_Dir_Cos": {
                "MSE": 0.1385451928916331,
                "RMSE": 0.3722165940573218,
                "MAE": 0.14738653377179312,
                "R2": 0.665499558215239,
                "SMAPE": 27.850462556887923,
                "WAPE": 16.039770504714784
            }
        },
        {
            "Temperature": {
                "MSE": 0.5317610420907734,
                "RMSE": 0.7292194745690582,
                "MAE": 0.5021030235917496,
                "R2": 0.803513096755972,
                "SMAPE": 6.326477395022091,
                "WAPE": 6.010753602454638
            },
            "Precipitation_accumulated": {
                "MSE": 0.0853111235755638,
                "RMSE": 0.29208067990807574,
                "MAE": 0.22303433551985777,
                "R2": 0.631262678647647,
                "SMAPE": 0.04861540291601552,
                "WAPE": 0.04863064481244915
            },
            "Humidity": {
                "MSE": 5.491781838027604,
                "RMSE": 2.3434551068940075,
                "MAE": 1.760067410800815,
                "R2": 0.8526480267121853,
                "SMAPE": 2.0346227040636493,
                "WAPE": 2.0095305656970996
            },
            "Wind_Speed_kmh": {
                "MSE": 0.0010756352027691302,
                "RMSE": 0.03279687794240681,
                "MAE": 0.011931372235233906,
                "R2": -0.03445184943131285,
                "SMAPE": 194.66749852997611,
                "WAPE": 146.2198445983636
            },
            "Soil_Moisture": {
                "MSE": 12827.667377540789,
                "RMSE": 113.2592926763221,
                "MAE": 58.353868198818866,
                "R2": 0.646992786378036,
                "SMAPE": 0.9965615829138512,
                "WAPE": 0.9947190607840836
            },
            "Soil_Temperature": {
                "MSE": 0.11494759623529176,
                "RMSE": 0.33903922521633356,
                "MAE": 0.24769389062712072,
                "R2": 0.9346744753783418,
                "SMAPE": 2.830500217289471,
                "WAPE": 2.760531754629676
            },
            "Wind_Dir_Sin": {
                "MSE": 0.027218125704004136,
                "RMSE": 0.16497916748488015,
                "MAE": 0.040391889974545195,
                "R2": 0.08837661085174142,
                "SMAPE": 192.58389616753755,
                "WAPE": 103.96033936306216
            },
            "Wind_Dir_Cos": {
                "MSE": 0.05418813085218394,
                "RMSE": 0.2327834419630914,
                "MAE": 0.052195938499493943,
                "R2": -0.20228967705985568,
                "SMAPE": 9.752400011078239,
                "WAPE": 5.3591793718053795
            }
        },
        {
            "Temperature": {
                "MSE": 10.928287194901142,
                "RMSE": 3.305796000194377,
                "MAE": 2.5110486444159608,
                "R2": 0.6049391261058067,
                "SMAPE": 40.47544667445832,
                "WAPE": 30.658635153797945
            },
            "Precipitation_accumulated": {
                "MSE": 0.1342659096092175,
                "RMSE": 0.36642312919522085,
                "MAE": 0.27524826512105455,
                "R2": 0.9721509509630679,
                "SMAPE": 0.05936321017797799,
                "WAPE": 0.05934866866753956
            },
            "Humidity": {
                "MSE": 93.36597995704027,
                "RMSE": 9.662607306366137,
                "MAE": 6.749928925943378,
                "R2": 0.3484779517257012,
                "SMAPE": 7.986102296012903,
                "WAPE": 7.753714118865168
            },
            "Wind_Speed_kmh": {
                "MSE": 1.5927037917896316,
                "RMSE": 1.2620236890762517,
                "MAE": 0.9735305143924382,
                "R2": -0.13454205427316568,
                "SMAPE": 91.51914725108239,
                "WAPE": 72.72767564167296
            },
            "Soil_Moisture": {
                "MSE": 179513.76937000867,
                "RMSE": 423.69065291791446,
                "MAE": 132.48149423653513,
                "R2": 0.7594941517773652,
                "SMAPE": 1.7591141095728848,
                "WAPE": 1.6010378258052627
            },
            "Soil_Temperature": {
                "MSE": 3.013439210573269,
                "RMSE": 1.7359260383361006,
                "MAE": 1.283624523720445,
                "R2": 0.8157339676490151,
                "SMAPE": 26.77973946847525,
                "WAPE": 18.567202268546726
            },
            "Wind_Dir_Sin": {
                "MSE": 0.7151015627509891,
                "RMSE": 0.8456367794455188,
                "MAE": 0.7146340278816811,
                "R2": -0.3849600338776795,
                "SMAPE": 143.7599118605524,
                "WAPE": 106.16913707327154
            },
            "Wind_Dir_Cos": {
                "MSE": 0.5133637955284944,
                "RMSE": 0.7164941001351612,
                "MAE": 0.5864190050895426,
                "R2": -0.18621638784118488,
                "SMAPE": 131.2048664543561,
                "WAPE": 99.4465474423707
            }
        }
    ]
}