{
    "trial_number": 27,
    "fold_smape": [
        48.74106226520634,
        50.92717197959249,
        54.19168650363593
    ],
    "mean_smape": 51.286640249478246,
    "hyperparameters": {
        "input_chunk_length": 36,
        "hidden_size": 80,
        "dropout": 0.1,
        "batch_size": 144,
        "lr": 0.0020496496891460494,
        "weight_decay": 0.0004996991970143177,
        "num_encoder_layers": 4,
        "num_decoder_layers": 2,
        "temporal_width_past": 3,
        "temporal_width_future": 2,
        "use_reversible_instance_norm": true,
        "temporal_hidden_size_past": 168,
        "temporal_hidden_size_future": 144
    },
    "metrics_per_fold": [
        {
            "Temperature": {
                "MSE": 4.781013949377288,
                "RMSE": 2.1865529834370094,
                "MAE": 1.3052456099981427,
                "R2": 0.7701662871631426,
                "SMAPE": 9.237436481289608,
                "WAPE": 8.238193878753586
            },
            "Precipitation_accumulated": {
                "MSE": 1925.8861222333887,
                "RMSE": 43.88491907516053,
                "MAE": 6.089460193418937,
                "R2": 0.9109943207998192,
                "SMAPE": 3.2459226482217027,
                "WAPE": 1.5140895541931352
            },
            "Humidity": {
                "MSE": 23.095866931348173,
                "RMSE": 4.805815948551107,
                "MAE": 3.463597032529827,
                "R2": 0.7046230525982244,
                "SMAPE": 4.272292221288604,
                "WAPE": 4.098597751930766
            },
            "Wind_Speed_kmh": {
                "MSE": 0.04300143545711211,
                "RMSE": 0.2073678746988359,
                "MAE": 0.08357823651266845,
                "R2": 0.7832910493983058,
                "SMAPE": 165.45203077583056,
                "WAPE": 40.92861504154484
            },
            "Soil_Moisture": {
                "MSE": 80107.60015168467,
                "RMSE": 283.03286055100506,
                "MAE": 102.90679039623075,
                "R2": 0.9140802402296648,
                "SMAPE": 1.4090693446303417,
                "WAPE": 1.506124117969515
            },
            "Soil_Temperature": {
                "MSE": 4.996461265582296,
                "RMSE": 2.2352765523716065,
                "MAE": 1.304564126023927,
                "R2": 0.7655387550128067,
                "SMAPE": 9.437375428413235,
                "WAPE": 8.362159078732644
            },
            "Wind_Dir_Sin": {
                "MSE": 0.06890690752217185,
                "RMSE": 0.26250125242019673,
                "MAE": 0.09788523095146252,
                "R2": 0.3854821371960342,
                "SMAPE": 172.7760434492641,
                "WAPE": 67.64520348572759
            },
            "Wind_Dir_Cos": {
                "MSE": 0.10680382149496971,
                "RMSE": 0.3268085395074151,
                "MAE": 0.12150614402229636,
                "R2": 0.7421352215207342,
                "SMAPE": 24.0983277727125,
                "WAPE": 13.223261414425384
            }
        },
        {
            "Temperature": {
                "MSE": 0.4557912649914468,
                "RMSE": 0.6751231480192682,
                "MAE": 0.4582145362549488,
                "R2": 0.8315841005732048,
                "SMAPE": 5.68257331079358,
                "WAPE": 5.485357675780327
            },
            "Precipitation_accumulated": {
                "MSE": 0.014783782810145678,
                "RMSE": 0.12158858009758021,
                "MAE": 0.03140382358445539,
                "R2": 0.9361005664397375,
                "SMAPE": 0.006838403345944902,
                "WAPE": 0.006847323247018579
            },
            "Humidity": {
                "MSE": 5.152367057484504,
                "RMSE": 2.2698826087453297,
                "MAE": 1.6999436992108936,
                "R2": 0.8617549867392134,
                "SMAPE": 1.9617548577994495,
                "WAPE": 1.9408852198304138
            },
            "Wind_Speed_kmh": {
                "MSE": 0.001221018420326305,
                "RMSE": 0.03494307399652047,
                "MAE": 0.010596824467725311,
                "R2": -0.17426871103190322,
                "SMAPE": 195.19626574822885,
                "WAPE": 129.86486351765018
            },
            "Soil_Moisture": {
                "MSE": 10988.967596070339,
                "RMSE": 104.82827670085176,
                "MAE": 51.35513452055998,
                "R2": 0.6975923433700285,
                "SMAPE": 0.8782105911998015,
                "WAPE": 0.8754163649045922
            },
            "Soil_Temperature": {
                "MSE": 0.102790398630817,
                "RMSE": 0.32060941756413985,
                "MAE": 0.23353541742103165,
                "R2": 0.9415834959881842,
                "SMAPE": 2.637668391733607,
                "WAPE": 2.6027365228477146
            },
            "Wind_Dir_Sin": {
                "MSE": 0.026556869630759157,
                "RMSE": 0.16296278603030556,
                "MAE": 0.03762253783320988,
                "R2": 0.11052422340750889,
                "SMAPE": 192.16679667105925,
                "WAPE": 96.83260187391576
            },
            "Wind_Dir_Cos": {
                "MSE": 0.04967615854934583,
                "RMSE": 0.22288148992086765,
                "MAE": 0.0456517182491897,
                "R2": -0.10218108062791909,
                "SMAPE": 8.887267862579458,
                "WAPE": 4.68725639890354
            }
        },
        {
            "Temperature": {
                "MSE": 10.394856119992832,
                "RMSE": 3.224105475941014,
                "MAE": 2.458902171963041,
                "R2": 0.6242228201428668,
                "SMAPE": 39.15538605234671,
                "WAPE": 30.02195307396373
            },
            "Precipitation_accumulated": {
                "MSE": 0.051488139051344285,
                "RMSE": 0.22690998006113414,
                "MAE": 0.14725889103415474,
                "R2": 0.9893204781955849,
                "SMAPE": 0.03173912959639082,
                "WAPE": 0.03175176827542097
            },
            "Humidity": {
                "MSE": 97.48217054766467,
                "RMSE": 9.873305958374058,
                "MAE": 6.960328057847904,
                "R2": 0.3197545459849275,
                "SMAPE": 8.212625702488221,
                "WAPE": 7.995401807364361
            },
            "Wind_Speed_kmh": {
                "MSE": 1.5831063613526204,
                "RMSE": 1.2582155464595963,
                "MAE": 0.9393074801044874,
                "R2": -0.12770544818239005,
                "SMAPE": 89.24684751508275,
                "WAPE": 70.17104110339014
            },
            "Soil_Moisture": {
                "MSE": 173795.59224135298,
                "RMSE": 416.88798524466137,
                "MAE": 121.65057883058924,
                "R2": 0.7671551520752308,
                "SMAPE": 1.6191260964161227,
                "WAPE": 1.4701462974982533
            },
            "Soil_Temperature": {
                "MSE": 3.1791063056217577,
                "RMSE": 1.7830048529439726,
                "MAE": 1.3031812334270025,
                "R2": 0.8056037422943476,
                "SMAPE": 26.746022003924097,
                "WAPE": 18.850083576997
            },
            "Wind_Dir_Sin": {
                "MSE": 0.6873042475511715,
                "RMSE": 0.8290381460169197,
                "MAE": 0.6946517432027286,
                "R2": -0.33112408580235164,
                "SMAPE": 137.5321228824365,
                "WAPE": 103.20048201579353
            },
            "Wind_Dir_Cos": {
                "MSE": 0.5245950554802743,
                "RMSE": 0.7242893451378906,
                "MAE": 0.5944864831036055,
                "R2": -0.21216816848280629,
                "SMAPE": 130.9896226467967,
                "WAPE": 100.81465254828092
            }
        }
    ]
}