{
    "trial_number": 29,
    "fold_smape": [
        48.900234244989335,
        50.97960844570313,
        53.630743978034786
    ],
    "mean_smape": 51.17019555624242,
    "hyperparameters": {
        "input_chunk_length": 60,
        "hidden_size": 64,
        "dropout": 0.1,
        "batch_size": 128,
        "lr": 0.002735024222347737,
        "weight_decay": 0.00043053682338250223,
        "num_encoder_layers": 4,
        "num_decoder_layers": 1,
        "temporal_width_past": 2,
        "temporal_width_future": 2,
        "use_reversible_instance_norm": true,
        "temporal_hidden_size_past": 60,
        "temporal_hidden_size_future": 132
    },
    "metrics_per_fold": [
        {
            "Temperature": {
                "MSE": 4.838106903841119,
                "RMSE": 2.1995697087933173,
                "MAE": 1.3280172514278772,
                "R2": 0.7600918524270663,
                "SMAPE": 9.222629138379512,
                "WAPE": 8.337429637636845
            },
            "Precipitation_accumulated": {
                "MSE": 1977.459247224328,
                "RMSE": 44.46863217172671,
                "MAE": 6.5867046394513835,
                "R2": 0.9011555587679384,
                "SMAPE": 3.291563217312157,
                "WAPE": 1.6186317308047364
            },
            "Humidity": {
                "MSE": 24.295045449054907,
                "RMSE": 4.929000451314131,
                "MAE": 3.5421780634486675,
                "R2": 0.689042706275478,
                "SMAPE": 4.377531149460274,
                "WAPE": 4.190893206526717
            },
            "Wind_Speed_kmh": {
                "MSE": 0.0341881445319098,
                "RMSE": 0.18490036379604502,
                "MAE": 0.07414110553424734,
                "R2": 0.8058970395119204,
                "SMAPE": 166.27458832977572,
                "WAPE": 39.269094900403516
            },
            "Soil_Moisture": {
                "MSE": 115052.10619088335,
                "RMSE": 339.19331684289324,
                "MAE": 127.75175186278473,
                "R2": 0.8664872506099448,
                "SMAPE": 1.7510470466954031,
                "WAPE": 1.8783263902661662
            },
            "Soil_Temperature": {
                "MSE": 4.752823643635476,
                "RMSE": 2.180097163806117,
                "MAE": 1.2862977398179143,
                "R2": 0.7713978817607734,
                "SMAPE": 9.238666946540661,
                "WAPE": 8.204588651719249
            },
            "Wind_Dir_Sin": {
                "MSE": 0.0613914544008553,
                "RMSE": 0.24777298965152617,
                "MAE": 0.09097657366238204,
                "R2": 0.43466226484298975,
                "SMAPE": 173.07999450383207,
                "WAPE": 65.2185920553112
            },
            "Wind_Dir_Cos": {
                "MSE": 0.0996191507182103,
                "RMSE": 0.31562501598924364,
                "MAE": 0.11786112693371745,
                "R2": 0.7491253039458263,
                "SMAPE": 23.96585362791886,
                "WAPE": 12.793097040339083
            }
        },
        {
            "Temperature": {
                "MSE": 0.43200053381095016,
                "RMSE": 0.6572674750898223,
                "MAE": 0.44721977039614574,
                "R2": 0.8386775769079794,
                "SMAPE": 5.564323224432782,
                "WAPE": 5.370651513910595
            },
            "Precipitation_accumulated": {
                "MSE": 0.01799948678699128,
                "RMSE": 0.13416216600439662,
                "MAE": 0.09849957596133269,
                "R2": 0.9223626749166761,
                "SMAPE": 0.02147447510285512,
                "WAPE": 0.021476707644127353
            },
            "Humidity": {
                "MSE": 5.007816712301163,
                "RMSE": 2.2378151649099984,
                "MAE": 1.6716901162158813,
                "R2": 0.8658184574255827,
                "SMAPE": 1.9312555892031527,
                "WAPE": 1.910109291154894
            },
            "Wind_Speed_kmh": {
                "MSE": 0.0012922988803386168,
                "RMSE": 0.03594855880753242,
                "MAE": 0.011628894828624416,
                "R2": -0.2280466951891995,
                "SMAPE": 195.3169154732662,
                "WAPE": 140.818060297611
            },
            "Soil_Moisture": {
                "MSE": 10849.568901511528,
                "RMSE": 104.16126392047826,
                "MAE": 51.24832015994919,
                "R2": 0.6747566115908985,
                "SMAPE": 0.8761428139975456,
                "WAPE": 0.8745456037551106
            },
            "Soil_Temperature": {
                "MSE": 0.09773899623938466,
                "RMSE": 0.31263236594982396,
                "MAE": 0.2292985347935502,
                "R2": 0.9439419841335239,
                "SMAPE": 2.601069120668624,
                "WAPE": 2.561372110381698
            },
            "Wind_Dir_Sin": {
                "MSE": 0.0252943772554215,
                "RMSE": 0.15904206127757997,
                "MAE": 0.037454645883503515,
                "R2": 0.16243366290567962,
                "SMAPE": 192.5255953657335,
                "WAPE": 95.2539954425195
            },
            "Wind_Dir_Cos": {
                "MSE": 0.04840187487540094,
                "RMSE": 0.22000426103919202,
                "MAE": 0.04594380092487505,
                "R2": -0.06156489886547467,
                "SMAPE": 9.00009150322041,
                "WAPE": 4.718764632679407
            }
        },
        {
            "Temperature": {
                "MSE": 9.043217541382523,
                "RMSE": 3.0071942972449457,
                "MAE": 2.303523637246074,
                "R2": 0.6755272048717212,
                "SMAPE": 38.3549616074135,
                "WAPE": 28.002497198684523
            },
            "Precipitation_accumulated": {
                "MSE": 0.047772445792789456,
                "RMSE": 0.21856908700177494,
                "MAE": 0.11257845073278963,
                "R2": 0.9899281517800889,
                "SMAPE": 0.024277223359666256,
                "WAPE": 0.024271912205787543
            },
            "Humidity": {
                "MSE": 90.01179064693814,
                "RMSE": 9.487454381810652,
                "MAE": 6.703485825814408,
                "R2": 0.37074371063156153,
                "SMAPE": 7.914549383264858,
                "WAPE": 7.6868157588317745
            },
            "Wind_Speed_kmh": {
                "MSE": 1.5386178853892756,
                "RMSE": 1.2404103697523958,
                "MAE": 0.9253647648594319,
                "R2": -0.10051961813056032,
                "SMAPE": 88.5402387110505,
                "WAPE": 68.33637018541643
            },
            "Soil_Moisture": {
                "MSE": 154867.26851585545,
                "RMSE": 393.53178844390123,
                "MAE": 109.28403894168969,
                "R2": 0.7691133168201943,
                "SMAPE": 1.4521324776734257,
                "WAPE": 1.3156555627568813
            },
            "Soil_Temperature": {
                "MSE": 2.74847495738261,
                "RMSE": 1.6578525137606812,
                "MAE": 1.2058636626276524,
                "R2": 0.8338451461112134,
                "SMAPE": 24.978599649729613,
                "WAPE": 17.418335835905108
            },
            "Wind_Dir_Sin": {
                "MSE": 0.697806950910609,
                "RMSE": 0.8353484009146177,
                "MAE": 0.7011603258231945,
                "R2": -0.33636549735499943,
                "SMAPE": 137.26526973165005,
                "WAPE": 103.07399984868677
            },
            "Wind_Dir_Cos": {
                "MSE": 0.489406900156519,
                "RMSE": 0.699576228981888,
                "MAE": 0.5718927942076141,
                "R2": -0.15767619960499557,
                "SMAPE": 130.5159230401365,
                "WAPE": 97.79096600569174
            }
        }
    ]
}