{
    "trial_number": 22,
    "fold_smape": [
        48.59257621405312,
        50.95900202736691,
        52.7728200147188
    ],
    "mean_smape": 50.774799418712945,
    "hyperparameters": {
        "input_chunk_length": 48,
        "hidden_size": 56,
        "dropout": 0.15000000000000002,
        "batch_size": 136,
        "lr": 0.004037485712715622,
        "weight_decay": 0.00042665070953740137,
        "num_encoder_layers": 4,
        "num_decoder_layers": 2,
        "temporal_width_past": 3,
        "temporal_width_future": 1,
        "use_reversible_instance_norm": true,
        "temporal_hidden_size_past": 132,
        "temporal_hidden_size_future": 132
    },
    "metrics_per_fold": [
        {
            "Temperature": {
                "MSE": 4.455655678387783,
                "RMSE": 2.11084240965255,
                "MAE": 1.2725058422430866,
                "R2": 0.7849476977236386,
                "SMAPE": 8.997064938085549,
                "WAPE": 8.019718533473306
            },
            "Precipitation_accumulated": {
                "MSE": 1912.5299465357393,
                "RMSE": 43.73248159590008,
                "MAE": 6.060133256402012,
                "R2": 0.908193808428323,
                "SMAPE": 3.180403848516794,
                "WAPE": 1.4980151663400312
            },
            "Humidity": {
                "MSE": 21.46208424526143,
                "RMSE": 4.632718882606782,
                "MAE": 3.310525824486273,
                "R2": 0.7243422607429413,
                "SMAPE": 4.080313068315074,
                "WAPE": 3.9155275006776877
            },
            "Wind_Speed_kmh": {
                "MSE": 0.037196888908904116,
                "RMSE": 0.19286494992326655,
                "MAE": 0.07542368019026224,
                "R2": 0.7939000407224877,
                "SMAPE": 165.45383621279302,
                "WAPE": 38.8026765856812
            },
            "Soil_Moisture": {
                "MSE": 78374.77338345716,
                "RMSE": 279.9549488461619,
                "MAE": 101.48509343052133,
                "R2": 0.9126089029268054,
                "SMAPE": 1.3895002446798432,
                "WAPE": 1.4887227949502078
            },
            "Soil_Temperature": {
                "MSE": 4.408334710493088,
                "RMSE": 2.099603465060269,
                "MAE": 1.2390631726101438,
                "R2": 0.7924401356440118,
                "SMAPE": 8.964624556629905,
                "WAPE": 7.932084709768827
            },
            "Wind_Dir_Sin": {
                "MSE": 0.06691045913813691,
                "RMSE": 0.2586705610194885,
                "MAE": 0.09469724381345242,
                "R2": 0.38435494019369765,
                "SMAPE": 173.2995636835735,
                "WAPE": 67.20968298802674
            },
            "Wind_Dir_Cos": {
                "MSE": 0.10400112578951903,
                "RMSE": 0.3224920553897709,
                "MAE": 0.11828156264703286,
                "R2": 0.7458958346861748,
                "SMAPE": 23.37530315982877,
                "WAPE": 12.838302453185015
            }
        },
        {
            "Temperature": {
                "MSE": 0.4388367666807584,
                "RMSE": 0.6624475576834429,
                "MAE": 0.4493294366868498,
                "R2": 0.837291864119927,
                "SMAPE": 5.594566581817988,
                "WAPE": 5.386659776316854
            },
            "Precipitation_accumulated": {
                "MSE": 0.01668176715980375,
                "RMSE": 0.12915791559096854,
                "MAE": 0.09007218087260299,
                "R2": 0.9279734507959135,
                "SMAPE": 0.019636622242290798,
                "WAPE": 0.019639323140492094
            },
            "Humidity": {
                "MSE": 5.020430544548137,
                "RMSE": 2.240631728898825,
                "MAE": 1.6756591030498362,
                "R2": 0.865372761512766,
                "SMAPE": 1.9351167137619159,
                "WAPE": 1.9138997586070738
            },
            "Wind_Speed_kmh": {
                "MSE": 0.001269587403671156,
                "RMSE": 0.035631270026076196,
                "MAE": 0.01172315324204549,
                "R2": -0.21372126389685508,
                "SMAPE": 195.33401597066816,
                "WAPE": 142.81378576173782
            },
            "Soil_Moisture": {
                "MSE": 10938.031368907692,
                "RMSE": 104.58504371518755,
                "MAE": 51.95219325581227,
                "R2": 0.6863992162290307,
                "SMAPE": 0.8883990819477899,
                "WAPE": 0.8860708632843933
            },
            "Soil_Temperature": {
                "MSE": 0.09712236528572807,
                "RMSE": 0.31164461376017405,
                "MAE": 0.22786838312678753,
                "R2": 0.9446230564282803,
                "SMAPE": 2.585350521217214,
                "WAPE": 2.542247318499298
            },
            "Wind_Dir_Sin": {
                "MSE": 0.02555833498026558,
                "RMSE": 0.15986974379245616,
                "MAE": 0.03735319277586733,
                "R2": 0.1488309056396715,
                "SMAPE": 192.41376233332048,
                "WAPE": 95.56767264984045
            },
            "Wind_Dir_Cos": {
                "MSE": 0.048283004349297526,
                "RMSE": 0.21973393991210718,
                "MAE": 0.045303244549153326,
                "R2": -0.06511421112694182,
                "SMAPE": 8.901168393959328,
                "WAPE": 4.652221361850783
            }
        },
        {
            "Temperature": {
                "MSE": 8.783382683262436,
                "RMSE": 2.9636772231912225,
                "MAE": 2.2612308734651076,
                "R2": 0.6840524225123148,
                "SMAPE": 37.883501514505234,
                "WAPE": 27.568967234712353
            },
            "Precipitation_accumulated": {
                "MSE": 0.04721267627370259,
                "RMSE": 0.21728478150506214,
                "MAE": 0.09823622560549854,
                "R2": 0.9901264845064371,
                "SMAPE": 0.021192428997125683,
                "WAPE": 0.02118064536346028
            },
            "Humidity": {
                "MSE": 88.22497616612165,
                "RMSE": 9.392815135310695,
                "MAE": 6.575343573626341,
                "R2": 0.38374443551669213,
                "SMAPE": 7.770890113396167,
                "WAPE": 7.546490498562595
            },
            "Wind_Speed_kmh": {
                "MSE": 1.5382231974778149,
                "RMSE": 1.2402512638485055,
                "MAE": 0.9173685091131218,
                "R2": -0.09757398230245795,
                "SMAPE": 88.82501380363233,
                "WAPE": 68.13528572475386
            },
            "Soil_Moisture": {
                "MSE": 147791.1486611774,
                "RMSE": 384.4361438017729,
                "MAE": 104.72619502193605,
                "R2": 0.7911332436212318,
                "SMAPE": 1.3912617993239502,
                "WAPE": 1.2631663454755733
            },
            "Soil_Temperature": {
                "MSE": 2.6064684724432885,
                "RMSE": 1.6144560918288513,
                "MAE": 1.177943240961457,
                "R2": 0.8415484072167351,
                "SMAPE": 24.48877450406398,
                "WAPE": 17.030703139948816
            },
            "Wind_Dir_Sin": {
                "MSE": 0.7089896749535345,
                "RMSE": 0.8420152462714285,
                "MAE": 0.6978911148027493,
                "R2": -0.3652659570344228,
                "SMAPE": 134.22003167334262,
                "WAPE": 103.14414850757962
            },
            "Wind_Dir_Cos": {
                "MSE": 0.49510069282427305,
                "RMSE": 0.7036339196089633,
                "MAE": 0.5684754532011506,
                "R2": -0.15720426221351658,
                "SMAPE": 127.58189428048883,
                "WAPE": 96.80069563727292
            }
        }
    ]
}