{
    "trial_number": 61,
    "fold_smape": [
        48.75551074296487,
        51.03714138790261,
        52.916355027837824
    ],
    "mean_smape": 50.9030023862351,
    "hyperparameters": {
        "input_chunk_length": 24,
        "hidden_size": 120,
        "dropout": 0.35,
        "batch_size": 72,
        "lr": 0.003803123666808301,
        "weight_decay": 0.0032545027770531977,
        "num_encoder_layers": 3,
        "num_decoder_layers": 2,
        "temporal_width_past": 3,
        "temporal_width_future": 1,
        "use_reversible_instance_norm": true,
        "temporal_hidden_size_past": 24,
        "temporal_hidden_size_future": 156
    },
    "metrics_per_fold": [
        {
            "Temperature": {
                "MSE": 5.1847675135334,
                "RMSE": 2.277008457062336,
                "MAE": 1.3545672297205023,
                "R2": 0.7570789230995427,
                "SMAPE": 9.80507970625183,
                "WAPE": 8.582113489446263
            },
            "Precipitation_accumulated": {
                "MSE": 1810.694412954036,
                "RMSE": 42.552255086587785,
                "MAE": 5.316910676269859,
                "R2": 0.9192544313476869,
                "SMAPE": 3.0816276283820225,
                "WAPE": 1.3297133340337786
            },
            "Humidity": {
                "MSE": 23.61736140010296,
                "RMSE": 4.859769685911356,
                "MAE": 3.51546848165673,
                "R2": 0.6982850875394346,
                "SMAPE": 4.3346922073233545,
                "WAPE": 4.157300374702215
            },
            "Wind_Speed_kmh": {
                "MSE": 0.04501489678596705,
                "RMSE": 0.2121671435118243,
                "MAE": 0.08820386663248912,
                "R2": 0.774975255048264,
                "SMAPE": 165.09384725351975,
                "WAPE": 42.47404572513313
            },
            "Soil_Moisture": {
                "MSE": 77037.08973324734,
                "RMSE": 277.5555615246204,
                "MAE": 102.66731511820552,
                "R2": 0.9203604132588493,
                "SMAPE": 1.4083556537491952,
                "WAPE": 1.4992150500032098
            },
            "Soil_Temperature": {
                "MSE": 5.486941247634342,
                "RMSE": 2.342422089981723,
                "MAE": 1.36274866344942,
                "R2": 0.7483656142930266,
                "SMAPE": 10.016212743467314,
                "WAPE": 8.767931243866805
            },
            "Wind_Dir_Sin": {
                "MSE": 0.06936066675351607,
                "RMSE": 0.26336413338477976,
                "MAE": 0.09911878331367216,
                "R2": 0.3929255665060749,
                "SMAPE": 171.8599231119649,
                "WAPE": 67.24415553454288
            },
            "Wind_Dir_Cos": {
                "MSE": 0.10535828703078781,
                "RMSE": 0.32458941299861865,
                "MAE": 0.12208418378207136,
                "R2": 0.7506363722102479,
                "SMAPE": 24.44434763905911,
                "WAPE": 13.305790905188914
            }
        },
        {
            "Temperature": {
                "MSE": 0.47356295593325554,
                "RMSE": 0.6881591065540407,
                "MAE": 0.4704305180433703,
                "R2": 0.8266204624281451,
                "SMAPE": 5.873243769706499,
                "WAPE": 5.621121402507922
            },
            "Precipitation_accumulated": {
                "MSE": 0.015978137207398622,
                "RMSE": 0.12640465658906172,
                "MAE": 0.0792171867137422,
                "R2": 0.9308617335334032,
                "SMAPE": 0.017268525746320224,
                "WAPE": 0.01727269685704802
            },
            "Humidity": {
                "MSE": 5.423743088444523,
                "RMSE": 2.3288931036963727,
                "MAE": 1.7533488823038443,
                "R2": 0.8540009765047507,
                "SMAPE": 2.024642457247759,
                "WAPE": 2.001325389184071
            },
            "Wind_Speed_kmh": {
                "MSE": 0.00121695540605447,
                "RMSE": 0.03488488793237653,
                "MAE": 0.011750696357812947,
                "R2": -0.1773172664486231,
                "SMAPE": 194.93970892152709,
                "WAPE": 144.8619753752998
            },
            "Soil_Moisture": {
                "MSE": 11110.087969996615,
                "RMSE": 105.40440204278289,
                "MAE": 52.62728519359595,
                "R2": 0.7063037941035508,
                "SMAPE": 0.8994308155267626,
                "WAPE": 0.8966152116420629
            },
            "Soil_Temperature": {
                "MSE": 0.10525939949537065,
                "RMSE": 0.3244370501274024,
                "MAE": 0.23782666244158776,
                "R2": 0.940697437687971,
                "SMAPE": 2.697442672616519,
                "WAPE": 2.6469220027150158
            },
            "Wind_Dir_Sin": {
                "MSE": 0.02711327009227539,
                "RMSE": 0.16466107643361072,
                "MAE": 0.038826048287431435,
                "R2": 0.08673009290233302,
                "SMAPE": 192.72494157726544,
                "WAPE": 100.5244209623949
            },
            "Wind_Dir_Cos": {
                "MSE": 0.04961461189111844,
                "RMSE": 0.22274337676150652,
                "MAE": 0.04672883551192345,
                "R2": -0.10714190845841154,
                "SMAPE": 9.120452363584263,
                "WAPE": 4.79709027213524
            }
        },
        {
            "Temperature": {
                "MSE": 9.549642162391844,
                "RMSE": 3.090249530764764,
                "MAE": 2.370917647895249,
                "R2": 0.6535515968829979,
                "SMAPE": 38.09356455883403,
                "WAPE": 29.017685746072992
            },
            "Precipitation_accumulated": {
                "MSE": 0.049525966120178455,
                "RMSE": 0.22254430147765739,
                "MAE": 0.09628711448482195,
                "R2": 0.989814629425976,
                "SMAPE": 0.020776052893052413,
                "WAPE": 0.020762212648430842
            },
            "Humidity": {
                "MSE": 88.5686767180315,
                "RMSE": 9.411093279637148,
                "MAE": 6.655284070854802,
                "R2": 0.382506627706377,
                "SMAPE": 7.864025622489719,
                "WAPE": 7.651686019782057
            },
            "Wind_Speed_kmh": {
                "MSE": 1.484956094750985,
                "RMSE": 1.2185877460203616,
                "MAE": 0.9010665473087219,
                "R2": -0.055476197521181936,
                "SMAPE": 86.58027757041967,
                "WAPE": 67.69641417218931
            },
            "Soil_Moisture": {
                "MSE": 156535.28277627265,
                "RMSE": 395.6454002971255,
                "MAE": 111.30328544309438,
                "R2": 0.8002430637572912,
                "SMAPE": 1.4776340603300875,
                "WAPE": 1.3476620812087508
            },
            "Soil_Temperature": {
                "MSE": 2.904295675309698,
                "RMSE": 1.7041994235739248,
                "MAE": 1.2406010558454206,
                "R2": 0.8213920746761416,
                "SMAPE": 25.46124891179269,
                "WAPE": 17.956768252167706
            },
            "Wind_Dir_Sin": {
                "MSE": 0.6574908477906167,
                "RMSE": 0.8108580934976334,
                "MAE": 0.6846000941338779,
                "R2": -0.2805023954082688,
                "SMAPE": 137.21509823509948,
                "WAPE": 102.20466582494619
            },
            "Wind_Dir_Cos": {
                "MSE": 0.468779906479269,
                "RMSE": 0.6846750371375233,
                "MAE": 0.559313349845166,
                "R2": -0.07163693347211386,
                "SMAPE": 126.61821521084357,
                "WAPE": 94.4757164826316
            }
        }
    ]
}