{
    "trial_number": 93,
    "input_chunk_length": 27,
    "output_chunk_length": 1,
    "hidden_size": 64,
    "temporal_width_past": 2,
    "temporal_width_future": 1,
    "use_reversible_instance_norm": true,
    "num_encoder_layers": 3,
    "num_decoder_layers": 2,
    "dropout": 0.266993635327892,
    "batch_size": 106,
    "lr": 0.003823367913874939,
    "loss_function": "smoothl1",
    "optimizer": "Adam",
    "overall_mae_val": 0.07676792024495249,
    "metrics": {
        "MSE": {
            "Temperature": 1.5273435095996626,
            "Precipitation_accumulated": 0.549973314350072,
            "Humidity": 13.305966151127466,
            "Wind_Speed_kmh": 0.6082256408291761,
            "Soil_Moisture": 1326.9875675761855,
            "Soil_Temperature": 0.30649708014151145,
            "Wind_Dir_Sin": 0.3769936518514462,
            "Wind_Dir_Cos": 0.3181628715830401
        },
        "RMSE": {
            "Temperature": 1.2358573985697794,
            "Precipitation_accumulated": 0.7416018570298163,
            "Humidity": 3.6477343860439544,
            "Wind_Speed_kmh": 0.7798882232917587,
            "Soil_Moisture": 36.4278405560388,
            "Soil_Temperature": 0.5536217843812791,
            "Wind_Dir_Sin": 0.6139980878239331,
            "Wind_Dir_Cos": 0.5640592802029234
        },
        "MAE": {
            "Temperature": 0.9278217426239694,
            "Precipitation_accumulated": 0.6617326680741898,
            "Humidity": 2.597724800531965,
            "Wind_Speed_kmh": 0.5844617140175874,
            "Soil_Moisture": 14.82913641173217,
            "Soil_Temperature": 0.4267013590652367,
            "Wind_Dir_Sin": 0.48779497286062995,
            "Wind_Dir_Cos": 0.44922579608314345
        },
        "R2": {
            "Temperature": 0.9498932036809763,
            "Precipitation_accumulated": 0.8402434461785702,
            "Humidity": 0.9092076584856938,
            "Wind_Speed_kmh": 0.5499273823289506,
            "Soil_Moisture": 0.9769628244838636,
            "Soil_Temperature": 0.981017961301072,
            "Wind_Dir_Sin": 0.31472665804966227,
            "Wind_Dir_Cos": 0.13387405993568513
        },
        "SMAPE": {
            "Temperature": 19.006427229298648,
            "Precipitation_accumulated": 0.14235392494446086,
            "Humidity": 3.099000183064692,
            "Wind_Speed_kmh": 60.797218360262825,
            "Soil_Moisture": 0.17308291338229095,
            "Soil_Temperature": 7.191707738821239,
            "Wind_Dir_Sin": 96.42230389323602,
            "Wind_Dir_Cos": 109.38234926483247
        }
    }
}