{
    "trial_number": 42,
    "fold_smape": [
        48.796674450313446,
        51.04031894196993,
        55.78740093246476
    ],
    "mean_smape": 51.87479810824939,
    "hyperparameters": {
        "input_chunk_length": 48,
        "hidden_size": 40,
        "dropout": 0.1,
        "batch_size": 152,
        "lr": 0.0013488812600126732,
        "weight_decay": 0.0010979862814154172,
        "num_encoder_layers": 4,
        "num_decoder_layers": 1,
        "temporal_width_past": 1,
        "temporal_width_future": 3,
        "use_reversible_instance_norm": true,
        "temporal_hidden_size_past": 60,
        "temporal_hidden_size_future": 120
    },
    "metrics_per_fold": [
        {
            "Temperature": {
                "MSE": 4.8141266224653645,
                "RMSE": 2.194111807193372,
                "MAE": 1.3177568295814852,
                "R2": 0.7676460910943403,
                "SMAPE": 9.278122500683503,
                "WAPE": 8.304904007495198
            },
            "Precipitation_accumulated": {
                "MSE": 1984.6524366982367,
                "RMSE": 44.549438118771334,
                "MAE": 6.405450489585501,
                "R2": 0.90473174961953,
                "SMAPE": 3.2934019094962177,
                "WAPE": 1.5833747501348217
            },
            "Humidity": {
                "MSE": 22.49518420635187,
                "RMSE": 4.742908833864706,
                "MAE": 3.4166145427041124,
                "R2": 0.7110731860134624,
                "SMAPE": 4.210869934454312,
                "WAPE": 4.041004030907763
            },
            "Wind_Speed_kmh": {
                "MSE": 0.037313436424193776,
                "RMSE": 0.19316686160983662,
                "MAE": 0.07855286020692862,
                "R2": 0.7932542760131347,
                "SMAPE": 165.9284493694929,
                "WAPE": 40.41252325265356
            },
            "Soil_Moisture": {
                "MSE": 80336.59148027867,
                "RMSE": 283.43710321741344,
                "MAE": 103.20701379622889,
                "R2": 0.9104213950293284,
                "SMAPE": 1.4157933634304176,
                "WAPE": 1.5139822888607377
            },
            "Soil_Temperature": {
                "MSE": 4.972381438695092,
                "RMSE": 2.229883727617898,
                "MAE": 1.310541703886938,
                "R2": 0.7658828367807067,
                "SMAPE": 9.448178098259389,
                "WAPE": 8.389667323432532
            },
            "Wind_Dir_Sin": {
                "MSE": 0.06786801888258893,
                "RMSE": 0.2605149110561408,
                "MAE": 0.09591152959204198,
                "R2": 0.37554440543224543,
                "SMAPE": 173.34262714688,
                "WAPE": 68.07150070255963
            },
            "Wind_Dir_Cos": {
                "MSE": 0.10318900325977469,
                "RMSE": 0.32123045194964733,
                "MAE": 0.11896063529064486,
                "R2": 0.7478800797218572,
                "SMAPE": 23.45595327981068,
                "WAPE": 12.912009122181185
            }
        },
        {
            "Temperature": {
                "MSE": 0.44308547459203723,
                "RMSE": 0.6656466589655785,
                "MAE": 0.4565562964924015,
                "R2": 0.8357165646085121,
                "SMAPE": 5.6883770030521426,
                "WAPE": 5.473296955734006
            },
            "Precipitation_accumulated": {
                "MSE": 0.030338447441537613,
                "RMSE": 0.1741793542344718,
                "MAE": 0.15406905117934472,
                "R2": 0.8690082617452618,
                "SMAPE": 0.03359035203517745,
                "WAPE": 0.03359318995883798
            },
            "Humidity": {
                "MSE": 5.272133147494181,
                "RMSE": 2.2961126164659653,
                "MAE": 1.7267418777480628,
                "R2": 0.8586231359469921,
                "SMAPE": 1.9951221314916545,
                "WAPE": 1.9722453433301066
            },
            "Wind_Speed_kmh": {
                "MSE": 0.001207748780357685,
                "RMSE": 0.03475268018955783,
                "MAE": 0.010647480040878291,
                "R2": -0.15460374916046304,
                "SMAPE": 195.28796971409596,
                "WAPE": 129.7097207606792
            },
            "Soil_Moisture": {
                "MSE": 11078.560149016956,
                "RMSE": 105.25473931855494,
                "MAE": 52.936684025868814,
                "R2": 0.6823701607163617,
                "SMAPE": 0.9048448098375094,
                "WAPE": 0.9028618499945056
            },
            "Soil_Temperature": {
                "MSE": 0.1010448858656154,
                "RMSE": 0.31787558236771724,
                "MAE": 0.23460810153465975,
                "R2": 0.9423865252217729,
                "SMAPE": 2.66352682248896,
                "WAPE": 2.617439983733246
            },
            "Wind_Dir_Sin": {
                "MSE": 0.02624780920259309,
                "RMSE": 0.16201175637154572,
                "MAE": 0.03844052472899064,
                "R2": 0.1258693492684747,
                "SMAPE": 192.53388570636724,
                "WAPE": 98.34959773938557
            },
            "Wind_Dir_Cos": {
                "MSE": 0.04917910532211586,
                "RMSE": 0.22176362488495688,
                "MAE": 0.047203468668874794,
                "R2": -0.0848820340620815,
                "SMAPE": 9.215234996390777,
                "WAPE": 4.847356684498165
            }
        },
        {
            "Temperature": {
                "MSE": 11.107099110136856,
                "RMSE": 3.332731478852873,
                "MAE": 2.563991053928531,
                "R2": 0.6004658816186397,
                "SMAPE": 41.31451764685715,
                "WAPE": 31.2602247675538
            },
            "Precipitation_accumulated": {
                "MSE": 0.08279695549674503,
                "RMSE": 0.2877446011600305,
                "MAE": 0.2523226239860781,
                "R2": 0.9826847980788521,
                "SMAPE": 0.05437615115093776,
                "WAPE": 0.05440310825142002
            },
            "Humidity": {
                "MSE": 107.0253743728884,
                "RMSE": 10.345306876689952,
                "MAE": 7.599695563448799,
                "R2": 0.2524227790777418,
                "SMAPE": 8.954018922876125,
                "WAPE": 8.722134397899643
            },
            "Wind_Speed_kmh": {
                "MSE": 1.5938104865948248,
                "RMSE": 1.2624620733292644,
                "MAE": 0.9504448294733342,
                "R2": -0.1372373825044526,
                "SMAPE": 92.79322351082618,
                "WAPE": 70.59194792329097
            },
            "Soil_Moisture": {
                "MSE": 206380.34728625912,
                "RMSE": 454.2910380871046,
                "MAE": 140.42586826246307,
                "R2": 0.7083316957172553,
                "SMAPE": 1.8790003971722147,
                "WAPE": 1.6937618213492365
            },
            "Soil_Temperature": {
                "MSE": 3.5756534370457413,
                "RMSE": 1.8909398290389203,
                "MAE": 1.3929050419028304,
                "R2": 0.782630026669858,
                "SMAPE": 27.901997443658942,
                "WAPE": 20.13862081455016
            },
            "Wind_Dir_Sin": {
                "MSE": 0.6608838541830486,
                "RMSE": 0.8129476331123971,
                "MAE": 0.6922228712607307,
                "R2": -0.27263098398287866,
                "SMAPE": 140.90065936835924,
                "WAPE": 102.30641588529176
            },
            "Wind_Dir_Cos": {
                "MSE": 0.4884332769101422,
                "RMSE": 0.69888001610444,
                "MAE": 0.5812928782728863,
                "R2": -0.14162043810337543,
                "SMAPE": 132.50141401881714,
                "WAPE": 98.98326245917512
            }
        }
    ]
}