{
    "trial_number": 31,
    "input_chunk_length": 27,
    "output_chunk_length": 1,
    "hidden_size": 64,
    "temporal_width_past": 2,
    "temporal_width_future": 1,
    "use_reversible_instance_norm": true,
    "num_encoder_layers": 3,
    "num_decoder_layers": 2,
    "dropout": 0.22137762002557085,
    "batch_size": 90,
    "lr": 0.0021938427211232047,
    "loss_function": "smoothl1",
    "optimizer": "Adam",
    "overall_mae_val": 0.07725570057876899,
    "metrics": {
        "MSE": {
            "Temperature": 1.6736026928134022,
            "Precipitation_accumulated": 0.3845999096582238,
            "Humidity": 13.191517260632818,
            "Wind_Speed_kmh": 0.6118323736259256,
            "Soil_Moisture": 1854.112825392637,
            "Soil_Temperature": 0.35378540835481387,
            "Wind_Dir_Sin": 0.38379610995771407,
            "Wind_Dir_Cos": 0.32191279609011253
        },
        "RMSE": {
            "Temperature": 1.2936779710628925,
            "Precipitation_accumulated": 0.6201611965112166,
            "Humidity": 3.632012838720813,
            "Wind_Speed_kmh": 0.7821971449870714,
            "Soil_Moisture": 43.05941041622187,
            "Soil_Temperature": 0.594798628406971,
            "Wind_Dir_Sin": 0.6195128004793073,
            "Wind_Dir_Cos": 0.5673735948121947
        },
        "MAE": {
            "Temperature": 0.9684720533968623,
            "Precipitation_accumulated": 0.5745339386462497,
            "Humidity": 2.555643143653076,
            "Wind_Speed_kmh": 0.5855183641976325,
            "Soil_Moisture": 16.615183888414812,
            "Soil_Temperature": 0.43326337373883295,
            "Wind_Dir_Sin": 0.49212219908273863,
            "Wind_Dir_Cos": 0.45061660215554933
        },
        "R2": {
            "Temperature": 0.9450949516459782,
            "Precipitation_accumulated": 0.8882812046260095,
            "Humidity": 0.9099885925895164,
            "Wind_Speed_kmh": 0.547258485192585,
            "Soil_Moisture": 0.9678116633275561,
            "Soil_Temperature": 0.9780892910646767,
            "Wind_Dir_Sin": 0.30236161376558435,
            "Wind_Dir_Cos": 0.12366574470173519
        },
        "SMAPE": {
            "Temperature": 18.648572437694927,
            "Precipitation_accumulated": 0.12361125814955842,
            "Humidity": 3.0531736469541464,
            "Wind_Speed_kmh": 60.17105126616104,
            "Soil_Moisture": 0.19401768025171712,
            "Soil_Temperature": 7.098564476576501,
            "Wind_Dir_Sin": 97.92508602815803,
            "Wind_Dir_Cos": 109.07154738500157
        }
    }
}