{
    "trial_number": 82,
    "fold_smape": [
        48.56026154394188,
        50.97737881490937,
        52.18174610999674
    ],
    "mean_smape": 50.57312882294932,
    "hyperparameters": {
        "input_chunk_length": 24,
        "hidden_size": 144,
        "dropout": 0.4,
        "batch_size": 64,
        "lr": 0.004149646453870474,
        "weight_decay": 0.001234370270520789,
        "num_encoder_layers": 3,
        "num_decoder_layers": 2,
        "temporal_width_past": 3,
        "temporal_width_future": 1,
        "use_reversible_instance_norm": true,
        "temporal_hidden_size_past": 36,
        "temporal_hidden_size_future": 144
    },
    "metrics_per_fold": [
        {
            "Temperature": {
                "MSE": 4.780731257025249,
                "RMSE": 2.186488339101137,
                "MAE": 1.309725787844609,
                "R2": 0.7760091687241726,
                "SMAPE": 9.484967588056499,
                "WAPE": 8.298012165594859
            },
            "Precipitation_accumulated": {
                "MSE": 1800.08455112843,
                "RMSE": 42.42740330409616,
                "MAE": 5.251916691071544,
                "R2": 0.919727564373504,
                "SMAPE": 3.0598152083840353,
                "WAPE": 1.3134589009593407
            },
            "Humidity": {
                "MSE": 22.0536325656594,
                "RMSE": 4.696129530332335,
                "MAE": 3.3681703178135773,
                "R2": 0.7182619300157557,
                "SMAPE": 4.154212309372664,
                "WAPE": 3.9831094482486518
            },
            "Wind_Speed_kmh": {
                "MSE": 0.04358521158143067,
                "RMSE": 0.20877071533486366,
                "MAE": 0.0847334981792343,
                "R2": 0.7821221013476508,
                "SMAPE": 164.78307409840846,
                "WAPE": 40.802910501767414
            },
            "Soil_Moisture": {
                "MSE": 75603.18439423804,
                "RMSE": 274.96033240130845,
                "MAE": 100.19483394527887,
                "R2": 0.9218427593472083,
                "SMAPE": 1.3711385682605555,
                "WAPE": 1.4631102684470403
            },
            "Soil_Temperature": {
                "MSE": 4.94354468792664,
                "RMSE": 2.2234083493426575,
                "MAE": 1.3022158774316481,
                "R2": 0.7732861033826964,
                "SMAPE": 9.610269100933913,
                "WAPE": 8.378463016864412
            },
            "Wind_Dir_Sin": {
                "MSE": 0.06771020896925746,
                "RMSE": 0.2602118540137199,
                "MAE": 0.09735098291278017,
                "R2": 0.4073710839914392,
                "SMAPE": 172.0414185392824,
                "WAPE": 66.04484455495371
            },
            "Wind_Dir_Cos": {
                "MSE": 0.1067144702238354,
                "RMSE": 0.32667180812527336,
                "MAE": 0.12180412428090671,
                "R2": 0.7474265367953363,
                "SMAPE": 23.977196938834897,
                "WAPE": 13.275267597025096
            }
        },
        {
            "Temperature": {
                "MSE": 0.4607844572414454,
                "RMSE": 0.6788110615196583,
                "MAE": 0.45862338772174543,
                "R2": 0.8312988904307799,
                "SMAPE": 5.7020784477323545,
                "WAPE": 5.480039328944473
            },
            "Precipitation_accumulated": {
                "MSE": 0.014213824785846579,
                "RMSE": 0.11922174627913558,
                "MAE": 0.06085400996130254,
                "R2": 0.9384960090905757,
                "SMAPE": 0.01326327076272544,
                "WAPE": 0.013268747732681318
            },
            "Humidity": {
                "MSE": 5.216744113320288,
                "RMSE": 2.284019289174303,
                "MAE": 1.7141920375324113,
                "R2": 0.8595730782322539,
                "SMAPE": 1.9781491696916271,
                "WAPE": 1.9566305834940374
            },
            "Wind_Speed_kmh": {
                "MSE": 0.0012497110859874508,
                "RMSE": 0.035351252962058516,
                "MAE": 0.010375568675864803,
                "R2": -0.20900604269096035,
                "SMAPE": 195.30051636971865,
                "WAPE": 127.90947261848949
            },
            "Soil_Moisture": {
                "MSE": 10851.078614387625,
                "RMSE": 104.16851066607234,
                "MAE": 50.9564340790258,
                "R2": 0.7131507304410015,
                "SMAPE": 0.870788175988968,
                "WAPE": 0.8681487893251657
            },
            "Soil_Temperature": {
                "MSE": 0.10445486700040456,
                "RMSE": 0.32319478182731315,
                "MAE": 0.2356941768950878,
                "R2": 0.941150706836793,
                "SMAPE": 2.664495434363311,
                "WAPE": 2.6231882343664443
            },
            "Wind_Dir_Sin": {
                "MSE": 0.02624983523317507,
                "RMSE": 0.1620180089779376,
                "MAE": 0.03764018101725793,
                "R2": 0.11581360333363655,
                "SMAPE": 192.46855822490593,
                "WAPE": 97.45409508761261
            },
            "Wind_Dir_Cos": {
                "MSE": 0.048153186806280175,
                "RMSE": 0.21943834397452094,
                "MAE": 0.04492217209859918,
                "R2": -0.07453044792642927,
                "SMAPE": 8.821181426111709,
                "WAPE": 4.611621762378153
            }
        },
        {
            "Temperature": {
                "MSE": 8.888182023177524,
                "RMSE": 2.9813054226592626,
                "MAE": 2.276021191670598,
                "R2": 0.6775484969824415,
                "SMAPE": 37.48496508096235,
                "WAPE": 27.85624703157887
            },
            "Precipitation_accumulated": {
                "MSE": 0.0454039170586773,
                "RMSE": 0.21308194916200035,
                "MAE": 0.09672305887731629,
                "R2": 0.9906623584155291,
                "SMAPE": 0.0208654996589374,
                "WAPE": 0.02085621453256961
            },
            "Humidity": {
                "MSE": 86.61828282761739,
                "RMSE": 9.306894370713433,
                "MAE": 6.475689181261118,
                "R2": 0.3961046100328701,
                "SMAPE": 7.652210841348201,
                "WAPE": 7.445202916837392
            },
            "Wind_Speed_kmh": {
                "MSE": 1.5321919244622866,
                "RMSE": 1.2378174035221376,
                "MAE": 0.9068211115139491,
                "R2": -0.08905045207771356,
                "SMAPE": 87.17566319468312,
                "WAPE": 68.12875001129137
            },
            "Soil_Moisture": {
                "MSE": 148361.09063269402,
                "RMSE": 385.17670053196883,
                "MAE": 106.6085726779369,
                "R2": 0.8106742684665466,
                "SMAPE": 1.4139043535060558,
                "WAPE": 1.2908184188623761
            },
            "Soil_Temperature": {
                "MSE": 2.6151286621392984,
                "RMSE": 1.6171359442357647,
                "MAE": 1.1817600381766395,
                "R2": 0.8391752228361355,
                "SMAPE": 24.822536853262008,
                "WAPE": 17.10508872713298
            },
            "Wind_Dir_Sin": {
                "MSE": 0.6774754796060185,
                "RMSE": 0.8230889864443689,
                "MAE": 0.6801795136930081,
                "R2": -0.3194236503534382,
                "SMAPE": 131.65989756842208,
                "WAPE": 101.54471273615353
            },
            "Wind_Dir_Cos": {
                "MSE": 0.4832026497185142,
                "RMSE": 0.6951277938037826,
                "MAE": 0.5651367796588566,
                "R2": -0.10460751118573852,
                "SMAPE": 127.22392548813139,
                "WAPE": 95.45937386214352
            }
        }
    ]
}