{
    "trial_number": 45,
    "input_chunk_length": 40,
    "output_chunk_length": 32,
    "d_model": 128,
    "nhead": 2,
    "num_encoder_layers": 4,
    "num_decoder_layers": 4,
    "activation": "ReLU",
    "dropout": 0.10578921180518926,
    "batch_size": 36,
    "lr": 0.004140685080539624,
    "forecast_horizon": 2,
    "overall_smape_val": 83.14847995930847,
    "metrics": {
        "MSE": {
            "Temperature": 37.08440581322307,
            "Precipitation_accumulated": 21345.119004658787,
            "Humidity": 68.36505604032178,
            "Wind_Speed_kmh": 0.38618341920538074,
            "Soil_Moisture": 1670134.7578404448,
            "Soil_Temperature": 30.27108973188767,
            "Wind_Dir_Sin": 0.21708766743439822,
            "Wind_Dir_Cos": 0.40341039792177197
        },
        "RMSE": {
            "Temperature": 6.089696693040063,
            "Precipitation_accumulated": 146.0996885850849,
            "Humidity": 8.26831639696509,
            "Wind_Speed_kmh": 0.6214365769773942,
            "Soil_Moisture": 1292.3369366540774,
            "Soil_Temperature": 5.501916914302475,
            "Wind_Dir_Sin": 0.46592667602788984,
            "Wind_Dir_Cos": 0.6351459658391699
        },
        "MAE": {
            "Temperature": 5.811581178526304,
            "Precipitation_accumulated": 146.09643890056526,
            "Humidity": 7.179602128226042,
            "Wind_Speed_kmh": 0.4606515334138451,
            "Soil_Moisture": 1284.1283916571278,
            "Soil_Temperature": 4.965723284479893,
            "Wind_Dir_Sin": 0.3044033707535309,
            "Wind_Dir_Cos": 0.6115052408447995
        },
        "R2": {
            "Temperature": -9.893247749831664,
            "Precipitation_accumulated": -22487.820032212632,
            "Humidity": -0.051306760424975284,
            "Wind_Speed_kmh": -0.13480537045838492,
            "Soil_Moisture": -1.2570298534226985,
            "Soil_Temperature": -4.393793322324196,
            "Wind_Dir_Sin": -0.3515691526802154,
            "Wind_Dir_Cos": -0.40515598349687054
        },
        "SMAPE": {
            "Temperature": 64.17995956167765,
            "Precipitation_accumulated": 37.80448951062275,
            "Humidity": 8.51737343347154,
            "Wind_Speed_kmh": 180.0195803676266,
            "Soil_Moisture": 19.753352816416406,
            "Soil_Temperature": 58.90068453744313,
            "Wind_Dir_Sin": 190.23253102711874,
            "Wind_Dir_Cos": 105.779868420091
        }
    }
}