{
    "trial_number": 5,
    "input_chunk_length": 75,
    "output_chunk_length": 56,
    "d_model": 64,
    "nhead": 2,
    "num_encoder_layers": 1,
    "num_decoder_layers": 2,
    "activation": "Bilinear",
    "dropout": 0.08783125546128479,
    "batch_size": 44,
    "lr": 0.007009050807058687,
    "forecast_horizon": 18,
    "overall_smape_val": 54.057924030711206,
    "metrics": {
        "MSE": {
            "Temperature": 1.5811157877490942,
            "Precipitation_accumulated": 120.86376015136257,
            "Humidity": 32.89640229517429,
            "Wind_Speed_kmh": 0.20662829214203984,
            "Soil_Moisture": 102046.63306825432,
            "Soil_Temperature": 1.344704022378392,
            "Wind_Dir_Sin": 0.12487585082762079,
            "Wind_Dir_Cos": 0.14294075205021683
        },
        "RMSE": {
            "Temperature": 1.2574242672022415,
            "Precipitation_accumulated": 10.993805535453252,
            "Humidity": 5.735538535758808,
            "Wind_Speed_kmh": 0.4545638482568096,
            "Soil_Moisture": 319.4473870111545,
            "Soil_Temperature": 1.1596137384398273,
            "Wind_Dir_Sin": 0.35337777353367994,
            "Wind_Dir_Cos": 0.37807506139683006
        },
        "MAE": {
            "Temperature": 1.0061772516482017,
            "Precipitation_accumulated": 9.710622261611023,
            "Humidity": 4.800585113451869,
            "Wind_Speed_kmh": 0.23137953467977607,
            "Soil_Moisture": 204.0954679541961,
            "Soil_Temperature": 0.8493152580662959,
            "Wind_Dir_Sin": 0.20863281126838118,
            "Wind_Dir_Cos": 0.21244661970177997
        },
        "R2": {
            "Temperature": 0.532408585927911,
            "Precipitation_accumulated": -126.01743746952448,
            "Humidity": 0.4948578480932738,
            "Wind_Speed_kmh": 0.39959173908812384,
            "Soil_Moisture": 0.8635535119603495,
            "Soil_Temperature": 0.7592127251211083,
            "Wind_Dir_Sin": 0.2307465286347946,
            "Wind_Dir_Cos": 0.5065726302433446
        },
        "SMAPE": {
            "Temperature": 16.698002797479365,
            "Precipitation_accumulated": 2.1308304342997144,
            "Humidity": 5.8572261751405845,
            "Wind_Speed_kmh": 170.47405289485081,
            "Soil_Moisture": 3.2566771175775955,
            "Soil_Temperature": 23.46741531926404,
            "Wind_Dir_Sin": 161.2457620576016,
            "Wind_Dir_Cos": 49.33342544947564
        }
    }
}