{
    "trial_number": 74,
    "input_chunk_length": 24,
    "output_chunk_length": 3,
    "d_model": 128,
    "nhead": 4,
    "num_encoder_layers": 1,
    "num_decoder_layers": 1,
    "activation": "GELU",
    "dropout": 0.10081450361809925,
    "batch_size": 167,
    "lr": 0.0005323835935783579,
    "loss_function": "smoothl1",
    "optimizer": "AdamW",
    "overall_mae_val": 0.12446917185593927,
    "metrics": {
        "MSE": {
            "Temperature": 7.124999557860138,
            "Precipitation_accumulated": 1737.5545437233086,
            "Humidity": 64.9956811212016,
            "Wind_Speed_kmh": 1.2306919942288288,
            "Soil_Moisture": 80530.27586764595,
            "Soil_Temperature": 9.376383312259872,
            "Wind_Dir_Sin": 0.5502457720771119,
            "Wind_Dir_Cos": 0.35680697081514745
        },
        "RMSE": {
            "Temperature": 2.669269480187442,
            "Precipitation_accumulated": 41.68398425922489,
            "Humidity": 8.06198989835646,
            "Wind_Speed_kmh": 1.109365581865973,
            "Soil_Moisture": 283.7785683726767,
            "Soil_Temperature": 3.062088064092846,
            "Wind_Dir_Sin": 0.741785529703237,
            "Wind_Dir_Cos": 0.5973332158980843
        },
        "MAE": {
            "Temperature": 2.143246314832958,
            "Precipitation_accumulated": 35.507563130617754,
            "Humidity": 6.136631746961639,
            "Wind_Speed_kmh": 0.9094280460865273,
            "Soil_Moisture": 237.11808646217148,
            "Soil_Temperature": 2.530543181802388,
            "Wind_Dir_Sin": 0.6334246045002283,
            "Wind_Dir_Cos": 0.49907344179249125
        },
        "R2": {
            "Temperature": 0.7663799487064152,
            "Precipitation_accumulated": -502.9588604326068,
            "Humidity": 0.5565385849892677,
            "Wind_Speed_kmh": 0.088765433148557,
            "Soil_Moisture": -0.39344850172123613,
            "Soil_Temperature": 0.4197254379033397,
            "Wind_Dir_Sin": -0.0005424204143258393,
            "Wind_Dir_Cos": 0.02955581126158824
        },
        "SMAPE": {
            "Temperature": 37.122377065780015,
            "Precipitation_accumulated": 8.04564418597417,
            "Humidity": 7.4055871352808476,
            "Wind_Speed_kmh": 72.34719746600784,
            "Soil_Moisture": 2.7083224568692237,
            "Soil_Temperature": 57.850492180258875,
            "Wind_Dir_Sin": 130.52046393320003,
            "Wind_Dir_Cos": 125.69953587112654
        }
    }
}