{
    "trial_number": 24,
    "input_chunk_length": 33,
    "output_chunk_length": 18,
    "d_model": 128,
    "nhead": 4,
    "num_encoder_layers": 2,
    "num_decoder_layers": 1,
    "activation": "GELU",
    "dropout": 0.2786271454863498,
    "batch_size": 226,
    "lr": 0.0023131772093760447,
    "loss_function": "smoothl1",
    "optimizer": "AdamW",
    "overall_mae_val": 0.15011576128117604,
    "metrics": {
        "MSE": {
            "Temperature": 14.335876782468109,
            "Precipitation_accumulated": 9261.979650618414,
            "Humidity": 108.26068853881317,
            "Wind_Speed_kmh": 1.420370683079199,
            "Soil_Moisture": 174366.9770692982,
            "Soil_Temperature": 12.226200531890385,
            "Wind_Dir_Sin": 0.5880504429098784,
            "Wind_Dir_Cos": 0.3722364137539599
        },
        "RMSE": {
            "Temperature": 3.786274789614207,
            "Precipitation_accumulated": 96.23917939497622,
            "Humidity": 10.40483966905849,
            "Wind_Speed_kmh": 1.1917930537971761,
            "Soil_Moisture": 417.5727206958067,
            "Soil_Temperature": 3.496598423023494,
            "Wind_Dir_Sin": 0.7668444711347134,
            "Wind_Dir_Cos": 0.6101118043063581
        },
        "MAE": {
            "Temperature": 3.0646146665336715,
            "Precipitation_accumulated": 77.72096262416444,
            "Humidity": 8.251747089220991,
            "Wind_Speed_kmh": 0.9690860516141628,
            "Soil_Moisture": 312.6604533943037,
            "Soil_Temperature": 2.8488355618294188,
            "Wind_Dir_Sin": 0.6854696458808519,
            "Wind_Dir_Cos": 0.5138695230060357
        },
        "R2": {
            "Temperature": 0.5295274994643141,
            "Precipitation_accumulated": -2789.131905992899,
            "Humidity": 0.26155705690389175,
            "Wind_Speed_kmh": -0.05566570357253586,
            "Soil_Moisture": -2.3121603059226947,
            "Soil_Temperature": 0.23977206595493894,
            "Wind_Dir_Sin": -0.06770935816056278,
            "Wind_Dir_Cos": -0.01465562113561436
        },
        "SMAPE": {
            "Temperature": 46.641644157581695,
            "Precipitation_accumulated": 19.148507684198883,
            "Humidity": 9.761533000800778,
            "Wind_Speed_kmh": 76.20971122371266,
            "Soil_Moisture": 3.755525748849756,
            "Soil_Temperature": 63.7302776226221,
            "Wind_Dir_Sin": 149.66206360246682,
            "Wind_Dir_Cos": 124.8506706472473
        }
    }
}