{
    "trial_number": 3,
    "input_chunk_length": 13,
    "d_model": 128,
    "num_encoder_layers": 1,
    "num_decoder_layers": 4,
    "activation": "ReGLU",
    "dropout": 0.2852511718561028,
    "batch_size": 19,
    "lr": 0.00022087337191132757,
    "overall_smape_val": 47.764255497966275,
    "metrics": {
        "MSE": {
            "Temperature": 1.2903339681995973,
            "Precipitation_accumulated": 152.00433097896484,
            "Humidity": 11.784135737176278,
            "Wind_Speed_kmh": 0.09533187635654922,
            "Soil_Moisture": 32559.70649766186,
            "Soil_Temperature": 1.0068540261081858,
            "Wind_Dir_Sin": 0.047774283086115386,
            "Wind_Dir_Cos": 0.04580109949797388
        },
        "RMSE": {
            "Temperature": 1.135928680947707,
            "Precipitation_accumulated": 12.32900364907744,
            "Humidity": 3.4328028980959973,
            "Wind_Speed_kmh": 0.30875860531578586,
            "Soil_Moisture": 180.4430838177564,
            "Soil_Temperature": 1.0034211608831984,
            "Wind_Dir_Sin": 0.21857328996498038,
            "Wind_Dir_Cos": 0.21401191438322748
        },
        "MAE": {
            "Temperature": 0.8448954275451896,
            "Precipitation_accumulated": 9.815752901635662,
            "Humidity": 2.550042395022957,
            "Wind_Speed_kmh": 0.14377354332811806,
            "Soil_Moisture": 98.11253153563196,
            "Soil_Temperature": 0.7835796683993292,
            "Wind_Dir_Sin": 0.10814800601054797,
            "Wind_Dir_Cos": 0.12039611270132172
        },
        "R2": {
            "Temperature": 0.6209747119472588,
            "Precipitation_accumulated": -159.1489334754575,
            "Humidity": 0.8187854690128231,
            "Wind_Speed_kmh": 0.7198659499988718,
            "Soil_Moisture": 0.9559986227225596,
            "Soil_Temperature": 0.8205957376930246,
            "Wind_Dir_Sin": 0.70256142104379,
            "Wind_Dir_Cos": 0.840465963837666
        },
        "SMAPE": {
            "Temperature": 15.641464786997668,
            "Precipitation_accumulated": 2.0997770994533407,
            "Humidity": 2.967926072530368,
            "Wind_Speed_kmh": 159.22959715597514,
            "Soil_Moisture": 1.5249601716417203,
            "Soil_Temperature": 25.860146278437817,
            "Wind_Dir_Sin": 146.97935285026767,
            "Wind_Dir_Cos": 27.810819568426442
        }
    }
}