{
    "trial_number": 26,
    "input_chunk_length": 26,
    "output_chunk_length": 10,
    "d_model": 128,
    "nhead": 4,
    "num_encoder_layers": 3,
    "num_decoder_layers": 1,
    "activation": "GELU",
    "dropout": 0.2125075585703547,
    "batch_size": 208,
    "lr": 0.00025098437360709925,
    "loss_function": "smoothl1",
    "optimizer": "AdamW",
    "overall_mae_val": 0.14842434117893552,
    "metrics": {
        "MSE": {
            "Temperature": 14.968006094806976,
            "Precipitation_accumulated": 8782.22825119702,
            "Humidity": 84.75681481139654,
            "Wind_Speed_kmh": 1.6151538237965533,
            "Soil_Moisture": 109108.437970738,
            "Soil_Temperature": 8.25287087850588,
            "Wind_Dir_Sin": 0.6281902555946156,
            "Wind_Dir_Cos": 0.3744773749334498
        },
        "RMSE": {
            "Temperature": 3.868850745997702,
            "Precipitation_accumulated": 93.71354358467627,
            "Humidity": 9.206346442069,
            "Wind_Speed_kmh": 1.2708870224361224,
            "Soil_Moisture": 330.31566413165757,
            "Soil_Temperature": 2.8727810356004997,
            "Wind_Dir_Sin": 0.7925845416071498,
            "Wind_Dir_Cos": 0.6119455653352264
        },
        "MAE": {
            "Temperature": 3.2172770988290695,
            "Precipitation_accumulated": 80.62766842051224,
            "Humidity": 7.749005082050337,
            "Wind_Speed_kmh": 1.0674183485170694,
            "Soil_Moisture": 261.8304520145134,
            "Soil_Temperature": 2.286081210679241,
            "Wind_Dir_Sin": 0.6706106673080864,
            "Wind_Dir_Cos": 0.5121555183338627
        },
        "R2": {
            "Temperature": 0.509679871601616,
            "Precipitation_accumulated": -2581.705807912029,
            "Humidity": 0.42234460197159185,
            "Wind_Speed_kmh": -0.19886748235122953,
            "Soil_Moisture": -0.9554901257599593,
            "Soil_Temperature": 0.4877537333545183,
            "Wind_Dir_Sin": -0.14083392449941967,
            "Wind_Dir_Cos": -0.02103695572601283
        },
        "SMAPE": {
            "Temperature": 45.39806580045881,
            "Precipitation_accumulated": 19.650711321028066,
            "Humidity": 9.124770188826728,
            "Wind_Speed_kmh": 77.2625833639863,
            "Soil_Moisture": 3.0831059809866637,
            "Soil_Temperature": 33.84522764583326,
            "Wind_Dir_Sin": 126.47742318659091,
            "Wind_Dir_Cos": 120.36756590730565
        }
    }
}