{
    "trial_number": 24,
    "input_chunk_length": 14,
    "output_chunk_length": 13,
    "d_model": 64,
    "nhead": 8,
    "num_encoder_layers": 3,
    "num_decoder_layers": 2,
    "activation": "GEGLU",
    "dropout": 0.12566803675390037,
    "batch_size": 29,
    "lr": 0.00043074724908859604,
    "forecast_horizon": 3,
    "overall_smape_val": 51.07353602573028,
    "metrics": {
        "MSE": {
            "Temperature": 1.121738795831757,
            "Precipitation_accumulated": 129.7419910919408,
            "Humidity": 14.17011683111906,
            "Wind_Speed_kmh": 0.1737045415697408,
            "Soil_Moisture": 60920.2118330509,
            "Soil_Temperature": 2.2199941724193457,
            "Wind_Dir_Sin": 0.07573421695640929,
            "Wind_Dir_Cos": 0.06617250213567816
        },
        "RMSE": {
            "Temperature": 1.0591217096404724,
            "Precipitation_accumulated": 11.390434192423957,
            "Humidity": 3.764321563192903,
            "Wind_Speed_kmh": 0.4167787681369347,
            "Soil_Moisture": 246.82020142818718,
            "Soil_Temperature": 1.4899644869658288,
            "Wind_Dir_Sin": 0.27519850464057627,
            "Wind_Dir_Cos": 0.25724016431280355
        },
        "MAE": {
            "Temperature": 0.8409284102898936,
            "Precipitation_accumulated": 10.40158505517727,
            "Humidity": 3.100783831478922,
            "Wind_Speed_kmh": 0.21820621486353953,
            "Soil_Moisture": 148.3968484948984,
            "Soil_Temperature": 1.1298770566668277,
            "Wind_Dir_Sin": 0.13435379509460776,
            "Wind_Dir_Cos": 0.12403585245278473
        },
        "R2": {
            "Temperature": 0.6703407611964369,
            "Precipitation_accumulated": -135.67139301517054,
            "Humidity": 0.7820982924463867,
            "Wind_Speed_kmh": 0.48992260494021245,
            "Soil_Moisture": 0.9177255037481702,
            "Soil_Temperature": 0.6043053051032299,
            "Wind_Dir_Sin": 0.5287966424711065,
            "Wind_Dir_Cos": 0.7696377029938357
        },
        "SMAPE": {
            "Temperature": 14.252851650250998,
            "Precipitation_accumulated": 2.2348693943190945,
            "Humidity": 3.702813102205117,
            "Wind_Speed_kmh": 170.29783499372905,
            "Soil_Moisture": 2.4107687677924017,
            "Soil_Temperature": 26.722852835938088,
            "Wind_Dir_Sin": 153.302330644339,
            "Wind_Dir_Cos": 35.66396681726847
        }
    }
}