{
    "trial_number": 72,
    "input_chunk_length": 24,
    "output_chunk_length": 8,
    "d_model": 128,
    "nhead": 4,
    "num_encoder_layers": 1,
    "num_decoder_layers": 1,
    "activation": "GELU",
    "dropout": 0.13604548837621636,
    "batch_size": 176,
    "lr": 0.0005793195042245757,
    "loss_function": "smoothl1",
    "optimizer": "AdamW",
    "overall_mae_val": 0.13536214649987746,
    "metrics": {
        "MSE": {
            "Temperature": 12.120305234995005,
            "Precipitation_accumulated": 1914.1971100947098,
            "Humidity": 81.45365892315175,
            "Wind_Speed_kmh": 1.4611544079509435,
            "Soil_Moisture": 112204.83344462056,
            "Soil_Temperature": 11.267351952522509,
            "Wind_Dir_Sin": 0.606499494480615,
            "Wind_Dir_Cos": 0.39060515264124823
        },
        "RMSE": {
            "Temperature": 3.48142287506057,
            "Precipitation_accumulated": 43.751538374035604,
            "Humidity": 9.02516808281994,
            "Wind_Speed_kmh": 1.2087822003781092,
            "Soil_Moisture": 334.9698993112972,
            "Soil_Temperature": 3.3566876459573223,
            "Wind_Dir_Sin": 0.7787807743393612,
            "Wind_Dir_Cos": 0.6249841219113076
        },
        "MAE": {
            "Temperature": 2.7981325872017937,
            "Precipitation_accumulated": 34.67094558628208,
            "Humidity": 7.273470602910946,
            "Wind_Speed_kmh": 0.9913648949617015,
            "Soil_Moisture": 266.49255042245665,
            "Soil_Temperature": 2.776572170975425,
            "Wind_Dir_Sin": 0.6815967186148842,
            "Wind_Dir_Cos": 0.5230411336176921
        },
        "R2": {
            "Temperature": 0.6020317028082669,
            "Precipitation_accumulated": -558.4678580044525,
            "Humidity": 0.4440402964996565,
            "Wind_Speed_kmh": -0.0833627848003109,
            "Soil_Moisture": -0.9758965741323078,
            "Soil_Temperature": 0.300106812098033,
            "Wind_Dir_Sin": -0.10141573218489275,
            "Wind_Dir_Cos": -0.06599943712330947
        },
        "SMAPE": {
            "Temperature": 50.51472878770454,
            "Precipitation_accumulated": 7.885893953935666,
            "Humidity": 8.619062308524764,
            "Wind_Speed_kmh": 75.52971619456451,
            "Soil_Moisture": 3.1187078724802886,
            "Soil_Temperature": 47.5726805443481,
            "Wind_Dir_Sin": 140.69971469770147,
            "Wind_Dir_Cos": 122.43283798917679
        }
    }
}