{
    "trial_number": 2,
    "input_chunk_length": 62,
    "output_chunk_length": 9,
    "d_model": 256,
    "nhead": 2,
    "num_encoder_layers": 3,
    "num_decoder_layers": 3,
    "activation": "GLU",
    "dropout": 0.3412525447739263,
    "batch_size": 104,
    "lr": 2.164900521579707e-05,
    "loss_function": "mae",
    "optimizer": "SGD",
    "overall_mae_val": 0.26273121233505076,
    "metrics": {
        "MSE": {
            "Temperature": 276.78813711853763,
            "Precipitation_accumulated": 12774.352224697026,
            "Humidity": 400.97622249791124,
            "Wind_Speed_kmh": 1.7692907349944704,
            "Soil_Moisture": 466707.97176097456,
            "Soil_Temperature": 72.74417058420886,
            "Wind_Dir_Sin": 0.6556690457185311,
            "Wind_Dir_Cos": 1.5964882105328746
        },
        "RMSE": {
            "Temperature": 16.63695095618598,
            "Precipitation_accumulated": 113.02367992901765,
            "Humidity": 20.024390689804054,
            "Wind_Speed_kmh": 1.3301468847441136,
            "Soil_Moisture": 683.1602826284433,
            "Soil_Temperature": 8.529019321364494,
            "Wind_Dir_Sin": 0.8097339351407542,
            "Wind_Dir_Cos": 1.2635221448525842
        },
        "MAE": {
            "Temperature": 14.995011725567355,
            "Precipitation_accumulated": 91.58683846598535,
            "Humidity": 15.978972044596917,
            "Wind_Speed_kmh": 1.082129603936482,
            "Soil_Moisture": 558.9457243659002,
            "Soil_Temperature": 6.889102290453764,
            "Wind_Dir_Sin": 0.7207855304472655,
            "Wind_Dir_Cos": 1.1113647429050457
        },
        "R2": {
            "Temperature": -8.077163736838,
            "Precipitation_accumulated": -3983.4628405144895,
            "Humidity": -1.726419453156907,
            "Wind_Speed_kmh": -0.31074647197720395,
            "Soil_Moisture": -8.763579101769524,
            "Soil_Temperature": -3.540466732915916,
            "Wind_Dir_Sin": -0.19779115503531308,
            "Wind_Dir_Cos": -3.334508657565638
        },
        "SMAPE": {
            "Temperature": 96.57676011654608,
            "Precipitation_accumulated": 22.52894336371502,
            "Humidity": 17.19574017274106,
            "Wind_Speed_kmh": 80.3176786183552,
            "Soil_Moisture": 6.581645001451839,
            "Soil_Temperature": 71.56545890819004,
            "Wind_Dir_Sin": 153.1162598625382,
            "Wind_Dir_Cos": 153.78864369601533
        }
    }
}