{
    "trial_number": 30,
    "input_chunk_length": 23,
    "output_chunk_length": 20,
    "d_model": 64,
    "nhead": 2,
    "num_encoder_layers": 4,
    "num_decoder_layers": 2,
    "activation": "GEGLU",
    "dropout": 0.0906024730519975,
    "batch_size": 16,
    "lr": 0.0007451933126411006,
    "forecast_horizon": 3,
    "overall_smape_val": 51.37001653251508,
    "metrics": {
        "MSE": {
            "Temperature": 2.378225415115983,
            "Precipitation_accumulated": 48.98006084962976,
            "Humidity": 10.37504708480597,
            "Wind_Speed_kmh": 0.16362389485110004,
            "Soil_Moisture": 54048.86925633104,
            "Soil_Temperature": 1.6066878581472417,
            "Wind_Dir_Sin": 0.07428326591804554,
            "Wind_Dir_Cos": 0.06698756847566352
        },
        "RMSE": {
            "Temperature": 1.5421496085386732,
            "Precipitation_accumulated": 6.998575630057145,
            "Humidity": 3.2210319906523703,
            "Wind_Speed_kmh": 0.4045045053532779,
            "Soil_Moisture": 232.48412689113002,
            "Soil_Temperature": 1.267551915365695,
            "Wind_Dir_Sin": 0.2725495659839611,
            "Wind_Dir_Cos": 0.258819567412635
        },
        "MAE": {
            "Temperature": 1.2565217829260042,
            "Precipitation_accumulated": 5.011295618522444,
            "Humidity": 2.4376251314216955,
            "Wind_Speed_kmh": 0.1872177555473198,
            "Soil_Moisture": 116.4180881769994,
            "Soil_Temperature": 1.1140045429611913,
            "Wind_Dir_Sin": 0.1572250198302682,
            "Wind_Dir_Cos": 0.13033226820214178
        },
        "R2": {
            "Temperature": 0.3010815147308047,
            "Precipitation_accumulated": -50.5960414199512,
            "Humidity": 0.8404571745828139,
            "Wind_Speed_kmh": 0.5195240763369626,
            "Soil_Moisture": 0.9270054493042141,
            "Soil_Temperature": 0.7136218330109083,
            "Wind_Dir_Sin": 0.537824173597236,
            "Wind_Dir_Cos": 0.76680026224078
        },
        "SMAPE": {
            "Temperature": 22.835220132838487,
            "Precipitation_accumulated": 1.084856250428286,
            "Humidity": 2.9038486144098354,
            "Wind_Speed_kmh": 161.39445828362744,
            "Soil_Moisture": 1.8577582149536334,
            "Soil_Temperature": 26.87229418992642,
            "Wind_Dir_Sin": 154.57785841737578,
            "Wind_Dir_Cos": 39.43383815656055
        }
    }
}