{
    "trial_number": 75,
    "input_chunk_length": 24,
    "output_chunk_length": 3,
    "d_model": 128,
    "nhead": 4,
    "num_encoder_layers": 1,
    "num_decoder_layers": 1,
    "activation": "GELU",
    "dropout": 0.10799853097776503,
    "batch_size": 176,
    "lr": 0.0005881528026825187,
    "loss_function": "smoothl1",
    "optimizer": "AdamW",
    "overall_mae_val": 0.126434009524798,
    "metrics": {
        "MSE": {
            "Temperature": 7.3892628427637,
            "Precipitation_accumulated": 2717.3713938444257,
            "Humidity": 76.14669342244602,
            "Wind_Speed_kmh": 1.2625580583708058,
            "Soil_Moisture": 42124.11154952332,
            "Soil_Temperature": 7.087525352613112,
            "Wind_Dir_Sin": 0.5284754949637739,
            "Wind_Dir_Cos": 0.36618313400666286
        },
        "RMSE": {
            "Temperature": 2.718319856595927,
            "Precipitation_accumulated": 52.128412539079164,
            "Humidity": 8.726207275927269,
            "Wind_Speed_kmh": 1.1236360880511118,
            "Soil_Moisture": 205.24159312752207,
            "Soil_Temperature": 2.662240663916978,
            "Wind_Dir_Sin": 0.7269632005567915,
            "Wind_Dir_Cos": 0.6051306751493126
        },
        "MAE": {
            "Temperature": 2.2054240391021263,
            "Precipitation_accumulated": 43.87699077902825,
            "Humidity": 6.862499277714093,
            "Wind_Speed_kmh": 0.9267266313480065,
            "Soil_Moisture": 166.7609378305754,
            "Soil_Temperature": 2.194227399440221,
            "Wind_Dir_Sin": 0.6436648028484032,
            "Wind_Dir_Cos": 0.5036530426152129
        },
        "R2": {
            "Temperature": 0.7577150776881323,
            "Precipitation_accumulated": -787.1441166615105,
            "Humidity": 0.48045593444067813,
            "Wind_Speed_kmh": 0.06517101692431704,
            "Soil_Moisture": 0.2711091636952401,
            "Soil_Temperature": 0.561375582314444,
            "Wind_Dir_Sin": 0.03904368248991841,
            "Wind_Dir_Cos": 0.004054507122036921
        },
        "SMAPE": {
            "Temperature": 36.70226368956774,
            "Precipitation_accumulated": 10.09951482421987,
            "Humidity": 8.053193250687762,
            "Wind_Speed_kmh": 72.7964757056149,
            "Soil_Moisture": 1.946896991849285,
            "Soil_Temperature": 41.26301814789711,
            "Wind_Dir_Sin": 139.28800725302025,
            "Wind_Dir_Cos": 124.03995328721906
        }
    }
}