{
    "trial_number": 25,
    "input_chunk_length": 47,
    "output_chunk_length": 14,
    "d_model": 128,
    "nhead": 4,
    "num_encoder_layers": 2,
    "num_decoder_layers": 1,
    "activation": "GELU",
    "dropout": 0.14535589101725335,
    "batch_size": 236,
    "lr": 0.0007280756804992236,
    "loss_function": "smoothl1",
    "optimizer": "AdamW",
    "overall_mae_val": 0.16011834332879227,
    "metrics": {
        "MSE": {
            "Temperature": 10.607758946897798,
            "Precipitation_accumulated": 13501.653041184803,
            "Humidity": 90.73873166242196,
            "Wind_Speed_kmh": 1.7584407442090164,
            "Soil_Moisture": 199488.52976956216,
            "Soil_Temperature": 8.093902239579654,
            "Wind_Dir_Sin": 0.6077398189936731,
            "Wind_Dir_Cos": 0.4110801303232773
        },
        "RMSE": {
            "Temperature": 3.2569554720471383,
            "Precipitation_accumulated": 116.19661372512024,
            "Humidity": 9.525687988928777,
            "Wind_Speed_kmh": 1.3260621192874098,
            "Soil_Moisture": 446.64138833023765,
            "Soil_Temperature": 2.844978425151877,
            "Wind_Dir_Sin": 0.7795766921821567,
            "Wind_Dir_Cos": 0.6411553090502154
        },
        "MAE": {
            "Temperature": 2.665330003583871,
            "Precipitation_accumulated": 105.75264847927893,
            "Humidity": 7.891561616916666,
            "Wind_Speed_kmh": 1.1272146493118946,
            "Soil_Moisture": 389.2260582873291,
            "Soil_Temperature": 2.327222353420811,
            "Wind_Dir_Sin": 0.6851246360219472,
            "Wind_Dir_Cos": 0.5273326880016872
        },
        "R2": {
            "Temperature": 0.6521688799870191,
            "Precipitation_accumulated": -4136.003792585717,
            "Humidity": 0.38171310923945256,
            "Wind_Speed_kmh": -0.30475673142261894,
            "Soil_Moisture": -2.9723435599753203,
            "Soil_Temperature": 0.4956796548544681,
            "Wind_Dir_Sin": -0.10594249908495512,
            "Wind_Dir_Cos": -0.11790785446431196
        },
        "SMAPE": {
            "Temperature": 40.10191177158046,
            "Precipitation_accumulated": 26.42040253406468,
            "Humidity": 9.317447945528992,
            "Wind_Speed_kmh": 77.6713581744563,
            "Soil_Moisture": 4.416577166100349,
            "Soil_Temperature": 48.19004086017804,
            "Wind_Dir_Sin": 143.131222607644,
            "Wind_Dir_Cos": 114.63611011474626
        }
    }
}