{
    "trial_number": 10,
    "input_chunk_length": 44,
    "output_chunk_length": 34,
    "d_model": 64,
    "nhead": 8,
    "num_encoder_layers": 4,
    "num_decoder_layers": 4,
    "activation": "GELU",
    "dropout": 0.006137310108735861,
    "batch_size": 62,
    "lr": 0.00010314908672547542,
    "forecast_horizon": 3,
    "overall_smape_val": 58.44018583810831,
    "metrics": {
        "MSE": {
            "Temperature": 3.5602917524922155,
            "Precipitation_accumulated": 1412.035421806824,
            "Humidity": 66.09256502308807,
            "Wind_Speed_kmh": 0.2441633084183178,
            "Soil_Moisture": 105090.42021699218,
            "Soil_Temperature": 12.866249883369095,
            "Wind_Dir_Sin": 0.16710909244837996,
            "Wind_Dir_Cos": 0.16388835724840606
        },
        "RMSE": {
            "Temperature": 1.8868735390831617,
            "Precipitation_accumulated": 37.57705978129241,
            "Humidity": 8.129733391882422,
            "Wind_Speed_kmh": 0.49412883787360334,
            "Soil_Moisture": 324.1765263201396,
            "Soil_Temperature": 3.586955517339056,
            "Wind_Dir_Sin": 0.40878979004909105,
            "Wind_Dir_Cos": 0.40483127009706904
        },
        "MAE": {
            "Temperature": 1.532988948837851,
            "Precipitation_accumulated": 24.807713074315778,
            "Humidity": 6.895412855840908,
            "Wind_Speed_kmh": 0.27368130331448226,
            "Soil_Moisture": 207.35510704221252,
            "Soil_Temperature": 2.6281122940807027,
            "Wind_Dir_Sin": 0.2315031174335759,
            "Wind_Dir_Cos": 0.24037868890713138
        },
        "R2": {
            "Temperature": -0.04630692404189718,
            "Precipitation_accumulated": -1486.450951391251,
            "Humidity": -0.016341851430716536,
            "Wind_Speed_kmh": 0.283022866289351,
            "Soil_Moisture": 0.8580723683637077,
            "Soil_Temperature": -1.2932973812796362,
            "Wind_Dir_Sin": -0.039719806974501726,
            "Wind_Dir_Cos": 0.42946545453426244
        },
        "SMAPE": {
            "Temperature": 24.97049821480757,
            "Precipitation_accumulated": 5.653784332491948,
            "Humidity": 8.014107100578967,
            "Wind_Speed_kmh": 168.1119300174314,
            "Soil_Moisture": 3.2071523582018906,
            "Soil_Temperature": 38.64764539809608,
            "Wind_Dir_Sin": 170.67185657392915,
            "Wind_Dir_Cos": 48.244512709329605
        }
    }
}