{
    "trial_number": 28,
    "input_chunk_length": 39,
    "d_model": 128,
    "num_encoder_layers": 2,
    "num_decoder_layers": 2,
    "activation": "GLU",
    "dropout": 0.03101850827190166,
    "batch_size": 23,
    "lr": 0.000547428385772428,
    "overall_smape_val": 46.26678654489868,
    "metrics": {
        "MSE": {
            "Temperature": 1.3736041065930265,
            "Precipitation_accumulated": 155.27471041263476,
            "Humidity": 6.595559790254438,
            "Wind_Speed_kmh": 0.08941837966269707,
            "Soil_Moisture": 16689.539413843755,
            "Soil_Temperature": 0.44863659674904866,
            "Wind_Dir_Sin": 0.04890906323237157,
            "Wind_Dir_Cos": 0.04103176359319141
        },
        "RMSE": {
            "Temperature": 1.172008577866658,
            "Precipitation_accumulated": 12.460927349625099,
            "Humidity": 2.5681821956890905,
            "Wind_Speed_kmh": 0.29902906156876635,
            "Soil_Moisture": 129.18800027031827,
            "Soil_Temperature": 0.6698034015657495,
            "Wind_Dir_Sin": 0.2211539356022668,
            "Wind_Dir_Cos": 0.2025629867305264
        },
        "MAE": {
            "Temperature": 1.0553961104278802,
            "Precipitation_accumulated": 9.952471531572176,
            "Humidity": 2.088594627470514,
            "Wind_Speed_kmh": 0.1487124456003257,
            "Soil_Moisture": 77.02819939431306,
            "Soil_Temperature": 0.4434868989008687,
            "Wind_Dir_Sin": 0.11656854357940802,
            "Wind_Dir_Cos": 0.08866534368376233
        },
        "R2": {
            "Temperature": 0.5965147744670429,
            "Precipitation_accumulated": -162.5945443668655,
            "Humidity": 0.8985745496618628,
            "Wind_Speed_kmh": 0.737242842616839,
            "Soil_Moisture": 0.9774456590882358,
            "Soil_Temperature": 0.9200605891255316,
            "Wind_Dir_Sin": 0.6954963774193414,
            "Wind_Dir_Cos": 0.8570784778393777
        },
        "SMAPE": {
            "Temperature": 16.9705966560092,
            "Precipitation_accumulated": 2.1292339849915307,
            "Humidity": 2.5297422173314605,
            "Wind_Speed_kmh": 158.75168351648233,
            "Soil_Moisture": 1.2485443921219574,
            "Soil_Temperature": 14.721158173677356,
            "Wind_Dir_Sin": 145.3702748312946,
            "Wind_Dir_Cos": 28.413058587281075
        }
    }
}