{
    "trial_number": 21,
    "input_chunk_length": 31,
    "output_chunk_length": 14,
    "d_model": 128,
    "nhead": 4,
    "num_encoder_layers": 2,
    "num_decoder_layers": 1,
    "activation": "GELU",
    "dropout": 0.1652464257073538,
    "batch_size": 231,
    "lr": 0.0009845975305525364,
    "loss_function": "smoothl1",
    "optimizer": "AdamW",
    "overall_mae_val": 0.14350426117883713,
    "metrics": {
        "MSE": {
            "Temperature": 14.613303675882616,
            "Precipitation_accumulated": 4420.696697868857,
            "Humidity": 93.58273642507531,
            "Wind_Speed_kmh": 1.462427035676314,
            "Soil_Moisture": 138257.11030597892,
            "Soil_Temperature": 18.099432560226326,
            "Wind_Dir_Sin": 0.6090886157626545,
            "Wind_Dir_Cos": 0.3581894261343186
        },
        "RMSE": {
            "Temperature": 3.8227351040691553,
            "Precipitation_accumulated": 66.48832001087753,
            "Humidity": 9.673817055592654,
            "Wind_Speed_kmh": 1.2093084948334374,
            "Soil_Moisture": 371.8294102219174,
            "Soil_Temperature": 4.254342788284264,
            "Wind_Dir_Sin": 0.7804412955262263,
            "Wind_Dir_Cos": 0.5984892865660325
        },
        "MAE": {
            "Temperature": 3.0509861414798944,
            "Precipitation_accumulated": 54.05918245736358,
            "Humidity": 7.651263700479826,
            "Wind_Speed_kmh": 0.9887387096348548,
            "Soil_Moisture": 287.9581731860615,
            "Soil_Temperature": 3.5265268464877684,
            "Wind_Dir_Sin": 0.6774463065184612,
            "Wind_Dir_Cos": 0.5121478316070247
        },
        "R2": {
            "Temperature": 0.5214650445116311,
            "Precipitation_accumulated": -1317.6985122500962,
            "Humidity": 0.362007710014859,
            "Wind_Speed_kmh": -0.085530773145712,
            "Soil_Moisture": -1.5697166211797793,
            "Soil_Temperature": -0.12258476913044158,
            "Wind_Dir_Sin": -0.10429068898879312,
            "Wind_Dir_Cos": 0.02270501712591455
        },
        "SMAPE": {
            "Temperature": 46.226611547277656,
            "Precipitation_accumulated": 12.70360849493069,
            "Humidity": 9.053604003666209,
            "Wind_Speed_kmh": 76.00889001500457,
            "Soil_Moisture": 3.4521323494036005,
            "Soil_Temperature": 83.11745507626762,
            "Wind_Dir_Sin": 135.2166126460642,
            "Wind_Dir_Cos": 134.18975714338032
        }
    }
}