{
    "trial_number": 82,
    "input_chunk_length": 25,
    "output_chunk_length": 3,
    "d_model": 128,
    "nhead": 4,
    "num_encoder_layers": 1,
    "num_decoder_layers": 1,
    "activation": "Bilinear",
    "dropout": 0.11311771113015279,
    "batch_size": 166,
    "lr": 0.0005983997368849614,
    "loss_function": "huber",
    "optimizer": "AdamW",
    "overall_mae_val": 0.14250786827368778,
    "metrics": {
        "MSE": {
            "Temperature": 9.927218382183398,
            "Precipitation_accumulated": 9191.102497556145,
            "Humidity": 69.06235601918846,
            "Wind_Speed_kmh": 1.2091487302503077,
            "Soil_Moisture": 109077.30164410321,
            "Soil_Temperature": 9.796705098051083,
            "Wind_Dir_Sin": 0.5323633928985098,
            "Wind_Dir_Cos": 0.396619108341345
        },
        "RMSE": {
            "Temperature": 3.1507488605383003,
            "Precipitation_accumulated": 95.87023780901008,
            "Humidity": 8.31037640658884,
            "Wind_Speed_kmh": 1.0996129911247445,
            "Soil_Moisture": 330.2685295999351,
            "Soil_Temperature": 3.129968865348517,
            "Wind_Dir_Sin": 0.729632368318806,
            "Wind_Dir_Cos": 0.6297770306555686
        },
        "MAE": {
            "Temperature": 2.5107299530026777,
            "Precipitation_accumulated": 84.89764452467493,
            "Humidity": 6.933778293039419,
            "Wind_Speed_kmh": 0.8930014720233109,
            "Soil_Moisture": 250.80005980700463,
            "Soil_Temperature": 2.5741261235137705,
            "Wind_Dir_Sin": 0.6476209744505251,
            "Wind_Dir_Cos": 0.5176369232256168
        },
        "R2": {
            "Temperature": 0.6743227005816703,
            "Precipitation_accumulated": -2668.8365584597645,
            "Humidity": 0.5287577811141926,
            "Wind_Speed_kmh": 0.10525848033061636,
            "Soil_Moisture": -0.893637140392793,
            "Soil_Temperature": 0.3932684931049545,
            "Wind_Dir_Sin": 0.03230614204788507,
            "Wind_Dir_Cos": -0.07970517222956053
        },
        "SMAPE": {
            "Temperature": 38.182045773571936,
            "Precipitation_accumulated": 20.68357138341654,
            "Humidity": 8.106720646668975,
            "Wind_Speed_kmh": 72.81576132317628,
            "Soil_Moisture": 2.9696242792688867,
            "Soil_Temperature": 51.17741891957561,
            "Wind_Dir_Sin": 141.75584178528385,
            "Wind_Dir_Cos": 118.20491490467208
        }
    }
}