{
    "trial_number": 9,
    "input_chunk_length": 81,
    "output_chunk_length": 57,
    "d_model": 64,
    "nhead": 8,
    "num_encoder_layers": 1,
    "num_decoder_layers": 1,
    "activation": "ReLU",
    "dropout": 0.24721115827740958,
    "batch_size": 53,
    "lr": 0.0007565172119075862,
    "forecast_horizon": 24,
    "overall_smape_val": 55.27005367528491,
    "metrics": {
        "MSE": {
            "Temperature": 1.7457716842141213,
            "Precipitation_accumulated": 183.81697417205,
            "Humidity": 38.33482442199104,
            "Wind_Speed_kmh": 0.24299286851159768,
            "Soil_Moisture": 182884.26739822858,
            "Soil_Temperature": 1.7048403658493068,
            "Wind_Dir_Sin": 0.13885907884886942,
            "Wind_Dir_Cos": 0.15562623823531713
        },
        "RMSE": {
            "Temperature": 1.3212765358599696,
            "Precipitation_accumulated": 13.557911866214871,
            "Humidity": 6.19151228877009,
            "Wind_Speed_kmh": 0.49294306822552814,
            "Soil_Moisture": 427.64970173990366,
            "Soil_Temperature": 1.3056953572136598,
            "Wind_Dir_Sin": 0.37263799973817674,
            "Wind_Dir_Cos": 0.3944949153478624
        },
        "MAE": {
            "Temperature": 1.0484647703051928,
            "Precipitation_accumulated": 9.307438543186247,
            "Humidity": 5.2742140698093065,
            "Wind_Speed_kmh": 0.24358458416716852,
            "Soil_Moisture": 304.28255458350117,
            "Soil_Temperature": 0.9484391096819521,
            "Wind_Dir_Sin": 0.23063353327851732,
            "Wind_Dir_Cos": 0.2673605824719883
        },
        "R2": {
            "Temperature": 0.48078522400071,
            "Precipitation_accumulated": -192.0013132595297,
            "Humidity": 0.41113969008494655,
            "Wind_Speed_kmh": 0.2969117800413186,
            "Soil_Moisture": 0.7564340396650113,
            "Soil_Temperature": 0.6939583476544153,
            "Wind_Dir_Sin": 0.14803149871882382,
            "Wind_Dir_Cos": 0.4646020405827085
        },
        "SMAPE": {
            "Temperature": 20.079326351158652,
            "Precipitation_accumulated": 2.0308337857758607,
            "Humidity": 6.332394717382701,
            "Wind_Speed_kmh": 174.35018650896967,
            "Soil_Moisture": 5.008374043729574,
            "Soil_Temperature": 23.755113621555207,
            "Wind_Dir_Sin": 160.21411783194907,
            "Wind_Dir_Cos": 50.39008254175866
        }
    }
}