{
    "trial_number": 81,
    "input_chunk_length": 25,
    "output_chunk_length": 1,
    "d_model": 128,
    "nhead": 4,
    "num_encoder_layers": 1,
    "num_decoder_layers": 1,
    "activation": "Bilinear",
    "dropout": 0.10336278096073061,
    "batch_size": 166,
    "lr": 0.0006457804502362744,
    "loss_function": "huber",
    "optimizer": "AdamW",
    "overall_mae_val": 0.12270042054000967,
    "metrics": {
        "MSE": {
            "Temperature": 6.407601222382734,
            "Precipitation_accumulated": 5783.98009761998,
            "Humidity": 44.25122348395538,
            "Wind_Speed_kmh": 1.230162031577954,
            "Soil_Moisture": 80672.7288607014,
            "Soil_Temperature": 7.898112880250118,
            "Wind_Dir_Sin": 0.39577514117318957,
            "Wind_Dir_Cos": 0.3493964329540746
        },
        "RMSE": {
            "Temperature": 2.531324005808568,
            "Precipitation_accumulated": 76.05248252108527,
            "Humidity": 6.6521593098749054,
            "Wind_Speed_kmh": 1.1091266977121927,
            "Soil_Moisture": 284.0294506925319,
            "Soil_Temperature": 2.810358140922633,
            "Wind_Dir_Sin": 0.6291066214666553,
            "Wind_Dir_Cos": 0.5910976509461652
        },
        "MAE": {
            "Temperature": 2.0242722054995714,
            "Precipitation_accumulated": 62.4859377888338,
            "Humidity": 5.428833293471398,
            "Wind_Speed_kmh": 0.9246831794015825,
            "Soil_Moisture": 226.39933392888022,
            "Soil_Temperature": 2.2974861476293573,
            "Wind_Dir_Sin": 0.5380758109397706,
            "Wind_Dir_Cos": 0.4821641857359028
        },
        "R2": {
            "Temperature": 0.7900312882415258,
            "Precipitation_accumulated": -1674.0429088402445,
            "Humidity": 0.6980982975797942,
            "Wind_Speed_kmh": 0.08899946735243891,
            "Soil_Moisture": -0.3916537137324263,
            "Soil_Temperature": 0.5115332128971648,
            "Wind_Dir_Sin": 0.2802421632166723,
            "Wind_Dir_Cos": 0.05004769408629017
        },
        "SMAPE": {
            "Temperature": 35.84177847648427,
            "Precipitation_accumulated": 14.907326502052264,
            "Humidity": 6.320549535400901,
            "Wind_Speed_kmh": 72.17660566723086,
            "Soil_Moisture": 2.6909804444588286,
            "Soil_Temperature": 45.44853584477162,
            "Wind_Dir_Sin": 111.080568317568,
            "Wind_Dir_Cos": 116.4806915075394
        }
    }
}