{
    "trial_number": 34,
    "input_chunk_length": 35,
    "output_chunk_length": 4,
    "d_model": 128,
    "nhead": 4,
    "num_encoder_layers": 3,
    "num_decoder_layers": 1,
    "activation": "GELU",
    "dropout": 0.2658944741340959,
    "batch_size": 208,
    "lr": 0.0009983720834264177,
    "loss_function": "smoothl1",
    "optimizer": "AdamW",
    "overall_mae_val": 0.14846791121911704,
    "metrics": {
        "MSE": {
            "Temperature": 8.20739573048214,
            "Precipitation_accumulated": 9764.589845031658,
            "Humidity": 82.13828298268896,
            "Wind_Speed_kmh": 1.4422143766261188,
            "Soil_Moisture": 132312.53436159485,
            "Soil_Temperature": 15.971343462066027,
            "Wind_Dir_Sin": 0.6002978713492688,
            "Wind_Dir_Cos": 0.3798355363379869
        },
        "RMSE": {
            "Temperature": 2.8648552721703306,
            "Precipitation_accumulated": 98.81593922557057,
            "Humidity": 9.063017322210577,
            "Wind_Speed_kmh": 1.200922302493429,
            "Soil_Moisture": 363.7478994600448,
            "Soil_Temperature": 3.996416327419608,
            "Wind_Dir_Sin": 0.7747889205127219,
            "Wind_Dir_Cos": 0.6163079882152972
        },
        "MAE": {
            "Temperature": 2.2966019275719276,
            "Precipitation_accumulated": 82.9065446579722,
            "Humidity": 7.197908152745039,
            "Wind_Speed_kmh": 0.9801882010161477,
            "Soil_Moisture": 297.507147247388,
            "Soil_Temperature": 3.340507447422809,
            "Wind_Dir_Sin": 0.6876908631672781,
            "Wind_Dir_Cos": 0.5118915886501919
        },
        "R2": {
            "Temperature": 0.7314370111347651,
            "Precipitation_accumulated": -2884.079827943727,
            "Humidity": 0.44030150232943954,
            "Wind_Speed_kmh": -0.0689971957895621,
            "Soil_Moisture": -1.4041677047771333,
            "Soil_Temperature": 0.009692478818505323,
            "Wind_Dir_Sin": -0.08934857692011322,
            "Wind_Dir_Cos": -0.03622327405994907
        },
        "SMAPE": {
            "Temperature": 36.75895161645164,
            "Precipitation_accumulated": 20.29943716123563,
            "Humidity": 8.47104835795619,
            "Wind_Speed_kmh": 75.22443703188684,
            "Soil_Moisture": 3.490020919703694,
            "Soil_Temperature": 76.23709921878618,
            "Wind_Dir_Sin": 150.68812683243047,
            "Wind_Dir_Cos": 120.48184109992248
        }
    }
}