{
    "trial_number": 13,
    "input_chunk_length": 15,
    "output_chunk_length": 12,
    "d_model": 64,
    "nhead": 8,
    "num_encoder_layers": 4,
    "num_decoder_layers": 2,
    "activation": "GEGLU",
    "dropout": 0.14453811906124456,
    "batch_size": 24,
    "lr": 0.0005093518439483872,
    "forecast_horizon": 5,
    "overall_smape_val": 51.52985369646079,
    "metrics": {
        "MSE": {
            "Temperature": 1.8329078099387275,
            "Precipitation_accumulated": 20.893735367222273,
            "Humidity": 16.976036731786838,
            "Wind_Speed_kmh": 0.12336936548644296,
            "Soil_Moisture": 58881.42653420237,
            "Soil_Temperature": 2.161304748483489,
            "Wind_Dir_Sin": 0.06965153343877821,
            "Wind_Dir_Cos": 0.08184357878920961
        },
        "RMSE": {
            "Temperature": 1.3538492567264375,
            "Precipitation_accumulated": 4.570966568158454,
            "Humidity": 4.120198627710421,
            "Wind_Speed_kmh": 0.35123975499143456,
            "Soil_Moisture": 242.65495365683836,
            "Soil_Temperature": 1.4701376631062442,
            "Wind_Dir_Sin": 0.26391576959094015,
            "Wind_Dir_Cos": 0.28608316760901825
        },
        "MAE": {
            "Temperature": 1.1933898396638243,
            "Precipitation_accumulated": 3.5815311384709343,
            "Humidity": 3.328991391295907,
            "Wind_Speed_kmh": 0.17663715828056842,
            "Soil_Moisture": 148.49167971159312,
            "Soil_Temperature": 1.1859199354935304,
            "Wind_Dir_Sin": 0.13007265740986526,
            "Wind_Dir_Cos": 0.1594424762909813
        },
        "R2": {
            "Temperature": 0.46090327544332244,
            "Precipitation_accumulated": -21.00249704051836,
            "Humidity": 0.7389908392278498,
            "Wind_Speed_kmh": 0.6382355403505651,
            "Soil_Moisture": 0.9205836348918727,
            "Soil_Temperature": 0.6145113423854096,
            "Wind_Dir_Sin": 0.5672145936042527,
            "Wind_Dir_Cos": 0.7154025988545466
        },
        "SMAPE": {
            "Temperature": 18.81200956290681,
            "Precipitation_accumulated": 0.7796409830676353,
            "Humidity": 4.017940071813622,
            "Wind_Speed_kmh": 164.3153996124789,
            "Soil_Moisture": 2.4557033660191996,
            "Soil_Temperature": 24.616070570598968,
            "Wind_Dir_Sin": 156.0727966817357,
            "Wind_Dir_Cos": 41.16926872306575
        }
    }
}