{
    "trial_number": 11,
    "input_chunk_length": 94,
    "output_chunk_length": 70,
    "d_model": 256,
    "nhead": 8,
    "num_encoder_layers": 3,
    "num_decoder_layers": 1,
    "activation": "GLU",
    "dropout": 0.2935267630856111,
    "batch_size": 16,
    "lr": 0.0006546802703182327,
    "forecast_horizon": 2,
    "overall_smape_val": 58.23643071063945,
    "metrics": {
        "MSE": {
            "Temperature": 5.698279089628055,
            "Precipitation_accumulated": 628.8393463664797,
            "Humidity": 42.283287824739766,
            "Wind_Speed_kmh": 0.20953796318115755,
            "Soil_Moisture": 88939.76057728798,
            "Soil_Temperature": 4.967884062135387,
            "Wind_Dir_Sin": 0.0893970326017789,
            "Wind_Dir_Cos": 0.0813956320558435
        },
        "RMSE": {
            "Temperature": 2.3871068450381636,
            "Precipitation_accumulated": 25.076669363503594,
            "Humidity": 6.502560097741486,
            "Wind_Speed_kmh": 0.4577531684010036,
            "Soil_Moisture": 298.2276992120081,
            "Soil_Temperature": 2.228875066515705,
            "Wind_Dir_Sin": 0.2989933654812075,
            "Wind_Dir_Cos": 0.28529919743287663
        },
        "MAE": {
            "Temperature": 1.7630439848518566,
            "Precipitation_accumulated": 16.29141607987044,
            "Humidity": 5.555278039919519,
            "Wind_Speed_kmh": 0.25026033424470967,
            "Soil_Moisture": 142.57676735904502,
            "Soil_Temperature": 1.7872969112763077,
            "Wind_Dir_Sin": 0.17772654063792845,
            "Wind_Dir_Cos": 0.1828209974812012
        },
        "R2": {
            "Temperature": -0.6738239297573034,
            "Precipitation_accumulated": -661.533429142437,
            "Humidity": 0.34977444738836005,
            "Wind_Speed_kmh": 0.3842697689554875,
            "Soil_Moisture": 0.8798062887818878,
            "Soil_Temperature": 0.11480755672300991,
            "Wind_Dir_Sin": 0.4434217612005784,
            "Wind_Dir_Cos": 0.7164833628409422
        },
        "SMAPE": {
            "Temperature": 43.144488240296496,
            "Precipitation_accumulated": 3.6085405597950575,
            "Humidity": 6.546808276287074,
            "Wind_Speed_kmh": 163.8298045572174,
            "Soil_Moisture": 2.1301086264264373,
            "Soil_Temperature": 48.5734306697943,
            "Wind_Dir_Sin": 156.72782679231597,
            "Wind_Dir_Cos": 41.330437962982735
        }
    }
}