{
    "trial_number": 4,
    "input_chunk_length": 43,
    "output_chunk_length": 1,
    "d_model": 128,
    "nhead": 8,
    "num_encoder_layers": 1,
    "num_decoder_layers": 3,
    "activation": "ReLU",
    "dropout": 0.4308939891822833,
    "batch_size": 197,
    "lr": 4.9986349114371966e-05,
    "loss_function": "mae",
    "optimizer": "Adam",
    "overall_mae_val": 0.16148961408642912,
    "metrics": {
        "MSE": {
            "Temperature": 21.31195735995457,
            "Precipitation_accumulated": 394.18989699096045,
            "Humidity": 88.31793239951764,
            "Wind_Speed_kmh": 2.014451141433502,
            "Soil_Moisture": 1316351.870814017,
            "Soil_Temperature": 6.045577099109515,
            "Wind_Dir_Sin": 0.5593928055575876,
            "Wind_Dir_Cos": 0.520841286480451
        },
        "RMSE": {
            "Temperature": 4.6164875565688,
            "Precipitation_accumulated": 19.854216101144875,
            "Humidity": 9.397762095281921,
            "Wind_Speed_kmh": 1.4193136163066646,
            "Soil_Moisture": 1147.323786389011,
            "Soil_Temperature": 2.4587755284103334,
            "Wind_Dir_Sin": 0.7479256684708633,
            "Wind_Dir_Cos": 0.7216933465679527
        },
        "MAE": {
            "Temperature": 3.6051658741873682,
            "Precipitation_accumulated": 16.16361424334497,
            "Humidity": 8.155802939503415,
            "Wind_Speed_kmh": 1.062632887437594,
            "Soil_Moisture": 1128.203111897921,
            "Soil_Temperature": 1.9989940154779147,
            "Wind_Dir_Sin": 0.653759359501863,
            "Wind_Dir_Cos": 0.6168650088387798
        },
        "R2": {
            "Temperature": 0.302375367480869,
            "Precipitation_accumulated": -116.39796710149676,
            "Humidity": 0.3979503123280773,
            "Wind_Speed_kmh": -0.49470064104368383,
            "Soil_Moisture": -23.385362004854944,
            "Soil_Temperature": 0.6251452213383077,
            "Wind_Dir_Sin": -0.013227617929004287,
            "Wind_Dir_Cos": -0.42184231025746266
        },
        "SMAPE": {
            "Temperature": 50.55292649472073,
            "Precipitation_accumulated": 3.551214809744383,
            "Humidity": 9.557444075732807,
            "Wind_Speed_kmh": 93.73990892781946,
            "Soil_Moisture": 14.09768497470962,
            "Soil_Temperature": 31.79817218646216,
            "Wind_Dir_Sin": 128.584520178977,
            "Wind_Dir_Cos": 157.3563914838034
        }
    }
}