{
    "trial_number": 79,
    "input_chunk_length": 24,
    "output_chunk_length": 1,
    "d_model": 128,
    "nhead": 4,
    "num_encoder_layers": 1,
    "num_decoder_layers": 1,
    "activation": "Bilinear",
    "dropout": 0.10200911494627093,
    "batch_size": 153,
    "lr": 0.0006157508739132336,
    "loss_function": "huber",
    "optimizer": "AdamW",
    "overall_mae_val": 0.12292821637939733,
    "metrics": {
        "MSE": {
            "Temperature": 6.7181794400153025,
            "Precipitation_accumulated": 1822.6960645772099,
            "Humidity": 86.1269872830035,
            "Wind_Speed_kmh": 1.1640526240023705,
            "Soil_Moisture": 202670.51882079602,
            "Soil_Temperature": 9.068860451932425,
            "Wind_Dir_Sin": 0.45680315446464786,
            "Wind_Dir_Cos": 0.3272364193090694
        },
        "RMSE": {
            "Temperature": 2.591945107446395,
            "Precipitation_accumulated": 42.693044686192266,
            "Humidity": 9.280462665352601,
            "Wind_Speed_kmh": 1.0789127045328415,
            "Soil_Moisture": 450.1894254875341,
            "Soil_Temperature": 3.0114548729696127,
            "Wind_Dir_Sin": 0.6758721435779461,
            "Wind_Dir_Cos": 0.5720458192392192
        },
        "MAE": {
            "Temperature": 2.075565008152543,
            "Precipitation_accumulated": 35.51267678140723,
            "Humidity": 7.645880387861223,
            "Wind_Speed_kmh": 0.8689098197606021,
            "Soil_Moisture": 353.63924613991134,
            "Soil_Temperature": 2.4910598346650854,
            "Wind_Dir_Sin": 0.5583514829894868,
            "Wind_Dir_Cos": 0.4779547823033413
        },
        "R2": {
            "Temperature": 0.7799675814836996,
            "Precipitation_accumulated": -526.058508524086,
            "Humidity": 0.41244452587969427,
            "Wind_Speed_kmh": 0.1383455262517982,
            "Soil_Moisture": -2.485582005171584,
            "Soil_Temperature": 0.4394394083552574,
            "Wind_Dir_Sin": 0.16893319135245488,
            "Wind_Dir_Cos": 0.11120828887150525
        },
        "SMAPE": {
            "Temperature": 34.39447222327633,
            "Precipitation_accumulated": 8.018196748038351,
            "Humidity": 8.792180798664923,
            "Wind_Speed_kmh": 71.53290323372094,
            "Soil_Moisture": 4.270579813176045,
            "Soil_Temperature": 38.404041713035745,
            "Wind_Dir_Sin": 114.07071395401542,
            "Wind_Dir_Cos": 122.945150294321
        }
    }
}