{
    "trial_number": 7,
    "input_chunk_length": 56,
    "output_chunk_length": 47,
    "d_model": 128,
    "nhead": 4,
    "num_encoder_layers": 1,
    "num_decoder_layers": 3,
    "activation": "GLU",
    "dropout": 0.2428332111152784,
    "batch_size": 33,
    "lr": 0.006770646679614641,
    "forecast_horizon": 13,
    "overall_smape_val": 57.18382058660035,
    "metrics": {
        "MSE": {
            "Temperature": 5.792608991842621,
            "Precipitation_accumulated": 109.32717325256948,
            "Humidity": 23.824085303034707,
            "Wind_Speed_kmh": 0.2034694787920577,
            "Soil_Moisture": 166907.05784640275,
            "Soil_Temperature": 4.474862350356346,
            "Wind_Dir_Sin": 0.13104173746778702,
            "Wind_Dir_Cos": 0.13833703806442896
        },
        "RMSE": {
            "Temperature": 2.406783952049419,
            "Precipitation_accumulated": 10.455963525786109,
            "Humidity": 4.880992245746218,
            "Wind_Speed_kmh": 0.4510759124493988,
            "Soil_Moisture": 408.542602241679,
            "Soil_Temperature": 2.115387045047867,
            "Wind_Dir_Sin": 0.361996874942018,
            "Wind_Dir_Cos": 0.3719368737627784
        },
        "MAE": {
            "Temperature": 2.173068134748427,
            "Precipitation_accumulated": 9.166119665518972,
            "Humidity": 3.6762522856194857,
            "Wind_Speed_kmh": 0.20399187419757617,
            "Soil_Moisture": 259.68228523548123,
            "Soil_Temperature": 1.8336598285150607,
            "Wind_Dir_Sin": 0.23355776238638715,
            "Wind_Dir_Cos": 0.23399825682454636
        },
        "R2": {
            "Temperature": -0.7074262267905849,
            "Precipitation_accumulated": -113.98232794284239,
            "Humidity": 0.6341491592789686,
            "Wind_Speed_kmh": 0.4066866775091451,
            "Soil_Moisture": 0.7760825979322534,
            "Soil_Temperature": 0.20000117075562973,
            "Wind_Dir_Sin": 0.19007091460018144,
            "Wind_Dir_Cos": 0.5211158171456491
        },
        "SMAPE": {
            "Temperature": 31.262297544402966,
            "Precipitation_accumulated": 1.9754547362561161,
            "Humidity": 4.29687249532602,
            "Wind_Speed_kmh": 176.88928903386451,
            "Soil_Moisture": 4.058602535540438,
            "Soil_Temperature": 31.452156399425938,
            "Wind_Dir_Sin": 155.632589983539,
            "Wind_Dir_Cos": 51.90330196444773
        }
    }
}