{
    "trial_number": 25,
    "input_chunk_length": 24,
    "output_chunk_length": 22,
    "d_model": 64,
    "nhead": 8,
    "num_encoder_layers": 4,
    "num_decoder_layers": 3,
    "activation": "GEGLU",
    "dropout": 0.1544549274644645,
    "batch_size": 37,
    "lr": 0.000132752244072373,
    "forecast_horizon": 1,
    "overall_smape_val": 54.61526722612588,
    "metrics": {
        "MSE": {
            "Temperature": 2.5485701021230827,
            "Precipitation_accumulated": 133.69151640928422,
            "Humidity": 55.08949718348653,
            "Wind_Speed_kmh": 0.21542173311662924,
            "Soil_Moisture": 107669.9682933405,
            "Soil_Temperature": 3.5208185513260952,
            "Wind_Dir_Sin": 0.11287141809709265,
            "Wind_Dir_Cos": 0.09546699901914704
        },
        "RMSE": {
            "Temperature": 1.5964241610934993,
            "Precipitation_accumulated": 11.562504763643743,
            "Humidity": 7.422229933347965,
            "Wind_Speed_kmh": 0.46413546849667636,
            "Soil_Moisture": 328.13102305838214,
            "Soil_Temperature": 1.8763844359102149,
            "Wind_Dir_Sin": 0.3359634177958854,
            "Wind_Dir_Cos": 0.3089773438605929
        },
        "MAE": {
            "Temperature": 1.2028946151638105,
            "Precipitation_accumulated": 7.40682679168342,
            "Humidity": 6.17863425470377,
            "Wind_Speed_kmh": 0.25905108660985426,
            "Soil_Moisture": 172.3939719193672,
            "Soil_Temperature": 1.1176067358429005,
            "Wind_Dir_Sin": 0.18199329967562955,
            "Wind_Dir_Cos": 0.19440384346296033
        },
        "R2": {
            "Temperature": 0.2513779061186565,
            "Precipitation_accumulated": -139.85489294792788,
            "Humidity": 0.15284263376814722,
            "Wind_Speed_kmh": 0.36698022883216097,
            "Soil_Moisture": 0.854494176823568,
            "Soil_Temperature": 0.3726500182366044,
            "Wind_Dir_Sin": 0.29727225538778224,
            "Wind_Dir_Cos": 0.6674700860728495
        },
        "SMAPE": {
            "Temperature": 20.310945999926556,
            "Precipitation_accumulated": 1.6302503173114307,
            "Humidity": 7.360499214843147,
            "Wind_Speed_kmh": 171.81828643860038,
            "Soil_Moisture": 2.694640582982445,
            "Soil_Temperature": 30.96898466197312,
            "Wind_Dir_Sin": 155.63895806971354,
            "Wind_Dir_Cos": 46.49957252365652
        }
    }
}