{
    "trial_number": 29,
    "input_chunk_length": 31,
    "output_chunk_length": 29,
    "d_model": 128,
    "nhead": 4,
    "num_encoder_layers": 3,
    "num_decoder_layers": 3,
    "activation": "GEGLU",
    "dropout": 0.19235518992886255,
    "batch_size": 42,
    "lr": 0.0012064319118858064,
    "forecast_horizon": 9,
    "overall_smape_val": 52.155725970447925,
    "metrics": {
        "MSE": {
            "Temperature": 1.8758574615233412,
            "Precipitation_accumulated": 26.455553184516663,
            "Humidity": 29.255065848956907,
            "Wind_Speed_kmh": 0.16526544887528083,
            "Soil_Moisture": 105968.70431360138,
            "Soil_Temperature": 1.5610991458438515,
            "Wind_Dir_Sin": 0.10510119994122885,
            "Wind_Dir_Cos": 0.15111790121177965
        },
        "RMSE": {
            "Temperature": 1.3696194586538777,
            "Precipitation_accumulated": 5.143496202440191,
            "Humidity": 5.408795230821454,
            "Wind_Speed_kmh": 0.40652853390048876,
            "Soil_Moisture": 325.5283464056569,
            "Soil_Temperature": 1.2494395326880976,
            "Wind_Dir_Sin": 0.324193152212117,
            "Wind_Dir_Cos": 0.3887388599198434
        },
        "MAE": {
            "Temperature": 1.090527064053991,
            "Precipitation_accumulated": 3.8624962992907803,
            "Humidity": 4.211820494508937,
            "Wind_Speed_kmh": 0.20474893820806891,
            "Soil_Moisture": 185.40374766150225,
            "Soil_Temperature": 0.9147268121068769,
            "Wind_Dir_Sin": 0.17724969661918497,
            "Wind_Dir_Cos": 0.18772345047882408
        },
        "R2": {
            "Temperature": 0.44749937569197085,
            "Precipitation_accumulated": -26.841580820547534,
            "Humidity": 0.5504771817290437,
            "Wind_Speed_kmh": 0.5167348822611657,
            "Soil_Moisture": 0.8574546971414441,
            "Soil_Temperature": 0.7212194204671598,
            "Wind_Dir_Sin": 0.3486734486224703,
            "Wind_Dir_Cos": 0.47569267888534805
        },
        "SMAPE": {
            "Temperature": 18.01538684459043,
            "Precipitation_accumulated": 0.8342839081560474,
            "Humidity": 4.981908197672378,
            "Wind_Speed_kmh": 166.70893398275385,
            "Soil_Moisture": 2.8441840313181923,
            "Soil_Temperature": 21.664406012942358,
            "Wind_Dir_Sin": 161.04925494721087,
            "Wind_Dir_Cos": 41.14744983893929
        }
    }
}