{
    "trial_number": 6,
    "input_chunk_length": 61,
    "output_chunk_length": 48,
    "d_model": 128,
    "nhead": 4,
    "num_encoder_layers": 2,
    "num_decoder_layers": 3,
    "activation": "ReGLU",
    "dropout": 0.1945556189406728,
    "batch_size": 39,
    "lr": 0.00021181601559612441,
    "forecast_horizon": 12,
    "overall_smape_val": 55.77744481991428,
    "metrics": {
        "MSE": {
            "Temperature": 2.768489184971478,
            "Precipitation_accumulated": 3355.3438750572136,
            "Humidity": 27.06832504346283,
            "Wind_Speed_kmh": 0.24856946078235725,
            "Soil_Moisture": 184239.96993855748,
            "Soil_Temperature": 2.8006956439996613,
            "Wind_Dir_Sin": 0.1613206416137505,
            "Wind_Dir_Cos": 0.1933851838420601
        },
        "RMSE": {
            "Temperature": 1.6638777554169892,
            "Precipitation_accumulated": 57.925330167874,
            "Humidity": 5.202722848995786,
            "Wind_Speed_kmh": 0.4985674084638478,
            "Soil_Moisture": 429.23183705144413,
            "Soil_Temperature": 1.6735279035617128,
            "Wind_Dir_Sin": 0.40164740956932676,
            "Wind_Dir_Cos": 0.43975582297686533
        },
        "MAE": {
            "Temperature": 1.314079665227123,
            "Precipitation_accumulated": 47.06833708526058,
            "Humidity": 4.213840202157459,
            "Wind_Speed_kmh": 0.19056669805101067,
            "Soil_Moisture": 257.839078592432,
            "Soil_Temperature": 1.4603045976214197,
            "Wind_Dir_Sin": 0.26730883839451136,
            "Wind_Dir_Cos": 0.22946447426203165
        },
        "R2": {
            "Temperature": 0.18407944722442482,
            "Precipitation_accumulated": -3528.4584841476967,
            "Humidity": 0.5842511349286056,
            "Wind_Speed_kmh": 0.27466680593734827,
            "Soil_Moisture": 0.752662647616847,
            "Soil_Temperature": 0.4994353990738859,
            "Wind_Dir_Sin": 0.0022631598260265395,
            "Wind_Dir_Cos": 0.3301772832650963
        },
        "SMAPE": {
            "Temperature": 21.034337338087454,
            "Precipitation_accumulated": 10.54432740711204,
            "Humidity": 5.008758659111004,
            "Wind_Speed_kmh": 167.83300275855183,
            "Soil_Moisture": 4.069618145580437,
            "Soil_Temperature": 31.43127476856362,
            "Wind_Dir_Sin": 162.04893386911286,
            "Wind_Dir_Cos": 44.249305613194714
        }
    }
}