{
    "trial_number": 53,
    "input_chunk_length": 24,
    "output_chunk_length": 6,
    "d_model": 128,
    "nhead": 4,
    "num_encoder_layers": 2,
    "num_decoder_layers": 1,
    "activation": "GELU",
    "dropout": 0.2260474481323035,
    "batch_size": 218,
    "lr": 0.00036171141303555527,
    "loss_function": "smoothl1",
    "optimizer": "AdamW",
    "overall_mae_val": 0.15567356649684283,
    "metrics": {
        "MSE": {
            "Temperature": 8.994861263084836,
            "Precipitation_accumulated": 12238.251028970673,
            "Humidity": 93.80333304605503,
            "Wind_Speed_kmh": 1.7220907142800004,
            "Soil_Moisture": 132229.6160708141,
            "Soil_Temperature": 9.329534472928298,
            "Wind_Dir_Sin": 0.6200026363722095,
            "Wind_Dir_Cos": 0.42511061615191625
        },
        "RMSE": {
            "Temperature": 2.999143421559702,
            "Precipitation_accumulated": 110.62662893250736,
            "Humidity": 9.685212080592507,
            "Wind_Speed_kmh": 1.3122845401360181,
            "Soil_Moisture": 363.6339039072321,
            "Soil_Temperature": 3.0544286655491395,
            "Wind_Dir_Sin": 0.7874024614974287,
            "Wind_Dir_Cos": 0.6520050737163908
        },
        "MAE": {
            "Temperature": 2.3848480753457095,
            "Precipitation_accumulated": 98.54923361132344,
            "Humidity": 7.618138852049356,
            "Wind_Speed_kmh": 1.1000883283072986,
            "Soil_Moisture": 294.6277553920138,
            "Soil_Temperature": 2.4808398839019343,
            "Wind_Dir_Sin": 0.6967251539110465,
            "Wind_Dir_Cos": 0.5399067498416029
        },
        "R2": {
            "Temperature": 0.7045742309002995,
            "Precipitation_accumulated": -3564.875330616284,
            "Humidity": 0.35984489331721436,
            "Wind_Speed_kmh": -0.2759280127310044,
            "Soil_Moisture": -1.311085929418423,
            "Soil_Temperature": 0.42122298053988527,
            "Wind_Dir_Sin": -0.12622890668999065,
            "Wind_Dir_Cos": -0.1593748861858475
        },
        "SMAPE": {
            "Temperature": 39.57133580625066,
            "Precipitation_accumulated": 24.503190183836324,
            "Humidity": 9.153272620907037,
            "Wind_Speed_kmh": 78.04250097259592,
            "Soil_Moisture": 3.466945758557158,
            "Soil_Temperature": 55.44861522450968,
            "Wind_Dir_Sin": 149.21517241280415,
            "Wind_Dir_Cos": 120.19400554299045
        }
    }
}