{
    "trial_number": 88,
    "input_chunk_length": 28,
    "output_chunk_length": 2,
    "d_model": 128,
    "nhead": 4,
    "num_encoder_layers": 1,
    "num_decoder_layers": 1,
    "activation": "Bilinear",
    "dropout": 0.11806248396557542,
    "batch_size": 153,
    "lr": 0.0007930360578326748,
    "loss_function": "huber",
    "optimizer": "Adam",
    "overall_mae_val": 0.10533275687549581,
    "metrics": {
        "MSE": {
            "Temperature": 4.205936809651227,
            "Precipitation_accumulated": 496.54952617005017,
            "Humidity": 33.65595211580587,
            "Wind_Speed_kmh": 0.9227982910807642,
            "Soil_Moisture": 31586.518178271355,
            "Soil_Temperature": 4.292249952910873,
            "Wind_Dir_Sin": 0.5047508213845634,
            "Wind_Dir_Cos": 0.3840076101471541
        },
        "RMSE": {
            "Temperature": 2.0508380749467343,
            "Precipitation_accumulated": 22.283391262777982,
            "Humidity": 5.801375019407542,
            "Wind_Speed_kmh": 0.9606239071982147,
            "Soil_Moisture": 177.72596371456635,
            "Soil_Temperature": 2.071774590275417,
            "Wind_Dir_Sin": 0.7104581770833266,
            "Wind_Dir_Cos": 0.6196834757738454
        },
        "MAE": {
            "Temperature": 1.6547516563220874,
            "Precipitation_accumulated": 19.118532567264367,
            "Humidity": 4.526050161170791,
            "Wind_Speed_kmh": 0.7767790792622371,
            "Soil_Moisture": 145.2329799041929,
            "Soil_Temperature": 1.7120295738508597,
            "Wind_Dir_Sin": 0.5673138616445453,
            "Wind_Dir_Cos": 0.5025639209997207
        },
        "R2": {
            "Temperature": 0.8618608914097005,
            "Precipitation_accumulated": -143.68028982307206,
            "Humidity": 0.7703170141446214,
            "Wind_Speed_kmh": 0.31628213314969134,
            "Soil_Moisture": 0.44793640116123234,
            "Soil_Temperature": 0.7337213725151894,
            "Wind_Dir_Sin": 0.08312492178252306,
            "Wind_Dir_Cos": -0.04727749059496
        },
        "SMAPE": {
            "Temperature": 29.250997506655786,
            "Precipitation_accumulated": 4.222634534343791,
            "Humidity": 5.396340475431732,
            "Wind_Speed_kmh": 67.54134647126767,
            "Soil_Moisture": 1.6719958083127564,
            "Soil_Temperature": 38.801281614588916,
            "Wind_Dir_Sin": 111.79554064570439,
            "Wind_Dir_Cos": 118.99257651811836
        }
    }
}