{
    "trial_number": 38,
    "input_chunk_length": 32,
    "output_chunk_length": 30,
    "d_model": 128,
    "nhead": 2,
    "num_encoder_layers": 4,
    "num_decoder_layers": 3,
    "activation": "ReLU",
    "dropout": 0.06959587373219649,
    "batch_size": 36,
    "lr": 0.0015821912451093214,
    "forecast_horizon": 5,
    "overall_smape_val": 48.17093285188372,
    "metrics": {
        "MSE": {
            "Temperature": 1.0268119425776296,
            "Precipitation_accumulated": 97.80667628002175,
            "Humidity": 11.403404875234324,
            "Wind_Speed_kmh": 0.13817749482221042,
            "Soil_Moisture": 58988.23944058157,
            "Soil_Temperature": 0.8022443184882475,
            "Wind_Dir_Sin": 0.07083625483468017,
            "Wind_Dir_Cos": 0.07055168565480385
        },
        "RMSE": {
            "Temperature": 1.0133172961010928,
            "Precipitation_accumulated": 9.88972579397537,
            "Humidity": 3.376892784089291,
            "Wind_Speed_kmh": 0.37172233565150536,
            "Soil_Moisture": 242.87494609486086,
            "Soil_Temperature": 0.8956809244860848,
            "Wind_Dir_Sin": 0.2661508121999258,
            "Wind_Dir_Cos": 0.2656156728335206
        },
        "MAE": {
            "Temperature": 0.7032113584796056,
            "Precipitation_accumulated": 8.524565042291421,
            "Humidity": 2.4884530159441067,
            "Wind_Speed_kmh": 0.17098513778239366,
            "Soil_Moisture": 119.77842545773856,
            "Soil_Temperature": 0.5726582070079991,
            "Wind_Dir_Sin": 0.13747020131105514,
            "Wind_Dir_Cos": 0.1366280450290803
        },
        "R2": {
            "Temperature": 0.6979930185371493,
            "Precipitation_accumulated": -101.99695423395292,
            "Humidity": 0.8246709062041083,
            "Wind_Speed_kmh": 0.5948126461300258,
            "Soil_Moisture": 0.9204395709098911,
            "Soil_Temperature": 0.8569123185289069,
            "Wind_Dir_Sin": 0.5598532319015439,
            "Wind_Dir_Cos": 0.7546682747646982
        },
        "SMAPE": {
            "Temperature": 11.819876065445799,
            "Precipitation_accumulated": 1.8337704209093917,
            "Humidity": 2.9372587071650473,
            "Wind_Speed_kmh": 162.76201402434148,
            "Soil_Moisture": 1.9428234658647354,
            "Soil_Temperature": 16.814292656847833,
            "Wind_Dir_Sin": 152.0243866104014,
            "Wind_Dir_Cos": 35.23304086409371
        }
    }
}