{
    "trial_number": 77,
    "input_chunk_length": 24,
    "output_chunk_length": 2,
    "d_model": 128,
    "nhead": 4,
    "num_encoder_layers": 1,
    "num_decoder_layers": 1,
    "activation": "GELU",
    "dropout": 0.10318806667622696,
    "batch_size": 174,
    "lr": 0.0005890236792442174,
    "loss_function": "huber",
    "optimizer": "AdamW",
    "overall_mae_val": 0.11625609988854241,
    "metrics": {
        "MSE": {
            "Temperature": 5.4393316623054115,
            "Precipitation_accumulated": 1984.5999720998373,
            "Humidity": 39.43147517649333,
            "Wind_Speed_kmh": 1.065074402210762,
            "Soil_Moisture": 32612.148883144066,
            "Soil_Temperature": 4.955418282114281,
            "Wind_Dir_Sin": 0.4935681516444694,
            "Wind_Dir_Cos": 0.3442176707736226
        },
        "RMSE": {
            "Temperature": 2.33223747982606,
            "Precipitation_accumulated": 44.54884927918832,
            "Humidity": 6.279448636344861,
            "Wind_Speed_kmh": 1.0320244193868486,
            "Soil_Moisture": 180.5883409391206,
            "Soil_Temperature": 2.2260768814473324,
            "Wind_Dir_Sin": 0.7025440567284513,
            "Wind_Dir_Cos": 0.5867006653938809
        },
        "MAE": {
            "Temperature": 1.890710898990628,
            "Precipitation_accumulated": 40.1771865032723,
            "Humidity": 4.992001323897102,
            "Wind_Speed_kmh": 0.843808822238183,
            "Soil_Moisture": 142.06667776213038,
            "Soil_Temperature": 1.8278741795678992,
            "Wind_Dir_Sin": 0.6143967429998547,
            "Wind_Dir_Cos": 0.49451865087424435
        },
        "R2": {
            "Temperature": 0.8217602153561221,
            "Precipitation_accumulated": -573.7409316844423,
            "Humidity": 0.7309807831858088,
            "Wind_Speed_kmh": 0.21125565346974284,
            "Soil_Moisture": 0.437420566442115,
            "Soil_Temperature": 0.6935271394933065,
            "Wind_Dir_Sin": 0.10239550649970464,
            "Wind_Dir_Cos": 0.06412790959823766
        },
        "SMAPE": {
            "Temperature": 32.98296133713956,
            "Precipitation_accumulated": 9.122970471355075,
            "Humidity": 5.872720459727687,
            "Wind_Speed_kmh": 69.85174802684493,
            "Soil_Moisture": 1.6508548397987526,
            "Soil_Temperature": 37.215998508307166,
            "Wind_Dir_Sin": 130.94833813692006,
            "Wind_Dir_Cos": 128.33303059228777
        }
    }
}