{
    "trial_number": 44,
    "input_chunk_length": 18,
    "output_chunk_length": 16,
    "d_model": 128,
    "nhead": 2,
    "num_encoder_layers": 4,
    "num_decoder_layers": 4,
    "activation": "ReLU",
    "dropout": 0.12666169560747226,
    "batch_size": 46,
    "lr": 0.0019571164407568118,
    "forecast_horizon": 10,
    "overall_smape_val": 50.235928966138644,
    "metrics": {
        "MSE": {
            "Temperature": 1.2226804905905662,
            "Precipitation_accumulated": 46.3189249528286,
            "Humidity": 16.612920619544102,
            "Wind_Speed_kmh": 0.1686704101766015,
            "Soil_Moisture": 80270.64580846966,
            "Soil_Temperature": 1.0721925004372193,
            "Wind_Dir_Sin": 0.08657105408300421,
            "Wind_Dir_Cos": 0.10185474857658058
        },
        "RMSE": {
            "Temperature": 1.1057488370288102,
            "Precipitation_accumulated": 6.805800831116688,
            "Humidity": 4.075895069741627,
            "Wind_Speed_kmh": 0.4106950330556744,
            "Soil_Moisture": 283.3207472255953,
            "Soil_Temperature": 1.0354672860294618,
            "Wind_Dir_Sin": 0.2942295941658558,
            "Wind_Dir_Cos": 0.3191469075153018
        },
        "MAE": {
            "Temperature": 0.845853856822564,
            "Precipitation_accumulated": 4.345143351360562,
            "Humidity": 3.2045094717376785,
            "Wind_Speed_kmh": 0.21244442922599135,
            "Soil_Moisture": 136.40389747594446,
            "Soil_Temperature": 0.7766295678801104,
            "Wind_Dir_Sin": 0.20179997169081695,
            "Wind_Dir_Cos": 0.14846623767793615
        },
        "R2": {
            "Temperature": 0.639790018234053,
            "Precipitation_accumulated": -47.737870218624046,
            "Humidity": 0.7447590234244805,
            "Wind_Speed_kmh": 0.5071236720004557,
            "Soil_Moisture": 0.8920948177108017,
            "Soil_Temperature": 0.8084705861745893,
            "Wind_Dir_Sin": 0.4638631594008519,
            "Wind_Dir_Cos": 0.6468111781458872
        },
        "SMAPE": {
            "Temperature": 14.132499799869212,
            "Precipitation_accumulated": 0.9349657182875223,
            "Humidity": 3.8659696925800517,
            "Wind_Speed_kmh": 166.98091572831683,
            "Soil_Moisture": 2.187879700141993,
            "Soil_Temperature": 21.92892177241914,
            "Wind_Dir_Sin": 152.93180480651336,
            "Wind_Dir_Cos": 38.92447451098117
        }
    }
}