{
    "trial_number": 17,
    "input_chunk_length": 50,
    "output_chunk_length": 38,
    "d_model": 256,
    "nhead": 8,
    "num_encoder_layers": 4,
    "num_decoder_layers": 1,
    "activation": "Bilinear",
    "dropout": 0.17623538731178018,
    "batch_size": 27,
    "lr": 0.0014738834366428892,
    "forecast_horizon": 17,
    "overall_smape_val": 56.54185791103173,
    "metrics": {
        "MSE": {
            "Temperature": 2.0996254833306827,
            "Precipitation_accumulated": 423.2485023949977,
            "Humidity": 25.122413773737513,
            "Wind_Speed_kmh": 0.21204097667119098,
            "Soil_Moisture": 161068.12777770963,
            "Soil_Temperature": 2.9638990327724293,
            "Wind_Dir_Sin": 0.13482865296513316,
            "Wind_Dir_Cos": 0.1428157441027064
        },
        "RMSE": {
            "Temperature": 1.449008448329644,
            "Precipitation_accumulated": 20.573004214139402,
            "Humidity": 5.012226428817588,
            "Wind_Speed_kmh": 0.46047907300027324,
            "Soil_Moisture": 401.3329388147821,
            "Soil_Temperature": 1.7215978138846568,
            "Wind_Dir_Sin": 0.36719021360206916,
            "Wind_Dir_Cos": 0.3779097036366047
        },
        "MAE": {
            "Temperature": 1.0683868027186896,
            "Precipitation_accumulated": 18.008053060020167,
            "Humidity": 4.111072154183443,
            "Wind_Speed_kmh": 0.21037227202919745,
            "Soil_Moisture": 247.94614225083635,
            "Soil_Temperature": 1.3490976037952558,
            "Wind_Dir_Sin": 0.20918355403201758,
            "Wind_Dir_Cos": 0.2319393471878332
        },
        "R2": {
            "Temperature": 0.3795227208364449,
            "Precipitation_accumulated": -443.86599035444544,
            "Humidity": 0.6142271322469942,
            "Wind_Speed_kmh": 0.38342958126949656,
            "Soil_Moisture": 0.7844935813169048,
            "Soil_Temperature": 0.46948509246505243,
            "Wind_Dir_Sin": 0.16888170929049717,
            "Wind_Dir_Cos": 0.5067257564588046
        },
        "SMAPE": {
            "Temperature": 20.450343196940576,
            "Precipitation_accumulated": 3.8201608117110935,
            "Humidity": 4.933068251438833,
            "Wind_Speed_kmh": 171.98285379738732,
            "Soil_Moisture": 3.9175634917097617,
            "Soil_Temperature": 31.648779488448287,
            "Wind_Dir_Sin": 164.92666962796244,
            "Wind_Dir_Cos": 50.655424622655566
        }
    }
}