{
    "trial_number": 14,
    "input_chunk_length": 38,
    "output_chunk_length": 35,
    "d_model": 256,
    "nhead": 8,
    "num_encoder_layers": 4,
    "num_decoder_layers": 1,
    "activation": "GEGLU",
    "dropout": 0.13675018388163404,
    "batch_size": 24,
    "lr": 0.0011502866506589017,
    "forecast_horizon": 5,
    "overall_smape_val": 52.96100487838105,
    "metrics": {
        "MSE": {
            "Temperature": 1.614246421520594,
            "Precipitation_accumulated": 132.33182150408751,
            "Humidity": 29.26515423436625,
            "Wind_Speed_kmh": 0.16125785481597266,
            "Soil_Moisture": 60150.09949063479,
            "Soil_Temperature": 2.152958985194903,
            "Wind_Dir_Sin": 0.09842820676318263,
            "Wind_Dir_Cos": 0.11028406809542833
        },
        "RMSE": {
            "Temperature": 1.2705299766320328,
            "Precipitation_accumulated": 11.503556906630553,
            "Humidity": 5.409727741242276,
            "Wind_Speed_kmh": 0.40156924037576963,
            "Soil_Moisture": 245.25517219955788,
            "Soil_Temperature": 1.4672964885103839,
            "Wind_Dir_Sin": 0.3137326995440269,
            "Wind_Dir_Cos": 0.3320904516775939
        },
        "MAE": {
            "Temperature": 0.9516221346191776,
            "Precipitation_accumulated": 10.730085865027332,
            "Humidity": 4.117096713085043,
            "Wind_Speed_kmh": 0.1564705943994163,
            "Soil_Moisture": 137.51308908308673,
            "Soil_Temperature": 1.1764149414979141,
            "Wind_Dir_Sin": 0.17258811276877242,
            "Wind_Dir_Cos": 0.17668605635502752
        },
        "R2": {
            "Temperature": 0.5252161872242874,
            "Precipitation_accumulated": -138.35423512531918,
            "Humidity": 0.5500437783409842,
            "Wind_Speed_kmh": 0.5271325220673357,
            "Soil_Moisture": 0.918872511356978,
            "Soil_Temperature": 0.6159998863258898,
            "Wind_Dir_Sin": 0.38840841885769306,
            "Wind_Dir_Cos": 0.6165055385891169
        },
        "SMAPE": {
            "Temperature": 15.743657656076289,
            "Precipitation_accumulated": 2.360161336138069,
            "Humidity": 4.974080173984837,
            "Wind_Speed_kmh": 163.20864863099425,
            "Soil_Moisture": 2.2023398926541904,
            "Soil_Temperature": 24.948152995448602,
            "Wind_Dir_Sin": 166.9250579688793,
            "Wind_Dir_Cos": 43.32594037287299
        }
    }
}