{
    "trial_number": 12,
    "input_chunk_length": 43,
    "output_chunk_length": 36,
    "d_model": 256,
    "nhead": 8,
    "num_encoder_layers": 4,
    "num_decoder_layers": 1,
    "activation": "GLU",
    "dropout": 0.29439536172137015,
    "batch_size": 18,
    "lr": 0.0017554932869046022,
    "forecast_horizon": 7,
    "overall_smape_val": 51.52581013882514,
    "metrics": {
        "MSE": {
            "Temperature": 1.4390409113631115,
            "Precipitation_accumulated": 148.972551382992,
            "Humidity": 22.984931135455916,
            "Wind_Speed_kmh": 0.15413770220930434,
            "Soil_Moisture": 58061.51212258448,
            "Soil_Temperature": 1.7281679764346298,
            "Wind_Dir_Sin": 0.09237201161961577,
            "Wind_Dir_Cos": 0.09510683888872136
        },
        "RMSE": {
            "Temperature": 1.199600313172313,
            "Precipitation_accumulated": 12.205431224786448,
            "Humidity": 4.794260228174511,
            "Wind_Speed_kmh": 0.3926037470647782,
            "Soil_Moisture": 240.95956532701598,
            "Soil_Temperature": 1.3145980284614114,
            "Wind_Dir_Sin": 0.3039276420788602,
            "Wind_Dir_Cos": 0.3083939670109021
        },
        "MAE": {
            "Temperature": 0.8775682752812336,
            "Precipitation_accumulated": 10.925199496466163,
            "Humidity": 3.6571128043259806,
            "Wind_Speed_kmh": 0.17012116944058822,
            "Soil_Moisture": 130.25301933410515,
            "Soil_Temperature": 0.8974628416020034,
            "Wind_Dir_Sin": 0.16867147187369946,
            "Wind_Dir_Cos": 0.16300130373430902
        },
        "R2": {
            "Temperature": 0.5764350233460973,
            "Precipitation_accumulated": -155.8274667338146,
            "Humidity": 0.646706356182429,
            "Wind_Speed_kmh": 0.5486429039107004,
            "Soil_Moisture": 0.9217933665016188,
            "Soil_Temperature": 0.6915703445784039,
            "Wind_Dir_Sin": 0.42679854408402085,
            "Wind_Dir_Cos": 0.6696531877059151
        },
        "SMAPE": {
            "Temperature": 16.021788662062768,
            "Precipitation_accumulated": 2.342764085688567,
            "Humidity": 4.377713973435482,
            "Wind_Speed_kmh": 164.3662864034418,
            "Soil_Moisture": 2.079575089871007,
            "Soil_Temperature": 24.494401885573314,
            "Wind_Dir_Sin": 155.3167994233192,
            "Wind_Dir_Cos": 43.20715158720909
        }
    }
}