{
    "trial_number": 39,
    "input_chunk_length": 31,
    "output_chunk_length": 29,
    "d_model": 128,
    "nhead": 2,
    "num_encoder_layers": 3,
    "num_decoder_layers": 3,
    "activation": "ReLU",
    "dropout": 0.04620552325038034,
    "batch_size": 35,
    "lr": 0.001380723034270783,
    "forecast_horizon": 2,
    "overall_smape_val": 54.55817539262113,
    "metrics": {
        "MSE": {
            "Temperature": 2.5851174510537054,
            "Precipitation_accumulated": 138.31317137338382,
            "Humidity": 18.09573135705687,
            "Wind_Speed_kmh": 0.26593548345224705,
            "Soil_Moisture": 152514.95240732553,
            "Soil_Temperature": 1.8376022837995034,
            "Wind_Dir_Sin": 0.08112090459108974,
            "Wind_Dir_Cos": 0.07877395248686193
        },
        "RMSE": {
            "Temperature": 1.6078300442066957,
            "Precipitation_accumulated": 11.7606620295536,
            "Humidity": 4.253907774864997,
            "Wind_Speed_kmh": 0.5156893284257946,
            "Soil_Moisture": 390.5316279218951,
            "Soil_Temperature": 1.3555818985953978,
            "Wind_Dir_Sin": 0.28481731792692966,
            "Wind_Dir_Cos": 0.2806669779059552
        },
        "MAE": {
            "Temperature": 1.3363999047382118,
            "Precipitation_accumulated": 7.106622190515569,
            "Humidity": 3.2844227832304425,
            "Wind_Speed_kmh": 0.32925237307216554,
            "Soil_Moisture": 310.02088158403814,
            "Soil_Temperature": 1.1432690260566096,
            "Wind_Dir_Sin": 0.18329067809515753,
            "Wind_Dir_Cos": 0.17018029708236387
        },
        "R2": {
            "Temperature": 0.24064241453478252,
            "Precipitation_accumulated": -144.72418258346158,
            "Humidity": 0.7217267737001835,
            "Wind_Speed_kmh": 0.21854486803701667,
            "Soil_Moisture": 0.7938904037170145,
            "Soil_Temperature": 0.6725705280109393,
            "Wind_Dir_Sin": 0.4949482226300853,
            "Wind_Dir_Cos": 0.7256151768748489
        },
        "SMAPE": {
            "Temperature": 22.953907284234596,
            "Precipitation_accumulated": 1.576924245009064,
            "Humidity": 3.9434252649055486,
            "Wind_Speed_kmh": 176.24901160650668,
            "Soil_Moisture": 4.944590154368271,
            "Soil_Temperature": 24.910573234857424,
            "Wind_Dir_Sin": 158.36549342931184,
            "Wind_Dir_Cos": 43.52147792177555
        }
    }
}