{
    "trial_number": 46,
    "input_chunk_length": 53,
    "d_model": 64,
    "num_encoder_layers": 2,
    "num_decoder_layers": 1,
    "activation": "GLU",
    "dropout": 0.157999403012732,
    "batch_size": 26,
    "lr": 0.00205293837561449,
    "overall_smape_val": 44.93652869387965,
    "metrics": {
        "MSE": {
            "Temperature": 1.5642610707650475,
            "Precipitation_accumulated": 197.72809791037562,
            "Humidity": 3.2652759751024742,
            "Wind_Speed_kmh": 0.06843723627265051,
            "Soil_Moisture": 19010.205138126566,
            "Soil_Temperature": 0.7204286907735941,
            "Wind_Dir_Sin": 0.045176179613388566,
            "Wind_Dir_Cos": 0.04344424508601328
        },
        "RMSE": {
            "Temperature": 1.2507042299301012,
            "Precipitation_accumulated": 14.061582340205373,
            "Humidity": 1.8070074640417162,
            "Wind_Speed_kmh": 0.261605115150011,
            "Soil_Moisture": 137.87750047823818,
            "Soil_Temperature": 0.8487807082949012,
            "Wind_Dir_Sin": 0.21254688803506055,
            "Wind_Dir_Cos": 0.2084328311135587
        },
        "MAE": {
            "Temperature": 0.8664002442722755,
            "Precipitation_accumulated": 13.182131937685412,
            "Humidity": 1.1938933316813451,
            "Wind_Speed_kmh": 0.12974322105346078,
            "Soil_Moisture": 83.36132960173792,
            "Soil_Temperature": 0.6129191710782675,
            "Wind_Dir_Sin": 0.09729997360197906,
            "Wind_Dir_Cos": 0.1083483630724864
        },
        "R2": {
            "Temperature": 0.5405108153793106,
            "Precipitation_accumulated": -207.3226431413957,
            "Humidity": 0.9497871148492322,
            "Wind_Speed_kmh": 0.7988962254740659,
            "Soil_Moisture": 0.974309497892301,
            "Soil_Temperature": 0.8716318607647608,
            "Wind_Dir_Sin": 0.7187369898852123,
            "Wind_Dir_Cos": 0.8486753409292294
        },
        "SMAPE": {
            "Temperature": 17.36728648030882,
            "Precipitation_accumulated": 2.824046398202258,
            "Humidity": 1.4217500882126612,
            "Wind_Speed_kmh": 152.0849987963929,
            "Soil_Moisture": 1.3705180025379804,
            "Soil_Temperature": 18.548190676352323,
            "Wind_Dir_Sin": 140.57370902821495,
            "Wind_Dir_Cos": 25.301730080815403
        }
    }
}