{
    "trial_number": 23,
    "input_chunk_length": 45,
    "d_model": 128,
    "num_encoder_layers": 2,
    "num_decoder_layers": 3,
    "activation": "GLU",
    "dropout": 0.07343676357537336,
    "batch_size": 22,
    "lr": 0.0009670394062353177,
    "overall_smape_val": 44.79159624309895,
    "metrics": {
        "MSE": {
            "Temperature": 0.7205127555571267,
            "Precipitation_accumulated": 95.41757672410878,
            "Humidity": 5.692159428704993,
            "Wind_Speed_kmh": 0.06970738984552209,
            "Soil_Moisture": 31259.55515706977,
            "Soil_Temperature": 0.5218025623898819,
            "Wind_Dir_Sin": 0.042796823361367024,
            "Wind_Dir_Cos": 0.041378695529093235
        },
        "RMSE": {
            "Temperature": 0.8488302277588414,
            "Precipitation_accumulated": 9.768192090868647,
            "Humidity": 2.385824685240932,
            "Wind_Speed_kmh": 0.2640215707958766,
            "Soil_Moisture": 176.80371929648362,
            "Soil_Temperature": 0.72235902596277,
            "Wind_Dir_Sin": 0.20687393108211344,
            "Wind_Dir_Cos": 0.2034175398757276
        },
        "MAE": {
            "Temperature": 0.6212083744979557,
            "Precipitation_accumulated": 8.890910165414391,
            "Humidity": 1.905601139492585,
            "Wind_Speed_kmh": 0.11980016886440621,
            "Soil_Moisture": 143.93580890410104,
            "Soil_Temperature": 0.5493737186900257,
            "Wind_Dir_Sin": 0.08980324661447965,
            "Wind_Dir_Cos": 0.08474369635302278
        },
        "R2": {
            "Temperature": 0.7883551379324221,
            "Precipitation_accumulated": -99.5301825860036,
            "Humidity": 0.9124668941208088,
            "Wind_Speed_kmh": 0.7951638614622516,
            "Soil_Moisture": 0.9577556548278482,
            "Soil_Temperature": 0.9070236584966612,
            "Wind_Dir_Sin": 0.7335506573379751,
            "Wind_Dir_Cos": 0.8558700471987448
        },
        "SMAPE": {
            "Temperature": 10.514729474936802,
            "Precipitation_accumulated": 1.9213175023686178,
            "Humidity": 2.2842312119208774,
            "Wind_Speed_kmh": 159.62206549310062,
            "Soil_Moisture": 2.442684763042837,
            "Soil_Temperature": 17.041125028862442,
            "Wind_Dir_Sin": 141.67133333841232,
            "Wind_Dir_Cos": 22.83528313214709
        }
    }
}