{
    "trial_number": 19,
    "input_chunk_length": 84,
    "output_chunk_length": 66,
    "d_model": 128,
    "nhead": 8,
    "num_encoder_layers": 2,
    "num_decoder_layers": 3,
    "activation": "SwiGLU",
    "dropout": 0.11156870852129652,
    "batch_size": 30,
    "lr": 0.0021113609169263092,
    "forecast_horizon": 7,
    "overall_smape_val": 57.09199395052592,
    "metrics": {
        "MSE": {
            "Temperature": 1.8679178752128827,
            "Precipitation_accumulated": 483.43958978959773,
            "Humidity": 42.4501484146038,
            "Wind_Speed_kmh": 0.24235064730546754,
            "Soil_Moisture": 240544.9969937145,
            "Soil_Temperature": 2.8128385228920423,
            "Wind_Dir_Sin": 0.14271506382718618,
            "Wind_Dir_Cos": 0.18786405961653974
        },
        "RMSE": {
            "Temperature": 1.3667179208647564,
            "Precipitation_accumulated": 21.9872597153351,
            "Humidity": 6.515377841277036,
            "Wind_Speed_kmh": 0.49229122204795356,
            "Soil_Moisture": 490.45386836451246,
            "Soil_Temperature": 1.6771519081144803,
            "Wind_Dir_Sin": 0.3777764733637951,
            "Wind_Dir_Cos": 0.4334328778675422
        },
        "MAE": {
            "Temperature": 1.0220376921260592,
            "Precipitation_accumulated": 20.40706723660017,
            "Humidity": 4.534972977360803,
            "Wind_Speed_kmh": 0.32038472668181484,
            "Soil_Moisture": 242.9065202140581,
            "Soil_Temperature": 1.408063853401699,
            "Wind_Dir_Sin": 0.27396341058592927,
            "Wind_Dir_Cos": 0.311871554079555
        },
        "R2": {
            "Temperature": 0.45020007078428825,
            "Precipitation_accumulated": -507.9300376592261,
            "Humidity": 0.34751304993654997,
            "Wind_Speed_kmh": 0.29033141901504966,
            "Soil_Moisture": 0.6759951001613829,
            "Soil_Temperature": 0.4979869849445735,
            "Wind_Dir_Sin": 0.11440185254649882,
            "Wind_Dir_Cos": 0.34746760628262774
        },
        "SMAPE": {
            "Temperature": 17.502390843592824,
            "Precipitation_accumulated": 4.555942791326743,
            "Humidity": 5.406691221288795,
            "Wind_Speed_kmh": 167.48750853239696,
            "Soil_Moisture": 3.7987245583074793,
            "Soil_Temperature": 28.910201947281937,
            "Wind_Dir_Sin": 159.55697824652222,
            "Wind_Dir_Cos": 69.51751346349046
        }
    }
}