{
    "trial_number": 20,
    "input_chunk_length": 53,
    "output_chunk_length": 42,
    "d_model": 256,
    "nhead": 4,
    "num_encoder_layers": 3,
    "num_decoder_layers": 1,
    "activation": "GELU",
    "dropout": 0.04018761168697732,
    "batch_size": 22,
    "lr": 0.004508612803112577,
    "forecast_horizon": 10,
    "overall_smape_val": 54.35754207659416,
    "metrics": {
        "MSE": {
            "Temperature": 1.8108543054465376,
            "Precipitation_accumulated": 238.7020462322094,
            "Humidity": 13.095877964611851,
            "Wind_Speed_kmh": 0.18864596138996098,
            "Soil_Moisture": 90338.6583972091,
            "Soil_Temperature": 3.188459470330113,
            "Wind_Dir_Sin": 0.10333578735037816,
            "Wind_Dir_Cos": 0.11107235166875033
        },
        "RMSE": {
            "Temperature": 1.3456798673705932,
            "Precipitation_accumulated": 15.449985314951254,
            "Humidity": 3.6188227318579522,
            "Wind_Speed_kmh": 0.4343339284352087,
            "Soil_Moisture": 300.563900688704,
            "Soil_Temperature": 1.7856257923568737,
            "Wind_Dir_Sin": 0.3214588423894701,
            "Wind_Dir_Cos": 0.3332751890986641
        },
        "MAE": {
            "Temperature": 1.080076291357382,
            "Precipitation_accumulated": 13.94991487065666,
            "Humidity": 2.7381208432325748,
            "Wind_Speed_kmh": 0.22740417246008088,
            "Soil_Moisture": 178.46062525003745,
            "Soil_Temperature": 1.584258680564924,
            "Wind_Dir_Sin": 0.23931968881920776,
            "Wind_Dir_Cos": 0.19272866885219028
        },
        "R2": {
            "Temperature": 0.4665100151956929,
            "Precipitation_accumulated": -250.167948350126,
            "Humidity": 0.7987948803614349,
            "Wind_Speed_kmh": 0.4487525782116931,
            "Soil_Moisture": 0.8785607203737744,
            "Soil_Temperature": 0.4304345785767194,
            "Wind_Dir_Sin": 0.36003872035868156,
            "Wind_Dir_Cos": 0.6148484623968562
        },
        "SMAPE": {
            "Temperature": 19.478751037900185,
            "Precipitation_accumulated": 2.980412888060511,
            "Humidity": 3.234718305666409,
            "Wind_Speed_kmh": 163.34276730303992,
            "Soil_Moisture": 2.8671443506464014,
            "Soil_Temperature": 34.172443694386644,
            "Wind_Dir_Sin": 159.85516990006244,
            "Wind_Dir_Cos": 48.92892913299098
        }
    }
}