{
    "trial_number": 19,
    "input_chunk_length": 29,
    "output_chunk_length": 14,
    "d_model": 128,
    "nhead": 4,
    "num_encoder_layers": 2,
    "num_decoder_layers": 2,
    "activation": "GELU",
    "dropout": 0.15882147831900933,
    "batch_size": 226,
    "lr": 0.0008519353490576781,
    "loss_function": "smoothl1",
    "optimizer": "AdamW",
    "overall_mae_val": 0.14506399187371238,
    "metrics": {
        "MSE": {
            "Temperature": 11.651173145229265,
            "Precipitation_accumulated": 7027.077775123397,
            "Humidity": 85.31894464909813,
            "Wind_Speed_kmh": 1.432927370251699,
            "Soil_Moisture": 188103.4388281703,
            "Soil_Temperature": 5.877947802705316,
            "Wind_Dir_Sin": 0.6052513610070458,
            "Wind_Dir_Cos": 0.36776572464224794
        },
        "RMSE": {
            "Temperature": 3.4133814825227584,
            "Precipitation_accumulated": 83.82766712203912,
            "Humidity": 9.23682546382133,
            "Wind_Speed_kmh": 1.1970494435284196,
            "Soil_Moisture": 433.70893330454965,
            "Soil_Temperature": 2.4244479377180523,
            "Wind_Dir_Sin": 0.7779790235006634,
            "Wind_Dir_Cos": 0.6064369090369154
        },
        "MAE": {
            "Temperature": 2.845374021987869,
            "Precipitation_accumulated": 73.72601139414951,
            "Humidity": 7.635584409891914,
            "Wind_Speed_kmh": 0.9479028559189228,
            "Soil_Moisture": 343.6033264383829,
            "Soil_Temperature": 1.9523168889484601,
            "Wind_Dir_Sin": 0.6749750793474261,
            "Wind_Dir_Cos": 0.5149415613387424
        },
        "R2": {
            "Temperature": 0.6186984501881007,
            "Precipitation_accumulated": -2088.4564151867485,
            "Humidity": 0.4184419224641648,
            "Wind_Speed_kmh": -0.06373764922231717,
            "Soil_Moisture": -2.4725762629984196,
            "Soil_Temperature": 0.635609600615481,
            "Wind_Dir_Sin": -0.09577684670943132,
            "Wind_Dir_Cos": -0.004341850161200034
        },
        "SMAPE": {
            "Temperature": 42.30522770886306,
            "Precipitation_accumulated": 17.680405064472797,
            "Humidity": 9.043526431871365,
            "Wind_Speed_kmh": 77.80789594423334,
            "Soil_Moisture": 4.123211686494109,
            "Soil_Temperature": 35.39640055319805,
            "Wind_Dir_Sin": 135.97800868996833,
            "Wind_Dir_Cos": 126.75918089935422
        }
    }
}