{
    "trial_number": 0,
    "input_chunk_length": 76,
    "output_chunk_length": 53,
    "d_model": 128,
    "nhead": 2,
    "num_encoder_layers": 3,
    "num_decoder_layers": 3,
    "activation": "GEGLU",
    "dropout": 0.18428251423532502,
    "batch_size": 46,
    "lr": 0.0030108019288766414,
    "forecast_horizon": 8,
    "overall_smape_val": 56.4155924338358,
    "metrics": {
        "MSE": {
            "Temperature": 2.8307499315213933,
            "Precipitation_accumulated": 113.86366366448831,
            "Humidity": 21.19921315573596,
            "Wind_Speed_kmh": 0.18633413727692855,
            "Soil_Moisture": 101049.63265079288,
            "Soil_Temperature": 1.2857038415643214,
            "Wind_Dir_Sin": 0.1634203216190411,
            "Wind_Dir_Cos": 0.17880010476320368
        },
        "RMSE": {
            "Temperature": 1.682483263370365,
            "Precipitation_accumulated": 10.670691808148538,
            "Humidity": 4.604260326668765,
            "Wind_Speed_kmh": 0.4316643803661921,
            "Soil_Moisture": 317.8830486999785,
            "Soil_Temperature": 1.1338888135810854,
            "Wind_Dir_Sin": 0.4042527942006599,
            "Wind_Dir_Cos": 0.4228476141155389
        },
        "MAE": {
            "Temperature": 1.4318048624944486,
            "Precipitation_accumulated": 8.957548891944212,
            "Humidity": 3.4684413109502494,
            "Wind_Speed_kmh": 0.21817075788107385,
            "Soil_Moisture": 236.14316908835065,
            "Soil_Temperature": 0.8648792298015486,
            "Wind_Dir_Sin": 0.29338180479497383,
            "Wind_Dir_Cos": 0.3317014325787719
        },
        "R2": {
            "Temperature": 0.16652746492199788,
            "Precipitation_accumulated": -118.84818531574105,
            "Humidity": 0.6742112107524119,
            "Wind_Speed_kmh": 0.45474466986816775,
            "Soil_Moisture": 0.8639808903151314,
            "Soil_Temperature": 0.7704688782049021,
            "Wind_Dir_Sin": -0.013409913376771998,
            "Wind_Dir_Cos": 0.3792996183717421
        },
        "SMAPE": {
            "Temperature": 22.34671172434977,
            "Precipitation_accumulated": 1.9226492683548915,
            "Humidity": 4.092338633188084,
            "Wind_Speed_kmh": 169.99072785606756,
            "Soil_Moisture": 3.8512095930991563,
            "Soil_Temperature": 21.1627207503036,
            "Wind_Dir_Sin": 159.61020867823726,
            "Wind_Dir_Cos": 68.34817296708576
        }
    }
}