{
    "trial_number": 12,
    "input_chunk_length": 54,
    "output_chunk_length": 2,
    "d_model": 128,
    "nhead": 8,
    "num_encoder_layers": 1,
    "num_decoder_layers": 3,
    "activation": "GEGLU",
    "dropout": 0.44368898142871416,
    "batch_size": 200,
    "lr": 2.3885021290793295e-05,
    "loss_function": "smoothl1",
    "optimizer": "RMSprop",
    "overall_mae_val": 0.17137044514012623,
    "metrics": {
        "MSE": {
            "Temperature": 13.642167321648408,
            "Precipitation_accumulated": 9815.526170591964,
            "Humidity": 93.99363961090978,
            "Wind_Speed_kmh": 1.3957125741319014,
            "Soil_Moisture": 1036666.4853932324,
            "Soil_Temperature": 7.438471976547272,
            "Wind_Dir_Sin": 0.5851101687891286,
            "Wind_Dir_Cos": 0.39533789485090404
        },
        "RMSE": {
            "Temperature": 3.6935304684878947,
            "Precipitation_accumulated": 99.0733373344815,
            "Humidity": 9.695031697261737,
            "Wind_Speed_kmh": 1.1814027992737708,
            "Soil_Moisture": 1018.1682009340267,
            "Soil_Temperature": 2.7273562247251957,
            "Wind_Dir_Sin": 0.7649249432389615,
            "Wind_Dir_Cos": 0.6287590117452823
        },
        "MAE": {
            "Temperature": 2.9112107067058655,
            "Precipitation_accumulated": 95.51884667599961,
            "Humidity": 8.273820363830792,
            "Wind_Speed_kmh": 0.9457099493978893,
            "Soil_Moisture": 1003.4232959699524,
            "Soil_Temperature": 2.221929655202608,
            "Wind_Dir_Sin": 0.6452816693385018,
            "Wind_Dir_Cos": 0.5498694940630396
        },
        "R2": {
            "Temperature": 0.5515676122817537,
            "Precipitation_accumulated": -2980.815053796146,
            "Humidity": 0.3585758771874664,
            "Wind_Speed_kmh": -0.03842549212143487,
            "Soil_Moisture": -19.12470796927991,
            "Soil_Temperature": 0.5363731235110134,
            "Wind_Dir_Sin": -0.06095323598733926,
            "Wind_Dir_Cos": -0.07772363324817855
        },
        "SMAPE": {
            "Temperature": 41.891597355810646,
            "Precipitation_accumulated": 23.113608421376032,
            "Humidity": 9.786016180235135,
            "Wind_Speed_kmh": 76.06245749630132,
            "Soil_Moisture": 12.413671098480078,
            "Soil_Temperature": 38.397298782880526,
            "Wind_Dir_Sin": 118.10421872363594,
            "Wind_Dir_Cos": 162.90637550488532
        }
    }
}