{
    "trial_number": 76,
    "input_chunk_length": 24,
    "output_chunk_length": 2,
    "d_model": 128,
    "nhead": 4,
    "num_encoder_layers": 1,
    "num_decoder_layers": 1,
    "activation": "GELU",
    "dropout": 0.11702121515663776,
    "batch_size": 175,
    "lr": 0.0006559560833686184,
    "loss_function": "smoothl1",
    "optimizer": "AdamW",
    "overall_mae_val": 0.1199554815569448,
    "metrics": {
        "MSE": {
            "Temperature": 5.911201163714901,
            "Precipitation_accumulated": 2907.546625216227,
            "Humidity": 51.1358078794697,
            "Wind_Speed_kmh": 1.131051439338618,
            "Soil_Moisture": 39602.616688753275,
            "Soil_Temperature": 5.510281106740092,
            "Wind_Dir_Sin": 0.5064183116240423,
            "Wind_Dir_Cos": 0.35891713878558557
        },
        "RMSE": {
            "Temperature": 2.4312961900424432,
            "Precipitation_accumulated": 53.921671201996574,
            "Humidity": 7.1509305603865085,
            "Wind_Speed_kmh": 1.063509021747638,
            "Soil_Moisture": 199.0040619905867,
            "Soil_Temperature": 2.3473987958461793,
            "Wind_Dir_Sin": 0.7116307410617126,
            "Wind_Dir_Cos": 0.5990969360509079
        },
        "MAE": {
            "Temperature": 1.9537902792410542,
            "Precipitation_accumulated": 46.231685630323454,
            "Humidity": 5.694092345660017,
            "Wind_Speed_kmh": 0.8526368559022545,
            "Soil_Moisture": 156.27761957216384,
            "Soil_Temperature": 1.9179980262274414,
            "Wind_Dir_Sin": 0.6101344972655307,
            "Wind_Dir_Cos": 0.49951399849337336
        },
        "R2": {
            "Temperature": 0.8062976689381318,
            "Precipitation_accumulated": -841.0266450596648,
            "Humidity": 0.6511285736756638,
            "Wind_Speed_kmh": 0.16239614193947194,
            "Soil_Moisture": 0.3168307386305256,
            "Soil_Temperature": 0.659211086363006,
            "Wind_Dir_Sin": 0.0790261677337567,
            "Wind_Dir_Cos": 0.024162437095819445
        },
        "SMAPE": {
            "Temperature": 32.140483651959705,
            "Precipitation_accumulated": 10.65331977022282,
            "Humidity": 6.634628616959259,
            "Wind_Speed_kmh": 71.12284209428019,
            "Soil_Moisture": 1.8292540325633009,
            "Soil_Temperature": 42.49037518125065,
            "Wind_Dir_Sin": 127.2474458942128,
            "Wind_Dir_Cos": 126.09214208605906
        }
    }
}