{
    "trial_number": 16,
    "input_chunk_length": 37,
    "output_chunk_length": 24,
    "d_model": 64,
    "nhead": 8,
    "num_encoder_layers": 1,
    "num_decoder_layers": 2,
    "activation": "GLU",
    "dropout": 0.2751948882253234,
    "batch_size": 219,
    "lr": 0.00015495765600193528,
    "loss_function": "huber",
    "optimizer": "AdamW",
    "overall_mae_val": 0.20146601254375218,
    "metrics": {
        "MSE": {
            "Temperature": 18.02949158916816,
            "Precipitation_accumulated": 19146.544783484253,
            "Humidity": 138.17131760438477,
            "Wind_Speed_kmh": 2.1353858906552285,
            "Soil_Moisture": 1383448.8512529165,
            "Soil_Temperature": 11.208019840580143,
            "Wind_Dir_Sin": 0.6038653678161118,
            "Wind_Dir_Cos": 0.5601810442077965
        },
        "RMSE": {
            "Temperature": 4.246114881767586,
            "Precipitation_accumulated": 138.3710402630704,
            "Humidity": 11.754629624296324,
            "Wind_Speed_kmh": 1.4612959627177613,
            "Soil_Moisture": 1176.201025017797,
            "Soil_Temperature": 3.3478380845823685,
            "Wind_Dir_Sin": 0.7770877478226714,
            "Wind_Dir_Cos": 0.7484524328290987
        },
        "MAE": {
            "Temperature": 3.45480788472929,
            "Precipitation_accumulated": 136.1398375444144,
            "Humidity": 10.273097591550963,
            "Wind_Speed_kmh": 1.1082333700660272,
            "Soil_Moisture": 1158.3484674227734,
            "Soil_Temperature": 2.6815572810978443,
            "Wind_Dir_Sin": 0.6512066642013061,
            "Wind_Dir_Cos": 0.6433217039048986
        },
        "R2": {
            "Temperature": 0.40880837468888986,
            "Precipitation_accumulated": -5865.639302800199,
            "Humidity": 0.05851103725221607,
            "Wind_Speed_kmh": -0.5844486794296655,
            "Soil_Moisture": -26.54812089285488,
            "Soil_Temperature": 0.3016431052553832,
            "Wind_Dir_Sin": -0.09889191578601975,
            "Wind_Dir_Cos": -0.5233788817509661
        },
        "SMAPE": {
            "Temperature": 46.894190629968044,
            "Precipitation_accumulated": 34.532877453077944,
            "Humidity": 12.066770321191553,
            "Wind_Speed_kmh": 98.24693983393355,
            "Soil_Moisture": 14.4799163731692,
            "Soil_Temperature": 41.50018453371516,
            "Wind_Dir_Sin": 116.9500000631702,
            "Wind_Dir_Cos": 158.64784193711287
        }
    }
}