{
    "trial_number": 27,
    "input_chunk_length": 18,
    "output_chunk_length": 16,
    "d_model": 64,
    "nhead": 8,
    "num_encoder_layers": 3,
    "num_decoder_layers": 3,
    "activation": "GEGLU",
    "dropout": 0.11639690905141975,
    "batch_size": 22,
    "lr": 0.0006364825589061087,
    "forecast_horizon": 16,
    "overall_smape_val": 52.96357929487197,
    "metrics": {
        "MSE": {
            "Temperature": 1.3021029790624177,
            "Precipitation_accumulated": 87.68706329638887,
            "Humidity": 20.261949741363406,
            "Wind_Speed_kmh": 0.19332193491838295,
            "Soil_Moisture": 111904.77623334026,
            "Soil_Temperature": 1.7392909501664122,
            "Wind_Dir_Sin": 0.10857889912954981,
            "Wind_Dir_Cos": 0.12301822650475788
        },
        "RMSE": {
            "Temperature": 1.1410972697638084,
            "Precipitation_accumulated": 9.364137082315107,
            "Humidity": 4.501327553218428,
            "Wind_Speed_kmh": 0.43968390341060126,
            "Soil_Moisture": 334.5217126485817,
            "Soil_Temperature": 1.3188218037954984,
            "Wind_Dir_Sin": 0.3295131243661621,
            "Wind_Dir_Cos": 0.3507395422600051
        },
        "MAE": {
            "Temperature": 0.8696735700351539,
            "Precipitation_accumulated": 8.353000840104775,
            "Humidity": 3.1312155054789623,
            "Wind_Speed_kmh": 0.22442365280187118,
            "Soil_Moisture": 182.5870332714266,
            "Soil_Temperature": 0.783912348680321,
            "Wind_Dir_Sin": 0.18715251184783585,
            "Wind_Dir_Cos": 0.20478157028149893
        },
        "R2": {
            "Temperature": 0.6156675490953314,
            "Precipitation_accumulated": -91.1798804728077,
            "Humidity": 0.6889451929295893,
            "Wind_Speed_kmh": 0.4374646419632817,
            "Soil_Moisture": 0.8501742958735246,
            "Soil_Temperature": 0.6888091497147506,
            "Wind_Dir_Sin": 0.3302456652631257,
            "Wind_Dir_Cos": 0.5748649727057027
        },
        "SMAPE": {
            "Temperature": 14.846387253181438,
            "Precipitation_accumulated": 1.8350146012319128,
            "Humidity": 3.7506405493072,
            "Wind_Speed_kmh": 171.37755700725018,
            "Soil_Moisture": 2.9145917838394175,
            "Soil_Temperature": 20.15752076713062,
            "Wind_Dir_Sin": 159.4897006595506,
            "Wind_Dir_Cos": 49.33722173748444
        }
    }
}