{
    "trial_number": 15,
    "input_chunk_length": 24,
    "output_chunk_length": 19,
    "d_model": 128,
    "nhead": 4,
    "num_encoder_layers": 1,
    "num_decoder_layers": 4,
    "activation": "GELU",
    "dropout": 0.403135374263902,
    "batch_size": 67,
    "lr": 3.3786614800115065e-05,
    "loss_function": "smoothl1",
    "optimizer": "Adam",
    "overall_mae_val": 0.205928486769981,
    "metrics": {
        "MSE": {
            "Temperature": 21.142333004705392,
            "Precipitation_accumulated": 29575.173738632184,
            "Humidity": 114.4391405868584,
            "Wind_Speed_kmh": 1.6116539305924338,
            "Soil_Moisture": 996683.0274930494,
            "Soil_Temperature": 30.583931325272495,
            "Wind_Dir_Sin": 0.5631055475470165,
            "Wind_Dir_Cos": 0.5732136101155664
        },
        "RMSE": {
            "Temperature": 4.598079273425523,
            "Precipitation_accumulated": 171.97434034946082,
            "Humidity": 10.697623127912966,
            "Wind_Speed_kmh": 1.2695093267055717,
            "Soil_Moisture": 998.3401361725619,
            "Soil_Temperature": 5.530274073251026,
            "Wind_Dir_Sin": 0.7504035897748734,
            "Wind_Dir_Cos": 0.7571087175007076
        },
        "MAE": {
            "Temperature": 3.8336561285412953,
            "Precipitation_accumulated": 158.37479785075166,
            "Humidity": 9.32147796563465,
            "Wind_Speed_kmh": 0.9645571225424854,
            "Soil_Moisture": 940.7241524683847,
            "Soil_Temperature": 4.711316683788057,
            "Wind_Dir_Sin": 0.6875225778194823,
            "Wind_Dir_Cos": 0.6372904483702042
        },
        "R2": {
            "Temperature": 0.308086469847513,
            "Precipitation_accumulated": -8792.987839043451,
            "Humidity": 0.2199504240439517,
            "Wind_Speed_kmh": -0.19641581218953652,
            "Soil_Moisture": -17.399758370007202,
            "Soil_Temperature": -0.8959833132977992,
            "Wind_Dir_Sin": -0.0194739921427034,
            "Wind_Dir_Cos": -0.5654053087222191
        },
        "SMAPE": {
            "Temperature": 50.39201087667675,
            "Precipitation_accumulated": 42.88682959082705,
            "Humidity": 10.966504269669867,
            "Wind_Speed_kmh": 82.32083496167375,
            "Soil_Moisture": 11.713191593602474,
            "Soil_Temperature": 55.995227003031474,
            "Wind_Dir_Sin": 164.17053466480755,
            "Wind_Dir_Cos": 152.50800997187915
        }
    }
}