{
    "trial_number": 87,
    "input_chunk_length": 28,
    "output_chunk_length": 2,
    "d_model": 128,
    "nhead": 4,
    "num_encoder_layers": 1,
    "num_decoder_layers": 1,
    "activation": "Bilinear",
    "dropout": 0.11921738046084984,
    "batch_size": 154,
    "lr": 0.0007931365747614195,
    "loss_function": "huber",
    "optimizer": "AdamW",
    "overall_mae_val": 0.13081745998608255,
    "metrics": {
        "MSE": {
            "Temperature": 5.174825252969511,
            "Precipitation_accumulated": 4588.722498691095,
            "Humidity": 60.15793062244144,
            "Wind_Speed_kmh": 1.3521689813247064,
            "Soil_Moisture": 118038.12126439503,
            "Soil_Temperature": 5.4532631557056614,
            "Wind_Dir_Sin": 0.5000798644015777,
            "Wind_Dir_Cos": 0.41319617715645784
        },
        "RMSE": {
            "Temperature": 2.2748242246313257,
            "Precipitation_accumulated": 67.74010996958224,
            "Humidity": 7.75615437072016,
            "Wind_Speed_kmh": 1.1628280102081763,
            "Soil_Moisture": 343.566763911172,
            "Soil_Temperature": 2.3352222925678108,
            "Wind_Dir_Sin": 0.707163251591581,
            "Wind_Dir_Cos": 0.6428033736349381
        },
        "MAE": {
            "Temperature": 1.8484182126953212,
            "Precipitation_accumulated": 57.75170463406359,
            "Humidity": 6.375991412045775,
            "Wind_Speed_kmh": 0.9430545050036521,
            "Soil_Moisture": 280.78220325454566,
            "Soil_Temperature": 1.8981601452828123,
            "Wind_Dir_Sin": 0.6239179830315973,
            "Wind_Dir_Cos": 0.5206382492632633
        },
        "R2": {
            "Temperature": 0.8300388760203325,
            "Precipitation_accumulated": -1336.0221217388055,
            "Humidity": 0.5894558834437472,
            "Wind_Speed_kmh": -0.0018463411432239063,
            "Soil_Moisture": -1.0630494838844267,
            "Soil_Temperature": 0.6616955106656757,
            "Wind_Dir_Sin": 0.0916096708263735,
            "Wind_Dir_Cos": -0.1268814578180375
        },
        "SMAPE": {
            "Temperature": 32.06374605811374,
            "Precipitation_accumulated": 13.553156815487887,
            "Humidity": 7.499374814049799,
            "Wind_Speed_kmh": 74.64203898231204,
            "Soil_Moisture": 3.2674391233732343,
            "Soil_Temperature": 34.95217966068217,
            "Wind_Dir_Sin": 134.7158157973732,
            "Wind_Dir_Cos": 115.98187394031459
        }
    }
}