{
    "trial_number": 34,
    "input_chunk_length": 19,
    "output_chunk_length": 17,
    "d_model": 64,
    "nhead": 8,
    "num_encoder_layers": 3,
    "num_decoder_layers": 2,
    "activation": "SwiGLU",
    "dropout": 0.15332460050699187,
    "batch_size": 33,
    "lr": 0.00035766174488424196,
    "forecast_horizon": 11,
    "overall_smape_val": 53.52367990547528,
    "metrics": {
        "MSE": {
            "Temperature": 1.2731438945014595,
            "Precipitation_accumulated": 105.82449753410816,
            "Humidity": 22.065250875739427,
            "Wind_Speed_kmh": 0.18320594198264392,
            "Soil_Moisture": 124314.33936073289,
            "Soil_Temperature": 1.9839519193213018,
            "Wind_Dir_Sin": 0.10668349339283209,
            "Wind_Dir_Cos": 0.14379123715872658
        },
        "RMSE": {
            "Temperature": 1.128336782393209,
            "Precipitation_accumulated": 10.287103456955615,
            "Humidity": 4.6973663765709635,
            "Wind_Speed_kmh": 0.4280256323897483,
            "Soil_Moisture": 352.5823866286189,
            "Soil_Temperature": 1.4085282813352744,
            "Wind_Dir_Sin": 0.3266243919134517,
            "Wind_Dir_Cos": 0.37919815025752246
        },
        "MAE": {
            "Temperature": 0.8407816419170829,
            "Precipitation_accumulated": 7.424682527431754,
            "Humidity": 3.7580448737573917,
            "Wind_Speed_kmh": 0.23503362078675608,
            "Soil_Moisture": 146.4222753012819,
            "Soil_Temperature": 0.9411099275012509,
            "Wind_Dir_Sin": 0.20644941674285436,
            "Wind_Dir_Cos": 0.21476941852562156
        },
        "R2": {
            "Temperature": 0.6248526837291906,
            "Precipitation_accumulated": -110.33343882830303,
            "Humidity": 0.6610439860559434,
            "Wind_Speed_kmh": 0.46502426801985264,
            "Soil_Moisture": 0.832999856479313,
            "Soil_Temperature": 0.64550445199547,
            "Wind_Dir_Sin": 0.3397448051520776,
            "Wind_Dir_Cos": 0.5016738878930429
        },
        "SMAPE": {
            "Temperature": 14.855599590043258,
            "Precipitation_accumulated": 1.6391190012527752,
            "Humidity": 4.495356854781708,
            "Wind_Speed_kmh": 169.8505638392546,
            "Soil_Moisture": 2.228995669152669,
            "Soil_Temperature": 22.133716805340967,
            "Wind_Dir_Sin": 166.12266598787474,
            "Wind_Dir_Cos": 46.863421496101836
        }
    }
}