{
    "trial_number": 4,
    "input_chunk_length": 42,
    "output_chunk_length": 18,
    "d_model": 64,
    "nhead": 8,
    "num_encoder_layers": 3,
    "num_decoder_layers": 2,
    "activation": "GLU",
    "dropout": 0.23512542014312154,
    "batch_size": 64,
    "lr": 0.0003025179151811793,
    "forecast_horizon": 12,
    "overall_smape_val": 53.522425509129604,
    "metrics": {
        "MSE": {
            "Temperature": 2.0266961735577795,
            "Precipitation_accumulated": 51.172831459617846,
            "Humidity": 27.267956445346986,
            "Wind_Speed_kmh": 0.20829355738601782,
            "Soil_Moisture": 145397.5289721639,
            "Soil_Temperature": 2.0439806840585137,
            "Wind_Dir_Sin": 0.09065077681215973,
            "Wind_Dir_Cos": 0.1021580685739204
        },
        "RMSE": {
            "Temperature": 1.4236207969672892,
            "Precipitation_accumulated": 7.153518816611713,
            "Humidity": 5.221872886747339,
            "Wind_Speed_kmh": 0.4563918901404996,
            "Soil_Moisture": 381.3102791325772,
            "Soil_Temperature": 1.4296785247245318,
            "Wind_Dir_Sin": 0.3010826743805756,
            "Wind_Dir_Cos": 0.31962175860526204
        },
        "MAE": {
            "Temperature": 0.9667466663015082,
            "Precipitation_accumulated": 5.509546109370233,
            "Humidity": 4.247077630838594,
            "Wind_Speed_kmh": 0.21619113735910078,
            "Soil_Moisture": 174.52269945085922,
            "Soil_Temperature": 0.954991412351477,
            "Wind_Dir_Sin": 0.17620588527229944,
            "Wind_Dir_Cos": 0.15780340725310738
        },
        "R2": {
            "Temperature": 0.4026983846590526,
            "Precipitation_accumulated": -52.828278375768164,
            "Humidity": 0.5811849485785938,
            "Wind_Speed_kmh": 0.39219310849389777,
            "Soil_Moisture": 0.8048076111224893,
            "Soil_Temperature": 0.6346820556498287,
            "Wind_Dir_Sin": 0.43934254965068875,
            "Wind_Dir_Cos": 0.6461580268503935
        },
        "SMAPE": {
            "Temperature": 19.4130361321249,
            "Precipitation_accumulated": 1.2026888603054566,
            "Humidity": 5.089357781230499,
            "Wind_Speed_kmh": 172.5929837308724,
            "Soil_Moisture": 2.695197953528145,
            "Soil_Temperature": 26.432940397944396,
            "Wind_Dir_Sin": 157.45595863024562,
            "Wind_Dir_Cos": 43.297240586785264
        }
    }
}