{
    "trial_number": 41,
    "input_chunk_length": 15,
    "output_chunk_length": 12,
    "d_model": 128,
    "nhead": 2,
    "num_encoder_layers": 4,
    "num_decoder_layers": 3,
    "activation": "ReLU",
    "dropout": 0.1306470458723668,
    "batch_size": 31,
    "lr": 0.0018122263963923557,
    "forecast_horizon": 5,
    "overall_smape_val": 49.274118105524394,
    "metrics": {
        "MSE": {
            "Temperature": 1.4222069097259191,
            "Precipitation_accumulated": 44.509939534594345,
            "Humidity": 12.6442142153835,
            "Wind_Speed_kmh": 0.14456020460793037,
            "Soil_Moisture": 45558.88678216226,
            "Soil_Temperature": 1.32463368689001,
            "Wind_Dir_Sin": 0.07639180332989179,
            "Wind_Dir_Cos": 0.07470217309013769
        },
        "RMSE": {
            "Temperature": 1.1925631680233626,
            "Precipitation_accumulated": 6.6715769900822055,
            "Humidity": 3.555870387877418,
            "Wind_Speed_kmh": 0.38021073710237374,
            "Soil_Moisture": 213.4452781913019,
            "Soil_Temperature": 1.1509273160760456,
            "Wind_Dir_Sin": 0.2763906715681479,
            "Wind_Dir_Cos": 0.2733169828059312
        },
        "MAE": {
            "Temperature": 0.9132754291203086,
            "Precipitation_accumulated": 6.095302945626098,
            "Humidity": 2.77998902580528,
            "Wind_Speed_kmh": 0.17676060212489106,
            "Soil_Moisture": 97.6229501620173,
            "Soil_Temperature": 0.747911915425844,
            "Wind_Dir_Sin": 0.13773197583621594,
            "Wind_Dir_Cos": 0.130823210464033
        },
        "R2": {
            "Temperature": 0.5816990453541971,
            "Precipitation_accumulated": -45.871935327558454,
            "Humidity": 0.8055932728514328,
            "Wind_Speed_kmh": 0.57609618805613,
            "Soil_Moisture": 0.9385524196749823,
            "Soil_Temperature": 0.7637393513577447,
            "Wind_Dir_Sin": 0.5253333843900055,
            "Wind_Dir_Cos": 0.7402356466336004
        },
        "SMAPE": {
            "Temperature": 15.653469276958628,
            "Precipitation_accumulated": 1.330637862464697,
            "Humidity": 3.3587902962294867,
            "Wind_Speed_kmh": 164.4021989269678,
            "Soil_Moisture": 1.57663598274931,
            "Soil_Temperature": 19.13446890792815,
            "Wind_Dir_Sin": 155.64425193746737,
            "Wind_Dir_Cos": 33.09249165342961
        }
    }
}