{
    "trial_number": 3,
    "input_chunk_length": 21,
    "output_chunk_length": 16,
    "d_model": 64,
    "nhead": 8,
    "num_encoder_layers": 1,
    "num_decoder_layers": 2,
    "activation": "GLU",
    "dropout": 0.06036417349071327,
    "batch_size": 51,
    "lr": 0.00028419347895447484,
    "forecast_horizon": 23,
    "overall_smape_val": 54.42840401512194,
    "metrics": {
        "MSE": {
            "Temperature": 1.6265054266812442,
            "Precipitation_accumulated": 133.76608013072936,
            "Humidity": 22.68865191052012,
            "Wind_Speed_kmh": 0.2307589787166256,
            "Soil_Moisture": 208620.3467613469,
            "Soil_Temperature": 2.564761702101247,
            "Wind_Dir_Sin": 0.13214385792348035,
            "Wind_Dir_Cos": 0.1514470475085017
        },
        "RMSE": {
            "Temperature": 1.275345218629546,
            "Precipitation_accumulated": 11.56572869000174,
            "Humidity": 4.763260638524846,
            "Wind_Speed_kmh": 0.48037379062207963,
            "Soil_Moisture": 456.74976383283104,
            "Soil_Temperature": 1.601487340599746,
            "Wind_Dir_Sin": 0.3635159665317059,
            "Wind_Dir_Cos": 0.38916198106765476
        },
        "MAE": {
            "Temperature": 0.9435575019422419,
            "Precipitation_accumulated": 7.519611699288718,
            "Humidity": 3.3011498964287544,
            "Wind_Speed_kmh": 0.2195235217087488,
            "Soil_Moisture": 205.86855820061996,
            "Soil_Temperature": 1.0582512416494323,
            "Wind_Dir_Sin": 0.2097278181402383,
            "Wind_Dir_Cos": 0.21302668899683128
        },
        "R2": {
            "Temperature": 0.5167957258174809,
            "Precipitation_accumulated": -139.47055324914672,
            "Humidity": 0.6514355842885906,
            "Wind_Speed_kmh": 0.33183734195411196,
            "Soil_Moisture": 0.7219743185375849,
            "Soil_Temperature": 0.5397940987791283,
            "Wind_Dir_Sin": 0.1886896853049378,
            "Wind_Dir_Cos": 0.47868465081299094
        },
        "SMAPE": {
            "Temperature": 16.636631993815502,
            "Precipitation_accumulated": 1.6118951540183974,
            "Humidity": 3.89631009712106,
            "Wind_Speed_kmh": 171.01130038639403,
            "Soil_Moisture": 3.2206964376909886,
            "Soil_Temperature": 25.763831535518662,
            "Wind_Dir_Sin": 166.7903183786863,
            "Wind_Dir_Cos": 46.49624813773063
        }
    }
}