{
    "trial_number": 22,
    "input_chunk_length": 21,
    "output_chunk_length": 20,
    "d_model": 64,
    "nhead": 8,
    "num_encoder_layers": 4,
    "num_decoder_layers": 2,
    "activation": "GEGLU",
    "dropout": 0.1647154081564871,
    "batch_size": 20,
    "lr": 0.0009786519502719899,
    "forecast_horizon": 4,
    "overall_smape_val": 50.71652679669405,
    "metrics": {
        "MSE": {
            "Temperature": 1.01461732532306,
            "Precipitation_accumulated": 94.504823436219,
            "Humidity": 15.061348104830556,
            "Wind_Speed_kmh": 0.17277459987826593,
            "Soil_Moisture": 102720.83385897818,
            "Soil_Temperature": 1.3893946366972558,
            "Wind_Dir_Sin": 0.07973249262032478,
            "Wind_Dir_Cos": 0.07808435463189961
        },
        "RMSE": {
            "Temperature": 1.0072821478230713,
            "Precipitation_accumulated": 9.721359135235103,
            "Humidity": 3.8808952710464317,
            "Wind_Speed_kmh": 0.4156616410955742,
            "Soil_Moisture": 320.5009108551459,
            "Soil_Temperature": 1.1787258530707028,
            "Wind_Dir_Sin": 0.2823694257888498,
            "Wind_Dir_Cos": 0.2794357790833157
        },
        "MAE": {
            "Temperature": 0.749176428783883,
            "Precipitation_accumulated": 8.543799707722833,
            "Humidity": 3.016755130346312,
            "Wind_Speed_kmh": 0.19273984448388606,
            "Soil_Moisture": 217.82644160673524,
            "Soil_Temperature": 0.8142910565012348,
            "Wind_Dir_Sin": 0.1596928548637787,
            "Wind_Dir_Cos": 0.1288161424907709
        },
        "R2": {
            "Temperature": 0.7016957779478731,
            "Precipitation_accumulated": -98.53602688440496,
            "Humidity": 0.7684086085980338,
            "Wind_Speed_kmh": 0.4930072648033996,
            "Soil_Moisture": 0.8613635983662822,
            "Soil_Temperature": 0.7522708418936178,
            "Wind_Dir_Sin": 0.5042479555663855,
            "Wind_Dir_Cos": 0.7283221956634577
        },
        "SMAPE": {
            "Temperature": 12.66468289347516,
            "Precipitation_accumulated": 1.837624810617277,
            "Humidity": 3.565403559274148,
            "Wind_Speed_kmh": 166.66543224239155,
            "Soil_Moisture": 3.6123922430853783,
            "Soil_Temperature": 22.806899207466497,
            "Wind_Dir_Sin": 153.41266403586462,
            "Wind_Dir_Cos": 41.16711538137821
        }
    }
}