{
    "trial_number": 84,
    "input_chunk_length": 25,
    "output_chunk_length": 1,
    "d_model": 128,
    "nhead": 4,
    "num_encoder_layers": 1,
    "num_decoder_layers": 1,
    "activation": "Bilinear",
    "dropout": 0.10002265916213327,
    "batch_size": 163,
    "lr": 0.001406416065690096,
    "loss_function": "huber",
    "optimizer": "AdamW",
    "overall_mae_val": 0.12788514735719325,
    "metrics": {
        "MSE": {
            "Temperature": 6.076522265622573,
            "Precipitation_accumulated": 6547.391737304806,
            "Humidity": 98.21475600244365,
            "Wind_Speed_kmh": 1.037319434357549,
            "Soil_Moisture": 178678.58524267797,
            "Soil_Temperature": 6.089918062862196,
            "Wind_Dir_Sin": 0.4153535495496642,
            "Wind_Dir_Cos": 0.3538540368332705
        },
        "RMSE": {
            "Temperature": 2.465060296549067,
            "Precipitation_accumulated": 80.91595477595754,
            "Humidity": 9.910335816835051,
            "Wind_Speed_kmh": 1.0184887993284701,
            "Soil_Moisture": 422.70389783236914,
            "Soil_Temperature": 2.467775934492878,
            "Wind_Dir_Sin": 0.6444792855861732,
            "Wind_Dir_Cos": 0.5948563161245499
        },
        "MAE": {
            "Temperature": 1.9402748167717287,
            "Precipitation_accumulated": 67.21488598863505,
            "Humidity": 8.034923851640514,
            "Wind_Speed_kmh": 0.7875289405063178,
            "Soil_Moisture": 336.6374779133035,
            "Soil_Temperature": 2.053411722203794,
            "Wind_Dir_Sin": 0.5413075908106271,
            "Wind_Dir_Cos": 0.48131386203991133
        },
        "R2": {
            "Temperature": 0.8008803126468587,
            "Precipitation_accumulated": -1895.1272196431735,
            "Humidity": 0.32993486494958035,
            "Wind_Speed_kmh": 0.23180968606775743,
            "Soil_Moisture": -2.082314435486505,
            "Soil_Temperature": 0.6233628519890672,
            "Wind_Dir_Sin": 0.244636812110132,
            "Wind_Dir_Cos": 0.037928191182124316
        },
        "SMAPE": {
            "Temperature": 32.11235355196402,
            "Precipitation_accumulated": 16.13576365266958,
            "Humidity": 9.412568777371133,
            "Wind_Speed_kmh": 69.53502370345795,
            "Soil_Moisture": 4.043357885368472,
            "Soil_Temperature": 37.84392478161016,
            "Wind_Dir_Sin": 112.20233180804698,
            "Wind_Dir_Cos": 113.82795643631741
        }
    }
}