{
    "trial_number": 1,
    "input_chunk_length": 75,
    "output_chunk_length": 51,
    "d_model": 256,
    "nhead": 2,
    "num_encoder_layers": 2,
    "num_decoder_layers": 1,
    "activation": "GLU",
    "dropout": 0.09565315122357661,
    "batch_size": 35,
    "lr": 0.0016448985826877417,
    "forecast_horizon": 13,
    "overall_smape_val": 54.08721117825861,
    "metrics": {
        "MSE": {
            "Temperature": 1.7681759055802593,
            "Precipitation_accumulated": 100.89716479352754,
            "Humidity": 32.17492179256063,
            "Wind_Speed_kmh": 0.2069362898976116,
            "Soil_Moisture": 116328.7837545259,
            "Soil_Temperature": 2.8567366434330372,
            "Wind_Dir_Sin": 0.12287277779986495,
            "Wind_Dir_Cos": 0.15081803758262263
        },
        "RMSE": {
            "Temperature": 1.3297277561893108,
            "Precipitation_accumulated": 10.044758075410654,
            "Humidity": 5.67229422655072,
            "Wind_Speed_kmh": 0.45490250592584297,
            "Soil_Moisture": 341.07005695974823,
            "Soil_Temperature": 1.6901883455499973,
            "Wind_Dir_Sin": 0.35053213518858006,
            "Wind_Dir_Cos": 0.38835298065371227
        },
        "MAE": {
            "Temperature": 1.0217321113462714,
            "Precipitation_accumulated": 8.932869062054836,
            "Humidity": 4.377717218760838,
            "Wind_Speed_kmh": 0.22828033560440056,
            "Soil_Moisture": 223.34320292513604,
            "Soil_Temperature": 1.3147439447484772,
            "Wind_Dir_Sin": 0.22204704046841392,
            "Wind_Dir_Cos": 0.2231143065514986
        },
        "R2": {
            "Temperature": 0.478813446752846,
            "Precipitation_accumulated": -105.11626136157994,
            "Humidity": 0.505910844499775,
            "Wind_Speed_kmh": 0.3965775189872103,
            "Soil_Moisture": 0.843936862945694,
            "Soil_Temperature": 0.48928351505070755,
            "Wind_Dir_Sin": 0.2405607673780764,
            "Wind_Dir_Cos": 0.4779100832431201
        },
        "SMAPE": {
            "Temperature": 18.11179335643488,
            "Precipitation_accumulated": 1.921756781050246,
            "Humidity": 5.225620739755072,
            "Wind_Speed_kmh": 170.3324984467515,
            "Soil_Moisture": 3.6179184545771244,
            "Soil_Temperature": 27.96702795179004,
            "Wind_Dir_Sin": 157.63483201475555,
            "Wind_Dir_Cos": 47.88624168095449
        }
    }
}