{
    "trial_number": 89,
    "input_chunk_length": 27,
    "output_chunk_length": 3,
    "d_model": 128,
    "nhead": 4,
    "num_encoder_layers": 1,
    "num_decoder_layers": 1,
    "activation": "Bilinear",
    "dropout": 0.12639912526540148,
    "batch_size": 138,
    "lr": 0.0023688542455863647,
    "loss_function": "huber",
    "optimizer": "Adam",
    "overall_mae_val": 0.1265341529921978,
    "metrics": {
        "MSE": {
            "Temperature": 6.883531550213567,
            "Precipitation_accumulated": 4934.344108687535,
            "Humidity": 58.717084664283774,
            "Wind_Speed_kmh": 1.080018924429936,
            "Soil_Moisture": 32327.759375132013,
            "Soil_Temperature": 4.091777738803808,
            "Wind_Dir_Sin": 0.5173732337006464,
            "Wind_Dir_Cos": 0.38991858752846226
        },
        "RMSE": {
            "Temperature": 2.6236485188023124,
            "Precipitation_accumulated": 70.24488670848245,
            "Humidity": 7.662707397799016,
            "Wind_Speed_kmh": 1.039239589522039,
            "Soil_Moisture": 179.79921961769472,
            "Soil_Temperature": 2.0228143114986623,
            "Wind_Dir_Sin": 0.7192866144317204,
            "Wind_Dir_Cos": 0.6244346142939725
        },
        "MAE": {
            "Temperature": 2.0819159886882947,
            "Precipitation_accumulated": 62.74662478598191,
            "Humidity": 5.923077938675429,
            "Wind_Speed_kmh": 0.8157146512073087,
            "Soil_Moisture": 153.9920066380339,
            "Soil_Temperature": 1.6494164951981927,
            "Wind_Dir_Sin": 0.6370441423502876,
            "Wind_Dir_Cos": 0.5156822347977589
        },
        "R2": {
            "Temperature": 0.773918402645104,
            "Precipitation_accumulated": -1436.7263457244646,
            "Humidity": 0.599288848521918,
            "Wind_Speed_kmh": 0.19979453548362414,
            "Soil_Moisture": 0.4349811181370987,
            "Soil_Temperature": 0.746158082074722,
            "Wind_Dir_Sin": 0.06019642956559945,
            "Wind_Dir_Cos": -0.06339809184160639
        },
        "SMAPE": {
            "Temperature": 33.96902037242778,
            "Precipitation_accumulated": 14.7512108760098,
            "Humidity": 7.023492632407188,
            "Wind_Speed_kmh": 70.47907758640027,
            "Soil_Moisture": 1.8043627031990803,
            "Soil_Temperature": 36.09444249755632,
            "Wind_Dir_Sin": 134.41276356769862,
            "Wind_Dir_Cos": 122.36537895875132
        }
    }
}