{
    "trial_number": 1,
    "input_chunk_length": 12,
    "d_model": 128,
    "num_encoder_layers": 4,
    "num_decoder_layers": 4,
    "activation": "GLU",
    "dropout": 0.05047981796646199,
    "batch_size": 56,
    "lr": 4.246877824914423e-05,
    "overall_smape_val": 47.51853580702027,
    "metrics": {
        "MSE": {
            "Temperature": 1.1729935186411424,
            "Precipitation_accumulated": 98.75847547875621,
            "Humidity": 10.27845499441043,
            "Wind_Speed_kmh": 0.11109596733811683,
            "Soil_Moisture": 31537.646888193238,
            "Soil_Temperature": 0.4001507738824434,
            "Wind_Dir_Sin": 0.052924907593935214,
            "Wind_Dir_Cos": 0.054585324937854965
        },
        "RMSE": {
            "Temperature": 1.083048253145326,
            "Precipitation_accumulated": 9.93772989564298,
            "Humidity": 3.2060029623209068,
            "Wind_Speed_kmh": 0.33331061689978736,
            "Soil_Moisture": 177.5884199158077,
            "Soil_Temperature": 0.6325747180234469,
            "Wind_Dir_Sin": 0.23005414057116036,
            "Wind_Dir_Cos": 0.23363502506656608
        },
        "MAE": {
            "Temperature": 0.8286576427821619,
            "Precipitation_accumulated": 8.922196641349824,
            "Humidity": 2.607097918203833,
            "Wind_Speed_kmh": 0.18205769972127037,
            "Soil_Moisture": 85.75992061381376,
            "Soil_Temperature": 0.49146405334186843,
            "Wind_Dir_Sin": 0.11314117248038642,
            "Wind_Dir_Cos": 0.13368792652074013
        },
        "R2": {
            "Temperature": 0.6554425309694825,
            "Precipitation_accumulated": -103.05009132123767,
            "Humidity": 0.8419395836379588,
            "Wind_Speed_kmh": 0.6735429485010689,
            "Soil_Moisture": 0.9573798400403353,
            "Soil_Temperature": 0.9286999380859292,
            "Wind_Dir_Sin": 0.6704940756985659,
            "Wind_Dir_Cos": 0.8098688176043954
        },
        "SMAPE": {
            "Temperature": 13.902837096684465,
            "Precipitation_accumulated": 1.918543126609506,
            "Humidity": 3.140991016466731,
            "Wind_Speed_kmh": 161.9080347433331,
            "Soil_Moisture": 1.347509163398383,
            "Soil_Temperature": 13.711868358364587,
            "Wind_Dir_Sin": 146.47456356471918,
            "Wind_Dir_Cos": 37.74393938658615
        }
    }
}