{
    "trial_number": 31,
    "input_chunk_length": 27,
    "output_chunk_length": 8,
    "d_model": 128,
    "nhead": 4,
    "num_encoder_layers": 3,
    "num_decoder_layers": 1,
    "activation": "GELU",
    "dropout": 0.20919454003086266,
    "batch_size": 203,
    "lr": 0.00023122027695157238,
    "loss_function": "smoothl1",
    "optimizer": "AdamW",
    "overall_mae_val": 0.1447010309037316,
    "metrics": {
        "MSE": {
            "Temperature": 16.84320459923777,
            "Precipitation_accumulated": 3877.9457455354855,
            "Humidity": 82.20030926464298,
            "Wind_Speed_kmh": 1.3991289410115344,
            "Soil_Moisture": 133103.26168542722,
            "Soil_Temperature": 13.022458590085481,
            "Wind_Dir_Sin": 0.633249446383877,
            "Wind_Dir_Cos": 0.40028993087941006
        },
        "RMSE": {
            "Temperature": 4.104047343688638,
            "Precipitation_accumulated": 62.27315429248374,
            "Humidity": 9.066438620794992,
            "Wind_Speed_kmh": 1.1828478097420372,
            "Soil_Moisture": 364.83319707152094,
            "Soil_Temperature": 3.6086643775897866,
            "Wind_Dir_Sin": 0.7957697194439337,
            "Wind_Dir_Cos": 0.632684700999961
        },
        "MAE": {
            "Temperature": 3.3009927591345813,
            "Precipitation_accumulated": 52.941594261781425,
            "Humidity": 7.321005801793379,
            "Wind_Speed_kmh": 0.9353302762799678,
            "Soil_Moisture": 308.6925532860886,
            "Soil_Temperature": 2.927242656008591,
            "Wind_Dir_Sin": 0.715546501193795,
            "Wind_Dir_Cos": 0.5218698988306714
        },
        "R2": {
            "Temperature": 0.44791419675490285,
            "Precipitation_accumulated": -1137.6759732885694,
            "Humidity": 0.43951669696977136,
            "Wind_Speed_kmh": -0.03904674117547624,
            "Soil_Moisture": -1.3744440082218787,
            "Soil_Temperature": 0.19135931530507622,
            "Wind_Dir_Sin": -0.1501514154097241,
            "Wind_Dir_Cos": -0.09192277794366488
        },
        "SMAPE": {
            "Temperature": 55.98793422137072,
            "Precipitation_accumulated": 12.31620708235346,
            "Humidity": 8.664412089882495,
            "Wind_Speed_kmh": 76.94301699136157,
            "Soil_Moisture": 3.548476977655267,
            "Soil_Temperature": 65.42650567635656,
            "Wind_Dir_Sin": 158.5142865854253,
            "Wind_Dir_Cos": 114.79258493394785
        }
    }
}