{
    "trial_number": 28,
    "input_chunk_length": 17,
    "output_chunk_length": 14,
    "d_model": 64,
    "nhead": 8,
    "num_encoder_layers": 4,
    "num_decoder_layers": 2,
    "activation": "GEGLU",
    "dropout": 0.16460717735741662,
    "batch_size": 27,
    "lr": 0.0003827701076867348,
    "forecast_horizon": 6,
    "overall_smape_val": 53.2478280527244,
    "metrics": {
        "MSE": {
            "Temperature": 1.8250262326933226,
            "Precipitation_accumulated": 68.16810863855926,
            "Humidity": 14.25824606649181,
            "Wind_Speed_kmh": 0.21928765569148548,
            "Soil_Moisture": 68229.56025377322,
            "Soil_Temperature": 2.6300199804687883,
            "Wind_Dir_Sin": 0.08635011990031823,
            "Wind_Dir_Cos": 0.0935497901660345
        },
        "RMSE": {
            "Temperature": 1.350935317731135,
            "Precipitation_accumulated": 8.256398042643006,
            "Humidity": 3.776009277860928,
            "Wind_Speed_kmh": 0.468281598711166,
            "Soil_Moisture": 261.207887043583,
            "Soil_Temperature": 1.6217336342534148,
            "Wind_Dir_Sin": 0.2938539091118548,
            "Wind_Dir_Cos": 0.3058591018198322
        },
        "MAE": {
            "Temperature": 0.9784003740046295,
            "Precipitation_accumulated": 6.772605852224281,
            "Humidity": 2.877832654865809,
            "Wind_Speed_kmh": 0.29424360812105005,
            "Soil_Moisture": 130.36550149152433,
            "Soil_Temperature": 1.4392433116493475,
            "Wind_Dir_Sin": 0.1767543352600014,
            "Wind_Dir_Cos": 0.17810868152640677
        },
        "R2": {
            "Temperature": 0.46301123650627274,
            "Precipitation_accumulated": -70.77397083000037,
            "Humidity": 0.7808059984833289,
            "Wind_Speed_kmh": 0.35741694276990543,
            "Soil_Moisture": 0.9080364019683571,
            "Soil_Temperature": 0.5307564357384482,
            "Wind_Dir_Sin": 0.4638115669725432,
            "Wind_Dir_Cos": 0.6748788548157987
        },
        "SMAPE": {
            "Temperature": 17.22584607581417,
            "Precipitation_accumulated": 1.4574029019239605,
            "Humidity": 3.4132515646710115,
            "Wind_Speed_kmh": 170.52549852500684,
            "Soil_Moisture": 2.0535120868270678,
            "Soil_Temperature": 33.51416737561579,
            "Wind_Dir_Sin": 154.27331430107012,
            "Wind_Dir_Cos": 43.51963159086625
        }
    }
}