{
    "trial_number": 8,
    "input_chunk_length": 70,
    "output_chunk_length": 12,
    "d_model": 256,
    "nhead": 2,
    "num_encoder_layers": 4,
    "num_decoder_layers": 4,
    "activation": "SwiGLU",
    "dropout": 0.20340126711774822,
    "batch_size": 142,
    "lr": 0.00031440849335565035,
    "loss_function": "smoothl1",
    "optimizer": "AdamW",
    "overall_mae_val": 0.16803630041355178,
    "metrics": {
        "MSE": {
            "Temperature": 15.956515319233851,
            "Precipitation_accumulated": 11570.963910102666,
            "Humidity": 103.48047640724809,
            "Wind_Speed_kmh": 2.2087167407848316,
            "Soil_Moisture": 165662.15076333765,
            "Soil_Temperature": 27.013055117459594,
            "Wind_Dir_Sin": 0.7187580472193327,
            "Wind_Dir_Cos": 0.4738743285999611
        },
        "RMSE": {
            "Temperature": 3.9945607166788504,
            "Precipitation_accumulated": 107.5684150208725,
            "Humidity": 10.17253539719809,
            "Wind_Speed_kmh": 1.4861752052785808,
            "Soil_Moisture": 407.0161554082806,
            "Soil_Temperature": 5.197408500152705,
            "Wind_Dir_Sin": 0.8477959938684144,
            "Wind_Dir_Cos": 0.6883853053341283
        },
        "MAE": {
            "Temperature": 3.1085031198352233,
            "Precipitation_accumulated": 88.02370777577552,
            "Humidity": 8.026620762292872,
            "Wind_Speed_kmh": 1.2215439900463012,
            "Soil_Moisture": 333.742097589055,
            "Soil_Temperature": 4.330077178708641,
            "Wind_Dir_Sin": 0.7488433476355558,
            "Wind_Dir_Cos": 0.5597857008576367
        },
        "R2": {
            "Temperature": 0.4727746392525618,
            "Precipitation_accumulated": -3683.196239847147,
            "Humidity": 0.29657906826332237,
            "Wind_Speed_kmh": -0.6327456841704326,
            "Soil_Moisture": -2.6819207711829236,
            "Soil_Temperature": -0.7048501822533175,
            "Wind_Dir_Sin": -0.31068079233405754,
            "Wind_Dir_Cos": -0.290019445319611
        },
        "SMAPE": {
            "Temperature": 44.17329004423167,
            "Precipitation_accumulated": 21.867233589265645,
            "Humidity": 9.55051520556035,
            "Wind_Speed_kmh": 79.89180191889541,
            "Soil_Moisture": 3.9207295931101758,
            "Soil_Temperature": 96.07789545360194,
            "Wind_Dir_Sin": 155.09991645232247,
            "Wind_Dir_Cos": 119.2601833080697
        }
    }
}