{
    "trial_number": 35,
    "input_chunk_length": 17,
    "output_chunk_length": 15,
    "d_model": 64,
    "nhead": 2,
    "num_encoder_layers": 2,
    "num_decoder_layers": 2,
    "activation": "GEGLU",
    "dropout": 0.21746736858893817,
    "batch_size": 26,
    "lr": 0.000548172558096071,
    "forecast_horizon": 8,
    "overall_smape_val": 52.30099102785317,
    "metrics": {
        "MSE": {
            "Temperature": 2.2058853265141614,
            "Precipitation_accumulated": 85.09622968974318,
            "Humidity": 36.5715095825703,
            "Wind_Speed_kmh": 0.2529067626073412,
            "Soil_Moisture": 149576.7507422993,
            "Soil_Temperature": 1.2427465686740353,
            "Wind_Dir_Sin": 0.10343916448468572,
            "Wind_Dir_Cos": 0.10154724665884154
        },
        "RMSE": {
            "Temperature": 1.485222315518509,
            "Precipitation_accumulated": 9.224761768725694,
            "Humidity": 6.047438266123128,
            "Wind_Speed_kmh": 0.5028983621044527,
            "Soil_Moisture": 386.75153618608846,
            "Soil_Temperature": 1.114785436159818,
            "Wind_Dir_Sin": 0.3216195959276824,
            "Wind_Dir_Cos": 0.31866478729040887
        },
        "MAE": {
            "Temperature": 1.0366029852575542,
            "Precipitation_accumulated": 8.310912476978196,
            "Humidity": 5.045976545549097,
            "Wind_Speed_kmh": 0.2652049732988256,
            "Soil_Moisture": 194.5147335012532,
            "Soil_Temperature": 0.8128556125034131,
            "Wind_Dir_Sin": 0.20204374809729364,
            "Wind_Dir_Cos": 0.17568771146029963
        },
        "R2": {
            "Temperature": 0.3505096247788323,
            "Precipitation_accumulated": -88.56877354287998,
            "Humidity": 0.4379702802960703,
            "Wind_Speed_kmh": 0.2599382896055459,
            "Soil_Moisture": 0.7986603619249928,
            "Soil_Temperature": 0.7781378535295528,
            "Wind_Dir_Sin": 0.3585481066145628,
            "Wind_Dir_Cos": 0.6474811083700596
        },
        "SMAPE": {
            "Temperature": 17.82296411866138,
            "Precipitation_accumulated": 1.8226831051379777,
            "Humidity": 6.061921580323334,
            "Wind_Speed_kmh": 169.38331268914078,
            "Soil_Moisture": 3.0392369876938727,
            "Soil_Temperature": 20.21698344711807,
            "Wind_Dir_Sin": 154.49889680268186,
            "Wind_Dir_Cos": 45.56192949206812
        }
    }
}