{
    "trial_number": 21,
    "input_chunk_length": 13,
    "output_chunk_length": 12,
    "d_model": 64,
    "nhead": 8,
    "num_encoder_layers": 4,
    "num_decoder_layers": 2,
    "activation": "GEGLU",
    "dropout": 0.1482436724393383,
    "batch_size": 22,
    "lr": 0.0005414248257055767,
    "forecast_horizon": 4,
    "overall_smape_val": 48.67707194068471,
    "metrics": {
        "MSE": {
            "Temperature": 0.9213201563243295,
            "Precipitation_accumulated": 37.18097694809468,
            "Humidity": 13.111778373209845,
            "Wind_Speed_kmh": 0.13373693013370877,
            "Soil_Moisture": 43876.42250564181,
            "Soil_Temperature": 0.8955930862086611,
            "Wind_Dir_Sin": 0.07184149255111133,
            "Wind_Dir_Cos": 0.07421036878932485
        },
        "RMSE": {
            "Temperature": 0.9598542370195224,
            "Precipitation_accumulated": 6.097620597257153,
            "Humidity": 3.6210189689105254,
            "Wind_Speed_kmh": 0.3657006017683164,
            "Soil_Moisture": 209.4669962205068,
            "Soil_Temperature": 0.9463578003105702,
            "Wind_Dir_Sin": 0.26803263336972855,
            "Wind_Dir_Cos": 0.2724158012842222
        },
        "MAE": {
            "Temperature": 0.7099520414029561,
            "Precipitation_accumulated": 4.311035801001696,
            "Humidity": 2.7780809044611168,
            "Wind_Speed_kmh": 0.16496454461665094,
            "Soil_Moisture": 110.98072862117334,
            "Soil_Temperature": 0.717868427703787,
            "Wind_Dir_Sin": 0.1325097389544078,
            "Wind_Dir_Cos": 0.12615631461566862
        },
        "R2": {
            "Temperature": 0.729125764331134,
            "Precipitation_accumulated": -38.16040035344527,
            "Humidity": 0.7983862416517703,
            "Wind_Speed_kmh": 0.6075600692864637,
            "Soil_Moisture": 0.9407825160269453,
            "Soil_Temperature": 0.840315691890272,
            "Wind_Dir_Sin": 0.5533117598997916,
            "Wind_Dir_Cos": 0.7418009004911159
        },
        "SMAPE": {
            "Temperature": 12.215891947436807,
            "Precipitation_accumulated": 0.9408202447294669,
            "Humidity": 3.3248314797898235,
            "Wind_Speed_kmh": 161.19506971372354,
            "Soil_Moisture": 1.7881850331779094,
            "Soil_Temperature": 19.006491265996868,
            "Wind_Dir_Sin": 157.9331848732016,
            "Wind_Dir_Cos": 33.01210096742179
        }
    }
}