{
    "trial_number": 20,
    "input_chunk_length": 30,
    "output_chunk_length": 14,
    "d_model": 128,
    "nhead": 4,
    "num_encoder_layers": 2,
    "num_decoder_layers": 1,
    "activation": "GELU",
    "dropout": 0.15831783734285873,
    "batch_size": 232,
    "lr": 0.001022947062786278,
    "loss_function": "smoothl1",
    "optimizer": "AdamW",
    "overall_mae_val": 0.14441476670728529,
    "metrics": {
        "MSE": {
            "Temperature": 8.892920289947572,
            "Precipitation_accumulated": 7370.778504121936,
            "Humidity": 83.62264718775842,
            "Wind_Speed_kmh": 1.4008146381534472,
            "Soil_Moisture": 202127.78915859538,
            "Soil_Temperature": 7.209378745473949,
            "Wind_Dir_Sin": 0.5921198337131875,
            "Wind_Dir_Cos": 0.3708588762655684
        },
        "RMSE": {
            "Temperature": 2.98209997987116,
            "Precipitation_accumulated": 85.85323816911006,
            "Humidity": 9.14454193427743,
            "Wind_Speed_kmh": 1.1835601540071579,
            "Soil_Moisture": 449.5862421811808,
            "Soil_Temperature": 2.685028630289433,
            "Wind_Dir_Sin": 0.7694932317526825,
            "Wind_Dir_Cos": 0.6089818357435371
        },
        "MAE": {
            "Temperature": 2.432501435417041,
            "Precipitation_accumulated": 68.74389400971077,
            "Humidity": 7.487617840981829,
            "Wind_Speed_kmh": 0.948466449748853,
            "Soil_Moisture": 364.89631736027377,
            "Soil_Temperature": 2.1542099001581345,
            "Wind_Dir_Sin": 0.6915777994093376,
            "Wind_Dir_Cos": 0.5169555848919847
        },
        "R2": {
            "Temperature": 0.7088995560326223,
            "Precipitation_accumulated": -2194.171461634822,
            "Humidity": 0.42995734553717546,
            "Wind_Speed_kmh": -0.03938908944764341,
            "Soil_Moisture": -2.7444086335558064,
            "Soil_Temperature": 0.5529839369146401,
            "Wind_Dir_Sin": -0.07250605063416038,
            "Wind_Dir_Cos": -0.012405996022578636
        },
        "SMAPE": {
            "Temperature": 37.942207462054675,
            "Precipitation_accumulated": 16.731580788420256,
            "Humidity": 8.856509156238987,
            "Wind_Speed_kmh": 75.80965967695411,
            "Soil_Moisture": 4.366089974902042,
            "Soil_Temperature": 38.872256832190125,
            "Wind_Dir_Sin": 154.05622610995934,
            "Wind_Dir_Cos": 129.9837743738156
        }
    }
}