{
    "trial_number": 40,
    "input_chunk_length": 26,
    "output_chunk_length": 22,
    "d_model": 128,
    "nhead": 2,
    "num_encoder_layers": 2,
    "num_decoder_layers": 3,
    "activation": "ReLU",
    "dropout": 0.07516981819322895,
    "batch_size": 55,
    "lr": 0.002413759000627079,
    "forecast_horizon": 8,
    "overall_smape_val": 51.740780899153144,
    "metrics": {
        "MSE": {
            "Temperature": 1.3812737239752222,
            "Precipitation_accumulated": 71.75514913018907,
            "Humidity": 28.445473271154377,
            "Wind_Speed_kmh": 0.171831397325326,
            "Soil_Moisture": 92696.42009114256,
            "Soil_Temperature": 1.6177292803647911,
            "Wind_Dir_Sin": 0.08902921828906359,
            "Wind_Dir_Cos": 0.095669231947815
        },
        "RMSE": {
            "Temperature": 1.1752760203353176,
            "Precipitation_accumulated": 8.470841111140562,
            "Humidity": 5.333429784965241,
            "Wind_Speed_kmh": 0.4145255086545652,
            "Soil_Moisture": 304.46086791432253,
            "Soil_Temperature": 1.2718998704162177,
            "Wind_Dir_Sin": 0.29837764374876274,
            "Wind_Dir_Cos": 0.30930443247359873
        },
        "MAE": {
            "Temperature": 0.8617925404917813,
            "Precipitation_accumulated": 7.631932815415638,
            "Humidity": 4.472882182050946,
            "Wind_Speed_kmh": 0.22408603277564282,
            "Soil_Moisture": 174.80419561874686,
            "Soil_Temperature": 0.9856590045326444,
            "Wind_Dir_Sin": 0.17466397967793318,
            "Wind_Dir_Cos": 0.15689960710661252
        },
        "R2": {
            "Temperature": 0.5933043397657112,
            "Precipitation_accumulated": -74.52650365838885,
            "Humidity": 0.5628509309046434,
            "Wind_Speed_kmh": 0.4971829282339699,
            "Soil_Moisture": 0.8752248355484462,
            "Soil_Temperature": 0.7111938189193544,
            "Wind_Dir_Sin": 0.4479077540634996,
            "Wind_Dir_Cos": 0.6678864989551636
        },
        "SMAPE": {
            "Temperature": 14.648616032292075,
            "Precipitation_accumulated": 1.6472238191215298,
            "Humidity": 5.3895310003317825,
            "Wind_Speed_kmh": 171.55821228511215,
            "Soil_Moisture": 2.786663218364329,
            "Soil_Temperature": 22.76736626594744,
            "Wind_Dir_Sin": 155.39619846728812,
            "Wind_Dir_Cos": 39.7324361047677
        }
    }
}