{
    "trial_number": 2,
    "input_chunk_length": 33,
    "output_chunk_length": 26,
    "d_model": 256,
    "nhead": 2,
    "num_encoder_layers": 1,
    "num_decoder_layers": 2,
    "activation": "SwiGLU",
    "dropout": 0.21847844491631271,
    "batch_size": 33,
    "lr": 0.0002774634012566837,
    "forecast_horizon": 9,
    "overall_smape_val": 55.080149618495696,
    "metrics": {
        "MSE": {
            "Temperature": 1.8440726087334232,
            "Precipitation_accumulated": 157.96440411086266,
            "Humidity": 31.0763046784455,
            "Wind_Speed_kmh": 0.19523683236021652,
            "Soil_Moisture": 127287.01862950719,
            "Soil_Temperature": 3.6422019767005187,
            "Wind_Dir_Sin": 0.10028557803304922,
            "Wind_Dir_Cos": 0.10785259294937355
        },
        "RMSE": {
            "Temperature": 1.3579663503686028,
            "Precipitation_accumulated": 12.568389081774269,
            "Humidity": 5.57461251374887,
            "Wind_Speed_kmh": 0.44185612178651157,
            "Soil_Moisture": 356.77306320616077,
            "Soil_Temperature": 1.9084553902830736,
            "Wind_Dir_Sin": 0.3166789826197015,
            "Wind_Dir_Cos": 0.3284091852390453
        },
        "MAE": {
            "Temperature": 1.0258122194968056,
            "Precipitation_accumulated": 8.71175334688463,
            "Humidity": 4.690343587036209,
            "Wind_Speed_kmh": 0.2109165817874972,
            "Soil_Moisture": 185.8995271564993,
            "Soil_Temperature": 1.4075143718829721,
            "Wind_Dir_Sin": 0.1790619775907212,
            "Wind_Dir_Cos": 0.20140932448992457
        },
        "R2": {
            "Temperature": 0.45686104168748176,
            "Precipitation_accumulated": -165.24028585409312,
            "Humidity": 0.5224926810069097,
            "Wind_Speed_kmh": 0.4290933076476252,
            "Soil_Moisture": 0.8287780648255326,
            "Soil_Temperature": 0.3495767513911705,
            "Wind_Dir_Sin": 0.37851651808263465,
            "Wind_Dir_Cos": 0.6258027432149968
        },
        "SMAPE": {
            "Temperature": 17.808352875041358,
            "Precipitation_accumulated": 1.8710954408739096,
            "Humidity": 5.641763290173613,
            "Wind_Speed_kmh": 169.78137683936905,
            "Soil_Moisture": 2.9429211271097167,
            "Soil_Temperature": 34.72584920048889,
            "Wind_Dir_Sin": 160.6789598382695,
            "Wind_Dir_Cos": 47.19087833663966
        }
    }
}