{
    "trial_number": 44,
    "input_chunk_length": 25,
    "output_chunk_length": 11,
    "d_model": 256,
    "nhead": 4,
    "num_encoder_layers": 2,
    "num_decoder_layers": 1,
    "activation": "GELU",
    "dropout": 0.2976462345464759,
    "batch_size": 190,
    "lr": 0.00010483973155279354,
    "loss_function": "smoothl1",
    "optimizer": "AdamW",
    "overall_mae_val": 0.13945409201458558,
    "metrics": {
        "MSE": {
            "Temperature": 10.367522827848585,
            "Precipitation_accumulated": 4022.580014477467,
            "Humidity": 92.5231256600443,
            "Wind_Speed_kmh": 1.4088321296941912,
            "Soil_Moisture": 153071.7813354532,
            "Soil_Temperature": 8.366730415955184,
            "Wind_Dir_Sin": 0.614943517259145,
            "Wind_Dir_Cos": 0.413309051130907
        },
        "RMSE": {
            "Temperature": 3.2198637902632754,
            "Precipitation_accumulated": 63.42381267692338,
            "Humidity": 9.61889420152048,
            "Wind_Speed_kmh": 1.1869423447220135,
            "Soil_Moisture": 391.2438898378519,
            "Soil_Temperature": 2.8925301063178552,
            "Wind_Dir_Sin": 0.7841833441607549,
            "Wind_Dir_Cos": 0.6428911658522825
        },
        "MAE": {
            "Temperature": 2.540049658040749,
            "Precipitation_accumulated": 52.025723435630304,
            "Humidity": 7.703311871754178,
            "Wind_Speed_kmh": 0.9780503181886829,
            "Soil_Moisture": 305.9567634371169,
            "Soil_Temperature": 2.33511387027931,
            "Wind_Dir_Sin": 0.6733990736253188,
            "Wind_Dir_Cos": 0.5285584753285181
        },
        "R2": {
            "Temperature": 0.6603819445338455,
            "Precipitation_accumulated": -1181.973212381011,
            "Humidity": 0.36941373860124327,
            "Wind_Speed_kmh": -0.045722706715236594,
            "Soil_Moisture": -1.7434207885392365,
            "Soil_Temperature": 0.4806866019478838,
            "Wind_Dir_Sin": -0.11677699533268604,
            "Wind_Dir_Cos": -0.12691405032334613
        },
        "SMAPE": {
            "Temperature": 39.07308847832674,
            "Precipitation_accumulated": 12.190685914191766,
            "Humidity": 9.102332582645548,
            "Wind_Speed_kmh": 76.12431125978969,
            "Soil_Moisture": 3.652629094631933,
            "Soil_Temperature": 47.00304037734859,
            "Wind_Dir_Sin": 130.91745898048447,
            "Wind_Dir_Cos": 115.11702426497598
        }
    }
}