{
    "trial_number": 3,
    "input_chunk_length": 28,
    "output_chunk_length": 20,
    "d_model": 64,
    "nhead": 4,
    "num_encoder_layers": 1,
    "num_decoder_layers": 2,
    "activation": "GELU",
    "dropout": 0.11591185453200858,
    "batch_size": 85,
    "lr": 0.00011971582297457522,
    "loss_function": "smoothl1",
    "optimizer": "AdamW",
    "overall_mae_val": 0.15960215586555954,
    "metrics": {
        "MSE": {
            "Temperature": 10.590288230454487,
            "Precipitation_accumulated": 10447.484383328185,
            "Humidity": 97.78974120586476,
            "Wind_Speed_kmh": 1.68665897938019,
            "Soil_Moisture": 440561.76662725525,
            "Soil_Temperature": 5.785752313881582,
            "Wind_Dir_Sin": 0.5927100927633127,
            "Wind_Dir_Cos": 0.38952000895693817
        },
        "RMSE": {
            "Temperature": 3.2542723042877784,
            "Precipitation_accumulated": 102.2129364773764,
            "Humidity": 9.888869561576023,
            "Wind_Speed_kmh": 1.2987143563463792,
            "Soil_Moisture": 663.7482705267527,
            "Soil_Temperature": 2.405359082108445,
            "Wind_Dir_Sin": 0.7698766737363282,
            "Wind_Dir_Cos": 0.6241153811251074
        },
        "MAE": {
            "Temperature": 2.652147170791919,
            "Precipitation_accumulated": 95.79620949237768,
            "Humidity": 8.517509073372993,
            "Wind_Speed_kmh": 1.014914947359178,
            "Soil_Moisture": 589.9997067090753,
            "Soil_Temperature": 1.9562680511030741,
            "Wind_Dir_Sin": 0.669724621343666,
            "Wind_Dir_Cos": 0.5192422323214425
        },
        "R2": {
            "Temperature": 0.6529254979325152,
            "Precipitation_accumulated": -3130.7344107845292,
            "Humidity": 0.33315593887042627,
            "Wind_Speed_kmh": -0.25249450276070196,
            "Soil_Moisture": -7.275360768485605,
            "Soil_Temperature": 0.640741689979329,
            "Wind_Dir_Sin": -0.07742065199768722,
            "Wind_Dir_Cos": -0.06093152418828551
        },
        "SMAPE": {
            "Temperature": 40.133618124833724,
            "Precipitation_accumulated": 23.37092807099684,
            "Humidity": 10.023611518408106,
            "Wind_Speed_kmh": 84.0431432773667,
            "Soil_Moisture": 7.170283738290265,
            "Soil_Temperature": 32.51557977956235,
            "Wind_Dir_Sin": 131.95569079678722,
            "Wind_Dir_Cos": 119.45264334078375
        }
    }
}