{
    "trial_number": 1,
    "input_chunk_length": 42,
    "output_chunk_length": 16,
    "d_model": 128,
    "nhead": 8,
    "num_encoder_layers": 2,
    "num_decoder_layers": 2,
    "activation": "Bilinear",
    "dropout": 0.326102150348498,
    "batch_size": 188,
    "lr": 8.491409422666161e-05,
    "loss_function": "huber",
    "optimizer": "SGD",
    "overall_mae_val": 0.35482219875052007,
    "metrics": {
        "MSE": {
            "Temperature": 118.74920903348826,
            "Precipitation_accumulated": 79765.87590133137,
            "Humidity": 417.7665490265168,
            "Wind_Speed_kmh": 16.91867025818997,
            "Soil_Moisture": 5456322.673553634,
            "Soil_Temperature": 135.95863715474079,
            "Wind_Dir_Sin": 0.613266648106266,
            "Wind_Dir_Cos": 0.5255062076849933
        },
        "RMSE": {
            "Temperature": 10.897211066758699,
            "Precipitation_accumulated": 282.4285323782485,
            "Humidity": 20.439338272716093,
            "Wind_Speed_kmh": 4.113231121416589,
            "Soil_Moisture": 2335.8772813556866,
            "Soil_Temperature": 11.660130237469081,
            "Wind_Dir_Sin": 0.7831134324644585,
            "Wind_Dir_Cos": 0.724918069636144
        },
        "MAE": {
            "Temperature": 9.420987903275428,
            "Precipitation_accumulated": 268.1935891931929,
            "Humidity": 16.86328344670471,
            "Wind_Speed_kmh": 3.59421034936128,
            "Soil_Moisture": 2232.2108890744184,
            "Soil_Temperature": 9.32659994592961,
            "Wind_Dir_Sin": 0.6869134548795888,
            "Wind_Dir_Cos": 0.619355433700657
        },
        "R2": {
            "Temperature": -2.900974048411626,
            "Precipitation_accumulated": -24313.56857732555,
            "Humidity": -1.8514373807785702,
            "Wind_Speed_kmh": -11.572264485621602,
            "Soil_Moisture": -105.94435754427118,
            "Soil_Temperature": -7.476485032604865,
            "Wind_Dir_Sin": -0.11383609480477963,
            "Wind_Dir_Cos": -0.4308939037789381
        },
        "SMAPE": {
            "Temperature": 143.64237748051687,
            "Precipitation_accumulated": 86.39267333734318,
            "Humidity": 20.7761676302645,
            "Wind_Speed_kmh": 186.24813614504333,
            "Soil_Moisture": 30.132133903246583,
            "Soil_Temperature": 83.02652025949607,
            "Wind_Dir_Sin": 146.2464436081944,
            "Wind_Dir_Cos": 156.13744953930268
        }
    }
}