{
    "trial_number": 47,
    "input_chunk_length": 47,
    "output_chunk_length": 42,
    "d_model": 128,
    "nhead": 2,
    "num_encoder_layers": 3,
    "num_decoder_layers": 4,
    "activation": "ReLU",
    "dropout": 0.14487275170407313,
    "batch_size": 33,
    "lr": 0.0016218898426413645,
    "forecast_horizon": 6,
    "overall_smape_val": 51.21075783222751,
    "metrics": {
        "MSE": {
            "Temperature": 1.5144056888596964,
            "Precipitation_accumulated": 175.80272652188765,
            "Humidity": 20.07602764271371,
            "Wind_Speed_kmh": 0.16256938251318295,
            "Soil_Moisture": 78194.51348789128,
            "Soil_Temperature": 1.5229614909054956,
            "Wind_Dir_Sin": 0.09065817455981658,
            "Wind_Dir_Cos": 0.08802123402862838
        },
        "RMSE": {
            "Temperature": 1.2306119164300728,
            "Precipitation_accumulated": 13.259062052871148,
            "Humidity": 4.480628041102465,
            "Wind_Speed_kmh": 0.40319893664689016,
            "Soil_Moisture": 279.6328190464976,
            "Soil_Temperature": 1.234083259308502,
            "Wind_Dir_Sin": 0.30109495937298014,
            "Wind_Dir_Cos": 0.2966837272730481
        },
        "MAE": {
            "Temperature": 0.910679791630481,
            "Precipitation_accumulated": 11.138278145390514,
            "Humidity": 3.574012179408291,
            "Wind_Speed_kmh": 0.21889021349551516,
            "Soil_Moisture": 156.8949176514626,
            "Soil_Temperature": 0.9340586636948847,
            "Wind_Dir_Sin": 0.17707905123245368,
            "Wind_Dir_Cos": 0.15305536465015565
        },
        "R2": {
            "Temperature": 0.5544070415423514,
            "Precipitation_accumulated": -184.1020956459264,
            "Humidity": 0.6913684324815094,
            "Wind_Speed_kmh": 0.5236196469978227,
            "Soil_Moisture": 0.8946050834867776,
            "Soil_Temperature": 0.7282758748858629,
            "Wind_Dir_Sin": 0.4370608331004928,
            "Wind_Dir_Cos": 0.6940926927027513
        },
        "SMAPE": {
            "Temperature": 15.887726194201685,
            "Precipitation_accumulated": 2.381686586082308,
            "Humidity": 4.384068209944209,
            "Wind_Speed_kmh": 162.43678690113217,
            "Soil_Moisture": 2.469541561542971,
            "Soil_Temperature": 26.48820790238802,
            "Wind_Dir_Sin": 151.35789510048082,
            "Wind_Dir_Cos": 44.28015020204782
        }
    }
}