{
    "trial_number": 78,
    "input_chunk_length": 24,
    "output_chunk_length": 1,
    "d_model": 128,
    "nhead": 4,
    "num_encoder_layers": 1,
    "num_decoder_layers": 1,
    "activation": "Bilinear",
    "dropout": 0.100918760379299,
    "batch_size": 166,
    "lr": 0.000580927070091329,
    "loss_function": "huber",
    "optimizer": "AdamW",
    "overall_mae_val": 0.12204294573849435,
    "metrics": {
        "MSE": {
            "Temperature": 4.90844417263067,
            "Precipitation_accumulated": 4932.5355523529015,
            "Humidity": 41.739196585930735,
            "Wind_Speed_kmh": 1.2580878852071973,
            "Soil_Moisture": 36480.68847864438,
            "Soil_Temperature": 23.206143100516854,
            "Wind_Dir_Sin": 0.4261243537365842,
            "Wind_Dir_Cos": 0.3408848595339583
        },
        "RMSE": {
            "Temperature": 2.215500885269665,
            "Precipitation_accumulated": 70.23201230459584,
            "Humidity": 6.460587944291969,
            "Wind_Speed_kmh": 1.1216451690294917,
            "Soil_Moisture": 190.9991844973281,
            "Soil_Temperature": 4.817275485221585,
            "Wind_Dir_Sin": 0.6527820108861642,
            "Wind_Dir_Cos": 0.5838534572424473
        },
        "MAE": {
            "Temperature": 1.7735736573846743,
            "Precipitation_accumulated": 60.410886877944776,
            "Humidity": 5.066187691754537,
            "Wind_Speed_kmh": 0.9406216373515361,
            "Soil_Moisture": 150.65637865376482,
            "Soil_Temperature": 4.248671398945235,
            "Wind_Dir_Sin": 0.5191978324499328,
            "Wind_Dir_Cos": 0.4719652846203158
        },
        "R2": {
            "Temperature": 0.8392396553114831,
            "Precipitation_accumulated": -1425.312857085243,
            "Humidity": 0.7152565738905531,
            "Wind_Speed_kmh": 0.06873879040799435,
            "Soil_Moisture": 0.372595323497116,
            "Soil_Temperature": -0.4344083664278242,
            "Wind_Dir_Sin": 0.22474745788064054,
            "Wind_Dir_Cos": 0.07413839131142708
        },
        "SMAPE": {
            "Temperature": 31.482866025500694,
            "Precipitation_accumulated": 14.218605747703398,
            "Humidity": 6.01498863988443,
            "Wind_Speed_kmh": 72.5497489587809,
            "Soil_Moisture": 1.7586146803483063,
            "Soil_Temperature": 107.8295311662749,
            "Wind_Dir_Sin": 103.3562336378604,
            "Wind_Dir_Cos": 112.45772586529537
        }
    }
}