{
    "trial_number": 71,
    "input_chunk_length": 24,
    "output_chunk_length": 8,
    "d_model": 128,
    "nhead": 4,
    "num_encoder_layers": 1,
    "num_decoder_layers": 1,
    "activation": "GELU",
    "dropout": 0.13845494568580638,
    "batch_size": 188,
    "lr": 0.0004361304852144069,
    "loss_function": "smoothl1",
    "optimizer": "AdamW",
    "overall_mae_val": 0.1372158242344943,
    "metrics": {
        "MSE": {
            "Temperature": 12.646132930595924,
            "Precipitation_accumulated": 2819.8118307900504,
            "Humidity": 91.95695419878008,
            "Wind_Speed_kmh": 1.4340422643109916,
            "Soil_Moisture": 73501.98738819681,
            "Soil_Temperature": 14.377265720901283,
            "Wind_Dir_Sin": 0.6044282751372317,
            "Wind_Dir_Cos": 0.3814195357450778
        },
        "RMSE": {
            "Temperature": 3.5561401730803475,
            "Precipitation_accumulated": 53.1019004442407,
            "Humidity": 9.58941886658311,
            "Wind_Speed_kmh": 1.1975150371961898,
            "Soil_Moisture": 271.1124995056421,
            "Soil_Temperature": 3.791736504677149,
            "Wind_Dir_Sin": 0.7774498537765839,
            "Wind_Dir_Cos": 0.6175917225360763
        },
        "MAE": {
            "Temperature": 2.8123343074348077,
            "Precipitation_accumulated": 46.536343995435224,
            "Humidity": 7.674922783625073,
            "Wind_Speed_kmh": 0.9315417342488949,
            "Soil_Moisture": 211.6065770873178,
            "Soil_Temperature": 3.1622021161296967,
            "Wind_Dir_Sin": 0.6763936592361746,
            "Wind_Dir_Cos": 0.5207723286513234
        },
        "R2": {
            "Temperature": 0.5847662339461177,
            "Precipitation_accumulated": -823.1544596573275,
            "Humidity": 0.3723503441462068,
            "Wind_Speed_kmh": -0.06326067425275106,
            "Soil_Moisture": -0.294349990225105,
            "Soil_Temperature": 0.1069285506376243,
            "Wind_Dir_Sin": -0.09765435465635641,
            "Wind_Dir_Cos": -0.04093099556605906
        },
        "SMAPE": {
            "Temperature": 42.63115702275145,
            "Precipitation_accumulated": 10.703514023268955,
            "Humidity": 9.07243110962834,
            "Wind_Speed_kmh": 77.70233395229714,
            "Soil_Moisture": 2.498092571288564,
            "Soil_Temperature": 73.47164134685764,
            "Wind_Dir_Sin": 135.58425878672057,
            "Wind_Dir_Cos": 125.6945794415318
        }
    }
}