{
    "trial_number": 5,
    "input_chunk_length": 23,
    "d_model": 128,
    "num_encoder_layers": 1,
    "num_decoder_layers": 3,
    "activation": "GLU",
    "dropout": 0.01904956827241625,
    "batch_size": 26,
    "lr": 0.0001978269625447899,
    "overall_smape_val": 47.3208351171511,
    "metrics": {
        "MSE": {
            "Temperature": 0.9073069412891718,
            "Precipitation_accumulated": 146.5743514577194,
            "Humidity": 5.790656630244751,
            "Wind_Speed_kmh": 0.09145967468586527,
            "Soil_Moisture": 31655.521989748766,
            "Soil_Temperature": 0.37433564355432447,
            "Wind_Dir_Sin": 0.05203975607073131,
            "Wind_Dir_Cos": 0.05250118887677644
        },
        "RMSE": {
            "Temperature": 0.9525266092289347,
            "Precipitation_accumulated": 12.106789477715362,
            "Humidity": 2.406378322343507,
            "Wind_Speed_kmh": 0.30242300621127566,
            "Soil_Moisture": 177.9199876060831,
            "Soil_Temperature": 0.6118297504652127,
            "Wind_Dir_Sin": 0.22812223931640535,
            "Wind_Dir_Cos": 0.2291313790749238
        },
        "MAE": {
            "Temperature": 0.662691067576725,
            "Precipitation_accumulated": 10.770326145164598,
            "Humidity": 1.848705670167577,
            "Wind_Speed_kmh": 0.14883631516472232,
            "Soil_Moisture": 109.22092919576278,
            "Soil_Temperature": 0.45191219784453357,
            "Wind_Dir_Sin": 0.14490313945773423,
            "Wind_Dir_Cos": 0.13880711948889618
        },
        "R2": {
            "Temperature": 0.7334858391318546,
            "Precipitation_accumulated": -153.42800813391986,
            "Humidity": 0.9109522201066368,
            "Wind_Speed_kmh": 0.7312444686841941,
            "Soil_Moisture": 0.9572205429405432,
            "Soil_Temperature": 0.9332997552319918,
            "Wind_Dir_Sin": 0.676004952978464,
            "Wind_Dir_Cos": 0.8171282642416979
        },
        "SMAPE": {
            "Temperature": 11.008816294166328,
            "Precipitation_accumulated": 2.3124932444609736,
            "Humidity": 2.245143510049743,
            "Wind_Speed_kmh": 163.9520290391054,
            "Soil_Moisture": 1.7700006300773594,
            "Soil_Temperature": 14.769041547197789,
            "Wind_Dir_Sin": 145.12368553700006,
            "Wind_Dir_Cos": 37.38547113515151
        }
    }
}