{
    "trial_number": 31,
    "input_chunk_length": 23,
    "output_chunk_length": 20,
    "d_model": 64,
    "nhead": 8,
    "num_encoder_layers": 4,
    "num_decoder_layers": 2,
    "activation": "GEGLU",
    "dropout": 0.17322044466501077,
    "batch_size": 20,
    "lr": 0.0010120496045346655,
    "forecast_horizon": 4,
    "overall_smape_val": 53.93502606242617,
    "metrics": {
        "MSE": {
            "Temperature": 1.410187463048165,
            "Precipitation_accumulated": 79.4079794704075,
            "Humidity": 52.74795428293718,
            "Wind_Speed_kmh": 0.27662090362717395,
            "Soil_Moisture": 166493.16121289553,
            "Soil_Temperature": 1.010001657681873,
            "Wind_Dir_Sin": 0.09615187345950695,
            "Wind_Dir_Cos": 0.09993208206475516
        },
        "RMSE": {
            "Temperature": 1.1875131422633456,
            "Precipitation_accumulated": 8.911115500901529,
            "Humidity": 7.262778688830961,
            "Wind_Speed_kmh": 0.525947624414422,
            "Soil_Moisture": 408.03573521555137,
            "Soil_Temperature": 1.0049883868393072,
            "Wind_Dir_Sin": 0.310083655582662,
            "Wind_Dir_Cos": 0.316120360092094
        },
        "MAE": {
            "Temperature": 0.8719689578804457,
            "Precipitation_accumulated": 5.749940128407028,
            "Humidity": 5.9334121264704685,
            "Wind_Speed_kmh": 0.4104825275940426,
            "Soil_Moisture": 328.9392000117536,
            "Soil_Temperature": 0.7627462599361988,
            "Wind_Dir_Sin": 0.1722702191571291,
            "Wind_Dir_Cos": 0.17151907067956404
        },
        "R2": {
            "Temperature": 0.5853955342441022,
            "Precipitation_accumulated": -82.63546422302045,
            "Humidity": 0.18891907676745434,
            "Wind_Speed_kmh": 0.18827889839530676,
            "Soil_Moisture": 0.7752937559009033,
            "Soil_Temperature": 0.8199166358246854,
            "Wind_Dir_Sin": 0.40215731031188484,
            "Wind_Dir_Cos": 0.6523077027899185
        },
        "SMAPE": {
            "Temperature": 15.141257926153937,
            "Precipitation_accumulated": 1.2427371028442185,
            "Humidity": 7.067363618148344,
            "Wind_Speed_kmh": 176.7845884449037,
            "Soil_Moisture": 5.306152277078925,
            "Soil_Temperature": 21.425059348936724,
            "Wind_Dir_Sin": 157.77965851116997,
            "Wind_Dir_Cos": 46.73339127017356
        }
    }
}