{
    "trial_number": 32,
    "input_chunk_length": 13,
    "output_chunk_length": 12,
    "d_model": 64,
    "nhead": 8,
    "num_encoder_layers": 4,
    "num_decoder_layers": 2,
    "activation": "GEGLU",
    "dropout": 0.1525982414213361,
    "batch_size": 21,
    "lr": 0.0005542587805408186,
    "forecast_horizon": 7,
    "overall_smape_val": 48.886351056959626,
    "metrics": {
        "MSE": {
            "Temperature": 1.0645761139846537,
            "Precipitation_accumulated": 61.21936844198991,
            "Humidity": 14.402688976368509,
            "Wind_Speed_kmh": 0.13966335163896845,
            "Soil_Moisture": 72358.73069609524,
            "Soil_Temperature": 0.8338217565965917,
            "Wind_Dir_Sin": 0.0727977156577262,
            "Wind_Dir_Cos": 0.08633607215949604
        },
        "RMSE": {
            "Temperature": 1.0317829781425227,
            "Precipitation_accumulated": 7.824280698057164,
            "Humidity": 3.7950874794092044,
            "Wind_Speed_kmh": 0.3737156026164394,
            "Soil_Moisture": 268.99578192993147,
            "Soil_Temperature": 0.9131384104266953,
            "Wind_Dir_Sin": 0.2698105180635592,
            "Wind_Dir_Cos": 0.29383000554656774
        },
        "MAE": {
            "Temperature": 0.7340797027850197,
            "Precipitation_accumulated": 5.664730735546468,
            "Humidity": 2.8280071936517985,
            "Wind_Speed_kmh": 0.15943320506750858,
            "Soil_Moisture": 139.7078670240797,
            "Soil_Temperature": 0.6193544300825917,
            "Wind_Dir_Sin": 0.1479828309396066,
            "Wind_Dir_Cos": 0.169358953652105
        },
        "R2": {
            "Temperature": 0.6866543867477074,
            "Precipitation_accumulated": -63.44729836920435,
            "Humidity": 0.7786211131438544,
            "Wind_Speed_kmh": 0.5910277373911812,
            "Soil_Moisture": 0.9025355605618751,
            "Soil_Temperature": 0.8511861343474879,
            "Wind_Dir_Sin": 0.5482640697032846,
            "Wind_Dir_Cos": 0.7001178195266053
        },
        "SMAPE": {
            "Temperature": 12.766884763977933,
            "Precipitation_accumulated": 1.2431372343213987,
            "Humidity": 3.383753386128482,
            "Wind_Speed_kmh": 158.19143338871416,
            "Soil_Moisture": 2.269126333574711,
            "Soil_Temperature": 17.087202325988027,
            "Wind_Dir_Sin": 152.26188674863403,
            "Wind_Dir_Cos": 43.887384274338444
        }
    }
}