{
    "trial_number": 32,
    "input_chunk_length": 30,
    "output_chunk_length": 7,
    "d_model": 128,
    "nhead": 4,
    "num_encoder_layers": 3,
    "num_decoder_layers": 1,
    "activation": "Bilinear",
    "dropout": 0.19030614657478057,
    "batch_size": 193,
    "lr": 0.00017850195995866415,
    "loss_function": "smoothl1",
    "optimizer": "AdamW",
    "overall_mae_val": 0.16508731681291466,
    "metrics": {
        "MSE": {
            "Temperature": 14.36822653474606,
            "Precipitation_accumulated": 16848.189766269003,
            "Humidity": 182.8485145025824,
            "Wind_Speed_kmh": 1.2232786494377905,
            "Soil_Moisture": 223805.4150118709,
            "Soil_Temperature": 15.85252811624826,
            "Wind_Dir_Sin": 0.6078183443695799,
            "Wind_Dir_Cos": 0.3690861509741238
        },
        "RMSE": {
            "Temperature": 3.790544358630573,
            "Precipitation_accumulated": 129.8005769103859,
            "Humidity": 13.52214903418027,
            "Wind_Speed_kmh": 1.106019280771267,
            "Soil_Moisture": 473.0807700719518,
            "Soil_Temperature": 3.9815233411658233,
            "Wind_Dir_Sin": 0.7796270546675378,
            "Wind_Dir_Cos": 0.6075246093567929
        },
        "MAE": {
            "Temperature": 2.986912146203312,
            "Precipitation_accumulated": 120.29116369608622,
            "Humidity": 10.747990102711213,
            "Wind_Speed_kmh": 0.9004913706547403,
            "Soil_Moisture": 370.82604208150724,
            "Soil_Temperature": 3.2425615431307597,
            "Wind_Dir_Sin": 0.6586129366706874,
            "Wind_Dir_Cos": 0.5170335827600462
        },
        "R2": {
            "Temperature": 0.5295513414901061,
            "Precipitation_accumulated": -4961.474434842458,
            "Humidity": -0.2457557746436827,
            "Wind_Speed_kmh": 0.09251015938527296,
            "Soil_Moisture": -3.030098507609356,
            "Soil_Temperature": 0.016441907030063985,
            "Wind_Dir_Sin": -0.10365929642971938,
            "Wind_Dir_Cos": -0.006471702127955226
        },
        "SMAPE": {
            "Temperature": 42.78477882812204,
            "Precipitation_accumulated": 30.52543533286555,
            "Humidity": 12.461962797165516,
            "Wind_Speed_kmh": 73.32209748288126,
            "Soil_Moisture": 4.472654619229032,
            "Soil_Temperature": 58.1565674422595,
            "Wind_Dir_Sin": 121.8829306493589,
            "Wind_Dir_Cos": 131.8922823063976
        }
    }
}