{
    "trial_number": 22,
    "input_chunk_length": 57,
    "d_model": 128,
    "num_encoder_layers": 1,
    "num_decoder_layers": 3,
    "activation": "GLU",
    "dropout": 0.07703325789526706,
    "batch_size": 24,
    "lr": 0.0012200442601871598,
    "overall_smape_val": 44.35035491565953,
    "metrics": {
        "MSE": {
            "Temperature": 0.6782106925047372,
            "Precipitation_accumulated": 22.97933082307261,
            "Humidity": 3.2141092114853858,
            "Wind_Speed_kmh": 0.07825613188667462,
            "Soil_Moisture": 16433.262347214622,
            "Soil_Temperature": 0.6069094022214688,
            "Wind_Dir_Sin": 0.04893174214776492,
            "Wind_Dir_Cos": 0.04031168088017913
        },
        "RMSE": {
            "Temperature": 0.8235354834521322,
            "Precipitation_accumulated": 4.793676128304102,
            "Humidity": 1.7927936890466192,
            "Wind_Speed_kmh": 0.2797429746868983,
            "Soil_Moisture": 128.19228661356587,
            "Soil_Temperature": 0.7790439026277459,
            "Wind_Dir_Sin": 0.22120520370860383,
            "Wind_Dir_Cos": 0.20077769019534797
        },
        "MAE": {
            "Temperature": 0.5564613292586581,
            "Precipitation_accumulated": 3.1476257885792256,
            "Humidity": 1.18808579925609,
            "Wind_Speed_kmh": 0.14845321256725408,
            "Soil_Moisture": 64.89777257900131,
            "Soil_Temperature": 0.5104870452569183,
            "Wind_Dir_Sin": 0.1055153061532537,
            "Wind_Dir_Cos": 0.09185393688303427
        },
        "R2": {
            "Temperature": 0.8007810307855946,
            "Precipitation_accumulated": -23.21059518234424,
            "Humidity": 0.9505739490539461,
            "Wind_Speed_kmh": 0.7700432635895501,
            "Soil_Moisture": 0.9777919934109089,
            "Soil_Temperature": 0.8918590671841732,
            "Wind_Dir_Sin": 0.6953551804419905,
            "Wind_Dir_Cos": 0.8595866643859181
        },
        "SMAPE": {
            "Temperature": 9.964110128273822,
            "Precipitation_accumulated": 0.6819795572198293,
            "Humidity": 1.4268954643992946,
            "Wind_Speed_kmh": 156.71779035050363,
            "Soil_Moisture": 1.054628974688921,
            "Soil_Temperature": 17.85891491118059,
            "Wind_Dir_Sin": 141.07243919833303,
            "Wind_Dir_Cos": 26.026080740676935
        }
    }
}