{
    "trial_number": 36,
    "input_chunk_length": 63,
    "d_model": 256,
    "num_encoder_layers": 1,
    "num_decoder_layers": 2,
    "activation": "GLU",
    "dropout": 0.18387124303057417,
    "batch_size": 18,
    "lr": 0.00035756397043218354,
    "overall_smape_val": 45.62732608421195,
    "metrics": {
        "MSE": {
            "Temperature": 0.5426732598505871,
            "Precipitation_accumulated": 307.4623539157748,
            "Humidity": 7.604722181163199,
            "Wind_Speed_kmh": 0.0798240912296056,
            "Soil_Moisture": 17639.4033215292,
            "Soil_Temperature": 0.7363773483511489,
            "Wind_Dir_Sin": 0.04767420784659731,
            "Wind_Dir_Cos": 0.03979572500062314
        },
        "RMSE": {
            "Temperature": 0.7366636001938653,
            "Precipitation_accumulated": 17.534604469898227,
            "Humidity": 2.757666074992257,
            "Wind_Speed_kmh": 0.2825315756328938,
            "Soil_Moisture": 132.81341544260204,
            "Soil_Temperature": 0.8581243198693,
            "Wind_Dir_Sin": 0.2183442416153843,
            "Wind_Dir_Cos": 0.19948865882707
        },
        "MAE": {
            "Temperature": 0.5100390041890999,
            "Precipitation_accumulated": 15.913428228218713,
            "Humidity": 2.225416164953307,
            "Wind_Speed_kmh": 0.15694001203515145,
            "Soil_Moisture": 63.57569580030612,
            "Soil_Temperature": 0.6910000072223035,
            "Wind_Dir_Sin": 0.10563607507218926,
            "Wind_Dir_Cos": 0.07909971610882113
        },
        "R2": {
            "Temperature": 0.8405940681230117,
            "Precipitation_accumulated": -322.93661250533086,
            "Humidity": 0.8830558138430364,
            "Wind_Speed_kmh": 0.7654357931635032,
            "Soil_Moisture": 0.976162007462958,
            "Soil_Temperature": 0.8687900812482727,
            "Wind_Dir_Sin": 0.7031844808807592,
            "Wind_Dir_Cos": 0.8613838379221319
        },
        "SMAPE": {
            "Temperature": 8.91724314506961,
            "Precipitation_accumulated": 3.3920221633152035,
            "Humidity": 2.6925982779719857,
            "Wind_Speed_kmh": 164.52520413575212,
            "Soil_Moisture": 0.9977836290993145,
            "Soil_Temperature": 17.595682626367324,
            "Wind_Dir_Sin": 143.92774344456578,
            "Wind_Dir_Cos": 22.970331251554335
        }
    }
}