{
    "trial_number": 22,
    "input_chunk_length": 37,
    "output_chunk_length": 14,
    "d_model": 128,
    "nhead": 4,
    "num_encoder_layers": 2,
    "num_decoder_layers": 1,
    "activation": "GELU",
    "dropout": 0.16055239268600463,
    "batch_size": 237,
    "lr": 0.003964717722564197,
    "loss_function": "smoothl1",
    "optimizer": "AdamW",
    "overall_mae_val": 0.14993997472450007,
    "metrics": {
        "MSE": {
            "Temperature": 12.728093431941188,
            "Precipitation_accumulated": 4050.5309309672025,
            "Humidity": 99.3666873251858,
            "Wind_Speed_kmh": 1.3660805277500476,
            "Soil_Moisture": 412036.3575215853,
            "Soil_Temperature": 10.531736509117255,
            "Wind_Dir_Sin": 0.5945909584020498,
            "Wind_Dir_Cos": 0.35700923961363557
        },
        "RMSE": {
            "Temperature": 3.5676453624121875,
            "Precipitation_accumulated": 63.643781557723315,
            "Humidity": 9.968284071252473,
            "Wind_Speed_kmh": 1.1687944762660576,
            "Soil_Moisture": 641.9005822723526,
            "Soil_Temperature": 3.245263704095132,
            "Wind_Dir_Sin": 0.7710972431555243,
            "Wind_Dir_Cos": 0.5975025017634952
        },
        "MAE": {
            "Temperature": 2.9235063773248067,
            "Precipitation_accumulated": 50.392035325213996,
            "Humidity": 8.155782815948712,
            "Wind_Speed_kmh": 0.9212530413599045,
            "Soil_Moisture": 600.3798587309607,
            "Soil_Temperature": 2.708474997388526,
            "Wind_Dir_Sin": 0.6940314077112774,
            "Wind_Dir_Cos": 0.5215736644535315
        },
        "R2": {
            "Temperature": 0.582291475098305,
            "Precipitation_accumulated": -1219.205184314794,
            "Humidity": 0.32222277518755793,
            "Wind_Speed_kmh": -0.015315493796053792,
            "Soil_Moisture": -6.826771392828502,
            "Soil_Temperature": 0.34513422486820544,
            "Wind_Dir_Sin": -0.07958481830583408,
            "Wind_Dir_Cos": 0.026851166660013193
        },
        "SMAPE": {
            "Temperature": 42.62802430606312,
            "Precipitation_accumulated": 11.822586877912206,
            "Humidity": 9.623105230258572,
            "Wind_Speed_kmh": 75.62712105411414,
            "Soil_Moisture": 7.266039029334447,
            "Soil_Temperature": 43.6431307143306,
            "Wind_Dir_Sin": 154.8969088103954,
            "Wind_Dir_Cos": 141.96422677961874
        }
    }
}