{
    "trial_number": 73,
    "input_chunk_length": 24,
    "output_chunk_length": 6,
    "d_model": 128,
    "nhead": 4,
    "num_encoder_layers": 1,
    "num_decoder_layers": 1,
    "activation": "GELU",
    "dropout": 0.13722919508652123,
    "batch_size": 177,
    "lr": 0.0004079205143607389,
    "loss_function": "smoothl1",
    "optimizer": "AdamW",
    "overall_mae_val": 0.13446842393669928,
    "metrics": {
        "MSE": {
            "Temperature": 7.496979852689602,
            "Precipitation_accumulated": 1931.7429807269364,
            "Humidity": 86.34406082064557,
            "Wind_Speed_kmh": 1.6020646971554215,
            "Soil_Moisture": 103278.15012472296,
            "Soil_Temperature": 6.614950000975374,
            "Wind_Dir_Sin": 0.6261145840917095,
            "Wind_Dir_Cos": 0.44121705922227134
        },
        "RMSE": {
            "Temperature": 2.7380613310679514,
            "Precipitation_accumulated": 43.95159815896273,
            "Humidity": 9.292150494941716,
            "Wind_Speed_kmh": 1.2657269441532093,
            "Soil_Moisture": 321.369180421401,
            "Soil_Temperature": 2.5719545098961945,
            "Wind_Dir_Sin": 0.7912740259175133,
            "Wind_Dir_Cos": 0.6642417174660677
        },
        "MAE": {
            "Temperature": 2.2043598302226854,
            "Precipitation_accumulated": 36.742556867101456,
            "Humidity": 7.242678428028451,
            "Wind_Speed_kmh": 1.0666841290859228,
            "Soil_Moisture": 264.5573940261211,
            "Soil_Temperature": 2.0554514774482957,
            "Wind_Dir_Sin": 0.6757154577903141,
            "Wind_Dir_Cos": 0.547412693641508
        },
        "R2": {
            "Temperature": 0.7537704057765303,
            "Precipitation_accumulated": -561.85449806178,
            "Humidity": 0.4107502401974632,
            "Wind_Speed_kmh": -0.18699857583440593,
            "Soil_Moisture": -0.8050773091694214,
            "Soil_Temperature": 0.5896278580081694,
            "Wind_Dir_Sin": -0.13733120173530788,
            "Wind_Dir_Cos": -0.20330087836779454
        },
        "SMAPE": {
            "Temperature": 34.93136212489969,
            "Precipitation_accumulated": 8.369293354978005,
            "Humidity": 8.633575987293108,
            "Wind_Speed_kmh": 76.79306495912522,
            "Soil_Moisture": 3.099015709957063,
            "Soil_Temperature": 40.98787591199647,
            "Wind_Dir_Sin": 133.5244459630593,
            "Wind_Dir_Cos": 121.94549991038947
        }
    }
}