{
    "trial_number": 18,
    "input_chunk_length": 31,
    "output_chunk_length": 14,
    "d_model": 128,
    "nhead": 4,
    "num_encoder_layers": 2,
    "num_decoder_layers": 3,
    "activation": "GELU",
    "dropout": 0.16318576605167318,
    "batch_size": 223,
    "lr": 0.0009962839206781912,
    "loss_function": "smoothl1",
    "optimizer": "AdamW",
    "overall_mae_val": 0.15021092740951686,
    "metrics": {
        "MSE": {
            "Temperature": 12.249973511779753,
            "Precipitation_accumulated": 9934.19105635556,
            "Humidity": 94.99956759255421,
            "Wind_Speed_kmh": 1.6365035366175045,
            "Soil_Moisture": 141423.7153433127,
            "Soil_Temperature": 8.367585047287811,
            "Wind_Dir_Sin": 0.5914484243762761,
            "Wind_Dir_Cos": 0.45268182144209373
        },
        "RMSE": {
            "Temperature": 3.499996215966491,
            "Precipitation_accumulated": 99.67041214099378,
            "Humidity": 9.74677216274979,
            "Wind_Speed_kmh": 1.2792589794945761,
            "Soil_Moisture": 376.06344590150303,
            "Soil_Temperature": 2.892677833303911,
            "Wind_Dir_Sin": 0.769056840796749,
            "Wind_Dir_Cos": 0.672816335593967
        },
        "MAE": {
            "Temperature": 2.770704124271361,
            "Precipitation_accumulated": 82.06188500547223,
            "Humidity": 7.964753693757671,
            "Wind_Speed_kmh": 0.9825576423969035,
            "Soil_Moisture": 295.38382190128374,
            "Soil_Temperature": 2.365503920541925,
            "Wind_Dir_Sin": 0.6843000040993052,
            "Wind_Dir_Cos": 0.5434613524908206
        },
        "R2": {
            "Temperature": 0.5988559014983197,
            "Precipitation_accumulated": -2962.3797253586013,
            "Humidity": 0.352348584885665,
            "Wind_Speed_kmh": -0.2147443298178242,
            "Soil_Moisture": -1.628572744956267,
            "Soil_Temperature": 0.48101557895627967,
            "Wind_Dir_Sin": -0.07230864467564047,
            "Wind_Dir_Cos": -0.23511092359203944
        },
        "SMAPE": {
            "Temperature": 44.11063486291298,
            "Precipitation_accumulated": 20.316863741166006,
            "Humidity": 9.453016529945932,
            "Wind_Speed_kmh": 82.12645774993725,
            "Soil_Moisture": 3.519043473121404,
            "Soil_Temperature": 36.12849713001666,
            "Wind_Dir_Sin": 146.97848366913342,
            "Wind_Dir_Cos": 111.70801488968061
        }
    }
}