{
    "trial_number": 15,
    "input_chunk_length": 14,
    "output_chunk_length": 12,
    "d_model": 64,
    "nhead": 8,
    "num_encoder_layers": 4,
    "num_decoder_layers": 2,
    "activation": "GEGLU",
    "dropout": 0.16067526610375785,
    "batch_size": 26,
    "lr": 0.0005358075513383035,
    "forecast_horizon": 6,
    "overall_smape_val": 50.32500938948023,
    "metrics": {
        "MSE": {
            "Temperature": 1.2576689683652493,
            "Precipitation_accumulated": 23.028387694746353,
            "Humidity": 19.92771632118133,
            "Wind_Speed_kmh": 0.16499620674718174,
            "Soil_Moisture": 93869.9772849177,
            "Soil_Temperature": 1.6127348167659714,
            "Wind_Dir_Sin": 0.07116642161479837,
            "Wind_Dir_Cos": 0.08302038888851777
        },
        "RMSE": {
            "Temperature": 1.1214584113400057,
            "Precipitation_accumulated": 4.798790232417578,
            "Humidity": 4.46404707873711,
            "Wind_Speed_kmh": 0.40619725103351173,
            "Soil_Moisture": 306.38207729062367,
            "Soil_Temperature": 1.2699349655655487,
            "Wind_Dir_Sin": 0.2667703537029525,
            "Wind_Dir_Cos": 0.2881325890775248
        },
        "MAE": {
            "Temperature": 0.8077320067122956,
            "Precipitation_accumulated": 3.676492899889294,
            "Humidity": 3.5420596148996473,
            "Wind_Speed_kmh": 0.20975205809590639,
            "Soil_Moisture": 202.60013192809038,
            "Soil_Temperature": 1.1220100055226114,
            "Wind_Dir_Sin": 0.12566041592799929,
            "Wind_Dir_Cos": 0.14403589241124864
        },
        "R2": {
            "Temperature": 0.6299482757515117,
            "Precipitation_accumulated": -23.246511450513335,
            "Humidity": 0.6936484430722445,
            "Wind_Speed_kmh": 0.5165082748107945,
            "Soil_Moisture": 0.8734768210998074,
            "Soil_Temperature": 0.7122586751249413,
            "Wind_Dir_Sin": 0.5580942778787102,
            "Wind_Dir_Cos": 0.7114725339183859
        },
        "SMAPE": {
            "Temperature": 14.317603372362848,
            "Precipitation_accumulated": 0.8027248490153234,
            "Humidity": 4.256566633507632,
            "Wind_Speed_kmh": 164.18122719009637,
            "Soil_Moisture": 3.39386389500992,
            "Soil_Temperature": 28.10007803729605,
            "Wind_Dir_Sin": 151.6567396863889,
            "Wind_Dir_Cos": 35.89127145216425
        }
    }
}