{
    "trial_number": 36,
    "input_chunk_length": 28,
    "output_chunk_length": 25,
    "d_model": 64,
    "nhead": 8,
    "num_encoder_layers": 4,
    "num_decoder_layers": 2,
    "activation": "Bilinear",
    "dropout": 0.10637601701053931,
    "batch_size": 49,
    "lr": 0.0002141307258617988,
    "forecast_horizon": 14,
    "overall_smape_val": 54.43634081780229,
    "metrics": {
        "MSE": {
            "Temperature": 2.0357152712512363,
            "Precipitation_accumulated": 58.833907819698965,
            "Humidity": 18.655078029584995,
            "Wind_Speed_kmh": 0.19130049907569777,
            "Soil_Moisture": 84414.66133042067,
            "Soil_Temperature": 1.9475476925659534,
            "Wind_Dir_Sin": 0.09553179492097852,
            "Wind_Dir_Cos": 0.11247685668154471
        },
        "RMSE": {
            "Temperature": 1.4267849421868863,
            "Precipitation_accumulated": 7.670326448052845,
            "Humidity": 4.319152466582419,
            "Wind_Speed_kmh": 0.437379125102808,
            "Soil_Moisture": 290.5420130212164,
            "Soil_Temperature": 1.3955456612257275,
            "Wind_Dir_Sin": 0.3090821815002905,
            "Wind_Dir_Cos": 0.33537569482826973
        },
        "MAE": {
            "Temperature": 1.0104353711093987,
            "Precipitation_accumulated": 5.546044409964701,
            "Humidity": 3.457814667729964,
            "Wind_Speed_kmh": 0.26699761150064377,
            "Soil_Moisture": 182.69938059396497,
            "Soil_Temperature": 1.0999623970562193,
            "Wind_Dir_Sin": 0.18145606509558307,
            "Wind_Dir_Cos": 0.1923532179565889
        },
        "R2": {
            "Temperature": 0.3998647475732918,
            "Precipitation_accumulated": -60.86754937252972,
            "Humidity": 0.7135850550374813,
            "Wind_Speed_kmh": 0.4425630354749719,
            "Soil_Moisture": 0.8868280475976031,
            "Soil_Temperature": 0.6517406157083844,
            "Wind_Dir_Sin": 0.4099397071390747,
            "Wind_Dir_Cos": 0.6108559168248857
        },
        "SMAPE": {
            "Temperature": 17.79350444702117,
            "Precipitation_accumulated": 1.2012423210776886,
            "Humidity": 4.180151659573905,
            "Wind_Speed_kmh": 174.48703662544528,
            "Soil_Moisture": 2.931266737133687,
            "Soil_Temperature": 30.76628463144421,
            "Wind_Dir_Sin": 157.23650163189882,
            "Wind_Dir_Cos": 46.89473848882347
        }
    }
}