{
    "trial_number": 90,
    "input_chunk_length": 27,
    "output_chunk_length": 3,
    "d_model": 128,
    "nhead": 2,
    "num_encoder_layers": 1,
    "num_decoder_layers": 1,
    "activation": "Bilinear",
    "dropout": 0.12746206490265272,
    "batch_size": 136,
    "lr": 0.0026536697121054705,
    "loss_function": "huber",
    "optimizer": "Adam",
    "overall_mae_val": 0.11596847552058936,
    "metrics": {
        "MSE": {
            "Temperature": 5.230532627112297,
            "Precipitation_accumulated": 1729.8346822863166,
            "Humidity": 53.44722767992737,
            "Wind_Speed_kmh": 1.0362954312702857,
            "Soil_Moisture": 18635.759896521973,
            "Soil_Temperature": 5.742189622900004,
            "Wind_Dir_Sin": 0.5171179147395968,
            "Wind_Dir_Cos": 0.37383851525857087
        },
        "RMSE": {
            "Temperature": 2.28703577302855,
            "Precipitation_accumulated": 41.59128132537295,
            "Humidity": 7.310761087597335,
            "Wind_Speed_kmh": 1.0179859681107033,
            "Soil_Moisture": 136.51285615839254,
            "Soil_Temperature": 2.3962866320413347,
            "Wind_Dir_Sin": 0.7191091118457593,
            "Wind_Dir_Cos": 0.6114233519081282
        },
        "MAE": {
            "Temperature": 1.8298287779186135,
            "Precipitation_accumulated": 37.22936496185145,
            "Humidity": 5.755344987845749,
            "Wind_Speed_kmh": 0.7854486478394838,
            "Soil_Moisture": 107.54097031223881,
            "Soil_Temperature": 2.0074894036144877,
            "Wind_Dir_Sin": 0.6192820934617308,
            "Wind_Dir_Cos": 0.5064185611684133
        },
        "R2": {
            "Temperature": 0.828209232030358,
            "Precipitation_accumulated": -503.024211058207,
            "Humidity": 0.635252665056746,
            "Wind_Speed_kmh": 0.23219005871259368,
            "Soil_Moisture": 0.6742874723480479,
            "Soil_Temperature": 0.6437713580714471,
            "Wind_Dir_Sin": 0.06066021403600519,
            "Wind_Dir_Cos": -0.01954401892637403
        },
        "SMAPE": {
            "Temperature": 31.93643063524774,
            "Precipitation_accumulated": 8.425183056708764,
            "Humidity": 6.75565212999811,
            "Wind_Speed_kmh": 69.85475622445983,
            "Soil_Moisture": 1.2617909723665064,
            "Soil_Temperature": 49.056466290153466,
            "Wind_Dir_Sin": 127.39541146390944,
            "Wind_Dir_Cos": 121.63376690618986
        }
    }
}