{
    "trial_number": 23,
    "input_chunk_length": 28,
    "output_chunk_length": 10,
    "d_model": 128,
    "nhead": 4,
    "num_encoder_layers": 3,
    "num_decoder_layers": 1,
    "activation": "GELU",
    "dropout": 0.21136039343231927,
    "batch_size": 255,
    "lr": 0.0012012203265281238,
    "loss_function": "smoothl1",
    "optimizer": "AdamW",
    "overall_mae_val": 0.15427156980458878,
    "metrics": {
        "MSE": {
            "Temperature": 14.776784157926306,
            "Precipitation_accumulated": 16950.79934158035,
            "Humidity": 92.94613531638116,
            "Wind_Speed_kmh": 1.3213815565200828,
            "Soil_Moisture": 110049.44496461797,
            "Soil_Temperature": 6.929009636554171,
            "Wind_Dir_Sin": 0.6066917883988118,
            "Wind_Dir_Cos": 0.4028751463823098
        },
        "RMSE": {
            "Temperature": 3.8440582927326044,
            "Precipitation_accumulated": 130.1952354795687,
            "Humidity": 9.640857602743708,
            "Wind_Speed_kmh": 1.1495136173704437,
            "Soil_Moisture": 331.737011749696,
            "Soil_Temperature": 2.6323012055147053,
            "Wind_Dir_Sin": 0.7789042228662082,
            "Wind_Dir_Cos": 0.634724464931288
        },
        "MAE": {
            "Temperature": 3.165603841716746,
            "Precipitation_accumulated": 109.50663463795453,
            "Humidity": 7.993957153605633,
            "Wind_Speed_kmh": 0.929443642897478,
            "Soil_Moisture": 269.5022802230742,
            "Soil_Temperature": 2.1323364111019854,
            "Wind_Dir_Sin": 0.6675954270855358,
            "Wind_Dir_Cos": 0.5196194917246638
        },
        "R2": {
            "Temperature": 0.5163418734157759,
            "Precipitation_accumulated": -4999.4959921781065,
            "Humidity": 0.36670490198659234,
            "Wind_Speed_kmh": 0.020329960296021632,
            "Soil_Moisture": -0.9907863408349913,
            "Soil_Temperature": 0.5702413647816036,
            "Wind_Dir_Sin": -0.10158892266206565,
            "Wind_Dir_Cos": -0.0986353812413836
        },
        "SMAPE": {
            "Temperature": 44.92319556337842,
            "Precipitation_accumulated": 28.33631021708732,
            "Humidity": 9.45753159515976,
            "Wind_Speed_kmh": 75.13184059840403,
            "Soil_Moisture": 3.1350959201007655,
            "Soil_Temperature": 35.785063102945195,
            "Wind_Dir_Sin": 130.2545121775016,
            "Wind_Dir_Cos": 114.01245175205057
        }
    }
}