{
    "trial_number": 0,
    "input_chunk_length": 40,
    "output_chunk_length": 22,
    "d_model": 256,
    "nhead": 4,
    "num_encoder_layers": 2,
    "num_decoder_layers": 2,
    "activation": "ReGLU",
    "dropout": 0.3445176621008879,
    "batch_size": 136,
    "lr": 3.200692693553335e-06,
    "loss_function": "huber",
    "optimizer": "SGD",
    "overall_mae_val": 0.8126001880062268,
    "metrics": {
        "MSE": {
            "Temperature": 186.4278428371693,
            "Precipitation_accumulated": 67764.15371420077,
            "Humidity": 13871.977945212393,
            "Wind_Speed_kmh": 40.3502986407789,
            "Soil_Moisture": 8448591.443285652,
            "Soil_Temperature": 5308.647714955369,
            "Wind_Dir_Sin": 2.8518307543078,
            "Wind_Dir_Cos": 3.3620185447060393
        },
        "RMSE": {
            "Temperature": 13.653858166729625,
            "Precipitation_accumulated": 260.315488809638,
            "Humidity": 117.77936128716436,
            "Wind_Speed_kmh": 6.352188492226825,
            "Soil_Moisture": 2906.646081532055,
            "Soil_Temperature": 72.86046743574576,
            "Wind_Dir_Sin": 1.68873643719433,
            "Wind_Dir_Cos": 1.8335807985213084
        },
        "MAE": {
            "Temperature": 11.698816124281127,
            "Precipitation_accumulated": 229.40245801859365,
            "Humidity": 116.00289009104853,
            "Wind_Speed_kmh": 5.7717512298070694,
            "Soil_Moisture": 2763.713531458731,
            "Soil_Temperature": 68.5651423423529,
            "Wind_Dir_Sin": 1.4761837142795446,
            "Wind_Dir_Cos": 1.6578921440066843
        },
        "R2": {
            "Temperature": -5.109209683873449,
            "Precipitation_accumulated": -20798.6432773328,
            "Humidity": -93.46373713340257,
            "Wind_Speed_kmh": -28.927675666221713,
            "Soil_Moisture": -168.1847328694665,
            "Soil_Temperature": -329.68675192890953,
            "Wind_Dir_Sin": -4.190511259641111,
            "Wind_Dir_Cos": -8.141803606505215
        },
        "SMAPE": {
            "Temperature": 141.77140623084642,
            "Precipitation_accumulated": 73.87580786355782,
            "Humidity": 199.4795560649398,
            "Wind_Speed_kmh": 199.70072731044297,
            "Soil_Moisture": 39.18818705591241,
            "Soil_Temperature": 159.8699240508309,
            "Wind_Dir_Sin": 150.79452288704505,
            "Wind_Dir_Cos": 164.45456115481008
        }
    }
}