{
    "trial_number": 41,
    "input_chunk_length": 63,
    "d_model": 256,
    "num_encoder_layers": 1,
    "num_decoder_layers": 2,
    "activation": "GLU",
    "dropout": 0.1842684499381242,
    "batch_size": 18,
    "lr": 0.0003910036284950811,
    "overall_smape_val": 45.9844708875693,
    "metrics": {
        "MSE": {
            "Temperature": 1.1835020515419679,
            "Precipitation_accumulated": 116.69677436700843,
            "Humidity": 7.439427904255815,
            "Wind_Speed_kmh": 0.06839540168675151,
            "Soil_Moisture": 17572.75693087082,
            "Soil_Temperature": 0.6311903569336536,
            "Wind_Dir_Sin": 0.044046096855118136,
            "Wind_Dir_Cos": 0.042262723612613594
        },
        "RMSE": {
            "Temperature": 1.0878888047691124,
            "Precipitation_accumulated": 10.802628123147091,
            "Humidity": 2.7275314671431046,
            "Wind_Speed_kmh": 0.2615251454196164,
            "Soil_Moisture": 132.56227567023288,
            "Soil_Temperature": 0.7944748938346973,
            "Wind_Dir_Sin": 0.20987161993732772,
            "Wind_Dir_Cos": 0.20557899603951177
        },
        "MAE": {
            "Temperature": 0.9189035959101548,
            "Precipitation_accumulated": 8.44965845045962,
            "Humidity": 2.025974472485871,
            "Wind_Speed_kmh": 0.11904820372064968,
            "Soil_Moisture": 67.10417969157983,
            "Soil_Temperature": 0.5398917625170991,
            "Wind_Dir_Sin": 0.10196226981801058,
            "Wind_Dir_Cos": 0.0932245502811118
        },
        "R2": {
            "Temperature": 0.6523557334365115,
            "Precipitation_accumulated": -121.9495490986291,
            "Humidity": 0.885597682464775,
            "Wind_Speed_kmh": 0.7990191569889579,
            "Soil_Moisture": 0.9762520737840334,
            "Soil_Temperature": 0.8875326140387393,
            "Wind_Dir_Sin": 0.7257727879759337,
            "Wind_Dir_Cos": 0.8527908074033967
        },
        "SMAPE": {
            "Temperature": 14.979029858863033,
            "Precipitation_accumulated": 1.8113432852706215,
            "Humidity": 2.36672972585929,
            "Wind_Speed_kmh": 158.95514360116348,
            "Soil_Moisture": 1.0584907601276021,
            "Soil_Temperature": 15.896398531662783,
            "Wind_Dir_Sin": 142.2506248760015,
            "Wind_Dir_Cos": 30.558006461605938
        }
    }
}