{
    "trial_number": 33,
    "input_chunk_length": 13,
    "output_chunk_length": 12,
    "d_model": 64,
    "nhead": 8,
    "num_encoder_layers": 4,
    "num_decoder_layers": 2,
    "activation": "GEGLU",
    "dropout": 0.13557395430416755,
    "batch_size": 23,
    "lr": 0.00019552513928329065,
    "forecast_horizon": 7,
    "overall_smape_val": 52.08643752398402,
    "metrics": {
        "MSE": {
            "Temperature": 1.4269932083316839,
            "Precipitation_accumulated": 48.657213101677144,
            "Humidity": 19.50584281202353,
            "Wind_Speed_kmh": 0.16155979712508006,
            "Soil_Moisture": 86098.33680284431,
            "Soil_Temperature": 1.9525170872160362,
            "Wind_Dir_Sin": 0.08085496062043823,
            "Wind_Dir_Cos": 0.09197303396605148
        },
        "RMSE": {
            "Temperature": 1.1945682099954291,
            "Precipitation_accumulated": 6.975472249366142,
            "Humidity": 4.416541951801605,
            "Wind_Speed_kmh": 0.4019450175398124,
            "Soil_Moisture": 293.425180928366,
            "Soil_Temperature": 1.3973249755214554,
            "Wind_Dir_Sin": 0.28435006703083127,
            "Wind_Dir_Cos": 0.3032705623136731
        },
        "MAE": {
            "Temperature": 0.9348021827978419,
            "Precipitation_accumulated": 4.516806742028813,
            "Humidity": 3.6357128514813515,
            "Wind_Speed_kmh": 0.2285594803826886,
            "Soil_Moisture": 180.69294987448674,
            "Soil_Temperature": 0.8925109736612316,
            "Wind_Dir_Sin": 0.1765881960816968,
            "Wind_Dir_Cos": 0.1466600921484381
        },
        "R2": {
            "Temperature": 0.579981124789736,
            "Precipitation_accumulated": -50.222774922109565,
            "Humidity": 0.7001822523556638,
            "Wind_Speed_kmh": 0.5269089922196161,
            "Soil_Moisture": 0.8840288372623853,
            "Soil_Temperature": 0.6515303022468661,
            "Wind_Dir_Sin": 0.49826597545026885,
            "Wind_Dir_Cos": 0.6805382352866342
        },
        "SMAPE": {
            "Temperature": 15.639817065283188,
            "Precipitation_accumulated": 0.9870177908561254,
            "Humidity": 4.358639292702681,
            "Wind_Speed_kmh": 173.05263744101663,
            "Soil_Moisture": 2.8756123087230296,
            "Soil_Temperature": 26.194284169068418,
            "Wind_Dir_Sin": 152.82668612808297,
            "Wind_Dir_Cos": 40.75680599613922
        }
    }
}