{
    "trial_number": 8,
    "input_chunk_length": 71,
    "output_chunk_length": 53,
    "d_model": 256,
    "nhead": 2,
    "num_encoder_layers": 3,
    "num_decoder_layers": 1,
    "activation": "GLU",
    "dropout": 0.2915848441108124,
    "batch_size": 19,
    "lr": 0.0025857100134202907,
    "forecast_horizon": 9,
    "overall_smape_val": 53.91198803007086,
    "metrics": {
        "MSE": {
            "Temperature": 1.9573638048982414,
            "Precipitation_accumulated": 103.67539407140659,
            "Humidity": 28.56070539938014,
            "Wind_Speed_kmh": 0.1752546234543491,
            "Soil_Moisture": 83495.80187335804,
            "Soil_Temperature": 2.053007352744004,
            "Wind_Dir_Sin": 0.10426193811203023,
            "Wind_Dir_Cos": 0.10357736484789963
        },
        "RMSE": {
            "Temperature": 1.3990581849580959,
            "Precipitation_accumulated": 10.18211147412002,
            "Humidity": 5.344221683218254,
            "Wind_Speed_kmh": 0.41863423588420134,
            "Soil_Moisture": 288.9564013365304,
            "Soil_Temperature": 1.432831934577117,
            "Wind_Dir_Sin": 0.3228961723403209,
            "Wind_Dir_Cos": 0.32183437486990046
        },
        "MAE": {
            "Temperature": 0.9597879717806136,
            "Precipitation_accumulated": 9.461964087094188,
            "Humidity": 4.113508052843813,
            "Wind_Speed_kmh": 0.18988881807604446,
            "Soil_Moisture": 153.493086667384,
            "Soil_Temperature": 1.0599402390974502,
            "Wind_Dir_Sin": 0.19905429087802992,
            "Wind_Dir_Cos": 0.1974769735916872
        },
        "R2": {
            "Temperature": 0.42349312440509146,
            "Precipitation_accumulated": -108.10703106486247,
            "Humidity": 0.5611464746235174,
            "Wind_Speed_kmh": 0.4875247862494442,
            "Soil_Moisture": 0.8876844400188806,
            "Soil_Temperature": 0.6333746122999907,
            "Wind_Dir_Sin": 0.3538744692884608,
            "Wind_Dir_Cos": 0.6406357535669376
        },
        "SMAPE": {
            "Temperature": 18.828868027380615,
            "Precipitation_accumulated": 2.0434293947282436,
            "Humidity": 4.9706946070807625,
            "Wind_Speed_kmh": 167.39152336852422,
            "Soil_Moisture": 2.445408637326644,
            "Soil_Temperature": 29.050801998301164,
            "Wind_Dir_Sin": 156.52189976545614,
            "Wind_Dir_Cos": 50.04327844176899
        }
    }
}