{
    "trial_number": 80,
    "input_chunk_length": 24,
    "output_chunk_length": 1,
    "d_model": 128,
    "nhead": 4,
    "num_encoder_layers": 1,
    "num_decoder_layers": 1,
    "activation": "Bilinear",
    "dropout": 0.1010502138010362,
    "batch_size": 154,
    "lr": 0.0006465024485553153,
    "loss_function": "huber",
    "optimizer": "AdamW",
    "overall_mae_val": 0.13576999808561532,
    "metrics": {
        "MSE": {
            "Temperature": 4.7976799169793996,
            "Precipitation_accumulated": 9101.418183998916,
            "Humidity": 48.25002455462058,
            "Wind_Speed_kmh": 1.2332283719016695,
            "Soil_Moisture": 251398.06667505341,
            "Soil_Temperature": 11.791574010932791,
            "Wind_Dir_Sin": 0.4316178671290808,
            "Wind_Dir_Cos": 0.3611371114480101
        },
        "RMSE": {
            "Temperature": 2.190360681937886,
            "Precipitation_accumulated": 95.40135315601617,
            "Humidity": 6.9462237622049425,
            "Wind_Speed_kmh": 1.1105081593134152,
            "Soil_Moisture": 501.3961175308933,
            "Soil_Temperature": 3.4338861383180412,
            "Wind_Dir_Sin": 0.656976306368107,
            "Wind_Dir_Cos": 0.6009468457759056
        },
        "MAE": {
            "Temperature": 1.8038357482535194,
            "Precipitation_accumulated": 82.78181377728853,
            "Humidity": 5.349112644057461,
            "Wind_Speed_kmh": 0.9137591135194242,
            "Soil_Moisture": 425.2182106786759,
            "Soil_Temperature": 2.8965993113204958,
            "Wind_Dir_Sin": 0.5563968527747805,
            "Wind_Dir_Cos": 0.48900591523868275
        },
        "R2": {
            "Temperature": 0.8428673832210627,
            "Precipitation_accumulated": -2630.8046034872877,
            "Humidity": 0.6708399196601057,
            "Wind_Speed_kmh": 0.08714028739638768,
            "Soil_Moisture": -3.32361145782777,
            "Soil_Temperature": 0.2711441818930187,
            "Wind_Dir_Sin": 0.21475305088335261,
            "Wind_Dir_Cos": 0.019132186100830784
        },
        "SMAPE": {
            "Temperature": 32.00395902476851,
            "Precipitation_accumulated": 20.213666784247618,
            "Humidity": 6.363226777272572,
            "Wind_Speed_kmh": 72.91690253751122,
            "Soil_Moisture": 4.799187050517033,
            "Soil_Temperature": 71.23093539162302,
            "Wind_Dir_Sin": 115.28099412076955,
            "Wind_Dir_Cos": 115.23545809796231
        }
    }
}