{
    "trial_number": 18,
    "input_chunk_length": 44,
    "d_model": 128,
    "num_encoder_layers": 2,
    "num_decoder_layers": 2,
    "activation": "GLU",
    "dropout": 0.09672992984707846,
    "batch_size": 31,
    "lr": 0.0011075466705451314,
    "overall_smape_val": 44.97204086773107,
    "metrics": {
        "MSE": {
            "Temperature": 0.7371707386636106,
            "Precipitation_accumulated": 37.786650372963194,
            "Humidity": 6.856046813136069,
            "Wind_Speed_kmh": 0.08337852095083717,
            "Soil_Moisture": 15425.482221499273,
            "Soil_Temperature": 0.7525996715172738,
            "Wind_Dir_Sin": 0.045509259213941444,
            "Wind_Dir_Cos": 0.04050538297384709
        },
        "RMSE": {
            "Temperature": 0.8585864771026915,
            "Precipitation_accumulated": 6.147084705204834,
            "Humidity": 2.6184053951090287,
            "Wind_Speed_kmh": 0.28875339123694665,
            "Soil_Moisture": 124.19936481922632,
            "Soil_Temperature": 0.8675250264501156,
            "Wind_Dir_Sin": 0.21332899290518728,
            "Wind_Dir_Cos": 0.20125949163666068
        },
        "MAE": {
            "Temperature": 0.6142488973290791,
            "Precipitation_accumulated": 4.564098985228437,
            "Humidity": 2.2193062131198134,
            "Wind_Speed_kmh": 0.17177023014025863,
            "Soil_Moisture": 68.8848780815493,
            "Soil_Temperature": 0.7732965782187212,
            "Wind_Dir_Sin": 0.09501116375387027,
            "Wind_Dir_Cos": 0.08140944110199236
        },
        "R2": {
            "Temperature": 0.7834619885610834,
            "Precipitation_accumulated": -38.81131141373525,
            "Humidity": 0.8945688224084994,
            "Wind_Speed_kmh": 0.7549910517893912,
            "Soil_Moisture": 0.9791539133510501,
            "Soil_Temperature": 0.8658995391785613,
            "Wind_Dir_Sin": 0.7166632649296925,
            "Wind_Dir_Cos": 0.8589119627487377
        },
        "SMAPE": {
            "Temperature": 10.77669446540794,
            "Precipitation_accumulated": 0.9854661881425366,
            "Humidity": 2.640427785726315,
            "Wind_Speed_kmh": 161.16741458369472,
            "Soil_Moisture": 1.0937194080578079,
            "Soil_Temperature": 19.04158873947874,
            "Wind_Dir_Sin": 141.39040030889677,
            "Wind_Dir_Cos": 22.680615462444138
        }
    }
}