{
    "trial_number": 46,
    "input_chunk_length": 26,
    "output_chunk_length": 23,
    "d_model": 128,
    "nhead": 2,
    "num_encoder_layers": 4,
    "num_decoder_layers": 3,
    "activation": "ReLU",
    "dropout": 0.061204847026458176,
    "batch_size": 43,
    "lr": 0.009044758867045947,
    "forecast_horizon": 8,
    "overall_smape_val": 88.29972662359715,
    "metrics": {
        "MSE": {
            "Temperature": 51.35752294475511,
            "Precipitation_accumulated": 27926.410091944083,
            "Humidity": 66.20640360764088,
            "Wind_Speed_kmh": 0.5965888671663885,
            "Soil_Moisture": 2388008.164989071,
            "Soil_Temperature": 48.26283845378791,
            "Wind_Dir_Sin": 0.17370967442190113,
            "Wind_Dir_Cos": 0.4751793269134444
        },
        "RMSE": {
            "Temperature": 7.166416325106651,
            "Precipitation_accumulated": 167.11196872738972,
            "Humidity": 8.136731752223424,
            "Wind_Speed_kmh": 0.7723916539984028,
            "Soil_Moisture": 1545.3181436160876,
            "Soil_Temperature": 6.9471460653845405,
            "Wind_Dir_Sin": 0.4167849258573313,
            "Wind_Dir_Cos": 0.6893325227446072
        },
        "MAE": {
            "Temperature": 6.930369633973212,
            "Precipitation_accumulated": 167.1091246810529,
            "Humidity": 6.842404166568646,
            "Wind_Speed_kmh": 0.7034924252660661,
            "Soil_Moisture": 1523.1334086868667,
            "Soil_Temperature": 6.5315784404225115,
            "Wind_Dir_Sin": 0.23332649837240677,
            "Wind_Dir_Cos": 0.6678187285443967
        },
        "R2": {
            "Temperature": -14.121464586978197,
            "Precipitation_accumulated": -29393.184801261865,
            "Humidity": -0.017457766631039817,
            "Wind_Speed_kmh": -0.7457523590341171,
            "Soil_Moisture": -2.214407969641064,
            "Soil_Temperature": -7.616154897565753,
            "Wind_Dir_Sin": -0.07721674002686996,
            "Wind_Dir_Cos": -0.6495739191408565
        },
        "SMAPE": {
            "Temperature": 71.76731162088025,
            "Precipitation_accumulated": 44.44985601016045,
            "Humidity": 8.121326331689206,
            "Wind_Speed_kmh": 181.22798595540237,
            "Soil_Moisture": 23.039198986750957,
            "Soil_Temperature": 69.6982943285223,
            "Wind_Dir_Sin": 185.9915575563048,
            "Wind_Dir_Cos": 122.10228219906689
        }
    }
}