{
    "trial_number": 49,
    "input_chunk_length": 29,
    "output_chunk_length": 27,
    "d_model": 128,
    "nhead": 2,
    "num_encoder_layers": 4,
    "num_decoder_layers": 3,
    "activation": "ReLU",
    "dropout": 0.0981872905633329,
    "batch_size": 46,
    "lr": 0.0013910309719749859,
    "forecast_horizon": 5,
    "overall_smape_val": 47.50603795663282,
    "metrics": {
        "MSE": {
            "Temperature": 0.8409765020517114,
            "Precipitation_accumulated": 145.2750929118853,
            "Humidity": 7.420672659720972,
            "Wind_Speed_kmh": 0.1390390117355135,
            "Soil_Moisture": 69435.67602436127,
            "Soil_Temperature": 0.6247936794268568,
            "Wind_Dir_Sin": 0.07450820360969364,
            "Wind_Dir_Cos": 0.07726652555168514
        },
        "RMSE": {
            "Temperature": 0.9170477098012466,
            "Precipitation_accumulated": 12.053011777638206,
            "Humidity": 2.7240911621531634,
            "Wind_Speed_kmh": 0.37287935278788703,
            "Soil_Moisture": 263.5065009147996,
            "Soil_Temperature": 0.7904389156834681,
            "Wind_Dir_Sin": 0.2729619087156551,
            "Wind_Dir_Cos": 0.2779685693593525
        },
        "MAE": {
            "Temperature": 0.6601561751800313,
            "Precipitation_accumulated": 7.109063483303652,
            "Humidity": 1.9578038150302834,
            "Wind_Speed_kmh": 0.14626377659631185,
            "Soil_Moisture": 138.1826430780194,
            "Soil_Temperature": 0.5125330808614991,
            "Wind_Dir_Sin": 0.12820829066632164,
            "Wind_Dir_Cos": 0.1272817598803977
        },
        "R2": {
            "Temperature": 0.7526511288637232,
            "Precipitation_accumulated": -151.98436328763242,
            "Humidity": 0.8859060230676855,
            "Wind_Speed_kmh": 0.5922863609425237,
            "Soil_Moisture": 0.9063485835303733,
            "Soil_Temperature": 0.8885622784397543,
            "Wind_Dir_Sin": 0.5370372827845672,
            "Wind_Dir_Cos": 0.7313185384502329
        },
        "SMAPE": {
            "Temperature": 11.324083233996799,
            "Precipitation_accumulated": 1.5172023168392639,
            "Humidity": 2.3341778358405896,
            "Wind_Speed_kmh": 160.6208692014042,
            "Soil_Moisture": 2.060645930859428,
            "Soil_Temperature": 15.476955172211593,
            "Wind_Dir_Sin": 151.66731594191396,
            "Wind_Dir_Cos": 35.04705401999695
        }
    }
}