{
    "trial_number": 0,
    "input_chunk_length": 55,
    "d_model": 128,
    "num_encoder_layers": 1,
    "num_decoder_layers": 4,
    "activation": "ReLU",
    "dropout": 0.15894644208184508,
    "batch_size": 26,
    "lr": 0.0022706930878686033,
    "overall_smape_val": 45.938261511203436,
    "metrics": {
        "MSE": {
            "Temperature": 1.3269429614938977,
            "Precipitation_accumulated": 46.06002044553462,
            "Humidity": 5.317670033422369,
            "Wind_Speed_kmh": 0.07352019303990276,
            "Soil_Moisture": 14589.717025500957,
            "Soil_Temperature": 0.8099492118509378,
            "Wind_Dir_Sin": 0.047366062063989835,
            "Wind_Dir_Cos": 0.04089087464875031
        },
        "RMSE": {
            "Temperature": 1.1519301026945592,
            "Precipitation_accumulated": 6.786753306665465,
            "Humidity": 2.306007379307874,
            "Wind_Speed_kmh": 0.2711460732518595,
            "Soil_Moisture": 120.78790098971402,
            "Soil_Temperature": 0.8999717839193281,
            "Wind_Dir_Sin": 0.21763745556312183,
            "Wind_Dir_Cos": 0.20221492192405166
        },
        "MAE": {
            "Temperature": 0.7939249302355217,
            "Precipitation_accumulated": 4.681746274123959,
            "Humidity": 1.7168922972865526,
            "Wind_Speed_kmh": 0.11773638396360302,
            "Soil_Moisture": 55.96851040768383,
            "Soil_Temperature": 0.753503679438159,
            "Wind_Dir_Sin": 0.1321987353007057,
            "Wind_Dir_Cos": 0.07590152315864492
        },
        "R2": {
            "Temperature": 0.6102211128243481,
            "Precipitation_accumulated": -47.52798010887552,
            "Humidity": 0.9182257313948671,
            "Wind_Speed_kmh": 0.7839598860290572,
            "Soil_Moisture": 0.980283371311831,
            "Soil_Temperature": 0.855680826524678,
            "Wind_Dir_Sin": 0.7051029700295112,
            "Wind_Dir_Cos": 0.8575692211229169
        },
        "SMAPE": {
            "Temperature": 14.69753135839366,
            "Precipitation_accumulated": 1.008311740758875,
            "Humidity": 2.078836171840093,
            "Wind_Speed_kmh": 162.73726578519296,
            "Soil_Moisture": 0.8734687595319595,
            "Soil_Temperature": 19.531635467647178,
            "Wind_Dir_Sin": 140.34227904232566,
            "Wind_Dir_Cos": 26.23676376393693
        }
    }
}