{
    "trial_number": 69,
    "input_chunk_length": 49,
    "output_chunk_length": 13,
    "d_model": 128,
    "nhead": 4,
    "num_encoder_layers": 3,
    "num_decoder_layers": 2,
    "activation": "ReGLU",
    "dropout": 0.18527739459878975,
    "batch_size": 149,
    "lr": 0.00024352141239764963,
    "loss_function": "smoothl1",
    "optimizer": "RMSprop",
    "overall_mae_val": 0.16242222872803008,
    "metrics": {
        "MSE": {
            "Temperature": 19.56319908788629,
            "Precipitation_accumulated": 10130.60238657987,
            "Humidity": 143.25489301283972,
            "Wind_Speed_kmh": 1.4730533586659187,
            "Soil_Moisture": 341542.38347797905,
            "Soil_Temperature": 6.667324688099036,
            "Wind_Dir_Sin": 0.5667690105716091,
            "Wind_Dir_Cos": 0.3751354510610285
        },
        "RMSE": {
            "Temperature": 4.423030532099715,
            "Precipitation_accumulated": 100.65089362037413,
            "Humidity": 11.968913610384183,
            "Wind_Speed_kmh": 1.2136940960002724,
            "Soil_Moisture": 584.4162758496542,
            "Soil_Temperature": 2.5821163196298955,
            "Wind_Dir_Sin": 0.7528406276042819,
            "Wind_Dir_Cos": 0.6124830210389742
        },
        "MAE": {
            "Temperature": 3.470619129695239,
            "Precipitation_accumulated": 94.11460406091439,
            "Humidity": 9.625311369941285,
            "Wind_Speed_kmh": 0.9500442427583073,
            "Soil_Moisture": 551.9187673057447,
            "Soil_Temperature": 2.1119660015231085,
            "Wind_Dir_Sin": 0.6641548654661648,
            "Wind_Dir_Cos": 0.5359271353171741
        },
        "R2": {
            "Temperature": 0.35891719017718227,
            "Precipitation_accumulated": -3108.5041297800535,
            "Humidity": 0.024479954474768473,
            "Wind_Speed_kmh": -0.09255853468798958,
            "Soil_Moisture": -5.839454517385292,
            "Soil_Temperature": 0.5846784221617094,
            "Wind_Dir_Sin": -0.03155523045813835,
            "Wind_Dir_Cos": -0.02004631260519285
        },
        "SMAPE": {
            "Temperature": 49.79271150345556,
            "Precipitation_accumulated": 22.91703111500668,
            "Humidity": 11.288122483243173,
            "Wind_Speed_kmh": 78.25970053262061,
            "Soil_Moisture": 6.66004021913258,
            "Soil_Temperature": 34.825475383741946,
            "Wind_Dir_Sin": 133.24182334950575,
            "Wind_Dir_Cos": 155.81216644944746
        }
    }
}