{
    "trial_number": 86,
    "input_chunk_length": 25,
    "output_chunk_length": 3,
    "d_model": 128,
    "nhead": 4,
    "num_encoder_layers": 1,
    "num_decoder_layers": 1,
    "activation": "Bilinear",
    "dropout": 0.10086580794739837,
    "batch_size": 131,
    "lr": 0.001905401316965849,
    "loss_function": "huber",
    "optimizer": "AdamW",
    "overall_mae_val": 0.14457276234378913,
    "metrics": {
        "MSE": {
            "Temperature": 11.863479379629599,
            "Precipitation_accumulated": 8419.575331659846,
            "Humidity": 58.323487794260984,
            "Wind_Speed_kmh": 1.28943891415964,
            "Soil_Moisture": 116185.34225344789,
            "Soil_Temperature": 19.577755516605073,
            "Wind_Dir_Sin": 0.5660528357057225,
            "Wind_Dir_Cos": 0.3987520499456411
        },
        "RMSE": {
            "Temperature": 3.444340195106981,
            "Precipitation_accumulated": 91.75824394385414,
            "Humidity": 7.636981589231507,
            "Wind_Speed_kmh": 1.1355346380272335,
            "Soil_Moisture": 340.85971051658174,
            "Soil_Temperature": 4.424675752708335,
            "Wind_Dir_Sin": 0.7523648288601232,
            "Wind_Dir_Cos": 0.6314681701761705
        },
        "MAE": {
            "Temperature": 2.79256335109673,
            "Precipitation_accumulated": 75.59862686975544,
            "Humidity": 6.09616628841149,
            "Wind_Speed_kmh": 0.9264919439072665,
            "Soil_Moisture": 286.3256851043332,
            "Soil_Temperature": 3.6666040981283294,
            "Wind_Dir_Sin": 0.6579357319743834,
            "Wind_Dir_Cos": 0.5171978758284895
        },
        "R2": {
            "Temperature": 0.6108007523036849,
            "Precipitation_accumulated": -2444.7229187846015,
            "Humidity": 0.6020337071372066,
            "Wind_Speed_kmh": 0.04584563940516728,
            "Soil_Moisture": -1.0170363214359095,
            "Soil_Temperature": -0.21249348503668197,
            "Wind_Dir_Sin": -0.028932228804154247,
            "Wind_Dir_Cos": -0.08551161986102485
        },
        "SMAPE": {
            "Temperature": 44.19661171797564,
            "Precipitation_accumulated": 18.365450657762395,
            "Humidity": 7.224005341579072,
            "Wind_Speed_kmh": 73.84432827509846,
            "Soil_Moisture": 3.3047114447483197,
            "Soil_Temperature": 79.8292410769073,
            "Wind_Dir_Sin": 139.3451118259128,
            "Wind_Dir_Cos": 118.02640220245196
        }
    }
}