{
    "trial_number": 2,
    "input_chunk_length": 16,
    "d_model": 256,
    "num_encoder_layers": 1,
    "num_decoder_layers": 1,
    "activation": "GLU",
    "dropout": 0.14725994883862273,
    "batch_size": 35,
    "lr": 0.004896094498421687,
    "overall_smape_val": 45.48933237480024,
    "metrics": {
        "MSE": {
            "Temperature": 0.8460401150873831,
            "Precipitation_accumulated": 51.68212215204228,
            "Humidity": 3.6409441313903206,
            "Wind_Speed_kmh": 0.08635928680454252,
            "Soil_Moisture": 39968.00391782298,
            "Soil_Temperature": 0.7040397307747172,
            "Wind_Dir_Sin": 0.04564733089224347,
            "Wind_Dir_Cos": 0.04176712761681534
        },
        "RMSE": {
            "Temperature": 0.9198043895782315,
            "Precipitation_accumulated": 7.189027900352195,
            "Humidity": 1.908125816446683,
            "Wind_Speed_kmh": 0.2938695064217152,
            "Soil_Moisture": 199.91999379207417,
            "Soil_Temperature": 0.8390707543316697,
            "Wind_Dir_Sin": 0.21365235990328652,
            "Wind_Dir_Cos": 0.2043700751499968
        },
        "MAE": {
            "Temperature": 0.6402250323433943,
            "Precipitation_accumulated": 5.206169136721885,
            "Humidity": 1.3661764590807535,
            "Wind_Speed_kmh": 0.19778288915286935,
            "Soil_Moisture": 168.05980092815864,
            "Soil_Temperature": 0.6655076884055015,
            "Wind_Dir_Sin": 0.09800655529871828,
            "Wind_Dir_Cos": 0.08785282400552054
        },
        "R2": {
            "Temperature": 0.7514824795532575,
            "Precipitation_accumulated": -53.451321808345575,
            "Humidity": 0.9440101507793298,
            "Wind_Speed_kmh": 0.7462320297013276,
            "Soil_Moisture": 0.9459870063773261,
            "Soil_Temperature": 0.8745520946838147,
            "Wind_Dir_Sin": 0.7158036425317126,
            "Wind_Dir_Cos": 0.8545170635496948
        },
        "SMAPE": {
            "Temperature": 10.666191756018065,
            "Precipitation_accumulated": 1.1299811501408377,
            "Humidity": 1.666500756705453,
            "Wind_Speed_kmh": 160.6088273649512,
            "Soil_Moisture": 2.8649294252156485,
            "Soil_Temperature": 18.787642519141087,
            "Wind_Dir_Sin": 140.2832718202122,
            "Wind_Dir_Cos": 27.907314206017446
        }
    }
}