{
    "trial_number": 70,
    "input_chunk_length": 24,
    "output_chunk_length": 8,
    "d_model": 128,
    "nhead": 4,
    "num_encoder_layers": 1,
    "num_decoder_layers": 1,
    "activation": "GELU",
    "dropout": 0.14169063951396269,
    "batch_size": 190,
    "lr": 0.0005481619645999872,
    "loss_function": "smoothl1",
    "optimizer": "AdamW",
    "overall_mae_val": 0.13714163557666095,
    "metrics": {
        "MSE": {
            "Temperature": 9.411520686169439,
            "Precipitation_accumulated": 5255.334379396192,
            "Humidity": 76.1988381062002,
            "Wind_Speed_kmh": 1.3533891151926158,
            "Soil_Moisture": 55129.22174716186,
            "Soil_Temperature": 7.982030452864595,
            "Wind_Dir_Sin": 0.5990424898683961,
            "Wind_Dir_Cos": 0.3715341295582018
        },
        "RMSE": {
            "Temperature": 3.0678201847842126,
            "Precipitation_accumulated": 72.49368510012573,
            "Humidity": 8.729194585195142,
            "Wind_Speed_kmh": 1.1633525326368683,
            "Soil_Moisture": 234.79612804976546,
            "Soil_Temperature": 2.825248741768518,
            "Wind_Dir_Sin": 0.7739783523254357,
            "Wind_Dir_Cos": 0.6095359952933065
        },
        "MAE": {
            "Temperature": 2.4931320900728537,
            "Precipitation_accumulated": 62.851528578648676,
            "Humidity": 7.126535650741939,
            "Wind_Speed_kmh": 0.937287912707698,
            "Soil_Moisture": 180.89338970314978,
            "Soil_Temperature": 2.2564686016963353,
            "Wind_Dir_Sin": 0.6851476661352478,
            "Wind_Dir_Cos": 0.5183045273064286
        },
        "R2": {
            "Temperature": 0.6909742132033718,
            "Precipitation_accumulated": -1534.9915929412687,
            "Humidity": 0.4799069311231067,
            "Wind_Speed_kmh": -0.0034609571548631646,
            "Soil_Moisture": 0.02918941153671084,
            "Soil_Temperature": 0.5041808613837366,
            "Wind_Dir_Sin": -0.08787365627284816,
            "Wind_Dir_Cos": -0.013952760999287772
        },
        "SMAPE": {
            "Temperature": 38.90585563870029,
            "Precipitation_accumulated": 14.850196810190727,
            "Humidity": 8.432641350603836,
            "Wind_Speed_kmh": 75.86922339269871,
            "Soil_Moisture": 2.1240542252166725,
            "Soil_Temperature": 33.5250936133233,
            "Wind_Dir_Sin": 145.9563215652829,
            "Wind_Dir_Cos": 130.617346397079
        }
    }
}