{
    "trial_number": 43,
    "input_chunk_length": 21,
    "output_chunk_length": 19,
    "d_model": 128,
    "nhead": 2,
    "num_encoder_layers": 4,
    "num_decoder_layers": 4,
    "activation": "ReLU",
    "dropout": 0.07632249855364268,
    "batch_size": 39,
    "lr": 0.0031696802869206923,
    "forecast_horizon": 5,
    "overall_smape_val": 84.26266567898746,
    "metrics": {
        "MSE": {
            "Temperature": 66.07063327565628,
            "Precipitation_accumulated": 24030.983599865198,
            "Humidity": 72.24516578562653,
            "Wind_Speed_kmh": 0.37877462691613023,
            "Soil_Moisture": 2092393.5988169787,
            "Soil_Temperature": 46.128940541978075,
            "Wind_Dir_Sin": 0.16648849881279174,
            "Wind_Dir_Cos": 0.3813681998942222
        },
        "RMSE": {
            "Temperature": 8.128384419775943,
            "Precipitation_accumulated": 155.01930073337707,
            "Humidity": 8.499715629691767,
            "Wind_Speed_kmh": 0.6154466889309993,
            "Soil_Moisture": 1446.5108360523882,
            "Soil_Temperature": 6.79182895411671,
            "Wind_Dir_Sin": 0.40803002195033605,
            "Wind_Dir_Cos": 0.6175501598204167
        },
        "MAE": {
            "Temperature": 7.9199227195659425,
            "Precipitation_accumulated": 155.01623779947278,
            "Humidity": 7.4259240041672365,
            "Wind_Speed_kmh": 0.44474404150171976,
            "Soil_Moisture": 1432.735236047447,
            "Soil_Temperature": 6.365711070590532,
            "Wind_Dir_Sin": 0.24624660516407276,
            "Wind_Dir_Cos": 0.5909403441011944
        },
        "R2": {
            "Temperature": -18.432762409082876,
            "Precipitation_accumulated": -25305.22869696435,
            "Humidity": -0.11078047187792905,
            "Wind_Speed_kmh": -0.11070684115894269,
            "Soil_Moisture": -1.8221173258605496,
            "Soil_Temperature": -7.2275224626177845,
            "Wind_Dir_Sin": -0.03448968115318318,
            "Wind_Dir_Cos": -0.3261443374678654
        },
        "SMAPE": {
            "Temperature": 77.7168380440694,
            "Precipitation_accumulated": 40.580754232837435,
            "Humidity": 8.803507322712434,
            "Wind_Speed_kmh": 179.77219775723043,
            "Soil_Moisture": 21.8162071391476,
            "Soil_Temperature": 68.59788339438518,
            "Wind_Dir_Sin": 176.40608905739805,
            "Wind_Dir_Cos": 100.40784848411923
        }
    }
}