{
    "trial_number": 37,
    "input_chunk_length": 20,
    "output_chunk_length": 17,
    "d_model": 64,
    "nhead": 8,
    "num_encoder_layers": 4,
    "num_decoder_layers": 2,
    "activation": "ReGLU",
    "dropout": 0.19600361241625794,
    "batch_size": 21,
    "lr": 0.0002864565112204343,
    "forecast_horizon": 21,
    "overall_smape_val": 53.25065469229401,
    "metrics": {
        "MSE": {
            "Temperature": 2.2179822126693236,
            "Precipitation_accumulated": 40.981035729256305,
            "Humidity": 26.264553606729717,
            "Wind_Speed_kmh": 0.21281104540435766,
            "Soil_Moisture": 188800.05058872973,
            "Soil_Temperature": 1.681199717744894,
            "Wind_Dir_Sin": 0.11667674824327308,
            "Wind_Dir_Cos": 0.1405424753466127
        },
        "RMSE": {
            "Temperature": 1.489289163550626,
            "Precipitation_accumulated": 6.401643205400962,
            "Humidity": 5.124895472761343,
            "Wind_Speed_kmh": 0.4613144756067792,
            "Soil_Moisture": 434.5112778613804,
            "Soil_Temperature": 1.2966108582550486,
            "Wind_Dir_Sin": 0.341579783130198,
            "Wind_Dir_Cos": 0.37488995098110156
        },
        "MAE": {
            "Temperature": 1.1507786037901724,
            "Precipitation_accumulated": 5.290184444477102,
            "Humidity": 3.8455334485817345,
            "Wind_Speed_kmh": 0.19778501849946445,
            "Soil_Moisture": 204.6730304595514,
            "Soil_Temperature": 0.850689935054264,
            "Wind_Dir_Sin": 0.20422717726206877,
            "Wind_Dir_Cos": 0.20147416793630293
        },
        "R2": {
            "Temperature": 0.34240479062915985,
            "Precipitation_accumulated": -42.04794840476767,
            "Humidity": 0.5964105144475724,
            "Wind_Speed_kmh": 0.3829338673840169,
            "Soil_Moisture": 0.7480549562449144,
            "Soil_Temperature": 0.6985933256822288,
            "Wind_Dir_Sin": 0.28269264032643127,
            "Wind_Dir_Cos": 0.515673086313809
        },
        "SMAPE": {
            "Temperature": 18.93922883633124,
            "Precipitation_accumulated": 1.1471425690124324,
            "Humidity": 4.575901663681586,
            "Wind_Speed_kmh": 169.41040327218624,
            "Soil_Moisture": 3.222571601121441,
            "Soil_Temperature": 20.712679745595118,
            "Wind_Dir_Sin": 159.47466467878672,
            "Wind_Dir_Cos": 48.522645171637144
        }
    }
}