{
    "trial_number": 26,
    "input_chunk_length": 32,
    "output_chunk_length": 30,
    "d_model": 64,
    "nhead": 8,
    "num_encoder_layers": 4,
    "num_decoder_layers": 2,
    "activation": "GEGLU",
    "dropout": 0.20727402333731365,
    "batch_size": 30,
    "lr": 0.000879004903109022,
    "forecast_horizon": 4,
    "overall_smape_val": 52.978875669457096,
    "metrics": {
        "MSE": {
            "Temperature": 1.400831912727336,
            "Precipitation_accumulated": 145.55803219894176,
            "Humidity": 22.76807437182115,
            "Wind_Speed_kmh": 0.21398694094961665,
            "Soil_Moisture": 73699.1110063038,
            "Soil_Temperature": 2.372001275362949,
            "Wind_Dir_Sin": 0.08321026753295273,
            "Wind_Dir_Cos": 0.09366753080862363
        },
        "RMSE": {
            "Temperature": 1.1835674517015649,
            "Precipitation_accumulated": 12.064743354043706,
            "Humidity": 4.7715903398993875,
            "Wind_Speed_kmh": 0.46258722523391915,
            "Soil_Moisture": 271.47580187984306,
            "Soil_Temperature": 1.540130278698185,
            "Wind_Dir_Sin": 0.28846189962099456,
            "Wind_Dir_Cos": 0.3060515165925887
        },
        "MAE": {
            "Temperature": 0.8759682005202158,
            "Precipitation_accumulated": 9.933707629605125,
            "Humidity": 3.9401344213863565,
            "Wind_Speed_kmh": 0.25651316433003724,
            "Soil_Moisture": 176.08614719774735,
            "Soil_Temperature": 1.0341698886932444,
            "Wind_Dir_Sin": 0.1531976510648048,
            "Wind_Dir_Cos": 0.16608818098157013
        },
        "R2": {
            "Temperature": 0.5881461280795028,
            "Precipitation_accumulated": -152.30718242093786,
            "Humidity": 0.6499058393303879,
            "Wind_Speed_kmh": 0.3720730676567061,
            "Soil_Moisture": 0.9005325485622034,
            "Soil_Temperature": 0.5770720114698649,
            "Wind_Dir_Sin": 0.48262422393133897,
            "Wind_Dir_Cos": 0.6741038684679563
        },
        "SMAPE": {
            "Temperature": 14.948112433846411,
            "Precipitation_accumulated": 2.194515151224478,
            "Humidity": 4.707369613793084,
            "Wind_Speed_kmh": 174.56122862431766,
            "Soil_Moisture": 2.7797995628840293,
            "Soil_Temperature": 22.86243907943149,
            "Wind_Dir_Sin": 156.48423765640584,
            "Wind_Dir_Cos": 45.29330323375351
        }
    }
}