{
    "trial_number": 25,
    "input_chunk_length": 59,
    "d_model": 128,
    "num_encoder_layers": 2,
    "num_decoder_layers": 3,
    "activation": "GLU",
    "dropout": 0.04287065640281087,
    "batch_size": 23,
    "lr": 0.0014074193545399662,
    "overall_smape_val": 49.330140929506385,
    "metrics": {
        "MSE": {
            "Temperature": 1.6329402840502436,
            "Precipitation_accumulated": 30.31215529968732,
            "Humidity": 8.069751788086146,
            "Wind_Speed_kmh": 0.07309708110498708,
            "Soil_Moisture": 24519.94482957876,
            "Soil_Temperature": 1.728291175584057,
            "Wind_Dir_Sin": 0.046236088795189936,
            "Wind_Dir_Cos": 0.040382541065507496
        },
        "RMSE": {
            "Temperature": 1.2778655187656656,
            "Precipitation_accumulated": 5.505647582227482,
            "Humidity": 2.840730854566505,
            "Wind_Speed_kmh": 0.2703647186764336,
            "Soil_Moisture": 156.58845688485073,
            "Soil_Temperature": 1.3146448857330473,
            "Wind_Dir_Sin": 0.21502578634942818,
            "Wind_Dir_Cos": 0.20095407700643322
        },
        "MAE": {
            "Temperature": 1.012357616476625,
            "Precipitation_accumulated": 4.1059526422761605,
            "Humidity": 2.4262809373507426,
            "Wind_Speed_kmh": 0.13354362019427035,
            "Soil_Moisture": 107.86869065800968,
            "Soil_Temperature": 1.1441236304318914,
            "Wind_Dir_Sin": 0.1019964968213375,
            "Wind_Dir_Cos": 0.10657238661667474
        },
        "R2": {
            "Temperature": 0.5203368455077909,
            "Precipitation_accumulated": -30.936322546356568,
            "Humidity": 0.8759046638568869,
            "Wind_Speed_kmh": 0.7852032063586439,
            "Soil_Moisture": 0.9668636035356831,
            "Soil_Temperature": 0.6920479082694784,
            "Wind_Dir_Sin": 0.7121380864482028,
            "Wind_Dir_Cos": 0.8593398447354609
        },
        "SMAPE": {
            "Temperature": 21.18638973454454,
            "Precipitation_accumulated": 0.8886143673745706,
            "Humidity": 2.8608249718457506,
            "Wind_Speed_kmh": 168.55758718905142,
            "Soil_Moisture": 1.816198504540038,
            "Soil_Temperature": 29.93345927926801,
            "Wind_Dir_Sin": 141.52037872899206,
            "Wind_Dir_Cos": 27.877674660434906
        }
    }
}