{
    "trial_number": 54,
    "input_chunk_length": 31,
    "output_chunk_length": 9,
    "d_model": 256,
    "nhead": 8,
    "num_encoder_layers": 3,
    "num_decoder_layers": 1,
    "activation": "GELU",
    "dropout": 0.17231024896650746,
    "batch_size": 205,
    "lr": 0.0001359807675955239,
    "loss_function": "smoothl1",
    "optimizer": "AdamW",
    "overall_mae_val": 0.13958659054487926,
    "metrics": {
        "MSE": {
            "Temperature": 9.831074254768376,
            "Precipitation_accumulated": 4385.5803914290045,
            "Humidity": 75.682715027301,
            "Wind_Speed_kmh": 1.3918376859403745,
            "Soil_Moisture": 122541.51595794229,
            "Soil_Temperature": 9.653013739978874,
            "Wind_Dir_Sin": 0.6105787657980453,
            "Wind_Dir_Cos": 0.3966790319364638
        },
        "RMSE": {
            "Temperature": 3.1354543936674277,
            "Precipitation_accumulated": 66.22371472085362,
            "Humidity": 8.699581313333475,
            "Wind_Speed_kmh": 1.1797617072698938,
            "Soil_Moisture": 350.0593034871981,
            "Soil_Temperature": 3.106929954147482,
            "Wind_Dir_Sin": 0.7813953965810428,
            "Wind_Dir_Cos": 0.6298246041053523
        },
        "MAE": {
            "Temperature": 2.4733780939191576,
            "Precipitation_accumulated": 56.99589949082,
            "Humidity": 6.997807717389413,
            "Wind_Speed_kmh": 0.9494287614030895,
            "Soil_Moisture": 281.8682403985961,
            "Soil_Temperature": 2.527098884785653,
            "Wind_Dir_Sin": 0.6874320366566564,
            "Wind_Dir_Cos": 0.5257857548733039
        },
        "R2": {
            "Temperature": 0.6783676555316991,
            "Precipitation_accumulated": -1296.8213534769923,
            "Humidity": 0.48424984001909643,
            "Wind_Speed_kmh": -0.03205411815688963,
            "Soil_Moisture": -1.2363720786880408,
            "Soil_Temperature": 0.4015929659235725,
            "Wind_Dir_Sin": -0.10732998075449562,
            "Wind_Dir_Cos": -0.0825165301579105
        },
        "SMAPE": {
            "Temperature": 39.17453290079381,
            "Precipitation_accumulated": 13.364472502100682,
            "Humidity": 8.28339108571828,
            "Wind_Speed_kmh": 76.68805128714537,
            "Soil_Moisture": 3.3242297670861056,
            "Soil_Temperature": 60.713087236342695,
            "Wind_Dir_Sin": 144.32538770542155,
            "Wind_Dir_Cos": 121.26741530598342
        }
    }
}