{
    "trial_number": 18,
    "input_chunk_length": 36,
    "output_chunk_length": 26,
    "d_model": 64,
    "nhead": 8,
    "num_encoder_layers": 4,
    "num_decoder_layers": 2,
    "activation": "ReGLU",
    "dropout": 0.2673679132764987,
    "batch_size": 18,
    "lr": 0.0004912135973384168,
    "forecast_horizon": 1,
    "overall_smape_val": 54.046051643304224,
    "metrics": {
        "MSE": {
            "Temperature": 1.2770032586504676,
            "Precipitation_accumulated": 59.80211636483018,
            "Humidity": 35.016067799278005,
            "Wind_Speed_kmh": 0.23536737830396973,
            "Soil_Moisture": 94817.87632651837,
            "Soil_Temperature": 1.5890415863102114,
            "Wind_Dir_Sin": 0.09259046461030493,
            "Wind_Dir_Cos": 0.10913997325946158
        },
        "RMSE": {
            "Temperature": 1.130045688744693,
            "Precipitation_accumulated": 7.73318280947956,
            "Humidity": 5.917437604172773,
            "Wind_Speed_kmh": 0.4851467595521686,
            "Soil_Moisture": 307.92511480312606,
            "Soil_Temperature": 1.260571928257254,
            "Wind_Dir_Sin": 0.3042868130732992,
            "Wind_Dir_Cos": 0.33036339576209345
        },
        "MAE": {
            "Temperature": 0.821412920201311,
            "Precipitation_accumulated": 6.862163728899986,
            "Humidity": 4.743814400012465,
            "Wind_Speed_kmh": 0.2843126251240383,
            "Soil_Moisture": 199.45544857909988,
            "Soil_Temperature": 1.0279727129352367,
            "Wind_Dir_Sin": 0.17846197604744032,
            "Wind_Dir_Cos": 0.20358163581755073
        },
        "R2": {
            "Temperature": 0.6248905013098036,
            "Precipitation_accumulated": -62.00639655279365,
            "Humidity": 0.46152858005165487,
            "Wind_Speed_kmh": 0.30836967190451114,
            "Soil_Moisture": 0.8718625688720991,
            "Soil_Temperature": 0.7168598166419233,
            "Wind_Dir_Sin": 0.42353972808043494,
            "Wind_Dir_Cos": 0.6198444877616672
        },
        "SMAPE": {
            "Temperature": 13.960752831946037,
            "Precipitation_accumulated": 1.4898133160487215,
            "Humidity": 5.631693164981356,
            "Wind_Speed_kmh": 173.51347650996968,
            "Soil_Moisture": 3.2822311195869425,
            "Soil_Temperature": 25.26216678312159,
            "Wind_Dir_Sin": 162.4284398571145,
            "Wind_Dir_Cos": 46.79983956366478
        }
    }
}