{
    "trial_number": 27,
    "input_chunk_length": 39,
    "output_chunk_length": 13,
    "d_model": 128,
    "nhead": 2,
    "num_encoder_layers": 2,
    "num_decoder_layers": 2,
    "activation": "GELU",
    "dropout": 0.1873776857804572,
    "batch_size": 181,
    "lr": 0.0018683874312861377,
    "loss_function": "smoothl1",
    "optimizer": "AdamW",
    "overall_mae_val": 0.16375754322535743,
    "metrics": {
        "MSE": {
            "Temperature": 12.247085226403746,
            "Precipitation_accumulated": 11527.464201345836,
            "Humidity": 96.71466028264923,
            "Wind_Speed_kmh": 1.6916651554579396,
            "Soil_Moisture": 543482.9382003227,
            "Soil_Temperature": 18.427003332099318,
            "Wind_Dir_Sin": 0.6940592728408901,
            "Wind_Dir_Cos": 0.37445261000811814
        },
        "RMSE": {
            "Temperature": 3.499583578999614,
            "Precipitation_accumulated": 107.36602908437024,
            "Humidity": 9.834361203588632,
            "Wind_Speed_kmh": 1.3006402867272486,
            "Soil_Moisture": 737.2129530877239,
            "Soil_Temperature": 4.2926685560498745,
            "Wind_Dir_Sin": 0.8331021983171633,
            "Wind_Dir_Cos": 0.6119253304187678
        },
        "MAE": {
            "Temperature": 2.7788304292765362,
            "Precipitation_accumulated": 83.13193024704559,
            "Humidity": 7.492284027657246,
            "Wind_Speed_kmh": 1.0709542240625407,
            "Soil_Moisture": 661.4046258311505,
            "Soil_Temperature": 3.6245274374918406,
            "Wind_Dir_Sin": 0.6930944280447296,
            "Wind_Dir_Cos": 0.5213052492628254
        },
        "R2": {
            "Temperature": 0.5978872607622955,
            "Precipitation_accumulated": -3477.3815035660136,
            "Humidity": 0.34025253981965664,
            "Wind_Speed_kmh": -0.25770409296851327,
            "Soil_Moisture": -9.365276961309858,
            "Soil_Temperature": -0.14637711652315266,
            "Wind_Dir_Sin": -0.25954301120486845,
            "Wind_Dir_Cos": -0.021098858704013068
        },
        "SMAPE": {
            "Temperature": 44.16103110198294,
            "Precipitation_accumulated": 21.098285638189815,
            "Humidity": 8.977216078218248,
            "Wind_Speed_kmh": 77.81709038930276,
            "Soil_Moisture": 8.086581560074418,
            "Soil_Temperature": 54.04035818836865,
            "Wind_Dir_Sin": 131.00904152146407,
            "Wind_Dir_Cos": 130.94502932357747
        }
    }
}