{
    "trial_number": 5,
    "input_chunk_length": 64,
    "output_chunk_length": 22,
    "d_model": 256,
    "nhead": 4,
    "num_encoder_layers": 2,
    "num_decoder_layers": 2,
    "activation": "ReGLU",
    "dropout": 0.3392647963974882,
    "batch_size": 207,
    "lr": 7.1902268019054e-06,
    "loss_function": "smoothl1",
    "optimizer": "AdamW",
    "overall_mae_val": 0.2234166260708855,
    "metrics": {
        "MSE": {
            "Temperature": 34.106781937956725,
            "Precipitation_accumulated": 30404.410119143708,
            "Humidity": 140.0373307451024,
            "Wind_Speed_kmh": 1.6329573462142644,
            "Soil_Moisture": 2039499.081583359,
            "Soil_Temperature": 33.66500902818451,
            "Wind_Dir_Sin": 0.5612660621658633,
            "Wind_Dir_Cos": 0.4923176006016561
        },
        "RMSE": {
            "Temperature": 5.840101192441508,
            "Precipitation_accumulated": 174.3686041669879,
            "Humidity": 11.833736972955855,
            "Wind_Speed_kmh": 1.2778721947887686,
            "Soil_Moisture": 1428.1103184219905,
            "Soil_Temperature": 5.802155550154142,
            "Wind_Dir_Sin": 0.7491769231402308,
            "Wind_Dir_Cos": 0.7016534761558986
        },
        "MAE": {
            "Temperature": 4.961179516503154,
            "Precipitation_accumulated": 165.49789169983907,
            "Humidity": 9.553012167067964,
            "Wind_Speed_kmh": 0.9964188382824729,
            "Soil_Moisture": 1386.7770807338097,
            "Soil_Temperature": 5.184235713402733,
            "Wind_Dir_Sin": 0.690045207848249,
            "Wind_Dir_Cos": 0.5941432401480768
        },
        "R2": {
            "Temperature": -0.1241065105531074,
            "Precipitation_accumulated": -9755.220135619351,
            "Humidity": 0.050154164866030526,
            "Wind_Speed_kmh": -0.20951955920760512,
            "Soil_Moisture": -45.52977576061714,
            "Soil_Temperature": -1.1236300808588031,
            "Wind_Dir_Sin": -0.023506208361527836,
            "Wind_Dir_Cos": -0.33986547732203665
        },
        "SMAPE": {
            "Temperature": 57.36076218821013,
            "Precipitation_accumulated": 44.530493984439836,
            "Humidity": 11.285285329914162,
            "Wind_Speed_kmh": 81.68763414932576,
            "Soil_Moisture": 17.67540642715274,
            "Soil_Temperature": 59.54847176581583,
            "Wind_Dir_Sin": 169.27155920193962,
            "Wind_Dir_Cos": 152.62990686369068
        }
    }
}