{
    "trial_number": 10,
    "input_chunk_length": 24,
    "output_chunk_length": 17,
    "d_model": 64,
    "nhead": 2,
    "num_encoder_layers": 1,
    "num_decoder_layers": 1,
    "activation": "GELU",
    "dropout": 0.12244552605812499,
    "batch_size": 65,
    "lr": 0.003163473021828231,
    "loss_function": "mse",
    "optimizer": "RMSprop",
    "overall_mae_val": 0.21654845743603332,
    "metrics": {
        "MSE": {
            "Temperature": 31.819716259427715,
            "Precipitation_accumulated": 25286.02846542303,
            "Humidity": 151.27311932580164,
            "Wind_Speed_kmh": 1.5862339780762091,
            "Soil_Moisture": 942135.400715779,
            "Soil_Temperature": 37.31217321419282,
            "Wind_Dir_Sin": 0.5739018407186972,
            "Wind_Dir_Cos": 0.8274680964097703
        },
        "RMSE": {
            "Temperature": 5.640896760217094,
            "Precipitation_accumulated": 159.01581199812497,
            "Humidity": 12.299313774589281,
            "Wind_Speed_kmh": 1.2594578111537555,
            "Soil_Moisture": 970.6365955988776,
            "Soil_Temperature": 6.108369112471251,
            "Wind_Dir_Sin": 0.7575630935563699,
            "Wind_Dir_Cos": 0.9096527339648742
        },
        "MAE": {
            "Temperature": 4.779725655840619,
            "Precipitation_accumulated": 146.84879715053154,
            "Humidity": 9.994774807118363,
            "Wind_Speed_kmh": 0.9810977065373019,
            "Soil_Moisture": 902.1287846175171,
            "Soil_Temperature": 5.447241056809825,
            "Wind_Dir_Sin": 0.698813038961021,
            "Wind_Dir_Cos": 0.7635639769923243
        },
        "R2": {
            "Temperature": -0.04104012193362161,
            "Precipitation_accumulated": -7493.72278349883,
            "Humidity": -0.03095330260755036,
            "Wind_Speed_kmh": -0.17665479693785358,
            "Soil_Moisture": -16.26222194406254,
            "Soil_Temperature": -1.312823476489691,
            "Wind_Dir_Sin": -0.040179074897402245,
            "Wind_Dir_Cos": -1.2588365531578258
        },
        "SMAPE": {
            "Temperature": 57.34544130990817,
            "Precipitation_accumulated": 38.97264217989948,
            "Humidity": 11.746132694949663,
            "Wind_Speed_kmh": 81.86421768295234,
            "Soil_Moisture": 11.211593467901983,
            "Soil_Temperature": 62.533159777727256,
            "Wind_Dir_Sin": 174.2031038552032,
            "Wind_Dir_Cos": 150.40600416245562
        }
    }
}