{
    "trial_number": 16,
    "input_chunk_length": 32,
    "output_chunk_length": 24,
    "d_model": 256,
    "nhead": 4,
    "num_encoder_layers": 4,
    "num_decoder_layers": 4,
    "activation": "ReLU",
    "dropout": 0.0044709267875900904,
    "batch_size": 26,
    "lr": 0.0034007570493627937,
    "forecast_horizon": 6,
    "overall_smape_val": 87.01585088898334,
    "metrics": {
        "MSE": {
            "Temperature": 53.4817350159551,
            "Precipitation_accumulated": 24748.478650421166,
            "Humidity": 65.36680995018686,
            "Wind_Speed_kmh": 0.4253425965320001,
            "Soil_Moisture": 1984539.1571688005,
            "Soil_Temperature": 55.686892130398995,
            "Wind_Dir_Sin": 0.19113334511855104,
            "Wind_Dir_Cos": 0.41509956910216705
        },
        "RMSE": {
            "Temperature": 7.313120743974839,
            "Precipitation_accumulated": 157.3164919848557,
            "Humidity": 8.084974332067286,
            "Wind_Speed_kmh": 0.6521829471337012,
            "Soil_Moisture": 1408.7367238660318,
            "Soil_Temperature": 7.462365049392786,
            "Wind_Dir_Sin": 0.4371879974548147,
            "Wind_Dir_Cos": 0.6442822123124051
        },
        "MAE": {
            "Temperature": 7.081655042819314,
            "Precipitation_accumulated": 157.31347325770787,
            "Humidity": 6.8366743786405335,
            "Wind_Speed_kmh": 0.5240255623482061,
            "Soil_Moisture": 1397.2856495716458,
            "Soil_Temperature": 7.076869780771344,
            "Wind_Dir_Sin": 0.24956180814832857,
            "Wind_Dir_Cos": 0.6215401785146123
        },
        "R2": {
            "Temperature": -14.736261891060094,
            "Precipitation_accumulated": -26056.589395071675,
            "Humidity": -0.0048930683720884716,
            "Wind_Speed_kmh": -0.24639002221925632,
            "Soil_Moisture": -1.6748723082651558,
            "Soil_Temperature": -8.935557881677884,
            "Wind_Dir_Sin": -0.1868366707158946,
            "Wind_Dir_Cos": -0.44262907519555994
        },
        "SMAPE": {
            "Temperature": 72.69724640740208,
            "Precipitation_accumulated": 41.306271723453186,
            "Humidity": 8.114242989009897,
            "Wind_Speed_kmh": 180.56618722973246,
            "Soil_Moisture": 21.32960022831452,
            "Soil_Temperature": 73.02515875450048,
            "Wind_Dir_Sin": 190.51899391183116,
            "Wind_Dir_Cos": 108.56910586762297
        }
    }
}