{
    "trial_number": 83,
    "input_chunk_length": 27,
    "output_chunk_length": 2,
    "d_model": 128,
    "nhead": 4,
    "num_encoder_layers": 1,
    "num_decoder_layers": 1,
    "activation": "Bilinear",
    "dropout": 0.12222309380220026,
    "batch_size": 177,
    "lr": 0.0011278334095788612,
    "loss_function": "huber",
    "optimizer": "AdamW",
    "overall_mae_val": 0.1360878475573592,
    "metrics": {
        "MSE": {
            "Temperature": 9.378326709401563,
            "Precipitation_accumulated": 4016.164988282246,
            "Humidity": 52.80480136607448,
            "Wind_Speed_kmh": 1.2238260223898754,
            "Soil_Moisture": 174752.25762088218,
            "Soil_Temperature": 22.196902404614125,
            "Wind_Dir_Sin": 0.5440852028152496,
            "Wind_Dir_Cos": 0.3758012863282331
        },
        "RMSE": {
            "Temperature": 3.06240537966507,
            "Precipitation_accumulated": 63.373219803654024,
            "Humidity": 7.266691225452921,
            "Wind_Speed_kmh": 1.106266704908846,
            "Soil_Moisture": 418.0337996153926,
            "Soil_Temperature": 4.711358870285103,
            "Wind_Dir_Sin": 0.7376213139648621,
            "Wind_Dir_Cos": 0.6130263341229585
        },
        "MAE": {
            "Temperature": 2.458202404243748,
            "Precipitation_accumulated": 53.08845447822189,
            "Humidity": 5.779301724191383,
            "Wind_Speed_kmh": 0.8962336420476771,
            "Soil_Moisture": 354.04613623308,
            "Soil_Temperature": 4.175989546558394,
            "Wind_Dir_Sin": 0.6169890355337013,
            "Wind_Dir_Cos": 0.5025293249006184
        },
        "R2": {
            "Temperature": 0.6921243126874299,
            "Precipitation_accumulated": -1167.4011955710678,
            "Humidity": 0.639663643068644,
            "Wind_Speed_kmh": 0.0932980782344437,
            "Soil_Moisture": -2.043858010902484,
            "Soil_Temperature": -0.37583651888220815,
            "Wind_Dir_Sin": 0.011307840167585126,
            "Wind_Dir_Cos": -0.02388245343862816
        },
        "SMAPE": {
            "Temperature": 39.21369478957168,
            "Precipitation_accumulated": 12.406185217547826,
            "Humidity": 6.916244206482855,
            "Wind_Speed_kmh": 71.74940551506288,
            "Soil_Moisture": 3.99680456352848,
            "Soil_Temperature": 98.24092157969588,
            "Wind_Dir_Sin": 126.60717803973054,
            "Wind_Dir_Cos": 121.43497790360658
        }
    }
}