{
    "trial_number": 63,
    "input_chunk_length": 25,
    "output_chunk_length": 9,
    "d_model": 128,
    "nhead": 4,
    "num_encoder_layers": 3,
    "num_decoder_layers": 1,
    "activation": "GELU",
    "dropout": 0.16387673950436377,
    "batch_size": 212,
    "lr": 0.0002992565565214506,
    "loss_function": "smoothl1",
    "optimizer": "AdamW",
    "overall_mae_val": 0.15285458062323484,
    "metrics": {
        "MSE": {
            "Temperature": 13.301307535321667,
            "Precipitation_accumulated": 7178.185645697856,
            "Humidity": 89.7288383233482,
            "Wind_Speed_kmh": 1.6592767959400587,
            "Soil_Moisture": 160260.24685856915,
            "Soil_Temperature": 20.946894812692165,
            "Wind_Dir_Sin": 0.6038665774914644,
            "Wind_Dir_Cos": 0.405418395446381
        },
        "RMSE": {
            "Temperature": 3.6470957672265296,
            "Precipitation_accumulated": 84.72417391570045,
            "Humidity": 9.472530724328541,
            "Wind_Speed_kmh": 1.288129184492013,
            "Soil_Moisture": 400.32517639859867,
            "Soil_Temperature": 4.5767777761971535,
            "Wind_Dir_Sin": 0.7770885261612505,
            "Wind_Dir_Cos": 0.6367247407211227
        },
        "MAE": {
            "Temperature": 2.895403572958823,
            "Precipitation_accumulated": 72.00616493866818,
            "Humidity": 7.5258990932585625,
            "Wind_Speed_kmh": 1.0752702837307313,
            "Soil_Moisture": 336.0057786471737,
            "Soil_Temperature": 3.84590404918877,
            "Wind_Dir_Sin": 0.6901719936936848,
            "Wind_Dir_Cos": 0.5252369104932969
        },
        "R2": {
            "Temperature": 0.5637543675095242,
            "Precipitation_accumulated": -2103.4777213200837,
            "Humidity": 0.3879149318168563,
            "Wind_Speed_kmh": -0.23208748804985957,
            "Soil_Moisture": -1.845817734004453,
            "Soil_Temperature": -0.30122119789244484,
            "Wind_Dir_Sin": -0.09680303917307764,
            "Wind_Dir_Cos": -0.10586117328790756
        },
        "SMAPE": {
            "Temperature": 46.19907885987286,
            "Precipitation_accumulated": 17.28769812257624,
            "Humidity": 8.921521675316201,
            "Wind_Speed_kmh": 77.74738873830093,
            "Soil_Moisture": 3.8711078008505666,
            "Soil_Temperature": 89.03275449503687,
            "Wind_Dir_Sin": 148.50537281080824,
            "Wind_Dir_Cos": 114.08956453381458
        }
    }
}