{
    "trial_number": 42,
    "input_chunk_length": 21,
    "output_chunk_length": 19,
    "d_model": 128,
    "nhead": 2,
    "num_encoder_layers": 4,
    "num_decoder_layers": 4,
    "activation": "ReLU",
    "dropout": 0.12902184496189606,
    "batch_size": 39,
    "lr": 0.0018341864237124612,
    "forecast_horizon": 5,
    "overall_smape_val": 48.869972661771556,
    "metrics": {
        "MSE": {
            "Temperature": 1.158207384339813,
            "Precipitation_accumulated": 38.401175057759126,
            "Humidity": 11.94464103097307,
            "Wind_Speed_kmh": 0.15578461731016696,
            "Soil_Moisture": 54911.42526703817,
            "Soil_Temperature": 1.1626409120096466,
            "Wind_Dir_Sin": 0.07630048904065827,
            "Wind_Dir_Cos": 0.07420106892769561
        },
        "RMSE": {
            "Temperature": 1.0762004387379764,
            "Precipitation_accumulated": 6.196868165271804,
            "Humidity": 3.4561019995036415,
            "Wind_Speed_kmh": 0.3946956008244416,
            "Soil_Moisture": 234.33186993458267,
            "Soil_Temperature": 1.0782582770420297,
            "Wind_Dir_Sin": 0.2762254315602716,
            "Wind_Dir_Cos": 0.2723987315089694
        },
        "MAE": {
            "Temperature": 0.7424032402289753,
            "Precipitation_accumulated": 3.665929571759054,
            "Humidity": 2.6268676204039383,
            "Wind_Speed_kmh": 0.15128069990596207,
            "Soil_Moisture": 136.13444298140672,
            "Soil_Temperature": 0.7363573073886569,
            "Wind_Dir_Sin": 0.14223031644655937,
            "Wind_Dir_Cos": 0.14185442670312337
        },
        "R2": {
            "Temperature": 0.6593468564707448,
            "Precipitation_accumulated": -39.43899885351622,
            "Humidity": 0.816349317542345,
            "Wind_Speed_kmh": 0.5431820721401079,
            "Soil_Moisture": 0.9259381768700583,
            "Soil_Temperature": 0.792632258466615,
            "Wind_Dir_Sin": 0.525900773072272,
            "Wind_Dir_Cos": 0.7419781528197178
        },
        "SMAPE": {
            "Temperature": 13.26747438981817,
            "Precipitation_accumulated": 0.7956515951042694,
            "Humidity": 3.153349842386885,
            "Wind_Speed_kmh": 165.89744053596897,
            "Soil_Moisture": 2.239789689716468,
            "Soil_Temperature": 23.94259920307207,
            "Wind_Dir_Sin": 149.14001567248042,
            "Wind_Dir_Cos": 32.52346036562545
        }
    }
}