{
    "trial_number": 48,
    "input_chunk_length": 34,
    "output_chunk_length": 17,
    "d_model": 128,
    "nhead": 2,
    "num_encoder_layers": 4,
    "num_decoder_layers": 3,
    "activation": "GELU",
    "dropout": 0.02254233832068829,
    "batch_size": 38,
    "lr": 0.0025952550591719415,
    "forecast_horizon": 3,
    "overall_smape_val": 87.30352371498543,
    "metrics": {
        "MSE": {
            "Temperature": 47.970688795944014,
            "Precipitation_accumulated": 27544.717074558677,
            "Humidity": 71.91879745618044,
            "Wind_Speed_kmh": 0.6936785111643552,
            "Soil_Moisture": 2080852.0954700552,
            "Soil_Temperature": 52.22744374105156,
            "Wind_Dir_Sin": 0.19782856887289033,
            "Wind_Dir_Cos": 0.4260568374982692
        },
        "RMSE": {
            "Temperature": 6.926087553297606,
            "Precipitation_accumulated": 165.96601180530513,
            "Humidity": 8.480495118575355,
            "Wind_Speed_kmh": 0.832873646578132,
            "Soil_Moisture": 1442.51589088996,
            "Soil_Temperature": 7.226855729918203,
            "Wind_Dir_Sin": 0.44477923610808356,
            "Wind_Dir_Cos": 0.6527302946074046
        },
        "MAE": {
            "Temperature": 6.681227019891884,
            "Precipitation_accumulated": 165.96313835201144,
            "Humidity": 6.997149099756975,
            "Wind_Speed_kmh": 0.7786150411191333,
            "Soil_Moisture": 1429.0321685887507,
            "Soil_Temperature": 6.827741657822645,
            "Wind_Dir_Sin": 0.26547303183572124,
            "Wind_Dir_Cos": 0.6307204733172356
        },
        "R2": {
            "Temperature": -13.097738985329132,
            "Precipitation_accumulated": -29014.85539966738,
            "Humidity": -0.10593504327984893,
            "Wind_Speed_kmh": -1.036963022303056,
            "Soil_Moisture": -1.8102505355452814,
            "Soil_Temperature": -8.309088588206391,
            "Wind_Dir_Sin": -0.2308503291411268,
            "Wind_Dir_Cos": -0.4832056907874629
        },
        "SMAPE": {
            "Temperature": 70.1084589794537,
            "Precipitation_accumulated": 44.07823034822863,
            "Humidity": 8.307305377686374,
            "Wind_Speed_kmh": 181.46357593671695,
            "Soil_Moisture": 21.76612985117392,
            "Soil_Temperature": 71.46951193295914,
            "Wind_Dir_Sin": 190.15108755853765,
            "Wind_Dir_Cos": 111.08388973512724
        }
    }
}