{
    "trial_number": 4,
    "input_chunk_length": 14,
    "d_model": 64,
    "num_encoder_layers": 2,
    "num_decoder_layers": 1,
    "activation": "SwiGLU",
    "dropout": 0.22899250479854744,
    "batch_size": 20,
    "lr": 0.0021602192762411035,
    "overall_smape_val": 46.987072894350234,
    "metrics": {
        "MSE": {
            "Temperature": 1.0078311978900216,
            "Precipitation_accumulated": 203.68691438239034,
            "Humidity": 3.702814096369329,
            "Wind_Speed_kmh": 0.09801656724319385,
            "Soil_Moisture": 20361.485969174857,
            "Soil_Temperature": 0.550864340091285,
            "Wind_Dir_Sin": 0.047564479513285254,
            "Wind_Dir_Cos": 0.042954579025431955
        },
        "RMSE": {
            "Temperature": 1.0039079628581604,
            "Precipitation_accumulated": 14.271892459740242,
            "Humidity": 1.9242697566529827,
            "Wind_Speed_kmh": 0.3130759767902894,
            "Soil_Moisture": 142.6936787989393,
            "Soil_Temperature": 0.7422023579127764,
            "Wind_Dir_Sin": 0.21809282315859285,
            "Wind_Dir_Cos": 0.2072548649017242
        },
        "MAE": {
            "Temperature": 0.7580082661289321,
            "Precipitation_accumulated": 10.59482841158568,
            "Humidity": 1.3243265674803282,
            "Wind_Speed_kmh": 0.23006330739375103,
            "Soil_Moisture": 89.45224211938437,
            "Soil_Temperature": 0.4946167878166042,
            "Wind_Dir_Sin": 0.11054903817984289,
            "Wind_Dir_Cos": 0.09820091012196287
        },
        "R2": {
            "Temperature": 0.7039576423599851,
            "Precipitation_accumulated": -213.600741249674,
            "Humidity": 0.9430587244773997,
            "Wind_Speed_kmh": 0.7119769483362584,
            "Soil_Moisture": 0.9724833690953785,
            "Soil_Temperature": 0.9018453440095031,
            "Wind_Dir_Sin": 0.703867640049736,
            "Wind_Dir_Cos": 0.850380941970962
        },
        "SMAPE": {
            "Temperature": 12.988847188244026,
            "Precipitation_accumulated": 2.2804901028162545,
            "Humidity": 1.546667137750429,
            "Wind_Speed_kmh": 166.12743536896457,
            "Soil_Moisture": 1.459713681089607,
            "Soil_Temperature": 16.069293879225484,
            "Wind_Dir_Sin": 150.58855631924885,
            "Wind_Dir_Cos": 24.83557947746238
        }
    }
}