{
    "trial_number": 23,
    "input_chunk_length": 13,
    "output_chunk_length": 12,
    "d_model": 64,
    "nhead": 8,
    "num_encoder_layers": 4,
    "num_decoder_layers": 2,
    "activation": "GEGLU",
    "dropout": 0.1640971217115027,
    "batch_size": 21,
    "lr": 0.0009402328801326712,
    "forecast_horizon": 4,
    "overall_smape_val": 50.23471350359661,
    "metrics": {
        "MSE": {
            "Temperature": 1.8516118371123456,
            "Precipitation_accumulated": 53.67204225337229,
            "Humidity": 21.510193407278926,
            "Wind_Speed_kmh": 0.13131891848285607,
            "Soil_Moisture": 53630.989604624316,
            "Soil_Temperature": 1.2319855645941293,
            "Wind_Dir_Sin": 0.07237882808977954,
            "Wind_Dir_Cos": 0.07557635049611046
        },
        "RMSE": {
            "Temperature": 1.360739444975542,
            "Precipitation_accumulated": 7.326120545921442,
            "Humidity": 4.637908300870008,
            "Wind_Speed_kmh": 0.3623795227145928,
            "Soil_Moisture": 231.5836557372396,
            "Soil_Temperature": 1.1099484513229114,
            "Wind_Dir_Sin": 0.26903313567250325,
            "Wind_Dir_Cos": 0.2749115321264469
        },
        "MAE": {
            "Temperature": 1.0823088903187543,
            "Precipitation_accumulated": 6.623532847525495,
            "Humidity": 3.763091186453592,
            "Wind_Speed_kmh": 0.1956000918899203,
            "Soil_Moisture": 123.7452212153138,
            "Soil_Temperature": 0.808816263222392,
            "Wind_Dir_Sin": 0.13811936591069118,
            "Wind_Dir_Cos": 0.1171538933725146
        },
        "R2": {
            "Temperature": 0.45561384097552404,
            "Precipitation_accumulated": -55.52940925579407,
            "Humidity": 0.6692476937758707,
            "Wind_Speed_kmh": 0.614655523950904,
            "Soil_Moisture": 0.9276173378318952,
            "Soil_Temperature": 0.7803368901425942,
            "Wind_Dir_Sin": 0.5499707732695343,
            "Wind_Dir_Cos": 0.7370482594196381
        },
        "SMAPE": {
            "Temperature": 18.01544384777989,
            "Precipitation_accumulated": 1.4472214195296735,
            "Humidity": 4.528893122597275,
            "Wind_Speed_kmh": 162.40452263490897,
            "Soil_Moisture": 1.9872354061240634,
            "Soil_Temperature": 19.68604077189401,
            "Wind_Dir_Sin": 158.05120038058698,
            "Wind_Dir_Cos": 35.757150445352046
        }
    }
}