{
    "trial_number": 2,
    "fold_smape": [
        142.89980473018116,
        62.16424769629612,
        87.40232367252312
    ],
    "mean_smape": 97.48879203300014,
    "hyperparameters": {
        "input_chunk_length": 120,
        "dropout": 0.2,
        "batch_size": 232,
        "lr": 0.001466537112107695,
        "weight_decay": 3.951184465450467e-06,
        "num_layers": 1,
        "num_blocks": 1,
        "num_stacks": 5,
        "layer_widths": 48,
        "activation": "ReLU"
    },
    "metrics_per_fold": [
        {
            "Temperature": {
                "MSE": 1809.5489891176983,
                "RMSE": 42.53879393116004,
                "MAE": 12.095669755219072,
                "R2": -92.53368759126411,
                "SMAPE": 30.551683802398486,
                "WAPE": 75.94106403870657
            },
            "Precipitation_accumulated": {
                "MSE": 12852.667947639071,
                "RMSE": 113.36960768935857,
                "MAE": 97.73207508726547,
                "R2": 0.17276134752008332,
                "SMAPE": 29.517016390689044,
                "WAPE": 23.308073727768196
            },
            "Humidity": {
                "MSE": 13905650.84810541,
                "RMSE": 3729.028137210205,
                "MAE": 3517.94507205862,
                "R2": -191166.09077832333,
                "SMAPE": 176.74843163250785,
                "WAPE": 4151.274835485918
            },
            "Wind_Speed_kmh": {
                "MSE": 4027.6112736736454,
                "RMSE": 63.46346408504381,
                "MAE": 59.31904236779788,
                "R2": -26438.94489713531,
                "SMAPE": 198.95125048372424,
                "WAPE": 36652.01003590619
            },
            "Soil_Moisture": {
                "MSE": 4805229267.194864,
                "RMSE": 69319.76101513092,
                "MAE": 65722.72963003605,
                "R2": -7099.221291702501,
                "SMAPE": 153.60661270275818,
                "WAPE": 977.7888220259464
            },
            "Soil_Temperature": {
                "MSE": 188281.97011816668,
                "RMSE": 433.9147037358456,
                "MAE": 409.02697158793256,
                "R2": -9466.821474940807,
                "SMAPE": 182.79593829593657,
                "WAPE": 2607.405427108954
            },
            "Wind_Dir_Sin": {
                "MSE": 1868.2735325565345,
                "RMSE": 43.22352984841167,
                "MAE": 40.951277650880165,
                "R2": -18537.53547215017,
                "SMAPE": 191.67554145182777,
                "WAPE": 32061.442386082217
            },
            "Wind_Dir_Cos": {
                "MSE": 1956.5581162918447,
                "RMSE": 44.23299804774536,
                "MAE": 41.94082432583933,
                "R2": -5707.241650501241,
                "SMAPE": 179.351963081607,
                "WAPE": 4531.461072494961
            }
        },
        {
            "Temperature": {
                "MSE": 38.984892485920476,
                "RMSE": 6.243788312068281,
                "MAE": 6.040921689260912,
                "R2": -13.845718623780922,
                "SMAPE": 54.94333642051577,
                "WAPE": 73.09004361949296
            },
            "Precipitation_accumulated": {
                "MSE": 319.7377599323412,
                "RMSE": 17.88121248496145,
                "MAE": 11.172906880466346,
                "R2": -1372.2313257311334,
                "SMAPE": 2.3619239404722405,
                "WAPE": 2.436052215455011
            },
            "Humidity": {
                "MSE": 35.856024116359606,
                "RMSE": 5.987989989667619,
                "MAE": 4.236820940310189,
                "R2": 0.052272073300120736,
                "SMAPE": 4.941373829950996,
                "WAPE": 4.848553359068823
            },
            "Wind_Speed_kmh": {
                "MSE": 0.009317570818030672,
                "RMSE": 0.09652756506838174,
                "MAE": 0.09101720844529781,
                "R2": -7.588015835254087,
                "SMAPE": 194.40797965079452,
                "WAPE": 1068.992706425346
            },
            "Soil_Moisture": {
                "MSE": 321892.07100383815,
                "RMSE": 567.3553304621701,
                "MAE": 537.8801431712951,
                "R2": -9.092729976613068,
                "SMAPE": 8.831836449465913,
                "WAPE": 9.192446891158317
            },
            "Soil_Temperature": {
                "MSE": 13.221353620485106,
                "RMSE": 3.636117932697605,
                "MAE": 3.121118533742781,
                "R2": -6.683923201997675,
                "SMAPE": 30.498546016102686,
                "WAPE": 35.04489188745491
            },
            "Wind_Dir_Sin": {
                "MSE": 0.028979196685469156,
                "RMSE": 0.17023277206657111,
                "MAE": 0.07589653233074385,
                "R2": 0.06798296802113613,
                "SMAPE": 192.47015652173963,
                "WAPE": 187.21073802335727
            },
            "Wind_Dir_Cos": {
                "MSE": 0.04891007959736234,
                "RMSE": 0.22115623345807447,
                "MAE": 0.06213203647639997,
                "R2": -0.04153051241336447,
                "SMAPE": 8.858828741327294,
                "WAPE": 6.386779249245551
            }
        },
        {
            "Temperature": {
                "MSE": 103.98868249732054,
                "RMSE": 10.197484125867543,
                "MAE": 9.051737041567147,
                "R2": -2.6581177251301145,
                "SMAPE": 80.69966741444208,
                "WAPE": 108.86033512199491
            },
            "Precipitation_accumulated": {
                "MSE": 17137.74188583127,
                "RMSE": 130.91119847374125,
                "MAE": 122.66320631574627,
                "R2": -3761.133416978612,
                "SMAPE": 31.127947708788827,
                "WAPE": 26.440462852964384
            },
            "Humidity": {
                "MSE": 625.2849247961859,
                "RMSE": 25.0056978466146,
                "MAE": 22.469084843900678,
                "R2": -3.3590183997102825,
                "SMAPE": 28.54678656427805,
                "WAPE": 25.662670954565
            },
            "Wind_Speed_kmh": {
                "MSE": 1.7701316071271627,
                "RMSE": 1.3304629296328263,
                "MAE": 1.014179474244359,
                "R2": -0.2752889414753181,
                "SMAPE": 96.16002158752802,
                "WAPE": 72.79501468690144
            },
            "Soil_Moisture": {
                "MSE": 6769213.4997727005,
                "RMSE": 2601.7712235653426,
                "MAE": 2532.858991167088,
                "R2": -12.325522854189854,
                "SMAPE": 35.17351299446496,
                "WAPE": 30.222337206207907
            },
            "Soil_Temperature": {
                "MSE": 162.4146228229099,
                "RMSE": 12.744199575607324,
                "MAE": 12.03558901763973,
                "R2": -8.537941504923234,
                "SMAPE": 100.1044776389938,
                "WAPE": 173.19570427514364
            },
            "Wind_Dir_Sin": {
                "MSE": 0.6327136336938987,
                "RMSE": 0.7954329850426739,
                "MAE": 0.7314179666416607,
                "R2": -0.1767655469559941,
                "SMAPE": 177.8027324169324,
                "WAPE": 104.8134020292942
            },
            "Wind_Dir_Cos": {
                "MSE": 0.6721317539953396,
                "RMSE": 0.8198364190467142,
                "MAE": 0.6889109623303353,
                "R2": -0.7005788080705535,
                "SMAPE": 149.60344305475675,
                "WAPE": 120.38557557178765
            }
        }
    ]
}