{
    "trial_number": 12,
    "fold_smape": [
        98.00195417794028,
        70.50058985230451,
        80.48029386499346
    ],
    "mean_smape": 82.99427929841275,
    "hyperparameters": {
        "input_chunk_length": 60,
        "dropout": 0.35,
        "batch_size": 208,
        "lr": 0.00013929636378647018,
        "weight_decay": 2.784544338277865e-05,
        "num_layers": 5,
        "num_blocks": 3,
        "num_stacks": 3,
        "layer_widths": 32,
        "activation": "ReLU"
    },
    "metrics_per_fold": [
        {
            "Temperature": {
                "MSE": 834.3329516038114,
                "RMSE": 28.884822166733368,
                "MAE": 27.359918421439435,
                "R2": -40.37223026622517,
                "SMAPE": 91.67898330640831,
                "WAPE": 171.76839719888522
            },
            "Precipitation_accumulated": {
                "MSE": 181175.43491284252,
                "RMSE": 425.6470778859436,
                "MAE": 401.9678756209768,
                "R2": -8.056158630865639,
                "SMAPE": 191.24864141649192,
                "WAPE": 98.7804970557291
            },
            "Humidity": {
                "MSE": 207.4867501957144,
                "RMSE": 14.404400376125151,
                "MAE": 11.188450614563227,
                "R2": -1.6556656771788472,
                "SMAPE": 13.010504145312915,
                "WAPE": 13.237505521244447
            },
            "Wind_Speed_kmh": {
                "MSE": 19.30071121959807,
                "RMSE": 4.393257472491007,
                "MAE": 4.30958527729441,
                "R2": -108.57965805230567,
                "SMAPE": 197.40928605346122,
                "WAPE": 2282.586859421505
            },
            "Soil_Moisture": {
                "MSE": 1156838.3119570964,
                "RMSE": 1075.564183095131,
                "MAE": 606.1620831912591,
                "R2": -0.34245837597174766,
                "SMAPE": 8.363200348405254,
                "WAPE": 8.912364965920544
            },
            "Soil_Temperature": {
                "MSE": 225.63406511615318,
                "RMSE": 15.021120634498386,
                "MAE": 14.010850863753852,
                "R2": -9.85258555754572,
                "SMAPE": 63.70103040164736,
                "WAPE": 89.36754255197421
            },
            "Wind_Dir_Sin": {
                "MSE": 1.0717674883071786,
                "RMSE": 1.0352620384748872,
                "MAE": 0.9896472759810424,
                "R2": -8.869624532727414,
                "SMAPE": 174.62549071522284,
                "WAPE": 709.450789061159
            },
            "Wind_Dir_Cos": {
                "MSE": 0.36602190190021566,
                "RMSE": 0.6049974395815372,
                "MAE": 0.44613298596396334,
                "R2": 0.0782331235875362,
                "SMAPE": 43.97849703657252,
                "WAPE": 48.42497887826025
            }
        },
        {
            "Temperature": {
                "MSE": 45.04267193717033,
                "RMSE": 6.711383757256795,
                "MAE": 6.51702782538573,
                "R2": -15.820333334641568,
                "SMAPE": 57.633547835961025,
                "WAPE": 78.26283110337867
            },
            "Precipitation_accumulated": {
                "MSE": 284.0039535751443,
                "RMSE": 16.85241684670612,
                "MAE": 16.126941737558823,
                "R2": -1223.9964418206828,
                "SMAPE": 3.5851967666155495,
                "WAPE": 3.516295471438291
            },
            "Humidity": {
                "MSE": 44.04021756023395,
                "RMSE": 6.636280400965133,
                "MAE": 5.76412881133059,
                "R2": -0.1800320712675778,
                "SMAPE": 6.675578403377756,
                "WAPE": 6.586218277619064
            },
            "Wind_Speed_kmh": {
                "MSE": 0.0014547598752649544,
                "RMSE": 0.038141314545581076,
                "MAE": 0.022037108474670105,
                "R2": -0.3824302444995271,
                "SMAPE": 198.18930714845916,
                "WAPE": 266.85449612395973
            },
            "Soil_Moisture": {
                "MSE": 181233.3357725838,
                "RMSE": 425.71508755573115,
                "MAE": 389.4674511355741,
                "R2": -4.432929617244753,
                "SMAPE": 6.4791484255397025,
                "WAPE": 6.646209010037185
            },
            "Soil_Temperature": {
                "MSE": 75.84332476400746,
                "RMSE": 8.708807310074524,
                "MAE": 8.606353492115733,
                "R2": -42.499795031389944,
                "SMAPE": 65.61751991835521,
                "WAPE": 96.13700247425844
            },
            "Wind_Dir_Sin": {
                "MSE": 0.034790612268888965,
                "RMSE": 0.18652241760412866,
                "MAE": 0.06842646184310017,
                "R2": -0.15201277299983396,
                "SMAPE": 197.98260026118467,
                "WAPE": 174.02097205305927
            },
            "Wind_Dir_Cos": {
                "MSE": 0.07071904861216587,
                "RMSE": 0.2659305334333872,
                "MAE": 0.2245500581248909,
                "R2": -0.5510320598343263,
                "SMAPE": 27.841820058942922,
                "WAPE": 23.062934524691197
            }
        },
        {
            "Temperature": {
                "MSE": 47.408339994692604,
                "RMSE": 6.885371449289617,
                "MAE": 5.963612036209495,
                "R2": -0.7010225088666813,
                "SMAPE": 66.82398816215442,
                "WAPE": 72.49590437788868
            },
            "Precipitation_accumulated": {
                "MSE": 34011.48208604894,
                "RMSE": 184.42202169494007,
                "MAE": 176.3721291336119,
                "R2": -7169.629002139455,
                "SMAPE": 48.016348990949865,
                "WAPE": 38.02582826476931
            },
            "Humidity": {
                "MSE": 179.64060771680516,
                "RMSE": 13.403007413144453,
                "MAE": 11.93890686597755,
                "R2": -0.2558352791264382,
                "SMAPE": 13.971607780692304,
                "WAPE": 13.690217272812937
            },
            "Wind_Speed_kmh": {
                "MSE": 1.6597914383994987,
                "RMSE": 1.288328932532177,
                "MAE": 0.9626651011692476,
                "R2": -0.1871908271114664,
                "SMAPE": 94.50695079905765,
                "WAPE": 71.09092675262622
            },
            "Soil_Moisture": {
                "MSE": 2572742.1288385354,
                "RMSE": 1603.976972664675,
                "MAE": 1541.4651626049872,
                "R2": -2.8356193823077995,
                "SMAPE": 20.101791874436447,
                "WAPE": 18.557487768724258
            },
            "Soil_Temperature": {
                "MSE": 63.84795936553533,
                "RMSE": 7.990491809991131,
                "MAE": 7.002610849629646,
                "R2": -2.8598308239928034,
                "SMAPE": 76.7806069794861,
                "WAPE": 101.15059545057802
            },
            "Wind_Dir_Sin": {
                "MSE": 0.6277787176923276,
                "RMSE": 0.7923248814042935,
                "MAE": 0.7179678428270487,
                "R2": -0.20225488898184074,
                "SMAPE": 171.0761179861168,
                "WAPE": 105.54478711560482
            },
            "Wind_Dir_Cos": {
                "MSE": 0.5282010922276121,
                "RMSE": 0.7267744438459652,
                "MAE": 0.6138288248539112,
                "R2": -0.24944260671786256,
                "SMAPE": 152.56493834705412,
                "WAPE": 104.96182912703563
            }
        }
    ]
}