{
    "trial_number": 1,
    "fold_smape": [
        127.09369264028851,
        68.63539510664364,
        79.45491566158992
    ],
    "mean_smape": 91.72800113617403,
    "hyperparameters": {
        "input_chunk_length": 48,
        "dropout": 0.4,
        "batch_size": 192,
        "lr": 0.0001354163471788365,
        "weight_decay": 4.376249867162605e-06,
        "num_layers": 5,
        "num_blocks": 4,
        "num_stacks": 3,
        "layer_widths": 32,
        "activation": "ReLU"
    },
    "metrics_per_fold": [
        {
            "Temperature": {
                "MSE": 1357.6337870610387,
                "RMSE": 36.84608238416995,
                "MAE": 36.514344898549794,
                "R2": -64.526219400619,
                "SMAPE": 200.0,
                "WAPE": 230.12449829255564
            },
            "Precipitation_accumulated": {
                "MSE": 184945.62125093988,
                "RMSE": 430.05304469441893,
                "MAE": 404.7572193161246,
                "R2": -7.87784955506803,
                "SMAPE": 189.26392148814853,
                "WAPE": 100.05266015902117
            },
            "Humidity": {
                "MSE": 1116.675234973204,
                "RMSE": 33.41669096384626,
                "MAE": 31.999923431457695,
                "R2": -13.342510598662905,
                "SMAPE": 46.110636203529495,
                "WAPE": 37.84793922726655
            },
            "Wind_Speed_kmh": {
                "MSE": 1.570105277613201,
                "RMSE": 1.253038418251093,
                "MAE": 1.2032909096799276,
                "R2": -7.699615566505765,
                "SMAPE": 173.34014344322404,
                "WAPE": 619.0483928789848
            },
            "Soil_Moisture": {
                "MSE": 2140702.172414264,
                "RMSE": 1463.113861739497,
                "MAE": 1392.1117782986294,
                "R2": -1.3869710019951507,
                "SMAPE": 19.181420082593682,
                "WAPE": 20.42140838044054
            },
            "Soil_Temperature": {
                "MSE": 24.27697181040323,
                "RMSE": 4.927166712260021,
                "MAE": 3.8054667184156896,
                "R2": -0.14304500607618809,
                "SMAPE": 24.595616487340664,
                "WAPE": 24.361376431754124
            },
            "Wind_Dir_Sin": {
                "MSE": 0.12310385537670146,
                "RMSE": 0.3508615900561095,
                "MAE": 0.3063021544940555,
                "R2": -0.13268211550171216,
                "SMAPE": 185.85758237746555,
                "WAPE": 217.3925013345595
            },
            "Wind_Dir_Cos": {
                "MSE": 4.351657615307404,
                "RMSE": 2.0860627064657966,
                "MAE": 1.9867229379682643,
                "R2": -9.63233034906893,
                "SMAPE": 178.40022104000607,
                "WAPE": 215.63927122294183
            }
        },
        {
            "Temperature": {
                "MSE": 29.60744518565945,
                "RMSE": 5.441272386644456,
                "MAE": 5.197137675197796,
                "R2": -9.977594814507867,
                "SMAPE": 49.02082000881075,
                "WAPE": 62.30442562008128
            },
            "Precipitation_accumulated": {
                "MSE": 174.7908011526046,
                "RMSE": 13.220847217656083,
                "MAE": 12.722294246863125,
                "R2": -753.6909220730232,
                "SMAPE": 2.733301744299561,
                "WAPE": 2.773966893906605
            },
            "Humidity": {
                "MSE": 43.41323015574063,
                "RMSE": 6.588871690641777,
                "MAE": 5.740156550694794,
                "R2": -0.1641637580316555,
                "SMAPE": 6.6454428503351926,
                "WAPE": 6.556276402966456
            },
            "Wind_Speed_kmh": {
                "MSE": 0.022135379893695652,
                "RMSE": 0.14877963534602326,
                "MAE": 0.140692261476577,
                "R2": -20.161348311842662,
                "SMAPE": 194.22725251358528,
                "WAPE": 1713.9411277835022
            },
            "Soil_Moisture": {
                "MSE": 256262.28774829325,
                "RMSE": 506.223555110085,
                "MAE": 473.74904866359924,
                "R2": -6.34721373329101,
                "SMAPE": 7.8145239643854545,
                "WAPE": 8.08002900787162
            },
            "Soil_Temperature": {
                "MSE": 64.94100380000822,
                "RMSE": 8.058598128707512,
                "MAE": 7.945021416767016,
                "R2": -36.02786986647198,
                "SMAPE": 62.13576003344312,
                "WAPE": 88.63980651917393
            },
            "Wind_Dir_Sin": {
                "MSE": 0.030085982162631086,
                "RMSE": 0.17345311228868476,
                "MAE": 0.07685762706723316,
                "R2": -0.0019533044731070426,
                "SMAPE": 195.1672203186052,
                "WAPE": 196.63926958742564
            },
            "Wind_Dir_Cos": {
                "MSE": 0.080198067489081,
                "RMSE": 0.28319263318292903,
                "MAE": 0.2513983151506262,
                "R2": -0.769154644345998,
                "SMAPE": 31.33883941968462,
                "WAPE": 25.816266002936796
            }
        },
        {
            "Temperature": {
                "MSE": 30.76019307036793,
                "RMSE": 5.5461872552563465,
                "MAE": 4.381550973594433,
                "R2": -0.10647672247686013,
                "SMAPE": 58.539140515766036,
                "WAPE": 53.41994780176563
            },
            "Precipitation_accumulated": {
                "MSE": 17674.782088523214,
                "RMSE": 132.94653846010138,
                "MAE": 124.34108774014872,
                "R2": -3695.3004127259123,
                "SMAPE": 31.661870029659486,
                "WAPE": 26.809096820425665
            },
            "Humidity": {
                "MSE": 180.65347638948077,
                "RMSE": 13.440739428672842,
                "MAE": 11.8423483509868,
                "R2": -0.26187294013712137,
                "SMAPE": 13.869404048069,
                "WAPE": 13.59140679277132
            },
            "Wind_Speed_kmh": {
                "MSE": 1.5144527800424392,
                "RMSE": 1.2306310495198953,
                "MAE": 0.9391189000319845,
                "R2": -0.08061299005613387,
                "SMAPE": 92.62949709018417,
                "WAPE": 69.75074241981143
            },
            "Soil_Moisture": {
                "MSE": 3565144.217082999,
                "RMSE": 1888.1589491043912,
                "MAE": 1825.4306049613094,
                "R2": -4.038462150069581,
                "SMAPE": 24.253780167256654,
                "WAPE": 22.01762897721303
            },
            "Soil_Temperature": {
                "MSE": 95.84381538138447,
                "RMSE": 9.789985463798425,
                "MAE": 9.16204365534368,
                "R2": -4.8265063883046775,
                "SMAPE": 88.86331321456248,
                "WAPE": 132.46482531879084
            },
            "Wind_Dir_Sin": {
                "MSE": 0.5394452850398637,
                "RMSE": 0.7344693901313135,
                "MAE": 0.6658954183277074,
                "R2": -0.03878280511761201,
                "SMAPE": 178.458073689103,
                "WAPE": 98.41537520924365
            },
            "Wind_Dir_Cos": {
                "MSE": 0.5745519330977737,
                "RMSE": 0.7579920402601691,
                "MAE": 0.6447356621360297,
                "R2": -0.34290651473546596,
                "SMAPE": 147.3642465381188,
                "WAPE": 109.78637731054651
            }
        }
    ]
}