{
    "trial_number": 16,
    "fold_smape": [
        106.60547985452608,
        65.48318085481412,
        80.40131233236004
    ],
    "mean_smape": 84.16332434723341,
    "hyperparameters": {
        "input_chunk_length": 72,
        "dropout": 0.2,
        "batch_size": 128,
        "lr": 0.004710667950270656,
        "weight_decay": 0.0003290450013737979,
        "num_layers": 5,
        "num_blocks": 2,
        "num_stacks": 2,
        "layer_widths": 32,
        "activation": "ReLU"
    },
    "metrics_per_fold": [
        {
            "Temperature": {
                "MSE": 42.06507558269607,
                "RMSE": 6.485759445330675,
                "MAE": 5.473850746883269,
                "R2": -1.1011455145984743,
                "SMAPE": 32.282042729868806,
                "WAPE": 34.36819917183603
            },
            "Precipitation_accumulated": {
                "MSE": 183684.06187880834,
                "RMSE": 428.58378629949163,
                "MAE": 405.7576060190917,
                "R2": -8.588009944737209,
                "SMAPE": 187.51129230363549,
                "WAPE": 99.12350067250576
            },
            "Humidity": {
                "MSE": 227.33989019782607,
                "RMSE": 15.07779460656717,
                "MAE": 13.862140966306008,
                "R2": -1.9571460744925666,
                "SMAPE": 17.554344438889192,
                "WAPE": 16.38801458195288
            },
            "Wind_Speed_kmh": {
                "MSE": 4.109509588930111,
                "RMSE": 2.0271925386923932,
                "MAE": 1.9262915782136925,
                "R2": -22.647069069843024,
                "SMAPE": 172.90972245543853,
                "WAPE": 1040.9664698116394
            },
            "Soil_Moisture": {
                "MSE": 5011358.502869374,
                "RMSE": 2238.606375151597,
                "MAE": 2153.919304644132,
                "R2": -5.065038882137263,
                "SMAPE": 28.088796666152962,
                "WAPE": 31.741963801850954
            },
            "Soil_Temperature": {
                "MSE": 124.1900259601247,
                "RMSE": 11.144057876739724,
                "MAE": 10.372973495725846,
                "R2": -5.029166263605973,
                "SMAPE": 52.46530460001697,
                "WAPE": 66.16553921891011
            },
            "Wind_Dir_Sin": {
                "MSE": 0.13416676620945545,
                "RMSE": 0.36628781881118494,
                "MAE": 0.24078250109934415,
                "R2": -0.2420979604613811,
                "SMAPE": 186.28557331191794,
                "WAPE": 174.57687722193992
            },
            "Wind_Dir_Cos": {
                "MSE": 1.6185954299624736,
                "RMSE": 1.272240319264593,
                "MAE": 1.1972390020989354,
                "R2": -3.183616843711712,
                "SMAPE": 175.74676233028868,
                "WAPE": 129.9218568233663
            }
        },
        {
            "Temperature": {
                "MSE": 43.43576293064306,
                "RMSE": 6.590581380321698,
                "MAE": 6.386172745152595,
                "R2": -15.33112661029044,
                "SMAPE": 56.879993262615315,
                "WAPE": 76.82410625542661
            },
            "Precipitation_accumulated": {
                "MSE": 26.473900589857504,
                "RMSE": 5.145279447207654,
                "MAE": 4.215358890240637,
                "R2": -113.08007819094308,
                "SMAPE": 0.9231067084298611,
                "WAPE": 0.9191055247638008
            },
            "Humidity": {
                "MSE": 38.588683260730384,
                "RMSE": 6.211979013223595,
                "MAE": 5.07341807238317,
                "R2": -0.032799323603164954,
                "SMAPE": 5.871378872999233,
                "WAPE": 5.7992018385965665
            },
            "Wind_Speed_kmh": {
                "MSE": 0.009624052163823118,
                "RMSE": 0.09810225361235651,
                "MAE": 0.09232440415262187,
                "R2": -8.090540893746471,
                "SMAPE": 193.88820150261873,
                "WAPE": 1111.2580618481247
            },
            "Soil_Moisture": {
                "MSE": 306357.4008408205,
                "RMSE": 553.4956195317362,
                "MAE": 525.9228778481182,
                "R2": -8.272642937515023,
                "SMAPE": 8.6376682233946,
                "WAPE": 8.977515932238889
            },
            "Soil_Temperature": {
                "MSE": 31.474450373553594,
                "RMSE": 5.610209476797956,
                "MAE": 5.458966266741624,
                "R2": -17.153533361414013,
                "SMAPE": 47.62097681166845,
                "WAPE": 61.05457195987953
            },
            "Wind_Dir_Sin": {
                "MSE": 0.033816004082656045,
                "RMSE": 0.18389128332429475,
                "MAE": 0.060822510930387576,
                "R2": -0.11330759752267516,
                "SMAPE": 198.3439296851565,
                "WAPE": 153.7518489812765
            },
            "Wind_Dir_Cos": {
                "MSE": 0.046056244786447625,
                "RMSE": 0.2146071871733275,
                "MAE": 0.08842698223752075,
                "R2": -0.0042474081216157256,
                "SMAPE": 11.70019177163022,
                "WAPE": 9.083587232429034
            }
        },
        {
            "Temperature": {
                "MSE": 33.80256064986839,
                "RMSE": 5.813996959912207,
                "MAE": 4.943501534301813,
                "R2": -0.20711877577856752,
                "SMAPE": 60.50047910833015,
                "WAPE": 59.99552216709263
            },
            "Precipitation_accumulated": {
                "MSE": 11547.875852851688,
                "RMSE": 107.46104341970484,
                "MAE": 101.57248840303264,
                "R2": -2453.3009850309045,
                "SMAPE": 24.9506485142204,
                "WAPE": 21.898080843121708
            },
            "Humidity": {
                "MSE": 212.7196754631322,
                "RMSE": 14.584912597034382,
                "MAE": 12.711663857965465,
                "R2": -0.48655916396809107,
                "SMAPE": 14.953053170800617,
                "WAPE": 14.564640416779863
            },
            "Wind_Speed_kmh": {
                "MSE": 2.1976597930486648,
                "RMSE": 1.4824506039152416,
                "MAE": 1.0852414246962112,
                "R2": -0.5733007083306669,
                "SMAPE": 112.00371765891337,
                "WAPE": 79.6913712614626
            },
            "Soil_Moisture": {
                "MSE": 3495492.6745770006,
                "RMSE": 1869.6236719128801,
                "MAE": 1812.5044890402414,
                "R2": -4.466307984205948,
                "SMAPE": 24.025079745030762,
                "WAPE": 21.78224624999351
            },
            "Soil_Temperature": {
                "MSE": 60.87126198557261,
                "RMSE": 7.802003716070161,
                "MAE": 7.0348122667749475,
                "R2": -2.6584922013120353,
                "SMAPE": 77.96513503451574,
                "WAPE": 101.55407561537285
            },
            "Wind_Dir_Sin": {
                "MSE": 0.5837416947429345,
                "RMSE": 0.7640299043512201,
                "MAE": 0.6975322578594851,
                "R2": -0.11143020311809759,
                "SMAPE": 187.18279031021697,
                "WAPE": 101.99825784648942
            },
            "Wind_Dir_Cos": {
                "MSE": 0.9246045103558977,
                "RMSE": 0.9615635758263193,
                "MAE": 0.8002890991370231,
                "R2": -1.2145475109919528,
                "SMAPE": 141.6295951168523,
                "WAPE": 137.42766044830122
            }
        }
    ]
}