{
    "trial_number": 36,
    "fold_smape": [
        129.94688228375696,
        65.38464220788053,
        85.17913306233322
    ],
    "mean_smape": 93.50355251799023,
    "hyperparameters": {
        "input_chunk_length": 60,
        "dropout": 0.4,
        "batch_size": 208,
        "lr": 8.995941709681421e-05,
        "weight_decay": 0.00039709041883232376,
        "num_layers": 5,
        "num_blocks": 4,
        "num_stacks": 2,
        "layer_widths": 72,
        "activation": "ReLU"
    },
    "metrics_per_fold": [
        {
            "Temperature": {
                "MSE": 237.0671366892178,
                "RMSE": 15.39698466223883,
                "MAE": 14.671880761517917,
                "R2": -10.755494193064534,
                "SMAPE": 73.80138479610062,
                "WAPE": 92.11158467213382
            },
            "Precipitation_accumulated": {
                "MSE": 183717.29077363975,
                "RMSE": 428.62255047260373,
                "MAE": 404.77214774422833,
                "R2": -8.183214762417077,
                "SMAPE": 193.83770089746565,
                "WAPE": 99.4696252448571
            },
            "Humidity": {
                "MSE": 4847.029152127179,
                "RMSE": 69.62060867392053,
                "MAE": 69.06631350654457,
                "R2": -61.03812505351635,
                "SMAPE": 139.63637766297526,
                "WAPE": 81.71513088549077
            },
            "Wind_Speed_kmh": {
                "MSE": 10.55865481158534,
                "RMSE": 3.2494083787030124,
                "MAE": 3.1675263608405397,
                "R2": -58.94669163129149,
                "SMAPE": 194.61928188759816,
                "WAPE": 1677.6913746709708
            },
            "Soil_Moisture": {
                "MSE": 1454823.3555678935,
                "RMSE": 1206.1605844861178,
                "MAE": 1000.1435658652161,
                "R2": -0.6882564996808944,
                "SMAPE": 14.077779656201896,
                "WAPE": 14.70505121399275
            },
            "Soil_Temperature": {
                "MSE": 296.05648231285153,
                "RMSE": 17.206291939661245,
                "MAE": 16.113595608969735,
                "R2": -13.239774931645393,
                "SMAPE": 69.15570931337788,
                "WAPE": 102.7797994035665
            },
            "Wind_Dir_Sin": {
                "MSE": 0.42365360377895833,
                "RMSE": 0.6508867826119673,
                "MAE": 0.6106120257625174,
                "R2": -2.901314461254479,
                "SMAPE": 175.95870815847238,
                "WAPE": 437.7308905923256
            },
            "Wind_Dir_Cos": {
                "MSE": 1.3091470723833092,
                "RMSE": 1.1441796503973094,
                "MAE": 1.098843211839478,
                "R2": -2.2968748629809075,
                "SMAPE": 178.48811589786374,
                "WAPE": 119.27264066536554
            }
        },
        {
            "Temperature": {
                "MSE": 40.45941968770154,
                "RMSE": 6.360771941179902,
                "MAE": 6.1524051921833465,
                "R2": -14.108804527017861,
                "SMAPE": 55.36412469935668,
                "WAPE": 73.88408663222116
            },
            "Precipitation_accumulated": {
                "MSE": 80.31408299059727,
                "RMSE": 8.96181248356588,
                "MAE": 8.528684095623435,
                "R2": -345.41935315714267,
                "SMAPE": 1.8408266364519223,
                "WAPE": 1.8595821669600716
            },
            "Humidity": {
                "MSE": 62.38682163601752,
                "RMSE": 7.898532878707129,
                "MAE": 7.045425499208712,
                "R2": -0.6716186802270561,
                "SMAPE": 8.206582695910841,
                "WAPE": 8.050255592012048
            },
            "Wind_Speed_kmh": {
                "MSE": 0.03610932347563816,
                "RMSE": 0.1900245338782289,
                "MAE": 0.18672002618101852,
                "R2": -33.313993484352416,
                "SMAPE": 194.1886181723496,
                "WAPE": 2261.053375494362
            },
            "Soil_Moisture": {
                "MSE": 143082.29126625854,
                "RMSE": 378.26219909774034,
                "MAE": 334.2033420206435,
                "R2": -3.2892551450862353,
                "SMAPE": 5.591994059268731,
                "WAPE": 5.703134514696435
            },
            "Soil_Temperature": {
                "MSE": 32.95297666907281,
                "RMSE": 5.740468331858718,
                "MAE": 5.585833934311085,
                "R2": -17.90011725144077,
                "SMAPE": 48.393224704463165,
                "WAPE": 62.396383236595064
            },
            "Wind_Dir_Sin": {
                "MSE": 0.040340327203852784,
                "RMSE": 0.20084901593946827,
                "MAE": 0.10183096343136262,
                "R2": -0.3357790845028774,
                "SMAPE": 198.16079101384344,
                "WAPE": 258.9747118893616
            },
            "Wind_Dir_Cos": {
                "MSE": 0.04501851609354395,
                "RMSE": 0.2121756727184904,
                "MAE": 0.0848001407710824,
                "R2": 0.012639972998135685,
                "SMAPE": 11.330975681400002,
                "WAPE": 8.709595137135619
            }
        },
        {
            "Temperature": {
                "MSE": 25.64608443344589,
                "RMSE": 5.0641963265108405,
                "MAE": 4.199070917572337,
                "R2": 0.07981239396969686,
                "SMAPE": 54.78932866636689,
                "WAPE": 51.04548080390983
            },
            "Precipitation_accumulated": {
                "MSE": 17740.09177690366,
                "RMSE": 133.19193585538,
                "MAE": 128.37958321925478,
                "R2": -3739.1374122493744,
                "SMAPE": 32.51735667457318,
                "WAPE": 27.678636121129134
            },
            "Humidity": {
                "MSE": 539.0866342091767,
                "RMSE": 23.218239257298922,
                "MAE": 20.158483294702165,
                "R2": -2.7686580019406195,
                "SMAPE": 25.251547515558343,
                "WAPE": 23.115517969345184
            },
            "Wind_Speed_kmh": {
                "MSE": 2.9761050691430793,
                "RMSE": 1.7251391448642859,
                "MAE": 1.3001175394451456,
                "R2": -1.1287039786237205,
                "SMAPE": 158.3416432714734,
                "WAPE": 96.01112645949115
            },
            "Soil_Moisture": {
                "MSE": 4551383.950459603,
                "RMSE": 2133.3972790972625,
                "MAE": 2047.4562328363,
                "R2": -5.785513519222633,
                "SMAPE": 27.58984331568458,
                "WAPE": 24.64904489547298
            },
            "Soil_Temperature": {
                "MSE": 42.319221936352854,
                "RMSE": 6.5053225851108145,
                "MAE": 5.791424835873988,
                "R2": -1.5583438985443854,
                "SMAPE": 70.70106906037233,
                "WAPE": 83.65537986262683
            },
            "Wind_Dir_Sin": {
                "MSE": 0.6746390595801449,
                "RMSE": 0.8213641455409074,
                "MAE": 0.7443250158338081,
                "R2": -0.29199682120452564,
                "SMAPE": 166.23655744803298,
                "WAPE": 109.41942055742277
            },
            "Wind_Dir_Cos": {
                "MSE": 0.6019642953543476,
                "RMSE": 0.7758635803763104,
                "MAE": 0.6535995506495675,
                "R2": -0.423927078921136,
                "SMAPE": 146.00571854660402,
                "WAPE": 111.7624353485101
            }
        }
    ]
}