{
    "trial_number": 51,
    "fold_smape": [
        117.20752816900381,
        65.29907958831876,
        85.63777440990191
    ],
    "mean_smape": 89.38146072240816,
    "hyperparameters": {
        "input_chunk_length": 60,
        "dropout": 0.4,
        "batch_size": 208,
        "lr": 0.0001093559094729647,
        "weight_decay": 0.00040186614881895544,
        "num_layers": 5,
        "num_blocks": 4,
        "num_stacks": 2,
        "layer_widths": 72,
        "activation": "ReLU"
    },
    "metrics_per_fold": [
        {
            "Temperature": {
                "MSE": 647.1542945336463,
                "RMSE": 25.439227475173972,
                "MAE": 24.50153734717132,
                "R2": -31.090565810394168,
                "SMAPE": 94.89425833004294,
                "WAPE": 153.82318522318258
            },
            "Precipitation_accumulated": {
                "MSE": 182381.4555099151,
                "RMSE": 427.06141889652724,
                "MAE": 403.2887498734157,
                "R2": -8.11644226614122,
                "SMAPE": 192.00066418083574,
                "WAPE": 99.10509168907502
            },
            "Humidity": {
                "MSE": 2176.925240364047,
                "RMSE": 46.65753144310195,
                "MAE": 44.393903013291194,
                "R2": -26.862914798973613,
                "SMAPE": 78.12273987779801,
                "WAPE": 52.52421058936531
            },
            "Wind_Speed_kmh": {
                "MSE": 32.390963348993495,
                "RMSE": 5.691305944068856,
                "MAE": 5.433650906237706,
                "R2": -182.8994764173974,
                "SMAPE": 194.97137684911522,
                "WAPE": 2877.9521367421457
            },
            "Soil_Moisture": {
                "MSE": 3205989.1300673727,
                "RMSE": 1790.5276122046744,
                "MAE": 1715.6192732956376,
                "R2": -2.7204049316556,
                "SMAPE": 23.33188869234506,
                "WAPE": 25.22464787912784
            },
            "Soil_Temperature": {
                "MSE": 835.5617904690944,
                "RMSE": 28.906085699539023,
                "MAE": 27.229019912218888,
                "R2": -39.1889928057355,
                "SMAPE": 91.49177195580305,
                "WAPE": 173.67900203327187
            },
            "Wind_Dir_Sin": {
                "MSE": 1.3677076358649878,
                "RMSE": 1.1694903316680252,
                "MAE": 1.1122058341173582,
                "R2": -11.59485941102071,
                "SMAPE": 175.0398860207252,
                "WAPE": 797.3096332031931
            },
            "Wind_Dir_Cos": {
                "MSE": 0.4216377728994956,
                "RMSE": 0.6493364096518042,
                "MAE": 0.6066581128469861,
                "R2": -0.06182643958019085,
                "SMAPE": 87.80763944536548,
                "WAPE": 65.84898948340371
            }
        },
        {
            "Temperature": {
                "MSE": 38.663932830972335,
                "RMSE": 6.2180328747098415,
                "MAE": 6.002756567356343,
                "R2": -13.438313942660882,
                "SMAPE": 54.40909605440828,
                "WAPE": 72.08695988004324
            },
            "Precipitation_accumulated": {
                "MSE": 26.717113263748146,
                "RMSE": 5.168859957838686,
                "MAE": 4.671252991298644,
                "R2": -114.23913055369519,
                "SMAPE": 1.0124007460953468,
                "WAPE": 1.0185133676642377
            },
            "Humidity": {
                "MSE": 77.35176058019086,
                "RMSE": 8.794984967593228,
                "MAE": 7.906857371911222,
                "R2": -1.0725955344974345,
                "SMAPE": 9.256567898464,
                "WAPE": 9.034546285475438
            },
            "Wind_Speed_kmh": {
                "MSE": 0.05002559892320018,
                "RMSE": 0.22366403135774912,
                "MAE": 0.22082742623104729,
                "R2": -46.53836157189819,
                "SMAPE": 194.92404572361477,
                "WAPE": 2674.0709483265896
            },
            "Soil_Moisture": {
                "MSE": 136999.2554699106,
                "RMSE": 370.1341047105908,
                "MAE": 324.16927396545174,
                "R2": -3.1069006946764652,
                "SMAPE": 5.43003180896181,
                "WAPE": 5.531904509926339
            },
            "Soil_Temperature": {
                "MSE": 29.587267168487102,
                "RMSE": 5.4394179071374085,
                "MAE": 5.274183376200425,
                "R2": -15.969720952673022,
                "SMAPE": 46.35778992159867,
                "WAPE": 58.915100425746544
            },
            "Wind_Dir_Sin": {
                "MSE": 0.03825156055476232,
                "RMSE": 0.19558006175160678,
                "MAE": 0.09092447190987465,
                "R2": -0.2666142810504226,
                "SMAPE": 198.07892018752182,
                "WAPE": 231.2375148294033
            },
            "Wind_Dir_Cos": {
                "MSE": 0.04573826392386767,
                "RMSE": 0.2138650600819771,
                "MAE": 0.09941753995005899,
                "R2": -0.00314575915941262,
                "SMAPE": 12.923784365885473,
                "WAPE": 10.210909022338495
            }
        },
        {
            "Temperature": {
                "MSE": 26.558547081340723,
                "RMSE": 5.153498528314597,
                "MAE": 4.287660190947889,
                "R2": 0.04707301725363877,
                "SMAPE": 55.53903556101623,
                "WAPE": 52.12240523369262
            },
            "Precipitation_accumulated": {
                "MSE": 16303.638795238467,
                "RMSE": 127.68570317478174,
                "MAE": 124.18626845130454,
                "R2": -3436.290527056942,
                "SMAPE": 31.178058294999953,
                "WAPE": 26.77455752316992
            },
            "Humidity": {
                "MSE": 549.1476759653503,
                "RMSE": 23.43390014413628,
                "MAE": 20.358390130391193,
                "R2": -2.838992940921039,
                "SMAPE": 25.5401461491526,
                "WAPE": 23.34474900746495
            },
            "Wind_Speed_kmh": {
                "MSE": 2.9979192813399127,
                "RMSE": 1.7314500516445495,
                "MAE": 1.303632545463258,
                "R2": -1.144306922476543,
                "SMAPE": 161.044126180235,
                "WAPE": 96.27070274938175
            },
            "Soil_Moisture": {
                "MSE": 4483689.456961807,
                "RMSE": 2117.472421771251,
                "MAE": 2034.2174010452632,
                "R2": -5.68458995271934,
                "SMAPE": 27.38022356041682,
                "WAPE": 24.48966441449008
            },
            "Soil_Temperature": {
                "MSE": 44.28111178937275,
                "RMSE": 6.65440544221441,
                "MAE": 5.951132473379249,
                "R2": -1.6769469518481142,
                "SMAPE": 71.74532933415999,
                "WAPE": 85.96230837522819
            },
            "Wind_Dir_Sin": {
                "MSE": 0.6714188949086796,
                "RMSE": 0.8194015468063748,
                "MAE": 0.7426227126514835,
                "R2": -0.2858299050436417,
                "SMAPE": 166.49157767027842,
                "WAPE": 109.1691736573984
            },
            "Wind_Dir_Cos": {
                "MSE": 0.5988235392714325,
                "RMSE": 0.773836894488388,
                "MAE": 0.6532471177066448,
                "R2": -0.41649772194886503,
                "SMAPE": 146.18369852895646,
                "WAPE": 111.70217098027585
            }
        }
    ]
}