{
    "trial_number": 0,
    "fold_smape": [
        120.57119038021958,
        113.38746065797439,
        91.90618291017489
    ],
    "mean_smape": 108.62161131612295,
    "hyperparameters": {
        "input_chunk_length": 156,
        "dropout": 0.4,
        "batch_size": 72,
        "lr": 5.8207212856627805e-06,
        "weight_decay": 0.009069816725470973,
        "num_layers": 4,
        "num_blocks": 3,
        "num_stacks": 2,
        "layer_widths": 176,
        "activation": "GELU"
    },
    "metrics_per_fold": [
        {
            "Temperature": {
                "MSE": 647.005596705931,
                "RMSE": 25.436304698323045,
                "MAE": 24.465930587294903,
                "R2": -33.15239135929949,
                "SMAPE": 93.62082052788647,
                "WAPE": 153.86671010410333
            },
            "Precipitation_accumulated": {
                "MSE": 186922.59632586312,
                "RMSE": 432.3454594717783,
                "MAE": 418.1800380634357,
                "R2": -13.879453017853713,
                "SMAPE": 191.07841157596857,
                "WAPE": 97.91004074061577
            },
            "Humidity": {
                "MSE": 633.4075440558896,
                "RMSE": 25.16758915859621,
                "MAE": 17.886420454064325,
                "R2": -8.208296426055401,
                "SMAPE": 28.32384859438436,
                "WAPE": 21.059587322010536
            },
            "Wind_Speed_kmh": {
                "MSE": 30.63393872222958,
                "RMSE": 5.534793466989494,
                "MAE": 5.265154516483792,
                "R2": -234.87417711444687,
                "SMAPE": 194.45791096866066,
                "WAPE": 3722.2667794363615
            },
            "Soil_Moisture": {
                "MSE": 40610589.34867869,
                "RMSE": 6372.643827225768,
                "MAE": 6091.674741488005,
                "R2": -72.09928951075655,
                "SMAPE": 62.43766586275738,
                "WAPE": 91.30733220710282
            },
            "Soil_Temperature": {
                "MSE": 2789.6237632713564,
                "RMSE": 52.81688899652607,
                "MAE": 50.290853569568526,
                "R2": -141.70461554273774,
                "SMAPE": 125.02619791695894,
                "WAPE": 320.8155288996262
            },
            "Wind_Dir_Sin": {
                "MSE": 6.5613775400352505,
                "RMSE": 2.561518600368783,
                "MAE": 2.4532738132131997,
                "R2": -68.05922519212766,
                "SMAPE": 185.475357222784,
                "WAPE": 2043.319246962388
            },
            "Wind_Dir_Cos": {
                "MSE": 1.6691461081551275,
                "RMSE": 1.2919543754154508,
                "MAE": 1.2312840551423345,
                "R2": -4.458354495369607,
                "SMAPE": 84.1493103723561,
                "WAPE": 132.54029124254248
            }
        },
        {
            "Temperature": {
                "MSE": 27.605826173532055,
                "RMSE": 5.254124681955316,
                "MAE": 5.000690435912342,
                "R2": -9.560717568006114,
                "SMAPE": 48.10061453625519,
                "WAPE": 60.75079587027495
            },
            "Precipitation_accumulated": {
                "MSE": 113229.89976183124,
                "RMSE": 336.49650780035034,
                "MAE": 336.49626116136017,
                "R2": -485397.85345997167,
                "SMAPE": 115.86994112662157,
                "WAPE": 73.36560550330383
            },
            "Humidity": {
                "MSE": 1393.0554414122876,
                "RMSE": 37.32365793183042,
                "MAE": 36.7856126041954,
                "R2": -35.1740079069739,
                "SMAPE": 53.028490259170624,
                "WAPE": 42.108962335212375
            },
            "Wind_Speed_kmh": {
                "MSE": 0.40507907265240617,
                "RMSE": 0.6364582253788588,
                "MAE": 0.6349335514117792,
                "R2": -365.41566539716297,
                "SMAPE": 197.7661159217953,
                "WAPE": 7318.452290639913
            },
            "Soil_Moisture": {
                "MSE": 1940833.146945413,
                "RMSE": 1393.1378779379352,
                "MAE": 1381.9658966782274,
                "R2": -61.66338742612577,
                "SMAPE": 21.18072737097891,
                "WAPE": 23.63952075297072
            },
            "Soil_Temperature": {
                "MSE": 115.16670474975248,
                "RMSE": 10.731575129017758,
                "MAE": 10.67714094450003,
                "R2": -65.8651944546889,
                "SMAPE": 75.75550448132002,
                "WAPE": 120.20483663649921
            },
            "Wind_Dir_Sin": {
                "MSE": 0.14029397067580104,
                "RMSE": 0.37455836751539945,
                "MAE": 0.3273019669934283,
                "R2": -3.432021068181153,
                "SMAPE": 199.22655339448653,
                "WAPE": 792.3137180403916
            },
            "Wind_Dir_Cos": {
                "MSE": 1.635135213321541,
                "RMSE": 1.2787240567540525,
                "MAE": 1.2626420105873204,
                "R2": -33.194475891993264,
                "SMAPE": 196.17173817316737,
                "WAPE": 129.8604005336941
            }
        },
        {
            "Temperature": {
                "MSE": 36.67898210825399,
                "RMSE": 6.056317536940578,
                "MAE": 5.150891993206716,
                "R2": -0.27511771845947064,
                "SMAPE": 61.79442016319897,
                "WAPE": 61.51790228649212
            },
            "Precipitation_accumulated": {
                "MSE": 114397.86864288879,
                "RMSE": 338.2275397463796,
                "MAE": 338.2235306229356,
                "R2": -25731.211381060304,
                "SMAPE": 114.70220082386118,
                "WAPE": 72.89571814595479
            },
            "Humidity": {
                "MSE": 1633.8440784428747,
                "RMSE": 40.420837181370636,
                "MAE": 38.58684824675621,
                "R2": -10.341868472772253,
                "SMAPE": 55.18568650058334,
                "WAPE": 43.97179590041796
            },
            "Wind_Speed_kmh": {
                "MSE": 2.303500381404824,
                "RMSE": 1.5177286916326065,
                "MAE": 1.13937035023542,
                "R2": -0.6717782187408243,
                "SMAPE": 111.54044718662485,
                "WAPE": 80.3491036296367
            },
            "Soil_Moisture": {
                "MSE": 3781351.9171505803,
                "RMSE": 1944.569854016713,
                "MAE": 1919.0357603875473,
                "R2": -9.137121047901378,
                "SMAPE": 25.43760329910916,
                "WAPE": 22.757540020264834
            },
            "Soil_Temperature": {
                "MSE": 123.83339501320235,
                "RMSE": 11.128045426453037,
                "MAE": 10.351626787085921,
                "R2": -6.143377118772009,
                "SMAPE": 93.56177789685607,
                "WAPE": 148.61981297355328
            },
            "Wind_Dir_Sin": {
                "MSE": 0.8005063244591502,
                "RMSE": 0.8947101902063875,
                "MAE": 0.8038461402850583,
                "R2": -0.48474516975123616,
                "SMAPE": 155.90473761312742,
                "WAPE": 115.41459773747869
            },
            "Wind_Dir_Cos": {
                "MSE": 0.4480448390125314,
                "RMSE": 0.6693615159333045,
                "MAE": 0.5555632936109456,
                "R2": -0.13115492083832558,
                "SMAPE": 117.12258979803812,
                "WAPE": 96.54661491183751
            }
        }
    ]
}