{
    "trial_number": 23,
    "fold_smape": [
        144.2876675875161,
        65.2498545692276,
        78.42832955188008
    ],
    "mean_smape": 95.98861723620793,
    "hyperparameters": {
        "input_chunk_length": 48,
        "dropout": 0.35,
        "batch_size": 96,
        "lr": 0.00016628145984265514,
        "weight_decay": 6.39443606677621e-05,
        "num_layers": 5,
        "num_blocks": 3,
        "num_stacks": 3,
        "layer_widths": 48,
        "activation": "ReLU"
    },
    "metrics_per_fold": [
        {
            "Temperature": {
                "MSE": 11528.693748959848,
                "RMSE": 107.37175489373287,
                "MAE": 100.57001667247803,
                "R2": -555.4326132691657,
                "SMAPE": 142.15281836650416,
                "WAPE": 633.8228083874822
            },
            "Precipitation_accumulated": {
                "MSE": 169843.4777435462,
                "RMSE": 412.1207077344527,
                "MAE": 388.0838948327302,
                "R2": -7.152909126033638,
                "SMAPE": 180.4819494599599,
                "WAPE": 95.931151292356
            },
            "Humidity": {
                "MSE": 38986.40506318092,
                "RMSE": 197.44975326188919,
                "MAE": 188.68171147336417,
                "R2": -499.73907821180916,
                "SMAPE": 107.30115962004437,
                "WAPE": 223.16346988881605
            },
            "Wind_Speed_kmh": {
                "MSE": 529.5473749018798,
                "RMSE": 23.01189637778425,
                "MAE": 21.49506627997096,
                "R2": -2933.1080828043487,
                "SMAPE": 191.95992209182688,
                "WAPE": 11058.411667867393
            },
            "Soil_Moisture": {
                "MSE": 93905102.22973627,
                "RMSE": 9690.464500205151,
                "MAE": 9296.469907015848,
                "R2": -103.70805273625604,
                "SMAPE": 81.33834672629862,
                "WAPE": 136.3733943115318
            },
            "Soil_Temperature": {
                "MSE": 15182.73903208021,
                "RMSE": 123.21825770591064,
                "MAE": 115.04865648018948,
                "R2": -713.8566206984877,
                "SMAPE": 145.01182132180716,
                "WAPE": 736.504569838497
            },
            "Wind_Dir_Sin": {
                "MSE": 30.55149231207566,
                "RMSE": 5.527340437504791,
                "MAE": 5.19070057270488,
                "R2": -280.10515984965235,
                "SMAPE": 180.9771807883157,
                "WAPE": 3684.007326174207
            },
            "Wind_Dir_Cos": {
                "MSE": 12.326291970922854,
                "RMSE": 3.510881936340619,
                "MAE": 3.293887612554184,
                "R2": -29.116617574167723,
                "SMAPE": 125.07814232537177,
                "WAPE": 357.51916419097904
            }
        },
        {
            "Temperature": {
                "MSE": 43.411063986301,
                "RMSE": 6.58870730768191,
                "MAE": 6.406482923631449,
                "R2": -15.095582307760434,
                "SMAPE": 56.92008874524001,
                "WAPE": 76.80232153683043
            },
            "Precipitation_accumulated": {
                "MSE": 91.50820386774942,
                "RMSE": 9.565992048279647,
                "MAE": 7.964571261864264,
                "R2": -394.1032336873577,
                "SMAPE": 1.7222186741435437,
                "WAPE": 1.736593775923623
            },
            "Humidity": {
                "MSE": 50.16805291273273,
                "RMSE": 7.082940979051903,
                "MAE": 6.177455362161669,
                "R2": -0.3453002414816859,
                "SMAPE": 7.158645319183291,
                "WAPE": 7.05574917053732
            },
            "Wind_Speed_kmh": {
                "MSE": 0.02194443478767324,
                "RMSE": 0.14813654102777357,
                "MAE": 0.14423639041792274,
                "R2": -19.97880543630192,
                "SMAPE": 195.3656987286594,
                "WAPE": 1757.1164118466668
            },
            "Soil_Moisture": {
                "MSE": 196618.27271257536,
                "RMSE": 443.41659047962486,
                "MAE": 392.8120896907393,
                "R2": -4.6371793375571,
                "SMAPE": 6.524625155071801,
                "WAPE": 6.699608343905289
            },
            "Soil_Temperature": {
                "MSE": 32.67884037159116,
                "RMSE": 5.716540944626493,
                "MAE": 5.588124268930488,
                "R2": -17.632724748032537,
                "SMAPE": 48.397112399113546,
                "WAPE": 62.34473489999203
            },
            "Wind_Dir_Sin": {
                "MSE": 0.03396291323641029,
                "RMSE": 0.18429029609941563,
                "MAE": 0.059526229829186275,
                "R2": -0.13106671947115145,
                "SMAPE": 197.5955647216442,
                "WAPE": 152.2971083229645
            },
            "Wind_Dir_Cos": {
                "MSE": 0.04317733476931813,
                "RMSE": 0.20779156568378354,
                "MAE": 0.05578642690269579,
                "R2": 0.047515922400233834,
                "SMAPE": 8.31488281076496,
                "WAPE": 5.728746572587349
            }
        },
        {
            "Temperature": {
                "MSE": 34.82996799680834,
                "RMSE": 5.901691960515081,
                "MAE": 5.0021187486484475,
                "R2": -0.25287083682864075,
                "SMAPE": 59.9300885883547,
                "WAPE": 60.9859212094989
            },
            "Precipitation_accumulated": {
                "MSE": 13691.574763698338,
                "RMSE": 117.01100274631587,
                "MAE": 110.52150067600634,
                "R2": -2862.2982967743246,
                "SMAPE": 27.49549748136768,
                "WAPE": 23.829465112561277
            },
            "Humidity": {
                "MSE": 227.1410482999839,
                "RMSE": 15.0711992986618,
                "MAE": 13.194627853019675,
                "R2": -0.5865907934491223,
                "SMAPE": 15.551988513023902,
                "WAPE": 15.1434115358275
            },
            "Wind_Speed_kmh": {
                "MSE": 2.3683936922213578,
                "RMSE": 1.538958638892338,
                "MAE": 1.1184815498869443,
                "R2": -0.6899285491817637,
                "SMAPE": 120.16781204694503,
                "WAPE": 83.07246130901923
            },
            "Soil_Moisture": {
                "MSE": 3790226.1046304977,
                "RMSE": 1946.8503036007924,
                "MAE": 1859.7980916381496,
                "R2": -4.3565605219784125,
                "SMAPE": 24.778981620894037,
                "WAPE": 22.432156140542812
            },
            "Soil_Temperature": {
                "MSE": 45.35125587879424,
                "RMSE": 6.734334108046188,
                "MAE": 6.173233080608574,
                "R2": -1.7569789562734508,
                "SMAPE": 73.05358614668417,
                "WAPE": 89.25260263282618
            },
            "Wind_Dir_Sin": {
                "MSE": 0.651472880312285,
                "RMSE": 0.8071386995506318,
                "MAE": 0.7271183957913275,
                "R2": -0.25450874228854636,
                "SMAPE": 167.09732164892716,
                "WAPE": 107.46376649212827
            },
            "Wind_Dir_Cos": {
                "MSE": 0.9095349746936899,
                "RMSE": 0.9536954307815939,
                "MAE": 0.78826880434077,
                "R2": -1.125866040186239,
                "SMAPE": 139.35136036884379,
                "WAPE": 134.22737636192713
            }
        }
    ]
}