{
    "trial_number": 62,
    "fold_smape": [
        121.05521609400789,
        65.91578656219312,
        86.55373675542506
    ],
    "mean_smape": 91.17491313720869,
    "hyperparameters": {
        "input_chunk_length": 48,
        "dropout": 0.4,
        "batch_size": 200,
        "lr": 0.00011759071853798157,
        "weight_decay": 0.0003062584865857879,
        "num_layers": 5,
        "num_blocks": 4,
        "num_stacks": 2,
        "layer_widths": 72,
        "activation": "ReLU"
    },
    "metrics_per_fold": [
        {
            "Temperature": {
                "MSE": 115.99202095675665,
                "RMSE": 10.769959190115655,
                "MAE": 9.740105788756681,
                "R2": -4.598356999045366,
                "SMAPE": 59.70056226851014,
                "WAPE": 61.3851067075578
            },
            "Precipitation_accumulated": {
                "MSE": 182715.8006751497,
                "RMSE": 427.4526882301124,
                "MAE": 402.8109942220225,
                "R2": -7.7708126245759015,
                "SMAPE": 198.2878085206193,
                "WAPE": 99.57156930099482
            },
            "Humidity": {
                "MSE": 614.4171723984643,
                "RMSE": 24.787439811292824,
                "MAE": 17.33516325399556,
                "R2": -6.891537782099136,
                "SMAPE": 27.401748048726663,
                "WAPE": 20.50318047595655
            },
            "Wind_Speed_kmh": {
                "MSE": 59.7253866742004,
                "RMSE": 7.728220149180561,
                "MAE": 7.2478179159816545,
                "R2": -329.9255188392861,
                "SMAPE": 181.87575875474994,
                "WAPE": 3728.7325921554752
            },
            "Soil_Moisture": {
                "MSE": 10639765.99156942,
                "RMSE": 3261.8654159191515,
                "MAE": 3205.8175053205127,
                "R2": -10.863776856566691,
                "SMAPE": 39.590531007899656,
                "WAPE": 47.02733608742699
            },
            "Soil_Temperature": {
                "MSE": 1213.115793641732,
                "RMSE": 34.82981185194275,
                "MAE": 33.070176417593714,
                "R2": -56.117747655830954,
                "SMAPE": 104.09997103506339,
                "WAPE": 211.7046543791413
            },
            "Wind_Dir_Sin": {
                "MSE": 4.362496514393378,
                "RMSE": 2.0886590230081543,
                "MAE": 1.9715442033154749,
                "R2": -39.139455955066104,
                "SMAPE": 176.63517878622184,
                "WAPE": 1399.2684007017663
            },
            "Wind_Dir_Cos": {
                "MSE": 1.0511455803510377,
                "RMSE": 1.0252539101856855,
                "MAE": 0.9878375580657444,
                "R2": -1.5682459520580925,
                "SMAPE": 180.8501703302726,
                "WAPE": 107.22006930960913
            }
        },
        {
            "Temperature": {
                "MSE": 43.84378633492939,
                "RMSE": 6.621464062798301,
                "MAE": 6.416867022616498,
                "R2": -15.256023392110578,
                "SMAPE": 56.94617285187915,
                "WAPE": 76.92680839157224
            },
            "Precipitation_accumulated": {
                "MSE": 27.99358508271773,
                "RMSE": 5.2908964346996745,
                "MAE": 4.379490611730658,
                "R2": -119.86737058754572,
                "SMAPE": 0.9570806027049268,
                "WAPE": 0.9549033950469306
            },
            "Humidity": {
                "MSE": 49.36070366485223,
                "RMSE": 7.025717306072899,
                "MAE": 6.182002771696704,
                "R2": -0.32365046487937277,
                "SMAPE": 7.1681694640897,
                "WAPE": 7.060943118396732
            },
            "Wind_Speed_kmh": {
                "MSE": 0.02385158086411193,
                "RMSE": 0.15443957026653476,
                "MAE": 0.14962163703803666,
                "R2": -21.802030635006435,
                "SMAPE": 193.90602673658415,
                "WAPE": 1822.720557864371
            },
            "Soil_Moisture": {
                "MSE": 205531.76251960205,
                "RMSE": 453.35611004992757,
                "MAE": 417.83683614424666,
                "R2": -4.8927351405477495,
                "SMAPE": 6.929698351970286,
                "WAPE": 7.126418018414104
            },
            "Soil_Temperature": {
                "MSE": 36.337616779106966,
                "RMSE": 6.02806907550892,
                "MAE": 5.885098044093859,
                "R2": -19.718875080805745,
                "SMAPE": 50.259120365896806,
                "WAPE": 65.65796674555972
            },
            "Wind_Dir_Sin": {
                "MSE": 0.03309446606569314,
                "RMSE": 0.1819188447239404,
                "MAE": 0.056233179007587765,
                "R2": -0.10214482794848911,
                "SMAPE": 198.5617961040616,
                "WAPE": 143.87187932510656
            },
            "Wind_Dir_Cos": {
                "MSE": 0.04497827057182818,
                "RMSE": 0.21208081141826146,
                "MAE": 0.0961985861217741,
                "R2": 0.0077876092508747385,
                "SMAPE": 12.598228020358553,
                "WAPE": 9.87869901569608
            }
        },
        {
            "Temperature": {
                "MSE": 35.43756371843576,
                "RMSE": 5.952945801738477,
                "MAE": 5.082273780171716,
                "R2": -0.27472669843260755,
                "SMAPE": 61.48445709192759,
                "WAPE": 61.96317278681176
            },
            "Precipitation_accumulated": {
                "MSE": 50680.954940811156,
                "RMSE": 225.1243099729817,
                "MAE": 220.56500892861845,
                "R2": -10597.83135909801,
                "SMAPE": 63.309872681211345,
                "WAPE": 47.55587060588401
            },
            "Humidity": {
                "MSE": 532.0289333158588,
                "RMSE": 23.0657523899798,
                "MAE": 19.808815981221194,
                "R2": -2.716246859672341,
                "SMAPE": 24.676497278795992,
                "WAPE": 22.734483744644486
            },
            "Wind_Speed_kmh": {
                "MSE": 2.0670290459356977,
                "RMSE": 1.4377166083535717,
                "MAE": 1.047515624775476,
                "R2": -0.4748947390745708,
                "SMAPE": 107.12486105312453,
                "WAPE": 77.80164207317479
            },
            "Soil_Moisture": {
                "MSE": 4050720.5519286836,
                "RMSE": 2012.6401943538451,
                "MAE": 1942.9262813599032,
                "R2": -4.72470591332785,
                "SMAPE": 26.016587885929685,
                "WAPE": 23.434815805537163
            },
            "Soil_Temperature": {
                "MSE": 47.95129949296608,
                "RMSE": 6.924687681980038,
                "MAE": 6.18537980218358,
                "R2": -1.915039971139783,
                "SMAPE": 72.99474463437961,
                "WAPE": 89.42821993090473
            },
            "Wind_Dir_Sin": {
                "MSE": 0.6230638838147002,
                "RMSE": 0.7893439578629207,
                "MAE": 0.7197140730117279,
                "R2": -0.19980295860530073,
                "SMAPE": 174.00596035655943,
                "WAPE": 106.36945170264576
            },
            "Wind_Dir_Cos": {
                "MSE": 0.40946692678387325,
                "RMSE": 0.6398960281044673,
                "MAE": 0.5640367926783744,
                "R2": 0.042948475376204276,
                "SMAPE": 162.81691306147258,
                "WAPE": 96.04487509324954
            }
        }
    ]
}