{
    "trial_number": 3,
    "fold_smape": [
        114.39733317755194,
        63.72542836562033,
        79.39145564090835
    ],
    "mean_smape": 85.83807239469354,
    "hyperparameters": {
        "input_chunk_length": 96,
        "dropout": 0.25,
        "batch_size": 240,
        "lr": 0.0005859338138555578,
        "weight_decay": 0.00126434897531136,
        "num_layers": 5,
        "num_blocks": 5,
        "num_stacks": 2,
        "layer_widths": 56,
        "activation": "ReLU"
    },
    "metrics_per_fold": [
        {
            "Temperature": {
                "MSE": 129.70021013776363,
                "RMSE": 11.388600007804454,
                "MAE": 10.578113180785063,
                "R2": -5.5661547730891865,
                "SMAPE": 52.272613327685164,
                "WAPE": 66.38958473674663
            },
            "Precipitation_accumulated": {
                "MSE": 185299.2611582549,
                "RMSE": 430.4640068092278,
                "MAE": 409.9445571577435,
                "R2": -9.65290543690984,
                "SMAPE": 187.38449886081136,
                "WAPE": 98.95718948543377
            },
            "Humidity": {
                "MSE": 1187.165023309457,
                "RMSE": 34.4552611847517,
                "MAE": 32.92602768802574,
                "R2": -14.909283874492447,
                "SMAPE": 32.61446840854256,
                "WAPE": 38.888210236977635
            },
            "Wind_Speed_kmh": {
                "MSE": 12.483554084725707,
                "RMSE": 3.5332073367870316,
                "MAE": 3.3476028168381724,
                "R2": -75.96565130123723,
                "SMAPE": 176.5179537804141,
                "WAPE": 1935.5221015687184
            },
            "Soil_Moisture": {
                "MSE": 13386281.31852582,
                "RMSE": 3658.726734606702,
                "MAE": 3500.9140239415187,
                "R2": -16.789207518007448,
                "SMAPE": 41.690238631385796,
                "WAPE": 51.83588681837763
            },
            "Soil_Temperature": {
                "MSE": 289.22289244884195,
                "RMSE": 17.00655439672722,
                "MAE": 16.02542436895407,
                "R2": -13.260504902763742,
                "SMAPE": 68.92041558293727,
                "WAPE": 102.1451662804417
            },
            "Wind_Dir_Sin": {
                "MSE": 0.49631828249868987,
                "RMSE": 0.7044986036172747,
                "MAE": 0.6769378717649948,
                "R2": -3.8224858711209855,
                "SMAPE": 176.81492117230286,
                "WAPE": 514.1087933350202
            },
            "Wind_Dir_Cos": {
                "MSE": 1.0761957399988802,
                "RMSE": 1.0373985444364573,
                "MAE": 0.9864420437176522,
                "R2": -1.9129705162360873,
                "SMAPE": 178.96355565633635,
                "WAPE": 106.69487139484217
            }
        },
        {
            "Temperature": {
                "MSE": 30.31339281630984,
                "RMSE": 5.505759967189801,
                "MAE": 5.261463703720801,
                "R2": -10.485017749236432,
                "SMAPE": 49.653316521289405,
                "WAPE": 63.4774575799217
            },
            "Precipitation_accumulated": {
                "MSE": 127.06869596018,
                "RMSE": 11.272475147906958,
                "MAE": 10.760212993650349,
                "R2": -545.5894293286208,
                "SMAPE": 2.3178067158855815,
                "WAPE": 2.346100159989516
            },
            "Humidity": {
                "MSE": 42.65312236924228,
                "RMSE": 6.530935795829131,
                "MAE": 4.9023835886387355,
                "R2": -0.13611157994051926,
                "SMAPE": 5.675868399881536,
                "WAPE": 5.607288046803131
            },
            "Wind_Speed_kmh": {
                "MSE": 0.0015801818610577092,
                "RMSE": 0.039751501368598764,
                "MAE": 0.01747879594447214,
                "R2": -0.474519808106874,
                "SMAPE": 198.5597676957068,
                "WAPE": 207.83513158825312
            },
            "Soil_Moisture": {
                "MSE": 333200.4600450746,
                "RMSE": 577.2351860767625,
                "MAE": 544.6608035140914,
                "R2": -9.262243250570332,
                "SMAPE": 8.931365769219404,
                "WAPE": 9.30282611417975
            },
            "Soil_Temperature": {
                "MSE": 20.3678966429938,
                "RMSE": 4.513080615609896,
                "MAE": 4.3144032828325,
                "R2": -10.812405982426172,
                "SMAPE": 39.820760609981875,
                "WAPE": 48.34903090009825
            },
            "Wind_Dir_Sin": {
                "MSE": 0.031195394524499296,
                "RMSE": 0.1766221801600787,
                "MAE": 0.059408884499343714,
                "R2": -0.0151616951223017,
                "SMAPE": 196.6396085316027,
                "WAPE": 148.35986765615007
            },
            "Wind_Dir_Cos": {
                "MSE": 0.04781913911984724,
                "RMSE": 0.2186758768585306,
                "MAE": 0.056167433331159665,
                "R2": -0.03049287643973142,
                "SMAPE": 8.204932681395421,
                "WAPE": 5.7716794836335295
            }
        },
        {
            "Temperature": {
                "MSE": 33.17844730671262,
                "RMSE": 5.7600735504603255,
                "MAE": 4.898608291358633,
                "R2": -0.17628694416418678,
                "SMAPE": 60.1454327731777,
                "WAPE": 59.173996962660205
            },
            "Precipitation_accumulated": {
                "MSE": 7484.169696859896,
                "RMSE": 86.51109580198309,
                "MAE": 79.81609746676124,
                "R2": -1615.5331832915033,
                "SMAPE": 19.121201563494584,
                "WAPE": 17.206116965125663
            },
            "Humidity": {
                "MSE": 164.965864810028,
                "RMSE": 12.843903799469537,
                "MAE": 11.430564606069042,
                "R2": -0.15217825836279997,
                "SMAPE": 13.34979218423381,
                "WAPE": 13.075493098986065
            },
            "Wind_Speed_kmh": {
                "MSE": 2.5404991684851153,
                "RMSE": 1.5938943404395145,
                "MAE": 1.1708279114766855,
                "R2": -0.8241721641154229,
                "SMAPE": 126.06027832538051,
                "WAPE": 84.9922368318413
            },
            "Soil_Moisture": {
                "MSE": 3729725.2853120756,
                "RMSE": 1931.2496693364315,
                "MAE": 1876.775185237493,
                "R2": -5.4831401147173375,
                "SMAPE": 24.936876906158155,
                "WAPE": 22.47488443884361
            },
            "Soil_Temperature": {
                "MSE": 34.56527774525573,
                "RMSE": 5.879224246893099,
                "MAE": 5.088067542342561,
                "R2": -1.0537095335427877,
                "SMAPE": 66.05081379239266,
                "WAPE": 73.33265298588752
            },
            "Wind_Dir_Sin": {
                "MSE": 0.5939725846015629,
                "RMSE": 0.7706961687990689,
                "MAE": 0.7063013597873954,
                "R2": -0.11795874297902587,
                "SMAPE": 182.29436080245657,
                "WAPE": 102.25145161678108
            },
            "Wind_Dir_Cos": {
                "MSE": 1.1101831407257605,
                "RMSE": 1.0536522864426199,
                "MAE": 0.8826175428799312,
                "R2": -1.7297942529651458,
                "SMAPE": 143.17288877997277,
                "WAPE": 152.87452249743527
            }
        }
    ]
}