{
    "trial_number": 41,
    "fold_smape": [
        139.56246388263335,
        65.26309241342443,
        83.16200170988193
    ],
    "mean_smape": 95.99585266864658,
    "hyperparameters": {
        "input_chunk_length": 24,
        "dropout": 0.30000000000000004,
        "batch_size": 200,
        "lr": 0.00017412675213213636,
        "weight_decay": 0.0001003806323225635,
        "num_layers": 5,
        "num_blocks": 5,
        "num_stacks": 3,
        "layer_widths": 56,
        "activation": "ReLU"
    },
    "metrics_per_fold": [
        {
            "Temperature": {
                "MSE": 955.7129423161143,
                "RMSE": 30.914607264465037,
                "MAE": 30.423881062183806,
                "R2": -43.77786449423979,
                "SMAPE": 200.0,
                "WAPE": 192.75617653835556
            },
            "Precipitation_accumulated": {
                "MSE": 178896.90162334222,
                "RMSE": 422.96205695468973,
                "MAE": 395.8042843662509,
                "R2": -6.977675276606913,
                "SMAPE": 185.14565982911347,
                "WAPE": 98.98722522055564
            },
            "Humidity": {
                "MSE": 1920.692372710599,
                "RMSE": 43.825704474778256,
                "MAE": 43.015856219386805,
                "R2": -23.537098843460452,
                "SMAPE": 46.39990368230936,
                "WAPE": 50.86941786339568
            },
            "Wind_Speed_kmh": {
                "MSE": 164.52348967895531,
                "RMSE": 12.826671028718064,
                "MAE": 11.978328057012568,
                "R2": -821.4356590131666,
                "SMAPE": 190.6972002067517,
                "WAPE": 5768.092409418213
            },
            "Soil_Moisture": {
                "MSE": 33814434.57959031,
                "RMSE": 5815.018020573136,
                "MAE": 5571.118856290936,
                "R2": -33.95676699534026,
                "SMAPE": 58.49316245988991,
                "WAPE": 81.35310858272325
            },
            "Soil_Temperature": {
                "MSE": 2083.1951772209654,
                "RMSE": 45.642033009288326,
                "MAE": 43.588254532250296,
                "R2": -94.5365685670015,
                "SMAPE": 125.82852300050507,
                "WAPE": 280.44703255225113
            },
            "Wind_Dir_Sin": {
                "MSE": 1.3277023022771635,
                "RMSE": 1.1522596505463356,
                "MAE": 1.1039781956026766,
                "R2": -10.620622475671777,
                "SMAPE": 176.2729612745995,
                "WAPE": 748.9607823062381
            },
            "Wind_Dir_Cos": {
                "MSE": 0.8864383326378817,
                "RMSE": 0.9415085409266778,
                "MAE": 0.8790659986153673,
                "R2": -1.098035993826354,
                "SMAPE": 133.66230060789772,
                "WAPE": 95.80822025493914
            }
        },
        {
            "Temperature": {
                "MSE": 43.17320262295361,
                "RMSE": 6.570631828291219,
                "MAE": 6.355729555354538,
                "R2": -14.806451523456328,
                "SMAPE": 56.43821930317974,
                "WAPE": 75.94389832689774
            },
            "Precipitation_accumulated": {
                "MSE": 576.2283775731594,
                "RMSE": 24.00475739459075,
                "MAE": 23.358472308535667,
                "R2": -2492.371448570383,
                "SMAPE": 4.959555812633106,
                "WAPE": 5.093134810341558
            },
            "Humidity": {
                "MSE": 42.47797298085548,
                "RMSE": 6.517512791000527,
                "MAE": 5.647014242721784,
                "R2": -0.14344327784911481,
                "SMAPE": 6.533098299652169,
                "WAPE": 6.445672673081093
            },
            "Wind_Speed_kmh": {
                "MSE": 0.01195435630818145,
                "RMSE": 0.10933597901963218,
                "MAE": 0.10152339734770507,
                "R2": -10.564984239259045,
                "SMAPE": 193.90810959756865,
                "WAPE": 1251.5751780805347
            },
            "Soil_Moisture": {
                "MSE": 115600.99878807784,
                "RMSE": 340.0014688028242,
                "MAE": 302.3515119431615,
                "R2": -2.0559231244240843,
                "SMAPE": 5.071242672275542,
                "WAPE": 5.151186573161937
            },
            "Soil_Temperature": {
                "MSE": 31.526340870437693,
                "RMSE": 5.614832221040776,
                "MAE": 5.468269738265408,
                "R2": -16.761765722610097,
                "SMAPE": 47.52151079079359,
                "WAPE": 60.859801581541966
            },
            "Wind_Dir_Sin": {
                "MSE": 0.03685776835258268,
                "RMSE": 0.19198377106563638,
                "MAE": 0.08444895213412563,
                "R2": -0.24149874082435385,
                "SMAPE": 198.02481889760725,
                "WAPE": 218.64656303206775
            },
            "Wind_Dir_Cos": {
                "MSE": 0.04665066621114849,
                "RMSE": 0.21598765291365266,
                "MAE": 0.0712399670265365,
                "R2": -0.04100194783772948,
                "SMAPE": 9.648183933685564,
                "WAPE": 7.313354785462888
            }
        },
        {
            "Temperature": {
                "MSE": 73.07572743764544,
                "RMSE": 8.548434209704455,
                "MAE": 6.864414952224002,
                "R2": -1.6510908625548506,
                "SMAPE": 126.85918295118856,
                "WAPE": 84.01364597842887
            },
            "Precipitation_accumulated": {
                "MSE": 24400.633656312475,
                "RMSE": 156.20702178939484,
                "MAE": 156.18873583559989,
                "R2": -5017.165530127551,
                "SMAPE": 40.49863428375179,
                "WAPE": 33.67868861850142
            },
            "Humidity": {
                "MSE": 959.5960839974224,
                "RMSE": 30.97734791742867,
                "MAE": 28.551252430301847,
                "R2": -5.690223269720461,
                "SMAPE": 38.13630716694872,
                "WAPE": 32.82582933235328
            },
            "Wind_Speed_kmh": {
                "MSE": 1.4275551851302064,
                "RMSE": 1.194803408569881,
                "MAE": 1.01039902695302,
                "R2": -0.014676813596665284,
                "SMAPE": 88.32204273967454,
                "WAPE": 75.91047654813612
            },
            "Soil_Moisture": {
                "MSE": 1388856.989370876,
                "RMSE": 1178.4977680805662,
                "MAE": 1132.7642035736455,
                "R2": -0.7723404727387864,
                "SMAPE": 14.572787805444689,
                "WAPE": 13.71552832451943
            },
            "Soil_Temperature": {
                "MSE": 53.02453820298234,
                "RMSE": 7.28179498495957,
                "MAE": 6.457293873311422,
                "R2": -2.2608948325071805,
                "SMAPE": 74.29992539321945,
                "WAPE": 93.46447761982499
            },
            "Wind_Dir_Sin": {
                "MSE": 2.0715214632997117,
                "RMSE": 1.439278104919168,
                "MAE": 1.2481316415360753,
                "R2": -3.0344108283917297,
                "SMAPE": 148.02552414978922,
                "WAPE": 186.33488137351904
            },
            "Wind_Dir_Cos": {
                "MSE": 2.157526119811211,
                "RMSE": 1.4688519734170666,
                "MAE": 1.3112366886873814,
                "R2": -3.9321326340226204,
                "SMAPE": 134.5816091890386,
                "WAPE": 221.4859088851487
            }
        }
    ]
}