{
    "trial_number": 25,
    "fold_smape": [
        137.5138196586076,
        67.31473189903824,
        78.8420885366519
    ],
    "mean_smape": 94.55688003143257,
    "hyperparameters": {
        "input_chunk_length": 84,
        "dropout": 0.25,
        "batch_size": 128,
        "lr": 5.523362204549348e-05,
        "weight_decay": 0.0020240753496414145,
        "num_layers": 5,
        "num_blocks": 2,
        "num_stacks": 3,
        "layer_widths": 112,
        "activation": "ReLU"
    },
    "metrics_per_fold": [
        {
            "Temperature": {
                "MSE": 486.45813988443444,
                "RMSE": 22.055796061000258,
                "MAE": 21.121409310944177,
                "R2": -23.3873661647799,
                "SMAPE": 182.35566415518687,
                "WAPE": 132.3438429087467
            },
            "Precipitation_accumulated": {
                "MSE": 188468.8481513353,
                "RMSE": 434.12998992391124,
                "MAE": 412.3476695191937,
                "R2": -9.305948571296337,
                "SMAPE": 195.34173228916194,
                "WAPE": 100.13541299952576
            },
            "Humidity": {
                "MSE": 2749.326958714022,
                "RMSE": 52.43402481894769,
                "MAE": 51.625552506566734,
                "R2": -34.6114804566198,
                "SMAPE": 87.29738546149908,
                "WAPE": 61.04775692567542
            },
            "Wind_Speed_kmh": {
                "MSE": 16.427535119466615,
                "RMSE": 4.053089577034613,
                "MAE": 3.9043169041044097,
                "R2": -97.35370847813613,
                "SMAPE": 193.9473820725659,
                "WAPE": 2189.507634288644
            },
            "Soil_Moisture": {
                "MSE": 3573070.3837577403,
                "RMSE": 1890.2566978476073,
                "MAE": 1831.4088071468386,
                "R2": -3.526598684896854,
                "SMAPE": 24.672003549713736,
                "WAPE": 27.05271492750964
            },
            "Soil_Temperature": {
                "MSE": 94.10249595335657,
                "RMSE": 9.700644099922261,
                "MAE": 8.647233696258159,
                "R2": -3.587207838988954,
                "SMAPE": 51.466079497219496,
                "WAPE": 55.03766140175149
            },
            "Wind_Dir_Sin": {
                "MSE": 1.2244564344168853,
                "RMSE": 1.1065515959126737,
                "MAE": 1.04835430301764,
                "R2": -10.683963455614252,
                "SMAPE": 187.23127377126573,
                "WAPE": 781.1269099598333
            },
            "Wind_Dir_Cos": {
                "MSE": 3.8624001255286453,
                "RMSE": 1.9652989913823915,
                "MAE": 1.8588300493263878,
                "R2": -9.14466593405587,
                "SMAPE": 177.79903647224802,
                "WAPE": 201.27720933274114
            }
        },
        {
            "Temperature": {
                "MSE": 57.570650466479066,
                "RMSE": 7.587532567737622,
                "MAE": 7.415804201251578,
                "R2": -20.688800800354507,
                "SMAPE": 63.04261953984656,
                "WAPE": 89.32040825175793
            },
            "Precipitation_accumulated": {
                "MSE": 101.32290853424749,
                "RMSE": 10.065928100987385,
                "MAE": 9.454682221771995,
                "R2": -435.2177315516747,
                "SMAPE": 2.03874080661775,
                "WAPE": 2.0614613803607664
            },
            "Humidity": {
                "MSE": 35.09381807842909,
                "RMSE": 5.924003551520634,
                "MAE": 5.0308354745248725,
                "R2": 0.06400354578249012,
                "SMAPE": 5.823211325102842,
                "WAPE": 5.752056384788069
            },
            "Wind_Speed_kmh": {
                "MSE": 0.0026727325190759074,
                "RMSE": 0.05169847695122079,
                "MAE": 0.04463813209090352,
                "R2": -1.5092919561790605,
                "SMAPE": 197.92549453774026,
                "WAPE": 534.0316542588023
            },
            "Soil_Moisture": {
                "MSE": 298064.20769349387,
                "RMSE": 545.9525690877311,
                "MAE": 514.6426653780491,
                "R2": -8.100171142214865,
                "SMAPE": 8.463117977651724,
                "WAPE": 8.787534066857164
            },
            "Soil_Temperature": {
                "MSE": 47.61311163326933,
                "RMSE": 6.900225476987641,
                "MAE": 6.7802753260528466,
                "R2": -26.499904355069123,
                "SMAPE": 55.801560069847916,
                "WAPE": 75.89449561816856
            },
            "Wind_Dir_Sin": {
                "MSE": 0.03159859528199079,
                "RMSE": 0.17775993722431044,
                "MAE": 0.06239834244860939,
                "R2": -0.03429372527984831,
                "SMAPE": 197.79752196845698,
                "WAPE": 156.78035060367992
            },
            "Wind_Dir_Cos": {
                "MSE": 0.045257138550700064,
                "RMSE": 0.21273725238119454,
                "MAE": 0.049694014823831206,
                "R2": 0.01894737809468172,
                "SMAPE": 7.625588967042078,
                "WAPE": 5.105623014852683
            }
        },
        {
            "Temperature": {
                "MSE": 43.978146953152105,
                "RMSE": 6.6316021407463905,
                "MAE": 5.733862343494882,
                "R2": -0.5666927799229009,
                "SMAPE": 65.51499028513,
                "WAPE": 69.37801769187901
            },
            "Precipitation_accumulated": {
                "MSE": 7285.927984239038,
                "RMSE": 85.35764748538375,
                "MAE": 81.74979536109655,
                "R2": -1560.0677103941825,
                "SMAPE": 19.478407241284557,
                "WAPE": 17.62373050582737
            },
            "Humidity": {
                "MSE": 211.49433649730156,
                "RMSE": 14.542844855711746,
                "MAE": 12.75575376289339,
                "R2": -0.4777088090389341,
                "SMAPE": 14.985101583418006,
                "WAPE": 14.603202383959314
            },
            "Wind_Speed_kmh": {
                "MSE": 2.072044671829958,
                "RMSE": 1.4394598541918278,
                "MAE": 1.0559526442480944,
                "R2": -0.4851337867622214,
                "SMAPE": 107.0774472357067,
                "WAPE": 77.10224123257194
            },
            "Soil_Moisture": {
                "MSE": 4302425.234841721,
                "RMSE": 2074.228828948658,
                "MAE": 2019.0079159841996,
                "R2": -6.075180170183567,
                "SMAPE": 27.103058208654243,
                "WAPE": 24.221427828595065
            },
            "Soil_Temperature": {
                "MSE": 52.615844731718816,
                "RMSE": 7.253678014064231,
                "MAE": 6.442677669220198,
                "R2": -2.1446852003475603,
                "SMAPE": 74.5065451304714,
                "WAPE": 92.91364861995879
            },
            "Wind_Dir_Sin": {
                "MSE": 0.5986003197614153,
                "RMSE": 0.7736926520016946,
                "MAE": 0.7073726831344055,
                "R2": -0.13347758963485723,
                "SMAPE": 180.30323412007542,
                "WAPE": 102.89410253525993
            },
            "Wind_Dir_Cos": {
                "MSE": 0.9615455579987373,
                "RMSE": 0.9805842941831862,
                "MAE": 0.8169001613977246,
                "R2": -1.333128314050168,
                "SMAPE": 141.7679244884749,
                "WAPE": 140.88577892866178
            }
        }
    ]
}