{
    "trial_number": 11,
    "fold_smape": [
        127.53820430835705,
        61.80599879316456,
        85.90489640655258
    ],
    "mean_smape": 91.74969983602473,
    "hyperparameters": {
        "input_chunk_length": 24,
        "dropout": 0.30000000000000004,
        "batch_size": 200,
        "lr": 0.0001591749144203807,
        "weight_decay": 0.00013069179830204074,
        "num_layers": 5,
        "num_blocks": 5,
        "num_stacks": 3,
        "layer_widths": 104,
        "activation": "ReLU"
    },
    "metrics_per_fold": [
        {
            "Temperature": {
                "MSE": 4032.0540578887103,
                "RMSE": 63.49845712998632,
                "MAE": 59.78151204102856,
                "R2": -187.91317909752885,
                "SMAPE": 128.02963170225132,
                "WAPE": 378.7569266773619
            },
            "Precipitation_accumulated": {
                "MSE": 170240.17527018898,
                "RMSE": 412.6017150596795,
                "MAE": 386.34131667140474,
                "R2": -6.591639793726916,
                "SMAPE": 183.83593120385893,
                "WAPE": 96.62061891672441
            },
            "Humidity": {
                "MSE": 19002.433528738195,
                "RMSE": 137.84931457478558,
                "MAE": 133.9143259888755,
                "R2": -241.75859913105958,
                "SMAPE": 97.07774282504742,
                "WAPE": 158.36355254397873
            },
            "Wind_Speed_kmh": {
                "MSE": 326.7249122863013,
                "RMSE": 18.075533527016603,
                "MAE": 16.905863698940713,
                "R2": -1632.2635484243242,
                "SMAPE": 198.56635535914344,
                "WAPE": 8140.917798576248
            },
            "Soil_Moisture": {
                "MSE": 55263323.474003196,
                "RMSE": 7433.930553482673,
                "MAE": 7099.608550786236,
                "R2": -56.13025061891345,
                "SMAPE": 68.50604140286902,
                "WAPE": 103.6731113131328
            },
            "Soil_Temperature": {
                "MSE": 3064.587589784473,
                "RMSE": 55.358717378426256,
                "MAE": 51.80844761465846,
                "R2": -139.54380770581574,
                "SMAPE": 118.56271975453761,
                "WAPE": 333.3357931072818
            },
            "Wind_Dir_Sin": {
                "MSE": 5.5610199702087355,
                "RMSE": 2.35818149645203,
                "MAE": 2.2254860621022727,
                "R2": -47.67244226558327,
                "SMAPE": 175.30761235196573,
                "WAPE": 1509.8140422726535
            },
            "Wind_Dir_Cos": {
                "MSE": 0.4276510105719649,
                "RMSE": 0.6539503120054038,
                "MAE": 0.5268619917748263,
                "R2": -0.01217104443826278,
                "SMAPE": 50.41959986718295,
                "WAPE": 57.42197950031835
            }
        },
        {
            "Temperature": {
                "MSE": 23.489880316021846,
                "RMSE": 4.846635979318217,
                "MAE": 4.600448261521248,
                "R2": -7.600048918066323,
                "SMAPE": 44.724276807587756,
                "WAPE": 54.97023937036197
            },
            "Precipitation_accumulated": {
                "MSE": 278.56957310161215,
                "RMSE": 16.69040362308869,
                "MAE": 14.212780604213878,
                "R2": -1204.3856544470766,
                "SMAPE": 3.033608283683435,
                "WAPE": 3.0989872407288
            },
            "Humidity": {
                "MSE": 46.45861442496951,
                "RMSE": 6.816055635407439,
                "MAE": 5.073612526215929,
                "R2": -0.2505961710168554,
                "SMAPE": 5.8593516794472915,
                "WAPE": 5.7911746293506114
            },
            "Wind_Speed_kmh": {
                "MSE": 0.013449765049325048,
                "RMSE": 0.11597312209872186,
                "MAE": 0.10713930130926344,
                "R2": -12.011685180466547,
                "SMAPE": 195.32167300847945,
                "WAPE": 1320.8077509100083
            },
            "Soil_Moisture": {
                "MSE": 190443.70752991116,
                "RMSE": 436.3985649952474,
                "MAE": 396.7429301168902,
                "R2": -4.034397071331649,
                "SMAPE": 6.5876439147186785,
                "WAPE": 6.759340614771723
            },
            "Soil_Temperature": {
                "MSE": 12.015544542254538,
                "RMSE": 3.466344550424054,
                "MAE": 3.2648467291381573,
                "R2": -5.769491203123838,
                "SMAPE": 31.732215956187662,
                "WAPE": 36.336525745806306
            },
            "Wind_Dir_Sin": {
                "MSE": 0.0273872208870452,
                "RMSE": 0.16549084834831562,
                "MAE": 0.042625282703132636,
                "R2": 0.07750247055957349,
                "SMAPE": 196.02522061014557,
                "WAPE": 110.36100893836974
            },
            "Wind_Dir_Cos": {
                "MSE": 0.05019267900514914,
                "RMSE": 0.22403722682882224,
                "MAE": 0.08814190180089375,
                "R2": -0.12004138108251494,
                "SMAPE": 11.164000085066561,
                "WAPE": 9.048474139456738
            }
        },
        {
            "Temperature": {
                "MSE": 49.310809330020206,
                "RMSE": 7.022165572672024,
                "MAE": 6.036517320036807,
                "R2": -0.7889310257164261,
                "SMAPE": 66.67624291632241,
                "WAPE": 73.8809982493723
            },
            "Precipitation_accumulated": {
                "MSE": 21094.376763889166,
                "RMSE": 145.23903319662097,
                "MAE": 134.209360295596,
                "R2": -4337.21005827393,
                "SMAPE": 34.84693898829241,
                "WAPE": 28.939316468002353
            },
            "Humidity": {
                "MSE": 255.6883030156665,
                "RMSE": 15.99025650249759,
                "MAE": 13.921321651581056,
                "R2": -0.7826373649888125,
                "SMAPE": 16.50743802279329,
                "WAPE": 16.00556507043439
            },
            "Wind_Speed_kmh": {
                "MSE": 2.749506834930935,
                "RMSE": 1.6581636936475648,
                "MAE": 1.220293445537261,
                "R2": -0.95429281003628,
                "SMAPE": 144.78859254331527,
                "WAPE": 91.67967754150219
            },
            "Soil_Moisture": {
                "MSE": 2779355.010529194,
                "RMSE": 1667.1397693442484,
                "MAE": 1575.1027858697569,
                "R2": -2.5467750898539867,
                "SMAPE": 20.60033819782658,
                "WAPE": 19.071371434118234
            },
            "Soil_Temperature": {
                "MSE": 81.91027305596192,
                "RMSE": 9.050429440416732,
                "MAE": 8.257280306145717,
                "R2": -4.03730527769906,
                "SMAPE": 83.46155787412509,
                "WAPE": 119.51792895227236
            },
            "Wind_Dir_Sin": {
                "MSE": 0.5907885920956301,
                "RMSE": 0.7686277331033731,
                "MAE": 0.6953401452403014,
                "R2": -0.1505957990144502,
                "SMAPE": 180.73506553369916,
                "WAPE": 103.80805931507358
            },
            "Wind_Dir_Cos": {
                "MSE": 0.769903315778744,
                "RMSE": 0.8774413460618004,
                "MAE": 0.7213906259100292,
                "R2": -0.760008944469621,
                "SMAPE": 139.62299717604643,
                "WAPE": 121.8527973014966
            }
        }
    ]
}