{
    "trial_number": 4,
    "fold_smape": [
        180.9134989154188,
        61.75459142234757,
        78.34479069025141
    ],
    "mean_smape": 107.00429367600593,
    "hyperparameters": {
        "input_chunk_length": 36,
        "dropout": 0.1,
        "batch_size": 248,
        "lr": 3.087039449178651e-05,
        "weight_decay": 4.8859220695282305e-06,
        "num_layers": 3,
        "num_blocks": 4,
        "num_stacks": 5,
        "layer_widths": 208,
        "activation": "GELU"
    },
    "metrics_per_fold": [
        {
            "Temperature": {
                "MSE": 17753.03361799111,
                "RMSE": 133.2405104237863,
                "MAE": 124.5407944245022,
                "R2": -852.4268407796391,
                "SMAPE": 178.2584496680925,
                "WAPE": 786.0522206885665
            },
            "Precipitation_accumulated": {
                "MSE": 175715.28810245905,
                "RMSE": 419.18407424717253,
                "MAE": 393.5448451001612,
                "R2": -7.120759780582453,
                "SMAPE": 185.61470427025148,
                "WAPE": 97.85138914557248
            },
            "Humidity": {
                "MSE": 274607.35041096015,
                "RMSE": 524.0299136604323,
                "MAE": 490.350753825355,
                "R2": -3510.9998370091207,
                "SMAPE": 181.79609152868503,
                "WAPE": 580.249514712809
            },
            "Wind_Speed_kmh": {
                "MSE": 328.3615539499096,
                "RMSE": 18.120749265687376,
                "MAE": 16.893377742928802,
                "R2": -1653.8026134010688,
                "SMAPE": 179.71816897036388,
                "WAPE": 8272.758354825202
            },
            "Soil_Moisture": {
                "MSE": 235669411.61630753,
                "RMSE": 15351.527989627206,
                "MAE": 14449.485823708266,
                "R2": -251.76826659328592,
                "SMAPE": 173.9797597745068,
                "WAPE": 211.4799131092397
            },
            "Soil_Temperature": {
                "MSE": 30363.565077882162,
                "RMSE": 174.2514421113414,
                "MAE": 162.08043044297588,
                "R2": -1423.8242690179743,
                "SMAPE": 177.65805546719753,
                "WAPE": 1038.923511598055
            },
            "Wind_Dir_Sin": {
                "MSE": 35.653422410649775,
                "RMSE": 5.9710486860056475,
                "MAE": 5.570439687961527,
                "R2": -316.9603573762144,
                "SMAPE": 192.5307768355191,
                "WAPE": 3849.544231897226
            },
            "Wind_Dir_Cos": {
                "MSE": 1.926705434453079,
                "RMSE": 1.3880581524032338,
                "MAE": 1.031956499088861,
                "R2": -3.6517948805178353,
                "SMAPE": 177.75198480873433,
                "WAPE": 112.30568351558611
            }
        },
        {
            "Temperature": {
                "MSE": 23.03430668961068,
                "RMSE": 4.799406910193246,
                "MAE": 4.513499221190548,
                "R2": -7.51122822390251,
                "SMAPE": 44.06398160560983,
                "WAPE": 54.03180309367305
            },
            "Precipitation_accumulated": {
                "MSE": 1247.5325037905425,
                "RMSE": 35.320426155279364,
                "MAE": 34.57096215326784,
                "R2": -5391.166630419141,
                "SMAPE": 7.252256085506003,
                "WAPE": 7.537889524415871
            },
            "Humidity": {
                "MSE": 29.265408397135868,
                "RMSE": 5.409751232463085,
                "MAE": 4.011208184295489,
                "R2": 0.21476930373830383,
                "SMAPE": 4.673514199350008,
                "WAPE": 4.57973677726845
            },
            "Wind_Speed_kmh": {
                "MSE": 0.010753700968643178,
                "RMSE": 0.10370005288640492,
                "MAE": 0.06734073152336788,
                "R2": -9.341968937615633,
                "SMAPE": 194.28860731831548,
                "WAPE": 825.2656194406244
            },
            "Soil_Moisture": {
                "MSE": 189114.5011234196,
                "RMSE": 434.8729712495588,
                "MAE": 403.8065591449247,
                "R2": -4.204280804316002,
                "SMAPE": 6.7011743736314235,
                "WAPE": 6.883418248856075
            },
            "Soil_Temperature": {
                "MSE": 16.313916426606124,
                "RMSE": 4.039048950756369,
                "MAE": 3.778364382825606,
                "R2": -8.271313051387946,
                "SMAPE": 35.641566150641815,
                "WAPE": 42.109616966910366
            },
            "Wind_Dir_Sin": {
                "MSE": 0.026941590150370703,
                "RMSE": 0.16413893551004496,
                "MAE": 0.09253127485581769,
                "R2": 0.09763868427166877,
                "SMAPE": 191.59998717672298,
                "WAPE": 238.15629181426795
            },
            "Wind_Dir_Cos": {
                "MSE": 0.04554276344261041,
                "RMSE": 0.21340750559108834,
                "MAE": 0.07284594943775528,
                "R2": -0.010472099530309809,
                "SMAPE": 9.815644469002931,
                "WAPE": 7.479403968379279
            }
        },
        {
            "Temperature": {
                "MSE": 36.66042941893797,
                "RMSE": 6.054785662510109,
                "MAE": 5.238762226031066,
                "R2": -0.32528556628155525,
                "SMAPE": 62.409524477950285,
                "WAPE": 63.96263971331448
            },
            "Precipitation_accumulated": {
                "MSE": 26596.68132421038,
                "RMSE": 163.0848899322386,
                "MAE": 153.46603380561598,
                "R2": -5515.607190711212,
                "SMAPE": 40.66338764995497,
                "WAPE": 33.0901442305012
            },
            "Humidity": {
                "MSE": 149.58860678674415,
                "RMSE": 12.230642124874072,
                "MAE": 10.873507955269567,
                "R2": -0.04385211333980377,
                "SMAPE": 12.715004024093645,
                "WAPE": 12.490512578631796
            },
            "Wind_Speed_kmh": {
                "MSE": 2.156351987356315,
                "RMSE": 1.468452242109465,
                "MAE": 1.0691230817313462,
                "R2": -0.5360495944586747,
                "SMAPE": 113.07515174826398,
                "WAPE": 79.86892609905345
            },
            "Soil_Moisture": {
                "MSE": 1632196.9928059885,
                "RMSE": 1277.5746525373727,
                "MAE": 1203.804090545539,
                "R2": -1.1867566125923141,
                "SMAPE": 15.3771141310502,
                "WAPE": 14.547963056496078
            },
            "Soil_Temperature": {
                "MSE": 34.09730683194715,
                "RMSE": 5.8392899253202994,
                "MAE": 5.265268829605901,
                "R2": -1.0849849639348705,
                "SMAPE": 67.50703351415942,
                "WAPE": 76.16036430514478
            },
            "Wind_Dir_Sin": {
                "MSE": 0.5784622991480729,
                "RMSE": 0.7605670904976581,
                "MAE": 0.6875889163242692,
                "R2": -0.12032640838186648,
                "SMAPE": 174.14032599508593,
                "WAPE": 102.15119775877785
            },
            "Wind_Dir_Cos": {
                "MSE": 0.6875476512415699,
                "RMSE": 0.829184931870792,
                "MAE": 0.6858605176050141,
                "R2": -0.5886984988585873,
                "SMAPE": 140.87078398145323,
                "WAPE": 116.31011258313713
            }
        }
    ]
}