{
    "trial_number": 3,
    "input_chunk_length": 46,
    "training_length": 52,
    "hidden_size": 239,
    "layer_size": 1,
    "dropout": 0.2874712629627635,
    "batch_size": 27,
    "lr": 2.9942038799733055e-05,
    "forecast_horizon": 18,
    "overall_smape_val": 53.82356958013797,
    "metrics": {
        "MSE": {
            "Temperature": 1.5783846462073248,
            "Precipitation_accumulated": 89.5569924232678,
            "Humidity": 27.417083158268888,
            "Wind_Speed_kmh": 0.23083882554051274,
            "Soil_Moisture": 141632.60058489858,
            "Soil_Temperature": 2.0963245506589647,
            "Wind_Dir_Sin": 0.12719587157822884,
            "Wind_Dir_Cos": 0.1316197501917259
        },
        "RMSE": {
            "Temperature": 1.2563377914427811,
            "Precipitation_accumulated": 9.463455628007551,
            "Humidity": 5.23613246187192,
            "Wind_Speed_kmh": 0.4804568924893395,
            "Soil_Moisture": 376.34106949002864,
            "Soil_Temperature": 1.4478689687464694,
            "Wind_Dir_Sin": 0.35664530219565327,
            "Wind_Dir_Cos": 0.3627943635060031
        },
        "MAE": {
            "Temperature": 0.9996988983272123,
            "Precipitation_accumulated": 6.737849172554673,
            "Humidity": 4.018839421433471,
            "Wind_Speed_kmh": 0.26882142610004006,
            "Soil_Moisture": 161.4999846663728,
            "Soil_Temperature": 1.0238905294205676,
            "Wind_Dir_Sin": 0.22256791053980574,
            "Wind_Dir_Cos": 0.24221563773973173
        },
        "R2": {
            "Temperature": 0.5332162803076913,
            "Precipitation_accumulated": -93.11671183186216,
            "Humidity": 0.578995774027081,
            "Wind_Speed_kmh": 0.32924220416802896,
            "Soil_Moisture": 0.8106231400225995,
            "Soil_Temperature": 0.6246249974607049,
            "Wind_Dir_Sin": 0.21645486211787834,
            "Wind_Dir_Cos": 0.5456524034355477
        },
        "SMAPE": {
            "Temperature": 16.85947930745131,
            "Precipitation_accumulated": 1.4570431901601124,
            "Humidity": 4.770468171881164,
            "Wind_Speed_kmh": 172.29258284130188,
            "Soil_Moisture": 2.57188962319962,
            "Soil_Temperature": 22.625157514375665,
            "Wind_Dir_Sin": 158.3194562727703,
            "Wind_Dir_Cos": 51.69247971996396
        }
    }
}