{
    "trial_number": 1,
    "input_chunk_length": 63,
    "output_chunk_length": 10,
    "hidden_size": 108,
    "layer_size": 2,
    "dropout": 0.13966120627658027,
    "batch_size": 73,
    "lr": 1.470621007512679e-06,
    "loss_function": "smoothl1",
    "optimizer": "Adam",
    "overall_mae_val": 0.42109332320660975,
    "metrics": {
        "MSE": {
            "Temperature": 76.22474272101982,
            "Precipitation_accumulated": 170906.20173926302,
            "Humidity": 4073.8949138257217,
            "Wind_Speed_kmh": 2.972345165901392,
            "Soil_Moisture": 5238770.951948365,
            "Soil_Temperature": 31.428190526488194,
            "Wind_Dir_Sin": 1.3862245700796338,
            "Wind_Dir_Cos": 0.42884739696718305
        },
        "RMSE": {
            "Temperature": 8.730678250916123,
            "Precipitation_accumulated": 413.4080329883093,
            "Humidity": 63.82707038416945,
            "Wind_Speed_kmh": 1.7240490613382764,
            "Soil_Moisture": 2288.836156641267,
            "Soil_Temperature": 5.606085133717485,
            "Wind_Dir_Sin": 1.177380384616473,
            "Wind_Dir_Cos": 0.6548644111319404
        },
        "MAE": {
            "Temperature": 7.388312673028733,
            "Precipitation_accumulated": 413.2796709851311,
            "Humidity": 62.62833823363113,
            "Wind_Speed_kmh": 1.3299321876957575,
            "Soil_Moisture": 2274.5962863407785,
            "Soil_Temperature": 4.496956931860195,
            "Wind_Dir_Sin": 0.9953777673949301,
            "Wind_Dir_Cos": 0.5387664711338186
        },
        "R2": {
            "Temperature": -1.5042338674020077,
            "Precipitation_accumulated": -53502.183107064615,
            "Humidity": -26.705530564694346,
            "Wind_Speed_kmh": -1.2001257101726392,
            "Soil_Moisture": -109.67792856723926,
            "Soil_Temperature": -0.9652025876794821,
            "Wind_Dir_Sin": -1.5308012616699953,
            "Wind_Dir_Cos": -0.16619075378043568
        },
        "SMAPE": {
            "Temperature": 137.46200285332023,
            "Precipitation_accumulated": 160.33821591847217,
            "Humidity": 111.70342476734487,
            "Wind_Speed_kmh": 142.76577109208048,
            "Soil_Moisture": 30.489323744687667,
            "Soil_Temperature": 58.93621631267317,
            "Wind_Dir_Sin": 141.67885495918628,
            "Wind_Dir_Cos": 111.72382577482512
        }
    }
}