{
    "trial_number": 26,
    "input_chunk_length": 39,
    "output_chunk_length": 1,
    "hidden_size": 187,
    "layer_size": 1,
    "dropout": 0.45835461386422743,
    "batch_size": 202,
    "lr": 0.0025979414519729325,
    "loss_function": "smoothl1",
    "optimizer": "RMSprop",
    "overall_mae_val": 0.086915110514849,
    "metrics": {
        "MSE": {
            "Temperature": 2.1818113697606925,
            "Precipitation_accumulated": 462.74478106970275,
            "Humidity": 16.83726655552511,
            "Wind_Speed_kmh": 0.5298433162217203,
            "Soil_Moisture": 8143.198343800244,
            "Soil_Temperature": 3.262445114533124,
            "Wind_Dir_Sin": 0.362403890015271,
            "Wind_Dir_Cos": 0.3094297881545518
        },
        "RMSE": {
            "Temperature": 1.477095585857832,
            "Precipitation_accumulated": 21.51150345907284,
            "Humidity": 4.103323842389863,
            "Wind_Speed_kmh": 0.727903370112902,
            "Soil_Moisture": 90.23967167382783,
            "Soil_Temperature": 1.806223993455165,
            "Wind_Dir_Sin": 0.6019999086505504,
            "Wind_Dir_Cos": 0.5562641352402218
        },
        "MAE": {
            "Temperature": 1.164999771200359,
            "Precipitation_accumulated": 18.72666766330809,
            "Humidity": 3.23941915047761,
            "Wind_Speed_kmh": 0.5443612390178266,
            "Soil_Moisture": 71.34320019550923,
            "Soil_Temperature": 1.5327068540995061,
            "Wind_Dir_Sin": 0.48146235526578995,
            "Wind_Dir_Cos": 0.4529494242724575
        },
        "R2": {
            "Temperature": 0.9286200991002219,
            "Precipitation_accumulated": -135.9396988494398,
            "Humidity": 0.885260155948149,
            "Wind_Speed_kmh": 0.6071187164938172,
            "Soil_Moisture": 0.8513873337951534,
            "Soil_Temperature": 0.7977553790543792,
            "Wind_Dir_Sin": 0.3427536052102106,
            "Wind_Dir_Cos": 0.15558213660707487
        },
        "SMAPE": {
            "Temperature": 22.517369725206528,
            "Precipitation_accumulated": 4.1334334907460075,
            "Humidity": 3.7898754598149496,
            "Wind_Speed_kmh": 56.93693460749855,
            "Soil_Moisture": 0.8318362559998256,
            "Soil_Temperature": 36.235387313900425,
            "Wind_Dir_Sin": 95.43654538068441,
            "Wind_Dir_Cos": 112.61357029002241
        }
    }
}