{
    "trial_number": 43,
    "input_chunk_length": 50,
    "training_length": 61,
    "hidden_size": 222,
    "layer_size": 1,
    "dropout": 0.13760274391716582,
    "batch_size": 46,
    "lr": 5.055589757001228e-05,
    "forecast_horizon": 21,
    "overall_smape_val": 54.336425018128054,
    "metrics": {
        "MSE": {
            "Temperature": 2.226458722094409,
            "Precipitation_accumulated": 88.72176491182795,
            "Humidity": 28.243528657170195,
            "Wind_Speed_kmh": 0.22638512399428157,
            "Soil_Moisture": 157660.19523704483,
            "Soil_Temperature": 2.231371697522853,
            "Wind_Dir_Sin": 0.13489383903867727,
            "Wind_Dir_Cos": 0.13990483960282024
        },
        "RMSE": {
            "Temperature": 1.492132273658877,
            "Precipitation_accumulated": 9.41922315861706,
            "Humidity": 5.314464098775171,
            "Wind_Speed_kmh": 0.47579945774904114,
            "Soil_Moisture": 397.0644723933946,
            "Soil_Temperature": 1.4937776600026034,
            "Wind_Dir_Sin": 0.36727896623503675,
            "Wind_Dir_Cos": 0.37403855363160127
        },
        "MAE": {
            "Temperature": 1.162277888348457,
            "Precipitation_accumulated": 6.007019108960515,
            "Humidity": 4.293984741495442,
            "Wind_Speed_kmh": 0.273883568877674,
            "Soil_Moisture": 183.28929821886277,
            "Soil_Temperature": 1.0411834564663767,
            "Wind_Dir_Sin": 0.22791826115388883,
            "Wind_Dir_Cos": 0.23311839325127487
        },
        "R2": {
            "Temperature": 0.33989164514121006,
            "Precipitation_accumulated": -92.1965210332083,
            "Humidity": 0.5660009543047451,
            "Wind_Speed_kmh": 0.34357451851472065,
            "Soil_Moisture": 0.7896096708471764,
            "Soil_Temperature": 0.5999581040738577,
            "Wind_Dir_Sin": 0.17069728995773903,
            "Wind_Dir_Cos": 0.5178704586817382
        },
        "SMAPE": {
            "Temperature": 18.907977575844555,
            "Precipitation_accumulated": 1.287350905083291,
            "Humidity": 5.1296410192271145,
            "Wind_Speed_kmh": 170.85180662030433,
            "Soil_Moisture": 2.89987274088857,
            "Soil_Temperature": 24.477628689059923,
            "Wind_Dir_Sin": 159.4738984189128,
            "Wind_Dir_Cos": 51.66322417570401
        }
    }
}