{
    "trial_number": 28,
    "input_chunk_length": 42,
    "output_chunk_length": 1,
    "hidden_size": 147,
    "layer_size": 2,
    "dropout": 0.43892997866082145,
    "batch_size": 188,
    "lr": 0.00038129313278045167,
    "loss_function": "smoothl1",
    "optimizer": "RMSprop",
    "overall_mae_val": 0.10349024633067375,
    "metrics": {
        "MSE": {
            "Temperature": 4.8919346753165245,
            "Precipitation_accumulated": 476.7421970676252,
            "Humidity": 30.412375099628,
            "Wind_Speed_kmh": 0.8919786891421023,
            "Soil_Moisture": 54441.82237274752,
            "Soil_Temperature": 3.1165548219559094,
            "Wind_Dir_Sin": 0.412528783958393,
            "Wind_Dir_Cos": 0.3155780732622386
        },
        "RMSE": {
            "Temperature": 2.2117718407006914,
            "Precipitation_accumulated": 21.834426877470936,
            "Humidity": 5.5147416167603,
            "Wind_Speed_kmh": 0.9444462341192866,
            "Soil_Moisture": 233.3277145406167,
            "Soil_Temperature": 1.7653766799059938,
            "Wind_Dir_Sin": 0.6422840368235793,
            "Wind_Dir_Cos": 0.5617633605551706
        },
        "MAE": {
            "Temperature": 1.7902743232850136,
            "Precipitation_accumulated": 18.891331485602425,
            "Humidity": 4.3126382743508715,
            "Wind_Speed_kmh": 0.7603887272292196,
            "Soil_Moisture": 209.48346312996296,
            "Soil_Temperature": 1.438267603726162,
            "Wind_Dir_Sin": 0.5554610367252248,
            "Wind_Dir_Cos": 0.47078952570260785
        },
        "R2": {
            "Temperature": 0.8399043383849689,
            "Precipitation_accumulated": -140.75622839690035,
            "Humidity": 0.7927006426417943,
            "Wind_Speed_kmh": 0.33783712025979495,
            "Soil_Moisture": -0.005050100432649751,
            "Soil_Temperature": 0.8067960631168613,
            "Wind_Dir_Sin": 0.25313759012341663,
            "Wind_Dir_Cos": 0.13817888744574625
        },
        "SMAPE": {
            "Temperature": 31.06469142836746,
            "Precipitation_accumulated": 4.169567281365685,
            "Humidity": 5.101672575274635,
            "Wind_Speed_kmh": 66.24254657168512,
            "Soil_Moisture": 2.463397053979838,
            "Soil_Temperature": 25.720709778105558,
            "Wind_Dir_Sin": 117.71500482811987,
            "Wind_Dir_Cos": 120.22940683667962
        }
    }
}