{
    "trial_number": 15,
    "input_chunk_length": 65,
    "hidden_size": 86,
    "layer_size": 2,
    "dropout": 0.23205096784748042,
    "batch_size": 44,
    "lr": 0.0007641375713038353,
    "overall_smape_val": 45.67670026414933,
    "metrics": {
        "MSE": {
            "Temperature": 0.6066423483927167,
            "Precipitation_accumulated": 23.890994553349447,
            "Humidity": 5.439419165557905,
            "Wind_Speed_kmh": 0.09484936050815534,
            "Soil_Moisture": 28317.834698753228,
            "Soil_Temperature": 0.4307319507321517,
            "Wind_Dir_Sin": 0.05695679824085439,
            "Wind_Dir_Cos": 0.04970553355423178
        },
        "RMSE": {
            "Temperature": 0.7788724853226725,
            "Precipitation_accumulated": 4.887841502478312,
            "Humidity": 2.3322562392580077,
            "Wind_Speed_kmh": 0.30797623367421606,
            "Soil_Moisture": 168.27903820367297,
            "Soil_Temperature": 0.6563017223291066,
            "Wind_Dir_Sin": 0.23865623444790707,
            "Wind_Dir_Cos": 0.22294737844216017
        },
        "MAE": {
            "Temperature": 0.5281932379620347,
            "Precipitation_accumulated": 3.886832286499723,
            "Humidity": 1.6497072953496212,
            "Wind_Speed_kmh": 0.14262477565119028,
            "Soil_Moisture": 56.89844189306679,
            "Soil_Temperature": 0.4374601431378562,
            "Wind_Dir_Sin": 0.13308920730262022,
            "Wind_Dir_Cos": 0.11035212541048199
        },
        "R2": {
            "Temperature": 0.8218036597413877,
            "Precipitation_accumulated": -24.171107117443622,
            "Humidity": 0.9163534929575217,
            "Wind_Speed_kmh": 0.7212838295578009,
            "Soil_Moisture": 0.961731113013887,
            "Soil_Temperature": 0.9232508925133474,
            "Wind_Dir_Sin": 0.6453918711847946,
            "Wind_Dir_Cos": 0.8268660692772297
        },
        "SMAPE": {
            "Temperature": 9.226962434800159,
            "Precipitation_accumulated": 0.8501462934383869,
            "Humidity": 1.9751887944360387,
            "Wind_Speed_kmh": 154.36787456918134,
            "Soil_Moisture": 0.8848049605071725,
            "Soil_Temperature": 14.536630861153096,
            "Wind_Dir_Sin": 149.7685272664548,
            "Wind_Dir_Cos": 33.803466933223774
        }
    }
}