{
    "trial_number": 12,
    "input_chunk_length": 13,
    "training_length": 14,
    "hidden_size": 56,
    "layer_size": 4,
    "dropout": 0.3946034908039411,
    "batch_size": 57,
    "lr": 0.007377803937868994,
    "forecast_horizon": 1,
    "overall_smape_val": 46.75631608914654,
    "metrics": {
        "MSE": {
            "Temperature": 1.0660300280517327,
            "Precipitation_accumulated": 35.641138133689665,
            "Humidity": 13.699717688627517,
            "Wind_Speed_kmh": 0.11799047437701468,
            "Soil_Moisture": 22734.31569375067,
            "Soil_Temperature": 0.6219154155051783,
            "Wind_Dir_Sin": 0.04696008738382638,
            "Wind_Dir_Cos": 0.0426296047144095
        },
        "RMSE": {
            "Temperature": 1.0324873016418812,
            "Precipitation_accumulated": 5.9700199441618,
            "Humidity": 3.7013129682083785,
            "Wind_Speed_kmh": 0.3434974153862219,
            "Soil_Moisture": 150.77902935670684,
            "Soil_Temperature": 0.7886161395160375,
            "Wind_Dir_Sin": 0.21670276275079278,
            "Wind_Dir_Cos": 0.2064693796048448
        },
        "MAE": {
            "Temperature": 0.7767973137094916,
            "Precipitation_accumulated": 5.413879265660483,
            "Humidity": 3.1217371509947864,
            "Wind_Speed_kmh": 0.1631801118953965,
            "Soil_Moisture": 100.67558273194597,
            "Soil_Temperature": 0.6047645829686006,
            "Wind_Dir_Sin": 0.11297285293924045,
            "Wind_Dir_Cos": 0.0978684988279628
        },
        "R2": {
            "Temperature": 0.6868622012493758,
            "Precipitation_accumulated": -36.55083965832359,
            "Humidity": 0.7893279599818794,
            "Wind_Speed_kmh": 0.6532833432841927,
            "Soil_Moisture": 0.9692767131651819,
            "Soil_Temperature": 0.8891852508478185,
            "Wind_Dir_Sin": 0.7076305334833124,
            "Wind_Dir_Cos": 0.8515128899821398
        },
        "SMAPE": {
            "Temperature": 13.662912190910358,
            "Precipitation_accumulated": 1.170388380796276,
            "Humidity": 3.7504031616209095,
            "Wind_Speed_kmh": 167.62531414154645,
            "Soil_Moisture": 1.6095425619427226,
            "Soil_Temperature": 18.83545381818926,
            "Wind_Dir_Sin": 142.06100830041953,
            "Wind_Dir_Cos": 25.335506157746902
        }
    }
}