{
    "trial_number": 24,
    "input_chunk_length": 67,
    "hidden_size": 224,
    "layer_size": 2,
    "dropout": 0.19733115982275568,
    "batch_size": 64,
    "lr": 0.0013742161780172341,
    "overall_smape_val": 45.38049125464918,
    "metrics": {
        "MSE": {
            "Temperature": 0.813708306482792,
            "Precipitation_accumulated": 15.700532747998185,
            "Humidity": 3.1468203462906503,
            "Wind_Speed_kmh": 0.07586285149079937,
            "Soil_Moisture": 17668.936925888822,
            "Soil_Temperature": 0.9502325649523423,
            "Wind_Dir_Sin": 0.05089901075951163,
            "Wind_Dir_Cos": 0.04678383526183575
        },
        "RMSE": {
            "Temperature": 0.9020578177050471,
            "Precipitation_accumulated": 3.962389777394216,
            "Humidity": 1.7739279428124048,
            "Wind_Speed_kmh": 0.27543211775462817,
            "Soil_Moisture": 132.92455351021053,
            "Soil_Temperature": 0.9747987304835508,
            "Wind_Dir_Sin": 0.22560809107722982,
            "Wind_Dir_Cos": 0.21629571253687796
        },
        "MAE": {
            "Temperature": 0.7059179913615923,
            "Precipitation_accumulated": 3.269469543716314,
            "Humidity": 1.1543852456425991,
            "Wind_Speed_kmh": 0.12432836433206987,
            "Soil_Moisture": 42.05678895750669,
            "Soil_Temperature": 0.6410736786440101,
            "Wind_Dir_Sin": 0.11730101115615506,
            "Wind_Dir_Cos": 0.1105844066660129
        },
        "R2": {
            "Temperature": 0.7609796898659644,
            "Precipitation_accumulated": -15.541789029263661,
            "Humidity": 0.9516087063258312,
            "Wind_Speed_kmh": 0.777075951455436,
            "Soil_Moisture": 0.9761220955777608,
            "Soil_Temperature": 0.8306847190210048,
            "Wind_Dir_Sin": 0.6831071352071023,
            "Wind_Dir_Cos": 0.8370429062122285
        },
        "SMAPE": {
            "Temperature": 11.734181470163287,
            "Precipitation_accumulated": 0.7104377824728333,
            "Humidity": 1.352735611615275,
            "Wind_Speed_kmh": 156.51011654760376,
            "Soil_Moisture": 0.6692292235089344,
            "Soil_Temperature": 17.104426229014237,
            "Wind_Dir_Sin": 144.65847820027577,
            "Wind_Dir_Cos": 30.304324972539458
        }
    }
}