{
    "trial_number": 4,
    "input_chunk_length": 33,
    "training_length": 40,
    "hidden_size": 175,
    "layer_size": 3,
    "dropout": 0.20386372376772985,
    "batch_size": 20,
    "lr": 1.0134954944672786e-05,
    "forecast_horizon": 12,
    "overall_smape_val": 53.629865943343106,
    "metrics": {
        "MSE": {
            "Temperature": 1.8834981326522007,
            "Precipitation_accumulated": 110.71865550987685,
            "Humidity": 27.377771845136582,
            "Wind_Speed_kmh": 0.20541163827595454,
            "Soil_Moisture": 144883.70466183894,
            "Soil_Temperature": 1.7376067370548305,
            "Wind_Dir_Sin": 0.11773794294089418,
            "Wind_Dir_Cos": 0.12067065101795765
        },
        "RMSE": {
            "Temperature": 1.372405964957964,
            "Precipitation_accumulated": 10.52229326287178,
            "Humidity": 5.232377265176564,
            "Wind_Speed_kmh": 0.4532236073683216,
            "Soil_Moisture": 380.6359214023802,
            "Soil_Temperature": 1.3181831196972713,
            "Wind_Dir_Sin": 0.3431296299372792,
            "Wind_Dir_Cos": 0.347376814162888
        },
        "MAE": {
            "Temperature": 1.0913526472074901,
            "Precipitation_accumulated": 8.027420992449258,
            "Humidity": 4.399069467881327,
            "Wind_Speed_kmh": 0.21559862257287066,
            "Soil_Moisture": 175.36463731137195,
            "Soil_Temperature": 1.0291083986054597,
            "Wind_Dir_Sin": 0.20935375120538113,
            "Wind_Dir_Cos": 0.20797865411052088
        },
        "R2": {
            "Temperature": 0.4449012674899866,
            "Precipitation_accumulated": -115.46403843960633,
            "Humidity": 0.5794982676422382,
            "Wind_Speed_kmh": 0.40060263549915875,
            "Soil_Moisture": 0.8054974068522013,
            "Soil_Temperature": 0.6894398629983788,
            "Wind_Dir_Sin": 0.27181368742821554,
            "Wind_Dir_Cos": 0.5820365258124895
        },
        "SMAPE": {
            "Temperature": 18.46956593248518,
            "Precipitation_accumulated": 1.7355733235134583,
            "Humidity": 5.2999588533574595,
            "Wind_Speed_kmh": 170.41478475213208,
            "Soil_Moisture": 2.718696527413645,
            "Soil_Temperature": 24.599040983301173,
            "Wind_Dir_Sin": 157.22569514172952,
            "Wind_Dir_Cos": 48.57561203281218
        }
    }
}