{
    "trial_number": 61,
    "input_chunk_length": 26,
    "output_chunk_length": 1,
    "hidden_size": 190,
    "layer_size": 1,
    "dropout": 0.42517158188483795,
    "batch_size": 179,
    "lr": 0.002254464765136813,
    "loss_function": "smoothl1",
    "optimizer": "AdamW",
    "overall_mae_val": 0.090978451515611,
    "metrics": {
        "MSE": {
            "Temperature": 2.676786563718336,
            "Precipitation_accumulated": 521.9364741437606,
            "Humidity": 25.728260898803978,
            "Wind_Speed_kmh": 0.5661476531591395,
            "Soil_Moisture": 13771.317616917457,
            "Soil_Temperature": 3.437835709399166,
            "Wind_Dir_Sin": 0.3600761902818604,
            "Wind_Dir_Cos": 0.30736637968026387
        },
        "RMSE": {
            "Temperature": 1.6360888006823884,
            "Precipitation_accumulated": 22.845929049696373,
            "Humidity": 5.0723033129737,
            "Wind_Speed_kmh": 0.7524278391707337,
            "Soil_Moisture": 117.3512574151528,
            "Soil_Temperature": 1.8541401536559112,
            "Wind_Dir_Sin": 0.6000634885425544,
            "Wind_Dir_Cos": 0.554406330844322
        },
        "MAE": {
            "Temperature": 1.3274782771372196,
            "Precipitation_accumulated": 19.489158291207243,
            "Humidity": 4.03743670247147,
            "Wind_Speed_kmh": 0.5640547343713243,
            "Soil_Moisture": 96.57117783371288,
            "Soil_Temperature": 1.5970352072502674,
            "Wind_Dir_Sin": 0.49318868615371636,
            "Wind_Dir_Cos": 0.4565528694296867
        },
        "R2": {
            "Temperature": 0.9122314311405139,
            "Precipitation_accumulated": -150.38201656913765,
            "Humidity": 0.8244577056947383,
            "Wind_Speed_kmh": 0.5808103782915266,
            "Soil_Moisture": 0.7617092243473791,
            "Soil_Temperature": 0.7872432744698596,
            "Wind_Dir_Sin": 0.34525348264249234,
            "Wind_Dir_Cos": 0.16402441271583634
        },
        "SMAPE": {
            "Temperature": 25.374910094422894,
            "Precipitation_accumulated": 4.310528581745546,
            "Humidity": 4.688085187643188,
            "Wind_Speed_kmh": 58.227342885136075,
            "Soil_Moisture": 1.1309458447961345,
            "Soil_Temperature": 38.38314547786766,
            "Wind_Dir_Sin": 98.48843937280503,
            "Wind_Dir_Cos": 115.06117212537707
        }
    }
}