{
    "trial_number": 39,
    "input_chunk_length": 37,
    "training_length": 42,
    "hidden_size": 180,
    "layer_size": 2,
    "dropout": 0.23418376477133707,
    "batch_size": 17,
    "lr": 4.509371907501805e-05,
    "forecast_horizon": 9,
    "overall_smape_val": 51.02622620368453,
    "metrics": {
        "MSE": {
            "Temperature": 1.0535207311211123,
            "Precipitation_accumulated": 23.94129633037488,
            "Humidity": 12.633749933692632,
            "Wind_Speed_kmh": 0.15819920320136618,
            "Soil_Moisture": 88832.9322185647,
            "Soil_Temperature": 1.3602263588571635,
            "Wind_Dir_Sin": 0.1020392088309277,
            "Wind_Dir_Cos": 0.10149263487046106
        },
        "RMSE": {
            "Temperature": 1.0264115797871303,
            "Precipitation_accumulated": 4.892984399155067,
            "Humidity": 3.5543986739943274,
            "Wind_Speed_kmh": 0.39774263437726437,
            "Soil_Moisture": 298.0485400376333,
            "Soil_Temperature": 1.1662874254904592,
            "Wind_Dir_Sin": 0.31943576636145127,
            "Wind_Dir_Cos": 0.3185790873087263
        },
        "MAE": {
            "Temperature": 0.7599109043791306,
            "Precipitation_accumulated": 3.2485885280299005,
            "Humidity": 2.362599421570372,
            "Wind_Speed_kmh": 0.1927731095926925,
            "Soil_Moisture": 107.63456079927634,
            "Soil_Temperature": 0.9080304617013475,
            "Wind_Dir_Sin": 0.1804556086273362,
            "Wind_Dir_Cos": 0.16473910677541326
        },
        "R2": {
            "Temperature": 0.6897041093979607,
            "Precipitation_accumulated": -24.195600034586395,
            "Humidity": 0.8058743431019654,
            "Wind_Speed_kmh": 0.5373978222211869,
            "Soil_Moisture": 0.880505123574644,
            "Soil_Temperature": 0.7570912176669816,
            "Wind_Dir_Sin": 0.36764902750583517,
            "Wind_Dir_Cos": 0.647868776133777
        },
        "SMAPE": {
            "Temperature": 13.92338079971546,
            "Precipitation_accumulated": 0.7021849324410807,
            "Humidity": 2.83081457005546,
            "Wind_Speed_kmh": 165.3288274430645,
            "Soil_Moisture": 1.6832240467306292,
            "Soil_Temperature": 21.820728932017552,
            "Wind_Dir_Sin": 159.20228660752207,
            "Wind_Dir_Cos": 42.7183622979295
        }
    }
}