{
    "trial_number": 63,
    "input_chunk_length": 29,
    "output_chunk_length": 1,
    "hidden_size": 156,
    "layer_size": 1,
    "dropout": 0.3715252088923923,
    "batch_size": 129,
    "lr": 0.001928272737862093,
    "loss_function": "smoothl1",
    "optimizer": "AdamW",
    "overall_mae_val": 0.09035083653462209,
    "metrics": {
        "MSE": {
            "Temperature": 2.2587338046302228,
            "Precipitation_accumulated": 928.4847314372843,
            "Humidity": 20.249857579342457,
            "Wind_Speed_kmh": 0.5494760654890192,
            "Soil_Moisture": 11814.213862334129,
            "Soil_Temperature": 2.24851885934138,
            "Wind_Dir_Sin": 0.3754591278657619,
            "Wind_Dir_Cos": 0.3086623130230043
        },
        "RMSE": {
            "Temperature": 1.5029084485191448,
            "Precipitation_accumulated": 30.471047429277586,
            "Humidity": 4.499984175454671,
            "Wind_Speed_kmh": 0.7412665279702161,
            "Soil_Moisture": 108.69320982625423,
            "Soil_Temperature": 1.4995062051693484,
            "Wind_Dir_Sin": 0.6127471973544734,
            "Wind_Dir_Cos": 0.5555738591969607
        },
        "MAE": {
            "Temperature": 1.1958557700021377,
            "Precipitation_accumulated": 27.30572952705321,
            "Humidity": 3.56462521868898,
            "Wind_Speed_kmh": 0.5441934008515453,
            "Soil_Moisture": 86.81036718204547,
            "Soil_Temperature": 1.2569415071948087,
            "Wind_Dir_Sin": 0.4930091091415348,
            "Wind_Dir_Cos": 0.4541383871430909
        },
        "R2": {
            "Temperature": 0.9258145120967073,
            "Precipitation_accumulated": -269.5338198120426,
            "Humidity": 0.8618060860092183,
            "Wind_Speed_kmh": 0.5928832909503381,
            "Soil_Moisture": 0.7935132519044877,
            "Soil_Temperature": 0.8605084693790741,
            "Wind_Dir_Sin": 0.3179820564034169,
            "Wind_Dir_Cos": 0.15820654569815806
        },
        "SMAPE": {
            "Temperature": 23.18463359961305,
            "Precipitation_accumulated": 6.0932146624574814,
            "Humidity": 4.2129866244802985,
            "Wind_Speed_kmh": 59.81738270632339,
            "Soil_Moisture": 1.0152995933449422,
            "Soil_Temperature": 32.08299510777858,
            "Wind_Dir_Sin": 98.8198990316448,
            "Wind_Dir_Cos": 113.8307774634208
        }
    }
}