{
    "trial_number": 36,
    "input_chunk_length": 49,
    "hidden_size": 156,
    "layer_size": 4,
    "dropout": 0.3527675285729479,
    "batch_size": 56,
    "lr": 0.0006149719345600161,
    "overall_smape_val": 47.5640069666077,
    "metrics": {
        "MSE": {
            "Temperature": 1.0459020345034584,
            "Precipitation_accumulated": 49.40879759557566,
            "Humidity": 13.686573728888556,
            "Wind_Speed_kmh": 0.13603446795220997,
            "Soil_Moisture": 51046.87852081208,
            "Soil_Temperature": 0.7062068176657639,
            "Wind_Dir_Sin": 0.06175509426260987,
            "Wind_Dir_Cos": 0.060119295891121166
        },
        "RMSE": {
            "Temperature": 1.0226935193416737,
            "Precipitation_accumulated": 7.029139178845135,
            "Humidity": 3.6995369614167335,
            "Wind_Speed_kmh": 0.3688285075102113,
            "Soil_Moisture": 225.93556276250996,
            "Soil_Temperature": 0.8403611233664751,
            "Wind_Dir_Sin": 0.24850572279649794,
            "Wind_Dir_Cos": 0.2451923650751001
        },
        "MAE": {
            "Temperature": 0.7277309590124245,
            "Precipitation_accumulated": 5.797671370711256,
            "Humidity": 2.911081415919231,
            "Wind_Speed_kmh": 0.1458292861555606,
            "Soil_Moisture": 100.58019242935535,
            "Soil_Temperature": 0.6332610182702574,
            "Wind_Dir_Sin": 0.12614181821481638,
            "Wind_Dir_Cos": 0.13429575595593166
        },
        "R2": {
            "Temperature": 0.6927746384482533,
            "Precipitation_accumulated": -51.056189374835654,
            "Humidity": 0.7895300856661497,
            "Wind_Speed_kmh": 0.6002608161757504,
            "Soil_Moisture": 0.9310149506172234,
            "Soil_Temperature": 0.8741659566588756,
            "Wind_Dir_Sin": 0.615518092701304,
            "Wind_Dir_Cos": 0.790592932705197
        },
        "SMAPE": {
            "Temperature": 12.900017794472879,
            "Precipitation_accumulated": 1.2493526132891872,
            "Humidity": 3.540306462145456,
            "Wind_Speed_kmh": 155.17788125043805,
            "Soil_Moisture": 1.6054445303484783,
            "Soil_Temperature": 18.733922080753885,
            "Wind_Dir_Sin": 150.48716904677133,
            "Wind_Dir_Cos": 36.81796195464222
        }
    }
}