{
    "trial_number": 11,
    "input_chunk_length": 70,
    "hidden_size": 233,
    "layer_size": 3,
    "dropout": 0.19572813498585417,
    "batch_size": 64,
    "lr": 0.005747267475390576,
    "overall_smape_val": 44.776747131435414,
    "metrics": {
        "MSE": {
            "Temperature": 0.6572914574199038,
            "Precipitation_accumulated": 48.26280759038689,
            "Humidity": 4.7023802694654515,
            "Wind_Speed_kmh": 0.0898308449474503,
            "Soil_Moisture": 34126.370134584286,
            "Soil_Temperature": 1.1529850202663587,
            "Wind_Dir_Sin": 0.047263793097657165,
            "Wind_Dir_Cos": 0.04281035187510476
        },
        "RMSE": {
            "Temperature": 0.8107351339493706,
            "Precipitation_accumulated": 6.947143844083473,
            "Humidity": 2.168497237596915,
            "Wind_Speed_kmh": 0.2997179423181907,
            "Soil_Moisture": 184.73324047010132,
            "Soil_Temperature": 1.0737714003764296,
            "Wind_Dir_Sin": 0.21740237601658627,
            "Wind_Dir_Cos": 0.20690662598163637
        },
        "MAE": {
            "Temperature": 0.502896995218826,
            "Precipitation_accumulated": 3.8998394113628305,
            "Humidity": 1.582586642354668,
            "Wind_Speed_kmh": 0.134851599689738,
            "Soil_Moisture": 107.5942255405963,
            "Soil_Temperature": 0.7448134164473031,
            "Wind_Dir_Sin": 0.10376602965516067,
            "Wind_Dir_Cos": 0.09121483504633612
        },
        "R2": {
            "Temperature": 0.8069258888605434,
            "Precipitation_accumulated": -49.84879563860117,
            "Humidity": 0.9276875577420388,
            "Wind_Speed_kmh": 0.7360308076174371,
            "Soil_Moisture": 0.9538814243454791,
            "Soil_Temperature": 0.7945576800130377,
            "Wind_Dir_Sin": 0.7057396878210158,
            "Wind_Dir_Cos": 0.8508833128674709
        },
        "SMAPE": {
            "Temperature": 8.822350807989185,
            "Precipitation_accumulated": 0.8591037019502831,
            "Humidity": 1.9118142836698058,
            "Wind_Speed_kmh": 155.36054384517084,
            "Soil_Moisture": 1.7408299611874547,
            "Soil_Temperature": 19.33974955930961,
            "Wind_Dir_Sin": 142.38683621776448,
            "Wind_Dir_Cos": 27.792748674441736
        }
    }
}