{
    "trial_number": 9,
    "input_chunk_length": 31,
    "training_length": 37,
    "hidden_size": 101,
    "layer_size": 3,
    "dropout": 0.23956606955828286,
    "batch_size": 63,
    "lr": 0.00026164559634611704,
    "forecast_horizon": 19,
    "overall_smape_val": 54.0134115329066,
    "metrics": {
        "MSE": {
            "Temperature": 1.727430948712254,
            "Precipitation_accumulated": 695.3458415323386,
            "Humidity": 58.07787330801239,
            "Wind_Speed_kmh": 0.19221281789278774,
            "Soil_Moisture": 222576.94118708625,
            "Soil_Temperature": 1.1116254824708645,
            "Wind_Dir_Sin": 0.11539744464803148,
            "Wind_Dir_Cos": 0.14518561399165367
        },
        "RMSE": {
            "Temperature": 1.3143176741991467,
            "Precipitation_accumulated": 26.369411095668,
            "Humidity": 7.620884024049467,
            "Wind_Speed_kmh": 0.4384208228321138,
            "Soil_Moisture": 471.7806070485372,
            "Soil_Temperature": 1.0543365129174198,
            "Wind_Dir_Sin": 0.3397019938829201,
            "Wind_Dir_Cos": 0.38103230045713143
        },
        "MAE": {
            "Temperature": 0.8735617483290109,
            "Precipitation_accumulated": 13.467496279678596,
            "Humidity": 6.644144981385072,
            "Wind_Speed_kmh": 0.19902550583219503,
            "Soil_Moisture": 293.774783360489,
            "Soil_Temperature": 0.6992531037208221,
            "Wind_Dir_Sin": 0.20467426593069665,
            "Wind_Dir_Cos": 0.21195818138989028
        },
        "R2": {
            "Temperature": 0.488792291174179,
            "Precipitation_accumulated": -729.6373817125863,
            "Humidity": 0.10813088868689091,
            "Wind_Speed_kmh": 0.4418730551044471,
            "Soil_Moisture": 0.7025881653470192,
            "Soil_Temperature": 0.8008753465728842,
            "Wind_Dir_Sin": 0.28960913066701044,
            "Wind_Dir_Cos": 0.4991064099896074
        },
        "SMAPE": {
            "Temperature": 18.636417684144856,
            "Precipitation_accumulated": 3.0863232996434684,
            "Humidity": 7.723613786418218,
            "Wind_Speed_kmh": 170.434692825875,
            "Soil_Moisture": 4.5156707443344954,
            "Soil_Temperature": 21.37299827378233,
            "Wind_Dir_Sin": 157.7243665113512,
            "Wind_Dir_Cos": 48.61320913770319
        }
    }
}