{
    "trial_number": 3,
    "input_chunk_length": 55,
    "hidden_size": 167,
    "layer_size": 2,
    "dropout": 0.27989397935370464,
    "batch_size": 24,
    "lr": 0.00019944465125113167,
    "overall_smape_val": 45.80547009076855,
    "metrics": {
        "MSE": {
            "Temperature": 0.6987998862376165,
            "Precipitation_accumulated": 98.66403913155254,
            "Humidity": 5.07669191292418,
            "Wind_Speed_kmh": 0.09294650700374388,
            "Soil_Moisture": 27314.928239813424,
            "Soil_Temperature": 0.2781016386581614,
            "Wind_Dir_Sin": 0.053121470442893656,
            "Wind_Dir_Cos": 0.04772839282349849
        },
        "RMSE": {
            "Temperature": 0.8359425137158754,
            "Precipitation_accumulated": 9.932977354829344,
            "Humidity": 2.2531515512553035,
            "Wind_Speed_kmh": 0.3048712958015954,
            "Soil_Moisture": 165.27228515335966,
            "Soil_Temperature": 0.5273534286018831,
            "Wind_Dir_Sin": 0.2304809546207531,
            "Wind_Dir_Cos": 0.21846828791268194
        },
        "MAE": {
            "Temperature": 0.5392834551270959,
            "Precipitation_accumulated": 9.213038545826285,
            "Humidity": 1.669659161657719,
            "Wind_Speed_kmh": 0.1328276989768832,
            "Soil_Moisture": 49.52236329563348,
            "Soil_Temperature": 0.405680821155938,
            "Wind_Dir_Sin": 0.12020747014797448,
            "Wind_Dir_Cos": 0.11280689801815035
        },
        "R2": {
            "Temperature": 0.7947331197193868,
            "Precipitation_accumulated": -102.95059494380828,
            "Humidity": 0.9219314539067426,
            "Wind_Speed_kmh": 0.7268753911542176,
            "Soil_Moisture": 0.9630864466523201,
            "Soil_Temperature": 0.95044701810184,
            "Wind_Dir_Sin": 0.6692702923010339,
            "Wind_Dir_Cos": 0.833752830605935
        },
        "SMAPE": {
            "Temperature": 9.453410241555327,
            "Precipitation_accumulated": 1.9815166643778928,
            "Humidity": 2.025447529990117,
            "Wind_Speed_kmh": 161.6926356743018,
            "Soil_Moisture": 0.7532432572279181,
            "Soil_Temperature": 13.019310448540129,
            "Wind_Dir_Sin": 145.38164537371225,
            "Wind_Dir_Cos": 32.13655153644277
        }
    }
}