{
    "trial_number": 6,
    "input_chunk_length": 55,
    "output_chunk_length": 5,
    "hidden_size": 164,
    "layer_size": 1,
    "dropout": 0.27126736977861376,
    "batch_size": 253,
    "lr": 0.004356101313361004,
    "loss_function": "smoothl1",
    "optimizer": "AdamW",
    "overall_mae_val": 0.1267900491843625,
    "metrics": {
        "MSE": {
            "Temperature": 9.315858383194197,
            "Precipitation_accumulated": 765.3086610607537,
            "Humidity": 68.36828538393777,
            "Wind_Speed_kmh": 1.1457613957187822,
            "Soil_Moisture": 43158.80075973397,
            "Soil_Temperature": 20.25640843847315,
            "Wind_Dir_Sin": 0.5733594387942216,
            "Wind_Dir_Cos": 0.3913141257580228
        },
        "RMSE": {
            "Temperature": 3.0521891132749617,
            "Precipitation_accumulated": 27.664212641258267,
            "Humidity": 8.268511678889846,
            "Wind_Speed_kmh": 1.0704024456804937,
            "Soil_Moisture": 207.7469632984655,
            "Soil_Temperature": 4.500711992393332,
            "Wind_Dir_Sin": 0.7572050176763369,
            "Wind_Dir_Cos": 0.6255510576747695
        },
        "MAE": {
            "Temperature": 2.318567708560648,
            "Precipitation_accumulated": 23.16086262194536,
            "Humidity": 6.360971325120285,
            "Wind_Speed_kmh": 0.8549560423149937,
            "Soil_Moisture": 169.65595335181987,
            "Soil_Temperature": 3.9331668948686276,
            "Wind_Dir_Sin": 0.6628275754434495,
            "Wind_Dir_Cos": 0.5336739564430245
        },
        "R2": {
            "Temperature": 0.6943436307981004,
            "Precipitation_accumulated": -233.08966947926882,
            "Humidity": 0.5338535278997114,
            "Wind_Speed_kmh": 0.14932120329897158,
            "Soil_Moisture": 0.1454052366674271,
            "Soil_Temperature": -0.26250891406013666,
            "Wind_Dir_Sin": -0.04237934643227992,
            "Wind_Dir_Cos": -0.06480824543725694
        },
        "SMAPE": {
            "Temperature": 38.92231789126443,
            "Precipitation_accumulated": 5.146133424418276,
            "Humidity": 7.518253085765779,
            "Wind_Speed_kmh": 69.66682522668995,
            "Soil_Moisture": 1.9774865209307615,
            "Soil_Temperature": 84.79274971310925,
            "Wind_Dir_Sin": 139.76768636687825,
            "Wind_Dir_Cos": 136.64407476105288
        }
    }
}