{
    "trial_number": 43,
    "input_chunk_length": 39,
    "hidden_size": 140,
    "layer_size": 3,
    "dropout": 0.25772950164600117,
    "batch_size": 53,
    "lr": 0.0023680065767351017,
    "overall_smape_val": 46.77524997766701,
    "metrics": {
        "MSE": {
            "Temperature": 0.6745384933210558,
            "Precipitation_accumulated": 15.421750706075361,
            "Humidity": 3.728686565383822,
            "Wind_Speed_kmh": 0.15375604284935337,
            "Soil_Moisture": 76767.93082988454,
            "Soil_Temperature": 0.5695647887997578,
            "Wind_Dir_Sin": 0.049595772256208516,
            "Wind_Dir_Cos": 0.04172026863217022
        },
        "RMSE": {
            "Temperature": 0.8213029242131406,
            "Precipitation_accumulated": 3.9270536927925193,
            "Humidity": 1.9309807263108096,
            "Wind_Speed_kmh": 0.392117384018298,
            "Soil_Moisture": 277.07026334466957,
            "Soil_Temperature": 0.7546951628305019,
            "Wind_Dir_Sin": 0.22270108274592765,
            "Wind_Dir_Cos": 0.2042554004969519
        },
        "MAE": {
            "Temperature": 0.5781916702330556,
            "Precipitation_accumulated": 2.7905375976589206,
            "Humidity": 1.2366226022492801,
            "Wind_Speed_kmh": 0.29115218105274676,
            "Soil_Moisture": 242.2615926648808,
            "Soil_Temperature": 0.5439684352004612,
            "Wind_Dir_Sin": 0.11302890803641773,
            "Wind_Dir_Cos": 0.08850446221241148
        },
        "R2": {
            "Temperature": 0.8018597099397394,
            "Precipitation_accumulated": -15.24806945957437,
            "Humidity": 0.9426608618388058,
            "Wind_Speed_kmh": 0.5481857208554006,
            "Soil_Moisture": 0.8962553704992162,
            "Soil_Temperature": 0.8985132421175129,
            "Wind_Dir_Sin": 0.6912209860788101,
            "Wind_Dir_Cos": 0.8546802824032342
        },
        "SMAPE": {
            "Temperature": 10.136024958881524,
            "Precipitation_accumulated": 0.6056502243185736,
            "Humidity": 1.4741570715888117,
            "Wind_Speed_kmh": 173.90728220998136,
            "Soil_Moisture": 4.007511675817701,
            "Soil_Temperature": 15.597410749378966,
            "Wind_Dir_Sin": 143.42290140341183,
            "Wind_Dir_Cos": 25.05106152795732
        }
    }
}