{
    "trial_number": 50,
    "input_chunk_length": 28,
    "output_chunk_length": 4,
    "hidden_size": 202,
    "layer_size": 1,
    "dropout": 0.4204342060054142,
    "batch_size": 231,
    "lr": 0.0049759453679239255,
    "loss_function": "smoothl1",
    "optimizer": "AdamW",
    "overall_mae_val": 0.12883579188196087,
    "metrics": {
        "MSE": {
            "Temperature": 6.478624689699611,
            "Precipitation_accumulated": 2513.3954166637354,
            "Humidity": 66.34360461768877,
            "Wind_Speed_kmh": 1.0832196558423972,
            "Soil_Moisture": 104915.57086336758,
            "Soil_Temperature": 9.983902205400037,
            "Wind_Dir_Sin": 0.6145194033239972,
            "Wind_Dir_Cos": 0.3555274626566452
        },
        "RMSE": {
            "Temperature": 2.545314261481205,
            "Precipitation_accumulated": 50.13377520857307,
            "Humidity": 8.14515835436542,
            "Wind_Speed_kmh": 1.040778389400163,
            "Soil_Moisture": 323.90673173518263,
            "Soil_Temperature": 3.159731350194196,
            "Wind_Dir_Sin": 0.7839128799324561,
            "Wind_Dir_Cos": 0.5962612369227478
        },
        "MAE": {
            "Temperature": 1.931430058781268,
            "Precipitation_accumulated": 41.401485234889705,
            "Humidity": 6.505825418830168,
            "Wind_Speed_kmh": 0.8339546462453776,
            "Soil_Moisture": 264.15259968697933,
            "Soil_Temperature": 2.7297844937142632,
            "Wind_Dir_Sin": 0.6752576911575352,
            "Wind_Dir_Cos": 0.5038304389113544
        },
        "R2": {
            "Temperature": 0.787275387383828,
            "Precipitation_accumulated": -733.5972589048026,
            "Humidity": 0.54717355561408,
            "Wind_Speed_kmh": 0.1968543115511353,
            "Soil_Moisture": -0.8475346442573601,
            "Soil_Temperature": 0.3798307560034522,
            "Wind_Dir_Sin": -0.11598005392163957,
            "Wind_Dir_Cos": 0.02973098918142547
        },
        "SMAPE": {
            "Temperature": 33.67498514096195,
            "Precipitation_accumulated": 9.51377661999389,
            "Humidity": 7.70783824442138,
            "Wind_Speed_kmh": 70.03755275737242,
            "Soil_Moisture": 3.1398752533813714,
            "Soil_Temperature": 63.4486163010471,
            "Wind_Dir_Sin": 139.2949130090857,
            "Wind_Dir_Cos": 127.8797288790216
        }
    }
}