{
    "trial_number": 12,
    "input_chunk_length": 71,
    "hidden_size": 80,
    "layer_size": 4,
    "dropout": 0.18767571738171593,
    "batch_size": 46,
    "lr": 0.0016307845327643532,
    "overall_smape_val": 48.24955831351054,
    "metrics": {
        "MSE": {
            "Temperature": 1.0131931810885844,
            "Precipitation_accumulated": 106.87953485850439,
            "Humidity": 6.5402330071787835,
            "Wind_Speed_kmh": 0.1441984024676134,
            "Soil_Moisture": 38419.25338185964,
            "Soil_Temperature": 1.2212004029910728,
            "Wind_Dir_Sin": 0.056586733517778126,
            "Wind_Dir_Cos": 0.043952743762796856
        },
        "RMSE": {
            "Temperature": 1.006574975393579,
            "Precipitation_accumulated": 10.33825589055061,
            "Humidity": 2.557387926611601,
            "Wind_Speed_kmh": 0.37973464744162255,
            "Soil_Moisture": 196.0082992678107,
            "Soil_Temperature": 1.105079365019125,
            "Wind_Dir_Sin": 0.23787966184139855,
            "Wind_Dir_Cos": 0.20964909673737414
        },
        "MAE": {
            "Temperature": 0.7860075528146339,
            "Precipitation_accumulated": 9.28234094158185,
            "Humidity": 1.812719756950054,
            "Wind_Speed_kmh": 0.2800050096784054,
            "Soil_Moisture": 90.85872013147505,
            "Soil_Temperature": 0.9225332174877983,
            "Wind_Dir_Sin": 0.15549810541726494,
            "Wind_Dir_Cos": 0.11217832989616663
        },
        "R2": {
            "Temperature": 0.702382602659833,
            "Precipitation_accumulated": -111.60628830576644,
            "Humidity": 0.8994253559721173,
            "Wind_Speed_kmh": 0.5762709805913715,
            "Soil_Moisture": 0.9480799968852859,
            "Soil_Temperature": 0.7824028590574921,
            "Wind_Dir_Sin": 0.6476958623332378,
            "Wind_Dir_Cos": 0.8469041422641388
        },
        "SMAPE": {
            "Temperature": 13.613772742640906,
            "Precipitation_accumulated": 1.9939374898898732,
            "Humidity": 2.2162461855658067,
            "Wind_Speed_kmh": 172.92932509533486,
            "Soil_Moisture": 1.4313590903068945,
            "Soil_Temperature": 21.18237808406175,
            "Wind_Dir_Sin": 143.42768090843322,
            "Wind_Dir_Cos": 29.201766911851077
        }
    }
}