{
    "trial_number": 17,
    "input_chunk_length": 61,
    "hidden_size": 34,
    "layer_size": 3,
    "dropout": 0.37277850029529475,
    "batch_size": 32,
    "lr": 1.038928731317472e-05,
    "overall_smape_val": 60.00314794733436,
    "metrics": {
        "MSE": {
            "Temperature": 14.886650178155193,
            "Precipitation_accumulated": 1824.865309472177,
            "Humidity": 64.1654197799016,
            "Wind_Speed_kmh": 0.22308949903726577,
            "Soil_Moisture": 308819.01154857397,
            "Soil_Temperature": 20.619323480813428,
            "Wind_Dir_Sin": 0.15576860625435693,
            "Wind_Dir_Cos": 0.21702035116306284
        },
        "RMSE": {
            "Temperature": 3.8583221972970576,
            "Precipitation_accumulated": 42.718442264110905,
            "Humidity": 8.010332064271843,
            "Wind_Speed_kmh": 0.47232351099354114,
            "Soil_Moisture": 555.7148653298506,
            "Soil_Temperature": 4.5408505239452035,
            "Wind_Dir_Sin": 0.3946753175134682,
            "Wind_Dir_Cos": 0.4658544313013056
        },
        "MAE": {
            "Temperature": 3.2077404962759797,
            "Precipitation_accumulated": 34.54838868469296,
            "Humidity": 7.180898218354729,
            "Wind_Speed_kmh": 0.1941572595355402,
            "Soil_Moisture": 333.6436263320602,
            "Soil_Temperature": 2.923606781301968,
            "Wind_Dir_Sin": 0.26802903863472044,
            "Wind_Dir_Cos": 0.2478954554038408
        },
        "R2": {
            "Temperature": -3.372834483919327,
            "Precipitation_accumulated": -1921.6441191913996,
            "Humidity": 0.01327456587864917,
            "Wind_Speed_kmh": 0.34444839159259144,
            "Soil_Moisture": 0.5826601864924428,
            "Soil_Temperature": -2.6740127391085715,
            "Wind_Dir_Sin": 0.0301980501356669,
            "Wind_Dir_Cos": 0.24407638834211653
        },
        "SMAPE": {
            "Temperature": 41.689304128298275,
            "Precipitation_accumulated": 7.506344751669354,
            "Humidity": 8.530326435506648,
            "Wind_Speed_kmh": 171.4238364059181,
            "Soil_Moisture": 5.082785590649568,
            "Soil_Temperature": 38.843564746646365,
            "Wind_Dir_Sin": 164.04344224607732,
            "Wind_Dir_Cos": 42.90557927390918
        }
    }
}