{
    "trial_number": 30,
    "input_chunk_length": 70,
    "training_length": 86,
    "hidden_size": 118,
    "layer_size": 2,
    "dropout": 0.3062537925883745,
    "batch_size": 60,
    "lr": 0.0029075195909280768,
    "forecast_horizon": 3,
    "overall_smape_val": 49.21861950705879,
    "metrics": {
        "MSE": {
            "Temperature": 0.9638119506654488,
            "Precipitation_accumulated": 80.08790234249402,
            "Humidity": 10.921914991858143,
            "Wind_Speed_kmh": 0.13337488676823367,
            "Soil_Moisture": 146555.03853298607,
            "Soil_Temperature": 0.687912163146881,
            "Wind_Dir_Sin": 0.07363389908043591,
            "Wind_Dir_Cos": 0.07233510141545438
        },
        "RMSE": {
            "Temperature": 0.9817392477972187,
            "Precipitation_accumulated": 8.949184451249959,
            "Humidity": 3.3048320671190154,
            "Wind_Speed_kmh": 0.36520526662170916,
            "Soil_Moisture": 382.8250756324435,
            "Soil_Temperature": 0.8294047040781002,
            "Wind_Dir_Sin": 0.27135566896683017,
            "Wind_Dir_Cos": 0.2689518570589435
        },
        "MAE": {
            "Temperature": 0.7778676369753701,
            "Precipitation_accumulated": 7.751709256973786,
            "Humidity": 2.674694368720137,
            "Wind_Speed_kmh": 0.15594718867525678,
            "Soil_Moisture": 354.25068790788725,
            "Soil_Temperature": 0.560345824498695,
            "Wind_Dir_Sin": 0.1390264818877825,
            "Wind_Dir_Cos": 0.15201317293384473
        },
        "R2": {
            "Temperature": 0.716752674342019,
            "Precipitation_accumulated": -83.36532447736971,
            "Humidity": 0.8320476849382936,
            "Wind_Speed_kmh": 0.6083492452509037,
            "Soil_Moisture": 0.8020732100946623,
            "Soil_Temperature": 0.8773856270012026,
            "Wind_Dir_Sin": 0.5418644059578042,
            "Wind_Dir_Cos": 0.7481842218679895
        },
        "SMAPE": {
            "Temperature": 12.730111259154642,
            "Precipitation_accumulated": 1.6685975215766375,
            "Humidity": 3.2032362140522346,
            "Wind_Speed_kmh": 163.21870474568152,
            "Soil_Moisture": 5.80744531837447,
            "Soil_Temperature": 15.369143568842583,
            "Wind_Dir_Sin": 152.07611614360277,
            "Wind_Dir_Cos": 39.675601285185635
        }
    }
}