{
    "trial_number": 4,
    "input_chunk_length": 46,
    "hidden_size": 106,
    "layer_size": 3,
    "dropout": 0.24318844020059477,
    "batch_size": 50,
    "lr": 0.00014738201743723906,
    "overall_smape_val": 48.63620422425413,
    "metrics": {
        "MSE": {
            "Temperature": 1.0795093663322437,
            "Precipitation_accumulated": 62.54452698282347,
            "Humidity": 12.977588511957734,
            "Wind_Speed_kmh": 0.1343485658479826,
            "Soil_Moisture": 54849.26724905405,
            "Soil_Temperature": 0.8174301765114391,
            "Wind_Dir_Sin": 0.06618921996409081,
            "Wind_Dir_Cos": 0.06207985959367243
        },
        "RMSE": {
            "Temperature": 1.0389944014922523,
            "Precipitation_accumulated": 7.908509782684945,
            "Humidity": 3.6024420206240286,
            "Wind_Speed_kmh": 0.36653589980789414,
            "Soil_Moisture": 234.19920420243542,
            "Soil_Temperature": 0.9041184526993347,
            "Wind_Dir_Sin": 0.2572726568527849,
            "Wind_Dir_Cos": 0.24915830227723185
        },
        "MAE": {
            "Temperature": 0.7305476131657458,
            "Precipitation_accumulated": 6.710822771786642,
            "Humidity": 2.857185756455825,
            "Wind_Speed_kmh": 0.15404354551526722,
            "Soil_Moisture": 88.71495654266745,
            "Soil_Temperature": 0.6154511340458518,
            "Wind_Dir_Sin": 0.13805630333328608,
            "Wind_Dir_Cos": 0.13199491780144132
        },
        "R2": {
            "Temperature": 0.682902753385146,
            "Precipitation_accumulated": -64.89574932843381,
            "Humidity": 0.8004327455156659,
            "Wind_Speed_kmh": 0.6052148630529595,
            "Soil_Moisture": 0.9258763803110421,
            "Soil_Temperature": 0.8543478458626753,
            "Wind_Dir_Sin": 0.5879116073212018,
            "Wind_Dir_Cos": 0.783763912353072
        },
        "SMAPE": {
            "Temperature": 13.054548856154733,
            "Precipitation_accumulated": 1.4462435255855457,
            "Humidity": 3.474964988843061,
            "Wind_Speed_kmh": 160.0587992891115,
            "Soil_Moisture": 1.3726104313056442,
            "Soil_Temperature": 17.559981693680868,
            "Wind_Dir_Sin": 152.3849939381704,
            "Wind_Dir_Cos": 39.73749107118119
        }
    }
}