{
    "trial_number": 37,
    "input_chunk_length": 32,
    "training_length": 38,
    "hidden_size": 215,
    "layer_size": 1,
    "dropout": 0.20871562333759444,
    "batch_size": 22,
    "lr": 3.649600172622694e-05,
    "forecast_horizon": 2,
    "overall_smape_val": 46.03895959605253,
    "metrics": {
        "MSE": {
            "Temperature": 0.645406222489964,
            "Precipitation_accumulated": 21.023683863937354,
            "Humidity": 5.032692611461804,
            "Wind_Speed_kmh": 0.10114991356257749,
            "Soil_Moisture": 20548.87958002057,
            "Soil_Temperature": 0.43779270293400724,
            "Wind_Dir_Sin": 0.06683715271259252,
            "Wind_Dir_Cos": 0.05656524240909957
        },
        "RMSE": {
            "Temperature": 0.803371783478835,
            "Precipitation_accumulated": 4.585159088181931,
            "Humidity": 2.2433663569425755,
            "Wind_Speed_kmh": 0.3180407419853272,
            "Soil_Moisture": 143.34880390160419,
            "Soil_Temperature": 0.6616590533907982,
            "Wind_Dir_Sin": 0.2585288237558677,
            "Wind_Dir_Cos": 0.23783448532351142
        },
        "MAE": {
            "Temperature": 0.5215600393699228,
            "Precipitation_accumulated": 2.9070396030581396,
            "Humidity": 1.5417261982075752,
            "Wind_Speed_kmh": 0.14901611676185145,
            "Soil_Moisture": 39.96828477918368,
            "Soil_Temperature": 0.48442789657999974,
            "Wind_Dir_Sin": 0.12632443998992426,
            "Wind_Dir_Cos": 0.11484554749996766
        },
        "R2": {
            "Temperature": 0.8104170816090226,
            "Precipitation_accumulated": -21.150161951639948,
            "Humidity": 0.9226080680391743,
            "Wind_Speed_kmh": 0.7027695664189846,
            "Soil_Moisture": 0.9722301242766391,
            "Soil_Temperature": 0.921992786564263,
            "Wind_Dir_Sin": 0.5838776337370006,
            "Wind_Dir_Cos": 0.8029723843545791
        },
        "SMAPE": {
            "Temperature": 8.784828571734604,
            "Precipitation_accumulated": 0.6312411136604222,
            "Humidity": 1.829245457330069,
            "Wind_Speed_kmh": 160.84785653699092,
            "Soil_Moisture": 0.6269275724194388,
            "Soil_Temperature": 14.217108927625796,
            "Wind_Dir_Sin": 149.19051755067912,
            "Wind_Dir_Cos": 32.1839510379796
        }
    }
}