{
    "trial_number": 22,
    "input_chunk_length": 25,
    "training_length": 34,
    "hidden_size": 140,
    "layer_size": 4,
    "dropout": 0.2552046029614715,
    "batch_size": 54,
    "lr": 0.0010659840323337672,
    "forecast_horizon": 4,
    "overall_smape_val": 47.5498351178268,
    "metrics": {
        "MSE": {
            "Temperature": 1.076274539850891,
            "Precipitation_accumulated": 23.368998699414547,
            "Humidity": 7.985554568533774,
            "Wind_Speed_kmh": 0.1364945704356191,
            "Soil_Moisture": 43109.9794861935,
            "Soil_Temperature": 0.987218211849124,
            "Wind_Dir_Sin": 0.07258900138885829,
            "Wind_Dir_Cos": 0.07538655514583323
        },
        "RMSE": {
            "Temperature": 1.0374365232875171,
            "Precipitation_accumulated": 4.8341492218811934,
            "Humidity": 2.8258723553150404,
            "Wind_Speed_kmh": 0.3694517159733043,
            "Soil_Moisture": 207.6294282759395,
            "Soil_Temperature": 0.9935885525956526,
            "Wind_Dir_Sin": 0.26942346109583387,
            "Wind_Dir_Cos": 0.2745661216279846
        },
        "MAE": {
            "Temperature": 0.7805789007970563,
            "Precipitation_accumulated": 2.738382381462367,
            "Humidity": 1.6849108939153856,
            "Wind_Speed_kmh": 0.15684871166605857,
            "Soil_Moisture": 81.6776728131001,
            "Soil_Temperature": 0.7674967529896566,
            "Wind_Dir_Sin": 0.14819091946437293,
            "Wind_Dir_Cos": 0.12452528321836413
        },
        "R2": {
            "Temperature": 0.6835681479985527,
            "Precipitation_accumulated": -23.613106487378385,
            "Humidity": 0.8772098167593697,
            "Wind_Speed_kmh": 0.5994680025107977,
            "Soil_Moisture": 0.9418169400895408,
            "Soil_Temperature": 0.8239789257643717,
            "Wind_Dir_Sin": 0.5486639805269593,
            "Wind_Dir_Cos": 0.7377086117306699
        },
        "SMAPE": {
            "Temperature": 14.022818746155417,
            "Precipitation_accumulated": 0.5906484882347377,
            "Humidity": 2.0203808319045615,
            "Wind_Speed_kmh": 160.69621179997898,
            "Soil_Moisture": 1.283454929997058,
            "Soil_Temperature": 21.850717510256548,
            "Wind_Dir_Sin": 149.11350092256188,
            "Wind_Dir_Cos": 30.82094771352527
        }
    }
}