{
    "trial_number": 15,
    "input_chunk_length": 54,
    "training_length": 78,
    "hidden_size": 32,
    "layer_size": 4,
    "dropout": 0.3517506958682778,
    "batch_size": 56,
    "lr": 0.0016242717764999807,
    "forecast_horizon": 5,
    "overall_smape_val": 50.40084915751438,
    "metrics": {
        "MSE": {
            "Temperature": 2.1921559463670026,
            "Precipitation_accumulated": 17.17364190664155,
            "Humidity": 8.657543233981018,
            "Wind_Speed_kmh": 0.1539460693304206,
            "Soil_Moisture": 81948.60165754441,
            "Soil_Temperature": 1.7083279453587332,
            "Wind_Dir_Sin": 0.07850344697866846,
            "Wind_Dir_Cos": 0.07986103020563995
        },
        "RMSE": {
            "Temperature": 1.4805931062810616,
            "Precipitation_accumulated": 4.144109301966051,
            "Humidity": 2.9423703427646593,
            "Wind_Speed_kmh": 0.3923596173543101,
            "Soil_Moisture": 286.2666617990024,
            "Soil_Temperature": 1.307030200629937,
            "Wind_Dir_Sin": 0.2801846658521277,
            "Wind_Dir_Cos": 0.28259693948385206
        },
        "MAE": {
            "Temperature": 1.134484605905959,
            "Precipitation_accumulated": 2.7552398964878413,
            "Humidity": 1.8202300593158305,
            "Wind_Speed_kmh": 0.19275145259748083,
            "Soil_Moisture": 141.9383316070874,
            "Soil_Temperature": 1.2273413968805194,
            "Wind_Dir_Sin": 0.130147949247051,
            "Wind_Dir_Cos": 0.13560563768097025
        },
        "R2": {
            "Temperature": 0.3552408451773682,
            "Precipitation_accumulated": -17.084990480859044,
            "Humidity": 0.8668889488428819,
            "Wind_Speed_kmh": 0.5485733725963431,
            "Soil_Moisture": 0.8894717663547824,
            "Soil_Temperature": 0.6953039376404904,
            "Wind_Dir_Sin": 0.5122125166993883,
            "Wind_Dir_Cos": 0.7222965810444226
        },
        "SMAPE": {
            "Temperature": 20.13425387493188,
            "Precipitation_accumulated": 0.5960956855071274,
            "Humidity": 2.1114148508583543,
            "Wind_Speed_kmh": 164.81152415053432,
            "Soil_Moisture": 2.3465625547715296,
            "Soil_Temperature": 28.211761170300836,
            "Wind_Dir_Sin": 153.13166390782283,
            "Wind_Dir_Cos": 31.863517065388226
        }
    }
}