{
    "trial_number": 48,
    "input_chunk_length": 41,
    "hidden_size": 161,
    "layer_size": 2,
    "dropout": 0.2906640689104942,
    "batch_size": 52,
    "lr": 0.0016098886530486846,
    "overall_smape_val": 45.38535377349853,
    "metrics": {
        "MSE": {
            "Temperature": 0.5075536421541761,
            "Precipitation_accumulated": 37.84578116138776,
            "Humidity": 5.121965591652015,
            "Wind_Speed_kmh": 0.07928779930407572,
            "Soil_Moisture": 19362.945003837376,
            "Soil_Temperature": 0.746966578918194,
            "Wind_Dir_Sin": 0.048172605933955,
            "Wind_Dir_Cos": 0.04472772630277303
        },
        "RMSE": {
            "Temperature": 0.7124279908553398,
            "Precipitation_accumulated": 6.1518924861694195,
            "Humidity": 2.2631759966144953,
            "Wind_Speed_kmh": 0.2815808930024829,
            "Soil_Moisture": 139.15079950843753,
            "Soil_Temperature": 0.8642722828589344,
            "Wind_Dir_Sin": 0.21948258685817196,
            "Wind_Dir_Cos": 0.2114893054099262
        },
        "MAE": {
            "Temperature": 0.4695600232839666,
            "Precipitation_accumulated": 4.245614635323721,
            "Humidity": 1.728798291499709,
            "Wind_Speed_kmh": 0.15345105713508436,
            "Soil_Moisture": 46.86274564895747,
            "Soil_Temperature": 0.7083647507972121,
            "Wind_Dir_Sin": 0.10313663158305099,
            "Wind_Dir_Cos": 0.09416649554903342
        },
        "R2": {
            "Temperature": 0.8509101750703143,
            "Precipitation_accumulated": -38.87361051166732,
            "Humidity": 0.9212352426071012,
            "Wind_Speed_kmh": 0.7670116944760894,
            "Soil_Moisture": 0.9738328031802941,
            "Soil_Temperature": 0.866903260468877,
            "Wind_Dir_Sin": 0.7000814972401477,
            "Wind_Dir_Cos": 0.8442047290641739
        },
        "SMAPE": {
            "Temperature": 8.041716064145211,
            "Precipitation_accumulated": 0.9321618997977009,
            "Humidity": 2.0771289695366177,
            "Wind_Speed_kmh": 158.3709914793295,
            "Soil_Moisture": 0.7289867590275119,
            "Soil_Temperature": 19.20711474289447,
            "Wind_Dir_Sin": 143.12556050282004,
            "Wind_Dir_Cos": 30.59916977043707
        }
    }
}