{
    "trial_number": 27,
    "input_chunk_length": 39,
    "output_chunk_length": 1,
    "hidden_size": 179,
    "layer_size": 2,
    "dropout": 0.4751525664313049,
    "batch_size": 195,
    "lr": 0.00041361805227968615,
    "loss_function": "smoothl1",
    "optimizer": "RMSprop",
    "overall_mae_val": 0.10248316827597198,
    "metrics": {
        "MSE": {
            "Temperature": 5.055767579318129,
            "Precipitation_accumulated": 776.5683500276342,
            "Humidity": 35.31164251555281,
            "Wind_Speed_kmh": 0.8564638757748472,
            "Soil_Moisture": 22699.75723380271,
            "Soil_Temperature": 4.615383902141367,
            "Wind_Dir_Sin": 0.4138585375748469,
            "Wind_Dir_Cos": 0.3103140395815295
        },
        "RMSE": {
            "Temperature": 2.248503408785081,
            "Precipitation_accumulated": 27.86697597565323,
            "Humidity": 5.942360012280711,
            "Wind_Speed_kmh": 0.9254533352767427,
            "Soil_Moisture": 150.66438608311756,
            "Soil_Temperature": 2.1483444561199603,
            "Wind_Dir_Sin": 0.6433183796339468,
            "Wind_Dir_Cos": 0.5570583807659027
        },
        "MAE": {
            "Temperature": 1.8259866609913262,
            "Precipitation_accumulated": 23.44753321256686,
            "Humidity": 4.695106234407399,
            "Wind_Speed_kmh": 0.7474164640046007,
            "Soil_Moisture": 123.681075643396,
            "Soil_Temperature": 1.7835220466333928,
            "Wind_Dir_Sin": 0.5382885668954721,
            "Wind_Dir_Cos": 0.4686845777023596
        },
        "R2": {
            "Temperature": 0.8345960637176342,
            "Precipitation_accumulated": -228.8092606100559,
            "Humidity": 0.7593640070917747,
            "Wind_Speed_kmh": 0.3649280523333177,
            "Soil_Moisture": 0.5857313917342393,
            "Soil_Temperature": 0.7138843612574669,
            "Wind_Dir_Sin": 0.2494367768442528,
            "Wind_Dir_Cos": 0.15316906026712762
        },
        "SMAPE": {
            "Temperature": 31.614087440310435,
            "Precipitation_accumulated": 5.2180187771333415,
            "Humidity": 5.5032318339560975,
            "Wind_Speed_kmh": 65.84727805330735,
            "Soil_Moisture": 1.4333618631296332,
            "Soil_Temperature": 33.15194656212835,
            "Wind_Dir_Sin": 111.71930474280242,
            "Wind_Dir_Cos": 121.84840907563621
        }
    }
}