{
    "trial_number": 32,
    "input_chunk_length": 30,
    "training_length": 37,
    "hidden_size": 152,
    "layer_size": 4,
    "dropout": 0.2237150266917478,
    "batch_size": 53,
    "lr": 0.0004064943551027753,
    "forecast_horizon": 1,
    "overall_smape_val": 45.15198405279911,
    "metrics": {
        "MSE": {
            "Temperature": 0.7002962646302444,
            "Precipitation_accumulated": 22.219629628003613,
            "Humidity": 3.6419880871411903,
            "Wind_Speed_kmh": 0.10000177782363429,
            "Soil_Moisture": 21928.15594060228,
            "Soil_Temperature": 0.7029729518266906,
            "Wind_Dir_Sin": 0.04613815488008841,
            "Wind_Dir_Cos": 0.04125442902837095
        },
        "RMSE": {
            "Temperature": 0.8368370597853828,
            "Precipitation_accumulated": 4.713770213746488,
            "Humidity": 1.9083993521119185,
            "Wind_Speed_kmh": 0.31623057699032564,
            "Soil_Moisture": 148.0815854203428,
            "Soil_Temperature": 0.8384348226467521,
            "Wind_Dir_Sin": 0.21479793965512894,
            "Wind_Dir_Cos": 0.20311186333735148
        },
        "MAE": {
            "Temperature": 0.5404747216421797,
            "Precipitation_accumulated": 3.447191962287665,
            "Humidity": 1.2179180433284176,
            "Wind_Speed_kmh": 0.13694840220477897,
            "Soil_Moisture": 55.51447123152365,
            "Soil_Temperature": 0.6369940624689067,
            "Wind_Dir_Sin": 0.09591029612036822,
            "Wind_Dir_Cos": 0.08188780589664259
        },
        "R2": {
            "Temperature": 0.7942935705288054,
            "Precipitation_accumulated": -22.410188145473906,
            "Humidity": 0.9439940969968561,
            "Wind_Speed_kmh": 0.7061433793217986,
            "Soil_Moisture": 0.9703661621578108,
            "Soil_Temperature": 0.8747421765479704,
            "Wind_Dir_Sin": 0.7127478145834614,
            "Wind_Dir_Cos": 0.8563028913146568
        },
        "SMAPE": {
            "Temperature": 9.741684488666005,
            "Precipitation_accumulated": 0.7501594883313409,
            "Humidity": 1.4488124548354715,
            "Wind_Speed_kmh": 156.75943174123375,
            "Soil_Moisture": 0.866963094752112,
            "Soil_Temperature": 21.85343812859867,
            "Wind_Dir_Sin": 145.48787397938196,
            "Wind_Dir_Cos": 24.307509046593196
        }
    }
}