{
    "trial_number": 27,
    "input_chunk_length": 72,
    "hidden_size": 216,
    "layer_size": 3,
    "dropout": 0.22089327720719978,
    "batch_size": 39,
    "lr": 0.005251433359942112,
    "overall_smape_val": 46.87038924070161,
    "metrics": {
        "MSE": {
            "Temperature": 1.0081742346798597,
            "Precipitation_accumulated": 36.89853233584201,
            "Humidity": 31.237976124103497,
            "Wind_Speed_kmh": 0.09749497619772864,
            "Soil_Moisture": 60387.79332176631,
            "Soil_Temperature": 0.8370870386079607,
            "Wind_Dir_Sin": 0.05010909331262628,
            "Wind_Dir_Cos": 0.048032977407014746
        },
        "RMSE": {
            "Temperature": 1.004078799039129,
            "Precipitation_accumulated": 6.074416213583163,
            "Humidity": 5.589094392126823,
            "Wind_Speed_kmh": 0.3122418552944634,
            "Soil_Moisture": 245.73927915936903,
            "Soil_Temperature": 0.9149246081552079,
            "Wind_Dir_Sin": 0.2238506048967174,
            "Wind_Dir_Cos": 0.21916427037045694
        },
        "MAE": {
            "Temperature": 0.6706326949803061,
            "Precipitation_accumulated": 4.498970993037024,
            "Humidity": 4.991340138087106,
            "Wind_Speed_kmh": 0.18540687087138272,
            "Soil_Moisture": 190.68988418643625,
            "Soil_Temperature": 0.6706244371320289,
            "Wind_Dir_Sin": 0.10057090651961789,
            "Wind_Dir_Cos": 0.12148264642587868
        },
        "R2": {
            "Temperature": 0.7038568780452532,
            "Precipitation_accumulated": -37.87560678262867,
            "Humidity": 0.5196274619903113,
            "Wind_Speed_kmh": 0.7135096509074739,
            "Soil_Moisture": 0.9183915838708822,
            "Soil_Temperature": 0.8508453273721573,
            "Wind_Dir_Sin": 0.6880250933158778,
            "Wind_Dir_Cos": 0.8326919039361872
        },
        "SMAPE": {
            "Temperature": 12.540355238226944,
            "Precipitation_accumulated": 0.9696351551897636,
            "Humidity": 5.993208428127994,
            "Wind_Speed_kmh": 162.03881616739648,
            "Soil_Moisture": 3.1163998921310876,
            "Soil_Temperature": 17.83059016110093,
            "Wind_Dir_Sin": 143.6874848616532,
            "Wind_Dir_Cos": 28.78662402178629
        }
    }
}