{
    "trial_number": 5,
    "input_chunk_length": 50,
    "hidden_size": 173,
    "layer_size": 3,
    "dropout": 0.1560763717495229,
    "batch_size": 54,
    "lr": 0.00045887216778803074,
    "overall_smape_val": 47.4339270816574,
    "metrics": {
        "MSE": {
            "Temperature": 0.5905490919337472,
            "Precipitation_accumulated": 358.8542429833622,
            "Humidity": 5.309453918194548,
            "Wind_Speed_kmh": 0.13519696462205263,
            "Soil_Moisture": 35962.01027136151,
            "Soil_Temperature": 0.4600123844265066,
            "Wind_Dir_Sin": 0.05751083223541267,
            "Wind_Dir_Cos": 0.052243121504761646
        },
        "RMSE": {
            "Temperature": 0.7684719200684871,
            "Precipitation_accumulated": 18.943448550445144,
            "Humidity": 2.3042252316547853,
            "Wind_Speed_kmh": 0.36769139862397193,
            "Soil_Moisture": 189.63652145976923,
            "Soil_Temperature": 0.6782421281714271,
            "Wind_Dir_Sin": 0.2398141618741743,
            "Wind_Dir_Cos": 0.2285675425443465
        },
        "MAE": {
            "Temperature": 0.5237412521429297,
            "Precipitation_accumulated": 17.548189014244326,
            "Humidity": 1.6658653748483434,
            "Wind_Speed_kmh": 0.22988281006576272,
            "Soil_Moisture": 66.48289517239716,
            "Soil_Temperature": 0.5037017255679619,
            "Wind_Dir_Sin": 0.1271947604743025,
            "Wind_Dir_Cos": 0.11575825102707857
        },
        "R2": {
            "Temperature": 0.826530925174521,
            "Precipitation_accumulated": -377.0821501387428,
            "Humidity": 0.9183520774842836,
            "Wind_Speed_kmh": 0.6027218314073077,
            "Soil_Moisture": 0.95140072955759,
            "Soil_Temperature": 0.9180336172472706,
            "Wind_Dir_Sin": 0.6419425031694168,
            "Wind_Dir_Cos": 0.8180271625194816
        },
        "SMAPE": {
            "Temperature": 9.44179654059065,
            "Precipitation_accumulated": 3.7345187970118703,
            "Humidity": 1.989781347791352,
            "Wind_Speed_kmh": 162.93651929910834,
            "Soil_Moisture": 1.004118251646557,
            "Soil_Temperature": 14.82726641371535,
            "Wind_Dir_Sin": 149.94988076655557,
            "Wind_Dir_Cos": 35.587535236839585
        }
    }
}