{
    "trial_number": 33,
    "input_chunk_length": 34,
    "training_length": 48,
    "hidden_size": 183,
    "layer_size": 4,
    "dropout": 0.1935718897151714,
    "batch_size": 52,
    "lr": 0.00040471201065239536,
    "forecast_horizon": 2,
    "overall_smape_val": 46.83709980924894,
    "metrics": {
        "MSE": {
            "Temperature": 0.6104887188702368,
            "Precipitation_accumulated": 25.395779674275516,
            "Humidity": 4.4538950994134385,
            "Wind_Speed_kmh": 0.10891856047668687,
            "Soil_Moisture": 32004.16118790844,
            "Soil_Temperature": 0.3786947854074526,
            "Wind_Dir_Sin": 0.06257310543322707,
            "Wind_Dir_Cos": 0.05541058319709366
        },
        "RMSE": {
            "Temperature": 0.7813377751460867,
            "Precipitation_accumulated": 5.039422553653893,
            "Humidity": 2.110425336138059,
            "Wind_Speed_kmh": 0.3300281207362289,
            "Soil_Moisture": 178.89706869568445,
            "Soil_Temperature": 0.6153818208295176,
            "Wind_Dir_Sin": 0.25014616813620605,
            "Wind_Dir_Cos": 0.2353945266931533
        },
        "MAE": {
            "Temperature": 0.5435818345174462,
            "Precipitation_accumulated": 3.440912541193975,
            "Humidity": 1.2456744324260516,
            "Wind_Speed_kmh": 0.1478487555492098,
            "Soil_Moisture": 65.2498260275456,
            "Soil_Temperature": 0.40047977054159006,
            "Wind_Dir_Sin": 0.11964404797482969,
            "Wind_Dir_Cos": 0.11557457233570574
        },
        "R2": {
            "Temperature": 0.8206738191620269,
            "Precipitation_accumulated": -25.75652070845108,
            "Humidity": 0.9315087224462257,
            "Wind_Speed_kmh": 0.6799412889712732,
            "Soil_Moisture": 0.9567493898945835,
            "Soil_Temperature": 0.9325230302965265,
            "Wind_Dir_Sin": 0.6104252254840165,
            "Wind_Dir_Cos": 0.8069942844072507
        },
        "SMAPE": {
            "Temperature": 9.553804553409638,
            "Precipitation_accumulated": 0.7488923204533602,
            "Humidity": 1.4696194344272389,
            "Wind_Speed_kmh": 162.11000973212091,
            "Soil_Moisture": 1.0249870221800075,
            "Soil_Temperature": 16.676404685514015,
            "Wind_Dir_Sin": 151.5485095487748,
            "Wind_Dir_Cos": 31.564571177111826
        }
    }
}