{
    "trial_number": 4,
    "input_chunk_length": 27,
    "output_chunk_length": 11,
    "hidden_size": 43,
    "layer_size": 2,
    "dropout": 0.29593912375586007,
    "batch_size": 215,
    "lr": 1.1481686291703734e-06,
    "loss_function": "mse",
    "optimizer": "SGD",
    "overall_mae_val": 0.5017464408247523,
    "metrics": {
        "MSE": {
            "Temperature": 158.57626274747358,
            "Precipitation_accumulated": 308907.98822200217,
            "Humidity": 2009.9714415782569,
            "Wind_Speed_kmh": 2.828330271105148,
            "Soil_Moisture": 5130368.118249474,
            "Soil_Temperature": 235.11158805230542,
            "Wind_Dir_Sin": 1.6351777400077832,
            "Wind_Dir_Cos": 1.411677398176976
        },
        "RMSE": {
            "Temperature": 12.592706728399323,
            "Precipitation_accumulated": 555.794915613666,
            "Humidity": 44.83270504417793,
            "Wind_Speed_kmh": 1.6817640355011603,
            "Soil_Moisture": 2265.031593212217,
            "Soil_Temperature": 15.333348885755695,
            "Wind_Dir_Sin": 1.2787406852086092,
            "Wind_Dir_Cos": 1.1881403108122273
        },
        "MAE": {
            "Temperature": 11.219330394673129,
            "Precipitation_accumulated": 555.562621295023,
            "Humidity": 43.30874616202977,
            "Wind_Speed_kmh": 1.2763315855879465,
            "Soil_Moisture": 2236.643856869956,
            "Soil_Temperature": 14.848406315637082,
            "Wind_Dir_Sin": 1.072583397410394,
            "Wind_Dir_Cos": 1.0058747722406516
        },
        "R2": {
            "Temperature": -4.190351117095424,
            "Precipitation_accumulated": -91127.04216063059,
            "Humidity": -12.69508325188117,
            "Wind_Speed_kmh": -1.0969192549399955,
            "Soil_Moisture": -91.80798078127614,
            "Soil_Temperature": -13.582348777860396,
            "Wind_Dir_Sin": -1.9690424683844183,
            "Wind_Dir_Cos": -2.849626243918895
        },
        "SMAPE": {
            "Temperature": 198.2383451373608,
            "Precipitation_accumulated": 200.0,
            "Humidity": 65.09354957168229,
            "Wind_Speed_kmh": 128.80742809186407,
            "Soil_Moisture": 29.97183191037025,
            "Soil_Temperature": 200.0,
            "Wind_Dir_Sin": 140.32063497121098,
            "Wind_Dir_Cos": 119.10054100191529
        }
    }
}