{
    "trial_number": 65,
    "input_chunk_length": 33,
    "output_chunk_length": 3,
    "hidden_size": 166,
    "layer_size": 1,
    "dropout": 0.378088072418423,
    "batch_size": 105,
    "lr": 0.004160164265768517,
    "loss_function": "smoothl1",
    "optimizer": "AdamW",
    "overall_mae_val": 0.1178535504138478,
    "metrics": {
        "MSE": {
            "Temperature": 6.191187080676008,
            "Precipitation_accumulated": 1287.8320258870683,
            "Humidity": 59.61846172941775,
            "Wind_Speed_kmh": 1.0499339258617355,
            "Soil_Moisture": 34927.757813109696,
            "Soil_Temperature": 8.018444792741771,
            "Wind_Dir_Sin": 0.5314703618750736,
            "Wind_Dir_Cos": 0.3482566322536789
        },
        "RMSE": {
            "Temperature": 2.488209613492402,
            "Precipitation_accumulated": 35.88637660571304,
            "Humidity": 7.7212992254812765,
            "Wind_Speed_kmh": 1.0246628352105562,
            "Soil_Moisture": 186.8896942399706,
            "Soil_Temperature": 2.8316858570014034,
            "Wind_Dir_Sin": 0.7290201381821174,
            "Wind_Dir_Cos": 0.5901327242694469
        },
        "MAE": {
            "Temperature": 1.9518563928319366,
            "Precipitation_accumulated": 31.58038022195446,
            "Humidity": 6.291513220586128,
            "Wind_Speed_kmh": 0.7879072893783712,
            "Soil_Moisture": 151.28295469192165,
            "Soil_Temperature": 2.3559197290779013,
            "Wind_Dir_Sin": 0.6266094822515292,
            "Wind_Dir_Cos": 0.5006158873060992
        },
        "R2": {
            "Temperature": 0.7971898444517153,
            "Precipitation_accumulated": -377.7297662663571,
            "Humidity": 0.5936736613240742,
            "Wind_Speed_kmh": 0.22067383069790347,
            "Soil_Moisture": 0.37400913450168694,
            "Soil_Temperature": 0.5023042926695476,
            "Wind_Dir_Sin": 0.034815625850239895,
            "Wind_Dir_Cos": 0.05045560717551434
        },
        "SMAPE": {
            "Temperature": 31.82709129494952,
            "Precipitation_accumulated": 7.1020095804017505,
            "Humidity": 7.475962783355591,
            "Wind_Speed_kmh": 70.06916826783785,
            "Soil_Moisture": 1.7756893866015373,
            "Soil_Temperature": 52.05576653431938,
            "Wind_Dir_Sin": 130.89029952391343,
            "Wind_Dir_Cos": 127.34151883751667
        }
    }
}