{
    "trial_number": 5,
    "input_chunk_length": 19,
    "training_length": 41,
    "hidden_size": 170,
    "layer_size": 1,
    "dropout": 0.13547840651527795,
    "batch_size": 29,
    "lr": 0.00027084228783616623,
    "forecast_horizon": 9,
    "overall_smape_val": 51.41842876756024,
    "metrics": {
        "MSE": {
            "Temperature": 1.1674446485069374,
            "Precipitation_accumulated": 102.18715377436598,
            "Humidity": 11.16610330195742,
            "Wind_Speed_kmh": 0.15314325809710466,
            "Soil_Moisture": 78529.92939301819,
            "Soil_Temperature": 1.2689411849985053,
            "Wind_Dir_Sin": 0.09533336807471603,
            "Wind_Dir_Cos": 0.10258187532054465
        },
        "RMSE": {
            "Temperature": 1.0804835253287934,
            "Precipitation_accumulated": 10.108766184572971,
            "Humidity": 3.3415719806638045,
            "Wind_Speed_kmh": 0.3913352247078004,
            "Soil_Moisture": 280.23192072463513,
            "Soil_Temperature": 1.126472895811748,
            "Wind_Dir_Sin": 0.3087610209769297,
            "Wind_Dir_Cos": 0.3202840541153191
        },
        "MAE": {
            "Temperature": 0.7911206886413064,
            "Precipitation_accumulated": 7.020634120652575,
            "Humidity": 2.029244388372192,
            "Wind_Speed_kmh": 0.18546961921512195,
            "Soil_Moisture": 96.73630165416724,
            "Soil_Temperature": 0.71989184720581,
            "Wind_Dir_Sin": 0.17727109484180234,
            "Wind_Dir_Cos": 0.1753294075461379
        },
        "R2": {
            "Temperature": 0.6561498352751443,
            "Precipitation_accumulated": -106.54082066580337,
            "Humidity": 0.8284256733067822,
            "Wind_Speed_kmh": 0.5521822912237546,
            "Soil_Moisture": 0.8943643536901111,
            "Soil_Temperature": 0.7733928944303217,
            "Wind_Dir_Sin": 0.4092060424235773,
            "Wind_Dir_Cos": 0.6440896292699472
        },
        "SMAPE": {
            "Temperature": 13.293831829398682,
            "Precipitation_accumulated": 1.524703956617038,
            "Humidity": 2.3894439078354957,
            "Wind_Speed_kmh": 170.56253347785108,
            "Soil_Moisture": 1.5291675689928133,
            "Soil_Temperature": 19.108076707587987,
            "Wind_Dir_Sin": 158.638170711839,
            "Wind_Dir_Cos": 44.301501980360165
        }
    }
}