{
    "trial_number": 21,
    "input_chunk_length": 30,
    "output_chunk_length": 14,
    "hidden_size": 241,
    "layer_size": 1,
    "dropout": 0.32062077218026164,
    "batch_size": 256,
    "lr": 0.004539541043141885,
    "loss_function": "huber",
    "optimizer": "Adam",
    "overall_mae_val": 0.13524583088042452,
    "metrics": {
        "MSE": {
            "Temperature": 11.360877305825284,
            "Precipitation_accumulated": 2502.5435779857808,
            "Humidity": 101.06532307684462,
            "Wind_Speed_kmh": 1.3337878985335008,
            "Soil_Moisture": 62333.31277580823,
            "Soil_Temperature": 18.448404406292536,
            "Wind_Dir_Sin": 0.5985127607197416,
            "Wind_Dir_Cos": 0.36786396882680156
        },
        "RMSE": {
            "Temperature": 3.370590053065677,
            "Precipitation_accumulated": 50.02542931335803,
            "Humidity": 10.05312504034664,
            "Wind_Speed_kmh": 1.154897354111395,
            "Soil_Moisture": 249.66640297766983,
            "Soil_Temperature": 4.295160579802871,
            "Wind_Dir_Sin": 0.7736360647744788,
            "Wind_Dir_Cos": 0.6065179047866613
        },
        "MAE": {
            "Temperature": 2.6447692596098133,
            "Precipitation_accumulated": 40.093490164994726,
            "Humidity": 7.96776298287881,
            "Wind_Speed_kmh": 0.9191249339453597,
            "Soil_Moisture": 191.8958051034065,
            "Soil_Temperature": 3.6081597943018067,
            "Wind_Dir_Sin": 0.6773224620177348,
            "Wind_Dir_Cos": 0.5121567432209125
        },
        "R2": {
            "Temperature": 0.6281135645258163,
            "Precipitation_accumulated": -744.3096359929641,
            "Humidity": 0.3110533213387524,
            "Wind_Speed_kmh": 0.010344015821769803,
            "Soil_Moisture": -0.15472194836474062,
            "Soil_Temperature": -0.14388956372763717,
            "Wind_Dir_Sin": -0.08408555279809704,
            "Wind_Dir_Cos": -0.004230211532607386
        },
        "SMAPE": {
            "Temperature": 42.63903882373527,
            "Precipitation_accumulated": 9.236582992201223,
            "Humidity": 9.334802581833397,
            "Wind_Speed_kmh": 75.42196522901304,
            "Soil_Moisture": 2.2564199750307155,
            "Soil_Temperature": 78.89948509308722,
            "Wind_Dir_Sin": 139.5479431440046,
            "Wind_Dir_Cos": 124.57637466051604
        }
    }
}