{
    "trial_number": 23,
    "input_chunk_length": 29,
    "training_length": 45,
    "hidden_size": 120,
    "layer_size": 4,
    "dropout": 0.267485600737853,
    "batch_size": 44,
    "lr": 0.0006684641070842945,
    "forecast_horizon": 8,
    "overall_smape_val": 49.35866540243522,
    "metrics": {
        "MSE": {
            "Temperature": 1.1570780232982671,
            "Precipitation_accumulated": 230.77597437568951,
            "Humidity": 24.056866103878914,
            "Wind_Speed_kmh": 0.1466186064460496,
            "Soil_Moisture": 87439.06516451018,
            "Soil_Temperature": 1.5122934936529078,
            "Wind_Dir_Sin": 0.07691200669267048,
            "Wind_Dir_Cos": 0.09330830747576628
        },
        "RMSE": {
            "Temperature": 1.075675612486528,
            "Precipitation_accumulated": 15.191312463894931,
            "Humidity": 4.904779924102499,
            "Wind_Speed_kmh": 0.382908091382318,
            "Soil_Moisture": 295.70097254576314,
            "Soil_Temperature": 1.229753427989899,
            "Wind_Dir_Sin": 0.27733014025285907,
            "Wind_Dir_Cos": 0.3054640854106523
        },
        "MAE": {
            "Temperature": 0.7959532856125513,
            "Precipitation_accumulated": 8.396563539444864,
            "Humidity": 4.178815342087441,
            "Wind_Speed_kmh": 0.1525529078785089,
            "Soil_Moisture": 153.24847511977146,
            "Soil_Temperature": 1.1036455506367964,
            "Wind_Dir_Sin": 0.13886512234124843,
            "Wind_Dir_Cos": 0.12773949153335554
        },
        "R2": {
            "Temperature": 0.6593154546706514,
            "Precipitation_accumulated": -241.90525048355983,
            "Humidity": 0.6302948971031296,
            "Wind_Speed_kmh": 0.5709611892403974,
            "Soil_Moisture": 0.8823015632678742,
            "Soil_Temperature": 0.7300168119127346,
            "Wind_Dir_Sin": 0.5230495860744211,
            "Wind_Dir_Cos": 0.6760823930388774
        },
        "SMAPE": {
            "Temperature": 13.827023244660694,
            "Precipitation_accumulated": 1.7727216312677534,
            "Humidity": 4.923811248748495,
            "Wind_Speed_kmh": 156.11060409340246,
            "Soil_Moisture": 2.430931234424724,
            "Soil_Temperature": 28.45595899734362,
            "Wind_Dir_Sin": 152.50996241631475,
            "Wind_Dir_Cos": 34.83831035331941
        }
    }
}