{
    "trial_number": 8,
    "input_chunk_length": 20,
    "training_length": 40,
    "hidden_size": 131,
    "layer_size": 3,
    "dropout": 0.2212243178295898,
    "batch_size": 64,
    "lr": 0.00010130845332213107,
    "forecast_horizon": 6,
    "overall_smape_val": 50.79227117839641,
    "metrics": {
        "MSE": {
            "Temperature": 1.3217413170364458,
            "Precipitation_accumulated": 46.42175690359099,
            "Humidity": 11.645695379944266,
            "Wind_Speed_kmh": 0.16714248348577715,
            "Soil_Moisture": 72775.62464627139,
            "Soil_Temperature": 0.715870985974611,
            "Wind_Dir_Sin": 0.08502956487299959,
            "Wind_Dir_Cos": 0.08852540178980242
        },
        "RMSE": {
            "Temperature": 1.1496700905200787,
            "Precipitation_accumulated": 6.813351370918059,
            "Humidity": 3.412578992484169,
            "Wind_Speed_kmh": 0.40883062933906644,
            "Soil_Moisture": 269.7695769472002,
            "Soil_Temperature": 0.8460915943174302,
            "Wind_Dir_Sin": 0.29159829367299045,
            "Wind_Dir_Cos": 0.29753218614093235
        },
        "MAE": {
            "Temperature": 0.8726683609237262,
            "Precipitation_accumulated": 4.4623551385442495,
            "Humidity": 2.5677740521644714,
            "Wind_Speed_kmh": 0.20857683864715812,
            "Soil_Moisture": 100.9949578049148,
            "Soil_Temperature": 0.5948661316455154,
            "Wind_Dir_Sin": 0.1675509629554335,
            "Wind_Dir_Cos": 0.16147729264898078
        },
        "R2": {
            "Temperature": 0.6110958720595883,
            "Precipitation_accumulated": -47.87731070172357,
            "Humidity": 0.8209691038525984,
            "Wind_Speed_kmh": 0.5102189966295876,
            "Soil_Moisture": 0.9019089634085498,
            "Soil_Temperature": 0.8722755509445665,
            "Wind_Dir_Sin": 0.47201151309470135,
            "Wind_Dir_Cos": 0.69234051774237
        },
        "SMAPE": {
            "Temperature": 15.628588237050826,
            "Precipitation_accumulated": 0.9621374799979232,
            "Humidity": 3.0876814457234856,
            "Wind_Speed_kmh": 170.6359307073188,
            "Soil_Moisture": 1.5970045170656624,
            "Soil_Temperature": 18.950062208489886,
            "Wind_Dir_Sin": 153.19348705909928,
            "Wind_Dir_Cos": 42.283277772425585
        }
    }
}