{
    "trial_number": 8,
    "input_chunk_length": 44,
    "hidden_size": 143,
    "layer_size": 2,
    "dropout": 0.3427632560588797,
    "batch_size": 18,
    "lr": 0.0016267776415351224,
    "overall_smape_val": 45.964735552235794,
    "metrics": {
        "MSE": {
            "Temperature": 0.6654739809727594,
            "Precipitation_accumulated": 33.13371340385577,
            "Humidity": 6.393594205582376,
            "Wind_Speed_kmh": 0.08146996828389305,
            "Soil_Moisture": 21773.650022498623,
            "Soil_Temperature": 0.9543944840735429,
            "Wind_Dir_Sin": 0.0549541734143191,
            "Wind_Dir_Cos": 0.044843044534359014
        },
        "RMSE": {
            "Temperature": 0.8157658861295681,
            "Precipitation_accumulated": 5.756189138992548,
            "Humidity": 2.5285557548890187,
            "Wind_Speed_kmh": 0.28542944536941706,
            "Soil_Moisture": 147.55897133857576,
            "Soil_Temperature": 0.9769311562610453,
            "Wind_Dir_Sin": 0.2344230650220219,
            "Wind_Dir_Cos": 0.21176176362686208
        },
        "MAE": {
            "Temperature": 0.5840682469184504,
            "Precipitation_accumulated": 5.4165890525795595,
            "Humidity": 1.8993652464205153,
            "Wind_Speed_kmh": 0.13841550269951697,
            "Soil_Moisture": 64.02553835720411,
            "Soil_Temperature": 0.7583043923618499,
            "Wind_Dir_Sin": 0.13871457580676877,
            "Wind_Dir_Cos": 0.09062209803916345
        },
        "R2": {
            "Temperature": 0.8045223379791023,
            "Precipitation_accumulated": -33.909063640057006,
            "Humidity": 0.9016803437156802,
            "Wind_Speed_kmh": 0.7605993604544998,
            "Soil_Moisture": 0.9705749623567489,
            "Soil_Temperature": 0.8299431358218926,
            "Wind_Dir_Sin": 0.6578600411730995,
            "Wind_Dir_Cos": 0.8438030534902321
        },
        "SMAPE": {
            "Temperature": 10.24289765178691,
            "Precipitation_accumulated": 1.1711408050690109,
            "Humidity": 2.3059912307338197,
            "Wind_Speed_kmh": 161.3582590729046,
            "Soil_Moisture": 1.0070243305382642,
            "Soil_Temperature": 18.474489894033468,
            "Wind_Dir_Sin": 145.15531306429082,
            "Wind_Dir_Cos": 28.00276836852932
        }
    }
}