{
    "trial_number": 10,
    "input_chunk_length": 12,
    "hidden_size": 37,
    "layer_size": 4,
    "dropout": 0.11598553648466797,
    "batch_size": 37,
    "lr": 0.009351229240334812,
    "overall_smape_val": 46.94256228351675,
    "metrics": {
        "MSE": {
            "Temperature": 0.8660541148567467,
            "Precipitation_accumulated": 28.866927369131073,
            "Humidity": 7.97710988109462,
            "Wind_Speed_kmh": 0.10008776443666559,
            "Soil_Moisture": 29467.420412981286,
            "Soil_Temperature": 0.9409631591899438,
            "Wind_Dir_Sin": 0.048014126201784774,
            "Wind_Dir_Cos": 0.04428479497385988
        },
        "RMSE": {
            "Temperature": 0.9306202850017544,
            "Precipitation_accumulated": 5.372795116988091,
            "Humidity": 2.824377786538943,
            "Wind_Speed_kmh": 0.3163665033417185,
            "Soil_Moisture": 171.66077132816713,
            "Soil_Temperature": 0.9700325557371483,
            "Wind_Dir_Sin": 0.2191212591278737,
            "Wind_Dir_Cos": 0.2104395280688965
        },
        "MAE": {
            "Temperature": 0.6017537942047195,
            "Precipitation_accumulated": 3.0096449767510878,
            "Humidity": 2.2321310338005302,
            "Wind_Speed_kmh": 0.1616421406591069,
            "Soil_Moisture": 114.35956845069414,
            "Soil_Temperature": 0.6907656034137298,
            "Wind_Dir_Sin": 0.09480096104446245,
            "Wind_Dir_Cos": 0.09389054405678539
        },
        "R2": {
            "Temperature": 0.7456035271156534,
            "Precipitation_accumulated": -29.41365730243299,
            "Humidity": 0.8773292960997305,
            "Wind_Speed_kmh": 0.7058907064585871,
            "Soil_Moisture": 0.9601775561742965,
            "Soil_Temperature": 0.832336369468543,
            "Wind_Dir_Sin": 0.7010681784268669,
            "Wind_Dir_Cos": 0.8457475440493771
        },
        "SMAPE": {
            "Temperature": 10.953409083320048,
            "Precipitation_accumulated": 0.659989245697976,
            "Humidity": 2.6910548479276364,
            "Wind_Speed_kmh": 165.95726201134661,
            "Soil_Moisture": 1.8887342506565876,
            "Soil_Temperature": 17.848186952612824,
            "Wind_Dir_Sin": 148.60255795498352,
            "Wind_Dir_Cos": 26.939303921588834
        }
    }
}