{
    "trial_number": 32,
    "input_chunk_length": 67,
    "hidden_size": 128,
    "layer_size": 3,
    "dropout": 0.25827707682852163,
    "batch_size": 53,
    "lr": 0.002959005828646777,
    "overall_smape_val": 44.0392543297009,
    "metrics": {
        "MSE": {
            "Temperature": 0.7058602470153335,
            "Precipitation_accumulated": 16.83122094132767,
            "Humidity": 5.9230248624359545,
            "Wind_Speed_kmh": 0.08105985182855709,
            "Soil_Moisture": 32455.02964769593,
            "Soil_Temperature": 0.8183207436579053,
            "Wind_Dir_Sin": 0.05057031025522601,
            "Wind_Dir_Cos": 0.04092725004004407
        },
        "RMSE": {
            "Temperature": 0.840154894656535,
            "Precipitation_accumulated": 4.102587103441884,
            "Humidity": 2.4337265381377495,
            "Wind_Speed_kmh": 0.2847101189430349,
            "Soil_Moisture": 180.1527952813831,
            "Soil_Temperature": 0.9046108244200405,
            "Wind_Dir_Sin": 0.22487843439339844,
            "Wind_Dir_Cos": 0.2023048443316276
        },
        "MAE": {
            "Temperature": 0.5553461069271821,
            "Precipitation_accumulated": 2.47993854761377,
            "Humidity": 1.7905915764066338,
            "Wind_Speed_kmh": 0.12295388182783179,
            "Soil_Moisture": 109.38433539103794,
            "Soil_Temperature": 0.7777011407262342,
            "Wind_Dir_Sin": 0.11349543336857834,
            "Wind_Dir_Cos": 0.08568699961540222
        },
        "R2": {
            "Temperature": 0.7926591951824202,
            "Precipitation_accumulated": -16.73306106137482,
            "Humidity": 0.908916682868343,
            "Wind_Speed_kmh": 0.7618044933858573,
            "Soil_Moisture": 0.9561400836281699,
            "Soil_Temperature": 0.8541891619444473,
            "Wind_Dir_Sin": 0.6851535962857682,
            "Wind_Dir_Cos": 0.8574425186408
        },
        "SMAPE": {
            "Temperature": 10.00391434827181,
            "Precipitation_accumulated": 0.5374410415432777,
            "Humidity": 2.112731906489864,
            "Wind_Speed_kmh": 151.4748561926198,
            "Soil_Moisture": 1.836695892324818,
            "Soil_Temperature": 18.865784899117436,
            "Wind_Dir_Sin": 142.6624285189214,
            "Wind_Dir_Cos": 24.820181838318646
        }
    }
}