{
    "trial_number": 34,
    "input_chunk_length": 39,
    "training_length": 43,
    "hidden_size": 141,
    "layer_size": 4,
    "dropout": 0.2702443015490453,
    "batch_size": 61,
    "lr": 0.00033221950917768783,
    "forecast_horizon": 5,
    "overall_smape_val": 49.02041442184855,
    "metrics": {
        "MSE": {
            "Temperature": 1.1176050169074359,
            "Precipitation_accumulated": 64.8569991931276,
            "Humidity": 8.804703908957052,
            "Wind_Speed_kmh": 0.12897402917225417,
            "Soil_Moisture": 56218.213820158904,
            "Soil_Temperature": 0.8537939944622707,
            "Wind_Dir_Sin": 0.07216526162524387,
            "Wind_Dir_Cos": 0.07878872428838873
        },
        "RMSE": {
            "Temperature": 1.0571683957191664,
            "Precipitation_accumulated": 8.053384331641425,
            "Humidity": 2.9672721326088465,
            "Wind_Speed_kmh": 0.3591295437196085,
            "Soil_Moisture": 237.103803892217,
            "Soil_Temperature": 0.9240097372118276,
            "Wind_Dir_Sin": 0.26863592765161526,
            "Wind_Dir_Cos": 0.2806932922041222
        },
        "MAE": {
            "Temperature": 0.7071198723644952,
            "Precipitation_accumulated": 4.374871936827056,
            "Humidity": 2.044610469272072,
            "Wind_Speed_kmh": 0.15944824845661842,
            "Soil_Moisture": 94.90610356429798,
            "Soil_Temperature": 0.7326813438531686,
            "Wind_Dir_Sin": 0.1322079533715521,
            "Wind_Dir_Cos": 0.12862240909719744
        },
        "R2": {
            "Temperature": 0.6712888664143726,
            "Precipitation_accumulated": -67.29874638128946,
            "Humidity": 0.8646263309609216,
            "Wind_Speed_kmh": 0.6218006002678336,
            "Soil_Moisture": 0.9241756448975444,
            "Soil_Temperature": 0.8477179578513409,
            "Wind_Dir_Sin": 0.5515953412915349,
            "Wind_Dir_Cos": 0.7260253461081863
        },
        "SMAPE": {
            "Temperature": 12.66089156150544,
            "Precipitation_accumulated": 0.9360245102753956,
            "Humidity": 2.441078101463984,
            "Wind_Speed_kmh": 163.55377299920494,
            "Soil_Moisture": 1.4862597566711706,
            "Soil_Temperature": 22.673871664242444,
            "Wind_Dir_Sin": 153.24764768073337,
            "Wind_Dir_Cos": 35.16376910069172
        }
    }
}