{
    "trial_number": 18,
    "input_chunk_length": 15,
    "hidden_size": 256,
    "layer_size": 2,
    "dropout": 0.1658293343590015,
    "batch_size": 58,
    "lr": 0.0037837218929575676,
    "overall_smape_val": 46.011675826737985,
    "metrics": {
        "MSE": {
            "Temperature": 0.5246806718941013,
            "Precipitation_accumulated": 41.30662855696839,
            "Humidity": 8.750300550848458,
            "Wind_Speed_kmh": 0.0955657727397089,
            "Soil_Moisture": 31169.134237779508,
            "Soil_Temperature": 0.4885358816324731,
            "Wind_Dir_Sin": 0.05377965784950962,
            "Wind_Dir_Cos": 0.055130269815231975
        },
        "RMSE": {
            "Temperature": 0.7243484464635106,
            "Precipitation_accumulated": 6.427023304529741,
            "Humidity": 2.9580906934792344,
            "Wind_Speed_kmh": 0.30913714228430866,
            "Soil_Moisture": 176.54782422272868,
            "Soil_Temperature": 0.6989534187858824,
            "Wind_Dir_Sin": 0.2319044153299148,
            "Wind_Dir_Cos": 0.23479835990745757
        },
        "MAE": {
            "Temperature": 0.4802342176225194,
            "Precipitation_accumulated": 5.205122903432311,
            "Humidity": 2.4518194696151565,
            "Wind_Speed_kmh": 0.185627157101863,
            "Soil_Moisture": 115.9686944800399,
            "Soil_Temperature": 0.5483256002925336,
            "Wind_Dir_Sin": 0.13473584998129884,
            "Wind_Dir_Cos": 0.16471747605273615
        },
        "R2": {
            "Temperature": 0.8458792470000251,
            "Precipitation_accumulated": -42.51989490207889,
            "Humidity": 0.8654392951944391,
            "Wind_Speed_kmh": 0.7191786422105505,
            "Soil_Moisture": 0.9578778501855905,
            "Soil_Temperature": 0.9129512151890187,
            "Wind_Dir_Sin": 0.6651724740970885,
            "Wind_Dir_Cos": 0.807970669814782
        },
        "SMAPE": {
            "Temperature": 8.435221204293523,
            "Precipitation_accumulated": 1.1354115714510626,
            "Humidity": 2.8916318558324954,
            "Wind_Speed_kmh": 159.76276525235912,
            "Soil_Moisture": 1.9090953632618142,
            "Soil_Temperature": 15.307660858683333,
            "Wind_Dir_Sin": 145.99394120333943,
            "Wind_Dir_Cos": 32.65767930468343
        }
    }
}