{
    "trial_number": 28,
    "input_chunk_length": 56,
    "training_length": 67,
    "hidden_size": 191,
    "layer_size": 3,
    "dropout": 0.2397875277559762,
    "batch_size": 33,
    "lr": 0.0005020259006927096,
    "forecast_horizon": 7,
    "overall_smape_val": 52.31481469473861,
    "metrics": {
        "MSE": {
            "Temperature": 2.5196498426246396,
            "Precipitation_accumulated": 168.2294382525449,
            "Humidity": 10.194498990978175,
            "Wind_Speed_kmh": 0.1622277216544972,
            "Soil_Moisture": 73696.52661870421,
            "Soil_Temperature": 2.8595014222848962,
            "Wind_Dir_Sin": 0.08101675947433774,
            "Wind_Dir_Cos": 0.09006808943691322
        },
        "RMSE": {
            "Temperature": 1.5873404936007396,
            "Precipitation_accumulated": 12.970329149738063,
            "Humidity": 3.1928825520175614,
            "Wind_Speed_kmh": 0.40277502610576194,
            "Soil_Moisture": 271.4710419523678,
            "Soil_Temperature": 1.691006038512251,
            "Wind_Dir_Sin": 0.2846344312874634,
            "Wind_Dir_Cos": 0.30011346093921415
        },
        "MAE": {
            "Temperature": 1.3950246240585258,
            "Precipitation_accumulated": 8.820050637998271,
            "Humidity": 1.9627920367358476,
            "Wind_Speed_kmh": 0.169484111814551,
            "Soil_Moisture": 92.82914276023718,
            "Soil_Temperature": 1.505070298634711,
            "Wind_Dir_Sin": 0.15547019235485293,
            "Wind_Dir_Cos": 0.15582958668958669
        },
        "R2": {
            "Temperature": 0.25837033656229336,
            "Precipitation_accumulated": -176.09971660062078,
            "Humidity": 0.843303785676285,
            "Wind_Speed_kmh": 0.5249531276148929,
            "Soil_Moisture": 0.9007336006819082,
            "Soil_Temperature": 0.48965896233510287,
            "Wind_Dir_Sin": 0.49726195554213204,
            "Wind_Dir_Cos": 0.6871549240563468
        },
        "SMAPE": {
            "Temperature": 21.19035963413802,
            "Precipitation_accumulated": 1.9576626714229892,
            "Humidity": 2.3333592243612657,
            "Wind_Speed_kmh": 166.11430021360943,
            "Soil_Moisture": 1.395976938310893,
            "Soil_Temperature": 29.87912705338035,
            "Wind_Dir_Sin": 154.31934911818226,
            "Wind_Dir_Cos": 41.32838270450379
        }
    }
}