{
    "trial_number": 45,
    "input_chunk_length": 48,
    "training_length": 54,
    "hidden_size": 206,
    "layer_size": 1,
    "dropout": 0.10022051366689333,
    "batch_size": 41,
    "lr": 9.385844151224935e-05,
    "forecast_horizon": 4,
    "overall_smape_val": 48.95055235322816,
    "metrics": {
        "MSE": {
            "Temperature": 0.9028577448059192,
            "Precipitation_accumulated": 31.445115280271747,
            "Humidity": 7.308084378118204,
            "Wind_Speed_kmh": 0.13978071318393148,
            "Soil_Moisture": 39612.5101596114,
            "Soil_Temperature": 0.6194947017719427,
            "Wind_Dir_Sin": 0.08062695678418362,
            "Wind_Dir_Cos": 0.07738070306653261
        },
        "RMSE": {
            "Temperature": 0.9501882680847619,
            "Precipitation_accumulated": 5.607594429010692,
            "Humidity": 2.7033468845337265,
            "Wind_Speed_kmh": 0.3738725895060127,
            "Soil_Moisture": 199.02891789790598,
            "Soil_Temperature": 0.7870798573028932,
            "Wind_Dir_Sin": 0.28394886297392286,
            "Wind_Dir_Cos": 0.27817387200550053
        },
        "MAE": {
            "Temperature": 0.6795655200887208,
            "Precipitation_accumulated": 3.794814998641826,
            "Humidity": 1.779451876524871,
            "Wind_Speed_kmh": 0.18358678910941817,
            "Soil_Moisture": 75.8149933255977,
            "Soil_Temperature": 0.606838686238548,
            "Wind_Dir_Sin": 0.1543822562540456,
            "Wind_Dir_Cos": 0.13721925485979033
        },
        "R2": {
            "Temperature": 0.7345538357505255,
            "Precipitation_accumulated": -32.119175573432145,
            "Humidity": 0.8876269628833197,
            "Wind_Speed_kmh": 0.5898250891347155,
            "Soil_Moisture": 0.9465372732882307,
            "Soil_Temperature": 0.8895440525910367,
            "Wind_Dir_Sin": 0.4986864533063573,
            "Wind_Dir_Cos": 0.7307704007257658
        },
        "SMAPE": {
            "Temperature": 11.339985349178116,
            "Precipitation_accumulated": 0.82272244836883,
            "Humidity": 2.0931734841306806,
            "Wind_Speed_kmh": 167.33666344134667,
            "Soil_Moisture": 1.201560004481861,
            "Soil_Temperature": 15.975848857844353,
            "Wind_Dir_Sin": 153.75070683215648,
            "Wind_Dir_Cos": 39.08375840831864
        }
    }
}