{
    "trial_number": 46,
    "input_chunk_length": 33,
    "hidden_size": 102,
    "layer_size": 4,
    "dropout": 0.23217617433200977,
    "batch_size": 55,
    "lr": 0.0007536247850013607,
    "overall_smape_val": 46.8538842988159,
    "metrics": {
        "MSE": {
            "Temperature": 0.8354628324167772,
            "Precipitation_accumulated": 51.149285024772965,
            "Humidity": 7.365147559091188,
            "Wind_Speed_kmh": 0.10343228129811842,
            "Soil_Moisture": 37838.21745804487,
            "Soil_Temperature": 0.4079959651914808,
            "Wind_Dir_Sin": 0.04967730881727385,
            "Wind_Dir_Cos": 0.048344725920630285
        },
        "RMSE": {
            "Temperature": 0.9140365596718641,
            "Precipitation_accumulated": 7.151872833375393,
            "Humidity": 2.7138805351546313,
            "Wind_Speed_kmh": 0.3216088949300352,
            "Soil_Moisture": 194.5204808189741,
            "Soil_Temperature": 0.6387456185301632,
            "Wind_Dir_Sin": 0.22288407035334276,
            "Wind_Dir_Cos": 0.2198743412056766
        },
        "MAE": {
            "Temperature": 0.6185253125124172,
            "Precipitation_accumulated": 5.841465343976804,
            "Humidity": 1.9288527329849996,
            "Wind_Speed_kmh": 0.13176301900117193,
            "Soil_Moisture": 72.06467067505517,
            "Soil_Temperature": 0.41237679369274116,
            "Wind_Dir_Sin": 0.10372819376464831,
            "Wind_Dir_Cos": 0.12122099476265244
        },
        "R2": {
            "Temperature": 0.7545894717815065,
            "Precipitation_accumulated": -52.889934530109954,
            "Humidity": 0.8867399535834034,
            "Wind_Speed_kmh": 0.6960627969544071,
            "Soil_Moisture": 0.9488652122218355,
            "Soil_Temperature": 0.9273020584301312,
            "Wind_Dir_Sin": 0.6907133464599688,
            "Wind_Dir_Cos": 0.831606023920427
        },
        "SMAPE": {
            "Temperature": 11.130121929073749,
            "Precipitation_accumulated": 1.2725346803402753,
            "Humidity": 2.311581252352432,
            "Wind_Speed_kmh": 165.81518018833572,
            "Soil_Moisture": 1.1181944912816042,
            "Soil_Temperature": 15.554618859908066,
            "Wind_Dir_Sin": 145.38715462511593,
            "Wind_Dir_Cos": 32.24168836411933
        }
    }
}