{
    "trial_number": 44,
    "input_chunk_length": 58,
    "training_length": 63,
    "hidden_size": 197,
    "layer_size": 1,
    "dropout": 0.18248217139425266,
    "batch_size": 32,
    "lr": 6.443452790350203e-05,
    "forecast_horizon": 2,
    "overall_smape_val": 45.868257461660974,
    "metrics": {
        "MSE": {
            "Temperature": 0.6367047592895524,
            "Precipitation_accumulated": 21.1818116994513,
            "Humidity": 4.997547768356729,
            "Wind_Speed_kmh": 0.09468611767753819,
            "Soil_Moisture": 20635.101830727224,
            "Soil_Temperature": 0.46626427822435557,
            "Wind_Dir_Sin": 0.06854779489659146,
            "Wind_Dir_Cos": 0.055945533230546955
        },
        "RMSE": {
            "Temperature": 0.7979378166809443,
            "Precipitation_accumulated": 4.602370226247699,
            "Humidity": 2.2355195745859016,
            "Wind_Speed_kmh": 0.3077110944986193,
            "Soil_Moisture": 143.6492319183337,
            "Soil_Temperature": 0.6828354693660513,
            "Wind_Dir_Sin": 0.26181633810095095,
            "Wind_Dir_Cos": 0.2365280812727042
        },
        "MAE": {
            "Temperature": 0.5487780361205429,
            "Precipitation_accumulated": 2.862998156128479,
            "Humidity": 1.4693574582809175,
            "Wind_Speed_kmh": 0.13861224808646067,
            "Soil_Moisture": 46.41411029062706,
            "Soil_Temperature": 0.5176892528816809,
            "Wind_Dir_Sin": 0.12846837732935062,
            "Wind_Dir_Cos": 0.10870619517144964
        },
        "R2": {
            "Temperature": 0.8129730668634589,
            "Precipitation_accumulated": -21.316762495501067,
            "Humidity": 0.9231485197449207,
            "Wind_Speed_kmh": 0.721763520895286,
            "Soil_Moisture": 0.9721136030241111,
            "Soil_Temperature": 0.9169196361082568,
            "Wind_Dir_Sin": 0.5732273225770397,
            "Wind_Dir_Cos": 0.805130950580827
        },
        "SMAPE": {
            "Temperature": 9.285064418182476,
            "Precipitation_accumulated": 0.6225083705741526,
            "Humidity": 1.714714787978198,
            "Wind_Speed_kmh": 157.17456541793302,
            "Soil_Moisture": 0.7256747067068479,
            "Soil_Temperature": 14.830280287358908,
            "Wind_Dir_Sin": 149.8180256964641,
            "Wind_Dir_Cos": 32.775226008090335
        }
    }
}