{
    "trial_number": 5,
    "input_chunk_length": 34,
    "output_chunk_length": 24,
    "hidden_size": 189,
    "layer_size": 1,
    "dropout": 0.38385460663161464,
    "batch_size": 164,
    "lr": 0.0016157660933682713,
    "loss_function": "mse",
    "optimizer": "AdamW",
    "overall_mae_val": 0.13051688340358902,
    "metrics": {
        "MSE": {
            "Temperature": 9.971321101873206,
            "Precipitation_accumulated": 785.2859577978511,
            "Humidity": 89.89644998883773,
            "Wind_Speed_kmh": 1.3764638962127165,
            "Soil_Moisture": 98191.77958545211,
            "Soil_Temperature": 10.0965265639935,
            "Wind_Dir_Sin": 0.5775357229427891,
            "Wind_Dir_Cos": 0.37979906471394853
        },
        "RMSE": {
            "Temperature": 3.157739872420337,
            "Precipitation_accumulated": 28.02295412332274,
            "Humidity": 9.481373845009896,
            "Wind_Speed_kmh": 1.1732279813457895,
            "Soil_Moisture": 313.3556758468755,
            "Soil_Temperature": 3.177503196535528,
            "Wind_Dir_Sin": 0.7599577112858248,
            "Wind_Dir_Cos": 0.6162783987078798
        },
        "MAE": {
            "Temperature": 2.521297630710926,
            "Precipitation_accumulated": 21.70457047262759,
            "Humidity": 7.737933001525851,
            "Wind_Speed_kmh": 0.9528105283862678,
            "Soil_Moisture": 245.60966722062162,
            "Soil_Temperature": 2.6972047002294075,
            "Wind_Dir_Sin": 0.6903915085507846,
            "Wind_Dir_Cos": 0.5191030870595377
        },
        "R2": {
            "Temperature": 0.6724368510461651,
            "Precipitation_accumulated": -238.374156654474,
            "Humidity": 0.38641784868899853,
            "Wind_Speed_kmh": -0.022850371453888796,
            "Soil_Moisture": -0.9245666746933154,
            "Soil_Temperature": 0.37052137258788276,
            "Wind_Dir_Sin": -0.048940352845316726,
            "Wind_Dir_Cos": -0.03414985096787926
        },
        "SMAPE": {
            "Temperature": 38.335038474335235,
            "Precipitation_accumulated": 4.8022932393234985,
            "Humidity": 9.168988571071433,
            "Wind_Speed_kmh": 74.59571537155239,
            "Soil_Moisture": 2.9112841050352594,
            "Soil_Temperature": 50.59146184259944,
            "Wind_Dir_Sin": 156.98206899835674,
            "Wind_Dir_Cos": 122.28271141984476
        }
    }
}