{
    "trial_number": 29,
    "input_chunk_length": 53,
    "hidden_size": 147,
    "layer_size": 3,
    "dropout": 0.33066371637052483,
    "batch_size": 52,
    "lr": 0.002447235402196434,
    "overall_smape_val": 43.99668753529451,
    "metrics": {
        "MSE": {
            "Temperature": 0.5789713347002121,
            "Precipitation_accumulated": 36.566865676780196,
            "Humidity": 4.164802052847756,
            "Wind_Speed_kmh": 0.08841852975703136,
            "Soil_Moisture": 25738.671957432995,
            "Soil_Temperature": 0.4591673085934105,
            "Wind_Dir_Sin": 0.04559326949181407,
            "Wind_Dir_Cos": 0.042006979485555325
        },
        "RMSE": {
            "Temperature": 0.7609016590205413,
            "Precipitation_accumulated": 6.047054297489001,
            "Humidity": 2.0407846659674207,
            "Wind_Speed_kmh": 0.29735253447218396,
            "Soil_Moisture": 160.43276460072923,
            "Soil_Temperature": 0.6776188520056171,
            "Wind_Dir_Sin": 0.2135258052128924,
            "Wind_Dir_Cos": 0.20495604281297813
        },
        "MAE": {
            "Temperature": 0.536307724445952,
            "Precipitation_accumulated": 3.020808779466268,
            "Humidity": 1.385252330042672,
            "Wind_Speed_kmh": 0.14901248251193153,
            "Soil_Moisture": 54.792484562181215,
            "Soil_Temperature": 0.48460538559407756,
            "Wind_Dir_Sin": 0.10449253498393861,
            "Wind_Dir_Cos": 0.08701507398967243
        },
        "R2": {
            "Temperature": 0.8299317988077,
            "Precipitation_accumulated": -37.5261689647979,
            "Humidity": 0.9359543484992066,
            "Wind_Speed_kmh": 0.7401809155277279,
            "Soil_Moisture": 0.9652166085864253,
            "Soil_Temperature": 0.9181841953871982,
            "Wind_Dir_Sin": 0.7161402241626942,
            "Wind_Dir_Cos": 0.8536816133722845
        },
        "SMAPE": {
            "Temperature": 9.567684666136156,
            "Precipitation_accumulated": 0.6507981478903151,
            "Humidity": 1.6587996094680277,
            "Wind_Speed_kmh": 156.13627753225379,
            "Soil_Moisture": 0.8604655928030738,
            "Soil_Temperature": 14.500867038896656,
            "Wind_Dir_Sin": 144.17693895064914,
            "Wind_Dir_Cos": 24.421668744258575
        }
    }
}