{
    "trial_number": 28,
    "input_chunk_length": 59,
    "hidden_size": 255,
    "layer_size": 2,
    "dropout": 0.14723840702349944,
    "batch_size": 54,
    "lr": 0.0005018634645751034,
    "overall_smape_val": 44.883350839088834,
    "metrics": {
        "MSE": {
            "Temperature": 0.6972158295642179,
            "Precipitation_accumulated": 16.864203925236033,
            "Humidity": 3.0861267306125835,
            "Wind_Speed_kmh": 0.0728619511872774,
            "Soil_Moisture": 19706.017519418365,
            "Soil_Temperature": 0.4151248006143182,
            "Wind_Dir_Sin": 0.05203773785487977,
            "Wind_Dir_Cos": 0.0480685361633233
        },
        "RMSE": {
            "Temperature": 0.834994508703032,
            "Precipitation_accumulated": 4.106604914675386,
            "Humidity": 1.7567375246782269,
            "Wind_Speed_kmh": 0.26992953003937414,
            "Soil_Moisture": 140.37812336478348,
            "Soil_Temperature": 0.6443017931174165,
            "Wind_Dir_Sin": 0.22811781573318593,
            "Wind_Dir_Cos": 0.2192453788870436
        },
        "MAE": {
            "Temperature": 0.5444220574579242,
            "Precipitation_accumulated": 3.3248982742254403,
            "Humidity": 1.1187748959186052,
            "Wind_Speed_kmh": 0.11031727805139491,
            "Soil_Moisture": 53.84966321831017,
            "Soil_Temperature": 0.4992084154439949,
            "Wind_Dir_Sin": 0.11113502415110908,
            "Wind_Dir_Cos": 0.10403309753866025
        },
        "R2": {
            "Temperature": 0.7951984237040323,
            "Precipitation_accumulated": -16.767811319224343,
            "Humidity": 0.952542042918715,
            "Wind_Speed_kmh": 0.785894138905467,
            "Soil_Moisture": 0.9733691729816409,
            "Soil_Temperature": 0.926031821209066,
            "Wind_Dir_Sin": 0.6760175182168335,
            "Wind_Dir_Cos": 0.8325680459507458
        },
        "SMAPE": {
            "Temperature": 9.247911705149939,
            "Precipitation_accumulated": 0.727057955873553,
            "Humidity": 1.3163075294237216,
            "Wind_Speed_kmh": 152.73834552771496,
            "Soil_Moisture": 0.8694847584434088,
            "Soil_Temperature": 16.289377267389025,
            "Wind_Dir_Sin": 144.85011296149358,
            "Wind_Dir_Cos": 33.02820900722223
        }
    }
}