{
    "trial_number": 38,
    "input_chunk_length": 63,
    "hidden_size": 172,
    "layer_size": 1,
    "dropout": 0.31191738929341867,
    "batch_size": 51,
    "lr": 0.00037385699939855897,
    "overall_smape_val": 45.45194349324824,
    "metrics": {
        "MSE": {
            "Temperature": 0.4890339907430428,
            "Precipitation_accumulated": 12.86903648377977,
            "Humidity": 4.195101405174683,
            "Wind_Speed_kmh": 0.07496912643774205,
            "Soil_Moisture": 17313.563859006517,
            "Soil_Temperature": 0.39061555820358407,
            "Wind_Dir_Sin": 0.0491174140064225,
            "Wind_Dir_Cos": 0.04485693435559877
        },
        "RMSE": {
            "Temperature": 0.6993096529743049,
            "Precipitation_accumulated": 3.58734393162682,
            "Humidity": 2.0481946697456967,
            "Wind_Speed_kmh": 0.2738049057956085,
            "Soil_Moisture": 131.58101633216896,
            "Soil_Temperature": 0.6249924465172232,
            "Wind_Dir_Sin": 0.221624488733584,
            "Wind_Dir_Cos": 0.21179455695460817
        },
        "MAE": {
            "Temperature": 0.47521713313095304,
            "Precipitation_accumulated": 2.684556450853904,
            "Humidity": 1.4775594842421995,
            "Wind_Speed_kmh": 0.14224764780542412,
            "Soil_Moisture": 47.243291474414484,
            "Soil_Temperature": 0.4694794759458575,
            "Wind_Dir_Sin": 0.10256399878803735,
            "Wind_Dir_Cos": 0.10301442591343957
        },
        "R2": {
            "Temperature": 0.8563501746237132,
            "Precipitation_accumulated": -12.55857727513888,
            "Humidity": 0.9354884099659446,
            "Wind_Speed_kmh": 0.7797021750048818,
            "Soil_Moisture": 0.9766023488131901,
            "Soil_Temperature": 0.9303989513395345,
            "Wind_Dir_Sin": 0.6941992034136859,
            "Wind_Dir_Cos": 0.8437546725721267
        },
        "SMAPE": {
            "Temperature": 8.067722869954114,
            "Precipitation_accumulated": 0.5852753637620594,
            "Humidity": 1.764142547153595,
            "Wind_Speed_kmh": 163.74578412861325,
            "Soil_Moisture": 0.7558232257412256,
            "Soil_Temperature": 14.493024245049927,
            "Wind_Dir_Sin": 142.4500031528133,
            "Wind_Dir_Cos": 31.753772412898503
        }
    }
}