{
    "trial_number": 41,
    "input_chunk_length": 69,
    "hidden_size": 189,
    "layer_size": 3,
    "dropout": 0.23093905518324975,
    "batch_size": 61,
    "lr": 0.006495472681068882,
    "overall_smape_val": 45.30930910860485,
    "metrics": {
        "MSE": {
            "Temperature": 0.7463052919136136,
            "Precipitation_accumulated": 10.819655501489237,
            "Humidity": 6.3561443017377535,
            "Wind_Speed_kmh": 0.08972048022118116,
            "Soil_Moisture": 29117.916004522907,
            "Soil_Temperature": 0.617262011202094,
            "Wind_Dir_Sin": 0.0498896111096437,
            "Wind_Dir_Cos": 0.04159118239842337
        },
        "RMSE": {
            "Temperature": 0.8638896294745143,
            "Precipitation_accumulated": 3.28932447494759,
            "Humidity": 2.521139484784163,
            "Wind_Speed_kmh": 0.29953377142015414,
            "Soil_Moisture": 170.639725751429,
            "Soil_Temperature": 0.7856602390359932,
            "Wind_Dir_Sin": 0.22335982429623216,
            "Wind_Dir_Cos": 0.20393916347387367
        },
        "MAE": {
            "Temperature": 0.6070105154565373,
            "Precipitation_accumulated": 2.1587772351829067,
            "Humidity": 2.0189406204522333,
            "Wind_Speed_kmh": 0.14807638836744316,
            "Soil_Moisture": 105.61639502358625,
            "Soil_Temperature": 0.5580930842685917,
            "Wind_Dir_Sin": 0.10827014828494931,
            "Wind_Dir_Cos": 0.08862387676576947
        },
        "R2": {
            "Temperature": 0.7807787865667607,
            "Precipitation_accumulated": -10.399387622548437,
            "Humidity": 0.9022562422721868,
            "Wind_Speed_kmh": 0.7363551159068429,
            "Soil_Moisture": 0.9606498784705004,
            "Soil_Temperature": 0.8900144083468831,
            "Wind_Dir_Sin": 0.6893915706410035,
            "Wind_Dir_Cos": 0.8551299145760065
        },
        "SMAPE": {
            "Temperature": 10.560957585923836,
            "Precipitation_accumulated": 0.4673933140590854,
            "Humidity": 2.4682292529803473,
            "Wind_Speed_kmh": 156.3436873750555,
            "Soil_Moisture": 1.7469585045849925,
            "Soil_Temperature": 16.031786463768704,
            "Wind_Dir_Sin": 145.5042857341302,
            "Wind_Dir_Cos": 29.35117463833612
        }
    }
}