{
    "trial_number": 42,
    "input_chunk_length": 42,
    "hidden_size": 145,
    "layer_size": 3,
    "dropout": 0.254847774399685,
    "batch_size": 58,
    "lr": 0.002638955118390397,
    "overall_smape_val": 44.63044466413234,
    "metrics": {
        "MSE": {
            "Temperature": 1.1040392359682691,
            "Precipitation_accumulated": 15.138612027798887,
            "Humidity": 4.418300429348221,
            "Wind_Speed_kmh": 0.08263279769684341,
            "Soil_Moisture": 28044.746949979737,
            "Soil_Temperature": 0.7582417217603782,
            "Wind_Dir_Sin": 0.04672731498654695,
            "Wind_Dir_Cos": 0.04286608773599485
        },
        "RMSE": {
            "Temperature": 1.0507327138565112,
            "Precipitation_accumulated": 3.890836931535282,
            "Humidity": 2.1019753636396934,
            "Wind_Speed_kmh": 0.28745921049227735,
            "Soil_Moisture": 167.46565901694512,
            "Soil_Temperature": 0.8707707630371947,
            "Wind_Dir_Sin": 0.21616501795282914,
            "Wind_Dir_Cos": 0.2070412706104627
        },
        "MAE": {
            "Temperature": 0.8898932510455196,
            "Precipitation_accumulated": 2.806759976175293,
            "Humidity": 1.5434096345940436,
            "Wind_Speed_kmh": 0.12234620535596065,
            "Soil_Moisture": 97.49194700629161,
            "Soil_Temperature": 0.656527409507058,
            "Wind_Dir_Sin": 0.10367006297847128,
            "Wind_Dir_Cos": 0.08696242338745717
        },
        "R2": {
            "Temperature": 0.6756973002746902,
            "Precipitation_accumulated": -14.949759818924045,
            "Humidity": 0.932056091518118,
            "Wind_Speed_kmh": 0.7571823699854159,
            "Soil_Moisture": 0.9621001653904645,
            "Soil_Temperature": 0.8648942217884372,
            "Wind_Dir_Sin": 0.7090797544154659,
            "Wind_Dir_Cos": 0.8506891741471292
        },
        "SMAPE": {
            "Temperature": 14.528733983658814,
            "Precipitation_accumulated": 0.6080903971651538,
            "Humidity": 1.857708275135548,
            "Wind_Speed_kmh": 150.038392748521,
            "Soil_Moisture": 1.615057783842649,
            "Soil_Temperature": 17.84279741712676,
            "Wind_Dir_Sin": 145.0259475009407,
            "Wind_Dir_Cos": 25.526829206668083
        }
    }
}