{
    "trial_number": 35,
    "input_chunk_length": 55,
    "hidden_size": 130,
    "layer_size": 3,
    "dropout": 0.2841807463048058,
    "batch_size": 43,
    "lr": 0.00023715237389763876,
    "overall_smape_val": 48.046783196129965,
    "metrics": {
        "MSE": {
            "Temperature": 0.6926370090672732,
            "Precipitation_accumulated": 27.89146953441532,
            "Humidity": 12.839662896645297,
            "Wind_Speed_kmh": 0.12708426286395114,
            "Soil_Moisture": 48013.214979152064,
            "Soil_Temperature": 0.49897264070325886,
            "Wind_Dir_Sin": 0.06020049024097954,
            "Wind_Dir_Cos": 0.0546809026943241
        },
        "RMSE": {
            "Temperature": 0.8322481655535644,
            "Precipitation_accumulated": 5.281237500284883,
            "Humidity": 3.5832475349388435,
            "Wind_Speed_kmh": 0.35648879766964786,
            "Soil_Moisture": 219.11917985231705,
            "Soil_Temperature": 0.7063799549132598,
            "Wind_Dir_Sin": 0.24535788196220543,
            "Wind_Dir_Cos": 0.2338394806150666
        },
        "MAE": {
            "Temperature": 0.5645396729937046,
            "Precipitation_accumulated": 3.9045881023959024,
            "Humidity": 2.8905283222835463,
            "Wind_Speed_kmh": 0.15567552500054052,
            "Soil_Moisture": 89.1437839745544,
            "Soil_Temperature": 0.49798887440096823,
            "Wind_Dir_Sin": 0.12330527766751422,
            "Wind_Dir_Cos": 0.11237941299557191
        },
        "R2": {
            "Temperature": 0.7965434156212936,
            "Precipitation_accumulated": -28.385933086459005,
            "Humidity": 0.8025537432916088,
            "Wind_Speed_kmh": 0.62656111881888,
            "Soil_Moisture": 0.9351146612223845,
            "Soil_Temperature": 0.9110915622369344,
            "Wind_Dir_Sin": 0.6251969236782091,
            "Wind_Dir_Cos": 0.8095359019009736
        },
        "SMAPE": {
            "Temperature": 10.236339473809844,
            "Precipitation_accumulated": 0.8472865350477363,
            "Humidity": 3.487157115071398,
            "Wind_Speed_kmh": 167.11410461310433,
            "Soil_Moisture": 1.4057840072954042,
            "Soil_Temperature": 17.300060440256924,
            "Wind_Dir_Sin": 150.30240672815617,
            "Wind_Dir_Cos": 33.68112665629761
        }
    }
}