{
    "trial_number": 37,
    "input_chunk_length": 68,
    "hidden_size": 91,
    "layer_size": 3,
    "dropout": 0.24321184006007351,
    "batch_size": 48,
    "lr": 0.000970031059871321,
    "overall_smape_val": 51.08771090758556,
    "metrics": {
        "MSE": {
            "Temperature": 2.4832861371224255,
            "Precipitation_accumulated": 40.8207354706443,
            "Humidity": 18.9388046710175,
            "Wind_Speed_kmh": 0.09736592299894646,
            "Soil_Moisture": 90076.4725190527,
            "Soil_Temperature": 4.407737174224865,
            "Wind_Dir_Sin": 0.056520559704900955,
            "Wind_Dir_Cos": 0.04492512697954918
        },
        "RMSE": {
            "Temperature": 1.575844578986908,
            "Precipitation_accumulated": 6.389110694818513,
            "Humidity": 4.351873696583748,
            "Wind_Speed_kmh": 0.31203513103326436,
            "Soil_Moisture": 300.12742713562966,
            "Soil_Temperature": 2.0994611628284208,
            "Wind_Dir_Sin": 0.23774053021077612,
            "Wind_Dir_Cos": 0.21195548348544602
        },
        "MAE": {
            "Temperature": 1.393665220690005,
            "Precipitation_accumulated": 5.742293228034121,
            "Humidity": 3.9192104020757466,
            "Wind_Speed_kmh": 0.14123806485280097,
            "Soil_Moisture": 256.7112915732317,
            "Soil_Temperature": 2.0269859591258736,
            "Wind_Dir_Sin": 0.14675373505391803,
            "Wind_Dir_Cos": 0.10516766340356634
        },
        "R2": {
            "Temperature": 0.27055454894867115,
            "Precipitation_accumulated": -42.007966991494094,
            "Humidity": 0.7087621288094086,
            "Wind_Speed_kmh": 0.7138888755343473,
            "Soil_Moisture": 0.8782701296334952,
            "Soil_Temperature": 0.21461620485204602,
            "Wind_Dir_Sin": 0.6481078548027182,
            "Wind_Dir_Cos": 0.8435171445508661
        },
        "SMAPE": {
            "Temperature": 26.083861556920546,
            "Precipitation_accumulated": 1.240668891631087,
            "Humidity": 4.680941167133528,
            "Wind_Speed_kmh": 152.76604115445633,
            "Soil_Moisture": 4.216719907949147,
            "Soil_Temperature": 48.87138536597301,
            "Wind_Dir_Sin": 144.56466501847078,
            "Wind_Dir_Cos": 26.277404198149735
        }
    }
}