{
    "trial_number": 6,
    "input_chunk_length": 21,
    "training_length": 22,
    "hidden_size": 209,
    "layer_size": 2,
    "dropout": 0.11043851829578766,
    "batch_size": 38,
    "lr": 7.77765551241354e-05,
    "forecast_horizon": 23,
    "overall_smape_val": 54.841356913442425,
    "metrics": {
        "MSE": {
            "Temperature": 1.2613202259141383,
            "Precipitation_accumulated": 89.37723909894068,
            "Humidity": 25.749934678361715,
            "Wind_Speed_kmh": 0.2129735968933133,
            "Soil_Moisture": 188380.0983384959,
            "Soil_Temperature": 1.904722046514582,
            "Wind_Dir_Sin": 0.1428715705525526,
            "Wind_Dir_Cos": 0.1614932850437014
        },
        "RMSE": {
            "Temperature": 1.123085137429099,
            "Precipitation_accumulated": 9.453953622635384,
            "Humidity": 5.074439346209758,
            "Wind_Speed_kmh": 0.46149062492461673,
            "Soil_Moisture": 434.0277621748359,
            "Soil_Temperature": 1.3801166785872063,
            "Wind_Dir_Sin": 0.3779835585743811,
            "Wind_Dir_Cos": 0.40186227123692686
        },
        "MAE": {
            "Temperature": 0.8683704335244433,
            "Precipitation_accumulated": 7.467969305051499,
            "Humidity": 3.8050616591169044,
            "Wind_Speed_kmh": 0.22904172715520854,
            "Soil_Moisture": 178.786120118922,
            "Soil_Temperature": 1.0014641745890034,
            "Wind_Dir_Sin": 0.28608940380655734,
            "Wind_Dir_Cos": 0.31689681850110224
        },
        "R2": {
            "Temperature": 0.6252854037393785,
            "Precipitation_accumulated": -92.85690461916512,
            "Humidity": 0.6044052784110807,
            "Wind_Speed_kmh": 0.3833349177343309,
            "Soil_Moisture": 0.7489482400562235,
            "Soil_Temperature": 0.6582277701381152,
            "Wind_Dir_Sin": 0.12282583021686666,
            "Wind_Dir_Cos": 0.44410320525272495
        },
        "SMAPE": {
            "Temperature": 14.844054467626172,
            "Precipitation_accumulated": 1.629489210589928,
            "Humidity": 4.507785721150071,
            "Wind_Speed_kmh": 171.35102225166912,
            "Soil_Moisture": 2.7606373995128677,
            "Soil_Temperature": 22.73867413559949,
            "Wind_Dir_Sin": 159.71295303002938,
            "Wind_Dir_Cos": 61.18623909136226
        }
    }
}