{
    "trial_number": 2,
    "input_chunk_length": 49,
    "output_chunk_length": 20,
    "hidden_size": 232,
    "layer_size": 2,
    "dropout": 0.4255252147789683,
    "batch_size": 235,
    "lr": 0.000503042274934599,
    "loss_function": "smoothl1",
    "optimizer": "RMSprop",
    "overall_mae_val": 0.23889723262448437,
    "metrics": {
        "MSE": {
            "Temperature": 71.4176162368878,
            "Precipitation_accumulated": 38268.89173268797,
            "Humidity": 132.3026141203169,
            "Wind_Speed_kmh": 1.7064835204445634,
            "Soil_Moisture": 1018884.3579149796,
            "Soil_Temperature": 76.04191136468795,
            "Wind_Dir_Sin": 0.5685160644709524,
            "Wind_Dir_Cos": 0.650825094416479
        },
        "RMSE": {
            "Temperature": 8.45089440455197,
            "Precipitation_accumulated": 195.62436385248122,
            "Humidity": 11.502287342973,
            "Wind_Speed_kmh": 1.3063244315423959,
            "Soil_Moisture": 1009.3980175901771,
            "Soil_Temperature": 8.720201337393991,
            "Wind_Dir_Sin": 0.7540000427526198,
            "Wind_Dir_Cos": 0.8067373143821222
        },
        "MAE": {
            "Temperature": 7.471704865029825,
            "Precipitation_accumulated": 183.89378002562472,
            "Humidity": 9.974078037178208,
            "Wind_Speed_kmh": 1.0091864512437856,
            "Soil_Moisture": 969.6395698489083,
            "Soil_Temperature": 8.144911164102416,
            "Wind_Dir_Sin": 0.6972089109961833,
            "Wind_Dir_Cos": 0.6756867516356494
        },
        "R2": {
            "Temperature": -1.3391311960326098,
            "Precipitation_accumulated": -11892.26170339242,
            "Humidity": 0.1005942361017862,
            "Wind_Speed_kmh": -0.2653353364287301,
            "Soil_Moisture": -20.12520702211033,
            "Soil_Temperature": -3.7401605894781182,
            "Wind_Dir_Sin": -0.039205049850269624,
            "Wind_Dir_Cos": -0.7643245131482967
        },
        "SMAPE": {
            "Temperature": 71.82835373065268,
            "Precipitation_accumulated": 51.276510060337095,
            "Humidity": 11.725473566146182,
            "Wind_Speed_kmh": 83.66427066129128,
            "Soil_Moisture": 12.042190445158488,
            "Soil_Temperature": 77.56926024772783,
            "Wind_Dir_Sin": 175.78882840155526,
            "Wind_Dir_Cos": 153.71125253811218
        }
    }
}