{
    "trial_number": 25,
    "input_chunk_length": 41,
    "training_length": 50,
    "hidden_size": 198,
    "layer_size": 3,
    "dropout": 0.19543584297762873,
    "batch_size": 60,
    "lr": 0.000529318485328077,
    "forecast_horizon": 4,
    "overall_smape_val": 48.87061631271587,
    "metrics": {
        "MSE": {
            "Temperature": 1.1631737403048399,
            "Precipitation_accumulated": 77.76780335204224,
            "Humidity": 7.8920135029051375,
            "Wind_Speed_kmh": 0.12734056181906153,
            "Soil_Moisture": 44189.973259956474,
            "Soil_Temperature": 1.0704382729139734,
            "Wind_Dir_Sin": 0.07755416314905085,
            "Wind_Dir_Cos": 0.07360202933813753
        },
        "RMSE": {
            "Temperature": 1.0785053269710076,
            "Precipitation_accumulated": 8.818605521965603,
            "Humidity": 2.809272771182097,
            "Wind_Speed_kmh": 0.35684809347824953,
            "Soil_Moisture": 210.2141128943451,
            "Soil_Temperature": 1.0346198687991515,
            "Wind_Dir_Sin": 0.2784854810381519,
            "Wind_Dir_Cos": 0.27129693941903865
        },
        "MAE": {
            "Temperature": 0.8466494026215651,
            "Precipitation_accumulated": 6.805430939573277,
            "Humidity": 1.926222206382954,
            "Wind_Speed_kmh": 0.1593520924749507,
            "Soil_Moisture": 84.11319548772441,
            "Soil_Temperature": 0.7977012154025832,
            "Wind_Dir_Sin": 0.1538815270686441,
            "Wind_Dir_Cos": 0.13067536738875024
        },
        "R2": {
            "Temperature": 0.6580192067954116,
            "Precipitation_accumulated": -80.9079691780406,
            "Humidity": 0.8786481545091764,
            "Wind_Speed_kmh": 0.6263296816568744,
            "Soil_Moisture": 0.9403593346072209,
            "Soil_Temperature": 0.8091407832232694,
            "Wind_Dir_Sin": 0.5177921362804696,
            "Wind_Dir_Cos": 0.7439174874459415
        },
        "SMAPE": {
            "Temperature": 13.863833577483108,
            "Precipitation_accumulated": 1.471489689206678,
            "Humidity": 2.2694934859056617,
            "Wind_Speed_kmh": 159.9911088651299,
            "Soil_Moisture": 1.339972442984525,
            "Soil_Temperature": 21.00092113476369,
            "Wind_Dir_Sin": 154.77324171689796,
            "Wind_Dir_Cos": 36.25486958935566
        }
    }
}