{
    "trial_number": 48,
    "input_chunk_length": 32,
    "output_chunk_length": 6,
    "hidden_size": 188,
    "layer_size": 1,
    "dropout": 0.3987047633549475,
    "batch_size": 209,
    "lr": 0.0036809524598752667,
    "loss_function": "smoothl1",
    "optimizer": "AdamW",
    "overall_mae_val": 0.1272290141058396,
    "metrics": {
        "MSE": {
            "Temperature": 9.483023200083686,
            "Precipitation_accumulated": 807.9507442468948,
            "Humidity": 72.57098617645823,
            "Wind_Speed_kmh": 1.2227143631278432,
            "Soil_Moisture": 79583.02513438764,
            "Soil_Temperature": 11.287117493124924,
            "Wind_Dir_Sin": 0.6279414473726139,
            "Wind_Dir_Cos": 0.3904020742933146
        },
        "RMSE": {
            "Temperature": 3.0794517694037173,
            "Precipitation_accumulated": 28.42447438822563,
            "Humidity": 8.518860614921355,
            "Wind_Speed_kmh": 1.10576415348294,
            "Soil_Moisture": 282.10463508136064,
            "Soil_Temperature": 3.359630559023555,
            "Wind_Dir_Sin": 0.7924275660100512,
            "Wind_Dir_Cos": 0.6248216339831029
        },
        "MAE": {
            "Temperature": 2.3883114154969083,
            "Precipitation_accumulated": 23.487949935261796,
            "Humidity": 6.556921645377197,
            "Wind_Speed_kmh": 0.8657677610458755,
            "Soil_Moisture": 227.5142491867328,
            "Soil_Temperature": 2.853945716570493,
            "Wind_Dir_Sin": 0.6786602579310586,
            "Wind_Dir_Cos": 0.5301420926144551
        },
        "R2": {
            "Temperature": 0.6896116782725707,
            "Precipitation_accumulated": -237.34595508268495,
            "Humidity": 0.5055324285715641,
            "Wind_Speed_kmh": 0.09348164974643092,
            "Soil_Moisture": -0.43965105367686763,
            "Soil_Temperature": 0.2999380194530441,
            "Wind_Dir_Sin": -0.1401725814217578,
            "Wind_Dir_Cos": -0.0646214728809491
        },
        "SMAPE": {
            "Temperature": 41.4949082617411,
            "Precipitation_accumulated": 5.213887225042111,
            "Humidity": 7.768344581816863,
            "Wind_Speed_kmh": 71.5967538832796,
            "Soil_Moisture": 2.685432331409633,
            "Soil_Temperature": 58.04158468649332,
            "Wind_Dir_Sin": 137.5891424022645,
            "Wind_Dir_Cos": 128.49312285043064
        }
    }
}