{
    "trial_number": 42,
    "input_chunk_length": 63,
    "training_length": 67,
    "hidden_size": 209,
    "layer_size": 1,
    "dropout": 0.13716592148328877,
    "batch_size": 42,
    "lr": 0.00011832377307741058,
    "forecast_horizon": 2,
    "overall_smape_val": 45.71389694668294,
    "metrics": {
        "MSE": {
            "Temperature": 0.5657505425973361,
            "Precipitation_accumulated": 23.764236490051957,
            "Humidity": 4.423713578637916,
            "Wind_Speed_kmh": 0.0977073191552376,
            "Soil_Moisture": 22324.677773832893,
            "Soil_Temperature": 0.46917697173853995,
            "Wind_Dir_Sin": 0.06466611462707675,
            "Wind_Dir_Cos": 0.055073253558665054
        },
        "RMSE": {
            "Temperature": 0.7521639067366475,
            "Precipitation_accumulated": 4.874857586643117,
            "Humidity": 2.10326260334698,
            "Wind_Speed_kmh": 0.3125816999685644,
            "Soil_Moisture": 149.41444968219403,
            "Soil_Temperature": 0.684964941977719,
            "Wind_Dir_Sin": 0.2542953295423979,
            "Wind_Dir_Cos": 0.23467691313519753
        },
        "MAE": {
            "Temperature": 0.5131569694630616,
            "Precipitation_accumulated": 3.291472624823185,
            "Humidity": 1.325235056815547,
            "Wind_Speed_kmh": 0.14054869409251253,
            "Soil_Moisture": 51.09811978202175,
            "Soil_Temperature": 0.4550174020868998,
            "Wind_Dir_Sin": 0.1283153632893185,
            "Wind_Dir_Cos": 0.10687731051236886
        },
        "R2": {
            "Temperature": 0.8338153007991029,
            "Precipitation_accumulated": -24.03755718162425,
            "Humidity": 0.9319728489849723,
            "Wind_Speed_kmh": 0.7128856781614249,
            "Soil_Moisture": 0.9698303002395231,
            "Soil_Temperature": 0.9164006436647758,
            "Wind_Dir_Sin": 0.5973943301958806,
            "Wind_Dir_Cos": 0.8081692683994599
        },
        "SMAPE": {
            "Temperature": 9.0096981341587,
            "Precipitation_accumulated": 0.7161660468590635,
            "Humidity": 1.5762521495234945,
            "Wind_Speed_kmh": 159.30915268202506,
            "Soil_Moisture": 0.8051297956732039,
            "Soil_Temperature": 14.040676070902553,
            "Wind_Dir_Sin": 149.14408073332547,
            "Wind_Dir_Cos": 31.110019960995636
        }
    }
}