{
    "trial_number": 25,
    "input_chunk_length": 50,
    "hidden_size": 181,
    "layer_size": 3,
    "dropout": 0.17414296234456467,
    "batch_size": 32,
    "lr": 0.002570655305257454,
    "overall_smape_val": 48.89535901901202,
    "metrics": {
        "MSE": {
            "Temperature": 1.4522352897954398,
            "Precipitation_accumulated": 46.09149404239692,
            "Humidity": 10.949220246250398,
            "Wind_Speed_kmh": 0.09566591523659328,
            "Soil_Moisture": 38629.96309941253,
            "Soil_Temperature": 1.2021015212492585,
            "Wind_Dir_Sin": 0.04924704917430177,
            "Wind_Dir_Cos": 0.05039776859857885
        },
        "RMSE": {
            "Temperature": 1.2050872540175006,
            "Precipitation_accumulated": 6.7890716627825425,
            "Humidity": 3.308960599077964,
            "Wind_Speed_kmh": 0.30929907086280306,
            "Soil_Moisture": 196.54506633190397,
            "Soil_Temperature": 1.0964039042475444,
            "Wind_Dir_Sin": 0.22191676181465375,
            "Wind_Dir_Cos": 0.22449447342546955
        },
        "MAE": {
            "Temperature": 0.8806797889105058,
            "Precipitation_accumulated": 4.538180230851836,
            "Humidity": 2.7083217991704425,
            "Wind_Speed_kmh": 0.1681035409682395,
            "Soil_Moisture": 151.00744680345966,
            "Soil_Temperature": 0.8737047293303121,
            "Wind_Dir_Sin": 0.10141879523111424,
            "Wind_Dir_Cos": 0.11297661057829696
        },
        "R2": {
            "Temperature": 0.5734174929897466,
            "Precipitation_accumulated": -47.56114010463136,
            "Humidity": 0.8316246642220865,
            "Wind_Speed_kmh": 0.7188843720849472,
            "Soil_Moisture": 0.9477952425439428,
            "Soil_Temperature": 0.7858059549392482,
            "Wind_Dir_Sin": 0.6933921060042438,
            "Wind_Dir_Cos": 0.8244548815151851
        },
        "SMAPE": {
            "Temperature": 15.372093568810842,
            "Precipitation_accumulated": 0.9898266485576941,
            "Humidity": 3.2364489234599265,
            "Wind_Speed_kmh": 167.05163214341363,
            "Soil_Moisture": 2.4821875973582643,
            "Soil_Temperature": 23.557935669396795,
            "Wind_Dir_Sin": 143.51729931434917,
            "Wind_Dir_Cos": 34.955448286749565
        }
    }
}