{
    "trial_number": 13,
    "input_chunk_length": 12,
    "training_length": 13,
    "hidden_size": 45,
    "layer_size": 4,
    "dropout": 0.34420099530419607,
    "batch_size": 55,
    "lr": 0.0064112061078184,
    "forecast_horizon": 1,
    "overall_smape_val": 46.520513640054816,
    "metrics": {
        "MSE": {
            "Temperature": 1.0015456719317921,
            "Precipitation_accumulated": 18.445524608531574,
            "Humidity": 4.943045412968098,
            "Wind_Speed_kmh": 0.10967134394986532,
            "Soil_Moisture": 21757.953980479735,
            "Soil_Temperature": 0.9458965178874339,
            "Wind_Dir_Sin": 0.04658221214595871,
            "Wind_Dir_Cos": 0.03984625323964579
        },
        "RMSE": {
            "Temperature": 1.0007725375587562,
            "Precipitation_accumulated": 4.294825329222549,
            "Humidity": 2.2232960695706043,
            "Wind_Speed_kmh": 0.3311666407563801,
            "Soil_Moisture": 147.50577609192032,
            "Soil_Temperature": 0.9725721144919969,
            "Wind_Dir_Sin": 0.2158291271954708,
            "Wind_Dir_Cos": 0.1996152630427989
        },
        "MAE": {
            "Temperature": 0.7086631706217698,
            "Precipitation_accumulated": 3.387176232847572,
            "Humidity": 1.649655324386954,
            "Wind_Speed_kmh": 0.18553395631667063,
            "Soil_Moisture": 95.73400336653228,
            "Soil_Temperature": 0.8539444036709593,
            "Wind_Dir_Sin": 0.11931838280470163,
            "Wind_Dir_Cos": 0.07788946684794336
        },
        "R2": {
            "Temperature": 0.7058039653628625,
            "Precipitation_accumulated": -18.433861353992814,
            "Humidity": 0.9239866481397159,
            "Wind_Speed_kmh": 0.6777292242225769,
            "Soil_Moisture": 0.9705961740794862,
            "Soil_Temperature": 0.8314573288580187,
            "Wind_Dir_Sin": 0.7099831522253144,
            "Wind_Dir_Cos": 0.8612078383500732
        },
        "SMAPE": {
            "Temperature": 12.153074122275072,
            "Precipitation_accumulated": 0.7350893531570611,
            "Humidity": 1.9574904193251055,
            "Wind_Speed_kmh": 169.57819309231752,
            "Soil_Moisture": 1.573079226014761,
            "Soil_Temperature": 20.712339608285447,
            "Wind_Dir_Sin": 142.43774386888373,
            "Wind_Dir_Cos": 23.01709943017971
        }
    }
}