{
    "trial_number": 36,
    "input_chunk_length": 31,
    "training_length": 37,
    "hidden_size": 158,
    "layer_size": 1,
    "dropout": 0.2462877605099462,
    "batch_size": 16,
    "lr": 0.00020122782644944198,
    "forecast_horizon": 2,
    "overall_smape_val": 44.60205098402288,
    "metrics": {
        "MSE": {
            "Temperature": 0.5933366462290528,
            "Precipitation_accumulated": 15.061448854221746,
            "Humidity": 3.3247006483927453,
            "Wind_Speed_kmh": 0.09448082948192912,
            "Soil_Moisture": 20362.94880182939,
            "Soil_Temperature": 0.60114759511976,
            "Wind_Dir_Sin": 0.06321085723703425,
            "Wind_Dir_Cos": 0.054547616567326034
        },
        "RMSE": {
            "Temperature": 0.770283484328369,
            "Precipitation_accumulated": 3.880908251198648,
            "Humidity": 1.8233761675509377,
            "Wind_Speed_kmh": 0.3073773405472972,
            "Soil_Moisture": 142.69880448633543,
            "Soil_Temperature": 0.7753370848345641,
            "Wind_Dir_Sin": 0.2514176947572192,
            "Wind_Dir_Cos": 0.23355431181488823
        },
        "MAE": {
            "Temperature": 0.5437532310532827,
            "Precipitation_accumulated": 3.132386315854443,
            "Humidity": 1.023368312345797,
            "Wind_Speed_kmh": 0.11447166922278501,
            "Soil_Moisture": 57.19454557500591,
            "Soil_Temperature": 0.6385828041071987,
            "Wind_Dir_Sin": 0.12118540017454632,
            "Wind_Dir_Cos": 0.10975123850296005
        },
        "R2": {
            "Temperature": 0.8257121033843644,
            "Precipitation_accumulated": -14.86846213567796,
            "Humidity": 0.9488732918468893,
            "Wind_Speed_kmh": 0.7223667631249711,
            "Soil_Moisture": 0.9724813922147966,
            "Soil_Temperature": 0.8928857232096079,
            "Wind_Dir_Sin": 0.606454637586146,
            "Wind_Dir_Cos": 0.810000163109493
        },
        "SMAPE": {
            "Temperature": 9.112966322752216,
            "Precipitation_accumulated": 0.6843244864993189,
            "Humidity": 1.2219266349226359,
            "Wind_Speed_kmh": 148.3676125858033,
            "Soil_Moisture": 0.9359159361070499,
            "Soil_Temperature": 16.270378475318772,
            "Wind_Dir_Sin": 149.12989427762113,
            "Wind_Dir_Cos": 31.093389153158714
        }
    }
}