{
    "trial_number": 7,
    "input_chunk_length": 46,
    "training_length": 58,
    "hidden_size": 163,
    "layer_size": 3,
    "dropout": 0.17631780332601746,
    "batch_size": 44,
    "lr": 7.283197039400531e-05,
    "forecast_horizon": 19,
    "overall_smape_val": 52.29655294865984,
    "metrics": {
        "MSE": {
            "Temperature": 1.0773654755660949,
            "Precipitation_accumulated": 31.211947146591275,
            "Humidity": 19.513872329740327,
            "Wind_Speed_kmh": 0.21272865303688557,
            "Soil_Moisture": 174120.88957190636,
            "Soil_Temperature": 1.573357322150908,
            "Wind_Dir_Sin": 0.12518800783462192,
            "Wind_Dir_Cos": 0.1382071861196794
        },
        "RMSE": {
            "Temperature": 1.0379621744389798,
            "Precipitation_accumulated": 5.586765356321248,
            "Humidity": 4.41745088594546,
            "Wind_Speed_kmh": 0.4612251652250618,
            "Soil_Moisture": 417.2779524153012,
            "Soil_Temperature": 1.2543354105465205,
            "Wind_Dir_Sin": 0.35381917392168266,
            "Wind_Dir_Cos": 0.3717622709739107
        },
        "MAE": {
            "Temperature": 0.7744624217099025,
            "Precipitation_accumulated": 3.910579494931149,
            "Humidity": 2.719822611459194,
            "Wind_Speed_kmh": 0.20661776874336493,
            "Soil_Moisture": 142.71144645936076,
            "Soil_Temperature": 0.7300317587429365,
            "Wind_Dir_Sin": 0.2237104895450245,
            "Wind_Dir_Cos": 0.22182470653474257
        },
        "R2": {
            "Temperature": 0.6811695791702952,
            "Precipitation_accumulated": -31.796076397152795,
            "Humidity": 0.7003364795969216,
            "Wind_Speed_kmh": 0.38230137556462085,
            "Soil_Moisture": 0.7673361268117099,
            "Soil_Temperature": 0.7181656624190189,
            "Wind_Dir_Sin": 0.22933806734671713,
            "Wind_Dir_Cos": 0.5231821410026176
        },
        "SMAPE": {
            "Temperature": 14.32927637600123,
            "Precipitation_accumulated": 0.8491141823065314,
            "Humidity": 3.182221514341216,
            "Wind_Speed_kmh": 169.3587608808988,
            "Soil_Moisture": 2.1847363504434307,
            "Soil_Temperature": 20.298482004706887,
            "Wind_Dir_Sin": 158.54731371272783,
            "Wind_Dir_Cos": 49.62251856785274
        }
    }
}