{
    "trial_number": 17,
    "input_chunk_length": 30,
    "output_chunk_length": 14,
    "hidden_size": 256,
    "layer_size": 1,
    "dropout": 0.33347872296999603,
    "batch_size": 244,
    "lr": 0.0024148059450091333,
    "loss_function": "huber",
    "optimizer": "Adam",
    "overall_mae_val": 0.131017180717259,
    "metrics": {
        "MSE": {
            "Temperature": 12.136971320337118,
            "Precipitation_accumulated": 1201.8027598925064,
            "Humidity": 84.19457049566195,
            "Wind_Speed_kmh": 1.4918171301383194,
            "Soil_Moisture": 39267.54234658373,
            "Soil_Temperature": 16.135725635535913,
            "Wind_Dir_Sin": 0.6145026235849317,
            "Wind_Dir_Cos": 0.37239286435086605
        },
        "RMSE": {
            "Temperature": 3.483815626627953,
            "Precipitation_accumulated": 34.66702698375657,
            "Humidity": 9.175759941043681,
            "Wind_Speed_kmh": 1.2213996602825463,
            "Soil_Moisture": 198.1603955047116,
            "Soil_Temperature": 4.016929876850717,
            "Wind_Dir_Sin": 0.7839021773059006,
            "Wind_Dir_Cos": 0.6102400055313205
        },
        "MAE": {
            "Temperature": 2.7509882426708083,
            "Precipitation_accumulated": 29.76609775202863,
            "Humidity": 7.431198781428378,
            "Wind_Speed_kmh": 0.9458851818190562,
            "Soil_Moisture": 153.1398440088652,
            "Soil_Temperature": 3.3154342263558796,
            "Wind_Dir_Sin": 0.6807128077607519,
            "Wind_Dir_Cos": 0.5149483231134095
        },
        "R2": {
            "Temperature": 0.6027089387314979,
            "Precipitation_accumulated": -356.92191008787813,
            "Humidity": 0.4260586327894855,
            "Wind_Speed_kmh": -0.10691193987009995,
            "Soil_Moisture": 0.27257046053326506,
            "Soil_Temperature": -0.0004923868302881829,
            "Wind_Dir_Sin": -0.11304797509053066,
            "Wind_Dir_Cos": -0.01659362327049818
        },
        "SMAPE": {
            "Temperature": 43.98356001925998,
            "Precipitation_accumulated": 6.689197811852831,
            "Humidity": 8.788179802178496,
            "Wind_Speed_kmh": 79.8647782161773,
            "Soil_Moisture": 1.8034431014766186,
            "Soil_Temperature": 75.94030028548325,
            "Wind_Dir_Sin": 138.87820654478668,
            "Wind_Dir_Cos": 122.8359518689088
        }
    }
}