{
    "trial_number": 30,
    "input_chunk_length": 53,
    "hidden_size": 151,
    "layer_size": 4,
    "dropout": 0.3418604863267343,
    "batch_size": 46,
    "lr": 0.0022686472461165928,
    "overall_smape_val": 52.72176555434982,
    "metrics": {
        "MSE": {
            "Temperature": 1.8669441600761527,
            "Precipitation_accumulated": 158.6406770749734,
            "Humidity": 7.560873400514145,
            "Wind_Speed_kmh": 0.18212560872266276,
            "Soil_Moisture": 51836.89988075636,
            "Soil_Temperature": 2.9326366140215443,
            "Wind_Dir_Sin": 0.0753298315742121,
            "Wind_Dir_Cos": 0.0773036503675176
        },
        "RMSE": {
            "Temperature": 1.3663616505435714,
            "Precipitation_accumulated": 12.595264073252828,
            "Humidity": 2.7497042387344397,
            "Wind_Speed_kmh": 0.4267617704559099,
            "Soil_Moisture": 227.67718348740254,
            "Soil_Temperature": 1.7124942668580074,
            "Wind_Dir_Sin": 0.2744628054476819,
            "Wind_Dir_Cos": 0.27803534014135256
        },
        "MAE": {
            "Temperature": 1.1912433807873861,
            "Precipitation_accumulated": 9.892984733391431,
            "Humidity": 1.9564789281615302,
            "Wind_Speed_kmh": 0.29547779737238755,
            "Soil_Moisture": 143.39791252380058,
            "Soil_Temperature": 1.3632375640237369,
            "Wind_Dir_Sin": 0.13030401527216032,
            "Wind_Dir_Cos": 0.1476660349470165
        },
        "R2": {
            "Temperature": 0.4516000775841099,
            "Precipitation_accumulated": -166.14086418299019,
            "Humidity": 0.883730113290777,
            "Wind_Speed_kmh": 0.4648213553504099,
            "Soil_Moisture": 0.9299473111433036,
            "Soil_Temperature": 0.47745403533160313,
            "Wind_Dir_Sin": 0.531002945328213,
            "Wind_Dir_Cos": 0.7307365218654296
        },
        "SMAPE": {
            "Temperature": 19.670050605079247,
            "Precipitation_accumulated": 2.1875327863042493,
            "Humidity": 2.3074671923839314,
            "Wind_Speed_kmh": 173.69512859747297,
            "Soil_Moisture": 2.287914024346635,
            "Soil_Temperature": 27.82778190869013,
            "Wind_Dir_Sin": 158.7416574365091,
            "Wind_Dir_Cos": 35.05659188401236
        }
    }
}