{
    "trial_number": 19,
    "input_chunk_length": 62,
    "output_chunk_length": 10,
    "hidden_size": 80,
    "layer_size": 2,
    "dropout": 0.4796837884477276,
    "batch_size": 204,
    "lr": 0.0009234058805141233,
    "loss_function": "smoothl1",
    "optimizer": "AdamW",
    "overall_mae_val": 0.14090162184993887,
    "metrics": {
        "MSE": {
            "Temperature": 14.116869894803672,
            "Precipitation_accumulated": 1120.0200581149695,
            "Humidity": 92.8965203560934,
            "Wind_Speed_kmh": 1.9210184851106533,
            "Soil_Moisture": 199420.89631582407,
            "Soil_Temperature": 15.60022170055659,
            "Wind_Dir_Sin": 0.5834112457391268,
            "Wind_Dir_Cos": 0.42705228930217154
        },
        "RMSE": {
            "Temperature": 3.757242325802752,
            "Precipitation_accumulated": 33.46670073543207,
            "Humidity": 9.638284098121066,
            "Wind_Speed_kmh": 1.3860081114880436,
            "Soil_Moisture": 446.5656685369175,
            "Soil_Temperature": 3.9497115971367567,
            "Wind_Dir_Sin": 0.7638136197654025,
            "Wind_Dir_Cos": 0.6534923789166722
        },
        "MAE": {
            "Temperature": 2.9545446746915647,
            "Precipitation_accumulated": 26.240409895640244,
            "Humidity": 7.685200978289871,
            "Wind_Speed_kmh": 1.0578943130124636,
            "Soil_Moisture": 357.76082057941346,
            "Soil_Temperature": 3.249648522805607,
            "Wind_Dir_Sin": 0.6916623793266797,
            "Wind_Dir_Cos": 0.5431686338136232
        },
        "R2": {
            "Temperature": 0.5366613719148637,
            "Precipitation_accumulated": -348.9856570125768,
            "Humidity": 0.36828964861483326,
            "Wind_Speed_kmh": -0.4222927585935963,
            "Soil_Moisture": -3.1919939767327152,
            "Soil_Temperature": 0.02546658492210374,
            "Wind_Dir_Sin": -0.06546823119402156,
            "Wind_Dir_Cos": -0.1603437210765195
        },
        "SMAPE": {
            "Temperature": 44.271367627328445,
            "Precipitation_accumulated": 5.872960562901581,
            "Humidity": 9.093187758075477,
            "Wind_Speed_kmh": 90.84266894672153,
            "Soil_Moisture": 4.2829835113781245,
            "Soil_Temperature": 68.11125102957158,
            "Wind_Dir_Sin": 158.0658617662931,
            "Wind_Dir_Cos": 115.83298028118668
        }
    }
}