{
    "trial_number": 22,
    "input_chunk_length": 67,
    "hidden_size": 224,
    "layer_size": 3,
    "dropout": 0.13212460291268513,
    "batch_size": 56,
    "lr": 0.008955281115893835,
    "overall_smape_val": 46.32920356372071,
    "metrics": {
        "MSE": {
            "Temperature": 0.5091758606160649,
            "Precipitation_accumulated": 42.07262246329164,
            "Humidity": 5.275624682216958,
            "Wind_Speed_kmh": 0.10570090939565617,
            "Soil_Moisture": 19707.510883742874,
            "Soil_Temperature": 0.8928642430795406,
            "Wind_Dir_Sin": 0.050091247293455814,
            "Wind_Dir_Cos": 0.04330963347587744
        },
        "RMSE": {
            "Temperature": 0.7135655965754409,
            "Precipitation_accumulated": 6.486341223162071,
            "Humidity": 2.29687280497135,
            "Wind_Speed_kmh": 0.3251167627109623,
            "Soil_Moisture": 140.38344234183344,
            "Soil_Temperature": 0.9449149396001423,
            "Wind_Dir_Sin": 0.22381073989747635,
            "Wind_Dir_Cos": 0.20810966694480446
        },
        "MAE": {
            "Temperature": 0.47007334546430046,
            "Precipitation_accumulated": 5.298986708991449,
            "Humidity": 1.7819263072167684,
            "Wind_Speed_kmh": 0.2240164893530462,
            "Soil_Moisture": 50.35444171402407,
            "Soil_Temperature": 0.5887601985126003,
            "Wind_Dir_Sin": 0.12202328223322044,
            "Wind_Dir_Cos": 0.08779670674386982
        },
        "R2": {
            "Temperature": 0.8504336613653704,
            "Precipitation_accumulated": -43.32693182238442,
            "Humidity": 0.9188722979966792,
            "Wind_Speed_kmh": 0.6893964016079785,
            "Soil_Moisture": 0.9733671548403822,
            "Soil_Temperature": 0.8409067782257154,
            "Wind_Dir_Sin": 0.6881362010968678,
            "Wind_Dir_Cos": 0.8491442190503808
        },
        "SMAPE": {
            "Temperature": 8.683397236101095,
            "Precipitation_accumulated": 1.1614838822156182,
            "Humidity": 2.133881048815975,
            "Wind_Speed_kmh": 171.32107666805453,
            "Soil_Moisture": 0.7979285529131158,
            "Soil_Temperature": 16.45674755893976,
            "Wind_Dir_Sin": 143.91458820734866,
            "Wind_Dir_Cos": 26.164525355377307
        }
    }
}