{
    "trial_number": 49,
    "input_chunk_length": 43,
    "hidden_size": 115,
    "layer_size": 3,
    "dropout": 0.21448430209787864,
    "batch_size": 46,
    "lr": 0.002045653072635162,
    "overall_smape_val": 45.147420764017916,
    "metrics": {
        "MSE": {
            "Temperature": 1.0929531627182802,
            "Precipitation_accumulated": 60.88787115551768,
            "Humidity": 5.352995499179607,
            "Wind_Speed_kmh": 0.08512070174332027,
            "Soil_Moisture": 28956.554867457868,
            "Soil_Temperature": 0.5218810429098021,
            "Wind_Dir_Sin": 0.05596723359484677,
            "Wind_Dir_Cos": 0.04690887545255428
        },
        "RMSE": {
            "Temperature": 1.045444002669813,
            "Precipitation_accumulated": 7.803068060418138,
            "Humidity": 2.3136541442444694,
            "Wind_Speed_kmh": 0.29175452308973765,
            "Soil_Moisture": 170.16625654770064,
            "Soil_Temperature": 0.7224133462982271,
            "Wind_Dir_Sin": 0.23657394952709135,
            "Wind_Dir_Cos": 0.2165845688237144
        },
        "MAE": {
            "Temperature": 0.7404224021560272,
            "Precipitation_accumulated": 6.915880462931802,
            "Humidity": 1.8123988733064844,
            "Wind_Speed_kmh": 0.13284504043722556,
            "Soil_Moisture": 77.03292454906268,
            "Soil_Temperature": 0.5243706416184969,
            "Wind_Dir_Sin": 0.12124015049625962,
            "Wind_Dir_Cos": 0.11919338300594098
        },
        "R2": {
            "Temperature": 0.6789537456682914,
            "Precipitation_accumulated": -63.150327588341156,
            "Humidity": 0.9176825021032265,
            "Wind_Speed_kmh": 0.7498716292008003,
            "Soil_Moisture": 0.9608679428523286,
            "Soil_Temperature": 0.9070096746028528,
            "Wind_Dir_Sin": 0.6515528155900359,
            "Wind_Dir_Cos": 0.8366073671852949
        },
        "SMAPE": {
            "Temperature": 13.102892386698683,
            "Precipitation_accumulated": 1.5177200486525337,
            "Humidity": 2.149196107082956,
            "Wind_Speed_kmh": 154.50396468537954,
            "Soil_Moisture": 1.237105150430413,
            "Soil_Temperature": 15.658998614918739,
            "Wind_Dir_Sin": 144.1657813418843,
            "Wind_Dir_Cos": 28.843707777096334
        }
    }
}