{
    "trial_number": 52,
    "input_chunk_length": 25,
    "output_chunk_length": 1,
    "hidden_size": 190,
    "layer_size": 1,
    "dropout": 0.3950656629371283,
    "batch_size": 159,
    "lr": 0.0020337829175558026,
    "loss_function": "smoothl1",
    "optimizer": "AdamW",
    "overall_mae_val": 0.08737346302081422,
    "metrics": {
        "MSE": {
            "Temperature": 2.5026700564397135,
            "Precipitation_accumulated": 324.795310480529,
            "Humidity": 27.871825684050897,
            "Wind_Speed_kmh": 0.529708107141957,
            "Soil_Moisture": 9074.945519241151,
            "Soil_Temperature": 1.5255288438367351,
            "Wind_Dir_Sin": 0.3713869772667364,
            "Wind_Dir_Cos": 0.31136499429263376
        },
        "RMSE": {
            "Temperature": 1.5819829507424261,
            "Precipitation_accumulated": 18.022078417333805,
            "Humidity": 5.2793773954938,
            "Wind_Speed_kmh": 0.7278104884803166,
            "Soil_Moisture": 95.26250846603375,
            "Soil_Temperature": 1.2351230075732276,
            "Wind_Dir_Sin": 0.6094152748879342,
            "Wind_Dir_Cos": 0.5580008909425089
        },
        "MAE": {
            "Temperature": 1.2404024548233121,
            "Precipitation_accumulated": 15.359529450764494,
            "Humidity": 4.302276696462801,
            "Wind_Speed_kmh": 0.5494213534537897,
            "Soil_Moisture": 76.50293705596927,
            "Soil_Temperature": 1.0301834115650625,
            "Wind_Dir_Sin": 0.48946678756175915,
            "Wind_Dir_Cos": 0.4543884296282361
        },
        "R2": {
            "Temperature": 0.9179907754134942,
            "Precipitation_accumulated": -93.06084952969363,
            "Humidity": 0.8098458989133909,
            "Wind_Speed_kmh": 0.6077229215609434,
            "Soil_Moisture": 0.8434516618921079,
            "Soil_Temperature": 0.9056521242124822,
            "Wind_Dir_Sin": 0.324594549888539,
            "Wind_Dir_Cos": 0.15344901546841272
        },
        "SMAPE": {
            "Temperature": 23.34252128366204,
            "Precipitation_accumulated": 3.3747944501934093,
            "Humidity": 4.994272843198025,
            "Wind_Speed_kmh": 56.884942234408044,
            "Soil_Moisture": 0.8926763936094926,
            "Soil_Temperature": 25.770149520206605,
            "Wind_Dir_Sin": 98.34881304191492,
            "Wind_Dir_Cos": 111.94407383290886
        }
    }
}