{
    "trial_number": 23,
    "input_chunk_length": 58,
    "hidden_size": 192,
    "layer_size": 3,
    "dropout": 0.24670321282963753,
    "batch_size": 50,
    "lr": 0.004678381806076024,
    "overall_smape_val": 48.753289994165094,
    "metrics": {
        "MSE": {
            "Temperature": 1.2734698983786052,
            "Precipitation_accumulated": 120.5529003482782,
            "Humidity": 25.300797914716828,
            "Wind_Speed_kmh": 0.12897888168383168,
            "Soil_Moisture": 45315.69148704603,
            "Soil_Temperature": 0.6779712948465387,
            "Wind_Dir_Sin": 0.056606647791887725,
            "Wind_Dir_Cos": 0.050511123070247056
        },
        "RMSE": {
            "Temperature": 1.128481235279792,
            "Precipitation_accumulated": 10.979658480493745,
            "Humidity": 5.029989852347302,
            "Wind_Speed_kmh": 0.3591362995908819,
            "Soil_Moisture": 212.87482586498112,
            "Soil_Temperature": 0.8233901231169455,
            "Wind_Dir_Sin": 0.23792151603393866,
            "Wind_Dir_Cos": 0.22474679768630088
        },
        "MAE": {
            "Temperature": 0.8904631168540488,
            "Precipitation_accumulated": 10.276865994650604,
            "Humidity": 4.377724337077477,
            "Wind_Speed_kmh": 0.24286851405251425,
            "Soil_Moisture": 116.2909120835778,
            "Soil_Temperature": 0.6235306879089304,
            "Wind_Dir_Sin": 0.12676810261937801,
            "Wind_Dir_Cos": 0.12294450417388082
        },
        "R2": {
            "Temperature": 0.6259283976434988,
            "Precipitation_accumulated": -126.01229164859511,
            "Humidity": 0.6109284269993158,
            "Wind_Speed_kmh": 0.6209937549579563,
            "Soil_Moisture": 0.9387601102039175,
            "Soil_Temperature": 0.8791970465794423,
            "Wind_Dir_Sin": 0.6475718777748212,
            "Wind_Dir_Cos": 0.8240600460946277
        },
        "SMAPE": {
            "Temperature": 15.188344444025574,
            "Precipitation_accumulated": 2.2632660209515825,
            "Humidity": 5.295454546728666,
            "Wind_Speed_kmh": 172.79899956938056,
            "Soil_Moisture": 1.8680529617021462,
            "Soil_Temperature": 17.04195039698935,
            "Wind_Dir_Sin": 143.86545530983793,
            "Wind_Dir_Cos": 31.704796703704975
        }
    }
}