{
    "trial_number": 29,
    "input_chunk_length": 23,
    "training_length": 33,
    "hidden_size": 227,
    "layer_size": 4,
    "dropout": 0.21987896533423715,
    "batch_size": 52,
    "lr": 0.00017329867688224473,
    "forecast_horizon": 14,
    "overall_smape_val": 55.656099679913034,
    "metrics": {
        "MSE": {
            "Temperature": 3.772258332202162,
            "Precipitation_accumulated": 120.33202528068604,
            "Humidity": 16.44078215787447,
            "Wind_Speed_kmh": 0.17654580863029862,
            "Soil_Moisture": 135763.82993232945,
            "Soil_Temperature": 2.7419479612993074,
            "Wind_Dir_Sin": 0.11411260642711957,
            "Wind_Dir_Cos": 0.13073367080029416
        },
        "RMSE": {
            "Temperature": 1.942230246958934,
            "Precipitation_accumulated": 10.969595493029177,
            "Humidity": 4.054723437902328,
            "Wind_Speed_kmh": 0.42017354584778255,
            "Soil_Moisture": 368.4614361535403,
            "Soil_Temperature": 1.6558828344116945,
            "Wind_Dir_Sin": 0.3378055748905272,
            "Wind_Dir_Cos": 0.3615711144440249
        },
        "MAE": {
            "Temperature": 1.745669531605077,
            "Precipitation_accumulated": 8.606687555858498,
            "Humidity": 2.440656264643667,
            "Wind_Speed_kmh": 0.20045067600145908,
            "Soil_Moisture": 154.90962711269714,
            "Soil_Temperature": 1.5233086486922367,
            "Wind_Dir_Sin": 0.2240694649149866,
            "Wind_Dir_Cos": 0.1942912358599847
        },
        "R2": {
            "Temperature": -0.11207359810364381,
            "Precipitation_accumulated": -125.5366825192716,
            "Humidity": 0.7475815587894847,
            "Wind_Speed_kmh": 0.4855572246910448,
            "Soil_Moisture": 0.8179859107776613,
            "Soil_Temperature": 0.5096864059315407,
            "Wind_Dir_Sin": 0.295173737463992,
            "Wind_Dir_Cos": 0.5476915343772656
        },
        "SMAPE": {
            "Temperature": 35.36780824636449,
            "Precipitation_accumulated": 1.9012088512692713,
            "Humidity": 2.8901971592003934,
            "Wind_Speed_kmh": 165.51866619588876,
            "Soil_Moisture": 2.3909744897491567,
            "Soil_Temperature": 34.95233408448755,
            "Wind_Dir_Sin": 156.9366453423982,
            "Wind_Dir_Cos": 45.29096306994638
        }
    }
}