{
    "trial_number": 3,
    "input_chunk_length": 49,
    "output_chunk_length": 21,
    "hidden_size": 237,
    "layer_size": 1,
    "dropout": 0.17642650116881478,
    "batch_size": 107,
    "lr": 5.7835751619463104e-05,
    "loss_function": "smoothl1",
    "optimizer": "AdamW",
    "overall_mae_val": 0.15742939777599796,
    "metrics": {
        "MSE": {
            "Temperature": 40.70638247631545,
            "Precipitation_accumulated": 6632.303308801549,
            "Humidity": 159.8993709209672,
            "Wind_Speed_kmh": 1.3615755166284584,
            "Soil_Moisture": 103096.68118889848,
            "Soil_Temperature": 16.031251150693482,
            "Wind_Dir_Sin": 0.5708766627595969,
            "Wind_Dir_Cos": 0.3978378939469904
        },
        "RMSE": {
            "Temperature": 6.3801553645906965,
            "Precipitation_accumulated": 81.4389544923162,
            "Humidity": 12.645132301441816,
            "Wind_Speed_kmh": 1.1668656806284339,
            "Soil_Moisture": 321.0867191101159,
            "Soil_Temperature": 4.003904488208164,
            "Wind_Dir_Sin": 0.7555638045589511,
            "Wind_Dir_Cos": 0.6307439210543296
        },
        "MAE": {
            "Temperature": 5.583637480647403,
            "Precipitation_accumulated": 67.77697271857338,
            "Humidity": 10.375582699221848,
            "Wind_Speed_kmh": 0.9481508368505095,
            "Soil_Moisture": 249.34170707274922,
            "Soil_Temperature": 3.265184225952504,
            "Wind_Dir_Sin": 0.6707047449137232,
            "Wind_Dir_Cos": 0.5235284591572852
        },
        "R2": {
            "Temperature": -0.33406845869470714,
            "Precipitation_accumulated": -2063.9307720785832,
            "Humidity": -0.08712022896453875,
            "Wind_Speed_kmh": -0.009312968983509862,
            "Soil_Moisture": -1.1471033398824164,
            "Soil_Temperature": 8.838143953049382e-05,
            "Wind_Dir_Sin": -0.043189236710312606,
            "Wind_Dir_Cos": -0.07936230652678966
        },
        "SMAPE": {
            "Temperature": 107.73735440831145,
            "Precipitation_accumulated": 16.295897049064425,
            "Humidity": 12.031678969372248,
            "Wind_Speed_kmh": 74.70321594988485,
            "Soil_Moisture": 2.970776851536401,
            "Soil_Temperature": 75.6578671120679,
            "Wind_Dir_Sin": 140.6158916012195,
            "Wind_Dir_Cos": 117.30335302588843
        }
    }
}