{
    "trial_number": 21,
    "input_chunk_length": 72,
    "hidden_size": 234,
    "layer_size": 3,
    "dropout": 0.19586628236752485,
    "batch_size": 63,
    "lr": 0.005382861542767352,
    "overall_smape_val": 47.6607520219238,
    "metrics": {
        "MSE": {
            "Temperature": 2.3395933028957336,
            "Precipitation_accumulated": 198.97648205201384,
            "Humidity": 13.541613208776209,
            "Wind_Speed_kmh": 0.09411852904041164,
            "Soil_Moisture": 26679.737006036714,
            "Soil_Temperature": 1.847949595857046,
            "Wind_Dir_Sin": 0.04971833462542894,
            "Wind_Dir_Cos": 0.046349056392423135
        },
        "RMSE": {
            "Temperature": 1.5295729151942163,
            "Precipitation_accumulated": 14.105902383471035,
            "Humidity": 3.6798930974657686,
            "Wind_Speed_kmh": 0.30678743298970323,
            "Soil_Moisture": 163.33933086074742,
            "Soil_Temperature": 1.3593930983556766,
            "Wind_Dir_Sin": 0.22297608532178723,
            "Wind_Dir_Cos": 0.21528830992978493
        },
        "MAE": {
            "Temperature": 1.3579799515426652,
            "Precipitation_accumulated": 13.439496889912004,
            "Humidity": 3.0231536237184984,
            "Wind_Speed_kmh": 0.1601996149505158,
            "Soil_Moisture": 78.92127971694924,
            "Soil_Temperature": 1.1800930522566846,
            "Wind_Dir_Sin": 0.1135714905121959,
            "Wind_Dir_Cos": 0.09955171499024415
        },
        "R2": {
            "Temperature": 0.312763170302629,
            "Precipitation_accumulated": -208.63791743367034,
            "Humidity": 0.7917592650688396,
            "Wind_Speed_kmh": 0.7234313880319634,
            "Soil_Moisture": 0.9639448477906332,
            "Soil_Temperature": 0.6707268129952495,
            "Wind_Dir_Sin": 0.6904579233057129,
            "Wind_Dir_Cos": 0.838557324613441
        },
        "SMAPE": {
            "Temperature": 21.203125330510645,
            "Precipitation_accumulated": 2.879590727734152,
            "Humidity": 3.681262482880118,
            "Wind_Speed_kmh": 158.34402525488667,
            "Soil_Moisture": 1.258733628037537,
            "Soil_Temperature": 23.916914709882008,
            "Wind_Dir_Sin": 143.74014265703354,
            "Wind_Dir_Cos": 26.262221384426073
        }
    }
}