{
    "trial_number": 23,
    "input_chunk_length": 35,
    "output_chunk_length": 12,
    "hidden_size": 215,
    "layer_size": 1,
    "dropout": 0.38301919205038126,
    "batch_size": 234,
    "lr": 0.0023551919239462706,
    "loss_function": "huber",
    "optimizer": "Adam",
    "overall_mae_val": 0.1344784931252601,
    "metrics": {
        "MSE": {
            "Temperature": 8.868825461432133,
            "Precipitation_accumulated": 1406.8511829646684,
            "Humidity": 79.61773999758594,
            "Wind_Speed_kmh": 1.3320050650730644,
            "Soil_Moisture": 81308.9688241119,
            "Soil_Temperature": 16.587499270790698,
            "Wind_Dir_Sin": 0.6132337093878325,
            "Wind_Dir_Cos": 0.38241141869152073
        },
        "RMSE": {
            "Temperature": 2.9780573301117177,
            "Precipitation_accumulated": 37.50801491634379,
            "Humidity": 8.922877338481458,
            "Wind_Speed_kmh": 1.1541252380366112,
            "Soil_Moisture": 285.1472756736629,
            "Soil_Temperature": 4.0727753769132296,
            "Wind_Dir_Sin": 0.7830924015643572,
            "Wind_Dir_Cos": 0.6183942259526044
        },
        "MAE": {
            "Temperature": 2.3663542402635436,
            "Precipitation_accumulated": 32.872001929201,
            "Humidity": 7.274886153736816,
            "Wind_Speed_kmh": 0.9286645698855314,
            "Soil_Moisture": 237.09219008092825,
            "Soil_Temperature": 3.4528835002503415,
            "Wind_Dir_Sin": 0.6905607153788313,
            "Wind_Dir_Cos": 0.5326591840762753
        },
        "R2": {
            "Temperature": 0.7094282154452285,
            "Precipitation_accumulated": -420.0289804088713,
            "Humidity": 0.45712066694868025,
            "Wind_Speed_kmh": 0.010852491161171485,
            "Soil_Moisture": -0.5217340269272723,
            "Soil_Temperature": -0.029562270677511382,
            "Wind_Dir_Sin": -0.11385374707363982,
            "Wind_Dir_Cos": -0.04217823093100792
        },
        "SMAPE": {
            "Temperature": 36.94950105833484,
            "Precipitation_accumulated": 7.406864948826617,
            "Humidity": 8.600636640163938,
            "Wind_Speed_kmh": 74.90384512182371,
            "Soil_Moisture": 2.7750984085580424,
            "Soil_Temperature": 83.40309272799115,
            "Wind_Dir_Sin": 147.14029011117287,
            "Wind_Dir_Cos": 135.23862766029453
        }
    }
}