{
    "trial_number": 45,
    "input_chunk_length": 26,
    "hidden_size": 150,
    "layer_size": 3,
    "dropout": 0.25192053416524235,
    "batch_size": 49,
    "lr": 0.0035174529760855257,
    "overall_smape_val": 47.392221274010254,
    "metrics": {
        "MSE": {
            "Temperature": 0.9069107962311962,
            "Precipitation_accumulated": 21.920352685653615,
            "Humidity": 27.09834361292775,
            "Wind_Speed_kmh": 0.10654424812812836,
            "Soil_Moisture": 34605.04812542667,
            "Soil_Temperature": 1.0200362593455183,
            "Wind_Dir_Sin": 0.062448432594298914,
            "Wind_Dir_Cos": 0.047354668313343014
        },
        "RMSE": {
            "Temperature": 0.9523186421735091,
            "Precipitation_accumulated": 4.681917629097463,
            "Humidity": 5.20560693991851,
            "Wind_Speed_kmh": 0.3264111642210302,
            "Soil_Moisture": 186.02432132768735,
            "Soil_Temperature": 1.0099684447276154,
            "Wind_Dir_Sin": 0.24989684390623848,
            "Wind_Dir_Cos": 0.2176112780012631
        },
        "MAE": {
            "Temperature": 0.7354153204899923,
            "Precipitation_accumulated": 3.1729026959433884,
            "Humidity": 4.6275981859228885,
            "Wind_Speed_kmh": 0.18695784516370428,
            "Soil_Moisture": 100.44694387487701,
            "Soil_Temperature": 0.8024533985205274,
            "Wind_Dir_Sin": 0.13476417791775255,
            "Wind_Dir_Cos": 0.10734494529987156
        },
        "R2": {
            "Temperature": 0.7336022035757972,
            "Precipitation_accumulated": -22.094875530218353,
            "Humidity": 0.5832860603553481,
            "Wind_Speed_kmh": 0.6869182389652264,
            "Soil_Moisture": 0.9532345361165887,
            "Soil_Temperature": 0.8182468879410467,
            "Wind_Dir_Sin": 0.6112014278600602,
            "Wind_Dir_Cos": 0.8350545849343552
        },
        "SMAPE": {
            "Temperature": 12.650031907208117,
            "Precipitation_accumulated": 0.6899277425039825,
            "Humidity": 5.50983914809924,
            "Wind_Speed_kmh": 159.41302443994434,
            "Soil_Moisture": 1.6203667495203722,
            "Soil_Temperature": 20.51819330007163,
            "Wind_Dir_Sin": 149.0910843536612,
            "Wind_Dir_Cos": 29.64530255107363
        }
    }
}