{
    "trial_number": 40,
    "input_chunk_length": 47,
    "hidden_size": 118,
    "layer_size": 3,
    "dropout": 0.3770066946615118,
    "batch_size": 45,
    "lr": 0.003624073810739324,
    "overall_smape_val": 46.07753499050935,
    "metrics": {
        "MSE": {
            "Temperature": 1.0615236050750585,
            "Precipitation_accumulated": 19.033839559802455,
            "Humidity": 4.074032226749149,
            "Wind_Speed_kmh": 0.0990067483690919,
            "Soil_Moisture": 40572.96732284806,
            "Soil_Temperature": 1.0046432755343182,
            "Wind_Dir_Sin": 0.052251026170676514,
            "Wind_Dir_Cos": 0.04420472958174423
        },
        "RMSE": {
            "Temperature": 1.0303026764378798,
            "Precipitation_accumulated": 4.362778880461678,
            "Humidity": 2.018423203084316,
            "Wind_Speed_kmh": 0.3146533781307487,
            "Soil_Moisture": 201.42732516430848,
            "Soil_Temperature": 1.0023189490049154,
            "Wind_Dir_Sin": 0.2285848336409844,
            "Wind_Dir_Cos": 0.2102492082785194
        },
        "MAE": {
            "Temperature": 0.8246188473552976,
            "Precipitation_accumulated": 3.051892188153606,
            "Humidity": 1.3835450804181277,
            "Wind_Speed_kmh": 0.16820621481173,
            "Soil_Moisture": 128.65310985485888,
            "Soil_Temperature": 0.8285491881212229,
            "Wind_Dir_Sin": 0.13419490000353523,
            "Wind_Dir_Cos": 0.08657920210041868
        },
        "R2": {
            "Temperature": 0.6881859269738134,
            "Precipitation_accumulated": -19.053699034846364,
            "Humidity": 0.9373501921852526,
            "Wind_Speed_kmh": 0.709067287269743,
            "Soil_Moisture": 0.945169455303103,
            "Soil_Temperature": 0.8209896558435856,
            "Wind_Dir_Sin": 0.6746896035007885,
            "Wind_Dir_Cos": 0.8460264272050467
        },
        "SMAPE": {
            "Temperature": 14.225403394492988,
            "Precipitation_accumulated": 0.6650196740214658,
            "Humidity": 1.6420559074169192,
            "Wind_Speed_kmh": 161.46128068232983,
            "Soil_Moisture": 2.145378967618823,
            "Soil_Temperature": 20.706255163786647,
            "Wind_Dir_Sin": 143.03536297685073,
            "Wind_Dir_Cos": 24.73952315755691
        }
    }
}