{
    "trial_number": 26,
    "input_chunk_length": 62,
    "hidden_size": 138,
    "layer_size": 4,
    "dropout": 0.2992954238588488,
    "batch_size": 60,
    "lr": 0.001078751425688116,
    "overall_smape_val": 47.395543025905134,
    "metrics": {
        "MSE": {
            "Temperature": 1.1380160496976843,
            "Precipitation_accumulated": 54.66030096526359,
            "Humidity": 5.091196534471516,
            "Wind_Speed_kmh": 0.12339193004255113,
            "Soil_Moisture": 39250.93502852911,
            "Soil_Temperature": 0.47543127781532624,
            "Wind_Dir_Sin": 0.048991631325192714,
            "Wind_Dir_Cos": 0.04345915709673328
        },
        "RMSE": {
            "Temperature": 1.066778350782244,
            "Precipitation_accumulated": 7.393260509765876,
            "Humidity": 2.256367996243413,
            "Wind_Speed_kmh": 0.35127187482426075,
            "Soil_Moisture": 198.11848734666108,
            "Soil_Temperature": 0.6895152484284348,
            "Wind_Dir_Sin": 0.22134053249505098,
            "Wind_Dir_Cos": 0.20846859978599483
        },
        "MAE": {
            "Temperature": 0.7996704267721544,
            "Precipitation_accumulated": 6.473593103030084,
            "Humidity": 1.5098439785957127,
            "Wind_Speed_kmh": 0.21640838190766876,
            "Soil_Moisture": 97.56163326217793,
            "Soil_Temperature": 0.49157898836774366,
            "Wind_Dir_Sin": 0.1126448601771221,
            "Wind_Dir_Cos": 0.09365491905438926
        },
        "R2": {
            "Temperature": 0.6657168828569617,
            "Precipitation_accumulated": -56.589075565523714,
            "Humidity": 0.9217084041855351,
            "Wind_Speed_kmh": 0.6374110903786794,
            "Soil_Moisture": 0.9469560574568867,
            "Soil_Temperature": 0.9152862326986847,
            "Wind_Dir_Sin": 0.6949823155724776,
            "Wind_Dir_Cos": 0.8486233995286181
        },
        "SMAPE": {
            "Temperature": 14.290335567791596,
            "Precipitation_accumulated": 1.4208470193740275,
            "Humidity": 1.7911086939134693,
            "Wind_Speed_kmh": 171.69920709014076,
            "Soil_Moisture": 1.57762132932527,
            "Soil_Temperature": 15.808661899598361,
            "Wind_Dir_Sin": 144.9669876084054,
            "Wind_Dir_Cos": 27.609574998692295
        }
    }
}