{
    "trial_number": 17,
    "input_chunk_length": 13,
    "training_length": 17,
    "hidden_size": 106,
    "layer_size": 2,
    "dropout": 0.2877418239923274,
    "batch_size": 49,
    "lr": 0.0008670324503646439,
    "forecast_horizon": 3,
    "overall_smape_val": 49.83259322122771,
    "metrics": {
        "MSE": {
            "Temperature": 1.4562194721659225,
            "Precipitation_accumulated": 141.32623543172562,
            "Humidity": 15.667874332458155,
            "Wind_Speed_kmh": 0.12481976422856683,
            "Soil_Moisture": 50473.45197724604,
            "Soil_Temperature": 1.1152480398639415,
            "Wind_Dir_Sin": 0.07211398530213296,
            "Wind_Dir_Cos": 0.07425446762587994
        },
        "RMSE": {
            "Temperature": 1.2067391897862283,
            "Precipitation_accumulated": 11.888071140085158,
            "Humidity": 3.9582665817827576,
            "Wind_Speed_kmh": 0.35329840677332075,
            "Soil_Moisture": 224.66297420190546,
            "Soil_Temperature": 1.0560530478455812,
            "Wind_Dir_Sin": 0.268540472372663,
            "Wind_Dir_Cos": 0.27249672956914534
        },
        "MAE": {
            "Temperature": 0.9928931929078264,
            "Precipitation_accumulated": 10.046620784054063,
            "Humidity": 3.4736401966058565,
            "Wind_Speed_kmh": 0.15905342248735982,
            "Soil_Moisture": 157.76758579918842,
            "Soil_Temperature": 0.8938540563551514,
            "Wind_Dir_Sin": 0.15375920072867402,
            "Wind_Dir_Cos": 0.15448909318573628
        },
        "R2": {
            "Temperature": 0.5720427923960782,
            "Precipitation_accumulated": -147.87434132528665,
            "Humidity": 0.7590664486773719,
            "Wind_Speed_kmh": 0.6334710675130955,
            "Soil_Moisture": 0.9318341530574603,
            "Soil_Temperature": 0.8012167156334209,
            "Wind_Dir_Sin": 0.5513210096472962,
            "Wind_Dir_Cos": 0.7415024493074918
        },
        "SMAPE": {
            "Temperature": 16.451559504391316,
            "Precipitation_accumulated": 2.1534025589659374,
            "Humidity": 4.170823565008539,
            "Wind_Speed_kmh": 162.34894069985083,
            "Soil_Moisture": 2.624290156655865,
            "Soil_Temperature": 20.029838924533625,
            "Wind_Dir_Sin": 151.39104758062277,
            "Wind_Dir_Cos": 39.49084277979268
        }
    }
}