{
    "trial_number": 43,
    "input_chunk_length": 24,
    "output_chunk_length": 1,
    "hidden_size": 182,
    "layer_size": 1,
    "dropout": 0.4017136516252446,
    "batch_size": 220,
    "lr": 0.001799984175490823,
    "loss_function": "smoothl1",
    "optimizer": "RMSprop",
    "overall_mae_val": 0.10042113140262127,
    "metrics": {
        "MSE": {
            "Temperature": 2.313027362197183,
            "Precipitation_accumulated": 4581.189711180642,
            "Humidity": 36.954184242251486,
            "Wind_Speed_kmh": 0.5434222346425533,
            "Soil_Moisture": 13972.861062465825,
            "Soil_Temperature": 1.9411071028785785,
            "Wind_Dir_Sin": 0.3741393706767351,
            "Wind_Dir_Cos": 0.3108348033522158
        },
        "RMSE": {
            "Temperature": 1.5208640183123483,
            "Precipitation_accumulated": 67.6844864882688,
            "Humidity": 6.078995331652385,
            "Wind_Speed_kmh": 0.7371717809591963,
            "Soil_Moisture": 118.20685708733578,
            "Soil_Temperature": 1.3932361978065952,
            "Wind_Dir_Sin": 0.6116693311559237,
            "Wind_Dir_Cos": 0.5575256077995124
        },
        "MAE": {
            "Temperature": 1.1975956960333496,
            "Precipitation_accumulated": 58.255021005682686,
            "Humidity": 4.902128892640078,
            "Wind_Speed_kmh": 0.5581043933609232,
            "Soil_Moisture": 94.41779922457825,
            "Soil_Temperature": 1.124058880397831,
            "Wind_Dir_Sin": 0.48810018522803444,
            "Wind_Dir_Cos": 0.45243029410659164
        },
        "R2": {
            "Temperature": 0.9242442079520481,
            "Precipitation_accumulated": -1323.7162065941225,
            "Humidity": 0.7478997706974243,
            "Wind_Speed_kmh": 0.5977482547103063,
            "Soil_Moisture": 0.7596909833582757,
            "Soil_Temperature": 0.8800171033833065,
            "Wind_Dir_Sin": 0.31932428719298944,
            "Wind_Dir_Cos": 0.15575595976444456
        },
        "SMAPE": {
            "Temperature": 23.515702565944835,
            "Precipitation_accumulated": 13.682846991005924,
            "Humidity": 5.743786774619747,
            "Wind_Speed_kmh": 57.50128948845577,
            "Soil_Moisture": 1.1056299595177215,
            "Soil_Temperature": 26.74715975202501,
            "Wind_Dir_Sin": 97.82308961910176,
            "Wind_Dir_Cos": 112.63288365423796
        }
    }
}