{
    "trial_number": 47,
    "input_chunk_length": 66,
    "training_length": 72,
    "hidden_size": 254,
    "layer_size": 2,
    "dropout": 0.15771520754479745,
    "batch_size": 26,
    "lr": 1.7995773505935423e-05,
    "forecast_horizon": 24,
    "overall_smape_val": 53.83540012453879,
    "metrics": {
        "MSE": {
            "Temperature": 1.901639743873147,
            "Precipitation_accumulated": 93.66985951637022,
            "Humidity": 27.250838783799967,
            "Wind_Speed_kmh": 0.2121355635391357,
            "Soil_Moisture": 187796.4224560554,
            "Soil_Temperature": 2.0587015040638597,
            "Wind_Dir_Sin": 0.1425273512564826,
            "Wind_Dir_Cos": 0.144050178630025
        },
        "RMSE": {
            "Temperature": 1.3789995445514647,
            "Precipitation_accumulated": 9.678319043944057,
            "Humidity": 5.220233594754163,
            "Wind_Speed_kmh": 0.46058176639890525,
            "Soil_Moisture": 433.3548458896651,
            "Soil_Temperature": 1.4348175856407182,
            "Wind_Dir_Sin": 0.37752794764955167,
            "Wind_Dir_Cos": 0.37953942961176645
        },
        "MAE": {
            "Temperature": 1.0585739078577543,
            "Precipitation_accumulated": 7.324147687039811,
            "Humidity": 4.207008848836787,
            "Wind_Speed_kmh": 0.21856398874226618,
            "Soil_Moisture": 165.6460320506647,
            "Soil_Temperature": 0.9743534026846605,
            "Wind_Dir_Sin": 0.2564488174192413,
            "Wind_Dir_Cos": 0.24321170665324268
        },
        "R2": {
            "Temperature": 0.43442807408638084,
            "Precipitation_accumulated": -97.3500353050855,
            "Humidity": 0.5814005251457948,
            "Wind_Speed_kmh": 0.3861959131876993,
            "Soil_Moisture": 0.7498920129450817,
            "Soil_Temperature": 0.6304355395314855,
            "Wind_Dir_Sin": 0.12552484973833655,
            "Wind_Dir_Cos": 0.5044269361854337
        },
        "SMAPE": {
            "Temperature": 17.672569907954518,
            "Precipitation_accumulated": 1.5721109261135342,
            "Humidity": 5.048803767345238,
            "Wind_Speed_kmh": 171.60412384134565,
            "Soil_Moisture": 2.570604896109527,
            "Soil_Temperature": 22.075764972293673,
            "Wind_Dir_Sin": 159.5109558612803,
            "Wind_Dir_Cos": 50.62826682386774
        }
    }
}