{
    "trial_number": 38,
    "input_chunk_length": 52,
    "training_length": 56,
    "hidden_size": 161,
    "layer_size": 1,
    "dropout": 0.24750038701174917,
    "batch_size": 28,
    "lr": 0.0002055051051700557,
    "forecast_horizon": 6,
    "overall_smape_val": 49.64167718797431,
    "metrics": {
        "MSE": {
            "Temperature": 0.9865760989136128,
            "Precipitation_accumulated": 52.163684698180056,
            "Humidity": 10.354883469238677,
            "Wind_Speed_kmh": 0.14448862435609555,
            "Soil_Moisture": 57699.10809702995,
            "Soil_Temperature": 1.1471833568217238,
            "Wind_Dir_Sin": 0.08686454707852334,
            "Wind_Dir_Cos": 0.09028518792694999
        },
        "RMSE": {
            "Temperature": 0.9932653718486378,
            "Precipitation_accumulated": 7.222443125299088,
            "Humidity": 3.2179004753470357,
            "Wind_Speed_kmh": 0.3801165931080825,
            "Soil_Moisture": 240.2063864617882,
            "Soil_Temperature": 1.071066457705461,
            "Wind_Dir_Sin": 0.29472792042581125,
            "Wind_Dir_Cos": 0.3004749372692338
        },
        "MAE": {
            "Temperature": 0.7770066243204612,
            "Precipitation_accumulated": 4.694108908841244,
            "Humidity": 2.087520510330835,
            "Wind_Speed_kmh": 0.18509235407924127,
            "Soil_Moisture": 101.19321364997879,
            "Soil_Temperature": 0.7705722708802556,
            "Wind_Dir_Sin": 0.16929756898068454,
            "Wind_Dir_Cos": 0.18419750912508062
        },
        "R2": {
            "Temperature": 0.7097136085182452,
            "Precipitation_accumulated": -53.92296703967408,
            "Humidity": 0.8408129350358649,
            "Wind_Speed_kmh": 0.5766020586934679,
            "Soil_Moisture": 0.9222299313657656,
            "Soil_Temperature": 0.7953215522261521,
            "Wind_Dir_Sin": 0.46061724711627716,
            "Wind_Dir_Cos": 0.6862245907779883
        },
        "SMAPE": {
            "Temperature": 12.941737355258795,
            "Precipitation_accumulated": 1.014360819924853,
            "Humidity": 2.4511006529431922,
            "Wind_Speed_kmh": 165.25145044690186,
            "Soil_Moisture": 1.6388949038970095,
            "Soil_Temperature": 18.86189518042468,
            "Wind_Dir_Sin": 153.1826987383259,
            "Wind_Dir_Cos": 41.79127940611817
        }
    }
}