{
    "trial_number": 49,
    "input_chunk_length": 60,
    "training_length": 73,
    "hidden_size": 244,
    "layer_size": 1,
    "dropout": 0.12172462715518989,
    "batch_size": 37,
    "lr": 0.00027011343114240703,
    "forecast_horizon": 6,
    "overall_smape_val": 50.0438432163366,
    "metrics": {
        "MSE": {
            "Temperature": 0.8393397870849969,
            "Precipitation_accumulated": 33.736741063065416,
            "Humidity": 8.670160472258933,
            "Wind_Speed_kmh": 0.14538636076982592,
            "Soil_Moisture": 53781.0032621923,
            "Soil_Temperature": 0.9291241075407387,
            "Wind_Dir_Sin": 0.08373664347623784,
            "Wind_Dir_Cos": 0.09222712874590153
        },
        "RMSE": {
            "Temperature": 0.9161548925181794,
            "Precipitation_accumulated": 5.8083337596134585,
            "Humidity": 2.944513622359206,
            "Wind_Speed_kmh": 0.3812956343440427,
            "Soil_Moisture": 231.90731610320597,
            "Soil_Temperature": 0.96391084003695,
            "Wind_Dir_Sin": 0.2893728450913075,
            "Wind_Dir_Cos": 0.303689197611475
        },
        "MAE": {
            "Temperature": 0.6239924187936912,
            "Precipitation_accumulated": 4.32521822726992,
            "Humidity": 1.8104493377655309,
            "Wind_Speed_kmh": 0.20379156280223173,
            "Soil_Moisture": 79.78568739243067,
            "Soil_Temperature": 0.677334803608471,
            "Wind_Dir_Sin": 0.16960182803166024,
            "Wind_Dir_Cos": 0.19242126312069752
        },
        "R2": {
            "Temperature": 0.7530358597899677,
            "Precipitation_accumulated": -34.52130046322068,
            "Humidity": 0.8667124161805334,
            "Wind_Speed_kmh": 0.5739714035044989,
            "Soil_Moisture": 0.9275109710901411,
            "Soil_Temperature": 0.8342273020351589,
            "Wind_Dir_Sin": 0.4800398690316432,
            "Wind_Dir_Cos": 0.6794756069286723
        },
        "SMAPE": {
            "Temperature": 12.21964761312478,
            "Precipitation_accumulated": 0.9392073570719044,
            "Humidity": 2.123595564619408,
            "Wind_Speed_kmh": 168.19231957846796,
            "Soil_Moisture": 1.243334433547357,
            "Soil_Temperature": 19.528299691332876,
            "Wind_Dir_Sin": 152.91020385483282,
            "Wind_Dir_Cos": 43.19413763769548
        }
    }
}