{
    "trial_number": 1,
    "input_chunk_length": 29,
    "hidden_size": 126,
    "layer_size": 4,
    "dropout": 0.28377997422418216,
    "batch_size": 16,
    "lr": 0.0021694933753209746,
    "overall_smape_val": 47.460088123721825,
    "metrics": {
        "MSE": {
            "Temperature": 0.9998016763026972,
            "Precipitation_accumulated": 32.92952131342812,
            "Humidity": 9.452944060401457,
            "Wind_Speed_kmh": 0.10358920504304434,
            "Soil_Moisture": 35440.90223456318,
            "Soil_Temperature": 0.5721192786409097,
            "Wind_Dir_Sin": 0.052499203160612296,
            "Wind_Dir_Cos": 0.04612152129071991
        },
        "RMSE": {
            "Temperature": 0.9999008332343249,
            "Precipitation_accumulated": 5.738424985431815,
            "Humidity": 3.0745640439583393,
            "Wind_Speed_kmh": 0.3218527692020753,
            "Soil_Moisture": 188.2575423045865,
            "Soil_Temperature": 0.756385667924049,
            "Wind_Dir_Sin": 0.22912704589509353,
            "Wind_Dir_Cos": 0.21475921700993397
        },
        "MAE": {
            "Temperature": 0.6630947726299259,
            "Precipitation_accumulated": 4.665650514561997,
            "Humidity": 2.456240907538874,
            "Wind_Speed_kmh": 0.1295277611562269,
            "Soil_Moisture": 90.73007295220286,
            "Soil_Temperature": 0.5347064741433982,
            "Wind_Dir_Sin": 0.10350654850719179,
            "Wind_Dir_Cos": 0.10248505522098687
        },
        "R2": {
            "Temperature": 0.70631625013717,
            "Precipitation_accumulated": -33.693930654730174,
            "Humidity": 0.8546341570939727,
            "Wind_Speed_kmh": 0.695601674338473,
            "Soil_Moisture": 0.9521049579980742,
            "Soil_Temperature": 0.8980580754760347,
            "Wind_Dir_Sin": 0.673144474899213,
            "Wind_Dir_Cos": 0.8393498731230008
        },
        "SMAPE": {
            "Temperature": 11.593061129396926,
            "Precipitation_accumulated": 1.0096672250978491,
            "Humidity": 2.97328050051466,
            "Wind_Speed_kmh": 165.6602372230474,
            "Soil_Moisture": 1.4724734535656996,
            "Soil_Temperature": 20.316857829290605,
            "Wind_Dir_Sin": 150.25051630138975,
            "Wind_Dir_Cos": 26.404611327471518
        }
    }
}