{
    "trial_number": 26,
    "input_chunk_length": 37,
    "training_length": 47,
    "hidden_size": 234,
    "layer_size": 2,
    "dropout": 0.16180695172033174,
    "batch_size": 48,
    "lr": 0.00014308258612488124,
    "forecast_horizon": 3,
    "overall_smape_val": 47.61966830720024,
    "metrics": {
        "MSE": {
            "Temperature": 0.7272838302776949,
            "Precipitation_accumulated": 45.32060953850041,
            "Humidity": 6.369476509866516,
            "Wind_Speed_kmh": 0.12130242770113302,
            "Soil_Moisture": 29363.832437690464,
            "Soil_Temperature": 0.8299922225057869,
            "Wind_Dir_Sin": 0.07645201620371503,
            "Wind_Dir_Cos": 0.06711768167655129
        },
        "RMSE": {
            "Temperature": 0.8528093751112817,
            "Precipitation_accumulated": 6.732058343367236,
            "Humidity": 2.5237821835226817,
            "Wind_Speed_kmh": 0.34828498058505625,
            "Soil_Moisture": 171.35878278538996,
            "Soil_Temperature": 0.911039089449946,
            "Wind_Dir_Sin": 0.2764995772215846,
            "Wind_Dir_Cos": 0.2590708043692907
        },
        "MAE": {
            "Temperature": 0.6073310200988773,
            "Precipitation_accumulated": 6.052162189094951,
            "Humidity": 1.6700392942381845,
            "Wind_Speed_kmh": 0.16487888498852718,
            "Soil_Moisture": 45.039081006383114,
            "Soil_Temperature": 0.67336020055602,
            "Wind_Dir_Sin": 0.1431440496003971,
            "Wind_Dir_Cos": 0.13153286582278254
        },
        "R2": {
            "Temperature": 0.7862641153409441,
            "Precipitation_accumulated": -46.74114213750673,
            "Humidity": 0.9020530441446661,
            "Wind_Speed_kmh": 0.6437996049091184,
            "Soil_Moisture": 0.960343300701994,
            "Soil_Temperature": 0.8520610894697962,
            "Wind_Dir_Sin": 0.524330637157328,
            "Wind_Dir_Cos": 0.7663473070878092
        },
        "SMAPE": {
            "Temperature": 10.194871038698626,
            "Precipitation_accumulated": 1.326626511406139,
            "Humidity": 1.9687645151952387,
            "Wind_Speed_kmh": 160.0544396551309,
            "Soil_Moisture": 0.6970254871707735,
            "Soil_Temperature": 18.417905946103673,
            "Wind_Dir_Sin": 151.91777752034722,
            "Wind_Dir_Cos": 36.37993578354972
        }
    }
}