{
    "trial_number": 22,
    "input_chunk_length": 30,
    "output_chunk_length": 16,
    "hidden_size": 255,
    "layer_size": 1,
    "dropout": 0.3372883582681666,
    "batch_size": 240,
    "lr": 0.002277370647242128,
    "loss_function": "huber",
    "optimizer": "Adam",
    "overall_mae_val": 0.13201420154470045,
    "metrics": {
        "MSE": {
            "Temperature": 10.13046114955661,
            "Precipitation_accumulated": 1737.6947387909202,
            "Humidity": 87.31991867270551,
            "Wind_Speed_kmh": 1.2933186787105386,
            "Soil_Moisture": 54478.577822126885,
            "Soil_Temperature": 15.511336638256662,
            "Wind_Dir_Sin": 0.5838251533857632,
            "Wind_Dir_Cos": 0.3612057041774557
        },
        "RMSE": {
            "Temperature": 3.182838536519974,
            "Precipitation_accumulated": 41.68566586718893,
            "Humidity": 9.344512757372934,
            "Wind_Speed_kmh": 1.1372416975781967,
            "Soil_Moisture": 233.4064648250491,
            "Soil_Temperature": 3.9384434283428096,
            "Wind_Dir_Sin": 0.7640845197919948,
            "Wind_Dir_Cos": 0.6010039136124287
        },
        "MAE": {
            "Temperature": 2.491925735851925,
            "Precipitation_accumulated": 36.894218230928594,
            "Humidity": 7.550124000894853,
            "Wind_Speed_kmh": 0.9057448336665119,
            "Soil_Moisture": 181.17885434711854,
            "Soil_Temperature": 3.2716320916558965,
            "Wind_Dir_Sin": 0.6672149533567874,
            "Wind_Dir_Cos": 0.524168250674869
        },
        "R2": {
            "Temperature": 0.6681750439758909,
            "Precipitation_accumulated": -518.1958243168061,
            "Humidity": 0.4046536629311708,
            "Wind_Speed_kmh": 0.03961635915363371,
            "Soil_Moisture": -0.016006189301739138,
            "Soil_Temperature": 0.037601305238697647,
            "Wind_Dir_Sin": -0.05949829967349474,
            "Wind_Dir_Cos": 0.0150044552874955
        },
        "SMAPE": {
            "Temperature": 38.7916643512067,
            "Precipitation_accumulated": 8.356814737778501,
            "Humidity": 8.94468850555158,
            "Wind_Speed_kmh": 74.58696808747507,
            "Soil_Moisture": 2.1311461337831066,
            "Soil_Temperature": 75.99512682322803,
            "Wind_Dir_Sin": 137.82390237340934,
            "Wind_Dir_Cos": 139.3375726641692
        }
    }
}