{
    "trial_number": 56,
    "input_chunk_length": 32,
    "output_chunk_length": 1,
    "hidden_size": 161,
    "layer_size": 1,
    "dropout": 0.49264353877365413,
    "batch_size": 166,
    "lr": 0.00207132295706355,
    "loss_function": "smoothl1",
    "optimizer": "AdamW",
    "overall_mae_val": 0.08771391225615209,
    "metrics": {
        "MSE": {
            "Temperature": 2.2678926608922576,
            "Precipitation_accumulated": 253.79277956028653,
            "Humidity": 25.584260401984956,
            "Wind_Speed_kmh": 0.5460245590248912,
            "Soil_Moisture": 9982.090399855222,
            "Soil_Temperature": 1.8473123308736752,
            "Wind_Dir_Sin": 0.37023958644464,
            "Wind_Dir_Cos": 0.31398670153729163
        },
        "RMSE": {
            "Temperature": 1.5059524099028687,
            "Precipitation_accumulated": 15.930875040633723,
            "Humidity": 5.0580886115196675,
            "Wind_Speed_kmh": 0.7389347461209895,
            "Soil_Moisture": 99.91041186911013,
            "Soil_Temperature": 1.3591586849495076,
            "Wind_Dir_Sin": 0.6084731600034959,
            "Wind_Dir_Cos": 0.5603451628570479
        },
        "MAE": {
            "Temperature": 1.2046891818253171,
            "Precipitation_accumulated": 13.082383552780495,
            "Humidity": 4.0930929709274295,
            "Wind_Speed_kmh": 0.5678353313774258,
            "Soil_Moisture": 78.16414047392021,
            "Soil_Temperature": 1.1151992161228492,
            "Wind_Dir_Sin": 0.5051055988223044,
            "Wind_Dir_Cos": 0.4518686174559847
        },
        "R2": {
            "Temperature": 0.9255758463987854,
            "Precipitation_accumulated": -73.29218270306396,
            "Humidity": 0.8253716775285831,
            "Wind_Speed_kmh": 0.5948352506803474,
            "Soil_Moisture": 0.823496607742348,
            "Soil_Temperature": 0.885226999846771,
            "Wind_Dir_Sin": 0.32759380168600716,
            "Wind_Dir_Cos": 0.14328222433100324
        },
        "SMAPE": {
            "Temperature": 23.85653207317774,
            "Precipitation_accumulated": 2.855306214770181,
            "Humidity": 4.753052584749017,
            "Wind_Speed_kmh": 57.855018289915186,
            "Soil_Moisture": 0.9131746496112266,
            "Soil_Temperature": 27.264963587398697,
            "Wind_Dir_Sin": 101.75110892671702,
            "Wind_Dir_Cos": 109.98585329798402
        }
    }
}