{
    "trial_number": 0,
    "input_chunk_length": 69,
    "training_length": 73,
    "hidden_size": 41,
    "layer_size": 4,
    "dropout": 0.3168677662943471,
    "batch_size": 52,
    "lr": 0.0003358428423034007,
    "forecast_horizon": 22,
    "overall_smape_val": 51.94998727429193,
    "metrics": {
        "MSE": {
            "Temperature": 2.0647970768901627,
            "Precipitation_accumulated": 46.60976448713739,
            "Humidity": 25.651203561450473,
            "Wind_Speed_kmh": 0.21763525142373435,
            "Soil_Moisture": 196080.88875613877,
            "Soil_Temperature": 2.3239537839751363,
            "Wind_Dir_Sin": 0.13166608643593167,
            "Wind_Dir_Cos": 0.1910224219347648
        },
        "RMSE": {
            "Temperature": 1.436940178605276,
            "Precipitation_accumulated": 6.827134427205706,
            "Humidity": 5.0647017248255075,
            "Wind_Speed_kmh": 0.46651393486554543,
            "Soil_Moisture": 442.8102175380992,
            "Soil_Temperature": 1.524451961845678,
            "Wind_Dir_Sin": 0.3628582180906637,
            "Wind_Dir_Cos": 0.43706111922105906
        },
        "MAE": {
            "Temperature": 0.9196021674446108,
            "Precipitation_accumulated": 5.331525367050226,
            "Humidity": 3.589054058157526,
            "Wind_Speed_kmh": 0.17980709697404024,
            "Soil_Moisture": 204.71901905736846,
            "Soil_Temperature": 0.9541849180889553,
            "Wind_Dir_Sin": 0.20902156087023666,
            "Wind_Dir_Cos": 0.2005976355761466
        },
        "R2": {
            "Temperature": 0.3872937306222948,
            "Precipitation_accumulated": -47.95320833022423,
            "Humidity": 0.6058662827483698,
            "Wind_Speed_kmh": 0.36939135876511076,
            "Soil_Moisture": 0.7385124785284897,
            "Soil_Temperature": 0.5831821870086096,
            "Wind_Dir_Sin": 0.19108197459794873,
            "Wind_Dir_Cos": 0.3420850539971175
        },
        "SMAPE": {
            "Temperature": 17.633349202230175,
            "Precipitation_accumulated": 1.1493088763390784,
            "Humidity": 4.245544615585964,
            "Wind_Speed_kmh": 158.32304672521502,
            "Soil_Moisture": 3.1791288669915674,
            "Soil_Temperature": 29.526326395861442,
            "Wind_Dir_Sin": 158.38956077205535,
            "Wind_Dir_Cos": 43.15363274005648
        }
    }
}