{
    "trial_number": 31,
    "input_chunk_length": 29,
    "training_length": 37,
    "hidden_size": 151,
    "layer_size": 4,
    "dropout": 0.2254953734522342,
    "batch_size": 55,
    "lr": 0.0009033503078694513,
    "forecast_horizon": 1,
    "overall_smape_val": 46.024909184773406,
    "metrics": {
        "MSE": {
            "Temperature": 1.0183755359167892,
            "Precipitation_accumulated": 53.80828861286779,
            "Humidity": 3.574803721061015,
            "Wind_Speed_kmh": 0.09696112109559187,
            "Soil_Moisture": 22422.13113575051,
            "Soil_Temperature": 0.7811295742212478,
            "Wind_Dir_Sin": 0.0464796717835841,
            "Wind_Dir_Cos": 0.04263718021864199
        },
        "RMSE": {
            "Temperature": 1.0091459438142678,
            "Precipitation_accumulated": 7.335413322565252,
            "Humidity": 1.890715134826242,
            "Wind_Speed_kmh": 0.3113858074729673,
            "Soil_Moisture": 149.7402121534176,
            "Soil_Temperature": 0.8838153507499448,
            "Wind_Dir_Sin": 0.2155914464527387,
            "Wind_Dir_Cos": 0.20648772413546038
        },
        "MAE": {
            "Temperature": 0.7967316371265186,
            "Precipitation_accumulated": 4.512667646781508,
            "Humidity": 1.2670967403648603,
            "Wind_Speed_kmh": 0.11763211531609406,
            "Soil_Moisture": 70.96785382711614,
            "Soil_Temperature": 0.7431037056982439,
            "Wind_Dir_Sin": 0.10460204651847176,
            "Wind_Dir_Cos": 0.0859544637702285
        },
        "R2": {
            "Temperature": 0.7008603273574998,
            "Precipitation_accumulated": -55.691411211716684,
            "Humidity": 0.9450272472982805,
            "Wind_Speed_kmh": 0.7150783915804888,
            "Soil_Moisture": 0.9696986011977949,
            "Soil_Temperature": 0.8608159957695128,
            "Wind_Dir_Sin": 0.7106215597052421,
            "Wind_Dir_Cos": 0.8514865030442842
        },
        "SMAPE": {
            "Temperature": 13.975668111473041,
            "Precipitation_accumulated": 0.9718104258999605,
            "Humidity": 1.5027019958063876,
            "Wind_Speed_kmh": 156.86018660326593,
            "Soil_Moisture": 1.1372795805501499,
            "Soil_Temperature": 23.284457204719928,
            "Wind_Dir_Sin": 144.8218261797826,
            "Wind_Dir_Cos": 25.64534337668902
        }
    }
}