{
    "trial_number": 24,
    "input_chunk_length": 38,
    "training_length": 47,
    "hidden_size": 199,
    "layer_size": 3,
    "dropout": 0.22185359919372577,
    "batch_size": 59,
    "lr": 0.0005601534211772414,
    "forecast_horizon": 1,
    "overall_smape_val": 43.879999386645835,
    "metrics": {
        "MSE": {
            "Temperature": 0.5744069078226672,
            "Precipitation_accumulated": 13.339006006560526,
            "Humidity": 3.5673871873256005,
            "Wind_Speed_kmh": 0.07964147735305019,
            "Soil_Moisture": 22240.402576251767,
            "Soil_Temperature": 0.5597844167011211,
            "Wind_Dir_Sin": 0.04666608025781649,
            "Wind_Dir_Cos": 0.04324146527829125
        },
        "RMSE": {
            "Temperature": 0.7578963701078579,
            "Precipitation_accumulated": 3.652260396872124,
            "Humidity": 1.8887528126585544,
            "Wind_Speed_kmh": 0.2822082163103162,
            "Soil_Moisture": 149.13216479435872,
            "Soil_Temperature": 0.7481874208386032,
            "Wind_Dir_Sin": 0.21602333266991436,
            "Wind_Dir_Cos": 0.20794582294023425
        },
        "MAE": {
            "Temperature": 0.49699625789825835,
            "Precipitation_accumulated": 2.4058329548977673,
            "Humidity": 1.293559507007293,
            "Wind_Speed_kmh": 0.117893141375832,
            "Soil_Moisture": 80.2163425577755,
            "Soil_Temperature": 0.5647903002365404,
            "Wind_Dir_Sin": 0.09973890595428231,
            "Wind_Dir_Cos": 0.09897879337239344
        },
        "R2": {
            "Temperature": 0.8312725627143273,
            "Precipitation_accumulated": -13.053728415600292,
            "Humidity": 0.9451412975529949,
            "Wind_Speed_kmh": 0.765972406589998,
            "Soil_Moisture": 0.9699441902331004,
            "Soil_Temperature": 0.9002559380753629,
            "Wind_Dir_Sin": 0.7094609965717014,
            "Wind_Dir_Cos": 0.849381661989918
        },
        "SMAPE": {
            "Temperature": 8.804673114608528,
            "Precipitation_accumulated": 0.5240398221853182,
            "Humidity": 1.5229287532082476,
            "Wind_Speed_kmh": 152.24755302729318,
            "Soil_Moisture": 1.3236172761999343,
            "Soil_Temperature": 15.812928707468764,
            "Wind_Dir_Sin": 144.0230626087543,
            "Wind_Dir_Cos": 26.781191783448506
        }
    }
}