{
    "trial_number": 46,
    "input_chunk_length": 27,
    "output_chunk_length": 1,
    "hidden_size": 187,
    "layer_size": 1,
    "dropout": 0.40057488121940704,
    "batch_size": 201,
    "lr": 0.0010274126928188747,
    "loss_function": "smoothl1",
    "optimizer": "AdamW",
    "overall_mae_val": 0.09064490206178585,
    "metrics": {
        "MSE": {
            "Temperature": 2.588038012566532,
            "Precipitation_accumulated": 228.85810464685792,
            "Humidity": 27.3732023924991,
            "Wind_Speed_kmh": 0.5989274977174698,
            "Soil_Moisture": 21888.93876646174,
            "Soil_Temperature": 3.4363061853953973,
            "Wind_Dir_Sin": 0.3661469718575712,
            "Wind_Dir_Cos": 0.3092800898198039
        },
        "RMSE": {
            "Temperature": 1.6087380186240803,
            "Precipitation_accumulated": 15.12805686950105,
            "Humidity": 5.231940595276202,
            "Wind_Speed_kmh": 0.7739040623471812,
            "Soil_Moisture": 147.94910870451955,
            "Soil_Temperature": 1.8537276459597287,
            "Wind_Dir_Sin": 0.60510079479172,
            "Wind_Dir_Cos": 0.5561295620804597
        },
        "MAE": {
            "Temperature": 1.288388927177447,
            "Precipitation_accumulated": 12.458659472918365,
            "Humidity": 4.290812312313922,
            "Wind_Speed_kmh": 0.6145581901048248,
            "Soil_Moisture": 121.5297007898851,
            "Soil_Temperature": 1.5837084549281228,
            "Wind_Dir_Sin": 0.49631938300184664,
            "Wind_Dir_Cos": 0.4507558255748103
        },
        "R2": {
            "Temperature": 0.9150955284475902,
            "Precipitation_accumulated": -65.47882935137068,
            "Humidity": 0.8132208430614855,
            "Wind_Speed_kmh": 0.5568077887584799,
            "Soil_Moisture": 0.6199969490701427,
            "Soil_Temperature": 0.7871819954616701,
            "Wind_Dir_Sin": 0.3344430129855207,
            "Wind_Dir_Cos": 0.15805540977952126
        },
        "SMAPE": {
            "Temperature": 24.851140069869867,
            "Precipitation_accumulated": 2.731452356135462,
            "Humidity": 4.9809135476269235,
            "Wind_Speed_kmh": 59.7603848608409,
            "Soil_Moisture": 1.4228964074089954,
            "Soil_Temperature": 36.8117379987076,
            "Wind_Dir_Sin": 100.24397409605625,
            "Wind_Dir_Cos": 111.0513397468513
        }
    }
}