{
    "trial_number": 14,
    "input_chunk_length": 34,
    "hidden_size": 203,
    "layer_size": 3,
    "dropout": 0.32167304803201163,
    "batch_size": 60,
    "lr": 0.00332575480232853,
    "overall_smape_val": 45.16854465210092,
    "metrics": {
        "MSE": {
            "Temperature": 0.7489683616335889,
            "Precipitation_accumulated": 19.86235288822023,
            "Humidity": 6.060315370629896,
            "Wind_Speed_kmh": 0.10476770081350405,
            "Soil_Moisture": 33082.03934804544,
            "Soil_Temperature": 0.7488388447900814,
            "Wind_Dir_Sin": 0.049844575411695125,
            "Wind_Dir_Cos": 0.04255885483743812
        },
        "RMSE": {
            "Temperature": 0.8654295821345541,
            "Precipitation_accumulated": 4.456719969688496,
            "Humidity": 2.4617707794654433,
            "Wind_Speed_kmh": 0.32367839102032137,
            "Soil_Moisture": 181.88468695315018,
            "Soil_Temperature": 0.8653547508334841,
            "Wind_Dir_Sin": 0.22325898730330013,
            "Wind_Dir_Cos": 0.20629797584425816
        },
        "MAE": {
            "Temperature": 0.6666992863182127,
            "Precipitation_accumulated": 3.0587146181583393,
            "Humidity": 1.8656953905715847,
            "Wind_Speed_kmh": 0.17955720906799064,
            "Soil_Moisture": 95.80876456882417,
            "Soil_Temperature": 0.6725404679267164,
            "Wind_Dir_Sin": 0.122641022353507,
            "Wind_Dir_Cos": 0.08753592913485068
        },
        "R2": {
            "Temperature": 0.7799965311254609,
            "Precipitation_accumulated": -19.926605254437366,
            "Humidity": 0.906805451666816,
            "Wind_Speed_kmh": 0.6921386480590641,
            "Soil_Moisture": 0.9552927390618523,
            "Soil_Temperature": 0.8665696545350687,
            "Wind_Dir_Sin": 0.6896719590243515,
            "Wind_Dir_Cos": 0.8517593254073796
        },
        "SMAPE": {
            "Temperature": 11.213132381525746,
            "Precipitation_accumulated": 0.6689524430100997,
            "Humidity": 2.294736700581902,
            "Wind_Speed_kmh": 159.57884728925222,
            "Soil_Moisture": 1.559178499903904,
            "Soil_Temperature": 17.22875659000304,
            "Wind_Dir_Sin": 142.96354658161698,
            "Wind_Dir_Cos": 25.84120673091347
        }
    }
}