{
    "trial_number": 7,
    "input_chunk_length": 28,
    "hidden_size": 165,
    "layer_size": 1,
    "dropout": 0.38895167105861983,
    "batch_size": 37,
    "lr": 0.0006743433927675006,
    "overall_smape_val": 45.022287793580915,
    "metrics": {
        "MSE": {
            "Temperature": 0.4932134547848311,
            "Precipitation_accumulated": 14.962852008558011,
            "Humidity": 5.97312571863603,
            "Wind_Speed_kmh": 0.07843207979145131,
            "Soil_Moisture": 15424.967901326243,
            "Soil_Temperature": 0.6031235335056602,
            "Wind_Dir_Sin": 0.054598111134709235,
            "Wind_Dir_Cos": 0.045849756331431075
        },
        "RMSE": {
            "Temperature": 0.7022915739098904,
            "Precipitation_accumulated": 3.868184588221975,
            "Humidity": 2.443997896610394,
            "Wind_Speed_kmh": 0.28005727948305736,
            "Soil_Moisture": 124.19729425928024,
            "Soil_Temperature": 0.7766102841874167,
            "Wind_Dir_Sin": 0.23366238707740114,
            "Wind_Dir_Cos": 0.2141255620691539
        },
        "MAE": {
            "Temperature": 0.4481417474637305,
            "Precipitation_accumulated": 3.0565085956001212,
            "Humidity": 1.9715739908866825,
            "Wind_Speed_kmh": 0.15552357680880227,
            "Soil_Moisture": 49.761685316953624,
            "Soil_Temperature": 0.613834522321543,
            "Wind_Dir_Sin": 0.1319503990084498,
            "Wind_Dir_Cos": 0.10567515622160871
        },
        "R2": {
            "Temperature": 0.855122490472644,
            "Precipitation_accumulated": -14.764582334521002,
            "Humidity": 0.9081462400152698,
            "Wind_Speed_kmh": 0.7695262382142185,
            "Soil_Moisture": 0.9791546084063318,
            "Soil_Temperature": 0.8925336445971236,
            "Wind_Dir_Sin": 0.6600768543124231,
            "Wind_Dir_Cos": 0.8402964827310246
        },
        "SMAPE": {
            "Temperature": 7.839516355709705,
            "Precipitation_accumulated": 0.6620176566025125,
            "Humidity": 2.377664648834322,
            "Wind_Speed_kmh": 156.40096089543724,
            "Soil_Moisture": 0.8130218200874088,
            "Soil_Temperature": 15.88810795278335,
            "Wind_Dir_Sin": 147.16540698962652,
            "Wind_Dir_Cos": 29.031606029566035
        }
    }
}