{
    "trial_number": 54,
    "input_chunk_length": 26,
    "output_chunk_length": 2,
    "hidden_size": 218,
    "layer_size": 1,
    "dropout": 0.4257555747230524,
    "batch_size": 152,
    "lr": 0.0009880399664282044,
    "loss_function": "smoothl1",
    "optimizer": "AdamW",
    "overall_mae_val": 0.10936155493696474,
    "metrics": {
        "MSE": {
            "Temperature": 5.192433550938389,
            "Precipitation_accumulated": 787.923268872574,
            "Humidity": 45.524071424014906,
            "Wind_Speed_kmh": 0.8733256182668477,
            "Soil_Moisture": 27152.28922212229,
            "Soil_Temperature": 5.466025311041788,
            "Wind_Dir_Sin": 0.48299250322346127,
            "Wind_Dir_Cos": 0.34605453551860593
        },
        "RMSE": {
            "Temperature": 2.2786911925353968,
            "Precipitation_accumulated": 28.069970945346096,
            "Humidity": 6.747152838347069,
            "Wind_Speed_kmh": 0.9345189234396742,
            "Soil_Moisture": 164.7795169980853,
            "Soil_Temperature": 2.337953231149372,
            "Wind_Dir_Sin": 0.6949766206308391,
            "Wind_Dir_Cos": 0.5882640015491395
        },
        "MAE": {
            "Temperature": 1.8312215647889039,
            "Precipitation_accumulated": 25.359610020603714,
            "Humidity": 5.2947132585757455,
            "Wind_Speed_kmh": 0.7392801674664115,
            "Soil_Moisture": 130.7584571819479,
            "Soil_Temperature": 2.013359845870644,
            "Wind_Dir_Sin": 0.5933576187980004,
            "Wind_Dir_Cos": 0.4906566273456048
        },
        "R2": {
            "Temperature": 0.8296544237090904,
            "Precipitation_accumulated": -227.87638877451985,
            "Humidity": 0.6893696411890691,
            "Wind_Speed_kmh": 0.3537596564381915,
            "Soil_Moisture": 0.5286225223515388,
            "Soil_Temperature": 0.6614770230906923,
            "Wind_Dir_Sin": 0.12204917723303332,
            "Wind_Dir_Cos": 0.05794535862006078
        },
        "SMAPE": {
            "Temperature": 31.209969070176534,
            "Precipitation_accumulated": 5.641744088538458,
            "Humidity": 6.2359462630934965,
            "Wind_Speed_kmh": 65.6284693313765,
            "Soil_Moisture": 1.522069961229881,
            "Soil_Temperature": 43.86105394224293,
            "Wind_Dir_Sin": 124.54525832316023,
            "Wind_Dir_Cos": 121.05316585673654
        }
    }
}