{
    "trial_number": 31,
    "input_chunk_length": 46,
    "hidden_size": 100,
    "layer_size": 3,
    "dropout": 0.3174397078483216,
    "batch_size": 51,
    "lr": 0.006630323555157157,
    "overall_smape_val": 47.49463080830079,
    "metrics": {
        "MSE": {
            "Temperature": 1.2574938374974265,
            "Precipitation_accumulated": 48.283271871537735,
            "Humidity": 7.080447189500358,
            "Wind_Speed_kmh": 0.11019410281728723,
            "Soil_Moisture": 30650.6780767559,
            "Soil_Temperature": 0.6330840757203525,
            "Wind_Dir_Sin": 0.05171275478066716,
            "Wind_Dir_Cos": 0.04827772827567481
        },
        "RMSE": {
            "Temperature": 1.121380326872835,
            "Precipitation_accumulated": 6.948616543711254,
            "Humidity": 2.6609109698560673,
            "Wind_Speed_kmh": 0.33195497106879907,
            "Soil_Moisture": 175.07335056128875,
            "Soil_Temperature": 0.7956658065547071,
            "Wind_Dir_Sin": 0.22740438601897536,
            "Wind_Dir_Cos": 0.21972193398856385
        },
        "MAE": {
            "Temperature": 0.8739059447917795,
            "Precipitation_accumulated": 6.120393289248819,
            "Humidity": 1.9339461062372474,
            "Wind_Speed_kmh": 0.1757745122547236,
            "Soil_Moisture": 99.49093503465231,
            "Soil_Temperature": 0.5873321252661702,
            "Wind_Dir_Sin": 0.13556643937305166,
            "Wind_Dir_Cos": 0.13230299674752147
        },
        "R2": {
            "Temperature": 0.6306212378125335,
            "Precipitation_accumulated": -49.870356424267875,
            "Humidity": 0.8911180297612361,
            "Wind_Speed_kmh": 0.6761930899902326,
            "Soil_Moisture": 0.9585784948656846,
            "Soil_Temperature": 0.8871951855603949,
            "Wind_Dir_Sin": 0.6780408348954822,
            "Wind_Dir_Cos": 0.8318393896000782
        },
        "SMAPE": {
            "Temperature": 14.261409105778329,
            "Precipitation_accumulated": 1.331121465272684,
            "Humidity": 2.236717279445586,
            "Wind_Speed_kmh": 168.3022368643866,
            "Soil_Moisture": 1.6137511495298154,
            "Soil_Temperature": 16.327192148131946,
            "Wind_Dir_Sin": 142.9776304627016,
            "Wind_Dir_Cos": 32.90698799115978
        }
    }
}