{
    "trial_number": 0,
    "input_chunk_length": 56,
    "hidden_size": 157,
    "layer_size": 3,
    "dropout": 0.32594151509381697,
    "batch_size": 52,
    "lr": 2.8303964894204734e-05,
    "overall_smape_val": 52.08986977413062,
    "metrics": {
        "MSE": {
            "Temperature": 1.970218799174367,
            "Precipitation_accumulated": 131.52870381394285,
            "Humidity": 18.467847707982934,
            "Wind_Speed_kmh": 0.18530943043334977,
            "Soil_Moisture": 74581.49861665764,
            "Soil_Temperature": 1.3264963677029813,
            "Wind_Dir_Sin": 0.09092305333739449,
            "Wind_Dir_Cos": 0.08329334697706688
        },
        "RMSE": {
            "Temperature": 1.4036448265762842,
            "Precipitation_accumulated": 11.468596418653107,
            "Humidity": 4.297423380117781,
            "Wind_Speed_kmh": 0.4304758186395024,
            "Soil_Moisture": 273.0961343861492,
            "Soil_Temperature": 1.1517362405095106,
            "Wind_Dir_Sin": 0.3015344977567152,
            "Wind_Dir_Cos": 0.2886058678839827
        },
        "MAE": {
            "Temperature": 1.0383157180052511,
            "Precipitation_accumulated": 9.662958307602928,
            "Humidity": 3.6647065068278892,
            "Wind_Speed_kmh": 0.22583995054561615,
            "Soil_Moisture": 130.889843536489,
            "Soil_Temperature": 0.8954529138069448,
            "Wind_Dir_Sin": 0.1821647454558917,
            "Wind_Dir_Cos": 0.15172206289044876
        },
        "R2": {
            "Temperature": 0.4212639779405728,
            "Precipitation_accumulated": -137.57619385941877,
            "Humidity": 0.7160044287179383,
            "Wind_Speed_kmh": 0.45546565079089296,
            "Soil_Moisture": 0.8992101277453436,
            "Soil_Temperature": 0.7636409090794408,
            "Wind_Dir_Sin": 0.4339208873048668,
            "Wind_Dir_Cos": 0.7098732568787121
        },
        "SMAPE": {
            "Temperature": 17.70414930663349,
            "Precipitation_accumulated": 2.0807349752770037,
            "Humidity": 4.40792157817237,
            "Wind_Speed_kmh": 171.0739763279115,
            "Soil_Moisture": 2.0661780463885164,
            "Soil_Temperature": 22.623785074324907,
            "Wind_Dir_Sin": 153.78794496746107,
            "Wind_Dir_Cos": 42.97426791687603
        }
    }
}