{
    "trial_number": 7,
    "input_chunk_length": 53,
    "output_chunk_length": 3,
    "hidden_size": 32,
    "layer_size": 3,
    "dropout": 0.2721210662027951,
    "batch_size": 93,
    "lr": 0.0035482004549089344,
    "loss_function": "smoothl1",
    "optimizer": "AdamW",
    "overall_mae_val": 0.1450482793851606,
    "metrics": {
        "MSE": {
            "Temperature": 12.867938365276096,
            "Precipitation_accumulated": 4085.8709107222808,
            "Humidity": 92.18806435620785,
            "Wind_Speed_kmh": 1.4245872488341031,
            "Soil_Moisture": 114480.83448410129,
            "Soil_Temperature": 14.903019243367101,
            "Wind_Dir_Sin": 0.639374965634531,
            "Wind_Dir_Cos": 0.3832392384888425
        },
        "RMSE": {
            "Temperature": 3.587190873828168,
            "Precipitation_accumulated": 63.92081750667994,
            "Humidity": 9.601461573958824,
            "Wind_Speed_kmh": 1.193560743671684,
            "Soil_Moisture": 338.3501654855533,
            "Soil_Temperature": 3.8604428817646173,
            "Wind_Dir_Sin": 0.7996092580970602,
            "Wind_Dir_Cos": 0.6190631942611695
        },
        "MAE": {
            "Temperature": 2.8731858779113035,
            "Precipitation_accumulated": 50.58253745021429,
            "Humidity": 7.938393603410684,
            "Wind_Speed_kmh": 0.988556589634363,
            "Soil_Moisture": 275.4196551421678,
            "Soil_Temperature": 3.250079293331376,
            "Wind_Dir_Sin": 0.7244208849877318,
            "Wind_Dir_Cos": 0.5242003034038977
        },
        "R2": {
            "Temperature": 0.5770173323563415,
            "Precipitation_accumulated": -1240.228557462519,
            "Humidity": 0.3708973441368618,
            "Wind_Speed_kmh": -0.05990856739295336,
            "Soil_Moisture": -1.222405561030639,
            "Soil_Temperature": 0.07112102003714005,
            "Wind_Dir_Sin": -0.15934908498184575,
            "Wind_Dir_Cos": -0.044741700421173425
        },
        "SMAPE": {
            "Temperature": 45.240466204417594,
            "Precipitation_accumulated": 11.861516134945548,
            "Humidity": 9.420900700604486,
            "Wind_Speed_kmh": 74.15538405522412,
            "Soil_Moisture": 3.236641523559672,
            "Soil_Temperature": 69.89330667253489,
            "Wind_Dir_Sin": 160.98139710542407,
            "Wind_Dir_Cos": 118.11891702957445
        }
    }
}