{
    "trial_number": 16,
    "input_chunk_length": 39,
    "hidden_size": 201,
    "layer_size": 4,
    "dropout": 0.29810661336932315,
    "batch_size": 40,
    "lr": 0.000986109360728953,
    "overall_smape_val": 48.99140261797395,
    "metrics": {
        "MSE": {
            "Temperature": 1.7666436297053922,
            "Precipitation_accumulated": 80.79431384728066,
            "Humidity": 8.760166544690126,
            "Wind_Speed_kmh": 0.09958279821158947,
            "Soil_Moisture": 46339.92418839494,
            "Soil_Temperature": 1.4845671792193276,
            "Wind_Dir_Sin": 0.05079328861740096,
            "Wind_Dir_Cos": 0.04842255700090929
        },
        "RMSE": {
            "Temperature": 1.3291514698127496,
            "Precipitation_accumulated": 8.988565728039188,
            "Humidity": 2.959757852374097,
            "Wind_Speed_kmh": 0.31556742260821136,
            "Soil_Moisture": 215.26709964226987,
            "Soil_Temperature": 1.218428159236041,
            "Wind_Dir_Sin": 0.22537366442732604,
            "Wind_Dir_Cos": 0.2200512599393816
        },
        "MAE": {
            "Temperature": 1.1192154463955664,
            "Precipitation_accumulated": 8.285452982241532,
            "Humidity": 2.324544678965384,
            "Wind_Speed_kmh": 0.15484084866661246,
            "Soil_Moisture": 140.09139697537415,
            "Soil_Temperature": 1.14015017763819,
            "Wind_Dir_Sin": 0.10721873622280997,
            "Wind_Dir_Cos": 0.11219058117780616
        },
        "R2": {
            "Temperature": 0.48106255656438857,
            "Precipitation_accumulated": -84.12338503903528,
            "Humidity": 0.865287577538888,
            "Wind_Speed_kmh": 0.7073745567629206,
            "Soil_Moisture": 0.9373759561570996,
            "Soil_Temperature": 0.7354753790254269,
            "Wind_Dir_Sin": 0.6837653521741035,
            "Wind_Dir_Cos": 0.8313349233024967
        },
        "SMAPE": {
            "Temperature": 20.43832057605998,
            "Precipitation_accumulated": 1.8207996490631364,
            "Humidity": 2.828247273773695,
            "Wind_Speed_kmh": 163.15300088960208,
            "Soil_Moisture": 2.2971153851722192,
            "Soil_Temperature": 24.959645847778322,
            "Wind_Dir_Sin": 148.82334850329025,
            "Wind_Dir_Cos": 27.610742819051737
        }
    }
}