{
    "trial_number": 41,
    "input_chunk_length": 33,
    "output_chunk_length": 1,
    "hidden_size": 177,
    "layer_size": 1,
    "dropout": 0.3977480537163414,
    "batch_size": 171,
    "lr": 0.0016861411166993817,
    "loss_function": "smoothl1",
    "optimizer": "AdamW",
    "overall_mae_val": 0.08858974546754607,
    "metrics": {
        "MSE": {
            "Temperature": 2.740402064937154,
            "Precipitation_accumulated": 304.9980745775267,
            "Humidity": 26.52232080895772,
            "Wind_Speed_kmh": 0.5346457800214776,
            "Soil_Moisture": 15140.701369770544,
            "Soil_Temperature": 1.9895149890563826,
            "Wind_Dir_Sin": 0.36484989840727616,
            "Wind_Dir_Cos": 0.3074814803316143
        },
        "RMSE": {
            "Temperature": 1.6554159794254597,
            "Precipitation_accumulated": 17.46419407180093,
            "Humidity": 5.149982602782044,
            "Wind_Speed_kmh": 0.7311947620309363,
            "Soil_Moisture": 123.04755734987405,
            "Soil_Temperature": 1.4105016799197307,
            "Wind_Dir_Sin": 0.6040280609435924,
            "Wind_Dir_Cos": 0.5545101264464106
        },
        "MAE": {
            "Temperature": 1.3281329039859107,
            "Precipitation_accumulated": 14.869056424456685,
            "Humidity": 4.127359289392191,
            "Wind_Speed_kmh": 0.5540434252938292,
            "Soil_Moisture": 99.91454265958285,
            "Soil_Temperature": 1.1593873982925103,
            "Wind_Dir_Sin": 0.4948584436407985,
            "Wind_Dir_Cos": 0.4533410627903877
        },
        "R2": {
            "Temperature": 0.9101224876635555,
            "Precipitation_accumulated": -88.41836902457615,
            "Humidity": 0.8190780484393957,
            "Wind_Speed_kmh": 0.6030015138433138,
            "Soil_Moisture": 0.7311393354998155,
            "Soil_Temperature": 0.8764113201295921,
            "Wind_Dir_Sin": 0.337323024106686,
            "Wind_Dir_Cos": 0.16128169214069876
        },
        "SMAPE": {
            "Temperature": 24.987888039864817,
            "Precipitation_accumulated": 3.2703509671430364,
            "Humidity": 4.824990969324598,
            "Wind_Speed_kmh": 57.48913494594713,
            "Soil_Moisture": 1.1686792146282117,
            "Soil_Temperature": 28.37847707202726,
            "Wind_Dir_Sin": 99.51408133814314,
            "Wind_Dir_Cos": 112.9028077999087
        }
    }
}