{
    "trial_number": 34,
    "input_chunk_length": 60,
    "hidden_size": 111,
    "layer_size": 3,
    "dropout": 0.29751747793035893,
    "batch_size": 48,
    "lr": 0.001527926001439263,
    "overall_smape_val": 47.94492302054367,
    "metrics": {
        "MSE": {
            "Temperature": 0.7765431408642743,
            "Precipitation_accumulated": 30.678106855249524,
            "Humidity": 3.599862361446169,
            "Wind_Speed_kmh": 0.10415747992803728,
            "Soil_Moisture": 104739.82588555885,
            "Soil_Temperature": 1.2246251530008532,
            "Wind_Dir_Sin": 0.04850415409759918,
            "Wind_Dir_Cos": 0.04826608452507496
        },
        "RMSE": {
            "Temperature": 0.8812168523492242,
            "Precipitation_accumulated": 5.538782073276536,
            "Humidity": 1.8973303248106717,
            "Wind_Speed_kmh": 0.3227343798358602,
            "Soil_Moisture": 323.6353285498338,
            "Soil_Temperature": 1.1066278294895955,
            "Wind_Dir_Sin": 0.22023658664626816,
            "Wind_Dir_Cos": 0.21969543583123197
        },
        "MAE": {
            "Temperature": 0.6123984006855628,
            "Precipitation_accumulated": 3.734457050534505,
            "Humidity": 1.1267298054177568,
            "Wind_Speed_kmh": 0.1750105149769549,
            "Soil_Moisture": 270.7531262443031,
            "Soil_Temperature": 0.9681297229646856,
            "Wind_Dir_Sin": 0.10868025976022962,
            "Wind_Dir_Cos": 0.12909195583841973
        },
        "R2": {
            "Temperature": 0.7718966601629965,
            "Precipitation_accumulated": -31.321882292908015,
            "Humidity": 0.9446418995845534,
            "Wind_Speed_kmh": 0.6939317906528566,
            "Soil_Moisture": 0.8584539883645806,
            "Soil_Temperature": 0.7817926268558437,
            "Wind_Dir_Sin": 0.6980173068791513,
            "Wind_Dir_Cos": 0.8318799470222716
        },
        "SMAPE": {
            "Temperature": 10.819489084617087,
            "Precipitation_accumulated": 0.8113875075793244,
            "Humidity": 1.317869856422914,
            "Wind_Speed_kmh": 163.35327952771374,
            "Soil_Moisture": 4.534895309531135,
            "Soil_Temperature": 22.281681790455927,
            "Wind_Dir_Sin": 144.67616890319604,
            "Wind_Dir_Cos": 35.76461218483279
        }
    }
}