{
    "trial_number": 44,
    "input_chunk_length": 44,
    "hidden_size": 164,
    "layer_size": 3,
    "dropout": 0.2784630636134564,
    "batch_size": 58,
    "lr": 0.001249008694425033,
    "overall_smape_val": 45.996923618589705,
    "metrics": {
        "MSE": {
            "Temperature": 0.6096415407837797,
            "Precipitation_accumulated": 24.604573070061882,
            "Humidity": 5.905109432699751,
            "Wind_Speed_kmh": 0.09828463547520051,
            "Soil_Moisture": 28228.83007200161,
            "Soil_Temperature": 0.21423107556081056,
            "Wind_Dir_Sin": 0.051525926757128755,
            "Wind_Dir_Cos": 0.04567290980728439
        },
        "RMSE": {
            "Temperature": 0.780795453869821,
            "Precipitation_accumulated": 4.960299695589157,
            "Humidity": 2.430043092766001,
            "Wind_Speed_kmh": 0.3135038045625611,
            "Soil_Moisture": 168.01437459932293,
            "Soil_Temperature": 0.4628510295557422,
            "Wind_Dir_Sin": 0.22699323064163995,
            "Wind_Dir_Cos": 0.21371221258338136
        },
        "MAE": {
            "Temperature": 0.49351951846016945,
            "Precipitation_accumulated": 3.9354143851418684,
            "Humidity": 1.7497620737769575,
            "Wind_Speed_kmh": 0.17335750338293465,
            "Soil_Moisture": 62.308919443990035,
            "Soil_Temperature": 0.3225892332572793,
            "Wind_Dir_Sin": 0.11718997574272899,
            "Wind_Dir_Cos": 0.10499484758313427
        },
        "R2": {
            "Temperature": 0.8209226709524664,
            "Precipitation_accumulated": -24.922920158996433,
            "Humidity": 0.9091921834455163,
            "Wind_Speed_kmh": 0.711189226092884,
            "Soil_Moisture": 0.9618513943856315,
            "Soil_Temperature": 0.9618276660989511,
            "Wind_Dir_Sin": 0.67920401010693,
            "Wind_Dir_Cos": 0.8409124731785826
        },
        "SMAPE": {
            "Temperature": 9.147690764793198,
            "Precipitation_accumulated": 0.8504317077380491,
            "Humidity": 2.0660386320365687,
            "Wind_Speed_kmh": 163.93365168223582,
            "Soil_Moisture": 0.9622690451572323,
            "Soil_Temperature": 12.179224072170419,
            "Wind_Dir_Sin": 146.5170352028229,
            "Wind_Dir_Cos": 32.31904784176338
        }
    }
}