{
    "trial_number": 9,
    "input_chunk_length": 49,
    "hidden_size": 216,
    "layer_size": 3,
    "dropout": 0.27524990279731704,
    "batch_size": 45,
    "lr": 0.0023425422126866643,
    "overall_smape_val": 43.28550537729951,
    "metrics": {
        "MSE": {
            "Temperature": 0.5825187491972901,
            "Precipitation_accumulated": 27.175307704356772,
            "Humidity": 4.662972858191959,
            "Wind_Speed_kmh": 0.08797855301026125,
            "Soil_Moisture": 26102.175159047478,
            "Soil_Temperature": 0.7800003715661858,
            "Wind_Dir_Sin": 0.05188574377299554,
            "Wind_Dir_Cos": 0.04556768542419256
        },
        "RMSE": {
            "Temperature": 0.7632291590323905,
            "Precipitation_accumulated": 5.212994120882621,
            "Humidity": 2.159391779689818,
            "Wind_Speed_kmh": 0.2966117883872137,
            "Soil_Moisture": 161.5616760220303,
            "Soil_Temperature": 0.8831762969906891,
            "Wind_Dir_Sin": 0.22778442390338183,
            "Wind_Dir_Cos": 0.21346588819807383
        },
        "MAE": {
            "Temperature": 0.5406914214378106,
            "Precipitation_accumulated": 3.964014055483382,
            "Humidity": 1.5087325741156958,
            "Wind_Speed_kmh": 0.11608854753825716,
            "Soil_Moisture": 67.91204425495,
            "Soil_Temperature": 0.6359179754400552,
            "Wind_Dir_Sin": 0.13016496732756125,
            "Wind_Dir_Cos": 0.09622144214029746
        },
        "R2": {
            "Temperature": 0.8288897741576992,
            "Precipitation_accumulated": -27.63139831405453,
            "Humidity": 0.9282935585307786,
            "Wind_Speed_kmh": 0.7414737933424691,
            "Soil_Moisture": 0.964725368239497,
            "Soil_Temperature": 0.8610172004765244,
            "Wind_Dir_Sin": 0.6769638203024956,
            "Wind_Dir_Cos": 0.8412789899373795
        },
        "SMAPE": {
            "Temperature": 9.60053208677241,
            "Precipitation_accumulated": 0.864842409935035,
            "Humidity": 1.8092526247396745,
            "Wind_Speed_kmh": 146.36570741248585,
            "Soil_Moisture": 1.049617541552599,
            "Soil_Temperature": 17.542026590324152,
            "Wind_Dir_Sin": 142.69579905127404,
            "Wind_Dir_Cos": 26.356265301312632
        }
    }
}