{
    "trial_number": 35,
    "input_chunk_length": 43,
    "training_length": 54,
    "hidden_size": 254,
    "layer_size": 3,
    "dropout": 0.1629969338216083,
    "batch_size": 50,
    "lr": 0.0006749789882143148,
    "forecast_horizon": 4,
    "overall_smape_val": 49.97353729494422,
    "metrics": {
        "MSE": {
            "Temperature": 1.4613377366875608,
            "Precipitation_accumulated": 163.96508057424768,
            "Humidity": 6.4574057310679684,
            "Wind_Speed_kmh": 0.13624729392241366,
            "Soil_Moisture": 49641.52515648748,
            "Soil_Temperature": 1.840326943533866,
            "Wind_Dir_Sin": 0.08621668499132905,
            "Wind_Dir_Cos": 0.07762363424707948
        },
        "RMSE": {
            "Temperature": 1.2088580299967242,
            "Precipitation_accumulated": 12.804885027763728,
            "Humidity": 2.541142603449867,
            "Wind_Speed_kmh": 0.36911691091362053,
            "Soil_Moisture": 222.80378173740112,
            "Soil_Temperature": 1.356586504257604,
            "Wind_Dir_Sin": 0.29362677839619644,
            "Wind_Dir_Cos": 0.27861018331546944
        },
        "MAE": {
            "Temperature": 1.0123979748983551,
            "Precipitation_accumulated": 9.952542668576426,
            "Humidity": 1.6428461571993935,
            "Wind_Speed_kmh": 0.17594871715213178,
            "Soil_Moisture": 120.38033574239189,
            "Soil_Temperature": 1.1250714610200696,
            "Wind_Dir_Sin": 0.15359573802986548,
            "Wind_Dir_Cos": 0.14040271151458883
        },
        "R2": {
            "Temperature": 0.5703570145924739,
            "Precipitation_accumulated": -171.69417660101286,
            "Humidity": 0.9007074554219072,
            "Wind_Speed_kmh": 0.6001936149322313,
            "Soil_Moisture": 0.9330016885498289,
            "Soil_Temperature": 0.6718695809522721,
            "Wind_Dir_Sin": 0.46393124754957404,
            "Wind_Dir_Cos": 0.7299251736627134
        },
        "SMAPE": {
            "Temperature": 16.113316150281793,
            "Precipitation_accumulated": 2.1295311882887655,
            "Humidity": 1.9613065561618743,
            "Wind_Speed_kmh": 160.7660335480923,
            "Soil_Moisture": 2.015576583252519,
            "Soil_Temperature": 23.011256817202533,
            "Wind_Dir_Sin": 155.47437290116028,
            "Wind_Dir_Cos": 38.31690461511365
        }
    }
}