{
    "trial_number": 42,
    "input_chunk_length": 27,
    "output_chunk_length": 1,
    "hidden_size": 183,
    "layer_size": 1,
    "dropout": 0.3989985888423775,
    "batch_size": 222,
    "lr": 0.003523644340084619,
    "loss_function": "smoothl1",
    "optimizer": "AdamW",
    "overall_mae_val": 0.08902357143150236,
    "metrics": {
        "MSE": {
            "Temperature": 5.380469652082564,
            "Precipitation_accumulated": 203.58491593713129,
            "Humidity": 22.265428119441633,
            "Wind_Speed_kmh": 0.5247402236670432,
            "Soil_Moisture": 11439.177805657822,
            "Soil_Temperature": 3.1010943342760307,
            "Wind_Dir_Sin": 0.36174642911303884,
            "Wind_Dir_Cos": 0.3143427839921164
        },
        "RMSE": {
            "Temperature": 2.3195839394345192,
            "Precipitation_accumulated": 14.268318609322238,
            "Humidity": 4.7186256600244985,
            "Wind_Speed_kmh": 0.7243895524281415,
            "Soil_Moisture": 106.95409204727896,
            "Soil_Temperature": 1.7609924287957717,
            "Wind_Dir_Sin": 0.6014535968077993,
            "Wind_Dir_Cos": 0.560662807748219
        },
        "MAE": {
            "Temperature": 1.9727259175868157,
            "Precipitation_accumulated": 11.566293410856222,
            "Humidity": 3.7098769923456705,
            "Wind_Speed_kmh": 0.5583230438492127,
            "Soil_Moisture": 84.1869146790459,
            "Soil_Temperature": 1.4488241161232314,
            "Wind_Dir_Sin": 0.4877400906502931,
            "Wind_Dir_Cos": 0.45207310711529
        },
        "R2": {
            "Temperature": 0.8234856171757623,
            "Precipitation_accumulated": -58.13745945760418,
            "Humidity": 0.8480733882213215,
            "Wind_Speed_kmh": 0.6117046204412677,
            "Soil_Moisture": 0.8014100860412912,
            "Soil_Temperature": 0.8079424031215058,
            "Wind_Dir_Sin": 0.3424420193829263,
            "Wind_Dir_Cos": 0.14427337818219899
        },
        "SMAPE": {
            "Temperature": 33.90385514780527,
            "Precipitation_accumulated": 2.51990522789547,
            "Humidity": 4.324885965180854,
            "Wind_Speed_kmh": 57.393369037471786,
            "Soil_Moisture": 0.9835784123563751,
            "Soil_Temperature": 35.93278883961573,
            "Wind_Dir_Sin": 96.84232839803794,
            "Wind_Dir_Cos": 110.26965696527085
        }
    }
}