{
    "trial_number": 51,
    "input_chunk_length": 24,
    "output_chunk_length": 1,
    "hidden_size": 188,
    "layer_size": 1,
    "dropout": 0.463770421977072,
    "batch_size": 172,
    "lr": 0.0020101615632169517,
    "loss_function": "smoothl1",
    "optimizer": "AdamW",
    "overall_mae_val": 0.08685611509641744,
    "metrics": {
        "MSE": {
            "Temperature": 2.8073541031301823,
            "Precipitation_accumulated": 313.19517802500457,
            "Humidity": 23.86466178635495,
            "Wind_Speed_kmh": 0.545402851150111,
            "Soil_Moisture": 14349.87529913886,
            "Soil_Temperature": 1.397085982006556,
            "Wind_Dir_Sin": 0.3565039036543838,
            "Wind_Dir_Cos": 0.30949542407812564
        },
        "RMSE": {
            "Temperature": 1.6755160706869339,
            "Precipitation_accumulated": 17.6973212104263,
            "Humidity": 4.88514705882586,
            "Wind_Speed_kmh": 0.7385139478372166,
            "Soil_Moisture": 119.79096501464065,
            "Soil_Temperature": 1.1819839178290692,
            "Wind_Dir_Sin": 0.5970794785071614,
            "Wind_Dir_Cos": 0.556323129195727
        },
        "MAE": {
            "Temperature": 1.3443494615384706,
            "Precipitation_accumulated": 14.44194977829793,
            "Humidity": 3.741434064884031,
            "Wind_Speed_kmh": 0.556591301119952,
            "Soil_Moisture": 97.39667225972006,
            "Soil_Temperature": 0.9224990300134971,
            "Wind_Dir_Sin": 0.4918298561864105,
            "Wind_Dir_Cos": 0.4487610447368317
        },
        "R2": {
            "Temperature": 0.9080541211411902,
            "Precipitation_accumulated": -89.56484326424682,
            "Humidity": 0.83719606231519,
            "Wind_Speed_kmh": 0.5962821637112166,
            "Soil_Moisture": 0.7532069912774986,
            "Soil_Temperature": 0.9136439083164749,
            "Wind_Dir_Sin": 0.3514086788046257,
            "Wind_Dir_Cos": 0.15939378589450104
        },
        "SMAPE": {
            "Temperature": 25.557318390471664,
            "Precipitation_accumulated": 3.174581726608995,
            "Humidity": 4.413378074636292,
            "Wind_Speed_kmh": 57.57327883690287,
            "Soil_Moisture": 1.1401287178357782,
            "Soil_Temperature": 18.08095365264261,
            "Wind_Dir_Sin": 98.43976408592856,
            "Wind_Dir_Cos": 109.42526192962856
        }
    }
}