{
    "trial_number": 19,
    "input_chunk_length": 50,
    "hidden_size": 120,
    "layer_size": 4,
    "dropout": 0.21410261470210304,
    "batch_size": 48,
    "lr": 0.0003287825098209325,
    "overall_smape_val": 48.30641514157989,
    "metrics": {
        "MSE": {
            "Temperature": 1.183274219075596,
            "Precipitation_accumulated": 52.56363722328067,
            "Humidity": 11.753939246264853,
            "Wind_Speed_kmh": 0.13425851116920298,
            "Soil_Moisture": 61959.53561913761,
            "Soil_Temperature": 1.4648598984817252,
            "Wind_Dir_Sin": 0.06565964852230018,
            "Wind_Dir_Cos": 0.06866109550810154
        },
        "RMSE": {
            "Temperature": 1.0877840866070785,
            "Precipitation_accumulated": 7.250078428767559,
            "Humidity": 3.4284018501723006,
            "Wind_Speed_kmh": 0.36641303356895344,
            "Soil_Moisture": 248.91672426564193,
            "Soil_Temperature": 1.210313966903516,
            "Wind_Dir_Sin": 0.25624138721584416,
            "Wind_Dir_Cos": 0.2620326229844321
        },
        "MAE": {
            "Temperature": 0.7687368086140016,
            "Precipitation_accumulated": 6.476096334579881,
            "Humidity": 2.705894943431794,
            "Wind_Speed_kmh": 0.1492871620730201,
            "Soil_Moisture": 106.46555373505647,
            "Soil_Temperature": 0.9293477042726463,
            "Wind_Dir_Sin": 0.12865606095972132,
            "Wind_Dir_Cos": 0.12853478383036773
        },
        "R2": {
            "Temperature": 0.6524226574021845,
            "Precipitation_accumulated": -54.38006967751588,
            "Humidity": 0.8192498257598954,
            "Wind_Speed_kmh": 0.6054794899841838,
            "Soil_Moisture": 0.9162675221624478,
            "Soil_Temperature": 0.7389868812602366,
            "Wind_Dir_Sin": 0.59120867358629,
            "Wind_Dir_Cos": 0.7608402022265971
        },
        "SMAPE": {
            "Temperature": 13.777346711365944,
            "Precipitation_accumulated": 1.421543769695498,
            "Humidity": 3.2494924376199714,
            "Wind_Speed_kmh": 151.26263236550628,
            "Soil_Moisture": 1.6915006035235967,
            "Soil_Temperature": 22.55372481396183,
            "Wind_Dir_Sin": 153.31278108321726,
            "Wind_Dir_Cos": 39.18229934774878
        }
    }
}