{
    "trial_number": 46,
    "input_chunk_length": 62,
    "training_length": 71,
    "hidden_size": 255,
    "layer_size": 1,
    "dropout": 0.15290985674647575,
    "batch_size": 24,
    "lr": 0.00023884643362386581,
    "forecast_horizon": 1,
    "overall_smape_val": 42.52877502226619,
    "metrics": {
        "MSE": {
            "Temperature": 0.4624602302214079,
            "Precipitation_accumulated": 16.40266040320864,
            "Humidity": 2.1653426138580127,
            "Wind_Speed_kmh": 0.06521314113811345,
            "Soil_Moisture": 12055.42509972151,
            "Soil_Temperature": 0.39353741305486367,
            "Wind_Dir_Sin": 0.047976510796402375,
            "Wind_Dir_Cos": 0.04334622425339399
        },
        "RMSE": {
            "Temperature": 0.6800442854854439,
            "Precipitation_accumulated": 4.05001980281685,
            "Humidity": 1.4715103172788198,
            "Wind_Speed_kmh": 0.25536863773398927,
            "Soil_Moisture": 109.7971998719526,
            "Soil_Temperature": 0.6273256036978434,
            "Wind_Dir_Sin": 0.21903540991447565,
            "Wind_Dir_Cos": 0.20819756063266925
        },
        "MAE": {
            "Temperature": 0.4509132414839615,
            "Precipitation_accumulated": 2.699453061460593,
            "Humidity": 0.8828000695177991,
            "Wind_Speed_kmh": 0.10166325300844033,
            "Soil_Moisture": 37.34861833842529,
            "Soil_Temperature": 0.4457757057226009,
            "Wind_Dir_Sin": 0.0991568504469768,
            "Wind_Dir_Cos": 0.08761671346107251
        },
        "R2": {
            "Temperature": 0.8641560043426741,
            "Precipitation_accumulated": -16.28153765630205,
            "Humidity": 0.9667017119499972,
            "Wind_Speed_kmh": 0.808370274051992,
            "Soil_Moisture": 0.983708228202522,
            "Soil_Temperature": 0.9298783265016044,
            "Wind_Dir_Sin": 0.70130236870668,
            "Wind_Dir_Cos": 0.8490167663366356
        },
        "SMAPE": {
            "Temperature": 7.657787741531201,
            "Precipitation_accumulated": 0.5862807133891688,
            "Humidity": 1.056382822647837,
            "Wind_Speed_kmh": 148.27711909064976,
            "Soil_Moisture": 0.5969274167172288,
            "Soil_Temperature": 14.03945756102377,
            "Wind_Dir_Sin": 142.44598635414326,
            "Wind_Dir_Cos": 25.57025847802731
        }
    }
}