{
    "trial_number": 6,
    "input_chunk_length": 56,
    "hidden_size": 244,
    "layer_size": 1,
    "dropout": 0.21989304079393024,
    "batch_size": 19,
    "lr": 2.585522936534624e-05,
    "overall_smape_val": 47.02113915087043,
    "metrics": {
        "MSE": {
            "Temperature": 0.8089290513563935,
            "Precipitation_accumulated": 55.11547443324369,
            "Humidity": 8.04779724247012,
            "Wind_Speed_kmh": 0.0915973430716185,
            "Soil_Moisture": 30536.991389266535,
            "Soil_Temperature": 0.6575495265753237,
            "Wind_Dir_Sin": 0.05429630683203624,
            "Wind_Dir_Cos": 0.049314205678387193
        },
        "RMSE": {
            "Temperature": 0.8994048317395196,
            "Precipitation_accumulated": 7.423979689711152,
            "Humidity": 2.8368639802553313,
            "Wind_Speed_kmh": 0.302650529607365,
            "Soil_Moisture": 174.748365913008,
            "Soil_Temperature": 0.8108942758309025,
            "Wind_Dir_Sin": 0.2330156793695142,
            "Wind_Dir_Cos": 0.2220680203865185
        },
        "MAE": {
            "Temperature": 0.6413845733860271,
            "Precipitation_accumulated": 6.0810254419192935,
            "Humidity": 2.2364873768685207,
            "Wind_Speed_kmh": 0.13739147541220761,
            "Soil_Moisture": 94.07835029521615,
            "Soil_Temperature": 0.6652507051470467,
            "Wind_Dir_Sin": 0.11723303340464494,
            "Wind_Dir_Cos": 0.10136737057736019
        },
        "R2": {
            "Temperature": 0.7623835578533261,
            "Precipitation_accumulated": -57.068637858083825,
            "Humidity": 0.8762422773039463,
            "Wind_Speed_kmh": 0.7308399282100936,
            "Soil_Moisture": 0.9587321317182772,
            "Soil_Temperature": 0.8828358583403317,
            "Wind_Dir_Sin": 0.6619558619523308,
            "Wind_Dir_Cos": 0.828229139513111
        },
        "SMAPE": {
            "Temperature": 10.968789992229782,
            "Precipitation_accumulated": 1.3359965979153,
            "Humidity": 2.7012141904173,
            "Wind_Speed_kmh": 163.07663018589759,
            "Soil_Moisture": 1.5119261806714182,
            "Soil_Temperature": 19.026971716006834,
            "Wind_Dir_Sin": 146.25260420110607,
            "Wind_Dir_Cos": 31.294980142719304
        }
    }
}