{
    "trial_number": 47,
    "input_chunk_length": 54,
    "hidden_size": 133,
    "layer_size": 3,
    "dropout": 0.34428494761432327,
    "batch_size": 58,
    "lr": 0.00012834249343622473,
    "overall_smape_val": 49.933777310516334,
    "metrics": {
        "MSE": {
            "Temperature": 1.4844181619724122,
            "Precipitation_accumulated": 49.6519165504891,
            "Humidity": 22.19950286151129,
            "Wind_Speed_kmh": 0.1485277320768143,
            "Soil_Moisture": 75660.87444001022,
            "Soil_Temperature": 0.8222634355998921,
            "Wind_Dir_Sin": 0.06917767299062769,
            "Wind_Dir_Cos": 0.0655115302391522
        },
        "RMSE": {
            "Temperature": 1.2183670062720888,
            "Precipitation_accumulated": 7.046411608080321,
            "Humidity": 4.711634839576523,
            "Wind_Speed_kmh": 0.3853929580010697,
            "Soil_Moisture": 275.0652185210086,
            "Soil_Temperature": 0.9067874258060111,
            "Wind_Dir_Sin": 0.26301648805850114,
            "Wind_Dir_Cos": 0.2559522030363329
        },
        "MAE": {
            "Temperature": 0.8944308353007616,
            "Precipitation_accumulated": 5.871914165030044,
            "Humidity": 3.8257179304938695,
            "Wind_Speed_kmh": 0.1932512547682904,
            "Soil_Moisture": 167.7331014318052,
            "Soil_Temperature": 0.6322084738821726,
            "Wind_Dir_Sin": 0.15691920896226808,
            "Wind_Dir_Cos": 0.13148105229004026
        },
        "R2": {
            "Temperature": 0.5639640315620347,
            "Precipitation_accumulated": -51.31233497993977,
            "Humidity": 0.6586196400890048,
            "Wind_Speed_kmh": 0.5635491850748403,
            "Soil_Moisture": 0.8977514529618071,
            "Soil_Temperature": 0.8534866412999305,
            "Wind_Dir_Sin": 0.5693057557192374,
            "Wind_Dir_Cos": 0.7718107436550714
        },
        "SMAPE": {
            "Temperature": 15.684221185665745,
            "Precipitation_accumulated": 1.267024824385375,
            "Humidity": 4.645071040436825,
            "Wind_Speed_kmh": 166.1688314637379,
            "Soil_Moisture": 2.695827295002797,
            "Soil_Temperature": 18.691791549074843,
            "Wind_Dir_Sin": 150.34738039866366,
            "Wind_Dir_Cos": 39.97007072716356
        }
    }
}