{
    "trial_number": 40,
    "input_chunk_length": 49,
    "training_length": 53,
    "hidden_size": 203,
    "layer_size": 1,
    "dropout": 0.17644531658891213,
    "batch_size": 45,
    "lr": 0.00011653250265721628,
    "forecast_horizon": 1,
    "overall_smape_val": 42.83487460124786,
    "metrics": {
        "MSE": {
            "Temperature": 0.4481531352363026,
            "Precipitation_accumulated": 20.72432395558539,
            "Humidity": 3.01098599605821,
            "Wind_Speed_kmh": 0.06491805472580468,
            "Soil_Moisture": 12344.15823959319,
            "Soil_Temperature": 0.3091022898182172,
            "Wind_Dir_Sin": 0.04889717067484667,
            "Wind_Dir_Cos": 0.04337996246279765
        },
        "RMSE": {
            "Temperature": 0.6694424062130383,
            "Precipitation_accumulated": 4.5523976051730575,
            "Humidity": 1.735219293362718,
            "Wind_Speed_kmh": 0.25479021709203176,
            "Soil_Moisture": 111.10426742296261,
            "Soil_Temperature": 0.5559696842618465,
            "Wind_Dir_Sin": 0.22112704645711403,
            "Wind_Dir_Cos": 0.20827856937956352
        },
        "MAE": {
            "Temperature": 0.42390762927713577,
            "Precipitation_accumulated": 2.6701393793356845,
            "Humidity": 1.104680971328513,
            "Wind_Speed_kmh": 0.10378090957916769,
            "Soil_Moisture": 35.6925968516309,
            "Soil_Temperature": 0.37879806128010884,
            "Wind_Dir_Sin": 0.10332410021894042,
            "Wind_Dir_Cos": 0.09026518453684793
        },
        "R2": {
            "Temperature": 0.8683585991216783,
            "Precipitation_accumulated": -20.83476192494918,
            "Humidity": 0.9536975449660434,
            "Wind_Speed_kmh": 0.8092373895954981,
            "Soil_Moisture": 0.9833180325531569,
            "Soil_Temperature": 0.9449232293418116,
            "Wind_Dir_Sin": 0.695570419459993,
            "Wind_Dir_Cos": 0.8488992496661177
        },
        "SMAPE": {
            "Temperature": 7.331188883815655,
            "Precipitation_accumulated": 0.5800901328377746,
            "Humidity": 1.3038131266981206,
            "Wind_Speed_kmh": 149.34463276065196,
            "Soil_Moisture": 0.564237034465977,
            "Soil_Temperature": 13.115711603948451,
            "Wind_Dir_Sin": 143.68606435263578,
            "Wind_Dir_Cos": 26.753258914929145
        }
    }
}