{
    "trial_number": 33,
    "input_chunk_length": 53,
    "hidden_size": 127,
    "layer_size": 3,
    "dropout": 0.2628210915519761,
    "batch_size": 53,
    "lr": 0.002793960148078268,
    "overall_smape_val": 46.31949308027726,
    "metrics": {
        "MSE": {
            "Temperature": 1.0089758464197387,
            "Precipitation_accumulated": 121.86103280949563,
            "Humidity": 4.712756968623077,
            "Wind_Speed_kmh": 0.09774640537851194,
            "Soil_Moisture": 36308.09978450823,
            "Soil_Temperature": 1.0709661384771998,
            "Wind_Dir_Sin": 0.05121292106531386,
            "Wind_Dir_Cos": 0.045613387546255914
        },
        "RMSE": {
            "Temperature": 1.004477897427185,
            "Precipitation_accumulated": 11.039068475623097,
            "Humidity": 2.1708885205424706,
            "Wind_Speed_kmh": 0.31264421532872144,
            "Soil_Moisture": 190.54684406861278,
            "Soil_Temperature": 1.0348749385685208,
            "Wind_Dir_Sin": 0.22630271996888118,
            "Wind_Dir_Cos": 0.2135729092049268
        },
        "MAE": {
            "Temperature": 0.682441932004902,
            "Precipitation_accumulated": 9.246868153066858,
            "Humidity": 1.60294734851464,
            "Wind_Speed_kmh": 0.16085145814530835,
            "Soil_Moisture": 130.1512430786092,
            "Soil_Temperature": 0.7822605560779009,
            "Wind_Dir_Sin": 0.11375486871117434,
            "Wind_Dir_Cos": 0.10953615797154184
        },
        "R2": {
            "Temperature": 0.7036214110048574,
            "Precipitation_accumulated": -127.39051565813065,
            "Humidity": 0.9275279865428451,
            "Wind_Speed_kmh": 0.7127708227484868,
            "Soil_Moisture": 0.9509330221708288,
            "Soil_Temperature": 0.8091720497241105,
            "Wind_Dir_Sin": 0.681152756632562,
            "Wind_Dir_Cos": 0.8411198006586533
        },
        "SMAPE": {
            "Temperature": 13.272986306594314,
            "Precipitation_accumulated": 2.0227612181535695,
            "Humidity": 1.9174376779323612,
            "Wind_Speed_kmh": 156.61679512488132,
            "Soil_Moisture": 2.156442715700073,
            "Soil_Temperature": 20.594525734267123,
            "Wind_Dir_Sin": 147.14635625982422,
            "Wind_Dir_Cos": 26.828639604865305
        }
    }
}