{
    "trial_number": 13,
    "input_chunk_length": 64,
    "hidden_size": 207,
    "layer_size": 2,
    "dropout": 0.26999666258822763,
    "batch_size": 30,
    "lr": 8.774491676802969e-05,
    "overall_smape_val": 45.44058382098543,
    "metrics": {
        "MSE": {
            "Temperature": 0.5472982011062402,
            "Precipitation_accumulated": 88.56321378858443,
            "Humidity": 5.868497029199701,
            "Wind_Speed_kmh": 0.09162481376344848,
            "Soil_Moisture": 30099.845315110313,
            "Soil_Temperature": 0.4654706758967542,
            "Wind_Dir_Sin": 0.05681843214240069,
            "Wind_Dir_Cos": 0.0499848636956181
        },
        "RMSE": {
            "Temperature": 0.7397960537244304,
            "Precipitation_accumulated": 9.410803036329282,
            "Humidity": 2.422498096841296,
            "Wind_Speed_kmh": 0.3026959097236837,
            "Soil_Moisture": 173.4930699339611,
            "Soil_Temperature": 0.6822541138730892,
            "Wind_Dir_Sin": 0.23836617239533106,
            "Wind_Dir_Cos": 0.22357294938256306
        },
        "MAE": {
            "Temperature": 0.48685595677220267,
            "Precipitation_accumulated": 8.98169990245157,
            "Humidity": 1.8179660695610602,
            "Wind_Speed_kmh": 0.12410503232075999,
            "Soil_Moisture": 67.4973278562927,
            "Soil_Temperature": 0.5477140334802604,
            "Wind_Dir_Sin": 0.11871795112476498,
            "Wind_Dir_Cos": 0.09917005061851962
        },
        "R2": {
            "Temperature": 0.8392355286015755,
            "Precipitation_accumulated": -92.3085533948601,
            "Humidity": 0.9097552030573529,
            "Wind_Speed_kmh": 0.7307592051985179,
            "Soil_Moisture": 0.9593228934727077,
            "Soil_Temperature": 0.9170610425449959,
            "Wind_Dir_Sin": 0.6462533266173252,
            "Wind_Dir_Cos": 0.8258931086853312
        },
        "SMAPE": {
            "Temperature": 8.636022834399483,
            "Precipitation_accumulated": 1.9342725938649843,
            "Humidity": 2.2092867211451495,
            "Wind_Speed_kmh": 154.329788255409,
            "Soil_Moisture": 1.0735745644065677,
            "Soil_Temperature": 15.921967746365056,
            "Wind_Dir_Sin": 148.96732603657028,
            "Wind_Dir_Cos": 30.452431815722825
        }
    }
}