{
    "trial_number": 10,
    "input_chunk_length": 12,
    "training_length": 13,
    "hidden_size": 77,
    "layer_size": 4,
    "dropout": 0.39797070600479445,
    "batch_size": 64,
    "lr": 0.005720020630777215,
    "forecast_horizon": 2,
    "overall_smape_val": 47.29009027951608,
    "metrics": {
        "MSE": {
            "Temperature": 1.166160896974279,
            "Precipitation_accumulated": 21.52120433052062,
            "Humidity": 17.095671487608932,
            "Wind_Speed_kmh": 0.13954309115032304,
            "Soil_Moisture": 49417.75519407341,
            "Soil_Temperature": 0.5205008980291524,
            "Wind_Dir_Sin": 0.058035801437381636,
            "Wind_Dir_Cos": 0.055756502385280376
        },
        "RMSE": {
            "Temperature": 1.079889298481228,
            "Precipitation_accumulated": 4.63909520602031,
            "Humidity": 4.134691220346319,
            "Wind_Speed_kmh": 0.37355466956032424,
            "Soil_Moisture": 222.30104631799063,
            "Soil_Temperature": 0.7214574817888803,
            "Wind_Dir_Sin": 0.2409062087979088,
            "Wind_Dir_Cos": 0.23612814822735637
        },
        "MAE": {
            "Temperature": 0.7057021441498584,
            "Precipitation_accumulated": 3.536589925891037,
            "Humidity": 3.503403542236407,
            "Wind_Speed_kmh": 0.1883309558763697,
            "Soil_Moisture": 136.7844974418696,
            "Soil_Temperature": 0.5257721764336559,
            "Wind_Dir_Sin": 0.10475581880795182,
            "Wind_Dir_Cos": 0.09662933083638975
        },
        "R2": {
            "Temperature": 0.6574495589632132,
            "Precipitation_accumulated": -21.674340253615753,
            "Humidity": 0.7371055324180911,
            "Wind_Speed_kmh": 0.5899506779095187,
            "Soil_Moisture": 0.9332165573834408,
            "Soil_Temperature": 0.907255592946296,
            "Wind_Dir_Sin": 0.6386740900537671,
            "Wind_Dir_Cos": 0.8057893813616401
        },
        "SMAPE": {
            "Temperature": 12.311081949590804,
            "Precipitation_accumulated": 0.7715884287246094,
            "Humidity": 4.234964220278651,
            "Wind_Speed_kmh": 165.0499878899402,
            "Soil_Moisture": 2.2433197012683115,
            "Soil_Temperature": 15.877151379833963,
            "Wind_Dir_Sin": 151.18821262941393,
            "Wind_Dir_Cos": 26.644416037078337
        }
    }
}