{
    "trial_number": 41,
    "input_chunk_length": 51,
    "training_length": 61,
    "hidden_size": 210,
    "layer_size": 1,
    "dropout": 0.13462868519589466,
    "batch_size": 45,
    "lr": 0.00011957858477645159,
    "forecast_horizon": 1,
    "overall_smape_val": 43.10942031530082,
    "metrics": {
        "MSE": {
            "Temperature": 0.4428021256515152,
            "Precipitation_accumulated": 16.847537512721527,
            "Humidity": 2.231493578344548,
            "Wind_Speed_kmh": 0.06544314437820385,
            "Soil_Moisture": 12750.925350254698,
            "Soil_Temperature": 0.38734309785699716,
            "Wind_Dir_Sin": 0.04860645287912691,
            "Wind_Dir_Cos": 0.04405978614899536
        },
        "RMSE": {
            "Temperature": 0.6654337875788359,
            "Precipitation_accumulated": 4.104575192723545,
            "Humidity": 1.4938184556178666,
            "Wind_Speed_kmh": 0.25581857707798283,
            "Soil_Moisture": 112.91999535181844,
            "Soil_Temperature": 0.6223689403055049,
            "Wind_Dir_Sin": 0.2204687117917799,
            "Wind_Dir_Cos": 0.20990423089827265
        },
        "MAE": {
            "Temperature": 0.41156012233906747,
            "Precipitation_accumulated": 2.3447041710315792,
            "Humidity": 0.8817744867422826,
            "Wind_Speed_kmh": 0.10597880893367992,
            "Soil_Moisture": 34.365511825313455,
            "Soil_Temperature": 0.4598361029655004,
            "Wind_Dir_Sin": 0.10356722033272224,
            "Wind_Dir_Cos": 0.09555547049400086
        },
        "R2": {
            "Temperature": 0.8699304154105085,
            "Precipitation_accumulated": -16.750251897253467,
            "Humidity": 0.9656844531309259,
            "Wind_Speed_kmh": 0.8076944063189484,
            "Soil_Moisture": 0.9827683251071896,
            "Soil_Temperature": 0.9309820481134309,
            "Wind_Dir_Sin": 0.6973804034608057,
            "Wind_Dir_Cos": 0.8465312930509566
        },
        "SMAPE": {
            "Temperature": 7.068612477502531,
            "Precipitation_accumulated": 0.509062434015848,
            "Humidity": 1.0438815435746092,
            "Wind_Speed_kmh": 151.25279459834442,
            "Soil_Moisture": 0.5406873057971548,
            "Soil_Temperature": 14.310016772603815,
            "Wind_Dir_Sin": 143.12641299522886,
            "Wind_Dir_Cos": 27.023894395339198
        }
    }
}