{
    "trial_number": 21,
    "input_chunk_length": 24,
    "training_length": 32,
    "hidden_size": 123,
    "layer_size": 4,
    "dropout": 0.2634473656619798,
    "batch_size": 59,
    "lr": 0.0009340543261715074,
    "forecast_horizon": 1,
    "overall_smape_val": 43.95590375356098,
    "metrics": {
        "MSE": {
            "Temperature": 0.7064920246460258,
            "Precipitation_accumulated": 11.532825209074897,
            "Humidity": 4.044555448050295,
            "Wind_Speed_kmh": 0.09188947997826313,
            "Soil_Moisture": 23749.64909497223,
            "Soil_Temperature": 0.6278814016056926,
            "Wind_Dir_Sin": 0.04473116429935091,
            "Wind_Dir_Cos": 0.04001053681451361
        },
        "RMSE": {
            "Temperature": 0.8405307993440965,
            "Precipitation_accumulated": 3.3960013558705917,
            "Humidity": 2.0111080150131904,
            "Wind_Speed_kmh": 0.3031327761530632,
            "Soil_Moisture": 154.10921158377337,
            "Soil_Temperature": 0.792389677876796,
            "Wind_Dir_Sin": 0.2114974333162247,
            "Wind_Dir_Cos": 0.20002634030175528
        },
        "MAE": {
            "Temperature": 0.5635561848215405,
            "Precipitation_accumulated": 2.813412828657937,
            "Humidity": 1.449164466189898,
            "Wind_Speed_kmh": 0.12577610065211317,
            "Soil_Moisture": 80.0128763507614,
            "Soil_Temperature": 0.6359697827728162,
            "Wind_Dir_Sin": 0.09960864871206557,
            "Wind_Dir_Cos": 0.08330089538206548
        },
        "R2": {
            "Temperature": 0.792473615553921,
            "Precipitation_accumulated": -11.15076995041548,
            "Humidity": 0.9378034813144734,
            "Wind_Speed_kmh": 0.729981479830172,
            "Soil_Moisture": 0.9679045856844645,
            "Soil_Temperature": 0.8881222135975891,
            "Wind_Dir_Sin": 0.7215076169688782,
            "Wind_Dir_Cos": 0.8606356070704508
        },
        "SMAPE": {
            "Temperature": 9.767776170191846,
            "Precipitation_accumulated": 0.6104732534447124,
            "Humidity": 1.7190937541794853,
            "Wind_Speed_kmh": 151.26723749176344,
            "Soil_Moisture": 1.3191219428028538,
            "Soil_Temperature": 20.76442077065458,
            "Wind_Dir_Sin": 142.85748419759557,
            "Wind_Dir_Cos": 23.341622447855443
        }
    }
}