{
    "trial_number": 53,
    "input_chunk_length": 28,
    "output_chunk_length": 3,
    "hidden_size": 195,
    "layer_size": 1,
    "dropout": 0.45545902632938995,
    "batch_size": 170,
    "lr": 0.0026487051071994888,
    "loss_function": "smoothl1",
    "optimizer": "AdamW",
    "overall_mae_val": 0.11620264216360184,
    "metrics": {
        "MSE": {
            "Temperature": 6.226405489555607,
            "Precipitation_accumulated": 717.2099517790715,
            "Humidity": 48.056423091841324,
            "Wind_Speed_kmh": 1.0225514400178144,
            "Soil_Moisture": 34827.25569814242,
            "Soil_Temperature": 8.280705387132016,
            "Wind_Dir_Sin": 0.5337152946935602,
            "Wind_Dir_Cos": 0.3691089129638675
        },
        "RMSE": {
            "Temperature": 2.4952766358773943,
            "Precipitation_accumulated": 26.780775787476202,
            "Humidity": 6.932274020250594,
            "Wind_Speed_kmh": 1.0112128559397444,
            "Soil_Moisture": 186.62061970249275,
            "Soil_Temperature": 2.8776214808643643,
            "Wind_Dir_Sin": 0.7305582076012562,
            "Wind_Dir_Cos": 0.6075433424570361
        },
        "MAE": {
            "Temperature": 2.021553036739895,
            "Precipitation_accumulated": 22.448667652212478,
            "Humidity": 5.504626029361733,
            "Wind_Speed_kmh": 0.8037903038313853,
            "Soil_Moisture": 150.12507743735407,
            "Soil_Temperature": 2.492839754936453,
            "Wind_Dir_Sin": 0.6362478783232571,
            "Wind_Dir_Cos": 0.509969741249333
        },
        "R2": {
            "Temperature": 0.7955014881583548,
            "Precipitation_accumulated": -208.29673104835683,
            "Humidity": 0.6720172005093932,
            "Wind_Speed_kmh": 0.24211177046278964,
            "Soil_Moisture": 0.38902128302461636,
            "Soil_Temperature": 0.4859005616443296,
            "Wind_Dir_Sin": 0.030753053959240217,
            "Wind_Dir_Cos": -0.007319901198213685
        },
        "SMAPE": {
            "Temperature": 33.13527590768397,
            "Precipitation_accumulated": 4.980353081731307,
            "Humidity": 6.495025159290618,
            "Wind_Speed_kmh": 67.94686338430675,
            "Soil_Moisture": 1.7468199870547452,
            "Soil_Temperature": 55.17127148970307,
            "Wind_Dir_Sin": 134.23348951988143,
            "Wind_Dir_Cos": 125.61263373107761
        }
    }
}