{
    "trial_number": 14,
    "input_chunk_length": 27,
    "training_length": 29,
    "hidden_size": 87,
    "layer_size": 4,
    "dropout": 0.3312661279610274,
    "batch_size": 56,
    "lr": 0.001990987054995893,
    "forecast_horizon": 5,
    "overall_smape_val": 49.14076113424272,
    "metrics": {
        "MSE": {
            "Temperature": 1.306043988276801,
            "Precipitation_accumulated": 117.79600924557573,
            "Humidity": 7.529529394281275,
            "Wind_Speed_kmh": 0.1470742297484715,
            "Soil_Moisture": 72913.79772622463,
            "Soil_Temperature": 1.4542641735888353,
            "Wind_Dir_Sin": 0.08117611972603522,
            "Wind_Dir_Cos": 0.07527932964370533
        },
        "RMSE": {
            "Temperature": 1.1428228157841447,
            "Precipitation_accumulated": 10.853386994186456,
            "Humidity": 2.7439987963337877,
            "Wind_Speed_kmh": 0.383502581149686,
            "Soil_Moisture": 270.02555013595406,
            "Soil_Temperature": 1.2059287597486161,
            "Wind_Dir_Sin": 0.2849142322279377,
            "Wind_Dir_Cos": 0.2743707886122452
        },
        "MAE": {
            "Temperature": 0.7613063383624562,
            "Precipitation_accumulated": 9.058418985269729,
            "Humidity": 1.6619393014450914,
            "Wind_Speed_kmh": 0.20344842531775412,
            "Soil_Moisture": 134.39942179591716,
            "Soil_Temperature": 0.9551739875254494,
            "Wind_Dir_Sin": 0.1444852781014579,
            "Wind_Dir_Cos": 0.1050459130912745
        },
        "R2": {
            "Temperature": 0.6158650029264154,
            "Precipitation_accumulated": -123.04705521812218,
            "Humidity": 0.884232334127158,
            "Wind_Speed_kmh": 0.5687241395501912,
            "Soil_Moisture": 0.9016574644589759,
            "Soil_Temperature": 0.7406185571529852,
            "Wind_Dir_Sin": 0.49560564957063125,
            "Wind_Dir_Cos": 0.7382286809359925
        },
        "SMAPE": {
            "Temperature": 14.248010854213769,
            "Precipitation_accumulated": 1.9425369101200738,
            "Humidity": 1.9676630588218529,
            "Wind_Speed_kmh": 160.1593986555163,
            "Soil_Moisture": 2.0116469499267615,
            "Soil_Temperature": 26.710269837756922,
            "Wind_Dir_Sin": 157.19214342298835,
            "Wind_Dir_Cos": 28.89441938459783
        }
    }
}