{
    "trial_number": 20,
    "input_chunk_length": 26,
    "training_length": 33,
    "hidden_size": 125,
    "layer_size": 4,
    "dropout": 0.2622303219961951,
    "batch_size": 60,
    "lr": 0.0008765984941136158,
    "forecast_horizon": 3,
    "overall_smape_val": 45.51497858846527,
    "metrics": {
        "MSE": {
            "Temperature": 0.6439495896365228,
            "Precipitation_accumulated": 19.79661862192069,
            "Humidity": 5.3193734312217265,
            "Wind_Speed_kmh": 0.11423795117859982,
            "Soil_Moisture": 36573.104820999244,
            "Soil_Temperature": 0.4323828943332752,
            "Wind_Dir_Sin": 0.0639210910630769,
            "Wind_Dir_Cos": 0.062418794178834454
        },
        "RMSE": {
            "Temperature": 0.802464696816329,
            "Precipitation_accumulated": 4.449339121928187,
            "Humidity": 2.3063766889261013,
            "Wind_Speed_kmh": 0.3379910519209049,
            "Soil_Moisture": 191.2409601026915,
            "Soil_Temperature": 0.657558282080969,
            "Wind_Dir_Sin": 0.25282620723152277,
            "Wind_Dir_Cos": 0.24983753556828575
        },
        "MAE": {
            "Temperature": 0.5261222178211697,
            "Precipitation_accumulated": 3.0779929648733795,
            "Humidity": 1.3921149266914858,
            "Wind_Speed_kmh": 0.14474248529517955,
            "Soil_Moisture": 83.33422576716738,
            "Soil_Temperature": 0.4613636794588366,
            "Wind_Dir_Sin": 0.12143637862006938,
            "Wind_Dir_Cos": 0.11336480318464258
        },
        "R2": {
            "Temperature": 0.8107545782170824,
            "Precipitation_accumulated": -19.853938044858882,
            "Humidity": 0.9182010587779326,
            "Wind_Speed_kmh": 0.6645441965560099,
            "Soil_Moisture": 0.9506069712337967,
            "Soil_Temperature": 0.9229315015429377,
            "Wind_Dir_Sin": 0.6022955813596356,
            "Wind_Dir_Cos": 0.7827052576324052
        },
        "SMAPE": {
            "Temperature": 9.19831959409049,
            "Precipitation_accumulated": 0.6653603889064599,
            "Humidity": 1.664340026688854,
            "Wind_Speed_kmh": 157.18488556722866,
            "Soil_Moisture": 1.3315281970270423,
            "Soil_Temperature": 16.57258930420914,
            "Wind_Dir_Sin": 149.16269945444884,
            "Wind_Dir_Cos": 28.340106175122212
        }
    }
}