{
    "trial_number": 2,
    "input_chunk_length": 63,
    "training_length": 65,
    "hidden_size": 130,
    "layer_size": 3,
    "dropout": 0.12014957586738009,
    "batch_size": 51,
    "lr": 1.3508785571349446e-05,
    "forecast_horizon": 21,
    "overall_smape_val": 56.0066092881288,
    "metrics": {
        "MSE": {
            "Temperature": 2.1741790456479615,
            "Precipitation_accumulated": 228.4438865469012,
            "Humidity": 45.73267216988241,
            "Wind_Speed_kmh": 0.27149098606427324,
            "Soil_Moisture": 300125.8847108424,
            "Soil_Temperature": 3.3346820114853863,
            "Wind_Dir_Sin": 0.16757400735698577,
            "Wind_Dir_Cos": 0.14736801996626903
        },
        "RMSE": {
            "Temperature": 1.4745097645142813,
            "Precipitation_accumulated": 15.114360275807282,
            "Humidity": 6.762593597864832,
            "Wind_Speed_kmh": 0.5210479690626125,
            "Soil_Moisture": 547.8374619454592,
            "Soil_Temperature": 1.826111171721313,
            "Wind_Dir_Sin": 0.4093580429855822,
            "Wind_Dir_Cos": 0.38388542557157473
        },
        "MAE": {
            "Temperature": 1.1574620273197047,
            "Precipitation_accumulated": 11.102763421466785,
            "Humidity": 5.875324727474593,
            "Wind_Speed_kmh": 0.2960115242534046,
            "Soil_Moisture": 313.7476596101227,
            "Soil_Temperature": 1.3773891544352672,
            "Wind_Dir_Sin": 0.2531448052723509,
            "Wind_Dir_Cos": 0.26113047950895063
        },
        "R2": {
            "Temperature": 0.3553917084790791,
            "Precipitation_accumulated": -238.96564426591823,
            "Humidity": 0.29725721174064035,
            "Wind_Speed_kmh": 0.21278572504324333,
            "Soil_Moisture": 0.5994957156011442,
            "Soil_Temperature": 0.40215585074133386,
            "Wind_Dir_Sin": -0.030214422127494034,
            "Wind_Dir_Cos": 0.4921514075351152
        },
        "SMAPE": {
            "Temperature": 19.23379868724344,
            "Precipitation_accumulated": 2.4358034058982927,
            "Humidity": 7.011349484017866,
            "Wind_Speed_kmh": 174.07915989565177,
            "Soil_Moisture": 4.824359603858655,
            "Soil_Temperature": 26.818917520042575,
            "Wind_Dir_Sin": 160.33368189122532,
            "Wind_Dir_Cos": 53.3158038170923
        }
    }
}