{
    "trial_number": 20,
    "input_chunk_length": 38,
    "hidden_size": 61,
    "layer_size": 3,
    "dropout": 0.26415688395433223,
    "batch_size": 42,
    "lr": 8.259455083648897e-05,
    "overall_smape_val": 51.823097605597276,
    "metrics": {
        "MSE": {
            "Temperature": 1.7507256479690985,
            "Precipitation_accumulated": 84.66912332755308,
            "Humidity": 25.67303302199852,
            "Wind_Speed_kmh": 0.15890488873606268,
            "Soil_Moisture": 80189.94363290766,
            "Soil_Temperature": 1.977226500794289,
            "Wind_Dir_Sin": 0.07276264587299487,
            "Wind_Dir_Cos": 0.07690462922180281
        },
        "RMSE": {
            "Temperature": 1.3231498962585828,
            "Precipitation_accumulated": 9.201582653410938,
            "Humidity": 5.066856325375579,
            "Wind_Speed_kmh": 0.3986287605480351,
            "Soil_Moisture": 283.1782894801571,
            "Soil_Temperature": 1.4061388625574252,
            "Wind_Dir_Sin": 0.2697455205800365,
            "Wind_Dir_Cos": 0.2773168390520179
        },
        "MAE": {
            "Temperature": 1.074397467477422,
            "Precipitation_accumulated": 6.447141929341786,
            "Humidity": 4.287701684719592,
            "Wind_Speed_kmh": 0.19514351157443507,
            "Soil_Moisture": 150.94003097871325,
            "Soil_Temperature": 1.0685876588858687,
            "Wind_Dir_Sin": 0.14326391843582295,
            "Wind_Dir_Cos": 0.15047593587700703
        },
        "R2": {
            "Temperature": 0.48573833644890585,
            "Precipitation_accumulated": -88.2058121757469,
            "Humidity": 0.6052042558010657,
            "Wind_Speed_kmh": 0.5330557653127135,
            "Soil_Moisture": 0.8916308424370587,
            "Soil_Temperature": 0.6476918673505041,
            "Wind_Dir_Sin": 0.5469860227824652,
            "Wind_Dir_Cos": 0.7321263892395264
        },
        "SMAPE": {
            "Temperature": 18.277757369040422,
            "Precipitation_accumulated": 1.3853764058652938,
            "Humidity": 5.164673595034533,
            "Wind_Speed_kmh": 166.473639777418,
            "Soil_Moisture": 2.377111536044975,
            "Soil_Temperature": 25.360199276487528,
            "Wind_Dir_Sin": 153.57052695043654,
            "Wind_Dir_Cos": 41.97549593445107
        }
    }
}