{
    "trial_number": 19,
    "input_chunk_length": 18,
    "training_length": 22,
    "hidden_size": 101,
    "layer_size": 3,
    "dropout": 0.31823943197968974,
    "batch_size": 36,
    "lr": 0.003619581355005873,
    "forecast_horizon": 7,
    "overall_smape_val": 56.1726305591417,
    "metrics": {
        "MSE": {
            "Temperature": 8.244042360158174,
            "Precipitation_accumulated": 11.079448195650382,
            "Humidity": 61.90370253275004,
            "Wind_Speed_kmh": 0.16969739919084295,
            "Soil_Moisture": 268994.1279031469,
            "Soil_Temperature": 12.904623799329134,
            "Wind_Dir_Sin": 0.09153680760082455,
            "Wind_Dir_Cos": 0.09509653814143744
        },
        "RMSE": {
            "Temperature": 2.871244043991763,
            "Precipitation_accumulated": 3.3285805076113726,
            "Humidity": 7.8678906024899735,
            "Wind_Speed_kmh": 0.4119434417378713,
            "Soil_Moisture": 518.646438243961,
            "Soil_Temperature": 3.5923006276381066,
            "Wind_Dir_Sin": 0.302550504215122,
            "Wind_Dir_Cos": 0.30837726592833886
        },
        "MAE": {
            "Temperature": 2.3364136985725255,
            "Precipitation_accumulated": 2.9823096983047526,
            "Humidity": 6.894896145669483,
            "Wind_Speed_kmh": 0.23537180960167264,
            "Soil_Moisture": 437.95607364180603,
            "Soil_Temperature": 2.956000061371334,
            "Wind_Dir_Sin": 0.19097300061485437,
            "Wind_Dir_Cos": 0.15029731152618964
        },
        "R2": {
            "Temperature": -1.4265381075973296,
            "Precipitation_accumulated": -10.663637208342516,
            "Humidity": 0.04849901421466862,
            "Wind_Speed_kmh": 0.5030798810749235,
            "Soil_Moisture": 0.6376752102197633,
            "Soil_Temperature": -1.3031144692218337,
            "Wind_Dir_Sin": 0.4319812845176647,
            "Wind_Dir_Cos": 0.6696889666159205
        },
        "SMAPE": {
            "Temperature": 32.319788563744616,
            "Precipitation_accumulated": 0.6514302460559463,
            "Humidity": 8.415477414479875,
            "Wind_Speed_kmh": 170.64009330931384,
            "Soil_Moisture": 7.761528258404586,
            "Soil_Temperature": 42.60380590849584,
            "Wind_Dir_Sin": 152.1162676066327,
            "Wind_Dir_Cos": 34.872653166005925
        }
    }
}