{
    "trial_number": 18,
    "input_chunk_length": 35,
    "training_length": 45,
    "hidden_size": 54,
    "layer_size": 4,
    "dropout": 0.36266324447135795,
    "batch_size": 59,
    "lr": 0.009451749684765651,
    "forecast_horizon": 15,
    "overall_smape_val": 49.94043647535986,
    "metrics": {
        "MSE": {
            "Temperature": 0.908504591563925,
            "Precipitation_accumulated": 11.143567631427276,
            "Humidity": 36.4550496465326,
            "Wind_Speed_kmh": 0.19342023682386106,
            "Soil_Moisture": 159264.14766084566,
            "Soil_Temperature": 0.7961481602398816,
            "Wind_Dir_Sin": 0.10402613824134492,
            "Wind_Dir_Cos": 0.1352527976970856
        },
        "RMSE": {
            "Temperature": 0.9531550721492936,
            "Precipitation_accumulated": 3.33819826125221,
            "Humidity": 6.037801723022428,
            "Wind_Speed_kmh": 0.4397956762223352,
            "Soil_Moisture": 399.07912456159073,
            "Soil_Temperature": 0.8922713489964146,
            "Wind_Dir_Sin": 0.32253083300879143,
            "Wind_Dir_Cos": 0.3677673146122227
        },
        "MAE": {
            "Temperature": 0.6596669542793636,
            "Precipitation_accumulated": 3.1298525704831466,
            "Humidity": 4.84185725708004,
            "Wind_Speed_kmh": 0.2442500212771034,
            "Soil_Moisture": 178.28016285196148,
            "Soil_Temperature": 0.5059950346372787,
            "Wind_Dir_Sin": 0.1542707678510864,
            "Wind_Dir_Cos": 0.18132444852663232
        },
        "R2": {
            "Temperature": 0.7321433681620391,
            "Precipitation_accumulated": -10.716341354097525,
            "Humidity": 0.44043545702751663,
            "Wind_Speed_kmh": 0.4367824316147192,
            "Soil_Moisture": 0.7866241903568094,
            "Soil_Temperature": 0.8576009568477596,
            "Wind_Dir_Sin": 0.3579012197840027,
            "Wind_Dir_Cos": 0.5323201557730303
        },
        "SMAPE": {
            "Temperature": 11.382119217341032,
            "Precipitation_accumulated": 0.6832152578767776,
            "Humidity": 5.88896339392424,
            "Wind_Speed_kmh": 167.6422571617292,
            "Soil_Moisture": 2.894446038971956,
            "Soil_Temperature": 19.059435493540246,
            "Wind_Dir_Sin": 154.01749260888067,
            "Wind_Dir_Cos": 37.955562630614956
        }
    }
}