{
    "trial_number": 57,
    "input_chunk_length": 34,
    "output_chunk_length": 4,
    "hidden_size": 171,
    "layer_size": 1,
    "dropout": 0.4938726246806412,
    "batch_size": 122,
    "lr": 0.0021087490755439184,
    "loss_function": "smoothl1",
    "optimizer": "AdamW",
    "overall_mae_val": 0.11893197271850944,
    "metrics": {
        "MSE": {
            "Temperature": 7.177479642117971,
            "Precipitation_accumulated": 447.6410353368277,
            "Humidity": 62.41596477014004,
            "Wind_Speed_kmh": 1.0655092649154057,
            "Soil_Moisture": 43616.75358330456,
            "Soil_Temperature": 11.608374949585269,
            "Wind_Dir_Sin": 0.6035223565755989,
            "Wind_Dir_Cos": 0.36438751419265997
        },
        "RMSE": {
            "Temperature": 2.679081865512506,
            "Precipitation_accumulated": 21.157529046106205,
            "Humidity": 7.900377508077702,
            "Wind_Speed_kmh": 1.0322350821956234,
            "Soil_Moisture": 208.84624388124524,
            "Soil_Temperature": 3.4071065362834294,
            "Wind_Dir_Sin": 0.7768670134428408,
            "Wind_Dir_Cos": 0.6036451889915632
        },
        "MAE": {
            "Temperature": 2.0467116461505803,
            "Precipitation_accumulated": 16.62299682895702,
            "Humidity": 6.107248706726811,
            "Wind_Speed_kmh": 0.831373092516198,
            "Soil_Moisture": 161.80851821065252,
            "Soil_Temperature": 3.001521692964247,
            "Wind_Dir_Sin": 0.658844512137124,
            "Wind_Dir_Cos": 0.5077667088268559
        },
        "R2": {
            "Temperature": 0.7650743003212175,
            "Precipitation_accumulated": -131.0543744297296,
            "Humidity": 0.5747243885702397,
            "Wind_Speed_kmh": 0.21003324231825138,
            "Soil_Moisture": 0.2109761453760567,
            "Soil_Temperature": 0.2800126371424503,
            "Wind_Dir_Sin": -0.0958340879101427,
            "Wind_Dir_Cos": 0.006319900422054436
        },
        "SMAPE": {
            "Temperature": 34.52060314923216,
            "Precipitation_accumulated": 3.6636013793427087,
            "Humidity": 7.19278430337843,
            "Wind_Speed_kmh": 69.45314881523385,
            "Soil_Moisture": 1.9022096551766317,
            "Soil_Temperature": 65.96197880806743,
            "Wind_Dir_Sin": 131.809381116993,
            "Wind_Dir_Cos": 124.61669053713607
        }
    }
}