{
    "trial_number": 16,
    "input_chunk_length": 25,
    "training_length": 27,
    "hidden_size": 66,
    "layer_size": 4,
    "dropout": 0.28743224960019464,
    "batch_size": 39,
    "lr": 0.002406834015894222,
    "forecast_horizon": 10,
    "overall_smape_val": 49.03511337069689,
    "metrics": {
        "MSE": {
            "Temperature": 1.2973734390744476,
            "Precipitation_accumulated": 40.57494777931171,
            "Humidity": 16.774597806246806,
            "Wind_Speed_kmh": 0.14872583123344385,
            "Soil_Moisture": 125721.77968400669,
            "Soil_Temperature": 0.861200296560975,
            "Wind_Dir_Sin": 0.09278880662878398,
            "Wind_Dir_Cos": 0.11450583954576132
        },
        "RMSE": {
            "Temperature": 1.1390230195542352,
            "Precipitation_accumulated": 6.36984676262402,
            "Humidity": 4.095680383800328,
            "Wind_Speed_kmh": 0.3856498816717618,
            "Soil_Moisture": 354.5726719362431,
            "Soil_Temperature": 0.9280087804331244,
            "Wind_Dir_Sin": 0.30461255165994716,
            "Wind_Dir_Cos": 0.33838711492277795
        },
        "MAE": {
            "Temperature": 0.8260645455231623,
            "Precipitation_accumulated": 5.354616417632575,
            "Humidity": 2.550953728870987,
            "Wind_Speed_kmh": 0.1903516032350954,
            "Soil_Moisture": 153.98638397004225,
            "Soil_Temperature": 0.6536328358131088,
            "Wind_Dir_Sin": 0.17177548761773165,
            "Wind_Dir_Cos": 0.1497635579791506
        },
        "R2": {
            "Temperature": 0.61778496800345,
            "Precipitation_accumulated": -41.69392135092673,
            "Humidity": 0.7422750145034102,
            "Wind_Speed_kmh": 0.5654042608880272,
            "Soil_Moisture": 0.8309963571628103,
            "Soil_Temperature": 0.846160845259287,
            "Wind_Dir_Sin": 0.4253564525017368,
            "Wind_Dir_Cos": 0.6029425909958765
        },
        "SMAPE": {
            "Temperature": 14.254490570092777,
            "Precipitation_accumulated": 1.1548597615541492,
            "Humidity": 2.9229700545168615,
            "Wind_Speed_kmh": 165.29880584281585,
            "Soil_Moisture": 2.298626615352978,
            "Soil_Temperature": 17.255439579383555,
            "Wind_Dir_Sin": 154.19764112813343,
            "Wind_Dir_Cos": 34.898073413725726
        }
    }
}