{
    "trial_number": 0,
    "input_chunk_length": 34,
    "output_chunk_length": 15,
    "hidden_size": 43,
    "layer_size": 3,
    "dropout": 0.3016939481953512,
    "batch_size": 116,
    "lr": 6.840649584233789e-06,
    "loss_function": "mae",
    "optimizer": "RMSprop",
    "overall_mae_val": 0.4768506467382286,
    "metrics": {
        "MSE": {
            "Temperature": 35.28233254048764,
            "Precipitation_accumulated": 175526.72195348554,
            "Humidity": 5923.85789811839,
            "Wind_Speed_kmh": 2.1000714430950866,
            "Soil_Moisture": 8432623.646137627,
            "Soil_Temperature": 18.826571869552737,
            "Wind_Dir_Sin": 1.5543527964550696,
            "Wind_Dir_Cos": 1.3629307492723988
        },
        "RMSE": {
            "Temperature": 5.9398933105307234,
            "Precipitation_accumulated": 418.95909341305094,
            "Humidity": 76.96660248522336,
            "Wind_Speed_kmh": 1.4491623246189802,
            "Soil_Moisture": 2903.8980089076176,
            "Soil_Temperature": 4.338959768141753,
            "Wind_Dir_Sin": 1.24673685934726,
            "Wind_Dir_Cos": 1.167446251127819
        },
        "MAE": {
            "Temperature": 4.907200648555845,
            "Precipitation_accumulated": 418.91902518740324,
            "Humidity": 75.91700372183305,
            "Wind_Speed_kmh": 1.0973726394311014,
            "Soil_Moisture": 2893.173266764535,
            "Soil_Temperature": 3.5526795698349325,
            "Wind_Dir_Sin": 1.0468540059127778,
            "Wind_Dir_Cos": 0.9955283195253118
        },
        "R2": {
            "Temperature": -0.1568341812630456,
            "Precipitation_accumulated": -52701.23791033366,
            "Humidity": -39.399275862273115,
            "Wind_Speed_kmh": -0.5598350688174107,
            "Soil_Moisture": -157.97043397138194,
            "Soil_Temperature": -0.16952323365713817,
            "Wind_Dir_Sin": -1.8254770726854068,
            "Wind_Dir_Cos": -2.712254765203069
        },
        "SMAPE": {
            "Temperature": 57.77676195607321,
            "Precipitation_accumulated": 164.29016757465513,
            "Humidity": 153.66738358093858,
            "Wind_Speed_kmh": 96.72255332081706,
            "Soil_Moisture": 40.503925341781766,
            "Soil_Temperature": 48.14902000872034,
            "Wind_Dir_Sin": 140.27031513213674,
            "Wind_Dir_Cos": 119.44937228565051
        }
    }
}