{
    "trial_number": 27,
    "input_chunk_length": 46,
    "training_length": 58,
    "hidden_size": 151,
    "layer_size": 3,
    "dropout": 0.26580838647016963,
    "batch_size": 59,
    "lr": 0.0013875272804938226,
    "forecast_horizon": 11,
    "overall_smape_val": 51.10133845629615,
    "metrics": {
        "MSE": {
            "Temperature": 1.3363855004061147,
            "Precipitation_accumulated": 75.77324528271275,
            "Humidity": 13.387893527146185,
            "Wind_Speed_kmh": 0.1723606137344137,
            "Soil_Moisture": 105919.58103619599,
            "Soil_Temperature": 1.258721289217093,
            "Wind_Dir_Sin": 0.09523279286983392,
            "Wind_Dir_Cos": 0.1159102842693754
        },
        "RMSE": {
            "Temperature": 1.1560214100119923,
            "Precipitation_accumulated": 8.704782896931592,
            "Humidity": 3.658947051700282,
            "Wind_Speed_kmh": 0.4151633578898958,
            "Soil_Moisture": 325.45288604680707,
            "Soil_Temperature": 1.1219274883953476,
            "Wind_Dir_Sin": 0.3085981089861601,
            "Wind_Dir_Cos": 0.34045599461512704
        },
        "MAE": {
            "Temperature": 0.8407488205708088,
            "Precipitation_accumulated": 7.714109936397334,
            "Humidity": 2.1977268244623183,
            "Wind_Speed_kmh": 0.18917937558421064,
            "Soil_Moisture": 107.29984127781582,
            "Soil_Temperature": 0.8381376738573585,
            "Wind_Dir_Sin": 0.17461780931662957,
            "Wind_Dir_Cos": 0.17694313425997202
        },
        "R2": {
            "Temperature": 0.6062177762106827,
            "Precipitation_accumulated": -78.71779847842768,
            "Humidity": 0.7943414715461812,
            "Wind_Speed_kmh": 0.49669347784663653,
            "Soil_Moisture": 0.857710821409207,
            "Soil_Temperature": 0.7750897645953899,
            "Wind_Dir_Sin": 0.4106122305101728,
            "Wind_Dir_Cos": 0.5982987388208548
        },
        "SMAPE": {
            "Temperature": 15.291930624387224,
            "Precipitation_accumulated": 1.693222716638823,
            "Humidity": 2.5599949059295155,
            "Wind_Speed_kmh": 167.7926011835434,
            "Soil_Moisture": 1.667182423808737,
            "Soil_Temperature": 22.964177198256774,
            "Wind_Dir_Sin": 155.24606485016704,
            "Wind_Dir_Cos": 41.59553374763778
        }
    }
}