{
    "trial_number": 11,
    "input_chunk_length": 14,
    "training_length": 15,
    "hidden_size": 75,
    "layer_size": 4,
    "dropout": 0.38850419747734777,
    "batch_size": 63,
    "lr": 0.004590916410390658,
    "forecast_horizon": 1,
    "overall_smape_val": 46.71338525166448,
    "metrics": {
        "MSE": {
            "Temperature": 0.7410687719745797,
            "Precipitation_accumulated": 21.2123080983037,
            "Humidity": 18.07549199066425,
            "Wind_Speed_kmh": 0.10906919261412532,
            "Soil_Moisture": 35018.417494023684,
            "Soil_Temperature": 0.6055569759827123,
            "Wind_Dir_Sin": 0.04776554770263541,
            "Wind_Dir_Cos": 0.04085748893405376
        },
        "RMSE": {
            "Temperature": 0.8608535136564058,
            "Precipitation_accumulated": 4.605682153416983,
            "Humidity": 4.251528194739422,
            "Wind_Speed_kmh": 0.33025625295234806,
            "Soil_Moisture": 187.132085688221,
            "Soil_Temperature": 0.7781754146609312,
            "Wind_Dir_Sin": 0.2185533063182422,
            "Wind_Dir_Cos": 0.20213235499061935
        },
        "MAE": {
            "Temperature": 0.6258778053393467,
            "Precipitation_accumulated": 2.4695230524854463,
            "Humidity": 3.6015831901782906,
            "Wind_Speed_kmh": 0.14436814931797443,
            "Soil_Moisture": 137.86229861051862,
            "Soil_Temperature": 0.6316119729054093,
            "Wind_Dir_Sin": 0.09445117568404444,
            "Wind_Dir_Cos": 0.09546128770492011
        },
        "R2": {
            "Temperature": 0.7823169724373967,
            "Precipitation_accumulated": -21.348892933624768,
            "Humidity": 0.7220380113989098,
            "Wind_Speed_kmh": 0.6794986543318045,
            "Soil_Moisture": 0.9526759063407374,
            "Soil_Temperature": 0.8921000465370855,
            "Wind_Dir_Sin": 0.7026158067902855,
            "Wind_Dir_Cos": 0.8576855099865923
        },
        "SMAPE": {
            "Temperature": 10.866346660242684,
            "Precipitation_accumulated": 0.5317212902726172,
            "Humidity": 4.353093691278476,
            "Wind_Speed_kmh": 158.14377296362733,
            "Soil_Moisture": 2.2147945019142163,
            "Soil_Temperature": 20.471419226100966,
            "Wind_Dir_Sin": 152.7186566649071,
            "Wind_Dir_Cos": 24.407277014972667
        }
    }
}