{
    "trial_number": 2,
    "input_chunk_length": 64,
    "hidden_size": 123,
    "layer_size": 3,
    "dropout": 0.24003839014980324,
    "batch_size": 49,
    "lr": 0.0007028219422458905,
    "overall_smape_val": 44.58765886900284,
    "metrics": {
        "MSE": {
            "Temperature": 0.6796406370995771,
            "Precipitation_accumulated": 21.488711407101043,
            "Humidity": 5.337796802587557,
            "Wind_Speed_kmh": 0.10000893555411845,
            "Soil_Moisture": 32027.40589100778,
            "Soil_Temperature": 0.29677840792879007,
            "Wind_Dir_Sin": 0.048588699952622626,
            "Wind_Dir_Cos": 0.04734014781137066
        },
        "RMSE": {
            "Temperature": 0.8244032005636424,
            "Precipitation_accumulated": 4.635591807644526,
            "Humidity": 2.3103672440950933,
            "Wind_Speed_kmh": 0.31624189405282543,
            "Soil_Moisture": 178.9620236000023,
            "Soil_Temperature": 0.5447737217678457,
            "Wind_Dir_Sin": 0.22042844633264244,
            "Wind_Dir_Cos": 0.2175779120484675
        },
        "MAE": {
            "Temperature": 0.5566268526552506,
            "Precipitation_accumulated": 2.9096558916392152,
            "Humidity": 1.651286063154378,
            "Wind_Speed_kmh": 0.13454402926389764,
            "Soil_Moisture": 68.45589678156995,
            "Soil_Temperature": 0.40600687261036594,
            "Wind_Dir_Sin": 0.11959388852563418,
            "Wind_Dir_Cos": 0.11561679992254749
        },
        "R2": {
            "Temperature": 0.8003609959920327,
            "Precipitation_accumulated": -21.640106314374474,
            "Humidity": 0.9179162251980697,
            "Wind_Speed_kmh": 0.7061223462308119,
            "Soil_Moisture": 0.9567179768672317,
            "Soil_Temperature": 0.9471191354829203,
            "Wind_Dir_Sin": 0.6974909316548601,
            "Wind_Dir_Cos": 0.8351051626347192
        },
        "SMAPE": {
            "Temperature": 9.746799119234108,
            "Precipitation_accumulated": 0.6336009298780633,
            "Humidity": 2.0034482323959093,
            "Wind_Speed_kmh": 156.77644911265006,
            "Soil_Moisture": 1.0385095324691025,
            "Soil_Temperature": 12.76558584289258,
            "Wind_Dir_Sin": 143.85161359809248,
            "Wind_Dir_Cos": 29.885264584410532
        }
    }
}