{
    "trial_number": 1,
    "input_chunk_length": 39,
    "training_length": 54,
    "hidden_size": 166,
    "layer_size": 2,
    "dropout": 0.36825038252243614,
    "batch_size": 46,
    "lr": 0.00030994744099286373,
    "forecast_horizon": 17,
    "overall_smape_val": 61.18785203499716,
    "metrics": {
        "MSE": {
            "Temperature": 6.130059662080224,
            "Precipitation_accumulated": 123.1730740557752,
            "Humidity": 22.907047496500148,
            "Wind_Speed_kmh": 0.21374639990147945,
            "Soil_Moisture": 181237.98182504764,
            "Soil_Temperature": 6.4806229863078615,
            "Wind_Dir_Sin": 0.12210948758134894,
            "Wind_Dir_Cos": 0.13696650469694305
        },
        "RMSE": {
            "Temperature": 2.4758957292422927,
            "Precipitation_accumulated": 11.098336544535636,
            "Humidity": 4.786130743774155,
            "Wind_Speed_kmh": 0.4623271567856245,
            "Soil_Moisture": 425.7205442835096,
            "Soil_Temperature": 2.5457067753981137,
            "Wind_Dir_Sin": 0.3494416797998615,
            "Wind_Dir_Cos": 0.37008986030009394
        },
        "MAE": {
            "Temperature": 2.297108202130872,
            "Precipitation_accumulated": 7.530005175073437,
            "Humidity": 3.514408427619842,
            "Wind_Speed_kmh": 0.1927656803032255,
            "Soil_Moisture": 190.31096291082244,
            "Soil_Temperature": 2.4262272105124914,
            "Wind_Dir_Sin": 0.2703799488987415,
            "Wind_Dir_Cos": 0.2740034368702649
        },
        "R2": {
            "Temperature": -0.8115434254513443,
            "Precipitation_accumulated": -128.4641593880605,
            "Humidity": 0.6482456867374298,
            "Wind_Speed_kmh": 0.37847057036641885,
            "Soil_Moisture": 0.757506659254326,
            "Soil_Temperature": -0.1599811823326538,
            "Wind_Dir_Sin": 0.2472858968318199,
            "Wind_Dir_Cos": 0.5269285650587745
        },
        "SMAPE": {
            "Temperature": 49.54197348210871,
            "Precipitation_accumulated": 1.6630050017707818,
            "Humidity": 4.202231437686904,
            "Wind_Speed_kmh": 162.96359874285238,
            "Soil_Moisture": 2.9834424142182456,
            "Soil_Temperature": 53.22654509094558,
            "Wind_Dir_Sin": 158.66054623521495,
            "Wind_Dir_Cos": 56.26147387517964
        }
    }
}