{
    "trial_number": 39,
    "input_chunk_length": 56,
    "hidden_size": 74,
    "layer_size": 2,
    "dropout": 0.2791891761580434,
    "batch_size": 56,
    "lr": 0.0018643349567922555,
    "overall_smape_val": 44.94471838199486,
    "metrics": {
        "MSE": {
            "Temperature": 0.6942424027092448,
            "Precipitation_accumulated": 19.354139980185693,
            "Humidity": 7.881788061355137,
            "Wind_Speed_kmh": 0.09182455788444499,
            "Soil_Moisture": 89401.20538612502,
            "Soil_Temperature": 0.4477456111924348,
            "Wind_Dir_Sin": 0.04883863621288251,
            "Wind_Dir_Cos": 0.04828908001766086
        },
        "RMSE": {
            "Temperature": 0.8332120994736243,
            "Precipitation_accumulated": 4.399334038259165,
            "Humidity": 2.8074522367005885,
            "Wind_Speed_kmh": 0.30302567198909897,
            "Soil_Moisture": 299.0003434548613,
            "Soil_Temperature": 0.6691379612549528,
            "Wind_Dir_Sin": 0.22099465200063667,
            "Wind_Dir_Cos": 0.219747764533933
        },
        "MAE": {
            "Temperature": 0.6366042070371908,
            "Precipitation_accumulated": 3.0669367844969844,
            "Humidity": 2.2873938218892684,
            "Wind_Speed_kmh": 0.12852940048432093,
            "Soil_Moisture": 272.52916855746184,
            "Soil_Temperature": 0.5080249371793136,
            "Wind_Dir_Sin": 0.10586041894976164,
            "Wind_Dir_Cos": 0.12351683342393321
        },
        "R2": {
            "Temperature": 0.7960718440727004,
            "Precipitation_accumulated": -19.391161595194163,
            "Humidity": 0.8787951396068143,
            "Wind_Speed_kmh": 0.7301722543095057,
            "Soil_Moisture": 0.8791826895756784,
            "Soil_Temperature": 0.9202193475973314,
            "Wind_Dir_Sin": 0.6959348499875051,
            "Wind_Dir_Cos": 0.8317998493000339
        },
        "SMAPE": {
            "Temperature": 10.82933920984971,
            "Precipitation_accumulated": 0.665574345756264,
            "Humidity": 2.767033414025719,
            "Wind_Speed_kmh": 151.61467187331988,
            "Soil_Moisture": 4.535962889379724,
            "Soil_Temperature": 15.4350723882857,
            "Wind_Dir_Sin": 144.42526749186445,
            "Wind_Dir_Cos": 29.28482544347726
        }
    }
}