{
    "trial_number": 48,
    "input_chunk_length": 61,
    "training_length": 73,
    "hidden_size": 246,
    "layer_size": 1,
    "dropout": 0.11965757908316801,
    "batch_size": 47,
    "lr": 0.00024655556130884877,
    "forecast_horizon": 1,
    "overall_smape_val": 42.393182530395165,
    "metrics": {
        "MSE": {
            "Temperature": 0.41784805180782375,
            "Precipitation_accumulated": 17.98415969464704,
            "Humidity": 2.2262218747861904,
            "Wind_Speed_kmh": 0.06419760796621643,
            "Soil_Moisture": 12618.507814531973,
            "Soil_Temperature": 0.21111210971621164,
            "Wind_Dir_Sin": 0.04812314598606517,
            "Wind_Dir_Cos": 0.04321568514147172
        },
        "RMSE": {
            "Temperature": 0.6464116736320777,
            "Precipitation_accumulated": 4.2407734783464965,
            "Humidity": 1.4920529061619063,
            "Wind_Speed_kmh": 0.2533724688402756,
            "Soil_Moisture": 112.33213171008539,
            "Soil_Temperature": 0.45946937843148117,
            "Wind_Dir_Sin": 0.2193698839541681,
            "Wind_Dir_Cos": 0.20788382606992714
        },
        "MAE": {
            "Temperature": 0.40611418429078755,
            "Precipitation_accumulated": 2.935693092672093,
            "Humidity": 0.9006592579367265,
            "Wind_Speed_kmh": 0.09589715456910813,
            "Soil_Moisture": 38.2479796547154,
            "Soil_Temperature": 0.3060903262074104,
            "Wind_Dir_Sin": 0.09953330898098267,
            "Wind_Dir_Cos": 0.08733212478677371
        },
        "R2": {
            "Temperature": 0.8772604751158201,
            "Precipitation_accumulated": -17.94777586928495,
            "Humidity": 0.9657655205345215,
            "Wind_Speed_kmh": 0.8113544324597213,
            "Soil_Moisture": 0.9829472749373395,
            "Soil_Temperature": 0.9623834127633148,
            "Wind_Dir_Sin": 0.7003894306232417,
            "Wind_Dir_Cos": 0.8494714591634513
        },
        "SMAPE": {
            "Temperature": 7.056319455099378,
            "Precipitation_accumulated": 0.6398843266648433,
            "Humidity": 1.075795809730476,
            "Wind_Speed_kmh": 149.55336005228435,
            "Soil_Moisture": 0.6039292615573266,
            "Soil_Temperature": 11.217403701376233,
            "Wind_Dir_Sin": 142.8397296938965,
            "Wind_Dir_Cos": 26.1590379425521
        }
    }
}