{
    "trial_number": 46,
    "input_chunk_length": 34,
    "output_chunk_length": 30,
    "num_layers": 3,
    "num_blocks": 4,
    "num_stacks": 2,
    "layer_widths": 88,
    "activation": "GELU",
    "dropout": 0.2713571920920003,
    "batch_size": 34,
    "lr": 0.0007150081355954685,
    "forecast_horizon": 11,
    "overall_smape_val": 52.18736870677975,
    "metrics": {
        "MSE": {
            "Temperature": 1.2862510370157816,
            "Precipitation_accumulated": 188.79722521506227,
            "Humidity": 24.052246621577307,
            "Wind_Speed_kmh": 0.19459504730494315,
            "Soil_Moisture": 127422.59010493034,
            "Soil_Temperature": 1.0512063088035446,
            "Wind_Dir_Sin": 0.1078642697225161,
            "Wind_Dir_Cos": 0.11180875233304252
        },
        "RMSE": {
            "Temperature": 1.1341300794070235,
            "Precipitation_accumulated": 13.740350258092487,
            "Humidity": 4.904308985124949,
            "Wind_Speed_kmh": 0.44112928638319077,
            "Soil_Moisture": 356.96300943505383,
            "Soil_Temperature": 1.025283526056839,
            "Wind_Dir_Sin": 0.3284269625388819,
            "Wind_Dir_Cos": 0.33437815767935936
        },
        "MAE": {
            "Temperature": 0.8317237616659308,
            "Precipitation_accumulated": 9.849643670776794,
            "Humidity": 3.936659766862951,
            "Wind_Speed_kmh": 0.22276115038822,
            "Soil_Moisture": 189.92204424392577,
            "Soil_Temperature": 0.6465410448668295,
            "Wind_Dir_Sin": 0.19190992882663552,
            "Wind_Dir_Cos": 0.2027865213933412
        },
        "R2": {
            "Temperature": 0.6209905049452658,
            "Precipitation_accumulated": -197.62550557029326,
            "Humidity": 0.6305206912370516,
            "Wind_Speed_kmh": 0.4317671864511051,
            "Soil_Moisture": 0.8288243259407722,
            "Soil_Temperature": 0.8121688570796552,
            "Wind_Dir_Sin": 0.33243707945962564,
            "Wind_Dir_Cos": 0.6125130991942834
        },
        "SMAPE": {
            "Temperature": 14.146372567778425,
            "Precipitation_accumulated": 2.1394908528472816,
            "Humidity": 4.727837811431024,
            "Wind_Speed_kmh": 167.55210106140606,
            "Soil_Moisture": 3.028415625851284,
            "Soil_Temperature": 17.717162552241103,
            "Wind_Dir_Sin": 158.88153182533685,
            "Wind_Dir_Cos": 49.306037357345694
        }
    }
}