{
    "trial_number": 194,
    "input_chunk_length": 20,
    "output_chunk_length": 17,
    "num_layers": 1,
    "num_blocks": 4,
    "num_stacks": 2,
    "layer_widths": 127,
    "activation": "GELU",
    "dropout": 0.266681031895385,
    "batch_size": 17,
    "lr": 0.0005864826858797124,
    "forecast_horizon": 6,
    "overall_smape_val": 52.81442115921392,
    "metrics": {
        "MSE": {
            "Temperature": 1.4529987046816495,
            "Precipitation_accumulated": 147.7559963049957,
            "Humidity": 15.813587182171597,
            "Wind_Speed_kmh": 0.24370040557086242,
            "Soil_Moisture": 95434.6820117613,
            "Soil_Temperature": 1.5792925681921368,
            "Wind_Dir_Sin": 0.09752358124525635,
            "Wind_Dir_Cos": 0.11370729936864558
        },
        "RMSE": {
            "Temperature": 1.2054039591280798,
            "Precipitation_accumulated": 12.155492433669469,
            "Humidity": 3.9766301289121166,
            "Wind_Speed_kmh": 0.4936602126674403,
            "Soil_Moisture": 308.92504270738766,
            "Soil_Temperature": 1.2566990762279318,
            "Wind_Dir_Sin": 0.3122876578497081,
            "Wind_Dir_Cos": 0.337205129511171
        },
        "MAE": {
            "Temperature": 0.9401072204318502,
            "Precipitation_accumulated": 10.541998212399374,
            "Humidity": 2.712439846696962,
            "Wind_Speed_kmh": 0.3029552715227063,
            "Soil_Moisture": 179.1359278958529,
            "Soil_Temperature": 0.9392141086502648,
            "Wind_Dir_Sin": 0.18758494835291986,
            "Wind_Dir_Cos": 0.2024034437997031
        },
        "R2": {
            "Temperature": 0.5724751985435715,
            "Precipitation_accumulated": -154.57178834141322,
            "Humidity": 0.7568955230097394,
            "Wind_Speed_kmh": 0.2858797675312138,
            "Soil_Moisture": 0.8713678249989613,
            "Soil_Temperature": 0.7182253826154714,
            "Wind_Dir_Sin": 0.39443029990596257,
            "Wind_Dir_Cos": 0.6048238342285539
        },
        "SMAPE": {
            "Temperature": 16.33830938290886,
            "Precipitation_accumulated": 2.3275634733715704,
            "Humidity": 3.1802914505338897,
            "Wind_Speed_kmh": 165.6972252167752,
            "Soil_Moisture": 2.890264204445504,
            "Soil_Temperature": 24.940472645489333,
            "Wind_Dir_Sin": 158.6076120051767,
            "Wind_Dir_Cos": 48.53363089501041
        }
    }
}