{
    "trial_number": 34,
    "input_chunk_length": 37,
    "output_chunk_length": 31,
    "num_layers": 3,
    "num_blocks": 3,
    "num_stacks": 3,
    "layer_widths": 119,
    "activation": "GELU",
    "dropout": 0.14578659650175874,
    "batch_size": 44,
    "lr": 0.006598112110208825,
    "forecast_horizon": 11,
    "overall_smape_val": 53.97759372040709,
    "metrics": {
        "MSE": {
            "Temperature": 2.7965654281952097,
            "Precipitation_accumulated": 68.13242434419895,
            "Humidity": 16.621260264705327,
            "Wind_Speed_kmh": 0.18785460290480005,
            "Soil_Moisture": 150132.61432895518,
            "Soil_Temperature": 1.2507383471190787,
            "Wind_Dir_Sin": 0.13401602896872247,
            "Wind_Dir_Cos": 0.1407093392057314
        },
        "RMSE": {
            "Temperature": 1.6722934635389834,
            "Precipitation_accumulated": 8.254236751159914,
            "Humidity": 4.076917986016561,
            "Wind_Speed_kmh": 0.43342196864579907,
            "Soil_Moisture": 387.4695011597109,
            "Soil_Temperature": 1.1183641388738637,
            "Wind_Dir_Sin": 0.366081997602617,
            "Wind_Dir_Cos": 0.37511243541867734
        },
        "MAE": {
            "Temperature": 1.2256080009443622,
            "Precipitation_accumulated": 5.824287251734811,
            "Humidity": 3.0169146059318463,
            "Wind_Speed_kmh": 0.18731431000459173,
            "Soil_Moisture": 201.99441175266708,
            "Soil_Temperature": 0.7984383989914818,
            "Wind_Dir_Sin": 0.222359469597059,
            "Wind_Dir_Cos": 0.24459330324700188
        },
        "R2": {
            "Temperature": 0.17595802038230857,
            "Precipitation_accumulated": -70.67921676645818,
            "Humidity": 0.7446720113096172,
            "Wind_Speed_kmh": 0.4514498132142679,
            "Soil_Moisture": 0.7983163626255733,
            "Soil_Temperature": 0.7765161688374302,
            "Wind_Dir_Sin": 0.17058603439551578,
            "Wind_Dir_Cos": 0.5123545820380635
        },
        "SMAPE": {
            "Temperature": 20.52934485409732,
            "Precipitation_accumulated": 1.2648274071034658,
            "Humidity": 3.584992918526287,
            "Wind_Speed_kmh": 167.9547329212019,
            "Soil_Moisture": 3.1992980958364075,
            "Soil_Temperature": 20.774100266845,
            "Wind_Dir_Sin": 163.44723371533982,
            "Wind_Dir_Cos": 51.06621958430659
        }
    }
}