{
    "trial_number": 216,
    "input_chunk_length": 20,
    "output_chunk_length": 17,
    "num_layers": 1,
    "num_blocks": 4,
    "num_stacks": 2,
    "layer_widths": 140,
    "activation": "GELU",
    "dropout": 0.28190217951081564,
    "batch_size": 18,
    "lr": 0.0003995557769923007,
    "forecast_horizon": 9,
    "overall_smape_val": 52.50809567833912,
    "metrics": {
        "MSE": {
            "Temperature": 1.6728510923583686,
            "Precipitation_accumulated": 355.77699371152386,
            "Humidity": 13.82295879034569,
            "Wind_Speed_kmh": 0.18551055405070108,
            "Soil_Moisture": 89557.01589509452,
            "Soil_Temperature": 1.3166463869990899,
            "Wind_Dir_Sin": 0.09411776499113392,
            "Wind_Dir_Cos": 0.10540783380109583
        },
        "RMSE": {
            "Temperature": 1.293387448662762,
            "Precipitation_accumulated": 18.86205168351322,
            "Humidity": 3.7179239893179217,
            "Wind_Speed_kmh": 0.4307093614616486,
            "Soil_Moisture": 299.2607824207751,
            "Soil_Temperature": 1.147452128412811,
            "Wind_Dir_Sin": 0.30678618774503835,
            "Wind_Dir_Cos": 0.32466572624947004
        },
        "MAE": {
            "Temperature": 0.9323546744971241,
            "Precipitation_accumulated": 16.545085458264985,
            "Humidity": 2.589106745664121,
            "Wind_Speed_kmh": 0.22545354402066142,
            "Soil_Moisture": 136.34266210495016,
            "Soil_Temperature": 0.8502972155309666,
            "Wind_Dir_Sin": 0.1747674438647583,
            "Wind_Dir_Cos": 0.18186014612402313
        },
        "R2": {
            "Temperature": 0.5072913097822456,
            "Precipitation_accumulated": -373.41643557497184,
            "Humidity": 0.7876013875900733,
            "Wind_Speed_kmh": 0.4575346489225085,
            "Soil_Moisture": 0.8795311121659509,
            "Soil_Temperature": 0.7648737149176936,
            "Wind_Dir_Sin": 0.41673930146073546,
            "Wind_Dir_Cos": 0.6342848959548479
        },
        "SMAPE": {
            "Temperature": 16.368736110524704,
            "Precipitation_accumulated": 3.6852643027877954,
            "Humidity": 3.082945982616519,
            "Wind_Speed_kmh": 166.9816809879055,
            "Soil_Moisture": 2.149613101851764,
            "Soil_Temperature": 25.630924356707208,
            "Wind_Dir_Sin": 158.18419961041153,
            "Wind_Dir_Cos": 43.981400973907995
        }
    }
}