{
    "trial_number": 293,
    "input_chunk_length": 16,
    "output_chunk_length": 14,
    "num_layers": 1,
    "num_blocks": 3,
    "num_stacks": 2,
    "layer_widths": 120,
    "activation": "GELU",
    "dropout": 0.20865874218271346,
    "batch_size": 22,
    "lr": 0.0010982676014092629,
    "forecast_horizon": 2,
    "overall_smape_val": 50.66176277164472,
    "metrics": {
        "MSE": {
            "Temperature": 1.12911649179872,
            "Precipitation_accumulated": 49.70685039407058,
            "Humidity": 13.402256019512476,
            "Wind_Speed_kmh": 0.15854439211296092,
            "Soil_Moisture": 60283.0821763202,
            "Soil_Temperature": 1.1873798418898909,
            "Wind_Dir_Sin": 0.07804844299072762,
            "Wind_Dir_Cos": 0.06566532916402489
        },
        "RMSE": {
            "Temperature": 1.062598932711077,
            "Precipitation_accumulated": 7.050308531835368,
            "Humidity": 3.660909179358657,
            "Wind_Speed_kmh": 0.39817633293926563,
            "Soil_Moisture": 245.5261333877113,
            "Soil_Temperature": 1.0896696021684238,
            "Wind_Dir_Sin": 0.2793715142793331,
            "Wind_Dir_Cos": 0.2562524715276418
        },
        "MAE": {
            "Temperature": 0.7405706355225705,
            "Precipitation_accumulated": 4.953861685962215,
            "Humidity": 2.6189215144749722,
            "Wind_Speed_kmh": 0.2249145976572961,
            "Soil_Moisture": 171.17087477307925,
            "Soil_Temperature": 0.8135897468181567,
            "Wind_Dir_Sin": 0.15994056808728557,
            "Wind_Dir_Cos": 0.13205795074678378
        },
        "R2": {
            "Temperature": 0.6683310568455016,
            "Precipitation_accumulated": -51.370212254913596,
            "Humidity": 0.7939022773571698,
            "Wind_Speed_kmh": 0.5341150896741005,
            "Soil_Moisture": 0.9185330911236045,
            "Soil_Temperature": 0.7884291078063982,
            "Wind_Dir_Sin": 0.5140771043897956,
            "Wind_Dir_Cos": 0.7712750324273648
        },
        "SMAPE": {
            "Temperature": 12.840365658321733,
            "Precipitation_accumulated": 1.0843836428195421,
            "Humidity": 3.0908046890976997,
            "Wind_Speed_kmh": 171.42876630764252,
            "Soil_Moisture": 2.8134683339281117,
            "Soil_Temperature": 20.843864727908958,
            "Wind_Dir_Sin": 154.36708609875961,
            "Wind_Dir_Cos": 38.82536271467947
        }
    }
}