{
    "trial_number": 5,
    "input_chunk_length": 66,
    "output_chunk_length": 60,
    "num_layers": 5,
    "num_blocks": 3,
    "num_stacks": 3,
    "layer_widths": 127,
    "activation": "GELU",
    "dropout": 0.2955306914931916,
    "batch_size": 31,
    "lr": 0.004075277422793256,
    "forecast_horizon": 2,
    "overall_smape_val": 55.219383239941095,
    "metrics": {
        "MSE": {
            "Temperature": 3.2688071520175646,
            "Precipitation_accumulated": 458.89563755709696,
            "Humidity": 26.13548572444024,
            "Wind_Speed_kmh": 0.2517575252933562,
            "Soil_Moisture": 256387.2355049368,
            "Soil_Temperature": 1.3793408385997925,
            "Wind_Dir_Sin": 0.14701405951413993,
            "Wind_Dir_Cos": 0.17574482592262872
        },
        "RMSE": {
            "Temperature": 1.8079842786975677,
            "Precipitation_accumulated": 21.421849536328487,
            "Humidity": 5.112287719254486,
            "Wind_Speed_kmh": 0.5017544472083493,
            "Soil_Moisture": 506.34695170894116,
            "Soil_Temperature": 1.1744534212133713,
            "Wind_Dir_Sin": 0.3834241248462855,
            "Wind_Dir_Cos": 0.4192193052837962
        },
        "MAE": {
            "Temperature": 1.323004400357802,
            "Precipitation_accumulated": 16.840395660605484,
            "Humidity": 4.270643268497504,
            "Wind_Speed_kmh": 0.248493602499313,
            "Soil_Moisture": 282.47903502428073,
            "Soil_Temperature": 0.9877718738578366,
            "Wind_Dir_Sin": 0.25200532936975434,
            "Wind_Dir_Cos": 0.24342365828198384
        },
        "R2": {
            "Temperature": 0.039814030385451726,
            "Precipitation_accumulated": -482.48390113620735,
            "Humidity": 0.5980927330347123,
            "Wind_Speed_kmh": 0.26020699608474374,
            "Soil_Moisture": 0.6535167944654909,
            "Soil_Temperature": 0.7542249231744234,
            "Wind_Dir_Sin": 0.0847031054417221,
            "Wind_Dir_Cos": 0.3878469791904442
        },
        "SMAPE": {
            "Temperature": 23.29624535580733,
            "Precipitation_accumulated": 3.6669543852253965,
            "Humidity": 5.096232042683473,
            "Wind_Speed_kmh": 172.72229003947237,
            "Soil_Moisture": 4.240241348284947,
            "Soil_Temperature": 25.983076910287387,
            "Wind_Dir_Sin": 159.8775060590209,
            "Wind_Dir_Cos": 46.8725197787471
        }
    }
}