{
    "trial_number": 16,
    "input_chunk_length": 43,
    "output_chunk_length": 10,
    "num_layers": 2,
    "num_blocks": 3,
    "num_stacks": 4,
    "layer_widths": 176,
    "activation": "GELU",
    "dropout": 0.19508028942195227,
    "batch_size": 100,
    "lr": 1.8225356625630342e-05,
    "loss_function": "huber",
    "optimizer": "RMSprop",
    "overall_mae_val": 0.19406970607816643,
    "metrics": {
        "MSE": {
            "Temperature": 13.387588851685326,
            "Precipitation_accumulated": 19820.327069453713,
            "Humidity": 115.72996201326418,
            "Wind_Speed_kmh": 1.5800758750112975,
            "Soil_Moisture": 1428437.0562670773,
            "Soil_Temperature": 8.026071996166781,
            "Wind_Dir_Sin": 0.5647649694803358,
            "Wind_Dir_Cos": 0.4694365076013505
        },
        "RMSE": {
            "Temperature": 3.65890541715488,
            "Precipitation_accumulated": 140.78468336240883,
            "Humidity": 10.757786111150574,
            "Wind_Speed_kmh": 1.25701069009428,
            "Soil_Moisture": 1195.1723960446363,
            "Soil_Temperature": 2.833032297056774,
            "Wind_Dir_Sin": 0.7515084626804517,
            "Wind_Dir_Cos": 0.685154367716758
        },
        "MAE": {
            "Temperature": 2.8662299504834956,
            "Precipitation_accumulated": 137.05310217815727,
            "Humidity": 9.171134067525914,
            "Wind_Speed_kmh": 0.9709495549168916,
            "Soil_Moisture": 1177.6712529555805,
            "Soil_Temperature": 2.2740510890955203,
            "Wind_Dir_Sin": 0.6764782104014542,
            "Wind_Dir_Cos": 0.5968010644006045
        },
        "R2": {
            "Temperature": 0.5602203145518895,
            "Precipitation_accumulated": -5989.734957454941,
            "Humidity": 0.21046584922288736,
            "Wind_Speed_kmh": -0.1751999953915213,
            "Soil_Moisture": -26.357521088984498,
            "Soil_Temperature": 0.5004174976079219,
            "Wind_Dir_Sin": -0.024533976322136608,
            "Wind_Dir_Cos": -0.27992459541920156
        },
        "SMAPE": {
            "Temperature": 41.313656784257184,
            "Precipitation_accumulated": 34.95980433518324,
            "Humidity": 10.75024850005081,
            "Wind_Speed_kmh": 81.41321468407885,
            "Soil_Moisture": 14.7653453176821,
            "Soil_Temperature": 35.39454798395318,
            "Wind_Dir_Sin": 144.38107992784734,
            "Wind_Dir_Cos": 165.43343556966772
        }
    }
}