{
    "trial_number": 361,
    "input_chunk_length": 16,
    "output_chunk_length": 14,
    "num_layers": 1,
    "num_blocks": 3,
    "num_stacks": 2,
    "layer_widths": 210,
    "activation": "GELU",
    "dropout": 0.2539441752112398,
    "batch_size": 24,
    "lr": 0.0005446134361708722,
    "forecast_horizon": 2,
    "overall_smape_val": 50.87554903152544,
    "metrics": {
        "MSE": {
            "Temperature": 1.0662308723738985,
            "Precipitation_accumulated": 249.86300136177687,
            "Humidity": 14.024849318683616,
            "Wind_Speed_kmh": 0.1685834285778685,
            "Soil_Moisture": 53253.11919775709,
            "Soil_Temperature": 1.4158742687317736,
            "Wind_Dir_Sin": 0.07869306798572172,
            "Wind_Dir_Cos": 0.06622897409077176
        },
        "RMSE": {
            "Temperature": 1.0325845594303154,
            "Precipitation_accumulated": 15.807055429831859,
            "Humidity": 3.7449765444770966,
            "Wind_Speed_kmh": 0.41058912379393164,
            "Soil_Moisture": 230.76637362873538,
            "Soil_Temperature": 1.1899051511493568,
            "Wind_Dir_Sin": 0.28052284752889867,
            "Wind_Dir_Cos": 0.25734990594669305
        },
        "MAE": {
            "Temperature": 0.730523239122654,
            "Precipitation_accumulated": 13.981046155407364,
            "Humidity": 3.0517735446249024,
            "Wind_Speed_kmh": 0.26987815895978984,
            "Soil_Moisture": 97.28348970817878,
            "Soil_Temperature": 0.9558805842282929,
            "Wind_Dir_Sin": 0.16155331703822454,
            "Wind_Dir_Cos": 0.1323311341034129
        },
        "R2": {
            "Temperature": 0.6868032048353165,
            "Precipitation_accumulated": -262.2510068979737,
            "Humidity": 0.7843281384282429,
            "Wind_Speed_kmh": 0.5046152408249557,
            "Soil_Moisture": 0.9280334240976872,
            "Soil_Temperature": 0.7477152873062471,
            "Wind_Dir_Sin": 0.5100637245945389,
            "Wind_Dir_Cos": 0.7693117487701607
        },
        "SMAPE": {
            "Temperature": 12.307351733244355,
            "Precipitation_accumulated": 2.9847057435521647,
            "Humidity": 3.674644749170857,
            "Wind_Speed_kmh": 163.91335485182856,
            "Soil_Moisture": 1.5139890261051436,
            "Soil_Temperature": 26.80153257919142,
            "Wind_Dir_Sin": 156.45633015682978,
            "Wind_Dir_Cos": 39.35248341228122
        }
    }
}