{
    "trial_number": 335,
    "input_chunk_length": 15,
    "output_chunk_length": 13,
    "num_layers": 1,
    "num_blocks": 3,
    "num_stacks": 2,
    "layer_widths": 119,
    "activation": "GELU",
    "dropout": 0.23558946273714063,
    "batch_size": 25,
    "lr": 0.0007637100123298326,
    "forecast_horizon": 2,
    "overall_smape_val": 50.71539601452875,
    "metrics": {
        "MSE": {
            "Temperature": 1.4558703727163227,
            "Precipitation_accumulated": 56.28537586966321,
            "Humidity": 6.6277678336384875,
            "Wind_Speed_kmh": 0.13187577838052286,
            "Soil_Moisture": 56540.99500428891,
            "Soil_Temperature": 1.3480102105268006,
            "Wind_Dir_Sin": 0.08012608504016316,
            "Wind_Dir_Cos": 0.07636084264498326
        },
        "RMSE": {
            "Temperature": 1.206594535341646,
            "Precipitation_accumulated": 7.5023580206267955,
            "Humidity": 2.5744451506370236,
            "Wind_Speed_kmh": 0.3631470478752689,
            "Soil_Moisture": 237.78350448315146,
            "Soil_Temperature": 1.161038419057182,
            "Wind_Dir_Sin": 0.2830655136892574,
            "Wind_Dir_Cos": 0.27633465697408144
        },
        "MAE": {
            "Temperature": 1.010480086804854,
            "Precipitation_accumulated": 5.876741423849662,
            "Humidity": 1.6689828137426765,
            "Wind_Speed_kmh": 0.19271989619822782,
            "Soil_Moisture": 104.86905065390329,
            "Soil_Temperature": 0.8569311013531978,
            "Wind_Dir_Sin": 0.1649344879658849,
            "Wind_Dir_Cos": 0.19675128064514485
        },
        "R2": {
            "Temperature": 0.5723497164410865,
            "Precipitation_accumulated": -58.301224233138626,
            "Humidity": 0.8980792595866269,
            "Wind_Speed_kmh": 0.6124811835590274,
            "Soil_Moisture": 0.9235901695549915,
            "Soil_Temperature": 0.759807508207902,
            "Wind_Dir_Sin": 0.5011418836215458,
            "Wind_Dir_Cos": 0.7340205024455808
        },
        "SMAPE": {
            "Temperature": 15.881991475172653,
            "Precipitation_accumulated": 1.2828911308486146,
            "Humidity": 1.9596155559499067,
            "Wind_Speed_kmh": 164.48117691238383,
            "Soil_Moisture": 1.6571427741030074,
            "Soil_Temperature": 19.86291169394148,
            "Wind_Dir_Sin": 157.66191951283164,
            "Wind_Dir_Cos": 42.935519060999205
        }
    }
}