{
    "trial_number": 238,
    "input_chunk_length": 16,
    "output_chunk_length": 14,
    "num_layers": 1,
    "num_blocks": 4,
    "num_stacks": 2,
    "layer_widths": 133,
    "activation": "GELU",
    "dropout": 0.28445349523778507,
    "batch_size": 19,
    "lr": 0.0003823735295506576,
    "forecast_horizon": 4,
    "overall_smape_val": 51.77153830568558,
    "metrics": {
        "MSE": {
            "Temperature": 1.3145411260119955,
            "Precipitation_accumulated": 49.176228027436,
            "Humidity": 9.326284674506319,
            "Wind_Speed_kmh": 0.17245041604185954,
            "Soil_Moisture": 88421.3917714056,
            "Soil_Temperature": 2.2031076965242304,
            "Wind_Dir_Sin": 0.09018700202888769,
            "Wind_Dir_Cos": 0.08336256312163819
        },
        "RMSE": {
            "Temperature": 1.1465343980936618,
            "Precipitation_accumulated": 7.012576418652134,
            "Humidity": 3.05389663782295,
            "Wind_Speed_kmh": 0.41527149678476555,
            "Soil_Moisture": 297.3573469269014,
            "Soil_Temperature": 1.4842869320061505,
            "Wind_Dir_Sin": 0.30031150831909137,
            "Wind_Dir_Cos": 0.28872575763453834
        },
        "MAE": {
            "Temperature": 0.8348400448708734,
            "Precipitation_accumulated": 5.492981031775186,
            "Humidity": 2.233243782849267,
            "Wind_Speed_kmh": 0.2739366312074334,
            "Soil_Moisture": 212.91991554894685,
            "Soil_Temperature": 1.1678060025858181,
            "Wind_Dir_Sin": 0.19786131345414087,
            "Wind_Dir_Cos": 0.15625820302169713
        },
        "R2": {
            "Temperature": 0.6135161916088139,
            "Precipitation_accumulated": -50.79424898154523,
            "Humidity": 0.8565940293427639,
            "Wind_Speed_kmh": 0.49395855538686506,
            "Soil_Moisture": 0.88066273294216,
            "Soil_Temperature": 0.607185748049954,
            "Wind_Dir_Sin": 0.43924504091369165,
            "Wind_Dir_Cos": 0.7099577985946388
        },
        "SMAPE": {
            "Temperature": 14.069547291320047,
            "Precipitation_accumulated": 1.2036475844056216,
            "Humidity": 2.6575341717468266,
            "Wind_Speed_kmh": 172.24414131439244,
            "Soil_Moisture": 3.4747977429179033,
            "Soil_Temperature": 24.33673242440762,
            "Wind_Dir_Sin": 153.43655074675155,
            "Wind_Dir_Cos": 42.74935516954229
        }
    }
}