{
    "trial_number": 257,
    "input_chunk_length": 17,
    "output_chunk_length": 14,
    "num_layers": 1,
    "num_blocks": 4,
    "num_stacks": 2,
    "layer_widths": 132,
    "activation": "GELU",
    "dropout": 0.2406218806923886,
    "batch_size": 20,
    "lr": 0.0004781787730354471,
    "forecast_horizon": 5,
    "overall_smape_val": 50.52459991524836,
    "metrics": {
        "MSE": {
            "Temperature": 0.7183675640999292,
            "Precipitation_accumulated": 71.97607991978,
            "Humidity": 10.207539004145266,
            "Wind_Speed_kmh": 0.1695899963457266,
            "Soil_Moisture": 61827.762101835506,
            "Soil_Temperature": 2.4231168379525156,
            "Wind_Dir_Sin": 0.08616341782318429,
            "Wind_Dir_Cos": 0.08491198905193088
        },
        "RMSE": {
            "Temperature": 0.8475656694911192,
            "Precipitation_accumulated": 8.483871752907396,
            "Humidity": 3.194923943405424,
            "Wind_Speed_kmh": 0.41181305995041806,
            "Soil_Moisture": 248.6518893992875,
            "Soil_Temperature": 1.5566363859143586,
            "Wind_Dir_Sin": 0.29353605881251504,
            "Wind_Dir_Cos": 0.29139661812027073
        },
        "MAE": {
            "Temperature": 0.5833741708705175,
            "Precipitation_accumulated": 6.989990707844218,
            "Humidity": 2.256837802349115,
            "Wind_Speed_kmh": 0.2537628992279418,
            "Soil_Moisture": 104.74953122775032,
            "Soil_Temperature": 1.2258284535817041,
            "Wind_Dir_Sin": 0.1831774724332287,
            "Wind_Dir_Cos": 0.15636678401851467
        },
        "R2": {
            "Temperature": 0.7887129954195694,
            "Precipitation_accumulated": -74.79561325867468,
            "Humidity": 0.8430575268471091,
            "Wind_Speed_kmh": 0.5026996114630796,
            "Soil_Moisture": 0.9166097627399421,
            "Soil_Temperature": 0.5678147388696388,
            "Wind_Dir_Sin": 0.4646166716224488,
            "Wind_Dir_Cos": 0.7047327136987713
        },
        "SMAPE": {
            "Temperature": 10.286337934197078,
            "Precipitation_accumulated": 1.511766149818399,
            "Humidity": 2.685300371584366,
            "Wind_Speed_kmh": 168.50201303918587,
            "Soil_Moisture": 1.6756956741131441,
            "Soil_Temperature": 24.010955631751663,
            "Wind_Dir_Sin": 153.69976335162812,
            "Wind_Dir_Cos": 41.82496716970836
        }
    }
}