{
    "trial_number": 66,
    "input_chunk_length": 25,
    "output_chunk_length": 20,
    "num_layers": 1,
    "num_blocks": 4,
    "num_stacks": 2,
    "layer_widths": 84,
    "activation": "GELU",
    "dropout": 0.24464101996456653,
    "batch_size": 26,
    "lr": 0.0011630139507460085,
    "forecast_horizon": 4,
    "overall_smape_val": 51.442269580203345,
    "metrics": {
        "MSE": {
            "Temperature": 3.284240651402749,
            "Precipitation_accumulated": 256.35483117282985,
            "Humidity": 21.63413077606834,
            "Wind_Speed_kmh": 0.16248584752037687,
            "Soil_Moisture": 94796.33908832245,
            "Soil_Temperature": 1.9218341663177305,
            "Wind_Dir_Sin": 0.09156581914392896,
            "Wind_Dir_Cos": 0.08602911525639503
        },
        "RMSE": {
            "Temperature": 1.81224740347524,
            "Precipitation_accumulated": 16.011084634490878,
            "Humidity": 4.651250452950082,
            "Wind_Speed_kmh": 0.40309533304216866,
            "Soil_Moisture": 307.89014126522864,
            "Soil_Temperature": 1.3863023358263993,
            "Wind_Dir_Sin": 0.3025984453759288,
            "Wind_Dir_Cos": 0.29330720287165646
        },
        "MAE": {
            "Temperature": 1.605474424685233,
            "Precipitation_accumulated": 10.26497702540546,
            "Humidity": 3.6159066941500115,
            "Wind_Speed_kmh": 0.21916925373857032,
            "Soil_Moisture": 186.24817384548945,
            "Soil_Temperature": 1.01381063245031,
            "Wind_Dir_Sin": 0.20184059376879973,
            "Wind_Dir_Cos": 0.17000058389707354
        },
        "R2": {
            "Temperature": 0.03441146913519877,
            "Precipitation_accumulated": -269.0025293924486,
            "Humidity": 0.6673419661155803,
            "Wind_Speed_kmh": 0.5231987553544527,
            "Soil_Moisture": 0.8720588331934954,
            "Soil_Temperature": 0.6573368375930246,
            "Wind_Dir_Sin": 0.4306719814091212,
            "Wind_Dir_Cos": 0.7006801010003538
        },
        "SMAPE": {
            "Temperature": 24.854864533022475,
            "Precipitation_accumulated": 2.290727968250218,
            "Humidity": 4.333417276036875,
            "Wind_Speed_kmh": 158.3630149842445,
            "Soil_Moisture": 3.0905906638190244,
            "Soil_Temperature": 22.812643446019575,
            "Wind_Dir_Sin": 151.8358345113002,
            "Wind_Dir_Cos": 43.95706325893363
        }
    }
}