{
    "trial_number": 33,
    "input_chunk_length": 46,
    "output_chunk_length": 39,
    "num_layers": 1,
    "num_blocks": 3,
    "num_stacks": 4,
    "layer_widths": 92,
    "activation": "GELU",
    "dropout": 0.08922125982913866,
    "batch_size": 50,
    "lr": 0.0018894404183620011,
    "forecast_horizon": 17,
    "overall_smape_val": 57.75716744463582,
    "metrics": {
        "MSE": {
            "Temperature": 3.3169301303380876,
            "Precipitation_accumulated": 753.3047141026008,
            "Humidity": 34.02182622431893,
            "Wind_Speed_kmh": 0.3131962702332525,
            "Soil_Moisture": 237072.48128307483,
            "Soil_Temperature": 1.929739585919097,
            "Wind_Dir_Sin": 0.13306402096267617,
            "Wind_Dir_Cos": 0.1530882228691018
        },
        "RMSE": {
            "Temperature": 1.8212441160750767,
            "Precipitation_accumulated": 27.446397106042912,
            "Humidity": 5.8328231778718385,
            "Wind_Speed_kmh": 0.5596394109006732,
            "Soil_Moisture": 486.90089472404424,
            "Soil_Temperature": 1.3891506707046204,
            "Wind_Dir_Sin": 0.3647794141158135,
            "Wind_Dir_Cos": 0.3912649011463995
        },
        "MAE": {
            "Temperature": 1.3697245292459983,
            "Precipitation_accumulated": 21.268995202836567,
            "Humidity": 4.321763160260103,
            "Wind_Speed_kmh": 0.4128830385952565,
            "Soil_Moisture": 290.8067834240926,
            "Soil_Temperature": 1.0356799449326344,
            "Wind_Dir_Sin": 0.23786477328301475,
            "Wind_Dir_Cos": 0.3069905121270678
        },
        "R2": {
            "Temperature": 0.01978719596076972,
            "Precipitation_accumulated": -790.7798782077548,
            "Humidity": 0.4775702053570092,
            "Wind_Speed_kmh": 0.08929133173161319,
            "Soil_Moisture": 0.6828010475161117,
            "Soil_Temperature": 0.6545916015793637,
            "Wind_Dir_Sin": 0.17975935214577832,
            "Wind_Dir_Cos": 0.4712454302201048
        },
        "SMAPE": {
            "Temperature": 25.34607674242176,
            "Precipitation_accumulated": 4.678791092239191,
            "Humidity": 5.134602909300462,
            "Wind_Speed_kmh": 173.5053003219967,
            "Soil_Moisture": 4.6230512208283026,
            "Soil_Temperature": 25.79584931380721,
            "Wind_Dir_Sin": 161.98903564329623,
            "Wind_Dir_Cos": 60.98463231319653
        }
    }
}