{
    "trial_number": 365,
    "input_chunk_length": 14,
    "output_chunk_length": 12,
    "num_layers": 1,
    "num_blocks": 3,
    "num_stacks": 2,
    "layer_widths": 120,
    "activation": "GELU",
    "dropout": 0.2290476730992577,
    "batch_size": 24,
    "lr": 0.0010423156132383672,
    "forecast_horizon": 1,
    "overall_smape_val": 47.022302242374096,
    "metrics": {
        "MSE": {
            "Temperature": 0.7328504758924558,
            "Precipitation_accumulated": 265.6281718565429,
            "Humidity": 17.074020498034344,
            "Wind_Speed_kmh": 0.10413683462134059,
            "Soil_Moisture": 45469.97989063178,
            "Soil_Temperature": 0.4582454644605435,
            "Wind_Dir_Sin": 0.058439064934962565,
            "Wind_Dir_Cos": 0.050971234478519784
        },
        "RMSE": {
            "Temperature": 0.856066864148155,
            "Precipitation_accumulated": 16.298103320832855,
            "Humidity": 4.132072179673819,
            "Wind_Speed_kmh": 0.3227023932686905,
            "Soil_Moisture": 213.2369102445254,
            "Soil_Temperature": 0.676938301812317,
            "Wind_Dir_Sin": 0.24174173188542056,
            "Wind_Dir_Cos": 0.22576809889468394
        },
        "MAE": {
            "Temperature": 0.6298597955427748,
            "Precipitation_accumulated": 14.542030818171746,
            "Humidity": 3.4693327820689177,
            "Wind_Speed_kmh": 0.17191356968956237,
            "Soil_Moisture": 149.31078404100145,
            "Soil_Temperature": 0.5045660080135647,
            "Wind_Dir_Sin": 0.1346961416725313,
            "Wind_Dir_Cos": 0.10992716840033635
        },
        "R2": {
            "Temperature": 0.7847310312133398,
            "Precipitation_accumulated": -278.86089705396483,
            "Humidity": 0.7374384778295046,
            "Wind_Speed_kmh": 0.6939924571749003,
            "Soil_Moisture": 0.9385516039553677,
            "Soil_Temperature": 0.9183484523324262,
            "Wind_Dir_Sin": 0.6361634061896226,
            "Wind_Dir_Cos": 0.8224573895896385
        },
        "SMAPE": {
            "Temperature": 10.991271921030439,
            "Precipitation_accumulated": 3.1035168461915084,
            "Humidity": 4.141739081479867,
            "Wind_Speed_kmh": 159.48796986571008,
            "Soil_Moisture": 2.468436741373895,
            "Soil_Temperature": 15.752322159863038,
            "Wind_Dir_Sin": 147.52848146945797,
            "Wind_Dir_Cos": 32.70467985388592
        }
    }
}