{
    "trial_number": 336,
    "input_chunk_length": 13,
    "output_chunk_length": 12,
    "num_layers": 1,
    "num_blocks": 3,
    "num_stacks": 2,
    "layer_widths": 122,
    "activation": "GELU",
    "dropout": 0.24730746667406506,
    "batch_size": 24,
    "lr": 0.0008980844381537966,
    "forecast_horizon": 1,
    "overall_smape_val": 47.34769322794621,
    "metrics": {
        "MSE": {
            "Temperature": 1.4111089649939246,
            "Precipitation_accumulated": 68.1879231889432,
            "Humidity": 5.519697370494227,
            "Wind_Speed_kmh": 0.11193771947296773,
            "Soil_Moisture": 28451.606048071553,
            "Soil_Temperature": 0.35455511073276036,
            "Wind_Dir_Sin": 0.05451329955626745,
            "Wind_Dir_Cos": 0.051314046916883106
        },
        "RMSE": {
            "Temperature": 1.1879010754241806,
            "Precipitation_accumulated": 8.257597906712533,
            "Humidity": 2.3494036201756026,
            "Wind_Speed_kmh": 0.33457094833976203,
            "Soil_Moisture": 168.6760387490516,
            "Soil_Temperature": 0.5954453045685727,
            "Wind_Dir_Sin": 0.23348083338095968,
            "Wind_Dir_Cos": 0.22652604026222484
        },
        "MAE": {
            "Temperature": 0.9987802965854979,
            "Precipitation_accumulated": 6.904714433897992,
            "Humidity": 1.7067261454922003,
            "Wind_Speed_kmh": 0.18326898827386018,
            "Soil_Moisture": 89.75201121519302,
            "Soil_Temperature": 0.44531504271319394,
            "Wind_Dir_Sin": 0.11936372797090884,
            "Wind_Dir_Cos": 0.12355629566923085
        },
        "R2": {
            "Temperature": 0.5854980221307371,
            "Precipitation_accumulated": -70.84152651628636,
            "Humidity": 0.9151189877226461,
            "Wind_Speed_kmh": 0.6710694480975842,
            "Soil_Moisture": 0.9615503336321475,
            "Soil_Temperature": 0.9368243097422504,
            "Wind_Dir_Sin": 0.6606048839078706,
            "Wind_Dir_Cos": 0.821263307951027
        },
        "SMAPE": {
            "Temperature": 16.3775828833408,
            "Precipitation_accumulated": 1.4902255561718616,
            "Humidity": 2.0115417794884407,
            "Wind_Speed_kmh": 160.47499044247368,
            "Soil_Moisture": 1.4595772656507182,
            "Soil_Temperature": 14.657737207440713,
            "Wind_Dir_Sin": 147.21613264886116,
            "Wind_Dir_Cos": 35.09375804014192
        }
    }
}