{
    "trial_number": 20,
    "input_chunk_length": 29,
    "output_chunk_length": 22,
    "num_layers": 2,
    "num_blocks": 3,
    "num_stacks": 2,
    "layer_widths": 114,
    "activation": "GELU",
    "dropout": 0.07629863386785646,
    "batch_size": 31,
    "lr": 0.0013770775959600662,
    "forecast_horizon": 9,
    "overall_smape_val": 54.81226432436195,
    "metrics": {
        "MSE": {
            "Temperature": 3.8411496432842136,
            "Precipitation_accumulated": 147.46194188209023,
            "Humidity": 21.23386445198785,
            "Wind_Speed_kmh": 0.18775411981468337,
            "Soil_Moisture": 127983.74281889333,
            "Soil_Temperature": 4.171291673073505,
            "Wind_Dir_Sin": 0.09994179812724731,
            "Wind_Dir_Cos": 0.12986432615144897
        },
        "RMSE": {
            "Temperature": 1.9598851097154173,
            "Precipitation_accumulated": 12.143390872490691,
            "Humidity": 4.6080217503813765,
            "Wind_Speed_kmh": 0.4333060348237529,
            "Soil_Moisture": 357.7481555772068,
            "Soil_Temperature": 2.0423740286914893,
            "Wind_Dir_Sin": 0.31613572738184353,
            "Wind_Dir_Cos": 0.3603669326553825
        },
        "MAE": {
            "Temperature": 1.710412742079985,
            "Precipitation_accumulated": 9.779044214016391,
            "Humidity": 3.610446195835654,
            "Wind_Speed_kmh": 0.2682711528278566,
            "Soil_Moisture": 213.8492349762402,
            "Soil_Temperature": 1.6282320157379413,
            "Wind_Dir_Sin": 0.19603808700326236,
            "Wind_Dir_Cos": 0.19925728290107034
        },
        "R2": {
            "Temperature": -0.13134266302497766,
            "Precipitation_accumulated": -154.1875912112063,
            "Humidity": 0.6737280770269951,
            "Wind_Speed_kmh": 0.4509740696818716,
            "Soil_Moisture": 0.8278408564183125,
            "Soil_Temperature": 0.2550920848839805,
            "Wind_Dir_Sin": 0.3806469693106326,
            "Wind_Dir_Cos": 0.5494324867746501
        },
        "SMAPE": {
            "Temperature": 26.01026461753421,
            "Precipitation_accumulated": 2.1312358092274635,
            "Humidity": 4.314051744939798,
            "Wind_Speed_kmh": 170.410052304417,
            "Soil_Moisture": 3.33702242285308,
            "Soil_Temperature": 30.082961904044268,
            "Wind_Dir_Sin": 157.95952979175624,
            "Wind_Dir_Cos": 44.25299600012329
        }
    }
}