{
    "trial_number": 7,
    "input_chunk_length": 58,
    "output_chunk_length": 33,
    "num_layers": 6,
    "num_blocks": 4,
    "num_stacks": 3,
    "layer_widths": 256,
    "activation": "ReLU",
    "dropout": 0.015460567730732289,
    "batch_size": 59,
    "lr": 0.0003576524572509345,
    "forecast_horizon": 4,
    "overall_smape_val": 54.13773917859261,
    "metrics": {
        "MSE": {
            "Temperature": 1.9440324401117208,
            "Precipitation_accumulated": 440.96370222110113,
            "Humidity": 17.359527426117427,
            "Wind_Speed_kmh": 0.21338183621298842,
            "Soil_Moisture": 107402.24458317219,
            "Soil_Temperature": 1.293302403208244,
            "Wind_Dir_Sin": 0.13476410960160357,
            "Wind_Dir_Cos": 0.15472606684319293
        },
        "RMSE": {
            "Temperature": 1.3942856379206239,
            "Precipitation_accumulated": 20.999135749385047,
            "Humidity": 4.166476620133302,
            "Wind_Speed_kmh": 0.46193271827506266,
            "Soil_Moisture": 327.7228166960186,
            "Soil_Temperature": 1.1372345418638339,
            "Wind_Dir_Sin": 0.3671023148954574,
            "Wind_Dir_Cos": 0.3933523443977332
        },
        "MAE": {
            "Temperature": 1.054639480526401,
            "Precipitation_accumulated": 10.42744323122888,
            "Humidity": 3.2792352717453706,
            "Wind_Speed_kmh": 0.2619775335983532,
            "Soil_Moisture": 191.11033419329468,
            "Soil_Temperature": 0.8075289639349077,
            "Wind_Dir_Sin": 0.23877907669582407,
            "Wind_Dir_Cos": 0.2787027711155691
        },
        "R2": {
            "Temperature": 0.42844157080899714,
            "Precipitation_accumulated": -463.4395208986204,
            "Humidity": 0.7330705669430939,
            "Wind_Speed_kmh": 0.3738486973251859,
            "Soil_Moisture": 0.8550453675557461,
            "Soil_Temperature": 0.7694040936523705,
            "Wind_Dir_Sin": 0.16207833650192338,
            "Wind_Dir_Cos": 0.4616637569491414
        },
        "SMAPE": {
            "Temperature": 18.036922234059286,
            "Precipitation_accumulated": 2.364646476549112,
            "Humidity": 3.8706072175099795,
            "Wind_Speed_kmh": 167.4610893917348,
            "Soil_Moisture": 2.988005280151316,
            "Soil_Temperature": 23.052806517480725,
            "Wind_Dir_Sin": 161.12114687982768,
            "Wind_Dir_Cos": 54.20668943142797
        }
    }
}