{
    "trial_number": 353,
    "input_chunk_length": 19,
    "output_chunk_length": 16,
    "num_layers": 1,
    "num_blocks": 3,
    "num_stacks": 2,
    "layer_widths": 221,
    "activation": "GELU",
    "dropout": 0.24217018282495695,
    "batch_size": 29,
    "lr": 0.0006599944258750615,
    "forecast_horizon": 1,
    "overall_smape_val": 49.824822147717015,
    "metrics": {
        "MSE": {
            "Temperature": 1.8050138055598035,
            "Precipitation_accumulated": 76.77724134331237,
            "Humidity": 11.82774818733411,
            "Wind_Speed_kmh": 0.13100415368357293,
            "Soil_Moisture": 42196.01082829699,
            "Soil_Temperature": 1.270043175858257,
            "Wind_Dir_Sin": 0.05637850443505626,
            "Wind_Dir_Cos": 0.06168760000751787
        },
        "RMSE": {
            "Temperature": 1.3435080221419609,
            "Precipitation_accumulated": 8.762262341616596,
            "Humidity": 3.439149340655929,
            "Wind_Speed_kmh": 0.36194495946700644,
            "Soil_Moisture": 205.4166761202629,
            "Soil_Temperature": 1.1269619229850922,
            "Wind_Dir_Sin": 0.23744158109955438,
            "Wind_Dir_Cos": 0.24836988546826258
        },
        "MAE": {
            "Temperature": 1.0755635428416457,
            "Precipitation_accumulated": 6.855336413047553,
            "Humidity": 2.454204690286409,
            "Wind_Speed_kmh": 0.19129417174441357,
            "Soil_Moisture": 89.84663836677738,
            "Soil_Temperature": 0.8895594858762089,
            "Wind_Dir_Sin": 0.12414468418126731,
            "Wind_Dir_Cos": 0.18169267252923935
        },
        "R2": {
            "Temperature": 0.4697916241435791,
            "Precipitation_accumulated": -79.89107222886192,
            "Humidity": 0.8181148038171041,
            "Wind_Speed_kmh": 0.6150424649034161,
            "Soil_Moisture": 0.9429760648428394,
            "Soil_Temperature": 0.7736999076781996,
            "Wind_Dir_Sin": 0.6489922786991413,
            "Wind_Dir_Cos": 0.7851302279151114
        },
        "SMAPE": {
            "Temperature": 18.80789958390975,
            "Precipitation_accumulated": 1.5080216044564587,
            "Humidity": 2.910547057363874,
            "Wind_Speed_kmh": 168.07026339852672,
            "Soil_Moisture": 1.4169865061712774,
            "Soil_Temperature": 21.557288975849865,
            "Wind_Dir_Sin": 147.58430512415308,
            "Wind_Dir_Cos": 36.74326493130522
        }
    }
}