{
    "trial_number": 44,
    "input_chunk_length": 26,
    "output_chunk_length": 20,
    "num_layers": 3,
    "num_blocks": 4,
    "num_stacks": 3,
    "layer_widths": 112,
    "activation": "GELU",
    "dropout": 0.29640773776850576,
    "batch_size": 28,
    "lr": 0.00043818590162984924,
    "forecast_horizon": 15,
    "overall_smape_val": 54.161814713804155,
    "metrics": {
        "MSE": {
            "Temperature": 1.3246868144577655,
            "Precipitation_accumulated": 105.47021280163673,
            "Humidity": 21.397742395933466,
            "Wind_Speed_kmh": 0.2605771364582238,
            "Soil_Moisture": 165673.86881455252,
            "Soil_Temperature": 1.37497275433262,
            "Wind_Dir_Sin": 0.11279001798217862,
            "Wind_Dir_Cos": 0.12060152595545745
        },
        "RMSE": {
            "Temperature": 1.1509503961760321,
            "Precipitation_accumulated": 10.269869171593022,
            "Humidity": 4.625769384214205,
            "Wind_Speed_kmh": 0.510467566509591,
            "Soil_Moisture": 407.03055022264914,
            "Soil_Temperature": 1.1725923223067,
            "Wind_Dir_Sin": 0.33584225163338016,
            "Wind_Dir_Cos": 0.3472773041179879
        },
        "MAE": {
            "Temperature": 0.8207305684246647,
            "Precipitation_accumulated": 6.790848527530291,
            "Humidity": 3.6420432090299184,
            "Wind_Speed_kmh": 0.3372852437543082,
            "Soil_Moisture": 206.09187695323826,
            "Soil_Temperature": 0.7501856199804919,
            "Wind_Dir_Sin": 0.20290586792769993,
            "Wind_Dir_Cos": 0.21610197211283003
        },
        "R2": {
            "Temperature": 0.6094393449899825,
            "Precipitation_accumulated": -109.89132823031203,
            "Humidity": 0.6715566688149528,
            "Wind_Speed_kmh": 0.2412292344236483,
            "Soil_Moisture": 0.7780366993185139,
            "Soil_Temperature": 0.7540724021539256,
            "Wind_Dir_Sin": 0.3038063875939092,
            "Wind_Dir_Cos": 0.5829816178833944
        },
        "SMAPE": {
            "Temperature": 14.27266366842491,
            "Precipitation_accumulated": 1.4985516378832764,
            "Humidity": 4.343761229798611,
            "Wind_Speed_kmh": 177.12990955183838,
            "Soil_Moisture": 3.2853813734955684,
            "Soil_Temperature": 21.920511799326132,
            "Wind_Dir_Sin": 160.1510507998667,
            "Wind_Dir_Cos": 50.69268764979944
        }
    }
}