{
    "trial_number": 192,
    "input_chunk_length": 13,
    "output_chunk_length": 12,
    "num_layers": 1,
    "num_blocks": 4,
    "num_stacks": 2,
    "layer_widths": 135,
    "activation": "GELU",
    "dropout": 0.2564257778372088,
    "batch_size": 24,
    "lr": 0.00047190619968432606,
    "forecast_horizon": 7,
    "overall_smape_val": 51.656402812161474,
    "metrics": {
        "MSE": {
            "Temperature": 2.117561213957656,
            "Precipitation_accumulated": 215.52855943877407,
            "Humidity": 11.621027814462611,
            "Wind_Speed_kmh": 0.19004093117759138,
            "Soil_Moisture": 77079.84465520167,
            "Soil_Temperature": 1.5438692489372579,
            "Wind_Dir_Sin": 0.09709253410092823,
            "Wind_Dir_Cos": 0.0900277428319091
        },
        "RMSE": {
            "Temperature": 1.4551842542982851,
            "Precipitation_accumulated": 14.680890962021824,
            "Humidity": 3.408962864928659,
            "Wind_Speed_kmh": 0.43593684310641995,
            "Soil_Moisture": 277.6325713154018,
            "Soil_Temperature": 1.2425253514263834,
            "Wind_Dir_Sin": 0.31159674918222147,
            "Wind_Dir_Cos": 0.3000462344904683
        },
        "MAE": {
            "Temperature": 1.2270616210997032,
            "Precipitation_accumulated": 13.512904527873761,
            "Humidity": 2.4545752384466817,
            "Wind_Speed_kmh": 0.25063517568033894,
            "Soil_Moisture": 96.7721231893775,
            "Soil_Temperature": 0.9552987961641108,
            "Wind_Dir_Sin": 0.1845876858823296,
            "Wind_Dir_Cos": 0.1678307132348989
        },
        "R2": {
            "Temperature": 0.3767204538308888,
            "Precipitation_accumulated": -225.8927911335371,
            "Humidity": 0.8213770910479866,
            "Wind_Speed_kmh": 0.4435084888060159,
            "Soil_Moisture": 0.8961764008430515,
            "Soil_Temperature": 0.7244625135062912,
            "Wind_Dir_Sin": 0.3975060093483388,
            "Wind_Dir_Cos": 0.6872950651072506
        },
        "SMAPE": {
            "Temperature": 19.42330075727601,
            "Precipitation_accumulated": 2.891575846112471,
            "Humidity": 2.932581191777912,
            "Wind_Speed_kmh": 171.20349723313865,
            "Soil_Moisture": 1.5000919264728858,
            "Soil_Temperature": 20.55488548329501,
            "Wind_Dir_Sin": 151.87989039172308,
            "Wind_Dir_Cos": 42.86539966749582
        }
    }
}