{
    "trial_number": 2,
    "input_chunk_length": 35,
    "output_chunk_length": 17,
    "num_layers": 6,
    "num_blocks": 4,
    "num_stacks": 3,
    "layer_widths": 100,
    "activation": "GELU",
    "dropout": 0.06381830935359642,
    "batch_size": 27,
    "lr": 5.6099571884435206e-05,
    "forecast_horizon": 22,
    "overall_smape_val": 55.940907314820535,
    "metrics": {
        "MSE": {
            "Temperature": 2.1301585641513405,
            "Precipitation_accumulated": 182.4465069561751,
            "Humidity": 37.98564441558155,
            "Wind_Speed_kmh": 0.2568429581192489,
            "Soil_Moisture": 269143.0818378075,
            "Soil_Temperature": 2.6572621794006133,
            "Wind_Dir_Sin": 0.16261413394247937,
            "Wind_Dir_Cos": 0.15691442920171722
        },
        "RMSE": {
            "Temperature": 1.4595062741048221,
            "Precipitation_accumulated": 13.507276074626413,
            "Humidity": 6.163249501324893,
            "Wind_Speed_kmh": 0.506796762143612,
            "Soil_Moisture": 518.7900170953634,
            "Soil_Temperature": 1.6301110941897836,
            "Wind_Dir_Sin": 0.4032544282986603,
            "Wind_Dir_Cos": 0.3961242597995195
        },
        "MAE": {
            "Temperature": 1.1035353097653653,
            "Precipitation_accumulated": 10.038538217082442,
            "Humidity": 5.206423683739059,
            "Wind_Speed_kmh": 0.2221430075593156,
            "Soil_Moisture": 255.20461416585565,
            "Soil_Temperature": 1.0973205485883266,
            "Wind_Dir_Sin": 0.23372607692681188,
            "Wind_Dir_Cos": 0.2754775673403636
        },
        "R2": {
            "Temperature": 0.36789841402242285,
            "Precipitation_accumulated": -190.61954501212017,
            "Humidity": 0.41634616871500885,
            "Wind_Speed_kmh": 0.2557851369630386,
            "Soil_Moisture": 0.6410789555401338,
            "Soil_Temperature": 0.5234009308619068,
            "Wind_Dir_Sin": 0.0009461988890905326,
            "Wind_Dir_Cos": 0.45955900270923855
        },
        "SMAPE": {
            "Temperature": 18.97789832278998,
            "Precipitation_accumulated": 2.180833628158419,
            "Humidity": 6.231164470434119,
            "Wind_Speed_kmh": 176.3038257978797,
            "Soil_Moisture": 3.917974143803826,
            "Soil_Temperature": 24.622327836159602,
            "Wind_Dir_Sin": 162.45425256391474,
            "Wind_Dir_Cos": 52.83898175542381
        }
    }
}