{
    "trial_number": 33,
    "input_chunk_length": 49,
    "output_chunk_length": 6,
    "num_layers": 2,
    "num_blocks": 4,
    "num_stacks": 3,
    "layer_widths": 242,
    "activation": "GELU",
    "dropout": 0.12760059033834878,
    "batch_size": 70,
    "lr": 7.775953872775765e-05,
    "loss_function": "huber",
    "optimizer": "AdamW",
    "overall_mae_val": 0.1251374640308459,
    "metrics": {
        "MSE": {
            "Temperature": 8.384477047966932,
            "Precipitation_accumulated": 179.30772707473776,
            "Humidity": 71.01038499271186,
            "Wind_Speed_kmh": 1.3916992701093909,
            "Soil_Moisture": 101680.98987976697,
            "Soil_Temperature": 6.374069756883343,
            "Wind_Dir_Sin": 0.5983720964727546,
            "Wind_Dir_Cos": 0.38961064184943905
        },
        "RMSE": {
            "Temperature": 2.8955961472496354,
            "Precipitation_accumulated": 13.390583522563077,
            "Humidity": 8.426765986587728,
            "Wind_Speed_kmh": 1.1797030431890014,
            "Soil_Moisture": 318.8745676277225,
            "Soil_Temperature": 2.5246920122825562,
            "Wind_Dir_Sin": 0.7735451483092338,
            "Wind_Dir_Cos": 0.6241879859861443
        },
        "MAE": {
            "Temperature": 2.2695678170113456,
            "Precipitation_accumulated": 10.536297485718078,
            "Humidity": 6.874920638064651,
            "Wind_Speed_kmh": 0.9405868683201386,
            "Soil_Moisture": 260.9737850131683,
            "Soil_Temperature": 2.1217436303845214,
            "Wind_Dir_Sin": 0.6917520250191234,
            "Wind_Dir_Cos": 0.5333439453185829
        },
        "R2": {
            "Temperature": 0.7244024546630269,
            "Precipitation_accumulated": -53.378862229134214,
            "Humidity": 0.5154621835177504,
            "Wind_Speed_kmh": -0.035802379323840006,
            "Soil_Moisture": -0.9644543967414363,
            "Soil_Temperature": 0.6028534363540456,
            "Wind_Dir_Sin": -0.08441752954783222,
            "Wind_Dir_Cos": -0.0625566846398431
        },
        "SMAPE": {
            "Temperature": 35.65808431043914,
            "Precipitation_accumulated": 2.2745414690610515,
            "Humidity": 8.114351005388826,
            "Wind_Speed_kmh": 74.56528617450209,
            "Soil_Moisture": 3.10055438893006,
            "Soil_Temperature": 41.682307745606295,
            "Wind_Dir_Sin": 151.0910078290999,
            "Wind_Dir_Cos": 132.3690315867254
        }
    }
}