{
    "trial_number": 232,
    "input_chunk_length": 16,
    "output_chunk_length": 14,
    "num_layers": 1,
    "num_blocks": 4,
    "num_stacks": 2,
    "layer_widths": 118,
    "activation": "GELU",
    "dropout": 0.2670655592969041,
    "batch_size": 19,
    "lr": 0.0003045303611480443,
    "forecast_horizon": 5,
    "overall_smape_val": 49.961614885002135,
    "metrics": {
        "MSE": {
            "Temperature": 1.1735164106780605,
            "Precipitation_accumulated": 101.76346382834889,
            "Humidity": 8.473301326741458,
            "Wind_Speed_kmh": 0.16892074031842244,
            "Soil_Moisture": 69579.46985379416,
            "Soil_Temperature": 0.7293788808057681,
            "Wind_Dir_Sin": 0.08918307628214563,
            "Wind_Dir_Cos": 0.08853517622441776
        },
        "RMSE": {
            "Temperature": 1.0832896245594068,
            "Precipitation_accumulated": 10.087787856034092,
            "Humidity": 2.9108935615617173,
            "Wind_Speed_kmh": 0.41099968408555065,
            "Soil_Moisture": 263.77920663652424,
            "Soil_Temperature": 0.8540368146665389,
            "Wind_Dir_Sin": 0.298635356718098,
            "Wind_Dir_Cos": 0.2975486115316584
        },
        "MAE": {
            "Temperature": 0.7108677003537316,
            "Precipitation_accumulated": 7.970595831525152,
            "Humidity": 2.009870014745032,
            "Wind_Speed_kmh": 0.21171926752827153,
            "Soil_Moisture": 103.22436043201498,
            "Soil_Temperature": 0.5454537095524578,
            "Wind_Dir_Sin": 0.17010148248254514,
            "Wind_Dir_Cos": 0.15988743702778968
        },
        "R2": {
            "Temperature": 0.6548441499459813,
            "Precipitation_accumulated": -106.16371545648687,
            "Humidity": 0.8697216963414552,
            "Wind_Speed_kmh": 0.5046621168559717,
            "Soil_Moisture": 0.9061546415026287,
            "Soil_Temperature": 0.8699085421195076,
            "Wind_Dir_Sin": 0.4458537808601566,
            "Wind_Dir_Cos": 0.6921336843258127
        },
        "SMAPE": {
            "Temperature": 12.717920033155604,
            "Precipitation_accumulated": 1.7161069363897494,
            "Humidity": 2.393904640019956,
            "Wind_Speed_kmh": 164.46592790347606,
            "Soil_Moisture": 1.6175720441084975,
            "Soil_Temperature": 18.600739295532605,
            "Wind_Dir_Sin": 155.26789880897917,
            "Wind_Dir_Cos": 42.91284941835568
        }
    }
}