{
    "trial_number": 309,
    "input_chunk_length": 15,
    "output_chunk_length": 13,
    "num_layers": 1,
    "num_blocks": 3,
    "num_stacks": 2,
    "layer_widths": 118,
    "activation": "GELU",
    "dropout": 0.23856145372423232,
    "batch_size": 21,
    "lr": 0.0005801648716194541,
    "forecast_horizon": 3,
    "overall_smape_val": 51.791969956262506,
    "metrics": {
        "MSE": {
            "Temperature": 1.2488673685791891,
            "Precipitation_accumulated": 190.1870209903367,
            "Humidity": 19.466899316513093,
            "Wind_Speed_kmh": 0.174198369209114,
            "Soil_Moisture": 58381.885384617206,
            "Soil_Temperature": 1.3397285912528887,
            "Wind_Dir_Sin": 0.0812098958872394,
            "Wind_Dir_Cos": 0.07389623859029519
        },
        "RMSE": {
            "Temperature": 1.11752734578586,
            "Precipitation_accumulated": 13.790831047849752,
            "Humidity": 4.412130926945968,
            "Wind_Speed_kmh": 0.4173707814511145,
            "Soil_Moisture": 241.62343715918206,
            "Soil_Temperature": 1.157466453618803,
            "Wind_Dir_Sin": 0.28497350032457297,
            "Wind_Dir_Cos": 0.2718386260086951
        },
        "MAE": {
            "Temperature": 0.8190330780976631,
            "Precipitation_accumulated": 11.840474317566638,
            "Humidity": 3.784329542184133,
            "Wind_Speed_kmh": 0.21802714810151647,
            "Soil_Moisture": 107.01975313037877,
            "Soil_Temperature": 0.8579787744673321,
            "Wind_Dir_Sin": 0.15267663793802108,
            "Wind_Dir_Cos": 0.13841939533752257
        },
        "R2": {
            "Temperature": 0.6329799168734707,
            "Precipitation_accumulated": -199.34473706924186,
            "Humidity": 0.700646744667138,
            "Wind_Speed_kmh": 0.48847249710984886,
            "Soil_Moisture": 0.9211535865401325,
            "Soil_Temperature": 0.761205005514693,
            "Wind_Dir_Sin": 0.4947280483712634,
            "Wind_Dir_Cos": 0.7427495302070837
        },
        "SMAPE": {
            "Temperature": 14.340839824953793,
            "Precipitation_accumulated": 2.536558292579175,
            "Humidity": 4.552841577774586,
            "Wind_Speed_kmh": 169.9536763578272,
            "Soil_Moisture": 1.7155975663808412,
            "Soil_Temperature": 23.981810818909825,
            "Wind_Dir_Sin": 156.72689639785577,
            "Wind_Dir_Cos": 40.52753881381894
        }
    }
}