{
    "trial_number": 193,
    "input_chunk_length": 15,
    "output_chunk_length": 13,
    "num_layers": 1,
    "num_blocks": 4,
    "num_stacks": 2,
    "layer_widths": 147,
    "activation": "GELU",
    "dropout": 0.27406283168761536,
    "batch_size": 16,
    "lr": 0.0003631054116975239,
    "forecast_horizon": 7,
    "overall_smape_val": 53.13265222016716,
    "metrics": {
        "MSE": {
            "Temperature": 1.376738581207195,
            "Precipitation_accumulated": 208.80238511774368,
            "Humidity": 11.383232358225774,
            "Wind_Speed_kmh": 0.20233163899391302,
            "Soil_Moisture": 91119.21393752846,
            "Soil_Temperature": 1.2901668215929707,
            "Wind_Dir_Sin": 0.10081530352779353,
            "Wind_Dir_Cos": 0.10794310154667554
        },
        "RMSE": {
            "Temperature": 1.1733450392817941,
            "Precipitation_accumulated": 14.449996024834874,
            "Humidity": 3.3739046160533013,
            "Wind_Speed_kmh": 0.44981289331666896,
            "Soil_Moisture": 301.85959308514356,
            "Soil_Temperature": 1.1358551058973019,
            "Wind_Dir_Sin": 0.3175142572039774,
            "Wind_Dir_Cos": 0.32854695485832086
        },
        "MAE": {
            "Temperature": 0.8710022076635999,
            "Precipitation_accumulated": 11.89932842321265,
            "Humidity": 2.094052528127889,
            "Wind_Speed_kmh": 0.27420679654767155,
            "Soil_Moisture": 140.3293367529572,
            "Soil_Temperature": 0.7646004057584934,
            "Wind_Dir_Sin": 0.18214095838112468,
            "Wind_Dir_Cos": 0.22139638582356413
        },
        "R2": {
            "Temperature": 0.5947729905363267,
            "Precipitation_accumulated": -218.81196402958736,
            "Humidity": 0.8250321650058798,
            "Wind_Speed_kmh": 0.40751795495645826,
            "Soil_Moisture": 0.8772659080247931,
            "Soil_Temperature": 0.769741301976181,
            "Wind_Dir_Sin": 0.374404890101245,
            "Wind_Dir_Cos": 0.625067346136875
        },
        "SMAPE": {
            "Temperature": 14.965973154286731,
            "Precipitation_accumulated": 2.6390087948249774,
            "Humidity": 2.5029055194732344,
            "Wind_Speed_kmh": 171.4082430086262,
            "Soil_Moisture": 2.2164146383347267,
            "Soil_Temperature": 19.587864487913322,
            "Wind_Dir_Sin": 160.4392131746321,
            "Wind_Dir_Cos": 51.30159498324554
        }
    }
}