{
    "trial_number": 54,
    "input_chunk_length": 20,
    "output_chunk_length": 16,
    "num_layers": 1,
    "num_blocks": 4,
    "num_stacks": 2,
    "layer_widths": 121,
    "activation": "GELU",
    "dropout": 0.287729478618238,
    "batch_size": 24,
    "lr": 0.00017529592634143597,
    "forecast_horizon": 7,
    "overall_smape_val": 49.91601444860062,
    "metrics": {
        "MSE": {
            "Temperature": 1.336262880184394,
            "Precipitation_accumulated": 29.653618881034657,
            "Humidity": 10.517388842186428,
            "Wind_Speed_kmh": 0.16122175804928285,
            "Soil_Moisture": 85040.30648293928,
            "Soil_Temperature": 0.8673501369712514,
            "Wind_Dir_Sin": 0.08511463859386474,
            "Wind_Dir_Cos": 0.09774473241343756
        },
        "RMSE": {
            "Temperature": 1.1559683733495454,
            "Precipitation_accumulated": 5.445513647125922,
            "Humidity": 3.243052395843525,
            "Wind_Speed_kmh": 0.40152429322431143,
            "Soil_Moisture": 291.61671159749966,
            "Soil_Temperature": 0.931316346345994,
            "Wind_Dir_Sin": 0.29174413206415095,
            "Wind_Dir_Cos": 0.31264153980787257
        },
        "MAE": {
            "Temperature": 0.8734306895246038,
            "Precipitation_accumulated": 3.779844127067381,
            "Humidity": 2.112209435274115,
            "Wind_Speed_kmh": 0.18538451090412117,
            "Soil_Moisture": 94.99964595292278,
            "Soil_Temperature": 0.5729279567519857,
            "Wind_Dir_Sin": 0.17453636989064447,
            "Wind_Dir_Cos": 0.15734425236104624
        },
        "R2": {
            "Temperature": 0.6066865429748974,
            "Precipitation_accumulated": -30.21717313310122,
            "Humidity": 0.8383407544010202,
            "Wind_Speed_kmh": 0.5278988625331709,
            "Soil_Moisture": 0.8854539635884839,
            "Soil_Temperature": 0.8452022560747663,
            "Wind_Dir_Sin": 0.47183314614093275,
            "Wind_Dir_Cos": 0.660490652947707
        },
        "SMAPE": {
            "Temperature": 14.994514806808425,
            "Precipitation_accumulated": 0.8200276766146336,
            "Humidity": 2.4836385979324844,
            "Wind_Speed_kmh": 167.2114548450795,
            "Soil_Moisture": 1.4610915983685167,
            "Soil_Temperature": 16.651438875241745,
            "Wind_Dir_Sin": 153.29503452002672,
            "Wind_Dir_Cos": 42.41091466873275
        }
    }
}