{
    "trial_number": 32,
    "input_chunk_length": 35,
    "output_chunk_length": 25,
    "num_layers": 2,
    "num_blocks": 3,
    "num_stacks": 3,
    "layer_widths": 59,
    "activation": "GELU",
    "dropout": 0.10731461566338185,
    "batch_size": 42,
    "lr": 0.003216028989026149,
    "forecast_horizon": 14,
    "overall_smape_val": 55.358488903230075,
    "metrics": {
        "MSE": {
            "Temperature": 1.883444430007738,
            "Precipitation_accumulated": 707.3942111899869,
            "Humidity": 25.86116973579798,
            "Wind_Speed_kmh": 0.2696439661182374,
            "Soil_Moisture": 176628.82160712552,
            "Soil_Temperature": 1.9189867054972956,
            "Wind_Dir_Sin": 0.1203418600364041,
            "Wind_Dir_Cos": 0.12129695512246572
        },
        "RMSE": {
            "Temperature": 1.372386399673116,
            "Precipitation_accumulated": 26.596883486415976,
            "Humidity": 5.085387864833712,
            "Wind_Speed_kmh": 0.5192725354938748,
            "Soil_Moisture": 420.2723183926411,
            "Soil_Temperature": 1.3852749566412061,
            "Wind_Dir_Sin": 0.34690324304682435,
            "Wind_Dir_Cos": 0.3482771240297957
        },
        "MAE": {
            "Temperature": 1.087971607908473,
            "Precipitation_accumulated": 23.691981807069872,
            "Humidity": 3.757154838338606,
            "Wind_Speed_kmh": 0.27345009464041187,
            "Soil_Moisture": 171.57018912152978,
            "Soil_Temperature": 0.9536463063453816,
            "Wind_Dir_Sin": 0.20217090617391822,
            "Wind_Dir_Cos": 0.22614058872235013
        },
        "R2": {
            "Temperature": 0.4447546695763459,
            "Precipitation_accumulated": -742.8694438037103,
            "Humidity": 0.6029485647394147,
            "Wind_Speed_kmh": 0.21427536937077107,
            "Soil_Moisture": 0.7631995641898117,
            "Soil_Temperature": 0.6568478753710151,
            "Wind_Dir_Sin": 0.25669822036479173,
            "Wind_Dir_Cos": 0.5803404025887056
        },
        "SMAPE": {
            "Temperature": 17.85586986993316,
            "Precipitation_accumulated": 5.329583305138636,
            "Humidity": 4.434225796369545,
            "Wind_Speed_kmh": 173.89779778549797,
            "Soil_Moisture": 2.655890992045844,
            "Soil_Temperature": 27.317199810661958,
            "Wind_Dir_Sin": 163.08631136784,
            "Wind_Dir_Cos": 48.29103229835351
        }
    }
}