{
    "trial_number": 28,
    "input_chunk_length": 60,
    "output_chunk_length": 53,
    "num_layers": 1,
    "num_blocks": 2,
    "num_stacks": 3,
    "layer_widths": 83,
    "activation": "GELU",
    "dropout": 0.17098088812747628,
    "batch_size": 51,
    "lr": 0.006411002333264127,
    "forecast_horizon": 18,
    "overall_smape_val": 60.70033570001897,
    "metrics": {
        "MSE": {
            "Temperature": 4.293647506046379,
            "Precipitation_accumulated": 1503.7813574903842,
            "Humidity": 36.66407889088954,
            "Wind_Speed_kmh": 0.34382691723193404,
            "Soil_Moisture": 460912.7074406446,
            "Soil_Temperature": 9.669281163972123,
            "Wind_Dir_Sin": 0.13422607782981594,
            "Wind_Dir_Cos": 0.17657187938734634
        },
        "RMSE": {
            "Temperature": 2.07211184689591,
            "Precipitation_accumulated": 38.77861985025233,
            "Humidity": 6.055087025872505,
            "Wind_Speed_kmh": 0.5863675615447482,
            "Soil_Moisture": 678.905521733801,
            "Soil_Temperature": 3.109546777903835,
            "Wind_Dir_Sin": 0.36636877300039633,
            "Wind_Dir_Cos": 0.42020456849889953
        },
        "MAE": {
            "Temperature": 1.54694745395984,
            "Precipitation_accumulated": 37.57132318482042,
            "Humidity": 4.918589664706879,
            "Wind_Speed_kmh": 0.28726964356754475,
            "Soil_Moisture": 591.1453854815478,
            "Soil_Temperature": 2.241376603992949,
            "Wind_Dir_Sin": 0.23299135514289648,
            "Wind_Dir_Cos": 0.36417657234626954
        },
        "R2": {
            "Temperature": -0.2697822161003687,
            "Precipitation_accumulated": -1579.3451282970711,
            "Humidity": 0.4370031244620699,
            "Wind_Speed_kmh": 0.000928095132252893,
            "Soil_Moisture": 0.3837139126279778,
            "Soil_Temperature": -0.7314143653654457,
            "Wind_Dir_Sin": 0.1731477652884683,
            "Wind_Dir_Cos": 0.3904789448114876
        },
        "SMAPE": {
            "Temperature": 25.790801632903943,
            "Precipitation_accumulated": 8.548015992822558,
            "Humidity": 5.82208504338617,
            "Wind_Speed_kmh": 172.1112784138031,
            "Soil_Moisture": 9.319910952017507,
            "Soil_Temperature": 34.81646294718867,
            "Wind_Dir_Sin": 163.26336994500727,
            "Wind_Dir_Cos": 65.93076067302289
        }
    }
}