{
    "trial_number": 329,
    "input_chunk_length": 15,
    "output_chunk_length": 13,
    "num_layers": 1,
    "num_blocks": 3,
    "num_stacks": 2,
    "layer_widths": 111,
    "activation": "GELU",
    "dropout": 0.24309457888045777,
    "batch_size": 22,
    "lr": 0.0007123743142541793,
    "forecast_horizon": 2,
    "overall_smape_val": 51.36510747207292,
    "metrics": {
        "MSE": {
            "Temperature": 2.6306351099406506,
            "Precipitation_accumulated": 57.67237019081157,
            "Humidity": 8.001823232291894,
            "Wind_Speed_kmh": 0.17124045806229013,
            "Soil_Moisture": 44168.52291307572,
            "Soil_Temperature": 1.2880204555696837,
            "Wind_Dir_Sin": 0.07419203368747575,
            "Wind_Dir_Cos": 0.06409348971970696
        },
        "RMSE": {
            "Temperature": 1.6219232749857961,
            "Precipitation_accumulated": 7.594232692695923,
            "Humidity": 2.82874941136395,
            "Wind_Speed_kmh": 0.41381210477980235,
            "Soil_Moisture": 210.16308646638143,
            "Soil_Temperature": 1.1349098887443372,
            "Wind_Dir_Sin": 0.2723821464183652,
            "Wind_Dir_Cos": 0.2531669206663994
        },
        "MAE": {
            "Temperature": 1.4461665391722227,
            "Precipitation_accumulated": 6.062623451504678,
            "Humidity": 2.0025019072485315,
            "Wind_Speed_kmh": 0.3116314622693657,
            "Soil_Moisture": 86.73178401570847,
            "Soil_Temperature": 0.9450263643540537,
            "Wind_Dir_Sin": 0.15532440265235228,
            "Wind_Dir_Cos": 0.13117513027190988
        },
        "R2": {
            "Temperature": 0.22727196611112144,
            "Precipitation_accumulated": -59.76253563024063,
            "Humidity": 0.8769492581872167,
            "Wind_Speed_kmh": 0.4968075225790711,
            "Soil_Moisture": 0.940310400506065,
            "Soil_Temperature": 0.7704966622014139,
            "Wind_Dir_Sin": 0.5380867771454316,
            "Wind_Dir_Cos": 0.776750051444371
        },
        "SMAPE": {
            "Temperature": 22.023989495780782,
            "Precipitation_accumulated": 1.3132018685406506,
            "Humidity": 2.421152737706117,
            "Wind_Speed_kmh": 171.20571972534236,
            "Soil_Moisture": 1.3878843184682164,
            "Soil_Temperature": 22.74208787955581,
            "Wind_Dir_Sin": 152.837526048887,
            "Wind_Dir_Cos": 36.9892977023022
        }
    }
}