{
    "trial_number": 95,
    "input_chunk_length": 18,
    "output_chunk_length": 15,
    "num_layers": 1,
    "num_blocks": 4,
    "num_stacks": 2,
    "layer_widths": 157,
    "activation": "GELU",
    "dropout": 0.2420480402641963,
    "batch_size": 17,
    "lr": 0.00031744188726887123,
    "forecast_horizon": 8,
    "overall_smape_val": 54.750043238844455,
    "metrics": {
        "MSE": {
            "Temperature": 2.912674895054303,
            "Precipitation_accumulated": 278.62625669349126,
            "Humidity": 14.804239794941434,
            "Wind_Speed_kmh": 0.24271891859562478,
            "Soil_Moisture": 118488.26623053364,
            "Soil_Temperature": 3.0664397833397676,
            "Wind_Dir_Sin": 0.09952280178139476,
            "Wind_Dir_Cos": 0.11574095797825461
        },
        "RMSE": {
            "Temperature": 1.7066560564607922,
            "Precipitation_accumulated": 16.692101626023348,
            "Humidity": 3.8476278139837583,
            "Wind_Speed_kmh": 0.49266511810318453,
            "Soil_Moisture": 344.2212460475583,
            "Soil_Temperature": 1.7511252905888166,
            "Wind_Dir_Sin": 0.31547234709463007,
            "Wind_Dir_Cos": 0.34020722799237324
        },
        "MAE": {
            "Temperature": 1.4943462886934293,
            "Precipitation_accumulated": 15.295464705529492,
            "Humidity": 2.685638721041296,
            "Wind_Speed_kmh": 0.2659371024265653,
            "Soil_Moisture": 205.29274598060394,
            "Soil_Temperature": 1.4088546309662147,
            "Wind_Dir_Sin": 0.19694997756768529,
            "Wind_Dir_Cos": 0.21830237873335565
        },
        "R2": {
            "Temperature": 0.14240586863346638,
            "Precipitation_accumulated": -292.2704795484927,
            "Humidity": 0.7724889446087797,
            "Wind_Speed_kmh": 0.28975019810025326,
            "Soil_Moisture": 0.8405074015807972,
            "Soil_Temperature": 0.4525618259561822,
            "Wind_Dir_Sin": 0.3828344422953003,
            "Wind_Dir_Cos": 0.5982079715094929
        },
        "SMAPE": {
            "Temperature": 22.485644021304676,
            "Precipitation_accumulated": 3.2772859624920216,
            "Humidity": 3.2092860666913015,
            "Wind_Speed_kmh": 172.65728938457445,
            "Soil_Moisture": 3.27269238708707,
            "Soil_Temperature": 27.276817607078517,
            "Wind_Dir_Sin": 155.75525474087655,
            "Wind_Dir_Cos": 50.066075740651385
        }
    }
}