{
    "trial_number": 65,
    "input_chunk_length": 22,
    "output_chunk_length": 17,
    "num_layers": 3,
    "num_blocks": 4,
    "num_stacks": 2,
    "layer_widths": 129,
    "activation": "GELU",
    "dropout": 0.2863668872245975,
    "batch_size": 23,
    "lr": 0.00028077075890480354,
    "forecast_horizon": 6,
    "overall_smape_val": 53.103805727539125,
    "metrics": {
        "MSE": {
            "Temperature": 1.402381615429259,
            "Precipitation_accumulated": 180.91909963607793,
            "Humidity": 16.292583584064893,
            "Wind_Speed_kmh": 0.19856249317125882,
            "Soil_Moisture": 96350.04587742948,
            "Soil_Temperature": 1.8092108083752025,
            "Wind_Dir_Sin": 0.09533299120730089,
            "Wind_Dir_Cos": 0.10001152925527204
        },
        "RMSE": {
            "Temperature": 1.1842219451729725,
            "Precipitation_accumulated": 13.450617072687704,
            "Humidity": 4.0364072619180655,
            "Wind_Speed_kmh": 0.4456035156630374,
            "Soil_Moisture": 310.4030378031592,
            "Soil_Temperature": 1.3450690719718459,
            "Wind_Dir_Sin": 0.30876041068650767,
            "Wind_Dir_Cos": 0.3162459948446336
        },
        "MAE": {
            "Temperature": 0.8697880948241355,
            "Precipitation_accumulated": 12.084768498875865,
            "Humidity": 3.210312964606719,
            "Wind_Speed_kmh": 0.22733216593371489,
            "Soil_Moisture": 129.94488357755986,
            "Soil_Temperature": 0.8644700062843285,
            "Wind_Dir_Sin": 0.17822932959654147,
            "Wind_Dir_Cos": 0.18630323032275184
        },
        "R2": {
            "Temperature": 0.5873685779823866,
            "Precipitation_accumulated": -189.48910757844715,
            "Humidity": 0.7495318446475162,
            "Wind_Speed_kmh": 0.4181483061101854,
            "Soil_Moisture": 0.8701340466442145,
            "Soil_Temperature": 0.6772037723944666,
            "Wind_Dir_Sin": 0.40803270186224017,
            "Wind_Dir_Cos": 0.6524218508092072
        },
        "SMAPE": {
            "Temperature": 15.135853744232588,
            "Precipitation_accumulated": 2.6722707349238166,
            "Humidity": 3.8080639577296727,
            "Wind_Speed_kmh": 172.0708348501755,
            "Soil_Moisture": 1.9957981031247938,
            "Soil_Temperature": 20.716239441154084,
            "Wind_Dir_Sin": 160.45973580705765,
            "Wind_Dir_Cos": 47.97164918191535
        }
    }
}