{
    "trial_number": 205,
    "input_chunk_length": 19,
    "output_chunk_length": 16,
    "num_layers": 1,
    "num_blocks": 4,
    "num_stacks": 3,
    "layer_widths": 112,
    "activation": "GELU",
    "dropout": 0.12483549422907053,
    "batch_size": 23,
    "lr": 0.0004278757949610494,
    "forecast_horizon": 6,
    "overall_smape_val": 52.596113169449765,
    "metrics": {
        "MSE": {
            "Temperature": 1.4769670578973193,
            "Precipitation_accumulated": 69.15246150431919,
            "Humidity": 10.800394063926285,
            "Wind_Speed_kmh": 0.15182410041547065,
            "Soil_Moisture": 78877.84277044726,
            "Soil_Temperature": 2.7594317725455553,
            "Wind_Dir_Sin": 0.09588165084030531,
            "Wind_Dir_Cos": 0.09710351554759378
        },
        "RMSE": {
            "Temperature": 1.2153053352541983,
            "Precipitation_accumulated": 8.315795903238559,
            "Humidity": 3.2863952994011973,
            "Wind_Speed_kmh": 0.38964612203314775,
            "Soil_Moisture": 280.85199442134507,
            "Soil_Temperature": 1.661153747413392,
            "Wind_Dir_Sin": 0.30964762366326226,
            "Wind_Dir_Cos": 0.31161436993115993
        },
        "MAE": {
            "Temperature": 0.9068857124316241,
            "Precipitation_accumulated": 6.14784993593706,
            "Humidity": 2.1346055704980254,
            "Wind_Speed_kmh": 0.19980492864917554,
            "Soil_Moisture": 113.32791953407023,
            "Soil_Temperature": 1.389478927368648,
            "Wind_Dir_Sin": 0.19079714695084163,
            "Wind_Dir_Cos": 0.18426102031822647
        },
        "R2": {
            "Temperature": 0.565422841637299,
            "Precipitation_accumulated": -71.81039263023082,
            "Humidity": 0.8339640386490125,
            "Wind_Speed_kmh": 0.5551067646806438,
            "Soil_Moisture": 0.8936840542550121,
            "Soil_Temperature": 0.5076670101741783,
            "Wind_Dir_Sin": 0.4046258166231037,
            "Wind_Dir_Cos": 0.6625283058335713
        },
        "SMAPE": {
            "Temperature": 15.337334750252948,
            "Precipitation_accumulated": 1.3351639283312702,
            "Humidity": 2.549231198503733,
            "Wind_Speed_kmh": 167.0246156295443,
            "Soil_Moisture": 1.7511871049202183,
            "Soil_Temperature": 28.276237293606396,
            "Wind_Dir_Sin": 159.3823701628323,
            "Wind_Dir_Cos": 45.11276528760673
        }
    }
}