{
    "trial_number": 131,
    "input_chunk_length": 18,
    "output_chunk_length": 15,
    "num_layers": 1,
    "num_blocks": 4,
    "num_stacks": 2,
    "layer_widths": 109,
    "activation": "GELU",
    "dropout": 0.24694538546227848,
    "batch_size": 16,
    "lr": 0.0002504504991866132,
    "forecast_horizon": 7,
    "overall_smape_val": 51.885599114825666,
    "metrics": {
        "MSE": {
            "Temperature": 1.095135865382089,
            "Precipitation_accumulated": 508.0422031100546,
            "Humidity": 12.902778992144244,
            "Wind_Speed_kmh": 0.18430848399861507,
            "Soil_Moisture": 89676.2449088995,
            "Soil_Temperature": 1.0882078105860629,
            "Wind_Dir_Sin": 0.0948904680354702,
            "Wind_Dir_Cos": 0.09526630093413918
        },
        "RMSE": {
            "Temperature": 1.0464873937998915,
            "Precipitation_accumulated": 22.539791549835915,
            "Humidity": 3.59204384607764,
            "Wind_Speed_kmh": 0.42931163971946423,
            "Soil_Moisture": 299.45992204116317,
            "Soil_Temperature": 1.043171994728608,
            "Wind_Dir_Sin": 0.3080429645933668,
            "Wind_Dir_Cos": 0.3086523949917434
        },
        "MAE": {
            "Temperature": 0.7863215045980297,
            "Precipitation_accumulated": 19.669336653607946,
            "Humidity": 2.3426133118249908,
            "Wind_Speed_kmh": 0.199821738358456,
            "Soil_Moisture": 130.1874464338533,
            "Soil_Temperature": 0.7215972025476278,
            "Wind_Dir_Sin": 0.1706141321034927,
            "Wind_Dir_Cos": 0.17130892065345046
        },
        "R2": {
            "Temperature": 0.6776594788997139,
            "Precipitation_accumulated": -533.8298795177402,
            "Humidity": 0.8016757249067552,
            "Wind_Speed_kmh": 0.4602946525745313,
            "Soil_Moisture": 0.879209532051209,
            "Soil_Temperature": 0.8057853376391131,
            "Wind_Dir_Sin": 0.4111706189266332,
            "Wind_Dir_Cos": 0.6690993076800287
        },
        "SMAPE": {
            "Temperature": 13.583937268694912,
            "Precipitation_accumulated": 4.403909879311344,
            "Humidity": 2.762064463134145,
            "Wind_Speed_kmh": 169.53570974691465,
            "Soil_Moisture": 2.0630325294893392,
            "Soil_Temperature": 20.55888388057451,
            "Wind_Dir_Sin": 158.72936435173335,
            "Wind_Dir_Cos": 43.44789079875305
        }
    }
}