{
    "trial_number": 249,
    "input_chunk_length": 18,
    "output_chunk_length": 15,
    "num_layers": 1,
    "num_blocks": 4,
    "num_stacks": 2,
    "layer_widths": 130,
    "activation": "GELU",
    "dropout": 0.2827914939803912,
    "batch_size": 18,
    "lr": 0.0003713264045012406,
    "forecast_horizon": 5,
    "overall_smape_val": 51.91646228383097,
    "metrics": {
        "MSE": {
            "Temperature": 2.043166514755458,
            "Precipitation_accumulated": 62.92548710770063,
            "Humidity": 10.378892223824055,
            "Wind_Speed_kmh": 0.16880189492212241,
            "Soil_Moisture": 72462.39720767878,
            "Soil_Temperature": 1.6896472769642639,
            "Wind_Dir_Sin": 0.09109105808133265,
            "Wind_Dir_Cos": 0.08566753431840121
        },
        "RMSE": {
            "Temperature": 1.4293937577712652,
            "Precipitation_accumulated": 7.932558673448349,
            "Humidity": 3.2216288153392307,
            "Wind_Speed_kmh": 0.4108550777611522,
            "Soil_Moisture": 269.1884046679551,
            "Soil_Temperature": 1.2998643302146051,
            "Wind_Dir_Sin": 0.30181295214309917,
            "Wind_Dir_Cos": 0.2926901677856658
        },
        "MAE": {
            "Temperature": 1.1429384499792128,
            "Precipitation_accumulated": 6.176074650418705,
            "Humidity": 2.3434852630798444,
            "Wind_Speed_kmh": 0.19371809044737218,
            "Soil_Moisture": 115.66987994570025,
            "Soil_Temperature": 1.0785469201556237,
            "Wind_Dir_Sin": 0.18330859927661164,
            "Wind_Dir_Cos": 0.15200339073057223
        },
        "R2": {
            "Temperature": 0.3990617695794688,
            "Precipitation_accumulated": -65.26473531546527,
            "Humidity": 0.8404229448907552,
            "Wind_Speed_kmh": 0.505010615370208,
            "Soil_Moisture": 0.902266291223219,
            "Soil_Temperature": 0.6986358073306764,
            "Wind_Dir_Sin": 0.4339983824562915,
            "Wind_Dir_Cos": 0.7021054309911199
        },
        "SMAPE": {
            "Temperature": 20.39600148402403,
            "Precipitation_accumulated": 1.346107281349585,
            "Humidity": 2.780175570260781,
            "Wind_Speed_kmh": 168.3427968742115,
            "Soil_Moisture": 1.8359230435189848,
            "Soil_Temperature": 25.85428389572396,
            "Wind_Dir_Sin": 154.40123489318512,
            "Wind_Dir_Cos": 40.375175228373664
        }
    }
}