{
    "trial_number": 35,
    "input_chunk_length": 45,
    "output_chunk_length": 1,
    "num_layers": 1,
    "num_blocks": 4,
    "num_stacks": 3,
    "layer_widths": 243,
    "activation": "GELU",
    "dropout": 0.1300946376042601,
    "batch_size": 104,
    "lr": 0.00011494227662736073,
    "loss_function": "huber",
    "optimizer": "AdamW",
    "overall_mae_val": 0.10596477232492901,
    "metrics": {
        "MSE": {
            "Temperature": 9.477903642841698,
            "Precipitation_accumulated": 265.88143765115535,
            "Humidity": 47.64568322915774,
            "Wind_Speed_kmh": 0.8288085784878141,
            "Soil_Moisture": 29738.888936489686,
            "Soil_Temperature": 7.564244958915533,
            "Wind_Dir_Sin": 0.4080704624513358,
            "Wind_Dir_Cos": 0.3280091435821856
        },
        "RMSE": {
            "Temperature": 3.0786204122693817,
            "Precipitation_accumulated": 16.30587126317252,
            "Humidity": 6.902585256927852,
            "Wind_Speed_kmh": 0.9103892455910352,
            "Soil_Moisture": 172.44967073465142,
            "Soil_Temperature": 2.7503172469581636,
            "Wind_Dir_Sin": 0.638803931148937,
            "Wind_Dir_Cos": 0.5727208251689347
        },
        "MAE": {
            "Temperature": 2.529356523871622,
            "Precipitation_accumulated": 13.083154594647965,
            "Humidity": 5.460047959211743,
            "Wind_Speed_kmh": 0.6963699666690731,
            "Soil_Moisture": 135.83610866158205,
            "Soil_Temperature": 2.25263253736188,
            "Wind_Dir_Sin": 0.5580871748987286,
            "Wind_Dir_Cos": 0.4838643023571393
        },
        "R2": {
            "Temperature": 0.6895496746834333,
            "Precipitation_accumulated": -78.4411867114703,
            "Humidity": 0.675152205604523,
            "Wind_Speed_kmh": 0.3845490571848631,
            "Soil_Moisture": 0.4453802498097055,
            "Soil_Temperature": 0.5306774880147751,
            "Wind_Dir_Sin": 0.25945300813634,
            "Wind_Dir_Cos": 0.10553033543820156
        },
        "SMAPE": {
            "Temperature": 38.86355108084218,
            "Precipitation_accumulated": 2.833230248937484,
            "Humidity": 6.430231654075476,
            "Wind_Speed_kmh": 65.89558593623168,
            "Soil_Moisture": 1.581132658822024,
            "Soil_Temperature": 42.53625807325797,
            "Wind_Dir_Sin": 119.29741860332422,
            "Wind_Dir_Cos": 126.74000953384584
        }
    }
}