{
    "trial_number": 43,
    "input_chunk_length": 45,
    "output_chunk_length": 41,
    "num_layers": 1,
    "num_blocks": 4,
    "num_stacks": 2,
    "layer_widths": 229,
    "activation": "ReLU",
    "dropout": 0.21257235206063316,
    "batch_size": 39,
    "lr": 0.004286353208202863,
    "forecast_horizon": 18,
    "overall_smape_val": 56.87127742434819,
    "metrics": {
        "MSE": {
            "Temperature": 6.317595240115167,
            "Precipitation_accumulated": 72.48040802567161,
            "Humidity": 16.925625551416726,
            "Wind_Speed_kmh": 0.19415283747151063,
            "Soil_Moisture": 193454.33826287137,
            "Soil_Temperature": 2.6967519982643604,
            "Wind_Dir_Sin": 0.09553841155827943,
            "Wind_Dir_Cos": 0.11412322066962828
        },
        "RMSE": {
            "Temperature": 2.513482691429397,
            "Precipitation_accumulated": 8.51354262488135,
            "Humidity": 4.114076512586601,
            "Wind_Speed_kmh": 0.4406277765546682,
            "Soil_Moisture": 439.83444415242354,
            "Soil_Temperature": 1.6421790396495628,
            "Wind_Dir_Sin": 0.30909288500106147,
            "Wind_Dir_Cos": 0.33782128510445913
        },
        "MAE": {
            "Temperature": 2.3111978283976136,
            "Precipitation_accumulated": 6.52428484603944,
            "Humidity": 3.3164901706469356,
            "Wind_Speed_kmh": 0.26036524706083464,
            "Soil_Moisture": 377.73792299394614,
            "Soil_Temperature": 1.5311017229504789,
            "Wind_Dir_Sin": 0.22977239596218826,
            "Wind_Dir_Cos": 0.2582774198475182
        },
        "R2": {
            "Temperature": -0.8683345740706281,
            "Precipitation_accumulated": -75.17068741396902,
            "Humidity": 0.7400978126211593,
            "Wind_Speed_kmh": 0.4358421768436098,
            "Soil_Moisture": 0.7413323276001844,
            "Soil_Temperature": 0.5171104169542229,
            "Wind_Dir_Sin": 0.4114694374224962,
            "Wind_Dir_Cos": 0.6060499207154716
        },
        "SMAPE": {
            "Temperature": 32.671686979593446,
            "Precipitation_accumulated": 1.4161747922671037,
            "Humidity": 3.9548945357581133,
            "Wind_Speed_kmh": 174.6741542706367,
            "Soil_Moisture": 6.164061711757417,
            "Soil_Temperature": 28.671200840964538,
            "Wind_Dir_Sin": 155.21799971079076,
            "Wind_Dir_Cos": 52.2000465530176
        }
    }
}