{
    "trial_number": 128,
    "input_chunk_length": 17,
    "output_chunk_length": 14,
    "num_layers": 1,
    "num_blocks": 4,
    "num_stacks": 2,
    "layer_widths": 92,
    "activation": "GELU",
    "dropout": 0.2819746463872782,
    "batch_size": 19,
    "lr": 0.0004572772454559197,
    "forecast_horizon": 9,
    "overall_smape_val": 51.18408858282706,
    "metrics": {
        "MSE": {
            "Temperature": 1.088274116795076,
            "Precipitation_accumulated": 104.24966277380895,
            "Humidity": 13.846632314871718,
            "Wind_Speed_kmh": 0.1835730544743281,
            "Soil_Moisture": 103004.01615506916,
            "Soil_Temperature": 1.3299000740718991,
            "Wind_Dir_Sin": 0.10189733095228297,
            "Wind_Dir_Cos": 0.11475814382530047
        },
        "RMSE": {
            "Temperature": 1.0432037752975571,
            "Precipitation_accumulated": 10.21027241428009,
            "Humidity": 3.721106329422974,
            "Wind_Speed_kmh": 0.4284542618230423,
            "Soil_Moisture": 320.9423875948285,
            "Soil_Temperature": 1.1532129352690679,
            "Wind_Dir_Sin": 0.3192136133567661,
            "Wind_Dir_Cos": 0.3387597139940056
        },
        "MAE": {
            "Temperature": 0.7217418024900504,
            "Precipitation_accumulated": 8.261314656056001,
            "Humidity": 2.5432976800799962,
            "Wind_Speed_kmh": 0.21844717847719633,
            "Soil_Moisture": 123.1615787035587,
            "Soil_Temperature": 0.7126886652640108,
            "Wind_Dir_Sin": 0.1911405294644066,
            "Wind_Dir_Cos": 0.18661944025914987
        },
        "R2": {
            "Temperature": 0.6794681145659813,
            "Precipitation_accumulated": -108.7113861648724,
            "Humidity": 0.7872376287279914,
            "Wind_Speed_kmh": 0.4632002370249645,
            "Soil_Moisture": 0.8614426893904434,
            "Soil_Temperature": 0.7625068757755791,
            "Wind_Dir_Sin": 0.36852826417930906,
            "Wind_Dir_Cos": 0.6018437625016255
        },
        "SMAPE": {
            "Temperature": 12.609557494830712,
            "Precipitation_accumulated": 1.8188812669014311,
            "Humidity": 3.019041942250769,
            "Wind_Speed_kmh": 167.45069392354944,
            "Soil_Moisture": 1.9303217090382827,
            "Soil_Temperature": 20.02120792892815,
            "Wind_Dir_Sin": 158.2581729107325,
            "Wind_Dir_Cos": 44.36483148638533
        }
    }
}