{
    "trial_number": 377,
    "input_chunk_length": 13,
    "output_chunk_length": 12,
    "num_layers": 1,
    "num_blocks": 1,
    "num_stacks": 4,
    "layer_widths": 215,
    "activation": "GELU",
    "dropout": 0.2286897851560214,
    "batch_size": 23,
    "lr": 0.000614420628604078,
    "forecast_horizon": 2,
    "overall_smape_val": 48.59781998924902,
    "metrics": {
        "MSE": {
            "Temperature": 1.0611041152465672,
            "Precipitation_accumulated": 113.28001406944212,
            "Humidity": 6.145836792390214,
            "Wind_Speed_kmh": 0.11405428249433017,
            "Soil_Moisture": 35051.768080808986,
            "Soil_Temperature": 1.103603274104021,
            "Wind_Dir_Sin": 0.06691842850537352,
            "Wind_Dir_Cos": 0.06005658826060193
        },
        "RMSE": {
            "Temperature": 1.0300990803056602,
            "Precipitation_accumulated": 10.643308417472554,
            "Humidity": 2.479079827756705,
            "Wind_Speed_kmh": 0.3377192361923291,
            "Soil_Moisture": 187.22117423200024,
            "Soil_Temperature": 1.0505252372523093,
            "Wind_Dir_Sin": 0.2586859650336166,
            "Wind_Dir_Cos": 0.24506445735887922
        },
        "MAE": {
            "Temperature": 0.7168468434428714,
            "Precipitation_accumulated": 9.260072255730407,
            "Humidity": 1.6482197405663406,
            "Wind_Speed_kmh": 0.18603983035808022,
            "Soil_Moisture": 82.56277497173254,
            "Soil_Temperature": 0.9159729844218849,
            "Wind_Dir_Sin": 0.1329251416560727,
            "Wind_Dir_Cos": 0.13586878918683626
        },
        "R2": {
            "Temperature": 0.6883091487574737,
            "Precipitation_accumulated": -118.34971405397992,
            "Humidity": 0.9054903170927326,
            "Wind_Speed_kmh": 0.6648498981011138,
            "Soil_Moisture": 0.9526308361632261,
            "Soil_Temperature": 0.8033566672663623,
            "Wind_Dir_Sin": 0.5833716176390773,
            "Wind_Dir_Cos": 0.7908113554396852
        },
        "SMAPE": {
            "Temperature": 12.335447485120833,
            "Precipitation_accumulated": 2.0418043052087653,
            "Humidity": 1.9788018736514763,
            "Wind_Speed_kmh": 160.94605166854404,
            "Soil_Moisture": 1.3484464646518735,
            "Soil_Temperature": 22.891324475592054,
            "Wind_Dir_Sin": 151.44667760954354,
            "Wind_Dir_Cos": 35.79400603167978
        }
    }
}