{
    "trial_number": 23,
    "input_chunk_length": 48,
    "output_chunk_length": 43,
    "num_layers": 2,
    "num_blocks": 3,
    "num_stacks": 3,
    "layer_widths": 32,
    "activation": "GELU",
    "dropout": 0.13788817911305112,
    "batch_size": 50,
    "lr": 0.005146100571124964,
    "forecast_horizon": 13,
    "overall_smape_val": 51.71388003946893,
    "metrics": {
        "MSE": {
            "Temperature": 2.0204243320202444,
            "Precipitation_accumulated": 164.37584779118671,
            "Humidity": 31.2433902173963,
            "Wind_Speed_kmh": 0.16507562087638925,
            "Soil_Moisture": 93587.27955735302,
            "Soil_Temperature": 0.9601097003604208,
            "Wind_Dir_Sin": 0.08819723558442129,
            "Wind_Dir_Cos": 0.09642863979481629
        },
        "RMSE": {
            "Temperature": 1.4214163120001981,
            "Precipitation_accumulated": 12.82091446782119,
            "Humidity": 5.589578715555968,
            "Wind_Speed_kmh": 0.4062949924333172,
            "Soil_Moisture": 305.9203810754573,
            "Soil_Temperature": 0.9798518767448582,
            "Wind_Dir_Sin": 0.2969801939261628,
            "Wind_Dir_Cos": 0.3105296117841522
        },
        "MAE": {
            "Temperature": 1.0148578014117358,
            "Precipitation_accumulated": 9.234364888365246,
            "Humidity": 4.32865931501352,
            "Wind_Speed_kmh": 0.19545606426042594,
            "Soil_Moisture": 208.75832945682578,
            "Soil_Temperature": 0.7117222765819659,
            "Wind_Dir_Sin": 0.17140016634060867,
            "Wind_Dir_Cos": 0.1877020627919179
        },
        "R2": {
            "Temperature": 0.40446083990905435,
            "Precipitation_accumulated": -171.8784992267672,
            "Humidity": 0.5202157634755582,
            "Wind_Speed_kmh": 0.5186424732305634,
            "Soil_Moisture": 0.8744461691706582,
            "Soil_Temperature": 0.8283552484752218,
            "Wind_Dir_Sin": 0.4548797373108502,
            "Wind_Dir_Cos": 0.6661909853065512
        },
        "SMAPE": {
            "Temperature": 17.651789193673945,
            "Precipitation_accumulated": 2.046403452300578,
            "Humidity": 5.079206619078046,
            "Wind_Speed_kmh": 159.82262826871613,
            "Soil_Moisture": 3.2538224572622108,
            "Soil_Temperature": 24.800127918377864,
            "Wind_Dir_Sin": 155.41924362467267,
            "Wind_Dir_Cos": 45.63781878166988
        }
    }
}