{
    "trial_number": 71,
    "input_chunk_length": 64,
    "output_chunk_length": 17,
    "num_layers": 1,
    "num_blocks": 4,
    "num_stacks": 2,
    "layer_widths": 79,
    "activation": "GELU",
    "dropout": 0.26342039569858816,
    "batch_size": 17,
    "lr": 0.0006918150310954765,
    "forecast_horizon": 5,
    "overall_smape_val": 52.768196052365596,
    "metrics": {
        "MSE": {
            "Temperature": 1.5621495536578862,
            "Precipitation_accumulated": 234.3166874583771,
            "Humidity": 13.929825829673007,
            "Wind_Speed_kmh": 0.23855103693898053,
            "Soil_Moisture": 92361.20402987197,
            "Soil_Temperature": 2.8590688671616307,
            "Wind_Dir_Sin": 0.08060959496467333,
            "Wind_Dir_Cos": 0.08351851916281824
        },
        "RMSE": {
            "Temperature": 1.249859813602264,
            "Precipitation_accumulated": 15.307406294286995,
            "Humidity": 3.7322681883370876,
            "Wind_Speed_kmh": 0.48841686799186257,
            "Soil_Moisture": 303.90986168578337,
            "Soil_Temperature": 1.6908781349232802,
            "Wind_Dir_Sin": 0.28391828923948054,
            "Wind_Dir_Cos": 0.28899570786227646
        },
        "MAE": {
            "Temperature": 0.939062311928587,
            "Precipitation_accumulated": 11.163569454237525,
            "Humidity": 2.877252218434159,
            "Wind_Speed_kmh": 0.2972981900860932,
            "Soil_Moisture": 170.4759189980962,
            "Soil_Temperature": 1.299665676819622,
            "Wind_Dir_Sin": 0.16462840612616406,
            "Wind_Dir_Cos": 0.1738283277023906
        },
        "R2": {
            "Temperature": 0.5405389714211569,
            "Precipitation_accumulated": -245.75110178886192,
            "Humidity": 0.785826797682566,
            "Wind_Speed_kmh": 0.3004804179970749,
            "Soil_Moisture": 0.8754277616422577,
            "Soil_Temperature": 0.490058669235268,
            "Wind_Dir_Sin": 0.49912579675152247,
            "Wind_Dir_Cos": 0.7095782729336295
        },
        "SMAPE": {
            "Temperature": 15.661858178372668,
            "Precipitation_accumulated": 2.4772003324682825,
            "Humidity": 3.4391941852501717,
            "Wind_Speed_kmh": 170.3749256835314,
            "Soil_Moisture": 2.7099130724082054,
            "Soil_Temperature": 26.718998800023464,
            "Wind_Dir_Sin": 158.59540013896182,
            "Wind_Dir_Cos": 42.168078027908365
        }
    }
}