{
    "trial_number": 340,
    "input_chunk_length": 16,
    "output_chunk_length": 14,
    "num_layers": 1,
    "num_blocks": 3,
    "num_stacks": 2,
    "layer_widths": 131,
    "activation": "GELU",
    "dropout": 0.2351958540399111,
    "batch_size": 24,
    "lr": 0.0006908925865053657,
    "forecast_horizon": 1,
    "overall_smape_val": 52.351507467233546,
    "metrics": {
        "MSE": {
            "Temperature": 2.2532557780889477,
            "Precipitation_accumulated": 213.89266395194178,
            "Humidity": 25.49933781287343,
            "Wind_Speed_kmh": 0.16127887158702933,
            "Soil_Moisture": 88741.62430867155,
            "Soil_Temperature": 4.448531523463998,
            "Wind_Dir_Sin": 0.06458275066440462,
            "Wind_Dir_Cos": 0.05965483504499135
        },
        "RMSE": {
            "Temperature": 1.50108486705081,
            "Precipitation_accumulated": 14.62506970759257,
            "Humidity": 5.049686902459738,
            "Wind_Speed_kmh": 0.4015954078261221,
            "Soil_Moisture": 297.8953244155933,
            "Soil_Temperature": 2.109154219933668,
            "Wind_Dir_Sin": 0.2541313649756846,
            "Wind_Dir_Cos": 0.2442433930426601
        },
        "MAE": {
            "Temperature": 1.0997532426329681,
            "Precipitation_accumulated": 12.868452875197557,
            "Humidity": 4.314609597992513,
            "Wind_Speed_kmh": 0.22808721584325548,
            "Soil_Moisture": 205.11540492874363,
            "Soil_Temperature": 1.7654666517133677,
            "Wind_Dir_Sin": 0.13458646824933404,
            "Wind_Dir_Cos": 0.13273877076643764
        },
        "R2": {
            "Temperature": 0.3381241280206627,
            "Precipitation_accumulated": -224.35332901052834,
            "Humidity": 0.6078753125979612,
            "Wind_Speed_kmh": 0.5260797835520354,
            "Soil_Moisture": 0.8800740512909989,
            "Soil_Temperature": 0.20734734567110902,
            "Wind_Dir_Sin": 0.5979133470600093,
            "Wind_Dir_Cos": 0.79221073913855
        },
        "SMAPE": {
            "Temperature": 22.233459370514236,
            "Precipitation_accumulated": 2.851547399503211,
            "Humidity": 5.186674483739,
            "Wind_Speed_kmh": 164.8326571835574,
            "Soil_Moisture": 3.359833258652571,
            "Soil_Temperature": 30.26743023314378,
            "Wind_Dir_Sin": 150.14369589938528,
            "Wind_Dir_Cos": 39.93676190937272
        }
    }
}