{
    "trial_number": 45,
    "input_chunk_length": 21,
    "output_chunk_length": 12,
    "num_layers": 1,
    "num_blocks": 4,
    "num_stacks": 1,
    "layer_widths": 212,
    "activation": "ReLU",
    "dropout": 0.11262807222025778,
    "batch_size": 33,
    "lr": 0.0029078023490999305,
    "forecast_horizon": 17,
    "overall_smape_val": 112.22077382930655,
    "metrics": {
        "MSE": {
            "Temperature": 128.17661902980075,
            "Precipitation_accumulated": 80949.38547628665,
            "Humidity": 1781.7747574316156,
            "Wind_Speed_kmh": 4.035010228607669,
            "Soil_Moisture": 1415470.829854921,
            "Soil_Temperature": 203.5654099057522,
            "Wind_Dir_Sin": 0.2037658106094958,
            "Wind_Dir_Cos": 0.6164657607624274
        },
        "RMSE": {
            "Temperature": 11.321511340355613,
            "Precipitation_accumulated": 284.5160548656027,
            "Humidity": 42.21107387204945,
            "Wind_Speed_kmh": 2.0087334886957176,
            "Soil_Moisture": 1189.735613426328,
            "Soil_Temperature": 14.267635049501099,
            "Wind_Dir_Sin": 0.451404265165379,
            "Wind_Dir_Cos": 0.7851533358283765
        },
        "MAE": {
            "Temperature": 11.234999530627052,
            "Precipitation_accumulated": 284.2290785364027,
            "Humidity": 41.767562029621395,
            "Wind_Speed_kmh": 1.9581957552459572,
            "Soil_Moisture": 1170.439672234615,
            "Soil_Temperature": 14.103918887200024,
            "Wind_Dir_Sin": 0.24377625697446653,
            "Wind_Dir_Cos": 0.7466287338142752
        },
        "R2": {
            "Temperature": -36.878507600237846,
            "Precipitation_accumulated": -85082.88886131032,
            "Humidity": -26.360442513802713,
            "Wind_Speed_kmh": -10.73295834272824,
            "Soil_Moisture": -0.893875923816617,
            "Soil_Temperature": -35.43662736798624,
            "Wind_Dir_Sin": -0.25606455671255146,
            "Wind_Dir_Cos": -1.1292238031575081
        },
        "SMAPE": {
            "Temperature": 94.69884451843845,
            "Precipitation_accumulated": 89.66636669416812,
            "Humidity": 66.71684142665327,
            "Wind_Speed_kmh": 186.01143969162948,
            "Soil_Moisture": 18.15247455550085,
            "Soil_Temperature": 104.92441196632898,
            "Wind_Dir_Sin": 187.04023058281317,
            "Wind_Dir_Cos": 150.55558119892058
        }
    }
}