{
    "trial_number": 286,
    "input_chunk_length": 16,
    "output_chunk_length": 14,
    "num_layers": 1,
    "num_blocks": 3,
    "num_stacks": 2,
    "layer_widths": 128,
    "activation": "GELU",
    "dropout": 0.23263818729460958,
    "batch_size": 22,
    "lr": 0.0005376943577005494,
    "forecast_horizon": 1,
    "overall_smape_val": 49.742665067594984,
    "metrics": {
        "MSE": {
            "Temperature": 1.5402861477347483,
            "Precipitation_accumulated": 62.30138783964597,
            "Humidity": 9.929688617536938,
            "Wind_Speed_kmh": 0.1640562394012277,
            "Soil_Moisture": 37050.929486209665,
            "Soil_Temperature": 1.2382844646376054,
            "Wind_Dir_Sin": 0.06261517546981872,
            "Wind_Dir_Cos": 0.05408509065708389
        },
        "RMSE": {
            "Temperature": 1.2410826514518476,
            "Precipitation_accumulated": 7.893122819242455,
            "Humidity": 3.151140843811482,
            "Wind_Speed_kmh": 0.40503856532585597,
            "Soil_Moisture": 192.4861799875764,
            "Soil_Temperature": 1.1127823078381527,
            "Wind_Dir_Sin": 0.25023024491419643,
            "Wind_Dir_Cos": 0.23256201464788676
        },
        "MAE": {
            "Temperature": 1.006678617951461,
            "Precipitation_accumulated": 5.4762046726376665,
            "Humidity": 2.5260061030251495,
            "Wind_Speed_kmh": 0.2632959617486681,
            "Soil_Moisture": 79.10365194196358,
            "Soil_Temperature": 0.8849341373558662,
            "Wind_Dir_Sin": 0.12988241799770467,
            "Wind_Dir_Cos": 0.1186922091964172
        },
        "R2": {
            "Temperature": 0.5475532573606534,
            "Precipitation_accumulated": -64.63958245335049,
            "Humidity": 0.8473028565006296,
            "Wind_Speed_kmh": 0.5179184494435547,
            "Soil_Moisture": 0.9499291577791212,
            "Soil_Temperature": 0.7793587698475098,
            "Wind_Dir_Sin": 0.6101633010532951,
            "Wind_Dir_Cos": 0.8116112297891007
        },
        "SMAPE": {
            "Temperature": 16.55341683084459,
            "Precipitation_accumulated": 1.2039063660579405,
            "Humidity": 3.0361172030190113,
            "Wind_Speed_kmh": 172.3216541697521,
            "Soil_Moisture": 1.248294990411806,
            "Soil_Temperature": 20.789470578403666,
            "Wind_Dir_Sin": 149.5225933305831,
            "Wind_Dir_Cos": 33.26586707168789
        }
    }
}