{
    "trial_number": 82,
    "input_chunk_length": 25,
    "output_chunk_length": 22,
    "num_layers": 1,
    "num_blocks": 4,
    "num_stacks": 2,
    "layer_widths": 238,
    "activation": "GELU",
    "dropout": 0.2691008157094723,
    "batch_size": 16,
    "lr": 0.0008466164115672725,
    "forecast_horizon": 7,
    "overall_smape_val": 52.88324624000337,
    "metrics": {
        "MSE": {
            "Temperature": 1.0663958953502906,
            "Precipitation_accumulated": 99.59098783878544,
            "Humidity": 35.756985545211,
            "Wind_Speed_kmh": 0.19541090978639886,
            "Soil_Moisture": 134505.16844310748,
            "Soil_Temperature": 1.6744951472300125,
            "Wind_Dir_Sin": 0.1086501511569414,
            "Wind_Dir_Cos": 0.11005584044191893
        },
        "RMSE": {
            "Temperature": 1.0326644640686977,
            "Precipitation_accumulated": 9.979528437696114,
            "Humidity": 5.979714503654083,
            "Wind_Speed_kmh": 0.44205306218416685,
            "Soil_Moisture": 366.7494627713959,
            "Soil_Temperature": 1.2940228542147207,
            "Wind_Dir_Sin": 0.329621223765918,
            "Wind_Dir_Cos": 0.33174665098824874
        },
        "MAE": {
            "Temperature": 0.7739485148777367,
            "Precipitation_accumulated": 8.53859182238341,
            "Humidity": 4.860150521478789,
            "Wind_Speed_kmh": 0.2468924627690865,
            "Soil_Moisture": 258.02273436914334,
            "Soil_Temperature": 0.9537553265780689,
            "Wind_Dir_Sin": 0.24237016989746082,
            "Wind_Dir_Cos": 0.2367440308035288
        },
        "R2": {
            "Temperature": 0.6861187552409416,
            "Precipitation_accumulated": -103.84214835067941,
            "Humidity": 0.45039140466629746,
            "Wind_Speed_kmh": 0.42778373155200067,
            "Soil_Moisture": 0.818826688670128,
            "Soil_Temperature": 0.7011494436259602,
            "Wind_Dir_Sin": 0.3257868510527835,
            "Wind_Dir_Cos": 0.6177288984772908
        },
        "SMAPE": {
            "Temperature": 12.964156180091004,
            "Precipitation_accumulated": 1.838694309250529,
            "Humidity": 5.6769747639728685,
            "Wind_Speed_kmh": 168.0045031310374,
            "Soil_Moisture": 4.186330129099534,
            "Soil_Temperature": 24.358655820894324,
            "Wind_Dir_Sin": 153.39102586642755,
            "Wind_Dir_Cos": 52.64562971925388
        }
    }
}