{
    "trial_number": 16,
    "input_chunk_length": 44,
    "output_chunk_length": 34,
    "num_layers": 3,
    "num_blocks": 4,
    "num_stacks": 4,
    "layer_widths": 74,
    "activation": "GELU",
    "dropout": 0.19582604968244233,
    "batch_size": 54,
    "lr": 0.0001683727880405751,
    "forecast_horizon": 24,
    "overall_smape_val": 53.9993901433279,
    "metrics": {
        "MSE": {
            "Temperature": 1.8994812714314322,
            "Precipitation_accumulated": 343.58171358624196,
            "Humidity": 18.98224921469213,
            "Wind_Speed_kmh": 0.23155099056385672,
            "Soil_Moisture": 182416.65464402572,
            "Soil_Temperature": 1.9800892625115554,
            "Wind_Dir_Sin": 0.11350094404510501,
            "Wind_Dir_Cos": 0.1271977377518032
        },
        "RMSE": {
            "Temperature": 1.3782166997360872,
            "Precipitation_accumulated": 18.535957315073908,
            "Humidity": 4.356862313028968,
            "Wind_Speed_kmh": 0.4811974548601195,
            "Soil_Moisture": 427.1026277653015,
            "Soil_Temperature": 1.4071564456419035,
            "Wind_Dir_Sin": 0.33689901164162683,
            "Wind_Dir_Cos": 0.3566479184739527
        },
        "MAE": {
            "Temperature": 1.0460740160649464,
            "Precipitation_accumulated": 9.743766965711718,
            "Humidity": 3.292115990168536,
            "Wind_Speed_kmh": 0.23885775822077135,
            "Soil_Moisture": 189.93823173811919,
            "Soil_Temperature": 0.9400541137228592,
            "Wind_Dir_Sin": 0.19654407190322767,
            "Wind_Dir_Cos": 0.22192625560198911
        },
        "R2": {
            "Temperature": 0.4350700313339748,
            "Precipitation_accumulated": -359.7486317995719,
            "Humidity": 0.7084141293461589,
            "Wind_Speed_kmh": 0.33001830554775635,
            "Soil_Moisture": 0.757056808103011,
            "Soil_Temperature": 0.6445474885333922,
            "Wind_Dir_Sin": 0.3036160833433754,
            "Wind_Dir_Cos": 0.5624040649762581
        },
        "SMAPE": {
            "Temperature": 17.729077931814288,
            "Precipitation_accumulated": 2.1827089868897667,
            "Humidity": 3.8894058749457465,
            "Wind_Speed_kmh": 170.65852822626422,
            "Soil_Moisture": 2.934827408088631,
            "Soil_Temperature": 22.580809666127834,
            "Wind_Dir_Sin": 160.92425140739164,
            "Wind_Dir_Cos": 51.09551164510101
        }
    }
}