{
    "trial_number": 393,
    "input_chunk_length": 18,
    "output_chunk_length": 16,
    "num_layers": 1,
    "num_blocks": 3,
    "num_stacks": 2,
    "layer_widths": 202,
    "activation": "GELU",
    "dropout": 0.21493201294443318,
    "batch_size": 23,
    "lr": 0.0006068158746941315,
    "forecast_horizon": 2,
    "overall_smape_val": 50.23362088052747,
    "metrics": {
        "MSE": {
            "Temperature": 1.4436111826895928,
            "Precipitation_accumulated": 131.9486216050104,
            "Humidity": 16.391038699420832,
            "Wind_Speed_kmh": 0.14420403258269576,
            "Soil_Moisture": 54600.58375321812,
            "Soil_Temperature": 1.2728387613014565,
            "Wind_Dir_Sin": 0.07448425756086076,
            "Wind_Dir_Cos": 0.08399832655333365
        },
        "RMSE": {
            "Temperature": 1.2015037173016123,
            "Precipitation_accumulated": 11.48688911781647,
            "Humidity": 4.048584777353789,
            "Wind_Speed_kmh": 0.37974206059204946,
            "Soil_Moisture": 233.6676780241934,
            "Soil_Temperature": 1.128201560582796,
            "Wind_Dir_Sin": 0.2729180418383159,
            "Wind_Dir_Cos": 0.28982464793963547
        },
        "MAE": {
            "Temperature": 0.897974812506817,
            "Precipitation_accumulated": 8.753326577951743,
            "Humidity": 3.12964700975369,
            "Wind_Speed_kmh": 0.2163154693597598,
            "Soil_Moisture": 108.85309209314762,
            "Soil_Temperature": 0.7424333496664074,
            "Wind_Dir_Sin": 0.15478379406889786,
            "Wind_Dir_Cos": 0.19083210601798317
        },
        "R2": {
            "Temperature": 0.5759507555097998,
            "Precipitation_accumulated": -138.01861142708756,
            "Humidity": 0.7479412613232548,
            "Wind_Speed_kmh": 0.5762544364195763,
            "Soil_Moisture": 0.926212452637853,
            "Soil_Temperature": 0.7732017819011275,
            "Wind_Dir_Sin": 0.5362674164345647,
            "Wind_Dir_Cos": 0.7074176774614793
        },
        "SMAPE": {
            "Temperature": 16.065606619742265,
            "Precipitation_accumulated": 1.9231283741538556,
            "Humidity": 3.7341327427673754,
            "Wind_Speed_kmh": 162.6124606440921,
            "Soil_Moisture": 1.7327310962505384,
            "Soil_Temperature": 18.79715031520861,
            "Wind_Dir_Sin": 153.33378347345487,
            "Wind_Dir_Cos": 43.669973778550215
        }
    }
}