{
    "trial_number": 306,
    "input_chunk_length": 18,
    "output_chunk_length": 15,
    "num_layers": 1,
    "num_blocks": 3,
    "num_stacks": 2,
    "layer_widths": 112,
    "activation": "GELU",
    "dropout": 0.21675778104078866,
    "batch_size": 22,
    "lr": 0.0009043582761966311,
    "forecast_horizon": 1,
    "overall_smape_val": 50.007003874885456,
    "metrics": {
        "MSE": {
            "Temperature": 1.6326623443633608,
            "Precipitation_accumulated": 53.85589078529208,
            "Humidity": 7.7486205237357355,
            "Wind_Speed_kmh": 0.12472355568251452,
            "Soil_Moisture": 51125.14192106985,
            "Soil_Temperature": 2.6116657816019813,
            "Wind_Dir_Sin": 0.059643469242531805,
            "Wind_Dir_Cos": 0.05399340025714204
        },
        "RMSE": {
            "Temperature": 1.2777567625973891,
            "Precipitation_accumulated": 7.338657287630489,
            "Humidity": 2.7836344091377616,
            "Wind_Speed_kmh": 0.35316222289836513,
            "Soil_Moisture": 226.10869492584723,
            "Soil_Temperature": 1.6160649063704036,
            "Wind_Dir_Sin": 0.2442201245649748,
            "Wind_Dir_Cos": 0.2323647999528802
        },
        "MAE": {
            "Temperature": 1.0740568481912214,
            "Precipitation_accumulated": 5.691724667179244,
            "Humidity": 2.144942845092028,
            "Wind_Speed_kmh": 0.18744676370338195,
            "Soil_Moisture": 145.97786237811442,
            "Soil_Temperature": 1.2515575648921409,
            "Wind_Dir_Sin": 0.14053141225438823,
            "Wind_Dir_Cos": 0.12970776360468647
        },
        "R2": {
            "Temperature": 0.5204184880689249,
            "Precipitation_accumulated": -55.74156397444237,
            "Humidity": 0.8808429684345396,
            "Wind_Speed_kmh": 0.633498089839247,
            "Soil_Moisture": 0.9309091850016149,
            "Soil_Temperature": 0.5346455784144335,
            "Wind_Dir_Sin": 0.628664888522986,
            "Wind_Dir_Cos": 0.8119306050822792
        },
        "SMAPE": {
            "Temperature": 16.86247338684062,
            "Precipitation_accumulated": 1.2331583567611004,
            "Humidity": 2.571209725180598,
            "Wind_Speed_kmh": 169.97191097367235,
            "Soil_Moisture": 2.407633363397738,
            "Soil_Temperature": 26.758478849601406,
            "Wind_Dir_Sin": 148.30516287031313,
            "Wind_Dir_Cos": 31.946003473316672
        }
    }
}