{
    "trial_number": 41,
    "input_chunk_length": 17,
    "num_layers": 2,
    "num_blocks": 2,
    "num_stacks": 4,
    "layer_widths": 173,
    "activation": "GELU",
    "dropout": 0.16950220414658135,
    "batch_size": 41,
    "lr": 0.0006124640323823527,
    "overall_smape_val": 47.56678306661291,
    "metrics": {
        "MSE": {
            "Temperature": 1.3478188798725874,
            "Precipitation_accumulated": 74.79573340479843,
            "Humidity": 9.971936991524638,
            "Wind_Speed_kmh": 0.07994048345709284,
            "Soil_Moisture": 44758.02401965109,
            "Soil_Temperature": 0.741843683548871,
            "Wind_Dir_Sin": 0.05131109874037198,
            "Wind_Dir_Cos": 0.046357176711280985
        },
        "RMSE": {
            "Temperature": 1.1609560197839484,
            "Precipitation_accumulated": 8.648452659568555,
            "Humidity": 3.157837391558444,
            "Wind_Speed_kmh": 0.282737481521451,
            "Soil_Moisture": 211.56092271412294,
            "Soil_Temperature": 0.8613034793549084,
            "Wind_Dir_Sin": 0.22651953280097498,
            "Wind_Dir_Cos": 0.21530716827658336
        },
        "MAE": {
            "Temperature": 1.0283105951528,
            "Precipitation_accumulated": 7.4728712075429815,
            "Humidity": 2.6891763131680317,
            "Wind_Speed_kmh": 0.14216037487381644,
            "Soil_Moisture": 156.89229992488697,
            "Soil_Temperature": 0.7340735013407638,
            "Wind_Dir_Sin": 0.13408775949778803,
            "Wind_Dir_Cos": 0.12203180186880609
        },
        "R2": {
            "Temperature": 0.6040889786855493,
            "Precipitation_accumulated": -77.80339235170055,
            "Humidity": 0.8466531678473499,
            "Wind_Speed_kmh": 0.7650937729775927,
            "Soil_Moisture": 0.9395137452721563,
            "Soil_Temperature": 0.8678160732905744,
            "Wind_Dir_Sin": 0.6805415108687716,
            "Wind_Dir_Cos": 0.8385290399814885
        },
        "SMAPE": {
            "Temperature": 16.42273142785147,
            "Precipitation_accumulated": 1.6100459786907833,
            "Humidity": 3.236829105252611,
            "Wind_Speed_kmh": 160.907004738864,
            "Soil_Moisture": 2.616238927770776,
            "Soil_Temperature": 17.906376201295487,
            "Wind_Dir_Sin": 144.80300048460478,
            "Wind_Dir_Cos": 33.032037668573395
        }
    }
}