{
    "trial_number": 137,
    "input_chunk_length": 20,
    "output_chunk_length": 17,
    "num_layers": 1,
    "num_blocks": 4,
    "num_stacks": 2,
    "layer_widths": 100,
    "activation": "GELU",
    "dropout": 0.2804276849733453,
    "batch_size": 23,
    "lr": 0.0004894751723012795,
    "forecast_horizon": 8,
    "overall_smape_val": 52.899284908900874,
    "metrics": {
        "MSE": {
            "Temperature": 2.008842810847432,
            "Precipitation_accumulated": 66.5891613695845,
            "Humidity": 18.575096459809927,
            "Wind_Speed_kmh": 0.21122210326040516,
            "Soil_Moisture": 102945.355126855,
            "Soil_Temperature": 0.8725215553070782,
            "Wind_Dir_Sin": 0.1075400727881352,
            "Wind_Dir_Cos": 0.11468152147792139
        },
        "RMSE": {
            "Temperature": 1.4173365199723853,
            "Precipitation_accumulated": 8.160218218257677,
            "Humidity": 4.3098835784519665,
            "Wind_Speed_kmh": 0.4595890591173871,
            "Soil_Moisture": 320.8509858592537,
            "Soil_Temperature": 0.9340886228335501,
            "Wind_Dir_Sin": 0.3279330309501243,
            "Wind_Dir_Cos": 0.33864660263750085
        },
        "MAE": {
            "Temperature": 1.0737486897616104,
            "Precipitation_accumulated": 6.24422776409707,
            "Humidity": 3.2506008192534805,
            "Wind_Speed_kmh": 0.24439873930677658,
            "Soil_Moisture": 136.31922632803193,
            "Soil_Temperature": 0.6472460386671511,
            "Wind_Dir_Sin": 0.2113207227401151,
            "Wind_Dir_Cos": 0.19223256794169802
        },
        "R2": {
            "Temperature": 0.4085258851422585,
            "Precipitation_accumulated": -69.08899850049991,
            "Humidity": 0.7145385471931425,
            "Wind_Speed_kmh": 0.38191691910308767,
            "Soil_Moisture": 0.8614291295947865,
            "Soil_Temperature": 0.8442325169252299,
            "Wind_Dir_Sin": 0.33311735793293384,
            "Wind_Dir_Cos": 0.6018857805406376
        },
        "SMAPE": {
            "Temperature": 19.63909729065348,
            "Precipitation_accumulated": 1.3464945851280945,
            "Humidity": 3.8997031762471877,
            "Wind_Speed_kmh": 171.98054133750102,
            "Soil_Moisture": 2.1505885648201843,
            "Soil_Temperature": 18.97438538658224,
            "Wind_Dir_Sin": 158.0813030167962,
            "Wind_Dir_Cos": 47.12216591347859
        }
    }
}