{
    "trial_number": 240,
    "input_chunk_length": 15,
    "output_chunk_length": 13,
    "num_layers": 1,
    "num_blocks": 4,
    "num_stacks": 2,
    "layer_widths": 121,
    "activation": "GELU",
    "dropout": 0.2648178207656362,
    "batch_size": 20,
    "lr": 0.0003136542862348711,
    "forecast_horizon": 5,
    "overall_smape_val": 51.03910298929026,
    "metrics": {
        "MSE": {
            "Temperature": 1.116917978608525,
            "Precipitation_accumulated": 118.03200522587473,
            "Humidity": 13.800402403284565,
            "Wind_Speed_kmh": 0.16338451010247607,
            "Soil_Moisture": 69870.76060666596,
            "Soil_Temperature": 0.8326379823053033,
            "Wind_Dir_Sin": 0.09396584954469682,
            "Wind_Dir_Cos": 0.08666440508440168
        },
        "RMSE": {
            "Temperature": 1.0568434030680822,
            "Precipitation_accumulated": 10.864253551251219,
            "Humidity": 3.7148892854679483,
            "Wind_Speed_kmh": 0.4042084983056097,
            "Soil_Moisture": 264.3307787728587,
            "Soil_Temperature": 0.9124899902493744,
            "Wind_Dir_Sin": 0.3065384960240668,
            "Wind_Dir_Cos": 0.29438818774604675
        },
        "MAE": {
            "Temperature": 0.7781272266771617,
            "Precipitation_accumulated": 9.059445609877054,
            "Humidity": 2.619198873046086,
            "Wind_Speed_kmh": 0.2037817970469937,
            "Soil_Moisture": 102.34700687705576,
            "Soil_Temperature": 0.7066773708315357,
            "Wind_Dir_Sin": 0.18673977661443603,
            "Wind_Dir_Cos": 0.1612249118598374
        },
        "R2": {
            "Temperature": 0.6714909388233499,
            "Precipitation_accumulated": -123.295574727288,
            "Humidity": 0.7878167026550648,
            "Wind_Speed_kmh": 0.5208963847771015,
            "Soil_Moisture": 0.9057617628965159,
            "Soil_Temperature": 0.8514913279568708,
            "Wind_Dir_Sin": 0.41613563442550094,
            "Wind_Dir_Cos": 0.6986389790900818
        },
        "SMAPE": {
            "Temperature": 13.49967264451787,
            "Precipitation_accumulated": 1.948973139832315,
            "Humidity": 3.114446597470846,
            "Wind_Speed_kmh": 170.59969466996543,
            "Soil_Moisture": 1.6137182499426743,
            "Soil_Temperature": 19.064607157041106,
            "Wind_Dir_Sin": 155.03235668295338,
            "Wind_Dir_Cos": 43.43935477259852
        }
    }
}