{
    "trial_number": 290,
    "input_chunk_length": 16,
    "output_chunk_length": 14,
    "num_layers": 1,
    "num_blocks": 3,
    "num_stacks": 2,
    "layer_widths": 115,
    "activation": "GELU",
    "dropout": 0.23194146783302655,
    "batch_size": 23,
    "lr": 0.0007631954622851245,
    "forecast_horizon": 2,
    "overall_smape_val": 49.03082240864988,
    "metrics": {
        "MSE": {
            "Temperature": 1.395163386427734,
            "Precipitation_accumulated": 549.6583455787817,
            "Humidity": 6.950753015606426,
            "Wind_Speed_kmh": 0.11675115488923869,
            "Soil_Moisture": 47039.53840000687,
            "Soil_Temperature": 0.8489926350759593,
            "Wind_Dir_Sin": 0.07141713606006819,
            "Wind_Dir_Cos": 0.06405316809427783
        },
        "RMSE": {
            "Temperature": 1.1811703460668719,
            "Precipitation_accumulated": 23.44479357082893,
            "Humidity": 2.636428078974738,
            "Wind_Speed_kmh": 0.3416886812424999,
            "Soil_Moisture": 216.88600323673927,
            "Soil_Temperature": 0.921407963432029,
            "Wind_Dir_Sin": 0.267239847440587,
            "Wind_Dir_Cos": 0.25308727367111494
        },
        "MAE": {
            "Temperature": 0.8949284052374649,
            "Precipitation_accumulated": 21.03726999962054,
            "Humidity": 1.737367503765667,
            "Wind_Speed_kmh": 0.17079730024748274,
            "Soil_Moisture": 105.93195057127278,
            "Soil_Temperature": 0.6619606185640583,
            "Wind_Dir_Sin": 0.16354094688174253,
            "Wind_Dir_Cos": 0.16051543789550252
        },
        "R2": {
            "Temperature": 0.5901819083634237,
            "Precipitation_accumulated": -578.1098007102705,
            "Humidity": 0.8931124457640842,
            "Wind_Speed_kmh": 0.6569251009063499,
            "Soil_Moisture": 0.9364304934307691,
            "Soil_Temperature": 0.848723952578711,
            "Wind_Dir_Sin": 0.5553630511934862,
            "Wind_Dir_Cos": 0.7768904994187613
        },
        "SMAPE": {
            "Temperature": 14.875519969379772,
            "Precipitation_accumulated": 4.45331527885594,
            "Humidity": 2.089182511106804,
            "Wind_Speed_kmh": 157.46289970914867,
            "Soil_Moisture": 1.7028220616081449,
            "Soil_Temperature": 23.162748516326257,
            "Wind_Dir_Sin": 150.32668418480353,
            "Wind_Dir_Cos": 38.17340703796952
        }
    }
}