{
    "trial_number": 209,
    "input_chunk_length": 20,
    "output_chunk_length": 17,
    "num_layers": 1,
    "num_blocks": 4,
    "num_stacks": 2,
    "layer_widths": 131,
    "activation": "GELU",
    "dropout": 0.28862103711160686,
    "batch_size": 16,
    "lr": 0.000303697060674487,
    "forecast_horizon": 8,
    "overall_smape_val": 50.64516613006073,
    "metrics": {
        "MSE": {
            "Temperature": 1.3683169134722581,
            "Precipitation_accumulated": 83.25437040852542,
            "Humidity": 12.827001571143338,
            "Wind_Speed_kmh": 0.17615213142013558,
            "Soil_Moisture": 92873.27318327001,
            "Soil_Temperature": 1.1983276552561746,
            "Wind_Dir_Sin": 0.0964645799997809,
            "Wind_Dir_Cos": 0.10618734409582446
        },
        "RMSE": {
            "Temperature": 1.1697507911825742,
            "Precipitation_accumulated": 9.124383289216068,
            "Humidity": 3.581480360290049,
            "Wind_Speed_kmh": 0.4197048146258696,
            "Soil_Moisture": 304.7511660080565,
            "Soil_Temperature": 1.0946815314310252,
            "Wind_Dir_Sin": 0.31058747560032246,
            "Wind_Dir_Cos": 0.3258639963172128
        },
        "MAE": {
            "Temperature": 0.8728468852507489,
            "Precipitation_accumulated": 6.463584155250281,
            "Humidity": 2.5210623194257846,
            "Wind_Speed_kmh": 0.2068472843157864,
            "Soil_Moisture": 118.70269439987655,
            "Soil_Temperature": 0.7245745540813402,
            "Wind_Dir_Sin": 0.18025359483330072,
            "Wind_Dir_Cos": 0.19087780371849838
        },
        "R2": {
            "Temperature": 0.5971192813740032,
            "Precipitation_accumulated": -86.63010860485947,
            "Humidity": 0.8028750746152578,
            "Wind_Speed_kmh": 0.4845394946167797,
            "Soil_Moisture": 0.8749867802531902,
            "Soil_Temperature": 0.7860677691882911,
            "Wind_Dir_Sin": 0.4017992334552214,
            "Wind_Dir_Cos": 0.6313731186474478
        },
        "SMAPE": {
            "Temperature": 14.707569323276061,
            "Precipitation_accumulated": 1.4242853979504764,
            "Humidity": 3.002490459540273,
            "Wind_Speed_kmh": 164.5979416884696,
            "Soil_Moisture": 1.8686318303541323,
            "Soil_Temperature": 18.927403530882046,
            "Wind_Dir_Sin": 155.1283677782536,
            "Wind_Dir_Cos": 45.50463903175966
        }
    }
}