{
    "trial_number": 303,
    "input_chunk_length": 15,
    "output_chunk_length": 13,
    "num_layers": 1,
    "num_blocks": 3,
    "num_stacks": 2,
    "layer_widths": 129,
    "activation": "GELU",
    "dropout": 0.24209776362757462,
    "batch_size": 22,
    "lr": 0.0008093716860757682,
    "forecast_horizon": 2,
    "overall_smape_val": 47.70720439778539,
    "metrics": {
        "MSE": {
            "Temperature": 1.45939800714664,
            "Precipitation_accumulated": 138.8539578676814,
            "Humidity": 6.330969631745207,
            "Wind_Speed_kmh": 0.1321035825690737,
            "Soil_Moisture": 42049.98344283897,
            "Soil_Temperature": 0.41335354665245544,
            "Wind_Dir_Sin": 0.06828552786083185,
            "Wind_Dir_Cos": 0.061657242906109966
        },
        "RMSE": {
            "Temperature": 1.2080554652608628,
            "Precipitation_accumulated": 11.78363092886405,
            "Humidity": 2.516141814712598,
            "Wind_Speed_kmh": 0.3634605653562346,
            "Soil_Moisture": 205.06092617278156,
            "Soil_Temperature": 0.6429257707173165,
            "Wind_Dir_Sin": 0.2613149973898013,
            "Wind_Dir_Cos": 0.24830876526234422
        },
        "MAE": {
            "Temperature": 0.9059272755170716,
            "Precipitation_accumulated": 9.59670387802126,
            "Humidity": 1.7974596418167716,
            "Wind_Speed_kmh": 0.19659829900901207,
            "Soil_Moisture": 82.83348749902818,
            "Soil_Temperature": 0.4998219004450549,
            "Wind_Dir_Sin": 0.13943097003179813,
            "Wind_Dir_Cos": 0.1429822567515472
        },
        "R2": {
            "Temperature": 0.5713135020275719,
            "Precipitation_accumulated": -145.29394516681637,
            "Humidity": 0.9026433742704261,
            "Wind_Speed_kmh": 0.6118117777696428,
            "Soil_Moisture": 0.9431734071033059,
            "Soil_Temperature": 0.9263474285385759,
            "Wind_Dir_Sin": 0.5748601745924804,
            "Wind_Dir_Cos": 0.7852359675363624
        },
        "SMAPE": {
            "Temperature": 15.423129679251144,
            "Precipitation_accumulated": 2.120106354479283,
            "Humidity": 2.1280848683053857,
            "Wind_Speed_kmh": 160.54370531778923,
            "Soil_Moisture": 1.291682653600497,
            "Soil_Temperature": 15.534239880049356,
            "Wind_Dir_Sin": 149.70675753327814,
            "Wind_Dir_Cos": 34.909928895530264
        }
    }
}