{
    "trial_number": 3,
    "input_chunk_length": 65,
    "output_chunk_length": 14,
    "num_layers": 6,
    "num_blocks": 4,
    "num_stacks": 3,
    "layer_widths": 46,
    "activation": "ReLU",
    "dropout": 0.2684607356458514,
    "batch_size": 140,
    "lr": 0.0024371926879879855,
    "loss_function": "mse",
    "optimizer": "Adam",
    "overall_mae_val": 0.18954866564983272,
    "metrics": {
        "MSE": {
            "Temperature": 22.548870453506563,
            "Precipitation_accumulated": 30333.34759724692,
            "Humidity": 159.18235240546895,
            "Wind_Speed_kmh": 1.5637728357790106,
            "Soil_Moisture": 503394.83726275584,
            "Soil_Temperature": 11.211304670152531,
            "Wind_Dir_Sin": 0.58669581947514,
            "Wind_Dir_Cos": 0.40110002286853935
        },
        "RMSE": {
            "Temperature": 4.7485650941633475,
            "Precipitation_accumulated": 174.1647139843399,
            "Humidity": 12.616748884140833,
            "Wind_Speed_kmh": 1.2505090306667164,
            "Soil_Moisture": 709.5032327359445,
            "Soil_Temperature": 3.3483286383138275,
            "Wind_Dir_Sin": 0.76596071666577,
            "Wind_Dir_Cos": 0.6333245793971203
        },
        "MAE": {
            "Temperature": 3.776869025367966,
            "Precipitation_accumulated": 167.58621428900065,
            "Humidity": 10.819316196639758,
            "Wind_Speed_kmh": 0.9881491414649168,
            "Soil_Moisture": 672.3197975940891,
            "Soil_Temperature": 2.7486332912912568,
            "Wind_Dir_Sin": 0.6581359748680718,
            "Wind_Dir_Cos": 0.5238475483941403
        },
        "R2": {
            "Temperature": 0.25469363061870387,
            "Precipitation_accumulated": -9602.01226869126,
            "Humidity": -0.08290297696716165,
            "Wind_Speed_kmh": -0.15677446885721635,
            "Soil_Moisture": -9.980423762111968,
            "Soil_Temperature": 0.29382422905781314,
            "Wind_Dir_Sin": -0.06972446784939534,
            "Wind_Dir_Cos": -0.09254204201536376
        },
        "SMAPE": {
            "Temperature": 49.585260565357466,
            "Precipitation_accumulated": 44.93819084499281,
            "Humidity": 12.748762234904788,
            "Wind_Speed_kmh": 80.89699720476894,
            "Soil_Moisture": 8.139286560376908,
            "Soil_Temperature": 41.72631581119089,
            "Wind_Dir_Sin": 125.02490121147414,
            "Wind_Dir_Cos": 114.76513057956544
        }
    }
}