{
    "trial_number": 125,
    "input_chunk_length": 17,
    "output_chunk_length": 14,
    "num_layers": 1,
    "num_blocks": 4,
    "num_stacks": 2,
    "layer_widths": 91,
    "activation": "GELU",
    "dropout": 0.27099212136250433,
    "batch_size": 20,
    "lr": 0.0003440936993328797,
    "forecast_horizon": 10,
    "overall_smape_val": 49.98119895052265,
    "metrics": {
        "MSE": {
            "Temperature": 0.9677970848360271,
            "Precipitation_accumulated": 100.75819106578193,
            "Humidity": 13.904709501313144,
            "Wind_Speed_kmh": 0.17703812085274026,
            "Soil_Moisture": 99363.15259747328,
            "Soil_Temperature": 0.7318237768979317,
            "Wind_Dir_Sin": 0.09276852198115201,
            "Wind_Dir_Cos": 0.11177384710550427
        },
        "RMSE": {
            "Temperature": 0.9837667837633202,
            "Precipitation_accumulated": 10.037837967699117,
            "Humidity": 3.728901916290256,
            "Wind_Speed_kmh": 0.4207589819038213,
            "Soil_Moisture": 315.2192135601402,
            "Soil_Temperature": 0.8554669934590882,
            "Wind_Dir_Sin": 0.3045792540229095,
            "Wind_Dir_Cos": 0.33432595936526416
        },
        "MAE": {
            "Temperature": 0.6770428278196683,
            "Precipitation_accumulated": 8.193957354109655,
            "Humidity": 2.7321172458393947,
            "Wind_Speed_kmh": 0.19319434498130295,
            "Soil_Moisture": 127.40691790091755,
            "Soil_Temperature": 0.5758929616319445,
            "Wind_Dir_Sin": 0.18455378567895145,
            "Wind_Dir_Cos": 0.1816269912684856
        },
        "R2": {
            "Temperature": 0.7148804017364013,
            "Precipitation_accumulated": -105.02015579222798,
            "Humidity": 0.7863679895069849,
            "Wind_Speed_kmh": 0.48267216027709137,
            "Soil_Moisture": 0.8664293903970499,
            "Soil_Temperature": 0.8692718155036507,
            "Wind_Dir_Sin": 0.4254820758640636,
            "Wind_Dir_Cos": 0.6124159754455298
        },
        "SMAPE": {
            "Temperature": 12.004399327157003,
            "Precipitation_accumulated": 1.7607761624379334,
            "Humidity": 3.291413396853941,
            "Wind_Speed_kmh": 164.77207177828555,
            "Soil_Moisture": 2.011268760787546,
            "Soil_Temperature": 16.94088612698768,
            "Wind_Dir_Sin": 156.38761508422536,
            "Wind_Dir_Cos": 42.681160967446324
        }
    }
}