{
    "trial_number": 83,
    "input_chunk_length": 23,
    "output_chunk_length": 19,
    "num_layers": 1,
    "num_blocks": 4,
    "num_stacks": 2,
    "layer_widths": 114,
    "activation": "GELU",
    "dropout": 0.2998599556518009,
    "batch_size": 19,
    "lr": 0.0013293541857710598,
    "forecast_horizon": 10,
    "overall_smape_val": 53.528162086646404,
    "metrics": {
        "MSE": {
            "Temperature": 1.6817396268204998,
            "Precipitation_accumulated": 356.42250251182475,
            "Humidity": 16.68918587967693,
            "Wind_Speed_kmh": 0.20848356638157522,
            "Soil_Moisture": 126921.48274475489,
            "Soil_Temperature": 3.720267635342995,
            "Wind_Dir_Sin": 0.09556323564231292,
            "Wind_Dir_Cos": 0.1129499583018912
        },
        "RMSE": {
            "Temperature": 1.2968190416632923,
            "Precipitation_accumulated": 18.87915523829985,
            "Humidity": 4.085240002702036,
            "Wind_Speed_kmh": 0.4566000069881463,
            "Soil_Moisture": 356.2604142263842,
            "Soil_Temperature": 1.92879953218135,
            "Wind_Dir_Sin": 0.3091330387427279,
            "Wind_Dir_Cos": 0.3360802855001929
        },
        "MAE": {
            "Temperature": 1.0644609077992655,
            "Precipitation_accumulated": 15.058689279494251,
            "Humidity": 3.1317355834713823,
            "Wind_Speed_kmh": 0.2384327445462388,
            "Soil_Moisture": 171.1707917358303,
            "Soil_Temperature": 1.4493110709460577,
            "Wind_Dir_Sin": 0.18107561517014245,
            "Wind_Dir_Cos": 0.21196465662957686
        },
        "R2": {
            "Temperature": 0.5045480769718624,
            "Precipitation_accumulated": -374.03620146861135,
            "Humidity": 0.7435872836731818,
            "Wind_Speed_kmh": 0.3907845807761322,
            "Soil_Moisture": 0.8293836358976565,
            "Soil_Temperature": 0.3354358669918601,
            "Wind_Dir_Sin": 0.40817433982520845,
            "Wind_Dir_Cos": 0.6083377234874583
        },
        "SMAPE": {
            "Temperature": 17.39217957058786,
            "Precipitation_accumulated": 3.2065163832117523,
            "Humidity": 3.6873494164921494,
            "Wind_Speed_kmh": 169.52865828819077,
            "Soil_Moisture": 2.672749626845099,
            "Soil_Temperature": 27.91027521466432,
            "Wind_Dir_Sin": 155.7977450680481,
            "Wind_Dir_Cos": 48.02982312513133
        }
    }
}