{
    "trial_number": 270,
    "input_chunk_length": 14,
    "output_chunk_length": 12,
    "num_layers": 1,
    "num_blocks": 4,
    "num_stacks": 2,
    "layer_widths": 124,
    "activation": "GELU",
    "dropout": 0.23250857988760365,
    "batch_size": 22,
    "lr": 0.000768773787322622,
    "forecast_horizon": 2,
    "overall_smape_val": 49.743564037156766,
    "metrics": {
        "MSE": {
            "Temperature": 0.8387443568463098,
            "Precipitation_accumulated": 64.44322149319613,
            "Humidity": 12.3096987927036,
            "Wind_Speed_kmh": 0.1405158484148903,
            "Soil_Moisture": 44891.61183837788,
            "Soil_Temperature": 1.273448506152393,
            "Wind_Dir_Sin": 0.07590375872569491,
            "Wind_Dir_Cos": 0.06739004688056109
        },
        "RMSE": {
            "Temperature": 0.9158298733096174,
            "Precipitation_accumulated": 8.027653548403551,
            "Humidity": 3.5085180336865305,
            "Wind_Speed_kmh": 0.3748544363014666,
            "Soil_Moisture": 211.87640698855049,
            "Soil_Temperature": 1.1284717569139215,
            "Wind_Dir_Sin": 0.2755063678496287,
            "Wind_Dir_Cos": 0.2595959300154012
        },
        "MAE": {
            "Temperature": 0.6556867284980867,
            "Precipitation_accumulated": 6.579788207089623,
            "Humidity": 2.698064566867114,
            "Wind_Speed_kmh": 0.1727209299596046,
            "Soil_Moisture": 87.02234251544193,
            "Soil_Temperature": 0.9148449719168478,
            "Wind_Dir_Sin": 0.15442499458326625,
            "Wind_Dir_Cos": 0.16839335826998203
        },
        "R2": {
            "Temperature": 0.7536255502132855,
            "Precipitation_accumulated": -66.8961785193229,
            "Humidity": 0.8107034454571107,
            "Wind_Speed_kmh": 0.5870922171028515,
            "Soil_Moisture": 0.9393332139147287,
            "Soil_Temperature": 0.7730931357395776,
            "Wind_Dir_Sin": 0.5274297242281972,
            "Wind_Dir_Cos": 0.7652675089928701
        },
        "SMAPE": {
            "Temperature": 11.294720609876565,
            "Precipitation_accumulated": 1.4379870887685682,
            "Humidity": 3.2302721621796477,
            "Wind_Speed_kmh": 162.78488551575185,
            "Soil_Moisture": 1.384741060352723,
            "Soil_Temperature": 23.77298833180092,
            "Wind_Dir_Sin": 152.75954118773853,
            "Wind_Dir_Cos": 41.283376340785516
        }
    }
}