{
    "trial_number": 0,
    "input_chunk_length": 57,
    "output_chunk_length": 15,
    "num_layers": 3,
    "num_blocks": 1,
    "num_stacks": 4,
    "layer_widths": 131,
    "activation": "ReLU",
    "dropout": 0.3726858529535757,
    "batch_size": 228,
    "lr": 9.748201585551697e-05,
    "loss_function": "mae",
    "optimizer": "SGD",
    "overall_mae_val": 0.35848179197382507,
    "metrics": {
        "MSE": {
            "Temperature": 41.84898522243772,
            "Precipitation_accumulated": 73734.6342650864,
            "Humidity": 1910.2870500063902,
            "Wind_Speed_kmh": 1.7222563925384744,
            "Soil_Moisture": 7012200.817318442,
            "Soil_Temperature": 26.967860667284274,
            "Wind_Dir_Sin": 1.1151872427881402,
            "Wind_Dir_Cos": 0.9607623972574589
        },
        "RMSE": {
            "Temperature": 6.469079163407859,
            "Precipitation_accumulated": 271.5412201951785,
            "Humidity": 43.70683070192107,
            "Wind_Speed_kmh": 1.3123476645075702,
            "Soil_Moisture": 2648.0560449730747,
            "Soil_Temperature": 5.193058893107633,
            "Wind_Dir_Sin": 1.0560242624050549,
            "Wind_Dir_Cos": 0.9801848791210048
        },
        "MAE": {
            "Temperature": 4.967682633514336,
            "Precipitation_accumulated": 271.480609433735,
            "Humidity": 41.9489211714605,
            "Wind_Speed_kmh": 1.0352800482317543,
            "Soil_Moisture": 2636.4501123823916,
            "Soil_Temperature": 4.37253116624699,
            "Wind_Dir_Sin": 0.913890292701876,
            "Wind_Dir_Cos": 0.7727483630655974
        },
        "R2": {
            "Temperature": -0.3735517536261248,
            "Precipitation_accumulated": -23039.716307599676,
            "Humidity": -11.990240097049186,
            "Wind_Speed_kmh": -0.27513233971192363,
            "Soil_Moisture": -146.40232409389,
            "Soil_Temperature": -0.6846607604618691,
            "Wind_Dir_Sin": -1.0366363996262793,
            "Wind_Dir_Cos": -1.6104873876821726
        },
        "SMAPE": {
            "Temperature": 65.09716998638496,
            "Precipitation_accumulated": 82.57929826026326,
            "Humidity": 62.38938588460004,
            "Wind_Speed_kmh": 85.54435057692011,
            "Soil_Moisture": 36.20691525799514,
            "Soil_Temperature": 54.14518572913127,
            "Wind_Dir_Sin": 145.2698022099022,
            "Wind_Dir_Cos": 109.20832594488861
        }
    }
}