{
    "trial_number": 48,
    "input_chunk_length": 39,
    "output_chunk_length": 26,
    "num_layers": 5,
    "num_blocks": 4,
    "num_stacks": 3,
    "layer_widths": 155,
    "activation": "ReLU",
    "dropout": 0.0878221797118209,
    "batch_size": 36,
    "lr": 0.003952952844183064,
    "forecast_horizon": 23,
    "overall_smape_val": 58.057307703548595,
    "metrics": {
        "MSE": {
            "Temperature": 2.116956166898714,
            "Precipitation_accumulated": 254.3131608191011,
            "Humidity": 24.446371805659552,
            "Wind_Speed_kmh": 0.2630487665378726,
            "Soil_Moisture": 246558.3619926704,
            "Soil_Temperature": 1.3641177553779658,
            "Wind_Dir_Sin": 0.13222703622909265,
            "Wind_Dir_Cos": 0.20635772403306774
        },
        "RMSE": {
            "Temperature": 1.4549763458210287,
            "Precipitation_accumulated": 15.947199152801131,
            "Humidity": 4.944327234888439,
            "Wind_Speed_kmh": 0.5128828000019816,
            "Soil_Moisture": 496.5464348806367,
            "Soil_Temperature": 1.1679545176837862,
            "Wind_Dir_Sin": 0.3636303565835678,
            "Wind_Dir_Cos": 0.4542661378895281
        },
        "MAE": {
            "Temperature": 0.9819538234259819,
            "Precipitation_accumulated": 9.999410158731951,
            "Humidity": 3.1883761617346584,
            "Wind_Speed_kmh": 0.3283638296995695,
            "Soil_Moisture": 357.92172310096163,
            "Soil_Temperature": 0.6737513589896165,
            "Wind_Dir_Sin": 0.2484201944600516,
            "Wind_Dir_Cos": 0.3912755317087092
        },
        "R2": {
            "Temperature": 0.3710920041689052,
            "Precipitation_accumulated": -266.0595592237272,
            "Humidity": 0.6244318376292524,
            "Wind_Speed_kmh": 0.2383422563961355,
            "Soil_Moisture": 0.6714148083950465,
            "Soil_Temperature": 0.755230655358434,
            "Wind_Dir_Sin": 0.1881790038524469,
            "Wind_Dir_Cos": 0.2896695529459157
        },
        "SMAPE": {
            "Temperature": 17.092361667655243,
            "Precipitation_accumulated": 2.200082735977862,
            "Humidity": 3.77088725199862,
            "Wind_Speed_kmh": 176.51355853366977,
            "Soil_Moisture": 5.716094400212024,
            "Soil_Temperature": 18.043114791740464,
            "Wind_Dir_Sin": 166.1180783849472,
            "Wind_Dir_Cos": 75.00428386218745
        }
    }
}