{
    "trial_number": 73,
    "input_chunk_length": 17,
    "output_chunk_length": 14,
    "num_layers": 1,
    "num_blocks": 4,
    "num_stacks": 2,
    "layer_widths": 102,
    "activation": "GELU",
    "dropout": 0.23555152614459188,
    "batch_size": 19,
    "lr": 0.0008647277452209851,
    "forecast_horizon": 7,
    "overall_smape_val": 52.326729976819784,
    "metrics": {
        "MSE": {
            "Temperature": 1.605053808076631,
            "Precipitation_accumulated": 93.31000509374545,
            "Humidity": 12.323433989468583,
            "Wind_Speed_kmh": 0.15944423109994743,
            "Soil_Moisture": 77333.5053779752,
            "Soil_Temperature": 0.9534185946192355,
            "Wind_Dir_Sin": 0.10329029685347631,
            "Wind_Dir_Cos": 0.09949689705313483
        },
        "RMSE": {
            "Temperature": 1.2669071821079203,
            "Precipitation_accumulated": 9.659710404238082,
            "Humidity": 3.5104748951486013,
            "Wind_Speed_kmh": 0.39930468454545764,
            "Soil_Moisture": 278.08902419544575,
            "Soil_Temperature": 0.9764315616668868,
            "Wind_Dir_Sin": 0.32138807826905513,
            "Wind_Dir_Cos": 0.31543128737196446
        },
        "MAE": {
            "Temperature": 1.0303324007395627,
            "Precipitation_accumulated": 7.846319253573279,
            "Humidity": 2.5466179649550305,
            "Wind_Speed_kmh": 0.2050148341697035,
            "Soil_Moisture": 105.1951953569418,
            "Soil_Temperature": 0.7306393296880861,
            "Wind_Dir_Sin": 0.2019938261902578,
            "Wind_Dir_Cos": 0.18315845600527872
        },
        "R2": {
            "Temperature": 0.5275710555704338,
            "Precipitation_accumulated": -97.22998655739026,
            "Humidity": 0.8105806420377468,
            "Wind_Speed_kmh": 0.5331039446809704,
            "Soil_Moisture": 0.8958347295628237,
            "Soil_Temperature": 0.829841443296715,
            "Wind_Dir_Sin": 0.3590466690038663,
            "Wind_Dir_Cos": 0.6544046342123389
        },
        "SMAPE": {
            "Temperature": 16.515213453489977,
            "Precipitation_accumulated": 1.7274792340287866,
            "Humidity": 3.047103281420352,
            "Wind_Speed_kmh": 166.01252954297863,
            "Soil_Moisture": 1.6535040415184614,
            "Soil_Temperature": 21.61981550777652,
            "Wind_Dir_Sin": 163.48640822245892,
            "Wind_Dir_Cos": 44.55178653088683
        }
    }
}