{
    "trial_number": 135,
    "input_chunk_length": 24,
    "output_chunk_length": 21,
    "num_layers": 1,
    "num_blocks": 4,
    "num_stacks": 2,
    "layer_widths": 147,
    "activation": "GELU",
    "dropout": 0.2998704978366631,
    "batch_size": 23,
    "lr": 0.0003197468170734469,
    "forecast_horizon": 9,
    "overall_smape_val": 53.1843304066461,
    "metrics": {
        "MSE": {
            "Temperature": 1.5288025255077087,
            "Precipitation_accumulated": 471.9354906736418,
            "Humidity": 16.92365070421031,
            "Wind_Speed_kmh": 0.20687778868060894,
            "Soil_Moisture": 104253.73794082136,
            "Soil_Temperature": 1.805956049946999,
            "Wind_Dir_Sin": 0.10826865282516235,
            "Wind_Dir_Cos": 0.12220855330369292
        },
        "RMSE": {
            "Temperature": 1.2364475425620405,
            "Precipitation_accumulated": 21.724076290458054,
            "Humidity": 4.113836494588757,
            "Wind_Speed_kmh": 0.4548382005511509,
            "Soil_Moisture": 322.88347424546424,
            "Soil_Temperature": 1.3438586421000533,
            "Wind_Dir_Sin": 0.329042022886382,
            "Wind_Dir_Cos": 0.3495833996397611
        },
        "MAE": {
            "Temperature": 0.8985975506931482,
            "Precipitation_accumulated": 20.48319613837503,
            "Humidity": 2.7454077902911402,
            "Wind_Speed_kmh": 0.2159099641792093,
            "Soil_Moisture": 131.1208602477188,
            "Soil_Temperature": 0.9918078025059377,
            "Wind_Dir_Sin": 0.18300347847825096,
            "Wind_Dir_Cos": 0.22135237800872315
        },
        "R2": {
            "Temperature": 0.5497182663864194,
            "Precipitation_accumulated": -495.66056929646504,
            "Humidity": 0.7399572710152993,
            "Wind_Speed_kmh": 0.3950531125248531,
            "Soil_Moisture": 0.8597616084374122,
            "Soil_Temperature": 0.6774929538873617,
            "Wind_Dir_Sin": 0.32904430866310874,
            "Wind_Dir_Cos": 0.575994381299932
        },
        "SMAPE": {
            "Temperature": 15.431111457642565,
            "Precipitation_accumulated": 4.572888704568815,
            "Humidity": 3.2304041081331163,
            "Wind_Speed_kmh": 167.56062421976324,
            "Soil_Moisture": 2.05095176497212,
            "Soil_Temperature": 23.394085313346633,
            "Wind_Dir_Sin": 158.93599210008017,
            "Wind_Dir_Cos": 50.29858558466192
        }
    }
}