{
    "trial_number": 24,
    "input_chunk_length": 49,
    "output_chunk_length": 3,
    "num_layers": 1,
    "num_blocks": 4,
    "num_stacks": 5,
    "layer_widths": 255,
    "activation": "GELU",
    "dropout": 0.21950524399401244,
    "batch_size": 97,
    "lr": 4.935590967645346e-05,
    "loss_function": "huber",
    "optimizer": "Adam",
    "overall_mae_val": 0.13302419396467505,
    "metrics": {
        "MSE": {
            "Temperature": 11.77440226511385,
            "Precipitation_accumulated": 2109.0307541834486,
            "Humidity": 68.98962526409015,
            "Wind_Speed_kmh": 1.2940437934350613,
            "Soil_Moisture": 75928.86537456143,
            "Soil_Temperature": 10.783530579313357,
            "Wind_Dir_Sin": 0.5608155529290624,
            "Wind_Dir_Cos": 0.3751872432052533
        },
        "RMSE": {
            "Temperature": 3.431384890261343,
            "Precipitation_accumulated": 45.924184850506045,
            "Humidity": 8.305999353725603,
            "Wind_Speed_kmh": 1.1375604570461568,
            "Soil_Moisture": 275.5519286351693,
            "Soil_Temperature": 3.283828646460311,
            "Wind_Dir_Sin": 0.7488761933250798,
            "Wind_Dir_Cos": 0.6125253000531924
        },
        "MAE": {
            "Temperature": 2.752381815855612,
            "Precipitation_accumulated": 42.303124809772086,
            "Humidity": 6.700940666460868,
            "Wind_Speed_kmh": 0.9225368941019441,
            "Soil_Moisture": 219.51810810671373,
            "Soil_Temperature": 2.6574117150166487,
            "Wind_Dir_Sin": 0.6749341034167013,
            "Wind_Dir_Cos": 0.5189486243762886
        },
        "R2": {
            "Temperature": 0.61340702214564,
            "Precipitation_accumulated": -635.3943914869938,
            "Humidity": 0.5293812756643398,
            "Wind_Speed_kmh": 0.03791588410225222,
            "Soil_Moisture": -0.44811118003349315,
            "Soil_Temperature": 0.32913711097461806,
            "Wind_Dir_Sin": -0.017739172874255082,
            "Wind_Dir_Cos": -0.023102137888379115
        },
        "SMAPE": {
            "Temperature": 40.53378886396078,
            "Precipitation_accumulated": 9.622066837209386,
            "Humidity": 7.890089681783235,
            "Wind_Speed_kmh": 73.83432055896262,
            "Soil_Moisture": 2.5925658774372526,
            "Soil_Temperature": 56.15318799505066,
            "Wind_Dir_Sin": 152.0704090868308,
            "Wind_Dir_Cos": 126.06523475817903
        }
    }
}