{
    "trial_number": 144,
    "input_chunk_length": 19,
    "output_chunk_length": 16,
    "num_layers": 1,
    "num_blocks": 4,
    "num_stacks": 2,
    "layer_widths": 123,
    "activation": "GELU",
    "dropout": 0.29288721701533926,
    "batch_size": 24,
    "lr": 0.001028949913723215,
    "forecast_horizon": 6,
    "overall_smape_val": 51.58249208156663,
    "metrics": {
        "MSE": {
            "Temperature": 1.3070374046339195,
            "Precipitation_accumulated": 101.65849215162046,
            "Humidity": 10.255372781095256,
            "Wind_Speed_kmh": 0.1735549528128631,
            "Soil_Moisture": 79170.58832410762,
            "Soil_Temperature": 1.7054777458975894,
            "Wind_Dir_Sin": 0.08721357501378664,
            "Wind_Dir_Cos": 0.09023194459822195
        },
        "RMSE": {
            "Temperature": 1.1432573658778322,
            "Precipitation_accumulated": 10.082583604990363,
            "Humidity": 3.202401096223778,
            "Wind_Speed_kmh": 0.41659927125819973,
            "Soil_Moisture": 281.37268581741836,
            "Soil_Temperature": 1.3059394112659244,
            "Wind_Dir_Sin": 0.29531944570885715,
            "Wind_Dir_Cos": 0.3003863255846077
        },
        "MAE": {
            "Temperature": 0.8956344322403048,
            "Precipitation_accumulated": 8.005841470498735,
            "Humidity": 2.2746770203686295,
            "Wind_Speed_kmh": 0.23417330369447784,
            "Soil_Moisture": 147.60686514670292,
            "Soil_Temperature": 1.001814298976864,
            "Wind_Dir_Sin": 0.2055502126549507,
            "Wind_Dir_Cos": 0.17230719651837056
        },
        "R2": {
            "Temperature": 0.6154222952079833,
            "Precipitation_accumulated": -106.03588226276537,
            "Humidity": 0.8423427266965022,
            "Wind_Speed_kmh": 0.49142840793183495,
            "Soil_Moisture": 0.8932894755075859,
            "Soil_Temperature": 0.6957116439430642,
            "Wind_Dir_Sin": 0.4584499688089896,
            "Wind_Dir_Cos": 0.6864096316207176
        },
        "SMAPE": {
            "Temperature": 15.238320979826282,
            "Precipitation_accumulated": 1.7554302419410934,
            "Humidity": 2.698421246416122,
            "Wind_Speed_kmh": 172.39491194515247,
            "Soil_Moisture": 2.3647679309804146,
            "Soil_Temperature": 20.994746286879852,
            "Wind_Dir_Sin": 153.2470731365482,
            "Wind_Dir_Cos": 43.9662648847889
        }
    }
}