{
    "trial_number": 256,
    "input_chunk_length": 18,
    "output_chunk_length": 15,
    "num_layers": 1,
    "num_blocks": 4,
    "num_stacks": 2,
    "layer_widths": 142,
    "activation": "GELU",
    "dropout": 0.24561515738041695,
    "batch_size": 20,
    "lr": 0.0004558298467269239,
    "forecast_horizon": 5,
    "overall_smape_val": 50.73151127755933,
    "metrics": {
        "MSE": {
            "Temperature": 1.1533211934198937,
            "Precipitation_accumulated": 79.50185254402918,
            "Humidity": 11.082069788602418,
            "Wind_Speed_kmh": 0.15409875707473572,
            "Soil_Moisture": 71176.00470224442,
            "Soil_Temperature": 1.9720221538597833,
            "Wind_Dir_Sin": 0.08332850489414867,
            "Wind_Dir_Cos": 0.08646872459935202
        },
        "RMSE": {
            "Temperature": 1.0739279274792577,
            "Precipitation_accumulated": 8.916381134968894,
            "Humidity": 3.3289742847613613,
            "Wind_Speed_kmh": 0.39255414540510936,
            "Soil_Moisture": 266.78831440346937,
            "Soil_Temperature": 1.4042870624839436,
            "Wind_Dir_Sin": 0.28866677137167807,
            "Wind_Dir_Cos": 0.2940556488138802
        },
        "MAE": {
            "Temperature": 0.8180395533273727,
            "Precipitation_accumulated": 7.296179014786345,
            "Humidity": 2.336105140782878,
            "Wind_Speed_kmh": 0.20979313524028975,
            "Soil_Moisture": 107.87948359853566,
            "Soil_Temperature": 1.0019152828123903,
            "Wind_Dir_Sin": 0.16942149933588393,
            "Wind_Dir_Cos": 0.16744224565987176
        },
        "R2": {
            "Temperature": 0.6607839879545019,
            "Precipitation_accumulated": -82.72075383226615,
            "Humidity": 0.8296114823004945,
            "Wind_Speed_kmh": 0.5481256358417651,
            "Soil_Moisture": 0.9040013140121895,
            "Soil_Temperature": 0.6482716408174085,
            "Wind_Dir_Sin": 0.4822316311720136,
            "Wind_Dir_Cos": 0.6993194253550654
        },
        "SMAPE": {
            "Temperature": 13.806120959320971,
            "Precipitation_accumulated": 1.5887924760638774,
            "Humidity": 2.7559029690394103,
            "Wind_Speed_kmh": 165.50421640301107,
            "Soil_Moisture": 1.7154123399413475,
            "Soil_Temperature": 21.97634867350869,
            "Wind_Dir_Sin": 154.70361582954928,
            "Wind_Dir_Cos": 43.8016805700399
        }
    }
}