{
    "trial_number": 122,
    "input_chunk_length": 20,
    "output_chunk_length": 16,
    "num_layers": 1,
    "num_blocks": 4,
    "num_stacks": 2,
    "layer_widths": 83,
    "activation": "GELU",
    "dropout": 0.2381439327311442,
    "batch_size": 16,
    "lr": 0.00039787537760177207,
    "forecast_horizon": 8,
    "overall_smape_val": 49.71871502448562,
    "metrics": {
        "MSE": {
            "Temperature": 0.8865067016096572,
            "Precipitation_accumulated": 84.52817801695281,
            "Humidity": 11.33429078539499,
            "Wind_Speed_kmh": 0.15739375068771555,
            "Soil_Moisture": 82609.57053947759,
            "Soil_Temperature": 0.9214116462504675,
            "Wind_Dir_Sin": 0.08731929593847153,
            "Wind_Dir_Cos": 0.09552133699013728
        },
        "RMSE": {
            "Temperature": 0.9415448484324351,
            "Precipitation_accumulated": 9.193920709738192,
            "Humidity": 3.366643845938413,
            "Wind_Speed_kmh": 0.396728812525276,
            "Soil_Moisture": 287.4188068646128,
            "Soil_Temperature": 0.9599018940758829,
            "Wind_Dir_Sin": 0.2954983856782834,
            "Wind_Dir_Cos": 0.3090652633185057
        },
        "MAE": {
            "Temperature": 0.670376363366434,
            "Precipitation_accumulated": 8.505525584019383,
            "Humidity": 2.0566838483115477,
            "Wind_Speed_kmh": 0.18204070369126246,
            "Soil_Moisture": 105.54189380826264,
            "Soil_Temperature": 0.7373704457221621,
            "Wind_Dir_Sin": 0.16284982624406646,
            "Wind_Dir_Cos": 0.1619680290774159
        },
        "R2": {
            "Temperature": 0.7389811866719267,
            "Precipitation_accumulated": -87.97086583502593,
            "Humidity": 0.8258150033764433,
            "Wind_Speed_kmh": 0.5394307090151019,
            "Soil_Moisture": 0.8888023643286255,
            "Soil_Temperature": 0.8355043813654521,
            "Wind_Dir_Sin": 0.45851140631449716,
            "Wind_Dir_Cos": 0.6683999128415428
        },
        "SMAPE": {
            "Temperature": 11.918435307257308,
            "Precipitation_accumulated": 1.8706677326572985,
            "Humidity": 2.4069413642158635,
            "Wind_Speed_kmh": 162.81163700187554,
            "Soil_Moisture": 1.6512923225283385,
            "Soil_Temperature": 19.46788148198692,
            "Wind_Dir_Sin": 155.0111514669097,
            "Wind_Dir_Cos": 42.61171351845416
        }
    }
}