{
    "trial_number": 34,
    "input_chunk_length": 48,
    "output_chunk_length": 5,
    "num_layers": 3,
    "num_blocks": 4,
    "num_stacks": 2,
    "layer_widths": 221,
    "activation": "GELU",
    "dropout": 0.13830154687222643,
    "batch_size": 80,
    "lr": 6.67945676325155e-05,
    "loss_function": "huber",
    "optimizer": "AdamW",
    "overall_mae_val": 0.1326863468021402,
    "metrics": {
        "MSE": {
            "Temperature": 8.665768379378044,
            "Precipitation_accumulated": 1729.9017405151187,
            "Humidity": 90.55314298348638,
            "Wind_Speed_kmh": 1.3048376930030867,
            "Soil_Moisture": 94492.23522674944,
            "Soil_Temperature": 9.133101567932066,
            "Wind_Dir_Sin": 0.5829687723899191,
            "Wind_Dir_Cos": 0.4211710196111516
        },
        "RMSE": {
            "Temperature": 2.9437677183123747,
            "Precipitation_accumulated": 41.592087474844526,
            "Humidity": 9.51594151849865,
            "Wind_Speed_kmh": 1.1422949238279432,
            "Soil_Moisture": 307.39589331471143,
            "Soil_Temperature": 3.0221021769510155,
            "Wind_Dir_Sin": 0.7635239173659978,
            "Wind_Dir_Cos": 0.6489769022169831
        },
        "MAE": {
            "Temperature": 2.3242819785711255,
            "Precipitation_accumulated": 36.36110390960692,
            "Humidity": 7.9366720890009415,
            "Wind_Speed_kmh": 0.8995102593602218,
            "Soil_Moisture": 244.872229214545,
            "Soil_Temperature": 2.517006731972163,
            "Wind_Dir_Sin": 0.6702758021082054,
            "Wind_Dir_Cos": 0.537622943657424
        },
        "R2": {
            "Temperature": 0.7153311971057956,
            "Precipitation_accumulated": -521.8663883068657,
            "Humidity": 0.3822274059204208,
            "Wind_Speed_kmh": 0.029511636083332626,
            "Soil_Moisture": -0.8097215460908251,
            "Soil_Temperature": 0.4315104900519634,
            "Wind_Dir_Sin": -0.057557296795254675,
            "Wind_Dir_Cos": -0.14832812989456778
        },
        "SMAPE": {
            "Temperature": 36.20694700637676,
            "Precipitation_accumulated": 8.23767377496917,
            "Humidity": 9.362792363547918,
            "Wind_Speed_kmh": 73.85047446387503,
            "Soil_Moisture": 2.903544662120358,
            "Soil_Temperature": 45.73816947911263,
            "Wind_Dir_Sin": 139.30172075387642,
            "Wind_Dir_Cos": 117.07375524717447
        }
    }
}