{
    "trial_number": 40,
    "input_chunk_length": 50,
    "output_chunk_length": 36,
    "num_layers": 3,
    "num_blocks": 4,
    "num_stacks": 1,
    "layer_widths": 49,
    "activation": "ReLU",
    "dropout": 0.1589119502617236,
    "batch_size": 24,
    "lr": 0.0003033835632976405,
    "forecast_horizon": 4,
    "overall_smape_val": 114.70712203135747,
    "metrics": {
        "MSE": {
            "Temperature": 175.53751950587335,
            "Precipitation_accumulated": 52848.65376636402,
            "Humidity": 752.3307379132298,
            "Wind_Speed_kmh": 11.799227439238338,
            "Soil_Moisture": 3148609.8884418155,
            "Soil_Temperature": 325.33292207395374,
            "Wind_Dir_Sin": 0.17882147855174207,
            "Wind_Dir_Cos": 0.8154199593877883
        },
        "RMSE": {
            "Temperature": 13.249057306309508,
            "Precipitation_accumulated": 229.88835065388594,
            "Humidity": 27.428648124055073,
            "Wind_Speed_kmh": 3.4350003550565082,
            "Soil_Moisture": 1774.4322721484232,
            "Soil_Temperature": 18.036987610849927,
            "Wind_Dir_Sin": 0.4228728869905732,
            "Wind_Dir_Cos": 0.9030060683006446
        },
        "MAE": {
            "Temperature": 13.108034555803679,
            "Precipitation_accumulated": 229.8635444842286,
            "Humidity": 26.112692448512966,
            "Wind_Speed_kmh": 3.390278369606118,
            "Soil_Moisture": 1726.8343477693757,
            "Soil_Temperature": 17.8725772280695,
            "Wind_Dir_Sin": 0.2247284342783785,
            "Wind_Dir_Cos": 0.853031973340832
        },
        "R2": {
            "Temperature": -50.609194807004435,
            "Precipitation_accumulated": -55661.1855988505,
            "Humidity": -10.568242176934463,
            "Wind_Speed_kmh": -33.6238544140234,
            "Soil_Moisture": -3.2494976791289165,
            "Soil_Temperature": -57.006882106045616,
            "Wind_Dir_Sin": -0.11185679347580835,
            "Wind_Dir_Cos": -1.837079274369326
        },
        "SMAPE": {
            "Temperature": 101.66287378472327,
            "Precipitation_accumulated": 66.71732900924528,
            "Humidity": 36.404708798260906,
            "Wind_Speed_kmh": 187.35812449520034,
            "Soil_Moisture": 25.71513372615146,
            "Soil_Temperature": 115.79174602553175,
            "Wind_Dir_Sin": 190.10062625587273,
            "Wind_Dir_Cos": 193.9064341558739
        }
    }
}