{
    "trial_number": 94,
    "input_chunk_length": 26,
    "output_chunk_length": 23,
    "num_layers": 1,
    "num_blocks": 4,
    "num_stacks": 2,
    "layer_widths": 177,
    "activation": "GELU",
    "dropout": 0.2614941772849727,
    "batch_size": 19,
    "lr": 0.00018610147272275592,
    "forecast_horizon": 23,
    "overall_smape_val": 53.27217220224436,
    "metrics": {
        "MSE": {
            "Temperature": 2.2525929298826437,
            "Precipitation_accumulated": 65.85578803681534,
            "Humidity": 21.254919701675444,
            "Wind_Speed_kmh": 0.21997737006502183,
            "Soil_Moisture": 206527.16555064812,
            "Soil_Temperature": 1.3257675069144206,
            "Wind_Dir_Sin": 0.11888593375359129,
            "Wind_Dir_Cos": 0.1378639185174512
        },
        "RMSE": {
            "Temperature": 1.50086406109369,
            "Precipitation_accumulated": 8.11515791816865,
            "Humidity": 4.6103058143333016,
            "Wind_Speed_kmh": 0.4690174517702106,
            "Soil_Moisture": 454.45259989425534,
            "Soil_Temperature": 1.1514197787576956,
            "Wind_Dir_Sin": 0.34479839581064076,
            "Wind_Dir_Cos": 0.3713003077260389
        },
        "MAE": {
            "Temperature": 1.180254733565329,
            "Precipitation_accumulated": 6.36036361265626,
            "Humidity": 3.2263206411439898,
            "Wind_Speed_kmh": 0.2809810471932586,
            "Soil_Moisture": 265.38063761980953,
            "Soil_Temperature": 0.7139005470711415,
            "Wind_Dir_Sin": 0.19793778927934177,
            "Wind_Dir_Cos": 0.23054726231032982
        },
        "R2": {
            "Temperature": 0.33079686433414546,
            "Precipitation_accumulated": -68.15653782445594,
            "Humidity": 0.6734619273094755,
            "Wind_Speed_kmh": 0.36305549144814553,
            "Soil_Moisture": 0.724763874501628,
            "Soil_Temperature": 0.7621120005694729,
            "Wind_Dir_Sin": 0.2700880249591694,
            "Wind_Dir_Cos": 0.5254408850844062
        },
        "SMAPE": {
            "Temperature": 20.01414605352348,
            "Precipitation_accumulated": 1.3807952320955676,
            "Humidity": 3.8455817254509275,
            "Wind_Speed_kmh": 168.48026643931635,
            "Soil_Moisture": 4.251727150613128,
            "Soil_Temperature": 19.56448764401036,
            "Wind_Dir_Sin": 159.84801195289498,
            "Wind_Dir_Cos": 48.792361420049865
        }
    }
}