{
    "trial_number": 174,
    "input_chunk_length": 16,
    "output_chunk_length": 13,
    "num_layers": 1,
    "num_blocks": 4,
    "num_stacks": 3,
    "layer_widths": 87,
    "activation": "GELU",
    "dropout": 0.255327578879105,
    "batch_size": 20,
    "lr": 0.0003736077584329498,
    "forecast_horizon": 5,
    "overall_smape_val": 53.54747196062122,
    "metrics": {
        "MSE": {
            "Temperature": 1.564866642067143,
            "Precipitation_accumulated": 85.10609615705557,
            "Humidity": 8.774766687232239,
            "Wind_Speed_kmh": 0.16710601224871457,
            "Soil_Moisture": 68269.44714561904,
            "Soil_Temperature": 1.7507849262459023,
            "Wind_Dir_Sin": 0.10305215740482312,
            "Wind_Dir_Cos": 0.09162912659555054
        },
        "RMSE": {
            "Temperature": 1.250946298634415,
            "Precipitation_accumulated": 9.225296534911795,
            "Humidity": 2.9622232676204945,
            "Wind_Speed_kmh": 0.40878602257013946,
            "Soil_Moisture": 261.28422674478276,
            "Soil_Temperature": 1.323172296507867,
            "Wind_Dir_Sin": 0.3210173786648055,
            "Wind_Dir_Cos": 0.302703033674178
        },
        "MAE": {
            "Temperature": 0.9850261519119686,
            "Precipitation_accumulated": 6.9515225008557096,
            "Humidity": 1.8490895990149656,
            "Wind_Speed_kmh": 0.20665564973513198,
            "Soil_Moisture": 116.39687244918564,
            "Soil_Temperature": 1.0568066780743244,
            "Wind_Dir_Sin": 0.20193257220882607,
            "Wind_Dir_Cos": 0.17155892733080014
        },
        "R2": {
            "Temperature": 0.5397398185920737,
            "Precipitation_accumulated": -88.62239618308294,
            "Humidity": 0.8650866203230205,
            "Wind_Speed_kmh": 0.5099835685547782,
            "Soil_Moisture": 0.907921535544028,
            "Soil_Temperature": 0.6877313430861838,
            "Wind_Dir_Sin": 0.3596771295551361,
            "Wind_Dir_Cos": 0.6813749877008125
        },
        "SMAPE": {
            "Temperature": 16.703286924413025,
            "Precipitation_accumulated": 1.5155073894819888,
            "Humidity": 2.190193901997538,
            "Wind_Speed_kmh": 173.19848197127678,
            "Soil_Moisture": 1.8696149866758522,
            "Soil_Temperature": 22.30842828953422,
            "Wind_Dir_Sin": 167.44309811581107,
            "Wind_Dir_Cos": 43.151164105779166
        }
    }
}