{
    "trial_number": 281,
    "input_chunk_length": 13,
    "output_chunk_length": 12,
    "num_layers": 1,
    "num_blocks": 3,
    "num_stacks": 2,
    "layer_widths": 123,
    "activation": "GELU",
    "dropout": 0.23510399343321717,
    "batch_size": 22,
    "lr": 0.0006897792871537272,
    "forecast_horizon": 2,
    "overall_smape_val": 47.300561396988485,
    "metrics": {
        "MSE": {
            "Temperature": 0.7920307901687244,
            "Precipitation_accumulated": 36.40750964384748,
            "Humidity": 7.525266442429392,
            "Wind_Speed_kmh": 0.11602778165121948,
            "Soil_Moisture": 42251.00281231279,
            "Soil_Temperature": 0.789615375727791,
            "Wind_Dir_Sin": 0.07062440285562997,
            "Wind_Dir_Cos": 0.05810234625021179
        },
        "RMSE": {
            "Temperature": 0.8899611172229517,
            "Precipitation_accumulated": 6.0338635751769765,
            "Humidity": 2.7432219090750554,
            "Wind_Speed_kmh": 0.340628509745176,
            "Soil_Moisture": 205.5504872587579,
            "Soil_Temperature": 0.8886030473320418,
            "Wind_Dir_Sin": 0.2657525218236508,
            "Wind_Dir_Cos": 0.2410442827577783
        },
        "MAE": {
            "Temperature": 0.6309600717276475,
            "Precipitation_accumulated": 4.521777910704402,
            "Humidity": 1.9309019543074744,
            "Wind_Speed_kmh": 0.16744135026694754,
            "Soil_Moisture": 106.82778599703964,
            "Soil_Temperature": 0.7492162810249512,
            "Wind_Dir_Sin": 0.14821283572081104,
            "Wind_Dir_Cos": 0.12791889775075516
        },
        "R2": {
            "Temperature": 0.7673472869901972,
            "Precipitation_accumulated": -37.358274414999926,
            "Humidity": 0.8842776713258438,
            "Wind_Speed_kmh": 0.6590507432683113,
            "Soil_Moisture": 0.9429017483548794,
            "Soil_Temperature": 0.8593039702723817,
            "Wind_Dir_Sin": 0.5602985399666925,
            "Wind_Dir_Cos": 0.7976183561224816
        },
        "SMAPE": {
            "Temperature": 10.883769076938998,
            "Precipitation_accumulated": 0.9896192211027558,
            "Humidity": 2.316782759365718,
            "Wind_Speed_kmh": 157.22601316585516,
            "Soil_Moisture": 1.734395781923263,
            "Soil_Temperature": 20.30822686657968,
            "Wind_Dir_Sin": 150.12450086092673,
            "Wind_Dir_Cos": 34.82118344321571
        }
    }
}