{
    "trial_number": 313,
    "input_chunk_length": 13,
    "output_chunk_length": 12,
    "num_layers": 1,
    "num_blocks": 3,
    "num_stacks": 2,
    "layer_widths": 127,
    "activation": "GELU",
    "dropout": 0.2254557882117327,
    "batch_size": 21,
    "lr": 0.0005747066787169889,
    "forecast_horizon": 2,
    "overall_smape_val": 48.649472927716076,
    "metrics": {
        "MSE": {
            "Temperature": 0.8639464928916781,
            "Precipitation_accumulated": 47.78828317090448,
            "Humidity": 5.593932746904189,
            "Wind_Speed_kmh": 0.13267390175230123,
            "Soil_Moisture": 47276.35158463393,
            "Soil_Temperature": 0.4923385416652548,
            "Wind_Dir_Sin": 0.06480608917825419,
            "Wind_Dir_Cos": 0.06161336578443015
        },
        "RMSE": {
            "Temperature": 0.9294872204025605,
            "Precipitation_accumulated": 6.912906998571909,
            "Humidity": 2.365149624633543,
            "Wind_Speed_kmh": 0.3642442885651074,
            "Soil_Moisture": 217.43125714725088,
            "Soil_Temperature": 0.7016683986508547,
            "Wind_Dir_Sin": 0.254570401221851,
            "Wind_Dir_Cos": 0.24822039759945222
        },
        "MAE": {
            "Temperature": 0.6084306878122189,
            "Precipitation_accumulated": 5.3691911730271595,
            "Humidity": 1.4212976759891607,
            "Wind_Speed_kmh": 0.2563741912367521,
            "Soil_Moisture": 152.71880755813737,
            "Soil_Temperature": 0.5350014721149137,
            "Wind_Dir_Sin": 0.1282304822355486,
            "Wind_Dir_Cos": 0.12434209768943941
        },
        "R2": {
            "Temperature": 0.7462226242192745,
            "Precipitation_accumulated": -49.348845543766785,
            "Humidity": 0.9139774081262445,
            "Wind_Speed_kmh": 0.6101358868851151,
            "Soil_Moisture": 0.9361104627117639,
            "Soil_Temperature": 0.91227364584898,
            "Wind_Dir_Sin": 0.5965228606749837,
            "Wind_Dir_Cos": 0.7853887999878426
        },
        "SMAPE": {
            "Temperature": 10.447907380016717,
            "Precipitation_accumulated": 1.1725874717279479,
            "Humidity": 1.6714328478439657,
            "Wind_Speed_kmh": 172.00521120866262,
            "Soil_Moisture": 2.5222549450183966,
            "Soil_Temperature": 14.952431397801806,
            "Wind_Dir_Sin": 150.82582801690097,
            "Wind_Dir_Cos": 35.59813015375616
        }
    }
}