{
    "trial_number": 0,
    "input_chunk_length": 67,
    "output_chunk_length": 51,
    "num_layers": 4,
    "num_blocks": 4,
    "num_stacks": 1,
    "layer_widths": 178,
    "activation": "GELU",
    "dropout": 0.10789878616487389,
    "batch_size": 46,
    "lr": 0.00047381332174476837,
    "forecast_horizon": 4,
    "overall_smape_val": 113.57725945588305,
    "metrics": {
        "MSE": {
            "Temperature": 185.54973707401282,
            "Precipitation_accumulated": 50799.46434879075,
            "Humidity": 714.1467086385485,
            "Wind_Speed_kmh": 12.333299154253085,
            "Soil_Moisture": 3330037.935546287,
            "Soil_Temperature": 340.433396308143,
            "Wind_Dir_Sin": 0.17385741646655858,
            "Wind_Dir_Cos": 0.7810164124430814
        },
        "RMSE": {
            "Temperature": 13.621664254929089,
            "Precipitation_accumulated": 225.38736510459222,
            "Humidity": 26.723523507175255,
            "Wind_Speed_kmh": 3.511879718078779,
            "Soil_Moisture": 1824.839153335517,
            "Soil_Temperature": 18.450837279325377,
            "Wind_Dir_Sin": 0.4169621283360859,
            "Wind_Dir_Cos": 0.8837513295283246
        },
        "MAE": {
            "Temperature": 13.4906650331112,
            "Precipitation_accumulated": 225.3275821501309,
            "Humidity": 25.296020413633688,
            "Wind_Speed_kmh": 3.4628966348056514,
            "Soil_Moisture": 1777.664418107268,
            "Soil_Temperature": 18.327667437847946,
            "Wind_Dir_Sin": 0.22929615175686707,
            "Wind_Dir_Cos": 0.8369246860729921
        },
        "R2": {
            "Temperature": -53.55285316778544,
            "Precipitation_accumulated": -53502.90239654953,
            "Humidity": -9.981103999959414,
            "Wind_Speed_kmh": -35.19104357132572,
            "Soil_Moisture": -3.4943606797596125,
            "Soil_Temperature": -59.69929768779508,
            "Wind_Dir_Sin": -0.08099178666931373,
            "Wind_Dir_Cos": -1.7173794940562446
        },
        "SMAPE": {
            "Temperature": 103.10403705006173,
            "Precipitation_accumulated": 64.97848789026158,
            "Humidity": 35.04339269718655,
            "Wind_Speed_kmh": 187.28542505473027,
            "Soil_Moisture": 26.370552163648973,
            "Soil_Temperature": 117.19559853566793,
            "Wind_Dir_Sin": 185.5603243021212,
            "Wind_Dir_Cos": 189.0802579533864
        }
    }
}