{
    "trial_number": 315,
    "input_chunk_length": 14,
    "output_chunk_length": 12,
    "num_layers": 1,
    "num_blocks": 3,
    "num_stacks": 2,
    "layer_widths": 44,
    "activation": "GELU",
    "dropout": 0.2246765702584261,
    "batch_size": 20,
    "lr": 0.0011631166468513492,
    "forecast_horizon": 2,
    "overall_smape_val": 50.09584095501715,
    "metrics": {
        "MSE": {
            "Temperature": 1.2226165161095173,
            "Precipitation_accumulated": 185.098768263577,
            "Humidity": 7.994019852538515,
            "Wind_Speed_kmh": 0.1242457674059011,
            "Soil_Moisture": 59021.32523551853,
            "Soil_Temperature": 1.9616658665215148,
            "Wind_Dir_Sin": 0.07116841975264816,
            "Wind_Dir_Cos": 0.06168351231913074
        },
        "RMSE": {
            "Temperature": 1.1057199085254446,
            "Precipitation_accumulated": 13.6051008178395,
            "Humidity": 2.8273697764067784,
            "Wind_Speed_kmh": 0.35248513075859117,
            "Soil_Moisture": 242.9430493665512,
            "Soil_Temperature": 1.4005948259655663,
            "Wind_Dir_Sin": 0.26677409872895863,
            "Wind_Dir_Cos": 0.24836165629809032
        },
        "MAE": {
            "Temperature": 0.7718228718904449,
            "Precipitation_accumulated": 11.052450796273916,
            "Humidity": 1.9849579062830858,
            "Wind_Speed_kmh": 0.19925836379165984,
            "Soil_Moisture": 166.95056772386693,
            "Soil_Temperature": 0.9188555795946229,
            "Wind_Dir_Sin": 0.16381165065952716,
            "Wind_Dir_Cos": 0.12952715082966634
        },
        "R2": {
            "Temperature": 0.6408661721561635,
            "Precipitation_accumulated": -194.01661652742592,
            "Humidity": 0.8770692572973476,
            "Wind_Speed_kmh": 0.6349020773624778,
            "Soil_Moisture": 0.9202382368130666,
            "Soil_Temperature": 0.6504645077138012,
            "Wind_Dir_Sin": 0.5569115375393492,
            "Wind_Dir_Cos": 0.7851444661197424
        },
        "SMAPE": {
            "Temperature": 13.425680833411661,
            "Precipitation_accumulated": 2.369188868730861,
            "Humidity": 2.3883351342561885,
            "Wind_Speed_kmh": 171.0714495184716,
            "Soil_Moisture": 2.7623866120342107,
            "Soil_Temperature": 21.781244205770438,
            "Wind_Dir_Sin": 150.44808518217826,
            "Wind_Dir_Cos": 36.52035728528384
        }
    }
}