{
    "trial_number": 29,
    "input_chunk_length": 1,
    "num_layers": 2,
    "num_blocks": 4,
    "num_stacks": 4,
    "layer_widths": 155,
    "activation": "ReLU",
    "dropout": 0.10245978113825287,
    "batch_size": 46,
    "lr": 0.003636802925125246,
    "overall_smape_val": 45.83227362243501,
    "metrics": {
        "MSE": {
            "Temperature": 0.6341548179556897,
            "Precipitation_accumulated": 51.50490725834453,
            "Humidity": 5.647118884967795,
            "Wind_Speed_kmh": 0.07422618377804327,
            "Soil_Moisture": 15301.852454181864,
            "Soil_Temperature": 0.4049960616972754,
            "Wind_Dir_Sin": 0.0511173542229957,
            "Wind_Dir_Cos": 0.0442317640595671
        },
        "RMSE": {
            "Temperature": 0.796338381566335,
            "Precipitation_accumulated": 7.176691943949143,
            "Humidity": 2.3763667404186153,
            "Wind_Speed_kmh": 0.27244482703483885,
            "Soil_Moisture": 123.70065664410139,
            "Soil_Temperature": 0.6363930088375228,
            "Wind_Dir_Sin": 0.22609147313199518,
            "Wind_Dir_Cos": 0.21031348996097968
        },
        "MAE": {
            "Temperature": 0.5908646343308505,
            "Precipitation_accumulated": 5.648536021653643,
            "Humidity": 1.8592500004472285,
            "Wind_Speed_kmh": 0.12926169207560045,
            "Soil_Moisture": 70.7125438188185,
            "Soil_Temperature": 0.48710786302740194,
            "Wind_Dir_Sin": 0.14479435154998235,
            "Wind_Dir_Cos": 0.12466014999085731
        },
        "R2": {
            "Temperature": 0.813722091745702,
            "Precipitation_accumulated": -53.264611495298055,
            "Humidity": 0.913159520308319,
            "Wind_Speed_kmh": 0.7818853223857392,
            "Soil_Moisture": 0.9793209873397191,
            "Soil_Temperature": 0.9278365902087351,
            "Wind_Dir_Sin": 0.6817477475761876,
            "Wind_Dir_Cos": 0.8459322609206148
        },
        "SMAPE": {
            "Temperature": 9.883115896663956,
            "Precipitation_accumulated": 1.2197463972968408,
            "Humidity": 2.243022209369711,
            "Wind_Speed_kmh": 160.8037073456549,
            "Soil_Moisture": 1.1654167466986622,
            "Soil_Temperature": 17.6807680542668,
            "Wind_Dir_Sin": 147.3615499867504,
            "Wind_Dir_Cos": 26.30086234277919
        }
    }
}