{
    "trial_number": 118,
    "input_chunk_length": 20,
    "output_chunk_length": 17,
    "num_layers": 2,
    "num_blocks": 4,
    "num_stacks": 2,
    "layer_widths": 88,
    "activation": "GELU",
    "dropout": 0.29188607561579655,
    "batch_size": 19,
    "lr": 0.00032918763119254196,
    "forecast_horizon": 3,
    "overall_smape_val": 51.95037408811188,
    "metrics": {
        "MSE": {
            "Temperature": 1.108577397175612,
            "Precipitation_accumulated": 90.59877525158673,
            "Humidity": 18.92626759856518,
            "Wind_Speed_kmh": 0.1692189589035958,
            "Soil_Moisture": 79733.28934086638,
            "Soil_Temperature": 1.466603048851464,
            "Wind_Dir_Sin": 0.09022922515395158,
            "Wind_Dir_Cos": 0.08927953343917527
        },
        "RMSE": {
            "Temperature": 1.0528900214056605,
            "Precipitation_accumulated": 9.518338891402571,
            "Humidity": 4.3504330357523235,
            "Wind_Speed_kmh": 0.41136232071447165,
            "Soil_Moisture": 282.37083656225263,
            "Soil_Temperature": 1.2110338760131627,
            "Wind_Dir_Sin": 0.3003817989724936,
            "Wind_Dir_Cos": 0.2987968096201418
        },
        "MAE": {
            "Temperature": 0.783545184791525,
            "Precipitation_accumulated": 7.503928715331609,
            "Humidity": 3.5816663524010295,
            "Wind_Speed_kmh": 0.232885247951655,
            "Soil_Moisture": 125.80335114310165,
            "Soil_Temperature": 0.7807430967619332,
            "Wind_Dir_Sin": 0.17912786812926618,
            "Wind_Dir_Cos": 0.1759132500223619
        },
        "R2": {
            "Temperature": 0.6742086640261307,
            "Precipitation_accumulated": -94.43757356342796,
            "Humidity": 0.7089603369898055,
            "Wind_Speed_kmh": 0.5030943637266916,
            "Soil_Moisture": 0.8923179020946512,
            "Soil_Temperature": 0.7385907345344453,
            "Wind_Dir_Sin": 0.43861156095079445,
            "Wind_Dir_Cos": 0.6891966038020167
        },
        "SMAPE": {
            "Temperature": 13.607681497802178,
            "Precipitation_accumulated": 1.6275683864271722,
            "Humidity": 4.322590155742711,
            "Wind_Speed_kmh": 170.90064277886952,
            "Soil_Moisture": 1.9463984641152505,
            "Soil_Temperature": 20.809147476881613,
            "Wind_Dir_Sin": 155.36704225272553,
            "Wind_Dir_Cos": 47.02192169233086
        }
    }
}