{
    "trial_number": 27,
    "input_chunk_length": 24,
    "output_chunk_length": 18,
    "num_layers": 5,
    "num_blocks": 4,
    "num_stacks": 3,
    "layer_widths": 165,
    "activation": "GELU",
    "dropout": 0.20410567602762184,
    "batch_size": 24,
    "lr": 0.0001243637174588888,
    "forecast_horizon": 11,
    "overall_smape_val": 52.54537497346834,
    "metrics": {
        "MSE": {
            "Temperature": 1.434360685348829,
            "Precipitation_accumulated": 39.067959659398,
            "Humidity": 24.54182749295984,
            "Wind_Speed_kmh": 0.21394881363090643,
            "Soil_Moisture": 138614.77570159125,
            "Soil_Temperature": 1.3686399312709772,
            "Wind_Dir_Sin": 0.09984524042856847,
            "Wind_Dir_Cos": 0.10980361105833958
        },
        "RMSE": {
            "Temperature": 1.1976479805639173,
            "Precipitation_accumulated": 6.250436757491271,
            "Humidity": 4.953970881319332,
            "Wind_Speed_kmh": 0.4625460124473093,
            "Soil_Moisture": 372.31005318362173,
            "Soil_Temperature": 1.1698888542382893,
            "Wind_Dir_Sin": 0.31598297490302935,
            "Wind_Dir_Cos": 0.33136627930183177
        },
        "MAE": {
            "Temperature": 0.8667650283133542,
            "Precipitation_accumulated": 4.1831860046995,
            "Humidity": 4.108214189054445,
            "Wind_Speed_kmh": 0.225515587475814,
            "Soil_Moisture": 208.5572667344134,
            "Soil_Temperature": 0.7757700814288242,
            "Wind_Dir_Sin": 0.17898817098995895,
            "Wind_Dir_Cos": 0.18983685946553894
        },
        "R2": {
            "Temperature": 0.5773481976413347,
            "Precipitation_accumulated": -40.10173351387086,
            "Humidity": 0.6229999799792638,
            "Wind_Speed_kmh": 0.37525266953775194,
            "Soil_Moisture": 0.813789080525287,
            "Soil_Temperature": 0.7554493343655407,
            "Wind_Dir_Sin": 0.38206617933799847,
            "Wind_Dir_Cos": 0.6194621614277831
        },
        "SMAPE": {
            "Temperature": 14.942329300695864,
            "Precipitation_accumulated": 0.9160405816627466,
            "Humidity": 4.917846316683614,
            "Wind_Speed_kmh": 171.77194447171945,
            "Soil_Moisture": 3.306866593573283,
            "Soil_Temperature": 19.548710347698826,
            "Wind_Dir_Sin": 159.05415207149335,
            "Wind_Dir_Cos": 45.90511010421967
        }
    }
}