{
    "trial_number": 39,
    "input_chunk_length": 47,
    "output_chunk_length": 43,
    "num_layers": 3,
    "num_blocks": 4,
    "num_stacks": 2,
    "layer_widths": 130,
    "activation": "GELU",
    "dropout": 0.14361666628561767,
    "batch_size": 39,
    "lr": 0.006711685353836914,
    "forecast_horizon": 21,
    "overall_smape_val": 60.980638551338274,
    "metrics": {
        "MSE": {
            "Temperature": 4.55244788501237,
            "Precipitation_accumulated": 367.78207087031,
            "Humidity": 31.888577157493184,
            "Wind_Speed_kmh": 0.24025687386422342,
            "Soil_Moisture": 200612.1793507367,
            "Soil_Temperature": 4.858032689494847,
            "Wind_Dir_Sin": 0.12996243766729026,
            "Wind_Dir_Cos": 0.16519720218885459
        },
        "RMSE": {
            "Temperature": 2.1336466167133605,
            "Precipitation_accumulated": 19.17764508145643,
            "Humidity": 5.646997180581303,
            "Wind_Speed_kmh": 0.490160049233129,
            "Soil_Moisture": 447.89750987333775,
            "Soil_Temperature": 2.2040945282575444,
            "Wind_Dir_Sin": 0.360503034199839,
            "Wind_Dir_Cos": 0.40644458686130214
        },
        "MAE": {
            "Temperature": 1.7672810799850414,
            "Precipitation_accumulated": 12.756214432435469,
            "Humidity": 4.371395917486594,
            "Wind_Speed_kmh": 0.2644194151794772,
            "Soil_Moisture": 265.4776025519089,
            "Soil_Temperature": 1.952992491696476,
            "Wind_Dir_Sin": 0.2512638210092789,
            "Wind_Dir_Cos": 0.31576762129198477
        },
        "R2": {
            "Temperature": -0.34972584676037255,
            "Precipitation_accumulated": -385.33146598881785,
            "Humidity": 0.5099899795481795,
            "Wind_Speed_kmh": 0.3033520430854165,
            "Soil_Moisture": 0.7322922099505964,
            "Soil_Temperature": 0.12904846389592117,
            "Wind_Dir_Sin": 0.20101464581877848,
            "Wind_Dir_Cos": 0.43070982001421
        },
        "SMAPE": {
            "Temperature": 31.109937169644475,
            "Precipitation_accumulated": 2.8616214073412887,
            "Humidity": 5.1598104730439,
            "Wind_Speed_kmh": 172.24687552745294,
            "Soil_Moisture": 4.09297303986072,
            "Soil_Temperature": 44.84669101631321,
            "Wind_Dir_Sin": 162.18994458104532,
            "Wind_Dir_Cos": 65.33725519600422
        }
    }
}