{
    "trial_number": 210,
    "input_chunk_length": 22,
    "output_chunk_length": 19,
    "num_layers": 1,
    "num_blocks": 4,
    "num_stacks": 2,
    "layer_widths": 131,
    "activation": "GELU",
    "dropout": 0.2864891862445952,
    "batch_size": 16,
    "lr": 0.00031565499654752187,
    "forecast_horizon": 8,
    "overall_smape_val": 52.13251431353633,
    "metrics": {
        "MSE": {
            "Temperature": 1.3563492884981152,
            "Precipitation_accumulated": 42.86510320353379,
            "Humidity": 16.850336155143246,
            "Wind_Speed_kmh": 0.20222423818622337,
            "Soil_Moisture": 116806.79240017918,
            "Soil_Temperature": 2.504548373523116,
            "Wind_Dir_Sin": 0.09859992520757029,
            "Wind_Dir_Cos": 0.10572690834362829
        },
        "RMSE": {
            "Temperature": 1.1646240975087692,
            "Precipitation_accumulated": 6.547144660348799,
            "Humidity": 4.104916095993102,
            "Wind_Speed_kmh": 0.4496934936000557,
            "Soil_Moisture": 341.77008704709544,
            "Soil_Temperature": 1.5825764984742812,
            "Wind_Dir_Sin": 0.31400625026831913,
            "Wind_Dir_Cos": 0.3251567442690191
        },
        "MAE": {
            "Temperature": 0.8747013654943734,
            "Precipitation_accumulated": 4.990112987462785,
            "Humidity": 2.9667290378254303,
            "Wind_Speed_kmh": 0.21713066248160756,
            "Soil_Moisture": 167.40954766713563,
            "Soil_Temperature": 1.162498895669314,
            "Wind_Dir_Sin": 0.17338526392913767,
            "Wind_Dir_Cos": 0.18414756199643495
        },
        "R2": {
            "Temperature": 0.6006429719038483,
            "Precipitation_accumulated": -44.11803561365381,
            "Humidity": 0.7410446050959387,
            "Wind_Speed_kmh": 0.40824668327406843,
            "Soil_Moisture": 0.8427707702577878,
            "Soil_Temperature": 0.5528738585198594,
            "Wind_Dir_Sin": 0.3885574286379483,
            "Wind_Dir_Cos": 0.6329715105918035
        },
        "SMAPE": {
            "Temperature": 14.827198879792322,
            "Precipitation_accumulated": 1.0935840993586026,
            "Humidity": 3.5043270547965295,
            "Wind_Speed_kmh": 167.0472275979159,
            "Soil_Moisture": 2.685406807058601,
            "Soil_Temperature": 24.101660962957315,
            "Wind_Dir_Sin": 158.76628474716645,
            "Wind_Dir_Cos": 45.034424359244674
        }
    }
}