{
    "trial_number": 167,
    "input_chunk_length": 19,
    "output_chunk_length": 16,
    "num_layers": 1,
    "num_blocks": 4,
    "num_stacks": 2,
    "layer_widths": 65,
    "activation": "GELU",
    "dropout": 0.25667226473853816,
    "batch_size": 20,
    "lr": 0.0004500047046967323,
    "forecast_horizon": 6,
    "overall_smape_val": 50.09752607839911,
    "metrics": {
        "MSE": {
            "Temperature": 1.147502622840363,
            "Precipitation_accumulated": 151.08385031916526,
            "Humidity": 13.501644163166805,
            "Wind_Speed_kmh": 0.176185694898237,
            "Soil_Moisture": 91327.27601863016,
            "Soil_Temperature": 1.0962984820234727,
            "Wind_Dir_Sin": 0.08753943748823596,
            "Wind_Dir_Cos": 0.08985479064198419
        },
        "RMSE": {
            "Temperature": 1.0712154885177694,
            "Precipitation_accumulated": 12.291617075029846,
            "Humidity": 3.674458349630161,
            "Wind_Speed_kmh": 0.4197447973450499,
            "Soil_Moisture": 302.20403044736213,
            "Soil_Temperature": 1.0470427317084403,
            "Wind_Dir_Sin": 0.2958706431673071,
            "Wind_Dir_Cos": 0.2997578867052278
        },
        "MAE": {
            "Temperature": 0.7322144541413689,
            "Precipitation_accumulated": 9.905730644638563,
            "Humidity": 2.738157322280011,
            "Wind_Speed_kmh": 0.2055509197170382,
            "Soil_Moisture": 121.00585188086528,
            "Soil_Temperature": 0.589597741597025,
            "Wind_Dir_Sin": 0.17332825409368618,
            "Wind_Dir_Cos": 0.16572455718315146
        },
        "R2": {
            "Temperature": 0.6623632014124583,
            "Precipitation_accumulated": -158.07567456782965,
            "Humidity": 0.7924373448615263,
            "Wind_Speed_kmh": 0.4837194911363464,
            "Soil_Moisture": 0.876904015358391,
            "Soil_Temperature": 0.8044003425755236,
            "Wind_Dir_Sin": 0.4564265357233248,
            "Wind_Dir_Cos": 0.6877203852412779
        },
        "SMAPE": {
            "Temperature": 12.806969481380664,
            "Precipitation_accumulated": 2.1242593564412444,
            "Humidity": 3.3065870440612386,
            "Wind_Speed_kmh": 163.81488154591807,
            "Soil_Moisture": 1.8715797564847105,
            "Soil_Temperature": 16.90637909136745,
            "Wind_Dir_Sin": 156.05204655637408,
            "Wind_Dir_Cos": 43.897505795165216
        }
    }
}