{
    "trial_number": 300,
    "input_chunk_length": 17,
    "output_chunk_length": 15,
    "num_layers": 1,
    "num_blocks": 3,
    "num_stacks": 2,
    "layer_widths": 126,
    "activation": "GELU",
    "dropout": 0.23660361052817724,
    "batch_size": 23,
    "lr": 0.0005013001337739563,
    "forecast_horizon": 2,
    "overall_smape_val": 50.22805533014647,
    "metrics": {
        "MSE": {
            "Temperature": 1.118680501170461,
            "Precipitation_accumulated": 58.42749727743322,
            "Humidity": 8.559985905698584,
            "Wind_Speed_kmh": 0.15516419516181884,
            "Soil_Moisture": 49788.79717485492,
            "Soil_Temperature": 1.249787154843693,
            "Wind_Dir_Sin": 0.0744674396222548,
            "Wind_Dir_Cos": 0.07727835070802
        },
        "RMSE": {
            "Temperature": 1.057676936105946,
            "Precipitation_accumulated": 7.6437881496960145,
            "Humidity": 2.9257453589980424,
            "Wind_Speed_kmh": 0.39390886656918356,
            "Soil_Moisture": 223.1340341024984,
            "Soil_Temperature": 1.117938797449884,
            "Wind_Dir_Sin": 0.27288722876355864,
            "Wind_Dir_Cos": 0.27798983921722753
        },
        "MAE": {
            "Temperature": 0.7669120224891299,
            "Precipitation_accumulated": 5.565003560846903,
            "Humidity": 1.956063448519643,
            "Wind_Speed_kmh": 0.22059860849131752,
            "Soil_Moisture": 99.52256852704798,
            "Soil_Temperature": 0.7829706488656847,
            "Wind_Dir_Sin": 0.1459141386865997,
            "Wind_Dir_Cos": 0.17046473008952406
        },
        "R2": {
            "Temperature": 0.6713965456658191,
            "Precipitation_accumulated": -60.55812347160037,
            "Humidity": 0.8683659229870929,
            "Wind_Speed_kmh": 0.5440478456201115,
            "Soil_Moisture": 0.9327151290863734,
            "Soil_Temperature": 0.7773091860970774,
            "Wind_Dir_Sin": 0.5363721234743524,
            "Wind_Dir_Cos": 0.7308246454440647
        },
        "SMAPE": {
            "Temperature": 13.276917811320223,
            "Precipitation_accumulated": 1.2178714130809876,
            "Humidity": 2.328571350883426,
            "Wind_Speed_kmh": 167.4467132031582,
            "Soil_Moisture": 1.6043737282882191,
            "Soil_Temperature": 18.877475130393197,
            "Wind_Dir_Sin": 154.37284845732165,
            "Wind_Dir_Cos": 42.699671546725746
        }
    }
}