{
    "trial_number": 11,
    "input_chunk_length": 54,
    "output_chunk_length": 48,
    "num_layers": 1,
    "num_blocks": 3,
    "num_stacks": 4,
    "layer_widths": 67,
    "activation": "GELU",
    "dropout": 0.1625307524154568,
    "batch_size": 47,
    "lr": 1.2056908090743443e-05,
    "forecast_horizon": 8,
    "overall_smape_val": 59.14252846275559,
    "metrics": {
        "MSE": {
            "Temperature": 7.71709300758276,
            "Precipitation_accumulated": 768.1746269955323,
            "Humidity": 25.261665330987555,
            "Wind_Speed_kmh": 0.24504007716980722,
            "Soil_Moisture": 230695.70540410225,
            "Soil_Temperature": 5.748199532514713,
            "Wind_Dir_Sin": 0.1371226120568682,
            "Wind_Dir_Cos": 0.15082431458039694
        },
        "RMSE": {
            "Temperature": 2.7779656239022756,
            "Precipitation_accumulated": 27.715963396489258,
            "Humidity": 5.026098420344309,
            "Wind_Speed_kmh": 0.49501522923017954,
            "Soil_Moisture": 480.3079276923318,
            "Soil_Temperature": 2.39754030884044,
            "Wind_Dir_Sin": 0.3703007049100342,
            "Wind_Dir_Cos": 0.388361062132131
        },
        "MAE": {
            "Temperature": 2.085663741263504,
            "Precipitation_accumulated": 16.09144741068317,
            "Humidity": 3.8292387950179045,
            "Wind_Speed_kmh": 0.2576246196102521,
            "Soil_Moisture": 290.2279590033542,
            "Soil_Temperature": 1.8238529597205846,
            "Wind_Dir_Sin": 0.25227458878238024,
            "Wind_Dir_Cos": 0.27351654872605585
        },
        "R2": {
            "Temperature": -1.2721841307281574,
            "Precipitation_accumulated": -807.5488564840879,
            "Humidity": 0.6117795834165953,
            "Wind_Speed_kmh": 0.2829579693484534,
            "Soil_Moisture": 0.6894691882193347,
            "Soil_Temperature": -0.026201092620872668,
            "Wind_Dir_Sin": 0.14966870074770267,
            "Wind_Dir_Cos": 0.47641691964970967
        },
        "SMAPE": {
            "Temperature": 41.5355698504922,
            "Precipitation_accumulated": 3.6902564752295395,
            "Humidity": 4.5321913893647805,
            "Wind_Speed_kmh": 166.52591824981195,
            "Soil_Moisture": 4.56024182284265,
            "Soil_Temperature": 32.42152797891441,
            "Wind_Dir_Sin": 163.71552213899915,
            "Wind_Dir_Cos": 56.15899979639008
        }
    }
}