{
    "trial_number": 278,
    "input_chunk_length": 13,
    "output_chunk_length": 12,
    "num_layers": 1,
    "num_blocks": 3,
    "num_stacks": 2,
    "layer_widths": 122,
    "activation": "GELU",
    "dropout": 0.2229984694137564,
    "batch_size": 22,
    "lr": 0.0005726705302002448,
    "forecast_horizon": 2,
    "overall_smape_val": 49.55474122541216,
    "metrics": {
        "MSE": {
            "Temperature": 0.7993068514404472,
            "Precipitation_accumulated": 189.2402849099606,
            "Humidity": 14.317658381764641,
            "Wind_Speed_kmh": 0.1214140442409376,
            "Soil_Moisture": 37969.713016837835,
            "Soil_Temperature": 1.3221650144644608,
            "Wind_Dir_Sin": 0.07288181129137164,
            "Wind_Dir_Cos": 0.07764964629343106
        },
        "RMSE": {
            "Temperature": 0.8940396252070975,
            "Precipitation_accumulated": 13.756463386712465,
            "Humidity": 3.783868177112496,
            "Wind_Speed_kmh": 0.348445181113095,
            "Soil_Moisture": 194.85818693818803,
            "Soil_Temperature": 1.1498543448908913,
            "Wind_Dir_Sin": 0.2699663151049991,
            "Wind_Dir_Cos": 0.2786568611992733
        },
        "MAE": {
            "Temperature": 0.6283772149033849,
            "Precipitation_accumulated": 11.279877946375937,
            "Humidity": 3.173159487069494,
            "Wind_Speed_kmh": 0.17990874122721479,
            "Soil_Moisture": 81.01381504838017,
            "Soil_Temperature": 1.0186169944381087,
            "Wind_Dir_Sin": 0.15051253414111707,
            "Wind_Dir_Cos": 0.19741041889574965
        },
        "R2": {
            "Temperature": 0.7652100021574557,
            "Precipitation_accumulated": -198.3800413694521,
            "Humidity": 0.7798253680750785,
            "Wind_Speed_kmh": 0.6432231354282644,
            "Soil_Moisture": 0.9486875083566864,
            "Soil_Temperature": 0.7644126825564277,
            "Wind_Dir_Sin": 0.5462441091332573,
            "Wind_Dir_Cos": 0.7295313515275615
        },
        "SMAPE": {
            "Temperature": 10.897443894967905,
            "Precipitation_accumulated": 2.498279382670644,
            "Humidity": 3.7849295261414913,
            "Wind_Speed_kmh": 162.6662501417195,
            "Soil_Moisture": 1.2891955602486564,
            "Soil_Temperature": 22.45565765758432,
            "Wind_Dir_Sin": 150.43410717126906,
            "Wind_Dir_Cos": 42.41206646869558
        }
    }
}