{
    "trial_number": 72,
    "input_chunk_length": 25,
    "output_chunk_length": 21,
    "num_layers": 1,
    "num_blocks": 4,
    "num_stacks": 2,
    "layer_widths": 87,
    "activation": "GELU",
    "dropout": 0.2669043750737992,
    "batch_size": 16,
    "lr": 0.0015528790636477926,
    "forecast_horizon": 6,
    "overall_smape_val": 52.61733881692504,
    "metrics": {
        "MSE": {
            "Temperature": 1.6028612326482017,
            "Precipitation_accumulated": 172.3353676559209,
            "Humidity": 12.906542414860283,
            "Wind_Speed_kmh": 0.31470437249674094,
            "Soil_Moisture": 105614.74732679124,
            "Soil_Temperature": 1.0572566974812676,
            "Wind_Dir_Sin": 0.08211006932998687,
            "Wind_Dir_Cos": 0.08947924356831503
        },
        "RMSE": {
            "Temperature": 1.2660415603953141,
            "Precipitation_accumulated": 13.12765659422583,
            "Humidity": 3.59256766322644,
            "Wind_Speed_kmh": 0.5609851802826354,
            "Soil_Moisture": 324.9842262738166,
            "Soil_Temperature": 1.0282298855223317,
            "Wind_Dir_Sin": 0.28654854620114,
            "Wind_Dir_Cos": 0.2991308134718238
        },
        "MAE": {
            "Temperature": 1.0508903516144574,
            "Precipitation_accumulated": 9.068857768711531,
            "Humidity": 2.8470820016494294,
            "Wind_Speed_kmh": 0.3656383742104035,
            "Soil_Moisture": 237.90459630411905,
            "Soil_Temperature": 0.812638674997187,
            "Wind_Dir_Sin": 0.17336749247363573,
            "Wind_Dir_Cos": 0.18387504780891809
        },
        "R2": {
            "Temperature": 0.5283802194439884,
            "Precipitation_accumulated": -180.45132523328988,
            "Humidity": 0.8015859268759317,
            "Wind_Speed_kmh": 0.07781540568274559,
            "Soil_Moisture": 0.8576465664845403,
            "Soil_Temperature": 0.8113661094783478,
            "Wind_Dir_Sin": 0.4901400315292527,
            "Wind_Dir_Cos": 0.689025554333001
        },
        "SMAPE": {
            "Temperature": 18.297283183263694,
            "Precipitation_accumulated": 2.01090523723513,
            "Humidity": 3.423177926709508,
            "Wind_Speed_kmh": 172.5841277793799,
            "Soil_Moisture": 3.973480838672153,
            "Soil_Temperature": 24.026597003808153,
            "Wind_Dir_Sin": 152.45443452993769,
            "Wind_Dir_Cos": 44.16870403639401
        }
    }
}