{
    "trial_number": 152,
    "input_chunk_length": 26,
    "output_chunk_length": 20,
    "num_layers": 1,
    "num_blocks": 4,
    "num_stacks": 2,
    "layer_widths": 84,
    "activation": "GELU",
    "dropout": 0.2637492963086336,
    "batch_size": 18,
    "lr": 0.00037090795095253933,
    "forecast_horizon": 6,
    "overall_smape_val": 54.68578434742392,
    "metrics": {
        "MSE": {
            "Temperature": 1.9241236592113329,
            "Precipitation_accumulated": 91.6672256328166,
            "Humidity": 13.445259059942229,
            "Wind_Speed_kmh": 0.1834770684465063,
            "Soil_Moisture": 82367.25692436323,
            "Soil_Temperature": 3.4498825015186094,
            "Wind_Dir_Sin": 0.09328912485039677,
            "Wind_Dir_Cos": 0.100228719054094
        },
        "RMSE": {
            "Temperature": 1.3871278453016986,
            "Precipitation_accumulated": 9.574300268574023,
            "Humidity": 3.6667777489155555,
            "Wind_Speed_kmh": 0.42834223285418205,
            "Soil_Moisture": 286.996963266797,
            "Soil_Temperature": 1.8573859323034105,
            "Wind_Dir_Sin": 0.30543268464654655,
            "Wind_Dir_Cos": 0.3165891960476447
        },
        "MAE": {
            "Temperature": 1.02129971620719,
            "Precipitation_accumulated": 6.878634339045534,
            "Humidity": 2.6271604763833785,
            "Wind_Speed_kmh": 0.2386003738715644,
            "Soil_Moisture": 147.93822742023772,
            "Soil_Temperature": 1.6859383196702191,
            "Wind_Dir_Sin": 0.1755377547910869,
            "Wind_Dir_Cos": 0.21076246578461774
        },
        "R2": {
            "Temperature": 0.43385318739002254,
            "Precipitation_accumulated": -95.51611156650532,
            "Humidity": 0.7933041609021592,
            "Wind_Speed_kmh": 0.46235343160472697,
            "Soil_Moisture": 0.888980827685427,
            "Soil_Temperature": 0.384477998905696,
            "Wind_Dir_Sin": 0.4207240276008848,
            "Wind_Dir_Cos": 0.6516670335510393
        },
        "SMAPE": {
            "Temperature": 18.845729502754615,
            "Precipitation_accumulated": 1.5089701218768214,
            "Humidity": 3.1658385644250715,
            "Wind_Speed_kmh": 167.5199528327551,
            "Soil_Moisture": 2.3942350150024154,
            "Soil_Temperature": 37.905610989651194,
            "Wind_Dir_Sin": 156.1453354848808,
            "Wind_Dir_Cos": 50.000602268045085
        }
    }
}