{
    "trial_number": 239,
    "input_chunk_length": 15,
    "output_chunk_length": 13,
    "num_layers": 1,
    "num_blocks": 4,
    "num_stacks": 2,
    "layer_widths": 120,
    "activation": "GELU",
    "dropout": 0.2647939985131111,
    "batch_size": 20,
    "lr": 0.000318500784810603,
    "forecast_horizon": 5,
    "overall_smape_val": 50.605194252383754,
    "metrics": {
        "MSE": {
            "Temperature": 1.221502901138031,
            "Precipitation_accumulated": 73.37437403370899,
            "Humidity": 9.132563848150616,
            "Wind_Speed_kmh": 0.1597250442133351,
            "Soil_Moisture": 60714.33366833513,
            "Soil_Temperature": 0.9425813118258334,
            "Wind_Dir_Sin": 0.08197196845940694,
            "Wind_Dir_Cos": 0.08088155296391165
        },
        "RMSE": {
            "Temperature": 1.1052162237037741,
            "Precipitation_accumulated": 8.565884311249421,
            "Humidity": 3.0220132111145075,
            "Wind_Speed_kmh": 0.39965615748207245,
            "Soil_Moisture": 246.40278746056248,
            "Soil_Temperature": 0.9708662687650825,
            "Wind_Dir_Sin": 0.28630747188888894,
            "Wind_Dir_Cos": 0.2843968230552368
        },
        "MAE": {
            "Temperature": 0.8369124369590284,
            "Precipitation_accumulated": 7.950322407440645,
            "Humidity": 2.0591272639662868,
            "Wind_Speed_kmh": 0.22903755800948392,
            "Soil_Moisture": 85.03313881292057,
            "Soil_Temperature": 0.6672735138551844,
            "Wind_Dir_Sin": 0.17172142832438336,
            "Wind_Dir_Cos": 0.16474195767383537
        },
        "R2": {
            "Temperature": 0.6407303141656617,
            "Precipitation_accumulated": -76.26811023266056,
            "Humidity": 0.859585434258602,
            "Wind_Speed_kmh": 0.5316272878239856,
            "Soil_Moisture": 0.9181115001162483,
            "Soil_Temperature": 0.831881920009988,
            "Wind_Dir_Sin": 0.4906605794408464,
            "Wind_Dir_Cos": 0.7187478832832709
        },
        "SMAPE": {
            "Temperature": 14.640553341651572,
            "Precipitation_accumulated": 1.717503952635735,
            "Humidity": 2.47313434475084,
            "Wind_Speed_kmh": 171.46842846690495,
            "Soil_Moisture": 1.3290862333943263,
            "Soil_Temperature": 17.60564555663615,
            "Wind_Dir_Sin": 153.17903134908485,
            "Wind_Dir_Cos": 42.42817077401172
        }
    }
}