{
    "trial_number": 1,
    "input_chunk_length": 29,
    "output_chunk_length": 18,
    "num_layers": 6,
    "num_blocks": 2,
    "num_stacks": 5,
    "layer_widths": 220,
    "activation": "GELU",
    "dropout": 0.42626081420066686,
    "batch_size": 114,
    "lr": 0.0010991405682640421,
    "loss_function": "mse",
    "optimizer": "AdamW",
    "overall_mae_val": 0.15637968088214926,
    "metrics": {
        "MSE": {
            "Temperature": 20.03198705224564,
            "Precipitation_accumulated": 5961.910341441617,
            "Humidity": 114.80845897625987,
            "Wind_Speed_kmh": 1.3713029253330873,
            "Soil_Moisture": 294971.01551094407,
            "Soil_Temperature": 18.676636673341246,
            "Wind_Dir_Sin": 0.6252054001093703,
            "Wind_Dir_Cos": 0.3705265704100702
        },
        "RMSE": {
            "Temperature": 4.475710787377312,
            "Precipitation_accumulated": 77.21340778285607,
            "Humidity": 10.71487092671955,
            "Wind_Speed_kmh": 1.1710264409197118,
            "Soil_Moisture": 543.1123415196381,
            "Soil_Temperature": 4.321647448987625,
            "Wind_Dir_Sin": 0.7906993108061814,
            "Wind_Dir_Cos": 0.6087089373502497
        },
        "MAE": {
            "Temperature": 3.4564501955798446,
            "Precipitation_accumulated": 61.549645627575224,
            "Humidity": 8.952759044868984,
            "Wind_Speed_kmh": 0.9464654315886754,
            "Soil_Moisture": 458.18658999504225,
            "Soil_Temperature": 3.622959790492313,
            "Wind_Dir_Sin": 0.720993880843574,
            "Wind_Dir_Cos": 0.5219623944468998
        },
        "R2": {
            "Temperature": 0.3436864609342346,
            "Precipitation_accumulated": -1783.2235644687296,
            "Humidity": 0.2171701980039682,
            "Wind_Speed_kmh": -0.018330116021156195,
            "Soil_Moisture": -4.52051560549598,
            "Soil_Temperature": -0.15923203058609658,
            "Wind_Dir_Sin": -0.13559865829566498,
            "Wind_Dir_Cos": -0.009788690369623598
        },
        "SMAPE": {
            "Temperature": 47.95661605418906,
            "Precipitation_accumulated": 14.76907772936871,
            "Humidity": 10.569600926851958,
            "Wind_Speed_kmh": 76.81567478942652,
            "Soil_Moisture": 5.51793828433492,
            "Soil_Temperature": 67.27893180364974,
            "Wind_Dir_Sin": 165.46311956207825,
            "Wind_Dir_Cos": 127.04895845584531
        }
    }
}