{
    "trial_number": 169,
    "input_chunk_length": 24,
    "output_chunk_length": 21,
    "num_layers": 1,
    "num_blocks": 4,
    "num_stacks": 2,
    "layer_widths": 67,
    "activation": "GELU",
    "dropout": 0.2549192945027745,
    "batch_size": 19,
    "lr": 0.0004510907129289805,
    "forecast_horizon": 6,
    "overall_smape_val": 52.45225697388104,
    "metrics": {
        "MSE": {
            "Temperature": 1.7125933510740758,
            "Precipitation_accumulated": 141.1161368575871,
            "Humidity": 15.444004940116741,
            "Wind_Speed_kmh": 0.18167943647382606,
            "Soil_Moisture": 84207.12873930842,
            "Soil_Temperature": 1.5105645948764521,
            "Wind_Dir_Sin": 0.08600481724131237,
            "Wind_Dir_Cos": 0.09189949802098843
        },
        "RMSE": {
            "Temperature": 1.3086608999561635,
            "Precipitation_accumulated": 11.879231324357107,
            "Humidity": 3.9298861230469186,
            "Wind_Speed_kmh": 0.42623870832413385,
            "Soil_Moisture": 290.1846459399746,
            "Soil_Temperature": 1.229050281671361,
            "Wind_Dir_Sin": 0.29326577918555785,
            "Wind_Dir_Cos": 0.30314929988536743
        },
        "MAE": {
            "Temperature": 0.9432981295503954,
            "Precipitation_accumulated": 9.906625569359534,
            "Humidity": 2.9035732732060824,
            "Wind_Speed_kmh": 0.2244382014521389,
            "Soil_Moisture": 156.98695002604563,
            "Soil_Temperature": 1.0031344531441864,
            "Wind_Dir_Sin": 0.18253059590318638,
            "Wind_Dir_Cos": 0.18289599230843928
        },
        "R2": {
            "Temperature": 0.4960930591098064,
            "Precipitation_accumulated": -147.58070280579318,
            "Humidity": 0.7625771622624022,
            "Wind_Speed_kmh": 0.4676210689696162,
            "Soil_Moisture": 0.886500946071211,
            "Soil_Temperature": 0.7304877073896643,
            "Wind_Dir_Sin": 0.46595571329065244,
            "Wind_Dir_Cos": 0.6806142484616167
        },
        "SMAPE": {
            "Temperature": 16.167395992794834,
            "Precipitation_accumulated": 2.1258316432828197,
            "Humidity": 3.492907089009694,
            "Wind_Speed_kmh": 170.6724132555794,
            "Soil_Moisture": 2.534240779197184,
            "Soil_Temperature": 25.39915154178691,
            "Wind_Dir_Sin": 153.99232265879843,
            "Wind_Dir_Cos": 45.233792830599526
        }
    }
}