{
    "trial_number": 61,
    "input_chunk_length": 21,
    "output_chunk_length": 17,
    "num_layers": 1,
    "num_blocks": 4,
    "num_stacks": 2,
    "layer_widths": 102,
    "activation": "GELU",
    "dropout": 0.2830550280374109,
    "batch_size": 17,
    "lr": 0.0003542186874506526,
    "forecast_horizon": 6,
    "overall_smape_val": 50.68854034823467,
    "metrics": {
        "MSE": {
            "Temperature": 0.9581045488809345,
            "Precipitation_accumulated": 111.60422947835909,
            "Humidity": 12.79126717849841,
            "Wind_Speed_kmh": 0.17077172783982705,
            "Soil_Moisture": 77073.84618230813,
            "Soil_Temperature": 0.9652578768241152,
            "Wind_Dir_Sin": 0.09303049317266855,
            "Wind_Dir_Cos": 0.09659219776543249
        },
        "RMSE": {
            "Temperature": 0.9788281508420845,
            "Precipitation_accumulated": 10.564290296956019,
            "Humidity": 3.5764881068582364,
            "Wind_Speed_kmh": 0.4132453603367218,
            "Soil_Moisture": 277.62176820686835,
            "Soil_Temperature": 0.9824753822992794,
            "Wind_Dir_Sin": 0.30500900506815953,
            "Wind_Dir_Cos": 0.31079285346582936
        },
        "MAE": {
            "Temperature": 0.6636314952015631,
            "Precipitation_accumulated": 8.893875404725168,
            "Humidity": 2.649423697446851,
            "Wind_Speed_kmh": 0.22111013769178678,
            "Soil_Moisture": 102.43417578828698,
            "Soil_Temperature": 0.697780607194562,
            "Wind_Dir_Sin": 0.1732482625858182,
            "Wind_Dir_Cos": 0.16416745352559656
        },
        "R2": {
            "Temperature": 0.718090968894175,
            "Precipitation_accumulated": -116.50771542682061,
            "Humidity": 0.8033580691307438,
            "Wind_Speed_kmh": 0.49958414842025,
            "Soil_Moisture": 0.8961155812422157,
            "Soil_Temperature": 0.8277803781278683,
            "Wind_Dir_Sin": 0.4223299931070409,
            "Wind_Dir_Cos": 0.664305329839657
        },
        "SMAPE": {
            "Temperature": 11.714226885483189,
            "Precipitation_accumulated": 1.9618608804446265,
            "Humidity": 3.1696032387950814,
            "Wind_Speed_kmh": 164.36325926776234,
            "Soil_Moisture": 1.5971407093754189,
            "Soil_Temperature": 18.12450480056759,
            "Wind_Dir_Sin": 162.07153835168148,
            "Wind_Dir_Cos": 42.50618865176759
        }
    }
}