{
    "trial_number": 43,
    "input_chunk_length": 14,
    "output_chunk_length": 12,
    "num_layers": 2,
    "num_blocks": 4,
    "num_stacks": 3,
    "layer_widths": 113,
    "activation": "GELU",
    "dropout": 0.2587696744703777,
    "batch_size": 26,
    "lr": 0.00022837920966399414,
    "forecast_horizon": 13,
    "overall_smape_val": 51.057905274752045,
    "metrics": {
        "MSE": {
            "Temperature": 0.8907745462402418,
            "Precipitation_accumulated": 26.23420510546226,
            "Humidity": 14.555376887193464,
            "Wind_Speed_kmh": 0.1936909062680482,
            "Soil_Moisture": 120722.89146348687,
            "Soil_Temperature": 0.8949528886362895,
            "Wind_Dir_Sin": 0.10465187992168297,
            "Wind_Dir_Cos": 0.11947782439656401
        },
        "RMSE": {
            "Temperature": 0.9438085326167812,
            "Precipitation_accumulated": 5.12193372716421,
            "Humidity": 3.8151509651904294,
            "Wind_Speed_kmh": 0.4401032904535573,
            "Soil_Moisture": 347.4519987904615,
            "Soil_Temperature": 0.9460194969641427,
            "Wind_Dir_Sin": 0.3234994280082779,
            "Wind_Dir_Cos": 0.3456556442423066
        },
        "MAE": {
            "Temperature": 0.645101158497539,
            "Precipitation_accumulated": 4.444982898433026,
            "Humidity": 2.4923703020572567,
            "Wind_Speed_kmh": 0.2098948580035243,
            "Soil_Moisture": 113.50506928208338,
            "Soil_Temperature": 0.5500833579838641,
            "Wind_Dir_Sin": 0.1856924509475748,
            "Wind_Dir_Cos": 0.19504499806805034
        },
        "R2": {
            "Temperature": 0.7374357867845203,
            "Precipitation_accumulated": -26.591218953291254,
            "Humidity": 0.7764826307722762,
            "Wind_Speed_kmh": 0.43520081824357515,
            "Soil_Moisture": 0.8380418624868048,
            "Soil_Temperature": 0.8400037348454115,
            "Wind_Dir_Sin": 0.35317859005665,
            "Wind_Dir_Cos": 0.586401146750616
        },
        "SMAPE": {
            "Temperature": 11.55260921014838,
            "Precipitation_accumulated": 0.9611636615480122,
            "Humidity": 2.9845273978155418,
            "Wind_Speed_kmh": 169.76638204176587,
            "Soil_Moisture": 1.7521065158038513,
            "Soil_Temperature": 16.75200074723875,
            "Wind_Dir_Sin": 157.61794794752925,
            "Wind_Dir_Cos": 47.0765046761667
        }
    }
}