{
    "trial_number": 355,
    "input_chunk_length": 17,
    "output_chunk_length": 15,
    "num_layers": 1,
    "num_blocks": 3,
    "num_stacks": 2,
    "layer_widths": 216,
    "activation": "GELU",
    "dropout": 0.25332064095062007,
    "batch_size": 31,
    "lr": 0.0006480192508490546,
    "forecast_horizon": 2,
    "overall_smape_val": 52.472748831981605,
    "metrics": {
        "MSE": {
            "Temperature": 1.2675519434156715,
            "Precipitation_accumulated": 152.10382903120353,
            "Humidity": 15.26169666640365,
            "Wind_Speed_kmh": 0.2120864985632896,
            "Soil_Moisture": 59525.89893787979,
            "Soil_Temperature": 2.212774906305365,
            "Wind_Dir_Sin": 0.08345795027101408,
            "Wind_Dir_Cos": 0.07080073025765829
        },
        "RMSE": {
            "Temperature": 1.1258560935642137,
            "Precipitation_accumulated": 12.333038110344244,
            "Humidity": 3.9066221555716965,
            "Wind_Speed_kmh": 0.46052849918684685,
            "Soil_Moisture": 243.97930022417842,
            "Soil_Temperature": 1.487539883937693,
            "Wind_Dir_Sin": 0.288890896829606,
            "Wind_Dir_Cos": 0.2660840661476337
        },
        "MAE": {
            "Temperature": 0.8393899550097278,
            "Precipitation_accumulated": 10.267355705716453,
            "Humidity": 2.9955059437770135,
            "Wind_Speed_kmh": 0.3145285144830736,
            "Soil_Moisture": 132.806407657948,
            "Soil_Temperature": 1.209465577343598,
            "Wind_Dir_Sin": 0.17366950583472673,
            "Wind_Dir_Cos": 0.16799790244599513
        },
        "R2": {
            "Temperature": 0.6276667496049209,
            "Precipitation_accumulated": -159.25376277108538,
            "Humidity": 0.7653081002159602,
            "Wind_Speed_kmh": 0.37678086214432127,
            "Soil_Moisture": 0.9195563529685834,
            "Soil_Temperature": 0.605721147829581,
            "Wind_Dir_Sin": 0.48039797716142085,
            "Wind_Dir_Cos": 0.7533874429860667
        },
        "SMAPE": {
            "Temperature": 14.13753298532213,
            "Precipitation_accumulated": 2.217945273245886,
            "Humidity": 3.6066661939598648,
            "Wind_Speed_kmh": 173.09818011195568,
            "Soil_Moisture": 2.090638499576967,
            "Soil_Temperature": 30.330243450290716,
            "Wind_Dir_Sin": 152.12861740482228,
            "Wind_Dir_Cos": 42.172166736679586
        }
    }
}