{
    "trial_number": 3,
    "input_chunk_length": 38,
    "output_chunk_length": 27,
    "num_layers": 1,
    "num_blocks": 3,
    "num_stacks": 2,
    "layer_widths": 85,
    "activation": "GELU",
    "dropout": 0.18882539432465545,
    "batch_size": 37,
    "lr": 0.006016691509040486,
    "forecast_horizon": 12,
    "overall_smape_val": 50.43235393618171,
    "metrics": {
        "MSE": {
            "Temperature": 1.0864583791021964,
            "Precipitation_accumulated": 264.2583829621156,
            "Humidity": 14.960920595150029,
            "Wind_Speed_kmh": 0.18126826077809724,
            "Soil_Moisture": 80853.31876158879,
            "Soil_Temperature": 1.1834184141073376,
            "Wind_Dir_Sin": 0.08192436912802592,
            "Wind_Dir_Cos": 0.09252837784236231
        },
        "RMSE": {
            "Temperature": 1.0423331420914315,
            "Precipitation_accumulated": 16.256026050733173,
            "Humidity": 3.8679349264368486,
            "Wind_Speed_kmh": 0.4257561048042614,
            "Soil_Moisture": 284.34717997825965,
            "Soil_Temperature": 1.0878503638402377,
            "Wind_Dir_Sin": 0.2862243335707604,
            "Wind_Dir_Cos": 0.30418477582279213
        },
        "MAE": {
            "Temperature": 0.7241670613374513,
            "Precipitation_accumulated": 10.880648491871417,
            "Humidity": 3.0964534714525667,
            "Wind_Speed_kmh": 0.25583328516397824,
            "Soil_Moisture": 162.18118497022917,
            "Soil_Temperature": 0.7726263674187996,
            "Wind_Dir_Sin": 0.1693852374882806,
            "Wind_Dir_Cos": 0.17604297519727558
        },
        "R2": {
            "Temperature": 0.6798023535519601,
            "Precipitation_accumulated": -276.9712084612747,
            "Humidity": 0.7702116496728326,
            "Wind_Speed_kmh": 0.47105374023609325,
            "Soil_Moisture": 0.891456529218108,
            "Soil_Temperature": 0.788489203582192,
            "Wind_Dir_Sin": 0.49331368652283114,
            "Wind_Dir_Cos": 0.679512110544815
        },
        "SMAPE": {
            "Temperature": 12.388054700724222,
            "Precipitation_accumulated": 2.406134479703196,
            "Humidity": 3.716990384002932,
            "Wind_Speed_kmh": 168.58833431074893,
            "Soil_Moisture": 2.5636208387801735,
            "Soil_Temperature": 20.047845754924207,
            "Wind_Dir_Sin": 150.80958668818081,
            "Wind_Dir_Cos": 42.93826433238894
        }
    }
}