{
    "trial_number": 134,
    "input_chunk_length": 21,
    "output_chunk_length": 18,
    "num_layers": 1,
    "num_blocks": 4,
    "num_stacks": 2,
    "layer_widths": 92,
    "activation": "GELU",
    "dropout": 0.28060270373573,
    "batch_size": 23,
    "lr": 0.0003205683170725259,
    "forecast_horizon": 9,
    "overall_smape_val": 50.627494460937,
    "metrics": {
        "MSE": {
            "Temperature": 1.423946562021422,
            "Precipitation_accumulated": 107.70632248381851,
            "Humidity": 12.95729317366668,
            "Wind_Speed_kmh": 0.1792325287716642,
            "Soil_Moisture": 98917.34993234574,
            "Soil_Temperature": 1.3715474558033285,
            "Wind_Dir_Sin": 0.09334661802198273,
            "Wind_Dir_Cos": 0.10075065260916784
        },
        "RMSE": {
            "Temperature": 1.1932923204401436,
            "Precipitation_accumulated": 10.378165660839034,
            "Humidity": 3.599624032265964,
            "Wind_Speed_kmh": 0.423358629027051,
            "Soil_Moisture": 314.5112874482341,
            "Soil_Temperature": 1.1711308448688935,
            "Wind_Dir_Sin": 0.30552678773224246,
            "Wind_Dir_Cos": 0.31741243297824334
        },
        "MAE": {
            "Temperature": 0.8923520902501842,
            "Precipitation_accumulated": 9.567369918774718,
            "Humidity": 2.3379895257634344,
            "Wind_Speed_kmh": 0.22746789971200596,
            "Soil_Moisture": 113.774401568648,
            "Soil_Temperature": 0.7835586145165198,
            "Wind_Dir_Sin": 0.17265217239053168,
            "Wind_Dir_Cos": 0.1702131403869699
        },
        "R2": {
            "Temperature": 0.5806017351343845,
            "Precipitation_accumulated": -112.34914304767635,
            "Humidity": 0.8009028940607446,
            "Wind_Speed_kmh": 0.47589269439595006,
            "Soil_Moisture": 0.8669399263168854,
            "Soil_Temperature": 0.7550694998433559,
            "Wind_Dir_Sin": 0.4215182049965973,
            "Wind_Dir_Cos": 0.6504431020648132
        },
        "SMAPE": {
            "Temperature": 15.034707693210411,
            "Precipitation_accumulated": 2.1056368959823675,
            "Humidity": 2.7863594309328916,
            "Wind_Speed_kmh": 164.73055923106568,
            "Soil_Moisture": 1.7620140215516165,
            "Soil_Temperature": 18.800849910863167,
            "Wind_Dir_Sin": 156.1164236937105,
            "Wind_Dir_Cos": 43.68340481017927
        }
    }
}