{
    "trial_number": 14,
    "input_chunk_length": 15,
    "output_chunk_length": 13,
    "num_layers": 2,
    "num_blocks": 3,
    "num_stacks": 2,
    "layer_widths": 41,
    "activation": "GELU",
    "dropout": 0.23814277822908658,
    "batch_size": 37,
    "lr": 0.009794318358156777,
    "forecast_horizon": 15,
    "overall_smape_val": 60.49102251550417,
    "metrics": {
        "MSE": {
            "Temperature": 6.902965088536487,
            "Precipitation_accumulated": 241.21099397489297,
            "Humidity": 38.90197844028894,
            "Wind_Speed_kmh": 0.23837422208089748,
            "Soil_Moisture": 189161.17304196963,
            "Soil_Temperature": 4.6968048193513265,
            "Wind_Dir_Sin": 0.12878666579967238,
            "Wind_Dir_Cos": 0.19588210926724656
        },
        "RMSE": {
            "Temperature": 2.627349441649604,
            "Precipitation_accumulated": 15.530968867874694,
            "Humidity": 6.237145055254763,
            "Wind_Speed_kmh": 0.4882358262980068,
            "Soil_Moisture": 434.92662949280265,
            "Soil_Temperature": 2.1672113001161946,
            "Wind_Dir_Sin": 0.35886859126938425,
            "Wind_Dir_Cos": 0.4425857083856714
        },
        "MAE": {
            "Temperature": 2.3339064088428922,
            "Precipitation_accumulated": 12.837240001589826,
            "Humidity": 4.511142733664978,
            "Wind_Speed_kmh": 0.3042049748183317,
            "Soil_Moisture": 245.9546552816165,
            "Soil_Temperature": 1.6649757109131755,
            "Wind_Dir_Sin": 0.2538768504853467,
            "Wind_Dir_Cos": 0.3896978930088229
        },
        "R2": {
            "Temperature": -1.0352180885816842,
            "Precipitation_accumulated": -252.60911668905422,
            "Humidity": 0.40287647396644954,
            "Wind_Speed_kmh": 0.3058815771774839,
            "Soil_Moisture": 0.7465693375207203,
            "Soil_Temperature": 0.15992958905168764,
            "Wind_Dir_Sin": 0.20506747230968048,
            "Wind_Dir_Cos": 0.32267490278369193
        },
        "SMAPE": {
            "Temperature": 33.413961178193055,
            "Precipitation_accumulated": 2.8063881867873675,
            "Humidity": 5.267106286849118,
            "Wind_Speed_kmh": 170.2780855041536,
            "Soil_Moisture": 3.850127076370204,
            "Soil_Temperature": 30.027435582267955,
            "Wind_Dir_Sin": 161.68509612787514,
            "Wind_Dir_Cos": 76.5999801815368
        }
    }
}