{
    "trial_number": 246,
    "input_chunk_length": 17,
    "output_chunk_length": 15,
    "num_layers": 1,
    "num_blocks": 4,
    "num_stacks": 2,
    "layer_widths": 136,
    "activation": "GELU",
    "dropout": 0.2658921044377341,
    "batch_size": 17,
    "lr": 0.00035149427448050646,
    "forecast_horizon": 5,
    "overall_smape_val": 49.1444485226597,
    "metrics": {
        "MSE": {
            "Temperature": 0.8437795862969577,
            "Precipitation_accumulated": 80.33202472292119,
            "Humidity": 9.394586087519015,
            "Wind_Speed_kmh": 0.14578958458894037,
            "Soil_Moisture": 66964.47359919158,
            "Soil_Temperature": 0.9059666958940328,
            "Wind_Dir_Sin": 0.08016516931361349,
            "Wind_Dir_Cos": 0.08016260141844848
        },
        "RMSE": {
            "Temperature": 0.9185747581427206,
            "Precipitation_accumulated": 8.962813437917873,
            "Humidity": 3.0650589044126075,
            "Wind_Speed_kmh": 0.3818240230642126,
            "Soil_Moisture": 258.77494778125566,
            "Soil_Temperature": 0.951822827995858,
            "Wind_Dir_Sin": 0.2831345427771283,
            "Wind_Dir_Cos": 0.2831300079794589
        },
        "MAE": {
            "Temperature": 0.6525009693144925,
            "Precipitation_accumulated": 7.842206881552849,
            "Humidity": 2.1635024820274413,
            "Wind_Speed_kmh": 0.19331988127319813,
            "Soil_Moisture": 115.792855589081,
            "Soil_Temperature": 0.6139751445259252,
            "Wind_Dir_Sin": 0.1578945142773509,
            "Wind_Dir_Cos": 0.1484677125296598
        },
        "R2": {
            "Temperature": 0.751826682851177,
            "Precipitation_accumulated": -83.594980512568,
            "Humidity": 0.8555568022591714,
            "Wind_Speed_kmh": 0.5724911927416102,
            "Soil_Moisture": 0.9096816195249984,
            "Soil_Temperature": 0.838412474830879,
            "Wind_Dir_Sin": 0.5018872712878396,
            "Wind_Dir_Cos": 0.7212479174266373
        },
        "SMAPE": {
            "Temperature": 11.621024454324449,
            "Precipitation_accumulated": 1.6898892109407824,
            "Humidity": 2.5840975759518017,
            "Wind_Speed_kmh": 162.45435977206705,
            "Soil_Moisture": 1.8458406831756096,
            "Soil_Temperature": 17.346982846488725,
            "Wind_Dir_Sin": 154.14112439709052,
            "Wind_Dir_Cos": 41.47226924123887
        }
    }
}