{
    "trial_number": 45,
    "input_chunk_length": 28,
    "output_chunk_length": 2,
    "num_layers": 1,
    "num_blocks": 4,
    "num_stacks": 2,
    "layer_widths": 114,
    "activation": "ReLU",
    "dropout": 0.186924102285974,
    "batch_size": 72,
    "lr": 0.000288601183100204,
    "loss_function": "smoothl1",
    "optimizer": "AdamW",
    "overall_mae_val": 0.12220493139639828,
    "metrics": {
        "MSE": {
            "Temperature": 8.785115062967957,
            "Precipitation_accumulated": 1304.2473318063398,
            "Humidity": 62.0592874292716,
            "Wind_Speed_kmh": 1.173275797182427,
            "Soil_Moisture": 63955.21894487077,
            "Soil_Temperature": 8.01603042538148,
            "Wind_Dir_Sin": 0.5359712847445803,
            "Wind_Dir_Cos": 0.3585888058706911
        },
        "RMSE": {
            "Temperature": 2.9639694774015397,
            "Precipitation_accumulated": 36.11436461861595,
            "Humidity": 7.877771729954581,
            "Wind_Speed_kmh": 1.0831785620027876,
            "Soil_Moisture": 252.8936909945971,
            "Soil_Temperature": 2.8312595121926707,
            "Wind_Dir_Sin": 0.7321005974212699,
            "Wind_Dir_Cos": 0.5988228501574494
        },
        "MAE": {
            "Temperature": 2.3663661319451044,
            "Precipitation_accumulated": 29.88646426065366,
            "Humidity": 6.435736130282121,
            "Wind_Speed_kmh": 0.8752244194512531,
            "Soil_Moisture": 200.79153201956478,
            "Soil_Temperature": 2.2401838565463983,
            "Wind_Dir_Sin": 0.6493584553273698,
            "Wind_Dir_Cos": 0.4893769701261177
        },
        "R2": {
            "Temperature": 0.7114631011866676,
            "Precipitation_accumulated": -379.02026388418534,
            "Humidity": 0.5764801902568025,
            "Wind_Speed_kmh": 0.13069883957288775,
            "Soil_Moisture": -0.1177980471274267,
            "Soil_Temperature": 0.5027089281928907,
            "Wind_Dir_Sin": 0.026413246293455983,
            "Wind_Dir_Cos": 0.022045462526665616
        },
        "SMAPE": {
            "Temperature": 36.73370006521816,
            "Precipitation_accumulated": 6.736359721876034,
            "Humidity": 7.613263895876351,
            "Wind_Speed_kmh": 72.03739693455996,
            "Soil_Moisture": 2.373576371634241,
            "Soil_Temperature": 37.84672283839159,
            "Wind_Dir_Sin": 140.9461910001821,
            "Wind_Dir_Cos": 115.27288006192833
        }
    }
}