{
    "trial_number": 236,
    "input_chunk_length": 16,
    "output_chunk_length": 14,
    "num_layers": 1,
    "num_blocks": 4,
    "num_stacks": 2,
    "layer_widths": 121,
    "activation": "GELU",
    "dropout": 0.2826597673110405,
    "batch_size": 20,
    "lr": 0.0003721455531165483,
    "forecast_horizon": 5,
    "overall_smape_val": 49.74264232742513,
    "metrics": {
        "MSE": {
            "Temperature": 1.3577779375086678,
            "Precipitation_accumulated": 63.81315760732827,
            "Humidity": 12.30905124198451,
            "Wind_Speed_kmh": 0.14330848604778143,
            "Soil_Moisture": 62648.37336136022,
            "Soil_Temperature": 1.0092092970753483,
            "Wind_Dir_Sin": 0.08242710499758452,
            "Wind_Dir_Cos": 0.08241757066840463
        },
        "RMSE": {
            "Temperature": 1.1652372880699742,
            "Precipitation_accumulated": 7.988313815025563,
            "Humidity": 3.508425749817788,
            "Wind_Speed_kmh": 0.3785610730751135,
            "Soil_Moisture": 250.29657081422474,
            "Soil_Temperature": 1.0045940956801152,
            "Wind_Dir_Sin": 0.2871012103729006,
            "Wind_Dir_Cos": 0.28708460541868946
        },
        "MAE": {
            "Temperature": 0.8312349162662399,
            "Precipitation_accumulated": 6.59790595009341,
            "Humidity": 2.322811289072122,
            "Wind_Speed_kmh": 0.19571584876990777,
            "Soil_Moisture": 88.39640428461904,
            "Soil_Temperature": 0.7348991943880415,
            "Wind_Dir_Sin": 0.16624704286488695,
            "Wind_Dir_Cos": 0.1567125679144923
        },
        "R2": {
            "Temperature": 0.6006489607293923,
            "Precipitation_accumulated": -66.19951156287829,
            "Humidity": 0.8107464548214602,
            "Wind_Speed_kmh": 0.5797666883197892,
            "Soil_Moisture": 0.9155029627312772,
            "Soil_Temperature": 0.819998203652347,
            "Wind_Dir_Sin": 0.4878325519457465,
            "Wind_Dir_Cos": 0.7134066377844885
        },
        "SMAPE": {
            "Temperature": 14.5013921028821,
            "Precipitation_accumulated": 1.4513668306548266,
            "Humidity": 2.7438640907763103,
            "Wind_Speed_kmh": 164.75779727042863,
            "Soil_Moisture": 1.3756937749242102,
            "Soil_Temperature": 18.63777460114695,
            "Wind_Dir_Sin": 153.08596552834223,
            "Wind_Dir_Cos": 41.387284420245884
        }
    }
}