{
    "trial_number": 7,
    "input_chunk_length": 55,
    "num_layers": 2,
    "num_blocks": 2,
    "num_stacks": 4,
    "layer_widths": 141,
    "activation": "GELU",
    "dropout": 0.09187359637843646,
    "batch_size": 16,
    "lr": 6.876847211140339e-05,
    "overall_smape_val": 44.51027890750744,
    "metrics": {
        "MSE": {
            "Temperature": 0.4502795313302717,
            "Precipitation_accumulated": 25.58930403774296,
            "Humidity": 3.5523490150690678,
            "Wind_Speed_kmh": 0.08374591423757544,
            "Soil_Moisture": 25494.93945586313,
            "Soil_Temperature": 0.1654997925333255,
            "Wind_Dir_Sin": 0.04385547736850669,
            "Wind_Dir_Cos": 0.04180502162071839
        },
        "RMSE": {
            "Temperature": 0.6710287112562857,
            "Precipitation_accumulated": 5.058587158262963,
            "Humidity": 1.8847676289317652,
            "Wind_Speed_kmh": 0.28938886336135233,
            "Soil_Moisture": 159.67134826218236,
            "Soil_Temperature": 0.4068166571483099,
            "Wind_Dir_Sin": 0.20941699398211858,
            "Wind_Dir_Cos": 0.2044627634086911
        },
        "MAE": {
            "Temperature": 0.44738219015013553,
            "Precipitation_accumulated": 3.971700066038493,
            "Humidity": 1.3174758315167487,
            "Wind_Speed_kmh": 0.14716606781885042,
            "Soil_Moisture": 60.897433310179586,
            "Soil_Temperature": 0.29177788544431227,
            "Wind_Dir_Sin": 0.11861263948943793,
            "Wind_Dir_Cos": 0.10538531927370252
        },
        "R2": {
            "Temperature": 0.8677339872677756,
            "Precipitation_accumulated": -25.96041437523823,
            "Humidity": 0.9453725521306026,
            "Wind_Speed_kmh": 0.7539114614855951,
            "Soil_Moisture": 0.9655459901107066,
            "Soil_Temperature": 0.9705107518850916,
            "Wind_Dir_Sin": 0.7269595685104917,
            "Wind_Dir_Cos": 0.8543850714478618
        },
        "SMAPE": {
            "Temperature": 7.6142714137711955,
            "Precipitation_accumulated": 0.8680349252566922,
            "Humidity": 1.587728164706903,
            "Wind_Speed_kmh": 159.8509990577641,
            "Soil_Moisture": 0.9603867351908999,
            "Soil_Temperature": 11.017818264917613,
            "Wind_Dir_Sin": 144.1891262043559,
            "Wind_Dir_Cos": 29.993866494096405
        }
    }
}