{
    "trial_number": 159,
    "input_chunk_length": 16,
    "output_chunk_length": 13,
    "num_layers": 1,
    "num_blocks": 4,
    "num_stacks": 2,
    "layer_widths": 56,
    "activation": "GELU",
    "dropout": 0.28009831447145184,
    "batch_size": 18,
    "lr": 0.0005282203527289572,
    "forecast_horizon": 7,
    "overall_smape_val": 52.86099291625774,
    "metrics": {
        "MSE": {
            "Temperature": 1.732845968739347,
            "Precipitation_accumulated": 70.39214771217213,
            "Humidity": 13.400618972006404,
            "Wind_Speed_kmh": 0.18158494112057483,
            "Soil_Moisture": 87287.06075857037,
            "Soil_Temperature": 1.5761654180475093,
            "Wind_Dir_Sin": 0.10080626286566938,
            "Wind_Dir_Cos": 0.09938980871267193
        },
        "RMSE": {
            "Temperature": 1.3163760742049921,
            "Precipitation_accumulated": 8.39000284339476,
            "Humidity": 3.660685587701627,
            "Wind_Speed_kmh": 0.4261278459811971,
            "Soil_Moisture": 295.4438368938678,
            "Soil_Temperature": 1.2554542676049611,
            "Wind_Dir_Sin": 0.317500020260896,
            "Wind_Dir_Cos": 0.3152614925941193
        },
        "MAE": {
            "Temperature": 0.9627910628490077,
            "Precipitation_accumulated": 6.493116583066522,
            "Humidity": 2.6966053010012767,
            "Wind_Speed_kmh": 0.21639648107427273,
            "Soil_Moisture": 115.95751781531342,
            "Soil_Temperature": 1.0801340320201056,
            "Wind_Dir_Sin": 0.17866253186727432,
            "Wind_Dir_Cos": 0.1887566838061812
        },
        "R2": {
            "Temperature": 0.48995691748704684,
            "Precipitation_accumulated": -73.1037332123775,
            "Humidity": 0.7940235940612442,
            "Wind_Speed_kmh": 0.46826992654635735,
            "Soil_Moisture": 0.882427671613445,
            "Soil_Temperature": 0.7186985504853682,
            "Wind_Dir_Sin": 0.37446099065162974,
            "Wind_Dir_Cos": 0.654776597914625
        },
        "SMAPE": {
            "Temperature": 16.722702808521472,
            "Precipitation_accumulated": 1.4250543040450863,
            "Humidity": 3.217566671337992,
            "Wind_Speed_kmh": 170.30600611072433,
            "Soil_Moisture": 1.8058237491756357,
            "Soil_Temperature": 25.341592450186578,
            "Wind_Dir_Sin": 156.8084789861075,
            "Wind_Dir_Cos": 47.26071824996329
        }
    }
}