{
    "trial_number": 41,
    "input_chunk_length": 43,
    "output_chunk_length": 37,
    "num_layers": 1,
    "num_blocks": 4,
    "num_stacks": 2,
    "layer_widths": 175,
    "activation": "ReLU",
    "dropout": 0.25513139685899516,
    "batch_size": 34,
    "lr": 0.0018594500010574524,
    "forecast_horizon": 20,
    "overall_smape_val": 57.11113050910456,
    "metrics": {
        "MSE": {
            "Temperature": 5.258046895349624,
            "Precipitation_accumulated": 207.29664017974463,
            "Humidity": 33.44766323455591,
            "Wind_Speed_kmh": 0.2584862166230145,
            "Soil_Moisture": 232840.85401221746,
            "Soil_Temperature": 4.309615858545288,
            "Wind_Dir_Sin": 0.12137926986691577,
            "Wind_Dir_Cos": 0.1284073108924756
        },
        "RMSE": {
            "Temperature": 2.293043151654505,
            "Precipitation_accumulated": 14.397799838160852,
            "Humidity": 5.783395476236768,
            "Wind_Speed_kmh": 0.5084153977044897,
            "Soil_Moisture": 482.5358577476056,
            "Soil_Temperature": 2.075961429927177,
            "Wind_Dir_Sin": 0.34839527819262384,
            "Wind_Dir_Cos": 0.35833965855383015
        },
        "MAE": {
            "Temperature": 1.9448210892023718,
            "Precipitation_accumulated": 10.864814922495318,
            "Humidity": 4.301463829022274,
            "Wind_Speed_kmh": 0.2890793258574053,
            "Soil_Moisture": 325.92249665609427,
            "Soil_Temperature": 1.40983173971167,
            "Wind_Dir_Sin": 0.2307470404485715,
            "Wind_Dir_Cos": 0.27294503855745517
        },
        "R2": {
            "Temperature": -0.5575361246794694,
            "Precipitation_accumulated": -216.78470877370125,
            "Humidity": 0.4860837527853521,
            "Wind_Speed_kmh": 0.2499648934153328,
            "Soil_Moisture": 0.6890793177970443,
            "Soil_Temperature": 0.22769643828611152,
            "Wind_Dir_Sin": 0.25328360277425466,
            "Wind_Dir_Cos": 0.5572421701067494
        },
        "SMAPE": {
            "Temperature": 29.276615536345105,
            "Precipitation_accumulated": 2.3672347463499785,
            "Humidity": 5.1360320430918405,
            "Wind_Speed_kmh": 173.3302173914127,
            "Soil_Moisture": 5.146736335932481,
            "Soil_Temperature": 26.713685204438217,
            "Wind_Dir_Sin": 160.44247554735006,
            "Wind_Dir_Cos": 54.47604726791596
        }
    }
}