{
    "trial_number": 154,
    "input_chunk_length": 21,
    "output_chunk_length": 17,
    "num_layers": 1,
    "num_blocks": 4,
    "num_stacks": 2,
    "layer_widths": 81,
    "activation": "GELU",
    "dropout": 0.2932570177978112,
    "batch_size": 16,
    "lr": 0.0003259985619986947,
    "forecast_horizon": 9,
    "overall_smape_val": 52.57378065731359,
    "metrics": {
        "MSE": {
            "Temperature": 1.160567183604371,
            "Precipitation_accumulated": 79.3377820400966,
            "Humidity": 26.272757189968722,
            "Wind_Speed_kmh": 0.2692186428510927,
            "Soil_Moisture": 97781.7758170127,
            "Soil_Temperature": 1.3600910792257372,
            "Wind_Dir_Sin": 0.10255976237314453,
            "Wind_Dir_Cos": 0.11532317429659013
        },
        "RMSE": {
            "Temperature": 1.0772962376265736,
            "Precipitation_accumulated": 8.907175873423439,
            "Humidity": 5.1256957761818756,
            "Wind_Speed_kmh": 0.5188628362593458,
            "Soil_Moisture": 312.700776809097,
            "Soil_Temperature": 1.1662294282111634,
            "Wind_Dir_Sin": 0.3202495314175253,
            "Wind_Dir_Cos": 0.3395926593679406
        },
        "MAE": {
            "Temperature": 0.7867837478207517,
            "Precipitation_accumulated": 7.595875359514258,
            "Humidity": 4.2755030818067485,
            "Wind_Speed_kmh": 0.34066839253030035,
            "Soil_Moisture": 132.0894217052087,
            "Soil_Temperature": 0.810305086217968,
            "Wind_Dir_Sin": 0.1929391990138174,
            "Wind_Dir_Cos": 0.19616427399911848
        },
        "R2": {
            "Temperature": 0.658175470873938,
            "Precipitation_accumulated": -82.49435203211344,
            "Humidity": 0.5963022637939348,
            "Wind_Speed_kmh": 0.2127575363129488,
            "Soil_Moisture": 0.8684674599150074,
            "Soil_Temperature": 0.7571153758597193,
            "Wind_Dir_Sin": 0.364423085807272,
            "Wind_Dir_Cos": 0.5998833752121353
        },
        "SMAPE": {
            "Temperature": 13.525083759663579,
            "Precipitation_accumulated": 1.6425715009821988,
            "Humidity": 5.12307452455907,
            "Wind_Speed_kmh": 172.37828133452064,
            "Soil_Moisture": 2.079645647383508,
            "Soil_Temperature": 20.80532208814585,
            "Wind_Dir_Sin": 160.66030781261114,
            "Wind_Dir_Cos": 44.375958590642625
        }
    }
}