{
    "trial_number": 8,
    "input_chunk_length": 42,
    "output_chunk_length": 23,
    "num_layers": 5,
    "num_blocks": 2,
    "num_stacks": 5,
    "layer_widths": 49,
    "activation": "GELU",
    "dropout": 0.30048384988556986,
    "batch_size": 167,
    "lr": 0.0003978414308269263,
    "loss_function": "smoothl1",
    "optimizer": "AdamW",
    "overall_mae_val": 0.18282043685234542,
    "metrics": {
        "MSE": {
            "Temperature": 35.24776196362735,
            "Precipitation_accumulated": 15105.979476823732,
            "Humidity": 136.5052590791868,
            "Wind_Speed_kmh": 1.6274183254012125,
            "Soil_Moisture": 705943.63142537,
            "Soil_Temperature": 18.893183772903566,
            "Wind_Dir_Sin": 0.569071534880524,
            "Wind_Dir_Cos": 0.35861210403059235
        },
        "RMSE": {
            "Temperature": 5.936982563864184,
            "Precipitation_accumulated": 122.90638501243022,
            "Humidity": 11.683546511192002,
            "Wind_Speed_kmh": 1.275703071016611,
            "Soil_Moisture": 840.204517617806,
            "Soil_Temperature": 4.3466290125686555,
            "Wind_Dir_Sin": 0.7543683018794758,
            "Wind_Dir_Cos": 0.5988423031404781
        },
        "MAE": {
            "Temperature": 4.658517777105327,
            "Precipitation_accumulated": 119.87732375197874,
            "Humidity": 9.492830687434314,
            "Wind_Speed_kmh": 0.9887821985100487,
            "Soil_Moisture": 776.4368049419045,
            "Soil_Temperature": 3.6411445636305135,
            "Wind_Dir_Sin": 0.6684937634276686,
            "Wind_Dir_Cos": 0.5158824904522359
        },
        "R2": {
            "Temperature": -0.15372494835003847,
            "Precipitation_accumulated": -4660.1908508588485,
            "Humidity": 0.07166559400366423,
            "Wind_Speed_kmh": -0.20800613107349775,
            "Soil_Moisture": -13.363212259390515,
            "Soil_Temperature": -0.17638817568975362,
            "Wind_Dir_Sin": -0.03880311907491829,
            "Wind_Dir_Cos": 0.026551046168365344
        },
        "SMAPE": {
            "Temperature": 65.62340217143452,
            "Precipitation_accumulated": 29.85214695417394,
            "Humidity": 11.157530822602995,
            "Wind_Speed_kmh": 82.92589865677932,
            "Soil_Moisture": 9.516789512201365,
            "Soil_Temperature": 58.38369342352284,
            "Wind_Dir_Sin": 138.84734810209633,
            "Wind_Dir_Cos": 127.75656271102099
        }
    }
}