{
    "trial_number": 51,
    "input_chunk_length": 13,
    "output_chunk_length": 12,
    "num_layers": 1,
    "num_blocks": 4,
    "num_stacks": 3,
    "layer_widths": 151,
    "activation": "GELU",
    "dropout": 0.25310181371447027,
    "batch_size": 25,
    "lr": 0.0001964403536921028,
    "forecast_horizon": 10,
    "overall_smape_val": 51.69543235243036,
    "metrics": {
        "MSE": {
            "Temperature": 0.7882301424052275,
            "Precipitation_accumulated": 266.3232432692201,
            "Humidity": 12.371526358130748,
            "Wind_Speed_kmh": 0.1595660950536054,
            "Soil_Moisture": 90098.95802280809,
            "Soil_Temperature": 1.4007597881118223,
            "Wind_Dir_Sin": 0.09936407186920426,
            "Wind_Dir_Cos": 0.11119527789382247
        },
        "RMSE": {
            "Temperature": 0.8878232607930632,
            "Precipitation_accumulated": 16.319413079802228,
            "Humidity": 3.5173180632593843,
            "Wind_Speed_kmh": 0.3994572505958621,
            "Soil_Moisture": 300.16488472639185,
            "Soil_Temperature": 1.183536982147927,
            "Wind_Dir_Sin": 0.31522067170349766,
            "Wind_Dir_Cos": 0.33345955960779183
        },
        "MAE": {
            "Temperature": 0.6377259291839361,
            "Precipitation_accumulated": 15.465549610769472,
            "Humidity": 2.2198719388601256,
            "Wind_Speed_kmh": 0.20260429034354155,
            "Soil_Moisture": 113.22389123531651,
            "Soil_Temperature": 0.9058580315158208,
            "Wind_Dir_Sin": 0.18394333889484224,
            "Wind_Dir_Cos": 0.2193908495642297
        },
        "R2": {
            "Temperature": 0.7677820432989679,
            "Precipitation_accumulated": -279.2316262710589,
            "Humidity": 0.8099238212416302,
            "Wind_Speed_kmh": 0.5337276353279579,
            "Soil_Moisture": 0.8788829416831214,
            "Soil_Temperature": 0.7497774877012648,
            "Wind_Dir_Sin": 0.3846356599753997,
            "Wind_Dir_Cos": 0.6144222066825675
        },
        "SMAPE": {
            "Temperature": 11.092559525879675,
            "Precipitation_accumulated": 3.430484325777002,
            "Humidity": 2.6490831066045493,
            "Wind_Speed_kmh": 162.52275824594963,
            "Soil_Moisture": 1.7695351774813621,
            "Soil_Temperature": 23.98258811985799,
            "Wind_Dir_Sin": 158.51675018864975,
            "Wind_Dir_Cos": 49.59970012924304
        }
    }
}