{
    "trial_number": 301,
    "input_chunk_length": 15,
    "output_chunk_length": 13,
    "num_layers": 1,
    "num_blocks": 3,
    "num_stacks": 2,
    "layer_widths": 122,
    "activation": "GELU",
    "dropout": 0.24209321902210246,
    "batch_size": 21,
    "lr": 0.0005286902081779564,
    "forecast_horizon": 3,
    "overall_smape_val": 49.066376863658036,
    "metrics": {
        "MSE": {
            "Temperature": 1.0424097055259907,
            "Precipitation_accumulated": 296.16496802864947,
            "Humidity": 13.93665762235357,
            "Wind_Speed_kmh": 0.13180923217992005,
            "Soil_Moisture": 48736.0200651153,
            "Soil_Temperature": 0.627756896841825,
            "Wind_Dir_Sin": 0.07996136412331871,
            "Wind_Dir_Cos": 0.07289234316058024
        },
        "RMSE": {
            "Temperature": 1.020984674481449,
            "Precipitation_accumulated": 17.209444152227853,
            "Humidity": 3.7331833095032407,
            "Wind_Speed_kmh": 0.363055411996461,
            "Soil_Moisture": 220.7623610698058,
            "Soil_Temperature": 0.7923111111437382,
            "Wind_Dir_Sin": 0.2827744050003796,
            "Wind_Dir_Cos": 0.2699858202954004
        },
        "MAE": {
            "Temperature": 0.6976263022735125,
            "Precipitation_accumulated": 16.75776889802392,
            "Humidity": 3.0262423563648646,
            "Wind_Speed_kmh": 0.17630015779940536,
            "Soil_Moisture": 91.85754570896023,
            "Soil_Temperature": 0.5449037437917802,
            "Wind_Dir_Sin": 0.16391680878852918,
            "Wind_Dir_Cos": 0.1347679961771899
        },
        "R2": {
            "Temperature": 0.6936541810606281,
            "Precipitation_accumulated": -310.9828700184277,
            "Humidity": 0.7856883235548386,
            "Wind_Speed_kmh": 0.6129467359483463,
            "Soil_Moisture": 0.9341806047693183,
            "Soil_Temperature": 0.8881077811594149,
            "Wind_Dir_Sin": 0.5024961667038199,
            "Wind_Dir_Cos": 0.7462443301569022
        },
        "SMAPE": {
            "Temperature": 12.494018873530734,
            "Precipitation_accumulated": 3.577987896942027,
            "Humidity": 3.6307568376105297,
            "Wind_Speed_kmh": 159.72497297220755,
            "Soil_Moisture": 1.4593357241191147,
            "Soil_Temperature": 18.40966607792547,
            "Wind_Dir_Sin": 155.0794742107552,
            "Wind_Dir_Cos": 38.154802316173594
        }
    }
}