{
    "trial_number": 42,
    "input_chunk_length": 13,
    "output_chunk_length": 12,
    "num_layers": 2,
    "num_blocks": 4,
    "num_stacks": 3,
    "layer_widths": 117,
    "activation": "GELU",
    "dropout": 0.26025219190761645,
    "batch_size": 27,
    "lr": 0.0002406040321387988,
    "forecast_horizon": 10,
    "overall_smape_val": 50.798774204311115,
    "metrics": {
        "MSE": {
            "Temperature": 1.2146649479882081,
            "Precipitation_accumulated": 35.61548557753926,
            "Humidity": 13.541886839110619,
            "Wind_Speed_kmh": 0.16979629789274567,
            "Soil_Moisture": 99408.48899951219,
            "Soil_Temperature": 1.207782256461632,
            "Wind_Dir_Sin": 0.0982319927973885,
            "Wind_Dir_Cos": 0.10803633669292854
        },
        "RMSE": {
            "Temperature": 1.1021183910942636,
            "Precipitation_accumulated": 5.967871109326948,
            "Humidity": 3.6799302763925597,
            "Wind_Speed_kmh": 0.41206346342856665,
            "Soil_Moisture": 315.2911178569929,
            "Soil_Temperature": 1.098991472424437,
            "Wind_Dir_Sin": 0.3134198347223553,
            "Wind_Dir_Cos": 0.32868881437147895
        },
        "MAE": {
            "Temperature": 0.7978879230501913,
            "Precipitation_accumulated": 4.7674370935044985,
            "Humidity": 2.5722109269277915,
            "Wind_Speed_kmh": 0.20356576397808207,
            "Soil_Moisture": 113.2508530637946,
            "Soil_Temperature": 0.7282209070855331,
            "Wind_Dir_Sin": 0.19808672811253658,
            "Wind_Dir_Cos": 0.1752265030852992
        },
        "R2": {
            "Temperature": 0.6421514515576885,
            "Precipitation_accumulated": -36.47545772314783,
            "Humidity": 0.7919423982906733,
            "Wind_Speed_kmh": 0.5038336853175994,
            "Soil_Moisture": 0.8663684461667267,
            "Soil_Temperature": 0.7842497242663999,
            "Wind_Dir_Sin": 0.3916466557787981,
            "Wind_Dir_Cos": 0.6253760673188372
        },
        "SMAPE": {
            "Temperature": 14.09187788816245,
            "Precipitation_accumulated": 1.0298944315615828,
            "Humidity": 3.0888736598641207,
            "Wind_Speed_kmh": 167.31405456634764,
            "Soil_Moisture": 1.7424314601681257,
            "Soil_Temperature": 18.952340380862747,
            "Wind_Dir_Sin": 156.46698975451562,
            "Wind_Dir_Cos": 43.70373149300673
        }
    }
}