{
    "trial_number": 63,
    "input_chunk_length": 24,
    "output_chunk_length": 1,
    "num_layers": 1,
    "num_blocks": 3,
    "num_stacks": 2,
    "layer_widths": 192,
    "activation": "ReLU",
    "dropout": 0.14431556304432144,
    "batch_size": 70,
    "lr": 0.0001122887899241439,
    "loss_function": "huber",
    "optimizer": "RMSprop",
    "overall_mae_val": 0.10804047202106296,
    "metrics": {
        "MSE": {
            "Temperature": 6.144066626411532,
            "Precipitation_accumulated": 862.253486123103,
            "Humidity": 52.28185065746557,
            "Wind_Speed_kmh": 0.9399430413687208,
            "Soil_Moisture": 116841.37751846279,
            "Soil_Temperature": 4.142275717203347,
            "Wind_Dir_Sin": 0.41518921621922666,
            "Wind_Dir_Cos": 0.31575350156530574
        },
        "RMSE": {
            "Temperature": 2.4787227812749717,
            "Precipitation_accumulated": 29.36415308029678,
            "Humidity": 7.230618967796987,
            "Wind_Speed_kmh": 0.969506596867046,
            "Soil_Moisture": 341.82068035515755,
            "Soil_Temperature": 2.0352581451018312,
            "Wind_Dir_Sin": 0.6443517798681296,
            "Wind_Dir_Cos": 0.5619194796101179
        },
        "MAE": {
            "Temperature": 1.9540573290284249,
            "Precipitation_accumulated": 23.62738916547831,
            "Humidity": 5.907339545729399,
            "Wind_Speed_kmh": 0.7552850899836925,
            "Soil_Moisture": 277.0020548890941,
            "Soil_Temperature": 1.6480710444714488,
            "Wind_Dir_Sin": 0.5266907633562896,
            "Wind_Dir_Cos": 0.46846704863188804
        },
        "R2": {
            "Temperature": 0.7987708051853499,
            "Precipitation_accumulated": -248.3328675020494,
            "Humidity": 0.6433349346123447,
            "Wind_Speed_kmh": 0.3042358137734845,
            "Soil_Moisture": -1.0094693856185297,
            "Soil_Temperature": 0.7439593938953621,
            "Wind_Dir_Sin": 0.2446418691819875,
            "Wind_Dir_Cos": 0.14239651092752326
        },
        "SMAPE": {
            "Temperature": 34.4599887019168,
            "Precipitation_accumulated": 5.27478606679368,
            "Humidity": 6.992133245846163,
            "Wind_Speed_kmh": 66.58220678740832,
            "Soil_Moisture": 3.3077766495307244,
            "Soil_Temperature": 34.37187151218903,
            "Wind_Dir_Sin": 108.53457018034507,
            "Wind_Dir_Cos": 119.30135077428422
        }
    }
}