{
    "trial_number": 27,
    "input_chunk_length": 46,
    "output_chunk_length": 39,
    "num_layers": 3,
    "num_blocks": 3,
    "num_stacks": 1,
    "layer_widths": 138,
    "activation": "ReLU",
    "dropout": 0.20429436463305461,
    "batch_size": 64,
    "lr": 0.0024153801261616067,
    "forecast_horizon": 7,
    "overall_smape_val": 113.99923664063614,
    "metrics": {
        "MSE": {
            "Temperature": 185.84546433771777,
            "Precipitation_accumulated": 50641.97008949114,
            "Humidity": 702.7386352359816,
            "Wind_Speed_kmh": 12.36535228280138,
            "Soil_Moisture": 3321917.8753684154,
            "Soil_Temperature": 343.3693010453062,
            "Wind_Dir_Sin": 0.1764877109198553,
            "Wind_Dir_Cos": 0.7770133795964232
        },
        "RMSE": {
            "Temperature": 13.63251496744888,
            "Precipitation_accumulated": 225.03770815019232,
            "Humidity": 26.509217929542576,
            "Wind_Speed_kmh": 3.516440285686845,
            "Soil_Moisture": 1822.612925271961,
            "Soil_Temperature": 18.530226686290327,
            "Wind_Dir_Sin": 0.42010440478511446,
            "Wind_Dir_Cos": 0.8814836241226625
        },
        "MAE": {
            "Temperature": 13.515191901092514,
            "Precipitation_accumulated": 225.0072034459457,
            "Humidity": 25.204206546794417,
            "Wind_Speed_kmh": 3.46946256584177,
            "Soil_Moisture": 1771.4655622261728,
            "Soil_Temperature": 18.40675123820091,
            "Wind_Dir_Sin": 0.23472792904639525,
            "Wind_Dir_Cos": 0.8341585525707705
        },
        "R2": {
            "Temperature": -53.701453684784354,
            "Precipitation_accumulated": -53311.18271966334,
            "Humidity": -9.801559144587893,
            "Wind_Speed_kmh": -35.209113140324995,
            "Soil_Moisture": -3.474496172992448,
            "Soil_Temperature": -60.28181788338102,
            "Wind_Dir_Sin": -0.09516953324698307,
            "Wind_Dir_Cos": -1.6989004792795406
        },
        "SMAPE": {
            "Temperature": 103.27495949388907,
            "Precipitation_accumulated": 64.8480759633361,
            "Humidity": 34.90583326378905,
            "Wind_Speed_kmh": 187.35712331182398,
            "Soil_Moisture": 26.28769983548422,
            "Soil_Temperature": 117.39138817293629,
            "Wind_Dir_Sin": 188.3545280304476,
            "Wind_Dir_Cos": 189.57428505338248
        }
    }
}