{
    "trial_number": 17,
    "input_chunk_length": 13,
    "output_chunk_length": 12,
    "num_layers": 6,
    "num_blocks": 4,
    "num_stacks": 4,
    "layer_widths": 151,
    "activation": "ReLU",
    "dropout": 0.18566364067764662,
    "batch_size": 42,
    "lr": 0.00022522814461662803,
    "forecast_horizon": 9,
    "overall_smape_val": 51.920413352447554,
    "metrics": {
        "MSE": {
            "Temperature": 1.700129668787565,
            "Precipitation_accumulated": 189.00363820966422,
            "Humidity": 11.727279125405383,
            "Wind_Speed_kmh": 0.16805040641293637,
            "Soil_Moisture": 96711.13187239638,
            "Soil_Temperature": 1.2656004957728328,
            "Wind_Dir_Sin": 0.08306338759344875,
            "Wind_Dir_Cos": 0.09458306262646475
        },
        "RMSE": {
            "Temperature": 1.3038902058024537,
            "Precipitation_accumulated": 13.747859404636936,
            "Humidity": 3.424511516319573,
            "Wind_Speed_kmh": 0.4099395155543515,
            "Soil_Moisture": 310.9841344383928,
            "Soil_Temperature": 1.1249891091796547,
            "Wind_Dir_Sin": 0.288207195596239,
            "Wind_Dir_Cos": 0.30754359467637227
        },
        "MAE": {
            "Temperature": 0.8770578190193176,
            "Precipitation_accumulated": 11.733650049821184,
            "Humidity": 2.473706128644963,
            "Wind_Speed_kmh": 0.16024718110436986,
            "Soil_Moisture": 177.72631482796737,
            "Soil_Temperature": 0.9838855448221546,
            "Wind_Dir_Sin": 0.1549794892710597,
            "Wind_Dir_Cos": 0.17127159065307962
        },
        "R2": {
            "Temperature": 0.49925688775578403,
            "Precipitation_accumulated": -197.90569030594364,
            "Humidity": 0.8198028474685404,
            "Wind_Speed_kmh": 0.508591178652867,
            "Soil_Moisture": 0.8699076517747415,
            "Soil_Temperature": 0.7739894736295683,
            "Wind_Dir_Sin": 0.48524479437695456,
            "Wind_Dir_Cos": 0.6718417090837978
        },
        "SMAPE": {
            "Temperature": 15.117512085692987,
            "Precipitation_accumulated": 2.538891134347352,
            "Humidity": 2.981989296263031,
            "Wind_Speed_kmh": 165.33793483192898,
            "Soil_Moisture": 2.8466136533996327,
            "Soil_Temperature": 25.512807511276165,
            "Wind_Dir_Sin": 156.85442798324436,
            "Wind_Dir_Cos": 44.173130323428374
        }
    }
}