{
    "trial_number": 30,
    "input_chunk_length": 53,
    "output_chunk_length": 47,
    "num_layers": 4,
    "num_blocks": 4,
    "num_stacks": 2,
    "layer_widths": 110,
    "activation": "GELU",
    "dropout": 0.13839820699032934,
    "batch_size": 27,
    "lr": 0.00017014993785391646,
    "forecast_horizon": 21,
    "overall_smape_val": 53.61338512301579,
    "metrics": {
        "MSE": {
            "Temperature": 1.6811245150487293,
            "Precipitation_accumulated": 479.92505793312625,
            "Humidity": 27.45973988643539,
            "Wind_Speed_kmh": 0.2278377653760267,
            "Soil_Moisture": 194235.89720319927,
            "Soil_Temperature": 1.775362550999011,
            "Wind_Dir_Sin": 0.1524006116974543,
            "Wind_Dir_Cos": 0.14891762088049443
        },
        "RMSE": {
            "Temperature": 1.2965818582136375,
            "Precipitation_accumulated": 21.90719192258849,
            "Humidity": 5.240204183658819,
            "Wind_Speed_kmh": 0.47732354370597174,
            "Soil_Moisture": 440.7220180603634,
            "Soil_Temperature": 1.3324273154656545,
            "Wind_Dir_Sin": 0.3903852093733244,
            "Wind_Dir_Cos": 0.38589845928753647
        },
        "MAE": {
            "Temperature": 0.9014161494787081,
            "Precipitation_accumulated": 11.375436428288898,
            "Humidity": 4.351075779837181,
            "Wind_Speed_kmh": 0.2323999645566214,
            "Soil_Moisture": 242.02926942416738,
            "Soil_Temperature": 0.7846704433945141,
            "Wind_Dir_Sin": 0.25253671584967957,
            "Wind_Dir_Cos": 0.2736262559297908
        },
        "R2": {
            "Temperature": 0.5015742591905363,
            "Precipitation_accumulated": -503.1304780228226,
            "Humidity": 0.5780449018813594,
            "Wind_Speed_kmh": 0.33936244485186995,
            "Soil_Moisture": 0.7408010672292182,
            "Soil_Temperature": 0.6817117463458178,
            "Wind_Dir_Sin": 0.06306884589029149,
            "Wind_Dir_Cos": 0.4868112893510492
        },
        "SMAPE": {
            "Temperature": 15.700750916737936,
            "Precipitation_accumulated": 2.5851210743235455,
            "Humidity": 5.195774455710394,
            "Wind_Speed_kmh": 168.77919888539796,
            "Soil_Moisture": 3.787511627039856,
            "Soil_Temperature": 20.228130308921223,
            "Wind_Dir_Sin": 160.85993317327697,
            "Wind_Dir_Cos": 51.77066054271854
        }
    }
}