{
    "trial_number": 287,
    "input_chunk_length": 13,
    "output_chunk_length": 12,
    "num_layers": 1,
    "num_blocks": 3,
    "num_stacks": 4,
    "layer_widths": 129,
    "activation": "GELU",
    "dropout": 0.23768017556757667,
    "batch_size": 22,
    "lr": 0.001006371254667391,
    "forecast_horizon": 1,
    "overall_smape_val": 50.32983065137009,
    "metrics": {
        "MSE": {
            "Temperature": 3.636445213682965,
            "Precipitation_accumulated": 1025.3266082726948,
            "Humidity": 5.177404339838463,
            "Wind_Speed_kmh": 0.08479984713497069,
            "Soil_Moisture": 25528.12475877904,
            "Soil_Temperature": 0.7735085964365417,
            "Wind_Dir_Sin": 0.06249646837939894,
            "Wind_Dir_Cos": 0.047087359196539384
        },
        "RMSE": {
            "Temperature": 1.9069465681248032,
            "Precipitation_accumulated": 32.02072154516033,
            "Humidity": 2.275391030095369,
            "Wind_Speed_kmh": 0.29120413310076954,
            "Soil_Moisture": 159.77523199413307,
            "Soil_Temperature": 0.8794933748679075,
            "Wind_Dir_Sin": 0.2499929366590163,
            "Wind_Dir_Cos": 0.2169962193139304
        },
        "MAE": {
            "Temperature": 1.7818332198994395,
            "Precipitation_accumulated": 30.444233301586227,
            "Humidity": 1.6523416010185046,
            "Wind_Speed_kmh": 0.15049159072845483,
            "Soil_Moisture": 80.63918564383745,
            "Soil_Temperature": 0.6731805781937902,
            "Wind_Dir_Sin": 0.1537604537793661,
            "Wind_Dir_Cos": 0.11024859568412668
        },
        "R2": {
            "Temperature": -0.06817671127990699,
            "Precipitation_accumulated": -1079.2650274590123,
            "Humidity": 0.9203827145155052,
            "Wind_Speed_kmh": 0.75081446494823,
            "Soil_Moisture": 0.9655011432987806,
            "Soil_Temperature": 0.8621739243888261,
            "Wind_Dir_Sin": 0.6109023611920488,
            "Wind_Dir_Cos": 0.8359856739862361
        },
        "SMAPE": {
            "Temperature": 26.108993125053765,
            "Precipitation_accumulated": 6.391436467635996,
            "Humidity": 1.9731303329739625,
            "Wind_Speed_kmh": 165.29874660700858,
            "Soil_Moisture": 1.316657977897979,
            "Soil_Temperature": 19.540572903761817,
            "Wind_Dir_Sin": 152.1664730121228,
            "Wind_Dir_Cos": 29.842634784505616
        }
    }
}