{
    "trial_number": 374,
    "input_chunk_length": 19,
    "output_chunk_length": 16,
    "num_layers": 1,
    "num_blocks": 3,
    "num_stacks": 2,
    "layer_widths": 165,
    "activation": "GELU",
    "dropout": 0.2330325838824544,
    "batch_size": 24,
    "lr": 0.0005027073609374494,
    "forecast_horizon": 2,
    "overall_smape_val": 50.83970497009232,
    "metrics": {
        "MSE": {
            "Temperature": 1.6308193658843162,
            "Precipitation_accumulated": 115.35470330075958,
            "Humidity": 14.154790434728547,
            "Wind_Speed_kmh": 0.16373429861585492,
            "Soil_Moisture": 56993.67864863347,
            "Soil_Temperature": 0.7338248144194504,
            "Wind_Dir_Sin": 0.08116092544470883,
            "Wind_Dir_Cos": 0.08004210614833766
        },
        "RMSE": {
            "Temperature": 1.2770353816102027,
            "Precipitation_accumulated": 10.740330688612879,
            "Humidity": 3.7622852675905034,
            "Wind_Speed_kmh": 0.40464095024583824,
            "Soil_Moisture": 238.73348874557476,
            "Soil_Temperature": 0.8566357536429648,
            "Wind_Dir_Sin": 0.28488756632171375,
            "Wind_Dir_Cos": 0.2829171365406091
        },
        "MAE": {
            "Temperature": 0.9713738371759072,
            "Precipitation_accumulated": 8.050319107916073,
            "Humidity": 3.1424435589743465,
            "Wind_Speed_kmh": 0.24045187658832007,
            "Soil_Moisture": 103.50859570846632,
            "Soil_Temperature": 0.6203573070794836,
            "Wind_Dir_Sin": 0.15593240254286636,
            "Wind_Dir_Cos": 0.15813499009207058
        },
        "R2": {
            "Temperature": 0.5209598482641227,
            "Precipitation_accumulated": -120.5355680066182,
            "Humidity": 0.7823299249889878,
            "Wind_Speed_kmh": 0.5188644769373356,
            "Soil_Moisture": 0.9229784102375799,
            "Soil_Temperature": 0.8692448993799536,
            "Wind_Dir_Sin": 0.49469905623636634,
            "Wind_Dir_Cos": 0.7211979538320218
        },
        "SMAPE": {
            "Temperature": 16.539439748216946,
            "Precipitation_accumulated": 1.7452584638053208,
            "Humidity": 3.755052487131826,
            "Wind_Speed_kmh": 168.08683370856363,
            "Soil_Moisture": 1.6395619589107742,
            "Soil_Temperature": 17.84028451511991,
            "Wind_Dir_Sin": 155.0346683201512,
            "Wind_Dir_Cos": 42.0765405588391
        }
    }
}