{
    "trial_number": 173,
    "input_chunk_length": 21,
    "output_chunk_length": 18,
    "num_layers": 2,
    "num_blocks": 4,
    "num_stacks": 2,
    "layer_widths": 84,
    "activation": "GELU",
    "dropout": 0.28731199616341546,
    "batch_size": 18,
    "lr": 0.0005469038406464714,
    "forecast_horizon": 8,
    "overall_smape_val": 51.394189431138884,
    "metrics": {
        "MSE": {
            "Temperature": 1.3742639096378162,
            "Precipitation_accumulated": 58.91324068301799,
            "Humidity": 15.955357741969191,
            "Wind_Speed_kmh": 0.19826999931034786,
            "Soil_Moisture": 116357.48530012218,
            "Soil_Temperature": 1.1190317154911824,
            "Wind_Dir_Sin": 0.09697435005537645,
            "Wind_Dir_Cos": 0.10678943621546061
        },
        "RMSE": {
            "Temperature": 1.1722900279529023,
            "Precipitation_accumulated": 7.675496119666662,
            "Humidity": 3.9944158198626734,
            "Wind_Speed_kmh": 0.4452751950315084,
            "Soil_Moisture": 341.1121300981866,
            "Soil_Temperature": 1.0578429540773915,
            "Wind_Dir_Sin": 0.31140704882095466,
            "Wind_Dir_Cos": 0.32678653003981145
        },
        "MAE": {
            "Temperature": 0.7966115744769419,
            "Precipitation_accumulated": 5.232434405672404,
            "Humidity": 2.9299999244918933,
            "Wind_Speed_kmh": 0.20277336119656422,
            "Soil_Moisture": 150.89311946483915,
            "Soil_Temperature": 0.7725044921338039,
            "Wind_Dir_Sin": 0.17960796429638554,
            "Wind_Dir_Cos": 0.18826761657243865
        },
        "R2": {
            "Temperature": 0.5953682761315362,
            "Precipitation_accumulated": -61.009641703907874,
            "Humidity": 0.754798603015046,
            "Wind_Speed_kmh": 0.41981766997137604,
            "Soil_Moisture": 0.8433755656451797,
            "Soil_Temperature": 0.8002241288565566,
            "Wind_Dir_Sin": 0.39863802300865614,
            "Wind_Dir_Cos": 0.6292829699368055
        },
        "SMAPE": {
            "Temperature": 14.017711443596957,
            "Precipitation_accumulated": 1.1508344258956364,
            "Humidity": 3.522410070346011,
            "Wind_Speed_kmh": 162.0336920554889,
            "Soil_Moisture": 2.319740352784697,
            "Soil_Temperature": 21.695156490646593,
            "Wind_Dir_Sin": 159.14744137433337,
            "Wind_Dir_Cos": 47.26652923601916
        }
    }
}