{
    "trial_number": 324,
    "input_chunk_length": 17,
    "output_chunk_length": 14,
    "num_layers": 1,
    "num_blocks": 3,
    "num_stacks": 2,
    "layer_widths": 130,
    "activation": "GELU",
    "dropout": 0.24714738959743965,
    "batch_size": 23,
    "lr": 0.0005599605357810289,
    "forecast_horizon": 2,
    "overall_smape_val": 49.312633817611534,
    "metrics": {
        "MSE": {
            "Temperature": 1.033767984566838,
            "Precipitation_accumulated": 105.24831375717308,
            "Humidity": 9.412850526498037,
            "Wind_Speed_kmh": 0.13424133772982655,
            "Soil_Moisture": 40798.69811131434,
            "Soil_Temperature": 1.0473218495547099,
            "Wind_Dir_Sin": 0.06681897375105539,
            "Wind_Dir_Cos": 0.06271497957088151
        },
        "RMSE": {
            "Temperature": 1.0167438146194143,
            "Precipitation_accumulated": 10.259060081565615,
            "Humidity": 3.068036917394906,
            "Wind_Speed_kmh": 0.36638959828279316,
            "Soil_Moisture": 201.98687608682485,
            "Soil_Temperature": 1.0233874386344157,
            "Wind_Dir_Sin": 0.25849366288374537,
            "Wind_Dir_Cos": 0.25042959004654686
        },
        "MAE": {
            "Temperature": 0.7544077047174526,
            "Precipitation_accumulated": 9.657704491532197,
            "Humidity": 2.3670738534137454,
            "Wind_Speed_kmh": 0.23715900019803632,
            "Soil_Moisture": 102.1259334020526,
            "Soil_Temperature": 0.7784679239909006,
            "Wind_Dir_Sin": 0.13843554691250037,
            "Wind_Dir_Cos": 0.13204213667806386
        },
        "R2": {
            "Temperature": 0.6963389186158838,
            "Precipitation_accumulated": -109.88766411947913,
            "Humidity": 0.8552507089654015,
            "Wind_Speed_kmh": 0.6055299543756216,
            "Soil_Moisture": 0.9448644013989116,
            "Soil_Temperature": 0.8133850598545944,
            "Wind_Dir_Sin": 0.58399081438854,
            "Wind_Dir_Cos": 0.7815516673519235
        },
        "SMAPE": {
            "Temperature": 13.026651697507784,
            "Precipitation_accumulated": 2.0792351138546628,
            "Humidity": 2.843736206076223,
            "Wind_Speed_kmh": 169.11754354199766,
            "Soil_Moisture": 1.6521773661318733,
            "Soil_Temperature": 18.70941905012144,
            "Wind_Dir_Sin": 151.18876370280344,
            "Wind_Dir_Cos": 35.88354386239924
        }
    }
}