{
    "trial_number": 373,
    "input_chunk_length": 16,
    "output_chunk_length": 14,
    "num_layers": 1,
    "num_blocks": 3,
    "num_stacks": 2,
    "layer_widths": 159,
    "activation": "GELU",
    "dropout": 0.23942223076349275,
    "batch_size": 26,
    "lr": 0.0010014662348454234,
    "forecast_horizon": 1,
    "overall_smape_val": 50.70397528158521,
    "metrics": {
        "MSE": {
            "Temperature": 1.2391737564545526,
            "Precipitation_accumulated": 58.90410327489242,
            "Humidity": 8.307202346039844,
            "Wind_Speed_kmh": 0.11954697350303357,
            "Soil_Moisture": 47046.43203264434,
            "Soil_Temperature": 1.3733766450999119,
            "Wind_Dir_Sin": 0.06706740375547023,
            "Wind_Dir_Cos": 0.06502240059099795
        },
        "RMSE": {
            "Temperature": 1.1131818164408511,
            "Precipitation_accumulated": 7.674900864173583,
            "Humidity": 2.8822217725289363,
            "Wind_Speed_kmh": 0.345755655778808,
            "Soil_Moisture": 216.90189494940873,
            "Soil_Temperature": 1.171911534673122,
            "Wind_Dir_Sin": 0.258973751093562,
            "Wind_Dir_Cos": 0.2549949030686652
        },
        "MAE": {
            "Temperature": 0.8817430739099502,
            "Precipitation_accumulated": 6.11678726766645,
            "Humidity": 2.2062723111872504,
            "Wind_Speed_kmh": 0.19757779253732882,
            "Soil_Moisture": 116.21404760015756,
            "Soil_Temperature": 0.947944543017561,
            "Wind_Dir_Sin": 0.15047313480223307,
            "Wind_Dir_Cos": 0.16849425389803038
        },
        "R2": {
            "Temperature": 0.6360026151656488,
            "Precipitation_accumulated": -61.060266678241376,
            "Humidity": 0.8722531876305503,
            "Wind_Speed_kmh": 0.648709548865586,
            "Soil_Moisture": 0.9364211773354132,
            "Soil_Temperature": 0.7552876410137094,
            "Wind_Dir_Sin": 0.5824441105405713,
            "Wind_Dir_Cos": 0.7735144762691795
        },
        "SMAPE": {
            "Temperature": 14.39223642306004,
            "Precipitation_accumulated": 1.333080194224256,
            "Humidity": 2.6378690969917074,
            "Wind_Speed_kmh": 164.87999038863475,
            "Soil_Moisture": 1.9069249114183104,
            "Soil_Temperature": 22.909072724146935,
            "Wind_Dir_Sin": 156.76757439699242,
            "Wind_Dir_Cos": 40.80505411721363
        }
    }
}