{
    "trial_number": 187,
    "input_chunk_length": 17,
    "output_chunk_length": 14,
    "num_layers": 1,
    "num_blocks": 4,
    "num_stacks": 2,
    "layer_widths": 77,
    "activation": "GELU",
    "dropout": 0.23135175860484036,
    "batch_size": 18,
    "lr": 0.0005719744972634311,
    "forecast_horizon": 7,
    "overall_smape_val": 51.810045295809246,
    "metrics": {
        "MSE": {
            "Temperature": 1.6851011679018844,
            "Precipitation_accumulated": 142.63378275351405,
            "Humidity": 13.80394680917933,
            "Wind_Speed_kmh": 0.1730601561594641,
            "Soil_Moisture": 82870.07660143355,
            "Soil_Temperature": 1.9267904798974125,
            "Wind_Dir_Sin": 0.08923509169208285,
            "Wind_Dir_Cos": 0.09807187949946522
        },
        "RMSE": {
            "Temperature": 1.2981144664096014,
            "Precipitation_accumulated": 11.942938614659043,
            "Humidity": 3.7153663088825213,
            "Wind_Speed_kmh": 0.416004995353979,
            "Soil_Moisture": 287.8716321582131,
            "Soil_Temperature": 1.3880887867486764,
            "Wind_Dir_Sin": 0.2987224325223716,
            "Wind_Dir_Cos": 0.31316430112556765
        },
        "MAE": {
            "Temperature": 1.0002975794941413,
            "Precipitation_accumulated": 9.398001204978758,
            "Humidity": 2.5367556524788317,
            "Wind_Speed_kmh": 0.21073139983744799,
            "Soil_Moisture": 112.30737697221932,
            "Soil_Temperature": 0.8411507389231228,
            "Wind_Dir_Sin": 0.16281634228560907,
            "Wind_Dir_Cos": 0.19671188036449216
        },
        "R2": {
            "Temperature": 0.5040100450196818,
            "Precipitation_accumulated": -149.15447216438486,
            "Humidity": 0.787824177564926,
            "Wind_Speed_kmh": 0.49323281446853373,
            "Soil_Moisture": 0.8883771801349599,
            "Soil_Temperature": 0.6561217822063664,
            "Wind_Dir_Sin": 0.4462642571071189,
            "Wind_Dir_Cos": 0.6593543309094256
        },
        "SMAPE": {
            "Temperature": 16.7492591531851,
            "Precipitation_accumulated": 2.0161081331957766,
            "Humidity": 3.0650571734788716,
            "Wind_Speed_kmh": 167.07753154064588,
            "Soil_Moisture": 1.7784008935457514,
            "Soil_Temperature": 21.05680109664879,
            "Wind_Dir_Sin": 154.86749979326035,
            "Wind_Dir_Cos": 47.86970458251321
        }
    }
}