{
    "trial_number": 64,
    "input_chunk_length": 29,
    "output_chunk_length": 25,
    "num_layers": 1,
    "num_blocks": 4,
    "num_stacks": 2,
    "layer_widths": 105,
    "activation": "GELU",
    "dropout": 0.23093097240468968,
    "batch_size": 18,
    "lr": 0.0005669721489829216,
    "forecast_horizon": 5,
    "overall_smape_val": 54.32156785047417,
    "metrics": {
        "MSE": {
            "Temperature": 3.087699766847311,
            "Precipitation_accumulated": 135.7697470489222,
            "Humidity": 16.67417848957498,
            "Wind_Speed_kmh": 0.2217397779951911,
            "Soil_Moisture": 102687.66642580077,
            "Soil_Temperature": 2.995757590553642,
            "Wind_Dir_Sin": 0.093239502986257,
            "Wind_Dir_Cos": 0.0937204719913043
        },
        "RMSE": {
            "Temperature": 1.7571851828556122,
            "Precipitation_accumulated": 11.65202759389636,
            "Humidity": 4.083402807656254,
            "Wind_Speed_kmh": 0.47089253338229,
            "Soil_Moisture": 320.4491635592154,
            "Soil_Temperature": 1.7308256961790354,
            "Wind_Dir_Sin": 0.3053514417622045,
            "Wind_Dir_Cos": 0.3061379950141836
        },
        "MAE": {
            "Temperature": 1.3149176345396265,
            "Precipitation_accumulated": 8.802622634646022,
            "Humidity": 2.9196933213364558,
            "Wind_Speed_kmh": 0.2552086322694462,
            "Soil_Moisture": 155.67672538389536,
            "Soil_Temperature": 1.5297128902904702,
            "Wind_Dir_Sin": 0.17868570045920573,
            "Wind_Dir_Cos": 0.17063979832849316
        },
        "R2": {
            "Temperature": 0.09184257839053689,
            "Precipitation_accumulated": -141.97460004792725,
            "Humidity": 0.7436319558628266,
            "Wind_Speed_kmh": 0.34977722668087285,
            "Soil_Moisture": 0.8614999382829839,
            "Soil_Temperature": 0.4656789733462867,
            "Wind_Dir_Sin": 0.4206488471999883,
            "Wind_Dir_Cos": 0.6741026827340177
        },
        "SMAPE": {
            "Temperature": 23.0019277341262,
            "Precipitation_accumulated": 1.92650771546072,
            "Humidity": 3.523832930948446,
            "Wind_Speed_kmh": 167.3313246264753,
            "Soil_Moisture": 2.4532908548547026,
            "Soil_Temperature": 31.640395349956428,
            "Wind_Dir_Sin": 160.28191016945703,
            "Wind_Dir_Cos": 44.41335342251451
        }
    }
}