{
    "trial_number": 35,
    "input_chunk_length": 13,
    "output_chunk_length": 12,
    "num_layers": 1,
    "num_blocks": 4,
    "num_stacks": 4,
    "layer_widths": 138,
    "activation": "GELU",
    "dropout": 0.1706240620544871,
    "batch_size": 28,
    "lr": 8.475310350272887e-05,
    "forecast_horizon": 8,
    "overall_smape_val": 51.35838379372035,
    "metrics": {
        "MSE": {
            "Temperature": 0.8331865269681055,
            "Precipitation_accumulated": 40.64956947765351,
            "Humidity": 12.903006121696764,
            "Wind_Speed_kmh": 0.16664615667232272,
            "Soil_Moisture": 90366.60400113807,
            "Soil_Temperature": 1.2678754308758229,
            "Wind_Dir_Sin": 0.0941987519714807,
            "Wind_Dir_Cos": 0.10300798015674449
        },
        "RMSE": {
            "Temperature": 0.9127905164757714,
            "Precipitation_accumulated": 6.375701489064047,
            "Humidity": 3.5920754615816137,
            "Wind_Speed_kmh": 0.4082231701806289,
            "Soil_Moisture": 300.61038571735685,
            "Soil_Temperature": 1.1259997472805323,
            "Wind_Dir_Sin": 0.30691815190939864,
            "Wind_Dir_Cos": 0.32094856310123043
        },
        "MAE": {
            "Temperature": 0.6279648632648269,
            "Precipitation_accumulated": 4.770842895607253,
            "Humidity": 2.6508808991853074,
            "Wind_Speed_kmh": 0.22213740440931035,
            "Soil_Moisture": 172.20482313413575,
            "Soil_Temperature": 0.8484564307718232,
            "Wind_Dir_Sin": 0.1905293555405066,
            "Wind_Dir_Cos": 0.20692078518559825
        },
        "R2": {
            "Temperature": 0.7546805250820176,
            "Precipitation_accumulated": -41.786056402665295,
            "Humidity": 0.801707039258464,
            "Wind_Speed_kmh": 0.5123561012519898,
            "Soil_Moisture": 0.8783609133547557,
            "Soil_Temperature": 0.7736517069193094,
            "Wind_Dir_Sin": 0.41585019457888883,
            "Wind_Dir_Cos": 0.642410206198015
        },
        "SMAPE": {
            "Temperature": 11.230078904096548,
            "Precipitation_accumulated": 1.041599507744817,
            "Humidity": 3.191327942453714,
            "Wind_Speed_kmh": 167.73410396892533,
            "Soil_Moisture": 2.768820491823282,
            "Soil_Temperature": 22.696410121394806,
            "Wind_Dir_Sin": 154.78830151783967,
            "Wind_Dir_Cos": 47.416427895484716
        }
    }
}