{
    "trial_number": 61,
    "input_chunk_length": 26,
    "output_chunk_length": 1,
    "num_layers": 1,
    "num_blocks": 3,
    "num_stacks": 2,
    "layer_widths": 214,
    "activation": "ReLU",
    "dropout": 0.159930782548818,
    "batch_size": 90,
    "lr": 0.0002776577897662931,
    "loss_function": "huber",
    "optimizer": "RMSprop",
    "overall_mae_val": 0.1188363115493753,
    "metrics": {
        "MSE": {
            "Temperature": 6.6231463752513005,
            "Precipitation_accumulated": 1380.1229069225478,
            "Humidity": 93.5152454955593,
            "Wind_Speed_kmh": 1.0191815590817896,
            "Soil_Moisture": 124933.66794742855,
            "Soil_Temperature": 9.142028687833765,
            "Wind_Dir_Sin": 0.4734273244792492,
            "Wind_Dir_Cos": 0.33519344356754316
        },
        "RMSE": {
            "Temperature": 2.573547430153814,
            "Precipitation_accumulated": 37.150005476749904,
            "Humidity": 9.67032809658283,
            "Wind_Speed_kmh": 1.009545223891327,
            "Soil_Moisture": 353.45957045669104,
            "Soil_Temperature": 3.0235787880976024,
            "Wind_Dir_Sin": 0.688060552916129,
            "Wind_Dir_Cos": 0.5789589308124914
        },
        "MAE": {
            "Temperature": 2.0481386030760276,
            "Precipitation_accumulated": 31.114393623469567,
            "Humidity": 7.805204503021053,
            "Wind_Speed_kmh": 0.7950415578228284,
            "Soil_Moisture": 282.56269766435014,
            "Soil_Temperature": 2.4880465297354357,
            "Wind_Dir_Sin": 0.5556854492699815,
            "Wind_Dir_Cos": 0.483035643088789
        },
        "R2": {
            "Temperature": 0.782835102887244,
            "Precipitation_accumulated": -399.28968871343847,
            "Humidity": 0.3619514038909103,
            "Wind_Speed_kmh": 0.24537295205627818,
            "Soil_Moisture": -1.1617786669699592,
            "Soil_Temperature": 0.43422890075626897,
            "Wind_Dir_Sin": 0.139140825495768,
            "Wind_Dir_Cos": 0.08834031837942535
        },
        "SMAPE": {
            "Temperature": 33.62531212517054,
            "Precipitation_accumulated": 7.019035486150548,
            "Humidity": 9.144438236252938,
            "Wind_Speed_kmh": 68.27185842664493,
            "Soil_Moisture": 3.3808420272500097,
            "Soil_Temperature": 41.16801046698329,
            "Wind_Dir_Sin": 111.46750371730454,
            "Wind_Dir_Cos": 123.7857074678915
        }
    }
}