{
    "trial_number": 20,
    "input_chunk_length": 36,
    "output_chunk_length": 21,
    "num_layers": 6,
    "num_blocks": 4,
    "num_stacks": 4,
    "layer_widths": 186,
    "activation": "ReLU",
    "dropout": 0.23889507418748226,
    "batch_size": 22,
    "lr": 0.001963799108607596,
    "forecast_horizon": 8,
    "overall_smape_val": 60.59144147872233,
    "metrics": {
        "MSE": {
            "Temperature": 10.015193546447177,
            "Precipitation_accumulated": 168.39755491568062,
            "Humidity": 22.083980087961393,
            "Wind_Speed_kmh": 0.21020083372239862,
            "Soil_Moisture": 176452.74632588823,
            "Soil_Temperature": 15.555626620257193,
            "Wind_Dir_Sin": 0.13989282806045322,
            "Wind_Dir_Cos": 0.16183102388178644
        },
        "RMSE": {
            "Temperature": 3.1646790589959,
            "Precipitation_accumulated": 12.976808348576341,
            "Humidity": 4.699359540188577,
            "Wind_Speed_kmh": 0.4584766446858538,
            "Soil_Moisture": 420.0627885517691,
            "Soil_Temperature": 3.9440621978180306,
            "Wind_Dir_Sin": 0.3740224967304149,
            "Wind_Dir_Cos": 0.402282268912994
        },
        "MAE": {
            "Temperature": 2.9499677139815974,
            "Precipitation_accumulated": 9.697157382890278,
            "Humidity": 3.6100257771675124,
            "Wind_Speed_kmh": 0.19088258119910703,
            "Soil_Moisture": 306.2023854822806,
            "Soil_Temperature": 3.825257003820027,
            "Wind_Dir_Sin": 0.257350634715884,
            "Wind_Dir_Cos": 0.263332488660365
        },
        "R2": {
            "Temperature": -1.9488259141166355,
            "Precipitation_accumulated": -176.24830484746255,
            "Humidity": 0.6606141425264135,
            "Wind_Speed_kmh": 0.3849053820183491,
            "Soil_Moisture": 0.7624835951691212,
            "Soil_Temperature": -1.7770784475755157,
            "Wind_Dir_Sin": 0.13248990479127054,
            "Wind_Dir_Cos": 0.4382073857521114
        },
        "SMAPE": {
            "Temperature": 39.87870047583355,
            "Precipitation_accumulated": 2.0853204851958536,
            "Humidity": 4.255617345302253,
            "Wind_Speed_kmh": 171.85156390848314,
            "Soil_Moisture": 4.980081616743808,
            "Soil_Temperature": 51.09594218279274,
            "Wind_Dir_Sin": 159.58498115117783,
            "Wind_Dir_Cos": 50.999324664249386
        }
    }
}