{
    "trial_number": 261,
    "input_chunk_length": 16,
    "output_chunk_length": 13,
    "num_layers": 1,
    "num_blocks": 4,
    "num_stacks": 2,
    "layer_widths": 131,
    "activation": "GELU",
    "dropout": 0.22549039850416325,
    "batch_size": 21,
    "lr": 0.000557764758571553,
    "forecast_horizon": 4,
    "overall_smape_val": 50.744082335702,
    "metrics": {
        "MSE": {
            "Temperature": 1.1830342127498912,
            "Precipitation_accumulated": 118.51206377122895,
            "Humidity": 9.995082532798476,
            "Wind_Speed_kmh": 0.16624098268027215,
            "Soil_Moisture": 65220.04086212483,
            "Soil_Temperature": 1.0791369862917677,
            "Wind_Dir_Sin": 0.09219778268766429,
            "Wind_Dir_Cos": 0.08998016511408985
        },
        "RMSE": {
            "Temperature": 1.0876737620950003,
            "Precipitation_accumulated": 10.88632462180092,
            "Humidity": 3.1615000447253636,
            "Wind_Speed_kmh": 0.4077266028606328,
            "Soil_Moisture": 255.38214671766863,
            "Soil_Temperature": 1.0388151838954645,
            "Wind_Dir_Sin": 0.30364087782718635,
            "Wind_Dir_Cos": 0.2999669400352143
        },
        "MAE": {
            "Temperature": 0.7683890574357409,
            "Precipitation_accumulated": 8.551615957172624,
            "Humidity": 2.096328608931437,
            "Wind_Speed_kmh": 0.1992860645643802,
            "Soil_Moisture": 98.81107616770568,
            "Soil_Temperature": 0.7466817910703043,
            "Wind_Dir_Sin": 0.1749169949926991,
            "Wind_Dir_Cos": 0.1811201886721756
        },
        "R2": {
            "Temperature": 0.6521800961923847,
            "Precipitation_accumulated": -123.82135341610993,
            "Humidity": 0.8463102336632217,
            "Wind_Speed_kmh": 0.5121796226399817,
            "Soil_Moisture": 0.9119762618755384,
            "Soil_Temperature": 0.8075898020370945,
            "Wind_Dir_Sin": 0.42674262703277943,
            "Wind_Dir_Cos": 0.6869332684213699
        },
        "SMAPE": {
            "Temperature": 13.255539948152835,
            "Precipitation_accumulated": 1.8751630786395013,
            "Humidity": 2.5088313079556186,
            "Wind_Speed_kmh": 163.10713262038675,
            "Soil_Moisture": 1.5212591984403983,
            "Soil_Temperature": 19.30265728642513,
            "Wind_Dir_Sin": 158.9740811987579,
            "Wind_Dir_Cos": 45.40799404685779
        }
    }
}