{
    "trial_number": 81,
    "input_chunk_length": 16,
    "output_chunk_length": 13,
    "num_layers": 1,
    "num_blocks": 4,
    "num_stacks": 2,
    "layer_widths": 123,
    "activation": "GELU",
    "dropout": 0.2904743644386244,
    "batch_size": 24,
    "lr": 0.000878680355067309,
    "forecast_horizon": 6,
    "overall_smape_val": 53.31101064037171,
    "metrics": {
        "MSE": {
            "Temperature": 1.4809853544413356,
            "Precipitation_accumulated": 73.02833581806422,
            "Humidity": 15.610085816043412,
            "Wind_Speed_kmh": 0.17930495468182026,
            "Soil_Moisture": 111855.91713139121,
            "Soil_Temperature": 2.1532712634858644,
            "Wind_Dir_Sin": 0.10024926680915619,
            "Wind_Dir_Cos": 0.09793882962239528
        },
        "RMSE": {
            "Temperature": 1.2169574168562085,
            "Precipitation_accumulated": 8.545661812759983,
            "Humidity": 3.9509601131931733,
            "Wind_Speed_kmh": 0.42344415769003146,
            "Soil_Moisture": 334.44867637859056,
            "Soil_Temperature": 1.4674028974640416,
            "Wind_Dir_Sin": 0.3166216461475055,
            "Wind_Dir_Cos": 0.31295180079749546
        },
        "MAE": {
            "Temperature": 0.8580110155593913,
            "Precipitation_accumulated": 6.03343644662355,
            "Humidity": 2.7168844866693247,
            "Wind_Speed_kmh": 0.23395810612036086,
            "Soil_Moisture": 168.16881853638077,
            "Soil_Temperature": 1.1733131868067457,
            "Wind_Dir_Sin": 0.18227699876316056,
            "Wind_Dir_Cos": 0.17483164220497868
        },
        "R2": {
            "Temperature": 0.5642405133760016,
            "Precipitation_accumulated": -75.89128757496935,
            "Humidity": 0.760023977838456,
            "Wind_Speed_kmh": 0.47457906103913294,
            "Soil_Moisture": 0.849234370523982,
            "Soil_Temperature": 0.6158171078533092,
            "Wind_Dir_Sin": 0.3775052386191904,
            "Wind_Dir_Cos": 0.6596252713307045
        },
        "SMAPE": {
            "Temperature": 15.393427562456658,
            "Precipitation_accumulated": 1.3124153883925473,
            "Humidity": 3.2035160750532152,
            "Wind_Speed_kmh": 165.61718903335066,
            "Soil_Moisture": 2.680340090634388,
            "Soil_Temperature": 31.429360054511164,
            "Wind_Dir_Sin": 161.89992532848956,
            "Wind_Dir_Cos": 44.95191159008592
        }
    }
}