{
    "trial_number": 12,
    "input_chunk_length": 41,
    "output_chunk_length": 27,
    "num_layers": 2,
    "num_blocks": 3,
    "num_stacks": 3,
    "layer_widths": 92,
    "activation": "GELU",
    "dropout": 0.12895367440170238,
    "batch_size": 37,
    "lr": 0.008849638912463495,
    "forecast_horizon": 16,
    "overall_smape_val": 53.21237805197774,
    "metrics": {
        "MSE": {
            "Temperature": 1.59407544817109,
            "Precipitation_accumulated": 88.47471409906836,
            "Humidity": 25.885834954129223,
            "Wind_Speed_kmh": 0.24955158138644623,
            "Soil_Moisture": 197687.0590550313,
            "Soil_Temperature": 1.7558285420940152,
            "Wind_Dir_Sin": 0.08592608707147123,
            "Wind_Dir_Cos": 0.11022854367305024
        },
        "RMSE": {
            "Temperature": 1.2625670073984547,
            "Precipitation_accumulated": 9.406099834632224,
            "Humidity": 5.087812393763082,
            "Wind_Speed_kmh": 0.49955138012665545,
            "Soil_Moisture": 444.6201289359618,
            "Soil_Temperature": 1.325076806111259,
            "Wind_Dir_Sin": 0.293131518386323,
            "Wind_Dir_Cos": 0.3320068428105816
        },
        "MAE": {
            "Temperature": 1.0251234991198093,
            "Precipitation_accumulated": 7.594930778495004,
            "Humidity": 4.0405574608830666,
            "Wind_Speed_kmh": 0.3725432602136559,
            "Soil_Moisture": 359.4154385121495,
            "Soil_Temperature": 1.1088908389384282,
            "Wind_Dir_Sin": 0.1956672033280817,
            "Wind_Dir_Cos": 0.18701802534341438
        },
        "R2": {
            "Temperature": 0.5294881174730921,
            "Precipitation_accumulated": -92.0078880957782,
            "Humidity": 0.6026091516219825,
            "Wind_Speed_kmh": 0.27384552485924396,
            "Soil_Moisture": 0.7353231576295509,
            "Soil_Temperature": 0.685850273114416,
            "Wind_Dir_Sin": 0.4699764894979134,
            "Wind_Dir_Cos": 0.6190644569141108
        },
        "SMAPE": {
            "Temperature": 16.516754112690194,
            "Precipitation_accumulated": 1.654703693104444,
            "Humidity": 4.7889415904249875,
            "Wind_Speed_kmh": 175.46367329931633,
            "Soil_Moisture": 5.7697792856748675,
            "Soil_Temperature": 23.564233370774325,
            "Wind_Dir_Sin": 152.67710572746213,
            "Wind_Dir_Cos": 45.26383333637412
        }
    }
}