{
    "trial_number": 126,
    "input_chunk_length": 17,
    "output_chunk_length": 14,
    "num_layers": 1,
    "num_blocks": 4,
    "num_stacks": 2,
    "layer_widths": 81,
    "activation": "GELU",
    "dropout": 0.2744970414350752,
    "batch_size": 20,
    "lr": 0.00034713796161655035,
    "forecast_horizon": 10,
    "overall_smape_val": 52.041612893909935,
    "metrics": {
        "MSE": {
            "Temperature": 1.7582741916561413,
            "Precipitation_accumulated": 104.49945283946997,
            "Humidity": 13.798232405875279,
            "Wind_Speed_kmh": 0.18110967636676795,
            "Soil_Moisture": 99108.38895328678,
            "Soil_Temperature": 1.953701034897216,
            "Wind_Dir_Sin": 0.1023097380369729,
            "Wind_Dir_Cos": 0.11268554540225548
        },
        "RMSE": {
            "Temperature": 1.3259993181205416,
            "Precipitation_accumulated": 10.222497387599077,
            "Humidity": 3.7145972064108483,
            "Wind_Speed_kmh": 0.42556982548903527,
            "Soil_Moisture": 314.8148486861552,
            "Soil_Temperature": 1.3977485592542087,
            "Wind_Dir_Sin": 0.31985893458987963,
            "Wind_Dir_Cos": 0.3356866774274122
        },
        "MAE": {
            "Temperature": 0.9329413534494018,
            "Precipitation_accumulated": 8.318359920596944,
            "Humidity": 2.547487371261157,
            "Wind_Speed_kmh": 0.2054192646328224,
            "Soil_Moisture": 129.36630883631392,
            "Soil_Temperature": 0.8884450151003083,
            "Wind_Dir_Sin": 0.18482852972460478,
            "Wind_Dir_Cos": 0.19666199250855884
        },
        "R2": {
            "Temperature": 0.48200047404855473,
            "Precipitation_accumulated": -108.95680006809586,
            "Humidity": 0.7880039040126205,
            "Wind_Speed_kmh": 0.47077455874224516,
            "Soil_Moisture": 0.8667718607632683,
            "Soil_Temperature": 0.6510037014329293,
            "Wind_Dir_Sin": 0.36639307104800767,
            "Wind_Dir_Cos": 0.6092545946379001
        },
        "SMAPE": {
            "Temperature": 15.92886966755833,
            "Precipitation_accumulated": 1.8349833042267005,
            "Humidity": 3.030363879236652,
            "Wind_Speed_kmh": 167.8796898431375,
            "Soil_Moisture": 2.047542236846577,
            "Soil_Temperature": 21.405874194577812,
            "Wind_Dir_Sin": 157.33752774124557,
            "Wind_Dir_Cos": 46.86805228445038
        }
    }
}