{
    "trial_number": 84,
    "input_chunk_length": 19,
    "output_chunk_length": 16,
    "num_layers": 2,
    "num_blocks": 4,
    "num_stacks": 2,
    "layer_widths": 84,
    "activation": "GELU",
    "dropout": 0.2466347696063502,
    "batch_size": 21,
    "lr": 0.0005827672542186132,
    "forecast_horizon": 7,
    "overall_smape_val": 52.77137899947275,
    "metrics": {
        "MSE": {
            "Temperature": 1.5412059031640384,
            "Precipitation_accumulated": 53.22049392033116,
            "Humidity": 17.251227804029437,
            "Wind_Speed_kmh": 0.18115435022095047,
            "Soil_Moisture": 102321.25011041803,
            "Soil_Temperature": 1.8647287300190563,
            "Wind_Dir_Sin": 0.09917198497761055,
            "Wind_Dir_Cos": 0.10216700612989824
        },
        "RMSE": {
            "Temperature": 1.2414531417512455,
            "Precipitation_accumulated": 7.295237756257925,
            "Humidity": 4.153459739064463,
            "Wind_Speed_kmh": 0.4256223093553138,
            "Soil_Moisture": 319.87692963141,
            "Soil_Temperature": 1.3655507057663792,
            "Wind_Dir_Sin": 0.3149158379275494,
            "Wind_Dir_Cos": 0.31963573975683357
        },
        "MAE": {
            "Temperature": 0.8209994295212196,
            "Precipitation_accumulated": 5.877435871209909,
            "Humidity": 3.1716509750451114,
            "Wind_Speed_kmh": 0.184172921627884,
            "Soil_Moisture": 140.94537127641297,
            "Soil_Temperature": 1.0751863422121763,
            "Wind_Dir_Sin": 0.17987216779459012,
            "Wind_Dir_Cos": 0.19831507135964385
        },
        "R2": {
            "Temperature": 0.5463639447372095,
            "Precipitation_accumulated": -55.02666506254668,
            "Humidity": 0.7348371811386042,
            "Wind_Speed_kmh": 0.4695308137613038,
            "Soil_Moisture": 0.8621771942558657,
            "Soil_Temperature": 0.6671980689972684,
            "Wind_Dir_Sin": 0.38460227098515976,
            "Wind_Dir_Cos": 0.6451302010349483
        },
        "SMAPE": {
            "Temperature": 15.006876030215853,
            "Precipitation_accumulated": 1.2817972479140114,
            "Humidity": 3.780159903889307,
            "Wind_Speed_kmh": 166.19764621331106,
            "Soil_Moisture": 2.19955120001778,
            "Soil_Temperature": 24.973473747882906,
            "Wind_Dir_Sin": 160.0994366941422,
            "Wind_Dir_Cos": 48.632090958408696
        }
    }
}