{
    "trial_number": 55,
    "input_chunk_length": 19,
    "output_chunk_length": 15,
    "num_layers": 1,
    "num_blocks": 4,
    "num_stacks": 2,
    "layer_widths": 119,
    "activation": "GELU",
    "dropout": 0.28390821854229603,
    "batch_size": 18,
    "lr": 0.00015310533104485448,
    "forecast_horizon": 6,
    "overall_smape_val": 51.19194427568108,
    "metrics": {
        "MSE": {
            "Temperature": 1.0698666843299354,
            "Precipitation_accumulated": 69.62424034716197,
            "Humidity": 9.795495265772413,
            "Wind_Speed_kmh": 0.15298599598329218,
            "Soil_Moisture": 71157.33124732914,
            "Soil_Temperature": 1.1494168169493166,
            "Wind_Dir_Sin": 0.09008832209591507,
            "Wind_Dir_Cos": 0.08928681920347978
        },
        "RMSE": {
            "Temperature": 1.0343436007101003,
            "Precipitation_accumulated": 8.344114113982501,
            "Humidity": 3.1297755935166363,
            "Wind_Speed_kmh": 0.39113424291832616,
            "Soil_Moisture": 266.75331534458786,
            "Soil_Temperature": 1.0721085844956735,
            "Wind_Dir_Sin": 0.30014716739612096,
            "Wind_Dir_Cos": 0.29880900120893245
        },
        "MAE": {
            "Temperature": 0.7049535689194784,
            "Precipitation_accumulated": 6.334222098928995,
            "Humidity": 1.992694387856835,
            "Wind_Speed_kmh": 0.19191900889925223,
            "Soil_Moisture": 100.03102681544475,
            "Soil_Temperature": 0.8627361060553069,
            "Wind_Dir_Sin": 0.16993362456493058,
            "Wind_Dir_Cos": 0.18278915097609524
        },
        "R2": {
            "Temperature": 0.6852065040875466,
            "Precipitation_accumulated": -72.30712697684368,
            "Humidity": 0.849412487754144,
            "Wind_Speed_kmh": 0.5517020385742037,
            "Soil_Moisture": 0.9040901893036611,
            "Soil_Temperature": 0.7949230621771446,
            "Wind_Dir_Sin": 0.44059931457601254,
            "Wind_Dir_Cos": 0.6896943022772298
        },
        "SMAPE": {
            "Temperature": 12.305540213279341,
            "Precipitation_accumulated": 1.3940797512452692,
            "Humidity": 2.3444685093146767,
            "Wind_Speed_kmh": 166.2911684599594,
            "Soil_Moisture": 1.57140113086823,
            "Soil_Temperature": 22.47487236509174,
            "Wind_Dir_Sin": 158.7705727322068,
            "Wind_Dir_Cos": 44.38345104348303
        }
    }
}