{
    "trial_number": 262,
    "input_chunk_length": 15,
    "output_chunk_length": 13,
    "num_layers": 1,
    "num_blocks": 4,
    "num_stacks": 2,
    "layer_widths": 126,
    "activation": "GELU",
    "dropout": 0.2292370372736164,
    "batch_size": 21,
    "lr": 0.0004935301678259329,
    "forecast_horizon": 3,
    "overall_smape_val": 49.465427418080345,
    "metrics": {
        "MSE": {
            "Temperature": 0.9586254408999966,
            "Precipitation_accumulated": 55.01821281168085,
            "Humidity": 8.187430000455485,
            "Wind_Speed_kmh": 0.13747212856675545,
            "Soil_Moisture": 59001.809249789076,
            "Soil_Temperature": 1.1619032473038728,
            "Wind_Dir_Sin": 0.07877881851748487,
            "Wind_Dir_Cos": 0.06935496228170825
        },
        "RMSE": {
            "Temperature": 0.979094194089617,
            "Precipitation_accumulated": 7.417426292972573,
            "Humidity": 2.8613685537615536,
            "Wind_Speed_kmh": 0.37077234061719794,
            "Soil_Moisture": 242.90288028302396,
            "Soil_Temperature": 1.0779161596821307,
            "Wind_Dir_Sin": 0.2806756464631103,
            "Wind_Dir_Cos": 0.26335330315321326
        },
        "MAE": {
            "Temperature": 0.6829570216564361,
            "Precipitation_accumulated": 6.022481061087823,
            "Humidity": 1.8911666191787133,
            "Wind_Speed_kmh": 0.17509584230875094,
            "Soil_Moisture": 88.86655704842539,
            "Soil_Temperature": 0.7734105136523678,
            "Wind_Dir_Sin": 0.1713759247385688,
            "Wind_Dir_Cos": 0.14665907413506116
        },
        "R2": {
            "Temperature": 0.718276898045148,
            "Precipitation_accumulated": -56.95668559494312,
            "Humidity": 0.8740973699202705,
            "Wind_Speed_kmh": 0.5963178360278985,
            "Soil_Moisture": 0.9203163615504808,
            "Soil_Temperature": 0.7929008298069413,
            "Wind_Dir_Sin": 0.5098537321780977,
            "Wind_Dir_Cos": 0.7585587985288527
        },
        "SMAPE": {
            "Temperature": 11.686892200694734,
            "Precipitation_accumulated": 1.321736472521663,
            "Humidity": 2.2591115598787987,
            "Wind_Speed_kmh": 168.18886984794054,
            "Soil_Moisture": 1.3655922002719734,
            "Soil_Temperature": 21.58559013430976,
            "Wind_Dir_Sin": 149.98284209553285,
            "Wind_Dir_Cos": 39.33278483349243
        }
    }
}