{
    "trial_number": 184,
    "input_chunk_length": 14,
    "output_chunk_length": 12,
    "num_layers": 1,
    "num_blocks": 4,
    "num_stacks": 2,
    "layer_widths": 112,
    "activation": "GELU",
    "dropout": 0.24790972237628583,
    "batch_size": 37,
    "lr": 0.0006050240313106503,
    "forecast_horizon": 7,
    "overall_smape_val": 49.45934134397426,
    "metrics": {
        "MSE": {
            "Temperature": 0.9714040302561936,
            "Precipitation_accumulated": 21.73785422525082,
            "Humidity": 9.43841784537178,
            "Wind_Speed_kmh": 0.1505525488612746,
            "Soil_Moisture": 70133.74520062003,
            "Soil_Temperature": 0.8120805119531588,
            "Wind_Dir_Sin": 0.0836546753805132,
            "Wind_Dir_Cos": 0.08591403428489815
        },
        "RMSE": {
            "Temperature": 0.9855983108022222,
            "Precipitation_accumulated": 4.66238718096758,
            "Humidity": 3.0722008146232533,
            "Wind_Speed_kmh": 0.3880110164174138,
            "Soil_Moisture": 264.8277651618501,
            "Soil_Temperature": 0.9011550987222781,
            "Wind_Dir_Sin": 0.2892311798207676,
            "Wind_Dir_Cos": 0.29311095899829154
        },
        "MAE": {
            "Temperature": 0.6567288349062048,
            "Precipitation_accumulated": 3.7313653377583647,
            "Humidity": 2.057591343034022,
            "Wind_Speed_kmh": 0.1915515252496628,
            "Soil_Moisture": 84.37033301504908,
            "Soil_Temperature": 0.6471403642109048,
            "Wind_Dir_Sin": 0.16230928710948955,
            "Wind_Dir_Cos": 0.14975867858406863
        },
        "R2": {
            "Temperature": 0.7140785073252514,
            "Precipitation_accumulated": -21.88403184832777,
            "Humidity": 0.8549252546021151,
            "Wind_Speed_kmh": 0.5591412075768871,
            "Soil_Moisture": 0.905532530823629,
            "Soil_Temperature": 0.8550663385204902,
            "Wind_Dir_Sin": 0.48089274141014704,
            "Wind_Dir_Cos": 0.7015837379418302
        },
        "SMAPE": {
            "Temperature": 11.940995134492962,
            "Precipitation_accumulated": 0.8128826726326746,
            "Humidity": 2.444337648181549,
            "Wind_Speed_kmh": 162.2321963218021,
            "Soil_Moisture": 1.3000687390882,
            "Soil_Temperature": 20.820924721868547,
            "Wind_Dir_Sin": 155.66869446458955,
            "Wind_Dir_Cos": 40.4546310491384
        }
    }
}