{
    "trial_number": 54,
    "input_chunk_length": 26,
    "output_chunk_length": 1,
    "num_layers": 1,
    "num_blocks": 3,
    "num_stacks": 1,
    "layer_widths": 248,
    "activation": "ReLU",
    "dropout": 0.16809837734798874,
    "batch_size": 78,
    "lr": 0.00026691540087709595,
    "loss_function": "huber",
    "optimizer": "RMSprop",
    "overall_mae_val": 0.1133761894305275,
    "metrics": {
        "MSE": {
            "Temperature": 18.03333018305434,
            "Precipitation_accumulated": 510.82524054573264,
            "Humidity": 43.045905905081646,
            "Wind_Speed_kmh": 1.2698277998041902,
            "Soil_Moisture": 70278.72548821144,
            "Soil_Temperature": 14.353979963689328,
            "Wind_Dir_Sin": 0.3794098551688206,
            "Wind_Dir_Cos": 0.32104620509568194
        },
        "RMSE": {
            "Temperature": 4.246566870196952,
            "Precipitation_accumulated": 22.601443328817137,
            "Humidity": 6.5609378830378855,
            "Wind_Speed_kmh": 1.1268663628861189,
            "Soil_Moisture": 265.10134946508936,
            "Soil_Temperature": 3.788664667622265,
            "Wind_Dir_Sin": 0.6159625436411054,
            "Wind_Dir_Cos": 0.566609393758771
        },
        "MAE": {
            "Temperature": 3.3329650035883533,
            "Precipitation_accumulated": 18.95342765350461,
            "Humidity": 4.971938531476774,
            "Wind_Speed_kmh": 0.9010879939351244,
            "Soil_Moisture": 212.1774957722171,
            "Soil_Temperature": 2.9880749839208742,
            "Wind_Dir_Sin": 0.533056311008559,
            "Wind_Dir_Cos": 0.4539464942211994
        },
        "R2": {
            "Temperature": 0.4087090829764787,
            "Precipitation_accumulated": -147.1593237090542,
            "Humidity": 0.7063005108371816,
            "Wind_Speed_kmh": 0.05978832188994909,
            "Soil_Moisture": -0.2160617069706423,
            "Soil_Temperature": 0.1116778015161407,
            "Wind_Dir_Sin": 0.3100980069566788,
            "Wind_Dir_Cos": 0.12681800094921702
        },
        "SMAPE": {
            "Temperature": 46.099691963591624,
            "Precipitation_accumulated": 4.190728804763228,
            "Humidity": 6.116968069791782,
            "Wind_Speed_kmh": 74.14095016038435,
            "Soil_Moisture": 2.4984426360052034,
            "Soil_Temperature": 49.763307769865534,
            "Wind_Dir_Sin": 109.53141449345893,
            "Wind_Dir_Cos": 109.09543598979538
        }
    }
}