{
    "trial_number": 35,
    "input_chunk_length": 32,
    "output_chunk_length": 20,
    "num_layers": 4,
    "num_blocks": 1,
    "num_stacks": 1,
    "layer_widths": 103,
    "activation": "GELU",
    "dropout": 0.05105203582453502,
    "batch_size": 55,
    "lr": 0.000770433373495763,
    "forecast_horizon": 14,
    "overall_smape_val": 114.49956015767381,
    "metrics": {
        "MSE": {
            "Temperature": 145.80625627270862,
            "Precipitation_accumulated": 59368.414687432,
            "Humidity": 846.313578933251,
            "Wind_Speed_kmh": 11.028880097784263,
            "Soil_Moisture": 3029191.7124722013,
            "Soil_Temperature": 325.56524794291664,
            "Wind_Dir_Sin": 0.17799072787501916,
            "Wind_Dir_Cos": 0.7744476175057573
        },
        "RMSE": {
            "Temperature": 12.07502613962838,
            "Precipitation_accumulated": 243.65634546925307,
            "Humidity": 29.091469177978123,
            "Wind_Speed_kmh": 3.3209757749469153,
            "Soil_Moisture": 1740.4573285410365,
            "Soil_Temperature": 18.043426723960074,
            "Wind_Dir_Sin": 0.4218894735295243,
            "Wind_Dir_Cos": 0.8800270549851051
        },
        "MAE": {
            "Temperature": 11.934418138306171,
            "Precipitation_accumulated": 243.65405082546798,
            "Humidity": 27.954232034678924,
            "Wind_Speed_kmh": 3.2769196723658798,
            "Soil_Moisture": 1694.374598612235,
            "Soil_Temperature": 17.888148417887923,
            "Wind_Dir_Sin": 0.22975175811495563,
            "Wind_Dir_Cos": 0.8337190589689829
        },
        "R2": {
            "Temperature": -41.98414206021649,
            "Precipitation_accumulated": -62428.61691580377,
            "Humidity": -11.993612610292136,
            "Wind_Speed_kmh": -31.13742501208334,
            "Soil_Moisture": -3.0611374244546843,
            "Soil_Temperature": -57.21739474115995,
            "Wind_Dir_Sin": -0.09937493693421429,
            "Wind_Dir_Cos": -1.6794108314628855
        },
        "SMAPE": {
            "Temperature": 97.26309868761209,
            "Precipitation_accumulated": 72.15524584837338,
            "Humidity": 39.56244364530622,
            "Wind_Speed_kmh": 187.04806927786186,
            "Soil_Moisture": 25.292832931075775,
            "Soil_Temperature": 115.9933542323099,
            "Wind_Dir_Sin": 190.95406456713266,
            "Wind_Dir_Cos": 187.72737207171858
        }
    }
}