{
    "trial_number": 277,
    "input_chunk_length": 13,
    "output_chunk_length": 12,
    "num_layers": 1,
    "num_blocks": 3,
    "num_stacks": 2,
    "layer_widths": 124,
    "activation": "GELU",
    "dropout": 0.2323364088933986,
    "batch_size": 21,
    "lr": 0.0005707852851670392,
    "forecast_horizon": 2,
    "overall_smape_val": 48.584986786910605,
    "metrics": {
        "MSE": {
            "Temperature": 1.3942876615542659,
            "Precipitation_accumulated": 64.68616375871487,
            "Humidity": 7.7195086341026915,
            "Wind_Speed_kmh": 0.13877592099221325,
            "Soil_Moisture": 40038.92227264284,
            "Soil_Temperature": 0.47870735883468823,
            "Wind_Dir_Sin": 0.0716388283796807,
            "Wind_Dir_Cos": 0.0675605765071789
        },
        "RMSE": {
            "Temperature": 1.1807995856851685,
            "Precipitation_accumulated": 8.04277090054882,
            "Humidity": 2.77840037325485,
            "Wind_Speed_kmh": 0.3725264030806585,
            "Soil_Moisture": 200.09728202212753,
            "Soil_Temperature": 0.6918868107101683,
            "Wind_Dir_Sin": 0.2676543076053152,
            "Wind_Dir_Cos": 0.25992417453399536
        },
        "MAE": {
            "Temperature": 0.9908228027881336,
            "Precipitation_accumulated": 6.855116957292561,
            "Humidity": 2.113238507015897,
            "Wind_Speed_kmh": 0.19756180516009514,
            "Soil_Moisture": 108.18818500729697,
            "Soil_Temperature": 0.516535622430747,
            "Wind_Dir_Sin": 0.14400962541246679,
            "Wind_Dir_Cos": 0.14155818870836806
        },
        "R2": {
            "Temperature": 0.5904391455443407,
            "Precipitation_accumulated": -67.15213796776995,
            "Humidity": 0.8812906463587984,
            "Wind_Speed_kmh": 0.5922050181327985,
            "Soil_Moisture": 0.9458911668989651,
            "Soil_Temperature": 0.9147024907824823,
            "Wind_Dir_Sin": 0.5539828138722438,
            "Wind_Dir_Cos": 0.764673521514015
        },
        "SMAPE": {
            "Temperature": 15.991829540837966,
            "Precipitation_accumulated": 1.5069618837736338,
            "Humidity": 2.521730356087051,
            "Wind_Speed_kmh": 161.872123623075,
            "Soil_Moisture": 1.774170371313346,
            "Soil_Temperature": 16.15389372317404,
            "Wind_Dir_Sin": 152.16655060249713,
            "Wind_Dir_Cos": 36.69263419452652
        }
    }
}