{
    "trial_number": 185,
    "input_chunk_length": 13,
    "output_chunk_length": 12,
    "num_layers": 1,
    "num_blocks": 4,
    "num_stacks": 2,
    "layer_widths": 111,
    "activation": "GELU",
    "dropout": 0.2373441050767588,
    "batch_size": 37,
    "lr": 0.0006281007428040238,
    "forecast_horizon": 7,
    "overall_smape_val": 52.70451672342906,
    "metrics": {
        "MSE": {
            "Temperature": 1.6203450259531225,
            "Precipitation_accumulated": 81.69334844433311,
            "Humidity": 14.563590613768705,
            "Wind_Speed_kmh": 0.20524751709743488,
            "Soil_Moisture": 78825.25708019687,
            "Soil_Temperature": 1.6404702229669674,
            "Wind_Dir_Sin": 0.08871371229104615,
            "Wind_Dir_Cos": 0.09652559203751904
        },
        "RMSE": {
            "Temperature": 1.2729277379148913,
            "Precipitation_accumulated": 9.038437278884725,
            "Humidity": 3.8162272749102226,
            "Wind_Speed_kmh": 0.453042511357858,
            "Soil_Moisture": 280.7583606594768,
            "Soil_Temperature": 1.2808084255527707,
            "Wind_Dir_Sin": 0.2978484720307394,
            "Wind_Dir_Cos": 0.3106856804513511
        },
        "MAE": {
            "Temperature": 0.9276905408969469,
            "Precipitation_accumulated": 7.290043265586406,
            "Humidity": 2.979829816895896,
            "Wind_Speed_kmh": 0.2179046815167191,
            "Soil_Moisture": 108.41867769750114,
            "Soil_Temperature": 1.1347020582845873,
            "Wind_Dir_Sin": 0.18269668435605102,
            "Wind_Dir_Cos": 0.20207209473033325
        },
        "R2": {
            "Temperature": 0.5230702632081577,
            "Precipitation_accumulated": -85.00081536222034,
            "Humidity": 0.7761479482064298,
            "Wind_Speed_kmh": 0.3989794711559871,
            "Soil_Moisture": 0.8938253971430975,
            "Soil_Temperature": 0.7072219410968645,
            "Wind_Dir_Sin": 0.44949960325276217,
            "Wind_Dir_Cos": 0.6647252499717435
        },
        "SMAPE": {
            "Temperature": 16.0271564040508,
            "Precipitation_accumulated": 1.5804518201391995,
            "Humidity": 3.5751572535017284,
            "Wind_Speed_kmh": 170.7883263681961,
            "Soil_Moisture": 1.715169599370546,
            "Soil_Temperature": 25.41994570925401,
            "Wind_Dir_Sin": 155.08666597516498,
            "Wind_Dir_Cos": 47.44326065775539
        }
    }
}