{
    "trial_number": 37,
    "input_chunk_length": 31,
    "num_layers": 2,
    "num_blocks": 3,
    "num_stacks": 3,
    "layer_widths": 182,
    "activation": "GELU",
    "dropout": 0.16087151069788222,
    "batch_size": 29,
    "lr": 0.00014966240971147222,
    "overall_smape_val": 45.294455371019595,
    "metrics": {
        "MSE": {
            "Temperature": 0.5423203315527712,
            "Precipitation_accumulated": 59.49450590184674,
            "Humidity": 4.379961638389352,
            "Wind_Speed_kmh": 0.0824332600388104,
            "Soil_Moisture": 29040.061813921522,
            "Soil_Temperature": 0.40003043192992677,
            "Wind_Dir_Sin": 0.054975691410797785,
            "Wind_Dir_Cos": 0.04379336232630168
        },
        "RMSE": {
            "Temperature": 0.7364240161433976,
            "Precipitation_accumulated": 7.713268172561275,
            "Humidity": 2.092835788682273,
            "Wind_Speed_kmh": 0.28711192946098635,
            "Soil_Moisture": 170.41144859991516,
            "Soil_Temperature": 0.6324795901291415,
            "Wind_Dir_Sin": 0.2344689561771404,
            "Wind_Dir_Cos": 0.20926863674784543
        },
        "MAE": {
            "Temperature": 0.5027645480018804,
            "Precipitation_accumulated": 5.190670624357013,
            "Humidity": 1.5361175509765046,
            "Wind_Speed_kmh": 0.14203881116677408,
            "Soil_Moisture": 73.47782924926977,
            "Soil_Temperature": 0.5090005642684204,
            "Wind_Dir_Sin": 0.13577401569648312,
            "Wind_Dir_Cos": 0.10868928178310507
        },
        "R2": {
            "Temperature": 0.8406977379891383,
            "Precipitation_accumulated": -61.68230389533177,
            "Humidity": 0.9326456592367169,
            "Wind_Speed_kmh": 0.7577687141801265,
            "Soil_Moisture": 0.9607550910777924,
            "Soil_Temperature": 0.9287213809750234,
            "Wind_Dir_Sin": 0.6577260719770978,
            "Wind_Dir_Cos": 0.8474592984532288
        },
        "SMAPE": {
            "Temperature": 9.053283184226325,
            "Precipitation_accumulated": 1.1363781650036096,
            "Humidity": 1.8385790483828652,
            "Wind_Speed_kmh": 157.95310443227922,
            "Soil_Moisture": 1.182544057607178,
            "Soil_Temperature": 15.812933911217181,
            "Wind_Dir_Sin": 146.5270438500898,
            "Wind_Dir_Cos": 28.851776319350762
        }
    }
}