{
    "trial_number": 378,
    "input_chunk_length": 13,
    "output_chunk_length": 12,
    "num_layers": 1,
    "num_blocks": 3,
    "num_stacks": 4,
    "layer_widths": 196,
    "activation": "GELU",
    "dropout": 0.21484283335746754,
    "batch_size": 23,
    "lr": 0.0005923010870790947,
    "forecast_horizon": 2,
    "overall_smape_val": 49.37050332726791,
    "metrics": {
        "MSE": {
            "Temperature": 1.1783120945343364,
            "Precipitation_accumulated": 75.31691421244967,
            "Humidity": 14.447201777901615,
            "Wind_Speed_kmh": 0.1112705651137909,
            "Soil_Moisture": 44745.771922152075,
            "Soil_Temperature": 0.9848084349753707,
            "Wind_Dir_Sin": 0.07044886444096335,
            "Wind_Dir_Cos": 0.07100660901482705
        },
        "RMSE": {
            "Temperature": 1.0855008496239589,
            "Precipitation_accumulated": 8.678531800509212,
            "Humidity": 3.8009474842335846,
            "Wind_Speed_kmh": 0.33357242858754216,
            "Soil_Moisture": 211.5319643036297,
            "Soil_Temperature": 0.9923751483060077,
            "Wind_Dir_Sin": 0.26542204965104793,
            "Wind_Dir_Cos": 0.266470653196233
        },
        "MAE": {
            "Temperature": 0.914360407294028,
            "Precipitation_accumulated": 6.787692486219965,
            "Humidity": 3.223611054499101,
            "Wind_Speed_kmh": 0.1811427513214283,
            "Soil_Moisture": 111.54611937001711,
            "Soil_Temperature": 0.7257326038491612,
            "Wind_Dir_Sin": 0.14469773958954824,
            "Wind_Dir_Cos": 0.1891035353096716
        },
        "R2": {
            "Temperature": 0.6538802418182785,
            "Precipitation_accumulated": -78.35249874857536,
            "Humidity": 0.7778332707081592,
            "Wind_Speed_kmh": 0.6730298904989602,
            "Soil_Moisture": 0.9395303028281813,
            "Soil_Temperature": 0.8245238870689491,
            "Wind_Dir_Sin": 0.5613914270439628,
            "Wind_Dir_Cos": 0.7526703276885908
        },
        "SMAPE": {
            "Temperature": 14.284436594210833,
            "Precipitation_accumulated": 1.493182890073701,
            "Humidity": 3.8842089449761317,
            "Wind_Speed_kmh": 162.78701760411968,
            "Soil_Moisture": 1.795252985625217,
            "Soil_Temperature": 20.08937274522493,
            "Wind_Dir_Sin": 151.04828499073943,
            "Wind_Dir_Cos": 39.58226986317348
        }
    }
}