{
    "trial_number": 230,
    "input_chunk_length": 18,
    "output_chunk_length": 16,
    "num_layers": 1,
    "num_blocks": 4,
    "num_stacks": 2,
    "layer_widths": 108,
    "activation": "GELU",
    "dropout": 0.2775266560930328,
    "batch_size": 18,
    "lr": 0.00043662002239650536,
    "forecast_horizon": 6,
    "overall_smape_val": 51.316448145972366,
    "metrics": {
        "MSE": {
            "Temperature": 0.9308181284173267,
            "Precipitation_accumulated": 82.37453328723855,
            "Humidity": 18.136668665121128,
            "Wind_Speed_kmh": 0.1830170246817647,
            "Soil_Moisture": 96988.87530935348,
            "Soil_Temperature": 1.865740349662118,
            "Wind_Dir_Sin": 0.09776084884656067,
            "Wind_Dir_Cos": 0.09827364103725765
        },
        "RMSE": {
            "Temperature": 0.9647891626761397,
            "Precipitation_accumulated": 9.076041719121752,
            "Humidity": 4.258716786206982,
            "Wind_Speed_kmh": 0.42780489090444573,
            "Soil_Moisture": 311.43036992135734,
            "Soil_Temperature": 1.3659210627492784,
            "Wind_Dir_Sin": 0.31266731336447795,
            "Wind_Dir_Cos": 0.3134862692962128
        },
        "MAE": {
            "Temperature": 0.6927937971710881,
            "Precipitation_accumulated": 7.0387229387768,
            "Humidity": 3.318838132974635,
            "Wind_Speed_kmh": 0.21047729904554735,
            "Soil_Moisture": 144.2423418928911,
            "Soil_Temperature": 0.9255308661903909,
            "Wind_Dir_Sin": 0.1938103868340232,
            "Wind_Dir_Cos": 0.19488452555563568
        },
        "R2": {
            "Temperature": 0.7261196212622558,
            "Precipitation_accumulated": -85.73186725249464,
            "Humidity": 0.7211824680012646,
            "Wind_Speed_kmh": 0.4637015071627201,
            "Soil_Moisture": 0.8692729967873821,
            "Soil_Temperature": 0.6671178705243164,
            "Wind_Dir_Sin": 0.3929569939800599,
            "Wind_Dir_Cos": 0.6584616741657339
        },
        "SMAPE": {
            "Temperature": 11.804067630386589,
            "Precipitation_accumulated": 1.5491195594381593,
            "Humidity": 3.9624763217166845,
            "Wind_Speed_kmh": 169.68845016675695,
            "Soil_Moisture": 2.2720834520449005,
            "Soil_Temperature": 21.154155104085245,
            "Wind_Dir_Sin": 154.2568181097404,
            "Wind_Dir_Cos": 45.844414823609895
        }
    }
}