{
    "trial_number": 396,
    "input_chunk_length": 13,
    "output_chunk_length": 12,
    "num_layers": 1,
    "num_blocks": 3,
    "num_stacks": 2,
    "layer_widths": 127,
    "activation": "GELU",
    "dropout": 0.22388022350530687,
    "batch_size": 20,
    "lr": 0.000825931587261594,
    "forecast_horizon": 1,
    "overall_smape_val": 48.13401777719664,
    "metrics": {
        "MSE": {
            "Temperature": 1.5262574738800554,
            "Precipitation_accumulated": 49.024327237167576,
            "Humidity": 4.780759969173183,
            "Wind_Speed_kmh": 0.10026011948319626,
            "Soil_Moisture": 29631.739454314455,
            "Soil_Temperature": 1.2602898428281035,
            "Wind_Dir_Sin": 0.05683488584798754,
            "Wind_Dir_Cos": 0.04941673967907354
        },
        "RMSE": {
            "Temperature": 1.2354179349030252,
            "Precipitation_accumulated": 7.0017374441753795,
            "Humidity": 2.1864949049044644,
            "Wind_Speed_kmh": 0.3166387839213577,
            "Soil_Moisture": 172.13872154258164,
            "Soil_Temperature": 1.1226263148653266,
            "Wind_Dir_Sin": 0.23840068340503462,
            "Wind_Dir_Cos": 0.22229876220769548
        },
        "MAE": {
            "Temperature": 1.0128867536638557,
            "Precipitation_accumulated": 6.098060447296048,
            "Humidity": 1.5440260118385376,
            "Wind_Speed_kmh": 0.1584490310682387,
            "Soil_Moisture": 85.8023190007949,
            "Soil_Temperature": 0.9552659972471285,
            "Wind_Dir_Sin": 0.12353159631793656,
            "Wind_Dir_Cos": 0.10998363611567213
        },
        "R2": {
            "Temperature": 0.5516740681583355,
            "Precipitation_accumulated": -50.651118562343456,
            "Humidity": 0.9264822474131156,
            "Wind_Speed_kmh": 0.7053842387473863,
            "Soil_Moisture": 0.9599554944633873,
            "Soil_Temperature": 0.7754377857339417,
            "Wind_Dir_Sin": 0.6461508872609982,
            "Wind_Dir_Cos": 0.8278719938735376
        },
        "SMAPE": {
            "Temperature": 17.242786298702917,
            "Precipitation_accumulated": 1.337926018518861,
            "Humidity": 1.8226719678996575,
            "Wind_Speed_kmh": 161.6327349399323,
            "Soil_Moisture": 1.3973344503475034,
            "Soil_Temperature": 25.658130067819894,
            "Wind_Dir_Sin": 146.77263217253184,
            "Wind_Dir_Cos": 29.207926301820144
        }
    }
}