{
    "trial_number": 16,
    "input_chunk_length": 47,
    "num_layers": 2,
    "num_blocks": 2,
    "num_stacks": 3,
    "layer_widths": 177,
    "activation": "GELU",
    "dropout": 0.06336987508478771,
    "batch_size": 26,
    "lr": 0.00011973437251889524,
    "overall_smape_val": 46.605916601640004,
    "metrics": {
        "MSE": {
            "Temperature": 0.5217265197014778,
            "Precipitation_accumulated": 56.21882180246764,
            "Humidity": 4.197993870217692,
            "Wind_Speed_kmh": 0.09639635929667623,
            "Soil_Moisture": 32383.68352501212,
            "Soil_Temperature": 0.4239546907861207,
            "Wind_Dir_Sin": 0.04948582981757142,
            "Wind_Dir_Cos": 0.0490449630717465
        },
        "RMSE": {
            "Temperature": 0.722306389077016,
            "Precipitation_accumulated": 7.497921165394288,
            "Humidity": 2.0489006491818222,
            "Wind_Speed_kmh": 0.3104776309119165,
            "Soil_Moisture": 179.95467075075356,
            "Soil_Temperature": 0.6511180313784288,
            "Wind_Dir_Sin": 0.22245410721668282,
            "Wind_Dir_Cos": 0.22146097415063112
        },
        "MAE": {
            "Temperature": 0.46884506401423837,
            "Precipitation_accumulated": 6.805575571897249,
            "Humidity": 1.2961317091247808,
            "Wind_Speed_kmh": 0.19529474104562267,
            "Soil_Moisture": 72.70454153911157,
            "Soil_Temperature": 0.46204135363801524,
            "Wind_Dir_Sin": 0.12672454024587898,
            "Wind_Dir_Cos": 0.13151914011660765
        },
        "R2": {
            "Temperature": 0.8467470055907124,
            "Precipitation_accumulated": -58.23110410688183,
            "Humidity": 0.9354439301069328,
            "Wind_Speed_kmh": 0.7167379520136061,
            "Soil_Moisture": 0.9562365011945174,
            "Soil_Temperature": 0.9244584849642412,
            "Wind_Dir_Sin": 0.6919054782491323,
            "Wind_Dir_Cos": 0.8291669632818647
        },
        "SMAPE": {
            "Temperature": 8.297955072772918,
            "Precipitation_accumulated": 1.4710205723890828,
            "Humidity": 1.5302225718501308,
            "Wind_Speed_kmh": 165.59004470955352,
            "Soil_Moisture": 1.1292534276038446,
            "Soil_Temperature": 14.151246543637845,
            "Wind_Dir_Sin": 148.08396189122826,
            "Wind_Dir_Cos": 32.593628024084275
        }
    }
}