{
    "trial_number": 37,
    "input_chunk_length": 42,
    "output_chunk_length": 38,
    "num_layers": 1,
    "num_blocks": 4,
    "num_stacks": 2,
    "layer_widths": 182,
    "activation": "ReLU",
    "dropout": 0.21263137135618393,
    "batch_size": 33,
    "lr": 0.0018964343142612564,
    "forecast_horizon": 20,
    "overall_smape_val": 52.7553178701543,
    "metrics": {
        "MSE": {
            "Temperature": 2.051180012547966,
            "Precipitation_accumulated": 269.14917176169536,
            "Humidity": 14.31444976420223,
            "Wind_Speed_kmh": 0.18365162331381862,
            "Soil_Moisture": 100991.37073256403,
            "Soil_Temperature": 1.8724793682637002,
            "Wind_Dir_Sin": 0.10145118429860525,
            "Wind_Dir_Cos": 0.11344139180142027
        },
        "RMSE": {
            "Temperature": 1.4321941253014432,
            "Precipitation_accumulated": 16.40576641799143,
            "Humidity": 3.783444166920166,
            "Wind_Speed_kmh": 0.4285459407272674,
            "Soil_Moisture": 317.79139499452157,
            "Soil_Temperature": 1.3683856796472624,
            "Wind_Dir_Sin": 0.31851402527770306,
            "Wind_Dir_Cos": 0.33681061711504917
        },
        "MAE": {
            "Temperature": 1.1695702534108814,
            "Precipitation_accumulated": 14.221470441274267,
            "Humidity": 2.8620820287489375,
            "Wind_Speed_kmh": 0.2089752722302083,
            "Soil_Moisture": 203.13519052257226,
            "Soil_Temperature": 1.0544963940925842,
            "Wind_Dir_Sin": 0.18233193562422784,
            "Wind_Dir_Cos": 0.24474696694466186
        },
        "R2": {
            "Temperature": 0.3924004423411457,
            "Precipitation_accumulated": -281.7666378865472,
            "Humidity": 0.7800615172374362,
            "Wind_Speed_kmh": 0.46710827886223605,
            "Soil_Moisture": 0.865142627061775,
            "Soil_Temperature": 0.6644428336974872,
            "Wind_Dir_Sin": 0.3758797287477492,
            "Wind_Dir_Cos": 0.6088457572627974
        },
        "SMAPE": {
            "Temperature": 19.239863330552865,
            "Precipitation_accumulated": 3.157293524487995,
            "Humidity": 3.3623817029273355,
            "Wind_Speed_kmh": 162.5396781545264,
            "Soil_Moisture": 3.259275878050017,
            "Soil_Temperature": 22.92134682564741,
            "Wind_Dir_Sin": 155.4475053324459,
            "Wind_Dir_Cos": 52.115198212596546
        }
    }
}