{
    "trial_number": 266,
    "input_chunk_length": 15,
    "output_chunk_length": 13,
    "num_layers": 1,
    "num_blocks": 4,
    "num_stacks": 2,
    "layer_widths": 125,
    "activation": "GELU",
    "dropout": 0.22195677072231773,
    "batch_size": 22,
    "lr": 0.0006153671751126803,
    "forecast_horizon": 3,
    "overall_smape_val": 49.61346967407435,
    "metrics": {
        "MSE": {
            "Temperature": 1.2091026169298502,
            "Precipitation_accumulated": 135.62288477401478,
            "Humidity": 9.949077243920039,
            "Wind_Speed_kmh": 0.15244083698396013,
            "Soil_Moisture": 57061.96393202554,
            "Soil_Temperature": 1.0928546318465648,
            "Wind_Dir_Sin": 0.0871895116883265,
            "Wind_Dir_Cos": 0.0738839855230759
        },
        "RMSE": {
            "Temperature": 1.099592022947534,
            "Precipitation_accumulated": 11.64572388364136,
            "Humidity": 3.154215789054395,
            "Wind_Speed_kmh": 0.39043672596716633,
            "Soil_Moisture": 238.8764616533524,
            "Soil_Temperature": 1.0453968776720948,
            "Wind_Dir_Sin": 0.2952787017180997,
            "Wind_Dir_Cos": 0.27181608768260185
        },
        "MAE": {
            "Temperature": 0.8182352141426281,
            "Precipitation_accumulated": 9.764574604623256,
            "Humidity": 2.2854943178644067,
            "Wind_Speed_kmh": 0.20029435568891743,
            "Soil_Moisture": 98.29945935153519,
            "Soil_Temperature": 0.8608428221532834,
            "Wind_Dir_Sin": 0.1832499451839683,
            "Wind_Dir_Cos": 0.16939360547218957
        },
        "R2": {
            "Temperature": 0.6446660757267122,
            "Precipitation_accumulated": -141.86637988826078,
            "Humidity": 0.8470075479355265,
            "Wind_Speed_kmh": 0.5523627400479134,
            "Soil_Moisture": 0.9229361783817623,
            "Soil_Temperature": 0.805208146270141,
            "Wind_Dir_Sin": 0.4575240584782032,
            "Wind_Dir_Cos": 0.7427921860628985
        },
        "SMAPE": {
            "Temperature": 14.325202362552623,
            "Precipitation_accumulated": 2.1117846418006705,
            "Humidity": 2.693409510169494,
            "Wind_Speed_kmh": 164.93731273503099,
            "Soil_Moisture": 1.542363441993026,
            "Soil_Temperature": 21.451757958917458,
            "Wind_Dir_Sin": 150.68697791770757,
            "Wind_Dir_Cos": 39.15894882442303
        }
    }
}