{
    "trial_number": 351,
    "input_chunk_length": 19,
    "output_chunk_length": 16,
    "num_layers": 1,
    "num_blocks": 3,
    "num_stacks": 2,
    "layer_widths": 192,
    "activation": "GELU",
    "dropout": 0.2441246156729203,
    "batch_size": 29,
    "lr": 0.0006545661791220065,
    "forecast_horizon": 1,
    "overall_smape_val": 48.755845379862464,
    "metrics": {
        "MSE": {
            "Temperature": 1.374129041807532,
            "Precipitation_accumulated": 81.59987736259457,
            "Humidity": 19.12499028782973,
            "Wind_Speed_kmh": 0.12737288941303965,
            "Soil_Moisture": 51708.92183996831,
            "Soil_Temperature": 1.0037640276265063,
            "Wind_Dir_Sin": 0.0606977193733467,
            "Wind_Dir_Cos": 0.054726650880305566
        },
        "RMSE": {
            "Temperature": 1.172232503306205,
            "Precipitation_accumulated": 9.033265044411936,
            "Humidity": 4.3732128107181945,
            "Wind_Speed_kmh": 0.35689338661992553,
            "Soil_Moisture": 227.39595827535788,
            "Soil_Temperature": 1.00188024615046,
            "Wind_Dir_Sin": 0.24636907146260606,
            "Wind_Dir_Cos": 0.23393727980017542
        },
        "MAE": {
            "Temperature": 0.8184560479687222,
            "Precipitation_accumulated": 7.06829490623757,
            "Humidity": 3.816430750803851,
            "Wind_Speed_kmh": 0.2167142563927144,
            "Soil_Moisture": 143.6498814592623,
            "Soil_Temperature": 0.7393251620141691,
            "Wind_Dir_Sin": 0.12263398211685592,
            "Wind_Dir_Cos": 0.12535995136169364
        },
        "R2": {
            "Temperature": 0.5963605789441856,
            "Precipitation_accumulated": -84.97211176276342,
            "Humidity": 0.7058989965458565,
            "Wind_Speed_kmh": 0.6257129856736598,
            "Soil_Moisture": 0.9301202614141038,
            "Soil_Temperature": 0.8211463228660096,
            "Wind_Dir_Sin": 0.6221012178508643,
            "Wind_Dir_Cos": 0.8093765521727634
        },
        "SMAPE": {
            "Temperature": 13.902775732155982,
            "Precipitation_accumulated": 1.5389350255710128,
            "Humidity": 4.535693179733809,
            "Wind_Speed_kmh": 165.83561586744057,
            "Soil_Moisture": 2.3423377862637422,
            "Soil_Temperature": 19.850308643251893,
            "Wind_Dir_Sin": 149.36628670606305,
            "Wind_Dir_Cos": 32.67481009841958
        }
    }
}