{
    "trial_number": 288,
    "input_chunk_length": 16,
    "output_chunk_length": 14,
    "num_layers": 1,
    "num_blocks": 3,
    "num_stacks": 2,
    "layer_widths": 120,
    "activation": "GELU",
    "dropout": 0.23332142643757323,
    "batch_size": 22,
    "lr": 0.0007163823830511151,
    "forecast_horizon": 2,
    "overall_smape_val": 48.988365365602974,
    "metrics": {
        "MSE": {
            "Temperature": 1.0504263854294051,
            "Precipitation_accumulated": 97.58723380267902,
            "Humidity": 8.300737545184147,
            "Wind_Speed_kmh": 0.17788270562295028,
            "Soil_Moisture": 62483.48380186496,
            "Soil_Temperature": 0.7470341982220502,
            "Wind_Dir_Sin": 0.07620461091721058,
            "Wind_Dir_Cos": 0.06924689471428738
        },
        "RMSE": {
            "Temperature": 1.024903110264285,
            "Precipitation_accumulated": 9.878625096777336,
            "Humidity": 2.881100058169474,
            "Wind_Speed_kmh": 0.42176143211885825,
            "Soil_Moisture": 249.9669654211631,
            "Soil_Temperature": 0.8643114011871244,
            "Wind_Dir_Sin": 0.27605182650584037,
            "Wind_Dir_Cos": 0.26314804714131435
        },
        "MAE": {
            "Temperature": 0.7331345692727467,
            "Precipitation_accumulated": 7.683183435026246,
            "Humidity": 2.048300730726053,
            "Wind_Speed_kmh": 0.24647847503636638,
            "Soil_Moisture": 123.96060260191305,
            "Soil_Temperature": 0.5510637934599523,
            "Wind_Dir_Sin": 0.14827896438900975,
            "Wind_Dir_Cos": 0.15483922517852214
        },
        "R2": {
            "Temperature": 0.6914456465320353,
            "Precipitation_accumulated": -101.81609289462885,
            "Humidity": 0.8723526022911685,
            "Wind_Speed_kmh": 0.47728918536184706,
            "Soil_Moisture": 0.915559455532189,
            "Soil_Temperature": 0.8668912118590374,
            "Wind_Dir_Sin": 0.5255566443504944,
            "Wind_Dir_Cos": 0.7587997509542941
        },
        "SMAPE": {
            "Temperature": 13.034975296035665,
            "Precipitation_accumulated": 1.6876261287829035,
            "Humidity": 2.43331935890293,
            "Wind_Speed_kmh": 166.4027034281967,
            "Soil_Moisture": 1.9819846312169112,
            "Soil_Temperature": 16.459585095009235,
            "Wind_Dir_Sin": 154.26581828763418,
            "Wind_Dir_Cos": 35.640910699045584
        }
    }
}