{
    "trial_number": 289,
    "input_chunk_length": 16,
    "output_chunk_length": 14,
    "num_layers": 1,
    "num_blocks": 3,
    "num_stacks": 2,
    "layer_widths": 119,
    "activation": "GELU",
    "dropout": 0.2047961275046509,
    "batch_size": 23,
    "lr": 0.0007620037012460071,
    "forecast_horizon": 2,
    "overall_smape_val": 48.48686037203983,
    "metrics": {
        "MSE": {
            "Temperature": 1.136635163631204,
            "Precipitation_accumulated": 123.26456862506875,
            "Humidity": 12.99029934658479,
            "Wind_Speed_kmh": 0.1392158003839312,
            "Soil_Moisture": 53092.90289325195,
            "Soil_Temperature": 1.4581455513160162,
            "Wind_Dir_Sin": 0.07735789602403373,
            "Wind_Dir_Cos": 0.06537209299144171
        },
        "RMSE": {
            "Temperature": 1.066130931748631,
            "Precipitation_accumulated": 11.102457774072764,
            "Humidity": 3.6042057858264407,
            "Wind_Speed_kmh": 0.37311633625979335,
            "Soil_Moisture": 230.41897251149254,
            "Soil_Temperature": 1.2075369772044318,
            "Wind_Dir_Sin": 0.2781328747631853,
            "Wind_Dir_Cos": 0.2556796687095822
        },
        "MAE": {
            "Temperature": 0.7538345853399162,
            "Precipitation_accumulated": 8.93967359776468,
            "Humidity": 2.8444048814922094,
            "Wind_Speed_kmh": 0.1695883017471674,
            "Soil_Moisture": 140.13179224555566,
            "Soil_Temperature": 0.9159909345138343,
            "Wind_Dir_Sin": 0.15341018581937463,
            "Wind_Dir_Cos": 0.13650895308071775
        },
        "R2": {
            "Temperature": 0.6661225070999985,
            "Precipitation_accumulated": -128.8692548658296,
            "Humidity": 0.8002372803592241,
            "Wind_Speed_kmh": 0.5909124263972376,
            "Soil_Moisture": 0.9282499413461162,
            "Soil_Temperature": 0.7401832637237333,
            "Wind_Dir_Sin": 0.5183763904325756,
            "Wind_Dir_Cos": 0.7722964303997664
        },
        "SMAPE": {
            "Temperature": 13.173716202739508,
            "Precipitation_accumulated": 1.9718710533744306,
            "Humidity": 3.415070459892862,
            "Wind_Speed_kmh": 161.0063027541783,
            "Soil_Moisture": 2.289207032525437,
            "Soil_Temperature": 21.815760198419415,
            "Wind_Dir_Sin": 149.93866649743057,
            "Wind_Dir_Cos": 34.28428877775829
        }
    }
}