{
    "trial_number": 214,
    "input_chunk_length": 15,
    "output_chunk_length": 13,
    "num_layers": 1,
    "num_blocks": 4,
    "num_stacks": 2,
    "layer_widths": 134,
    "activation": "GELU",
    "dropout": 0.271210695577932,
    "batch_size": 19,
    "lr": 0.0003115632445293017,
    "forecast_horizon": 9,
    "overall_smape_val": 50.24522560363096,
    "metrics": {
        "MSE": {
            "Temperature": 0.9358360823668979,
            "Precipitation_accumulated": 23.515776884975004,
            "Humidity": 10.538663905641773,
            "Wind_Speed_kmh": 0.17412514421296832,
            "Soil_Moisture": 90247.12386558308,
            "Soil_Temperature": 1.012194305633102,
            "Wind_Dir_Sin": 0.0981592531477553,
            "Wind_Dir_Cos": 0.10255063484803859
        },
        "RMSE": {
            "Temperature": 0.9673862115860955,
            "Precipitation_accumulated": 4.84930684582601,
            "Humidity": 3.2463308373672843,
            "Wind_Speed_kmh": 0.41728305047409764,
            "Soil_Moisture": 300.4115907643763,
            "Soil_Temperature": 1.006078677655531,
            "Wind_Dir_Sin": 0.31330377135897247,
            "Wind_Dir_Cos": 0.32023528045491584
        },
        "MAE": {
            "Temperature": 0.6619673284753436,
            "Precipitation_accumulated": 3.533336894134173,
            "Humidity": 1.9553803927210507,
            "Wind_Speed_kmh": 0.22049591461538584,
            "Soil_Moisture": 121.94439393770705,
            "Soil_Temperature": 0.5647236475875508,
            "Wind_Dir_Sin": 0.18932642401771446,
            "Wind_Dir_Cos": 0.17471503924025103
        },
        "R2": {
            "Temperature": 0.7243660404038339,
            "Precipitation_accumulated": -23.747787284379047,
            "Humidity": 0.8380666813695309,
            "Wind_Speed_kmh": 0.4908275813725881,
            "Soil_Moisture": 0.8786028036592499,
            "Soil_Temperature": 0.8192426689390669,
            "Wind_Dir_Sin": 0.39169364503666704,
            "Wind_Dir_Cos": 0.6441980188671999
        },
        "SMAPE": {
            "Temperature": 11.834986007039117,
            "Precipitation_accumulated": 0.7732056549988623,
            "Humidity": 2.316638307303746,
            "Wind_Speed_kmh": 169.3832855207147,
            "Soil_Moisture": 1.9360911109603915,
            "Soil_Temperature": 16.263337763758532,
            "Wind_Dir_Sin": 155.45193469080678,
            "Wind_Dir_Cos": 44.00232577346549
        }
    }
}