{
    "trial_number": 237,
    "input_chunk_length": 16,
    "output_chunk_length": 14,
    "num_layers": 1,
    "num_blocks": 4,
    "num_stacks": 2,
    "layer_widths": 134,
    "activation": "GELU",
    "dropout": 0.29207390132463157,
    "batch_size": 19,
    "lr": 0.00037077857742059554,
    "forecast_horizon": 5,
    "overall_smape_val": 50.369316325363286,
    "metrics": {
        "MSE": {
            "Temperature": 1.0831766920419474,
            "Precipitation_accumulated": 83.99335959124423,
            "Humidity": 11.81554270981335,
            "Wind_Speed_kmh": 0.1492883867494687,
            "Soil_Moisture": 61283.368242098295,
            "Soil_Temperature": 1.3895486604608571,
            "Wind_Dir_Sin": 0.08417074792614744,
            "Wind_Dir_Cos": 0.08262591017013646
        },
        "RMSE": {
            "Temperature": 1.0407577489704063,
            "Precipitation_accumulated": 9.164789118754683,
            "Humidity": 3.4373743918597737,
            "Wind_Speed_kmh": 0.38637855368727275,
            "Soil_Moisture": 247.5547782655352,
            "Soil_Temperature": 1.1787911861143419,
            "Wind_Dir_Sin": 0.2901219535404852,
            "Wind_Dir_Cos": 0.28744723023563207
        },
        "MAE": {
            "Temperature": 0.7126029753053899,
            "Precipitation_accumulated": 8.1287496911966,
            "Humidity": 2.530080554374998,
            "Wind_Speed_kmh": 0.20000221763890025,
            "Soil_Moisture": 98.29948675548417,
            "Soil_Temperature": 0.6828102994836636,
            "Wind_Dir_Sin": 0.17824331458428888,
            "Wind_Dir_Cos": 0.14723637795434225
        },
        "R2": {
            "Temperature": 0.6814149606272497,
            "Precipitation_accumulated": -87.4506103551381,
            "Humidity": 0.8183342239722362,
            "Wind_Speed_kmh": 0.5622314149756062,
            "Soil_Moisture": 0.9173440143379804,
            "Soil_Temperature": 0.7521611664495447,
            "Wind_Dir_Sin": 0.47699828633534935,
            "Wind_Dir_Cos": 0.7126821718993697
        },
        "SMAPE": {
            "Temperature": 12.862845295474933,
            "Precipitation_accumulated": 1.7507734315782089,
            "Humidity": 3.0232904368123013,
            "Wind_Speed_kmh": 170.0049845868793,
            "Soil_Moisture": 1.5666240635548083,
            "Soil_Temperature": 18.61843284708906,
            "Wind_Dir_Sin": 153.70545717126083,
            "Wind_Dir_Cos": 41.42212277025709
        }
    }
}