{
    "trial_number": 258,
    "input_chunk_length": 15,
    "output_chunk_length": 13,
    "num_layers": 1,
    "num_blocks": 4,
    "num_stacks": 2,
    "layer_widths": 130,
    "activation": "GELU",
    "dropout": 0.23179935732588033,
    "batch_size": 21,
    "lr": 0.0005693900497297856,
    "forecast_horizon": 4,
    "overall_smape_val": 49.41004431542603,
    "metrics": {
        "MSE": {
            "Temperature": 1.1673670192123822,
            "Precipitation_accumulated": 77.95539964895883,
            "Humidity": 8.39403508211173,
            "Wind_Speed_kmh": 0.1397091690925187,
            "Soil_Moisture": 55737.57460248897,
            "Soil_Temperature": 0.9499553623287097,
            "Wind_Dir_Sin": 0.08018575280189903,
            "Wind_Dir_Cos": 0.08163839530224258
        },
        "RMSE": {
            "Temperature": 1.08044760132659,
            "Precipitation_accumulated": 8.82923550761666,
            "Humidity": 2.8972461203894517,
            "Wind_Speed_kmh": 0.373776897483671,
            "Soil_Moisture": 236.08806535377633,
            "Soil_Temperature": 0.9746565355696897,
            "Wind_Dir_Sin": 0.28317088975016314,
            "Wind_Dir_Cos": 0.28572433445935713
        },
        "MAE": {
            "Temperature": 0.7765544471199362,
            "Precipitation_accumulated": 7.440108791969,
            "Humidity": 2.0301881616785824,
            "Wind_Speed_kmh": 0.18643578850160564,
            "Soil_Moisture": 92.6975052590226,
            "Soil_Temperature": 0.6400613158312495,
            "Wind_Dir_Sin": 0.16273891472443566,
            "Wind_Dir_Cos": 0.1413538421368755
        },
        "R2": {
            "Temperature": 0.6567863549889794,
            "Precipitation_accumulated": -81.10555263859176,
            "Humidity": 0.8709288006217925,
            "Wind_Speed_kmh": 0.590035029337836,
            "Soil_Moisture": 0.9247742012171704,
            "Soil_Temperature": 0.8306228943651721,
            "Wind_Dir_Sin": 0.5014297235722374,
            "Wind_Dir_Cos": 0.7159566716043384
        },
        "SMAPE": {
            "Temperature": 13.825564370434666,
            "Precipitation_accumulated": 1.635908301075939,
            "Humidity": 2.406702553263783,
            "Wind_Speed_kmh": 167.02686029250066,
            "Soil_Moisture": 1.4724854256241768,
            "Soil_Temperature": 18.627024881130076,
            "Wind_Dir_Sin": 150.75663048604022,
            "Wind_Dir_Cos": 39.52917821333872
        }
    }
}