{
    "trial_number": 25,
    "input_chunk_length": 48,
    "output_chunk_length": 42,
    "num_layers": 1,
    "num_blocks": 3,
    "num_stacks": 4,
    "layer_widths": 56,
    "activation": "GELU",
    "dropout": 0.15065768725031875,
    "batch_size": 51,
    "lr": 0.005236032431598453,
    "forecast_horizon": 10,
    "overall_smape_val": 54.586178890688025,
    "metrics": {
        "MSE": {
            "Temperature": 3.3561032578312067,
            "Precipitation_accumulated": 150.1489315086404,
            "Humidity": 17.031774230686274,
            "Wind_Speed_kmh": 0.24382450107890363,
            "Soil_Moisture": 200345.68956126226,
            "Soil_Temperature": 3.6852468824605795,
            "Wind_Dir_Sin": 0.10220297332633552,
            "Wind_Dir_Cos": 0.1119517430521099
        },
        "RMSE": {
            "Temperature": 1.8319670460549247,
            "Precipitation_accumulated": 12.253527308846232,
            "Humidity": 4.126957018274636,
            "Wind_Speed_kmh": 0.4937858858644135,
            "Soil_Moisture": 447.599921315076,
            "Soil_Temperature": 1.9196996854874409,
            "Wind_Dir_Sin": 0.3196919975950845,
            "Wind_Dir_Cos": 0.3345919052399653
        },
        "MAE": {
            "Temperature": 1.5904758618774386,
            "Precipitation_accumulated": 10.024435191833033,
            "Humidity": 2.911636201451767,
            "Wind_Speed_kmh": 0.315170759958086,
            "Soil_Moisture": 267.2803952203795,
            "Soil_Temperature": 1.4454198811995105,
            "Wind_Dir_Sin": 0.23284816150948023,
            "Wind_Dir_Cos": 0.2274628087318179
        },
        "R2": {
            "Temperature": 0.01126917243596215,
            "Precipitation_accumulated": -156.99026304660154,
            "Humidity": 0.738323754924832,
            "Wind_Speed_kmh": 0.2875138879293361,
            "Soil_Moisture": 0.7306818957885836,
            "Soil_Temperature": 0.34169174386896795,
            "Wind_Dir_Sin": 0.36705426774076966,
            "Wind_Dir_Cos": 0.6117991081843337
        },
        "SMAPE": {
            "Temperature": 24.60513035266278,
            "Precipitation_accumulated": 2.1910960322984456,
            "Humidity": 3.4646811781212854,
            "Wind_Speed_kmh": 169.2289872412756,
            "Soil_Moisture": 4.2038785502078895,
            "Soil_Temperature": 27.906886882793298,
            "Wind_Dir_Sin": 156.21481075250847,
            "Wind_Dir_Cos": 48.87396013563664
        }
    }
}