{
    "trial_number": 38,
    "input_chunk_length": 33,
    "output_chunk_length": 27,
    "num_layers": 2,
    "num_blocks": 3,
    "num_stacks": 4,
    "layer_widths": 139,
    "activation": "GELU",
    "dropout": 0.10457829878440197,
    "batch_size": 50,
    "lr": 0.00025906375830510824,
    "forecast_horizon": 16,
    "overall_smape_val": 53.40135176121268,
    "metrics": {
        "MSE": {
            "Temperature": 1.7229587549234602,
            "Precipitation_accumulated": 67.76051144050749,
            "Humidity": 22.754880778343363,
            "Wind_Speed_kmh": 0.22033818654776585,
            "Soil_Moisture": 147093.14324542545,
            "Soil_Temperature": 1.925239925033868,
            "Wind_Dir_Sin": 0.09675668119411922,
            "Wind_Dir_Cos": 0.11251504630614449
        },
        "RMSE": {
            "Temperature": 1.312615234912143,
            "Precipitation_accumulated": 8.231677316349778,
            "Humidity": 4.770207624238526,
            "Wind_Speed_kmh": 0.46940194561565873,
            "Soil_Moisture": 383.52723924830354,
            "Soil_Temperature": 1.3875301528377206,
            "Wind_Dir_Sin": 0.3110573599742003,
            "Wind_Dir_Cos": 0.33543262558395315
        },
        "MAE": {
            "Temperature": 0.9954025679068358,
            "Precipitation_accumulated": 6.203311635530016,
            "Humidity": 3.7617605194633548,
            "Wind_Speed_kmh": 0.2489599722427106,
            "Soil_Moisture": 170.74411700671558,
            "Soil_Temperature": 0.9979364531973398,
            "Wind_Dir_Sin": 0.20453082305513193,
            "Wind_Dir_Cos": 0.21279941348133477
        },
        "R2": {
            "Temperature": 0.49144655089860834,
            "Precipitation_accumulated": -70.23235298974288,
            "Humidity": 0.6506745332622903,
            "Wind_Speed_kmh": 0.3588517479346701,
            "Soil_Moisture": 0.8030617235410153,
            "Soil_Temperature": 0.6555394891136088,
            "Wind_Dir_Sin": 0.4031694264352793,
            "Wind_Dir_Cos": 0.611162600523006
        },
        "SMAPE": {
            "Temperature": 17.44251728923763,
            "Precipitation_accumulated": 1.3437237835584415,
            "Humidity": 4.485497577373486,
            "Wind_Speed_kmh": 171.14126167810974,
            "Soil_Moisture": 2.6841462408951244,
            "Soil_Temperature": 23.832478741476915,
            "Wind_Dir_Sin": 157.21534275740794,
            "Wind_Dir_Cos": 49.06584602164205
        }
    }
}