{
    "trial_number": 18,
    "input_chunk_length": 39,
    "output_chunk_length": 12,
    "num_layers": 2,
    "num_blocks": 3,
    "num_stacks": 4,
    "layer_widths": 165,
    "activation": "ReLU",
    "dropout": 0.15390701330470777,
    "batch_size": 179,
    "lr": 4.124054900836958e-05,
    "loss_function": "huber",
    "optimizer": "AdamW",
    "overall_mae_val": 0.16236607705343087,
    "metrics": {
        "MSE": {
            "Temperature": 25.43558628968309,
            "Precipitation_accumulated": 5045.866871466023,
            "Humidity": 127.57822506896198,
            "Wind_Speed_kmh": 1.4828148504513956,
            "Soil_Moisture": 227051.42480858028,
            "Soil_Temperature": 50.15311939037839,
            "Wind_Dir_Sin": 0.6027890466870419,
            "Wind_Dir_Cos": 0.4003048992289695
        },
        "RMSE": {
            "Temperature": 5.043370528692403,
            "Precipitation_accumulated": 71.03426547424857,
            "Humidity": 11.295053123777771,
            "Wind_Speed_kmh": 1.2177088529083606,
            "Soil_Moisture": 476.49913411104984,
            "Soil_Temperature": 7.081886711207572,
            "Wind_Dir_Sin": 0.7763949038260375,
            "Wind_Dir_Cos": 0.6326965301224352
        },
        "MAE": {
            "Temperature": 3.8792681334996146,
            "Precipitation_accumulated": 62.091446909263645,
            "Humidity": 9.325081665665932,
            "Wind_Speed_kmh": 0.9990311116482364,
            "Soil_Moisture": 404.77387437087094,
            "Soil_Temperature": 6.297046345950268,
            "Wind_Dir_Sin": 0.6820865515255911,
            "Wind_Dir_Cos": 0.5254009729920047
        },
        "R2": {
            "Temperature": 0.16525901653026198,
            "Precipitation_accumulated": -1519.045895429052,
            "Humidity": 0.12979271362082212,
            "Wind_Speed_kmh": -0.10207624039104024,
            "Soil_Moisture": -3.312919391584643,
            "Soil_Temperature": -2.118532387932904,
            "Wind_Dir_Sin": -0.09446989438468023,
            "Wind_Dir_Cos": -0.09116572469256079
        },
        "SMAPE": {
            "Temperature": 53.6694337536825,
            "Precipitation_accumulated": 14.643565698801368,
            "Humidity": 10.884653658894864,
            "Wind_Speed_kmh": 75.31178420653922,
            "Soil_Moisture": 4.872498125765029,
            "Soil_Temperature": 135.06283344659582,
            "Wind_Dir_Sin": 142.5769417312928,
            "Wind_Dir_Cos": 114.76143982945487
        }
    }
}