{
    "trial_number": 342,
    "input_chunk_length": 13,
    "output_chunk_length": 12,
    "num_layers": 1,
    "num_blocks": 3,
    "num_stacks": 2,
    "layer_widths": 250,
    "activation": "GELU",
    "dropout": 0.25260754436735217,
    "batch_size": 23,
    "lr": 0.0005673775729937555,
    "forecast_horizon": 1,
    "overall_smape_val": 48.070598123307725,
    "metrics": {
        "MSE": {
            "Temperature": 0.9627848672420128,
            "Precipitation_accumulated": 108.35484721217426,
            "Humidity": 5.237719865765904,
            "Wind_Speed_kmh": 0.10689462348302109,
            "Soil_Moisture": 35170.148541500705,
            "Soil_Temperature": 0.9328380349081928,
            "Wind_Dir_Sin": 0.06229384855541088,
            "Wind_Dir_Cos": 0.051257904185894404
        },
        "RMSE": {
            "Temperature": 0.9812160145666258,
            "Precipitation_accumulated": 10.409363439335484,
            "Humidity": 2.2886065336282475,
            "Wind_Speed_kmh": 0.32694743229305395,
            "Soil_Moisture": 187.53705911499387,
            "Soil_Temperature": 0.9658354077730805,
            "Wind_Dir_Sin": 0.24958735656160727,
            "Wind_Dir_Cos": 0.22640208520659522
        },
        "MAE": {
            "Temperature": 0.7126462643794065,
            "Precipitation_accumulated": 8.680199442706762,
            "Humidity": 1.559619211745538,
            "Wind_Speed_kmh": 0.16919422360500014,
            "Soil_Moisture": 100.49224736185147,
            "Soil_Temperature": 0.6888736346524279,
            "Wind_Dir_Sin": 0.13884319095353484,
            "Wind_Dir_Cos": 0.13141408250693026
        },
        "R2": {
            "Temperature": 0.7171896418813211,
            "Precipitation_accumulated": -113.1606499378445,
            "Humidity": 0.9194551921255769,
            "Wind_Speed_kmh": 0.6858886560918172,
            "Soil_Moisture": 0.9524708561181496,
            "Soil_Temperature": 0.8337841284188194,
            "Wind_Dir_Sin": 0.6121638547953485,
            "Wind_Dir_Cos": 0.8214588638781548
        },
        "SMAPE": {
            "Temperature": 12.465229713744568,
            "Precipitation_accumulated": 1.913961958247691,
            "Humidity": 1.822706005858076,
            "Wind_Speed_kmh": 160.04591652054822,
            "Soil_Moisture": 1.6261474677948486,
            "Soil_Temperature": 17.568084705277293,
            "Wind_Dir_Sin": 151.7839274026725,
            "Wind_Dir_Cos": 37.338811212318454
        }
    }
}