{
    "trial_number": 343,
    "input_chunk_length": 17,
    "output_chunk_length": 14,
    "num_layers": 1,
    "num_blocks": 3,
    "num_stacks": 2,
    "layer_widths": 173,
    "activation": "GELU",
    "dropout": 0.25275218141405936,
    "batch_size": 26,
    "lr": 0.0006811809549645802,
    "forecast_horizon": 1,
    "overall_smape_val": 46.745670426740844,
    "metrics": {
        "MSE": {
            "Temperature": 0.7138109064608065,
            "Precipitation_accumulated": 106.46656357704693,
            "Humidity": 4.198489707616838,
            "Wind_Speed_kmh": 0.10786174027383058,
            "Soil_Moisture": 34216.091615315076,
            "Soil_Temperature": 0.6231179619679955,
            "Wind_Dir_Sin": 0.05485745207967762,
            "Wind_Dir_Cos": 0.06012966700743703
        },
        "RMSE": {
            "Temperature": 0.8448733079348681,
            "Precipitation_accumulated": 10.318263593117154,
            "Humidity": 2.049021646449065,
            "Wind_Speed_kmh": 0.3284231116621219,
            "Soil_Moisture": 184.97592171770648,
            "Soil_Temperature": 0.7893782122455595,
            "Wind_Dir_Sin": 0.23421667762923634,
            "Wind_Dir_Cos": 0.24521351310120948
        },
        "MAE": {
            "Temperature": 0.5946514509983528,
            "Precipitation_accumulated": 8.497389352763395,
            "Humidity": 1.3501124343987274,
            "Wind_Speed_kmh": 0.1771285955187923,
            "Soil_Moisture": 86.57909420885221,
            "Soil_Temperature": 0.5787451718638665,
            "Wind_Dir_Sin": 0.12328185229911977,
            "Wind_Dir_Cos": 0.17785671215696963
        },
        "R2": {
            "Temperature": 0.7903237525289696,
            "Precipitation_accumulated": -111.17118945130973,
            "Humidity": 0.935436305199707,
            "Wind_Speed_kmh": 0.6830467698960573,
            "Soil_Moisture": 0.9537601742130859,
            "Soil_Temperature": 0.8889709775217381,
            "Wind_Dir_Sin": 0.6584622198866691,
            "Wind_Dir_Cos": 0.7905568081129162
        },
        "SMAPE": {
            "Temperature": 10.482659544550293,
            "Precipitation_accumulated": 1.8681231273674572,
            "Humidity": 1.597939629010142,
            "Wind_Speed_kmh": 158.62214568523353,
            "Soil_Moisture": 1.365837111390334,
            "Soil_Temperature": 17.51628906798118,
            "Wind_Dir_Sin": 146.12735379616856,
            "Wind_Dir_Cos": 36.38501545222517
        }
    }
}