{
    "trial_number": 21,
    "input_chunk_length": 18,
    "output_chunk_length": 16,
    "num_layers": 6,
    "num_blocks": 4,
    "num_stacks": 3,
    "layer_widths": 162,
    "activation": "ReLU",
    "dropout": 0.15796637196664187,
    "batch_size": 32,
    "lr": 0.000324214704531216,
    "forecast_horizon": 14,
    "overall_smape_val": 55.213162937836586,
    "metrics": {
        "MSE": {
            "Temperature": 1.841008565172081,
            "Precipitation_accumulated": 157.1854806958993,
            "Humidity": 26.912500897210723,
            "Wind_Speed_kmh": 0.23801904716776487,
            "Soil_Moisture": 167527.83473113013,
            "Soil_Temperature": 1.9883519918063424,
            "Wind_Dir_Sin": 0.13127964578497817,
            "Wind_Dir_Cos": 0.1394865177817362
        },
        "RMSE": {
            "Temperature": 1.3568377077499287,
            "Precipitation_accumulated": 12.53736338692866,
            "Humidity": 5.187725985170258,
            "Wind_Speed_kmh": 0.48787195775916953,
            "Soil_Moisture": 409.3016427173609,
            "Soil_Temperature": 1.4100893559651964,
            "Wind_Dir_Sin": 0.36232533141498424,
            "Wind_Dir_Cos": 0.37347893887304573
        },
        "MAE": {
            "Temperature": 0.9993560093112592,
            "Precipitation_accumulated": 10.140677195574568,
            "Humidity": 4.248579120045758,
            "Wind_Speed_kmh": 0.2255306211818696,
            "Soil_Moisture": 221.81490791281814,
            "Soil_Temperature": 1.192565689089019,
            "Wind_Dir_Sin": 0.2253525411121017,
            "Wind_Dir_Cos": 0.2737610707419774
        },
        "R2": {
            "Temperature": 0.4572648957434069,
            "Precipitation_accumulated": -164.29040561780118,
            "Humidity": 0.586807278369244,
            "Wind_Speed_kmh": 0.306428285376106,
            "Soil_Moisture": 0.7754009571387617,
            "Soil_Temperature": 0.6444440138412506,
            "Wind_Dir_Sin": 0.18914005224503405,
            "Wind_Dir_Cos": 0.5174086947402275
        },
        "SMAPE": {
            "Temperature": 17.06419798790901,
            "Precipitation_accumulated": 2.2172916229213704,
            "Humidity": 5.092746427220065,
            "Wind_Speed_kmh": 171.32613528493226,
            "Soil_Moisture": 3.5416823494031022,
            "Soil_Temperature": 27.973140811046243,
            "Wind_Dir_Sin": 158.74738346969278,
            "Wind_Dir_Cos": 55.74272554956788
        }
    }
}