{
    "trial_number": 259,
    "input_chunk_length": 15,
    "output_chunk_length": 13,
    "num_layers": 1,
    "num_blocks": 4,
    "num_stacks": 2,
    "layer_widths": 132,
    "activation": "GELU",
    "dropout": 0.22801412824567477,
    "batch_size": 21,
    "lr": 0.0005646953285167609,
    "forecast_horizon": 3,
    "overall_smape_val": 48.72034725107743,
    "metrics": {
        "MSE": {
            "Temperature": 1.1369876099169933,
            "Precipitation_accumulated": 135.09177385294842,
            "Humidity": 9.09335804125082,
            "Wind_Speed_kmh": 0.12689510188481173,
            "Soil_Moisture": 49487.944943930685,
            "Soil_Temperature": 0.6590366189353174,
            "Wind_Dir_Sin": 0.07866906952920931,
            "Wind_Dir_Cos": 0.06918251238045287
        },
        "RMSE": {
            "Temperature": 1.066296211151945,
            "Precipitation_accumulated": 11.622898685480676,
            "Humidity": 3.015519530901901,
            "Wind_Speed_kmh": 0.35622338761627054,
            "Soil_Moisture": 222.45886123940014,
            "Soil_Temperature": 0.8118107038807245,
            "Wind_Dir_Sin": 0.2804800697540011,
            "Wind_Dir_Cos": 0.2630256876817412
        },
        "MAE": {
            "Temperature": 0.7767125101851278,
            "Precipitation_accumulated": 9.617745316185282,
            "Humidity": 2.198777586754292,
            "Wind_Speed_kmh": 0.1680208949776858,
            "Soil_Moisture": 76.57344805894614,
            "Soil_Temperature": 0.588801465750639,
            "Wind_Dir_Sin": 0.1550985528204954,
            "Wind_Dir_Cos": 0.1307916509832854
        },
        "R2": {
            "Temperature": 0.6658594038049699,
            "Precipitation_accumulated": -141.3069028152115,
            "Humidity": 0.8601664144198555,
            "Wind_Speed_kmh": 0.6273769100661996,
            "Soil_Moisture": 0.9331651086184958,
            "Soil_Temperature": 0.8825324421589743,
            "Wind_Dir_Sin": 0.5105365687325525,
            "Wind_Dir_Cos": 0.7591591378554542
        },
        "SMAPE": {
            "Temperature": 13.440167656566729,
            "Precipitation_accumulated": 2.0617609236147496,
            "Humidity": 2.653762581543527,
            "Wind_Speed_kmh": 159.7805026011121,
            "Soil_Moisture": 1.1887240627076814,
            "Soil_Temperature": 16.313679388137444,
            "Wind_Dir_Sin": 156.252842234723,
            "Wind_Dir_Cos": 38.07133856021395
        }
    }
}