{
    "trial_number": 38,
    "input_chunk_length": 57,
    "output_chunk_length": 50,
    "num_layers": 2,
    "num_blocks": 4,
    "num_stacks": 1,
    "layer_widths": 153,
    "activation": "GELU",
    "dropout": 0.17397580919410743,
    "batch_size": 28,
    "lr": 7.550568231125343e-05,
    "forecast_horizon": 23,
    "overall_smape_val": 114.30884012242385,
    "metrics": {
        "MSE": {
            "Temperature": 175.98967315004884,
            "Precipitation_accumulated": 52949.00215807854,
            "Humidity": 746.7526647578715,
            "Wind_Speed_kmh": 11.723291899588428,
            "Soil_Moisture": 3146390.507495483,
            "Soil_Temperature": 318.5870891425211,
            "Wind_Dir_Sin": 0.18712317399727577,
            "Wind_Dir_Cos": 0.8171733882859451
        },
        "RMSE": {
            "Temperature": 13.26610994791046,
            "Precipitation_accumulated": 230.10650177271944,
            "Humidity": 27.326775601191432,
            "Wind_Speed_kmh": 3.4239293070372274,
            "Soil_Moisture": 1773.806784149695,
            "Soil_Temperature": 17.84900807166945,
            "Wind_Dir_Sin": 0.43257736186406676,
            "Wind_Dir_Cos": 0.9039764312668473
        },
        "MAE": {
            "Temperature": 13.159125594885214,
            "Precipitation_accumulated": 230.0388862519167,
            "Humidity": 26.097276086422404,
            "Wind_Speed_kmh": 3.374457744194504,
            "Soil_Moisture": 1730.9075412294978,
            "Soil_Temperature": 17.73941290047987,
            "Wind_Dir_Sin": 0.2336030186800083,
            "Wind_Dir_Cos": 0.8519629902531319
        },
        "R2": {
            "Temperature": -51.28323304866152,
            "Precipitation_accumulated": -55601.852530825694,
            "Humidity": -10.472316967037399,
            "Wind_Speed_kmh": -32.944793482102895,
            "Soil_Moisture": -3.1931545919344817,
            "Soil_Temperature": -56.16541164664517,
            "Wind_Dir_Sin": -0.14886127564384521,
            "Wind_Dir_Cos": -1.812897559040921
        },
        "SMAPE": {
            "Temperature": 102.25131199823818,
            "Precipitation_accumulated": 66.78738279026523,
            "Humidity": 36.448533425151155,
            "Wind_Speed_kmh": 186.91181544770754,
            "Soil_Moisture": 25.764553014204658,
            "Soil_Temperature": 116.00370151776376,
            "Wind_Dir_Sin": 189.8876306660589,
            "Wind_Dir_Cos": 190.4157921200013
        }
    }
}