{
    "trial_number": 2,
    "input_chunk_length": 25,
    "output_chunk_length": 23,
    "num_layers": 4,
    "num_blocks": 2,
    "num_stacks": 2,
    "layer_widths": 87,
    "activation": "GELU",
    "dropout": 0.11399361867662355,
    "batch_size": 144,
    "lr": 0.0015584888783016278,
    "loss_function": "mse",
    "optimizer": "Adam",
    "overall_mae_val": 0.17129541057370862,
    "metrics": {
        "MSE": {
            "Temperature": 20.82391956924458,
            "Precipitation_accumulated": 23476.008973543732,
            "Humidity": 97.66219133670612,
            "Wind_Speed_kmh": 1.4669694293337316,
            "Soil_Moisture": 243954.842602497,
            "Soil_Temperature": 9.199052712742535,
            "Wind_Dir_Sin": 0.5703970283636169,
            "Wind_Dir_Cos": 0.39143058933318614
        },
        "RMSE": {
            "Temperature": 4.563323303168929,
            "Precipitation_accumulated": 153.21882708578516,
            "Humidity": 9.882418293955489,
            "Wind_Speed_kmh": 1.2111851342110056,
            "Soil_Moisture": 493.9178500545379,
            "Soil_Temperature": 3.0329940179206645,
            "Wind_Dir_Sin": 0.7552463362133026,
            "Wind_Dir_Cos": 0.6256441395339576
        },
        "MAE": {
            "Temperature": 3.5543137084614935,
            "Precipitation_accumulated": 142.5247810431446,
            "Humidity": 8.166750661473404,
            "Wind_Speed_kmh": 0.9482393511487432,
            "Soil_Moisture": 429.3905728787681,
            "Soil_Temperature": 2.47889890512392,
            "Wind_Dir_Sin": 0.6854818808589852,
            "Wind_Dir_Cos": 0.5166789936012934
        },
        "R2": {
            "Temperature": 0.3175396780226495,
            "Precipitation_accumulated": -7036.16056734725,
            "Humidity": 0.3340257220572662,
            "Wind_Speed_kmh": -0.08935544672681628,
            "Soil_Moisture": -3.582363896917175,
            "Soil_Temperature": 0.4287975094540848,
            "Wind_Dir_Sin": -0.03686025546132066,
            "Wind_Dir_Cos": -0.06613535172999496
        },
        "SMAPE": {
            "Temperature": 48.35024847267619,
            "Precipitation_accumulated": 37.39795453123081,
            "Humidity": 9.669495522766574,
            "Wind_Speed_kmh": 78.77423227366994,
            "Soil_Moisture": 5.170968467095412,
            "Soil_Temperature": 39.16115689742953,
            "Wind_Dir_Sin": 156.86116372439437,
            "Wind_Dir_Cos": 115.62860807658478
        }
    }
}