{
    "trial_number": 15,
    "input_chunk_length": 41,
    "output_chunk_length": 10,
    "num_layers": 2,
    "num_blocks": 3,
    "num_stacks": 4,
    "layer_widths": 192,
    "activation": "GELU",
    "dropout": 0.19517458584627614,
    "batch_size": 112,
    "lr": 3.529215465403913e-05,
    "loss_function": "huber",
    "optimizer": "AdamW",
    "overall_mae_val": 0.13062905454413115,
    "metrics": {
        "MSE": {
            "Temperature": 10.508659368157412,
            "Precipitation_accumulated": 518.6516683504459,
            "Humidity": 84.59360592954015,
            "Wind_Speed_kmh": 1.297108670225375,
            "Soil_Moisture": 173255.82177109554,
            "Soil_Temperature": 7.64136123630976,
            "Wind_Dir_Sin": 0.6077720403553958,
            "Wind_Dir_Cos": 0.39537694121022887
        },
        "RMSE": {
            "Temperature": 3.2417062433473847,
            "Precipitation_accumulated": 22.773925185405478,
            "Humidity": 9.19747823751381,
            "Wind_Speed_kmh": 1.1389067873295755,
            "Soil_Moisture": 416.24010110883785,
            "Soil_Temperature": 2.7643012202561716,
            "Wind_Dir_Sin": 0.7795973578427493,
            "Wind_Dir_Cos": 0.6287900613163577
        },
        "MAE": {
            "Temperature": 2.5315713841121243,
            "Precipitation_accumulated": 17.895288150438407,
            "Humidity": 7.67466216905728,
            "Wind_Speed_kmh": 0.9195010868555358,
            "Soil_Moisture": 376.1492629759041,
            "Soil_Temperature": 2.301932258204038,
            "Wind_Dir_Sin": 0.6684713033292614,
            "Wind_Dir_Cos": 0.527213852711511
        },
        "R2": {
            "Temperature": 0.6551285055504223,
            "Precipitation_accumulated": -155.24160520201585,
            "Humidity": 0.42298952488809993,
            "Wind_Speed_kmh": 0.035946634722849424,
            "Soil_Moisture": -2.29105353138155,
            "Soil_Temperature": 0.5248584177218969,
            "Wind_Dir_Sin": -0.10351739878758326,
            "Wind_Dir_Cos": -0.077732916617689
        },
        "SMAPE": {
            "Temperature": 38.18093740677294,
            "Precipitation_accumulated": 3.9674666787389197,
            "Humidity": 9.066505041382463,
            "Wind_Speed_kmh": 73.87367629422384,
            "Soil_Moisture": 4.487125269916427,
            "Soil_Temperature": 41.572239952137046,
            "Wind_Dir_Sin": 128.77376450933698,
            "Wind_Dir_Cos": 117.9043670705602
        }
    }
}