{
    "trial_number": 46,
    "input_chunk_length": 21,
    "output_chunk_length": 16,
    "num_layers": 2,
    "num_blocks": 4,
    "num_stacks": 2,
    "layer_widths": 173,
    "activation": "ReLU",
    "dropout": 0.007839080267648513,
    "batch_size": 29,
    "lr": 0.007964705377884603,
    "forecast_horizon": 19,
    "overall_smape_val": 52.44102626007107,
    "metrics": {
        "MSE": {
            "Temperature": 1.7760811973036295,
            "Precipitation_accumulated": 264.9412186647015,
            "Humidity": 21.258454215745132,
            "Wind_Speed_kmh": 0.2016892694937538,
            "Soil_Moisture": 148667.78934104636,
            "Soil_Temperature": 2.0953077423093407,
            "Wind_Dir_Sin": 0.1092605732426408,
            "Wind_Dir_Cos": 0.15307058527862055
        },
        "RMSE": {
            "Temperature": 1.3326969637932058,
            "Precipitation_accumulated": 16.27701504160703,
            "Humidity": 4.610689125905707,
            "Wind_Speed_kmh": 0.4490982848929105,
            "Soil_Moisture": 385.5746222731034,
            "Soil_Temperature": 1.4475177865260727,
            "Wind_Dir_Sin": 0.33054587161639276,
            "Wind_Dir_Cos": 0.39124236130386053
        },
        "MAE": {
            "Temperature": 0.9969309317168249,
            "Precipitation_accumulated": 12.47064248255116,
            "Humidity": 3.0287874554258156,
            "Wind_Speed_kmh": 0.2539175002477682,
            "Soil_Moisture": 196.3380105797581,
            "Soil_Temperature": 0.7270069605421792,
            "Wind_Dir_Sin": 0.2118352745590913,
            "Wind_Dir_Cos": 0.2859421034714508
        },
        "R2": {
            "Temperature": 0.47439496771835943,
            "Precipitation_accumulated": -277.388029022126,
            "Humidity": 0.6735459205137363,
            "Wind_Speed_kmh": 0.4143563523242617,
            "Soil_Moisture": 0.8013470768988679,
            "Soil_Temperature": 0.6246690683240652,
            "Wind_Dir_Sin": 0.32738793440011904,
            "Wind_Dir_Cos": 0.47190308407823467
        },
        "SMAPE": {
            "Temperature": 16.257765755262426,
            "Precipitation_accumulated": 2.7443323591835367,
            "Humidity": 3.640867242896219,
            "Wind_Speed_kmh": 163.8994588713575,
            "Soil_Moisture": 3.060945015302558,
            "Soil_Temperature": 19.39285459424661,
            "Wind_Dir_Sin": 157.73529738610378,
            "Wind_Dir_Cos": 52.796688856215866
        }
    }
}