{
    "trial_number": 72,
    "input_chunk_length": 44,
    "output_chunk_length": 1,
    "num_layers": 1,
    "num_blocks": 4,
    "num_stacks": 3,
    "layer_widths": 156,
    "activation": "ReLU",
    "dropout": 0.1766783912934549,
    "batch_size": 82,
    "lr": 0.0003356541360470208,
    "loss_function": "huber",
    "optimizer": "AdamW",
    "overall_mae_val": 0.11389226839971019,
    "metrics": {
        "MSE": {
            "Temperature": 6.874963466547599,
            "Precipitation_accumulated": 1103.4448518327215,
            "Humidity": 59.50263271788854,
            "Wind_Speed_kmh": 1.0714901644707446,
            "Soil_Moisture": 98544.0980788985,
            "Soil_Temperature": 8.472941112752128,
            "Wind_Dir_Sin": 0.4690742301977997,
            "Wind_Dir_Cos": 0.3140366100371934
        },
        "RMSE": {
            "Temperature": 2.6220151537600995,
            "Precipitation_accumulated": 33.21814040298947,
            "Humidity": 7.713794962136895,
            "Wind_Speed_kmh": 1.0351280908519218,
            "Soil_Moisture": 313.91734274948635,
            "Soil_Temperature": 2.9108316874653073,
            "Wind_Dir_Sin": 0.6848899402077677,
            "Wind_Dir_Cos": 0.5603896947992472
        },
        "MAE": {
            "Temperature": 2.0743176882719867,
            "Precipitation_accumulated": 26.737957972187957,
            "Humidity": 6.07307344472565,
            "Wind_Speed_kmh": 0.8228070972054414,
            "Soil_Moisture": 255.59937149966782,
            "Soil_Temperature": 2.3952195504272598,
            "Wind_Dir_Sin": 0.5583170762823714,
            "Wind_Dir_Cos": 0.468282856703738
        },
        "R2": {
            "Temperature": 0.7748688175228924,
            "Precipitation_accumulated": -328.1587692870497,
            "Humidity": 0.5943458979934404,
            "Wind_Speed_kmh": 0.20465396339035147,
            "Soil_Moisture": -0.8315904780020917,
            "Soil_Temperature": 0.4744810583832063,
            "Wind_Dir_Sin": 0.14955838699526047,
            "Wind_Dir_Cos": 0.14317291065692428
        },
        "SMAPE": {
            "Temperature": 34.367771054037185,
            "Precipitation_accumulated": 6.002656654596986,
            "Humidity": 7.206858052455069,
            "Wind_Speed_kmh": 69.06083248774318,
            "Soil_Moisture": 3.0346934571563517,
            "Soil_Temperature": 49.25461985495749,
            "Wind_Dir_Sin": 112.96687936672566,
            "Wind_Dir_Cos": 119.121560298906
        }
    }
}