{
    "trial_number": 4,
    "input_chunk_length": 59,
    "num_layers": 4,
    "num_blocks": 4,
    "num_stacks": 4,
    "layer_widths": 204,
    "activation": "GELU",
    "dropout": 0.02551912178435458,
    "batch_size": 32,
    "lr": 0.000617523184453389,
    "overall_smape_val": 50.6855833721615,
    "metrics": {
        "MSE": {
            "Temperature": 0.9430469035298192,
            "Precipitation_accumulated": 70.14297726632644,
            "Humidity": 14.431452180189414,
            "Wind_Speed_kmh": 0.16193946952937574,
            "Soil_Moisture": 79881.87053807083,
            "Soil_Temperature": 0.6246698619082214,
            "Wind_Dir_Sin": 0.06912592674788305,
            "Wind_Dir_Cos": 0.0677740365013202
        },
        "RMSE": {
            "Temperature": 0.9711060207463545,
            "Precipitation_accumulated": 8.375140432633142,
            "Humidity": 3.7988751203730575,
            "Wind_Speed_kmh": 0.4024170343429509,
            "Soil_Moisture": 282.6338099698457,
            "Soil_Temperature": 0.790360589799505,
            "Wind_Dir_Sin": 0.26291809893554885,
            "Wind_Dir_Cos": 0.2603344704439276
        },
        "MAE": {
            "Temperature": 0.7381388917475975,
            "Precipitation_accumulated": 5.775867307828602,
            "Humidity": 2.883285001146513,
            "Wind_Speed_kmh": 0.22313465677952585,
            "Soil_Moisture": 155.2595465227804,
            "Soil_Temperature": 0.5494683487386596,
            "Wind_Dir_Sin": 0.1851046597675691,
            "Wind_Dir_Cos": 0.16303285966373265
        },
        "R2": {
            "Temperature": 0.7229875109338015,
            "Precipitation_accumulated": -72.90133509781354,
            "Humidity": 0.7780754654712125,
            "Wind_Speed_kmh": 0.5241386072730772,
            "Soil_Moisture": 0.8920471742143712,
            "Soil_Temperature": 0.8886944553479861,
            "Wind_Dir_Sin": 0.5696279233775261,
            "Wind_Dir_Cos": 0.7639299993104474
        },
        "SMAPE": {
            "Temperature": 12.3182306382656,
            "Precipitation_accumulated": 1.2432096610322414,
            "Humidity": 3.434358778408877,
            "Wind_Speed_kmh": 172.26849671204877,
            "Soil_Moisture": 2.4521844394109737,
            "Soil_Temperature": 20.057878940946665,
            "Wind_Dir_Sin": 150.36740693164867,
            "Wind_Dir_Cos": 43.342900875530106
        }
    }
}