{
    "trial_number": 263,
    "input_chunk_length": 14,
    "output_chunk_length": 12,
    "num_layers": 1,
    "num_blocks": 4,
    "num_stacks": 2,
    "layer_widths": 127,
    "activation": "GELU",
    "dropout": 0.23108167781781552,
    "batch_size": 21,
    "lr": 0.0005579436831328113,
    "forecast_horizon": 3,
    "overall_smape_val": 50.820742706688726,
    "metrics": {
        "MSE": {
            "Temperature": 1.9039056765996025,
            "Precipitation_accumulated": 104.57547908498346,
            "Humidity": 7.206289755887549,
            "Wind_Speed_kmh": 0.13346790939903463,
            "Soil_Moisture": 49411.0944902157,
            "Soil_Temperature": 1.7389240714330567,
            "Wind_Dir_Sin": 0.08138230620848619,
            "Wind_Dir_Cos": 0.08305485461108823
        },
        "RMSE": {
            "Temperature": 1.3798208856948073,
            "Precipitation_accumulated": 10.226215286457814,
            "Humidity": 2.6844533439580487,
            "Wind_Speed_kmh": 0.36533260106242177,
            "Soil_Moisture": 222.28606454345197,
            "Soil_Temperature": 1.3186827030916333,
            "Wind_Dir_Sin": 0.2852758423149184,
            "Wind_Dir_Cos": 0.28819239166065475
        },
        "MAE": {
            "Temperature": 1.1184377374474068,
            "Precipitation_accumulated": 8.13928616026574,
            "Humidity": 1.8235720789940861,
            "Wind_Speed_kmh": 0.1945150405918293,
            "Soil_Moisture": 100.36261078517195,
            "Soil_Temperature": 1.1631992128655906,
            "Wind_Dir_Sin": 0.1692014161318,
            "Wind_Dir_Cos": 0.19446404613622983
        },
        "R2": {
            "Temperature": 0.4404757164200428,
            "Precipitation_accumulated": -109.16076045607511,
            "Humidity": 0.8891849049906528,
            "Wind_Speed_kmh": 0.608076087504009,
            "Soil_Moisture": 0.9332688973640677,
            "Soil_Temperature": 0.6900518756116909,
            "Wind_Dir_Sin": 0.4936553453644984,
            "Wind_Dir_Cos": 0.7108661986742746
        },
        "SMAPE": {
            "Temperature": 18.352158901471196,
            "Precipitation_accumulated": 1.7516694969253939,
            "Humidity": 2.185975579281905,
            "Wind_Speed_kmh": 167.10594608225196,
            "Soil_Moisture": 1.6070877504935444,
            "Soil_Temperature": 24.241271980954394,
            "Wind_Dir_Sin": 150.62048042619284,
            "Wind_Dir_Cos": 40.70135143593846
        }
    }
}