{
    "trial_number": 234,
    "input_chunk_length": 21,
    "output_chunk_length": 18,
    "num_layers": 1,
    "num_blocks": 4,
    "num_stacks": 2,
    "layer_widths": 125,
    "activation": "GELU",
    "dropout": 0.26916939566479176,
    "batch_size": 21,
    "lr": 0.00030477215393606423,
    "forecast_horizon": 5,
    "overall_smape_val": 51.091724162907525,
    "metrics": {
        "MSE": {
            "Temperature": 1.2296785807685213,
            "Precipitation_accumulated": 106.04421852648234,
            "Humidity": 16.466036867152297,
            "Wind_Speed_kmh": 0.19807479583934923,
            "Soil_Moisture": 84439.20059068248,
            "Soil_Temperature": 0.7985741109014863,
            "Wind_Dir_Sin": 0.08826464492179677,
            "Wind_Dir_Cos": 0.0886967204488865
        },
        "RMSE": {
            "Temperature": 1.108908734192549,
            "Precipitation_accumulated": 10.297777358560552,
            "Humidity": 4.0578364761473935,
            "Wind_Speed_kmh": 0.4450559468643793,
            "Soil_Moisture": 290.5842400934408,
            "Soil_Temperature": 0.8936297392664853,
            "Wind_Dir_Sin": 0.29709366355039746,
            "Wind_Dir_Cos": 0.29781994635834336
        },
        "MAE": {
            "Temperature": 0.8088173154521617,
            "Precipitation_accumulated": 7.31243167101966,
            "Humidity": 2.83158984518916,
            "Wind_Speed_kmh": 0.2568784016546009,
            "Soil_Moisture": 113.75250687269634,
            "Soil_Temperature": 0.5650722904050447,
            "Wind_Dir_Sin": 0.16278667553735424,
            "Wind_Dir_Cos": 0.1646270325171724
        },
        "R2": {
            "Temperature": 0.6383256748892491,
            "Precipitation_accumulated": -110.67163569771982,
            "Humidity": 0.7468321651371488,
            "Wind_Speed_kmh": 0.41917167844339265,
            "Soil_Moisture": 0.886112569306506,
            "Soil_Temperature": 0.8575669339397045,
            "Wind_Dir_Sin": 0.4515605280042745,
            "Wind_Dir_Cos": 0.6915719412161636
        },
        "SMAPE": {
            "Temperature": 13.936604544767421,
            "Precipitation_accumulated": 1.5877283671485347,
            "Humidity": 3.338484804239086,
            "Wind_Speed_kmh": 172.81566242541376,
            "Soil_Moisture": 1.7690684878181469,
            "Soil_Temperature": 16.88429383461761,
            "Wind_Dir_Sin": 155.09257131326697,
            "Wind_Dir_Cos": 43.309379525988156
        }
    }
}