{
    "trial_number": 121,
    "input_chunk_length": 22,
    "output_chunk_length": 18,
    "num_layers": 1,
    "num_blocks": 4,
    "num_stacks": 2,
    "layer_widths": 84,
    "activation": "GELU",
    "dropout": 0.2635688924237148,
    "batch_size": 17,
    "lr": 0.0005099694106297524,
    "forecast_horizon": 7,
    "overall_smape_val": 51.77694754579587,
    "metrics": {
        "MSE": {
            "Temperature": 1.329816860308191,
            "Precipitation_accumulated": 147.54352333313815,
            "Humidity": 21.25348912894713,
            "Wind_Speed_kmh": 0.18140207665822186,
            "Soil_Moisture": 99009.92248817677,
            "Soil_Temperature": 1.7170230404488722,
            "Wind_Dir_Sin": 0.09413231049354626,
            "Wind_Dir_Cos": 0.102155467803701
        },
        "RMSE": {
            "Temperature": 1.1531768556072355,
            "Precipitation_accumulated": 12.146749496599416,
            "Humidity": 4.610150662282864,
            "Wind_Speed_kmh": 0.42591322667677495,
            "Soil_Moisture": 314.6584219247544,
            "Soil_Temperature": 1.3103522581538416,
            "Wind_Dir_Sin": 0.30680989308290935,
            "Wind_Dir_Cos": 0.31961769006690005
        },
        "MAE": {
            "Temperature": 0.8205354293000908,
            "Precipitation_accumulated": 8.463752179500252,
            "Humidity": 3.476785898602687,
            "Wind_Speed_kmh": 0.20263061601204865,
            "Soil_Moisture": 161.74679986783488,
            "Soil_Temperature": 0.8435680715523641,
            "Wind_Dir_Sin": 0.1920800243561991,
            "Wind_Dir_Cos": 0.19620846484850105
        },
        "R2": {
            "Temperature": 0.6085838540498052,
            "Precipitation_accumulated": -154.32308994178413,
            "Humidity": 0.6733197687671069,
            "Wind_Speed_kmh": 0.4688054034058312,
            "Soil_Moisture": 0.866637425763425,
            "Soil_Temperature": 0.6935594039827303,
            "Wind_Dir_Sin": 0.41587525834310546,
            "Wind_Dir_Cos": 0.6451702785869204
        },
        "SMAPE": {
            "Temperature": 14.045168140052967,
            "Precipitation_accumulated": 1.8629719647661536,
            "Humidity": 4.154763424047294,
            "Wind_Speed_kmh": 166.08438001735277,
            "Soil_Moisture": 2.603626297538577,
            "Soil_Temperature": 21.591886363444676,
            "Wind_Dir_Sin": 155.77986075013374,
            "Wind_Dir_Cos": 48.09292340903067
        }
    }
}