{
    "trial_number": 32,
    "input_chunk_length": 45,
    "output_chunk_length": 6,
    "num_layers": 2,
    "num_blocks": 4,
    "num_stacks": 3,
    "layer_widths": 240,
    "activation": "GELU",
    "dropout": 0.1387291971256598,
    "batch_size": 80,
    "lr": 2.5926244483609487e-05,
    "loss_function": "huber",
    "optimizer": "AdamW",
    "overall_mae_val": 0.12656543807392978,
    "metrics": {
        "MSE": {
            "Temperature": 8.21668447614572,
            "Precipitation_accumulated": 252.59716399189304,
            "Humidity": 75.57420440792669,
            "Wind_Speed_kmh": 1.3164511971607211,
            "Soil_Moisture": 141781.12486141588,
            "Soil_Temperature": 7.468838118696814,
            "Wind_Dir_Sin": 0.5893243341015078,
            "Wind_Dir_Cos": 0.3873707512482181
        },
        "RMSE": {
            "Temperature": 2.8664759681786482,
            "Precipitation_accumulated": 15.893305634508293,
            "Humidity": 8.693342533682122,
            "Wind_Speed_kmh": 1.147367071673543,
            "Soil_Moisture": 376.538344476915,
            "Soil_Temperature": 2.732917510408394,
            "Wind_Dir_Sin": 0.7676746277567781,
            "Wind_Dir_Cos": 0.6223911561455691
        },
        "MAE": {
            "Temperature": 2.256125293853691,
            "Precipitation_accumulated": 13.37729079641683,
            "Humidity": 7.037864414150048,
            "Wind_Speed_kmh": 0.908667536296243,
            "Soil_Moisture": 328.20152520074015,
            "Soil_Temperature": 2.3051425393304665,
            "Wind_Dir_Sin": 0.6721046505136534,
            "Wind_Dir_Cos": 0.5316312140764071
        },
        "R2": {
            "Temperature": 0.7303461692463366,
            "Precipitation_accumulated": -75.09381937802509,
            "Humidity": 0.4845105949503685,
            "Wind_Speed_kmh": 0.021570639393372226,
            "Soil_Moisture": -1.6931809095274866,
            "Soil_Temperature": 0.5355859444736296,
            "Wind_Dir_Sin": -0.07002233243510037,
            "Wind_Dir_Cos": -0.055909351408393704
        },
        "SMAPE": {
            "Temperature": 35.102675175417126,
            "Precipitation_accumulated": 2.926615403276801,
            "Humidity": 8.29372529954562,
            "Wind_Speed_kmh": 74.00721773905248,
            "Soil_Moisture": 3.901487936611842,
            "Soil_Temperature": 47.62105930054871,
            "Wind_Dir_Sin": 140.34055392623304,
            "Wind_Dir_Cos": 130.06877064497436
        }
    }
}