{
    "trial_number": 44,
    "input_chunk_length": 43,
    "output_chunk_length": 1,
    "num_layers": 1,
    "num_blocks": 4,
    "num_stacks": 3,
    "layer_widths": 221,
    "activation": "ReLU",
    "dropout": 0.17939300968825872,
    "batch_size": 106,
    "lr": 0.0006678374366482668,
    "loss_function": "huber",
    "optimizer": "AdamW",
    "overall_mae_val": 0.1303070187256992,
    "metrics": {
        "MSE": {
            "Temperature": 7.792904700325697,
            "Precipitation_accumulated": 2975.9075426791524,
            "Humidity": 83.30142028592083,
            "Wind_Speed_kmh": 1.1381238984383888,
            "Soil_Moisture": 248987.1761905934,
            "Soil_Temperature": 10.723498541060824,
            "Wind_Dir_Sin": 0.45383217698500106,
            "Wind_Dir_Cos": 0.34592599405301105
        },
        "RMSE": {
            "Temperature": 2.7915774573394336,
            "Precipitation_accumulated": 54.55187936890124,
            "Humidity": 9.126961174778867,
            "Wind_Speed_kmh": 1.0668288983892351,
            "Soil_Moisture": 498.9861482953143,
            "Soil_Temperature": 3.2746753336874215,
            "Wind_Dir_Sin": 0.6736706739832165,
            "Wind_Dir_Cos": 0.5881547364877809
        },
        "MAE": {
            "Temperature": 2.2440453951792874,
            "Precipitation_accumulated": 48.870655109420156,
            "Humidity": 7.514852998346873,
            "Wind_Speed_kmh": 0.8476468869532836,
            "Soil_Moisture": 415.88058215050694,
            "Soil_Temperature": 2.7181926917867743,
            "Wind_Dir_Sin": 0.5670497689433722,
            "Wind_Dir_Cos": 0.4925554215968809
        },
        "R2": {
            "Temperature": 0.7449074157760556,
            "Precipitation_accumulated": -885.2872906165702,
            "Humidity": 0.4321470996524358,
            "Wind_Speed_kmh": 0.1555245567423198,
            "Soil_Moisture": -3.6124767705306517,
            "Soil_Temperature": 0.33509165358582116,
            "Wind_Dir_Sin": 0.1779742408955447,
            "Wind_Dir_Cos": 0.0556581681799847
        },
        "SMAPE": {
            "Temperature": 36.33808156495759,
            "Precipitation_accumulated": 11.248073199553279,
            "Humidity": 8.767963732890024,
            "Wind_Speed_kmh": 70.65264074988559,
            "Soil_Moisture": 4.831005047028769,
            "Soil_Temperature": 50.858746146304135,
            "Wind_Dir_Sin": 118.0090553567668,
            "Wind_Dir_Cos": 122.56160639070828
        }
    }
}