{
    "trial_number": 10,
    "input_chunk_length": 30,
    "output_chunk_length": 12,
    "num_layers": 6,
    "num_blocks": 2,
    "num_stacks": 5,
    "layer_widths": 249,
    "activation": "ReLU",
    "dropout": 0.14072515111893003,
    "batch_size": 59,
    "lr": 0.009507681153541385,
    "forecast_horizon": 24,
    "overall_smape_val": 59.06642853485091,
    "metrics": {
        "MSE": {
            "Temperature": 6.401626491664112,
            "Precipitation_accumulated": 55.60080972534604,
            "Humidity": 87.85371176185814,
            "Wind_Speed_kmh": 0.2460073963367822,
            "Soil_Moisture": 371033.7569380609,
            "Soil_Temperature": 4.646234903706025,
            "Wind_Dir_Sin": 0.14037819538669566,
            "Wind_Dir_Cos": 0.2322251852565446
        },
        "RMSE": {
            "Temperature": 2.5301435713540275,
            "Precipitation_accumulated": 7.456595049038538,
            "Humidity": 9.37303108721283,
            "Wind_Speed_kmh": 0.4959913268765717,
            "Soil_Moisture": 609.1254032939859,
            "Soil_Temperature": 2.1555126776955,
            "Wind_Dir_Sin": 0.3746707826701939,
            "Wind_Dir_Cos": 0.4818974841774385
        },
        "MAE": {
            "Temperature": 1.8764379557403308,
            "Precipitation_accumulated": 7.226918314252408,
            "Humidity": 8.142982897233644,
            "Wind_Speed_kmh": 0.23842108618332172,
            "Soil_Moisture": 433.64604057683,
            "Soil_Temperature": 1.6057715107671822,
            "Wind_Dir_Sin": 0.2200464131228445,
            "Wind_Dir_Cos": 0.32027910711006974
        },
        "R2": {
            "Temperature": -0.9039254072887297,
            "Precipitation_accumulated": -57.37888118667936,
            "Humidity": -0.34951873956146917,
            "Wind_Speed_kmh": 0.2881893882460065,
            "Soil_Moisture": 0.5058558365300212,
            "Soil_Temperature": 0.16593867930411965,
            "Wind_Dir_Sin": 0.1387109742653102,
            "Wind_Dir_Cos": 0.20108015382562316
        },
        "SMAPE": {
            "Temperature": 28.075545066280924,
            "Precipitation_accumulated": 1.5594742666543775,
            "Humidity": 9.61637315398485,
            "Wind_Speed_kmh": 176.3696600220701,
            "Soil_Moisture": 6.7273210803536445,
            "Soil_Temperature": 31.986485187685677,
            "Wind_Dir_Sin": 165.7619285139324,
            "Wind_Dir_Cos": 52.434640987845356
        }
    }
}