{
    "trial_number": 23,
    "input_chunk_length": 48,
    "output_chunk_length": 5,
    "num_layers": 2,
    "num_blocks": 4,
    "num_stacks": 4,
    "layer_widths": 251,
    "activation": "GELU",
    "dropout": 0.21932712949388572,
    "batch_size": 98,
    "lr": 6.401539451177546e-05,
    "loss_function": "huber",
    "optimizer": "Adam",
    "overall_mae_val": 0.12954992044886923,
    "metrics": {
        "MSE": {
            "Temperature": 10.24019117400793,
            "Precipitation_accumulated": 669.5110246592799,
            "Humidity": 77.24446935995294,
            "Wind_Speed_kmh": 1.2979436235623703,
            "Soil_Moisture": 143776.43832892884,
            "Soil_Temperature": 6.783271692049345,
            "Wind_Dir_Sin": 0.5729802273286395,
            "Wind_Dir_Cos": 0.37858424757351444
        },
        "RMSE": {
            "Temperature": 3.2000298707993227,
            "Precipitation_accumulated": 25.874911104374444,
            "Humidity": 8.788883282872344,
            "Wind_Speed_kmh": 1.1392732874786322,
            "Soil_Moisture": 379.178636435294,
            "Soil_Temperature": 2.6044714803678204,
            "Wind_Dir_Sin": 0.756954574151342,
            "Wind_Dir_Cos": 0.6152920018767629
        },
        "MAE": {
            "Temperature": 2.4960970075370397,
            "Precipitation_accumulated": 22.165805766072165,
            "Humidity": 7.272271564515726,
            "Wind_Speed_kmh": 0.90858950171762,
            "Soil_Moisture": 331.9906263671667,
            "Soil_Temperature": 2.1527901392477515,
            "Wind_Dir_Sin": 0.6629665186959237,
            "Wind_Dir_Cos": 0.5367653470105895
        },
        "R2": {
            "Temperature": 0.663611715050033,
            "Precipitation_accumulated": -201.3610955446444,
            "Humidity": 0.4730219775640365,
            "Wind_Speed_kmh": 0.03463918122410048,
            "Soil_Moisture": -1.7536158673745033,
            "Soil_Temperature": 0.5777755484952245,
            "Wind_Dir_Sin": -0.0394371860548135,
            "Wind_Dir_Cos": -0.03221475548106545
        },
        "SMAPE": {
            "Temperature": 37.52062521189662,
            "Precipitation_accumulated": 4.926189538476121,
            "Humidity": 8.647161643695817,
            "Wind_Speed_kmh": 73.93210496330731,
            "Soil_Moisture": 3.962510178765889,
            "Soil_Temperature": 36.64363099030455,
            "Wind_Dir_Sin": 138.7333024996694,
            "Wind_Dir_Cos": 149.93608757331833
        }
    }
}