{
    "trial_number": 34,
    "input_chunk_length": 13,
    "output_chunk_length": 12,
    "num_layers": 2,
    "num_blocks": 3,
    "num_stacks": 4,
    "layer_widths": 138,
    "activation": "GELU",
    "dropout": 0.17582611991627461,
    "batch_size": 28,
    "lr": 7.897658777618545e-05,
    "forecast_horizon": 14,
    "overall_smape_val": 51.721665975488975,
    "metrics": {
        "MSE": {
            "Temperature": 0.9449457650233024,
            "Precipitation_accumulated": 65.4074188289493,
            "Humidity": 16.982146711883,
            "Wind_Speed_kmh": 0.19283027268665553,
            "Soil_Moisture": 125859.70320941819,
            "Soil_Temperature": 1.2906727360156527,
            "Wind_Dir_Sin": 0.11034264525670728,
            "Wind_Dir_Cos": 0.1245994631504876
        },
        "RMSE": {
            "Temperature": 0.9720832088989617,
            "Precipitation_accumulated": 8.087485321714611,
            "Humidity": 4.120940027697928,
            "Wind_Speed_kmh": 0.43912443872626306,
            "Soil_Moisture": 354.76711122850463,
            "Soil_Temperature": 1.136077786076135,
            "Wind_Dir_Sin": 0.33217863455783436,
            "Wind_Dir_Cos": 0.35298649145610034
        },
        "MAE": {
            "Temperature": 0.6918925798939601,
            "Precipitation_accumulated": 7.424439066550388,
            "Humidity": 2.9890801273082688,
            "Wind_Speed_kmh": 0.21353132576000952,
            "Soil_Moisture": 124.5625225458224,
            "Soil_Temperature": 0.6913914029889817,
            "Wind_Dir_Sin": 0.20266429656614182,
            "Wind_Dir_Cos": 0.20826811791267286
        },
        "R2": {
            "Temperature": 0.7214270221231638,
            "Precipitation_accumulated": -67.78000907454351,
            "Humidity": 0.7392698862949976,
            "Wind_Speed_kmh": 0.43810537664907745,
            "Soil_Moisture": 0.8312640468313647,
            "Soil_Temperature": 0.7692026264196021,
            "Wind_Dir_Sin": 0.3184592247107023,
            "Wind_Dir_Cos": 0.568914483544918
        },
        "SMAPE": {
            "Temperature": 12.289660593041749,
            "Precipitation_accumulated": 1.6007916503863715,
            "Humidity": 3.5682936580436273,
            "Wind_Speed_kmh": 168.3287057589996,
            "Soil_Moisture": 1.938013735584471,
            "Soil_Temperature": 19.45951189467395,
            "Wind_Dir_Sin": 159.43436109468539,
            "Wind_Dir_Cos": 47.15398941849654
        }
    }
}