{
    "trial_number": 87,
    "input_chunk_length": 16,
    "output_chunk_length": 14,
    "num_layers": 2,
    "num_blocks": 4,
    "num_stacks": 2,
    "layer_widths": 134,
    "activation": "GELU",
    "dropout": 0.2596732382979604,
    "batch_size": 23,
    "lr": 0.002435772252035699,
    "forecast_horizon": 3,
    "overall_smape_val": 51.29695463401058,
    "metrics": {
        "MSE": {
            "Temperature": 1.2610191787927585,
            "Precipitation_accumulated": 186.7617034127752,
            "Humidity": 11.122843338856393,
            "Wind_Speed_kmh": 0.13596381366457547,
            "Soil_Moisture": 65207.49655319301,
            "Soil_Temperature": 1.1421476610474566,
            "Wind_Dir_Sin": 0.09409798458507937,
            "Wind_Dir_Cos": 0.11468685894642315
        },
        "RMSE": {
            "Temperature": 1.1229511025831707,
            "Precipitation_accumulated": 13.666078567488745,
            "Humidity": 3.335092703187783,
            "Wind_Speed_kmh": 0.3687327130382867,
            "Soil_Moisture": 255.35758565821578,
            "Soil_Temperature": 1.0687130864022656,
            "Wind_Dir_Sin": 0.3067539479535339,
            "Wind_Dir_Cos": 0.33865448313350754
        },
        "MAE": {
            "Temperature": 0.8408504672481933,
            "Precipitation_accumulated": 10.2627519929926,
            "Humidity": 2.5373773579252643,
            "Wind_Speed_kmh": 0.18514811259265343,
            "Soil_Moisture": 143.5409578658364,
            "Soil_Temperature": 0.6922026710346575,
            "Wind_Dir_Sin": 0.1784095248295812,
            "Wind_Dir_Cos": 0.19217152195232037
        },
        "R2": {
            "Temperature": 0.6294087142726725,
            "Precipitation_accumulated": -195.73647639045413,
            "Humidity": 0.828957898846291,
            "Wind_Speed_kmh": 0.6007469507147183,
            "Soil_Moisture": 0.9119354025646006,
            "Soil_Temperature": 0.7964220916072462,
            "Wind_Dir_Sin": 0.4145409029750444,
            "Wind_Dir_Cos": 0.6007476306525303
        },
        "SMAPE": {
            "Temperature": 14.463963904050672,
            "Precipitation_accumulated": 2.2462855728883775,
            "Humidity": 3.063166725269216,
            "Wind_Speed_kmh": 167.66682459427295,
            "Soil_Moisture": 2.2772659046044694,
            "Soil_Temperature": 17.942583508908683,
            "Wind_Dir_Sin": 158.59583342379491,
            "Wind_Dir_Cos": 44.11971343829551
        }
    }
}