{
    "trial_number": 36,
    "input_chunk_length": 42,
    "output_chunk_length": 37,
    "num_layers": 2,
    "num_blocks": 4,
    "num_stacks": 2,
    "layer_widths": 82,
    "activation": "GELU",
    "dropout": 0.12125437109227359,
    "batch_size": 34,
    "lr": 0.0041321969330765825,
    "forecast_horizon": 20,
    "overall_smape_val": 51.55872599926276,
    "metrics": {
        "MSE": {
            "Temperature": 1.662037763002401,
            "Precipitation_accumulated": 160.96717361026631,
            "Humidity": 20.04398153698611,
            "Wind_Speed_kmh": 0.21746289228627222,
            "Soil_Moisture": 126513.89551205558,
            "Soil_Temperature": 1.2726755765484066,
            "Wind_Dir_Sin": 0.11391492089420983,
            "Wind_Dir_Cos": 0.14026732197542222
        },
        "RMSE": {
            "Temperature": 1.2892004355422786,
            "Precipitation_accumulated": 12.687283933540161,
            "Humidity": 4.477050539918676,
            "Wind_Speed_kmh": 0.46632916731239554,
            "Soil_Moisture": 355.6879187041016,
            "Soil_Temperature": 1.128129237520421,
            "Wind_Dir_Sin": 0.3375128455247442,
            "Wind_Dir_Cos": 0.37452279233101715
        },
        "MAE": {
            "Temperature": 0.975697933262754,
            "Precipitation_accumulated": 10.196439175806908,
            "Humidity": 3.4721088374053566,
            "Wind_Speed_kmh": 0.24576831900659757,
            "Soil_Moisture": 215.1872794834774,
            "Soil_Temperature": 0.7711433194528907,
            "Wind_Dir_Sin": 0.19470965618434355,
            "Wind_Dir_Cos": 0.20596137780883866
        },
        "R2": {
            "Temperature": 0.5076719725061403,
            "Precipitation_accumulated": -168.11122629117781,
            "Humidity": 0.6920284774906083,
            "Wind_Speed_kmh": 0.36899999649876103,
            "Soil_Moisture": 0.8310614910444463,
            "Soil_Temperature": 0.7719305123852996,
            "Wind_Dir_Sin": 0.2992037321229146,
            "Wind_Dir_Cos": 0.5163479816598588
        },
        "SMAPE": {
            "Temperature": 16.772256053477786,
            "Precipitation_accumulated": 2.192687057778282,
            "Humidity": 4.131616235835855,
            "Wind_Speed_kmh": 164.92370601530774,
            "Soil_Moisture": 3.44576522317037,
            "Soil_Temperature": 21.13592921186177,
            "Wind_Dir_Sin": 155.98477633361202,
            "Wind_Dir_Cos": 43.88307186305817
        }
    }
}