{
    "trial_number": 195,
    "input_chunk_length": 17,
    "output_chunk_length": 14,
    "num_layers": 1,
    "num_blocks": 4,
    "num_stacks": 2,
    "layer_widths": 138,
    "activation": "GELU",
    "dropout": 0.25115169966670003,
    "batch_size": 20,
    "lr": 0.00042161677906661773,
    "forecast_horizon": 8,
    "overall_smape_val": 52.577839225273216,
    "metrics": {
        "MSE": {
            "Temperature": 1.2670345601097153,
            "Precipitation_accumulated": 346.026201760659,
            "Humidity": 14.519576584708938,
            "Wind_Speed_kmh": 0.1949578015895143,
            "Soil_Moisture": 89840.91885356752,
            "Soil_Temperature": 1.4676684396835973,
            "Wind_Dir_Sin": 0.09505808858283331,
            "Wind_Dir_Cos": 0.10493506986754558
        },
        "RMSE": {
            "Temperature": 1.1256262968275552,
            "Precipitation_accumulated": 18.601779532094746,
            "Humidity": 3.8104562173982446,
            "Wind_Speed_kmh": 0.44154026044010336,
            "Soil_Moisture": 299.7347474911234,
            "Soil_Temperature": 1.2114736644614266,
            "Wind_Dir_Sin": 0.30831491787267334,
            "Wind_Dir_Cos": 0.32393683005725915
        },
        "MAE": {
            "Temperature": 0.8652829683163872,
            "Precipitation_accumulated": 16.14323563566955,
            "Humidity": 2.6485180933554044,
            "Wind_Speed_kmh": 0.20711232478005742,
            "Soil_Moisture": 139.03520273788126,
            "Soil_Temperature": 0.9053062510097001,
            "Wind_Dir_Sin": 0.17184402030951498,
            "Wind_Dir_Cos": 0.17106384390649063
        },
        "R2": {
            "Temperature": 0.6269403753801328,
            "Precipitation_accumulated": -363.2128754517431,
            "Humidity": 0.7768636391752091,
            "Wind_Speed_kmh": 0.4295099007570369,
            "Soil_Moisture": 0.879068518359063,
            "Soil_Temperature": 0.737983528948658,
            "Wind_Dir_Sin": 0.41052123529007734,
            "Wind_Dir_Cos": 0.6357203593407648
        },
        "SMAPE": {
            "Temperature": 14.814105382833866,
            "Precipitation_accumulated": 3.5955867679088054,
            "Humidity": 3.196359899057289,
            "Wind_Speed_kmh": 171.40060179193682,
            "Soil_Moisture": 2.244033199699611,
            "Soil_Temperature": 25.997788262837577,
            "Wind_Dir_Sin": 156.52140266317616,
            "Wind_Dir_Cos": 42.852835834735636
        }
    }
}