{
    "trial_number": 127,
    "input_chunk_length": 21,
    "output_chunk_length": 17,
    "num_layers": 2,
    "num_blocks": 4,
    "num_stacks": 3,
    "layer_widths": 87,
    "activation": "GELU",
    "dropout": 0.23707366563432083,
    "batch_size": 21,
    "lr": 0.00028127365015222575,
    "forecast_horizon": 10,
    "overall_smape_val": 52.1925628577438,
    "metrics": {
        "MSE": {
            "Temperature": 1.3657178641281607,
            "Precipitation_accumulated": 35.15220162587511,
            "Humidity": 18.32344231123233,
            "Wind_Speed_kmh": 0.20596036165348358,
            "Soil_Moisture": 130011.09083175052,
            "Soil_Temperature": 1.0683332746703607,
            "Wind_Dir_Sin": 0.11063716601817894,
            "Wind_Dir_Cos": 0.12496260908039471
        },
        "RMSE": {
            "Temperature": 1.1686393216592366,
            "Precipitation_accumulated": 5.928929214105622,
            "Humidity": 4.280589014520354,
            "Wind_Speed_kmh": 0.45382855975961184,
            "Soil_Moisture": 360.57050743474645,
            "Soil_Temperature": 1.0336020872029819,
            "Wind_Dir_Sin": 0.3326216559669243,
            "Wind_Dir_Cos": 0.35350050789269694
        },
        "MAE": {
            "Temperature": 0.8443578886583233,
            "Precipitation_accumulated": 4.4376014434874635,
            "Humidity": 3.3144015473937287,
            "Wind_Speed_kmh": 0.2200634375265767,
            "Soil_Moisture": 140.64391315158312,
            "Soil_Temperature": 0.6511162748948427,
            "Wind_Dir_Sin": 0.20051826740461007,
            "Wind_Dir_Cos": 0.21122004458066157
        },
        "R2": {
            "Temperature": 0.5976502359194276,
            "Precipitation_accumulated": -35.98797937313054,
            "Humidity": 0.7184785615455207,
            "Wind_Speed_kmh": 0.3981577049647246,
            "Soil_Moisture": 0.8252303776240789,
            "Soil_Temperature": 0.8091599728739414,
            "Wind_Dir_Sin": 0.31482108806302456,
            "Wind_Dir_Cos": 0.5666829745916363
        },
        "SMAPE": {
            "Temperature": 14.473591228292703,
            "Precipitation_accumulated": 0.9647342435465752,
            "Humidity": 3.9478466164950685,
            "Wind_Speed_kmh": 166.84973800379268,
            "Soil_Moisture": 2.1685854605218955,
            "Soil_Temperature": 18.962906080198348,
            "Wind_Dir_Sin": 160.75609192970833,
            "Wind_Dir_Cos": 49.41700929939486
        }
    }
}