{
    "trial_number": 254,
    "input_chunk_length": 16,
    "output_chunk_length": 13,
    "num_layers": 1,
    "num_blocks": 3,
    "num_stacks": 2,
    "layer_widths": 89,
    "activation": "GELU",
    "dropout": 0.23598311874131786,
    "batch_size": 19,
    "lr": 0.0005328288379945704,
    "forecast_horizon": 6,
    "overall_smape_val": 53.86763403429478,
    "metrics": {
        "MSE": {
            "Temperature": 2.497247004963354,
            "Precipitation_accumulated": 574.3386653642169,
            "Humidity": 24.644571810492423,
            "Wind_Speed_kmh": 0.19640563784393802,
            "Soil_Moisture": 83162.51862760428,
            "Soil_Temperature": 2.37449770590943,
            "Wind_Dir_Sin": 0.08971651201171216,
            "Wind_Dir_Cos": 0.09200065149797733
        },
        "RMSE": {
            "Temperature": 1.5802680168133993,
            "Precipitation_accumulated": 23.96536386880485,
            "Humidity": 4.964329945772382,
            "Wind_Speed_kmh": 0.44317675688593827,
            "Soil_Moisture": 288.3791230786381,
            "Soil_Temperature": 1.5409405264024403,
            "Wind_Dir_Sin": 0.29952714737017105,
            "Wind_Dir_Cos": 0.30331609172277246
        },
        "MAE": {
            "Temperature": 1.3088291870391542,
            "Precipitation_accumulated": 22.595830566193737,
            "Humidity": 3.9029916535243014,
            "Wind_Speed_kmh": 0.26160326062998773,
            "Soil_Moisture": 118.70272824324645,
            "Soil_Temperature": 1.2216320563963654,
            "Wind_Dir_Sin": 0.17199384866130912,
            "Wind_Dir_Cos": 0.16609745394390402
        },
        "R2": {
            "Temperature": 0.26521955832126065,
            "Precipitation_accumulated": -603.7192365709135,
            "Humidity": 0.6211355670525389,
            "Wind_Speed_kmh": 0.4244685829441113,
            "Soil_Moisture": 0.8879089297084387,
            "Soil_Temperature": 0.5763462729841258,
            "Wind_Dir_Sin": 0.4429080579415424,
            "Wind_Dir_Cos": 0.6802627016091904
        },
        "SMAPE": {
            "Temperature": 23.800808763247332,
            "Precipitation_accumulated": 5.056052117858014,
            "Humidity": 4.672994460604119,
            "Wind_Speed_kmh": 166.79260639854397,
            "Soil_Moisture": 1.882702392597319,
            "Soil_Temperature": 26.715718627737346,
            "Wind_Dir_Sin": 158.570038370601,
            "Wind_Dir_Cos": 43.45015114316932
        }
    }
}