{
    "trial_number": 183,
    "input_chunk_length": 17,
    "output_chunk_length": 14,
    "num_layers": 1,
    "num_blocks": 4,
    "num_stacks": 2,
    "layer_widths": 116,
    "activation": "GELU",
    "dropout": 0.2506990707632779,
    "batch_size": 37,
    "lr": 0.000617780383063906,
    "forecast_horizon": 7,
    "overall_smape_val": 50.68846251826943,
    "metrics": {
        "MSE": {
            "Temperature": 1.170147896944252,
            "Precipitation_accumulated": 27.744040937517134,
            "Humidity": 11.179242407146287,
            "Wind_Speed_kmh": 0.16590232694064416,
            "Soil_Moisture": 83735.06247114862,
            "Soil_Temperature": 1.5507427705845067,
            "Wind_Dir_Sin": 0.08902955921890418,
            "Wind_Dir_Cos": 0.0949051227505316
        },
        "RMSE": {
            "Temperature": 1.0817337458655212,
            "Precipitation_accumulated": 5.267261236877959,
            "Humidity": 3.3435374092637704,
            "Wind_Speed_kmh": 0.4073110935644206,
            "Soil_Moisture": 289.37011329981647,
            "Soil_Temperature": 1.2452882279153314,
            "Wind_Dir_Sin": 0.298378215054156,
            "Wind_Dir_Cos": 0.3080667504787422
        },
        "MAE": {
            "Temperature": 0.7934115392409097,
            "Precipitation_accumulated": 3.93491531830485,
            "Humidity": 2.140464733492272,
            "Wind_Speed_kmh": 0.23098651126441364,
            "Soil_Moisture": 119.98055238863918,
            "Soil_Temperature": 0.8500919339437505,
            "Wind_Dir_Sin": 0.15648266876928446,
            "Wind_Dir_Cos": 0.16516910998107157
        },
        "R2": {
            "Temperature": 0.6555805587338561,
            "Precipitation_accumulated": -28.20690836531387,
            "Humidity": 0.8281676259169578,
            "Wind_Speed_kmh": 0.5141928843554111,
            "Soil_Moisture": 0.8872120772910783,
            "Soil_Temperature": 0.7232357821109048,
            "Wind_Dir_Sin": 0.447539659805386,
            "Wind_Dir_Cos": 0.6703538343052331
        },
        "SMAPE": {
            "Temperature": 13.758649426956923,
            "Precipitation_accumulated": 0.8562753042427759,
            "Humidity": 2.532833958954626,
            "Wind_Speed_kmh": 169.8742671879312,
            "Soil_Moisture": 1.9002437132245822,
            "Soil_Temperature": 19.902215855167057,
            "Wind_Dir_Sin": 154.63184578292405,
            "Wind_Dir_Cos": 42.05136891675427
        }
    }
}