{
    "trial_number": 282,
    "input_chunk_length": 13,
    "output_chunk_length": 12,
    "num_layers": 1,
    "num_blocks": 3,
    "num_stacks": 2,
    "layer_widths": 123,
    "activation": "GELU",
    "dropout": 0.20576148722681314,
    "batch_size": 23,
    "lr": 0.0005924757570135616,
    "forecast_horizon": 2,
    "overall_smape_val": 47.32046321874377,
    "metrics": {
        "MSE": {
            "Temperature": 0.7079696035501027,
            "Precipitation_accumulated": 74.38097215569657,
            "Humidity": 8.643770192391854,
            "Wind_Speed_kmh": 0.10849160404953069,
            "Soil_Moisture": 38114.649725894946,
            "Soil_Temperature": 0.5903589865079136,
            "Wind_Dir_Sin": 0.07048302884123936,
            "Wind_Dir_Cos": 0.0642455479355048
        },
        "RMSE": {
            "Temperature": 0.8414092960920403,
            "Precipitation_accumulated": 8.624440396669025,
            "Humidity": 2.940028944141852,
            "Wind_Speed_kmh": 0.32938063702884945,
            "Soil_Moisture": 195.2297357624984,
            "Soil_Temperature": 0.7683482195644847,
            "Wind_Dir_Sin": 0.26548640048266003,
            "Wind_Dir_Cos": 0.25346705493121746
        },
        "MAE": {
            "Temperature": 0.5938048505486393,
            "Precipitation_accumulated": 6.948194560235145,
            "Humidity": 2.1744619497329656,
            "Wind_Speed_kmh": 0.16253663027203524,
            "Soil_Moisture": 90.54660694763446,
            "Soil_Temperature": 0.6131792820696196,
            "Wind_Dir_Sin": 0.1386261352281481,
            "Wind_Dir_Cos": 0.13492306168506815
        },
        "R2": {
            "Temperature": 0.7920395885628159,
            "Precipitation_accumulated": -77.36640762065494,
            "Humidity": 0.8670775017947506,
            "Wind_Speed_kmh": 0.6811959063949976,
            "Soil_Moisture": 0.9484916400426697,
            "Soil_Temperature": 0.8948080697654521,
            "Wind_Dir_Sin": 0.5611787224252316,
            "Wind_Dir_Cos": 0.7762204034410749
        },
        "SMAPE": {
            "Temperature": 10.003568946182362,
            "Precipitation_accumulated": 1.5165418372862334,
            "Humidity": 2.5884796363177247,
            "Wind_Speed_kmh": 158.249980085602,
            "Soil_Moisture": 1.4550202600581943,
            "Soil_Temperature": 17.284887710420513,
            "Wind_Dir_Sin": 150.96592510926732,
            "Wind_Dir_Cos": 36.499302164815724
        }
    }
}