{
    "trial_number": 43,
    "input_chunk_length": 43,
    "output_chunk_length": 1,
    "num_layers": 1,
    "num_blocks": 4,
    "num_stacks": 3,
    "layer_widths": 225,
    "activation": "ReLU",
    "dropout": 0.1781160490560954,
    "batch_size": 73,
    "lr": 0.00027700178569844736,
    "loss_function": "huber",
    "optimizer": "AdamW",
    "overall_mae_val": 0.11230746261049787,
    "metrics": {
        "MSE": {
            "Temperature": 6.712393509920801,
            "Precipitation_accumulated": 770.6650712024517,
            "Humidity": 55.475876861086526,
            "Wind_Speed_kmh": 0.922840520936879,
            "Soil_Moisture": 80821.19713485286,
            "Soil_Temperature": 5.197356571650438,
            "Wind_Dir_Sin": 0.46271854247740235,
            "Wind_Dir_Cos": 0.34175163804702496
        },
        "RMSE": {
            "Temperature": 2.590828730333366,
            "Precipitation_accumulated": 27.760855015695242,
            "Humidity": 7.448212997832871,
            "Wind_Speed_kmh": 0.9606458873783196,
            "Soil_Moisture": 284.2906912560678,
            "Soil_Temperature": 2.2797711665100158,
            "Wind_Dir_Sin": 0.6802341820854068,
            "Wind_Dir_Cos": 0.5845952771336979
        },
        "MAE": {
            "Temperature": 2.057132987509292,
            "Precipitation_accumulated": 22.903977684251082,
            "Humidity": 6.009411396430867,
            "Wind_Speed_kmh": 0.760118521592925,
            "Soil_Moisture": 235.51050101081543,
            "Soil_Temperature": 1.8426395175097912,
            "Wind_Dir_Sin": 0.5782378624718326,
            "Wind_Dir_Cos": 0.48978377999121314
        },
        "R2": {
            "Temperature": 0.7802768194121292,
            "Precipitation_accumulated": -228.52012054579077,
            "Humidity": 0.6218295262341808,
            "Wind_Speed_kmh": 0.31526246040205885,
            "Soil_Moisture": -0.49720921396220463,
            "Soil_Temperature": 0.6777389626576947,
            "Wind_Dir_Sin": 0.16187837614637723,
            "Wind_Dir_Cos": 0.06705372406514809
        },
        "SMAPE": {
            "Temperature": 35.73223996047443,
            "Precipitation_accumulated": 5.103988623125196,
            "Humidity": 7.157333566969823,
            "Wind_Speed_kmh": 66.57557922232714,
            "Soil_Moisture": 2.7814247113918094,
            "Soil_Temperature": 31.381482451134215,
            "Wind_Dir_Sin": 121.21517373108303,
            "Wind_Dir_Cos": 128.32893624162438
        }
    }
}