{
    "trial_number": 29,
    "input_chunk_length": 83,
    "output_chunk_length": 62,
    "num_layers": 2,
    "num_blocks": 4,
    "num_stacks": 1,
    "layer_widths": 55,
    "activation": "GELU",
    "dropout": 0.07689389368604588,
    "batch_size": 48,
    "lr": 0.0005181137854329396,
    "forecast_horizon": 6,
    "overall_smape_val": 113.8518045878848,
    "metrics": {
        "MSE": {
            "Temperature": 184.88280294301097,
            "Precipitation_accumulated": 50894.050825846985,
            "Humidity": 711.8968156250327,
            "Wind_Speed_kmh": 12.312387841453736,
            "Soil_Moisture": 3329172.8006534204,
            "Soil_Temperature": 339.36868082136675,
            "Wind_Dir_Sin": 0.17517864807091252,
            "Wind_Dir_Cos": 0.7778308013919766
        },
        "RMSE": {
            "Temperature": 13.597161576704565,
            "Precipitation_accumulated": 225.5970984428811,
            "Humidity": 26.681394559224834,
            "Wind_Speed_kmh": 3.5089012299370492,
            "Soil_Moisture": 1824.6020937874155,
            "Soil_Temperature": 18.42196191564207,
            "Wind_Dir_Sin": 0.4185434840860774,
            "Wind_Dir_Cos": 0.8819471647394624
        },
        "MAE": {
            "Temperature": 13.478283554550485,
            "Precipitation_accumulated": 225.51835054755068,
            "Humidity": 25.31929731928084,
            "Wind_Speed_kmh": 3.458813579514024,
            "Soil_Moisture": 1778.5168962820853,
            "Soil_Temperature": 18.312019989692036,
            "Wind_Dir_Sin": 0.23378975116616055,
            "Wind_Dir_Cos": 0.8345810969101645
        },
        "R2": {
            "Temperature": -53.399211345640374,
            "Precipitation_accumulated": -53585.17383332614,
            "Humidity": -9.944088842073176,
            "Wind_Speed_kmh": -35.0792393717545,
            "Soil_Moisture": -3.487244356821697,
            "Soil_Temperature": -59.54956637971022,
            "Wind_Dir_Sin": -0.08776646653694731,
            "Wind_Dir_Cos": -1.703258237771248
        },
        "SMAPE": {
            "Temperature": 103.13945130885719,
            "Precipitation_accumulated": 65.05377063762957,
            "Humidity": 35.09532088078446,
            "Wind_Speed_kmh": 187.20061095571597,
            "Soil_Moisture": 26.38158107981009,
            "Soil_Temperature": 117.23776288993736,
            "Wind_Dir_Sin": 187.86425034182037,
            "Wind_Dir_Cos": 188.8416886085235
        }
    }
}