{
    "trial_number": 80,
    "input_chunk_length": 19,
    "output_chunk_length": 16,
    "num_layers": 3,
    "num_blocks": 4,
    "num_stacks": 3,
    "layer_widths": 117,
    "activation": "GELU",
    "dropout": 0.27960597395814873,
    "batch_size": 27,
    "lr": 0.0004672386705351273,
    "forecast_horizon": 9,
    "overall_smape_val": 51.65848635384055,
    "metrics": {
        "MSE": {
            "Temperature": 1.7040494431069393,
            "Precipitation_accumulated": 71.38312590214136,
            "Humidity": 15.463643459584278,
            "Wind_Speed_kmh": 0.19721414584503755,
            "Soil_Moisture": 111758.05573213346,
            "Soil_Temperature": 1.0125782523433813,
            "Wind_Dir_Sin": 0.10258589775899372,
            "Wind_Dir_Cos": 0.10552675453132718
        },
        "RMSE": {
            "Temperature": 1.305392447927802,
            "Precipitation_accumulated": 8.448853525901686,
            "Humidity": 3.93238394101902,
            "Wind_Speed_kmh": 0.4440879933583406,
            "Soil_Moisture": 334.30234179875777,
            "Soil_Temperature": 1.0062694730256807,
            "Wind_Dir_Sin": 0.32029033353973346,
            "Wind_Dir_Cos": 0.3248488179620286
        },
        "MAE": {
            "Temperature": 0.9009139535687988,
            "Precipitation_accumulated": 7.474217752480632,
            "Humidity": 2.893932879987107,
            "Wind_Speed_kmh": 0.22734034460022923,
            "Soil_Moisture": 142.26300919166596,
            "Soil_Temperature": 0.6583776164823929,
            "Wind_Dir_Sin": 0.18155245104527018,
            "Wind_Dir_Cos": 0.18303351215930158
        },
        "R2": {
            "Temperature": 0.49810238758558334,
            "Precipitation_accumulated": -74.122945083263,
            "Humidity": 0.7623912171458191,
            "Wind_Speed_kmh": 0.4233112967037058,
            "Soil_Moisture": 0.8496670691181075,
            "Soil_Temperature": 0.8191741038599774,
            "Wind_Dir_Sin": 0.3642611212365192,
            "Wind_Dir_Cos": 0.6338722975201647
        },
        "SMAPE": {
            "Temperature": 15.576065740200374,
            "Precipitation_accumulated": 1.6113448353837538,
            "Humidity": 3.438816144490466,
            "Wind_Speed_kmh": 165.70136921622148,
            "Soil_Moisture": 2.202770417401044,
            "Soil_Temperature": 19.996158186043484,
            "Wind_Dir_Sin": 157.34403450958774,
            "Wind_Dir_Cos": 47.397331781395856
        }
    }
}