{
    "trial_number": 370,
    "input_chunk_length": 15,
    "output_chunk_length": 13,
    "num_layers": 1,
    "num_blocks": 3,
    "num_stacks": 2,
    "layer_widths": 237,
    "activation": "GELU",
    "dropout": 0.23773808399457086,
    "batch_size": 25,
    "lr": 0.0007296137289505187,
    "forecast_horizon": 2,
    "overall_smape_val": 50.24456767407109,
    "metrics": {
        "MSE": {
            "Temperature": 1.2971768463521076,
            "Precipitation_accumulated": 120.92773122176952,
            "Humidity": 7.3614305864981295,
            "Wind_Speed_kmh": 0.12701461922229731,
            "Soil_Moisture": 44878.176106432526,
            "Soil_Temperature": 3.087413459947051,
            "Wind_Dir_Sin": 0.07136476725672408,
            "Wind_Dir_Cos": 0.07194281689453252
        },
        "RMSE": {
            "Temperature": 1.1389367174483873,
            "Precipitation_accumulated": 10.996714564894804,
            "Humidity": 2.7131956410288827,
            "Wind_Speed_kmh": 0.3563911042973678,
            "Soil_Moisture": 211.84469808431015,
            "Soil_Temperature": 1.7571037134862162,
            "Wind_Dir_Sin": 0.2671418485687409,
            "Wind_Dir_Cos": 0.2682215817091021
        },
        "MAE": {
            "Temperature": 0.8987166988272173,
            "Precipitation_accumulated": 9.017409384035437,
            "Humidity": 1.7754941956546597,
            "Wind_Speed_kmh": 0.18757033764786007,
            "Soil_Moisture": 103.86262077290466,
            "Soil_Temperature": 1.6073143246963906,
            "Wind_Dir_Sin": 0.15739678366250145,
            "Wind_Dir_Cos": 0.18370452316490207
        },
        "R2": {
            "Temperature": 0.6189646711928609,
            "Precipitation_accumulated": -126.40720647922329,
            "Humidity": 0.8867971125859953,
            "Wind_Speed_kmh": 0.6267657676324663,
            "Soil_Moisture": 0.9393513710412484,
            "Soil_Temperature": 0.4498754339202379,
            "Wind_Dir_Sin": 0.5556890948605409,
            "Wind_Dir_Cos": 0.7494093356300267
        },
        "SMAPE": {
            "Temperature": 14.704057336467917,
            "Precipitation_accumulated": 1.9696881155666097,
            "Humidity": 2.139007669606882,
            "Wind_Speed_kmh": 161.5558815843463,
            "Soil_Moisture": 1.6552676253145737,
            "Soil_Temperature": 28.900574059183374,
            "Wind_Dir_Sin": 150.37484747012894,
            "Wind_Dir_Cos": 40.65721753195404
        }
    }
}