{
    "trial_number": 120,
    "input_chunk_length": 15,
    "output_chunk_length": 13,
    "num_layers": 1,
    "num_blocks": 4,
    "num_stacks": 2,
    "layer_widths": 136,
    "activation": "GELU",
    "dropout": 0.2785132349484845,
    "batch_size": 17,
    "lr": 0.0001932110114557429,
    "forecast_horizon": 12,
    "overall_smape_val": 51.31066963164915,
    "metrics": {
        "MSE": {
            "Temperature": 1.3090427263714683,
            "Precipitation_accumulated": 174.93466789504566,
            "Humidity": 12.9782354916948,
            "Wind_Speed_kmh": 0.2258559537000915,
            "Soil_Moisture": 125555.68091570675,
            "Soil_Temperature": 1.268154819379631,
            "Wind_Dir_Sin": 0.10389641459758892,
            "Wind_Dir_Cos": 0.12226407847789376
        },
        "RMSE": {
            "Temperature": 1.1441340508749263,
            "Precipitation_accumulated": 13.226287003352288,
            "Humidity": 3.602531816888617,
            "Wind_Speed_kmh": 0.4752430469771141,
            "Soil_Moisture": 354.33837065114295,
            "Soil_Temperature": 1.1261238028652227,
            "Wind_Dir_Sin": 0.3223296675727956,
            "Wind_Dir_Cos": 0.34966280682665374
        },
        "MAE": {
            "Temperature": 0.8542601802564124,
            "Precipitation_accumulated": 12.169715727361707,
            "Humidity": 2.2175538678013758,
            "Wind_Speed_kmh": 0.21839525353446412,
            "Soil_Moisture": 125.78568836055977,
            "Soil_Temperature": 0.7120793113566324,
            "Wind_Dir_Sin": 0.19252268837816278,
            "Wind_Dir_Cos": 0.19393816283523319
        },
        "R2": {
            "Temperature": 0.6142029845354595,
            "Precipitation_accumulated": -183.01233100532824,
            "Humidity": 0.800664183408552,
            "Wind_Speed_kmh": 0.3409455056154618,
            "Soil_Moisture": 0.8314447744172379,
            "Soil_Temperature": 0.7733443787670025,
            "Wind_Dir_Sin": 0.35742085222919384,
            "Wind_Dir_Cos": 0.5765174168046034
        },
        "SMAPE": {
            "Temperature": 14.613433987972641,
            "Precipitation_accumulated": 2.6913848916385814,
            "Humidity": 2.628786393446006,
            "Wind_Speed_kmh": 165.33278493298067,
            "Soil_Moisture": 1.9516261272062794,
            "Soil_Temperature": 18.843811238585587,
            "Wind_Dir_Sin": 157.96784743875892,
            "Wind_Dir_Cos": 46.45568204260452
        }
    }
}