{
    "trial_number": 347,
    "input_chunk_length": 17,
    "output_chunk_length": 14,
    "num_layers": 1,
    "num_blocks": 3,
    "num_stacks": 2,
    "layer_widths": 225,
    "activation": "GELU",
    "dropout": 0.2518468710862072,
    "batch_size": 32,
    "lr": 0.0006486549359329969,
    "forecast_horizon": 1,
    "overall_smape_val": 49.19315508649702,
    "metrics": {
        "MSE": {
            "Temperature": 1.0517440559713593,
            "Precipitation_accumulated": 97.28517510840136,
            "Humidity": 7.127861274372985,
            "Wind_Speed_kmh": 0.1404088687507691,
            "Soil_Moisture": 44764.653739256224,
            "Soil_Temperature": 1.7723213653426528,
            "Wind_Dir_Sin": 0.0660708919938136,
            "Wind_Dir_Cos": 0.05557306822315549
        },
        "RMSE": {
            "Temperature": 1.0255457356799644,
            "Precipitation_accumulated": 9.86332474921116,
            "Humidity": 2.669805475006182,
            "Wind_Speed_kmh": 0.374711714189414,
            "Soil_Moisture": 211.57659071659185,
            "Soil_Temperature": 1.3312856062252956,
            "Wind_Dir_Sin": 0.257042587898997,
            "Wind_Dir_Cos": 0.23573940744634847
        },
        "MAE": {
            "Temperature": 0.7269024726335205,
            "Precipitation_accumulated": 8.206290659391708,
            "Humidity": 1.8848647059560482,
            "Wind_Speed_kmh": 0.23130376985363307,
            "Soil_Moisture": 121.5041433122943,
            "Soil_Temperature": 1.032364591134996,
            "Wind_Dir_Sin": 0.1509196140819661,
            "Wind_Dir_Cos": 0.12857667401678122
        },
        "R2": {
            "Temperature": 0.6910585913439744,
            "Precipitation_accumulated": -101.49784947732616,
            "Humidity": 0.8903889036425278,
            "Wind_Speed_kmh": 0.5874065783398625,
            "Soil_Moisture": 0.9395047858304116,
            "Soil_Temperature": 0.6842024773449877,
            "Wind_Dir_Sin": 0.588648307090544,
            "Wind_Dir_Cos": 0.8064283178189436
        },
        "SMAPE": {
            "Temperature": 12.919087625755697,
            "Precipitation_accumulated": 1.8063621128603398,
            "Humidity": 2.2354686880809482,
            "Wind_Speed_kmh": 164.63818871230507,
            "Soil_Moisture": 1.961573275137027,
            "Soil_Temperature": 25.66803061924077,
            "Wind_Dir_Sin": 145.38772629335693,
            "Wind_Dir_Cos": 38.92880336523964
        }
    }
}