{
    "trial_number": 242,
    "input_chunk_length": 16,
    "output_chunk_length": 14,
    "num_layers": 1,
    "num_blocks": 4,
    "num_stacks": 2,
    "layer_widths": 120,
    "activation": "GELU",
    "dropout": 0.2704644178550326,
    "batch_size": 19,
    "lr": 0.00038030805971011114,
    "forecast_horizon": 5,
    "overall_smape_val": 50.86415866967603,
    "metrics": {
        "MSE": {
            "Temperature": 1.0537479050880407,
            "Precipitation_accumulated": 254.1344396359951,
            "Humidity": 10.650257687094454,
            "Wind_Speed_kmh": 0.1590454667856478,
            "Soil_Moisture": 65334.27516339035,
            "Soil_Temperature": 1.0795338055703712,
            "Wind_Dir_Sin": 0.08965219021787822,
            "Wind_Dir_Cos": 0.09780462447117028
        },
        "RMSE": {
            "Temperature": 1.0265222379900207,
            "Precipitation_accumulated": 15.941594639056506,
            "Humidity": 3.263473255152316,
            "Wind_Speed_kmh": 0.3988050485959873,
            "Soil_Moisture": 255.6057025251791,
            "Soil_Temperature": 1.0390061624313742,
            "Wind_Dir_Sin": 0.29941975589108716,
            "Wind_Dir_Cos": 0.31273730904893693
        },
        "MAE": {
            "Temperature": 0.7198934721936804,
            "Precipitation_accumulated": 14.682239396273166,
            "Humidity": 2.079950577026393,
            "Wind_Speed_kmh": 0.22098683382739792,
            "Soil_Moisture": 101.43654849300414,
            "Soil_Temperature": 0.7183117143778763,
            "Wind_Dir_Sin": 0.184240538897518,
            "Wind_Dir_Cos": 0.19646585081538778
        },
        "R2": {
            "Temperature": 0.6900705856229541,
            "Precipitation_accumulated": -266.6205167581842,
            "Humidity": 0.8362506593950405,
            "Wind_Speed_kmh": 0.5336200593677791,
            "Soil_Moisture": 0.9118803508023576,
            "Soil_Temperature": 0.8074551782431936,
            "Wind_Dir_Sin": 0.4429389036808854,
            "Wind_Dir_Cos": 0.6599007233518988
        },
        "SMAPE": {
            "Temperature": 12.851510323990306,
            "Precipitation_accumulated": 3.2574376915670404,
            "Humidity": 2.4506686993396483,
            "Wind_Speed_kmh": 164.00957296906162,
            "Soil_Moisture": 1.6033929248397882,
            "Soil_Temperature": 19.826715873250567,
            "Wind_Dir_Sin": 158.2609720936854,
            "Wind_Dir_Cos": 44.65299878167428
        }
    }
}