{
    "trial_number": 24,
    "input_chunk_length": 72,
    "output_chunk_length": 56,
    "num_layers": 3,
    "num_blocks": 2,
    "num_stacks": 2,
    "layer_widths": 38,
    "activation": "GELU",
    "dropout": 0.18003816881848844,
    "batch_size": 30,
    "lr": 0.0018524068029730982,
    "forecast_horizon": 12,
    "overall_smape_val": 53.6181903470596,
    "metrics": {
        "MSE": {
            "Temperature": 2.3882708907693297,
            "Precipitation_accumulated": 121.86921994218218,
            "Humidity": 16.815533986917124,
            "Wind_Speed_kmh": 0.18604112411964566,
            "Soil_Moisture": 87404.36219184058,
            "Soil_Temperature": 0.9908437486197098,
            "Wind_Dir_Sin": 0.11397262715294651,
            "Wind_Dir_Cos": 0.12559391828510788
        },
        "RMSE": {
            "Temperature": 1.5454031482979869,
            "Precipitation_accumulated": 11.039439294736948,
            "Humidity": 4.100674820918762,
            "Wind_Speed_kmh": 0.4313248475565089,
            "Soil_Moisture": 295.6422875568388,
            "Soil_Temperature": 0.9954113464391039,
            "Wind_Dir_Sin": 0.33759832220102415,
            "Wind_Dir_Cos": 0.3543923225538441
        },
        "MAE": {
            "Temperature": 1.0309627607242022,
            "Precipitation_accumulated": 6.380646882881228,
            "Humidity": 2.9234638589027067,
            "Wind_Speed_kmh": 0.20622218785108307,
            "Soil_Moisture": 149.36681518607406,
            "Soil_Temperature": 0.6919533773575637,
            "Wind_Dir_Sin": 0.20799610580148797,
            "Wind_Dir_Cos": 0.21898675202245002
        },
        "R2": {
            "Temperature": 0.29613620455793743,
            "Precipitation_accumulated": -127.19322498623549,
            "Humidity": 0.7417261999253761,
            "Wind_Speed_kmh": 0.45712638085150237,
            "Soil_Moisture": 0.8826619243453114,
            "Soil_Temperature": 0.8229078169666265,
            "Wind_Dir_Sin": 0.29510143435845015,
            "Wind_Dir_Cos": 0.5649839461340593
        },
        "SMAPE": {
            "Temperature": 17.81911393382002,
            "Precipitation_accumulated": 1.4120747738530954,
            "Humidity": 3.4790368569197425,
            "Wind_Speed_kmh": 168.4501759691636,
            "Soil_Moisture": 2.36645243882064,
            "Soil_Temperature": 24.117313676689086,
            "Wind_Dir_Sin": 159.95005097533766,
            "Wind_Dir_Cos": 51.351304151872924
        }
    }
}