{
    "trial_number": 76,
    "input_chunk_length": 19,
    "output_chunk_length": 16,
    "num_layers": 2,
    "num_blocks": 4,
    "num_stacks": 3,
    "layer_widths": 157,
    "activation": "GELU",
    "dropout": 0.2904820621008733,
    "batch_size": 24,
    "lr": 0.0002349773904674802,
    "forecast_horizon": 11,
    "overall_smape_val": 51.97080489211241,
    "metrics": {
        "MSE": {
            "Temperature": 0.871545857700963,
            "Precipitation_accumulated": 32.272978917945366,
            "Humidity": 14.02284283189368,
            "Wind_Speed_kmh": 0.19474094752928342,
            "Soil_Moisture": 115015.47695620236,
            "Soil_Temperature": 1.1827875711310316,
            "Wind_Dir_Sin": 0.09941602222255612,
            "Wind_Dir_Cos": 0.11602548017351845
        },
        "RMSE": {
            "Temperature": 0.9335662042410078,
            "Precipitation_accumulated": 5.680931166450212,
            "Humidity": 3.744708644460031,
            "Wind_Speed_kmh": 0.44129462667166414,
            "Soil_Moisture": 339.1393179155174,
            "Soil_Temperature": 1.0875603758555346,
            "Wind_Dir_Sin": 0.3153030640868498,
            "Wind_Dir_Cos": 0.3406251314473412
        },
        "MAE": {
            "Temperature": 0.6533188232445168,
            "Precipitation_accumulated": 4.466925839675177,
            "Humidity": 2.5493329018227486,
            "Wind_Speed_kmh": 0.25776650124426764,
            "Soil_Moisture": 157.83912574766074,
            "Soil_Temperature": 0.7706316285787659,
            "Wind_Dir_Sin": 0.18053123938437338,
            "Wind_Dir_Cos": 0.20363162189065484
        },
        "R2": {
            "Temperature": 0.7431884243913465,
            "Precipitation_accumulated": -32.95302418525643,
            "Humidity": 0.784587678733864,
            "Wind_Speed_kmh": 0.4313411463430834,
            "Soil_Moisture": 0.8454916684788081,
            "Soil_Temperature": 0.7886577168944298,
            "Wind_Dir_Sin": 0.3847225748236567,
            "Wind_Dir_Cos": 0.5978995133313427
        },
        "SMAPE": {
            "Temperature": 11.418771857919708,
            "Precipitation_accumulated": 0.9765741024240703,
            "Humidity": 3.051128083614086,
            "Wind_Speed_kmh": 171.76485690676753,
            "Soil_Moisture": 2.518370144692884,
            "Soil_Temperature": 20.370642953233883,
            "Wind_Dir_Sin": 158.19798063774155,
            "Wind_Dir_Cos": 47.46811445050576
        }
    }
}