{
    "trial_number": 33,
    "input_chunk_length": 27,
    "output_chunk_length": 19,
    "num_layers": 5,
    "num_blocks": 2,
    "num_stacks": 5,
    "layer_widths": 174,
    "activation": "GELU",
    "dropout": 0.22551377812283113,
    "batch_size": 16,
    "lr": 0.00014350990520900324,
    "forecast_horizon": 12,
    "overall_smape_val": 53.21628792421595,
    "metrics": {
        "MSE": {
            "Temperature": 1.9323639552739444,
            "Precipitation_accumulated": 84.06974401417176,
            "Humidity": 24.698433439770856,
            "Wind_Speed_kmh": 0.20257656775095903,
            "Soil_Moisture": 140656.4254759862,
            "Soil_Temperature": 1.844115014448791,
            "Wind_Dir_Sin": 0.10992634982012126,
            "Wind_Dir_Cos": 0.11476645363801137
        },
        "RMSE": {
            "Temperature": 1.3900949446976434,
            "Precipitation_accumulated": 9.168955448368791,
            "Humidity": 4.969751848912665,
            "Wind_Speed_kmh": 0.45008506723836,
            "Soil_Moisture": 375.04189829402554,
            "Soil_Temperature": 1.3579819639629942,
            "Wind_Dir_Sin": 0.33155142862023873,
            "Wind_Dir_Cos": 0.33877197882648347
        },
        "MAE": {
            "Temperature": 1.1019106066849462,
            "Precipitation_accumulated": 7.042895521853953,
            "Humidity": 4.050950309273185,
            "Wind_Speed_kmh": 0.21433385862279605,
            "Soil_Moisture": 179.48740248737948,
            "Soil_Temperature": 0.97081934881322,
            "Wind_Dir_Sin": 0.1949665387702787,
            "Wind_Dir_Cos": 0.19079223534306886
        },
        "R2": {
            "Temperature": 0.4304996836868782,
            "Precipitation_accumulated": -87.43226873903767,
            "Humidity": 0.6206508657207817,
            "Wind_Speed_kmh": 0.40887545691823235,
            "Soil_Moisture": 0.8111724188594325,
            "Soil_Temperature": 0.6704037804867862,
            "Wind_Dir_Sin": 0.320126873881476,
            "Wind_Dir_Cos": 0.6024867249984034
        },
        "SMAPE": {
            "Temperature": 18.965507968516476,
            "Precipitation_accumulated": 1.5390820652492219,
            "Humidity": 4.855335948020001,
            "Wind_Speed_kmh": 170.65834803099548,
            "Soil_Moisture": 2.8268568495205386,
            "Soil_Temperature": 22.17017003083649,
            "Wind_Dir_Sin": 159.38531501689405,
            "Wind_Dir_Cos": 45.32968748369555
        }
    }
}