{
    "trial_number": 22,
    "input_chunk_length": 43,
    "output_chunk_length": 34,
    "num_layers": 1,
    "num_blocks": 3,
    "num_stacks": 3,
    "layer_widths": 69,
    "activation": "GELU",
    "dropout": 0.12769794107457055,
    "batch_size": 41,
    "lr": 0.004553981957236648,
    "forecast_horizon": 15,
    "overall_smape_val": 55.28856193751653,
    "metrics": {
        "MSE": {
            "Temperature": 1.9737319081771865,
            "Precipitation_accumulated": 538.3471640826427,
            "Humidity": 23.17979200957477,
            "Wind_Speed_kmh": 0.2093860048608964,
            "Soil_Moisture": 207271.12370157585,
            "Soil_Temperature": 3.0682856203320648,
            "Wind_Dir_Sin": 0.11350376623857299,
            "Wind_Dir_Cos": 0.1190134472219023
        },
        "RMSE": {
            "Temperature": 1.4048956929883394,
            "Precipitation_accumulated": 23.202309455798634,
            "Humidity": 4.814539646692586,
            "Wind_Speed_kmh": 0.457587155480676,
            "Soil_Moisture": 455.27038526745383,
            "Soil_Temperature": 1.7516522543964212,
            "Wind_Dir_Sin": 0.3369032001014134,
            "Wind_Dir_Cos": 0.3449832564370368
        },
        "MAE": {
            "Temperature": 1.0508152634929853,
            "Precipitation_accumulated": 20.34735539012652,
            "Humidity": 3.7300400580860527,
            "Wind_Speed_kmh": 0.2921578484267519,
            "Soil_Moisture": 255.03384715455772,
            "Soil_Temperature": 1.5374943486067183,
            "Wind_Dir_Sin": 0.19166490479486462,
            "Wind_Dir_Cos": 0.24043751369091115
        },
        "R2": {
            "Temperature": 0.41807979179788934,
            "Precipitation_accumulated": -565.0179351910775,
            "Humidity": 0.6442032078464439,
            "Wind_Speed_kmh": 0.3902919443788295,
            "Soil_Moisture": 0.7223063414770619,
            "Soil_Temperature": 0.4512064986479164,
            "Wind_Dir_Sin": 0.29940079403290587,
            "Wind_Dir_Cos": 0.5884729084694319
        },
        "SMAPE": {
            "Temperature": 18.196793651203894,
            "Precipitation_accumulated": 4.522702447685754,
            "Humidity": 4.396726875418153,
            "Wind_Speed_kmh": 166.3797878233007,
            "Soil_Moisture": 3.891143347671134,
            "Soil_Temperature": 32.55911785268209,
            "Wind_Dir_Sin": 159.78694880600332,
            "Wind_Dir_Cos": 52.57527469616738
        }
    }
}