{
    "trial_number": 9,
    "input_chunk_length": 71,
    "output_chunk_length": 4,
    "num_layers": 3,
    "num_blocks": 4,
    "num_stacks": 2,
    "layer_widths": 130,
    "activation": "GELU",
    "dropout": 0.41193363784925563,
    "batch_size": 71,
    "lr": 0.00011699096118017473,
    "loss_function": "smoothl1",
    "optimizer": "Adam",
    "overall_mae_val": 0.25039486727357907,
    "metrics": {
        "MSE": {
            "Temperature": 31.360100851555586,
            "Precipitation_accumulated": 50041.83021709967,
            "Humidity": 341.6089539336911,
            "Wind_Speed_kmh": 1.9725206275733262,
            "Soil_Moisture": 2162636.677047317,
            "Soil_Temperature": 27.010146304949586,
            "Wind_Dir_Sin": 0.6052010759811469,
            "Wind_Dir_Cos": 0.48308236378112296
        },
        "RMSE": {
            "Temperature": 5.600009004595938,
            "Precipitation_accumulated": 223.7003134041159,
            "Humidity": 18.482666310186175,
            "Wind_Speed_kmh": 1.4044645341101805,
            "Soil_Moisture": 1470.5905878412648,
            "Soil_Temperature": 5.19712865964944,
            "Wind_Dir_Sin": 0.7779467051033425,
            "Wind_Dir_Cos": 0.6950412676820873
        },
        "MAE": {
            "Temperature": 4.7519258438212315,
            "Precipitation_accumulated": 219.64277869784274,
            "Humidity": 15.84223992321959,
            "Wind_Speed_kmh": 1.0619099717476217,
            "Soil_Moisture": 1446.662630964589,
            "Soil_Temperature": 4.644151826331741,
            "Wind_Dir_Sin": 0.7228382512369135,
            "Wind_Dir_Cos": 0.5979850239755227
        },
        "R2": {
            "Temperature": -0.03257372468438491,
            "Precipitation_accumulated": -15722.933140084086,
            "Humidity": -1.3236845678724647,
            "Wind_Speed_kmh": -0.4588455455458298,
            "Soil_Moisture": -45.14968793177569,
            "Soil_Temperature": -0.6928158915713161,
            "Wind_Dir_Sin": -0.10491108556698725,
            "Wind_Dir_Cos": -0.3137360024130733
        },
        "SMAPE": {
            "Temperature": 56.2863808139484,
            "Precipitation_accumulated": 62.77152073677011,
            "Humidity": 19.156100239825722,
            "Wind_Speed_kmh": 91.14301997049354,
            "Soil_Moisture": 18.458256380999888,
            "Soil_Temperature": 56.456263778021736,
            "Wind_Dir_Sin": 188.4548127725975,
            "Wind_Dir_Cos": 163.2614528477503
        }
    }
}