{
    "trial_number": 191,
    "input_chunk_length": 13,
    "output_chunk_length": 12,
    "num_layers": 1,
    "num_blocks": 4,
    "num_stacks": 2,
    "layer_widths": 137,
    "activation": "GELU",
    "dropout": 0.2549956562841974,
    "batch_size": 24,
    "lr": 0.00036722034615925065,
    "forecast_horizon": 7,
    "overall_smape_val": 49.55375000883363,
    "metrics": {
        "MSE": {
            "Temperature": 0.8548192167175441,
            "Precipitation_accumulated": 50.71474791391195,
            "Humidity": 11.315069632186239,
            "Wind_Speed_kmh": 0.18201280361100022,
            "Soil_Moisture": 76481.55226866007,
            "Soil_Temperature": 1.427690338072556,
            "Wind_Dir_Sin": 0.09115717909028286,
            "Wind_Dir_Cos": 0.09567155779599557
        },
        "RMSE": {
            "Temperature": 0.9245643388740148,
            "Precipitation_accumulated": 7.121428783180518,
            "Humidity": 3.363787988590577,
            "Wind_Speed_kmh": 0.4266295859536704,
            "Soil_Moisture": 276.5529827513348,
            "Soil_Temperature": 1.1948599658841015,
            "Wind_Dir_Sin": 0.3019224719862416,
            "Wind_Dir_Cos": 0.30930819225490225
        },
        "MAE": {
            "Temperature": 0.6493574552246655,
            "Precipitation_accumulated": 6.140391129548084,
            "Humidity": 2.222218620591244,
            "Wind_Speed_kmh": 0.2305971921474833,
            "Soil_Moisture": 92.52761029327813,
            "Soil_Temperature": 0.8129494594920337,
            "Wind_Dir_Sin": 0.16433319689925444,
            "Wind_Dir_Cos": 0.16349676058876517
        },
        "R2": {
            "Temperature": 0.7483938929649285,
            "Precipitation_accumulated": -52.38879791979488,
            "Humidity": 0.8260798713363069,
            "Wind_Speed_kmh": 0.4670170288552934,
            "Soil_Moisture": 0.8969822777775058,
            "Soil_Temperature": 0.7451972001420101,
            "Wind_Dir_Sin": 0.434337015557125,
            "Wind_Dir_Cos": 0.6676916769140518
        },
        "SMAPE": {
            "Temperature": 11.540642264989152,
            "Precipitation_accumulated": 1.3256796212423878,
            "Humidity": 2.6214649613837646,
            "Wind_Speed_kmh": 161.80742294760455,
            "Soil_Moisture": 1.426366731766731,
            "Soil_Temperature": 19.909314507939516,
            "Wind_Dir_Sin": 154.34391779955115,
            "Wind_Dir_Cos": 43.45519123619178
        }
    }
}