{
    "trial_number": 274,
    "input_chunk_length": 14,
    "output_chunk_length": 12,
    "num_layers": 1,
    "num_blocks": 3,
    "num_stacks": 2,
    "layer_widths": 136,
    "activation": "GELU",
    "dropout": 0.2353374967451195,
    "batch_size": 22,
    "lr": 0.0008600090264321777,
    "forecast_horizon": 3,
    "overall_smape_val": 50.9377397377164,
    "metrics": {
        "MSE": {
            "Temperature": 2.6125300700229004,
            "Precipitation_accumulated": 64.76528791221523,
            "Humidity": 12.646781359911545,
            "Wind_Speed_kmh": 0.1482886194818355,
            "Soil_Moisture": 58271.949759462026,
            "Soil_Temperature": 1.1915534893945385,
            "Wind_Dir_Sin": 0.08401719470920353,
            "Wind_Dir_Cos": 0.07259546312135642
        },
        "RMSE": {
            "Temperature": 1.6163322894822403,
            "Precipitation_accumulated": 8.047688358293655,
            "Humidity": 3.556231342293629,
            "Wind_Speed_kmh": 0.38508261383998565,
            "Soil_Moisture": 241.39583625129498,
            "Soil_Temperature": 1.0915830199277279,
            "Wind_Dir_Sin": 0.2898571970974734,
            "Wind_Dir_Cos": 0.2694354526066613
        },
        "MAE": {
            "Temperature": 1.3086234261535565,
            "Precipitation_accumulated": 6.786097555522618,
            "Humidity": 2.447654976380361,
            "Wind_Speed_kmh": 0.21665168662115264,
            "Soil_Moisture": 96.01495247355577,
            "Soil_Temperature": 0.7929885531786148,
            "Wind_Dir_Sin": 0.17429854609238266,
            "Wind_Dir_Cos": 0.15469850549930775
        },
        "R2": {
            "Temperature": 0.23222351100323213,
            "Precipitation_accumulated": -67.2243431251062,
            "Humidity": 0.8055234627755499,
            "Wind_Speed_kmh": 0.5645555835283762,
            "Soil_Moisture": 0.9213020577602352,
            "Soil_Temperature": 0.7876159314754763,
            "Wind_Dir_Sin": 0.4772615889074019,
            "Wind_Dir_Cos": 0.747277840536042
        },
        "SMAPE": {
            "Temperature": 22.54959158364032,
            "Precipitation_accumulated": 1.4795459237484287,
            "Humidity": 2.88188675394839,
            "Wind_Speed_kmh": 164.6549592386543,
            "Soil_Moisture": 1.5254733787156531,
            "Soil_Temperature": 19.533143918633826,
            "Wind_Dir_Sin": 153.08165988028196,
            "Wind_Dir_Cos": 41.795657224108496
        }
    }
}