{
    "trial_number": 0,
    "input_chunk_length": 81,
    "output_chunk_length": 25,
    "num_layers": 2,
    "num_blocks": 4,
    "num_stacks": 2,
    "layer_widths": 69,
    "activation": "GELU",
    "dropout": 0.05162129052063117,
    "batch_size": 50,
    "lr": 0.0036924358748126706,
    "forecast_horizon": 18,
    "overall_smape_val": 56.523312627062,
    "metrics": {
        "MSE": {
            "Temperature": 4.3814631435774025,
            "Precipitation_accumulated": 544.3201535807593,
            "Humidity": 26.324290684257615,
            "Wind_Speed_kmh": 0.29537780115397666,
            "Soil_Moisture": 181234.7053928756,
            "Soil_Temperature": 5.415788611863118,
            "Wind_Dir_Sin": 0.1286382779606712,
            "Wind_Dir_Cos": 0.1414329045289491
        },
        "RMSE": {
            "Temperature": 2.0931944829798788,
            "Precipitation_accumulated": 23.330669805660516,
            "Humidity": 5.1307202890293695,
            "Wind_Speed_kmh": 0.5434867074308043,
            "Soil_Moisture": 425.7166961640988,
            "Soil_Temperature": 2.3271846965514187,
            "Wind_Dir_Sin": 0.3586617877062891,
            "Wind_Dir_Cos": 0.37607566330320963
        },
        "MAE": {
            "Temperature": 1.6601954528457281,
            "Precipitation_accumulated": 17.48911271180037,
            "Humidity": 3.874994287639581,
            "Wind_Speed_kmh": 0.29463228950937903,
            "Soil_Moisture": 185.70768470887455,
            "Soil_Temperature": 1.7561550227893103,
            "Wind_Dir_Sin": 0.23143017406035818,
            "Wind_Dir_Cos": 0.2391285785332534
        },
        "R2": {
            "Temperature": -0.29575238125141645,
            "Precipitation_accumulated": -571.0337592034333,
            "Humidity": 0.5957761969121242,
            "Wind_Speed_kmh": 0.1417086689129603,
            "Soil_Moisture": 0.757671190922893,
            "Soil_Temperature": 0.030230474908400917,
            "Wind_Dir_Sin": 0.20756942822926538,
            "Wind_Dir_Cos": 0.5117776765701741
        },
        "SMAPE": {
            "Temperature": 25.887774975240188,
            "Precipitation_accumulated": 3.8127673382179217,
            "Humidity": 4.565178926104653,
            "Wind_Speed_kmh": 171.91103577500462,
            "Soil_Moisture": 2.8104682731384703,
            "Soil_Temperature": 32.097605424341765,
            "Wind_Dir_Sin": 162.45825187528953,
            "Wind_Dir_Cos": 48.64341842915878
        }
    }
}