{
    "trial_number": 36,
    "input_chunk_length": 44,
    "output_chunk_length": 1,
    "num_layers": 1,
    "num_blocks": 3,
    "num_stacks": 2,
    "layer_widths": 241,
    "activation": "ReLU",
    "dropout": 0.13935607454375976,
    "batch_size": 130,
    "lr": 0.00026137513582092736,
    "loss_function": "huber",
    "optimizer": "AdamW",
    "overall_mae_val": 0.11598708719544254,
    "metrics": {
        "MSE": {
            "Temperature": 7.846933602835423,
            "Precipitation_accumulated": 1291.538528947802,
            "Humidity": 47.427017001721055,
            "Wind_Speed_kmh": 1.1926781529645796,
            "Soil_Moisture": 115582.12914971121,
            "Soil_Temperature": 11.28541153911443,
            "Wind_Dir_Sin": 0.4425319932659408,
            "Wind_Dir_Cos": 0.3111797666186553
        },
        "RMSE": {
            "Temperature": 2.8012378697346327,
            "Precipitation_accumulated": 35.93798170387149,
            "Humidity": 6.886727597467542,
            "Wind_Speed_kmh": 1.0920980509846996,
            "Soil_Moisture": 339.9737183220362,
            "Soil_Temperature": 3.359376659309645,
            "Wind_Dir_Sin": 0.6652307819591189,
            "Wind_Dir_Cos": 0.5578348918978225
        },
        "MAE": {
            "Temperature": 2.207523726994414,
            "Precipitation_accumulated": 30.721594928050994,
            "Humidity": 5.56152715369737,
            "Wind_Speed_kmh": 0.8590268461694559,
            "Soil_Moisture": 265.45021497018683,
            "Soil_Temperature": 2.7776891010539466,
            "Wind_Dir_Sin": 0.5524327185213553,
            "Wind_Dir_Cos": 0.4661987817341397
        },
        "R2": {
            "Temperature": 0.7430401704064882,
            "Precipitation_accumulated": -384.2673126066767,
            "Humidity": 0.6766703738320625,
            "Wind_Speed_kmh": 0.11469850740081688,
            "Soil_Moisture": -1.1482679460755114,
            "Soil_Temperature": 0.3000426358659073,
            "Wind_Dir_Sin": 0.19768003030012837,
            "Wind_Dir_Cos": 0.15096760959576783
        },
        "SMAPE": {
            "Temperature": 36.349761044907794,
            "Precipitation_accumulated": 6.917339599971475,
            "Humidity": 6.614287410141884,
            "Wind_Speed_kmh": 70.80731310007937,
            "Soil_Moisture": 3.0505759290315244,
            "Soil_Temperature": 56.98601026466252,
            "Wind_Dir_Sin": 114.44807631071005,
            "Wind_Dir_Cos": 118.48502306261959
        }
    }
}