{
    "trial_number": 326,
    "input_chunk_length": 18,
    "output_chunk_length": 16,
    "num_layers": 1,
    "num_blocks": 3,
    "num_stacks": 2,
    "layer_widths": 124,
    "activation": "GELU",
    "dropout": 0.2476671254803832,
    "batch_size": 23,
    "lr": 0.0005644330093685261,
    "forecast_horizon": 2,
    "overall_smape_val": 50.23424016953531,
    "metrics": {
        "MSE": {
            "Temperature": 1.1207257426830568,
            "Precipitation_accumulated": 76.33377204831422,
            "Humidity": 9.14726550307472,
            "Wind_Speed_kmh": 0.1348542457356962,
            "Soil_Moisture": 51707.99310870273,
            "Soil_Temperature": 1.408790827949464,
            "Wind_Dir_Sin": 0.07547965080398752,
            "Wind_Dir_Cos": 0.06130723518115118
        },
        "RMSE": {
            "Temperature": 1.0586433500868253,
            "Precipitation_accumulated": 8.736920055048817,
            "Humidity": 3.024444660276448,
            "Wind_Speed_kmh": 0.3672250614210531,
            "Soil_Moisture": 227.3939161646651,
            "Soil_Temperature": 1.1869249462158356,
            "Wind_Dir_Sin": 0.2747356016318008,
            "Wind_Dir_Cos": 0.24760297894240121
        },
        "MAE": {
            "Temperature": 0.7725204860254197,
            "Precipitation_accumulated": 6.443080532807277,
            "Humidity": 2.2707171292433777,
            "Wind_Speed_kmh": 0.1829170682670065,
            "Soil_Moisture": 98.39901921270226,
            "Soil_Temperature": 0.9101517873591906,
            "Wind_Dir_Sin": 0.15122511500841415,
            "Wind_Dir_Cos": 0.13426378533818786
        },
        "R2": {
            "Temperature": 0.670795772321434,
            "Precipitation_accumulated": -79.42384123507598,
            "Humidity": 0.8593348324455005,
            "Wind_Speed_kmh": 0.6037289156409992,
            "Soil_Moisture": 0.9301215165069532,
            "Soil_Temperature": 0.7489774359744681,
            "Wind_Dir_Sin": 0.5300701836847909,
            "Wind_Dir_Cos": 0.7864551117416918
        },
        "SMAPE": {
            "Temperature": 13.262240961136541,
            "Precipitation_accumulated": 1.4171336918393316,
            "Humidity": 2.732678509854935,
            "Wind_Speed_kmh": 166.14692081426261,
            "Soil_Moisture": 1.5534351562799045,
            "Soil_Temperature": 22.647298861414512,
            "Wind_Dir_Sin": 155.63023382767201,
            "Wind_Dir_Cos": 38.48397953382251
        }
    }
}