{
    "trial_number": 3,
    "input_chunk_length": 91,
    "output_chunk_length": 34,
    "num_layers": 5,
    "num_blocks": 4,
    "num_stacks": 3,
    "layer_widths": 229,
    "activation": "ReLU",
    "dropout": 0.07910093973040506,
    "batch_size": 29,
    "lr": 1.1020105982924549e-05,
    "forecast_horizon": 3,
    "overall_smape_val": 55.4797204234773,
    "metrics": {
        "MSE": {
            "Temperature": 2.052518431974079,
            "Precipitation_accumulated": 467.43798048618385,
            "Humidity": 25.170968982609146,
            "Wind_Speed_kmh": 0.23380647511396144,
            "Soil_Moisture": 102192.39171755937,
            "Soil_Temperature": 0.6776089771558806,
            "Wind_Dir_Sin": 0.13851217929984452,
            "Wind_Dir_Cos": 0.14912250041246214
        },
        "RMSE": {
            "Temperature": 1.4326613109783062,
            "Precipitation_accumulated": 21.620314070017205,
            "Humidity": 5.017067767392538,
            "Wind_Speed_kmh": 0.48353539179046806,
            "Soil_Moisture": 319.6754474737767,
            "Soil_Temperature": 0.8231700779036375,
            "Wind_Dir_Sin": 0.37217224412876965,
            "Wind_Dir_Cos": 0.38616382587246845
        },
        "MAE": {
            "Temperature": 1.0162871700139486,
            "Precipitation_accumulated": 13.255632171859379,
            "Humidity": 4.1978915232896234,
            "Wind_Speed_kmh": 0.2858525389674159,
            "Soil_Moisture": 189.56083792064555,
            "Soil_Temperature": 0.595359025490265,
            "Wind_Dir_Sin": 0.23005004413323787,
            "Wind_Dir_Cos": 0.2941057710854092
        },
        "R2": {
            "Temperature": 0.3968010499154193,
            "Precipitation_accumulated": -491.4034185352751,
            "Humidity": 0.6129321171125153,
            "Wind_Speed_kmh": 0.3134353500690773,
            "Soil_Moisture": 0.8619862391093922,
            "Soil_Temperature": 0.8792220804873532,
            "Wind_Dir_Sin": 0.13820454521504955,
            "Wind_Dir_Cos": 0.4808689316314091
        },
        "SMAPE": {
            "Temperature": 18.245517434793474,
            "Precipitation_accumulated": 2.9902519337377425,
            "Humidity": 4.981087581661435,
            "Wind_Speed_kmh": 176.82132100626416,
            "Soil_Moisture": 2.9435241631806885,
            "Soil_Temperature": 19.147323705356726,
            "Wind_Dir_Sin": 162.5835154110737,
            "Wind_Dir_Cos": 56.12522215175066
        }
    }
}