{
    "trial_number": 235,
    "input_chunk_length": 19,
    "output_chunk_length": 16,
    "num_layers": 1,
    "num_blocks": 4,
    "num_stacks": 2,
    "layer_widths": 128,
    "activation": "GELU",
    "dropout": 0.2725306498171088,
    "batch_size": 18,
    "lr": 0.00045935887408497496,
    "forecast_horizon": 4,
    "overall_smape_val": 51.77109086485415,
    "metrics": {
        "MSE": {
            "Temperature": 2.01523059605356,
            "Precipitation_accumulated": 75.89627648046998,
            "Humidity": 11.30414674347398,
            "Wind_Speed_kmh": 0.16884427341416658,
            "Soil_Moisture": 68344.2944624108,
            "Soil_Temperature": 1.9336192964697134,
            "Wind_Dir_Sin": 0.086676256124808,
            "Wind_Dir_Cos": 0.08043916867066207
        },
        "RMSE": {
            "Temperature": 1.4195881783297437,
            "Precipitation_accumulated": 8.71184690409961,
            "Humidity": 3.362163997111679,
            "Wind_Speed_kmh": 0.41090664805301774,
            "Soil_Moisture": 261.42741719722284,
            "Soil_Temperature": 1.3905464021274923,
            "Wind_Dir_Sin": 0.2944083153119287,
            "Wind_Dir_Cos": 0.2836179977904471
        },
        "MAE": {
            "Temperature": 1.1966478834717762,
            "Precipitation_accumulated": 6.954029420494761,
            "Humidity": 2.1676682676600083,
            "Wind_Speed_kmh": 0.18808666009000358,
            "Soil_Moisture": 106.31820282347495,
            "Soil_Temperature": 1.0858515556430417,
            "Wind_Dir_Sin": 0.16287304144358372,
            "Wind_Dir_Cos": 0.15839607331583744
        },
        "R2": {
            "Temperature": 0.40750884081346517,
            "Precipitation_accumulated": -78.9368068370049,
            "Humidity": 0.8261813580888219,
            "Wind_Speed_kmh": 0.5045404818714947,
            "Soil_Moisture": 0.9077596364777202,
            "Soil_Temperature": 0.6552355480863479,
            "Wind_Dir_Sin": 0.4610737760031899,
            "Wind_Dir_Cos": 0.7201291240720009
        },
        "SMAPE": {
            "Temperature": 19.328944575326133,
            "Precipitation_accumulated": 1.5241258329536354,
            "Humidity": 2.5528466060772286,
            "Wind_Speed_kmh": 166.13764965654045,
            "Soil_Moisture": 1.6353357446639702,
            "Soil_Temperature": 23.10042860222277,
            "Wind_Dir_Sin": 158.13351201119258,
            "Wind_Dir_Cos": 41.75588388985621
        }
    }
}