{
    "trial_number": 19,
    "input_chunk_length": 27,
    "output_chunk_length": 18,
    "num_layers": 3,
    "num_blocks": 4,
    "num_stacks": 2,
    "layer_widths": 207,
    "activation": "GELU",
    "dropout": 0.22846478446892227,
    "batch_size": 16,
    "lr": 0.003623216027283121,
    "forecast_horizon": 19,
    "overall_smape_val": 55.83777496274131,
    "metrics": {
        "MSE": {
            "Temperature": 2.395601941248992,
            "Precipitation_accumulated": 441.7982241299594,
            "Humidity": 67.1360213044279,
            "Wind_Speed_kmh": 0.215299017047406,
            "Soil_Moisture": 204697.1992432672,
            "Soil_Temperature": 3.299092578571016,
            "Wind_Dir_Sin": 0.1416176759024066,
            "Wind_Dir_Cos": 0.15345533385243357
        },
        "RMSE": {
            "Temperature": 1.5477732202260743,
            "Precipitation_accumulated": 21.01899674413504,
            "Humidity": 8.19365738266056,
            "Wind_Speed_kmh": 0.4640032511172804,
            "Soil_Moisture": 452.4347458399578,
            "Soil_Temperature": 1.8163404357584003,
            "Wind_Dir_Sin": 0.3763212403019614,
            "Wind_Dir_Cos": 0.39173375378237907
        },
        "MAE": {
            "Temperature": 1.2158743660847822,
            "Precipitation_accumulated": 16.734657917433264,
            "Humidity": 7.1055360855401,
            "Wind_Speed_kmh": 0.24028474023595323,
            "Soil_Moisture": 243.7453308030852,
            "Soil_Temperature": 1.332245352115426,
            "Wind_Dir_Sin": 0.22420203649981033,
            "Wind_Dir_Cos": 0.2406384079153227
        },
        "R2": {
            "Temperature": 0.2910569417796267,
            "Precipitation_accumulated": -463.2212240922298,
            "Humidity": -0.030969976127165344,
            "Wind_Speed_kmh": 0.37483782850158665,
            "Soil_Moisture": 0.7264794400957514,
            "Soil_Temperature": 0.4090359777721795,
            "Wind_Dir_Sin": 0.12819643273665537,
            "Wind_Dir_Cos": 0.47057569296082247
        },
        "SMAPE": {
            "Temperature": 20.1419187597626,
            "Precipitation_accumulated": 3.5949960355505346,
            "Humidity": 8.397362816178713,
            "Wind_Speed_kmh": 170.7905110809027,
            "Soil_Moisture": 3.808759890514264,
            "Soil_Temperature": 25.868067327037334,
            "Wind_Dir_Sin": 166.9895202883866,
            "Wind_Dir_Cos": 47.11106350359799
        }
    }
}