{
    "trial_number": 2,
    "input_chunk_length": 86,
    "output_chunk_length": 60,
    "num_layers": 1,
    "num_blocks": 3,
    "num_stacks": 1,
    "layer_widths": 170,
    "activation": "GELU",
    "dropout": 0.27441071653549626,
    "batch_size": 56,
    "lr": 1.540889933222552e-05,
    "forecast_horizon": 10,
    "overall_smape_val": 113.66701546604563,
    "metrics": {
        "MSE": {
            "Temperature": 144.22003459497975,
            "Precipitation_accumulated": 60018.59935977987,
            "Humidity": 897.6173828559425,
            "Wind_Speed_kmh": 10.158630353187153,
            "Soil_Moisture": 2699923.2688976736,
            "Soil_Temperature": 266.829653102787,
            "Wind_Dir_Sin": 0.20619949587597147,
            "Wind_Dir_Cos": 0.9218522992940741
        },
        "RMSE": {
            "Temperature": 12.009164608538754,
            "Precipitation_accumulated": 244.98693712069604,
            "Humidity": 29.96026339763959,
            "Wind_Speed_kmh": 3.1872606346496286,
            "Soil_Moisture": 1643.1443238187185,
            "Soil_Temperature": 16.334921276295976,
            "Wind_Dir_Sin": 0.4540919464997937,
            "Wind_Dir_Cos": 0.9601313968900684
        },
        "MAE": {
            "Temperature": 11.873837358493239,
            "Precipitation_accumulated": 244.9675950345156,
            "Humidity": 28.863521488253795,
            "Wind_Speed_kmh": 3.1416994005559045,
            "Soil_Moisture": 1612.2540010923278,
            "Soil_Temperature": 16.17986307477166,
            "Wind_Dir_Sin": 0.27956154322805227,
            "Wind_Dir_Cos": 0.9017833477923047
        },
        "R2": {
            "Temperature": -41.488202299400236,
            "Precipitation_accumulated": -63151.99220091051,
            "Humidity": -12.790996937755791,
            "Wind_Speed_kmh": -28.684806130139936,
            "Soil_Moisture": -2.6294178222060793,
            "Soil_Temperature": -46.66469363400185,
            "Wind_Dir_Sin": -0.2769989625641398,
            "Wind_Dir_Cos": -2.196590557252048
        },
        "SMAPE": {
            "Temperature": 96.99871578725897,
            "Precipitation_accumulated": 72.68897605332805,
            "Humidity": 41.12694756921242,
            "Wind_Speed_kmh": 186.70414736351998,
            "Soil_Moisture": 24.223277953710895,
            "Soil_Temperature": 111.29142097137033,
            "Wind_Dir_Sin": 190.13417787097364,
            "Wind_Dir_Cos": 186.16846015899114
        }
    }
}