{
    "trial_number": 291,
    "input_chunk_length": 16,
    "output_chunk_length": 14,
    "num_layers": 1,
    "num_blocks": 3,
    "num_stacks": 2,
    "layer_widths": 117,
    "activation": "GELU",
    "dropout": 0.23283226014271016,
    "batch_size": 23,
    "lr": 0.0008424914059790141,
    "forecast_horizon": 2,
    "overall_smape_val": 51.618293273076006,
    "metrics": {
        "MSE": {
            "Temperature": 1.5268147124658822,
            "Precipitation_accumulated": 242.92829432781332,
            "Humidity": 13.334960340646003,
            "Wind_Speed_kmh": 0.14166102566740899,
            "Soil_Moisture": 62896.34908864691,
            "Soil_Temperature": 2.198383014398011,
            "Wind_Dir_Sin": 0.07787413622528126,
            "Wind_Dir_Cos": 0.0721043453289122
        },
        "RMSE": {
            "Temperature": 1.2356434406680117,
            "Precipitation_accumulated": 15.58615713791611,
            "Humidity": 3.6517064970566846,
            "Wind_Speed_kmh": 0.37637883265057426,
            "Soil_Moisture": 250.79144540563362,
            "Soil_Temperature": 1.4826945114884627,
            "Wind_Dir_Sin": 0.27905937759781746,
            "Wind_Dir_Cos": 0.26852252294530565
        },
        "MAE": {
            "Temperature": 0.9290376793545762,
            "Precipitation_accumulated": 13.75389857918244,
            "Humidity": 2.892503443770576,
            "Wind_Speed_kmh": 0.1896120776755458,
            "Soil_Moisture": 136.2684556701831,
            "Soil_Temperature": 1.2378052511185076,
            "Wind_Dir_Sin": 0.15432324052034152,
            "Wind_Dir_Cos": 0.16182687229502377
        },
        "R2": {
            "Temperature": 0.5515103837783902,
            "Precipitation_accumulated": -254.9447286603641,
            "Humidity": 0.7949371394085953,
            "Wind_Speed_kmh": 0.5837270977537117,
            "Soil_Moisture": 0.9150015069754428,
            "Soil_Temperature": 0.6082855381819945,
            "Wind_Dir_Sin": 0.5151623233249153,
            "Wind_Dir_Cos": 0.7488467010344815
        },
        "SMAPE": {
            "Temperature": 16.534537178536976,
            "Precipitation_accumulated": 3.0509954867567814,
            "Humidity": 3.4526745754098727,
            "Wind_Speed_kmh": 166.13836547886308,
            "Soil_Moisture": 2.1916846177597886,
            "Soil_Temperature": 26.41739630968031,
            "Wind_Dir_Sin": 155.46192094691733,
            "Wind_Dir_Cos": 39.698771590683904
        }
    }
}