{
    "trial_number": 42,
    "input_chunk_length": 43,
    "output_chunk_length": 1,
    "num_layers": 1,
    "num_blocks": 4,
    "num_stacks": 3,
    "layer_widths": 224,
    "activation": "ReLU",
    "dropout": 0.1811076338274949,
    "batch_size": 80,
    "lr": 0.0002690380285600805,
    "loss_function": "huber",
    "optimizer": "AdamW",
    "overall_mae_val": 0.11902782619681163,
    "metrics": {
        "MSE": {
            "Temperature": 7.82123077215776,
            "Precipitation_accumulated": 1597.0227290390214,
            "Humidity": 55.848075961312304,
            "Wind_Speed_kmh": 1.234274538788733,
            "Soil_Moisture": 102277.23265159913,
            "Soil_Temperature": 7.974234613648585,
            "Wind_Dir_Sin": 0.4359107625025532,
            "Wind_Dir_Cos": 0.35119548528512023
        },
        "RMSE": {
            "Temperature": 2.796646343776374,
            "Precipitation_accumulated": 39.96276678408317,
            "Humidity": 7.473157027743516,
            "Wind_Speed_kmh": 1.1109790901671972,
            "Soil_Moisture": 319.80811848919524,
            "Soil_Temperature": 2.8238687316602706,
            "Wind_Dir_Sin": 0.6602353841642791,
            "Wind_Dir_Cos": 0.5926174864827397
        },
        "MAE": {
            "Temperature": 2.210191923346988,
            "Precipitation_accumulated": 33.10063368944874,
            "Humidity": 5.89216923145901,
            "Wind_Speed_kmh": 0.918035965387868,
            "Soil_Moisture": 259.54153034809514,
            "Soil_Temperature": 2.2960435812232576,
            "Wind_Dir_Sin": 0.5616797043710617,
            "Wind_Dir_Cos": 0.49372453829902857
        },
        "R2": {
            "Temperature": 0.7439801914428423,
            "Precipitation_accumulated": -474.6266541462504,
            "Humidity": 0.6192923025248549,
            "Wind_Speed_kmh": 0.08418183672670776,
            "Soil_Moisture": -0.8946813525791639,
            "Soil_Temperature": 0.5055592043419745,
            "Wind_Dir_Sin": 0.21043528066145523,
            "Wind_Dir_Cos": 0.0412730075142993
        },
        "SMAPE": {
            "Temperature": 36.355465267567425,
            "Precipitation_accumulated": 7.496185071408778,
            "Humidity": 7.000864192580813,
            "Wind_Speed_kmh": 71.90956379648729,
            "Soil_Moisture": 3.0595893348212404,
            "Soil_Temperature": 46.92257447912033,
            "Wind_Dir_Sin": 118.55347617903976,
            "Wind_Dir_Cos": 118.34003854929703
        }
    }
}