{
    "trial_number": 25,
    "input_chunk_length": 36,
    "output_chunk_length": 18,
    "num_layers": 5,
    "num_blocks": 4,
    "num_stacks": 3,
    "layer_widths": 201,
    "activation": "ReLU",
    "dropout": 0.23843615623550238,
    "batch_size": 33,
    "lr": 0.00046452470457549773,
    "forecast_horizon": 11,
    "overall_smape_val": 53.620976401747726,
    "metrics": {
        "MSE": {
            "Temperature": 2.1220956194333125,
            "Precipitation_accumulated": 190.64465641579017,
            "Humidity": 15.713740906557131,
            "Wind_Speed_kmh": 0.20658977043106508,
            "Soil_Moisture": 98291.55301102628,
            "Soil_Temperature": 1.0184512562540722,
            "Wind_Dir_Sin": 0.09363879754427978,
            "Wind_Dir_Cos": 0.10706330164966643
        },
        "RMSE": {
            "Temperature": 1.4567414387712434,
            "Precipitation_accumulated": 13.807413096441714,
            "Humidity": 3.964056117987879,
            "Wind_Speed_kmh": 0.4545214741143317,
            "Soil_Moisture": 313.51483698706556,
            "Soil_Temperature": 1.0091834601568102,
            "Wind_Dir_Sin": 0.30600457111664164,
            "Wind_Dir_Cos": 0.3272052897641883
        },
        "MAE": {
            "Temperature": 0.9648232436002969,
            "Precipitation_accumulated": 9.883411121891863,
            "Humidity": 3.1761670189085436,
            "Wind_Speed_kmh": 0.2391493646836031,
            "Soil_Moisture": 176.1356729621212,
            "Soil_Temperature": 0.7999078617157802,
            "Wind_Dir_Sin": 0.16663461491324036,
            "Wind_Dir_Cos": 0.20443476817288028
        },
        "R2": {
            "Temperature": 0.37469874384294455,
            "Precipitation_accumulated": -199.56910911548795,
            "Humidity": 0.7586128971824897,
            "Wind_Speed_kmh": 0.3967416533551088,
            "Soil_Moisture": 0.8679580847702473,
            "Soil_Temperature": 0.8180215797138886,
            "Wind_Dir_Sin": 0.4204773339182989,
            "Wind_Dir_Cos": 0.6289590387102757
        },
        "SMAPE": {
            "Temperature": 16.63661692232788,
            "Precipitation_accumulated": 2.1365879043117224,
            "Humidity": 3.810684371158129,
            "Wind_Speed_kmh": 173.71083476767674,
            "Soil_Moisture": 2.7347857385181054,
            "Soil_Temperature": 23.431693475698506,
            "Wind_Dir_Sin": 156.90613377792994,
            "Wind_Dir_Cos": 49.60047425636072
        }
    }
}