{
    "trial_number": 220,
    "input_chunk_length": 19,
    "output_chunk_length": 16,
    "num_layers": 1,
    "num_blocks": 4,
    "num_stacks": 2,
    "layer_widths": 86,
    "activation": "GELU",
    "dropout": 0.27201256042548044,
    "batch_size": 21,
    "lr": 0.0005110657623046839,
    "forecast_horizon": 8,
    "overall_smape_val": 52.208494403202124,
    "metrics": {
        "MSE": {
            "Temperature": 1.2524417904368712,
            "Precipitation_accumulated": 110.6430180756082,
            "Humidity": 12.547292856344194,
            "Wind_Speed_kmh": 0.17847204182125392,
            "Soil_Moisture": 88924.36699386168,
            "Soil_Temperature": 1.122676299276611,
            "Wind_Dir_Sin": 0.10109960271874734,
            "Wind_Dir_Cos": 0.10270660180760433
        },
        "RMSE": {
            "Temperature": 1.1191254578629115,
            "Precipitation_accumulated": 10.518698497229027,
            "Humidity": 3.542215811655777,
            "Wind_Speed_kmh": 0.4224595150085437,
            "Soil_Moisture": 298.20188965508197,
            "Soil_Temperature": 1.0595642025269687,
            "Wind_Dir_Sin": 0.3179616371808828,
            "Wind_Dir_Cos": 0.32047870726087924
        },
        "MAE": {
            "Temperature": 0.8412877040483593,
            "Precipitation_accumulated": 7.9599083332739475,
            "Humidity": 2.3035384706170885,
            "Wind_Speed_kmh": 0.19986931855350118,
            "Soil_Moisture": 135.0347932424537,
            "Soil_Temperature": 0.7959327237953747,
            "Wind_Dir_Sin": 0.18504997915344398,
            "Wind_Dir_Cos": 0.1862712959561465
        },
        "R2": {
            "Temperature": 0.6312370010190136,
            "Precipitation_accumulated": -115.45826690849756,
            "Humidity": 0.8071736286637958,
            "Wind_Speed_kmh": 0.47775091829832383,
            "Soil_Moisture": 0.8803022543427259,
            "Soil_Temperature": 0.7995734771452513,
            "Wind_Dir_Sin": 0.3730563089181065,
            "Wind_Dir_Cos": 0.6434564340879456
        },
        "SMAPE": {
            "Temperature": 14.351081387082914,
            "Precipitation_accumulated": 1.7533324005455344,
            "Humidity": 2.7422337970546136,
            "Wind_Speed_kmh": 170.51186935853295,
            "Soil_Moisture": 2.1664553611805046,
            "Soil_Temperature": 20.592192133890638,
            "Wind_Dir_Sin": 158.7159151118228,
            "Wind_Dir_Cos": 46.834875675507185
        }
    }
}