{
    "trial_number": 384,
    "input_chunk_length": 15,
    "output_chunk_length": 13,
    "num_layers": 1,
    "num_blocks": 3,
    "num_stacks": 4,
    "layer_widths": 122,
    "activation": "GELU",
    "dropout": 0.20803217051207018,
    "batch_size": 23,
    "lr": 0.000727688522395991,
    "forecast_horizon": 2,
    "overall_smape_val": 51.827130704520144,
    "metrics": {
        "MSE": {
            "Temperature": 1.3796671334154063,
            "Precipitation_accumulated": 110.33981554579493,
            "Humidity": 10.677114175894337,
            "Wind_Speed_kmh": 0.14966280373139282,
            "Soil_Moisture": 41830.75327089085,
            "Soil_Temperature": 1.2400164018334345,
            "Wind_Dir_Sin": 0.0691749967062646,
            "Wind_Dir_Cos": 0.06952078566309695
        },
        "RMSE": {
            "Temperature": 1.1745923264756186,
            "Precipitation_accumulated": 10.504276060052636,
            "Humidity": 3.2675853739258804,
            "Wind_Speed_kmh": 0.38686277118817314,
            "Soil_Moisture": 204.5256787567049,
            "Soil_Temperature": 1.1135602371822706,
            "Wind_Dir_Sin": 0.26301140033516535,
            "Wind_Dir_Cos": 0.2636679458392638
        },
        "MAE": {
            "Temperature": 0.9273014997900666,
            "Precipitation_accumulated": 8.51511056807238,
            "Humidity": 2.7161804388389834,
            "Wind_Speed_kmh": 0.2629628227832278,
            "Soil_Moisture": 114.75437975039341,
            "Soil_Temperature": 0.8855966108710545,
            "Wind_Dir_Sin": 0.14289356239878828,
            "Wind_Dir_Cos": 0.16700318579702542
        },
        "R2": {
            "Temperature": 0.594733808806633,
            "Precipitation_accumulated": -115.25197562287316,
            "Humidity": 0.8358090673058678,
            "Wind_Speed_kmh": 0.5602137611663742,
            "Soil_Moisture": 0.9434696760364174,
            "Soil_Temperature": 0.7790501680969852,
            "Wind_Dir_Sin": 0.5693224180355801,
            "Wind_Dir_Cos": 0.7578457361159854
        },
        "SMAPE": {
            "Temperature": 15.442708052022303,
            "Precipitation_accumulated": 1.845887035215511,
            "Humidity": 3.2416619760647807,
            "Wind_Speed_kmh": 170.41611045957117,
            "Soil_Moisture": 1.8439820921305505,
            "Soil_Temperature": 25.749432576014744,
            "Wind_Dir_Sin": 154.09216068581534,
            "Wind_Dir_Cos": 41.985102759326644
        }
    }
}