{
    "trial_number": 102,
    "input_chunk_length": 18,
    "output_chunk_length": 15,
    "num_layers": 1,
    "num_blocks": 4,
    "num_stacks": 2,
    "layer_widths": 119,
    "activation": "GELU",
    "dropout": 0.26514963897207033,
    "batch_size": 46,
    "lr": 0.00212852581098325,
    "forecast_horizon": 6,
    "overall_smape_val": 51.083981795697454,
    "metrics": {
        "MSE": {
            "Temperature": 1.15660289501136,
            "Precipitation_accumulated": 101.65167696722567,
            "Humidity": 9.386253295421417,
            "Wind_Speed_kmh": 0.16829004494133476,
            "Soil_Moisture": 81528.01194955494,
            "Soil_Temperature": 1.7893789415739345,
            "Wind_Dir_Sin": 0.08251772175924267,
            "Wind_Dir_Cos": 0.10035907984457279
        },
        "RMSE": {
            "Temperature": 1.0754547387088682,
            "Precipitation_accumulated": 10.082245631168965,
            "Humidity": 3.063699282798724,
            "Wind_Speed_kmh": 0.4102316966560906,
            "Soil_Moisture": 285.53110504733974,
            "Soil_Temperature": 1.3376766954589343,
            "Wind_Dir_Sin": 0.28725898029346736,
            "Wind_Dir_Cos": 0.316795012341692
        },
        "MAE": {
            "Temperature": 0.788303591318874,
            "Precipitation_accumulated": 8.228662104705045,
            "Humidity": 1.9893073251126685,
            "Wind_Speed_kmh": 0.1894974833420041,
            "Soil_Moisture": 142.52613468088157,
            "Soil_Temperature": 1.0801915022069253,
            "Wind_Dir_Sin": 0.1784692003860668,
            "Wind_Dir_Cos": 0.17709295997004074
        },
        "R2": {
            "Temperature": 0.6596855720101957,
            "Precipitation_accumulated": -106.02870657818615,
            "Humidity": 0.8557038215305061,
            "Wind_Speed_kmh": 0.5068562740625268,
            "Soil_Moisture": 0.8901120087633393,
            "Soil_Temperature": 0.6807421393775679,
            "Wind_Dir_Sin": 0.4876087262164769,
            "Wind_Dir_Cos": 0.6512139801619043
        },
        "SMAPE": {
            "Temperature": 14.623235983560795,
            "Precipitation_accumulated": 1.770276703047604,
            "Humidity": 2.34746245492337,
            "Wind_Speed_kmh": 166.4329287870133,
            "Soil_Moisture": 2.2854143978184087,
            "Soil_Temperature": 24.224448219478866,
            "Wind_Dir_Sin": 153.36295341246512,
            "Wind_Dir_Cos": 43.62513440727229
        }
    }
}