{
    "trial_number": 28,
    "input_chunk_length": 24,
    "output_chunk_length": 18,
    "num_layers": 4,
    "num_blocks": 3,
    "num_stacks": 5,
    "layer_widths": 165,
    "activation": "GELU",
    "dropout": 0.20158483886611656,
    "batch_size": 22,
    "lr": 0.00012865167585642253,
    "forecast_horizon": 14,
    "overall_smape_val": 52.93777229091096,
    "metrics": {
        "MSE": {
            "Temperature": 1.5008083884023136,
            "Precipitation_accumulated": 52.791866846859826,
            "Humidity": 20.698609188173695,
            "Wind_Speed_kmh": 0.20397576724265293,
            "Soil_Moisture": 150246.8327932199,
            "Soil_Temperature": 1.455818860399048,
            "Wind_Dir_Sin": 0.10281674363425258,
            "Wind_Dir_Cos": 0.11537248042817425
        },
        "RMSE": {
            "Temperature": 1.2250748501223563,
            "Precipitation_accumulated": 7.265801184099371,
            "Humidity": 4.549572418170052,
            "Wind_Speed_kmh": 0.4516367647154657,
            "Soil_Moisture": 387.61686340150357,
            "Soil_Temperature": 1.2065731889939575,
            "Wind_Dir_Sin": 0.32065050075471985,
            "Wind_Dir_Cos": 0.3396652476014793
        },
        "MAE": {
            "Temperature": 0.9394149622812158,
            "Precipitation_accumulated": 5.312100932077033,
            "Humidity": 3.4849969468581126,
            "Wind_Speed_kmh": 0.19084555062161546,
            "Soil_Moisture": 168.25110163565398,
            "Soil_Temperature": 0.7444883051850949,
            "Wind_Dir_Sin": 0.19640433846519176,
            "Wind_Dir_Cos": 0.2079920321630432
        },
        "R2": {
            "Temperature": 0.5575569758022483,
            "Precipitation_accumulated": -54.51396379491467,
            "Humidity": 0.6822103342569972,
            "Wind_Speed_kmh": 0.4056281448412976,
            "Soil_Moisture": 0.7985690264996953,
            "Soil_Temperature": 0.7396712892331265,
            "Wind_Dir_Sin": 0.36494359903928475,
            "Wind_Dir_Cos": 0.6008377239152759
        },
        "SMAPE": {
            "Temperature": 16.34239974668217,
            "Precipitation_accumulated": 1.1562991482114615,
            "Humidity": 4.14319181176184,
            "Wind_Speed_kmh": 169.5612335164959,
            "Soil_Moisture": 2.6212522705962567,
            "Soil_Temperature": 20.38981149388802,
            "Wind_Dir_Sin": 158.83176901325868,
            "Wind_Dir_Cos": 50.45622132639341
        }
    }
}