{
    "trial_number": 41,
    "input_chunk_length": 44,
    "output_chunk_length": 1,
    "num_layers": 1,
    "num_blocks": 4,
    "num_stacks": 3,
    "layer_widths": 221,
    "activation": "ReLU",
    "dropout": 0.18095756367968596,
    "batch_size": 79,
    "lr": 0.00011840180641434239,
    "loss_function": "huber",
    "optimizer": "AdamW",
    "overall_mae_val": 0.11837825881270783,
    "metrics": {
        "MSE": {
            "Temperature": 10.47633119259232,
            "Precipitation_accumulated": 1560.0299875063279,
            "Humidity": 57.781689987684146,
            "Wind_Speed_kmh": 1.2247344950477854,
            "Soil_Moisture": 110682.7786514382,
            "Soil_Temperature": 5.8073137494246625,
            "Wind_Dir_Sin": 0.42635607810817056,
            "Wind_Dir_Cos": 0.3426970696995981
        },
        "RMSE": {
            "Temperature": 3.236716112449827,
            "Precipitation_accumulated": 39.49721493354092,
            "Humidity": 7.6014268389351844,
            "Wind_Speed_kmh": 1.1066772316478664,
            "Soil_Moisture": 332.69021424057274,
            "Soil_Temperature": 2.409836871953092,
            "Wind_Dir_Sin": 0.6529594766202345,
            "Wind_Dir_Cos": 0.5854033393307542
        },
        "MAE": {
            "Temperature": 2.596071386662873,
            "Precipitation_accumulated": 31.66967039749671,
            "Humidity": 5.906449688388957,
            "Wind_Speed_kmh": 0.8712673678727662,
            "Soil_Moisture": 266.2018927065793,
            "Soil_Temperature": 1.9378461860750216,
            "Wind_Dir_Sin": 0.5606157666711207,
            "Wind_Dir_Cos": 0.49392716305550144
        },
        "R2": {
            "Temperature": 0.6569365290613668,
            "Precipitation_accumulated": -464.3585993768531,
            "Humidity": 0.606078277653608,
            "Wind_Speed_kmh": 0.09090371630567473,
            "Soil_Moisture": -1.0572061382557574,
            "Soil_Temperature": 0.6398118038798668,
            "Wind_Dir_Sin": 0.22700731048945155,
            "Wind_Dir_Cos": 0.06497483614305022
        },
        "SMAPE": {
            "Temperature": 48.498342304133416,
            "Precipitation_accumulated": 7.178046865771782,
            "Humidity": 7.002248204172988,
            "Wind_Speed_kmh": 73.06891718487299,
            "Soil_Moisture": 3.1140553278605485,
            "Soil_Temperature": 34.546748035942485,
            "Wind_Dir_Sin": 118.72363149321465,
            "Wind_Dir_Cos": 127.45445936532397
        }
    }
}