{
    "trial_number": 31,
    "input_chunk_length": 37,
    "output_chunk_length": 32,
    "num_layers": 2,
    "num_blocks": 3,
    "num_stacks": 3,
    "layer_widths": 81,
    "activation": "GELU",
    "dropout": 0.12054542391254756,
    "batch_size": 42,
    "lr": 0.003283083084846838,
    "forecast_horizon": 14,
    "overall_smape_val": 52.96809260369791,
    "metrics": {
        "MSE": {
            "Temperature": 1.3626631879841895,
            "Precipitation_accumulated": 488.74251631062657,
            "Humidity": 21.630812637947205,
            "Wind_Speed_kmh": 0.19640050779250795,
            "Soil_Moisture": 98168.70676662179,
            "Soil_Temperature": 2.3762178519217048,
            "Wind_Dir_Sin": 0.08134331611552706,
            "Wind_Dir_Cos": 0.10540430300288844
        },
        "RMSE": {
            "Temperature": 1.1673316529522317,
            "Precipitation_accumulated": 22.10752171344917,
            "Humidity": 4.650893746146777,
            "Wind_Speed_kmh": 0.4431709690317135,
            "Soil_Moisture": 313.31885798116554,
            "Soil_Temperature": 1.541498573441346,
            "Wind_Dir_Sin": 0.2852074965977,
            "Wind_Dir_Cos": 0.3246602886139425
        },
        "MAE": {
            "Temperature": 0.8004325578184981,
            "Precipitation_accumulated": 19.578693352014245,
            "Humidity": 3.773096347824393,
            "Wind_Speed_kmh": 0.2535171651489855,
            "Soil_Moisture": 195.55172864571162,
            "Soil_Temperature": 1.1813643278909312,
            "Wind_Dir_Sin": 0.17978635998112066,
            "Wind_Dir_Cos": 0.2108216174981269
        },
        "R2": {
            "Temperature": 0.5982826145471557,
            "Precipitation_accumulated": -512.9434533392995,
            "Humidity": 0.6678980381981267,
            "Wind_Speed_kmh": 0.4277019483796115,
            "Soil_Moisture": 0.8683884524974897,
            "Soil_Temperature": 0.5750860586306419,
            "Wind_Dir_Sin": 0.497576058639859,
            "Wind_Dir_Cos": 0.6353253276724868
        },
        "SMAPE": {
            "Temperature": 14.122076210820131,
            "Precipitation_accumulated": 4.1499633543564265,
            "Humidity": 4.528869083090649,
            "Wind_Speed_kmh": 170.12446804369438,
            "Soil_Moisture": 3.1760635941255293,
            "Soil_Temperature": 28.33169428917444,
            "Wind_Dir_Sin": 153.09977017771104,
            "Wind_Dir_Cos": 46.21183607661101
        }
    }
}