{
    "trial_number": 19,
    "input_chunk_length": 23,
    "output_chunk_length": 19,
    "num_layers": 5,
    "num_blocks": 3,
    "num_stacks": 5,
    "layer_widths": 151,
    "activation": "ReLU",
    "dropout": 0.1743828664003472,
    "batch_size": 36,
    "lr": 0.0007031057244808029,
    "forecast_horizon": 9,
    "overall_smape_val": 54.29389610317472,
    "metrics": {
        "MSE": {
            "Temperature": 1.7055576184081742,
            "Precipitation_accumulated": 308.003213555682,
            "Humidity": 16.986655222674592,
            "Wind_Speed_kmh": 0.20471363065752216,
            "Soil_Moisture": 112779.63537013774,
            "Soil_Temperature": 1.596194437823359,
            "Wind_Dir_Sin": 0.10516625960188114,
            "Wind_Dir_Cos": 0.11948746252307171
        },
        "RMSE": {
            "Temperature": 1.3059699913888427,
            "Precipitation_accumulated": 17.550020329209936,
            "Humidity": 4.121487015953658,
            "Wind_Speed_kmh": 0.4524529043530632,
            "Soil_Moisture": 335.82679370493616,
            "Soil_Temperature": 1.2634058879961574,
            "Wind_Dir_Sin": 0.32429347758146654,
            "Wind_Dir_Cos": 0.34566958576518086
        },
        "MAE": {
            "Temperature": 0.9036606595391048,
            "Precipitation_accumulated": 12.920607949657555,
            "Humidity": 3.085743062793777,
            "Wind_Speed_kmh": 0.21351431880884122,
            "Soil_Moisture": 134.9502124543577,
            "Soil_Temperature": 1.0444005691040978,
            "Wind_Dir_Sin": 0.1787556574289946,
            "Wind_Dir_Cos": 0.20247513123275362
        },
        "R2": {
            "Temperature": 0.4976581812359061,
            "Precipitation_accumulated": -323.1397487850546,
            "Humidity": 0.7389891662484158,
            "Wind_Speed_kmh": 0.401381489623334,
            "Soil_Moisture": 0.8482928768050402,
            "Soil_Temperature": 0.7149521145993876,
            "Wind_Dir_Sin": 0.3482702649820347,
            "Wind_Dir_Cos": 0.5854352735189015
        },
        "SMAPE": {
            "Temperature": 15.674636330852895,
            "Precipitation_accumulated": 2.7444343802867257,
            "Humidity": 3.6928190935450993,
            "Wind_Speed_kmh": 171.18681596051982,
            "Soil_Moisture": 2.0690242851773544,
            "Soil_Temperature": 28.853712032668028,
            "Wind_Dir_Sin": 162.72816841845466,
            "Wind_Dir_Cos": 47.40155832389327
        }
    }
}