{
    "trial_number": 10,
    "input_chunk_length": 40,
    "output_chunk_length": 29,
    "num_layers": 1,
    "num_blocks": 1,
    "num_stacks": 2,
    "layer_widths": 244,
    "activation": "ReLU",
    "dropout": 0.22673143517330557,
    "batch_size": 17,
    "lr": 0.0006145315778052993,
    "forecast_horizon": 11,
    "overall_smape_val": 60.065859214082224,
    "metrics": {
        "MSE": {
            "Temperature": 6.414943703144219,
            "Precipitation_accumulated": 1235.7984775780808,
            "Humidity": 40.04170564615467,
            "Wind_Speed_kmh": 0.29964111079754485,
            "Soil_Moisture": 205342.54593402424,
            "Soil_Temperature": 4.968319708714241,
            "Wind_Dir_Sin": 0.1279312348509041,
            "Wind_Dir_Cos": 0.15576914470662537
        },
        "RMSE": {
            "Temperature": 2.5327739147314787,
            "Precipitation_accumulated": 35.15392549315198,
            "Humidity": 6.327851582184484,
            "Wind_Speed_kmh": 0.5473948399442078,
            "Soil_Moisture": 453.1473777194614,
            "Soil_Temperature": 2.2289727922776987,
            "Wind_Dir_Sin": 0.35767476127189085,
            "Wind_Dir_Cos": 0.3946759996587395
        },
        "MAE": {
            "Temperature": 2.0687338823540316,
            "Precipitation_accumulated": 29.776040696681044,
            "Humidity": 4.9122935959310725,
            "Wind_Speed_kmh": 0.3756558430231695,
            "Soil_Moisture": 272.40667141656337,
            "Soil_Temperature": 1.9081587691524162,
            "Wind_Dir_Sin": 0.21262774490711603,
            "Wind_Dir_Cos": 0.298289687417036
        },
        "R2": {
            "Temperature": -0.8902410989491834,
            "Precipitation_accumulated": -1299.130852624216,
            "Humidity": 0.3848981362697971,
            "Wind_Speed_kmh": 0.12502443509475736,
            "Soil_Moisture": 0.7241490014890656,
            "Soil_Temperature": 0.11225307395308537,
            "Wind_Dir_Sin": 0.20824431496077878,
            "Wind_Dir_Cos": 0.46016298488208884
        },
        "SMAPE": {
            "Temperature": 30.82321071134076,
            "Precipitation_accumulated": 6.652469269367653,
            "Humidity": 5.896131387938138,
            "Wind_Speed_kmh": 177.67483258775113,
            "Soil_Moisture": 4.289859029649438,
            "Soil_Temperature": 32.55165952671628,
            "Wind_Dir_Sin": 163.704368800393,
            "Wind_Dir_Cos": 58.93434239950159
        }
    }
}