{
    "trial_number": 229,
    "input_chunk_length": 18,
    "output_chunk_length": 15,
    "num_layers": 1,
    "num_blocks": 4,
    "num_stacks": 2,
    "layer_widths": 108,
    "activation": "GELU",
    "dropout": 0.27751807923791455,
    "batch_size": 19,
    "lr": 0.000364253389280649,
    "forecast_horizon": 7,
    "overall_smape_val": 51.01215686168268,
    "metrics": {
        "MSE": {
            "Temperature": 1.0967275299101458,
            "Precipitation_accumulated": 39.4015742843363,
            "Humidity": 11.415813747788725,
            "Wind_Speed_kmh": 0.1861683052646684,
            "Soil_Moisture": 80792.58949884941,
            "Soil_Temperature": 1.2762794422588877,
            "Wind_Dir_Sin": 0.09047388582721604,
            "Wind_Dir_Cos": 0.096634715723702
        },
        "RMSE": {
            "Temperature": 1.0472475972329303,
            "Precipitation_accumulated": 6.277067331512089,
            "Humidity": 3.378729605604557,
            "Wind_Speed_kmh": 0.43147225318051263,
            "Soil_Moisture": 284.2403727461133,
            "Soil_Temperature": 1.129725383559601,
            "Wind_Dir_Sin": 0.30078877277454363,
            "Wind_Dir_Cos": 0.31086124834675355
        },
        "MAE": {
            "Temperature": 0.804731780588222,
            "Precipitation_accumulated": 5.266794345727939,
            "Humidity": 2.447523702307269,
            "Wind_Speed_kmh": 0.2670625016576444,
            "Soil_Moisture": 133.09109955572268,
            "Soil_Temperature": 0.7160297109494156,
            "Wind_Dir_Sin": 0.17563441932496623,
            "Wind_Dir_Cos": 0.160817456907637
        },
        "R2": {
            "Temperature": 0.677190990934331,
            "Precipitation_accumulated": -40.479111574390025,
            "Humidity": 0.8245313674280451,
            "Wind_Speed_kmh": 0.4548485902947714,
            "Soil_Moisture": 0.8911754757095978,
            "Soil_Temperature": 0.7722198108255101,
            "Wind_Dir_Sin": 0.43857709527759636,
            "Wind_Dir_Cos": 0.6643462166414643
        },
        "SMAPE": {
            "Temperature": 13.871207226797404,
            "Precipitation_accumulated": 1.1546187359370788,
            "Humidity": 2.9108880502800885,
            "Wind_Speed_kmh": 173.318220302369,
            "Soil_Moisture": 2.1249711228713433,
            "Soil_Temperature": 18.385160342904772,
            "Wind_Dir_Sin": 154.40561304055132,
            "Wind_Dir_Cos": 41.92657607175035
        }
    }
}