{
    "trial_number": 320,
    "input_chunk_length": 15,
    "output_chunk_length": 13,
    "num_layers": 1,
    "num_blocks": 3,
    "num_stacks": 2,
    "layer_widths": 134,
    "activation": "GELU",
    "dropout": 0.2406083512544177,
    "batch_size": 22,
    "lr": 0.0006186847784543591,
    "forecast_horizon": 4,
    "overall_smape_val": 49.74115456400514,
    "metrics": {
        "MSE": {
            "Temperature": 0.953699516066144,
            "Precipitation_accumulated": 52.849596483226215,
            "Humidity": 10.804346657092433,
            "Wind_Speed_kmh": 0.14752722370238272,
            "Soil_Moisture": 70461.74468846343,
            "Soil_Temperature": 1.0146093313747246,
            "Wind_Dir_Sin": 0.0813251070051467,
            "Wind_Dir_Cos": 0.0830487060338122
        },
        "RMSE": {
            "Temperature": 0.9765754021406355,
            "Precipitation_accumulated": 7.2697727944706925,
            "Humidity": 3.286996601320487,
            "Wind_Speed_kmh": 0.38409272799987076,
            "Soil_Moisture": 265.44631225252203,
            "Soil_Temperature": 1.0072781797372188,
            "Wind_Dir_Sin": 0.2851755722447957,
            "Wind_Dir_Cos": 0.28818172397605685
        },
        "MAE": {
            "Temperature": 0.6624578810713393,
            "Precipitation_accumulated": 5.508236594293704,
            "Humidity": 2.500082267749245,
            "Wind_Speed_kmh": 0.181475755176483,
            "Soil_Moisture": 153.89356476131078,
            "Soil_Temperature": 0.7139244350849355,
            "Wind_Dir_Sin": 0.151558103437876,
            "Wind_Dir_Cos": 0.1484304537787784
        },
        "R2": {
            "Temperature": 0.7196060178441986,
            "Precipitation_accumulated": -54.66317850363068,
            "Humidity": 0.8338665531073741,
            "Wind_Speed_kmh": 0.5670935964341333,
            "Soil_Moisture": 0.9049018356894064,
            "Soil_Temperature": 0.8190950872922451,
            "Wind_Dir_Sin": 0.4943455705872838,
            "Wind_Dir_Cos": 0.711049797176147
        },
        "SMAPE": {
            "Temperature": 11.522573427457345,
            "Precipitation_accumulated": 1.2068665496155266,
            "Humidity": 2.9956824892048477,
            "Wind_Speed_kmh": 165.7347475230179,
            "Soil_Moisture": 2.5003108478434544,
            "Soil_Temperature": 18.450965190509045,
            "Wind_Dir_Sin": 155.99514923447074,
            "Wind_Dir_Cos": 39.522941249922226
        }
    }
}