{
    "trial_number": 399,
    "input_chunk_length": 14,
    "output_chunk_length": 12,
    "num_layers": 1,
    "num_blocks": 3,
    "num_stacks": 2,
    "layer_widths": 120,
    "activation": "GELU",
    "dropout": 0.22505910855817207,
    "batch_size": 20,
    "lr": 0.0008050833208917502,
    "forecast_horizon": 1,
    "overall_smape_val": 47.56610847796094,
    "metrics": {
        "MSE": {
            "Temperature": 0.8994238110390846,
            "Precipitation_accumulated": 103.09732788056706,
            "Humidity": 6.979087417177252,
            "Wind_Speed_kmh": 0.10782633688493377,
            "Soil_Moisture": 37830.46959311786,
            "Soil_Temperature": 0.8327735636311885,
            "Wind_Dir_Sin": 0.055062797237796765,
            "Wind_Dir_Cos": 0.05635158692247881
        },
        "RMSE": {
            "Temperature": 0.9483795711839668,
            "Precipitation_accumulated": 10.15368543340629,
            "Humidity": 2.641796248232867,
            "Wind_Speed_kmh": 0.328369208186355,
            "Soil_Moisture": 194.50056450591052,
            "Soil_Temperature": 0.9125642791777402,
            "Wind_Dir_Sin": 0.23465463395764585,
            "Wind_Dir_Cos": 0.237384891942345
        },
        "MAE": {
            "Temperature": 0.7091416148513594,
            "Precipitation_accumulated": 7.964947545595064,
            "Humidity": 2.0983077130510326,
            "Wind_Speed_kmh": 0.14244603857238783,
            "Soil_Moisture": 96.11823415759342,
            "Soil_Temperature": 0.6850412965820432,
            "Wind_Dir_Sin": 0.11929791006781736,
            "Wind_Dir_Cos": 0.13313938678473516
        },
        "R2": {
            "Temperature": 0.7358014456239983,
            "Precipitation_accumulated": -107.62142544166872,
            "Humidity": 0.892676723925336,
            "Wind_Speed_kmh": 0.6831508032487454,
            "Soil_Moisture": 0.9488756827316902,
            "Soil_Temperature": 0.8516139152469843,
            "Wind_Dir_Sin": 0.6571837585873881,
            "Wind_Dir_Cos": 0.8037165874960418
        },
        "SMAPE": {
            "Temperature": 13.169310713928214,
            "Precipitation_accumulated": 1.7552752017135997,
            "Humidity": 2.5173093563845885,
            "Wind_Speed_kmh": 158.1885333787659,
            "Soil_Moisture": 1.5233560747092936,
            "Soil_Temperature": 18.782512525733082,
            "Wind_Dir_Sin": 146.85410774287303,
            "Wind_Dir_Cos": 37.73846282957961
        }
    }
}