{
    "trial_number": 19,
    "input_chunk_length": 47,
    "output_chunk_length": 8,
    "num_layers": 1,
    "num_blocks": 4,
    "num_stacks": 5,
    "layer_widths": 208,
    "activation": "GELU",
    "dropout": 0.23181374349316408,
    "batch_size": 95,
    "lr": 0.00014029762282105434,
    "loss_function": "huber",
    "optimizer": "Adam",
    "overall_mae_val": 0.12769361641241558,
    "metrics": {
        "MSE": {
            "Temperature": 10.062672647636234,
            "Precipitation_accumulated": 401.68442121967894,
            "Humidity": 80.56887663884389,
            "Wind_Speed_kmh": 1.3079002886676452,
            "Soil_Moisture": 77144.83791055065,
            "Soil_Temperature": 11.642146336914315,
            "Wind_Dir_Sin": 0.5874455497999481,
            "Wind_Dir_Cos": 0.37492754449010945
        },
        "RMSE": {
            "Temperature": 3.1721715980753995,
            "Precipitation_accumulated": 20.042066291170652,
            "Humidity": 8.976016746800548,
            "Wind_Speed_kmh": 1.1436346832217206,
            "Soil_Moisture": 277.7495956982668,
            "Soil_Temperature": 3.4120589585929366,
            "Wind_Dir_Sin": 0.7664499656206842,
            "Wind_Dir_Cos": 0.6123132731617937
        },
        "MAE": {
            "Temperature": 2.4685190920655407,
            "Precipitation_accumulated": 16.692399164116598,
            "Humidity": 7.398878182279258,
            "Wind_Speed_kmh": 0.9236619925098917,
            "Soil_Moisture": 232.81143400484973,
            "Soil_Temperature": 2.8819068387000413,
            "Wind_Dir_Sin": 0.6692868683640635,
            "Wind_Dir_Cos": 0.5335103668428617
        },
        "R2": {
            "Temperature": 0.6692402083812128,
            "Precipitation_accumulated": -120.81930002375157,
            "Humidity": 0.4502400238075054,
            "Wind_Speed_kmh": 0.0265668309118251,
            "Soil_Moisture": -0.49042132849497766,
            "Soil_Temperature": 0.27461753831987823,
            "Wind_Dir_Sin": -0.06461557217171077,
            "Wind_Dir_Cos": -0.022512544222337727
        },
        "SMAPE": {
            "Temperature": 37.40397192445708,
            "Precipitation_accumulated": 3.684046349715448,
            "Humidity": 8.788803294321584,
            "Wind_Speed_kmh": 73.62637459924726,
            "Soil_Moisture": 2.7541549914592576,
            "Soil_Temperature": 57.40432871825456,
            "Wind_Dir_Sin": 136.19700320384638,
            "Wind_Dir_Cos": 141.80655542237434
        }
    }
}