{
    "trial_number": 388,
    "input_chunk_length": 15,
    "output_chunk_length": 13,
    "num_layers": 1,
    "num_blocks": 3,
    "num_stacks": 2,
    "layer_widths": 174,
    "activation": "GELU",
    "dropout": 0.1812292423122556,
    "batch_size": 21,
    "lr": 0.0008444957595201525,
    "forecast_horizon": 1,
    "overall_smape_val": 50.3531550506613,
    "metrics": {
        "MSE": {
            "Temperature": 0.73061523636253,
            "Precipitation_accumulated": 64.80991310627226,
            "Humidity": 5.075470823085029,
            "Wind_Speed_kmh": 0.1132504978286904,
            "Soil_Moisture": 40903.23448697447,
            "Soil_Temperature": 2.5095597884200136,
            "Wind_Dir_Sin": 0.05593544020278716,
            "Wind_Dir_Cos": 0.06417121823489357
        },
        "RMSE": {
            "Temperature": 0.8547603385525852,
            "Precipitation_accumulated": 8.050460428216033,
            "Humidity": 2.2528805612115854,
            "Wind_Speed_kmh": 0.3365271130662289,
            "Soil_Moisture": 202.24548075785148,
            "Soil_Temperature": 1.584159016140745,
            "Wind_Dir_Sin": 0.23650674451860174,
            "Wind_Dir_Cos": 0.2533203865362864
        },
        "MAE": {
            "Temperature": 0.5676251504313489,
            "Precipitation_accumulated": 6.640812169934726,
            "Humidity": 1.5923227001488927,
            "Wind_Speed_kmh": 0.2248513432068444,
            "Soil_Moisture": 107.49091611726352,
            "Soil_Temperature": 1.5015038464246357,
            "Wind_Dir_Sin": 0.13468199884051577,
            "Wind_Dir_Cos": 0.15011385885298156
        },
        "R2": {
            "Temperature": 0.7853876149564456,
            "Precipitation_accumulated": -67.28251797669444,
            "Humidity": 0.92195023162854,
            "Wind_Speed_kmh": 0.6672118305660988,
            "Soil_Moisture": 0.9447231303310976,
            "Soil_Temperature": 0.552839129722698,
            "Wind_Dir_Sin": 0.6517507585154663,
            "Wind_Dir_Cos": 0.7764793080803788
        },
        "SMAPE": {
            "Temperature": 9.878485899910036,
            "Precipitation_accumulated": 1.4595340003051172,
            "Humidity": 1.9087568610373638,
            "Wind_Speed_kmh": 167.08712863037414,
            "Soil_Moisture": 1.7331187364859995,
            "Soil_Temperature": 36.69345644831489,
            "Wind_Dir_Sin": 146.98665861660842,
            "Wind_Dir_Cos": 37.07810121225413
        }
    }
}