{
    "trial_number": 260,
    "input_chunk_length": 15,
    "output_chunk_length": 12,
    "num_layers": 1,
    "num_blocks": 4,
    "num_stacks": 2,
    "layer_widths": 131,
    "activation": "GELU",
    "dropout": 0.21537038273104858,
    "batch_size": 21,
    "lr": 0.0005097574714600528,
    "forecast_horizon": 3,
    "overall_smape_val": 51.600222544517614,
    "metrics": {
        "MSE": {
            "Temperature": 1.2565105730104518,
            "Precipitation_accumulated": 253.0272091639505,
            "Humidity": 10.137878928622898,
            "Wind_Speed_kmh": 0.17919494614333822,
            "Soil_Moisture": 62072.49647504728,
            "Soil_Temperature": 0.9461891823306559,
            "Wind_Dir_Sin": 0.0834236529256003,
            "Wind_Dir_Cos": 0.07259531938601713
        },
        "RMSE": {
            "Temperature": 1.1209418240972417,
            "Precipitation_accumulated": 15.906829010332338,
            "Humidity": 3.1840036005982935,
            "Wind_Speed_kmh": 0.42331424042115356,
            "Soil_Moisture": 249.1435258541696,
            "Soil_Temperature": 0.9727225618492952,
            "Wind_Dir_Sin": 0.2888315303522112,
            "Wind_Dir_Cos": 0.26943518587225596
        },
        "MAE": {
            "Temperature": 0.8202823144681176,
            "Precipitation_accumulated": 14.783309826063215,
            "Humidity": 2.2811275486690543,
            "Wind_Speed_kmh": 0.2801073387470601,
            "Soil_Moisture": 126.76090391662953,
            "Soil_Temperature": 0.7135497607565217,
            "Wind_Dir_Sin": 0.15952618441460442,
            "Wind_Dir_Cos": 0.14622433746359484
        },
        "R2": {
            "Temperature": 0.630733713956898,
            "Precipitation_accumulated": -265.5411626269249,
            "Humidity": 0.8441042402228192,
            "Wind_Speed_kmh": 0.4738002212799065,
            "Soil_Moisture": 0.916169310235272,
            "Soil_Temperature": 0.831349989802482,
            "Wind_Dir_Sin": 0.48095448879476066,
            "Wind_Dir_Cos": 0.7472783409131147
        },
        "SMAPE": {
            "Temperature": 13.998976620723349,
            "Precipitation_accumulated": 3.1612859439357286,
            "Humidity": 2.7361707396100976,
            "Wind_Speed_kmh": 172.28479782238534,
            "Soil_Moisture": 2.0271564740182653,
            "Soil_Temperature": 20.448528491104764,
            "Wind_Dir_Sin": 157.57187527771447,
            "Wind_Dir_Cos": 40.572988986648504
        }
    }
}