{
    "trial_number": 85,
    "input_chunk_length": 24,
    "output_chunk_length": 20,
    "num_layers": 1,
    "num_blocks": 4,
    "num_stacks": 2,
    "layer_widths": 107,
    "activation": "GELU",
    "dropout": 0.26069151997025547,
    "batch_size": 20,
    "lr": 0.001926450049574449,
    "forecast_horizon": 5,
    "overall_smape_val": 49.695068304932185,
    "metrics": {
        "MSE": {
            "Temperature": 0.9474009902873661,
            "Precipitation_accumulated": 89.55443131021222,
            "Humidity": 15.28577007910392,
            "Wind_Speed_kmh": 0.16223610151286924,
            "Soil_Moisture": 70448.78300777123,
            "Soil_Temperature": 1.0106821552746796,
            "Wind_Dir_Sin": 0.08605344232685211,
            "Wind_Dir_Cos": 0.09262482324149929
        },
        "RMSE": {
            "Temperature": 0.9733452574946704,
            "Precipitation_accumulated": 9.463320311085969,
            "Humidity": 3.9097020447988,
            "Wind_Speed_kmh": 0.40278542862530325,
            "Soil_Moisture": 265.4218962477874,
            "Soil_Temperature": 1.0053268897600818,
            "Wind_Dir_Sin": 0.2933486702319479,
            "Wind_Dir_Cos": 0.30434326547748564
        },
        "MAE": {
            "Temperature": 0.6911599854359286,
            "Precipitation_accumulated": 7.432224768331236,
            "Humidity": 2.8098669109202463,
            "Wind_Speed_kmh": 0.17216188485194248,
            "Soil_Moisture": 129.7555948539869,
            "Soil_Temperature": 0.771028196573032,
            "Wind_Dir_Sin": 0.19783285196965933,
            "Wind_Dir_Cos": 0.15548565700537464
        },
        "R2": {
            "Temperature": 0.7213494492542178,
            "Precipitation_accumulated": -93.30678982176693,
            "Humidity": 0.7649789474929456,
            "Wind_Speed_kmh": 0.5242639421219721,
            "Soil_Moisture": 0.9049821547798513,
            "Soil_Temperature": 0.8197355057933268,
            "Wind_Dir_Sin": 0.46530001321629233,
            "Wind_Dir_Cos": 0.6779126186065175
        },
        "SMAPE": {
            "Temperature": 11.72149620726844,
            "Precipitation_accumulated": 1.6121265730281038,
            "Humidity": 3.3555955397988275,
            "Wind_Speed_kmh": 165.98251568792955,
            "Soil_Moisture": 2.0580097704138747,
            "Soil_Temperature": 21.49609375839299,
            "Wind_Dir_Sin": 149.72012652642815,
            "Wind_Dir_Cos": 41.61458237619774
        }
    }
}