{
    "trial_number": 0,
    "input_chunk_length": 17,
    "num_layers": 4,
    "num_blocks": 3,
    "num_stacks": 4,
    "layer_widths": 152,
    "activation": "ReLU",
    "dropout": 0.1403984525713323,
    "batch_size": 46,
    "lr": 0.0001284963904585952,
    "overall_smape_val": 44.672768531664644,
    "metrics": {
        "MSE": {
            "Temperature": 0.7708580918262423,
            "Precipitation_accumulated": 61.17581247046309,
            "Humidity": 4.481578123604304,
            "Wind_Speed_kmh": 0.0741924592104458,
            "Soil_Moisture": 24648.848174146417,
            "Soil_Temperature": 0.16171448624441112,
            "Wind_Dir_Sin": 0.04214451566153719,
            "Wind_Dir_Cos": 0.03657851961859845
        },
        "RMSE": {
            "Temperature": 0.8779852457907492,
            "Precipitation_accumulated": 7.821496817774913,
            "Humidity": 2.1169738126874185,
            "Wind_Speed_kmh": 0.27238292753116117,
            "Soil_Moisture": 156.99951647742873,
            "Soil_Temperature": 0.4021373972219086,
            "Wind_Dir_Sin": 0.2052912946560014,
            "Wind_Dir_Cos": 0.1912551165814877
        },
        "MAE": {
            "Temperature": 0.6090485410571946,
            "Precipitation_accumulated": 6.94182010699801,
            "Humidity": 1.4640852006456735,
            "Wind_Speed_kmh": 0.10382371838966538,
            "Soil_Moisture": 66.44867581493949,
            "Soil_Temperature": 0.28575198100896226,
            "Wind_Dir_Sin": 0.10713286931134829,
            "Wind_Dir_Cos": 0.07782317351332453
        },
        "R2": {
            "Temperature": 0.7735665978708604,
            "Precipitation_accumulated": -63.45369719758216,
            "Humidity": 0.9310830173833394,
            "Wind_Speed_kmh": 0.7819844224985942,
            "Soil_Moisture": 0.9666894028039581,
            "Soil_Temperature": 0.9711852290831355,
            "Wind_Dir_Sin": 0.7376118689929956,
            "Wind_Dir_Cos": 0.8725899828702524
        },
        "SMAPE": {
            "Temperature": 10.276339484510011,
            "Precipitation_accumulated": 1.5194354992583992,
            "Humidity": 1.7270828549737718,
            "Wind_Speed_kmh": 155.9789513323548,
            "Soil_Moisture": 1.0485525254673331,
            "Soil_Temperature": 11.174408101583188,
            "Wind_Dir_Sin": 149.32457689947609,
            "Wind_Dir_Cos": 26.332801555693514
        }
    }
}