{
    "trial_number": 21,
    "input_chunk_length": 41,
    "output_chunk_length": 33,
    "num_layers": 2,
    "num_blocks": 3,
    "num_stacks": 3,
    "layer_widths": 75,
    "activation": "GELU",
    "dropout": 0.1269737890232637,
    "batch_size": 41,
    "lr": 0.00536411901901357,
    "forecast_horizon": 15,
    "overall_smape_val": 53.20171777313874,
    "metrics": {
        "MSE": {
            "Temperature": 2.6490056277464658,
            "Precipitation_accumulated": 291.41862317349467,
            "Humidity": 21.111568824715512,
            "Wind_Speed_kmh": 0.20288565667727118,
            "Soil_Moisture": 143328.94281565768,
            "Soil_Temperature": 2.971943478027283,
            "Wind_Dir_Sin": 0.09779112289245394,
            "Wind_Dir_Cos": 0.10787822086036225
        },
        "RMSE": {
            "Temperature": 1.627576611943802,
            "Precipitation_accumulated": 17.070987762091995,
            "Humidity": 4.594732726145832,
            "Wind_Speed_kmh": 0.45042830359255975,
            "Soil_Moisture": 378.58809122271356,
            "Soil_Temperature": 1.7239325619139756,
            "Wind_Dir_Sin": 0.31271572217023874,
            "Wind_Dir_Cos": 0.32844820118302104
        },
        "MAE": {
            "Temperature": 1.1857183586876194,
            "Precipitation_accumulated": 14.557722650873096,
            "Humidity": 3.255940128817062,
            "Wind_Speed_kmh": 0.2627422922948354,
            "Soil_Moisture": 237.87574450353006,
            "Soil_Temperature": 1.1408061356109318,
            "Wind_Dir_Sin": 0.18258288044943707,
            "Wind_Dir_Cos": 0.18939308925694742
        },
        "R2": {
            "Temperature": 0.218987188665138,
            "Precipitation_accumulated": -305.3973925560916,
            "Humidity": 0.6759492724498957,
            "Wind_Speed_kmh": 0.40922021350804716,
            "Soil_Moisture": 0.807973547921657,
            "Soil_Temperature": 0.4684382521889964,
            "Wind_Dir_Sin": 0.3963866987014517,
            "Wind_Dir_Cos": 0.6269765181460346
        },
        "SMAPE": {
            "Temperature": 19.37253191640168,
            "Precipitation_accumulated": 3.2289820252186976,
            "Humidity": 3.854984915439905,
            "Wind_Speed_kmh": 169.11743766288578,
            "Soil_Moisture": 3.7839636072101652,
            "Soil_Temperature": 24.210098458982014,
            "Wind_Dir_Sin": 157.86380857325508,
            "Wind_Dir_Cos": 44.181935025716925
        }
    }
}