{
    "trial_number": 41,
    "input_chunk_length": 13,
    "output_chunk_length": 12,
    "num_layers": 1,
    "num_blocks": 4,
    "num_stacks": 3,
    "layer_widths": 152,
    "activation": "GELU",
    "dropout": 0.25566592445318925,
    "batch_size": 26,
    "lr": 0.00020998869324444206,
    "forecast_horizon": 10,
    "overall_smape_val": 52.051363176845584,
    "metrics": {
        "MSE": {
            "Temperature": 1.586074053430972,
            "Precipitation_accumulated": 45.39537518130718,
            "Humidity": 12.326318252396597,
            "Wind_Speed_kmh": 0.17260897454615862,
            "Soil_Moisture": 100016.12891258171,
            "Soil_Temperature": 1.4243674891862974,
            "Wind_Dir_Sin": 0.10523961664670163,
            "Wind_Dir_Cos": 0.10859174558870995
        },
        "RMSE": {
            "Temperature": 1.2593943200725386,
            "Precipitation_accumulated": 6.73760901071791,
            "Humidity": 3.5108856791978567,
            "Wind_Speed_kmh": 0.41546236237011724,
            "Soil_Moisture": 316.25326703858997,
            "Soil_Temperature": 1.1934686796000544,
            "Wind_Dir_Sin": 0.3244065607331357,
            "Wind_Dir_Cos": 0.3295326168814097
        },
        "MAE": {
            "Temperature": 1.0059918768838172,
            "Precipitation_accumulated": 5.080829429228407,
            "Humidity": 2.2379394519188205,
            "Wind_Speed_kmh": 0.20777775484592317,
            "Soil_Moisture": 108.31937846782678,
            "Soil_Temperature": 0.8691150063794342,
            "Wind_Dir_Sin": 0.18200632196543134,
            "Wind_Dir_Cos": 0.18256104508357543
        },
        "R2": {
            "Temperature": 0.5327318050279355,
            "Precipitation_accumulated": -46.766089268381975,
            "Humidity": 0.8106183987527718,
            "Wind_Speed_kmh": 0.4956146874546504,
            "Soil_Moisture": 0.8655516158681091,
            "Soil_Temperature": 0.7455603633073562,
            "Wind_Dir_Sin": 0.34824825488748246,
            "Wind_Dir_Cos": 0.6234501461782942
        },
        "SMAPE": {
            "Temperature": 17.025769913594797,
            "Precipitation_accumulated": 1.0980725520901127,
            "Humidity": 2.685823196025581,
            "Wind_Speed_kmh": 166.98041022746523,
            "Soil_Moisture": 1.6470335215374416,
            "Soil_Temperature": 22.528195948453746,
            "Wind_Dir_Sin": 159.53447696817622,
            "Wind_Dir_Cos": 44.911123087421636
        }
    }
}