{
    "trial_number": 81,
    "input_chunk_length": 43,
    "output_chunk_length": 1,
    "num_layers": 1,
    "num_blocks": 4,
    "num_stacks": 3,
    "layer_widths": 222,
    "activation": "ReLU",
    "dropout": 0.17960698321661894,
    "batch_size": 90,
    "lr": 0.0002464997807157843,
    "loss_function": "huber",
    "optimizer": "AdamW",
    "overall_mae_val": 0.12333175367945846,
    "metrics": {
        "MSE": {
            "Temperature": 10.564813138619947,
            "Precipitation_accumulated": 1611.689403189304,
            "Humidity": 55.9941584801619,
            "Wind_Speed_kmh": 1.0332245554122486,
            "Soil_Moisture": 170166.38458975888,
            "Soil_Temperature": 15.258841002525882,
            "Wind_Dir_Sin": 0.4924206208079472,
            "Wind_Dir_Cos": 0.3395429553157346
        },
        "RMSE": {
            "Temperature": 3.250355847998792,
            "Precipitation_accumulated": 40.14585163113748,
            "Humidity": 7.482924460407301,
            "Wind_Speed_kmh": 1.0164765395287039,
            "Soil_Moisture": 412.5122841683128,
            "Soil_Temperature": 3.906256648317655,
            "Wind_Dir_Sin": 0.7017268847692435,
            "Wind_Dir_Cos": 0.5827031451054083
        },
        "MAE": {
            "Temperature": 2.5229276827907134,
            "Precipitation_accumulated": 33.43066459703134,
            "Humidity": 6.094361082980896,
            "Wind_Speed_kmh": 0.7781317823605042,
            "Soil_Moisture": 332.4683437840929,
            "Soil_Temperature": 3.391356699854064,
            "Wind_Dir_Sin": 0.577772704259314,
            "Wind_Dir_Cos": 0.48448732445853687
        },
        "R2": {
            "Temperature": 0.6541718923803844,
            "Precipitation_accumulated": -478.99469539369704,
            "Humidity": 0.6182964805840752,
            "Wind_Speed_kmh": 0.23335871813809228,
            "Soil_Moisture": -2.152324983374387,
            "Soil_Temperature": 0.053878666524937446,
            "Wind_Dir_Sin": 0.10807903197283053,
            "Wind_Dir_Cos": 0.07308319722482148
        },
        "SMAPE": {
            "Temperature": 40.746123460782805,
            "Precipitation_accumulated": 7.5766367063207465,
            "Humidity": 7.230253126593268,
            "Wind_Speed_kmh": 71.47925307698738,
            "Soil_Moisture": 3.95090311771165,
            "Soil_Temperature": 78.91459810485128,
            "Wind_Dir_Sin": 115.76831494676732,
            "Wind_Dir_Cos": 118.65481844096858
        }
    }
}