{
    "trial_number": 18,
    "input_chunk_length": 27,
    "output_chunk_length": 23,
    "num_layers": 1,
    "num_blocks": 2,
    "num_stacks": 2,
    "layer_widths": 123,
    "activation": "ReLU",
    "dropout": 0.18431981336473585,
    "batch_size": 21,
    "lr": 0.0012215993152856052,
    "forecast_horizon": 13,
    "overall_smape_val": 54.98368714198038,
    "metrics": {
        "MSE": {
            "Temperature": 1.8193734296131776,
            "Precipitation_accumulated": 580.3074730558346,
            "Humidity": 32.51018949294801,
            "Wind_Speed_kmh": 0.22733328070596948,
            "Soil_Moisture": 131500.57098967445,
            "Soil_Temperature": 1.3429386991494396,
            "Wind_Dir_Sin": 0.10657840724539189,
            "Wind_Dir_Cos": 0.12734562508888994
        },
        "RMSE": {
            "Temperature": 1.3488415138974548,
            "Precipitation_accumulated": 24.089571873651774,
            "Humidity": 5.701770733109847,
            "Wind_Speed_kmh": 0.4767947993696759,
            "Soil_Moisture": 362.63007457969405,
            "Soil_Temperature": 1.158852319818811,
            "Wind_Dir_Sin": 0.3264634853171054,
            "Wind_Dir_Cos": 0.35685518784079623
        },
        "MAE": {
            "Temperature": 1.069130447638134,
            "Precipitation_accumulated": 21.73877873445032,
            "Humidity": 4.7566272639277125,
            "Wind_Speed_kmh": 0.2539854297715331,
            "Soil_Moisture": 207.03755507807261,
            "Soil_Temperature": 0.8469458293540398,
            "Wind_Dir_Sin": 0.19933534812891068,
            "Wind_Dir_Cos": 0.2606869260356975
        },
        "R2": {
            "Temperature": 0.4637224928487159,
            "Precipitation_accumulated": -609.3249740157343,
            "Humidity": 0.5007623584826559,
            "Wind_Speed_kmh": 0.33710026246123237,
            "Soil_Moisture": 0.8235828573916246,
            "Soil_Temperature": 0.7599145397218853,
            "Wind_Dir_Sin": 0.3412713111740505,
            "Wind_Dir_Cos": 0.559165018537067
        },
        "SMAPE": {
            "Temperature": 18.272384177882152,
            "Precipitation_accumulated": 4.851542519564183,
            "Humidity": 5.5868716219035415,
            "Wind_Speed_kmh": 165.2858804133844,
            "Soil_Moisture": 3.278824720360033,
            "Soil_Temperature": 24.396602795794276,
            "Wind_Dir_Sin": 161.68309402247093,
            "Wind_Dir_Cos": 56.5142968644835
        }
    }
}