{
    "trial_number": 265,
    "input_chunk_length": 15,
    "output_chunk_length": 13,
    "num_layers": 1,
    "num_blocks": 4,
    "num_stacks": 2,
    "layer_widths": 127,
    "activation": "GELU",
    "dropout": 0.23503633033039245,
    "batch_size": 21,
    "lr": 0.00046814388659744994,
    "forecast_horizon": 2,
    "overall_smape_val": 49.065517884420714,
    "metrics": {
        "MSE": {
            "Temperature": 1.3927570888120977,
            "Precipitation_accumulated": 60.67107435792509,
            "Humidity": 7.437310335445903,
            "Wind_Speed_kmh": 0.12447843598791053,
            "Soil_Moisture": 49499.7650566693,
            "Soil_Temperature": 1.053047832207111,
            "Wind_Dir_Sin": 0.07044870179157225,
            "Wind_Dir_Cos": 0.05907408121467665
        },
        "RMSE": {
            "Temperature": 1.1801512991189298,
            "Precipitation_accumulated": 7.789163906217733,
            "Humidity": 2.727143255394902,
            "Wind_Speed_kmh": 0.3528150166700824,
            "Soil_Moisture": 222.48542661637256,
            "Soil_Temperature": 1.0261811887805736,
            "Wind_Dir_Sin": 0.2654217432532087,
            "Wind_Dir_Cos": 0.24305160195867184
        },
        "MAE": {
            "Temperature": 0.9958662135349593,
            "Precipitation_accumulated": 7.169858261465072,
            "Humidity": 1.8923610883388289,
            "Wind_Speed_kmh": 0.16928093147752046,
            "Soil_Moisture": 113.14423235516222,
            "Soil_Temperature": 0.7854510723276028,
            "Wind_Dir_Sin": 0.15414692148385772,
            "Wind_Dir_Cos": 0.12682804866801364
        },
        "R2": {
            "Temperature": 0.5908887390517452,
            "Precipitation_accumulated": -62.92191451818888,
            "Humidity": 0.8856302460950046,
            "Wind_Speed_kmh": 0.634218377484983,
            "Soil_Moisture": 0.933105728776776,
            "Soil_Temperature": 0.8123647871367037,
            "Wind_Dir_Sin": 0.5613924396850875,
            "Wind_Dir_Cos": 0.7942336163965718
        },
        "SMAPE": {
            "Temperature": 15.762212838095932,
            "Precipitation_accumulated": 1.546882463909986,
            "Humidity": 2.218019813027207,
            "Wind_Speed_kmh": 168.10625318559335,
            "Soil_Moisture": 1.834665242933565,
            "Soil_Temperature": 19.059127672268772,
            "Wind_Dir_Sin": 149.5025932739414,
            "Wind_Dir_Cos": 34.49438858559527
        }
    }
}