{
    "trial_number": 350,
    "input_chunk_length": 17,
    "output_chunk_length": 14,
    "num_layers": 1,
    "num_blocks": 3,
    "num_stacks": 2,
    "layer_widths": 207,
    "activation": "GELU",
    "dropout": 0.23255169644386514,
    "batch_size": 26,
    "lr": 0.0009609491862418797,
    "forecast_horizon": 1,
    "overall_smape_val": 50.41639084011553,
    "metrics": {
        "MSE": {
            "Temperature": 2.1664161514236717,
            "Precipitation_accumulated": 35.73316223404698,
            "Humidity": 7.545434093428637,
            "Wind_Speed_kmh": 0.13954376436550872,
            "Soil_Moisture": 47090.60926284414,
            "Soil_Temperature": 2.0505960621561075,
            "Wind_Dir_Sin": 0.059400162456998085,
            "Wind_Dir_Cos": 0.050723196406155704
        },
        "RMSE": {
            "Temperature": 1.471875046131183,
            "Precipitation_accumulated": 5.977722160994686,
            "Humidity": 2.746895355383717,
            "Wind_Speed_kmh": 0.37355557065249173,
            "Soil_Moisture": 217.00370794722411,
            "Soil_Temperature": 1.4319902451330133,
            "Wind_Dir_Sin": 0.2437214854234195,
            "Wind_Dir_Cos": 0.2252181085218409
        },
        "MAE": {
            "Temperature": 1.252890339169432,
            "Precipitation_accumulated": 4.79378074348706,
            "Humidity": 1.9312194198594714,
            "Wind_Speed_kmh": 0.2280605017401994,
            "Soil_Moisture": 104.01632191763153,
            "Soil_Temperature": 1.2221606787871673,
            "Wind_Dir_Sin": 0.13843488814798355,
            "Wind_Dir_Cos": 0.12235823980011239
        },
        "R2": {
            "Temperature": 0.3636325741457571,
            "Precipitation_accumulated": -36.64779453738096,
            "Humidity": 0.883967536454823,
            "Wind_Speed_kmh": 0.589948699657294,
            "Soil_Moisture": 0.9363614759688412,
            "Soil_Temperature": 0.634618659427026,
            "Wind_Dir_Sin": 0.6301796956506849,
            "Wind_Dir_Cos": 0.8233213538883104
        },
        "SMAPE": {
            "Temperature": 19.435928339116963,
            "Precipitation_accumulated": 1.0472094168673385,
            "Humidity": 2.285820973325955,
            "Wind_Speed_kmh": 165.5017165941756,
            "Soil_Moisture": 1.6290622076155559,
            "Soil_Temperature": 27.518547560093243,
            "Wind_Dir_Sin": 151.1893510048486,
            "Wind_Dir_Cos": 34.72349062488119
        }
    }
}