{
    "trial_number": 271,
    "input_chunk_length": 14,
    "output_chunk_length": 12,
    "num_layers": 1,
    "num_blocks": 3,
    "num_stacks": 2,
    "layer_widths": 136,
    "activation": "GELU",
    "dropout": 0.23445658546544795,
    "batch_size": 22,
    "lr": 0.0007671799792066674,
    "forecast_horizon": 2,
    "overall_smape_val": 50.172356238008035,
    "metrics": {
        "MSE": {
            "Temperature": 1.1498281648901607,
            "Precipitation_accumulated": 82.30009627563842,
            "Humidity": 12.766241896397412,
            "Wind_Speed_kmh": 0.1361925572286313,
            "Soil_Moisture": 47751.9424150947,
            "Soil_Temperature": 1.2879242984150154,
            "Wind_Dir_Sin": 0.07193001986164536,
            "Wind_Dir_Cos": 0.06136209243119239
        },
        "RMSE": {
            "Temperature": 1.0723004079501979,
            "Precipitation_accumulated": 9.071940050267001,
            "Humidity": 3.572987810838068,
            "Wind_Speed_kmh": 0.36904275799510183,
            "Soil_Moisture": 218.52217831399793,
            "Soil_Temperature": 1.1348675246102584,
            "Wind_Dir_Sin": 0.2681977253103489,
            "Wind_Dir_Cos": 0.2477137308087551
        },
        "MAE": {
            "Temperature": 0.8065519633442602,
            "Precipitation_accumulated": 6.975393857243211,
            "Humidity": 2.7229058131322557,
            "Wind_Speed_kmh": 0.2202620916670256,
            "Soil_Moisture": 118.04988665456361,
            "Soil_Temperature": 0.905640594879874,
            "Wind_Dir_Sin": 0.16453393458809565,
            "Wind_Dir_Cos": 0.15909571548008317
        },
        "R2": {
            "Temperature": 0.6622471684468332,
            "Precipitation_accumulated": -85.70984937458736,
            "Humidity": 0.803682799543274,
            "Wind_Speed_kmh": 0.5997962686292402,
            "Soil_Moisture": 0.9354677464894202,
            "Soil_Temperature": 0.7705137957708802,
            "Wind_Dir_Sin": 0.5521698807415969,
            "Wind_Dir_Cos": 0.7862640333918756
        },
        "SMAPE": {
            "Temperature": 13.969020661382034,
            "Precipitation_accumulated": 1.4998600045737107,
            "Humidity": 3.2548027005727995,
            "Wind_Speed_kmh": 169.11417553216026,
            "Soil_Moisture": 1.9248110537665177,
            "Soil_Temperature": 23.40747245809757,
            "Wind_Dir_Sin": 149.95958810879722,
            "Wind_Dir_Cos": 38.24911938471401
        }
    }
}