{
    "trial_number": 4,
    "input_chunk_length": 67,
    "output_chunk_length": 22,
    "num_layers": 3,
    "num_blocks": 3,
    "num_stacks": 3,
    "layer_widths": 111,
    "activation": "ReLU",
    "dropout": 0.24735429173431323,
    "batch_size": 78,
    "lr": 1.3778098529332987e-06,
    "loss_function": "smoothl1",
    "optimizer": "AdamW",
    "overall_mae_val": 0.30536997809306754,
    "metrics": {
        "MSE": {
            "Temperature": 99.31438563498747,
            "Precipitation_accumulated": 123241.58937784495,
            "Humidity": 514.1956647722909,
            "Wind_Speed_kmh": 1.6142270296208903,
            "Soil_Moisture": 1566402.0386527386,
            "Soil_Temperature": 52.559385527426656,
            "Wind_Dir_Sin": 0.7709522713515643,
            "Wind_Dir_Cos": 0.4057541766643309
        },
        "RMSE": {
            "Temperature": 9.96566032107193,
            "Precipitation_accumulated": 351.0578148650802,
            "Humidity": 22.67588288848509,
            "Wind_Speed_kmh": 1.2705223451875571,
            "Soil_Moisture": 1251.5598422179974,
            "Soil_Temperature": 7.249785205606209,
            "Wind_Dir_Sin": 0.8780388780410378,
            "Wind_Dir_Cos": 0.6369883646224088
        },
        "MAE": {
            "Temperature": 8.921335931284446,
            "Precipitation_accumulated": 350.59430801667247,
            "Humidity": 19.92902545900416,
            "Wind_Speed_kmh": 0.986681022302707,
            "Soil_Moisture": 1237.2986263116507,
            "Soil_Temperature": 6.380058937603538,
            "Wind_Dir_Sin": 0.798130911681646,
            "Wind_Dir_Cos": 0.5619505539508859
        },
        "R2": {
            "Temperature": -2.267722671020122,
            "Precipitation_accumulated": -39779.92735626665,
            "Humidity": -2.4822206176675734,
            "Wind_Speed_kmh": -0.19500977815433584,
            "Soil_Moisture": -35.42467152465258,
            "Soil_Temperature": -2.314008461421867,
            "Wind_Dir_Sin": -0.40555018886527994,
            "Wind_Dir_Cos": -0.10460188176844576
        },
        "SMAPE": {
            "Temperature": 77.58752019188263,
            "Precipitation_accumulated": 121.4367269248217,
            "Humidity": 24.864197418019412,
            "Wind_Speed_kmh": 82.71700574690398,
            "Soil_Moisture": 15.475210222524154,
            "Soil_Temperature": 66.63374290029869,
            "Wind_Dir_Sin": 159.80793526122594,
            "Wind_Dir_Cos": 158.54388443345496
        }
    }
}