{
    "trial_number": 31,
    "input_chunk_length": 1,
    "num_layers": 2,
    "num_blocks": 4,
    "num_stacks": 4,
    "layer_widths": 157,
    "activation": "ReLU",
    "dropout": 0.10058151915106087,
    "batch_size": 45,
    "lr": 0.0030807432649110123,
    "overall_smape_val": 46.19632385357189,
    "metrics": {
        "MSE": {
            "Temperature": 0.6505431944639495,
            "Precipitation_accumulated": 109.37487221866766,
            "Humidity": 3.210748227725481,
            "Wind_Speed_kmh": 0.08280390889043955,
            "Soil_Moisture": 36440.31353731173,
            "Soil_Temperature": 0.7378520285444002,
            "Wind_Dir_Sin": 0.048751302254002135,
            "Wind_Dir_Cos": 0.03942815738457153
        },
        "RMSE": {
            "Temperature": 0.8065625793848543,
            "Precipitation_accumulated": 10.458244222557994,
            "Humidity": 1.7918560845462677,
            "Wind_Speed_kmh": 0.287756683485266,
            "Soil_Moisture": 190.89346122199086,
            "Soil_Temperature": 0.8589831363562385,
            "Wind_Dir_Sin": 0.22079697066310067,
            "Wind_Dir_Cos": 0.1985652471722369
        },
        "MAE": {
            "Temperature": 0.5917056632648765,
            "Precipitation_accumulated": 9.277714595280191,
            "Humidity": 1.1916805316246377,
            "Wind_Speed_kmh": 0.18905941618832384,
            "Soil_Moisture": 147.94340017176106,
            "Soil_Temperature": 0.7591945142145023,
            "Wind_Dir_Sin": 0.11184859935235957,
            "Wind_Dir_Cos": 0.09153379827022431
        },
        "R2": {
            "Temperature": 0.8089081371573197,
            "Precipitation_accumulated": -114.23532929636107,
            "Humidity": 0.9506256337179122,
            "Wind_Speed_kmh": 0.756679557353434,
            "Soil_Moisture": 0.9507543477341046,
            "Soil_Temperature": 0.8685273183200342,
            "Wind_Dir_Sin": 0.696478583706694,
            "Wind_Dir_Cos": 0.862664146604544
        },
        "SMAPE": {
            "Temperature": 10.44662186682542,
            "Precipitation_accumulated": 1.9995270683358155,
            "Humidity": 1.4368226341768868,
            "Wind_Speed_kmh": 167.80102297289636,
            "Soil_Moisture": 2.4460172948304835,
            "Soil_Temperature": 18.26031561335456,
            "Wind_Dir_Sin": 141.5603334280896,
            "Wind_Dir_Cos": 25.619929950065966
        }
    }
}