{
    "trial_number": 26,
    "input_chunk_length": 49,
    "output_chunk_length": 45,
    "num_layers": 2,
    "num_blocks": 4,
    "num_stacks": 2,
    "layer_widths": 32,
    "activation": "GELU",
    "dropout": 0.25725927214094424,
    "batch_size": 21,
    "lr": 0.0009596921290405151,
    "forecast_horizon": 13,
    "overall_smape_val": 54.42857378413443,
    "metrics": {
        "MSE": {
            "Temperature": 2.5961526826232855,
            "Precipitation_accumulated": 93.99211576963928,
            "Humidity": 29.402165856321314,
            "Wind_Speed_kmh": 0.19486036765928455,
            "Soil_Moisture": 149820.2694288852,
            "Soil_Temperature": 1.8705543488384024,
            "Wind_Dir_Sin": 0.12324645346631975,
            "Wind_Dir_Cos": 0.1318586824739713
        },
        "RMSE": {
            "Temperature": 1.6112581055260158,
            "Precipitation_accumulated": 9.694953108171244,
            "Humidity": 5.4223764030470365,
            "Wind_Speed_kmh": 0.44142991251079094,
            "Soil_Moisture": 387.06623390433475,
            "Soil_Temperature": 1.3676821081078756,
            "Wind_Dir_Sin": 0.35106474255658277,
            "Wind_Dir_Cos": 0.3631235085669493
        },
        "MAE": {
            "Temperature": 1.346181632515562,
            "Precipitation_accumulated": 6.564545769697817,
            "Humidity": 4.203941485213018,
            "Wind_Speed_kmh": 0.22666741272531138,
            "Soil_Moisture": 250.70995852427976,
            "Soil_Temperature": 1.1094200656308006,
            "Wind_Dir_Sin": 0.20120980354980583,
            "Wind_Dir_Cos": 0.23572119657299756
        },
        "R2": {
            "Temperature": 0.23475946929853397,
            "Precipitation_accumulated": -97.85403562478251,
            "Humidity": 0.548490237474756,
            "Wind_Speed_kmh": 0.43179068996449144,
            "Soil_Moisture": 0.7990057104806317,
            "Soil_Temperature": 0.6655894255631076,
            "Wind_Dir_Sin": 0.23825119184423316,
            "Wind_Dir_Cos": 0.5435420745426833
        },
        "SMAPE": {
            "Temperature": 21.330015268831765,
            "Precipitation_accumulated": 1.417457458621825,
            "Humidity": 5.036418893440484,
            "Wind_Speed_kmh": 169.83101357094813,
            "Soil_Moisture": 4.027095164025711,
            "Soil_Temperature": 23.795155216370937,
            "Wind_Dir_Sin": 159.618052338672,
            "Wind_Dir_Cos": 50.37338236216445
        }
    }
}