{
    "trial_number": 157,
    "input_chunk_length": 14,
    "output_chunk_length": 12,
    "num_layers": 1,
    "num_blocks": 4,
    "num_stacks": 3,
    "layer_widths": 65,
    "activation": "GELU",
    "dropout": 0.28109054036252046,
    "batch_size": 18,
    "lr": 0.0004198409342328223,
    "forecast_horizon": 8,
    "overall_smape_val": 49.144232114003714,
    "metrics": {
        "MSE": {
            "Temperature": 0.9004762943733345,
            "Precipitation_accumulated": 30.589040320747838,
            "Humidity": 10.033527633679753,
            "Wind_Speed_kmh": 0.16069050114570393,
            "Soil_Moisture": 76738.5626889118,
            "Soil_Temperature": 0.656307673762195,
            "Wind_Dir_Sin": 0.08239894715089323,
            "Wind_Dir_Cos": 0.0955855698256918
        },
        "RMSE": {
            "Temperature": 0.9489342940232135,
            "Precipitation_accumulated": 5.530735965560807,
            "Humidity": 3.1675744085466646,
            "Wind_Speed_kmh": 0.40086219720211075,
            "Soil_Moisture": 277.0172606335421,
            "Soil_Temperature": 0.8101281835377627,
            "Wind_Dir_Sin": 0.287052167995459,
            "Wind_Dir_Cos": 0.30916916053463644
        },
        "MAE": {
            "Temperature": 0.688277795204337,
            "Precipitation_accumulated": 4.6553184443114715,
            "Humidity": 2.131685254038711,
            "Wind_Speed_kmh": 0.18525830601011342,
            "Soil_Moisture": 119.2897296390057,
            "Soil_Temperature": 0.4524469205724198,
            "Wind_Dir_Sin": 0.1556050690360891,
            "Wind_Dir_Cos": 0.16601961058858974
        },
        "R2": {
            "Temperature": 0.7348680462757731,
            "Precipitation_accumulated": -31.196759308518743,
            "Humidity": 0.845805087403714,
            "Wind_Speed_kmh": 0.5297836803728881,
            "Soil_Moisture": 0.8967051071673503,
            "Soil_Temperature": 0.8828322419741083,
            "Wind_Dir_Sin": 0.48902370851291754,
            "Wind_Dir_Cos": 0.6681769300552934
        },
        "SMAPE": {
            "Temperature": 12.212046623755931,
            "Precipitation_accumulated": 1.0065244307411783,
            "Humidity": 2.565259904779983,
            "Wind_Speed_kmh": 164.6258691873267,
            "Soil_Moisture": 1.9176184226911328,
            "Soil_Temperature": 15.174614255198051,
            "Wind_Dir_Sin": 153.82329455211325,
            "Wind_Dir_Cos": 41.82862953542328
        }
    }
}