{
    "trial_number": 44,
    "input_chunk_length": 22,
    "output_chunk_length": 12,
    "num_layers": 2,
    "num_blocks": 4,
    "num_stacks": 2,
    "layer_widths": 146,
    "activation": "ReLU",
    "dropout": 0.11848023423737282,
    "batch_size": 32,
    "lr": 0.0028009702019300515,
    "forecast_horizon": 17,
    "overall_smape_val": 50.66696239694147,
    "metrics": {
        "MSE": {
            "Temperature": 1.1812609094257471,
            "Precipitation_accumulated": 103.19602564219483,
            "Humidity": 16.270670679875,
            "Wind_Speed_kmh": 0.157533375016099,
            "Soil_Moisture": 116735.06583596877,
            "Soil_Temperature": 1.0752182923599303,
            "Wind_Dir_Sin": 0.09746851598200508,
            "Wind_Dir_Cos": 0.11617581081944935
        },
        "RMSE": {
            "Temperature": 1.0868582747652737,
            "Precipitation_accumulated": 10.158544464744683,
            "Humidity": 4.033691941618125,
            "Wind_Speed_kmh": 0.39690474300025563,
            "Soil_Moisture": 341.6651369923024,
            "Soil_Temperature": 1.036927332246542,
            "Wind_Dir_Sin": 0.312199481072607,
            "Wind_Dir_Cos": 0.3408457287680885
        },
        "MAE": {
            "Temperature": 0.8696956114403877,
            "Precipitation_accumulated": 7.63261192537509,
            "Humidity": 2.8586602541261756,
            "Wind_Speed_kmh": 0.146688842794843,
            "Soil_Moisture": 140.31468019280047,
            "Soil_Temperature": 0.7647716417516808,
            "Wind_Dir_Sin": 0.1760489801757324,
            "Wind_Dir_Cos": 0.19613663797535422
        },
        "R2": {
            "Temperature": 0.6509160510377945,
            "Precipitation_accumulated": -107.46677988978121,
            "Humidity": 0.750152061622289,
            "Wind_Speed_kmh": 0.5419261855772133,
            "Soil_Moisture": 0.8438104650488991,
            "Soil_Temperature": 0.8075442764264331,
            "Wind_Dir_Sin": 0.39917914612775485,
            "Wind_Dir_Cos": 0.5987379713644405
        },
        "SMAPE": {
            "Temperature": 14.901702710787484,
            "Precipitation_accumulated": 1.6672741863299056,
            "Humidity": 3.4406403041730114,
            "Wind_Speed_kmh": 163.23113470973874,
            "Soil_Moisture": 2.201132412221855,
            "Soil_Temperature": 18.07392706027212,
            "Wind_Dir_Sin": 157.69097411371038,
            "Wind_Dir_Cos": 44.12891367829814
        }
    }
}