{
    "trial_number": 244,
    "input_chunk_length": 16,
    "output_chunk_length": 14,
    "num_layers": 1,
    "num_blocks": 4,
    "num_stacks": 2,
    "layer_widths": 118,
    "activation": "GELU",
    "dropout": 0.19775084241998872,
    "batch_size": 18,
    "lr": 0.0004174270027564527,
    "forecast_horizon": 6,
    "overall_smape_val": 51.89931652725341,
    "metrics": {
        "MSE": {
            "Temperature": 1.6653301342310498,
            "Precipitation_accumulated": 27.928974717423408,
            "Humidity": 9.997924567992305,
            "Wind_Speed_kmh": 0.20043836659995495,
            "Soil_Moisture": 73254.60060261717,
            "Soil_Temperature": 1.6553011367407156,
            "Wind_Dir_Sin": 0.09098057050403563,
            "Wind_Dir_Cos": 0.08760670023328201
        },
        "RMSE": {
            "Temperature": 1.2904767081319406,
            "Precipitation_accumulated": 5.284787102374457,
            "Humidity": 3.161949488526391,
            "Wind_Speed_kmh": 0.44770343599301865,
            "Soil_Moisture": 270.6558711770671,
            "Soil_Temperature": 1.286585067821291,
            "Wind_Dir_Sin": 0.3016298567848276,
            "Wind_Dir_Cos": 0.2959842905177267
        },
        "MAE": {
            "Temperature": 1.0536976103629285,
            "Precipitation_accumulated": 3.8227561203579095,
            "Humidity": 2.1641339156327244,
            "Wind_Speed_kmh": 0.27038989996848256,
            "Soil_Moisture": 131.34990861376917,
            "Soil_Temperature": 1.0076659987456182,
            "Wind_Dir_Sin": 0.17019477554738754,
            "Wind_Dir_Cos": 0.1501654532684974
        },
        "R2": {
            "Temperature": 0.5099996079125695,
            "Precipitation_accumulated": -28.406322937736302,
            "Humidity": 0.84630051391312,
            "Wind_Speed_kmh": 0.412651396222635,
            "Soil_Moisture": 0.9012633729613541,
            "Soil_Temperature": 0.7046640667756594,
            "Wind_Dir_Sin": 0.4350589253284506,
            "Wind_Dir_Cos": 0.6955333554986953
        },
        "SMAPE": {
            "Temperature": 17.365286744984864,
            "Precipitation_accumulated": 0.8340452176095599,
            "Humidity": 2.570952201101543,
            "Wind_Speed_kmh": 171.47559694085234,
            "Soil_Moisture": 2.113564678407751,
            "Soil_Temperature": 21.476913262427573,
            "Wind_Dir_Sin": 157.86116792347326,
            "Wind_Dir_Cos": 41.497005249170286
        }
    }
}