{
    "trial_number": 114,
    "input_chunk_length": 20,
    "output_chunk_length": 17,
    "num_layers": 1,
    "num_blocks": 4,
    "num_stacks": 2,
    "layer_widths": 85,
    "activation": "GELU",
    "dropout": 0.29445201654704245,
    "batch_size": 17,
    "lr": 0.00024045027962987502,
    "forecast_horizon": 6,
    "overall_smape_val": 50.18040285426591,
    "metrics": {
        "MSE": {
            "Temperature": 1.1582805229044184,
            "Precipitation_accumulated": 39.71267717893205,
            "Humidity": 9.417457275367324,
            "Wind_Speed_kmh": 0.17264313658984481,
            "Soil_Moisture": 84051.61889189841,
            "Soil_Temperature": 1.2394585742552189,
            "Wind_Dir_Sin": 0.09272465195028753,
            "Wind_Dir_Cos": 0.09914459305625169
        },
        "RMSE": {
            "Temperature": 1.0762344181935544,
            "Precipitation_accumulated": 6.301799519100243,
            "Humidity": 3.0687875904609827,
            "Wind_Speed_kmh": 0.41550347361946904,
            "Soil_Moisture": 289.9165722960631,
            "Soil_Temperature": 1.1133097386869564,
            "Wind_Dir_Sin": 0.3045072280756034,
            "Wind_Dir_Cos": 0.3148723440638312
        },
        "MAE": {
            "Temperature": 0.7638779500482109,
            "Precipitation_accumulated": 4.7630741852908836,
            "Humidity": 1.9970518135902877,
            "Wind_Speed_kmh": 0.2092251772978662,
            "Soil_Moisture": 128.98262001900937,
            "Soil_Temperature": 0.7756889062885285,
            "Wind_Dir_Sin": 0.16541726177666108,
            "Wind_Dir_Cos": 0.16699126632560354
        },
        "R2": {
            "Temperature": 0.659191953172418,
            "Precipitation_accumulated": -40.81334337050388,
            "Humidity": 0.8552241184032285,
            "Wind_Speed_kmh": 0.494100321471024,
            "Soil_Moisture": 0.8867105508970957,
            "Soil_Temperature": 0.7788579693472932,
            "Wind_Dir_Sin": 0.42422910483928844,
            "Wind_Dir_Cos": 0.6554347842356414
        },
        "SMAPE": {
            "Temperature": 13.166353791024168,
            "Precipitation_accumulated": 1.0380392816927981,
            "Humidity": 2.4010224369067146,
            "Wind_Speed_kmh": 165.2289970518621,
            "Soil_Moisture": 2.0560646256038067,
            "Soil_Temperature": 19.634699027328686,
            "Wind_Dir_Sin": 154.9922974835266,
            "Wind_Dir_Cos": 42.9257491361825
        }
    }
}