{
    "trial_number": 17,
    "input_chunk_length": 31,
    "output_chunk_length": 23,
    "num_layers": 2,
    "num_blocks": 3,
    "num_stacks": 2,
    "layer_widths": 118,
    "activation": "GELU",
    "dropout": 0.13045584100289448,
    "batch_size": 22,
    "lr": 0.005280026511296435,
    "forecast_horizon": 15,
    "overall_smape_val": 52.73120851120651,
    "metrics": {
        "MSE": {
            "Temperature": 1.5117961945118752,
            "Precipitation_accumulated": 98.98458335948513,
            "Humidity": 20.884936639770597,
            "Wind_Speed_kmh": 0.2416543583053017,
            "Soil_Moisture": 173496.67707451942,
            "Soil_Temperature": 1.623970392569239,
            "Wind_Dir_Sin": 0.11191777084559859,
            "Wind_Dir_Cos": 0.11376033200427266
        },
        "RMSE": {
            "Temperature": 1.2295512167095257,
            "Precipitation_accumulated": 9.949099625568392,
            "Humidity": 4.570004008725879,
            "Wind_Speed_kmh": 0.4915835211897381,
            "Soil_Moisture": 416.5293231868789,
            "Soil_Temperature": 1.2743509691483108,
            "Wind_Dir_Sin": 0.3345411347586401,
            "Wind_Dir_Cos": 0.33728375591521254
        },
        "MAE": {
            "Temperature": 0.8761726029884014,
            "Precipitation_accumulated": 6.745520674684596,
            "Humidity": 3.4998749948490673,
            "Wind_Speed_kmh": 0.21506421282894023,
            "Soil_Moisture": 240.75786461554625,
            "Soil_Temperature": 1.0349906448428845,
            "Wind_Dir_Sin": 0.19934052941403754,
            "Wind_Dir_Cos": 0.21528113161552895
        },
        "R2": {
            "Temperature": 0.5542734286127109,
            "Precipitation_accumulated": -103.07234072525743,
            "Humidity": 0.6794279492373683,
            "Wind_Speed_kmh": 0.29633019631569857,
            "Soil_Moisture": 0.7675560100317546,
            "Soil_Temperature": 0.7095366898295024,
            "Wind_Dir_Sin": 0.30919031159525545,
            "Wind_Dir_Cos": 0.6066372359252645
        },
        "SMAPE": {
            "Temperature": 15.129324220828545,
            "Precipitation_accumulated": 1.4871169808087175,
            "Humidity": 4.157899223653079,
            "Wind_Speed_kmh": 167.34996159532585,
            "Soil_Moisture": 3.854756686098571,
            "Soil_Temperature": 25.6829281281935,
            "Wind_Dir_Sin": 155.72659301703166,
            "Wind_Dir_Cos": 48.461088237712225
        }
    }
}