{
    "trial_number": 1,
    "input_chunk_length": 4,
    "num_layers": 3,
    "num_blocks": 4,
    "num_stacks": 4,
    "layer_widths": 156,
    "activation": "ReLU",
    "dropout": 0.10782898698204206,
    "batch_size": 43,
    "lr": 0.006226972869371566,
    "overall_smape_val": 47.60581079143205,
    "metrics": {
        "MSE": {
            "Temperature": 0.989971951806526,
            "Precipitation_accumulated": 216.99488752075854,
            "Humidity": 11.04409421331219,
            "Wind_Speed_kmh": 0.08962999305723492,
            "Soil_Moisture": 37246.32477234512,
            "Soil_Temperature": 0.7323399833224495,
            "Wind_Dir_Sin": 0.050844058293735554,
            "Wind_Dir_Cos": 0.04736060129669233
        },
        "RMSE": {
            "Temperature": 0.9949733422592416,
            "Precipitation_accumulated": 14.7307463327816,
            "Humidity": 3.3232655947594965,
            "Wind_Speed_kmh": 0.299382686635742,
            "Soil_Moisture": 192.9930692339627,
            "Soil_Temperature": 0.8557686505840522,
            "Wind_Dir_Sin": 0.22548627074333275,
            "Wind_Dir_Cos": 0.21762490964200842
        },
        "MAE": {
            "Temperature": 0.7516079813585345,
            "Precipitation_accumulated": 14.256068985897313,
            "Humidity": 2.726161037512421,
            "Wind_Speed_kmh": 0.1313704809455588,
            "Soil_Moisture": 134.46929240352472,
            "Soil_Temperature": 0.5932688601213574,
            "Wind_Dir_Sin": 0.10736196457642824,
            "Wind_Dir_Cos": 0.12149015921567852
        },
        "R2": {
            "Temperature": 0.7092036531277608,
            "Precipitation_accumulated": -227.6217740130407,
            "Humidity": 0.8301657077209528,
            "Wind_Speed_kmh": 0.7366210137017691,
            "Soil_Moisture": 0.9496650994497227,
            "Soil_Temperature": 0.869509471026588,
            "Wind_Dir_Sin": 0.6834492645343202,
            "Wind_Dir_Cos": 0.8350339192125587
        },
        "SMAPE": {
            "Temperature": 12.944681322806614,
            "Precipitation_accumulated": 3.0515180922883633,
            "Humidity": 3.2842818520577812,
            "Wind_Speed_kmh": 166.15547752694596,
            "Soil_Moisture": 2.2418255532005054,
            "Soil_Temperature": 16.889892382558454,
            "Wind_Dir_Sin": 148.40660991732148,
            "Wind_Dir_Cos": 27.872199684276968
        }
    }
}