{
    "trial_number": 312,
    "input_chunk_length": 18,
    "output_chunk_length": 15,
    "num_layers": 1,
    "num_blocks": 3,
    "num_stacks": 2,
    "layer_widths": 113,
    "activation": "GELU",
    "dropout": 0.1946949684250283,
    "batch_size": 23,
    "lr": 0.0006890961113011552,
    "forecast_horizon": 2,
    "overall_smape_val": 50.42409842799242,
    "metrics": {
        "MSE": {
            "Temperature": 2.5187405721591434,
            "Precipitation_accumulated": 67.37985316144456,
            "Humidity": 5.644453180271575,
            "Wind_Speed_kmh": 0.12883152376362583,
            "Soil_Moisture": 47373.53527355761,
            "Soil_Temperature": 1.04255714935502,
            "Wind_Dir_Sin": 0.06554324074849409,
            "Wind_Dir_Cos": 0.06157900679601888
        },
        "RMSE": {
            "Temperature": 1.5870540545801026,
            "Precipitation_accumulated": 8.208523202223684,
            "Humidity": 2.375805795992504,
            "Wind_Speed_kmh": 0.3589310849781972,
            "Soil_Moisture": 217.6546238276541,
            "Soil_Temperature": 1.0210568786091303,
            "Wind_Dir_Sin": 0.25601414169630177,
            "Wind_Dir_Cos": 0.24815117730129527
        },
        "MAE": {
            "Temperature": 1.3791109245115412,
            "Precipitation_accumulated": 6.738615804658442,
            "Humidity": 1.540218174710306,
            "Wind_Speed_kmh": 0.20095019573868877,
            "Soil_Moisture": 95.04384263497873,
            "Soil_Temperature": 0.854904372334106,
            "Wind_Dir_Sin": 0.13856500758317664,
            "Wind_Dir_Cos": 0.1348399993397739
        },
        "R2": {
            "Temperature": 0.26014009208422895,
            "Precipitation_accumulated": -69.99015897798049,
            "Humidity": 0.9132005130834406,
            "Wind_Speed_kmh": 0.6214267682643619,
            "Soil_Moisture": 0.9359791281076927,
            "Soil_Temperature": 0.8142340483894501,
            "Wind_Dir_Sin": 0.5919334183774976,
            "Wind_Dir_Cos": 0.785508478951007
        },
        "SMAPE": {
            "Temperature": 24.623468318838476,
            "Precipitation_accumulated": 1.4767011309693594,
            "Humidity": 1.8297399902706442,
            "Wind_Speed_kmh": 163.3544136256319,
            "Soil_Moisture": 1.4883852606728403,
            "Soil_Temperature": 23.97867147358222,
            "Wind_Dir_Sin": 149.96849153928895,
            "Wind_Dir_Cos": 36.67291608468509
        }
    }
}