{
    "trial_number": 143,
    "input_chunk_length": 18,
    "output_chunk_length": 14,
    "num_layers": 1,
    "num_blocks": 4,
    "num_stacks": 2,
    "layer_widths": 94,
    "activation": "GELU",
    "dropout": 0.2760231131752061,
    "batch_size": 22,
    "lr": 0.00028490309730794624,
    "forecast_horizon": 8,
    "overall_smape_val": 51.35327327129674,
    "metrics": {
        "MSE": {
            "Temperature": 1.23599249885169,
            "Precipitation_accumulated": 88.499126106647,
            "Humidity": 10.737738223163227,
            "Wind_Speed_kmh": 0.1677723683507517,
            "Soil_Moisture": 96995.47098810461,
            "Soil_Temperature": 1.900682308210559,
            "Wind_Dir_Sin": 0.09711139627672398,
            "Wind_Dir_Cos": 0.10105493937330602
        },
        "RMSE": {
            "Temperature": 1.1117519952092239,
            "Precipitation_accumulated": 9.40739741409105,
            "Humidity": 3.276848825192158,
            "Wind_Speed_kmh": 0.4096002543343347,
            "Soil_Moisture": 311.4409590726702,
            "Soil_Temperature": 1.378652352194185,
            "Wind_Dir_Sin": 0.3116270146773607,
            "Wind_Dir_Cos": 0.31789139556349433
        },
        "MAE": {
            "Temperature": 0.7745305534052519,
            "Precipitation_accumulated": 8.227203457649766,
            "Humidity": 1.9862090562567747,
            "Wind_Speed_kmh": 0.2004477631963366,
            "Soil_Moisture": 116.09800766571429,
            "Soil_Temperature": 0.8612066968878628,
            "Wind_Dir_Sin": 0.17653046548331977,
            "Wind_Dir_Cos": 0.18183490692175144
        },
        "R2": {
            "Temperature": 0.6360802521324631,
            "Precipitation_accumulated": -92.15052163755819,
            "Humidity": 0.8349828029331663,
            "Wind_Speed_kmh": 0.5090605541799711,
            "Soil_Moisture": 0.8694380448382265,
            "Soil_Temperature": 0.6606794439932143,
            "Wind_Dir_Sin": 0.3977881654271237,
            "Wind_Dir_Cos": 0.6491901415969414
        },
        "SMAPE": {
            "Temperature": 13.350862888820494,
            "Precipitation_accumulated": 1.8107873376255286,
            "Humidity": 2.339375993039104,
            "Wind_Speed_kmh": 170.3378571167874,
            "Soil_Moisture": 1.8267961908265142,
            "Soil_Temperature": 20.565812327858062,
            "Wind_Dir_Sin": 155.08027262702714,
            "Wind_Dir_Cos": 45.51442168838976
        }
    }
}