{
    "trial_number": 334,
    "input_chunk_length": 15,
    "output_chunk_length": 13,
    "num_layers": 1,
    "num_blocks": 3,
    "num_stacks": 2,
    "layer_widths": 120,
    "activation": "GELU",
    "dropout": 0.2351160111059907,
    "batch_size": 25,
    "lr": 0.0006383773819027155,
    "forecast_horizon": 2,
    "overall_smape_val": 48.556175074939986,
    "metrics": {
        "MSE": {
            "Temperature": 0.9544768993355361,
            "Precipitation_accumulated": 47.145313097409066,
            "Humidity": 6.0966266687892325,
            "Wind_Speed_kmh": 0.12089358258294869,
            "Soil_Moisture": 57341.88701488949,
            "Soil_Temperature": 0.44818979792835856,
            "Wind_Dir_Sin": 0.0717567821755064,
            "Wind_Dir_Cos": 0.061943260160788036
        },
        "RMSE": {
            "Temperature": 0.976973336041233,
            "Precipitation_accumulated": 6.866244468223446,
            "Humidity": 2.4691348016641848,
            "Wind_Speed_kmh": 0.34769754468927255,
            "Soil_Moisture": 239.46166084550882,
            "Soil_Temperature": 0.6694697886599205,
            "Wind_Dir_Sin": 0.2678745642563071,
            "Wind_Dir_Cos": 0.24888402954144734
        },
        "MAE": {
            "Temperature": 0.6578430746369344,
            "Precipitation_accumulated": 5.516250109650562,
            "Humidity": 1.652495897823637,
            "Wind_Speed_kmh": 0.20759501186355422,
            "Soil_Moisture": 165.7645524158166,
            "Soil_Temperature": 0.44523506264706003,
            "Wind_Dir_Sin": 0.14345790183936724,
            "Wind_Dir_Cos": 0.12088414635432898
        },
        "R2": {
            "Temperature": 0.719630041038819,
            "Precipitation_accumulated": -48.671424243572545,
            "Humidity": 0.9062470624041465,
            "Wind_Speed_kmh": 0.6447525192786088,
            "Soil_Moisture": 0.9225078394203677,
            "Soil_Temperature": 0.9201402010759703,
            "Wind_Dir_Sin": 0.553248443680866,
            "Wind_Dir_Cos": 0.784239714443074
        },
        "SMAPE": {
            "Temperature": 11.375176841036629,
            "Precipitation_accumulated": 1.2087411084271176,
            "Humidity": 1.9782560675891945,
            "Wind_Speed_kmh": 168.00182879096917,
            "Soil_Moisture": 2.6699076271005904,
            "Soil_Temperature": 13.961770034352279,
            "Wind_Dir_Sin": 153.90832739260563,
            "Wind_Dir_Cos": 35.34539273743941
        }
    }
}