{
    "trial_number": 9,
    "input_chunk_length": 31,
    "output_chunk_length": 16,
    "num_layers": 6,
    "num_blocks": 2,
    "num_stacks": 1,
    "layer_widths": 138,
    "activation": "ReLU",
    "dropout": 0.288500883804605,
    "batch_size": 45,
    "lr": 0.0002935138983777014,
    "forecast_horizon": 6,
    "overall_smape_val": 116.11816949344663,
    "metrics": {
        "MSE": {
            "Temperature": 219.16348630023973,
            "Precipitation_accumulated": 63774.32531819278,
            "Humidity": 1175.0246388367195,
            "Wind_Speed_kmh": 8.528240844830496,
            "Soil_Moisture": 2508342.363185833,
            "Soil_Temperature": 260.45425585295476,
            "Wind_Dir_Sin": 0.19399396271184718,
            "Wind_Dir_Cos": 0.7983907175777573
        },
        "RMSE": {
            "Temperature": 14.804171246653414,
            "Precipitation_accumulated": 252.53579017278477,
            "Humidity": 34.27863239449205,
            "Wind_Speed_kmh": 2.9203151961441587,
            "Soil_Moisture": 1583.7747198341792,
            "Soil_Temperature": 16.138595225513118,
            "Wind_Dir_Sin": 0.44044745737925106,
            "Wind_Dir_Cos": 0.8935271219038387
        },
        "MAE": {
            "Temperature": 14.643892701824374,
            "Precipitation_accumulated": 252.47458896398683,
            "Humidity": 33.32727137748567,
            "Wind_Speed_kmh": 2.8731686439072486,
            "Soil_Moisture": 1564.9482350450428,
            "Soil_Temperature": 16.023564401581176,
            "Wind_Dir_Sin": 0.245372606577986,
            "Wind_Dir_Cos": 0.84389004345914
        },
        "R2": {
            "Temperature": -63.485828972254836,
            "Precipitation_accumulated": -67146.77124536142,
            "Humidity": -17.063817335330445,
            "Wind_Speed_kmh": -23.99047681268329,
            "Soil_Moisture": -2.380883417037798,
            "Soil_Temperature": -45.46979272064167,
            "Wind_Dir_Sin": -0.20459958831937763,
            "Wind_Dir_Cos": -1.7747117758641546
        },
        "SMAPE": {
            "Temperature": 107.07324449295827,
            "Precipitation_accumulated": 75.7731504764004,
            "Humidity": 49.1440779358314,
            "Wind_Speed_kmh": 186.01997648240933,
            "Soil_Moisture": 23.60305004945148,
            "Soil_Temperature": 111.11412989147203,
            "Wind_Dir_Sin": 187.7534401088134,
            "Wind_Dir_Cos": 188.4642865102367
        }
    }
}