{
    "trial_number": 75,
    "input_chunk_length": 49,
    "output_chunk_length": 2,
    "num_layers": 1,
    "num_blocks": 4,
    "num_stacks": 2,
    "layer_widths": 141,
    "activation": "ReLU",
    "dropout": 0.1709394430922811,
    "batch_size": 95,
    "lr": 0.000186169185565385,
    "loss_function": "huber",
    "optimizer": "AdamW",
    "overall_mae_val": 0.12733733956151133,
    "metrics": {
        "MSE": {
            "Temperature": 11.052964911083485,
            "Precipitation_accumulated": 1416.0548261976471,
            "Humidity": 63.93460275778932,
            "Wind_Speed_kmh": 1.3969737052330573,
            "Soil_Moisture": 109714.83181165809,
            "Soil_Temperature": 9.401981825377208,
            "Wind_Dir_Sin": 0.5422626193974703,
            "Wind_Dir_Cos": 0.40208827183622065
        },
        "RMSE": {
            "Temperature": 3.3245999625644416,
            "Precipitation_accumulated": 37.63050393228407,
            "Humidity": 7.995911627687573,
            "Wind_Speed_kmh": 1.1819364218235502,
            "Soil_Moisture": 331.23229282734206,
            "Soil_Temperature": 3.066265126400065,
            "Wind_Dir_Sin": 0.7363848310479177,
            "Wind_Dir_Cos": 0.6341043067478888
        },
        "MAE": {
            "Temperature": 2.7456903578007172,
            "Precipitation_accumulated": 32.314438221111665,
            "Humidity": 6.573743741748093,
            "Wind_Speed_kmh": 0.9031750833502441,
            "Soil_Moisture": 253.04788427676678,
            "Soil_Temperature": 2.4975834312020946,
            "Wind_Dir_Sin": 0.6201015134000459,
            "Wind_Dir_Cos": 0.5261975242646921
        },
        "R2": {
            "Temperature": 0.6372655737101436,
            "Precipitation_accumulated": -425.5804828177831,
            "Humidity": 0.5639039723157107,
            "Wind_Speed_kmh": -0.038276308414172844,
            "Soil_Moisture": -1.0840707168602006,
            "Soil_Temperature": 0.4153826284468298,
            "Wind_Dir_Sin": 0.015426516054729111,
            "Wind_Dir_Cos": -0.09602690692424498
        },
        "SMAPE": {
            "Temperature": 41.07331875563055,
            "Precipitation_accumulated": 7.283396836078449,
            "Humidity": 7.716576503338312,
            "Wind_Speed_kmh": 79.75876936319182,
            "Soil_Moisture": 2.9268530025780426,
            "Soil_Temperature": 43.67648763500576,
            "Wind_Dir_Sin": 125.73825305182345,
            "Wind_Dir_Cos": 124.55892578248071
        }
    }
}