{
    "trial_number": 104,
    "input_chunk_length": 17,
    "output_chunk_length": 13,
    "num_layers": 1,
    "num_blocks": 4,
    "num_stacks": 2,
    "layer_widths": 133,
    "activation": "GELU",
    "dropout": 0.27450746543083204,
    "batch_size": 50,
    "lr": 0.0022116753177568458,
    "forecast_horizon": 7,
    "overall_smape_val": 54.615093112809596,
    "metrics": {
        "MSE": {
            "Temperature": 2.8877662890933653,
            "Precipitation_accumulated": 149.83963505087524,
            "Humidity": 19.169352166995676,
            "Wind_Speed_kmh": 0.19682143948913894,
            "Soil_Moisture": 96574.81074289225,
            "Soil_Temperature": 1.6198065986971195,
            "Wind_Dir_Sin": 0.12422503871209543,
            "Wind_Dir_Cos": 0.10044429263288555
        },
        "RMSE": {
            "Temperature": 1.699342899209387,
            "Precipitation_accumulated": 12.240900091532291,
            "Humidity": 4.378281873862814,
            "Wind_Speed_kmh": 0.4436456237687226,
            "Soil_Moisture": 310.76488016327113,
            "Soil_Temperature": 1.272716228661016,
            "Wind_Dir_Sin": 0.3524557258892178,
            "Wind_Dir_Cos": 0.3169294758031912
        },
        "MAE": {
            "Temperature": 1.3917784778135638,
            "Precipitation_accumulated": 9.972506598855611,
            "Humidity": 3.1630744553107975,
            "Wind_Speed_kmh": 0.23560084578853435,
            "Soil_Moisture": 145.6111618872389,
            "Soil_Temperature": 0.9258161335609434,
            "Wind_Dir_Sin": 0.24549719708743933,
            "Wind_Dir_Cos": 0.19160678870082612
        },
        "R2": {
            "Temperature": 0.15001953650981315,
            "Precipitation_accumulated": -156.7402693529414,
            "Humidity": 0.7053543368571062,
            "Wind_Speed_kmh": 0.4236533171144482,
            "Soil_Moisture": 0.8699174280373753,
            "Soil_Temperature": 0.7109098201689319,
            "Wind_Dir_Sin": 0.22913908875108935,
            "Wind_Dir_Cos": 0.6511139233296195
        },
        "SMAPE": {
            "Temperature": 22.087952384519436,
            "Precipitation_accumulated": 2.1415046929076387,
            "Humidity": 3.735618645202856,
            "Wind_Speed_kmh": 170.5288216281337,
            "Soil_Moisture": 2.3156525455622203,
            "Soil_Temperature": 21.16504894717945,
            "Wind_Dir_Sin": 170.0325357876442,
            "Wind_Dir_Cos": 44.91361027132726
        }
    }
}