{
    "trial_number": 50,
    "input_chunk_length": 32,
    "output_chunk_length": 1,
    "num_layers": 1,
    "num_blocks": 3,
    "num_stacks": 2,
    "layer_widths": 214,
    "activation": "ReLU",
    "dropout": 0.1531064137537213,
    "batch_size": 89,
    "lr": 0.0002714190661480697,
    "loss_function": "huber",
    "optimizer": "RMSprop",
    "overall_mae_val": 0.12112410361989094,
    "metrics": {
        "MSE": {
            "Temperature": 6.334156165320182,
            "Precipitation_accumulated": 2497.950500464208,
            "Humidity": 54.88085616184477,
            "Wind_Speed_kmh": 1.0776681128353787,
            "Soil_Moisture": 211751.40570775914,
            "Soil_Temperature": 7.543749361094368,
            "Wind_Dir_Sin": 0.43907080406523946,
            "Wind_Dir_Cos": 0.3232784747697476
        },
        "RMSE": {
            "Temperature": 2.5167749532527104,
            "Precipitation_accumulated": 49.97950080247109,
            "Humidity": 7.408161456248424,
            "Wind_Speed_kmh": 1.0381079485464788,
            "Soil_Moisture": 460.1645419931431,
            "Soil_Temperature": 2.7465886770855166,
            "Wind_Dir_Sin": 0.6626241801090867,
            "Wind_Dir_Cos": 0.5685758302722229
        },
        "MAE": {
            "Temperature": 2.000542415543298,
            "Precipitation_accumulated": 44.69551929998876,
            "Humidity": 6.049935783584581,
            "Wind_Speed_kmh": 0.8248122344919184,
            "Soil_Moisture": 386.23377707857935,
            "Soil_Temperature": 2.3027305954669686,
            "Wind_Dir_Sin": 0.5464642862722789,
            "Wind_Dir_Cos": 0.46767106530149727
        },
        "R2": {
            "Temperature": 0.7921355717089359,
            "Precipitation_accumulated": -730.2193644170019,
            "Humidity": 0.6254043815706894,
            "Wind_Speed_kmh": 0.2003415898243054,
            "Soil_Moisture": -2.744189836558471,
            "Soil_Temperature": 0.5313089551200466,
            "Wind_Dir_Sin": 0.20258680875465906,
            "Wind_Dir_Cos": 0.11792947131071352
        },
        "SMAPE": {
            "Temperature": 33.298059163289196,
            "Precipitation_accumulated": 10.228421663293808,
            "Humidity": 7.110392426897151,
            "Wind_Speed_kmh": 70.02979709680342,
            "Soil_Moisture": 4.63015117099611,
            "Soil_Temperature": 42.38527287715786,
            "Wind_Dir_Sin": 111.5027017448538,
            "Wind_Dir_Cos": 114.18570455881175
        }
    }
}