{
    "trial_number": 83,
    "input_chunk_length": 42,
    "output_chunk_length": 1,
    "num_layers": 1,
    "num_blocks": 4,
    "num_stacks": 3,
    "layer_widths": 215,
    "activation": "ReLU",
    "dropout": 0.39649383347752315,
    "batch_size": 72,
    "lr": 0.0006828562724098162,
    "loss_function": "huber",
    "optimizer": "AdamW",
    "overall_mae_val": 0.11965380679406812,
    "metrics": {
        "MSE": {
            "Temperature": 6.9435938930700045,
            "Precipitation_accumulated": 1412.6203915628662,
            "Humidity": 56.35992028051756,
            "Wind_Speed_kmh": 1.1895514144221773,
            "Soil_Moisture": 192394.7585756889,
            "Soil_Temperature": 8.271665315498016,
            "Wind_Dir_Sin": 0.450769562101416,
            "Wind_Dir_Cos": 0.3135679209535065
        },
        "RMSE": {
            "Temperature": 2.6350699977552785,
            "Precipitation_accumulated": 37.5848425773325,
            "Humidity": 7.507324442204263,
            "Wind_Speed_kmh": 1.0906655832207126,
            "Soil_Moisture": 438.6282692391006,
            "Soil_Temperature": 2.87605029780392,
            "Wind_Dir_Sin": 0.6713937459504787,
            "Wind_Dir_Cos": 0.5599713572616964
        },
        "MAE": {
            "Temperature": 2.1356177226972566,
            "Precipitation_accumulated": 33.24966243776555,
            "Humidity": 6.096354159714211,
            "Wind_Speed_kmh": 0.8612762300024649,
            "Soil_Moisture": 370.22975497259796,
            "Soil_Temperature": 2.395804330473683,
            "Wind_Dir_Sin": 0.5557092519307678,
            "Wind_Dir_Cos": 0.47009078841084506
        },
        "R2": {
            "Temperature": 0.7727608130365713,
            "Precipitation_accumulated": -419.0335948783229,
            "Humidity": 0.6158348298468177,
            "Wind_Speed_kmh": 0.11693317367211542,
            "Soil_Moisture": -2.551798286715818,
            "Soil_Temperature": 0.4872163671643779,
            "Wind_Dir_Sin": 0.1839046036505636,
            "Wind_Dir_Cos": 0.14366846940943168
        },
        "SMAPE": {
            "Temperature": 34.909615493913954,
            "Precipitation_accumulated": 7.495587103194305,
            "Humidity": 7.2248641716336595,
            "Wind_Speed_kmh": 71.96782515394712,
            "Soil_Moisture": 4.4211924872511394,
            "Soil_Temperature": 44.167932486107304,
            "Wind_Dir_Sin": 113.27422851068906,
            "Wind_Dir_Cos": 118.45136349912035
        }
    }
}