{
    "trial_number": 15,
    "input_chunk_length": 36,
    "output_chunk_length": 23,
    "num_layers": 1,
    "num_blocks": 2,
    "num_stacks": 3,
    "layer_widths": 104,
    "activation": "GELU",
    "dropout": 0.1006476604414372,
    "batch_size": 35,
    "lr": 0.0012228313261165881,
    "forecast_horizon": 9,
    "overall_smape_val": 53.27957604553511,
    "metrics": {
        "MSE": {
            "Temperature": 1.859138465448761,
            "Precipitation_accumulated": 315.4125809538137,
            "Humidity": 19.920898210978145,
            "Wind_Speed_kmh": 0.2833605232800984,
            "Soil_Moisture": 121282.62949204638,
            "Soil_Temperature": 1.358659097232511,
            "Wind_Dir_Sin": 0.09393745894721808,
            "Wind_Dir_Cos": 0.10149559690226083
        },
        "RMSE": {
            "Temperature": 1.3635022792238967,
            "Precipitation_accumulated": 17.759858697461915,
            "Humidity": 4.463283344240891,
            "Wind_Speed_kmh": 0.5323161873173673,
            "Soil_Moisture": 348.2565569979213,
            "Soil_Temperature": 1.165615329871957,
            "Wind_Dir_Sin": 0.3064921841535573,
            "Wind_Dir_Cos": 0.3185837360918803
        },
        "MAE": {
            "Temperature": 1.0901034252589246,
            "Precipitation_accumulated": 13.675250049655618,
            "Humidity": 3.512362939654172,
            "Wind_Speed_kmh": 0.33144977956139693,
            "Soil_Moisture": 192.11210877049194,
            "Soil_Temperature": 0.7414240926495498,
            "Wind_Dir_Sin": 0.1804940011925163,
            "Wind_Dir_Cos": 0.18538590691373752
        },
        "R2": {
            "Temperature": 0.4524236601637279,
            "Precipitation_accumulated": -330.9372988799415,
            "Humidity": 0.6939026439891935,
            "Wind_Speed_kmh": 0.17140420107510657,
            "Soil_Moisture": 0.8368549538808809,
            "Soil_Temperature": 0.7573710987399829,
            "Wind_Dir_Sin": 0.4178566827450775,
            "Wind_Dir_Cos": 0.6478584992906926
        },
        "SMAPE": {
            "Temperature": 17.781056772649436,
            "Precipitation_accumulated": 2.917524622757855,
            "Humidity": 4.156923411048953,
            "Wind_Speed_kmh": 175.4925822105258,
            "Soil_Moisture": 3.0124642081253605,
            "Soil_Temperature": 20.539836424278967,
            "Wind_Dir_Sin": 157.44123701000748,
            "Wind_Dir_Cos": 44.894983704886926
        }
    }
}