{
    "trial_number": 11,
    "input_chunk_length": 27,
    "num_layers": 1,
    "num_blocks": 2,
    "num_stacks": 5,
    "layer_widths": 121,
    "activation": "ReLU",
    "dropout": 0.08560156001486155,
    "batch_size": 16,
    "lr": 0.00018051530839289888,
    "overall_smape_val": 44.06928514353637,
    "metrics": {
        "MSE": {
            "Temperature": 0.424889344481456,
            "Precipitation_accumulated": 38.155286417550904,
            "Humidity": 3.3674858368336382,
            "Wind_Speed_kmh": 0.06126323119038673,
            "Soil_Moisture": 21931.921773709084,
            "Soil_Temperature": 0.3061785335252976,
            "Wind_Dir_Sin": 0.03645628298134819,
            "Wind_Dir_Cos": 0.03912897733538704
        },
        "RMSE": {
            "Temperature": 0.6518353660867566,
            "Precipitation_accumulated": 6.176996553143842,
            "Humidity": 1.8350710713303826,
            "Wind_Speed_kmh": 0.24751410301311463,
            "Soil_Moisture": 148.09430027421408,
            "Soil_Temperature": 0.5533340162372973,
            "Wind_Dir_Sin": 0.19093528479919103,
            "Wind_Dir_Cos": 0.19781045810418377
        },
        "MAE": {
            "Temperature": 0.4321426836894601,
            "Precipitation_accumulated": 4.13533963230077,
            "Humidity": 1.1511405496851614,
            "Wind_Speed_kmh": 0.12738754613867864,
            "Soil_Moisture": 73.15134106844279,
            "Soil_Temperature": 0.36467640023620745,
            "Wind_Dir_Sin": 0.09586685389772202,
            "Wind_Dir_Cos": 0.08921400065891721
        },
        "R2": {
            "Temperature": 0.8751921516819955,
            "Precipitation_accumulated": -39.19969948795073,
            "Humidity": 0.9482153481478826,
            "Wind_Speed_kmh": 0.8199771395946152,
            "Soil_Moisture": 0.9703610729889847,
            "Soil_Temperature": 0.9454441929843012,
            "Wind_Dir_Sin": 0.7730263165969076,
            "Wind_Dir_Cos": 0.8637062482420333
        },
        "SMAPE": {
            "Temperature": 7.669184723108717,
            "Precipitation_accumulated": 0.9053853896412755,
            "Humidity": 1.365165798150492,
            "Wind_Speed_kmh": 159.4395257237442,
            "Soil_Moisture": 1.1688871867225827,
            "Soil_Temperature": 13.260690695269274,
            "Wind_Dir_Sin": 140.94529948614505,
            "Wind_Dir_Cos": 27.800142145509483
        }
    }
}