{
    "trial_number": 363,
    "input_chunk_length": 15,
    "output_chunk_length": 13,
    "num_layers": 1,
    "num_blocks": 3,
    "num_stacks": 2,
    "layer_widths": 190,
    "activation": "GELU",
    "dropout": 0.24397689127595953,
    "batch_size": 25,
    "lr": 0.0004595733990435557,
    "forecast_horizon": 2,
    "overall_smape_val": 49.66741948224109,
    "metrics": {
        "MSE": {
            "Temperature": 2.0526951914495233,
            "Precipitation_accumulated": 103.119734145806,
            "Humidity": 6.190487091065924,
            "Wind_Speed_kmh": 0.1309490354338328,
            "Soil_Moisture": 44901.595459973534,
            "Soil_Temperature": 1.0930335670863423,
            "Wind_Dir_Sin": 0.0778536028669091,
            "Wind_Dir_Cos": 0.07528624495145268
        },
        "RMSE": {
            "Temperature": 1.4327229988555092,
            "Precipitation_accumulated": 10.154788729747459,
            "Humidity": 2.48806894821384,
            "Wind_Speed_kmh": 0.36186880970019064,
            "Soil_Moisture": 211.89996569129863,
            "Soil_Temperature": 1.0454824566133774,
            "Wind_Dir_Sin": 0.279022584868876,
            "Wind_Dir_Cos": 0.2743833904438326
        },
        "MAE": {
            "Temperature": 1.2134212472896764,
            "Precipitation_accumulated": 8.186668109476658,
            "Humidity": 1.760526394827848,
            "Wind_Speed_kmh": 0.19766119894884807,
            "Soil_Moisture": 112.7392958382285,
            "Soil_Temperature": 0.7758009053808564,
            "Wind_Dir_Sin": 0.1687599794266571,
            "Wind_Dir_Cos": 0.15221541668542032
        },
        "R2": {
            "Temperature": 0.3970371970372847,
            "Precipitation_accumulated": -107.64503226561956,
            "Humidity": 0.9048036920305798,
            "Wind_Speed_kmh": 0.6152044306500141,
            "Soil_Moisture": 0.9393197219902711,
            "Soil_Temperature": 0.8052400092813287,
            "Wind_Dir_Sin": 0.5152901622487231,
            "Wind_Dir_Cos": 0.737763532835217
        },
        "SMAPE": {
            "Temperature": 19.771997624303285,
            "Precipitation_accumulated": 1.7593115505401353,
            "Humidity": 2.0900110767650877,
            "Wind_Speed_kmh": 159.91747689976384,
            "Soil_Moisture": 1.8244996262234239,
            "Soil_Temperature": 19.689452419247292,
            "Wind_Dir_Sin": 152.28446060709797,
            "Wind_Dir_Cos": 40.00214605398755
        }
    }
}