{
    "trial_number": 25,
    "input_chunk_length": 57,
    "output_chunk_length": 6,
    "num_layers": 2,
    "num_blocks": 4,
    "num_stacks": 3,
    "layer_widths": 234,
    "activation": "GELU",
    "dropout": 0.28147983857694153,
    "batch_size": 66,
    "lr": 2.1160830160054744e-05,
    "loss_function": "huber",
    "optimizer": "AdamW",
    "overall_mae_val": 0.12973004419688472,
    "metrics": {
        "MSE": {
            "Temperature": 8.521952901412828,
            "Precipitation_accumulated": 293.29405718692504,
            "Humidity": 86.63613259987395,
            "Wind_Speed_kmh": 1.2798854416854102,
            "Soil_Moisture": 252301.4872078664,
            "Soil_Temperature": 4.892797697222603,
            "Wind_Dir_Sin": 0.5903589263413653,
            "Wind_Dir_Cos": 0.3805526727181451
        },
        "RMSE": {
            "Temperature": 2.9192384111978296,
            "Precipitation_accumulated": 17.125830116725,
            "Humidity": 9.307853275587982,
            "Wind_Speed_kmh": 1.1313202206649584,
            "Soil_Moisture": 502.296214606348,
            "Soil_Temperature": 2.2119669295047344,
            "Wind_Dir_Sin": 0.7683481804113064,
            "Wind_Dir_Cos": 0.6168895141904627
        },
        "MAE": {
            "Temperature": 2.344499171676334,
            "Precipitation_accumulated": 14.421972241753346,
            "Humidity": 7.804891870088029,
            "Wind_Speed_kmh": 0.9016585102168827,
            "Soil_Moisture": 455.4074484798229,
            "Soil_Temperature": 1.8370204715183769,
            "Wind_Dir_Sin": 0.6644476375682697,
            "Wind_Dir_Cos": 0.52696281914193
        },
        "R2": {
            "Temperature": 0.7208960647661943,
            "Precipitation_accumulated": -89.18194193500545,
            "Humidity": 0.4103815068374357,
            "Wind_Speed_kmh": 0.05071123919240983,
            "Soil_Moisture": -4.080583602691748,
            "Soil_Temperature": 0.6952929114784369,
            "Wind_Dir_Sin": -0.07551770416993131,
            "Wind_Dir_Cos": -0.0341359920860258
        },
        "SMAPE": {
            "Temperature": 36.32618099049495,
            "Precipitation_accumulated": 3.169374030565921,
            "Humidity": 9.164088158331163,
            "Wind_Speed_kmh": 73.32747775248535,
            "Soil_Moisture": 5.455135185760953,
            "Soil_Temperature": 36.73881211305515,
            "Wind_Dir_Sin": 133.52252969455805,
            "Wind_Dir_Cos": 128.68594017295717
        }
    }
}