{
    "trial_number": 31,
    "input_chunk_length": 22,
    "output_chunk_length": 17,
    "num_layers": 4,
    "num_blocks": 3,
    "num_stacks": 5,
    "layer_widths": 172,
    "activation": "GELU",
    "dropout": 0.2083128701394544,
    "batch_size": 22,
    "lr": 0.00017556344789567736,
    "forecast_horizon": 14,
    "overall_smape_val": 53.563156858386634,
    "metrics": {
        "MSE": {
            "Temperature": 1.584390787638486,
            "Precipitation_accumulated": 143.41528777464802,
            "Humidity": 21.29711103159038,
            "Wind_Speed_kmh": 0.20605650974722578,
            "Soil_Moisture": 150294.7999234477,
            "Soil_Temperature": 1.785359179611362,
            "Wind_Dir_Sin": 0.11892534732449109,
            "Wind_Dir_Cos": 0.12823781655526426
        },
        "RMSE": {
            "Temperature": 1.2587258588106014,
            "Precipitation_accumulated": 11.97561220876194,
            "Humidity": 4.614879308453297,
            "Wind_Speed_kmh": 0.45393447737225884,
            "Soil_Moisture": 387.6787328748479,
            "Soil_Temperature": 1.3361733344186157,
            "Wind_Dir_Sin": 0.344855545590456,
            "Wind_Dir_Cos": 0.35810308090724974
        },
        "MAE": {
            "Temperature": 0.9715222515747144,
            "Precipitation_accumulated": 9.89655651479474,
            "Humidity": 3.5294685303895563,
            "Wind_Speed_kmh": 0.20077204342081154,
            "Soil_Moisture": 155.36495301921335,
            "Soil_Temperature": 0.9180530810965142,
            "Wind_Dir_Sin": 0.19359576414466131,
            "Wind_Dir_Cos": 0.20714678072524415
        },
        "R2": {
            "Temperature": 0.5329166221278372,
            "Precipitation_accumulated": -149.81018286877745,
            "Humidity": 0.6730214221403981,
            "Wind_Speed_kmh": 0.39956499920753563,
            "Soil_Moisture": 0.7985047185501819,
            "Soil_Temperature": 0.6807430744806877,
            "Wind_Dir_Sin": 0.26544743214631417,
            "Wind_Dir_Cos": 0.5563266166561985
        },
        "SMAPE": {
            "Temperature": 16.28962679482098,
            "Precipitation_accumulated": 2.187440432183558,
            "Humidity": 4.187834290051321,
            "Wind_Speed_kmh": 170.0059166799127,
            "Soil_Moisture": 2.3792106275793565,
            "Soil_Temperature": 23.09361171768893,
            "Wind_Dir_Sin": 164.938544369432,
            "Wind_Dir_Cos": 45.4230699554243
        }
    }
}