{
    "trial_number": 141,
    "input_chunk_length": 18,
    "output_chunk_length": 15,
    "num_layers": 1,
    "num_blocks": 4,
    "num_stacks": 2,
    "layer_widths": 106,
    "activation": "GELU",
    "dropout": 0.2678014957389029,
    "batch_size": 18,
    "lr": 0.00035472774372486765,
    "forecast_horizon": 6,
    "overall_smape_val": 51.31121590455767,
    "metrics": {
        "MSE": {
            "Temperature": 1.4846285035453801,
            "Precipitation_accumulated": 144.6372309870703,
            "Humidity": 11.66527993648277,
            "Wind_Speed_kmh": 0.16273541639708725,
            "Soil_Moisture": 94714.9545961358,
            "Soil_Temperature": 1.2484119144175467,
            "Wind_Dir_Sin": 0.09044166681279127,
            "Wind_Dir_Cos": 0.09486173007549992
        },
        "RMSE": {
            "Temperature": 1.2184533243195572,
            "Precipitation_accumulated": 12.02652198214722,
            "Humidity": 3.4154472527741913,
            "Wind_Speed_kmh": 0.40340477983916756,
            "Soil_Moisture": 307.75794806330475,
            "Soil_Temperature": 1.1173235495672444,
            "Wind_Dir_Sin": 0.30073521046394164,
            "Wind_Dir_Cos": 0.30799631503558594
        },
        "MAE": {
            "Temperature": 0.8320993207259371,
            "Precipitation_accumulated": 9.259186469657937,
            "Humidity": 2.3876999756507047,
            "Wind_Speed_kmh": 0.20166447232816942,
            "Soil_Moisture": 152.5261996399084,
            "Soil_Temperature": 0.8683361600021902,
            "Wind_Dir_Sin": 0.1947476930087365,
            "Wind_Dir_Cos": 0.19275767538504154
        },
        "R2": {
            "Temperature": 0.5631685670677465,
            "Precipitation_accumulated": -151.28805089548715,
            "Humidity": 0.8206680277387772,
            "Wind_Speed_kmh": 0.5231331145462509,
            "Soil_Moisture": 0.8723379136598988,
            "Soil_Temperature": 0.7772605300574715,
            "Wind_Dir_Sin": 0.43840523134510223,
            "Wind_Dir_Cos": 0.6703193640353147
        },
        "SMAPE": {
            "Temperature": 14.829540575397843,
            "Precipitation_accumulated": 1.9832021953099834,
            "Humidity": 2.82270682804337,
            "Wind_Speed_kmh": 164.47614910023572,
            "Soil_Moisture": 2.4809286524629512,
            "Soil_Temperature": 23.92942632137574,
            "Wind_Dir_Sin": 153.8677734702611,
            "Wind_Dir_Cos": 46.1000000933748
        }
    }
}