{
    "trial_number": 151,
    "input_chunk_length": 26,
    "output_chunk_length": 20,
    "num_layers": 1,
    "num_blocks": 4,
    "num_stacks": 2,
    "layer_widths": 81,
    "activation": "GELU",
    "dropout": 0.2639440126986338,
    "batch_size": 16,
    "lr": 0.0003037904842478033,
    "forecast_horizon": 7,
    "overall_smape_val": 50.21350525605119,
    "metrics": {
        "MSE": {
            "Temperature": 1.0470281448814107,
            "Precipitation_accumulated": 84.28343637655013,
            "Humidity": 11.65850279946792,
            "Wind_Speed_kmh": 0.17032255678088873,
            "Soil_Moisture": 93090.28859216913,
            "Soil_Temperature": 0.8741223467907224,
            "Wind_Dir_Sin": 0.08714569709805574,
            "Wind_Dir_Cos": 0.09592781777413563
        },
        "RMSE": {
            "Temperature": 1.0232439322475413,
            "Precipitation_accumulated": 9.180601090154726,
            "Humidity": 3.414454978392294,
            "Wind_Speed_kmh": 0.4127015347450125,
            "Soil_Moisture": 305.1070117060064,
            "Soil_Temperature": 0.9349451036241232,
            "Wind_Dir_Sin": 0.295204500470531,
            "Wind_Dir_Cos": 0.30972216222630183
        },
        "MAE": {
            "Temperature": 0.7656939993428407,
            "Precipitation_accumulated": 7.302456374341661,
            "Humidity": 2.393950903675619,
            "Wind_Speed_kmh": 0.19945895240747005,
            "Soil_Moisture": 128.81772932491683,
            "Soil_Temperature": 0.6290400418322536,
            "Wind_Dir_Sin": 0.16823726389651003,
            "Wind_Dir_Cos": 0.18415057565897242
        },
        "R2": {
            "Temperature": 0.6918194276196157,
            "Precipitation_accumulated": -87.72747154993058,
            "Humidity": 0.8208010756609267,
            "Wind_Speed_kmh": 0.50124924969534,
            "Soil_Moisture": 0.8746109459427175,
            "Soil_Temperature": 0.8439936060074438,
            "Wind_Dir_Sin": 0.45922969980215467,
            "Wind_Dir_Cos": 0.6668015761822195
        },
        "SMAPE": {
            "Temperature": 12.789490433387847,
            "Precipitation_accumulated": 1.603962722652096,
            "Humidity": 2.8362136735346035,
            "Wind_Speed_kmh": 160.8842914439672,
            "Soil_Moisture": 2.01393979653811,
            "Soil_Temperature": 18.249404177248273,
            "Wind_Dir_Sin": 156.36308104994473,
            "Wind_Dir_Cos": 46.967658751136426
        }
    }
}