{
    "trial_number": 13,
    "input_chunk_length": 44,
    "output_chunk_length": 29,
    "num_layers": 2,
    "num_blocks": 2,
    "num_stacks": 2,
    "layer_widths": 89,
    "activation": "GELU",
    "dropout": 0.10304544510036129,
    "batch_size": 24,
    "lr": 0.008317792240407748,
    "forecast_horizon": 16,
    "overall_smape_val": 59.69470147719956,
    "metrics": {
        "MSE": {
            "Temperature": 9.068328357578416,
            "Precipitation_accumulated": 361.02179039677344,
            "Humidity": 82.45600817062702,
            "Wind_Speed_kmh": 0.29475037654119757,
            "Soil_Moisture": 352219.79207024054,
            "Soil_Temperature": 6.247147538703317,
            "Wind_Dir_Sin": 0.1670164156801598,
            "Wind_Dir_Cos": 0.20332535108308067
        },
        "RMSE": {
            "Temperature": 3.0113665266085454,
            "Precipitation_accumulated": 19.000573422841043,
            "Humidity": 9.080529068871869,
            "Wind_Speed_kmh": 0.5429091789067464,
            "Soil_Moisture": 593.4810797912942,
            "Soil_Temperature": 2.4994294426335215,
            "Wind_Dir_Sin": 0.4086764192856737,
            "Wind_Dir_Cos": 0.45091612422165683
        },
        "MAE": {
            "Temperature": 2.5040059923429085,
            "Precipitation_accumulated": 17.103600241383567,
            "Humidity": 7.861558595252714,
            "Wind_Speed_kmh": 0.2657584728306891,
            "Soil_Moisture": 424.11634458370713,
            "Soil_Temperature": 1.8429813500789909,
            "Wind_Dir_Sin": 0.24967713636155522,
            "Wind_Dir_Cos": 0.3159893782879953
        },
        "R2": {
            "Temperature": -1.6766338141596036,
            "Precipitation_accumulated": -378.5194437561247,
            "Humidity": -0.2658375941458009,
            "Wind_Speed_kmh": 0.14232438926777213,
            "Soil_Moisture": 0.5284242538123043,
            "Soil_Temperature": -0.11772855153445372,
            "Wind_Dir_Sin": -0.03021829536637788,
            "Wind_Dir_Cos": 0.2973339712470583
        },
        "SMAPE": {
            "Temperature": 35.65865141245391,
            "Precipitation_accumulated": 3.807987617878715,
            "Humidity": 9.311329012835005,
            "Wind_Speed_kmh": 167.03137973478533,
            "Soil_Moisture": 6.78101770593399,
            "Soil_Temperature": 31.595238428123878,
            "Wind_Dir_Sin": 169.77154484597781,
            "Wind_Dir_Cos": 53.600463059607996
        }
    }
}