{
    "trial_number": 294,
    "input_chunk_length": 16,
    "output_chunk_length": 14,
    "num_layers": 1,
    "num_blocks": 3,
    "num_stacks": 2,
    "layer_widths": 113,
    "activation": "GELU",
    "dropout": 0.2381530248092088,
    "batch_size": 24,
    "lr": 0.0008319316060695412,
    "forecast_horizon": 3,
    "overall_smape_val": 50.95096784213831,
    "metrics": {
        "MSE": {
            "Temperature": 1.2384727166689242,
            "Precipitation_accumulated": 125.31323528352439,
            "Humidity": 10.153445926134077,
            "Wind_Speed_kmh": 0.15288393296241806,
            "Soil_Moisture": 59094.72599267682,
            "Soil_Temperature": 0.8342880659062338,
            "Wind_Dir_Sin": 0.08138507349178015,
            "Wind_Dir_Cos": 0.07583901554514967
        },
        "RMSE": {
            "Temperature": 1.112866890813508,
            "Precipitation_accumulated": 11.194339430423057,
            "Humidity": 3.186447226321829,
            "Wind_Speed_kmh": 0.3910037505733392,
            "Soil_Moisture": 243.09406819722446,
            "Soil_Temperature": 0.9133937080504955,
            "Wind_Dir_Sin": 0.28528069246231885,
            "Wind_Dir_Cos": 0.2753888442641598
        },
        "MAE": {
            "Temperature": 0.8166576496883674,
            "Precipitation_accumulated": 9.097861463643465,
            "Humidity": 2.257289175876095,
            "Wind_Speed_kmh": 0.21412370874296574,
            "Soil_Moisture": 105.03172518109338,
            "Soil_Temperature": 0.701337008612116,
            "Wind_Dir_Sin": 0.16294250660821882,
            "Wind_Dir_Cos": 0.14097991204642624
        },
        "R2": {
            "Temperature": 0.6360347216543154,
            "Precipitation_accumulated": -131.0061013808579,
            "Humidity": 0.8438648579100552,
            "Wind_Speed_kmh": 0.5510616039900369,
            "Soil_Moisture": 0.9201908748198142,
            "Soil_Temperature": 0.8512953926653709,
            "Wind_Dir_Sin": 0.4936381278737558,
            "Wind_Dir_Cos": 0.7359862592494086
        },
        "SMAPE": {
            "Temperature": 13.676230474598016,
            "Precipitation_accumulated": 1.9610713192371316,
            "Humidity": 2.6878516306606,
            "Wind_Speed_kmh": 169.46138265324635,
            "Soil_Moisture": 1.6447246058437568,
            "Soil_Temperature": 18.459183140694396,
            "Wind_Dir_Sin": 159.94818123750974,
            "Wind_Dir_Cos": 39.76911767531652
        }
    }
}