{
    "trial_number": 223,
    "input_chunk_length": 20,
    "output_chunk_length": 18,
    "num_layers": 1,
    "num_blocks": 4,
    "num_stacks": 2,
    "layer_widths": 144,
    "activation": "GELU",
    "dropout": 0.26863932945302665,
    "batch_size": 24,
    "lr": 0.00032905258874421514,
    "forecast_horizon": 22,
    "overall_smape_val": 52.62007393574133,
    "metrics": {
        "MSE": {
            "Temperature": 1.1370781566253871,
            "Precipitation_accumulated": 61.66204276744793,
            "Humidity": 20.004698063805222,
            "Wind_Speed_kmh": 0.2232786787313866,
            "Soil_Moisture": 166805.06448230555,
            "Soil_Temperature": 1.1548775425768762,
            "Wind_Dir_Sin": 0.11577860695645446,
            "Wind_Dir_Cos": 0.13254812317657574
        },
        "RMSE": {
            "Temperature": 1.0663386688221463,
            "Precipitation_accumulated": 7.852518243687685,
            "Humidity": 4.472661183658474,
            "Wind_Speed_kmh": 0.4725237335112244,
            "Soil_Moisture": 408.4177573053179,
            "Soil_Temperature": 1.074652289150717,
            "Wind_Dir_Sin": 0.3402625559130103,
            "Wind_Dir_Cos": 0.36407159072986695
        },
        "MAE": {
            "Temperature": 0.7528031062731698,
            "Precipitation_accumulated": 6.345504088628304,
            "Humidity": 2.9613677011511026,
            "Wind_Speed_kmh": 0.26979144039512576,
            "Soil_Moisture": 180.67525856025657,
            "Soil_Temperature": 0.6984129427389725,
            "Wind_Dir_Sin": 0.24130063660990247,
            "Wind_Dir_Cos": 0.24029888255641488
        },
        "R2": {
            "Temperature": 0.6625843172995349,
            "Precipitation_accumulated": -63.762284445678475,
            "Humidity": 0.692625494492072,
            "Wind_Speed_kmh": 0.3530392558630975,
            "Soil_Moisture": 0.7775538291515012,
            "Soil_Temperature": 0.7928644128428524,
            "Wind_Dir_Sin": 0.28869001382077397,
            "Wind_Dir_Cos": 0.5434808625121434
        },
        "SMAPE": {
            "Temperature": 13.215938491075956,
            "Precipitation_accumulated": 1.395227684533421,
            "Humidity": 3.541240088094542,
            "Wind_Speed_kmh": 172.1748200431371,
            "Soil_Moisture": 2.853063050740578,
            "Soil_Temperature": 18.365890531158065,
            "Wind_Dir_Sin": 159.0191235814504,
            "Wind_Dir_Cos": 50.395288015740626
        }
    }
}