{
    "trial_number": 51,
    "input_chunk_length": 29,
    "output_chunk_length": 1,
    "num_layers": 1,
    "num_blocks": 3,
    "num_stacks": 2,
    "layer_widths": 215,
    "activation": "ReLU",
    "dropout": 0.15116875582920267,
    "batch_size": 90,
    "lr": 0.00021258616769685885,
    "loss_function": "huber",
    "optimizer": "RMSprop",
    "overall_mae_val": 0.12320702574058112,
    "metrics": {
        "MSE": {
            "Temperature": 6.759144891313773,
            "Precipitation_accumulated": 4414.37989047881,
            "Humidity": 66.30900703111861,
            "Wind_Speed_kmh": 1.2175890463310761,
            "Soil_Moisture": 125960.77461241385,
            "Soil_Temperature": 8.280948891364387,
            "Wind_Dir_Sin": 0.4258589347055606,
            "Wind_Dir_Cos": 0.3268156786908036
        },
        "RMSE": {
            "Temperature": 2.5998355508212003,
            "Precipitation_accumulated": 66.44079989343001,
            "Humidity": 8.143034264395466,
            "Wind_Speed_kmh": 1.1034441745421815,
            "Soil_Moisture": 354.9095301797542,
            "Soil_Temperature": 2.8776637905364115,
            "Wind_Dir_Sin": 0.652578680854317,
            "Wind_Dir_Cos": 0.5716779501527093
        },
        "MAE": {
            "Temperature": 2.0708181890114155,
            "Precipitation_accumulated": 58.74275230055584,
            "Humidity": 6.602700507582496,
            "Wind_Speed_kmh": 0.8283035906961228,
            "Soil_Moisture": 292.75748267179483,
            "Soil_Temperature": 2.396483241628226,
            "Wind_Dir_Sin": 0.5364214139838335,
            "Wind_Dir_Cos": 0.47003377325832707
        },
        "R2": {
            "Temperature": 0.7780037379600604,
            "Precipitation_accumulated": -1285.223686224791,
            "Humidity": 0.5474782388681817,
            "Wind_Speed_kmh": 0.09786635551438727,
            "Soil_Moisture": -1.2015202230451636,
            "Soil_Temperature": 0.4862741617437769,
            "Wind_Dir_Sin": 0.2264312854475059,
            "Wind_Dir_Cos": 0.10869812258346978
        },
        "SMAPE": {
            "Temperature": 33.88077534506814,
            "Precipitation_accumulated": 13.746041485116862,
            "Humidity": 7.815576521316732,
            "Wind_Speed_kmh": 81.14504434525665,
            "Soil_Moisture": 3.4490241324971946,
            "Soil_Temperature": 43.74421624583807,
            "Wind_Dir_Sin": 110.66624937693892,
            "Wind_Dir_Cos": 116.4570252215944
        }
    }
}