{
    "trial_number": 15,
    "input_chunk_length": 29,
    "num_layers": 1,
    "num_blocks": 1,
    "num_stacks": 5,
    "layer_widths": 48,
    "activation": "GELU",
    "dropout": 0.2933536900669509,
    "batch_size": 35,
    "lr": 0.0004903781978127538,
    "overall_smape_val": 48.041814471195394,
    "metrics": {
        "MSE": {
            "Temperature": 0.7165196927209095,
            "Precipitation_accumulated": 76.14761198445635,
            "Humidity": 6.7103392405439255,
            "Wind_Speed_kmh": 0.10194600621475697,
            "Soil_Moisture": 38239.326793848304,
            "Soil_Temperature": 0.6029436507299917,
            "Wind_Dir_Sin": 0.05189027227902714,
            "Wind_Dir_Cos": 0.0523658322575878
        },
        "RMSE": {
            "Temperature": 0.8464748624270596,
            "Precipitation_accumulated": 8.726259908142568,
            "Humidity": 2.5904322497498224,
            "Wind_Speed_kmh": 0.3192898467141681,
            "Soil_Moisture": 195.54878366752453,
            "Soil_Temperature": 0.776494462781282,
            "Wind_Dir_Sin": 0.22779436401945316,
            "Wind_Dir_Cos": 0.2288358194374032
        },
        "MAE": {
            "Temperature": 0.5863044143599139,
            "Precipitation_accumulated": 7.067757678173451,
            "Humidity": 1.990824822132677,
            "Wind_Speed_kmh": 0.16381483323809795,
            "Soil_Moisture": 114.04158412232479,
            "Soil_Temperature": 0.594785072437936,
            "Wind_Dir_Sin": 0.1178222612626389,
            "Wind_Dir_Cos": 0.13308156960779466
        },
        "R2": {
            "Temperature": 0.7895280682194714,
            "Precipitation_accumulated": -79.22770645726702,
            "Humidity": 0.8968094898632424,
            "Wind_Speed_kmh": 0.700430237042973,
            "Soil_Moisture": 0.9483231507258126,
            "Soil_Temperature": 0.8925656966481992,
            "Wind_Dir_Sin": 0.6769356262132947,
            "Wind_Dir_Cos": 0.8175997373726303
        },
        "SMAPE": {
            "Temperature": 10.20415913842758,
            "Precipitation_accumulated": 1.5555538004373044,
            "Humidity": 2.399181198153525,
            "Wind_Speed_kmh": 165.8050875367775,
            "Soil_Moisture": 1.8628132448955759,
            "Soil_Temperature": 20.018462319667375,
            "Wind_Dir_Sin": 146.0157599902184,
            "Wind_Dir_Cos": 36.47349854098591
        }
    }
}