{
    "trial_number": 52,
    "input_chunk_length": 19,
    "output_chunk_length": 15,
    "num_layers": 1,
    "num_blocks": 4,
    "num_stacks": 3,
    "layer_widths": 144,
    "activation": "GELU",
    "dropout": 0.2874119207889913,
    "batch_size": 24,
    "lr": 0.0001631032397314912,
    "forecast_horizon": 7,
    "overall_smape_val": 50.73581795415323,
    "metrics": {
        "MSE": {
            "Temperature": 1.6921242165381347,
            "Precipitation_accumulated": 61.40548585157479,
            "Humidity": 8.649134113777142,
            "Wind_Speed_kmh": 0.15392847407685276,
            "Soil_Moisture": 69219.90148315487,
            "Soil_Temperature": 0.9190775529635086,
            "Wind_Dir_Sin": 0.09074399896893863,
            "Wind_Dir_Cos": 0.09089878932978035
        },
        "RMSE": {
            "Temperature": 1.3008167497915049,
            "Precipitation_accumulated": 7.836165251676025,
            "Humidity": 2.9409410252123624,
            "Wind_Speed_kmh": 0.39233719435818565,
            "Soil_Moisture": 263.09675308364194,
            "Soil_Temperature": 0.9586853253093575,
            "Wind_Dir_Sin": 0.30123744615989995,
            "Wind_Dir_Cos": 0.3014942608571187
        },
        "MAE": {
            "Temperature": 1.073654739608707,
            "Precipitation_accumulated": 5.940285406878339,
            "Humidity": 1.8873436710181641,
            "Wind_Speed_kmh": 0.192927755007994,
            "Soil_Moisture": 99.77380422955811,
            "Soil_Temperature": 0.6547196207817467,
            "Wind_Dir_Sin": 0.19984827286190998,
            "Wind_Dir_Cos": 0.16276118105051354
        },
        "R2": {
            "Temperature": 0.5019428922319027,
            "Precipitation_accumulated": -63.643229240960835,
            "Humidity": 0.8670570693070483,
            "Wind_Speed_kmh": 0.5492555807634751,
            "Soil_Moisture": 0.906763443317532,
            "Soil_Temperature": 0.8359703588819618,
            "Wind_Dir_Sin": 0.43690094637293675,
            "Wind_Dir_Cos": 0.6842695473075435
        },
        "SMAPE": {
            "Temperature": 17.316633241709685,
            "Precipitation_accumulated": 1.3044598306300983,
            "Humidity": 2.2565577993755883,
            "Wind_Speed_kmh": 169.32073232450293,
            "Soil_Moisture": 1.5818081756508482,
            "Soil_Temperature": 17.307113701735087,
            "Wind_Dir_Sin": 154.4662635587602,
            "Wind_Dir_Cos": 42.33297500086168
        }
    }
}