{
    "trial_number": 1,
    "input_chunk_length": 68,
    "output_chunk_length": 51,
    "num_layers": 3,
    "num_blocks": 1,
    "num_stacks": 4,
    "layer_widths": 113,
    "activation": "GELU",
    "dropout": 0.21489834506493996,
    "batch_size": 53,
    "lr": 6.4635370988658e-05,
    "forecast_horizon": 16,
    "overall_smape_val": 55.70014243686831,
    "metrics": {
        "MSE": {
            "Temperature": 2.557202168555254,
            "Precipitation_accumulated": 376.4977089411727,
            "Humidity": 21.121886462792016,
            "Wind_Speed_kmh": 0.28087460118050545,
            "Soil_Moisture": 152788.84824857628,
            "Soil_Temperature": 5.0659312380203705,
            "Wind_Dir_Sin": 0.13432281666953425,
            "Wind_Dir_Cos": 0.1334414567884816
        },
        "RMSE": {
            "Temperature": 1.599125438655534,
            "Precipitation_accumulated": 19.403548874913906,
            "Humidity": 4.5958553570355125,
            "Wind_Speed_kmh": 0.5299760383078705,
            "Soil_Moisture": 390.88214112258476,
            "Soil_Temperature": 2.2507623681811393,
            "Wind_Dir_Sin": 0.36650077308176887,
            "Wind_Dir_Cos": 0.3652963958054905
        },
        "MAE": {
            "Temperature": 1.1742112859889948,
            "Precipitation_accumulated": 10.170793228170616,
            "Humidity": 3.67861191321273,
            "Wind_Speed_kmh": 0.2957796928720224,
            "Soil_Moisture": 228.5320787158883,
            "Soil_Temperature": 1.2726573788618156,
            "Wind_Dir_Sin": 0.22069721142226484,
            "Wind_Dir_Cos": 0.2531733525944313
        },
        "R2": {
            "Temperature": 0.24520887156924165,
            "Precipitation_accumulated": -394.7883010767049,
            "Humidity": 0.6757437264176733,
            "Wind_Speed_kmh": 0.18270063660804114,
            "Soil_Moisture": 0.7954359273836257,
            "Soil_Temperature": 0.09361257281576085,
            "Wind_Dir_Sin": 0.17144777263629962,
            "Wind_Dir_Cos": 0.5388436414195275
        },
        "SMAPE": {
            "Temperature": 19.675170413558632,
            "Precipitation_accumulated": 2.292344857980726,
            "Humidity": 4.364139994179062,
            "Wind_Speed_kmh": 177.24656342042533,
            "Soil_Moisture": 3.578611210377295,
            "Soil_Temperature": 26.895882983438216,
            "Wind_Dir_Sin": 158.5421345606071,
            "Wind_Dir_Cos": 53.006292054380005
        }
    }
}