{
    "trial_number": 4,
    "input_chunk_length": 103,
    "output_chunk_length": 55,
    "num_layers": 3,
    "num_blocks": 3,
    "num_stacks": 3,
    "layer_widths": 112,
    "activation": "ReLU",
    "dropout": 0.2741203203775332,
    "batch_size": 47,
    "lr": 0.00032884171699102066,
    "forecast_horizon": 16,
    "overall_smape_val": 56.06413697402857,
    "metrics": {
        "MSE": {
            "Temperature": 1.8447681318182358,
            "Precipitation_accumulated": 1302.777791082535,
            "Humidity": 32.84818932719237,
            "Wind_Speed_kmh": 0.2506853583721364,
            "Soil_Moisture": 105470.23707235068,
            "Soil_Temperature": 2.96104051701419,
            "Wind_Dir_Sin": 0.14933606657497542,
            "Wind_Dir_Cos": 0.15214237016279422
        },
        "RMSE": {
            "Temperature": 1.3582224161816192,
            "Precipitation_accumulated": 36.09401323048651,
            "Humidity": 5.731333991942223,
            "Wind_Speed_kmh": 0.5006848892987849,
            "Soil_Moisture": 324.76181590875285,
            "Soil_Temperature": 1.7207674209532762,
            "Wind_Dir_Sin": 0.38644024968289137,
            "Wind_Dir_Cos": 0.39005431693905684
        },
        "MAE": {
            "Temperature": 1.0554729928026652,
            "Precipitation_accumulated": 17.90687838904903,
            "Humidity": 4.840443390505314,
            "Wind_Speed_kmh": 0.32060067507097084,
            "Soil_Moisture": 190.36761810484518,
            "Soil_Temperature": 1.0679009933657901,
            "Wind_Dir_Sin": 0.21001712604090603,
            "Wind_Dir_Cos": 0.28552273562637026
        },
        "R2": {
            "Temperature": 0.45549294575529686,
            "Precipitation_accumulated": -1368.5281441767938,
            "Humidity": 0.4957253707463489,
            "Wind_Speed_kmh": 0.2705464184083992,
            "Soil_Moisture": 0.8587892933112964,
            "Soil_Temperature": 0.47021588531202463,
            "Wind_Dir_Sin": 0.07884055997097372,
            "Wind_Dir_Cos": 0.4742157115289173
        },
        "SMAPE": {
            "Temperature": 18.06883657270175,
            "Precipitation_accumulated": 4.229670433764398,
            "Humidity": 5.746328337466364,
            "Wind_Speed_kmh": 175.5356765309663,
            "Soil_Moisture": 3.019108882272008,
            "Soil_Temperature": 23.7624172778271,
            "Wind_Dir_Sin": 163.52098741375,
            "Wind_Dir_Cos": 54.63007034348077
        }
    }
}