{
    "trial_number": 156,
    "input_chunk_length": 15,
    "output_chunk_length": 12,
    "num_layers": 1,
    "num_blocks": 4,
    "num_stacks": 2,
    "layer_widths": 67,
    "activation": "GELU",
    "dropout": 0.27131080377857203,
    "batch_size": 19,
    "lr": 0.0004423559966278045,
    "forecast_horizon": 7,
    "overall_smape_val": 50.11459527812663,
    "metrics": {
        "MSE": {
            "Temperature": 1.1045344124618657,
            "Precipitation_accumulated": 93.07747940137276,
            "Humidity": 11.040063502368803,
            "Wind_Speed_kmh": 0.15802665693403112,
            "Soil_Moisture": 76910.31661955666,
            "Soil_Temperature": 0.8073919196310497,
            "Wind_Dir_Sin": 0.0873406973347271,
            "Wind_Dir_Cos": 0.09651295537366554
        },
        "RMSE": {
            "Temperature": 1.050968321340784,
            "Precipitation_accumulated": 9.64766704449178,
            "Humidity": 3.32265910113704,
            "Wind_Speed_kmh": 0.39752566827065533,
            "Soil_Moisture": 277.32709319422196,
            "Soil_Temperature": 0.8985498982421899,
            "Wind_Dir_Sin": 0.29553459583393465,
            "Wind_Dir_Cos": 0.3106653430520784
        },
        "MAE": {
            "Temperature": 0.8194226265036139,
            "Precipitation_accumulated": 7.581798739213159,
            "Humidity": 2.2501500101240306,
            "Wind_Speed_kmh": 0.18901865672041002,
            "Soil_Moisture": 112.58849681660357,
            "Soil_Temperature": 0.5431656576473394,
            "Wind_Dir_Sin": 0.15901900592961404,
            "Wind_Dir_Cos": 0.16478203443347736
        },
        "R2": {
            "Temperature": 0.6748931257383883,
            "Precipitation_accumulated": -96.98520042097253,
            "Humidity": 0.8303068980392713,
            "Wind_Speed_kmh": 0.5372549872218173,
            "Soil_Moisture": 0.896404748615383,
            "Soil_Temperature": 0.8559031211330832,
            "Wind_Dir_Sin": 0.45801965340818573,
            "Wind_Dir_Cos": 0.6647691425211208
        },
        "SMAPE": {
            "Temperature": 14.041746900515442,
            "Precipitation_accumulated": 1.6625450602231793,
            "Humidity": 2.687912748233889,
            "Wind_Speed_kmh": 166.5047926531453,
            "Soil_Moisture": 1.7698206813874369,
            "Soil_Temperature": 16.25553543322958,
            "Wind_Dir_Sin": 156.14663128113446,
            "Wind_Dir_Cos": 41.84777746714363
        }
    }
}