{
    "trial_number": 7,
    "input_chunk_length": 55,
    "output_chunk_length": 39,
    "num_layers": 5,
    "num_blocks": 2,
    "num_stacks": 5,
    "layer_widths": 159,
    "activation": "GELU",
    "dropout": 0.19310423055425038,
    "batch_size": 59,
    "lr": 3.5788160821306606e-05,
    "forecast_horizon": 18,
    "overall_smape_val": 54.65862214201847,
    "metrics": {
        "MSE": {
            "Temperature": 2.1743085809680065,
            "Precipitation_accumulated": 469.71292207063823,
            "Humidity": 23.302886767142045,
            "Wind_Speed_kmh": 0.27861557040612295,
            "Soil_Moisture": 179134.68112333308,
            "Soil_Temperature": 1.6612956835134696,
            "Wind_Dir_Sin": 0.14153479487473541,
            "Wind_Dir_Cos": 0.13568771548855907
        },
        "RMSE": {
            "Temperature": 1.4745536887370383,
            "Precipitation_accumulated": 21.672861418618407,
            "Humidity": 4.827306367648737,
            "Wind_Speed_kmh": 0.527840478180788,
            "Soil_Moisture": 423.24305206740615,
            "Soil_Temperature": 1.2889125973135143,
            "Wind_Dir_Sin": 0.37621110413534503,
            "Wind_Dir_Cos": 0.3683581348206648
        },
        "MAE": {
            "Temperature": 1.0964578244150052,
            "Precipitation_accumulated": 11.71404114952938,
            "Humidity": 3.6907015507948175,
            "Wind_Speed_kmh": 0.3043557273105026,
            "Soil_Moisture": 213.25362633485994,
            "Soil_Temperature": 0.8087755997583406,
            "Wind_Dir_Sin": 0.21730216643024453,
            "Wind_Dir_Cos": 0.2446900973623071
        },
        "R2": {
            "Temperature": 0.3569806639833232,
            "Precipitation_accumulated": -492.62796286511457,
            "Humidity": 0.6421714976132913,
            "Wind_Speed_kmh": 0.19041536685829352,
            "Soil_Moisture": 0.76047913203532,
            "Soil_Temperature": 0.7025227457163722,
            "Wind_Dir_Sin": 0.1281250013131393,
            "Wind_Dir_Cos": 0.5316099040930748
        },
        "SMAPE": {
            "Temperature": 18.501055838916496,
            "Precipitation_accumulated": 2.6288414565925837,
            "Humidity": 4.389238131893855,
            "Wind_Speed_kmh": 177.7301837477607,
            "Soil_Moisture": 3.3224426976062933,
            "Soil_Temperature": 20.436902354014588,
            "Wind_Dir_Sin": 159.55410048616534,
            "Wind_Dir_Cos": 50.706212423198046
        }
    }
}