{
    "trial_number": 367,
    "input_chunk_length": 13,
    "output_chunk_length": 12,
    "num_layers": 1,
    "num_blocks": 3,
    "num_stacks": 2,
    "layer_widths": 183,
    "activation": "GELU",
    "dropout": 0.22901546618544255,
    "batch_size": 25,
    "lr": 0.0011092479810661006,
    "forecast_horizon": 1,
    "overall_smape_val": 49.53788225680546,
    "metrics": {
        "MSE": {
            "Temperature": 0.9848319208241267,
            "Precipitation_accumulated": 281.71734786562337,
            "Humidity": 7.791090950385188,
            "Wind_Speed_kmh": 0.10318674451993255,
            "Soil_Moisture": 51289.424157306275,
            "Soil_Temperature": 0.9047336720134214,
            "Wind_Dir_Sin": 0.0652233844213944,
            "Wind_Dir_Cos": 0.07170784361721487
        },
        "RMSE": {
            "Temperature": 0.9923869813858537,
            "Precipitation_accumulated": 16.78443766903209,
            "Humidity": 2.7912525773181454,
            "Wind_Speed_kmh": 0.32122693616808123,
            "Soil_Moisture": 226.471685111641,
            "Soil_Temperature": 0.951174890340058,
            "Wind_Dir_Sin": 0.25538869282212634,
            "Wind_Dir_Cos": 0.26778320264201577
        },
        "MAE": {
            "Temperature": 0.7499158648601472,
            "Precipitation_accumulated": 14.895165967989476,
            "Humidity": 1.9762283598953412,
            "Wind_Speed_kmh": 0.16370274926707742,
            "Soil_Moisture": 157.07437726916828,
            "Soil_Temperature": 0.7006139786122451,
            "Wind_Dir_Sin": 0.1477570748251446,
            "Wind_Dir_Cos": 0.19797071536580954
        },
        "R2": {
            "Temperature": 0.7107134961387311,
            "Precipitation_accumulated": -295.81215338829736,
            "Humidity": 0.8801898650913876,
            "Wind_Speed_kmh": 0.6967843102060731,
            "Soil_Moisture": 0.9306871730293282,
            "Soil_Temperature": 0.8387918478716909,
            "Wind_Dir_Sin": 0.5939248163694086,
            "Wind_Dir_Cos": 0.7502277927354601
        },
        "SMAPE": {
            "Temperature": 13.107785130062465,
            "Precipitation_accumulated": 3.18205905502626,
            "Humidity": 2.3741496860189133,
            "Wind_Speed_kmh": 163.52457069053713,
            "Soil_Moisture": 2.563590827537431,
            "Soil_Temperature": 18.726008270100746,
            "Wind_Dir_Sin": 153.32136596084302,
            "Wind_Dir_Cos": 39.503528434317666
        }
    }
}