{
    "trial_number": 8,
    "input_chunk_length": 81,
    "output_chunk_length": 70,
    "num_layers": 4,
    "num_blocks": 3,
    "num_stacks": 5,
    "layer_widths": 49,
    "activation": "ReLU",
    "dropout": 0.03613561447813083,
    "batch_size": 36,
    "lr": 0.0026527315019695594,
    "forecast_horizon": 12,
    "overall_smape_val": 57.18844396569119,
    "metrics": {
        "MSE": {
            "Temperature": 3.858126748856952,
            "Precipitation_accumulated": 735.8787186895578,
            "Humidity": 36.13220310220357,
            "Wind_Speed_kmh": 0.21947483129480985,
            "Soil_Moisture": 145290.96278646885,
            "Soil_Temperature": 3.656215443248323,
            "Wind_Dir_Sin": 0.1702034842143779,
            "Wind_Dir_Cos": 0.1733979564804753
        },
        "RMSE": {
            "Temperature": 1.9642114827219985,
            "Precipitation_accumulated": 27.12708459620307,
            "Humidity": 6.0110068293259795,
            "Wind_Speed_kmh": 0.4684814097643682,
            "Soil_Moisture": 381.17051668048623,
            "Soil_Temperature": 1.9121232813938338,
            "Wind_Dir_Sin": 0.412557249620435,
            "Wind_Dir_Cos": 0.4164108025501683
        },
        "MAE": {
            "Temperature": 1.4984073264092275,
            "Precipitation_accumulated": 21.932994810224447,
            "Humidity": 4.515520400127465,
            "Wind_Speed_kmh": 0.2261635540007908,
            "Soil_Moisture": 236.4646553224393,
            "Soil_Temperature": 1.2821978384203665,
            "Wind_Dir_Sin": 0.2594815707805844,
            "Wind_Dir_Cos": 0.3458527002806914
        },
        "R2": {
            "Temperature": -0.1370551587103377,
            "Precipitation_accumulated": -773.0647408123881,
            "Humidity": 0.4450368684375564,
            "Wind_Speed_kmh": 0.359565813521992,
            "Soil_Moisture": 0.8049506734462194,
            "Soil_Temperature": 0.3465294852118128,
            "Wind_Dir_Sin": -0.05267549662522142,
            "Wind_Dir_Cos": 0.3994064696244246
        },
        "SMAPE": {
            "Temperature": 23.800291145105145,
            "Precipitation_accumulated": 4.9542497832943875,
            "Humidity": 5.297016300669422,
            "Wind_Speed_kmh": 172.05369612896,
            "Soil_Moisture": 3.718159927200365,
            "Soil_Temperature": 26.535416046256177,
            "Wind_Dir_Sin": 158.2665975130034,
            "Wind_Dir_Cos": 62.88212488104082
        }
    }
}