{
    "trial_number": 150,
    "input_chunk_length": 17,
    "output_chunk_length": 15,
    "num_layers": 1,
    "num_blocks": 4,
    "num_stacks": 2,
    "layer_widths": 90,
    "activation": "GELU",
    "dropout": 0.2851886347137774,
    "batch_size": 40,
    "lr": 0.0013727503079637646,
    "forecast_horizon": 7,
    "overall_smape_val": 53.15861172031923,
    "metrics": {
        "MSE": {
            "Temperature": 1.4623099418145205,
            "Precipitation_accumulated": 84.9057866597589,
            "Humidity": 15.941459632158155,
            "Wind_Speed_kmh": 0.19860311452871793,
            "Soil_Moisture": 100713.06844957599,
            "Soil_Temperature": 1.4451036751270736,
            "Wind_Dir_Sin": 0.09917315451101878,
            "Wind_Dir_Cos": 0.11024173216453975
        },
        "RMSE": {
            "Temperature": 1.2092600803030424,
            "Precipitation_accumulated": 9.21443360493519,
            "Humidity": 3.99267574843715,
            "Wind_Speed_kmh": 0.44564909349029075,
            "Soil_Moisture": 317.35322347437403,
            "Soil_Temperature": 1.2021246504115426,
            "Wind_Dir_Sin": 0.3149176948204384,
            "Wind_Dir_Cos": 0.3320267039931273
        },
        "MAE": {
            "Temperature": 0.9215792207624866,
            "Precipitation_accumulated": 7.374423550351669,
            "Humidity": 3.032754929198399,
            "Wind_Speed_kmh": 0.2560908145382531,
            "Soil_Moisture": 180.0283875051576,
            "Soil_Temperature": 0.9148559685745021,
            "Wind_Dir_Sin": 0.18936138165256178,
            "Wind_Dir_Cos": 0.2335176572605889
        },
        "R2": {
            "Temperature": 0.5695860545210387,
            "Precipitation_accumulated": -88.38263666209801,
            "Humidity": 0.7549691870719561,
            "Wind_Speed_kmh": 0.41843608823071166,
            "Soil_Moisture": 0.8643433533714387,
            "Soil_Temperature": 0.7420894064433063,
            "Wind_Dir_Sin": 0.38459501361097703,
            "Wind_Dir_Cos": 0.6170832168552627
        },
        "SMAPE": {
            "Temperature": 15.682030564041007,
            "Precipitation_accumulated": 1.610887831501644,
            "Humidity": 3.6111689328558345,
            "Wind_Speed_kmh": 169.8716310410904,
            "Soil_Moisture": 2.8786271653861393,
            "Soil_Temperature": 22.47561791885147,
            "Wind_Dir_Sin": 158.73831092875676,
            "Wind_Dir_Cos": 50.40061938006998
        }
    }
}