{
    "trial_number": 264,
    "input_chunk_length": 15,
    "output_chunk_length": 13,
    "num_layers": 1,
    "num_blocks": 4,
    "num_stacks": 2,
    "layer_widths": 123,
    "activation": "GELU",
    "dropout": 0.2355277489050085,
    "batch_size": 22,
    "lr": 0.0004768940849337903,
    "forecast_horizon": 2,
    "overall_smape_val": 49.183730703561,
    "metrics": {
        "MSE": {
            "Temperature": 1.0986961015286516,
            "Precipitation_accumulated": 46.02606190985448,
            "Humidity": 6.676443462440401,
            "Wind_Speed_kmh": 0.1683943574790805,
            "Soil_Moisture": 54580.25257100015,
            "Soil_Temperature": 1.1192254057901196,
            "Wind_Dir_Sin": 0.07337472520806,
            "Wind_Dir_Cos": 0.06524660564617868
        },
        "RMSE": {
            "Temperature": 1.0481870546465701,
            "Precipitation_accumulated": 6.78425102055153,
            "Humidity": 2.5838814722119903,
            "Wind_Speed_kmh": 0.4103588155249994,
            "Soil_Moisture": 233.62416949237112,
            "Soil_Temperature": 1.0579344997636289,
            "Wind_Dir_Sin": 0.27087769418698915,
            "Wind_Dir_Cos": 0.25543415129183233
        },
        "MAE": {
            "Temperature": 0.8055512240034052,
            "Precipitation_accumulated": 5.018723635980169,
            "Humidity": 1.674642781281795,
            "Wind_Speed_kmh": 0.22452050046141195,
            "Soil_Moisture": 123.67327881260412,
            "Soil_Temperature": 0.7956637201496276,
            "Wind_Dir_Sin": 0.14806558354937352,
            "Wind_Dir_Cos": 0.14491279756176892
        },
        "R2": {
            "Temperature": 0.6772668033025817,
            "Precipitation_accumulated": -47.49220202783968,
            "Humidity": 0.8973307336496745,
            "Wind_Speed_kmh": 0.5051708288891573,
            "Soil_Moisture": 0.9262399283160915,
            "Soil_Temperature": 0.8005730691099939,
            "Wind_Dir_Sin": 0.5431752694677148,
            "Wind_Dir_Cos": 0.7727335269519571
        },
        "SMAPE": {
            "Temperature": 13.325814732796339,
            "Precipitation_accumulated": 1.1001930724553137,
            "Humidity": 1.9909719168699402,
            "Wind_Speed_kmh": 161.1500172205465,
            "Soil_Moisture": 1.9785725699411747,
            "Soil_Temperature": 21.5840414902786,
            "Wind_Dir_Sin": 152.7543277663778,
            "Wind_Dir_Cos": 39.58590685922241
        }
    }
}