{
    "trial_number": 75,
    "input_chunk_length": 19,
    "output_chunk_length": 16,
    "num_layers": 2,
    "num_blocks": 4,
    "num_stacks": 2,
    "layer_widths": 145,
    "activation": "GELU",
    "dropout": 0.29161675811763776,
    "batch_size": 24,
    "lr": 0.0008949824185848043,
    "forecast_horizon": 9,
    "overall_smape_val": 50.9120951329196,
    "metrics": {
        "MSE": {
            "Temperature": 1.5008986365281822,
            "Precipitation_accumulated": 65.72103120846936,
            "Humidity": 13.910643459763637,
            "Wind_Speed_kmh": 0.1852201122944118,
            "Soil_Moisture": 103372.5138647317,
            "Soil_Temperature": 0.7959004577583372,
            "Wind_Dir_Sin": 0.09617433487753334,
            "Wind_Dir_Cos": 0.11273776790835201
        },
        "RMSE": {
            "Temperature": 1.2251116832877655,
            "Precipitation_accumulated": 8.10685088110478,
            "Humidity": 3.7296975024475696,
            "Wind_Speed_kmh": 0.4303720626323365,
            "Soil_Moisture": 321.5159620683423,
            "Soil_Temperature": 0.892132533740552,
            "Wind_Dir_Sin": 0.3101198717875611,
            "Wind_Dir_Cos": 0.335764453014836
        },
        "MAE": {
            "Temperature": 0.9436099366281999,
            "Precipitation_accumulated": 5.822762233139536,
            "Humidity": 2.836682195254469,
            "Wind_Speed_kmh": 0.19381265382061758,
            "Soil_Moisture": 126.8343926707308,
            "Soil_Temperature": 0.5727295652538538,
            "Wind_Dir_Sin": 0.17474773704690413,
            "Wind_Dir_Cos": 0.19639751004211695
        },
        "R2": {
            "Temperature": 0.5579368631604464,
            "Precipitation_accumulated": -68.16420871029902,
            "Humidity": 0.786254056501522,
            "Wind_Speed_kmh": 0.45838395148698674,
            "Soil_Moisture": 0.8609469994792873,
            "Soil_Temperature": 0.8578683541945159,
            "Wind_Dir_Sin": 0.40399445580222293,
            "Wind_Dir_Cos": 0.608853507053168
        },
        "SMAPE": {
            "Temperature": 16.25783218192066,
            "Precipitation_accumulated": 1.279547612311062,
            "Humidity": 3.3823147588701135,
            "Wind_Speed_kmh": 164.49564989104397,
            "Soil_Moisture": 1.9676021280937668,
            "Soil_Temperature": 17.56468205087088,
            "Wind_Dir_Sin": 157.11609254688915,
            "Wind_Dir_Cos": 45.233039893357386
        }
    }
}