{
    "trial_number": 395,
    "input_chunk_length": 14,
    "output_chunk_length": 12,
    "num_layers": 1,
    "num_blocks": 3,
    "num_stacks": 2,
    "layer_widths": 127,
    "activation": "GELU",
    "dropout": 0.22575591619428592,
    "batch_size": 21,
    "lr": 0.0007731174432588459,
    "forecast_horizon": 1,
    "overall_smape_val": 47.61386628368997,
    "metrics": {
        "MSE": {
            "Temperature": 1.332965491032483,
            "Precipitation_accumulated": 58.52059499984647,
            "Humidity": 9.751677508048349,
            "Wind_Speed_kmh": 0.12167058622419781,
            "Soil_Moisture": 32104.0073429949,
            "Soil_Temperature": 0.8003787190394325,
            "Wind_Dir_Sin": 0.054570491611321874,
            "Wind_Dir_Cos": 0.04826299969848458
        },
        "RMSE": {
            "Temperature": 1.1545412470035374,
            "Precipitation_accumulated": 7.649875489172779,
            "Humidity": 3.1227676039129695,
            "Wind_Speed_kmh": 0.348813110740118,
            "Soil_Moisture": 179.17591172642292,
            "Soil_Temperature": 0.8946388763291211,
            "Wind_Dir_Sin": 0.2336032782546552,
            "Wind_Dir_Cos": 0.21968841503020722
        },
        "MAE": {
            "Temperature": 0.769321508930504,
            "Precipitation_accumulated": 5.443452321158201,
            "Humidity": 2.3644909577184348,
            "Wind_Speed_kmh": 0.20015701624042784,
            "Soil_Moisture": 73.28444165184355,
            "Soil_Temperature": 0.7238008100877739,
            "Wind_Dir_Sin": 0.13049761211913607,
            "Wind_Dir_Cos": 0.10513722048405849
        },
        "R2": {
            "Temperature": 0.6084520429173119,
            "Precipitation_accumulated": -60.65620949886982,
            "Humidity": 0.8500402825143775,
            "Wind_Speed_kmh": 0.6424692832277977,
            "Soil_Moisture": 0.95661445721821,
            "Soil_Temperature": 0.8573861255633073,
            "Wind_Dir_Sin": 0.660248811090361,
            "Wind_Dir_Cos": 0.8318906920664347
        },
        "SMAPE": {
            "Temperature": 14.073059538283017,
            "Precipitation_accumulated": 1.1924065145321017,
            "Humidity": 2.8403276858561672,
            "Wind_Speed_kmh": 163.95635562077422,
            "Soil_Moisture": 1.1755690061589965,
            "Soil_Temperature": 22.173740686093172,
            "Wind_Dir_Sin": 144.99527678006794,
            "Wind_Dir_Cos": 30.504194437754496
        }
    }
}