{
    "trial_number": 62,
    "input_chunk_length": 25,
    "output_chunk_length": 20,
    "num_layers": 1,
    "num_blocks": 4,
    "num_stacks": 2,
    "layer_widths": 82,
    "activation": "GELU",
    "dropout": 0.2658171583185339,
    "batch_size": 16,
    "lr": 0.0008478488410574922,
    "forecast_horizon": 7,
    "overall_smape_val": 51.11289382337637,
    "metrics": {
        "MSE": {
            "Temperature": 2.2531880994332734,
            "Precipitation_accumulated": 64.12364869981133,
            "Humidity": 11.914954577502812,
            "Wind_Speed_kmh": 0.16547028514039103,
            "Soil_Moisture": 98341.8627917197,
            "Soil_Temperature": 2.0680919848054717,
            "Wind_Dir_Sin": 0.0896015271151499,
            "Wind_Dir_Cos": 0.11298362544350145
        },
        "RMSE": {
            "Temperature": 1.5010623236339233,
            "Precipitation_accumulated": 8.007724314673384,
            "Humidity": 3.4518045392957597,
            "Wind_Speed_kmh": 0.4067803893262199,
            "Soil_Moisture": 313.5950618101626,
            "Soil_Temperature": 1.4380862230080196,
            "Wind_Dir_Sin": 0.29933514179786824,
            "Wind_Dir_Cos": 0.3361303697131538
        },
        "MAE": {
            "Temperature": 1.2019231794627923,
            "Precipitation_accumulated": 6.3029769876077335,
            "Humidity": 2.408118994085885,
            "Wind_Speed_kmh": 0.19963766593003107,
            "Soil_Moisture": 153.30389876527434,
            "Soil_Temperature": 1.184541145035943,
            "Wind_Dir_Sin": 0.19304720167584039,
            "Wind_Dir_Cos": 0.1873181280416367
        },
        "R2": {
            "Temperature": 0.3368002555053904,
            "Precipitation_accumulated": -66.50471338486182,
            "Humidity": 0.8168592416570963,
            "Wind_Speed_kmh": 0.5154580202018417,
            "Soil_Moisture": 0.8675372765927584,
            "Soil_Temperature": 0.630903415089497,
            "Wind_Dir_Sin": 0.4439903939063675,
            "Wind_Dir_Cos": 0.607559446378406
        },
        "SMAPE": {
            "Temperature": 19.136028124099955,
            "Precipitation_accumulated": 1.3694993090828331,
            "Humidity": 2.8580986425904156,
            "Wind_Speed_kmh": 162.71411681370049,
            "Soil_Moisture": 2.4007174656906014,
            "Soil_Temperature": 24.439606685391027,
            "Wind_Dir_Sin": 151.9332209790277,
            "Wind_Dir_Cos": 44.05186256742789
        }
    }
}