{
    "trial_number": 182,
    "input_chunk_length": 18,
    "output_chunk_length": 15,
    "num_layers": 1,
    "num_blocks": 4,
    "num_stacks": 2,
    "layer_widths": 125,
    "activation": "GELU",
    "dropout": 0.2602809433250127,
    "batch_size": 19,
    "lr": 0.00025130658963847045,
    "forecast_horizon": 5,
    "overall_smape_val": 51.431087080785964,
    "metrics": {
        "MSE": {
            "Temperature": 1.3183008674214645,
            "Precipitation_accumulated": 188.64220968913105,
            "Humidity": 11.399193982872905,
            "Wind_Speed_kmh": 0.18384545360711702,
            "Soil_Moisture": 82875.99982277513,
            "Soil_Temperature": 1.4153992059465317,
            "Wind_Dir_Sin": 0.09338406804055502,
            "Wind_Dir_Cos": 0.09374302289137584
        },
        "RMSE": {
            "Temperature": 1.1481728386534253,
            "Precipitation_accumulated": 13.734708212740854,
            "Humidity": 3.3762692402817795,
            "Wind_Speed_kmh": 0.4287720298796518,
            "Soil_Moisture": 287.8819199303338,
            "Soil_Temperature": 1.1897055122787872,
            "Wind_Dir_Sin": 0.3055880692051884,
            "Wind_Dir_Cos": 0.3061748240652321
        },
        "MAE": {
            "Temperature": 0.8273522435265243,
            "Precipitation_accumulated": 12.25252345521667,
            "Humidity": 2.19841352599279,
            "Wind_Speed_kmh": 0.20158827384244124,
            "Soil_Moisture": 120.52003293863062,
            "Soil_Temperature": 0.7306777287645069,
            "Wind_Dir_Sin": 0.1687658115062652,
            "Wind_Dir_Cos": 0.16722847555991924
        },
        "R2": {
            "Temperature": 0.6122599970639571,
            "Precipitation_accumulated": -197.65283002068352,
            "Humidity": 0.824735649318106,
            "Wind_Speed_kmh": 0.4608973555068453,
            "Soil_Moisture": 0.8882209374325621,
            "Soil_Temperature": 0.747550482979354,
            "Wind_Dir_Sin": 0.4197505806050398,
            "Wind_Dir_Cos": 0.6740242657384661
        },
        "SMAPE": {
            "Temperature": 14.142236132762635,
            "Precipitation_accumulated": 2.711241148901246,
            "Humidity": 2.5739310763581846,
            "Wind_Speed_kmh": 170.35613280494445,
            "Soil_Moisture": 1.8803159169832329,
            "Soil_Temperature": 18.798130983759926,
            "Wind_Dir_Sin": 157.15183953720538,
            "Wind_Dir_Cos": 43.834869045372706
        }
    }
}