{
    "trial_number": 133,
    "input_chunk_length": 20,
    "output_chunk_length": 16,
    "num_layers": 1,
    "num_blocks": 4,
    "num_stacks": 2,
    "layer_widths": 157,
    "activation": "GELU",
    "dropout": 0.26111689872601934,
    "batch_size": 25,
    "lr": 0.0006305046602571736,
    "forecast_horizon": 5,
    "overall_smape_val": 51.165412989483706,
    "metrics": {
        "MSE": {
            "Temperature": 1.418408492093839,
            "Precipitation_accumulated": 30.579701302564928,
            "Humidity": 16.77747931705729,
            "Wind_Speed_kmh": 0.19422168398430317,
            "Soil_Moisture": 97251.80132416391,
            "Soil_Temperature": 1.3320906859402308,
            "Wind_Dir_Sin": 0.08498516115317038,
            "Wind_Dir_Cos": 0.09491418621302213
        },
        "RMSE": {
            "Temperature": 1.190969559683974,
            "Precipitation_accumulated": 5.529891617614664,
            "Humidity": 4.096032143069349,
            "Wind_Speed_kmh": 0.44070589284045564,
            "Soil_Moisture": 311.8522107091176,
            "Soil_Temperature": 1.1541623308444229,
            "Wind_Dir_Sin": 0.29152214521914177,
            "Wind_Dir_Cos": 0.3080814603526511
        },
        "MAE": {
            "Temperature": 0.8863661541282203,
            "Precipitation_accumulated": 4.136151346313341,
            "Humidity": 2.997714642950645,
            "Wind_Speed_kmh": 0.2630332132246711,
            "Soil_Moisture": 176.7256714775063,
            "Soil_Temperature": 0.7292940454706507,
            "Wind_Dir_Sin": 0.1662499312610787,
            "Wind_Dir_Cos": 0.20583318241389958
        },
        "R2": {
            "Temperature": 0.5828162398431121,
            "Precipitation_accumulated": -31.202465264547378,
            "Humidity": 0.7420436898432474,
            "Wind_Speed_kmh": 0.43047042284978054,
            "Soil_Moisture": 0.8688315651303626,
            "Soil_Temperature": 0.7624093267252998,
            "Wind_Dir_Sin": 0.47193786423077355,
            "Wind_Dir_Cos": 0.6699517405313773
        },
        "SMAPE": {
            "Temperature": 16.004851481275832,
            "Precipitation_accumulated": 0.8989157734055688,
            "Humidity": 3.590179142685173,
            "Wind_Speed_kmh": 165.9484276913553,
            "Soil_Moisture": 2.841038314283621,
            "Soil_Temperature": 18.87456024042127,
            "Wind_Dir_Sin": 154.18735346858992,
            "Wind_Dir_Cos": 46.97797780385307
        }
    }
}