{
    "trial_number": 16,
    "input_chunk_length": 18,
    "output_chunk_length": 14,
    "num_layers": 5,
    "num_blocks": 4,
    "num_stacks": 3,
    "layer_widths": 165,
    "activation": "ReLU",
    "dropout": 0.1747808732902618,
    "batch_size": 30,
    "lr": 0.00031392386918926274,
    "forecast_horizon": 9,
    "overall_smape_val": 52.290519087056545,
    "metrics": {
        "MSE": {
            "Temperature": 1.518685478906142,
            "Precipitation_accumulated": 171.7970416347494,
            "Humidity": 14.20763872641186,
            "Wind_Speed_kmh": 0.18994768134012494,
            "Soil_Moisture": 86806.06257969841,
            "Soil_Temperature": 0.9868343778676366,
            "Wind_Dir_Sin": 0.09780360604254924,
            "Wind_Dir_Cos": 0.09901649461362612
        },
        "RMSE": {
            "Temperature": 1.2323495765837476,
            "Precipitation_accumulated": 13.107137049514261,
            "Humidity": 3.769302153769562,
            "Wind_Speed_kmh": 0.4358298766033886,
            "Soil_Moisture": 294.6286859416415,
            "Soil_Temperature": 0.9933953784207156,
            "Wind_Dir_Sin": 0.3127356807953791,
            "Wind_Dir_Cos": 0.31466886502103464
        },
        "MAE": {
            "Temperature": 0.8473087924080238,
            "Precipitation_accumulated": 9.687836942915858,
            "Humidity": 2.911730500250926,
            "Wind_Speed_kmh": 0.1835398293198614,
            "Soil_Moisture": 131.65467729441988,
            "Soil_Temperature": 0.7600654178788254,
            "Wind_Dir_Sin": 0.1711477046489783,
            "Wind_Dir_Cos": 0.18640528016929991
        },
        "R2": {
            "Temperature": 0.552698063454252,
            "Precipitation_accumulated": -179.79762634501236,
            "Humidity": 0.7816905340686506,
            "Wind_Speed_kmh": 0.4445597115926626,
            "Soil_Moisture": 0.8832315959647563,
            "Soil_Temperature": 0.8237714366206006,
            "Wind_Dir_Sin": 0.3938976389270392,
            "Wind_Dir_Cos": 0.656459806411162
        },
        "SMAPE": {
            "Temperature": 14.588597443926545,
            "Precipitation_accumulated": 2.1368280061571956,
            "Humidity": 3.483664740216841,
            "Wind_Speed_kmh": 172.23892871801675,
            "Soil_Moisture": 2.0372827461691037,
            "Soil_Temperature": 19.742489185321027,
            "Wind_Dir_Sin": 158.14356792030745,
            "Wind_Dir_Cos": 45.952793936337656
        }
    }
}