{
    "trial_number": 381,
    "input_chunk_length": 13,
    "output_chunk_length": 12,
    "num_layers": 1,
    "num_blocks": 2,
    "num_stacks": 4,
    "layer_widths": 179,
    "activation": "GELU",
    "dropout": 0.2240111358720167,
    "batch_size": 22,
    "lr": 0.0005259868378767181,
    "forecast_horizon": 2,
    "overall_smape_val": 49.66730529731872,
    "metrics": {
        "MSE": {
            "Temperature": 1.1644398783390633,
            "Precipitation_accumulated": 386.58200200960476,
            "Humidity": 8.259368790413463,
            "Wind_Speed_kmh": 0.15417859965662423,
            "Soil_Moisture": 72371.61350469735,
            "Soil_Temperature": 1.0214734400909007,
            "Wind_Dir_Sin": 0.07288726972695157,
            "Wind_Dir_Cos": 0.061635884027377255
        },
        "RMSE": {
            "Temperature": 1.0790921547018415,
            "Precipitation_accumulated": 19.661688686621115,
            "Humidity": 2.873911757589899,
            "Wind_Speed_kmh": 0.392655828502041,
            "Soil_Moisture": 269.0197269805643,
            "Soil_Temperature": 1.010679692133418,
            "Wind_Dir_Sin": 0.2699764243910041,
            "Wind_Dir_Cos": 0.24826575282824906
        },
        "MAE": {
            "Temperature": 0.8216966029960932,
            "Precipitation_accumulated": 17.76076141220297,
            "Humidity": 2.1339235916800408,
            "Wind_Speed_kmh": 0.23949635679688813,
            "Soil_Moisture": 211.78411376704716,
            "Soil_Temperature": 0.6400607271515671,
            "Wind_Dir_Sin": 0.16293544041929053,
            "Wind_Dir_Cos": 0.13348467634244685
        },
        "R2": {
            "Temperature": 0.65795509442925,
            "Precipitation_accumulated": -406.29560088135185,
            "Humidity": 0.8729887643025787,
            "Wind_Speed_kmh": 0.5469440317761507,
            "Soil_Moisture": 0.9021965793756169,
            "Soil_Temperature": 0.8179908067766065,
            "Wind_Dir_Sin": 0.5462101253826421,
            "Wind_Dir_Cos": 0.7853103646178622
        },
        "SMAPE": {
            "Temperature": 14.026790313733013,
            "Precipitation_accumulated": 3.9580327378950737,
            "Humidity": 2.5153252157198347,
            "Wind_Speed_kmh": 168.83793687126675,
            "Soil_Moisture": 3.445590984240686,
            "Soil_Temperature": 17.710980306090036,
            "Wind_Dir_Sin": 149.7491326397006,
            "Wind_Dir_Cos": 37.09465330990405
        }
    }
}