{
    "trial_number": 59,
    "input_chunk_length": 49,
    "output_chunk_length": 46,
    "num_layers": 1,
    "num_blocks": 4,
    "num_stacks": 2,
    "layer_widths": 65,
    "activation": "GELU",
    "dropout": 0.2958684315567885,
    "batch_size": 20,
    "lr": 0.0004011525881089118,
    "forecast_horizon": 7,
    "overall_smape_val": 53.6178566216,
    "metrics": {
        "MSE": {
            "Temperature": 2.151020377406089,
            "Precipitation_accumulated": 94.50633286092167,
            "Humidity": 24.053547857915017,
            "Wind_Speed_kmh": 0.2522310471718797,
            "Soil_Moisture": 127438.48753234609,
            "Soil_Temperature": 1.2403392231886625,
            "Wind_Dir_Sin": 0.12201815907537207,
            "Wind_Dir_Cos": 0.11952619390915323
        },
        "RMSE": {
            "Temperature": 1.4666357343955891,
            "Precipitation_accumulated": 9.721436769373222,
            "Humidity": 4.904441645887432,
            "Wind_Speed_kmh": 0.5022260916876777,
            "Soil_Moisture": 356.98527635232534,
            "Soil_Temperature": 1.1137051778584235,
            "Wind_Dir_Sin": 0.3493109776050161,
            "Wind_Dir_Cos": 0.34572560493714266
        },
        "MAE": {
            "Temperature": 1.0282606452403331,
            "Precipitation_accumulated": 6.043312427619,
            "Humidity": 3.8894679096891207,
            "Wind_Speed_kmh": 0.3183779963028203,
            "Soil_Moisture": 190.7993446616972,
            "Soil_Temperature": 0.8276457744613113,
            "Wind_Dir_Sin": 0.21663603751153548,
            "Wind_Dir_Cos": 0.232627739484144
        },
        "R2": {
            "Temperature": 0.3668721377246634,
            "Precipitation_accumulated": -98.48939341702864,
            "Humidity": 0.6302810080490343,
            "Wind_Speed_kmh": 0.2613989221114096,
            "Soil_Moisture": 0.8283452372547927,
            "Soil_Temperature": 0.7786341348581053,
            "Wind_Dir_Sin": 0.24283356826519065,
            "Wind_Dir_Cos": 0.5848343020870193
        },
        "SMAPE": {
            "Temperature": 17.827125839946586,
            "Precipitation_accumulated": 1.3170117897097866,
            "Humidity": 4.676424453525721,
            "Wind_Speed_kmh": 169.96115174745955,
            "Soil_Moisture": 3.035303174442551,
            "Soil_Temperature": 23.74748539612445,
            "Wind_Dir_Sin": 156.53501678444528,
            "Wind_Dir_Cos": 51.84333378714604
        }
    }
}