{
    "trial_number": 56,
    "input_chunk_length": 30,
    "output_chunk_length": 22,
    "num_layers": 1,
    "num_blocks": 4,
    "num_stacks": 2,
    "layer_widths": 94,
    "activation": "GELU",
    "dropout": 0.28435232730605353,
    "batch_size": 18,
    "lr": 0.00015639793024896113,
    "forecast_horizon": 2,
    "overall_smape_val": 51.60660007504973,
    "metrics": {
        "MSE": {
            "Temperature": 1.245072801313768,
            "Precipitation_accumulated": 217.94484797941107,
            "Humidity": 9.179351412466266,
            "Wind_Speed_kmh": 0.1731361432182418,
            "Soil_Moisture": 64635.40026894846,
            "Soil_Temperature": 2.7162385333411856,
            "Wind_Dir_Sin": 0.07465488717841547,
            "Wind_Dir_Cos": 0.08122899050200724
        },
        "RMSE": {
            "Temperature": 1.1158283027929377,
            "Precipitation_accumulated": 14.762955259005938,
            "Humidity": 3.029744446725873,
            "Wind_Speed_kmh": 0.4160963148337676,
            "Soil_Moisture": 254.23493125247063,
            "Soil_Temperature": 1.6481014936408453,
            "Wind_Dir_Sin": 0.2732304653189601,
            "Wind_Dir_Cos": 0.28500700079473
        },
        "MAE": {
            "Temperature": 0.7951508539183202,
            "Precipitation_accumulated": 11.916320861881818,
            "Humidity": 2.095204144364799,
            "Wind_Speed_kmh": 0.2056653812022866,
            "Soil_Moisture": 116.73924772262654,
            "Soil_Temperature": 1.2462114079400122,
            "Wind_Dir_Sin": 0.14749990848023062,
            "Wind_Dir_Cos": 0.16027564176131065
        },
        "R2": {
            "Temperature": 0.6342698178960243,
            "Precipitation_accumulated": -228.6226346682421,
            "Humidity": 0.8588414205270224,
            "Wind_Speed_kmh": 0.4912370252747108,
            "Soil_Moisture": 0.9126513430667257,
            "Soil_Temperature": 0.5160124926873009,
            "Wind_Dir_Sin": 0.5352050911060646,
            "Wind_Dir_Cos": 0.7170638074147025
        },
        "SMAPE": {
            "Temperature": 13.62495851650578,
            "Precipitation_accumulated": 2.6433088582545197,
            "Humidity": 2.4860168523616046,
            "Wind_Speed_kmh": 168.9755557294128,
            "Soil_Moisture": 1.8348793722087313,
            "Soil_Temperature": 24.9995176103589,
            "Wind_Dir_Sin": 155.45334230361834,
            "Wind_Dir_Cos": 42.835221357677334
        }
    }
}