{
    "trial_number": 20,
    "input_chunk_length": 46,
    "output_chunk_length": 7,
    "num_layers": 1,
    "num_blocks": 4,
    "num_stacks": 5,
    "layer_widths": 212,
    "activation": "GELU",
    "dropout": 0.2411933800711742,
    "batch_size": 85,
    "lr": 0.00017119569297255883,
    "loss_function": "huber",
    "optimizer": "Adam",
    "overall_mae_val": 0.16038981212082778,
    "metrics": {
        "MSE": {
            "Temperature": 11.085876137847192,
            "Precipitation_accumulated": 6776.691583519036,
            "Humidity": 89.09604758302439,
            "Wind_Speed_kmh": 1.29666833510202,
            "Soil_Moisture": 579606.5304944493,
            "Soil_Temperature": 10.52575208508278,
            "Wind_Dir_Sin": 0.5673756408740575,
            "Wind_Dir_Cos": 0.3943465772246696
        },
        "RMSE": {
            "Temperature": 3.3295459356866055,
            "Precipitation_accumulated": 82.3206631625319,
            "Humidity": 9.439070271113803,
            "Wind_Speed_kmh": 1.138713456099479,
            "Soil_Moisture": 761.3189413737513,
            "Soil_Temperature": 3.2443415487711493,
            "Wind_Dir_Sin": 0.7532434140927204,
            "Wind_Dir_Cos": 0.6279702040898673
        },
        "MAE": {
            "Temperature": 2.6252615642541555,
            "Precipitation_accumulated": 77.7419599013877,
            "Humidity": 7.881318263716821,
            "Wind_Speed_kmh": 0.9154329678225243,
            "Soil_Moisture": 742.078048737893,
            "Soil_Temperature": 2.6095660517908255,
            "Wind_Dir_Sin": 0.679362500510942,
            "Wind_Dir_Cos": 0.5496390574396061
        },
        "R2": {
            "Temperature": 0.6358311287543454,
            "Precipitation_accumulated": -2047.2690837047376,
            "Humidity": 0.3921680173195081,
            "Wind_Speed_kmh": 0.03558769199907552,
            "Soil_Moisture": -10.100662652054792,
            "Soil_Temperature": 0.3448250191705583,
            "Wind_Dir_Sin": -0.029269966846374063,
            "Wind_Dir_Cos": -0.07519094730880305
        },
        "SMAPE": {
            "Temperature": 39.27925037024239,
            "Precipitation_accumulated": 18.461388932097247,
            "Humidity": 9.29876011097543,
            "Wind_Speed_kmh": 74.06703466549992,
            "Soil_Moisture": 9.052728506364643,
            "Soil_Temperature": 38.12530621875119,
            "Wind_Dir_Sin": 149.34066008216786,
            "Wind_Dir_Cos": 163.1174261061315
        }
    }
}