{
    "trial_number": 292,
    "input_chunk_length": 16,
    "output_chunk_length": 14,
    "num_layers": 1,
    "num_blocks": 3,
    "num_stacks": 2,
    "layer_widths": 114,
    "activation": "GELU",
    "dropout": 0.2026832716472148,
    "batch_size": 23,
    "lr": 0.000712773392858098,
    "forecast_horizon": 3,
    "overall_smape_val": 50.481492910541235,
    "metrics": {
        "MSE": {
            "Temperature": 0.8465591798752612,
            "Precipitation_accumulated": 54.98768100980174,
            "Humidity": 12.74605761185048,
            "Wind_Speed_kmh": 0.19248005417470843,
            "Soil_Moisture": 71998.8342790633,
            "Soil_Temperature": 1.137829913631221,
            "Wind_Dir_Sin": 0.08150365878677135,
            "Wind_Dir_Cos": 0.0734777760597822
        },
        "RMSE": {
            "Temperature": 0.9200865067346989,
            "Precipitation_accumulated": 7.415367894433946,
            "Humidity": 3.5701621268298838,
            "Wind_Speed_kmh": 0.4387254884032935,
            "Soil_Moisture": 268.32598509846804,
            "Soil_Temperature": 1.0666911050680141,
            "Wind_Dir_Sin": 0.2854884564860221,
            "Wind_Dir_Cos": 0.2710678440165528
        },
        "MAE": {
            "Temperature": 0.6452323483254017,
            "Precipitation_accumulated": 6.210345081154812,
            "Humidity": 2.769269322499949,
            "Wind_Speed_kmh": 0.2514083660592779,
            "Soil_Moisture": 120.74147743790834,
            "Soil_Temperature": 0.7144231007307519,
            "Wind_Dir_Sin": 0.15953209022641218,
            "Wind_Dir_Cos": 0.14965762387546686
        },
        "R2": {
            "Temperature": 0.7512111947301284,
            "Precipitation_accumulated": -56.92452311725212,
            "Humidity": 0.80399683705504,
            "Wind_Speed_kmh": 0.43478895976370435,
            "Soil_Moisture": 0.9027635058580812,
            "Soil_Temperature": 0.7971916926123905,
            "Wind_Dir_Sin": 0.49290031356208786,
            "Wind_Dir_Cos": 0.7442062983000044
        },
        "SMAPE": {
            "Temperature": 11.364066852452986,
            "Precipitation_accumulated": 1.3613505713927552,
            "Humidity": 3.34323152941088,
            "Wind_Speed_kmh": 169.31897446131168,
            "Soil_Moisture": 1.8719565356720171,
            "Soil_Temperature": 19.407888106315223,
            "Wind_Dir_Sin": 157.13805472078732,
            "Wind_Dir_Cos": 40.0464205069867
        }
    }
}