{
    "trial_number": 58,
    "input_chunk_length": 21,
    "output_chunk_length": 17,
    "num_layers": 1,
    "num_blocks": 4,
    "num_stacks": 2,
    "layer_widths": 76,
    "activation": "GELU",
    "dropout": 0.29995670950252834,
    "batch_size": 19,
    "lr": 0.0003649626562204758,
    "forecast_horizon": 6,
    "overall_smape_val": 48.94965977188615,
    "metrics": {
        "MSE": {
            "Temperature": 0.8001984645243009,
            "Precipitation_accumulated": 39.78957332863675,
            "Humidity": 9.301733891110612,
            "Wind_Speed_kmh": 0.15168345252903073,
            "Soil_Moisture": 72462.2006590597,
            "Soil_Temperature": 0.8421315316958818,
            "Wind_Dir_Sin": 0.0810644452604912,
            "Wind_Dir_Cos": 0.08446662175373477
        },
        "RMSE": {
            "Temperature": 0.8945381291618043,
            "Precipitation_accumulated": 6.307897694845466,
            "Humidity": 3.049874405792903,
            "Wind_Speed_kmh": 0.3894655986464411,
            "Soil_Moisture": 269.18803959139734,
            "Soil_Temperature": 0.9176772481084413,
            "Wind_Dir_Sin": 0.2847181856862873,
            "Wind_Dir_Cos": 0.29063141907532086
        },
        "MAE": {
            "Temperature": 0.6292959384870942,
            "Precipitation_accumulated": 5.3124983712331435,
            "Humidity": 2.0431180392078745,
            "Wind_Speed_kmh": 0.17915943376369697,
            "Soil_Moisture": 108.3801865179359,
            "Soil_Temperature": 0.6316494059175536,
            "Wind_Dir_Sin": 0.1686013954525447,
            "Wind_Dir_Cos": 0.1629170688629014
        },
        "R2": {
            "Temperature": 0.7645526533718106,
            "Precipitation_accumulated": -40.89430706622717,
            "Humidity": 0.8570031500980099,
            "Wind_Speed_kmh": 0.5555189080298739,
            "Soil_Moisture": 0.9023314136993945,
            "Soil_Temperature": 0.8497483652426171,
            "Wind_Dir_Sin": 0.49663280226316586,
            "Wind_Dir_Cos": 0.7064463239770503
        },
        "SMAPE": {
            "Temperature": 11.0458367172841,
            "Precipitation_accumulated": 1.1479899039169164,
            "Humidity": 2.435834458867172,
            "Wind_Speed_kmh": 161.307507648754,
            "Soil_Moisture": 1.6977744084013673,
            "Soil_Temperature": 17.72733865527187,
            "Wind_Dir_Sin": 152.59720653124714,
            "Wind_Dir_Cos": 43.63778985134656
        }
    }
}