{
    "trial_number": 28,
    "input_chunk_length": 11,
    "num_layers": 1,
    "num_blocks": 4,
    "num_stacks": 3,
    "layer_widths": 255,
    "activation": "GELU",
    "dropout": 0.1973787870982956,
    "batch_size": 43,
    "lr": 0.0012591800024821535,
    "overall_smape_val": 46.922648807992864,
    "metrics": {
        "MSE": {
            "Temperature": 0.5600874275712193,
            "Precipitation_accumulated": 75.28703095747576,
            "Humidity": 2.8067260075895573,
            "Wind_Speed_kmh": 0.10407887814386169,
            "Soil_Moisture": 20468.36039875324,
            "Soil_Temperature": 0.9108197926863174,
            "Wind_Dir_Sin": 0.05659492222955599,
            "Wind_Dir_Cos": 0.051813733129098274
        },
        "RMSE": {
            "Temperature": 0.7483898900781726,
            "Precipitation_accumulated": 8.67680995282689,
            "Humidity": 1.6753286267444836,
            "Wind_Speed_kmh": 0.32261258212267807,
            "Soil_Moisture": 143.06767768700672,
            "Soil_Temperature": 0.9543687928082715,
            "Wind_Dir_Sin": 0.23789687309747473,
            "Wind_Dir_Cos": 0.22762630148798332
        },
        "MAE": {
            "Temperature": 0.5200676627500566,
            "Precipitation_accumulated": 6.898108506229925,
            "Humidity": 1.015095563752024,
            "Wind_Speed_kmh": 0.19373958476984535,
            "Soil_Moisture": 64.08093524544469,
            "Soil_Temperature": 0.7631466098094861,
            "Wind_Dir_Sin": 0.15300090862945911,
            "Wind_Dir_Cos": 0.12211967782650787
        },
        "R2": {
            "Temperature": 0.8354787955663101,
            "Precipitation_accumulated": -78.32101430742803,
            "Humidity": 0.956838621989878,
            "Wind_Speed_kmh": 0.6941627630933451,
            "Soil_Moisture": 0.9723389383678617,
            "Soil_Temperature": 0.8377074046839802,
            "Wind_Dir_Sin": 0.6476448801177579,
            "Wind_Dir_Cos": 0.8195228047944841
        },
        "SMAPE": {
            "Temperature": 9.192116841515132,
            "Precipitation_accumulated": 1.4830310882849498,
            "Humidity": 1.2029574852811722,
            "Wind_Speed_kmh": 161.58720123469504,
            "Soil_Moisture": 1.0300922905373375,
            "Soil_Temperature": 18.717429633947802,
            "Wind_Dir_Sin": 145.05387720755462,
            "Wind_Dir_Cos": 37.11448468212678
        }
    }
}