{
    "trial_number": 42,
    "input_chunk_length": 45,
    "output_chunk_length": 40,
    "num_layers": 1,
    "num_blocks": 4,
    "num_stacks": 2,
    "layer_widths": 198,
    "activation": "ReLU",
    "dropout": 0.20922366126994302,
    "batch_size": 34,
    "lr": 0.0041531422956867575,
    "forecast_horizon": 18,
    "overall_smape_val": 51.67843579274525,
    "metrics": {
        "MSE": {
            "Temperature": 2.6145103446481786,
            "Precipitation_accumulated": 77.22913532036054,
            "Humidity": 16.01666282778259,
            "Wind_Speed_kmh": 0.1604499319100935,
            "Soil_Moisture": 130948.40788567736,
            "Soil_Temperature": 2.219455687955934,
            "Wind_Dir_Sin": 0.09493197793159108,
            "Wind_Dir_Cos": 0.12304643529886325
        },
        "RMSE": {
            "Temperature": 1.6169447562140702,
            "Precipitation_accumulated": 8.788010885311905,
            "Humidity": 4.0020823114701916,
            "Wind_Speed_kmh": 0.40056202005443986,
            "Soil_Moisture": 361.8679426056933,
            "Soil_Temperature": 1.4897837722152614,
            "Wind_Dir_Sin": 0.30811033402271837,
            "Wind_Dir_Cos": 0.3507797532624471
        },
        "MAE": {
            "Temperature": 1.359578013689491,
            "Precipitation_accumulated": 6.192579043374886,
            "Humidity": 3.084519914043291,
            "Wind_Speed_kmh": 0.1635514732827517,
            "Soil_Moisture": 222.88293267421514,
            "Soil_Temperature": 1.1652913725624972,
            "Wind_Dir_Sin": 0.17690478305697493,
            "Wind_Dir_Cos": 0.2021200173851181
        },
        "R2": {
            "Temperature": 0.22679755737525553,
            "Precipitation_accumulated": -80.16119218940874,
            "Humidity": 0.7540554296912454,
            "Wind_Speed_kmh": 0.5337740849382546,
            "Soil_Moisture": 0.8249089672715254,
            "Soil_Temperature": 0.6025767173120098,
            "Wind_Dir_Sin": 0.4152051570944011,
            "Wind_Dir_Cos": 0.5752472401563914
        },
        "SMAPE": {
            "Temperature": 21.712695019881075,
            "Precipitation_accumulated": 1.3569074501061813,
            "Humidity": 3.6423924006607336,
            "Wind_Speed_kmh": 159.69678676140384,
            "Soil_Moisture": 3.4094734766113666,
            "Soil_Temperature": 24.431368423455343,
            "Wind_Dir_Sin": 154.181301861306,
            "Wind_Dir_Cos": 44.99656094853739
        }
    }
}