{
    "trial_number": 53,
    "input_chunk_length": 20,
    "output_chunk_length": 15,
    "num_layers": 1,
    "num_blocks": 4,
    "num_stacks": 2,
    "layer_widths": 120,
    "activation": "GELU",
    "dropout": 0.2799802051178085,
    "batch_size": 24,
    "lr": 0.00015681174028185798,
    "forecast_horizon": 7,
    "overall_smape_val": 50.94933714131824,
    "metrics": {
        "MSE": {
            "Temperature": 1.2397612159727642,
            "Precipitation_accumulated": 38.37398269432393,
            "Humidity": 13.644327027237788,
            "Wind_Speed_kmh": 0.16931945933855033,
            "Soil_Moisture": 84259.95000247943,
            "Soil_Temperature": 1.2408439636870021,
            "Wind_Dir_Sin": 0.09186088296900924,
            "Wind_Dir_Cos": 0.0995398853047747
        },
        "RMSE": {
            "Temperature": 1.1134456502105363,
            "Precipitation_accumulated": 6.194673735906027,
            "Humidity": 3.693822820228088,
            "Wind_Speed_kmh": 0.4114844581980592,
            "Soil_Moisture": 290.2756448661848,
            "Soil_Temperature": 1.1139317589902005,
            "Wind_Dir_Sin": 0.30308560336810664,
            "Wind_Dir_Cos": 0.31549942203556364
        },
        "MAE": {
            "Temperature": 0.798705172709095,
            "Precipitation_accumulated": 4.432670060017462,
            "Humidity": 2.6741076926121714,
            "Wind_Speed_kmh": 0.19735815299927803,
            "Soil_Moisture": 130.57778389511893,
            "Soil_Temperature": 0.8516801068283247,
            "Wind_Dir_Sin": 0.17765510684182748,
            "Wind_Dir_Cos": 0.17062645740017723
        },
        "R2": {
            "Temperature": 0.6350906868919344,
            "Precipitation_accumulated": -39.39733788922099,
            "Humidity": 0.7902776395333416,
            "Wind_Speed_kmh": 0.5041865917095194,
            "Soil_Moisture": 0.8865050738857245,
            "Soil_Temperature": 0.7785440527942649,
            "Wind_Dir_Sin": 0.42997028064741316,
            "Wind_Dir_Cos": 0.6542553175905137
        },
        "SMAPE": {
            "Temperature": 14.000666181380714,
            "Precipitation_accumulated": 0.9703833631704395,
            "Humidity": 3.2402558509037784,
            "Wind_Speed_kmh": 166.10608816614769,
            "Soil_Moisture": 2.0812380749864685,
            "Soil_Temperature": 23.40626703042459,
            "Wind_Dir_Sin": 154.3211812115154,
            "Wind_Dir_Cos": 43.468617252016664
        }
    }
}