{
    "trial_number": 346,
    "input_chunk_length": 17,
    "output_chunk_length": 14,
    "num_layers": 1,
    "num_blocks": 3,
    "num_stacks": 2,
    "layer_widths": 167,
    "activation": "GELU",
    "dropout": 0.2315278387880431,
    "batch_size": 25,
    "lr": 0.0006580251650773249,
    "forecast_horizon": 1,
    "overall_smape_val": 47.346782731432015,
    "metrics": {
        "MSE": {
            "Temperature": 1.076456253489476,
            "Precipitation_accumulated": 248.70349630704536,
            "Humidity": 7.403802875474294,
            "Wind_Speed_kmh": 0.10561338262615062,
            "Soil_Moisture": 31606.914873930746,
            "Soil_Temperature": 0.8813803910354366,
            "Wind_Dir_Sin": 0.05900417857389487,
            "Wind_Dir_Cos": 0.050557737681151606
        },
        "RMSE": {
            "Temperature": 1.0375240977873603,
            "Precipitation_accumulated": 15.770335960500187,
            "Humidity": 2.720992994381701,
            "Wind_Speed_kmh": 0.3249821266256817,
            "Soil_Moisture": 177.78333688490252,
            "Soil_Temperature": 0.9388186145552487,
            "Wind_Dir_Sin": 0.24290775733577316,
            "Wind_Dir_Cos": 0.2248504784988273
        },
        "MAE": {
            "Temperature": 0.7485483223939081,
            "Precipitation_accumulated": 12.88024763736009,
            "Humidity": 2.02331308732009,
            "Wind_Speed_kmh": 0.15584464157863726,
            "Soil_Moisture": 76.31093955079504,
            "Soil_Temperature": 0.7171618250055745,
            "Wind_Dir_Sin": 0.15758022040711467,
            "Wind_Dir_Cos": 0.1354287838756297
        },
        "R2": {
            "Temperature": 0.6837995808757082,
            "Precipitation_accumulated": -261.02937395713104,
            "Humidity": 0.8861455183880902,
            "Wind_Speed_kmh": 0.6896536002424982,
            "Soil_Moisture": 0.9572862308803786,
            "Soil_Temperature": 0.8429530053360925,
            "Wind_Dir_Sin": 0.6326450572609781,
            "Wind_Dir_Cos": 0.8238976784418147
        },
        "SMAPE": {
            "Temperature": 13.504779395118248,
            "Precipitation_accumulated": 2.7572676120182225,
            "Humidity": 2.402798407090386,
            "Wind_Speed_kmh": 159.51803091556627,
            "Soil_Moisture": 1.237019205361446,
            "Soil_Temperature": 20.805556951493337,
            "Wind_Dir_Sin": 144.60518419807826,
            "Wind_Dir_Cos": 33.94362516673001
        }
    }
}