{
    "trial_number": 233,
    "input_chunk_length": 18,
    "output_chunk_length": 15,
    "num_layers": 1,
    "num_blocks": 4,
    "num_stacks": 2,
    "layer_widths": 119,
    "activation": "GELU",
    "dropout": 0.27284020505127987,
    "batch_size": 19,
    "lr": 0.0003790984729658134,
    "forecast_horizon": 5,
    "overall_smape_val": 50.49004985805223,
    "metrics": {
        "MSE": {
            "Temperature": 1.3777085437239067,
            "Precipitation_accumulated": 99.31062937169398,
            "Humidity": 11.419784778119327,
            "Wind_Speed_kmh": 0.1492939605778507,
            "Soil_Moisture": 63157.14982187634,
            "Soil_Temperature": 1.0621015189904268,
            "Wind_Dir_Sin": 0.0879244711672748,
            "Wind_Dir_Cos": 0.08875671712225694
        },
        "RMSE": {
            "Temperature": 1.1737582986815926,
            "Precipitation_accumulated": 9.96547185895851,
            "Humidity": 3.3793172059040755,
            "Wind_Speed_kmh": 0.3863857665311323,
            "Soil_Moisture": 251.31086292055969,
            "Soil_Temperature": 1.030583096596498,
            "Wind_Dir_Sin": 0.2965206083348589,
            "Wind_Dir_Cos": 0.29792065574957527
        },
        "MAE": {
            "Temperature": 0.9642533624614836,
            "Precipitation_accumulated": 9.298153530846864,
            "Humidity": 2.535179801327674,
            "Wind_Speed_kmh": 0.19371066681722196,
            "Soil_Moisture": 108.05528645608311,
            "Soil_Temperature": 0.6977133736901878,
            "Wind_Dir_Sin": 0.17505566332797404,
            "Wind_Dir_Cos": 0.1430441305904929
        },
        "R2": {
            "Temperature": 0.5947869503921549,
            "Precipitation_accumulated": -103.58071715939462,
            "Humidity": 0.8244190626923928,
            "Wind_Speed_kmh": 0.5622150704560018,
            "Soil_Moisture": 0.9148167501252817,
            "Soil_Temperature": 0.8105643875102212,
            "Wind_Dir_Sin": 0.45367422499452614,
            "Wind_Dir_Cos": 0.6913633127865273
        },
        "SMAPE": {
            "Temperature": 15.566740942077919,
            "Precipitation_accumulated": 2.0481673404462657,
            "Humidity": 3.048727628093645,
            "Wind_Speed_kmh": 169.62486307362943,
            "Soil_Moisture": 1.7378983596116706,
            "Soil_Temperature": 18.542034873084106,
            "Wind_Dir_Sin": 153.70944308884472,
            "Wind_Dir_Cos": 39.64252355862986
        }
    }
}