{
    "trial_number": 175,
    "input_chunk_length": 19,
    "output_chunk_length": 16,
    "num_layers": 1,
    "num_blocks": 4,
    "num_stacks": 2,
    "layer_widths": 151,
    "activation": "GELU",
    "dropout": 0.24601248524769043,
    "batch_size": 16,
    "lr": 0.000228136324168856,
    "forecast_horizon": 9,
    "overall_smape_val": 53.240120543238206,
    "metrics": {
        "MSE": {
            "Temperature": 3.150716431174515,
            "Precipitation_accumulated": 107.77963489027721,
            "Humidity": 16.973004339767446,
            "Wind_Speed_kmh": 0.20468494893215283,
            "Soil_Moisture": 97661.7345879281,
            "Soil_Temperature": 2.6872297078237684,
            "Wind_Dir_Sin": 0.10502108868902398,
            "Wind_Dir_Cos": 0.1041290832479139
        },
        "RMSE": {
            "Temperature": 1.7750257550735749,
            "Precipitation_accumulated": 10.381697110312803,
            "Humidity": 4.119830620276451,
            "Wind_Speed_kmh": 0.45242120742970576,
            "Soil_Moisture": 312.5087752174779,
            "Soil_Temperature": 1.639277190661716,
            "Wind_Dir_Sin": 0.32406957384028506,
            "Wind_Dir_Cos": 0.3226903829492194
        },
        "MAE": {
            "Temperature": 1.5993964603602235,
            "Precipitation_accumulated": 9.322948539686603,
            "Humidity": 3.1503270057247574,
            "Wind_Speed_kmh": 0.2802092750913105,
            "Soil_Moisture": 139.9187036672806,
            "Soil_Temperature": 1.4138604196258768,
            "Wind_Dir_Sin": 0.21707323975669726,
            "Wind_Dir_Cos": 0.17277502677506382
        },
        "R2": {
            "Temperature": 0.07201222323798362,
            "Precipitation_accumulated": -112.42629634987088,
            "Humidity": 0.7391989208047032,
            "Wind_Speed_kmh": 0.4014653600117417,
            "Soil_Moisture": 0.8686289350737934,
            "Soil_Temperature": 0.5201153896730732,
            "Wind_Dir_Sin": 0.34916990904018497,
            "Wind_Dir_Cos": 0.6387215528402099
        },
        "SMAPE": {
            "Temperature": 24.644851931357007,
            "Precipitation_accumulated": 2.007799840443979,
            "Humidity": 3.761725257604082,
            "Wind_Speed_kmh": 169.7325534903166,
            "Soil_Moisture": 2.209391125968289,
            "Soil_Temperature": 26.945935145320234,
            "Wind_Dir_Sin": 153.7798548012631,
            "Wind_Dir_Cos": 42.83885275363255
        }
    }
}