{
    "trial_number": 42,
    "input_chunk_length": 22,
    "num_layers": 2,
    "num_blocks": 4,
    "num_stacks": 1,
    "layer_widths": 158,
    "activation": "GELU",
    "dropout": 0.1277119210272371,
    "batch_size": 33,
    "lr": 0.004131093721779336,
    "overall_smape_val": 46.95944467629262,
    "metrics": {
        "MSE": {
            "Temperature": 0.9269166909070677,
            "Precipitation_accumulated": 35.89842487315149,
            "Humidity": 6.765864259427166,
            "Wind_Speed_kmh": 0.1117321038973156,
            "Soil_Moisture": 23181.624690331744,
            "Soil_Temperature": 1.1724196183462665,
            "Wind_Dir_Sin": 0.045437498719358344,
            "Wind_Dir_Cos": 0.04287695352572606
        },
        "RMSE": {
            "Temperature": 0.9627651275919106,
            "Precipitation_accumulated": 5.99152942687854,
            "Humidity": 2.601127497726162,
            "Wind_Speed_kmh": 0.3342635246288706,
            "Soil_Moisture": 152.25513025948172,
            "Soil_Temperature": 1.0827832739501781,
            "Wind_Dir_Sin": 0.21316073446898784,
            "Wind_Dir_Cos": 0.20706750958498066
        },
        "MAE": {
            "Temperature": 0.6839960128068255,
            "Precipitation_accumulated": 5.024125807760864,
            "Humidity": 1.8798236891281628,
            "Wind_Speed_kmh": 0.17140645802796886,
            "Soil_Moisture": 70.00092748767213,
            "Soil_Temperature": 0.9458290456486844,
            "Wind_Dir_Sin": 0.09800456029197098,
            "Wind_Dir_Cos": 0.10419171941489469
        },
        "R2": {
            "Temperature": 0.727725631944613,
            "Precipitation_accumulated": -36.821912177486816,
            "Humidity": 0.8959556351148422,
            "Wind_Speed_kmh": 0.6716736523380977,
            "Soil_Moisture": 0.9686722171781075,
            "Soil_Temperature": 0.7910947651898876,
            "Wind_Dir_Sin": 0.7171100395991421,
            "Wind_Dir_Cos": 0.8506513265122272
        },
        "SMAPE": {
            "Temperature": 12.135870250558176,
            "Precipitation_accumulated": 1.0889585795727184,
            "Humidity": 2.23854807940294,
            "Wind_Speed_kmh": 168.13362110817755,
            "Soil_Moisture": 1.1120659152872783,
            "Soil_Temperature": 23.599737111931987,
            "Wind_Dir_Sin": 140.8802461323571,
            "Wind_Dir_Cos": 26.48651023305318
        }
    }
}