{
    "trial_number": 49,
    "input_chunk_length": 45,
    "output_chunk_length": 30,
    "num_layers": 2,
    "num_blocks": 4,
    "num_stacks": 2,
    "layer_widths": 146,
    "activation": "ReLU",
    "dropout": 0.18980770884810852,
    "batch_size": 37,
    "lr": 0.009918862223348503,
    "forecast_horizon": 11,
    "overall_smape_val": 55.74250564071785,
    "metrics": {
        "MSE": {
            "Temperature": 2.855202030620599,
            "Precipitation_accumulated": 425.28548859641324,
            "Humidity": 27.592874202823552,
            "Wind_Speed_kmh": 0.3019575542117896,
            "Soil_Moisture": 249495.18268166945,
            "Soil_Temperature": 2.554670912647425,
            "Wind_Dir_Sin": 0.1479934330337321,
            "Wind_Dir_Cos": 0.14575997564470405
        },
        "RMSE": {
            "Temperature": 1.6897343077006513,
            "Precipitation_accumulated": 20.62245108119821,
            "Humidity": 5.2528919846902955,
            "Wind_Speed_kmh": 0.5495066461943746,
            "Soil_Moisture": 499.4949275835236,
            "Soil_Temperature": 1.5983337926251278,
            "Wind_Dir_Sin": 0.3846991461307552,
            "Wind_Dir_Cos": 0.38178524807109043
        },
        "MAE": {
            "Temperature": 1.3148693888795928,
            "Precipitation_accumulated": 17.859720438287827,
            "Humidity": 4.527970211304614,
            "Wind_Speed_kmh": 0.40746329060685627,
            "Soil_Moisture": 354.59431621591494,
            "Soil_Temperature": 1.1675094322159096,
            "Wind_Dir_Sin": 0.2583125069947526,
            "Wind_Dir_Cos": 0.24691908973352814
        },
        "R2": {
            "Temperature": 0.15868003308635004,
            "Precipitation_accumulated": -446.42471764586367,
            "Humidity": 0.5761312343231881,
            "Wind_Speed_kmh": 0.11826023848783951,
            "Soil_Moisture": 0.6648356776071178,
            "Soil_Temperature": 0.5435275137816904,
            "Wind_Dir_Sin": 0.0840810526882787,
            "Wind_Dir_Cos": 0.49485098397442984
        },
        "SMAPE": {
            "Temperature": 21.03987587737919,
            "Precipitation_accumulated": 3.8025033546941773,
            "Humidity": 5.413970098821401,
            "Wind_Speed_kmh": 176.37209322059348,
            "Soil_Moisture": 5.696454106692322,
            "Soil_Temperature": 23.661920282818212,
            "Wind_Dir_Sin": 163.16313521309968,
            "Wind_Dir_Cos": 46.79009297164449
        }
    }
}