{
    "trial_number": 28,
    "input_chunk_length": 61,
    "output_chunk_length": 2,
    "num_layers": 2,
    "num_blocks": 4,
    "num_stacks": 3,
    "layer_widths": 254,
    "activation": "GELU",
    "dropout": 0.27322389829197846,
    "batch_size": 64,
    "lr": 0.00018646832458683673,
    "loss_function": "huber",
    "optimizer": "Adam",
    "overall_mae_val": 0.1453750382452951,
    "metrics": {
        "MSE": {
            "Temperature": 9.544231697471336,
            "Precipitation_accumulated": 3401.1775158073656,
            "Humidity": 80.53968095341718,
            "Wind_Speed_kmh": 1.2945248767620432,
            "Soil_Moisture": 461809.9743266277,
            "Soil_Temperature": 5.417504173210744,
            "Wind_Dir_Sin": 0.574610457320521,
            "Wind_Dir_Cos": 0.35878273325554244
        },
        "RMSE": {
            "Temperature": 3.089373997668676,
            "Precipitation_accumulated": 58.31961518912282,
            "Humidity": 8.974390283100973,
            "Wind_Speed_kmh": 1.1377718913569816,
            "Soil_Moisture": 679.5660191082451,
            "Soil_Temperature": 2.327553258941832,
            "Wind_Dir_Sin": 0.758030644051097,
            "Wind_Dir_Cos": 0.5989847521060468
        },
        "MAE": {
            "Temperature": 2.478560832268044,
            "Precipitation_accumulated": 55.627802852888806,
            "Humidity": 7.49428348071016,
            "Wind_Speed_kmh": 0.9133145213214735,
            "Soil_Moisture": 654.6160077744978,
            "Soil_Temperature": 1.91930693846003,
            "Wind_Dir_Sin": 0.6443818582538802,
            "Wind_Dir_Cos": 0.5242774274430234
        },
        "R2": {
            "Temperature": 0.687415237286063,
            "Precipitation_accumulated": -1044.792731646455,
            "Humidity": 0.45187205501349204,
            "Wind_Speed_kmh": 0.039853196175278605,
            "Soil_Moisture": -8.299446503818343,
            "Soil_Temperature": 0.6626159457584946,
            "Wind_Dir_Sin": -0.04682709496637716,
            "Wind_Dir_Cos": 0.025022909053752818
        },
        "SMAPE": {
            "Temperature": 37.908075265236086,
            "Precipitation_accumulated": 12.812136388327897,
            "Humidity": 8.860938374355987,
            "Wind_Speed_kmh": 73.79780143119402,
            "Soil_Moisture": 7.934974948140459,
            "Soil_Temperature": 31.285870374456486,
            "Wind_Dir_Sin": 122.94917805708407,
            "Wind_Dir_Cos": 147.0196010709193
        }
    }
}