{
    "trial_number": 116,
    "input_chunk_length": 21,
    "output_chunk_length": 17,
    "num_layers": 1,
    "num_blocks": 4,
    "num_stacks": 2,
    "layer_widths": 80,
    "activation": "GELU",
    "dropout": 0.27589398313141433,
    "batch_size": 16,
    "lr": 0.00031069679561209537,
    "forecast_horizon": 9,
    "overall_smape_val": 50.796207370252944,
    "metrics": {
        "MSE": {
            "Temperature": 1.0037575712952873,
            "Precipitation_accumulated": 38.13524882123513,
            "Humidity": 16.223351810110493,
            "Wind_Speed_kmh": 0.18978454859419872,
            "Soil_Moisture": 92215.61392199104,
            "Soil_Temperature": 0.9596203144396669,
            "Wind_Dir_Sin": 0.09090214584851528,
            "Wind_Dir_Cos": 0.10929794879015228
        },
        "RMSE": {
            "Temperature": 1.001877024038024,
            "Precipitation_accumulated": 6.175374387131126,
            "Humidity": 4.027822216795386,
            "Wind_Speed_kmh": 0.43564268454112565,
            "Soil_Moisture": 303.67023878212206,
            "Soil_Temperature": 0.979602120475281,
            "Wind_Dir_Sin": 0.30149982727775365,
            "Wind_Dir_Cos": 0.3306024028801852
        },
        "MAE": {
            "Temperature": 0.7184234709948812,
            "Precipitation_accumulated": 4.690725347381617,
            "Humidity": 3.113541144059867,
            "Wind_Speed_kmh": 0.19945182032736863,
            "Soil_Moisture": 110.40600744376444,
            "Soil_Temperature": 0.669411904680709,
            "Wind_Dir_Sin": 0.1729149297030959,
            "Wind_Dir_Cos": 0.20390414108713323
        },
        "R2": {
            "Temperature": 0.7043609676269336,
            "Precipitation_accumulated": -39.133185073200565,
            "Humidity": 0.7507178119121508,
            "Wind_Speed_kmh": 0.44503674031344864,
            "Soil_Moisture": 0.87595486139099,
            "Soil_Temperature": 0.828631315247843,
            "Wind_Dir_Sin": 0.4366669343314975,
            "Wind_Dir_Cos": 0.620788045135819
        },
        "SMAPE": {
            "Temperature": 12.682127315248383,
            "Precipitation_accumulated": 1.0182513404682656,
            "Humidity": 3.6837897317769253,
            "Wind_Speed_kmh": 166.3437295284678,
            "Soil_Moisture": 1.7253954235474565,
            "Soil_Temperature": 18.50084711307926,
            "Wind_Dir_Sin": 156.23701300188483,
            "Wind_Dir_Cos": 46.17850550755041
        }
    }
}