{
    "trial_number": 2,
    "input_chunk_length": 6,
    "num_layers": 3,
    "num_blocks": 3,
    "num_stacks": 1,
    "layer_widths": 83,
    "activation": "GELU",
    "dropout": 0.0960661522740283,
    "batch_size": 48,
    "lr": 0.00013456071742791708,
    "overall_smape_val": 50.28923938365183,
    "metrics": {
        "MSE": {
            "Temperature": 2.458677629474275,
            "Precipitation_accumulated": 151.66183922061208,
            "Humidity": 12.600709266755251,
            "Wind_Speed_kmh": 0.15388511062465898,
            "Soil_Moisture": 32669.254082886702,
            "Soil_Temperature": 1.640127874618106,
            "Wind_Dir_Sin": 0.08471631024591035,
            "Wind_Dir_Cos": 0.05677844969082139
        },
        "RMSE": {
            "Temperature": 1.568017101142164,
            "Precipitation_accumulated": 12.315106139234533,
            "Humidity": 3.5497477750898376,
            "Wind_Speed_kmh": 0.3922819274764758,
            "Soil_Moisture": 180.74638055265922,
            "Soil_Temperature": 1.2806747731637826,
            "Wind_Dir_Sin": 0.2910606642023452,
            "Wind_Dir_Cos": 0.238282289922733
        },
        "MAE": {
            "Temperature": 1.1649077628642606,
            "Precipitation_accumulated": 9.30221675117043,
            "Humidity": 2.8684511677020867,
            "Wind_Speed_kmh": 0.16230436679795404,
            "Soil_Moisture": 84.30103613122955,
            "Soil_Temperature": 0.9530724070448519,
            "Wind_Dir_Sin": 0.14640794137143548,
            "Wind_Dir_Cos": 0.11913979125798489
        },
        "R2": {
            "Temperature": 0.2777831013465457,
            "Precipitation_accumulated": -158.78809053452892,
            "Humidity": 0.806228333514768,
            "Wind_Speed_kmh": 0.5478064533952096,
            "Soil_Moisture": 0.9558505794769101,
            "Soil_Temperature": 0.707757108970082,
            "Wind_Dir_Sin": 0.47256353614900726,
            "Wind_Dir_Cos": 0.80222974239696
        },
        "SMAPE": {
            "Temperature": 19.607517237366014,
            "Precipitation_accumulated": 2.035243961461546,
            "Humidity": 3.4462350067492666,
            "Wind_Speed_kmh": 161.01561264066146,
            "Soil_Moisture": 1.319873936254247,
            "Soil_Temperature": 22.194712542403412,
            "Wind_Dir_Sin": 156.60366451634357,
            "Wind_Dir_Cos": 36.09105522797547
        }
    }
}