{
    "trial_number": 4,
    "input_chunk_length": 31,
    "output_chunk_length": 28,
    "num_layers": 5,
    "num_blocks": 4,
    "num_stacks": 1,
    "layer_widths": 161,
    "activation": "ReLU",
    "dropout": 0.030376914835189426,
    "batch_size": 56,
    "lr": 0.0024193289581757762,
    "forecast_horizon": 1,
    "overall_smape_val": 113.22694743871614,
    "metrics": {
        "MSE": {
            "Temperature": 194.2795961036707,
            "Precipitation_accumulated": 49022.20041197561,
            "Humidity": 673.6097425567928,
            "Wind_Speed_kmh": 12.741225677585113,
            "Soil_Moisture": 3422268.7277442524,
            "Soil_Temperature": 354.3078420506307,
            "Wind_Dir_Sin": 0.17247449241977394,
            "Wind_Dir_Cos": 0.7653796749674132
        },
        "RMSE": {
            "Temperature": 13.938421578631877,
            "Precipitation_accumulated": 221.40957615237787,
            "Humidity": 25.953992805670435,
            "Wind_Speed_kmh": 3.5694853519219145,
            "Soil_Moisture": 1849.9374929289509,
            "Soil_Temperature": 18.823066754666485,
            "Wind_Dir_Sin": 0.4153004844925827,
            "Wind_Dir_Cos": 0.8748598030355568
        },
        "MAE": {
            "Temperature": 13.823257709284976,
            "Precipitation_accumulated": 221.38040834879257,
            "Humidity": 24.604552228387906,
            "Wind_Speed_kmh": 3.522710140500825,
            "Soil_Moisture": 1795.227341093868,
            "Soil_Temperature": 18.702409768331776,
            "Wind_Dir_Sin": 0.23731342482183987,
            "Wind_Dir_Cos": 0.8291164322814172
        },
        "R2": {
            "Temperature": -56.06807825784013,
            "Precipitation_accumulated": -51647.877778913215,
            "Humidity": -9.35866153346534,
            "Wind_Speed_kmh": -36.440269587173425,
            "Soil_Moisture": -3.624873920318481,
            "Soil_Temperature": -62.13163118428034,
            "Wind_Dir_Sin": -0.07381136079131756,
            "Wind_Dir_Cos": -1.665964574705642
        },
        "SMAPE": {
            "Temperature": 104.30535994141687,
            "Precipitation_accumulated": 63.47148867130113,
            "Humidity": 33.904220862569126,
            "Wind_Speed_kmh": 187.50933040880807,
            "Soil_Moisture": 26.59163690174608,
            "Soil_Temperature": 118.06639742355942,
            "Wind_Dir_Sin": 185.33710584190015,
            "Wind_Dir_Cos": 186.630039458428
        }
    }
}