{
    "trial_number": 268,
    "input_chunk_length": 15,
    "output_chunk_length": 13,
    "num_layers": 1,
    "num_blocks": 4,
    "num_stacks": 2,
    "layer_widths": 124,
    "activation": "GELU",
    "dropout": 0.22694229781999184,
    "batch_size": 22,
    "lr": 0.0006121006111280064,
    "forecast_horizon": 1,
    "overall_smape_val": 50.436737787952055,
    "metrics": {
        "MSE": {
            "Temperature": 2.299101385008991,
            "Precipitation_accumulated": 64.02224455094142,
            "Humidity": 5.346763306322444,
            "Wind_Speed_kmh": 0.11830848776478295,
            "Soil_Moisture": 48023.52124466535,
            "Soil_Temperature": 1.8148877936639893,
            "Wind_Dir_Sin": 0.0547099201370966,
            "Wind_Dir_Cos": 0.0512813515092926
        },
        "RMSE": {
            "Temperature": 1.5162787952777652,
            "Precipitation_accumulated": 8.001390163649154,
            "Humidity": 2.3123069230364823,
            "Wind_Speed_kmh": 0.34396000896148227,
            "Soil_Moisture": 219.14269607875448,
            "Soil_Temperature": 1.3471777142099661,
            "Wind_Dir_Sin": 0.23390151803076567,
            "Wind_Dir_Cos": 0.22645386176723195
        },
        "MAE": {
            "Temperature": 1.3902056427066003,
            "Precipitation_accumulated": 6.988382075277096,
            "Humidity": 1.5963997611677354,
            "Wind_Speed_kmh": 0.2361060383454983,
            "Soil_Moisture": 157.7269989980229,
            "Soil_Temperature": 1.1875958757802687,
            "Wind_Dir_Sin": 0.12852038447277914,
            "Wind_Dir_Cos": 0.1316858243854171
        },
        "R2": {
            "Temperature": 0.32465734748394015,
            "Precipitation_accumulated": -66.45264504967997,
            "Humidity": 0.917778339755713,
            "Wind_Speed_kmh": 0.6523488565031195,
            "Soil_Moisture": 0.9351007332750547,
            "Soil_Temperature": 0.6766178638121304,
            "Wind_Dir_Sin": 0.6593807410766752,
            "Wind_Dir_Cos": 0.8213771923423201
        },
        "SMAPE": {
            "Temperature": 21.89343378566854,
            "Precipitation_accumulated": 1.5353444986786362,
            "Humidity": 1.8843916762193609,
            "Wind_Speed_kmh": 170.12349695769603,
            "Soil_Moisture": 2.607868513167932,
            "Soil_Temperature": 24.138380971893426,
            "Wind_Dir_Sin": 146.02093316066455,
            "Wind_Dir_Cos": 35.29005273962806
        }
    }
}