{
    "trial_number": 68,
    "input_chunk_length": 17,
    "output_chunk_length": 14,
    "num_layers": 1,
    "num_blocks": 4,
    "num_stacks": 3,
    "layer_widths": 109,
    "activation": "GELU",
    "dropout": 0.27795518300093447,
    "batch_size": 19,
    "lr": 0.0005200300075302527,
    "forecast_horizon": 7,
    "overall_smape_val": 51.657518656473286,
    "metrics": {
        "MSE": {
            "Temperature": 1.08321605253249,
            "Precipitation_accumulated": 136.71875417557916,
            "Humidity": 12.945069665403823,
            "Wind_Speed_kmh": 0.18732312080493874,
            "Soil_Moisture": 86404.5821055561,
            "Soil_Temperature": 1.5499871921590918,
            "Wind_Dir_Sin": 0.08971834439755036,
            "Wind_Dir_Cos": 0.09600632123635978
        },
        "RMSE": {
            "Temperature": 1.040776658333809,
            "Precipitation_accumulated": 11.692679512223842,
            "Humidity": 3.5979257448429673,
            "Wind_Speed_kmh": 0.43280841119938823,
            "Soil_Moisture": 293.94656335047716,
            "Soil_Temperature": 1.2449848160355579,
            "Wind_Dir_Sin": 0.2995302061521515,
            "Wind_Dir_Cos": 0.30984886837998904
        },
        "MAE": {
            "Temperature": 0.7674925207713609,
            "Precipitation_accumulated": 9.46319529741232,
            "Humidity": 2.6928051453738684,
            "Wind_Speed_kmh": 0.23296025774212406,
            "Soil_Moisture": 127.50333858204542,
            "Soil_Temperature": 0.9427988962786861,
            "Wind_Dir_Sin": 0.1749678875546724,
            "Wind_Dir_Cos": 0.15994863375931623
        },
        "R2": {
            "Temperature": 0.6811679373538775,
            "Precipitation_accumulated": -142.92756030093165,
            "Humidity": 0.8010256891956484,
            "Wind_Speed_kmh": 0.45146697644362266,
            "Soil_Moisture": 0.883616336566585,
            "Soil_Temperature": 0.7233706317300231,
            "Wind_Dir_Sin": 0.44326550077939064,
            "Wind_Dir_Cos": 0.6665289000129468
        },
        "SMAPE": {
            "Temperature": 13.356624983325435,
            "Precipitation_accumulated": 2.0905701386296807,
            "Humidity": 3.2271984880248894,
            "Wind_Speed_kmh": 173.26894784522227,
            "Soil_Moisture": 2.0302435614347774,
            "Soil_Temperature": 21.614341197052443,
            "Wind_Dir_Sin": 154.23413501996166,
            "Wind_Dir_Cos": 43.438088018134636
        }
    }
}