{
    "trial_number": 6,
    "input_chunk_length": 51,
    "output_chunk_length": 44,
    "num_layers": 2,
    "num_blocks": 3,
    "num_stacks": 4,
    "layer_widths": 163,
    "activation": "GELU",
    "dropout": 0.15463762283946922,
    "batch_size": 45,
    "lr": 1.2080094919257038e-05,
    "forecast_horizon": 2,
    "overall_smape_val": 53.848551954403604,
    "metrics": {
        "MSE": {
            "Temperature": 1.9785317281180648,
            "Precipitation_accumulated": 182.7808298300624,
            "Humidity": 19.194708185515136,
            "Wind_Speed_kmh": 0.2574768312341572,
            "Soil_Moisture": 131814.4350692912,
            "Soil_Temperature": 1.3715249856092604,
            "Wind_Dir_Sin": 0.12855337524705987,
            "Wind_Dir_Cos": 0.12584557897616752
        },
        "RMSE": {
            "Temperature": 1.4066029034941114,
            "Precipitation_accumulated": 13.51964606896432,
            "Humidity": 4.381176575477772,
            "Wind_Speed_kmh": 0.5074217488777528,
            "Soil_Moisture": 363.06257734623546,
            "Soil_Temperature": 1.171121251454887,
            "Wind_Dir_Sin": 0.3585434077584747,
            "Wind_Dir_Cos": 0.35474720432466766
        },
        "MAE": {
            "Temperature": 1.062656466252763,
            "Precipitation_accumulated": 8.832630937548236,
            "Humidity": 3.504821355625487,
            "Wind_Speed_kmh": 0.3079815763131692,
            "Soil_Moisture": 181.51351588072214,
            "Soil_Temperature": 0.8175319650855034,
            "Wind_Dir_Sin": 0.2034545001036014,
            "Wind_Dir_Cos": 0.22667924317715551
        },
        "R2": {
            "Temperature": 0.4188221215180504,
            "Precipitation_accumulated": -191.57447974357004,
            "Humidity": 0.704826886005699,
            "Wind_Speed_kmh": 0.24340073570652732,
            "Soil_Moisture": 0.8218652035910383,
            "Soil_Temperature": 0.7556175752408665,
            "Wind_Dir_Sin": 0.19963773847560595,
            "Wind_Dir_Cos": 0.5616556509054569
        },
        "SMAPE": {
            "Temperature": 17.754749234998375,
            "Precipitation_accumulated": 1.9323770285257742,
            "Humidity": 4.157008904178177,
            "Wind_Speed_kmh": 176.0986677327383,
            "Soil_Moisture": 2.822183032755755,
            "Soil_Temperature": 20.081283959987054,
            "Wind_Dir_Sin": 156.75345165967738,
            "Wind_Dir_Cos": 51.188694082367896
        }
    }
}