{
    "trial_number": 328,
    "input_chunk_length": 16,
    "output_chunk_length": 14,
    "num_layers": 1,
    "num_blocks": 3,
    "num_stacks": 2,
    "layer_widths": 110,
    "activation": "GELU",
    "dropout": 0.24769853892134525,
    "batch_size": 22,
    "lr": 0.0006886951847683612,
    "forecast_horizon": 2,
    "overall_smape_val": 49.13185213496921,
    "metrics": {
        "MSE": {
            "Temperature": 1.1748969207442992,
            "Precipitation_accumulated": 88.17954564569223,
            "Humidity": 8.908101013189656,
            "Wind_Speed_kmh": 0.13409410258168772,
            "Soil_Moisture": 47090.1289338475,
            "Soil_Temperature": 0.5506505582507752,
            "Wind_Dir_Sin": 0.07489481177771641,
            "Wind_Dir_Cos": 0.06453637961005608
        },
        "RMSE": {
            "Temperature": 1.0839266214759646,
            "Precipitation_accumulated": 9.390396458387272,
            "Humidity": 2.984644202110137,
            "Wind_Speed_kmh": 0.36618861612792897,
            "Soil_Moisture": 217.00260121447278,
            "Soil_Temperature": 0.7420583253698966,
            "Wind_Dir_Sin": 0.27366916482811215,
            "Wind_Dir_Cos": 0.2540401141750178
        },
        "MAE": {
            "Temperature": 0.8051152846180497,
            "Precipitation_accumulated": 7.627313396816992,
            "Humidity": 2.317300022967297,
            "Wind_Speed_kmh": 0.2130240588604173,
            "Soil_Moisture": 86.54340198771412,
            "Soil_Temperature": 0.5854052683079081,
            "Wind_Dir_Sin": 0.15909410580554303,
            "Wind_Dir_Cos": 0.13062259346515204
        },
        "R2": {
            "Temperature": 0.6548834218177364,
            "Precipitation_accumulated": -91.90432778170177,
            "Humidity": 0.8630126652395153,
            "Wind_Speed_kmh": 0.6059626069145938,
            "Soil_Moisture": 0.936362125088249,
            "Soil_Temperature": 0.9018834362973589,
            "Wind_Dir_Sin": 0.5337113411790573,
            "Wind_Dir_Cos": 0.775207380797654
        },
        "SMAPE": {
            "Temperature": 13.6202533666458,
            "Precipitation_accumulated": 1.680031414009317,
            "Humidity": 2.7616351366168335,
            "Wind_Speed_kmh": 164.68929340504397,
            "Soil_Moisture": 1.3522544536477945,
            "Soil_Temperature": 16.115487193204334,
            "Wind_Dir_Sin": 155.14047882736457,
            "Wind_Dir_Cos": 37.69538328322096
        }
    }
}