{
    "trial_number": 299,
    "input_chunk_length": 16,
    "output_chunk_length": 14,
    "num_layers": 1,
    "num_blocks": 3,
    "num_stacks": 2,
    "layer_widths": 123,
    "activation": "GELU",
    "dropout": 0.23950520009142479,
    "batch_size": 22,
    "lr": 0.0005193941513160384,
    "forecast_horizon": 2,
    "overall_smape_val": 48.74838525082694,
    "metrics": {
        "MSE": {
            "Temperature": 0.975361671327761,
            "Precipitation_accumulated": 28.599135827173335,
            "Humidity": 9.882861249536269,
            "Wind_Speed_kmh": 0.127638453662991,
            "Soil_Moisture": 55268.481065096545,
            "Soil_Temperature": 0.48896039154856463,
            "Wind_Dir_Sin": 0.06911485125218336,
            "Wind_Dir_Cos": 0.06059205218524819
        },
        "RMSE": {
            "Temperature": 0.9876040053218501,
            "Precipitation_accumulated": 5.347815986659725,
            "Humidity": 3.1437018385235374,
            "Wind_Speed_kmh": 0.35726524273009125,
            "Soil_Moisture": 235.0924947017589,
            "Soil_Temperature": 0.6992570282439531,
            "Wind_Dir_Sin": 0.2628970354571983,
            "Wind_Dir_Cos": 0.24615452907726112
        },
        "MAE": {
            "Temperature": 0.6497428749142793,
            "Precipitation_accumulated": 4.246591757996093,
            "Humidity": 2.373845356145546,
            "Wind_Speed_kmh": 0.2050125922267713,
            "Soil_Moisture": 158.04429553759863,
            "Soil_Temperature": 0.563547588932116,
            "Wind_Dir_Sin": 0.1422322009244359,
            "Wind_Dir_Cos": 0.12435038529935465
        },
        "R2": {
            "Temperature": 0.7134953062218214,
            "Precipitation_accumulated": -29.13151711891273,
            "Humidity": 0.8480229601822967,
            "Wind_Speed_kmh": 0.6249326214165236,
            "Soil_Moisture": 0.9253098523148231,
            "Soil_Temperature": 0.912875574742277,
            "Wind_Dir_Sin": 0.5696968784615034,
            "Wind_Dir_Cos": 0.7889462316314255
        },
        "SMAPE": {
            "Temperature": 11.480525788565627,
            "Precipitation_accumulated": 0.9283317661817307,
            "Humidity": 2.8387827233434098,
            "Wind_Speed_kmh": 169.5632164099263,
            "Soil_Moisture": 2.573098733465906,
            "Soil_Temperature": 16.368254143926393,
            "Wind_Dir_Sin": 150.06241254395687,
            "Wind_Dir_Cos": 36.17245989724907
        }
    }
}