{
    "trial_number": 14,
    "input_chunk_length": 40,
    "output_chunk_length": 11,
    "num_layers": 2,
    "num_blocks": 3,
    "num_stacks": 4,
    "layer_widths": 178,
    "activation": "GELU",
    "dropout": 0.17882614735322236,
    "batch_size": 121,
    "lr": 0.000933717216523603,
    "loss_function": "mse",
    "optimizer": "Adam",
    "overall_mae_val": 0.13506264897140663,
    "metrics": {
        "MSE": {
            "Temperature": 11.196731278909114,
            "Precipitation_accumulated": 1942.0222347923573,
            "Humidity": 89.25773689742206,
            "Wind_Speed_kmh": 1.367280593886608,
            "Soil_Moisture": 138769.3154604026,
            "Soil_Temperature": 7.732366658594999,
            "Wind_Dir_Sin": 0.6186329630767406,
            "Wind_Dir_Cos": 0.3727636236650719
        },
        "RMSE": {
            "Temperature": 3.3461517118787536,
            "Precipitation_accumulated": 44.068381349810856,
            "Humidity": 9.44763128500589,
            "Wind_Speed_kmh": 1.1693077413096211,
            "Soil_Moisture": 372.5175371179223,
            "Soil_Temperature": 2.7807133362853134,
            "Wind_Dir_Sin": 0.7865322390574595,
            "Wind_Dir_Cos": 0.6105437115105452
        },
        "MAE": {
            "Temperature": 2.6538334505517014,
            "Precipitation_accumulated": 37.134874777168804,
            "Humidity": 8.028918705020702,
            "Wind_Speed_kmh": 0.9488229166761853,
            "Soil_Moisture": 304.20340489344443,
            "Soil_Temperature": 2.275953558689356,
            "Wind_Dir_Sin": 0.6723723227872093,
            "Wind_Dir_Cos": 0.5211526303606999
        },
        "R2": {
            "Temperature": 0.6325474721534551,
            "Precipitation_accumulated": -584.0259235972303,
            "Humidity": 0.3911756259983509,
            "Wind_Speed_kmh": -0.016207421993022164,
            "Soil_Moisture": -1.6359705609012303,
            "Soil_Temperature": 0.5191996798343295,
            "Wind_Dir_Sin": -0.12323732072226634,
            "Wind_Dir_Cos": -0.016092709179831743
        },
        "SMAPE": {
            "Temperature": 39.43867731166735,
            "Precipitation_accumulated": 8.460328442258072,
            "Humidity": 9.45909711302892,
            "Wind_Speed_kmh": 75.1731570168936,
            "Soil_Moisture": 3.6334541366452573,
            "Soil_Temperature": 38.28000254900725,
            "Wind_Dir_Sin": 130.05633735549,
            "Wind_Dir_Cos": 126.3849948954419
        }
    }
}