{
    "trial_number": 3,
    "input_chunk_length": 20,
    "num_layers": 6,
    "num_blocks": 3,
    "num_stacks": 1,
    "layer_widths": 231,
    "activation": "ReLU",
    "dropout": 0.16811612700049747,
    "batch_size": 18,
    "lr": 5.658091973568193e-05,
    "overall_smape_val": 49.82994126968249,
    "metrics": {
        "MSE": {
            "Temperature": 1.6600145823046448,
            "Precipitation_accumulated": 327.57237649049296,
            "Humidity": 15.992301851991046,
            "Wind_Speed_kmh": 0.21606906328524528,
            "Soil_Moisture": 57700.28924587546,
            "Soil_Temperature": 0.7961591662207345,
            "Wind_Dir_Sin": 0.08390393072636547,
            "Wind_Dir_Cos": 0.0590265644492838
        },
        "RMSE": {
            "Temperature": 1.2884155316917927,
            "Precipitation_accumulated": 18.098960646691648,
            "Humidity": 3.9990376157259444,
            "Wind_Speed_kmh": 0.46483229587158126,
            "Soil_Moisture": 240.2088450616993,
            "Soil_Temperature": 0.892277516370739,
            "Wind_Dir_Sin": 0.2896617522669596,
            "Wind_Dir_Cos": 0.2429538319296154
        },
        "MAE": {
            "Temperature": 0.9011804197305171,
            "Precipitation_accumulated": 16.471118587854118,
            "Humidity": 3.3416019055764172,
            "Wind_Speed_kmh": 0.1494747501689818,
            "Soil_Moisture": 128.13605408877183,
            "Soil_Temperature": 0.6383966040772098,
            "Wind_Dir_Sin": 0.14063546621964249,
            "Wind_Dir_Cos": 0.12949301443141026
        },
        "R2": {
            "Temperature": 0.5123839868311968,
            "Precipitation_accumulated": -344.1241579309554,
            "Humidity": 0.7540729719896839,
            "Wind_Speed_kmh": 0.3650780400915964,
            "Soil_Moisture": 0.9220234925549,
            "Soil_Temperature": 0.8581379781070468,
            "Wind_Dir_Sin": 0.4776213411909166,
            "Wind_Dir_Cos": 0.7943991264269332
        },
        "SMAPE": {
            "Temperature": 15.801988750031105,
            "Precipitation_accumulated": 3.663236497765808,
            "Humidity": 3.9766252581113197,
            "Wind_Speed_kmh": 166.10084378954244,
            "Soil_Moisture": 1.9953361910018943,
            "Soil_Temperature": 17.41868949800458,
            "Wind_Dir_Sin": 157.55944565391488,
            "Wind_Dir_Cos": 32.12336451908788
        }
    }
}