{
    "trial_number": 47,
    "input_chunk_length": 52,
    "output_chunk_length": 45,
    "num_layers": 1,
    "num_blocks": 4,
    "num_stacks": 5,
    "layer_widths": 191,
    "activation": "ReLU",
    "dropout": 0.1664798552508094,
    "batch_size": 32,
    "lr": 0.002635431147380802,
    "forecast_horizon": 17,
    "overall_smape_val": 61.758662438256394,
    "metrics": {
        "MSE": {
            "Temperature": 3.364313359972516,
            "Precipitation_accumulated": 539.3007671081378,
            "Humidity": 28.3311040536541,
            "Wind_Speed_kmh": 0.2678470802218413,
            "Soil_Moisture": 235987.77927646384,
            "Soil_Temperature": 6.055138486791667,
            "Wind_Dir_Sin": 0.12972330877547786,
            "Wind_Dir_Cos": 0.1543089229475933
        },
        "RMSE": {
            "Temperature": 1.834206466015349,
            "Precipitation_accumulated": 23.22285010734337,
            "Humidity": 5.322697065741587,
            "Wind_Speed_kmh": 0.5175394479861813,
            "Soil_Moisture": 485.7857339161617,
            "Soil_Temperature": 2.460719099529986,
            "Wind_Dir_Sin": 0.36017122147039715,
            "Wind_Dir_Cos": 0.39282174449436136
        },
        "MAE": {
            "Temperature": 1.4333953729097513,
            "Precipitation_accumulated": 20.316879007011412,
            "Humidity": 4.232540068477918,
            "Wind_Speed_kmh": 0.31004734710840665,
            "Soil_Moisture": 268.8894934823129,
            "Soil_Temperature": 2.2003553645916263,
            "Wind_Dir_Sin": 0.2269517665955453,
            "Wind_Dir_Cos": 0.33022331259504867
        },
        "R2": {
            "Temperature": 0.005784595194601727,
            "Precipitation_accumulated": -565.8456438732326,
            "Humidity": 0.5649553679108532,
            "Wind_Speed_kmh": 0.22115720743819278,
            "Soil_Moisture": 0.6842523603736481,
            "Soil_Temperature": -0.08382276147469225,
            "Wind_Dir_Sin": 0.2003523562418339,
            "Wind_Dir_Cos": 0.46702922904710564
        },
        "SMAPE": {
            "Temperature": 25.800104205191705,
            "Precipitation_accumulated": 4.501558867864322,
            "Humidity": 5.028007973788369,
            "Wind_Speed_kmh": 176.14224326123943,
            "Soil_Moisture": 4.178122893934738,
            "Soil_Temperature": 50.79782431960196,
            "Wind_Dir_Sin": 164.87872649606413,
            "Wind_Dir_Cos": 62.74271148836667
        }
    }
}