{
    "trial_number": 105,
    "input_chunk_length": 18,
    "output_chunk_length": 15,
    "num_layers": 1,
    "num_blocks": 4,
    "num_stacks": 2,
    "layer_widths": 110,
    "activation": "GELU",
    "dropout": 0.26495877972176624,
    "batch_size": 45,
    "lr": 0.0019262025538825287,
    "forecast_horizon": 7,
    "overall_smape_val": 51.50894955779428,
    "metrics": {
        "MSE": {
            "Temperature": 1.4007116241980992,
            "Precipitation_accumulated": 144.21373750379485,
            "Humidity": 12.17615514881247,
            "Wind_Speed_kmh": 0.17404646139730623,
            "Soil_Moisture": 82027.79002110173,
            "Soil_Temperature": 1.0141058663042448,
            "Wind_Dir_Sin": 0.09481516619331817,
            "Wind_Dir_Cos": 0.09131320747005839
        },
        "RMSE": {
            "Temperature": 1.1835166345253028,
            "Precipitation_accumulated": 12.008902427107769,
            "Humidity": 3.4894347893050632,
            "Wind_Speed_kmh": 0.417188759912472,
            "Soil_Moisture": 286.4049406366827,
            "Soil_Temperature": 1.0070282351077575,
            "Wind_Dir_Sin": 0.3079207141348535,
            "Wind_Dir_Cos": 0.30218075297751573
        },
        "MAE": {
            "Temperature": 0.9131771554962244,
            "Precipitation_accumulated": 8.931826877795457,
            "Humidity": 2.453962692209236,
            "Wind_Speed_kmh": 0.21831874388231198,
            "Soil_Moisture": 119.25004584523124,
            "Soil_Temperature": 0.7724868913034074,
            "Wind_Dir_Sin": 0.17943844779949075,
            "Wind_Dir_Cos": 0.16261770553174748
        },
        "R2": {
            "Temperature": 0.5877168037979338,
            "Precipitation_accumulated": -150.81773360912965,
            "Humidity": 0.8128444155494439,
            "Wind_Speed_kmh": 0.49034464459426386,
            "Soil_Moisture": 0.8895117079052588,
            "Soil_Temperature": 0.8190104624259199,
            "Wind_Dir_Sin": 0.41163789385978544,
            "Wind_Dir_Cos": 0.6828300954952731
        },
        "SMAPE": {
            "Temperature": 16.306936108157277,
            "Precipitation_accumulated": 1.9688294889498845,
            "Humidity": 2.93084826447755,
            "Wind_Speed_kmh": 168.72329621701067,
            "Soil_Moisture": 1.884197406769707,
            "Soil_Temperature": 20.3052733300575,
            "Wind_Dir_Sin": 157.3924933624369,
            "Wind_Dir_Cos": 42.559722284494576
        }
    }
}