{
    "trial_number": 189,
    "input_chunk_length": 21,
    "output_chunk_length": 18,
    "num_layers": 1,
    "num_blocks": 4,
    "num_stacks": 2,
    "layer_widths": 90,
    "activation": "GELU",
    "dropout": 0.24421223308032833,
    "batch_size": 34,
    "lr": 0.0009280343022959387,
    "forecast_horizon": 9,
    "overall_smape_val": 51.61974831303124,
    "metrics": {
        "MSE": {
            "Temperature": 1.2427260430993372,
            "Precipitation_accumulated": 70.99866340117842,
            "Humidity": 12.903809690892997,
            "Wind_Speed_kmh": 0.19022481939922944,
            "Soil_Moisture": 98027.39038334353,
            "Soil_Temperature": 1.2226719268153872,
            "Wind_Dir_Sin": 0.09340046801444492,
            "Wind_Dir_Cos": 0.10437526989823384
        },
        "RMSE": {
            "Temperature": 1.114776230056659,
            "Precipitation_accumulated": 8.426070460254794,
            "Humidity": 3.5921873128907125,
            "Wind_Speed_kmh": 0.43614770365007016,
            "Soil_Moisture": 313.09326147865835,
            "Soil_Temperature": 1.1057449646348778,
            "Wind_Dir_Sin": 0.3056149014927854,
            "Wind_Dir_Cos": 0.3230716172897796
        },
        "MAE": {
            "Temperature": 0.8651448673039552,
            "Precipitation_accumulated": 6.472819516386702,
            "Humidity": 2.3454467423662897,
            "Wind_Speed_kmh": 0.223274616677526,
            "Soil_Moisture": 118.48589740784148,
            "Soil_Temperature": 0.7952898580372991,
            "Wind_Dir_Sin": 0.21231033800015955,
            "Wind_Dir_Cos": 0.19628263739531593
        },
        "R2": {
            "Temperature": 0.633977032509361,
            "Precipitation_accumulated": -73.71834028371966,
            "Humidity": 0.8017247020180911,
            "Wind_Speed_kmh": 0.44374931136881346,
            "Soil_Moisture": 0.8681370680038212,
            "Soil_Temperature": 0.7816556435613974,
            "Wind_Dir_Sin": 0.4211844892074179,
            "Wind_Dir_Cos": 0.6378674021268371
        },
        "SMAPE": {
            "Temperature": 14.31881753531769,
            "Precipitation_accumulated": 1.4046553092292613,
            "Humidity": 2.806569200662146,
            "Wind_Speed_kmh": 169.0191579622434,
            "Soil_Moisture": 1.8266994111430341,
            "Soil_Temperature": 21.584673918736808,
            "Wind_Dir_Sin": 155.0519244172201,
            "Wind_Dir_Cos": 46.94548874969782
        }
    }
}