{
    "trial_number": 1,
    "input_chunk_length": 39,
    "output_chunk_length": 36,
    "num_layers": 3,
    "num_blocks": 1,
    "num_stacks": 1,
    "layer_widths": 195,
    "activation": "GELU",
    "dropout": 0.0055148882223194804,
    "batch_size": 60,
    "lr": 3.05387018401505e-05,
    "forecast_horizon": 19,
    "overall_smape_val": 113.72095466314819,
    "metrics": {
        "MSE": {
            "Temperature": 145.2707751366918,
            "Precipitation_accumulated": 59916.928886975846,
            "Humidity": 893.8412543235028,
            "Wind_Speed_kmh": 10.152992396304475,
            "Soil_Moisture": 2689729.9072339237,
            "Soil_Temperature": 268.9117272699256,
            "Wind_Dir_Sin": 0.20638338500135783,
            "Wind_Dir_Cos": 0.9207704866012473
        },
        "RMSE": {
            "Temperature": 12.052832660279151,
            "Precipitation_accumulated": 244.77934734567754,
            "Humidity": 29.897178032775983,
            "Wind_Speed_kmh": 3.1863760600884,
            "Soil_Moisture": 1640.0396053857735,
            "Soil_Temperature": 16.398528204382416,
            "Wind_Dir_Sin": 0.45429438143274214,
            "Wind_Dir_Cos": 0.9595678645105031
        },
        "MAE": {
            "Temperature": 11.91182847302633,
            "Precipitation_accumulated": 244.77740334715818,
            "Humidity": 28.787531598398047,
            "Wind_Speed_kmh": 3.1419511637583786,
            "Soil_Moisture": 1607.0602550187305,
            "Soil_Temperature": 16.227420204095772,
            "Wind_Dir_Sin": 0.2811976616286752,
            "Wind_Dir_Cos": 0.9009489652322775
        },
        "R2": {
            "Temperature": -41.990743087207285,
            "Precipitation_accumulated": -62956.949019679705,
            "Humidity": -12.726215505871792,
            "Wind_Speed_kmh": -28.48116930920776,
            "Soil_Moisture": -2.5940717945217493,
            "Soil_Temperature": -47.169959522778846,
            "Wind_Dir_Sin": -0.2705036297309438,
            "Wind_Dir_Cos": -2.176678611117961
        },
        "SMAPE": {
            "Temperature": 97.24033094058187,
            "Precipitation_accumulated": 72.60798186529597,
            "Humidity": 41.022206389235386,
            "Wind_Speed_kmh": 186.689624614788,
            "Soil_Moisture": 24.151487376329932,
            "Soil_Temperature": 111.48146708961956,
            "Wind_Dir_Sin": 190.06340816572305,
            "Wind_Dir_Cos": 186.5111308636107
        }
    }
}