{
    "trial_number": 64,
    "input_chunk_length": 25,
    "output_chunk_length": 2,
    "num_layers": 1,
    "num_blocks": 3,
    "num_stacks": 2,
    "layer_widths": 192,
    "activation": "ReLU",
    "dropout": 0.14290443015166981,
    "batch_size": 69,
    "lr": 0.00010752291545568433,
    "loss_function": "huber",
    "optimizer": "RMSprop",
    "overall_mae_val": 0.11960765710089494,
    "metrics": {
        "MSE": {
            "Temperature": 6.687960927643524,
            "Precipitation_accumulated": 1365.5339975910833,
            "Humidity": 65.3898754098918,
            "Wind_Speed_kmh": 1.2133876260436174,
            "Soil_Moisture": 79210.31379195656,
            "Soil_Temperature": 7.971817582950549,
            "Wind_Dir_Sin": 0.5198337602503593,
            "Wind_Dir_Cos": 0.3489297063552563
        },
        "RMSE": {
            "Temperature": 2.586109225775958,
            "Precipitation_accumulated": 36.95313244626338,
            "Humidity": 8.0864006461399,
            "Wind_Speed_kmh": 1.1015387537638508,
            "Soil_Moisture": 281.44326922482367,
            "Soil_Temperature": 2.8234407348039996,
            "Wind_Dir_Sin": 0.7209949793517006,
            "Wind_Dir_Cos": 0.5907027224884411
        },
        "MAE": {
            "Temperature": 2.0831609361110606,
            "Precipitation_accumulated": 30.706257705458736,
            "Humidity": 6.506200986224891,
            "Wind_Speed_kmh": 0.8336361028479694,
            "Soil_Moisture": 221.2127812255989,
            "Soil_Temperature": 2.369525765760352,
            "Wind_Dir_Sin": 0.6076866482792168,
            "Wind_Dir_Cos": 0.4958245999662527
        },
        "R2": {
            "Temperature": 0.7807099127126372,
            "Precipitation_accumulated": -395.05833370464273,
            "Humidity": 0.5538490223285466,
            "Wind_Speed_kmh": 0.10157801218688067,
            "Soil_Moisture": -0.3706086547583227,
            "Soil_Temperature": 0.5066495467380612,
            "Wind_Dir_Sin": 0.0547574282477441,
            "Wind_Dir_Cos": 0.05098040815439231
        },
        "SMAPE": {
            "Temperature": 33.86325494913473,
            "Precipitation_accumulated": 6.928948130111733,
            "Humidity": 7.7681683223026035,
            "Wind_Speed_kmh": 75.05836934797857,
            "Soil_Moisture": 2.6316488206224817,
            "Soil_Temperature": 45.83935602577449,
            "Wind_Dir_Sin": 125.05645373396005,
            "Wind_Dir_Cos": 122.93596719479648
        }
    }
}