{
    "trial_number": 253,
    "input_chunk_length": 17,
    "output_chunk_length": 14,
    "num_layers": 1,
    "num_blocks": 4,
    "num_stacks": 2,
    "layer_widths": 88,
    "activation": "GELU",
    "dropout": 0.24137868238118979,
    "batch_size": 19,
    "lr": 0.0004408787301096236,
    "forecast_horizon": 6,
    "overall_smape_val": 50.61696971636672,
    "metrics": {
        "MSE": {
            "Temperature": 1.7193300902568776,
            "Precipitation_accumulated": 186.34341452166458,
            "Humidity": 9.993514955851403,
            "Wind_Speed_kmh": 0.16010365578811572,
            "Soil_Moisture": 73039.78724122253,
            "Soil_Temperature": 0.746609670069232,
            "Wind_Dir_Sin": 0.08812098756232774,
            "Wind_Dir_Cos": 0.0907130052304473
        },
        "RMSE": {
            "Temperature": 1.3112322792918414,
            "Precipitation_accumulated": 13.65076607819739,
            "Humidity": 3.1612521183625013,
            "Wind_Speed_kmh": 0.4001295487565443,
            "Soil_Moisture": 270.25874128549947,
            "Soil_Temperature": 0.8640657787861015,
            "Wind_Dir_Sin": 0.29685179393483163,
            "Wind_Dir_Cos": 0.3011859977330409
        },
        "MAE": {
            "Temperature": 1.051088410984709,
            "Precipitation_accumulated": 12.401702586463255,
            "Humidity": 2.092049511401267,
            "Wind_Speed_kmh": 0.1757360964451954,
            "Soil_Moisture": 116.03226190940156,
            "Soil_Temperature": 0.6062834523878,
            "Wind_Dir_Sin": 0.1701867002003306,
            "Wind_Dir_Cos": 0.16618467796072767
        },
        "R2": {
            "Temperature": 0.4941108666465158,
            "Precipitation_accumulated": -195.20035035965896,
            "Humidity": 0.8463683034943766,
            "Wind_Speed_kmh": 0.530845015942059,
            "Soil_Moisture": 0.9015529103634075,
            "Soil_Temperature": 0.8667912086991137,
            "Wind_Dir_Sin": 0.452815418294487,
            "Wind_Dir_Cos": 0.6847377627327751
        },
        "SMAPE": {
            "Temperature": 17.362475485588543,
            "Precipitation_accumulated": 2.659180547987775,
            "Humidity": 2.4540666144628327,
            "Wind_Speed_kmh": 162.3743431325509,
            "Soil_Moisture": 1.8554057282401963,
            "Soil_Temperature": 19.877247235564617,
            "Wind_Dir_Sin": 155.77649806325678,
            "Wind_Dir_Cos": 42.57654092328203
        }
    }
}