{
    "trial_number": 310,
    "input_chunk_length": 16,
    "output_chunk_length": 14,
    "num_layers": 1,
    "num_blocks": 3,
    "num_stacks": 5,
    "layer_widths": 121,
    "activation": "GELU",
    "dropout": 0.20984263502548348,
    "batch_size": 24,
    "lr": 0.0007785893018021512,
    "forecast_horizon": 1,
    "overall_smape_val": 50.94621910267051,
    "metrics": {
        "MSE": {
            "Temperature": 1.4955161685076053,
            "Precipitation_accumulated": 108.85447400058452,
            "Humidity": 9.616384910464879,
            "Wind_Speed_kmh": 0.1508920492254472,
            "Soil_Moisture": 32001.712137847433,
            "Soil_Temperature": 3.949678225682514,
            "Wind_Dir_Sin": 0.07396412974014939,
            "Wind_Dir_Cos": 0.05328755340141842
        },
        "RMSE": {
            "Temperature": 1.2229129848470843,
            "Precipitation_accumulated": 10.433334749761675,
            "Humidity": 3.10102965327081,
            "Wind_Speed_kmh": 0.38844825810582184,
            "Soil_Moisture": 178.89022370673987,
            "Soil_Temperature": 1.9873797386716294,
            "Wind_Dir_Sin": 0.2719634713342021,
            "Wind_Dir_Cos": 0.2308409699369209
        },
        "MAE": {
            "Temperature": 0.9056344157655298,
            "Precipitation_accumulated": 8.724842929639271,
            "Humidity": 2.27819951254346,
            "Wind_Speed_kmh": 0.2455917281378875,
            "Soil_Moisture": 85.42285323308559,
            "Soil_Temperature": 1.5910041167984112,
            "Wind_Dir_Sin": 0.1784822362857909,
            "Wind_Dir_Cos": 0.12516831592155717
        },
        "R2": {
            "Temperature": 0.560704080861301,
            "Precipitation_accumulated": -113.68704742128688,
            "Humidity": 0.8521207901700878,
            "Wind_Speed_kmh": 0.5566016061154533,
            "Soil_Moisture": 0.9567526995551209,
            "Soil_Temperature": 0.29623451855536664,
            "Wind_Dir_Sin": 0.539505687526757,
            "Wind_Dir_Cos": 0.8143892054006201
        },
        "SMAPE": {
            "Temperature": 15.819134034677464,
            "Precipitation_accumulated": 1.9236762672742962,
            "Humidity": 2.7427983238386946,
            "Wind_Speed_kmh": 165.49092524008867,
            "Soil_Moisture": 1.3652055622975117,
            "Soil_Temperature": 29.089870250124132,
            "Wind_Dir_Sin": 154.64006643662808,
            "Wind_Dir_Cos": 36.49807670643557
        }
    }
}