{
    "trial_number": 213,
    "input_chunk_length": 18,
    "output_chunk_length": 16,
    "num_layers": 1,
    "num_blocks": 4,
    "num_stacks": 2,
    "layer_widths": 129,
    "activation": "GELU",
    "dropout": 0.2896609657350873,
    "batch_size": 17,
    "lr": 0.0003779632364466214,
    "forecast_horizon": 6,
    "overall_smape_val": 51.91886051981466,
    "metrics": {
        "MSE": {
            "Temperature": 1.1028406730915061,
            "Precipitation_accumulated": 81.45789112923822,
            "Humidity": 13.314161440052297,
            "Wind_Speed_kmh": 0.17698227454079465,
            "Soil_Moisture": 88877.47011336526,
            "Soil_Temperature": 2.0027742800141395,
            "Wind_Dir_Sin": 0.09263054957542262,
            "Wind_Dir_Cos": 0.09773697000906016
        },
        "RMSE": {
            "Temperature": 1.0501622127516805,
            "Precipitation_accumulated": 9.02540254665897,
            "Humidity": 3.64885755272144,
            "Wind_Speed_kmh": 0.42069261289068843,
            "Soil_Moisture": 298.12324651621054,
            "Soil_Temperature": 1.4151940785680739,
            "Wind_Dir_Sin": 0.3043526730216487,
            "Wind_Dir_Cos": 0.31262912533713194
        },
        "MAE": {
            "Temperature": 0.7194478821386062,
            "Precipitation_accumulated": 6.628065860850269,
            "Humidity": 2.6453100310661664,
            "Wind_Speed_kmh": 0.21856898242580614,
            "Soil_Moisture": 144.99958500497306,
            "Soil_Temperature": 1.0104478863412374,
            "Wind_Dir_Sin": 0.17055229725317714,
            "Wind_Dir_Cos": 0.18703827174469165
        },
        "R2": {
            "Temperature": 0.6755043632989175,
            "Precipitation_accumulated": -84.76673782725706,
            "Humidity": 0.7953195428614113,
            "Wind_Speed_kmh": 0.48138525768199225,
            "Soil_Moisture": 0.8802060000801065,
            "Soil_Temperature": 0.6426685163822652,
            "Wind_Dir_Sin": 0.42481343066282207,
            "Wind_Dir_Cos": 0.6603268103564732
        },
        "SMAPE": {
            "Temperature": 12.377655564156873,
            "Precipitation_accumulated": 1.457801320460477,
            "Humidity": 3.165498538284128,
            "Wind_Speed_kmh": 172.21385733784436,
            "Soil_Moisture": 2.3284162786033016,
            "Soil_Temperature": 22.339199438931512,
            "Wind_Dir_Sin": 155.52429837731094,
            "Wind_Dir_Cos": 45.944157302925724
        }
    }
}