{
    "trial_number": 279,
    "input_chunk_length": 13,
    "output_chunk_length": 12,
    "num_layers": 1,
    "num_blocks": 3,
    "num_stacks": 2,
    "layer_widths": 124,
    "activation": "GELU",
    "dropout": 0.22281456653193413,
    "batch_size": 22,
    "lr": 0.0005709666440203983,
    "forecast_horizon": 1,
    "overall_smape_val": 50.01060577865847,
    "metrics": {
        "MSE": {
            "Temperature": 2.4707100044740757,
            "Precipitation_accumulated": 57.01475821153584,
            "Humidity": 6.053689133823296,
            "Wind_Speed_kmh": 0.11391115660544356,
            "Soil_Moisture": 34683.7911453425,
            "Soil_Temperature": 1.178623909549153,
            "Wind_Dir_Sin": 0.05410862961099957,
            "Wind_Dir_Cos": 0.051393183821358344
        },
        "RMSE": {
            "Temperature": 1.5718492308342031,
            "Precipitation_accumulated": 7.550811758449275,
            "Humidity": 2.4604245840552186,
            "Wind_Speed_kmh": 0.3375072689668232,
            "Soil_Moisture": 186.2358481746801,
            "Soil_Temperature": 1.0856444673783185,
            "Wind_Dir_Sin": 0.2326126170503216,
            "Wind_Dir_Cos": 0.22670064803912304
        },
        "MAE": {
            "Temperature": 1.3446047536652974,
            "Precipitation_accumulated": 6.139575044755314,
            "Humidity": 1.772463682910435,
            "Wind_Speed_kmh": 0.1820488898224226,
            "Soil_Moisture": 89.73207707064495,
            "Soil_Temperature": 0.9114414752530416,
            "Wind_Dir_Sin": 0.12407846490714042,
            "Wind_Dir_Cos": 0.13009813465541634
        },
        "R2": {
            "Temperature": 0.2742486873788026,
            "Precipitation_accumulated": -59.06968789068335,
            "Humidity": 0.9069073488633436,
            "Wind_Speed_kmh": 0.6652704755243868,
            "Soil_Moisture": 0.9531281223401767,
            "Soil_Temperature": 0.7899892660236442,
            "Wind_Dir_Sin": 0.6631243241943905,
            "Wind_Dir_Cos": 0.8209876588963381
        },
        "SMAPE": {
            "Temperature": 22.954923965476237,
            "Precipitation_accumulated": 1.3401169083822222,
            "Humidity": 2.145840184275586,
            "Wind_Speed_kmh": 168.254286543715,
            "Soil_Moisture": 1.4496523482415775,
            "Soil_Temperature": 24.468658024978048,
            "Wind_Dir_Sin": 146.28093567046474,
            "Wind_Dir_Cos": 33.19043258373438
        }
    }
}