{
    "trial_number": 40,
    "input_chunk_length": 51,
    "output_chunk_length": 3,
    "num_layers": 1,
    "num_blocks": 1,
    "num_stacks": 2,
    "layer_widths": 243,
    "activation": "ReLU",
    "dropout": 0.11936879691684535,
    "batch_size": 122,
    "lr": 0.0007713440158224191,
    "loss_function": "smoothl1",
    "optimizer": "AdamW",
    "overall_mae_val": 0.13999653496243697,
    "metrics": {
        "MSE": {
            "Temperature": 12.43795815350582,
            "Precipitation_accumulated": 1203.6084645818753,
            "Humidity": 112.49559707170101,
            "Wind_Speed_kmh": 1.339006548814052,
            "Soil_Moisture": 329719.31287185266,
            "Soil_Temperature": 16.053922665625542,
            "Wind_Dir_Sin": 0.5403458103857044,
            "Wind_Dir_Cos": 0.3858210763404727
        },
        "RMSE": {
            "Temperature": 3.526748949600158,
            "Precipitation_accumulated": 34.693060755457644,
            "Humidity": 10.6063941597369,
            "Wind_Speed_kmh": 1.15715450516085,
            "Soil_Moisture": 574.2119058952476,
            "Soil_Temperature": 4.00673466374123,
            "Wind_Dir_Sin": 0.7350821793416736,
            "Wind_Dir_Cos": 0.6211449720801681
        },
        "MAE": {
            "Temperature": 2.7425383737460476,
            "Precipitation_accumulated": 27.9773711512957,
            "Humidity": 8.580244574120725,
            "Wind_Speed_kmh": 0.9000501979539043,
            "Soil_Moisture": 508.73221934350386,
            "Soil_Temperature": 3.381522847781034,
            "Wind_Dir_Sin": 0.6497559554993436,
            "Wind_Dir_Cos": 0.5225070987105492
        },
        "R2": {
            "Temperature": 0.5912545307229509,
            "Precipitation_accumulated": -363.40450900581084,
            "Humidity": 0.23246044633425267,
            "Wind_Speed_kmh": 0.003722741521890227,
            "Soil_Moisture": -5.341776092901857,
            "Soil_Temperature": 0.00020099644727911148,
            "Wind_Dir_Sin": 0.02013441287588258,
            "Wind_Dir_Cos": -0.051814887604551885
        },
        "SMAPE": {
            "Temperature": 39.587033939634956,
            "Precipitation_accumulated": 6.251752984503661,
            "Humidity": 10.030426020728838,
            "Wind_Speed_kmh": 75.65378450086259,
            "Soil_Moisture": 6.108635592926854,
            "Soil_Temperature": 61.27943923594429,
            "Wind_Dir_Sin": 141.30040464900677,
            "Wind_Dir_Cos": 128.5635657125804
        }
    }
}