{
    "trial_number": 197,
    "input_chunk_length": 18,
    "output_chunk_length": 15,
    "num_layers": 1,
    "num_blocks": 4,
    "num_stacks": 2,
    "layer_widths": 155,
    "activation": "GELU",
    "dropout": 0.2799027761413724,
    "batch_size": 22,
    "lr": 0.00038319065277448827,
    "forecast_horizon": 8,
    "overall_smape_val": 51.82568820069079,
    "metrics": {
        "MSE": {
            "Temperature": 0.9854575416834093,
            "Precipitation_accumulated": 53.03566939582313,
            "Humidity": 12.075372035123786,
            "Wind_Speed_kmh": 0.17164165802808473,
            "Soil_Moisture": 90268.63587377705,
            "Soil_Temperature": 2.4957554320106508,
            "Wind_Dir_Sin": 0.09311273397924867,
            "Wind_Dir_Cos": 0.0992761924117255
        },
        "RMSE": {
            "Temperature": 0.9927021414721584,
            "Precipitation_accumulated": 7.282559261401388,
            "Humidity": 3.4749636019854635,
            "Wind_Speed_kmh": 0.4142965822066177,
            "Soil_Moisture": 300.4473928556829,
            "Soil_Temperature": 1.5797960096198025,
            "Wind_Dir_Sin": 0.3051437923000379,
            "Wind_Dir_Cos": 0.3150812473184107
        },
        "MAE": {
            "Temperature": 0.7034588894486883,
            "Precipitation_accumulated": 5.875538698370844,
            "Humidity": 2.2085717153043114,
            "Wind_Speed_kmh": 0.22836364717316385,
            "Soil_Moisture": 124.3153871311737,
            "Soil_Temperature": 1.469672408458092,
            "Wind_Dir_Sin": 0.18014328105429464,
            "Wind_Dir_Cos": 0.17589085274251626
        },
        "R2": {
            "Temperature": 0.7098465723402245,
            "Precipitation_accumulated": -54.823153142378295,
            "Humidity": 0.814426091848946,
            "Wind_Speed_kmh": 0.49773814782318837,
            "Soil_Moisture": 0.8784927845660762,
            "Soil_Temperature": 0.5544436241719394,
            "Wind_Dir_Sin": 0.42258486128698103,
            "Wind_Dir_Cos": 0.6553650200699452
        },
        "SMAPE": {
            "Temperature": 12.481149344925951,
            "Precipitation_accumulated": 1.2742516892088007,
            "Humidity": 2.6070277059090516,
            "Wind_Speed_kmh": 164.86394776036775,
            "Soil_Moisture": 1.9711125326621337,
            "Soil_Temperature": 32.10528630261432,
            "Wind_Dir_Sin": 155.83068340273,
            "Wind_Dir_Cos": 43.47204686710815
        }
    }
}