{
    "trial_number": 115,
    "input_chunk_length": 23,
    "output_chunk_length": 20,
    "num_layers": 1,
    "num_blocks": 4,
    "num_stacks": 2,
    "layer_widths": 95,
    "activation": "GELU",
    "dropout": 0.29628871870868456,
    "batch_size": 17,
    "lr": 0.00024008352682705454,
    "forecast_horizon": 5,
    "overall_smape_val": 51.93023993431996,
    "metrics": {
        "MSE": {
            "Temperature": 1.4413232147892934,
            "Precipitation_accumulated": 107.69806918686004,
            "Humidity": 10.431439483382006,
            "Wind_Speed_kmh": 0.18646413708049486,
            "Soil_Moisture": 83265.21058188063,
            "Soil_Temperature": 1.1286288766366221,
            "Wind_Dir_Sin": 0.09130777812363436,
            "Wind_Dir_Cos": 0.09954782669930795
        },
        "RMSE": {
            "Temperature": 1.200551212897348,
            "Precipitation_accumulated": 10.377768025296193,
            "Humidity": 3.2297739059231385,
            "Wind_Speed_kmh": 0.43181493383218567,
            "Soil_Moisture": 288.5571184044515,
            "Soil_Temperature": 1.0623694633396716,
            "Wind_Dir_Sin": 0.30217176923669486,
            "Wind_Dir_Cos": 0.31551200721891387
        },
        "MAE": {
            "Temperature": 0.8912612149516755,
            "Precipitation_accumulated": 8.311705895699687,
            "Humidity": 2.1884481645886553,
            "Wind_Speed_kmh": 0.2661740048198351,
            "Soil_Moisture": 127.12177343638452,
            "Soil_Temperature": 0.6810281410912912,
            "Wind_Dir_Sin": 0.17449476470170078,
            "Wind_Dir_Cos": 0.1752220950662563
        },
        "R2": {
            "Temperature": 0.5760765381067454,
            "Precipitation_accumulated": -112.41325076179811,
            "Humidity": 0.8396150227393843,
            "Wind_Speed_kmh": 0.4532184101867971,
            "Soil_Moisture": 0.8876959891497419,
            "Soil_Temperature": 0.7986986190147454,
            "Wind_Dir_Sin": 0.43265177503860863,
            "Wind_Dir_Cos": 0.6538390282117498
        },
        "SMAPE": {
            "Temperature": 15.026019018251166,
            "Precipitation_accumulated": 1.815654043700048,
            "Humidity": 2.5754542442969974,
            "Wind_Speed_kmh": 171.61175727613985,
            "Soil_Moisture": 2.0103648730172563,
            "Soil_Temperature": 18.70173183895631,
            "Wind_Dir_Sin": 158.0969462842741,
            "Wind_Dir_Cos": 45.603991895923926
        }
    }
}