{
    "trial_number": 31,
    "input_chunk_length": 45,
    "output_chunk_length": 9,
    "num_layers": 2,
    "num_blocks": 4,
    "num_stacks": 4,
    "layer_widths": 203,
    "activation": "GELU",
    "dropout": 0.20877238817417482,
    "batch_size": 82,
    "lr": 2.647157510793993e-05,
    "loss_function": "huber",
    "optimizer": "AdamW",
    "overall_mae_val": 0.1300062366967204,
    "metrics": {
        "MSE": {
            "Temperature": 11.420982609068792,
            "Precipitation_accumulated": 396.19861137581324,
            "Humidity": 88.873250961012,
            "Wind_Speed_kmh": 1.3164079519208933,
            "Soil_Moisture": 124991.24579006317,
            "Soil_Temperature": 8.050410218738888,
            "Wind_Dir_Sin": 0.5995241215291917,
            "Wind_Dir_Cos": 0.4002590931270777
        },
        "RMSE": {
            "Temperature": 3.3794944309865036,
            "Precipitation_accumulated": 19.90473841515666,
            "Humidity": 9.427261052978857,
            "Wind_Speed_kmh": 1.1473482260939323,
            "Soil_Moisture": 353.54101005408575,
            "Soil_Temperature": 2.8373244824550623,
            "Wind_Dir_Sin": 0.774289430077146,
            "Wind_Dir_Cos": 0.6326603299773723
        },
        "MAE": {
            "Temperature": 2.6288419232504228,
            "Precipitation_accumulated": 16.302702088830877,
            "Humidity": 7.778966238113323,
            "Wind_Speed_kmh": 0.9308860562217337,
            "Soil_Moisture": 311.10706787958924,
            "Soil_Temperature": 2.355083825106473,
            "Wind_Dir_Sin": 0.6787259673898145,
            "Wind_Dir_Cos": 0.5300040375977905
        },
        "R2": {
            "Temperature": 0.6246751405227216,
            "Precipitation_accumulated": -118.95309496044682,
            "Humidity": 0.39363195404028206,
            "Wind_Speed_kmh": 0.020537049247352,
            "Soil_Moisture": -1.4040644979795798,
            "Soil_Temperature": 0.49864015901112113,
            "Wind_Dir_Sin": -0.08717980975542705,
            "Wind_Dir_Cos": -0.09117541489268377
        },
        "SMAPE": {
            "Temperature": 39.06446060395276,
            "Precipitation_accumulated": 3.578151058896385,
            "Humidity": 9.229180885363576,
            "Wind_Speed_kmh": 73.55188143388787,
            "Soil_Moisture": 3.6932112322433577,
            "Soil_Temperature": 42.973896775085635,
            "Wind_Dir_Sin": 140.82272083885235,
            "Wind_Dir_Cos": 118.76490238306572
        }
    }
}