{
    "trial_number": 275,
    "input_chunk_length": 15,
    "output_chunk_length": 13,
    "num_layers": 1,
    "num_blocks": 3,
    "num_stacks": 2,
    "layer_widths": 129,
    "activation": "GELU",
    "dropout": 0.22167585468491902,
    "batch_size": 21,
    "lr": 0.0005992380585430702,
    "forecast_horizon": 1,
    "overall_smape_val": 50.00285427338481,
    "metrics": {
        "MSE": {
            "Temperature": 2.558370272523092,
            "Precipitation_accumulated": 62.445533843225924,
            "Humidity": 6.155157658036605,
            "Wind_Speed_kmh": 0.12937339454849953,
            "Soil_Moisture": 36940.30567302781,
            "Soil_Temperature": 0.8864590567383697,
            "Wind_Dir_Sin": 0.07348071761610807,
            "Wind_Dir_Cos": 0.0517614048657606
        },
        "RMSE": {
            "Temperature": 1.5994906290826127,
            "Precipitation_accumulated": 7.902248657390245,
            "Humidity": 2.4809590198220937,
            "Wind_Speed_kmh": 0.35968513250967094,
            "Soil_Moisture": 192.1986099664298,
            "Soil_Temperature": 0.9415195466576197,
            "Wind_Dir_Sin": 0.27107326982959434,
            "Wind_Dir_Cos": 0.22751132909321373
        },
        "MAE": {
            "Temperature": 1.3921787934833663,
            "Precipitation_accumulated": 6.7066045222037705,
            "Humidity": 1.6732014813593394,
            "Wind_Speed_kmh": 0.21652842309579926,
            "Soil_Moisture": 81.86048110111835,
            "Soil_Temperature": 0.7032778180755855,
            "Wind_Dir_Sin": 0.182989686779091,
            "Wind_Dir_Cos": 0.12459870777637849
        },
        "R2": {
            "Temperature": 0.2484991844075537,
            "Precipitation_accumulated": -64.7914519993654,
            "Humidity": 0.9053469823302878,
            "Wind_Speed_kmh": 0.6198344733956842,
            "Soil_Moisture": 0.9500786554455094,
            "Soil_Temperature": 0.8420480734886625,
            "Wind_Dir_Sin": 0.5425153698482242,
            "Wind_Dir_Cos": 0.8197050741973397
        },
        "SMAPE": {
            "Temperature": 21.389904000960705,
            "Precipitation_accumulated": 1.447787616426899,
            "Humidity": 1.9918602596610366,
            "Wind_Speed_kmh": 162.85315804004068,
            "Soil_Moisture": 1.2993593604943696,
            "Soil_Temperature": 19.883046714242713,
            "Wind_Dir_Sin": 157.5670471154814,
            "Wind_Dir_Cos": 33.590671079771035
        }
    }
}